Crash_Ref_Number,Severity,Year,Hour,Crash_Nature,Crash_Type,Longitude,Latitude,Street,Street_Intersecting,Suburb,Loc_State_Electorate,Crash_Roadway_Feature,Crash_Traffic_Control,Crash_Speed_Limit,Crash_Road_Surface_Condition,Crash_Lighting_Condition,Crash_Road_Horiz_Align,Crash_DCA_Description,Crash_DCA_Group_Description,Count_Casualty_Fatality,Count_Casualty_Hospitalised,Count_Casualty_MedicallyTreated,Count_Casualty_MinorInjury,Count_Casualty_Total,Count_Unit_Car,Count_Unit_Motorcycle_Moped,Count_Unit_Truck,Count_Unit_Bus,Count_Unit_Bicycle,Count_Unit_Pedestrian,Count_Unit_Other
252913,Hospitalisation,2013,8,Hit pedestrian,Hit pedestrian,153.0154765,-27.41881873,Grange Rd,,Stafford,Stafford,No Roadway Feature,No traffic control,60 km/h,Sealed - Dry,Daylight,Straight,Ped'N: Far Side Vehicle Hit From Left,Pedestrian,0,1,0,1,2,1,0,0,0,0,1,0
252917,Hospitalisation,2013,15,Hit pedestrian,Hit pedestrian,153.0575781,-27.43821837,Grays Rd,,Hamilton,Clayfield,No Roadway Feature,No traffic control,0 - 50 km/h,Sealed - Dry,Daylight,Curved - view obscured,Ped'N: Hit Facing Traffic,Pedestrian,0,1,0,0,1,1,0,0,0,0,1,0
252918,Minor injury,2013,12,Rear-end,Multi-Vehicle,153.032682,-27.428719,Albion Rd,Lutwyche Rd,Windsor,Brisbane Central,Intersection - T-Junction,Operating traffic lights,60 km/h,Sealed - Dry,Daylight,Straight,Veh'S Same Direction: Right Rear,Rear-end,0,0,0,4,4,2,0,0,0,0,0,0
252919,Medical treatment,2013,10,Hit parked vehicle,Single Vehicle,152.984769,-27.418156,Pickering St,,Gaythorne,Ashgrove,No Roadway Feature,No traffic control,0 - 50 km/h,Sealed - Dry,Daylight,Straight,Veh'S On Path: Parked,Hit parked vehicle,0,0,1,0,1,2,0,0,0,0,0,0
252929,Medical treatment,2013,8,Angle,Multi-Vehicle,153.014304,-27.458704,Kelvin Grove Rd,,Kelvin Grove,Mount Coot-tha,Intersection - T-Junction,Operating traffic lights,60 km/h,Sealed - Dry,Daylight,Straight,Veh'S Adjacent Approach: Thru-Right,Intersection from adjacent approaches,0,0,1,0,1,2,0,0,0,0,0,0
252931,Hospitalisation,2013,13,Hit pedestrian,Hit pedestrian,153.031102,-27.39344861,Gympie Arterial Rd,Rode Rd,Chermside,Nudgee,Intersection - Cross,Operating traffic lights,60 km/h,Sealed - Dry,Daylight,Straight,Ped'N: Near Side Vehicle Hit From Right,Pedestrian,0,1,0,0,1,0,0,1,0,0,1,0
252937,Medical treatment,2013,16,Fall from vehicle,Single Vehicle,153.088863,-27.366384,Somers St,,Nudgee,Nudgee,No Roadway Feature,No traffic control,0 - 50 km/h,Sealed - Dry,Daylight,Straight,Off Path-Straight:Out Of Control On Cway,Out of control on straight,0,0,1,0,1,0,1,0,0,0,0,0
252951,Medical treatment,2013,5,Hit object,Single Vehicle,153.018667,-27.460447,Gregory Tce,,Spring Hill,Brisbane Central,No Roadway Feature,No traffic control,60 km/h,Sealed - Dry,Daylight,Straight,Off Path-Straight: Left Off Cway Hit Obj,Off carriageway on straight hit object,0,0,1,0,1,1,0,0,0,0,0,0
252952,Medical treatment,2013,14,Rear-end,Multi-Vehicle,153.008713,-27.467403,Milton Rd,,Milton,Mount Coot-tha,No Roadway Feature,No traffic control,60 km/h,Sealed - Dry,Daylight,Straight,Veh'S Same Direction: Rear End,Rear-end,0,0,1,0,1,2,0,0,0,0,0,0
252953,Medical treatment,2013,5,Angle,Multi-Vehicle,152.994226,-27.481652,Bennett St,Sylvan Rd,Toowong,Mount Coot-tha,Intersection - T-Junction,No traffic control,60 km/h,Sealed - Dry,Dawn/Dusk,Straight,Veh'S Manoeuvring: Entering From Footway,Vehicle leaving driveway,0,0,1,0,1,1,0,0,0,1,0,0
252954,Hospitalisation,2013,8,Fall from vehicle,Single Vehicle,152.9877296,-27.48948983,Moggill Rd,,Toowong,Mount Coot-tha,No Roadway Feature,No traffic control,60 km/h,Sealed - Dry,Daylight,Straight,Off Path-Straight: Left Turn,Off carriageway on straight,0,1,0,0,1,0,0,0,0,1,0,0
252960,Hospitalisation,2013,13,Angle,Multi-Vehicle,152.9832089,-27.41792499,Pickering St,Samford Sub-Arterial Rd,Gaythorne,Ashgrove,Intersection - T-Junction,Operating traffic lights,60 km/h,Sealed - Dry,Daylight,Curved - view open,Veh'S Opposite Approach: Thru-Right,Opposing vehicles turning,0,3,0,0,3,2,0,0,0,0,0,0
252977,Minor injury,2013,4,Hit parked vehicle,Single Vehicle,153.029125,-27.465239,Adelaide St,,Brisbane City,Brisbane Central,No Roadway Feature,No traffic control,0 - 50 km/h,Sealed - Dry,Daylight,Straight,Veh'S On Path: Car Door,Hit parked vehicle,0,0,0,2,2,1,0,0,1,0,0,0
252979,Medical treatment,2013,17,Rear-end,Multi-Vehicle,153.030916,-27.385529,Gympie Arterial Rd,,Chermside,Nudgee,No Roadway Feature,No traffic control,60 km/h,Sealed - Dry,Daylight,Straight,Veh'S Same Direction: Rear End,Rear-end,0,0,2,0,2,2,0,0,0,0,0,0
252980,Hospitalisation,2013,9,Hit parked vehicle,Single Vehicle,153.0605534,-27.35324744,Beams Rd,Sandgate Sub-Arterial Rd,Boondall,Nudgee,Intersection - T-Junction,Operating traffic lights,70 km/h,Sealed - Dry,Daylight,Straight,Veh'S On Path: Accident Or Broken Down,Hit parked vehicle,0,1,0,0,1,1,0,1,0,0,0,0
252988,Medical treatment,2013,12,Hit parked vehicle,Single Vehicle,153.012828,-27.426126,Colston Rd,,Grange,Stafford,No Roadway Feature,No traffic control,0 - 50 km/h,Sealed - Dry,Daylight,Straight,Veh'S Manoeuvring: Other,Other,0,0,1,0,1,3,0,0,0,0,0,0
252989,Medical treatment,2013,16,Hit pedestrian,Hit pedestrian,153.055633,-27.418369,Sandgate Rd,,Clayfield,Clayfield,No Roadway Feature,Pedestrian crossing sign,60 km/h,Sealed - Dry,Daylight,Straight,Ped'N: Near Side Vehicle Hit From Right,Pedestrian,0,0,1,0,1,1,0,0,0,0,1,0
253010,Medical treatment,2013,8,Hit parked vehicle,Single Vehicle,153.004804,-27.471313,Douglas St,Park Rd,Milton,Mount Coot-tha,No Roadway Feature,No traffic control,0 - 50 km/h,Sealed - Dry,Daylight,Straight,Veh'S On Path: Car Door,Hit parked vehicle,0,0,1,0,1,1,0,0,0,1,0,0
253011,Medical treatment,2013,9,Rear-end,Multi-Vehicle,153.024762,-27.466063,Edward St,Turbot St,Brisbane City,Brisbane Central,Intersection - Cross,Operating traffic lights,60 km/h,Sealed - Dry,Daylight,Straight,Veh'S Same Direction: Rear End,Rear-end,0,0,2,1,3,3,0,0,0,0,0,0
253012,Medical treatment,2013,12,Fall from vehicle,Single Vehicle,153.058387,-27.3309881,Sandgate Sub-Arterial Rd,,Deagon,Sandgate,No Roadway Feature,No traffic control,60 km/h,Sealed - Dry,Daylight,Straight,Off Path-Straight:Out Of Control On Cway,Out of control on straight,0,0,1,0,1,0,1,0,0,0,0,0
253014,Medical treatment,2013,10,Head-on,Multi-Vehicle,153.0198369,-27.41033791,Crawford Ave,,Stafford,Stafford,No Roadway Feature,No traffic control,0 - 50 km/h,Sealed - Dry,Daylight,Straight,Veh'S Opposite Approach: Head On,Head-on,0,0,1,1,2,2,0,0,0,0,0,0
253034,Medical treatment,2013,12,Sideswipe,Multi-Vehicle,153.028208,-27.449731,Herston Rd,,Herston,Brisbane Central,Intersection - Interchange,No traffic control,60 km/h,Sealed - Dry,Daylight,Straight,Veh'S Same Direction: Right Turn S/Swipe,Parallel lanes turning,0,0,1,1,2,2,0,0,0,0,0,0
253035,Fatal,2013,3,Hit object,Single Vehicle,152.8567751,-27.55905474,Hawkesbury Rd,,Anstead,Moggill,No Roadway Feature,No traffic control,70 km/h,Sealed - Wet,Darkness - Not lighted,Straight,Off Path-Straight: Left Off Cway Hit Obj,Off carriageway on straight hit object,2,0,0,0,2,1,0,0,0,0,0,0
253063,Hospitalisation,2013,7,Angle,Multi-Vehicle,153.0575876,-27.38606541,Coonerang St,Goss Rd,Virginia,Nudgee,Intersection - T-Junction,Give way sign,0 - 50 km/h,Sealed - Dry,Daylight,Straight,Veh'S Adjacent Approach: Thru-Right,Intersection from adjacent approaches,0,1,0,0,1,1,1,0,0,0,0,0
253078,Minor injury,2013,11,Angle,Multi-Vehicle,152.984282,-27.451064,Alexandra St,Lewin St,Bardon,Ashgrove,Intersection - Cross,Give way sign,0 - 50 km/h,Sealed - Dry,Daylight,Straight,Veh'S Adjacent Approach: Thru-Thru,Intersection from adjacent approaches,0,0,0,1,1,2,0,0,0,0,0,0
253080,Medical treatment,2013,14,Sideswipe,Multi-Vehicle,153.012899,-27.456342,Kelvin Grove Rd,,Kelvin Grove,Mount Coot-tha,No Roadway Feature,No traffic control,60 km/h,Sealed - Dry,Daylight,Straight,Veh'S Same Direction: Other,Other,0,0,1,0,1,1,0,0,0,0,0,1
253081,Hospitalisation,2013,13,Rear-end,Multi-Vehicle,152.9836416,-27.48472488,Fewings St,Miskin St,Toowong,Mount Coot-tha,Intersection - T-Junction,No traffic control,0 - 50 km/h,Sealed - Dry,Daylight,Straight,Veh'S Same Direction: Right Rear,Rear-end,0,1,0,0,1,1,1,0,0,0,0,0
253082,Medical treatment,2013,9,Hit object,Single Vehicle,152.9410556,-27.48670657,Tillbrook St,,Chapel Hill,Moggill,No Roadway Feature,No traffic control,0 - 50 km/h,Sealed - Dry,Daylight,Curved - view open,Off Path-Curve: Off Cway Lt Bend Hit Obj,Off carriageway on curve hit object,0,0,1,0,1,0,0,0,1,0,0,0
253089,Medical treatment,2013,7,Angle,Multi-Vehicle,153.041939,-27.425545,Bridge St,Hudson Rd,Wooloowin,Clayfield,Intersection - T-Junction,Give way sign,0 - 50 km/h,Sealed - Dry,Daylight,Straight,Veh'S Adjacent Approach: Thru-Right,Intersection from adjacent approaches,0,0,1,0,1,2,0,0,0,0,0,0
253090,Medical treatment,2013,18,Rear-end,Multi-Vehicle,153.068786,-27.395124,Elwyn St,Melton Rd,Northgate,Nudgee,Intersection - T-Junction,No traffic control,60 km/h,Sealed - Dry,Daylight,Straight,Veh'S Same Direction: Right Rear,Rear-end,0,0,1,0,1,2,0,0,0,0,0,0
253091,Hospitalisation,2013,18,Angle,Multi-Vehicle,153.0305705,-27.44081157,Lutwyche Rd,Nicholas St,Windsor,Brisbane Central,Intersection - T-Junction,Give way sign,60 km/h,Sealed - Dry,Dawn/Dusk,Straight,Veh'S Manoeuvring: Entering From Footway,Vehicle leaving driveway,0,1,0,0,1,1,0,0,0,1,0,0
253102,Medical treatment,2013,8,Hit parked vehicle,Single Vehicle,153.006339,-27.469149,Railway Tce,,Milton,Mount Coot-tha,No Roadway Feature,No traffic control,60 km/h,Sealed - Dry,Daylight,Straight,Veh'S On Path: Car Door,Hit parked vehicle,0,0,1,0,1,1,0,0,0,1,0,0
253104,Medical treatment,2013,18,Rear-end,Multi-Vehicle,153.015432,-27.369077,Darwin St,Maundrell Tce,Aspley,Aspley,Intersection - T-Junction,No traffic control,60 km/h,Sealed - Dry,Daylight,Straight,Veh'S Same Direction: Right Rear,Rear-end,0,0,1,0,1,1,1,0,0,0,0,0
253112,Medical treatment,2013,17,Fall from vehicle,Single Vehicle,153.0884217,-27.43476267,Gateway Arterial Rd,,Eagle Farm,Clayfield,Intersection - Interchange,No traffic control,60 km/h,Sealed - Dry,Daylight,Curved - view open,Off Path-Curve: Out Of Control On Cway,Out of control on curve,0,0,1,0,1,0,1,0,0,0,0,0
253125,Medical treatment,2013,13,Sideswipe,Multi-Vehicle,153.021622,-27.468954,George St,,Brisbane City,Brisbane Central,No Roadway Feature,No traffic control,0 - 50 km/h,Sealed - Dry,Daylight,Straight,Veh'S Same Direction: Lane Change Right,Lane changes,0,0,1,0,1,2,0,0,0,0,0,0
253126,Medical treatment,2013,9,Angle,Multi-Vehicle,153.003699,-27.46910733,Baroona Rd,Milton Rd,Milton,Mount Coot-tha,Intersection - Cross,Operating traffic lights,60 km/h,Sealed - Dry,Daylight,Straight,Veh'S Opposite Approach: Thru-Right,Opposing vehicles turning,0,0,1,0,1,2,0,0,0,0,0,0
253132,Medical treatment,2013,6,Overturned,Single Vehicle,153.031427,-27.443802,Clem 7,,Windsor,Brisbane Central,Intersection - Interchange,No traffic control,0 - 50 km/h,Sealed - Dry,Daylight,Curved - view open,Off Path-Curve: Out Of Control On Cway,Out of control on curve,0,0,1,0,1,0,0,1,0,0,0,0
253133,Medical treatment,2013,17,Angle,Multi-Vehicle,153.045239,-27.416103,Dickson St,Thorrold St,Wooloowin,Clayfield,Intersection - T-Junction,No traffic control,60 km/h,Sealed - Dry,Daylight,Straight,Veh'S Opposite Approach: Thru-Right,Opposing vehicles turning,0,0,1,0,1,1,0,0,0,1,0,0
253152,Minor injury,2013,14,Sideswipe,Multi-Vehicle,152.97956,-27.491834,Walker St,,Taringa,Indooroopilly,No Roadway Feature,No traffic control,60 km/h,Sealed - Dry,Daylight,Straight,Veh'S Same Direction: Lane Change Right,Lane changes,0,0,0,2,2,2,0,0,0,0,0,0
253153,Hospitalisation,2013,6,Rear-end,Multi-Vehicle,153.0109905,-27.40966077,East - West Arterial Rd,,Stafford,Stafford,No Roadway Feature,No traffic control,60 km/h,Sealed - Dry,Daylight,Straight,Veh'S Same Direction: Rear End,Rear-end,0,1,0,0,1,0,1,1,0,0,0,0
253164,Medical treatment,2013,16,Angle,Multi-Vehicle,152.999791,-27.424929,Lorne St,Samford Rd,Alderley,Ashgrove,Intersection - T-Junction,No traffic control,60 km/h,Sealed - Dry,Daylight,Straight,Veh'S Opposite Approach: Thru-Right,Opposing vehicles turning,0,0,1,0,1,1,1,0,0,0,0,0
253165,Hospitalisation,2013,9,Rear-end,Multi-Vehicle,152.97878,-27.41569902,Samford Sub-Arterial Rd,,Mitchelton,Everton,No Roadway Feature,No traffic control,60 km/h,Sealed - Dry,Daylight,Straight,Veh'S Same Direction: Rear End,Rear-end,0,1,1,0,2,3,0,0,0,0,0,0
253190,Medical treatment,2013,16,Rear-end,Multi-Vehicle,153.0565734,-27.326771,Board St,Sandgate Sub-Arterial Rd,Deagon,Sandgate,Intersection - T-Junction,Miscellaneous,60 km/h,Sealed - Dry,Daylight,Straight,Veh'S Same Direction: Left Rear,Rear-end,0,0,1,0,1,2,0,0,0,0,0,0
253198,Minor injury,2013,17,Fall from vehicle,Single Vehicle,152.999327,-27.42009,Pickering St,South Pine Rd,Enoggera,Ashgrove,Intersection - Cross,Operating traffic lights,60 km/h,Sealed - Dry,Daylight,Straight,Off Path-Straight:Out Of Control On Cway,Out of control on straight,0,0,0,1,1,0,1,0,0,0,0,0
253213,Medical treatment,2013,8,Angle,Multi-Vehicle,153.037614,-27.447715,Abbotsford Rd,Campbell St,Bowen Hills,Brisbane Central,Intersection - Cross,Operating traffic lights,60 km/h,Sealed - Dry,Daylight,Straight,Veh'S Opposite Approach: Thru-Right,Opposing vehicles turning,0,0,2,0,2,2,0,0,0,0,0,0
253216,Medical treatment,2013,15,Angle,Multi-Vehicle,153.020342,-27.392597,Rode Rd,Webster Rd,Chermside West,Stafford,Intersection - Cross,Operating traffic lights,60 km/h,Sealed - Dry,Daylight,Straight,Veh'S Opposite Approach: Thru-Right,Opposing vehicles turning,0,0,3,0,3,2,0,0,0,0,0,0
253247,Minor injury,2013,15,Rear-end,Multi-Vehicle,153.039626,-27.351271,Handford Rd,,Zillmere,Nudgee,No Roadway Feature,No traffic control,0 - 50 km/h,Sealed - Dry,Daylight,Straight,Veh'S Same Direction: Rear End,Rear-end,0,0,0,1,1,2,0,0,0,0,0,0
253248,Hospitalisation,2013,16,Rear-end,Multi-Vehicle,153.0190979,-27.34704378,Beams Rd,,Carseldine,Aspley,No Roadway Feature,No traffic control,60 km/h,Sealed - Dry,Daylight,Straight,Veh'S Same Direction: Rear End,Rear-end,0,1,0,0,1,2,0,0,0,0,0,0
253254,Minor injury,2013,19,Rear-end,Multi-Vehicle,153.031894,-27.433306,Bowen St,Lutwyche Rd,Windsor,Brisbane Central,Intersection - T-Junction,Operating traffic lights,60 km/h,Sealed - Dry,Daylight,Straight,Veh'S Same Direction: Rear End,Rear-end,0,0,0,1,1,2,0,0,0,0,0,0
253255,Medical treatment,2013,9,Rear-end,Multi-Vehicle,153.0549403,-27.39721867,Rode Rd,,Wavell Heights,Clayfield,No Roadway Feature,No traffic control,60 km/h,Sealed - Dry,Daylight,Straight,Veh'S Same Direction: Rear End,Rear-end,0,0,1,0,1,2,0,0,0,0,0,0
253256,Medical treatment,2013,16,Rear-end,Multi-Vehicle,153.095357,-27.383886,Gateway Arterial Rd,,Banyo,Nudgee,No Roadway Feature,No traffic control,100 - 110 km/h,Sealed - Dry,Daylight,Curved - view open,Veh'S Same Direction: Rear End,Rear-end,0,0,2,0,2,2,0,0,0,0,0,0
253286,Medical treatment,2013,16,Rear-end,Multi-Vehicle,153.059151,-27.392074,Hamilton Rd,Sandgate Sub-Arterial Rd,Nundah,Nudgee,Intersection - T-Junction,Operating traffic lights,60 km/h,Sealed - Dry,Daylight,Straight,Veh'S Same Direction: Rear End,Rear-end,0,0,1,0,1,2,0,0,0,0,0,0
253287,Hospitalisation,2013,15,Rear-end,Multi-Vehicle,153.053012,-27.42075342,Sandgate Rd,,Clayfield,Clayfield,No Roadway Feature,No traffic control,60 km/h,Sealed - Dry,Daylight,Straight,Veh'S Same Direction: Rear End,Rear-end,0,1,0,0,1,4,0,0,0,0,0,0
253310,Medical treatment,2013,15,Fall from vehicle,Single Vehicle,153.0266102,-27.46594121,Ann St,,Brisbane City,Brisbane Central,No Roadway Feature,No traffic control,0 - 50 km/h,Sealed - Dry,Daylight,Straight,Off Path-Straight:Out Of Control On Cway,Out of control on straight,0,0,1,0,1,0,0,0,0,1,0,0
253311,Medical treatment,2013,18,Rear-end,Multi-Vehicle,153.006774,-27.454708,Musgrave Rd,Windsor Rd,Red Hill,Mount Coot-tha,Intersection - T-Junction,Operating traffic lights,60 km/h,Sealed - Dry,Dawn/Dusk,Straight,Veh'S Same Direction: Rear End,Rear-end,0,0,1,0,1,3,0,0,0,0,0,0
253314,Hospitalisation,2013,9,Angle,Multi-Vehicle,153.023515,-27.37592771,Pie St,Webster Rd,Chermside,Stafford,Intersection - T-Junction,Operating traffic lights,60 km/h,Sealed - Dry,Daylight,Straight,Veh'S Opposite Approach: Thru-Right,Opposing vehicles turning,0,1,0,0,1,2,0,0,0,0,0,0
253319,Hospitalisation,2013,17,Angle,Multi-Vehicle,153.0411882,-27.4298875,Albion Rd,Hudson Rd,Albion,Clayfield,Intersection - T-Junction,Stop sign,60 km/h,Sealed - Dry,Daylight,Straight,Veh'S Adjacent Approach: Thru-Right,Intersection from adjacent approaches,0,1,1,0,2,2,0,0,0,0,0,0
253320,Hospitalisation,2013,8,Angle,Multi-Vehicle,153.0853186,-27.43512115,Fison Ave W,Southern Cross Wy Ramp Ll,Eagle Farm,Clayfield,Intersection - Interchange,Stop sign,60 km/h,Sealed - Dry,Daylight,Straight,Veh'S Adjacent Approach: Thru-Right,Intersection from adjacent approaches,0,1,0,0,1,2,0,0,0,0,0,0
253321,Medical treatment,2013,18,Rear-end,Multi-Vehicle,153.0955027,-27.38488033,Gateway Arterial Rd,,Banyo,Nudgee,No Roadway Feature,No traffic control,80 - 90 km/h,Sealed - Dry,Dawn/Dusk,Straight,Veh'S Same Direction: Rear End,Rear-end,0,0,2,0,2,3,0,0,0,0,0,0
253322,Hospitalisation,2013,14,Hit object,Single Vehicle,152.9869617,-27.39737194,Everton Park - Albany Creek Rd,,Everton Park,Everton,No Roadway Feature,No traffic control,60 km/h,Sealed - Dry,Daylight,Curved - view open,Off Path-Curve: Off Cway Lt Bend Hit Obj,Off carriageway on curve hit object,0,2,0,1,3,1,0,0,0,0,0,0
253341,Medical treatment,2013,15,Angle,Multi-Vehicle,152.990931,-27.443472,Stewart Rd,Western Arterial Rd,Ashgrove,Ashgrove,Intersection - T-Junction,Operating traffic lights,60 km/h,Sealed - Dry,Daylight,Straight,Veh'S Opposite Approach: Thru-Right,Opposing vehicles turning,0,0,2,0,2,2,0,0,0,0,0,0
253343,Minor injury,2013,18,Rear-end,Multi-Vehicle,153.007096,-27.455558,Balmain Tce,Musgrave Rd,Red Hill,Mount Coot-tha,Intersection - T-Junction,No traffic control,60 km/h,Sealed - Dry,Daylight,Curved - view open,Veh'S Same Direction: Right Rear,Rear-end,0,0,0,1,1,2,0,0,0,1,0,0
253344,Medical treatment,2013,6,Head-on,Multi-Vehicle,153.0111813,-27.46887195,Go Between Bridge,,Milton,Brisbane Central,Bikeway,No traffic control,60 km/h,Sealed - Dry,Daylight,Curved - view obscured,Veh'S Manoeuvring: Other,Other,0,0,1,1,2,0,0,0,0,2,0,0
253362,Hospitalisation,2013,19,Rear-end,Multi-Vehicle,153.0288058,-27.46417757,Ann St,Wharf St,Brisbane City,Brisbane Central,Intersection - Multiple Road,Operating traffic lights,0 - 50 km/h,Sealed - Dry,Darkness - Lighted,Straight,Veh'S Same Direction: Rear End,Rear-end,0,1,0,0,1,2,0,0,0,0,0,0
253363,Hospitalisation,2013,9,Rear-end,Multi-Vehicle,153.0292836,-27.44801455,Bowen Bridge Rd,,Bowen Hills,Brisbane Central,No Roadway Feature,No traffic control,60 km/h,Sealed - Dry,Daylight,Straight,Veh'S Same Direction: Rear End,Rear-end,0,1,0,0,1,3,0,0,0,0,0,0
253364,Medical treatment,2013,18,Rear-end,Multi-Vehicle,153.038717,-27.31657267,Bracken St,Lydin St,Bracken Ridge,Sandgate,Intersection - T-Junction,No traffic control,60 km/h,Sealed - Dry,Daylight,Straight,Veh'S Same Direction: Right Rear,Rear-end,0,0,1,0,1,2,0,0,0,0,0,0
253365,Hospitalisation,2013,7,Angle,Multi-Vehicle,153.0274263,-27.41185963,East - West Arterial Rd,Richmond St,Kedron,Stafford,Intersection - T-Junction,Operating traffic lights,60 km/h,Sealed - Dry,Daylight,Straight,Veh'S Same Direction: Right Turn S/Swipe,Parallel lanes turning,0,1,0,0,1,1,1,0,0,0,0,0
253368,Medical treatment,2013,19,Rear-end,Multi-Vehicle,153.045722,-27.351176,Beams Rd,,Zillmere,Nudgee,No Roadway Feature,No traffic control,60 km/h,Sealed - Dry,Darkness - Lighted,Straight,Veh'S Same Direction: Rear End,Rear-end,0,0,2,0,2,2,0,0,0,0,0,1
253391,Medical treatment,2013,12,Angle,Multi-Vehicle,153.017648,-27.467579,Makerston St,North Quay,Brisbane City,Brisbane Central,Other,Operating traffic lights,60 km/h,Sealed - Dry,Daylight,Straight,Veh'S Same Direction: Rear End,Rear-end,0,0,1,0,1,3,0,0,0,0,0,0
253392,Hospitalisation,2013,13,Angle,Multi-Vehicle,153.0358165,-27.44748751,Airport Link Off Ramp,Hamilton Pl,Bowen Hills,Brisbane Central,Intersection - Interchange,Operating traffic lights,60 km/h,Sealed - Dry,Daylight,Straight,Veh'S Same Direction: Right Turn S/Swipe,Parallel lanes turning,0,2,0,0,2,1,1,0,0,0,0,0
253394,Medical treatment,2013,12,Rear-end,Multi-Vehicle,153.021908,-27.384564,Hamilton Rd,Webster Rd,Chermside,Stafford,Intersection - Roundabout,Give way sign,60 km/h,Sealed - Dry,Daylight,Straight,Veh'S Same Direction: Rear End,Rear-end,0,0,2,0,2,2,0,0,0,0,0,0
253401,Hospitalisation,2013,14,Rear-end,Multi-Vehicle,153.0057508,-27.43413179,Enoggera Rd,,Newmarket,Stafford,No Roadway Feature,No traffic control,60 km/h,Sealed - Dry,Daylight,Straight,Veh'S Same Direction: Rear End,Rear-end,0,1,0,0,1,4,0,0,0,0,0,0
253420,Hospitalisation,2013,23,Hit parked vehicle,Single Vehicle,152.9824203,-27.45565698,Coopers Camp Rd,,Bardon,Ashgrove,No Roadway Feature,No traffic control,60 km/h,Sealed - Dry,Darkness - Lighted,Curved - view open,Off Path-Curve: Off Cway Rt Bend Hit Obj,Off carriageway on curve hit object,0,1,0,0,1,3,0,0,0,0,0,0
253421,Hospitalisation,2013,13,Rear-end,Multi-Vehicle,153.0156271,-27.3636308,Albany Creek Sub-Arterial Rd,Gayford St,Aspley,Aspley,Intersection - T-Junction,No traffic control,60 km/h,Sealed - Dry,Daylight,Straight,Veh'S Same Direction: Left Rear,Rear-end,0,1,0,0,1,1,1,0,0,0,0,0
253427,Medical treatment,2013,16,Rear-end,Multi-Vehicle,152.992497,-27.41349,Elkhorn St,Western Arterial Rd,Enoggera,Ashgrove,Intersection - T-Junction,No traffic control,60 km/h,Sealed - Dry,Daylight,Straight,Veh'S Same Direction: Rear End,Rear-end,0,0,1,0,1,2,0,0,0,0,0,0
253447,Medical treatment,2013,18,Head-on,Multi-Vehicle,152.9428645,-27.42813392,Settlement Rd,,The Gap,Ashgrove,No Roadway Feature,No traffic control,60 km/h,Sealed - Wet,Dawn/Dusk,Curved - view obscured,Veh'S Opposite Approach: Head On,Head-on,0,0,1,0,1,2,1,0,0,0,0,0
253448,Hospitalisation,2013,7,Rear-end,Multi-Vehicle,153.0229029,-27.47269861,South East Arterial Rd,,Brisbane City,Brisbane Central,No Roadway Feature,No traffic control,60 km/h,Sealed - Dry,Daylight,Straight,Veh'S Same Direction: Rear End,Rear-end,0,1,0,0,1,3,0,0,0,0,0,0
253449,Hospitalisation,2013,7,Angle,Multi-Vehicle,153.0418795,-27.45304247,Commercial Rd,Leopold St,Newstead,Brisbane Central,Intersection - T-Junction,Give way sign,0 - 50 km/h,Sealed - Wet,Daylight,Straight,Veh'S Adjacent Approach: Thru-Right,Intersection from adjacent approaches,0,1,0,0,1,1,0,0,0,1,0,0
253452,Medical treatment,2013,17,Rear-end,Multi-Vehicle,152.984688,-27.479313,Miskin St,,Toowong,Mount Coot-tha,No Roadway Feature,No traffic control,60 km/h,Sealed - Wet,Daylight,Straight,Veh'S Same Direction: Rear End,Rear-end,0,0,1,0,1,2,0,0,0,0,0,0
253460,Hospitalisation,2013,12,Rear-end,Multi-Vehicle,153.0583898,-27.41593639,East - West Arterial Rd,Junction Rd,Clayfield,Clayfield,Intersection - Cross,Operating traffic lights,60 km/h,Sealed - Dry,Daylight,Straight,Veh'S Same Direction: Rear End,Rear-end,0,1,0,0,1,1,0,1,0,0,0,0
253462,Minor injury,2013,2,Hit object,Single Vehicle,152.990869,-27.407269,East - West Arterial Rd,Everton Park - Albany Creek Rd,Everton Park,Everton,Intersection - T-Junction,Operating traffic lights,60 km/h,Sealed - Wet,Darkness - Lighted,Straight,Off Path-Straight:Right Off Cway Hit Obj,Off carriageway on straight hit object,0,0,0,1,1,1,0,0,0,0,0,0
253486,Medical treatment,2013,7,Rear-end,Multi-Vehicle,153.048283,-27.452616,Skyring Tce,Vernon Tce,Teneriffe,Brisbane Central,Intersection - Cross,Pedestrian crossing sign,0 - 50 km/h,Sealed - Wet,Daylight,Straight,Veh'S Same Direction: Rear End,Rear-end,0,0,1,0,1,2,0,0,0,0,0,0
253488,Medical treatment,2013,8,Rear-end,Multi-Vehicle,152.962901,-27.506316,Western Arterial Rd,,Indooroopilly,Indooroopilly,No Roadway Feature,No traffic control,80 - 90 km/h,Sealed - Wet,Daylight,Curved - view open,Veh'S Same Direction: Rear End,Rear-end,0,0,1,0,1,2,0,1,0,0,0,0
253489,Medical treatment,2013,20,Angle,Multi-Vehicle,153.007764,-27.409218,East - West Arterial Rd,Shand St,Stafford,Stafford,Intersection - Cross,Operating traffic lights,60 km/h,Sealed - Dry,Darkness - Lighted,Straight,Veh'S Opposite Approach: Thru-Right,Opposing vehicles turning,0,0,1,0,1,2,0,0,0,0,0,0