Crash_Ref_Number,Severity,Year,Hour,Crash_Nature,Crash_Type,Longitude,Latitude,Street,Street_Intersecting,Suburb,Loc_State_Electorate,Crash_Roadway_Feature,Crash_Traffic_Control,Crash_Speed_Limit,Crash_Road_Surface_Condition,Crash_Lighting_Condition,Crash_Road_Horiz_Align,Crash_DCA_Description,Crash_DCA_Group_Description,Count_Casualty_Fatality,Count_Casualty_Hospitalised,Count_Casualty_MedicallyTreated,Count_Casualty_MinorInjury,Count_Casualty_Total,Count_Unit_Car,Count_Unit_Motorcycle_Moped,Count_Unit_Truck,Count_Unit_Bus,Count_Unit_Bicycle,Count_Unit_Pedestrian,Count_Unit_Other
254229,Hospitalisation,2013,17,Angle,Multi-Vehicle,153.0357546,-27.46120651,Kemp Pl On Ramp,Martin St,Fortitude Valley,Brisbane Central,Intersection - Interchange,Give way sign,60 km/h,Sealed - Dry,Daylight,Straight,Veh'S Manoeuvring: Entering From Footway,Vehicle leaving driveway,0,1,0,0,1,1,0,0,0,1,0,0
254230,Medical treatment,2013,7,Angle,Multi-Vehicle,152.975183,-27.503245,Coonan St,,Indooroopilly,Indooroopilly,No Roadway Feature,No traffic control,60 km/h,Sealed - Dry,Daylight,Straight,Veh'S Same Direction: Lane Side Swipe,Lane changes,0,0,1,0,1,0,0,0,0,1,0,1
254231,Hospitalisation,2013,8,Sideswipe,Multi-Vehicle,152.966328,-27.50057099,Moggill Rd,Russell Tce,Indooroopilly,Indooroopilly,Intersection - T-Junction,Operating traffic lights,60 km/h,Sealed - Dry,Daylight,Straight,Veh'S Same Direction: Lane Side Swipe,Lane changes,0,1,0,0,1,1,1,0,0,0,0,0
254232,Hospitalisation,2013,8,Rear-end,Multi-Vehicle,152.9842897,-27.49109487,Moggill Rd,,Taringa,Indooroopilly,No Roadway Feature,No traffic control,60 km/h,Sealed - Dry,Daylight,Straight,Veh'S Same Direction: Lane Change Right,Lane changes,0,1,0,0,1,2,0,0,0,0,0,0
254235,Medical treatment,2013,5,Rear-end,Multi-Vehicle,153.023285,-27.364758,Robinson Rd W,,Aspley,Aspley,No Roadway Feature,No traffic control,60 km/h,Sealed - Dry,Daylight,Straight,Veh'S Same Direction: Rear End,Rear-end,0,0,3,0,3,3,0,0,0,0,0,0
254239,Medical treatment,2013,6,Head-on,Multi-Vehicle,152.828275,-27.53169,Mount Crosby Rd,,Karana Downs,Moggill,No Roadway Feature,No traffic control,60 km/h,Sealed - Dry,Daylight,Curved - view open,Veh'S Opposite Approach: Head On,Head-on,0,0,1,0,1,2,0,0,0,0,0,0
254245,Minor injury,2013,4,Hit pedestrian,Hit pedestrian,153.071342,-27.434072,Beatrice Tce,Nudgee Rd,Hamilton,Clayfield,Intersection - T-Junction,No traffic control,60 km/h,Sealed - Dry,Darkness - Lighted,Straight,Ped'N: Far Side Vehicle Hit From Left,Pedestrian,0,0,0,1,1,1,0,0,0,0,1,0
254246,Hospitalisation,2013,8,Angle,Multi-Vehicle,153.0422002,-27.4278445,Hudson Rd,Store St,Albion,Clayfield,Intersection - T-Junction,No traffic control,60 km/h,Sealed - Dry,Daylight,Straight,Veh'S Manoeuvring: Entering From Footway,Vehicle leaving driveway,0,1,0,0,1,1,0,0,0,1,0,0
254247,Medical treatment,2013,9,Angle,Multi-Vehicle,153.062509,-27.428153,Kitchener Rd,Oriel Rd,Ascot,Clayfield,Intersection - T-Junction,Give way sign,60 km/h,Sealed - Dry,Daylight,Straight,Veh'S Adjacent Approach: Thru-Right,Intersection from adjacent approaches,0,0,1,0,1,2,0,0,0,0,0,0
254269,Minor injury,2013,9,Angle,Multi-Vehicle,153.029072,-27.452607,Bowen Bridge Rd,Gregory Tce,Spring Hill,Brisbane Central,Intersection - Cross,Operating traffic lights,60 km/h,Sealed - Dry,Darkness - Lighted,Straight,Veh'S Opposite Approach: Thru-Right,Opposing vehicles turning,0,0,0,1,1,1,0,0,0,0,0,1
254270,Medical treatment,2013,13,Angle,Multi-Vehicle,153.03656,-27.447581,Campbell St,Hurworth St,Bowen Hills,Brisbane Central,Intersection - Cross,No traffic control,60 km/h,Sealed - Dry,Daylight,Straight,Veh'S Adjacant Approach: Thru-Left,Intersection from adjacent approaches,0,0,1,0,1,2,0,0,0,0,0,0
254271,Hospitalisation,2013,11,Angle,Multi-Vehicle,153.0472444,-27.45114042,Skyring Tce,,Teneriffe,Brisbane Central,No Roadway Feature,No traffic control,60 km/h,Sealed - Dry,Daylight,Straight,Veh'S Manoeuvring: Entering From Footway,Vehicle leaving driveway,0,1,0,0,1,1,1,0,0,0,0,0
254273,Hospitalisation,2013,7,Angle,Multi-Vehicle,152.9340055,-27.51084922,Aberfeldy St,Kilkivan Ave,Kenmore,Moggill,Intersection - T-Junction,Give way sign,60 km/h,Sealed - Dry,Daylight,Curved - view open,Veh'S Adjacant Approach: Thru-Left,Intersection from adjacent approaches,0,1,0,0,1,1,0,0,0,1,0,0
254274,Medical treatment,2013,9,Rear-end,Multi-Vehicle,153.059456,-27.32456265,Adams St,Board St,Deagon,Sandgate,Intersection - T-Junction,Operating traffic lights,60 km/h,Sealed - Dry,Daylight,Straight,Veh'S Same Direction: Right Rear,Rear-end,0,0,1,0,1,2,0,0,0,0,0,0
254275,Hospitalisation,2013,10,Angle,Multi-Vehicle,153.003867,-27.33129789,Carseldine Rd,Linkfield Connection Rd,Bald Hills,Aspley,Intersection - T-Junction,Operating traffic lights,60 km/h,Sealed - Dry,Daylight,Curved - view open,Veh'S Opposite Approach: Thru-Right,Opposing vehicles turning,0,1,0,0,1,2,0,0,0,0,0,0
254276,Minor injury,2013,14,Rear-end,Multi-Vehicle,153.041869,-27.329954,Denham St,,Bracken Ridge,Sandgate,No Roadway Feature,No traffic control,60 km/h,Sealed - Dry,Daylight,Straight,Veh'S Same Direction: Rear End,Rear-end,0,0,0,1,1,2,0,0,0,0,0,0
254277,Hospitalisation,2013,12,Rear-end,Multi-Vehicle,153.0264566,-27.32468071,Norris Rd,,Bracken Ridge,Sandgate,No Roadway Feature,No traffic control,60 km/h,Sealed - Dry,Daylight,Straight,Veh'S Same Direction: Right Rear,Rear-end,0,1,0,0,1,3,0,0,0,0,0,0
254278,Medical treatment,2013,7,Sideswipe,Multi-Vehicle,153.017951,-27.296242,Gympie Arterial Rd,,Bald Hills,Sandgate,No Roadway Feature,No traffic control,100 - 110 km/h,Sealed - Dry,Daylight,Straight,Veh'S Same Direction: Lane Change Left,Lane changes,0,0,1,0,1,1,0,1,0,0,0,0
254280,Medical treatment,2013,20,Rear-end,Multi-Vehicle,153.0415173,-27.33184865,Denham St,Telegraph Rd,Fitzgibbon,Sandgate,Intersection - T-Junction,Road/Rail worker,0 - 50 km/h,Sealed - Dry,Darkness - Lighted,Straight,Veh'S Same Direction: Rear End,Rear-end,0,0,1,0,1,2,0,0,0,0,0,0
254288,Minor injury,2013,8,Angle,Multi-Vehicle,153.0926599,-27.37803233,Nudgee Rd,,Banyo,Nudgee,Intersection - Interchange,Stop sign,60 km/h,Sealed - Dry,Daylight,Curved - view open,Veh'S Adjacent Approach: Right-Thru,Intersection from adjacent approaches,0,0,0,1,1,2,0,0,0,0,0,0
254313,Hospitalisation,2013,20,Hit object,Single Vehicle,153.0469962,-27.31367658,Gateway Arterial Rd,,Sandgate,Sandgate,Bridge/Causeway,No traffic control,100 - 110 km/h,Sealed - Wet,Darkness - Lighted,Curved - view open,Off Path-Curve: Off Cway Rt Bend Hit Obj,Off carriageway on curve hit object,0,1,0,0,1,1,0,0,0,0,0,0
254314,Hospitalisation,2013,18,Hit pedestrian,Hit pedestrian,153.0116243,-27.39126275,Rode Rd,,Chermside West,Stafford,No Roadway Feature,No traffic control,60 km/h,Sealed - Wet,Darkness - Lighted,Straight,Ped'N: Hit Emerging Behind Vehicle,Pedestrian,0,1,0,0,1,1,0,0,0,0,1,0
254318,Medical treatment,2013,15,Angle,Multi-Vehicle,153.009024,-27.346964,Chateau St,Tintara St,Carseldine,Aspley,Intersection - T-Junction,No traffic control,60 km/h,Sealed - Wet,Daylight,Straight,Veh'S Adjacent Approach: Thru-Right,Intersection from adjacent approaches,0,0,2,0,2,2,0,0,0,0,0,0
254319,Medical treatment,2013,16,Angle,Multi-Vehicle,153.036808,-27.366822,Murphy Rd,Robinson Rd W,Geebung,Nudgee,Intersection - Cross,Operating traffic lights,60 km/h,Sealed - Wet,Daylight,Straight,Veh'S Opposite Approach: Thru-Right,Opposing vehicles turning,0,0,1,0,1,3,0,0,0,0,0,0
254324,Medical treatment,2013,8,Rear-end,Multi-Vehicle,153.064704,-27.439211,Kingsford Smith Dr,,Hamilton,Clayfield,No Roadway Feature,No traffic control,60 km/h,Sealed - Dry,Daylight,Straight,Veh'S Same Direction: Rear End,Rear-end,0,0,3,0,3,2,0,1,0,0,0,0
254325,Minor injury,2013,9,Angle,Multi-Vehicle,153.06596,-27.389984,Northgate Rd,Ridge St,Northgate,Nudgee,Intersection - Cross,Stop sign,60 km/h,Sealed - Dry,Daylight,Straight,Veh'S Adjacent Approach: Thru-Thru,Intersection from adjacent approaches,0,0,0,2,2,2,0,0,0,0,0,0
254351,Medical treatment,2013,9,Angle,Multi-Vehicle,152.962501,-27.410116,Crampton St,Dawson Pde,Keperra,Everton,Intersection - T-Junction,No traffic control,60 km/h,Sealed - Dry,Daylight,Straight,Veh'S Opposite Approach: Thru-Right,Opposing vehicles turning,0,0,2,0,2,2,0,0,0,0,0,0
254406,Medical treatment,2013,20,Hit object,Single Vehicle,153.0449363,-27.31260271,Gateway Arterial Rd,,Bracken Ridge,Sandgate,No Roadway Feature,No traffic control,100 - 110 km/h,Sealed - Wet,Darkness - Lighted,Curved - view obscured,Off Path-Curve: Off Cway Rt Bend Hit Obj,Off carriageway on curve hit object,0,0,1,0,1,1,0,0,0,0,0,0
254409,Medical treatment,2013,8,Rear-end,Multi-Vehicle,153.035747,-27.372287,Murphy Rd,,Geebung,Aspley,No Roadway Feature,No traffic control,60 km/h,Sealed - Wet,Daylight,Straight,Veh'S Same Direction: Rear End,Rear-end,0,0,2,0,2,5,0,0,0,0,0,0
254415,Medical treatment,2013,17,Angle,Multi-Vehicle,153.062405,-27.41651,Junction Rd,Widdop St,Clayfield,Clayfield,Intersection - Cross,Stop sign,60 km/h,Sealed - Wet,Dawn/Dusk,Straight,Veh'S Adjacent Approach: Thru-Right,Intersection from adjacent approaches,0,0,2,0,2,2,0,0,0,0,0,0
254450,Medical treatment,2013,16,Hit object,Single Vehicle,152.8680321,-27.41850245,Mount Nebo Rd,,Enoggera Reservoir,Ashgrove,No Roadway Feature,No traffic control,80 - 90 km/h,Sealed - Wet,Daylight,Curved - view obscured,Off Path-Curve: Off Cway Lt Bend Hit Obj,Off carriageway on curve hit object,0,0,1,0,1,1,0,0,0,0,0,0
254451,Medical treatment,2013,9,Rear-end,Multi-Vehicle,153.0114121,-27.46140406,Hale St,,Paddington,Mount Coot-tha,No Roadway Feature,No traffic control,60 km/h,Sealed - Wet,Daylight,Straight,Veh'S Same Direction: Rear End,Rear-end,0,0,1,0,1,2,0,0,0,0,0,0
254453,Medical treatment,2013,10,Angle,Multi-Vehicle,153.003151,-27.493325,Laurence St,Macquarie St,St Lucia,Indooroopilly,Intersection - Cross,No traffic control,60 km/h,Sealed - Wet,Daylight,Straight,Veh'S Opposite Approach: Thru-Right,Opposing vehicles turning,0,0,1,0,1,1,0,0,0,1,0,0
254454,Medical treatment,2013,7,Rear-end,Multi-Vehicle,152.9793662,-27.47802057,Western Arterial Rd,,Mount Coot-tha,Mount Coot-tha,No Roadway Feature,No traffic control,70 km/h,Sealed - Wet,Daylight,Curved - view obscured,Veh'S Same Direction: Rear End,Rear-end,0,0,1,1,2,2,0,0,0,0,0,0
254455,Minor injury,2013,18,Angle,Multi-Vehicle,153.067799,-27.321319,Hancock St,Rainbow St,Sandgate,Sandgate,Intersection - T-Junction,No traffic control,0 - 50 km/h,Sealed - Wet,Daylight,Straight,Veh'S Manoeuvring: Entering From Footway,Vehicle leaving driveway,0,0,0,1,1,1,0,0,0,1,0,0
254470,Medical treatment,2013,11,Rear-end,Multi-Vehicle,153.030971,-27.438082,Lutwyche Rd,Newmarket Rd,Windsor,Brisbane Central,Intersection - T-Junction,Operating traffic lights,60 km/h,Sealed - Wet,Daylight,Straight,Veh'S Same Direction: Rear End,Rear-end,0,0,1,0,1,2,0,0,0,0,0,0
254471,Medical treatment,2013,14,Rear-end,Multi-Vehicle,153.0829408,-27.43332232,Fison Ave W,Kingsford Smith Dr,Eagle Farm,Clayfield,Intersection - Multiple Road,Operating traffic lights,60 km/h,Sealed - Wet,Daylight,Straight,Veh'S Same Direction: Right Rear,Rear-end,0,0,1,0,1,2,0,0,0,0,0,0
254497,Minor injury,2013,22,Hit object,Single Vehicle,153.012144,-27.4591986,Hale St,,Petrie Terrace,Mount Coot-tha,No Roadway Feature,No traffic control,60 km/h,Sealed - Dry,Darkness - Lighted,Curved - view open,Veh'S On Path: Temporary Object On C'Way,Other,0,0,0,1,1,0,1,0,0,0,0,0
254500,Hospitalisation,2013,7,Angle,Multi-Vehicle,153.0720149,-27.3219184,Cobb St,Rainbow St,Sandgate,Sandgate,Intersection - T-Junction,No traffic control,60 km/h,Sealed - Dry,Daylight,Straight,Veh'S Opposite Approach: Thru-Right,Opposing vehicles turning,0,1,0,0,1,1,0,0,0,1,0,0
254508,Hospitalisation,2013,14,Angle,Multi-Vehicle,153.0758428,-27.43538823,College St,Kingsford Smith Dr,Hamilton,Clayfield,Intersection - T-Junction,Give way sign,60 km/h,Sealed - Dry,Daylight,Straight,Veh'S Adjacent Approach: Thru-Right,Intersection from adjacent approaches,0,1,0,0,1,1,0,1,0,0,0,0
254523,Hospitalisation,2013,17,Angle,Multi-Vehicle,153.0050402,-27.47179574,Fort La,Park Rd,Milton,Mount Coot-tha,Intersection - T-Junction,No traffic control,60 km/h,Sealed - Wet,Daylight,Straight,Veh'S Adjacent Approach: Right-Thru,Intersection from adjacent approaches,0,1,0,0,1,2,0,0,0,0,0,0
254524,Hospitalisation,2013,20,Hit pedestrian,Hit pedestrian,153.0363596,-27.45951651,Brunswick St,Ivory St,Fortitude Valley,Brisbane Central,Intersection - T-Junction,Operating traffic lights,0 - 50 km/h,Sealed - Dry,Darkness - Lighted,Straight,Ped'N: Near Side Vehicle Hit From Right,Pedestrian,0,1,0,0,1,1,0,0,0,0,1,0
254526,Medical treatment,2013,7,Rear-end,Multi-Vehicle,152.982722,-27.478346,Dean St,Western Arterial Rd,Toowong,Mount Coot-tha,Intersection - T-Junction,Give way sign,60 km/h,Sealed - Dry,Daylight,Straight,Veh'S Same Direction: Left Rear,Rear-end,0,0,1,0,1,2,0,0,0,0,0,0
254527,Hospitalisation,2013,21,Rear-end,Multi-Vehicle,153.0626578,-27.28523851,Beaconsfield Tce,Redcliffe Sub-Arterial Rd,Brighton,Sandgate,Intersection - Cross,Operating traffic lights,80 - 90 km/h,Sealed - Dry,Darkness - Lighted,Straight,Veh'S Same Direction: Rear End,Rear-end,0,1,0,0,1,2,0,0,0,0,0,0
254532,Hospitalisation,2013,14,Hit pedestrian,Hit pedestrian,153.0152541,-27.37010778,Horn Rd,Maundrell Tce,Aspley,Aspley,Intersection - T-Junction,Operating traffic lights,0 - 50 km/h,Sealed - Wet,Daylight,Straight,Ped'N: Near Side Vehicle Hit From Right,Pedestrian,0,1,0,0,1,1,0,0,0,0,1,0
254533,Minor injury,2013,15,Rear-end,Multi-Vehicle,153.053543,-27.336657,Gateway Arterial Rd,,Taigum,Sandgate,No Roadway Feature,No traffic control,100 - 110 km/h,Sealed - Wet,Daylight,Curved - view open,Veh'S Same Direction: Rear End,Rear-end,0,0,0,1,1,3,0,0,0,0,0,0
254560,Medical treatment,2013,16,Hit pedestrian,Hit pedestrian,153.023539,-27.460713,Boundary St,Fortescue St,Spring Hill,Brisbane Central,Intersection - Cross,Operating traffic lights,60 km/h,Sealed - Dry,Daylight,Straight,Ped'N: Far Side Vehicle Hit From Left,Pedestrian,0,0,1,0,1,1,0,0,0,0,1,0
254561,Hospitalisation,2013,1,Hit pedestrian,Hit pedestrian,153.015994,-27.46596267,Countess St,Upper Roma St,Brisbane City,Brisbane Central,Intersection - Cross,Operating traffic lights,60 km/h,Sealed - Dry,Darkness - Lighted,Straight,Ped'N: Far Side Vehicle Hit From Left,Pedestrian,0,1,0,0,1,1,0,0,0,0,1,0
254562,Medical treatment,2013,8,Rear-end,Multi-Vehicle,153.023882,-27.46252,Leichhardt St,,Spring Hill,Brisbane Central,No Roadway Feature,No traffic control,60 km/h,Sealed - Dry,Daylight,Straight,Veh'S Same Direction: Rear End,Rear-end,0,0,1,0,1,2,0,0,0,0,0,0
254563,Medical treatment,2013,10,Angle,Multi-Vehicle,152.990904,-27.502129,Carawa St,Indooroopilly Rd,St Lucia,Indooroopilly,Intersection - Roundabout,Give way sign,60 km/h,Sealed - Dry,Daylight,Straight,Veh'S Adjacent Approach: Thru-Thru,Intersection from adjacent approaches,0,0,1,0,1,1,0,0,0,1,0,0
254567,Medical treatment,2013,17,Rear-end,Multi-Vehicle,153.015601,-27.363822,Albany Creek Sub-Arterial Rd,Gayford St,Aspley,Aspley,Intersection - Cross,Operating traffic lights,0 - 50 km/h,Sealed - Dry,Dawn/Dusk,Straight,Veh'S Same Direction: Right Rear,Rear-end,0,0,1,0,1,2,0,0,0,0,0,0
254568,Medical treatment,2013,9,Rear-end,Multi-Vehicle,153.046421,-27.375949,Ellison Rd,Newman Rd,Geebung,Nudgee,Intersection - T-Junction,Give way sign,60 km/h,Sealed - Dry,Daylight,Straight,Veh'S Same Direction: Left Rear,Rear-end,0,0,1,0,1,2,0,0,0,0,0,0
254572,Medical treatment,2013,7,Hit parked vehicle,Single Vehicle,153.109033,-27.403116,Invalid Street From Police,,Brisbane Airport,Clayfield,No Roadway Feature,No traffic control,0 - 50 km/h,Sealed - Dry,Daylight,Straight,Veh'S Manoeuvring: Parking Veh'S Only,Other,0,0,1,0,1,2,0,0,0,0,0,0
254573,Minor injury,2013,7,Angle,Multi-Vehicle,152.992037,-27.419164,Pickering St,Western Arterial Rd,Enoggera,Ashgrove,Intersection - Interchange,Operating traffic lights,60 km/h,Sealed - Dry,Daylight,Straight,Veh'S Opposite Approach: Thru-Right,Opposing vehicles turning,0,0,0,1,1,2,0,0,1,0,0,0
254596,Medical treatment,2013,9,Angle,Multi-Vehicle,152.999581,-27.458755,Latrobe Tce,,Paddington,Mount Coot-tha,No Roadway Feature,No traffic control,60 km/h,Sealed - Dry,Daylight,Straight,Veh'S Manoeuvring: Entering From Footway,Vehicle leaving driveway,0,0,1,0,1,2,0,0,0,0,0,0
254597,Medical treatment,2013,5,Angle,Multi-Vehicle,152.985848,-27.457967,Simpsons Rd,Western Arterial Rd,Bardon,Mount Coot-tha,Intersection - T-Junction,Operating traffic lights,60 km/h,Sealed - Dry,Daylight,Curved - view open,Veh'S Adjacent Approach: Thru-Right,Intersection from adjacent approaches,0,0,1,0,1,2,0,0,0,0,0,0
254599,Medical treatment,2013,11,Angle,Multi-Vehicle,152.962364,-27.503644,Moggill Sub-Arterial Rd,Western Arterial Rd,Indooroopilly,Moggill,Intersection - Interchange,Operating traffic lights,60 km/h,Sealed - Dry,Daylight,Straight,Veh'S Opposite Approach: Thru-Right,Opposing vehicles turning,0,0,1,0,1,2,0,0,0,0,0,0
254600,Minor injury,2013,18,Angle,Multi-Vehicle,153.065109,-27.311751,Brighton Tce,Wakefield St,Sandgate,Sandgate,Intersection - Cross,Stop sign,60 km/h,Sealed - Wet,Dawn/Dusk,Straight,Veh'S Adjacent Approach: Thru-Right,Intersection from adjacent approaches,0,0,0,1,1,2,0,0,0,0,0,0
254601,Medical treatment,2013,15,Rear-end,Multi-Vehicle,153.007764,-27.409218,East - West Arterial Rd,Shand St,Stafford,Stafford,Intersection - T-Junction,No traffic control,60 km/h,Sealed - Dry,Daylight,Straight,Veh'S Same Direction: Left Rear,Rear-end,0,0,1,0,1,2,0,0,0,0,0,0
254604,Medical treatment,2013,18,Hit object,Single Vehicle,153.039288,-27.38717,Hamilton Rd,,Chermside,Nudgee,No Roadway Feature,Operating traffic lights,60 km/h,Sealed - Dry,Daylight,Straight,Off Path-Straight: Other,Other,0,0,1,0,1,1,0,0,0,0,0,0
254612,Medical treatment,2013,13,Angle,Multi-Vehicle,153.0567139,-27.41751141,Alexandra Rd,Sandgate Rd,Clayfield,Clayfield,Intersection - Cross,No traffic control,60 km/h,Sealed - Dry,Daylight,Straight,Veh'S Opposite Approach: Thru-Right,Opposing vehicles turning,0,0,2,0,2,2,0,0,0,0,0,0
254613,Medical treatment,2013,15,Rear-end,Multi-Vehicle,153.014854,-27.422355,Grange Rd,Raymont Rd,Grange,Stafford,Intersection - T-Junction,Operating traffic lights,60 km/h,Sealed - Dry,Daylight,Straight,Veh'S Same Direction: Right Rear,Rear-end,0,0,1,0,1,2,0,0,0,0,0,0
254614,Minor injury,2013,12,Rear-end,Multi-Vehicle,152.991986,-27.418291,Western Art Rd On/Off Ramp,Western Arterial Rd,Enoggera,Ashgrove,Intersection - Interchange,Give way sign,60 km/h,Sealed - Dry,Daylight,Straight,Veh'S Same Direction: Left Rear,Rear-end,0,0,0,2,2,2,0,0,0,0,0,0
254629,Medical treatment,2013,14,Hit object,Single Vehicle,153.061739,-27.32269735,Board St,,Deagon,Sandgate,No Roadway Feature,No traffic control,60 km/h,Sealed - Dry,Daylight,Straight,Veh'S On Path: Parked,Hit parked vehicle,0,0,5,0,5,2,0,0,0,0,0,0
254636,Medical treatment,2013,1,Hit object,Single Vehicle,153.047997,-27.38864,Hamilton Rd,,Wavell Heights,Nudgee,No Roadway Feature,No traffic control,60 km/h,Sealed - Dry,Darkness - Lighted,Straight,Off Path-Straight:Right Off Cway Hit Obj,Off carriageway on straight hit object,0,0,1,0,1,1,0,0,0,0,0,0
254653,Medical treatment,2013,9,Rear-end,Multi-Vehicle,152.993916,-27.445451,Ashgrove Ave,Waterworks Rd,Ashgrove,Ashgrove,Intersection - T-Junction,Operating traffic lights,60 km/h,Sealed - Wet,Daylight,Straight,Veh'S Same Direction: Rear End,Rear-end,0,0,2,0,2,2,0,0,0,0,0,0
254654,Medical treatment,2013,8,Rear-end,Multi-Vehicle,152.957899,-27.507595,Moggill Rd,Moggill Sub-Arterial Rd,Chapel Hill,Indooroopilly,Intersection - Interchange,Operating traffic lights,60 km/h,Sealed - Wet,Daylight,Straight,Veh'S Manoeuvring: Reversing,Hit parked vehicle,0,0,1,0,1,1,0,0,0,0,0,1
254659,Hospitalisation,2013,8,Angle,Multi-Vehicle,153.031041,-27.39344861,Gympie Arterial Rd,Rode Rd,Chermside,Nudgee,Intersection - Cross,Operating traffic lights,60 km/h,Sealed - Wet,Daylight,Straight,Veh'S Opposite Approach: Thru-Right,Opposing vehicles turning,0,1,0,0,1,1,0,1,0,0,0,0
254664,Hospitalisation,2013,14,Angle,Multi-Vehicle,153.0106447,-27.43573275,Lanham Cres,Newmarket Rd,Newmarket,Stafford,Intersection - T-Junction,No traffic control,60 km/h,Sealed - Wet,Daylight,Straight,Veh'S Opposite Approach: Thru-Right,Opposing vehicles turning,0,1,0,0,1,2,0,0,0,0,0,0
254691,Medical treatment,2013,19,Angle,Multi-Vehicle,152.990363,-27.442198,Amarina Ave,Western Arterial Rd,Ashgrove,Ashgrove,Intersection - Cross,No traffic control,60 km/h,Sealed - Wet,Dawn/Dusk,Curved - view open,Veh'S Adjacent Approach: Thru-Right,Intersection from adjacent approaches,0,0,2,0,2,2,0,0,0,0,0,0
254692,Medical treatment,2013,14,Angle,Multi-Vehicle,153.028793,-27.464193,Ann St,Wharf St,Brisbane City,Brisbane Central,Intersection - Multiple Road,Operating traffic lights,60 km/h,Sealed - Wet,Daylight,Straight,Veh'S Manoeuvring: Entering From Footway,Vehicle leaving driveway,0,0,1,0,1,1,0,0,0,0,0,1
254693,Medical treatment,2013,13,Hit pedestrian,Hit pedestrian,153.0390837,-27.454378,Ann St,Brookes St,Fortitude Valley,Brisbane Central,Intersection - T-Junction,Operating traffic lights,60 km/h,Sealed - Wet,Daylight,Straight,Ped'N: Far Side Vehicle Hit From Left,Pedestrian,0,0,1,0,1,1,0,0,0,0,1,0
254695,Minor injury,2013,15,Hit object,Single Vehicle,153.029095,-27.31208,Bellicent Rd,,Bracken Ridge,Sandgate,No Roadway Feature,No traffic control,60 km/h,Sealed - Wet,Daylight,Straight,Off Path-Straight: Left Off Cway Hit Obj,Off carriageway on straight hit object,0,0,0,1,1,1,0,0,0,0,0,0
254700,Hospitalisation,2013,5,Angle,Multi-Vehicle,153.0405959,-27.39483354,Rode Rd,,Wavell Heights,Nudgee,No Roadway Feature,No traffic control,60 km/h,Sealed - Wet,Dawn/Dusk,Straight,Veh'S Same Direction: Right Turn S/Swipe,Parallel lanes turning,0,1,0,0,1,2,0,0,0,0,0,0
254710,Hospitalisation,2013,6,Hit object,Single Vehicle,152.9915907,-27.40707691,East - West Arterial Rd,,Everton Park,Everton,No Roadway Feature,No traffic control,60 km/h,Sealed - Wet,Daylight,Straight,Off Path-Straight: Left Off Cway Hit Obj,Off carriageway on straight hit object,0,1,0,0,1,1,0,0,0,0,0,0
254727,Medical treatment,2013,8,Hit pedestrian,Hit pedestrian,153.024762,-27.466063,Edward St,Turbot St,Brisbane City,Brisbane Central,Intersection - Cross,Operating traffic lights,60 km/h,Sealed - Dry,Daylight,Straight,Ped'N: Near Side Vehicle Hit From Right,Pedestrian,0,0,1,0,1,1,0,0,0,0,1,0
254736,Hospitalisation,2013,5,Hit object,Single Vehicle,153.0377067,-27.36202663,Murphy Rd,,Zillmere,Nudgee,No Roadway Feature,No traffic control,60 km/h,Sealed - Dry,Dawn/Dusk,Straight,Off Path-Straight: Mounts Traffic Island,Off carriageway on straight hit object,0,1,0,0,1,1,0,0,0,0,0,0
254737,Medical treatment,2013,18,Fall from vehicle,Single Vehicle,152.983336,-27.383514,Chinook St,Everton Park - Albany Creek Rd,Mcdowall,Aspley,Intersection - T-Junction,Operating traffic lights,70 km/h,Sealed - Wet,Darkness - Lighted,Straight,Off Path-Straight:Out Of Control On Cway,Out of control on straight,0,0,1,0,1,0,1,0,0,0,0,0
254743,Medical treatment,2013,15,Fall from vehicle,Single Vehicle,153.079387,-27.388614,Crockford St,Wentworth Pl,Northgate,Nudgee,Intersection - T-Junction,No traffic control,60 km/h,Sealed - Dry,Daylight,Straight,Off Path-Straight: Right Off Cway,Off carriageway on straight,0,0,1,0,1,0,1,0,0,0,0,0
254744,Hospitalisation,2013,9,Hit object,Single Vehicle,153.0336053,-27.42410558,Lutwyche Rd,,Lutwyche,Clayfield,No Roadway Feature,Operating traffic lights,60 km/h,Sealed - Dry,Daylight,Straight,Off Path-Straight: Left Off Cway Hit Obj,Off carriageway on straight hit object,0,1,1,0,2,1,0,0,0,0,0,0
254745,Hospitalisation,2013,7,Hit pedestrian,Hit pedestrian,152.9708011,-27.41166907,Glen Retreat Rd,Samford Sub-Arterial Rd,Mitchelton,Everton,Intersection - Cross,Operating traffic lights,60 km/h,Sealed - Wet,Daylight,Straight,Ped'N: Near Side Vehicle Hit From Right,Pedestrian,0,1,0,0,1,1,0,0,0,0,1,0