Crash_Ref_Number,Severity,Year,Hour,Crash_Nature,Crash_Type,Longitude,Latitude,Street,Street_Intersecting,Suburb,Loc_State_Electorate,Crash_Roadway_Feature,Crash_Traffic_Control,Crash_Speed_Limit,Crash_Road_Surface_Condition,Crash_Lighting_Condition,Crash_Road_Horiz_Align,Crash_DCA_Description,Crash_DCA_Group_Description,Count_Casualty_Fatality,Count_Casualty_Hospitalised,Count_Casualty_MedicallyTreated,Count_Casualty_MinorInjury,Count_Casualty_Total,Count_Unit_Car,Count_Unit_Motorcycle_Moped,Count_Unit_Truck,Count_Unit_Bus,Count_Unit_Bicycle,Count_Unit_Pedestrian,Count_Unit_Other
254763,Medical treatment,2013,9,Fall from vehicle,Single Vehicle,153.02978,-27.470131,Felix St,Mary St,Brisbane City,Brisbane Central,Intersection - T-Junction,Operating traffic lights,0 - 50 km/h,Sealed - Dry,Daylight,Straight,Off Path-Straight:Out Of Control On Cway,Out of control on straight,0,0,1,0,1,0,1,0,0,0,0,1
254764,Medical treatment,2013,8,Hit pedestrian,Hit pedestrian,153.007716,-27.444621,Bishop St,Kelvin Grove Rd,Kelvin Grove,Brisbane Central,Intersection - Cross,Pedestrian operated lights,60 km/h,Sealed - Dry,Daylight,Straight,Ped'N: Near Side Vehicle Hit From Right,Pedestrian,0,0,1,0,1,1,0,0,0,0,1,0
254767,Medical treatment,2013,7,Rear-end,Multi-Vehicle,153.063239,-27.284888,Brighton - Redcliffe Rd,,Brighton,Sandgate,No Roadway Feature,No traffic control,60 km/h,Sealed - Dry,Daylight,Straight,Veh'S Same Direction: Rear End,Rear-end,0,0,1,0,1,3,0,0,0,0,0,0
254768,Medical treatment,2013,9,Rear-end,Multi-Vehicle,153.029003,-27.3782215,Gympie Arterial Rd,,Aspley,Aspley,No Roadway Feature,No traffic control,60 km/h,Sealed - Wet,Daylight,Straight,Veh'S Same Direction: Rear End,Rear-end,0,0,1,0,1,3,0,0,0,0,0,0
254773,Medical treatment,2013,7,Rear-end,Multi-Vehicle,153.058487,-27.427559,Alexandra Rd,Oriel Rd,Ascot,Clayfield,Intersection - Roundabout,Give way sign,0 - 50 km/h,Sealed - Dry,Daylight,Straight,Veh'S Same Direction: Rear End,Rear-end,0,0,1,0,1,2,0,0,0,0,0,0
254793,Hospitalisation,2013,9,Angle,Multi-Vehicle,152.9586285,-27.44620918,Payne Rd,Waterworks Rd,The Gap,Ashgrove,Intersection - T-Junction,Operating traffic lights,60 km/h,Sealed - Dry,Daylight,Straight,Veh'S Adjacent Approach: Thru-Right,Intersection from adjacent approaches,0,1,0,1,2,2,0,0,0,0,0,0
254794,Medical treatment,2013,17,Rear-end,Multi-Vehicle,153.024523,-27.465044,Wickham Tce,,Spring Hill,Brisbane Central,No Roadway Feature,No traffic control,60 km/h,Sealed - Dry,Dawn/Dusk,Curved - view open,Veh'S Same Direction: Rear End,Rear-end,0,0,1,0,1,2,0,0,0,0,0,0
254795,Hospitalisation,2013,8,Hit pedestrian,Hit pedestrian,153.0381965,-27.4455775,Abbotsford Rd,,Bowen Hills,Brisbane Central,No Roadway Feature,No traffic control,60 km/h,Sealed - Dry,Daylight,Straight,Ped'N: Far Side Vehicle Hit From Left,Pedestrian,0,1,0,0,1,1,0,0,0,0,1,0
254800,Medical treatment,2013,20,Angle,Multi-Vehicle,153.054323,-27.343009,Muller Rd,Roghan Rd,Taigum,Nudgee,Intersection - Cross,Give way sign,60 km/h,Sealed - Dry,Darkness - Lighted,Straight,Veh'S Adjacent Approach: Thru-Thru,Intersection from adjacent approaches,0,0,1,0,1,2,0,0,0,0,0,0
254801,Medical treatment,2013,15,Hit pedestrian,Hit pedestrian,153.017272,-27.362542,Gympie Arterial Rd,,Aspley,Aspley,No Roadway Feature,Operating traffic lights,70 km/h,Sealed - Wet,Daylight,Straight,Ped'N: Hit Emerging Behind Vehicle,Pedestrian,0,0,1,0,1,1,0,0,0,0,1,0
254813,Medical treatment,2013,15,Fall from vehicle,Single Vehicle,153.040948,-27.430943,Hudson Rd,Moore St,Albion,Clayfield,Intersection - T-Junction,No traffic control,60 km/h,Sealed - Wet,Daylight,Straight,Off Path-Straight:Out Of Control On Cway,Out of control on straight,0,0,1,0,1,0,1,0,0,0,0,0
254847,Hospitalisation,2013,11,Angle,Multi-Vehicle,153.0308225,-27.43930857,Lutwyche Rd,,Windsor,Brisbane Central,No Roadway Feature,No traffic control,60 km/h,Sealed - Wet,Daylight,Straight,Veh'S Same Direction: Lane Change Left,Lane changes,0,1,0,3,4,2,0,0,0,0,0,0
254870,Medical treatment,2013,0,Angle,Multi-Vehicle,153.0450123,-27.312205,Gateway Arterial Rd,,Bracken Ridge,Sandgate,Intersection - Roundabout,Give way sign,60 km/h,Sealed - Dry,Darkness - Lighted,Curved - view open,Veh'S Adjacent Approach: Thru-Thru,Intersection from adjacent approaches,0,0,1,0,1,2,0,0,0,0,0,0
254874,Medical treatment,2013,12,Sideswipe,Multi-Vehicle,153.0479013,-27.44108443,Kingsford Smith Dr,,Hamilton,Clayfield,No Roadway Feature,No traffic control,60 km/h,Sealed - Wet,Daylight,Curved - view open,Veh'S Same Direction: Lane Side Swipe,Lane changes,0,0,1,0,1,2,0,0,0,0,0,0
254875,Hospitalisation,2013,14,Angle,Multi-Vehicle,152.9908427,-27.40618592,Everton Park - Albany Creek Rd,Sizer St,Everton Park,Everton,Intersection - T-Junction,Give way sign,60 km/h,Sealed - Wet,Daylight,Straight,Veh'S Adjacent Approach: Right-Thru,Intersection from adjacent approaches,0,1,2,0,3,2,0,0,0,0,0,0
254890,Minor injury,2013,16,Sideswipe,Multi-Vehicle,153.022177,-27.471549,South East Arterial Rd,,Brisbane City,Brisbane Central,Merge Lane,No traffic control,80 - 90 km/h,Sealed - Dry,Daylight,Straight,Veh'S Same Direction: Lane Side Swipe,Lane changes,0,0,0,1,1,2,0,0,0,0,0,0
254893,Medical treatment,2013,7,Hit pedestrian,Hit pedestrian,153.0016515,-27.40832836,East - West Arterial Rd,,Stafford,Stafford,No Roadway Feature,No traffic control,60 km/h,Sealed - Wet,Daylight,Straight,Ped'N: Near Side Vehicle Hit From Right,Pedestrian,0,0,1,0,1,1,0,0,0,0,1,0
254895,Hospitalisation,2013,14,Angle,Multi-Vehicle,153.0546256,-27.37891346,Bilsen Rd,,Geebung,Nudgee,No Roadway Feature,No traffic control,60 km/h,Sealed - Dry,Daylight,Straight,Veh'S Manoeuvring: Entering From Footway,Vehicle leaving driveway,0,2,0,0,2,2,0,0,0,0,0,0
254896,Medical treatment,2013,7,Angle,Multi-Vehicle,153.03378,-27.390174,Buruda St,Kingsmill St,Chermside,Nudgee,Intersection - Cross,Stop sign,60 km/h,Sealed - Dry,Daylight,Straight,Veh'S Adjacent Approach: Thru-Thru,Intersection from adjacent approaches,0,0,1,0,1,2,0,0,0,0,0,0
254917,Minor injury,2013,16,Fall from vehicle,Single Vehicle,153.03172,-27.457202,Alfred St,Yeovil St,Fortitude Valley,Brisbane Central,Intersection - T-Junction,No traffic control,0 - 50 km/h,Sealed - Wet,Daylight,Straight,Off Path-Straight: Right Turn,Off carriageway on straight,0,0,0,1,1,0,1,0,0,0,0,0
254924,Medical treatment,2013,8,Rear-end,Multi-Vehicle,153.021556,-27.38521,Hamilton Rd,Webster Rd,Chermside West,Stafford,Intersection - Roundabout,Give way sign,60 km/h,Sealed - Wet,Daylight,Straight,Veh'S Same Direction: Rear End,Rear-end,0,0,1,0,1,2,0,0,0,0,0,0
254933,Medical treatment,2013,11,Angle,Multi-Vehicle,153.036631,-27.421714,Chalk St,Laura St,Lutwyche,Clayfield,Intersection - T-Junction,Give way sign,60 km/h,Sealed - Dry,Daylight,Straight,Veh'S Manoeuvring: Entering From Footway,Vehicle leaving driveway,0,0,1,0,1,2,0,0,0,0,0,0
254934,Hospitalisation,2013,14,Angle,Multi-Vehicle,153.0229156,-27.43621063,Silvester St,,Wilston,Brisbane Central,No Roadway Feature,No traffic control,60 km/h,Sealed - Wet,Daylight,Straight,Veh'S Opposite Approach: Thru-Right,Opposing vehicles turning,0,1,0,0,1,2,0,0,0,0,0,0
254935,Medical treatment,2013,7,Sideswipe,Multi-Vehicle,152.977755,-27.409226,Osborne Rd,,Mitchelton,Everton,No Roadway Feature,No traffic control,60 km/h,Sealed - Wet,Daylight,Straight,Veh'S Same Direction: Lane Side Swipe,Lane changes,0,0,1,0,1,1,0,0,0,1,0,0
254957,Medical treatment,2013,13,Head-on,Multi-Vehicle,153.002858,-27.460478,Given Tce,,Paddington,Mount Coot-tha,No Roadway Feature,No traffic control,60 km/h,Sealed - Dry,Daylight,Straight,Veh'S Opposite Approach: Head On,Head-on,0,0,2,0,2,3,0,0,0,0,0,0
254958,Hospitalisation,2013,17,Sideswipe,Multi-Vehicle,153.0357577,-27.4629775,Story Bridge,,Fortitude Valley,Brisbane Central,Bridge/Causeway,No traffic control,60 km/h,Sealed - Wet,Dawn/Dusk,Straight,Veh'S Same Direction: Rear End,Rear-end,0,1,0,0,1,2,1,0,0,0,0,0
254959,Hospitalisation,2013,9,Sideswipe,Multi-Vehicle,153.0395184,-27.44042049,Inner City Bypass,,Bowen Hills,Brisbane Central,No Roadway Feature,No traffic control,70 km/h,Sealed - Dry,Daylight,Straight,Veh'S Same Direction: Lane Change Right,Lane changes,0,1,0,0,1,1,0,1,0,0,0,0
254962,Hospitalisation,2013,22,Hit object,Single Vehicle,152.9487011,-27.47731919,Sir Samuel Griffith Dr,,Mount Coot-tha,Mount Coot-tha,No Roadway Feature,No traffic control,0 - 50 km/h,Sealed - Wet,Darkness - Not lighted,Curved - view obscured,Off Path-Curve: Off Cway Lt Bend Hit Obj,Off carriageway on curve hit object,0,2,0,0,2,1,0,0,0,0,0,0
254963,Medical treatment,2013,15,Angle,Multi-Vehicle,153.028945,-27.311203,Bracken Ridge Rd,Norris Rd,Bracken Ridge,Sandgate,Intersection - T-Junction,Operating traffic lights,60 km/h,Sealed - Dry,Daylight,Straight,Veh'S Opposite Approach: Thru-Right,Opposing vehicles turning,0,0,4,0,4,1,0,1,0,0,0,0
254964,Medical treatment,2013,5,Rear-end,Multi-Vehicle,153.0473507,-27.31379365,Gateway Arterial Rd,,Sandgate,Sandgate,No Roadway Feature,No traffic control,100 - 110 km/h,Sealed - Dry,Dawn/Dusk,Curved - view open,Veh'S Same Direction: Rear End,Rear-end,0,0,1,0,1,2,0,0,0,0,0,0
254971,Medical treatment,2013,15,Angle,Multi-Vehicle,152.989861,-27.379744,Hamilton Rd,,Mcdowall,Aspley,No Roadway Feature,No traffic control,60 km/h,Sealed - Wet,Daylight,Straight,Veh'S Opposite Approach: Thru-Right,Opposing vehicles turning,0,0,1,0,1,2,0,0,0,0,0,0
254976,Medical treatment,2013,11,Fall from vehicle,Single Vehicle,153.031334,-27.436295,Grantson St,Lutwyche Rd,Windsor,Brisbane Central,Intersection - T-Junction,Operating traffic lights,60 km/h,Sealed - Wet,Daylight,Straight,Pass & Misc: Fell In/From Vehicle,Other,0,0,1,0,1,0,1,0,0,0,0,0
254977,Medical treatment,2013,21,Rear-end,Multi-Vehicle,153.032181,-27.426832,Lutwyche Rd,Maygar St,Windsor,Brisbane Central,Intersection - T-Junction,Operating traffic lights,70 km/h,Sealed - Wet,Darkness - Lighted,Curved - view open,Veh'S Same Direction: Rear End,Rear-end,0,0,2,0,2,2,0,0,0,0,0,0
254978,Hospitalisation,2013,6,Hit object,Single Vehicle,152.9869707,-27.39739896,Everton Park - Albany Creek Rd,,Everton Park,Everton,No Roadway Feature,No traffic control,60 km/h,Sealed - Wet,Daylight,Curved - view open,Ped'N: Hit Other,Other,0,1,0,1,2,1,0,0,0,0,1,0
255004,Minor injury,2013,6,Rear-end,Multi-Vehicle,152.992205,-27.445627,Stewart Rd,Waterworks Rd,Ashgrove,Ashgrove,Intersection - Cross,Operating traffic lights,60 km/h,Sealed - Wet,Dawn/Dusk,Straight,Veh'S Same Direction: Rear End,Rear-end,0,0,0,1,1,2,0,0,0,0,0,0
255005,Hospitalisation,2013,16,Angle,Multi-Vehicle,153.0033391,-27.46053178,Given Tce,Hayward St,Paddington,Mount Coot-tha,Intersection - T-Junction,No traffic control,0 - 50 km/h,Sealed - Dry,Daylight,Curved - view open,Veh'S Opposite Approach: Thru-Right,Opposing vehicles turning,0,1,0,0,1,1,1,0,0,0,0,0
255007,Medical treatment,2013,16,Rear-end,Multi-Vehicle,153.0350277,-27.458496,Ann St,Brunswick St,Fortitude Valley,Brisbane Central,Intersection - Cross,Operating traffic lights,60 km/h,Sealed - Dry,Daylight,Straight,Veh'S Same Direction: Rear End,Rear-end,0,0,1,0,1,2,0,0,0,0,0,0
255009,Medical treatment,2013,8,Rear-end,Multi-Vehicle,152.953508,-27.508484,Bredden St,Moggill Sub-Arterial Rd,Chapel Hill,Moggill,Intersection - T-Junction,Give way sign,60 km/h,Sealed - Wet,Daylight,Straight,Veh'S Same Direction: Left Rear,Rear-end,0,0,1,1,2,2,0,0,0,0,0,0
255016,Medical treatment,2013,5,Sideswipe,Multi-Vehicle,153.079551,-27.420371,Gateway Arterial Rd,,Hendra,Clayfield,No Roadway Feature,No traffic control,80 - 90 km/h,Sealed - Wet,Dawn/Dusk,Curved - view open,Veh'S Same Direction: Lane Change Left,Lane changes,0,0,1,0,1,1,0,1,0,0,0,0
255041,Minor injury,2013,17,Rear-end,Multi-Vehicle,152.990614,-27.477583,Milton Rd,,Toowong,Mount Coot-tha,No Roadway Feature,No traffic control,60 km/h,Sealed - Wet,Dawn/Dusk,Straight,Veh'S Same Direction: Rear End,Rear-end,0,0,0,1,1,3,0,0,0,0,0,0
255044,Medical treatment,2013,16,Rear-end,Multi-Vehicle,152.9960687,-27.3888264,Rode Rd,,Mcdowall,Everton,No Roadway Feature,No traffic control,60 km/h,Sealed - Wet,Daylight,Straight,Veh'S Same Direction: Rear End,Rear-end,0,0,2,0,2,3,0,0,0,0,0,0
255049,Medical treatment,2013,16,Rear-end,Multi-Vehicle,152.9622089,-27.40779442,Dawson Pde,,Keperra,Everton,No Roadway Feature,No traffic control,60 km/h,Sealed - Dry,Daylight,Straight,Veh'S Same Direction: Rear End,Rear-end,0,0,1,1,2,3,0,0,0,0,0,0
255069,Hospitalisation,2013,7,Angle,Multi-Vehicle,153.0276938,-27.46908657,Edward St,Elizabeth St,Brisbane City,Brisbane Central,Intersection - Cross,Operating traffic lights,0 - 50 km/h,Sealed - Wet,Daylight,Straight,Veh'S Adjacent Approach: Thru-Thru,Intersection from adjacent approaches,0,1,1,0,2,2,0,0,0,0,0,0
255100,Medical treatment,2013,17,Fall from vehicle,Single Vehicle,152.996176,-27.458549,Latrobe Tce,,Paddington,Mount Coot-tha,No Roadway Feature,No traffic control,0 - 50 km/h,Sealed - Dry,Daylight,Curved - view obscured,Off Path-Curve: Out Of Control On Cway,Out of control on curve,0,0,1,0,1,0,1,0,0,0,0,0
255101,Hospitalisation,2013,10,Angle,Multi-Vehicle,153.0383075,-27.44780449,Cintra Rd,Montpelier Rd,Bowen Hills,Brisbane Central,Intersection - T-Junction,Stop sign,60 km/h,Sealed - Dry,Daylight,Curved - view open,Veh'S Adjacent Approach: Thru-Right,Intersection from adjacent approaches,0,1,0,0,1,2,0,0,0,0,0,0
255102,Minor injury,2013,8,Rear-end,Multi-Vehicle,152.972269,-27.497813,Musgrave Rd,,Indooroopilly,Indooroopilly,No Roadway Feature,No traffic control,0 - 50 km/h,Sealed - Dry,Daylight,Straight,Veh'S Same Direction: Rear End,Rear-end,0,0,0,1,1,2,0,0,0,0,0,0
255123,Hospitalisation,2013,6,Hit pedestrian,Hit pedestrian,153.0291128,-27.47064656,Edward St,Mary St,Brisbane City,Brisbane Central,Intersection - Cross,Operating traffic lights,0 - 50 km/h,Sealed - Wet,Daylight,Straight,Ped'N: Near Side Vehicle Hit From Right,Pedestrian,0,1,0,0,1,1,0,0,0,0,1,0
255124,Hospitalisation,2013,17,Angle,Multi-Vehicle,153.0060821,-27.46492474,Heussler Tce,,Milton,Mount Coot-tha,No Roadway Feature,No traffic control,0 - 50 km/h,Sealed - Dry,Daylight,Straight,Veh'S Same Direction: Right Turn S/Swipe,Parallel lanes turning,0,1,0,0,1,2,0,0,0,0,0,0
255129,Minor injury,2013,18,Angle,Multi-Vehicle,153.013962,-27.346244,Beams Rd,Lacey Rd,Carseldine,Aspley,Intersection - T-Junction,Stop sign,60 km/h,Sealed - Dry,Dawn/Dusk,Straight,Veh'S Adjacent Approach: Thru-Right,Intersection from adjacent approaches,0,0,0,1,1,3,0,0,0,0,0,0
255137,Medical treatment,2013,7,Angle,Multi-Vehicle,153.063255,-27.42364067,Kitchener Rd,Sefton Rd,Hendra,Clayfield,Intersection - T-Junction,Give way sign,60 km/h,Sealed - Dry,Daylight,Straight,Veh'S Manoeuvring: Entering From Footway,Vehicle leaving driveway,0,0,1,0,1,1,0,0,0,1,0,0
255138,Hospitalisation,2013,12,Hit object,Single Vehicle,153.0605055,-27.38683639,Nansen St,Sandgate Sub-Arterial Rd,Virginia,Nudgee,Intersection - T-Junction,No traffic control,60 km/h,Sealed - Dry,Daylight,Straight,Off Path-Straight:Right Off Cway Hit Obj,Off carriageway on straight hit object,0,1,0,0,1,1,0,0,0,0,0,0
255157,Hospitalisation,2013,13,Fall from vehicle,Single Vehicle,152.9970162,-27.46623182,Baroona Rd,Nash St,Paddington,Mount Coot-tha,Intersection - Cross,Give way sign,0 - 50 km/h,Sealed - Dry,Daylight,Straight,Off Path-Straight:Out Of Control On Cway,Out of control on straight,0,1,0,0,1,0,0,0,0,1,0,0
255159,Hospitalisation,2013,1,Hit object,Single Vehicle,152.9421205,-27.51935514,Kersley Rd,,Kenmore,Moggill,No Roadway Feature,No traffic control,0 - 50 km/h,Sealed - Dry,Darkness - Lighted,Curved - view open,Off Path-Curve: Off Cway Lt Bend Hit Obj,Off carriageway on curve hit object,0,1,0,0,1,1,0,0,0,0,0,0
255191,Medical treatment,2013,9,Fall from vehicle,Single Vehicle,153.02617,-27.467553,Adelaide St,Edward St,Brisbane City,Brisbane Central,Intersection - Cross,Operating traffic lights,0 - 50 km/h,Sealed - Dry,Daylight,Straight,Pass & Misc: Fell In/From Vehicle,Other,0,0,1,0,1,0,0,0,1,0,0,0
255192,Medical treatment,2013,15,Rear-end,Multi-Vehicle,153.008414,-27.47053,Coronation Dr,Cribb St,Milton,Mount Coot-tha,Intersection - T-Junction,Operating traffic lights,60 km/h,Sealed - Dry,Daylight,Straight,Veh'S Same Direction: Rear End,Rear-end,0,0,1,0,1,2,0,0,0,0,0,0
255193,Hospitalisation,2013,8,Angle,Multi-Vehicle,153.0403405,-27.45704847,James St,Robertson St,Fortitude Valley,Brisbane Central,Intersection - Cross,Give way sign,60 km/h,Sealed - Dry,Daylight,Straight,Veh'S Manoeuvring: Entering From Footway,Vehicle leaving driveway,0,1,0,0,1,1,0,0,0,1,0,0
255194,Medical treatment,2013,7,Fall from vehicle,Single Vehicle,152.959928,-27.49678,Jenkinson St,Russell Tce,Indooroopilly,Indooroopilly,Intersection - T-Junction,Give way sign,0 - 50 km/h,Sealed - Wet,Daylight,Curved - view obscured,Off Path-Curve: Out Of Control On Cway,Out of control on curve,0,0,1,0,1,1,1,0,0,0,0,0
255196,Hospitalisation,2013,7,Angle,Multi-Vehicle,153.0421096,-27.3535646,Harback St,Kilpatrick St,Zillmere,Nudgee,Intersection - T-Junction,Give way sign,0 - 50 km/h,Sealed - Dry,Daylight,Curved - view open,Veh'S Adjacent Approach: Thru-Thru,Intersection from adjacent approaches,0,1,0,0,1,2,0,0,0,0,0,0
255197,Medical treatment,2013,9,Rear-end,Multi-Vehicle,153.047824,-27.342144,Church Rd,Roghan Rd,Taigum,Sandgate,Intersection - Cross,Operating traffic lights,60 km/h,Sealed - Dry,Daylight,Straight,Veh'S Same Direction: Right Rear,Rear-end,0,0,1,1,2,2,0,0,0,0,0,0
255198,Minor injury,2013,14,Angle,Multi-Vehicle,153.052496,-27.352918,Muller Rd,Willena St,Boondall,Nudgee,Intersection - T-Junction,No traffic control,60 km/h,Sealed - Dry,Daylight,Straight,Veh'S Adjacant Approach: Thru-Left,Intersection from adjacent approaches,0,0,0,1,1,1,0,0,0,1,0,0
255206,Hospitalisation,2013,5,Angle,Multi-Vehicle,153.1142368,-27.39174695,Airport Dr,Chloris St,Brisbane Airport,Clayfield,Intersection - T-Junction,Give way sign,0 - 50 km/h,Sealed - Dry,Daylight,Straight,Veh'S Opposite Approach: Thru-Right,Opposing vehicles turning,0,1,0,0,1,1,1,0,0,0,0,0
255207,Medical treatment,2013,15,Angle,Multi-Vehicle,153.030971,-27.438082,Lutwyche Rd,Newmarket Rd,Windsor,Brisbane Central,Intersection - T-Junction,Operating traffic lights,60 km/h,Sealed - Dry,Daylight,Straight,Veh'S Opposite Approach: Thru-Right,Opposing vehicles turning,0,0,1,0,1,1,1,0,0,0,0,0
255208,Medical treatment,2013,7,Angle,Multi-Vehicle,153.051451,-27.41504,East - West Arterial Rd,Morrison Rd,Clayfield,Clayfield,Intersection - T-Junction,Operating traffic lights,60 km/h,Sealed - Dry,Daylight,Straight,Veh'S Opposite Approach: Thru-Right,Opposing vehicles turning,0,0,2,1,3,2,0,0,0,0,0,0
255209,Hospitalisation,2013,9,Angle,Multi-Vehicle,153.1000903,-27.42088805,Boronia Rd,Lomandra Dr,Brisbane Airport,Clayfield,Intersection - T-Junction,Stop sign,60 km/h,Sealed - Dry,Daylight,Straight,Veh'S Adjacent Approach: Thru-Right,Intersection from adjacent approaches,0,1,1,0,2,2,0,0,0,0,0,0
255227,Medical treatment,2013,10,Rear-end,Multi-Vehicle,152.998703,-27.446903,Mara Pl,Waterworks Rd,Ashgrove,Ashgrove,Intersection - T-Junction,No traffic control,60 km/h,Sealed - Dry,Daylight,Curved - view obscured,Veh'S Same Direction: Right Rear,Rear-end,0,0,1,0,1,2,0,0,0,0,0,0
255229,Minor injury,2013,15,Fall from vehicle,Single Vehicle,152.931587,-27.512556,Dumbarton Dr,Kingussie St,Kenmore,Moggill,Intersection - Cross,Give way sign,0 - 50 km/h,Sealed - Dry,Daylight,Straight,Veh'S Adjacent Approach: Thru-Thru,Intersection from adjacent approaches,0,0,0,1,1,0,0,0,0,1,0,0
255236,Medical treatment,2013,21,Angle,Multi-Vehicle,153.016844,-27.410428,East - West Arterial Rd,Webster Rd,Stafford,Stafford,Intersection - Cross,Operating traffic lights,60 km/h,Sealed - Dry,Darkness - Lighted,Straight,Veh'S Adjacent Approach: Thru-Thru,Intersection from adjacent approaches,0,0,2,0,2,2,0,0,0,0,0,0
255239,Hospitalisation,2013,14,Angle,Multi-Vehicle,153.0543344,-27.3429945,Muller Rd,Roghan Rd,Boondall,Nudgee,Intersection - Cross,Give way sign,60 km/h,Sealed - Dry,Daylight,Straight,Veh'S Adjacent Approach: Thru-Thru,Intersection from adjacent approaches,0,6,0,0,6,2,0,0,0,0,0,0
255246,Medical treatment,2013,10,Rear-end,Multi-Vehicle,152.998373,-27.407198,East - West Arterial Rd,Trouts Rd,Everton Park,Everton,Intersection - T-Junction,Operating traffic lights,60 km/h,Sealed - Dry,Daylight,Curved - view open,Veh'S Same Direction: Rear End,Rear-end,0,0,1,0,1,2,0,0,0,0,0,0
255269,Medical treatment,2013,20,Rear-end,Multi-Vehicle,153.033958,-27.459344,Ann St,,Fortitude Valley,Brisbane Central,No Roadway Feature,No traffic control,0 - 50 km/h,Sealed - Dry,Darkness - Lighted,Straight,Veh'S Same Direction: Right Rear,Rear-end,0,0,1,0,1,2,0,0,0,0,0,0
255271,Medical treatment,2013,16,Rear-end,Multi-Vehicle,152.971014,-27.481705,Western Arterial Rd,,Mount Coot-tha,Mount Coot-tha,No Roadway Feature,No traffic control,60 km/h,Sealed - Dry,Daylight,Curved - view open,Veh'S Same Direction: Rear End,Rear-end,0,0,1,0,1,3,0,0,0,0,0,0
255272,Hospitalisation,2013,14,Hit object,Single Vehicle,153.0137454,-27.41005174,East - West Arterial Rd,,Stafford,Stafford,No Roadway Feature,No traffic control,60 km/h,Sealed - Dry,Daylight,Straight,Off Path-Straight: Mounts Traffic Island,Off carriageway on straight hit object,0,1,0,0,1,2,0,0,0,0,0,0
255277,Medical treatment,2013,7,Angle,Multi-Vehicle,153.028088,-27.348442,Aitkin St,Beams Rd,Carseldine,Aspley,No Roadway Feature,Give way sign,60 km/h,Sealed - Dry,Daylight,Straight,Veh'S Manoeuvring: Leaving Driveway,Vehicle leaving driveway,0,0,1,0,1,1,1,0,0,0,0,0
255278,Medical treatment,2013,15,Rear-end,Multi-Vehicle,153.022154,-27.383905,Hamilton Rd,Webster Rd,Chermside,Stafford,Intersection - Roundabout,Give way sign,60 km/h,Sealed - Dry,Daylight,Straight,Veh'S Same Direction: Rear End,Rear-end,0,0,2,0,2,2,0,0,0,0,0,0
255279,Medical treatment,2013,17,Rear-end,Multi-Vehicle,153.027919,-27.377065,Gympie Arterial Rd,,Chermside,Stafford,No Roadway Feature,No traffic control,60 km/h,Sealed - Dry,Dawn/Dusk,Curved - view obscured,Veh'S Same Direction: Rear End,Rear-end,0,0,1,0,1,2,0,0,0,0,0,0
255288,Medical treatment,2013,11,Hit object,Single Vehicle,152.929372,-27.397558,Corrofin St,,Ferny Grove,Ferny Grove,No Roadway Feature,No traffic control,0 - 50 km/h,Sealed - Dry,Daylight,Curved - view obscured,Off Path-Curve: Off Cway Rt Bend Hit Obj,Off carriageway on curve hit object,0,0,1,0,1,1,0,0,0,0,0,0
255289,Medical treatment,2013,9,Sideswipe,Multi-Vehicle,152.991428,-27.403187,Fallon St,,Everton Park,Everton,No Roadway Feature,No traffic control,0 - 50 km/h,Sealed - Dry,Daylight,Straight,Veh'S Manoeuvring: Leaving Parking,Vehicle leaving driveway,0,0,1,0,1,2,0,0,0,0,0,0
255309,Medical treatment,2013,20,Hit pedestrian,Hit pedestrian,153.04378,-27.441496,Durong St,Ross St,Newstead,Brisbane Central,No Roadway Feature,No traffic control,0 - 50 km/h,Sealed - Dry,Darkness - Lighted,Straight,Ped'N: Hit While Boarding/Alighting,Pedestrian,0,0,0,0,0,1,0,0,0,0,0,0
255311,Minor injury,2013,10,Rear-end,Multi-Vehicle,153.023642,-27.373831,Gympie Arterial Rd,,Aspley,Stafford,No Roadway Feature,No traffic control,60 km/h,Sealed - Dry,Daylight,Straight,Veh'S Same Direction: Rear End,Rear-end,0,0,0,2,2,2,0,0,0,0,0,0
255339,Medical treatment,2013,7,Rear-end,Multi-Vehicle,153.068132,-27.311839,Flinders Pde,,Sandgate,Sandgate,No Roadway Feature,No traffic control,60 km/h,Sealed - Dry,Daylight,Straight,Veh'S Same Direction: Right Rear,Rear-end,0,0,1,0,1,1,0,0,0,1,0,0
255348,Medical treatment,2013,14,Hit object,Single Vehicle,152.968015,-27.403909,Cribb Ave,Scanlan Rd,Mitchelton,Everton,No Roadway Feature,No traffic control,0 - 50 km/h,Sealed - Dry,Daylight,Straight,Off Path-Straight: Left Off Cway Hit Obj,Off carriageway on straight hit object,0,0,1,0,1,0,1,0,0,0,0,0
255380,Medical treatment,2013,8,Angle,Multi-Vehicle,152.990163,-27.441432,Celia St,Western Arterial Rd,Ashgrove,Ashgrove,Intersection - T-Junction,No traffic control,60 km/h,Sealed - Dry,Daylight,Straight,Veh'S Opposite Approach: Thru-Right,Opposing vehicles turning,0,0,1,1,2,3,0,0,0,0,0,0
255381,Hospitalisation,2013,16,Hit pedestrian,Hit pedestrian,153.0411714,-27.44314649,Edmondstone Rd,,Bowen Hills,Brisbane Central,No Roadway Feature,No traffic control,60 km/h,Sealed - Dry,Daylight,Straight,Ped'N: Far Side Vehicle Hit From Left,Pedestrian,0,1,0,0,1,0,0,1,0,0,1,0