Crash_Ref_Number,Severity,Year,Hour,Crash_Nature,Crash_Type,Longitude,Latitude,Street,Street_Intersecting,Suburb,Loc_State_Electorate,Crash_Roadway_Feature,Crash_Traffic_Control,Crash_Speed_Limit,Crash_Road_Surface_Condition,Crash_Lighting_Condition,Crash_Road_Horiz_Align,Crash_DCA_Description,Crash_DCA_Group_Description,Count_Casualty_Fatality,Count_Casualty_Hospitalised,Count_Casualty_MedicallyTreated,Count_Casualty_MinorInjury,Count_Casualty_Total,Count_Unit_Car,Count_Unit_Motorcycle_Moped,Count_Unit_Truck,Count_Unit_Bus,Count_Unit_Bicycle,Count_Unit_Pedestrian,Count_Unit_Other
255382,Medical treatment,2013,17,Rear-end,Multi-Vehicle,153.0377054,-27.45357195,Wickham St,,Fortitude Valley,Brisbane Central,No Roadway Feature,No traffic control,60 km/h,Sealed - Dry,Dawn/Dusk,Straight,Veh'S Same Direction: Rear End,Rear-end,0,0,1,0,1,2,0,0,0,0,0,0
255383,Hospitalisation,2013,11,Hit object,Single Vehicle,152.9930935,-27.4868228,Benson St,,Toowong,Mount Coot-tha,No Roadway Feature,No traffic control,60 km/h,Sealed - Dry,Daylight,Straight,Off Path-Straight: Left Off Cway Hit Obj,Off carriageway on straight hit object,0,1,0,0,1,1,0,0,0,0,0,0
255386,Hospitalisation,2013,13,Rear-end,Multi-Vehicle,153.015737,-27.35484482,Gympie Arterial Rd,,Carseldine,Aspley,No Roadway Feature,No traffic control,70 km/h,Sealed - Dry,Daylight,Straight,Veh'S Same Direction: Rear End,Rear-end,0,1,1,0,2,4,0,0,0,0,0,0
255388,Medical treatment,2013,7,Rear-end,Multi-Vehicle,153.06736,-27.438428,Kingsford Smith Dr,Seymour Rd,Hamilton,Clayfield,Intersection - T-Junction,No traffic control,60 km/h,Sealed - Dry,Daylight,Straight,Veh'S Same Direction: Rear End,Rear-end,0,0,1,0,1,0,0,2,0,0,0,0
255416,Hospitalisation,2013,4,Hit object,Single Vehicle,152.8968424,-27.43149462,Mount Nebo Rd,,Enoggera Reservoir,Ashgrove,No Roadway Feature,No traffic control,70 km/h,Sealed - Dry,Darkness - Not lighted,Curved - view obscured,Off Path-Curve: Out Of Control On Cway,Out of control on curve,0,1,0,0,1,1,0,0,0,0,0,0
255417,Minor injury,2013,6,Sideswipe,Multi-Vehicle,153.019853,-27.467149,George St,Herschel St,Brisbane City,Brisbane Central,Intersection - Cross,Operating traffic lights,0 - 50 km/h,Sealed - Dry,Daylight,Straight,Veh'S Same Direction: Left Turn S/Swipe,Parallel lanes turning,0,0,0,1,1,2,0,0,0,0,0,0
255418,Medical treatment,2013,12,Angle,Multi-Vehicle,153.008253,-27.494106,Sir Fred Schonell Dr,Walcott St,St Lucia,Indooroopilly,Intersection - T-Junction,Give way sign,0 - 50 km/h,Sealed - Dry,Daylight,Straight,Veh'S Adjacent Approach: Right-Thru,Intersection from adjacent approaches,0,0,1,0,1,2,0,0,0,0,0,0
255423,Medical treatment,2013,6,Sideswipe,Multi-Vehicle,153.0130503,-27.38323196,Hamilton Rd,,Chermside West,Aspley,No Roadway Feature,No traffic control,60 km/h,Sealed - Dry,Daylight,Straight,Veh'S Same Direction: Lane Side Swipe,Lane changes,0,0,1,0,1,1,0,0,0,1,0,0
255455,Medical treatment,2013,8,Angle,Multi-Vehicle,153.029545,-27.464934,Adelaide St,Wharf St,Brisbane City,Brisbane Central,Intersection - Cross,Operating traffic lights,0 - 50 km/h,Sealed - Dry,Daylight,Straight,Veh'S Opposite Approach: Thru-Right,Opposing vehicles turning,0,0,1,0,1,1,0,0,0,1,0,0
255457,Medical treatment,2013,7,Angle,Multi-Vehicle,153.031851,-27.45987399,Gotha St,Wickham St,Fortitude Valley,Brisbane Central,Intersection - Cross,Operating traffic lights,60 km/h,Sealed - Wet,Daylight,Straight,Veh'S Adjacent Approach: Thru-Thru,Intersection from adjacent approaches,0,0,2,0,2,1,0,0,1,0,0,0
255459,Minor injury,2013,21,Hit object,Single Vehicle,152.943023,-27.493854,Birchley St,,Chapel Hill,Moggill,No Roadway Feature,No traffic control,0 - 50 km/h,Sealed - Wet,Darkness - Lighted,Curved - view open,Off Path-Curve: Off Cway Lt Bend Hit Obj,Off carriageway on curve hit object,0,0,0,1,1,1,0,0,0,0,0,0
255464,Medical treatment,2013,18,Rear-end,Multi-Vehicle,153.016497,-27.356335,Gympie Arterial Rd,Zillmere Rd,Aspley,Aspley,Intersection - T-Junction,Operating traffic lights,60 km/h,Sealed - Dry,Darkness - Lighted,Curved - view open,Veh'S Same Direction: Right Rear,Rear-end,0,0,1,0,1,2,0,0,0,0,0,0
255475,Hospitalisation,2013,15,Rear-end,Multi-Vehicle,153.0507378,-27.39694946,Edinburgh Castle Rd,Imbros St,Wavell Heights,Clayfield,Intersection - T-Junction,Give way sign,60 km/h,Sealed - Wet,Daylight,Straight,Veh'S Same Direction: Rear End,Rear-end,0,1,0,0,1,2,0,0,0,0,0,0
255476,Hospitalisation,2013,16,Angle,Multi-Vehicle,153.0078468,-27.43813277,Edmondstone St,,Newmarket,Brisbane Central,No Roadway Feature,No traffic control,0 - 50 km/h,Sealed - Wet,Daylight,Straight,Veh'S Opposite Approach: Thru-Right,Opposing vehicles turning,0,1,0,1,2,2,0,0,0,0,0,0
255506,Medical treatment,2013,7,Rear-end,Multi-Vehicle,152.960467,-27.44650733,Waterworks Rd,,The Gap,Ashgrove,No Roadway Feature,No traffic control,60 km/h,Sealed - Dry,Daylight,Straight,Veh'S Same Direction: Rear End,Rear-end,0,0,1,0,1,1,1,0,0,0,0,0
255507,Medical treatment,2013,14,Rear-end,Multi-Vehicle,153.011047,-27.468356,Boomerang St,,Brisbane City,Brisbane Central,Intersection - Cross,Operating traffic lights,60 km/h,Sealed - Dry,Daylight,Straight,Veh'S Same Direction: Rear End,Rear-end,0,0,1,0,1,3,0,0,0,0,0,0
255508,Medical treatment,2013,8,Hit pedestrian,Hit pedestrian,153.025019,-27.464836,Upper Edward St,Wickham Tce,Spring Hill,Brisbane Central,Intersection - Cross,Operating traffic lights,60 km/h,Sealed - Dry,Daylight,Straight,Ped'N: Near Side Vehicle Hit From Right,Pedestrian,0,0,1,1,2,0,0,0,0,1,1,0
255509,Hospitalisation,2013,9,Angle,Multi-Vehicle,153.0405515,-27.45270248,Ann St,Murri Wy,Fortitude Valley,Brisbane Central,Intersection - Cross,Operating traffic lights,60 km/h,Sealed - Dry,Daylight,Straight,Veh'S Adjacent Approach: Thru-Thru,Intersection from adjacent approaches,0,2,0,0,2,2,0,0,0,0,0,0
255510,Minor injury,2013,10,Rear-end,Multi-Vehicle,153.029245,-27.448012,Bowen Bridge Rd,,Herston,Brisbane Central,No Roadway Feature,No traffic control,60 km/h,Sealed - Dry,Daylight,Straight,Veh'S Same Direction: Rear End,Rear-end,0,0,0,1,1,3,0,0,0,0,0,0
255511,Hospitalisation,2013,22,Hit object,Single Vehicle,152.9913895,-27.48679981,Ebor St,High St,Toowong,Mount Coot-tha,Intersection - T-Junction,No traffic control,60 km/h,Sealed - Dry,Darkness - Lighted,Straight,Off Path-Straight: Mounts Traffic Island,Off carriageway on straight hit object,0,1,0,0,1,1,0,0,0,0,0,0
255513,Minor injury,2013,9,Rear-end,Multi-Vehicle,153.030999,-27.385905,Gympie Arterial Rd,Hamilton Rd,Chermside,Nudgee,Intersection - Cross,Operating traffic lights,60 km/h,Sealed - Dry,Daylight,Straight,Veh'S Same Direction: Rear End,Rear-end,0,0,0,2,2,2,0,0,0,0,0,0
255514,Medical treatment,2013,15,Hit pedestrian,Hit pedestrian,153.017135,-27.364179,Gympie Arterial Rd,,Aspley,Aspley,No Roadway Feature,No traffic control,70 km/h,Sealed - Dry,Daylight,Straight,Ped'N: Hit Emerging Behind Vehicle,Pedestrian,0,0,1,0,1,1,0,0,0,0,1,0
255553,Medical treatment,2013,9,Angle,Multi-Vehicle,153.030468,-27.471793,Edward St,,Brisbane City,Brisbane Central,No Roadway Feature,No traffic control,0 - 50 km/h,Sealed - Dry,Daylight,Straight,Veh'S Manoeuvring: Other,Other,0,0,1,0,1,0,0,0,1,1,0,0
255554,Medical treatment,2013,17,Rear-end,Multi-Vehicle,153.020303,-27.469561,North Quay,Turbot St,Brisbane City,Brisbane Central,Intersection - T-Junction,Pedestrian crossing sign,0 - 50 km/h,Sealed - Dry,Daylight,Straight,Veh'S Same Direction: Left Rear,Rear-end,0,0,1,0,1,2,0,0,0,0,0,0
255555,Medical treatment,2013,6,Rear-end,Multi-Vehicle,153.014387,-27.459545,Musgrave Rd,,Kelvin Grove,Mount Coot-tha,Intersection - 5+ way,Operating traffic lights,60 km/h,Sealed - Dry,Daylight,Straight,Veh'S Same Direction: Rear End,Rear-end,0,0,1,0,1,2,0,0,0,0,0,0
255556,Medical treatment,2013,9,Hit pedestrian,Hit pedestrian,153.038456,-27.456405,Mclachlan St,,Fortitude Valley,Brisbane Central,No Roadway Feature,Give way sign,0 - 50 km/h,Sealed - Dry,Daylight,Straight,Ped'N: Hit By Vehicle Enter/Leave D'Way,Pedestrian,0,0,1,0,1,1,0,0,0,0,1,0
255557,Medical treatment,2013,15,Hit object,Single Vehicle,152.976381,-27.500122,Allwood St,,Indooroopilly,Indooroopilly,No Roadway Feature,No traffic control,0 - 50 km/h,Sealed - Dry,Daylight,Straight,Veh'S On Path: Permanent Obstruction,Hit permanent obstruction on carriageway,0,0,1,0,1,0,0,1,0,0,0,0
255558,Hospitalisation,2013,11,Fall from vehicle,Single Vehicle,152.9597302,-27.51210403,Almeida St,,Indooroopilly,Indooroopilly,No Roadway Feature,No traffic control,60 km/h,Sealed - Dry,Daylight,Straight,Off Path-Curve: Out Of Control On Cway,Out of control on curve,0,1,0,0,1,0,1,0,0,0,0,0
255569,Minor injury,2013,23,Angle,Multi-Vehicle,153.036636,-27.415522,Kedron Park Rd,Lutwyche Rd,Lutwyche,Clayfield,Intersection - T-Junction,Operating traffic lights,60 km/h,Sealed - Dry,Darkness - Lighted,Curved - view open,Veh'S Adjacent Approach: Thru-Right,Intersection from adjacent approaches,0,0,0,1,1,2,0,0,0,0,0,0
255570,Hospitalisation,2013,6,Fall from vehicle,Single Vehicle,153.0974369,-27.36867111,Gateway Arterial Rd,,Nudgee Beach,Nudgee,No Roadway Feature,No traffic control,100 - 110 km/h,Sealed - Wet,Daylight,Straight,Off Path-Straight:Out Of Control On Cway,Out of control on straight,0,1,0,0,1,0,1,0,0,0,0,0
255586,Medical treatment,2013,19,Angle,Multi-Vehicle,153.002882,-27.468554,Baroona Rd,,Milton,Mount Coot-tha,No Roadway Feature,No traffic control,60 km/h,Sealed - Dry,Darkness - Lighted,Straight,Veh'S Manoeuvring: Leaving Driveway,Vehicle leaving driveway,0,0,1,1,2,2,0,0,0,0,0,0
255587,Hospitalisation,2013,19,Head-on,Multi-Vehicle,153.014099,-27.46767468,Coronation Dr,,Brisbane City,Brisbane Central,No Roadway Feature,No traffic control,60 km/h,Sealed - Dry,Darkness - Lighted,Curved - view open,Veh'S Opposite Approach: Head On,Head-on,0,2,1,0,3,2,0,0,0,0,0,0
255589,Medical treatment,2013,10,Sideswipe,Multi-Vehicle,153.025034,-27.372706,Ellison Rd,Kirby Rd,Aspley,Aspley,Intersection - T-Junction,Stop sign,60 km/h,Sealed - Dry,Daylight,Straight,Veh'S Adjacent Approach: Thru-Right,Intersection from adjacent approaches,0,0,1,0,1,2,0,0,0,0,0,0
255590,Hospitalisation,2013,15,Hit object,Single Vehicle,153.0755271,-27.34197535,Bicentennial Rd,Gateway Art Rd Ramp Bc,Boondall,Nudgee,Intersection - Interchange,Give way sign,100 - 110 km/h,Sealed - Dry,Daylight,Straight,Off Path-Curve: Off Cway Lt Bend Hit Obj,Off carriageway on curve hit object,0,1,0,0,1,1,0,0,0,0,0,0
255609,Minor injury,2013,11,Rear-end,Multi-Vehicle,153.035015,-27.458477,Ann St,Brunswick St,Fortitude Valley,Brisbane Central,Intersection - T-Junction,Operating traffic lights,0 - 50 km/h,Sealed - Dry,Daylight,Straight,Veh'S Same Direction: Left Rear,Rear-end,0,0,0,1,1,2,0,0,0,0,0,0
255611,Medical treatment,2013,9,Hit object,Single Vehicle,152.975342,-27.492793,Broomfield St,Manchester Tce,Taringa,Indooroopilly,Intersection - T-Junction,No traffic control,0 - 50 km/h,Sealed - Dry,Daylight,Straight,Veh'S Adjacent Approach: Other,Intersection from adjacent approaches,0,0,1,0,1,3,0,0,0,0,0,0
255613,Medical treatment,2013,17,Head-on,Multi-Vehicle,152.819502,-27.530203,Mount Crosby Rd,,Mount Crosby,Moggill,No Roadway Feature,No traffic control,60 km/h,Sealed - Wet,Darkness - Not lighted,Curved - view open,Veh'S Opposite Approach: Head On,Head-on,0,0,1,0,1,2,0,0,0,0,0,0
255639,Hospitalisation,2013,7,Rear-end,Multi-Vehicle,153.0129979,-27.4578697,Inner City Bypass,Inner City Bypass On Ramp,Red Hill,Mount Coot-tha,Intersection - Interchange,No traffic control,80 - 90 km/h,Sealed - Dry,Daylight,Curved - view open,Veh'S Same Direction: Rear End,Rear-end,0,1,1,0,2,2,0,1,0,0,0,0
255645,Hospitalisation,2013,18,Rear-end,Multi-Vehicle,153.0792061,-27.3538423,Gateway Arterial Rd,,Boondall,Nudgee,No Roadway Feature,No traffic control,100 - 110 km/h,Sealed - Dry,Dawn/Dusk,Curved - view obscured,Veh'S Same Direction: Rear End,Rear-end,0,1,0,0,1,2,0,0,0,0,0,0
255652,Hospitalisation,2013,16,Fall from vehicle,Single Vehicle,152.9382915,-27.4065123,Tramway St,,Ferny Grove,Ferny Grove,No Roadway Feature,No traffic control,60 km/h,Sealed - Dry,Daylight,Curved - view open,Veh'S Manoeuvring: Other,Other,0,1,0,0,1,0,0,0,0,1,0,0
255671,Medical treatment,2013,17,Rear-end,Multi-Vehicle,153.0021326,-27.469714,Milton Rd,,Milton,Mount Coot-tha,No Roadway Feature,No traffic control,60 km/h,Sealed - Dry,Daylight,Straight,Veh'S Same Direction: Rear End,Rear-end,0,0,1,0,1,2,0,0,0,0,0,0
255672,Hospitalisation,2013,18,Rear-end,Multi-Vehicle,153.0082683,-27.49409365,Sir Fred Schonell Dr,Walcott St,St Lucia,Indooroopilly,Intersection - T-Junction,No traffic control,60 km/h,Sealed - Dry,Darkness - Lighted,Straight,Veh'S Same Direction: Rear End,Rear-end,0,1,0,0,1,3,0,0,0,0,0,0
255682,Medical treatment,2013,11,Rear-end,Multi-Vehicle,153.034832,-27.413388,East - West Arterial Rd,Park Tce,Kedron,Clayfield,Intersection - T-Junction,Operating traffic lights,60 km/h,Sealed - Dry,Daylight,Straight,Veh'S Same Direction: Rear End,Rear-end,0,0,1,0,1,1,0,1,0,0,0,0
255683,Hospitalisation,2013,9,Rear-end,Multi-Vehicle,153.0436633,-27.44012847,Inner City Bypass On Ramp,,Albion,Clayfield,Intersection - Interchange,No traffic control,60 km/h,Sealed - Dry,Daylight,Curved - view open,Veh'S Same Direction: Rear End,Rear-end,0,1,0,0,1,0,1,1,0,0,0,0
255684,Medical treatment,2013,16,Rear-end,Multi-Vehicle,153.087708,-27.356442,Gateway Arterial Rd,,Nudgee Beach,Nudgee,No Roadway Feature,No traffic control,100 - 110 km/h,Sealed - Dry,Dawn/Dusk,Straight,Veh'S Same Direction: Rear End,Rear-end,0,0,1,0,1,2,0,1,0,0,0,0
255685,Medical treatment,2013,9,Rear-end,Multi-Vehicle,152.977793,-27.40062,Hornby St,Pullen Rd,Everton Park,Everton,Intersection - T-Junction,No traffic control,60 km/h,Sealed - Dry,Daylight,Straight,Veh'S Same Direction: Right Rear,Rear-end,0,0,1,0,1,1,0,1,0,0,0,0
255712,Hospitalisation,2013,6,Angle,Multi-Vehicle,153.062114,-27.31244048,Brisbane St,Wakefield St,Sandgate,Sandgate,Intersection - T-Junction,Give way sign,0 - 50 km/h,Sealed - Dry,Daylight,Straight,Veh'S Adjacent Approach: Thru-Thru,Intersection from adjacent approaches,0,1,1,0,2,3,0,0,0,0,0,0
255713,Medical treatment,2013,15,Rear-end,Multi-Vehicle,153.057599,-27.329118,Sandgate Sub-Arterial Rd,,Deagon,Sandgate,No Roadway Feature,No traffic control,60 km/h,Sealed - Dry,Daylight,Straight,Veh'S Same Direction: Rear End,Rear-end,0,0,1,0,1,3,0,0,0,0,0,0
255722,Hospitalisation,2013,18,Angle,Multi-Vehicle,153.055595,-27.43084039,Anthony St,Towers St,Ascot,Clayfield,Intersection - Cross,No traffic control,0 - 50 km/h,Sealed - Dry,Dawn/Dusk,Straight,Veh'S Opposite Approach: Thru-Right,Opposing vehicles turning,0,1,0,0,1,1,0,0,0,1,0,0
255723,Hospitalisation,2013,22,Hit parked vehicle,Single Vehicle,153.0752363,-27.37251829,Tufnell Rd,,Banyo,Nudgee,No Roadway Feature,No traffic control,60 km/h,Sealed - Dry,Darkness - Lighted,Straight,Veh'S On Path: Parked,Hit parked vehicle,0,1,0,0,1,2,0,0,0,0,0,0
255724,Hospitalisation,2013,16,Angle,Multi-Vehicle,152.9881549,-27.42501194,Ardentallen Rd,Lloyd St,Enoggera,Ashgrove,Intersection - T-Junction,No traffic control,0 - 50 km/h,Sealed - Dry,Daylight,Straight,Veh'S Opposite Approach: Thru-Right,Opposing vehicles turning,0,1,0,0,1,1,0,0,0,1,0,0
255750,Hospitalisation,2013,5,Angle,Multi-Vehicle,153.0112371,-27.4687127,Boomerang St,Coronation Dr,Brisbane City,Brisbane Central,Intersection - Cross,Operating traffic lights,60 km/h,Sealed - Wet,Dawn/Dusk,Straight,Veh'S Opposite Approach: Thru-Right,Opposing vehicles turning,0,1,0,0,1,2,0,0,0,0,0,0
255752,Medical treatment,2013,15,Sideswipe,Multi-Vehicle,153.039052,-27.454378,Ann St,Brookes St,Fortitude Valley,Brisbane Central,Intersection - T-Junction,Operating traffic lights,60 km/h,Sealed - Dry,Daylight,Straight,Veh'S Same Direction: Lane Side Swipe,Lane changes,0,0,1,0,1,2,0,0,0,0,0,0
255753,Medical treatment,2013,16,Rear-end,Multi-Vehicle,153.035015,-27.458477,Ann St,Brunswick St,Fortitude Valley,Brisbane Central,Intersection - T-Junction,Operating traffic lights,60 km/h,Sealed - Dry,Daylight,Straight,Veh'S Same Direction: Rear End,Rear-end,0,0,1,0,1,2,0,0,0,0,0,0
255754,Hospitalisation,2013,8,Angle,Multi-Vehicle,153.0365725,-27.4475685,Campbell St,Hurworth St,Bowen Hills,Brisbane Central,Intersection - T-Junction,No traffic control,60 km/h,Sealed - Dry,Daylight,Straight,Veh'S Adjacent Approach: Thru-Right,Intersection from adjacent approaches,0,1,0,0,1,2,0,0,0,0,0,0
255755,Medical treatment,2013,18,Hit object,Single Vehicle,153.0625342,-27.28825333,Hornibrook Hwy,,Brighton,Sandgate,No Roadway Feature,No traffic control,60 km/h,Sealed - Dry,Darkness - Lighted,Straight,Off Path-Straight: Left Off Cway Hit Obj,Off carriageway on straight hit object,0,0,1,0,1,1,0,0,0,0,0,0
255758,Medical treatment,2013,4,Angle,Multi-Vehicle,153.0571737,-27.33729366,Gateway Arterial Rd,,Boondall,Nudgee,No Roadway Feature,No traffic control,80 - 90 km/h,Sealed - Wet,Dawn/Dusk,Straight,Veh'S Same Direction: Lane Change Left,Lane changes,0,0,1,0,1,2,0,0,0,0,0,0
255767,Hospitalisation,2013,15,Angle,Multi-Vehicle,153.0555207,-27.39729741,Kinmond Ave,Rode Rd,Wavell Heights,Clayfield,Intersection - T-Junction,No traffic control,60 km/h,Sealed - Dry,Daylight,Straight,Veh'S Opposite Approach: Thru-Right,Opposing vehicles turning,0,1,0,0,1,1,1,0,0,0,0,0
255768,Hospitalisation,2013,19,Hit object,Single Vehicle,153.0638235,-27.38168537,Toombul Rd,,Virginia,Nudgee,No Roadway Feature,No traffic control,60 km/h,Sealed - Dry,Darkness - Lighted,Curved - view open,Off Path-Curve: Mounts Traffic Island,Off carriageway on curve hit object,0,1,0,0,1,0,1,0,0,0,0,0
255769,Medical treatment,2013,15,Rear-end,Multi-Vehicle,152.98736,-27.403027,Everton Park - Albany Creek Rd,,Everton Park,Everton,No Roadway Feature,No traffic control,60 km/h,Sealed - Dry,Dawn/Dusk,Straight,Veh'S Same Direction: Rear End,Rear-end,0,0,1,0,1,3,0,0,0,0,0,0
255792,Medical treatment,2013,17,Rear-end,Multi-Vehicle,153.0082299,-27.34532092,Beams Rd,,Carseldine,Aspley,No Roadway Feature,No traffic control,60 km/h,Sealed - Dry,Daylight,Straight,Veh'S Same Direction: Rear End,Rear-end,0,0,1,0,1,4,0,0,0,0,0,0
255816,Hospitalisation,2013,16,Fall from vehicle,Single Vehicle,152.923199,-27.43450341,Mount Nebo Rd,,Enoggera Reservoir,Ashgrove,No Roadway Feature,No traffic control,70 km/h,Sealed - Dry,Daylight,Curved - view obscured,Off Path-Curve: Out Of Control On Cway,Out of control on curve,0,1,0,0,1,0,1,0,0,0,0,0
255817,Hospitalisation,2013,13,Rear-end,Multi-Vehicle,152.9989631,-27.45894282,Alma St,Latrobe Tce,Paddington,Mount Coot-tha,Intersection - T-Junction,No traffic control,60 km/h,Sealed - Dry,Daylight,Straight,Veh'S Same Direction: Right Rear,Rear-end,0,1,0,0,1,2,0,0,0,0,0,0
255818,Medical treatment,2013,9,Angle,Multi-Vehicle,153.0468592,-27.46770649,Brunswick St,,New Farm,Brisbane Central,No Roadway Feature,No traffic control,60 km/h,Sealed - Dry,Daylight,Straight,Veh'S Manoeuvring: Leaving Driveway,Vehicle leaving driveway,0,0,2,0,2,2,0,0,0,0,0,0
255821,Hospitalisation,2013,3,Hit object,Single Vehicle,153.0079416,-27.42136078,Billington St,Raymont Rd,Alderley,Stafford,Intersection - T-Junction,No traffic control,60 km/h,Sealed - Dry,Darkness - Lighted,Straight,Off Path-Straight: Mounts Traffic Island,Off carriageway on straight hit object,0,1,0,1,2,1,0,0,0,0,0,0
255845,Minor injury,2013,22,Hit pedestrian,Hit pedestrian,153.014284,-27.459465,Musgrave Rd,,Red Hill,Mount Coot-tha,No Roadway Feature,No traffic control,60 km/h,Sealed - Dry,Darkness - Lighted,Straight,Ped'N: Play; Work; Stand; Lie On C'Way,Pedestrian,0,0,0,1,1,0,0,0,1,0,1,0
255852,Hospitalisation,2013,4,Hit object,Single Vehicle,153.0369074,-27.43503854,Mcdonald Rd,Somerset St,Windsor,Brisbane Central,Intersection - T-Junction,No traffic control,0 - 50 km/h,Sealed - Dry,Darkness - Not lighted,Curved - view open,Off Path-Curve: Off Cway Rt Bend Hit Obj,Off carriageway on curve hit object,0,1,0,0,1,1,0,0,0,0,0,0
255853,Hospitalisation,2013,10,Rear-end,Multi-Vehicle,153.0965619,-27.37209713,Gateway Arterial Rd,,Nudgee,Nudgee,No Roadway Feature,No traffic control,80 - 90 km/h,Sealed - Dry,Daylight,Curved - view obscured,Veh'S Same Direction: Rear End,Rear-end,0,1,0,1,2,6,0,0,0,0,0,0
255870,Hospitalisation,2013,20,Angle,Multi-Vehicle,153.0125357,-27.31784183,Gympie Arterial Rd Ramp Sb,Strathpine Sub-Arterial Rd,Bald Hills,Aspley,Intersection - Interchange,Operating traffic lights,60 km/h,Sealed - Dry,Darkness - Lighted,Straight,Veh'S Adjacent Approach: Right-Right,Intersection from adjacent approaches,0,1,1,0,2,2,0,0,0,0,0,0
255891,Hospitalisation,2013,7,Rear-end,Multi-Vehicle,153.0296626,-27.44591256,Bowen Bridge Rd,Butterfield St,Bowen Hills,Brisbane Central,Intersection - T-Junction,Operating traffic lights,60 km/h,Sealed - Dry,Daylight,Straight,Veh'S Same Direction: Rear End,Rear-end,0,1,0,0,1,2,0,0,0,0,0,0
255895,Hospitalisation,2013,16,Head-on,Multi-Vehicle,152.9925618,-27.41298691,Western Arterial Rd,,Enoggera,Ashgrove,No Roadway Feature,No traffic control,60 km/h,Sealed - Dry,Daylight,Curved - view open,Veh'S Opposite Approach: Head On,Head-on,0,2,0,0,2,2,0,0,0,0,0,0
255916,Hospitalisation,2013,17,Sideswipe,Multi-Vehicle,153.0223968,-27.45635361,Inner City Bypass,,Herston,Brisbane Central,No Roadway Feature,No traffic control,70 km/h,Sealed - Wet,Darkness - Lighted,Curved - view open,Veh'S Same Direction: Lane Change Left,Lane changes,0,1,0,0,1,1,1,0,0,0,0,0
255922,Hospitalisation,2013,16,Hit object,Single Vehicle,153.0509983,-27.33306852,Gateway Arterial Rd,,Taigum,Sandgate,Bridge/Causeway,No traffic control,80 - 90 km/h,Sealed - Dry,Daylight,Curved - view open,Off Path-Curve: Off Cway Lt Bend Hit Obj,Off carriageway on curve hit object,0,1,0,0,1,1,0,0,0,0,0,0
255927,Minor injury,2013,11,Hit pedestrian,Hit pedestrian,153.043589,-27.428738,Frodsham St,Sandgate Rd,Albion,Clayfield,Intersection - T-Junction,No traffic control,0 - 50 km/h,Sealed - Dry,Daylight,Curved - view open,Ped'N: Near Side Vehicle Hit From Right,Pedestrian,0,0,0,1,1,1,0,0,0,0,1,0
255928,Hospitalisation,2013,18,Hit parked vehicle,Single Vehicle,153.0814942,-27.37243524,St Vincents Rd,Walton St,Banyo,Nudgee,Intersection - T-Junction,No traffic control,60 km/h,Sealed - Dry,Darkness - Not lighted,Straight,Veh'S On Path: Parked,Hit parked vehicle,0,1,0,0,1,2,0,0,0,0,0,0
255958,Medical treatment,2013,7,Rear-end,Multi-Vehicle,153.037976,-27.447672,Abbotsford Rd,Montpelier Rd,Bowen Hills,Brisbane Central,Intersection - T-Junction,No traffic control,60 km/h,Sealed - Dry,Daylight,Straight,Veh'S Same Direction: Left Rear,Rear-end,0,0,1,0,1,2,0,0,0,0,0,0
255959,Medical treatment,2013,21,Angle,Multi-Vehicle,153.013287,-27.317844,Gympie Arterial Rd,Strathpine Sub-Arterial Rd,Bald Hills,Aspley,Intersection - Interchange,Operating traffic lights,60 km/h,Sealed - Dry,Darkness - Lighted,Straight,Veh'S Adjacent Approach: Thru-Right,Intersection from adjacent approaches,0,0,3,0,3,2,0,0,0,0,0,0
255965,Hospitalisation,2013,15,Rear-end,Multi-Vehicle,153.0292786,-27.44241456,Northey St,Victoria St,Windsor,Brisbane Central,Intersection - T-Junction,No traffic control,0 - 50 km/h,Sealed - Dry,Daylight,Straight,Veh'S Same Direction: Right Rear,Rear-end,0,1,0,0,1,2,0,0,0,0,0,0
255986,Medical treatment,2013,16,Sideswipe,Multi-Vehicle,153.035312,-27.4573389,Ballow St,,Fortitude Valley,Brisbane Central,No Roadway Feature,No traffic control,0 - 50 km/h,Sealed - Dry,Daylight,Straight,Veh'S Opposite Approach: U-Turn,U-turn,0,0,1,0,1,1,0,0,0,0,0,1
255987,Medical treatment,2013,7,Rear-end,Multi-Vehicle,153.0388,-27.442389,Abbotsford Rd,Edmondstone Rd,Bowen Hills,Brisbane Central,Intersection - Cross,Operating traffic lights,60 km/h,Sealed - Wet,Daylight,Straight,Veh'S Same Direction: Rear End,Rear-end,0,0,1,0,1,1,1,0,0,0,0,0
255989,Minor injury,2013,11,Hit pedestrian,Hit pedestrian,152.9718911,-27.50017933,Musgrave Rd,,Indooroopilly,Indooroopilly,No Roadway Feature,Stop sign,0 - 50 km/h,Sealed - Dry,Daylight,Straight,Ped'N: Hit Other,Other,0,0,0,1,1,1,0,0,0,0,1,0
255990,Medical treatment,2013,14,Angle,Multi-Vehicle,153.0156797,-27.41710551,Webster Rd,,Stafford,Stafford,No Roadway Feature,No traffic control,60 km/h,Sealed - Dry,Daylight,Straight,Veh'S Manoeuvring: Other,Other,0,0,1,0,1,2,0,0,0,0,0,0