Crash_Ref_Number,Severity,Year,Hour,Crash_Nature,Crash_Type,Longitude,Latitude,Street,Street_Intersecting,Suburb,Loc_State_Electorate,Crash_Roadway_Feature,Crash_Traffic_Control,Crash_Speed_Limit,Crash_Road_Surface_Condition,Crash_Lighting_Condition,Crash_Road_Horiz_Align,Crash_DCA_Description,Crash_DCA_Group_Description,Count_Casualty_Fatality,Count_Casualty_Hospitalised,Count_Casualty_MedicallyTreated,Count_Casualty_MinorInjury,Count_Casualty_Total,Count_Unit_Car,Count_Unit_Motorcycle_Moped,Count_Unit_Truck,Count_Unit_Bus,Count_Unit_Bicycle,Count_Unit_Pedestrian,Count_Unit_Other
255992,Minor injury,2013,17,Rear-end,Multi-Vehicle,153.075848,-27.341434,Gateway Arterial Rd,,Boondall,Nudgee,No Roadway Feature,No traffic control,80 - 90 km/h,Sealed - Dry,Dawn/Dusk,Straight,Veh'S Same Direction: Rear End,Rear-end,0,0,0,1,1,4,0,0,0,0,0,0
255998,Medical treatment,2013,11,Hit pedestrian,Hit pedestrian,153.061019,-27.403518,Buckland Rd,Danby La,Nundah,Clayfield,No Roadway Feature,No traffic control,60 km/h,Sealed - Dry,Daylight,Straight,Ped'N: Far Side Vehicle Hit From Left,Pedestrian,0,0,1,0,1,1,0,0,0,0,1,0
255999,Hospitalisation,2013,21,Rear-end,Multi-Vehicle,153.1005065,-27.44463602,Gateway Arterial Rd,,Eagle Farm,Clayfield,Bridge/Causeway,No traffic control,70 km/h,Sealed - Wet,Darkness - Lighted,Straight,Veh'S Same Direction: Rear End,Rear-end,0,1,0,0,1,1,0,1,0,0,0,0
256027,Medical treatment,2013,9,Angle,Multi-Vehicle,153.040602,-27.4568,Doggett St,,Fortitude Valley,Brisbane Central,No Roadway Feature,No traffic control,0 - 50 km/h,Sealed - Dry,Daylight,Straight,Veh'S Same Direction: Right Turn S/Swipe,Parallel lanes turning,0,0,1,0,1,1,1,0,0,0,0,0
256028,Minor injury,2013,19,Rear-end,Multi-Vehicle,153.035299,-27.460651,Kemp Pl,,Fortitude Valley,Brisbane Central,Merge Lane,No traffic control,0 - 50 km/h,Sealed - Wet,Darkness - Lighted,Straight,Veh'S Same Direction: Lane Change Right,Lane changes,0,0,0,1,1,2,0,0,0,0,0,0
256030,Hospitalisation,2013,13,Angle,Multi-Vehicle,153.0241155,-27.31096675,Bracken Ridge Rd,Hoyland St,Bracken Ridge,Sandgate,Intersection - T-Junction,Operating traffic lights,60 km/h,Sealed - Dry,Daylight,Straight,Veh'S Opposite Approach: Thru-Right,Opposing vehicles turning,0,1,0,0,1,3,0,0,0,0,0,0
256034,Medical treatment,2013,23,Hit pedestrian,Hit pedestrian,153.04951,-27.420261,Queens Rd,,Clayfield,Clayfield,No Roadway Feature,No traffic control,0 - 50 km/h,Sealed - Dry,Darkness - Lighted,Straight,Ped'N: Play; Work; Stand; Lie On C'Way,Pedestrian,0,0,1,0,1,1,0,0,0,0,1,0
256035,Hospitalisation,2013,5,Angle,Multi-Vehicle,153.0424772,-27.4291055,Anstey St,Sandgate Rd,Albion,Clayfield,Intersection - T-Junction,No traffic control,60 km/h,Sealed - Wet,Darkness - Lighted,Straight,Veh'S Opposite Approach: U-Turn,U-turn,0,1,0,0,1,1,0,0,0,1,0,0
256036,Medical treatment,2013,9,Angle,Multi-Vehicle,153.02708,-27.4375333,Cox Rd,Newmarket Rd,Windsor,Brisbane Central,Intersection - Cross,Operating traffic lights,60 km/h,Sealed - Dry,Daylight,Straight,Veh'S Opposite Approach: Thru-Right,Opposing vehicles turning,0,0,2,0,2,2,0,0,0,0,0,0
256037,Medical treatment,2013,11,Rear-end,Multi-Vehicle,153.01566,-27.43583,Newmarket Rd,,Wilston,Brisbane Central,No Roadway Feature,No traffic control,60 km/h,Sealed - Dry,Daylight,Straight,Veh'S Same Direction: Rear End,Rear-end,0,0,1,0,1,3,0,0,0,0,0,0
256038,Hospitalisation,2013,13,Angle,Multi-Vehicle,153.0505521,-27.42650943,Oriel Rd,Sandgate Rd,Clayfield,Clayfield,Intersection - T-Junction,Operating traffic lights,60 km/h,Sealed - Dry,Daylight,Straight,Veh'S Opposite Approach: Thru-Right,Opposing vehicles turning,0,1,0,0,1,2,0,0,0,0,0,0
256039,Medical treatment,2013,9,Rear-end,Multi-Vehicle,152.983165,-27.417912,Samford Sub-Arterial Rd,,Gaythorne,Ashgrove,No Roadway Feature,No traffic control,60 km/h,Sealed - Dry,Daylight,Straight,Veh'S Same Direction: Rear End,Rear-end,0,0,1,0,1,2,0,0,0,0,0,0
256040,Medical treatment,2013,14,Rear-end,Multi-Vehicle,152.939778,-27.405052,Samford Sub-Arterial Rd,,Ferny Grove,Ferny Grove,Railway Crossing,Railway - lights and boom gate,60 km/h,Sealed - Dry,Daylight,Straight,Veh'S Same Direction: Rear End,Rear-end,0,0,1,0,1,2,0,0,0,0,0,0
256060,Medical treatment,2013,3,Hit pedestrian,Hit pedestrian,153.034324,-27.456801,Warner St,Wickham St,Fortitude Valley,Brisbane Central,Intersection - T-Junction,Stop sign,0 - 50 km/h,Sealed - Dry,Darkness - Lighted,Straight,Ped'N: Near Side Vehicle Hit From Right,Pedestrian,0,0,1,0,1,1,0,0,0,0,1,0
256061,Hospitalisation,2013,13,Rear-end,Multi-Vehicle,153.0466112,-27.31181057,Gateway Arterial Rd,,Sandgate,Sandgate,No Roadway Feature,No traffic control,80 - 90 km/h,Sealed - Dry,Daylight,Straight,Veh'S Same Direction: Rear End,Rear-end,0,1,1,0,2,0,2,0,0,0,0,0
256062,Hospitalisation,2013,12,Rear-end,Multi-Vehicle,153.012499,-27.34620983,Gympie Arterial Rd,,Carseldine,Aspley,No Roadway Feature,No traffic control,60 km/h,Sealed - Wet,Daylight,Straight,Veh'S Same Direction: Rear End,Rear-end,0,1,0,0,1,3,0,0,0,0,0,0
256077,Hospitalisation,2013,8,Angle,Multi-Vehicle,153.0117174,-27.50236961,College Rd,Sir William Macgregor Dr,St Lucia,Indooroopilly,Intersection - T-Junction,No traffic control,0 - 50 km/h,Sealed - Dry,Daylight,Curved - view open,Veh'S Adjacent Approach: Other,Intersection from adjacent approaches,0,1,0,0,1,1,1,0,0,0,0,0
256078,Medical treatment,2013,8,Angle,Multi-Vehicle,152.991403,-27.480783,Jephson St,Sylvan Rd,Toowong,Mount Coot-tha,Intersection - Cross,Operating traffic lights,60 km/h,Sealed - Dry,Daylight,Straight,Veh'S Opposite Approach: Thru-Right,Opposing vehicles turning,0,0,1,0,1,2,0,0,0,0,0,0
256085,Minor injury,2013,15,Angle,Multi-Vehicle,153.085137,-27.435152,Eagleview Pl,Fison Ave W,Eagle Farm,Clayfield,Intersection - Interchange,Stop sign,60 km/h,Sealed - Dry,Daylight,Curved - view obscured,Veh'S Adjacent Approach: Thru-Thru,Intersection from adjacent approaches,0,0,0,1,1,2,0,0,0,0,0,0
256086,Minor injury,2013,8,Rear-end,Multi-Vehicle,153.031533,-27.436203,Lutwyche Rd,,Windsor,Brisbane Central,Intersection - Interchange,No traffic control,80 - 90 km/h,Sealed - Dry,Darkness - Lighted,Straight,Veh'S Same Direction: Rear End,Rear-end,0,0,0,1,1,2,0,0,0,0,0,0
256109,Medical treatment,2013,9,Angle,Multi-Vehicle,153.00566,-27.472784,Coronation Dr,Park Rd,Milton,Mount Coot-tha,Intersection - T-Junction,No traffic control,60 km/h,Sealed - Dry,Daylight,Straight,Veh'S Same Direction: Rear End,Rear-end,0,0,1,0,1,2,0,0,0,0,0,0
256110,Medical treatment,2013,15,Rear-end,Multi-Vehicle,153.0156319,-27.44804653,L'Estrange Tce,,Kelvin Grove,Brisbane Central,No Roadway Feature,No traffic control,60 km/h,Sealed - Dry,Daylight,Straight,Veh'S Same Direction: Right Rear,Rear-end,0,0,1,0,1,2,0,0,0,1,0,0
256111,Medical treatment,2013,4,Hit parked vehicle,Single Vehicle,153.045209,-27.47147,Sydney St,,New Farm,Brisbane Central,No Roadway Feature,No traffic control,0 - 50 km/h,Sealed - Dry,Darkness - Lighted,Straight,Off Path-Straight:Out Of Control On Cway,Out of control on straight,0,0,1,0,1,2,0,0,0,0,0,0
256112,Medical treatment,2013,17,Hit animal,Other,153.03843,-27.444152,Abbotsford Rd,Folkestone St,Bowen Hills,Brisbane Central,Intersection - T-Junction,Operating traffic lights,60 km/h,Sealed - Dry,Darkness - Lighted,Straight,Pass & Misc: Hit Animal,Hit animal,0,0,1,0,1,0,1,0,0,0,0,0
256119,Medical treatment,2013,14,Rear-end,Multi-Vehicle,153.030809,-27.385929,Gympie Arterial Rd,Hamilton Rd,Chermside,Stafford,Intersection - Cross,Operating traffic lights,60 km/h,Sealed - Dry,Daylight,Straight,Veh'S Same Direction: Rear End,Rear-end,0,0,1,0,1,2,0,0,0,0,0,0
256141,Hospitalisation,2013,17,Head-on,Multi-Vehicle,152.993911,-27.44516791,Ashgrove Ave,,Ashgrove,Ashgrove,No Roadway Feature,No traffic control,60 km/h,Sealed - Dry,Daylight,Straight,Veh'S Opposite Approach: U-Turn,U-turn,0,1,0,0,1,2,0,0,0,0,0,0
256142,Hospitalisation,2013,17,Hit object,Single Vehicle,152.994849,-27.44553789,Waterworks Rd,,Ashgrove,Ashgrove,No Roadway Feature,No traffic control,60 km/h,Sealed - Dry,Daylight,Curved - view open,Off Path-Curve: Off Cway Lt Bend Hit Obj,Off carriageway on curve hit object,0,1,0,0,1,1,0,0,0,0,0,0
256144,Medical treatment,2013,7,Hit pedestrian,Hit pedestrian,153.024837,-27.466194,Edward St,Turbot St,Brisbane City,Brisbane Central,Intersection - Cross,Operating traffic lights,0 - 50 km/h,Sealed - Dry,Daylight,Straight,Ped'N: Near Side Vehicle Hit From Right,Pedestrian,0,0,1,0,1,1,0,0,0,0,1,0
256145,Medical treatment,2013,18,Rear-end,Multi-Vehicle,153.024476,-27.474744,Pacific Hwy,South East Arterial Rd,Brisbane City,Brisbane Central,Intersection - Interchange,No traffic control,0 - 50 km/h,Sealed - Dry,Darkness - Lighted,Straight,Veh'S Same Direction: Rear End,Rear-end,0,0,2,0,2,3,0,0,0,0,0,0
256149,Hospitalisation,2013,15,Hit pedestrian,Hit pedestrian,153.0319174,-27.31519669,Gawain Rd,Torre St,Bracken Ridge,Sandgate,Intersection - T-Junction,Give way sign,60 km/h,Sealed - Dry,Daylight,Straight,Ped'N: Near Side Vehicle Hit From Right,Pedestrian,0,1,0,0,1,0,0,0,1,0,1,0
256150,Medical treatment,2013,7,Hit object,Single Vehicle,153.046117,-27.31167493,Gateway Arterial Rd,,Bracken Ridge,Sandgate,Intersection - Interchange,No traffic control,60 km/h,Sealed - Wet,Daylight,Curved - view open,Off Path-Curve: Off Cway Lt Bend Hit Obj,Off carriageway on curve hit object,0,0,1,0,1,1,0,0,0,0,0,0
256153,Hospitalisation,2013,19,Angle,Multi-Vehicle,153.017604,-27.36143779,Lucan Ave,Windrest Ave,Aspley,Aspley,Intersection - T-Junction,Give way sign,0 - 50 km/h,Sealed - Dry,Darkness - Lighted,Curved - view open,Veh'S Adjacent Approach: Thru-Right,Intersection from adjacent approaches,0,1,3,0,4,2,0,0,0,0,0,0
256160,Hospitalisation,2013,15,Hit pedestrian,Hit pedestrian,153.0339423,-27.42150458,Lutwyche Rd,,Lutwyche,Stafford,No Roadway Feature,No traffic control,60 km/h,Sealed - Dry,Daylight,Straight,Ped'N: Far Side Vehicle Hit From Left,Pedestrian,0,1,0,0,1,1,0,0,0,0,1,0
256181,Medical treatment,2013,18,Rear-end,Multi-Vehicle,153.0276938,-27.47881273,South East Arterial Rd,,Brisbane City,Brisbane Central,No Roadway Feature,No traffic control,80 - 90 km/h,Sealed - Dry,Dawn/Dusk,Straight,Veh'S Same Direction: Rear End,Rear-end,0,0,1,0,1,2,0,0,0,0,0,0
256187,Minor injury,2013,10,Rear-end,Multi-Vehicle,153.062071,-27.370585,Robinson Rd E,Sandgate Sub-Arterial Rd,Virginia,Nudgee,Intersection - Cross,Operating traffic lights,60 km/h,Sealed - Dry,Daylight,Straight,Veh'S Same Direction: Rear End,Rear-end,0,0,0,1,1,1,0,1,0,0,0,0
256199,Minor injury,2013,5,Angle,Multi-Vehicle,153.097121,-27.369766,Gateway Arterial Rd,,Nudgee,Nudgee,No Roadway Feature,No traffic control,80 - 90 km/h,Sealed - Dry,Dawn/Dusk,Straight,Veh'S Same Direction: Lane Change Left,Lane changes,0,0,0,1,1,1,0,1,0,0,0,0
256200,Hospitalisation,2013,11,Rear-end,Multi-Vehicle,152.9898769,-27.42723894,Western Arterial Rd,,Enoggera,Ashgrove,No Roadway Feature,No traffic control,60 km/h,Sealed - Dry,Daylight,Straight,Veh'S Same Direction: Rear End,Rear-end,0,1,1,0,2,1,0,1,0,0,0,0
256230,Medical treatment,2013,13,Sideswipe,Multi-Vehicle,153.007272,-27.44514,Windsor Rd,,Kelvin Grove,Mount Coot-tha,No Roadway Feature,No traffic control,60 km/h,Sealed - Dry,Daylight,Straight,Veh'S On Path: Parked,Hit parked vehicle,0,0,1,0,1,2,0,0,0,0,0,0
256231,Medical treatment,2013,16,Hit pedestrian,Hit pedestrian,153.0410232,-27.43718682,Abbotsford Rd,,Bowen Hills,Brisbane Central,No Roadway Feature,No traffic control,60 km/h,Sealed - Wet,Daylight,Straight,Ped'N: Far Side Vehicle Hit From Left,Pedestrian,0,0,2,0,2,1,0,0,0,0,2,0
256232,Medical treatment,2013,15,Hit object,Single Vehicle,152.940317,-27.507358,Cedarleigh Rd,,Kenmore,Moggill,No Roadway Feature,No traffic control,60 km/h,Sealed - Dry,Daylight,Straight,Off Path-Curve: Off Cway Rt Bend Hit Obj,Off carriageway on curve hit object,0,0,1,0,1,0,0,0,1,0,0,0
256233,Medical treatment,2013,10,Rear-end,Multi-Vehicle,152.9964861,-27.48284929,Coronation Dr,,Toowong,Mount Coot-tha,No Roadway Feature,No traffic control,60 km/h,Sealed - Wet,Daylight,Straight,Veh'S Same Direction: Rear End,Rear-end,0,0,1,1,2,3,0,0,1,0,0,0
256234,Hospitalisation,2013,21,Angle,Multi-Vehicle,152.9997962,-27.47061779,Eagle Tce,Milton Rd,Auchenflower,Mount Coot-tha,Intersection - Cross,Operating traffic lights,60 km/h,Sealed - Dry,Darkness - Lighted,Curved - view open,Veh'S Same Direction: Left Turn S/Swipe,Parallel lanes turning,0,1,0,0,1,1,1,0,0,0,0,0
256235,Medical treatment,2013,12,Sideswipe,Multi-Vehicle,152.995321,-27.473986,Milton Rd,Munro St,Auchenflower,Mount Coot-tha,Intersection - T-Junction,No traffic control,60 km/h,Sealed - Dry,Daylight,Straight,Veh'S Same Direction: Lane Side Swipe,Lane changes,0,0,1,0,1,1,0,0,0,1,0,0
256236,Medical treatment,2013,20,Hit pedestrian,Hit pedestrian,152.929746,-27.514833,Margaret Ct,Moggill Sub-Arterial Rd,Kenmore,Moggill,Intersection - T-Junction,Pedestrian operated lights,60 km/h,Sealed - Wet,Darkness - Lighted,Straight,Ped'N: Near Side Vehicle Hit From Right,Pedestrian,0,0,1,0,1,1,0,0,0,0,1,0
256238,Minor injury,2013,20,Sideswipe,Multi-Vehicle,153.0523487,-27.31223098,Bracken Ridge Rd,,Sandgate,Sandgate,No Roadway Feature,No traffic control,70 km/h,Sealed - Dry,Darkness - Not lighted,Straight,Veh'S Opposite Approach: Head On,Head-on,0,0,0,1,1,2,0,0,0,0,0,0
256242,Hospitalisation,2013,6,Angle,Multi-Vehicle,153.0396559,-27.39469255,Rode Rd,,Wavell Heights,Nudgee,No Roadway Feature,No traffic control,60 km/h,Sealed - Dry,Daylight,Straight,Veh'S Manoeuvring: Leaving Parking,Vehicle leaving driveway,0,1,0,0,1,2,0,0,0,0,0,0
256246,Hospitalisation,2013,12,Angle,Multi-Vehicle,153.0593486,-27.39628639,Cameron St,Sandgate Sub-Art Rd Service Rd,Nundah,Clayfield,Intersection - T-Junction,Give way sign,60 km/h,Sealed - Wet,Daylight,Straight,Veh'S Adjacent Approach: Thru-Right,Intersection from adjacent approaches,0,2,0,0,2,2,0,0,0,0,0,0
256247,Medical treatment,2013,15,Angle,Multi-Vehicle,153.062509,-27.428153,Kitchener Rd,Oriel Rd,Ascot,Clayfield,Intersection - T-Junction,Give way sign,60 km/h,Sealed - Wet,Daylight,Straight,Veh'S Adjacent Approach: Thru-Right,Intersection from adjacent approaches,0,0,1,0,1,1,0,0,0,0,0,1
256276,Hospitalisation,2013,19,Hit object,Single Vehicle,153.0412173,-27.43674849,Abbotsford Rd,Burrows St,Bowen Hills,Brisbane Central,Intersection - T-Junction,Operating traffic lights,60 km/h,Sealed - Dry,Darkness - Lighted,Straight,Off Path-Straight: Mounts Traffic Island,Off carriageway on straight hit object,0,1,0,0,1,1,0,0,0,0,0,0
256290,Medical treatment,2013,8,Angle,Multi-Vehicle,153.031894,-27.433306,Bowen St,Lutwyche Rd,Windsor,Brisbane Central,Intersection - T-Junction,Operating traffic lights,60 km/h,Sealed - Wet,Daylight,Straight,Veh'S Adjacent Approach: Thru-Right,Intersection from adjacent approaches,0,0,2,0,2,2,0,0,0,0,0,0
256291,Hospitalisation,2013,14,Head-on,Multi-Vehicle,153.0192726,-27.43639966,Newmarket Rd,,Wilston,Brisbane Central,No Roadway Feature,Operating traffic lights,60 km/h,Sealed - Wet,Daylight,Straight,Veh'S Opposite Approach: Head On,Head-on,0,1,0,0,1,4,0,0,0,0,0,0
256315,Medical treatment,2013,4,Angle,Multi-Vehicle,153.014701,-27.459849,College Rd,Musgrave Rd,Petrie Terrace,Mount Coot-tha,Intersection - Cross,Operating traffic lights,60 km/h,Sealed - Dry,Darkness - Lighted,Curved - view open,Veh'S Opposite Approach: Thru-Right,Opposing vehicles turning,0,0,3,0,3,2,0,0,0,0,0,0
256316,Hospitalisation,2013,18,Angle,Multi-Vehicle,152.966328,-27.50057299,Moggill Rd,Russell Tce,Indooroopilly,Indooroopilly,Intersection - T-Junction,Operating traffic lights,60 km/h,Sealed - Dry,Darkness - Lighted,Curved - view open,Veh'S Opposite Approach: Thru-Right,Opposing vehicles turning,0,3,2,0,5,2,0,0,0,0,0,0
256320,Medical treatment,2013,5,Hit parked vehicle,Single Vehicle,152.966609,-27.40272,Fiat Ave,,Mitchelton,Everton,No Roadway Feature,No traffic control,0 - 50 km/h,Sealed - Dry,Dawn/Dusk,Straight,Veh'S On Path: Parked,Hit parked vehicle,0,0,1,0,1,2,0,0,0,0,0,0
256321,Medical treatment,2013,11,Rear-end,Multi-Vehicle,152.988531,-27.434589,Victoria St,Western Arterial Rd,Ashgrove,Ashgrove,Intersection - T-Junction,Operating traffic lights,60 km/h,Sealed - Dry,Daylight,Straight,Veh'S Same Direction: Rear End,Rear-end,0,0,1,0,1,2,0,0,0,0,0,0
256337,Medical treatment,2013,5,Angle,Multi-Vehicle,152.990247,-27.445914,Kadanga St,Waterworks Rd,Ashgrove,Ashgrove,Intersection - T-Junction,Give way sign,60 km/h,Sealed - Dry,Daylight,Curved - view open,Veh'S Adjacent Approach: Thru-Right,Intersection from adjacent approaches,0,0,1,0,1,1,1,0,0,0,0,0
256338,Hospitalisation,2013,10,Angle,Multi-Vehicle,153.0054871,-27.46218175,Guthrie St,Isaac St,Paddington,Mount Coot-tha,Intersection - T-Junction,Give way sign,0 - 50 km/h,Sealed - Dry,Daylight,Straight,Veh'S Adjacent Approach: Thru-Right,Intersection from adjacent approaches,0,1,0,1,2,2,0,0,0,0,0,0
256339,Medical treatment,2013,8,Sideswipe,Multi-Vehicle,153.011062,-27.463821,Hale St,,Petrie Terrace,Mount Coot-tha,No Roadway Feature,No traffic control,60 km/h,Sealed - Dry,Daylight,Straight,Veh'S Same Direction: Rear End,Rear-end,0,0,1,0,1,2,0,0,0,0,0,0
256343,Medical treatment,2013,7,Angle,Multi-Vehicle,153.003911,-27.331326,Carseldine Rd,Linkfield Connection Rd,Bald Hills,Aspley,Intersection - T-Junction,Operating traffic lights,60 km/h,Sealed - Dry,Daylight,Straight,Veh'S Opposite Approach: Thru-Right,Opposing vehicles turning,0,0,1,0,1,1,0,1,0,0,0,0
256344,Medical treatment,2013,17,Angle,Multi-Vehicle,153.000345,-27.38948,Cilento St,Rode Rd,Mcdowall,Stafford,Intersection - T-Junction,No traffic control,60 km/h,Sealed - Dry,Daylight,Straight,Veh'S Opposite Approach: Thru-Right,Opposing vehicles turning,0,0,1,0,1,2,0,0,0,0,0,0
256347,Medical treatment,2013,5,Fall from vehicle,Single Vehicle,153.060863,-27.353468,Sandgate Sub-Arterial Rd,Stanworth Rd,Boondall,Nudgee,Intersection - T-Junction,Give way sign,60 km/h,Sealed - Dry,Daylight,Straight,Off Path-Straight:Out Of Control On Cway,Out of control on straight,0,0,1,0,1,1,1,0,0,0,0,0
256369,Minor injury,2013,8,Sideswipe,Multi-Vehicle,153.030898,-27.465317,Queen St,,Brisbane City,Brisbane Central,No Roadway Feature,No traffic control,0 - 50 km/h,Sealed - Dry,Daylight,Curved - view open,Veh'S Same Direction: Right Turn S/Swipe,Parallel lanes turning,0,0,0,1,1,2,0,0,0,0,0,0
256370,Hospitalisation,2013,6,Hit pedestrian,Hit pedestrian,153.004471,-27.45903178,Charlotte St,,Paddington,Mount Coot-tha,No Roadway Feature,No traffic control,0 - 50 km/h,Sealed - Dry,Daylight,Straight,Ped'N: Hit Other,Other,0,1,0,0,1,0,0,1,0,0,1,0
256371,Medical treatment,2013,19,Rear-end,Multi-Vehicle,153.015868,-27.46579429,Countess St,Roma St,Petrie Terrace,Brisbane Central,Intersection - Cross,Operating traffic lights,60 km/h,Sealed - Dry,Darkness - Lighted,Straight,Veh'S Same Direction: Right Rear,Rear-end,0,0,1,0,1,2,0,0,0,0,0,0
256372,Medical treatment,2013,16,Fall from vehicle,Single Vehicle,153.012988,-27.457961,Hale St,Inner City Bypass On Ramp,Red Hill,Mount Coot-tha,Intersection - Interchange,No traffic control,60 km/h,Sealed - Wet,Daylight,Curved - view open,Off Path-Curve: Out Of Control On Cway,Out of control on curve,0,0,1,0,1,0,1,0,0,0,0,0
256374,Medical treatment,2013,7,Rear-end,Multi-Vehicle,152.974313,-27.480253,Western Arterial Rd,,Mount Coot-tha,Mount Coot-tha,No Roadway Feature,No traffic control,80 - 90 km/h,Sealed - Dry,Daylight,Straight,Veh'S Same Direction: Rear End,Rear-end,0,0,1,0,1,2,0,0,0,0,0,0
256379,Medical treatment,2013,16,Rear-end,Multi-Vehicle,153.030879,-27.385682,Gympie Arterial Rd,Hamilton Rd,Chermside,Nudgee,Intersection - Cross,Operating traffic lights,60 km/h,Sealed - Dry,Daylight,Straight,Veh'S Same Direction: Right Rear,Rear-end,0,0,1,1,2,2,0,0,0,0,0,0
256388,Medical treatment,2013,8,Angle,Multi-Vehicle,153.054921,-27.428007,Reeve St,Waratah St,Clayfield,Clayfield,Intersection - Cross,Stop sign,0 - 50 km/h,Sealed - Dry,Daylight,Straight,Veh'S Adjacent Approach: Thru-Thru,Intersection from adjacent approaches,0,0,1,0,1,2,0,0,0,0,0,0
256389,Medical treatment,2013,15,Rear-end,Multi-Vehicle,153.03358,-27.423402,Lutwyche Rd,,Lutwyche,Stafford,No Roadway Feature,No traffic control,60 km/h,Sealed - Wet,Daylight,Straight,Veh'S Same Direction: Rear End,Rear-end,0,0,1,0,1,2,0,0,0,0,0,0
256390,Medical treatment,2013,15,Head-on,Multi-Vehicle,152.9433141,-27.427469,Settlement Rd,,The Gap,Ashgrove,No Roadway Feature,No traffic control,60 km/h,Sealed - Wet,Daylight,Curved - view open,Veh'S Opposite Approach: Head On,Head-on,0,0,1,0,1,2,0,0,0,0,0,0
256391,Hospitalisation,2013,16,Rear-end,Multi-Vehicle,152.9983708,-27.42429986,Samford Rd,,Alderley,Ashgrove,No Roadway Feature,No traffic control,60 km/h,Sealed - Wet,Daylight,Straight,Veh'S Same Direction: Rear End,Rear-end,0,2,0,0,2,2,0,0,0,0,0,0
256416,Medical treatment,2013,7,Fall from vehicle,Single Vehicle,153.030318,-27.465719,Eagle St,Queen St,Brisbane City,Brisbane Central,Intersection - Cross,Operating traffic lights,0 - 50 km/h,Sealed - Dry,Daylight,Straight,Pass & Misc: Fell In/From Vehicle,Other,0,0,1,0,1,0,0,0,1,0,0,0
256417,Hospitalisation,2013,8,Rear-end,Multi-Vehicle,153.0243248,-27.4617186,Little Edward St,,Spring Hill,Brisbane Central,No Roadway Feature,No traffic control,0 - 50 km/h,Sealed - Dry,Daylight,Straight,Veh'S Same Direction: Rear End,Rear-end,0,1,0,0,1,2,0,0,0,0,0,0
256418,Medical treatment,2013,10,Angle,Multi-Vehicle,153.025038,-27.456292,Gregory Tce,,Spring Hill,Brisbane Central,Intersection - T-Junction,Operating traffic lights,0 - 50 km/h,Sealed - Dry,Daylight,Curved - view open,Veh'S Opposite Approach: Thru-Right,Opposing vehicles turning,0,0,1,0,1,2,0,0,0,0,0,0
256419,Minor injury,2013,15,Rear-end,Multi-Vehicle,153.005801,-27.47269226,Coronation Dr,,Milton,Mount Coot-tha,No Roadway Feature,No traffic control,60 km/h,Sealed - Dry,Daylight,Straight,Veh'S Same Direction: Rear End,Rear-end,0,0,0,1,1,3,0,0,0,0,0,0
256423,Hospitalisation,2013,8,Angle,Multi-Vehicle,152.8860677,-27.56562148,Livesay Rd,Moggill Sub-Arterial Rd,Bellbowrie,Moggill,Intersection - T-Junction,Give way sign,60 km/h,Sealed - Dry,Daylight,Curved - view open,Veh'S Adjacent Approach: Thru-Right,Intersection from adjacent approaches,0,1,0,0,1,2,0,0,0,0,0,0
256424,Hospitalisation,2013,15,Rear-end,Multi-Vehicle,152.9570663,-27.51378304,Western Arterial Rd,,Indooroopilly,Indooroopilly,No Roadway Feature,No traffic control,80 - 90 km/h,Sealed - Dry,Daylight,Straight,Veh'S Same Direction: Rear End,Rear-end,0,2,1,0,3,4,0,0,0,0,0,0
256425,Hospitalisation,2013,14,Hit object,Single Vehicle,153.0204842,-27.3925587,Rode Rd,Webster Rd,Chermside,Stafford,Intersection - Cross,Operating traffic lights,60 km/h,Sealed - Dry,Daylight,Straight,Off Path-Straight: Mounts Traffic Island,Off carriageway on straight hit object,0,1,0,0,1,1,0,0,0,0,0,0
256426,Hospitalisation,2013,19,Rear-end,Multi-Vehicle,153.0187313,-27.4005467,Webster Rd,,Stafford Heights,Stafford,No Roadway Feature,No traffic control,60 km/h,Sealed - Wet,Darkness - Lighted,Straight,Veh'S Same Direction: Rear End,Rear-end,0,1,0,0,1,1,1,0,0,0,0,0
256428,Minor injury,2013,13,Rear-end,Multi-Vehicle,153.017025,-27.365367,Albany Creek Sub-Arterial Rd,Gympie Arterial Rd,Aspley,Aspley,Intersection - T-Junction,Operating traffic lights,60 km/h,Sealed - Dry,Daylight,Straight,Veh'S Same Direction: Rear End,Rear-end,0,0,0,1,1,2,0,0,0,0,0,0
256429,Medical treatment,2013,11,Angle,Multi-Vehicle,153.052904,-27.350116,Knight St,Muller Rd,Taigum,Sandgate,Intersection - T-Junction,Give way sign,60 km/h,Sealed - Dry,Daylight,Straight,Veh'S Adjacent Approach: Thru-Right,Intersection from adjacent approaches,0,0,1,0,1,2,0,0,0,0,0,0
256465,Medical treatment,2013,15,Angle,Multi-Vehicle,152.990247,-27.445914,Kadanga St,Waterworks Rd,Ashgrove,Ashgrove,Intersection - T-Junction,No traffic control,60 km/h,Sealed - Dry,Daylight,Straight,Veh'S Opposite Approach: Thru-Right,Opposing vehicles turning,0,0,1,0,1,2,0,0,0,0,0,0