Crash_Ref_Number,Severity,Year,Hour,Crash_Nature,Crash_Type,Longitude,Latitude,Street,Street_Intersecting,Suburb,Loc_State_Electorate,Crash_Roadway_Feature,Crash_Traffic_Control,Crash_Speed_Limit,Crash_Road_Surface_Condition,Crash_Lighting_Condition,Crash_Road_Horiz_Align,Crash_DCA_Description,Crash_DCA_Group_Description,Count_Casualty_Fatality,Count_Casualty_Hospitalised,Count_Casualty_MedicallyTreated,Count_Casualty_MinorInjury,Count_Casualty_Total,Count_Unit_Car,Count_Unit_Motorcycle_Moped,Count_Unit_Truck,Count_Unit_Bus,Count_Unit_Bicycle,Count_Unit_Pedestrian,Count_Unit_Other
256467,Medical treatment,2013,18,Rear-end,Multi-Vehicle,153.031401,-27.39014,Gympie Arterial Rd,,Chermside,Stafford,No Roadway Feature,No traffic control,60 km/h,Sealed - Dry,Dawn/Dusk,Curved - view open,Veh'S Same Direction: Rear End,Rear-end,0,0,1,0,1,3,0,0,0,0,0,0
256468,Minor injury,2013,16,Angle,Multi-Vehicle,153.009413,-27.362815,Albany Creek Sub-Arterial Rd,Railton St,Aspley,Aspley,Intersection - T-Junction,Give way sign,70 km/h,Sealed - Dry,Daylight,Curved - view open,Veh'S Adjacent Approach: Thru-Right,Intersection from adjacent approaches,0,0,0,1,1,2,0,0,0,0,0,0
256505,Hospitalisation,2013,21,Hit pedestrian,Hit pedestrian,153.0304688,-27.47222955,Alice St,,Brisbane City,Brisbane Central,No Roadway Feature,No traffic control,0 - 50 km/h,Sealed - Dry,Darkness - Lighted,Curved - view open,Ped'N: Far Side Vehicle Hit From Left,Pedestrian,0,1,0,0,1,1,0,0,0,0,1,0
256506,Hospitalisation,2013,23,Rear-end,Multi-Vehicle,153.0314507,-27.46392853,Queen St,,Brisbane City,Brisbane Central,No Roadway Feature,No traffic control,0 - 50 km/h,Sealed - Dry,Darkness - Lighted,Straight,Veh'S Same Direction: Rear End,Rear-end,0,2,0,0,2,3,0,0,0,0,0,0
256507,Hospitalisation,2013,15,Hit pedestrian,Hit pedestrian,153.00687,-27.45435677,Windsor Rd,,Red Hill,Mount Coot-tha,No Roadway Feature,No traffic control,0 - 50 km/h,Sealed - Dry,Daylight,Straight,Ped'N: Far Side Vehicle Hit From Left,Pedestrian,0,1,0,0,1,1,0,0,0,0,1,0
256510,Medical treatment,2013,6,Angle,Multi-Vehicle,152.986241,-27.490303,Moggill Rd,Union St,Taringa,Mount Coot-tha,Intersection - T-Junction,No traffic control,60 km/h,Sealed - Dry,Daylight,Straight,Veh'S Adjacant Approach: Thru-Left,Intersection from adjacent approaches,0,0,1,0,1,1,1,0,0,0,0,0
256514,Hospitalisation,2013,12,Hit object,Single Vehicle,153.0235366,-27.32552973,Caulfield St,,Bracken Ridge,Sandgate,No Roadway Feature,No traffic control,0 - 50 km/h,Sealed - Dry,Daylight,Curved - view open,Off Path-Curve: Off Cway Lt Bend Hit Obj,Off carriageway on curve hit object,0,1,0,0,1,1,0,0,0,0,0,0
256517,Hospitalisation,2013,11,Rear-end,Multi-Vehicle,153.0260953,-27.41167465,Bradley Ave,East - West Arterial Rd,Kedron,Stafford,Intersection - T-Junction,No traffic control,60 km/h,Sealed - Dry,Daylight,Straight,Veh'S Same Direction: Right Rear,Rear-end,0,1,1,0,2,2,0,0,0,0,0,0
256520,Medical treatment,2013,7,Sideswipe,Multi-Vehicle,153.062644,-27.374721,Sandgate Sub-Arterial Rd,,Virginia,Nudgee,No Roadway Feature,Operating traffic lights,70 km/h,Sealed - Dry,Daylight,Straight,Veh'S Same Direction: Lane Change Left,Lane changes,0,0,1,0,1,0,0,1,0,1,0,0
256521,Medical treatment,2013,4,Rear-end,Multi-Vehicle,153.062534,-27.337213,Gateway Arterial Rd,,Boondall,Nudgee,No Roadway Feature,No traffic control,100 - 110 km/h,Sealed - Dry,Darkness - Lighted,Straight,Veh'S Same Direction: Lane Side Swipe,Lane changes,0,0,2,0,2,2,0,0,0,0,0,0
256531,Medical treatment,2013,9,Angle,Multi-Vehicle,153.062734,-27.397756,Ryans Rd,,Nundah,Clayfield,Median Opening,Give way sign,60 km/h,Sealed - Dry,Daylight,Straight,Veh'S Adjacent Approach: Thru-Right,Intersection from adjacent approaches,0,0,1,0,1,1,1,0,0,0,0,0
256532,Medical treatment,2013,18,Rear-end,Multi-Vehicle,152.999427,-27.420321,South Pine Rd,,Alderley,Stafford,No Roadway Feature,No traffic control,60 km/h,Sealed - Dry,Dawn/Dusk,Straight,Veh'S Same Direction: Rear End,Rear-end,0,0,2,0,2,3,0,0,0,0,0,0
256555,Medical treatment,2013,16,Angle,Multi-Vehicle,153.043461,-27.453485,Commercial Rd,Doggett St,Newstead,Brisbane Central,Intersection - Cross,No traffic control,60 km/h,Sealed - Dry,Daylight,Straight,Veh'S Opposite Approach: Thru-Right,Opposing vehicles turning,0,0,1,0,1,1,0,0,0,1,0,0
256556,Hospitalisation,2013,17,Fall from vehicle,Single Vehicle,152.8791881,-27.47283473,Savages Rd,,Brookfield,Moggill,No Roadway Feature,No traffic control,60 km/h,Sealed - Dry,Dawn/Dusk,Curved - view open,Pass & Misc: Fell In/From Vehicle,Other,0,1,0,0,1,1,0,0,0,0,0,0
256569,Medical treatment,2013,9,Rear-end,Multi-Vehicle,153.070393,-27.43761,Kingsford Smith Dr,,Hamilton,Clayfield,No Roadway Feature,No traffic control,60 km/h,Sealed - Dry,Daylight,Straight,Veh'S Same Direction: Rear End,Rear-end,0,0,1,0,1,2,0,0,0,0,0,0
256585,Medical treatment,2013,19,Hit pedestrian,Hit pedestrian,153.0283553,-27.46373085,Wharf St,,Spring Hill,Brisbane Central,No Roadway Feature,No traffic control,60 km/h,Sealed - Dry,Darkness - Lighted,Straight,Ped'N: Far Side Vehicle Hit From Left,Pedestrian,0,0,1,0,1,1,0,0,0,0,1,0
256586,Medical treatment,2013,18,Angle,Multi-Vehicle,153.052634,-27.352178,Beams Rd,Muller Rd,Taigum,Nudgee,Intersection - Cross,Operating traffic lights,60 km/h,Sealed - Dry,Darkness - Lighted,Straight,Veh'S Adjacent Approach: Thru-Thru,Intersection from adjacent approaches,0,0,1,1,2,3,0,0,0,0,0,0
256587,Medical treatment,2013,17,Angle,Multi-Vehicle,153.022111,-27.347516,Beams Rd,Dorville Rd,Carseldine,Aspley,Intersection - Roundabout,Give way sign,70 km/h,Sealed - Dry,Dawn/Dusk,Straight,Veh'S Adjacent Approach: Thru-Thru,Intersection from adjacent approaches,0,0,1,0,1,2,0,0,0,0,0,0
256619,Hospitalisation,2013,10,Rear-end,Multi-Vehicle,152.9795416,-27.47795794,Western Arterial Rd,,Mount Coot-tha,Mount Coot-tha,No Roadway Feature,No traffic control,60 km/h,Sealed - Dry,Daylight,Straight,Veh'S Same Direction: Rear End,Rear-end,0,1,0,1,2,2,0,0,0,0,0,0
256620,Minor injury,2013,15,Rear-end,Multi-Vehicle,152.948163,-27.5220521,Western Arterial Rd,,Fig Tree Pocket,Moggill,No Roadway Feature,No traffic control,80 - 90 km/h,Sealed - Dry,Daylight,Straight,Veh'S Same Direction: Rear End,Rear-end,0,0,0,1,1,2,0,0,0,0,0,0
256625,Medical treatment,2013,14,Rear-end,Multi-Vehicle,153.0235997,-27.36481834,Ferrier St,Robinson Rd W,Aspley,Aspley,Intersection - T-Junction,Operating traffic lights,60 km/h,Sealed - Dry,Daylight,Straight,Veh'S Same Direction: Left Rear,Rear-end,0,0,3,0,3,2,0,0,0,0,0,0
256656,Minor injury,2013,12,Hit pedestrian,Hit pedestrian,153.022316,-27.469688,George St,,Brisbane City,Brisbane Central,No Roadway Feature,No traffic control,0 - 50 km/h,Sealed - Dry,Daylight,Straight,Ped'N: Hit Other,Other,0,0,0,1,1,1,0,0,0,0,1,0
256657,Medical treatment,2013,19,Angle,Multi-Vehicle,153.0262598,-27.47288187,Mary St,,Brisbane City,Brisbane Central,No Roadway Feature,No traffic control,0 - 50 km/h,Sealed - Dry,Darkness - Lighted,Straight,Veh'S Same Direction: Right Turn S/Swipe,Parallel lanes turning,0,0,1,0,1,1,0,0,0,1,0,0
256658,Hospitalisation,2013,20,Hit pedestrian,Hit pedestrian,153.0042792,-27.47004276,Park Rd,,Milton,Mount Coot-tha,No Roadway Feature,No traffic control,60 km/h,Sealed - Dry,Darkness - Lighted,Straight,Ped'N: Near Side Vehicle Hit From Right,Pedestrian,0,1,0,0,1,1,0,0,0,0,1,0
256661,Hospitalisation,2013,1,Hit pedestrian,Hit pedestrian,152.9717129,-27.50144395,Finney Rd,Station Rd,Indooroopilly,Indooroopilly,Intersection - T-Junction,No traffic control,0 - 50 km/h,Sealed - Dry,Darkness - Lighted,Curved - view open,Ped'N: Play; Work; Stand; Lie On C'Way,Pedestrian,0,1,0,0,1,0,0,0,0,0,1,1
256662,Medical treatment,2013,16,Angle,Multi-Vehicle,152.9831786,-27.48344065,Woodstock Rd,,Toowong,Mount Coot-tha,No Roadway Feature,No traffic control,0 - 50 km/h,Sealed - Dry,Dawn/Dusk,Straight,Veh'S Manoeuvring: Entering From Footway,Vehicle leaving driveway,0,0,1,0,1,1,1,0,0,0,0,0
256665,Minor injury,2013,7,Rear-end,Multi-Vehicle,153.0347636,-27.34950114,Beams Rd,,Fitzgibbon,Sandgate,No Roadway Feature,No traffic control,60 km/h,Sealed - Dry,Daylight,Straight,Veh'S Same Direction: Rear End,Rear-end,0,0,0,1,1,2,0,0,0,0,0,0
256673,Medical treatment,2013,18,Angle,Multi-Vehicle,152.992883,-27.423086,Bond St,Samford Rd,Enoggera,Ashgrove,Intersection - Cross,Give way sign,60 km/h,Sealed - Dry,Darkness - Lighted,Straight,Veh'S Adjacent Approach: Right-Thru,Intersection from adjacent approaches,0,0,1,1,2,2,0,0,0,0,0,0
256696,Medical treatment,2013,7,Rear-end,Multi-Vehicle,153.015259,-27.45772346,Inner City Bypass,,Kelvin Grove,Brisbane Central,No Roadway Feature,No traffic control,60 km/h,Sealed - Dry,Daylight,Straight,Veh'S Same Direction: Rear End,Rear-end,0,0,1,1,2,4,0,0,0,0,0,0
256697,Medical treatment,2013,15,Hit pedestrian,Hit pedestrian,152.990504,-27.485324,Jephson St,Sherwood Rd,Toowong,Mount Coot-tha,Intersection - Cross,Operating traffic lights,0 - 50 km/h,Sealed - Dry,Daylight,Straight,Ped'N: Near Side Vehicle Hit From Right,Pedestrian,0,0,1,0,1,1,0,0,0,0,1,0
256698,Medical treatment,2013,8,Rear-end,Multi-Vehicle,152.9631545,-27.5032942,Western Arterial Rd,,Indooroopilly,Indooroopilly,No Roadway Feature,No traffic control,80 - 90 km/h,Sealed - Dry,Daylight,Straight,Veh'S Same Direction: Rear End,Rear-end,0,0,1,0,1,2,0,0,0,0,0,0
256701,Hospitalisation,2013,12,Hit pedestrian,Hit pedestrian,153.030536,-27.38451163,Bouchard St,Gympie Arterial Rd,Chermside,Nudgee,Intersection - T-Junction,Pedestrian crossing sign,0 - 50 km/h,Sealed - Dry,Daylight,Straight,Ped'N: Hit By Vehicle Enter/Leave D'Way,Pedestrian,0,1,0,0,1,1,0,0,0,0,1,0
256702,Minor injury,2013,6,Hit object,Single Vehicle,153.011601,-27.39067,Maundrell Tce,,Chermside West,Stafford,No Roadway Feature,No traffic control,60 km/h,Sealed - Dry,Daylight,Straight,Off Path-Straight: Left Off Cway Hit Obj,Off carriageway on straight hit object,0,0,0,1,1,1,1,0,0,0,0,0
256712,Medical treatment,2013,8,Angle,Multi-Vehicle,153.070613,-27.400366,Amelia St,Nellie St,Nundah,Nudgee,Intersection - Cross,Stop sign,0 - 50 km/h,Sealed - Dry,Daylight,Straight,Veh'S Adjacent Approach: Thru-Thru,Intersection from adjacent approaches,0,0,1,0,1,2,0,0,0,0,0,0
256713,Minor injury,2013,7,Angle,Multi-Vehicle,152.979339,-27.417881,Mitcham St,Taylors Rd,Gaythorne,Ashgrove,Intersection - T-Junction,No traffic control,0 - 50 km/h,Sealed - Dry,Daylight,Straight,Veh'S Same Direction: Right Turn S/Swipe,Parallel lanes turning,0,0,0,1,1,1,1,0,0,0,0,0
256737,Minor injury,2013,0,Angle,Multi-Vehicle,153.027859,-27.466239,Adelaide St,Creek St,Brisbane City,Brisbane Central,Intersection - Cross,Operating traffic lights,0 - 50 km/h,Sealed - Dry,Darkness - Lighted,Straight,Veh'S Adjacent Approach: Thru-Thru,Intersection from adjacent approaches,0,0,0,1,1,2,0,0,0,0,0,0
256767,Medical treatment,2013,13,Hit pedestrian,Hit pedestrian,153.030261,-27.4663288,Eagle St,,Brisbane City,Brisbane Central,No Roadway Feature,No traffic control,0 - 50 km/h,Sealed - Dry,Daylight,Straight,Ped'N: Hit Facing Traffic,Pedestrian,0,0,1,0,1,1,0,0,0,0,1,0
256768,Minor injury,2013,14,Rear-end,Multi-Vehicle,153.0108007,-27.40968299,East - West Arterial Rd,,Stafford,Stafford,No Roadway Feature,No traffic control,60 km/h,Sealed - Dry,Daylight,Straight,Veh'S Same Direction: Rear End,Rear-end,0,0,0,1,1,4,0,0,0,0,0,0
256772,Medical treatment,2013,12,Rear-end,Multi-Vehicle,153.0282073,-27.3771307,Gympie Arterial Rd,,Aspley,Aspley,No Roadway Feature,No traffic control,60 km/h,Sealed - Dry,Daylight,Straight,Veh'S Same Direction: Rear End,Rear-end,0,0,1,0,1,3,0,0,0,0,0,0
256784,Hospitalisation,2013,17,Angle,Multi-Vehicle,153.0508209,-27.41401946,Park Ave,Sydney St,Clayfield,Clayfield,Intersection - Cross,Give way sign,0 - 50 km/h,Sealed - Dry,Darkness - Lighted,Straight,Veh'S Adjacent Approach: Thru-Thru,Intersection from adjacent approaches,0,1,0,0,1,1,1,0,0,0,0,0
256785,Medical treatment,2013,16,Rear-end,Multi-Vehicle,153.0309647,-27.438082,Lutwyche Rd,Newmarket Rd,Windsor,Brisbane Central,Intersection - T-Junction,Operating traffic lights,60 km/h,Sealed - Dry,Daylight,Straight,Veh'S Same Direction: Rear End,Rear-end,0,0,1,0,1,2,0,0,0,0,0,0
256786,Medical treatment,2013,19,Rear-end,Multi-Vehicle,153.0317733,-27.43456332,Lutwyche Rd,,Windsor,Brisbane Central,No Roadway Feature,No traffic control,60 km/h,Sealed - Dry,Darkness - Lighted,Straight,Veh'S Same Direction: Rear End,Rear-end,0,0,2,0,2,2,0,0,0,0,0,0
256787,Medical treatment,2013,18,Hit object,Single Vehicle,152.952907,-27.414829,Keperra St,Samford Sub-Arterial Rd,Keperra,Ferny Grove,Intersection - T-Junction,No traffic control,70 km/h,Sealed - Dry,Darkness - Lighted,Straight,Off Path-Straight: Mounts Traffic Island,Off carriageway on straight hit object,0,0,1,0,1,1,0,0,0,0,0,0
256811,Medical treatment,2013,12,Hit pedestrian,Hit pedestrian,152.972123,-27.498516,Musgrave Rd,,Indooroopilly,Indooroopilly,No Roadway Feature,No traffic control,0 - 50 km/h,Sealed - Dry,Daylight,Straight,Ped'N: Near Side Vehicle Hit From Right,Pedestrian,0,0,1,0,1,1,0,0,0,0,1,0
256812,Medical treatment,2013,16,Angle,Multi-Vehicle,153.011795,-27.494675,Campbell Rd,Sir William Macgregor Dr,St Lucia,Indooroopilly,Intersection - Roundabout,Give way sign,0 - 50 km/h,Sealed - Dry,Daylight,Straight,Veh'S Opposite Approach: Thru-Right,Opposing vehicles turning,0,0,1,0,1,2,0,0,0,0,0,0
256814,Hospitalisation,2013,16,Angle,Multi-Vehicle,153.013297,-27.35557083,Graham Rd,,Carseldine,Aspley,No Roadway Feature,No traffic control,60 km/h,Sealed - Dry,Daylight,Straight,Veh'S Manoeuvring: Leaving Driveway,Vehicle leaving driveway,0,1,0,0,1,2,0,0,0,0,0,0
256818,Hospitalisation,2013,14,Angle,Multi-Vehicle,153.0638037,-27.40877235,Masefield St,Melton Rd,Nundah,Nudgee,Intersection - T-Junction,Stop sign,0 - 50 km/h,Sealed - Dry,Daylight,Straight,Veh'S Adjacant Approach: Thru-Left,Intersection from adjacent approaches,0,1,0,0,1,1,1,0,0,0,0,0
256846,Hospitalisation,2013,16,Angle,Multi-Vehicle,153.0714364,-27.3792173,Blinzinger Rd,St Vincents Rd,Banyo,Nudgee,Intersection - Cross,Stop sign,60 km/h,Sealed - Dry,Daylight,Straight,Veh'S Adjacent Approach: Thru-Thru,Intersection from adjacent approaches,0,1,2,0,3,2,0,0,0,0,0,0
256847,Medical treatment,2013,18,Angle,Multi-Vehicle,153.064864,-27.402371,Melton Rd,York St,Nundah,Nudgee,Intersection - Cross,Stop sign,60 km/h,Sealed - Dry,Darkness - Lighted,Straight,Veh'S Adjacent Approach: Right-Thru,Intersection from adjacent approaches,0,0,1,1,2,2,0,0,0,0,0,0
256848,Medical treatment,2013,17,Sideswipe,Multi-Vehicle,153.031658,-27.402716,Gympie Arterial Rd,Oliver St,Kedron,Clayfield,Intersection - T-Junction,No traffic control,60 km/h,Sealed - Dry,Daylight,Straight,Veh'S Same Direction: Lane Side Swipe,Lane changes,0,0,1,0,1,2,0,0,0,0,0,0
256864,Medical treatment,2013,9,Fall from vehicle,Single Vehicle,152.9940027,-27.48487135,Archer St,Coronation Dr,Toowong,Mount Coot-tha,Intersection - T-Junction,No traffic control,60 km/h,Sealed - Dry,Daylight,Straight,Pass & Misc: Fell In/From Vehicle,Other,0,0,1,0,1,0,0,0,1,0,0,0
256865,Medical treatment,2013,14,Angle,Multi-Vehicle,152.963203,-27.50264899,Moggill Sub-Arterial Rd,Western Arterial Rd,Indooroopilly,Indooroopilly,Intersection - Interchange,Operating traffic lights,60 km/h,Sealed - Dry,Daylight,Straight,Veh'S Adjacent Approach: Thru-Right,Intersection from adjacent approaches,0,0,1,0,1,2,0,0,0,0,0,0
256866,Hospitalisation,2013,16,Angle,Multi-Vehicle,153.0621709,-27.29334651,Beaconsfield Tce,Eighteenth Ave,Brighton,Sandgate,Intersection - T-Junction,Give way sign,60 km/h,Sealed - Dry,Daylight,Straight,Veh'S Adjacent Approach: Thru-Right,Intersection from adjacent approaches,0,1,0,1,2,2,0,0,0,0,0,0
256867,Hospitalisation,2013,18,Rear-end,Multi-Vehicle,153.031448,-27.38952561,Gympie Arterial Rd,,Chermside,Nudgee,No Roadway Feature,No traffic control,60 km/h,Sealed - Dry,Darkness - Lighted,Straight,Veh'S Same Direction: Rear End,Rear-end,0,1,0,0,1,3,0,0,0,0,0,0
256872,Hospitalisation,2013,10,Angle,Multi-Vehicle,153.0459988,-27.3956575,Deloraine St,Rode Rd,Wavell Heights,Clayfield,Intersection - T-Junction,No traffic control,60 km/h,Sealed - Dry,Daylight,Straight,Veh'S Opposite Approach: Thru-Right,Opposing vehicles turning,0,1,1,0,2,2,0,0,0,0,0,0
256898,Hospitalisation,2013,16,Rear-end,Multi-Vehicle,152.9982906,-27.40434385,Page St,Trouts Rd,Everton Park,Stafford,Intersection - T-Junction,No traffic control,60 km/h,Sealed - Dry,Daylight,Curved - view open,Veh'S Same Direction: Rear End,Rear-end,0,1,0,0,1,3,0,0,0,0,0,0
256901,Medical treatment,2013,9,Rear-end,Multi-Vehicle,153.030005,-27.382085,Gympie Arterial Rd,,Chermside,Nudgee,No Roadway Feature,No traffic control,60 km/h,Sealed - Wet,Daylight,Straight,Veh'S Same Direction: Rear End,Rear-end,0,0,2,0,2,3,0,0,0,0,0,0
256902,Medical treatment,2013,17,Rear-end,Multi-Vehicle,153.061727,-27.366949,Sandgate Sub-Arterial Rd,,Virginia,Nudgee,No Roadway Feature,No traffic control,70 km/h,Sealed - Dry,Daylight,Straight,Veh'S Same Direction: Rear End,Rear-end,0,0,1,0,1,2,0,0,0,0,0,0
256909,Medical treatment,2013,12,Angle,Multi-Vehicle,153.072842,-27.40331,Nudgee Rd,York St,Nundah,Nudgee,Intersection - T-Junction,Give way sign,60 km/h,Sealed - Dry,Daylight,Curved - view open,Veh'S Adjacent Approach: Right-Right,Intersection from adjacent approaches,0,0,1,0,1,2,0,0,0,0,0,0
256926,Hospitalisation,2013,19,Angle,Multi-Vehicle,153.0405605,-27.45276347,Ann St,Commercial Rd,Fortitude Valley,Brisbane Central,Intersection - Cross,Operating traffic lights,60 km/h,Sealed - Dry,Darkness - Lighted,Straight,Veh'S Adjacent Approach: Thru-Thru,Intersection from adjacent approaches,0,1,1,0,2,2,0,0,0,0,0,0
256927,Hospitalisation,2013,7,Hit pedestrian,Hit pedestrian,152.9744389,-27.50204993,Riverview Tce,Station Rd,Indooroopilly,Indooroopilly,Intersection - T-Junction,Operating traffic lights,0 - 50 km/h,Sealed - Dry,Daylight,Straight,Ped'N: Near Side Vehicle Hit From Right,Pedestrian,0,1,0,0,1,1,0,0,0,0,1,0
256967,Hospitalisation,2013,8,Hit object,Single Vehicle,152.9884561,-27.44567396,Waterworks Rd,,Ashgrove,Ashgrove,No Roadway Feature,No traffic control,60 km/h,Sealed - Dry,Daylight,Curved - view open,Off Path-Curve: Off Cway Rt Bend Hit Obj,Off carriageway on curve hit object,0,1,0,0,1,0,1,0,0,0,0,0
256968,Medical treatment,2013,12,Rear-end,Multi-Vehicle,153.026525,-27.474008,George St,Margaret St,Brisbane City,Brisbane Central,Intersection - Cross,Operating traffic lights,0 - 50 km/h,Sealed - Dry,Daylight,Straight,Veh'S Manoeuvring: Parking Veh'S Only,Other,0,0,1,0,1,1,0,0,1,0,0,0
256969,Hospitalisation,2013,8,Sideswipe,Multi-Vehicle,153.0293766,-27.44794156,Bowen Bridge Rd,O'Connell Tce,Bowen Hills,Brisbane Central,Intersection - T-Junction,Operating traffic lights,60 km/h,Sealed - Dry,Daylight,Curved - view open,Veh'S Same Direction: Left Turn S/Swipe,Parallel lanes turning,0,1,0,0,1,0,1,1,0,0,0,0
257015,Hospitalisation,2013,16,Fall from vehicle,Single Vehicle,152.9003923,-27.43228159,Mount Nebo Rd,,Enoggera Reservoir,Ashgrove,No Roadway Feature,No traffic control,60 km/h,Sealed - Dry,Daylight,Curved - view open,Off Path-Curve: Out Of Control On Cway,Out of control on curve,0,1,0,0,1,0,1,0,0,0,0,0
257016,Hospitalisation,2013,7,Angle,Multi-Vehicle,153.0493634,-27.4542224,Ethel St,Vernon Tce,Teneriffe,Brisbane Central,Intersection - T-Junction,No traffic control,60 km/h,Sealed - Dry,Daylight,Straight,Veh'S Opposite Approach: Thru-Right,Opposing vehicles turning,0,1,0,0,1,1,1,0,0,0,0,0
257019,Minor injury,2013,16,Rear-end,Multi-Vehicle,152.974263,-27.49703,Moggill Rd,,Indooroopilly,Indooroopilly,No Roadway Feature,No traffic control,60 km/h,Sealed - Dry,Daylight,Curved - view open,Veh'S Same Direction: Rear End,Rear-end,0,0,0,1,1,2,0,0,1,0,0,0
257030,Minor injury,2013,8,Angle,Multi-Vehicle,153.021304,-27.427741,Antill St,Eighth Ave,Wilston,Stafford,Intersection - Cross,Give way sign,0 - 50 km/h,Sealed - Dry,Daylight,Straight,Veh'S Adjacent Approach: Thru-Thru,Intersection from adjacent approaches,0,0,0,1,1,2,0,0,0,0,0,0
257031,Medical treatment,2013,17,Sideswipe,Multi-Vehicle,152.986439,-27.400659,Everton Park - Albany Creek Rd,South Pine Rd,Everton Park,Everton,Intersection - T-Junction,No traffic control,60 km/h,Sealed - Dry,Daylight,Curved - view obscured,Veh'S Same Direction: Lane Change Left,Lane changes,0,0,1,0,1,1,1,0,0,0,0,0
257058,Medical treatment,2013,16,Angle,Multi-Vehicle,152.9880167,-27.43863633,Frasers Rd,Western Arterial Rd,Ashgrove,Ashgrove,Intersection - T-Junction,Operating traffic lights,60 km/h,Sealed - Dry,Daylight,Curved - view open,Veh'S Opposite Approach: Thru-Right,Opposing vehicles turning,0,0,1,0,1,2,0,0,0,0,0,0
257059,Hospitalisation,2013,13,Rear-end,Multi-Vehicle,153.0422776,-27.46414246,Brunswick St,,New Farm,Brisbane Central,No Roadway Feature,No traffic control,0 - 50 km/h,Sealed - Dry,Daylight,Straight,Veh'S Same Direction: Rear End,Rear-end,0,1,0,0,1,5,0,0,0,0,0,0
257060,Hospitalisation,2013,11,Sideswipe,Multi-Vehicle,152.9639921,-27.50216202,Moggill Rd,,Indooroopilly,Indooroopilly,No Roadway Feature,No traffic control,60 km/h,Sealed - Dry,Daylight,Straight,Veh'S Same Direction: Lane Side Swipe,Lane changes,0,1,0,0,1,5,0,0,0,0,0,0
257061,Medical treatment,2013,15,Angle,Multi-Vehicle,153.0421477,-27.32862298,Denham St,Phillips St,Bracken Ridge,Sandgate,Intersection - T-Junction,Give way sign,60 km/h,Sealed - Dry,Daylight,Straight,Veh'S Adjacent Approach: Thru-Right,Intersection from adjacent approaches,0,0,1,0,1,2,0,0,0,0,0,0
257067,Minor injury,2013,13,Angle,Multi-Vehicle,152.962118,-27.406887,Dawson Pde,,Keperra,Everton,No Roadway Feature,No traffic control,0 - 50 km/h,Sealed - Dry,Daylight,Straight,Veh'S Manoeuvring: Entering From Footway,Vehicle leaving driveway,0,0,0,1,1,2,0,0,0,0,0,0
257068,Hospitalisation,2013,12,Angle,Multi-Vehicle,153.0117447,-27.43534174,Newmarket Rd,Wilston Rd,Newmarket,Stafford,Intersection - T-Junction,Operating traffic lights,60 km/h,Sealed - Dry,Daylight,Curved - view open,Veh'S Opposite Approach: Thru-Right,Opposing vehicles turning,0,1,0,0,1,2,0,0,0,0,0,0
257090,Hospitalisation,2013,3,Hit object,Single Vehicle,153.0388965,-27.45453748,Ann St,Wandoo St,Fortitude Valley,Brisbane Central,Intersection - T-Junction,No traffic control,60 km/h,Sealed - Dry,Darkness - Lighted,Straight,Veh'S Manoeuvring: Rev Into Fixed Object,Other,0,1,0,0,1,1,0,0,0,0,0,0
257091,Hospitalisation,2013,10,Hit object,Single Vehicle,153.0466954,-27.33045954,Depot Rd,,Deagon,Sandgate,No Roadway Feature,No traffic control,60 km/h,Sealed - Dry,Daylight,Straight,Veh'S On Path: Temporary Object On C'Way,Other,0,1,0,0,1,0,1,0,0,0,0,0
257096,Medical treatment,2013,9,Rear-end,Multi-Vehicle,153.021908,-27.384564,Hamilton Rd,Webster Rd,Chermside,Stafford,Intersection - Roundabout,Give way sign,60 km/h,Sealed - Dry,Daylight,Straight,Veh'S Same Direction: Rear End,Rear-end,0,0,1,0,1,2,0,0,0,0,0,0
257099,Hospitalisation,2013,12,Hit pedestrian,Hit pedestrian,153.0585447,-27.39776039,Rode Rd,,Wavell Heights,Clayfield,No Roadway Feature,No traffic control,60 km/h,Sealed - Dry,Daylight,Straight,Ped'N: Far Side Vehicle Hit From Left,Pedestrian,0,1,0,0,1,1,0,0,0,0,1,0
257114,Medical treatment,2013,15,Rear-end,Multi-Vehicle,153.015555,-27.464014,Countess St,,Petrie Terrace,Mount Coot-tha,No Roadway Feature,No traffic control,60 km/h,Sealed - Dry,Daylight,Straight,Veh'S Same Direction: Rear End,Rear-end,0,0,1,0,1,3,0,0,0,0,0,0
257116,Hospitalisation,2013,5,Angle,Multi-Vehicle,153.0478342,-27.31153657,Gateway Art Rd Ramp G,Gateway Art Rd Ramp H,Sandgate,Sandgate,Intersection - Interchange,No traffic control,60 km/h,Sealed - Dry,Darkness - Lighted,Curved - view open,Veh'S Opposite Approach: Thru-Right,Opposing vehicles turning,0,1,0,1,2,0,1,0,0,1,0,0
257117,Medical treatment,2013,12,Angle,Multi-Vehicle,153.007764,-27.409218,East - West Arterial Rd,Shand St,Stafford,Stafford,Intersection - Cross,Operating traffic lights,60 km/h,Sealed - Dry,Daylight,Straight,Veh'S Adjacent Approach: Thru-Thru,Intersection from adjacent approaches,0,0,1,0,1,2,0,0,0,0,0,0
257118,Hospitalisation,2013,18,Hit pedestrian,Hit pedestrian,153.030853,-27.39340761,Gympie Arterial Rd,Rode Rd,Chermside,Stafford,Intersection - Cross,Operating traffic lights,60 km/h,Sealed - Dry,Dawn/Dusk,Straight,Ped'N: Far Side Vehicle Hit From Left,Pedestrian,0,1,0,0,1,1,0,0,0,0,1,0