Crash_Ref_Number,Severity,Year,Hour,Crash_Nature,Crash_Type,Longitude,Latitude,Street,Street_Intersecting,Suburb,Loc_State_Electorate,Crash_Roadway_Feature,Crash_Traffic_Control,Crash_Speed_Limit,Crash_Road_Surface_Condition,Crash_Lighting_Condition,Crash_Road_Horiz_Align,Crash_DCA_Description,Crash_DCA_Group_Description,Count_Casualty_Fatality,Count_Casualty_Hospitalised,Count_Casualty_MedicallyTreated,Count_Casualty_MinorInjury,Count_Casualty_Total,Count_Unit_Car,Count_Unit_Motorcycle_Moped,Count_Unit_Truck,Count_Unit_Bus,Count_Unit_Bicycle,Count_Unit_Pedestrian,Count_Unit_Other
257119,Medical treatment,2013,9,Angle,Multi-Vehicle,153.056971,-27.366041,Bilsen Rd,,Geebung,Nudgee,No Roadway Feature,No traffic control,60 km/h,Sealed - Dry,Daylight,Straight,Veh'S Manoeuvring: Leaving Driveway,Vehicle leaving driveway,0,0,1,0,1,2,0,0,0,0,0,0
257120,Medical treatment,2013,8,Rear-end,Multi-Vehicle,153.062057,-27.368833,Sandgate Sub-Arterial Rd,,Virginia,Nudgee,No Roadway Feature,No traffic control,60 km/h,Sealed - Dry,Daylight,Straight,Veh'S Same Direction: Rear End,Rear-end,0,0,1,0,1,2,0,0,0,0,0,0
257135,Medical treatment,2013,13,Angle,Multi-Vehicle,153.006987,-27.454139,Windsor Rd,,Red Hill,Mount Coot-tha,No Roadway Feature,No traffic control,0 - 50 km/h,Sealed - Dry,Daylight,Straight,Veh'S Same Direction: Lane Change Left,Lane changes,0,0,1,0,1,1,1,0,0,0,0,0
257139,Medical treatment,2013,13,Rear-end,Multi-Vehicle,153.015778,-27.3639417,Albany Creek Sub-Arterial Rd,Maundrell Tce,Aspley,Aspley,Intersection - Cross,Operating traffic lights,60 km/h,Sealed - Dry,Daylight,Straight,Veh'S Same Direction: Rear End,Rear-end,0,0,1,0,1,2,0,0,0,0,0,0
257147,Medical treatment,2013,17,Angle,Multi-Vehicle,153.064391,-27.416778,Junction Rd,Zillman Rd,Hendra,Clayfield,Intersection - T-Junction,Stop sign,60 km/h,Sealed - Dry,Dawn/Dusk,Straight,Veh'S Adjacent Approach: Thru-Right,Intersection from adjacent approaches,0,0,1,0,1,1,1,0,0,0,0,0
257173,Medical treatment,2013,17,Fall from vehicle,Single Vehicle,153.0028161,-27.45146077,Waterworks Rd,,Red Hill,Mount Coot-tha,No Roadway Feature,No traffic control,60 km/h,Sealed - Dry,Darkness - Lighted,Curved - view open,Off Path-Curve: Out Of Control On Cway,Out of control on curve,0,0,1,0,1,0,1,0,0,0,0,0
257174,Medical treatment,2013,8,Rear-end,Multi-Vehicle,153.040287,-27.442558,Edmondstone Rd,Thompson St,Bowen Hills,Brisbane Central,Intersection - T-Junction,Give way sign,0 - 50 km/h,Sealed - Dry,Daylight,Straight,Veh'S Same Direction: Left Rear,Rear-end,0,0,1,0,1,2,0,0,0,0,0,0
257176,Hospitalisation,2013,14,Hit object,Single Vehicle,152.8976013,-27.54407448,Pinjarra Rd,Vyner St,Pinjarra Hills,Moggill,Intersection - T-Junction,Give way sign,60 km/h,Sealed - Dry,Daylight,Curved - view open,Off Path-Curve: Off Cway Lt Bend Hit Obj,Off carriageway on curve hit object,0,1,0,0,1,1,0,0,0,0,0,0
257178,Medical treatment,2013,8,Angle,Multi-Vehicle,153.013244,-27.317827,Gympie Arterial Rd,Strathpine Sub-Arterial Rd,Bald Hills,Aspley,Intersection - Interchange,Operating traffic lights,60 km/h,Sealed - Dry,Daylight,Straight,Veh'S Adjacent Approach: Thru-Right,Intersection from adjacent approaches,0,0,1,0,1,2,0,0,0,0,0,0
257183,Medical treatment,2013,13,Rear-end,Multi-Vehicle,153.015819,-27.355275,Graham Rd,Gympie Arterial Rd,Carseldine,Aspley,Intersection - T-Junction,Operating traffic lights,70 km/h,Sealed - Dry,Daylight,Straight,Veh'S Same Direction: Lane Side Swipe,Lane changes,0,0,1,1,2,2,0,0,0,0,0,0
257207,Medical treatment,2013,8,Sideswipe,Multi-Vehicle,153.015867,-27.465577,Countess St,,Petrie Terrace,Brisbane Central,No Roadway Feature,No traffic control,60 km/h,Sealed - Dry,Daylight,Straight,Veh'S Same Direction: Lane Side Swipe,Lane changes,0,0,1,0,1,4,0,0,0,0,0,0
257208,Medical treatment,2013,11,Hit object,Single Vehicle,152.993459,-27.485098,Benson St,,Toowong,Mount Coot-tha,No Roadway Feature,No traffic control,60 km/h,Sealed - Dry,Daylight,Curved - view open,Off Path-Curve: Off Cway Rt Bend Hit Obj,Off carriageway on curve hit object,0,0,1,0,1,1,0,0,0,0,0,0
257209,Medical treatment,2013,6,Angle,Multi-Vehicle,152.990883,-27.50223272,Carawa St,Indooroopilly Rd,St Lucia,Indooroopilly,Intersection - Roundabout,Give way sign,60 km/h,Sealed - Dry,Darkness - Lighted,Straight,Veh'S Adjacant Approach: Thru-Left,Intersection from adjacent approaches,0,0,1,0,1,1,0,0,0,1,0,0
257222,Medical treatment,2013,6,Rear-end,Multi-Vehicle,153.0340103,-27.41229271,Gympie Arterial Rd,,Kedron,Clayfield,No Roadway Feature,No traffic control,60 km/h,Sealed - Dry,Daylight,Curved - view open,Veh'S Same Direction: Rear End,Rear-end,0,0,1,0,1,2,1,0,0,0,0,0
257223,Hospitalisation,2013,5,Sideswipe,Multi-Vehicle,153.1383647,-27.41586275,Pamela St,,Pinkenba,Clayfield,No Roadway Feature,No traffic control,60 km/h,Sealed - Dry,Daylight,Straight,Veh'S Same Direction: Left Turn S/Swipe,Parallel lanes turning,0,1,0,0,1,1,1,0,0,0,0,0
257246,Hospitalisation,2013,23,Angle,Multi-Vehicle,153.011338,-27.4686667,Coronation Dr,Go Between Bridge,Brisbane City,Brisbane Central,Intersection - Cross,Operating traffic lights,60 km/h,Sealed - Dry,Darkness - Lighted,Straight,Veh'S Adjacent Approach: Thru-Thru,Intersection from adjacent approaches,0,1,0,0,1,1,0,0,1,0,0,0
257247,Medical treatment,2013,9,Angle,Multi-Vehicle,153.011364,-27.4624278,Hale St,,Paddington,Mount Coot-tha,No Roadway Feature,No traffic control,60 km/h,Unsealed - Dry,Daylight,Straight,Veh'S Same Direction: Lane Change Left,Lane changes,0,0,1,0,1,1,0,1,0,0,0,0
257248,Medical treatment,2013,15,Angle,Multi-Vehicle,153.029834,-27.44541566,Bowen Bridge Rd,,Bowen Hills,Brisbane Central,Median Opening,No traffic control,60 km/h,Sealed - Dry,Daylight,Straight,Veh'S Opposite Approach: U-Turn,U-turn,0,0,1,0,1,2,0,0,0,0,0,0
257249,Medical treatment,2013,23,Rear-end,Multi-Vehicle,152.98998,-27.488191,High St,Jephson St,Toowong,Mount Coot-tha,Intersection - Cross,Operating traffic lights,60 km/h,Sealed - Wet,Darkness - Not lighted,Curved - view open,Veh'S Same Direction: Rear End,Rear-end,0,0,1,0,1,2,0,0,0,0,0,0
257251,Medical treatment,2013,17,Angle,Multi-Vehicle,153.026407,-27.411764,Beaconsfield Tce,East - West Arterial Rd,Gordon Park,Stafford,Intersection - T-Junction,No traffic control,60 km/h,Sealed - Dry,Darkness - Lighted,Straight,Veh'S Opposite Approach: Thru-Right,Opposing vehicles turning,0,0,1,0,1,1,1,0,0,0,0,0
257291,Medical treatment,2013,13,Rear-end,Multi-Vehicle,153.045973,-27.461518,James St,,New Farm,Brisbane Central,No Roadway Feature,No traffic control,0 - 50 km/h,Sealed - Dry,Daylight,Straight,Veh'S Same Direction: Rear End,Rear-end,0,0,1,0,1,2,0,0,0,0,0,0
257293,Medical treatment,2013,17,Rear-end,Multi-Vehicle,152.957973,-27.511663,Western Arterial Rd,,Indooroopilly,Moggill,No Roadway Feature,No traffic control,80 - 90 km/h,Sealed - Dry,Darkness - Lighted,Straight,Veh'S Same Direction: Rear End,Rear-end,0,0,2,0,2,2,0,0,0,0,0,0
257295,Medical treatment,2013,15,Hit object,Single Vehicle,153.026335,-27.316343,Rinnicrew St,,Bracken Ridge,Sandgate,No Roadway Feature,No traffic control,0 - 50 km/h,Sealed - Wet,Daylight,Straight,Off Path-Straight:Right Off Cway Hit Obj,Off carriageway on straight hit object,0,0,1,0,1,1,0,0,0,0,0,0
257296,Medical treatment,2013,11,Rear-end,Multi-Vehicle,153.077244,-27.326344,Gowen St,Palm Ave,Shorncliffe,Sandgate,Intersection - T-Junction,Railway - lights and boom gate,60 km/h,Sealed - Dry,Daylight,Straight,Veh'S Same Direction: Rear End,Rear-end,0,0,1,0,1,2,0,0,0,0,0,0
257304,Medical treatment,2013,14,Rear-end,Multi-Vehicle,153.018849,-27.43106,Kedron Brook Rd,Main Ave,Wilston,Stafford,Intersection - T-Junction,No traffic control,0 - 50 km/h,Sealed - Wet,Daylight,Straight,Veh'S Same Direction: Rear End,Rear-end,0,0,1,0,1,3,0,0,0,0,0,0
257305,Hospitalisation,2013,21,Hit pedestrian,Hit pedestrian,153.063916,-27.43938731,Kingsford Smith Dr,,Hamilton,Clayfield,No Roadway Feature,No traffic control,60 km/h,Sealed - Dry,Darkness - Lighted,Straight,Ped'N: Far Side Vehicle Hit From Left,Pedestrian,0,1,0,0,1,1,0,0,0,0,1,0
257330,Hospitalisation,2013,12,Rear-end,Multi-Vehicle,153.0211649,-27.47088162,South East Arterial Rd,,Brisbane City,Brisbane Central,No Roadway Feature,No traffic control,60 km/h,Sealed - Dry,Daylight,Straight,Veh'S Same Direction: Rear End,Rear-end,0,1,1,0,2,3,0,0,0,0,0,0
257331,Hospitalisation,2013,3,Hit object,Single Vehicle,152.9435194,-27.50378216,Carissa Pl,Maculata Dr,Chapel Hill,Moggill,Intersection - T-Junction,No traffic control,0 - 50 km/h,Sealed - Wet,Darkness - Lighted,Curved - view open,Off Path-Curve: Off Cway Rt Bend Hit Obj,Off carriageway on curve hit object,0,1,0,0,1,0,0,0,1,0,0,0
257332,Hospitalisation,2013,6,Hit object,Single Vehicle,152.9893835,-27.47856184,Croydon St,Milton Rd,Toowong,Mount Coot-tha,Intersection - Cross,Operating traffic lights,60 km/h,Sealed - Wet,Darkness - Lighted,Curved - view open,Off Path-Straight: Other,Other,0,1,0,0,1,1,0,0,0,0,0,0
257334,Medical treatment,2013,7,Rear-end,Multi-Vehicle,152.997153,-27.392105,Keona Rd,Trouts Rd,Mcdowall,Stafford,Intersection - T-Junction,No traffic control,60 km/h,Sealed - Wet,Daylight,Curved - view open,Veh'S Same Direction: Right Rear,Rear-end,0,0,1,0,1,2,0,0,0,0,0,0
257336,Hospitalisation,2013,8,Sideswipe,Multi-Vehicle,153.0236301,-27.38482668,Hamilton Rd,,Chermside,Stafford,No Roadway Feature,No traffic control,60 km/h,Sealed - Wet,Daylight,Straight,Veh'S Same Direction: Lane Side Swipe,Lane changes,0,2,0,1,3,3,0,0,0,0,0,0
257353,Medical treatment,2013,6,Angle,Multi-Vehicle,153.018411,-27.468214,Herschel St,North Quay,Brisbane City,Brisbane Central,Intersection - Cross,Operating traffic lights,60 km/h,Sealed - Dry,Dawn/Dusk,Straight,Veh'S Manoeuvring: Entering From Footway,Vehicle leaving driveway,0,0,1,0,1,1,0,0,0,1,0,0
257358,Medical treatment,2013,16,Rear-end,Multi-Vehicle,153.034216,-27.386288,Hamilton Rd,,Chermside,Nudgee,No Roadway Feature,No traffic control,60 km/h,Sealed - Dry,Daylight,Straight,Veh'S Same Direction: Rear End,Rear-end,0,0,1,0,1,1,0,0,0,0,0,1
257359,Medical treatment,2013,16,Angle,Multi-Vehicle,152.984982,-27.385616,Beckett Rd,Rode Rd,Mcdowall,Aspley,Intersection - Roundabout,Give way sign,60 km/h,Sealed - Dry,Daylight,Curved - view open,Veh'S Adjacent Approach: Other,Intersection from adjacent approaches,0,0,1,0,1,2,0,0,0,0,0,0
257361,Hospitalisation,2013,0,Hit object,Single Vehicle,153.096138,-27.37519612,Nudgee Rd,,Nudgee,Nudgee,No Roadway Feature,No traffic control,60 km/h,Sealed - Wet,Darkness - Lighted,Straight,Off Path-Straight: Left Off Cway Hit Obj,Off carriageway on straight hit object,0,1,0,0,1,1,0,0,0,0,0,0
257385,Medical treatment,2013,18,Angle,Multi-Vehicle,153.028626,-27.455503,Kennigo St,Water St,Spring Hill,Brisbane Central,No Roadway Feature,No traffic control,60 km/h,Sealed - Dry,Darkness - Lighted,Curved - view open,Veh'S Same Direction: Left Turn S/Swipe,Parallel lanes turning,0,0,1,0,1,1,0,0,0,1,0,0
257387,Medical treatment,2013,23,Hit parked vehicle,Single Vehicle,153.041053,-27.46317,Brunswick St,,New Farm,Brisbane Central,No Roadway Feature,No traffic control,60 km/h,Sealed - Dry,Darkness - Lighted,Straight,Veh'S Opposite Approach: Other,Other,0,0,1,0,1,2,0,0,0,0,0,0
257397,Hospitalisation,2013,6,Hit pedestrian,Hit pedestrian,153.0744706,-27.41154426,East - West Arterial Rd,,Hendra,Clayfield,No Roadway Feature,No traffic control,60 km/h,Sealed - Wet,Daylight,Straight,Ped'N: Near Side Vehicle Hit From Right,Pedestrian,0,1,0,0,1,1,0,0,0,0,1,0
257398,Hospitalisation,2013,18,Angle,Multi-Vehicle,152.9941768,-27.4194869,Bowling St,Pickering St,Enoggera,Ashgrove,Intersection - T-Junction,No traffic control,60 km/h,Sealed - Dry,Darkness - Lighted,Straight,Veh'S Opposite Approach: Thru-Right,Opposing vehicles turning,0,1,0,0,1,1,1,0,0,0,0,0
257423,Hospitalisation,2013,15,Hit pedestrian,Hit pedestrian,153.0260119,-27.47040159,Albert St,Elizabeth St,Brisbane City,Brisbane Central,Intersection - Cross,Operating traffic lights,0 - 50 km/h,Sealed - Dry,Daylight,Straight,Ped'N: Near Side Vehicle Hit From Right,Pedestrian,0,1,1,0,2,0,0,0,0,1,1,0
257424,Hospitalisation,2013,14,Angle,Multi-Vehicle,153.0070611,-27.46887274,Crombie St,Railway Tce,Milton,Mount Coot-tha,Intersection - T-Junction,No traffic control,60 km/h,Sealed - Dry,Daylight,Straight,Veh'S Opposite Approach: Thru-Right,Opposing vehicles turning,0,1,0,0,1,1,1,0,0,0,0,0
257425,Medical treatment,2013,17,Angle,Multi-Vehicle,152.9845695,-27.47776947,Milton Rd,Western Arterial Rd,Toowong,Mount Coot-tha,Intersection - Roundabout,Give way sign,60 km/h,Sealed - Dry,Dawn/Dusk,Curved - view open,Off Path-Curve: Off Cway Rt Bend Hit Obj,Off carriageway on curve hit object,0,0,1,0,1,1,0,0,0,0,0,0
257469,Medical treatment,2013,9,Angle,Multi-Vehicle,153.001894,-27.46343567,Guthrie St,Royal St,Paddington,Mount Coot-tha,Intersection - Cross,No traffic control,0 - 50 km/h,Sealed - Dry,Daylight,Straight,Veh'S Same Direction: Right Turn S/Swipe,Parallel lanes turning,0,0,1,0,1,2,0,0,0,0,0,0
257474,Medical treatment,2013,16,Rear-end,Multi-Vehicle,152.991555,-27.364696,Beckett Rd,Saturn Cres,Bridgeman Downs,Aspley,Intersection - Cross,Operating traffic lights,70 km/h,Sealed - Dry,Dawn/Dusk,Straight,Veh'S Same Direction: Rear End,Rear-end,0,0,1,0,1,1,1,0,0,0,0,0
257511,Minor injury,2013,15,Angle,Multi-Vehicle,152.954975,-27.508231,Fig Tree Pocket Rd,Moggill Sub-Arterial Rd,Chapel Hill,Moggill,Intersection - T-Junction,No traffic control,60 km/h,Sealed - Dry,Daylight,Straight,Veh'S Opposite Approach: Thru-Right,Opposing vehicles turning,0,0,0,1,1,2,0,0,0,0,0,0
257512,Medical treatment,2013,19,Hit object,Single Vehicle,152.994082,-27.491987,Gailey Rd,Sir Fred Schonell Dr,Toowong,Mount Coot-tha,Intersection - T-Junction,Operating traffic lights,60 km/h,Sealed - Dry,Darkness - Lighted,Straight,Off Path-Straight:Out Of Control On Cway,Out of control on straight,0,0,1,0,1,1,0,0,0,0,0,0
257515,Medical treatment,2013,18,Rear-end,Multi-Vehicle,153.0267,-27.375726,Gympie Arterial Rd,,Aspley,Aspley,No Roadway Feature,No traffic control,80 - 90 km/h,Sealed - Dry,Dawn/Dusk,Straight,Veh'S Same Direction: Rear End,Rear-end,0,0,1,0,1,1,0,1,1,0,0,0
257519,Hospitalisation,2013,10,Hit pedestrian,Hit pedestrian,153.0305635,-27.44081357,Lutwyche Rd,Nicholas St,Windsor,Brisbane Central,Intersection - T-Junction,No traffic control,60 km/h,Sealed - Dry,Daylight,Straight,Ped'N: Far Side Vehicle Hit From Left,Pedestrian,0,1,0,0,1,1,0,0,0,0,1,0
257520,Hospitalisation,2013,13,Sideswipe,Multi-Vehicle,153.0314535,-27.44022455,Airport Link,,Windsor,Brisbane Central,No Roadway Feature,No traffic control,80 - 90 km/h,Sealed - Dry,Daylight,Straight,Veh'S Same Direction: Lane Change Left,Lane changes,0,1,0,0,1,1,0,1,0,0,0,0
257554,Hospitalisation,2013,12,Rear-end,Multi-Vehicle,153.0180433,-27.40490971,Webster Rd,,Stafford,Stafford,No Roadway Feature,No traffic control,60 km/h,Sealed - Dry,Daylight,Straight,Veh'S Same Direction: Rear End,Rear-end,0,2,1,0,3,2,0,0,0,0,0,0
257585,Medical treatment,2013,10,Hit pedestrian,Hit pedestrian,153.024304,-27.471731,Elizabeth St,George St,Brisbane City,Brisbane Central,Intersection - Cross,Operating traffic lights,0 - 50 km/h,Sealed - Dry,Daylight,Straight,Ped'N: Near Side Vehicle Hit From Right,Pedestrian,0,0,1,0,1,1,0,0,0,0,1,0
257586,Hospitalisation,2013,8,Head-on,Multi-Vehicle,153.0025241,-27.46049878,Given Tce,Latrobe Tce,Paddington,Mount Coot-tha,Intersection - T-Junction,Operating traffic lights,60 km/h,Sealed - Dry,Daylight,Curved - view open,Veh'S Opposite Approach: Head On,Head-on,0,1,0,0,1,2,0,0,0,0,0,0
257589,Medical treatment,2013,13,Angle,Multi-Vehicle,153.023834,-27.4113677,Brockman St,East - West Arterial Rd,Kedron,Stafford,Intersection - T-Junction,Give way sign,60 km/h,Sealed - Dry,Daylight,Straight,Veh'S Adjacent Approach: Right-Thru,Intersection from adjacent approaches,0,0,1,0,1,2,0,0,0,0,0,0
257592,Minor injury,2013,14,Rear-end,Multi-Vehicle,153.016854,-27.356562,Gympie Arterial Rd,Zillmere Rd,Aspley,Aspley,Intersection - T-Junction,Give way sign,0 - 50 km/h,Sealed - Dry,Daylight,Curved - view open,Veh'S Same Direction: Left Rear,Rear-end,0,0,0,1,1,2,0,0,0,0,0,0
257623,Hospitalisation,2013,12,Sideswipe,Multi-Vehicle,153.0313347,-27.46331553,Queen St,,Brisbane City,Brisbane Central,No Roadway Feature,No traffic control,0 - 50 km/h,Sealed - Dry,Daylight,Straight,Veh'S Same Direction: Lane Change Left,Lane changes,0,1,0,0,1,1,1,0,0,0,0,0
257624,Hospitalisation,2013,15,Fall from vehicle,Single Vehicle,153.0260119,-27.47614758,South East Art Rd Ramp K,,Brisbane City,Brisbane Central,Intersection - Interchange,No traffic control,60 km/h,Sealed - Dry,Daylight,Straight,Off Path-Curve: Out Of Control On Cway,Out of control on curve,0,1,0,0,1,0,1,0,0,0,0,0
257626,Hospitalisation,2013,14,Hit object,Single Vehicle,152.8580358,-27.53699476,Mount Crosby Rd,,Anstead,Moggill,No Roadway Feature,No traffic control,70 km/h,Sealed - Dry,Daylight,Straight,Veh'S Manoeuvring: Other,Other,0,1,0,0,1,1,0,0,0,0,0,0
257627,Hospitalisation,2013,12,Hit parked vehicle,Single Vehicle,153.0629221,-27.32188946,Board St,,Deagon,Sandgate,No Roadway Feature,No traffic control,60 km/h,Sealed - Dry,Daylight,Straight,Veh'S On Path: Parked,Hit parked vehicle,0,1,0,0,1,2,0,0,0,0,0,0
257628,Medical treatment,2013,10,Angle,Multi-Vehicle,153.028913,-27.415214,Cowper St,Gordon St,Gordon Park,Stafford,Intersection - Cross,Give way sign,60 km/h,Sealed - Dry,Daylight,Straight,Veh'S Adjacent Approach: Thru-Thru,Intersection from adjacent approaches,0,0,1,1,2,1,0,1,0,0,0,0
257631,Hospitalisation,2013,10,Rear-end,Multi-Vehicle,153.0445097,-27.36796356,Robinson Rd W,,Geebung,Nudgee,No Roadway Feature,No traffic control,60 km/h,Sealed - Dry,Daylight,Straight,Veh'S Same Direction: Right Rear,Rear-end,0,1,0,1,2,2,0,0,0,0,0,0
257660,Hospitalisation,2013,13,Fall from vehicle,Single Vehicle,152.9005133,-27.43232958,Mount Nebo Rd,,Enoggera Reservoir,Ashgrove,No Roadway Feature,No traffic control,60 km/h,Sealed - Dry,Daylight,Curved - view open,Off Path-Curve: Off Cway Left Bend,Off carriageway on curve,0,1,0,0,1,0,1,0,0,0,0,0
257661,Hospitalisation,2013,17,Angle,Multi-Vehicle,153.0246828,-27.46001259,Dickens St,Water St,Spring Hill,Brisbane Central,Intersection - T-Junction,No traffic control,60 km/h,Sealed - Dry,Darkness - Lighted,Curved - view open,Veh'S Opposite Approach: Thru-Right,Opposing vehicles turning,0,1,0,0,1,1,0,0,0,1,0,0
257662,Medical treatment,2013,9,Rear-end,Multi-Vehicle,153.043886,-27.453572,Commercial Rd,,Teneriffe,Brisbane Central,No Roadway Feature,Pedestrian crossing sign,60 km/h,Sealed - Dry,Daylight,Straight,Veh'S Same Direction: Rear End,Rear-end,0,0,1,0,1,2,1,0,0,0,0,0
257663,Hospitalisation,2013,19,Hit object,Single Vehicle,152.9857636,-27.48191288,Ascog Tce,Norwood St,Toowong,Mount Coot-tha,Intersection - T-Junction,No traffic control,60 km/h,Sealed - Dry,Darkness - Not lighted,Straight,Off Path-Straight: Left Off Cway Hit Obj,Off carriageway on straight hit object,0,1,0,0,1,1,0,0,0,0,0,0
257665,Hospitalisation,2013,18,Hit object,Single Vehicle,153.0622238,-27.29170551,Beaconsfield Tce,,Brighton,Sandgate,No Roadway Feature,No traffic control,60 km/h,Sealed - Dry,Darkness - Lighted,Straight,Off Path-Straight: Other,Other,0,1,0,0,1,1,0,0,0,0,0,0
257669,Medical treatment,2013,17,Rear-end,Multi-Vehicle,152.9922259,-27.38001575,Hamilton Rd,,Mcdowall,Aspley,No Roadway Feature,No traffic control,60 km/h,Sealed - Dry,Darkness - Not lighted,Straight,Veh'S Same Direction: Rear End,Rear-end,0,0,1,0,1,3,0,0,0,0,0,0
257677,Medical treatment,2013,20,Angle,Multi-Vehicle,153.018668,-27.430883,Kedron Brook Rd,Olney St,Wilston,Stafford,Intersection - T-Junction,Give way sign,0 - 50 km/h,Sealed - Dry,Daylight,Straight,Veh'S Adjacent Approach: Thru-Right,Intersection from adjacent approaches,0,0,1,0,1,1,0,0,0,1,0,0
257696,Hospitalisation,2013,10,Hit parked vehicle,Single Vehicle,153.0312227,-27.46363353,Adelaide St,,Brisbane City,Brisbane Central,No Roadway Feature,No traffic control,0 - 50 km/h,Sealed - Wet,Daylight,Straight,Veh'S On Path: Car Door,Hit parked vehicle,0,1,0,0,1,1,0,0,0,1,0,0
257700,Hospitalisation,2013,20,Angle,Multi-Vehicle,152.9970954,-27.48166978,Coronation Dr,,Toowong,Mount Coot-tha,No Roadway Feature,No traffic control,60 km/h,Sealed - Wet,Darkness - Lighted,Straight,Veh'S Manoeuvring: Leaving Driveway,Vehicle leaving driveway,0,1,0,0,1,2,0,0,0,0,0,0
257701,Medical treatment,2013,18,Rear-end,Multi-Vehicle,152.99123,-27.480912,Jephson St,Sylvan Rd,Toowong,Mount Coot-tha,Intersection - Cross,Operating traffic lights,60 km/h,Sealed - Dry,Darkness - Lighted,Curved - view open,Veh'S Same Direction: Rear End,Rear-end,0,0,1,0,1,2,0,0,0,0,0,0
257704,Medical treatment,2013,17,Rear-end,Multi-Vehicle,153.016694,-27.331817,Lacey Rd,,Bald Hills,Aspley,No Roadway Feature,No traffic control,60 km/h,Sealed - Wet,Dawn/Dusk,Straight,Veh'S Same Direction: Rear End,Rear-end,0,0,1,1,2,3,0,0,0,0,0,0
257715,Medical treatment,2013,20,Fall from vehicle,Single Vehicle,153.056699,-27.417525,Alexandra Rd,Sandgate Rd,Clayfield,Clayfield,Intersection - Cross,Stop sign,60 km/h,Sealed - Dry,Darkness - Lighted,Straight,Off Path-Straight:Out Of Control On Cway,Out of control on straight,0,0,1,0,1,1,1,0,0,0,0,0
257716,Medical treatment,2013,18,Head-on,Multi-Vehicle,153.042823,-27.428865,Sandgate Rd,,Albion,Clayfield,No Roadway Feature,No traffic control,60 km/h,Sealed - Wet,Darkness - Lighted,Curved - view open,Veh'S Opposite Approach: Head On,Head-on,0,0,2,0,2,2,0,0,0,0,0,0
257717,Hospitalisation,2013,7,Rear-end,Multi-Vehicle,153.0340782,-27.41256759,East - West Arterial Rd,Gympie Arterial Rd,Kedron,Clayfield,Intersection - T-Junction,Operating traffic lights,60 km/h,Sealed - Dry,Daylight,Curved - view open,Veh'S Same Direction: Rear End,Rear-end,0,2,0,0,2,3,0,0,0,0,0,0
257718,Hospitalisation,2013,18,Angle,Multi-Vehicle,152.9910429,-27.42120892,Western Art Rd Off/On Ramp,Western Arterial Rd,Enoggera,Ashgrove,Intersection - Interchange,Operating traffic lights,60 km/h,Sealed - Dry,Dawn/Dusk,Straight,Veh'S Adjacent Approach: Right-Thru,Intersection from adjacent approaches,0,1,0,0,1,1,1,0,0,0,0,0
257754,Medical treatment,2013,11,Angle,Multi-Vehicle,152.988004,-27.43863,Frasers Rd,Western Arterial Rd,Ashgrove,Ashgrove,Intersection - T-Junction,Operating traffic lights,60 km/h,Sealed - Dry,Daylight,Curved - view open,Veh'S Opposite Approach: Thru-Right,Opposing vehicles turning,0,0,1,0,1,2,0,0,0,0,0,0
257758,Hospitalisation,2013,13,Angle,Multi-Vehicle,152.9313135,-27.50185926,Brookfield Rd,,Kenmore Hills,Moggill,No Roadway Feature,Give way sign,60 km/h,Sealed - Dry,Daylight,Curved - view obscured,Veh'S Manoeuvring: Leaving Driveway,Vehicle leaving driveway,0,1,0,0,1,1,0,0,0,1,0,0
257760,Minor injury,2013,7,Rear-end,Multi-Vehicle,153.017077,-27.409569,Webster Rd,,Stafford,Stafford,No Roadway Feature,No traffic control,60 km/h,Sealed - Dry,Daylight,Straight,Veh'S Same Direction: Rear End,Rear-end,0,0,0,1,1,1,0,0,0,0,0,1
257762,Hospitalisation,2013,13,Rear-end,Multi-Vehicle,153.023244,-27.37340371,Gympie Arterial Rd,Webster Rd,Aspley,Aspley,Intersection - Cross,Operating traffic lights,70 km/h,Sealed - Dry,Daylight,Straight,Veh'S Same Direction: Rear End,Rear-end,0,1,0,0,1,1,1,0,0,0,0,0
257763,Medical treatment,2013,7,Rear-end,Multi-Vehicle,153.017041,-27.365479,Gympie Arterial Rd,,Aspley,Aspley,No Roadway Feature,No traffic control,70 km/h,Sealed - Dry,Daylight,Straight,Veh'S Same Direction: Rear End,Rear-end,0,0,1,0,1,2,0,0,0,0,0,0
257764,Medical treatment,2013,17,Rear-end,Multi-Vehicle,153.062609,-27.376626,Sandgate Sub-Arterial Rd,,Virginia,Nudgee,No Roadway Feature,No traffic control,70 km/h,Sealed - Dry,Darkness - Lighted,Straight,Veh'S Same Direction: Rear End,Rear-end,0,0,1,0,1,3,0,0,0,0,0,0
257769,Medical treatment,2013,16,Rear-end,Multi-Vehicle,152.933816,-27.400695,Baltray Pl,Conavalla St,Ferny Grove,Ferny Grove,Intersection - T-Junction,No traffic control,0 - 50 km/h,Sealed - Dry,Dawn/Dusk,Straight,Veh'S Same Direction: Right Rear,Rear-end,0,0,1,0,1,2,0,0,0,0,0,0