Crash_Ref_Number,Severity,Year,Hour,Crash_Nature,Crash_Type,Longitude,Latitude,Street,Street_Intersecting,Suburb,Loc_State_Electorate,Crash_Roadway_Feature,Crash_Traffic_Control,Crash_Speed_Limit,Crash_Road_Surface_Condition,Crash_Lighting_Condition,Crash_Road_Horiz_Align,Crash_DCA_Description,Crash_DCA_Group_Description,Count_Casualty_Fatality,Count_Casualty_Hospitalised,Count_Casualty_MedicallyTreated,Count_Casualty_MinorInjury,Count_Casualty_Total,Count_Unit_Car,Count_Unit_Motorcycle_Moped,Count_Unit_Truck,Count_Unit_Bus,Count_Unit_Bicycle,Count_Unit_Pedestrian,Count_Unit_Other
257793,Hospitalisation,2013,7,Hit pedestrian,Hit pedestrian,153.0265929,-27.47403857,George St,Margaret St,Brisbane City,Brisbane Central,Intersection - Cross,Operating traffic lights,0 - 50 km/h,Sealed - Dry,Daylight,Straight,Ped'N: Far Side Vehicle Hit From Left,Pedestrian,0,1,0,0,1,1,0,0,0,0,1,0
257794,Medical treatment,2013,14,Rear-end,Multi-Vehicle,153.011444,-27.461085,Hale St,,Paddington,Mount Coot-tha,No Roadway Feature,No traffic control,60 km/h,Sealed - Dry,Daylight,Straight,Veh'S Same Direction: Rear End,Rear-end,0,0,1,0,1,3,0,0,0,0,0,0
257795,Medical treatment,2013,12,Hit pedestrian,Hit pedestrian,153.022768,-27.467808,Roma St,,Brisbane City,Brisbane Central,No Roadway Feature,Give way sign,60 km/h,Sealed - Dry,Daylight,Straight,Ped'N: Hit By Vehicle Enter/Leave D'Way,Pedestrian,0,0,1,0,1,1,0,0,0,0,1,0
257798,Medical treatment,2013,18,Angle,Multi-Vehicle,152.962364,-27.503644,Moggill Sub-Arterial Rd,Western Arterial Rd,Indooroopilly,Moggill,Intersection - Interchange,Operating traffic lights,60 km/h,Sealed - Dry,Darkness - Lighted,Curved - view open,Veh'S Opposite Approach: Thru-Right,Opposing vehicles turning,0,0,1,0,1,2,0,0,0,0,0,0
257799,Minor injury,2013,10,Head-on,Multi-Vehicle,153.016618,-27.33233,Lacey Rd,Linkfield Rd,Carseldine,Aspley,Intersection - T-Junction,No traffic control,60 km/h,Sealed - Dry,Daylight,Straight,Veh'S Opposite Approach: Thru-Right,Opposing vehicles turning,0,0,0,1,1,2,0,0,0,0,0,0
257801,Medical treatment,2013,9,Overturned,Single Vehicle,153.041137,-27.350376,Beams Rd,,Taigum,Sandgate,No Roadway Feature,No traffic control,60 km/h,Sealed - Dry,Daylight,Straight,Veh'S Manoeuvring: Other,Other,0,0,1,0,1,0,0,0,0,0,0,1
257804,Hospitalisation,2013,8,Rear-end,Multi-Vehicle,153.0796997,-27.4342312,Kingsford Smith Dr,Theodore St,Eagle Farm,Clayfield,Intersection - Cross,Operating traffic lights,0 - 50 km/h,Sealed - Dry,Daylight,Straight,Veh'S Same Direction: Right Rear,Rear-end,0,1,0,0,1,1,0,2,0,0,0,0
257805,Hospitalisation,2013,11,Rear-end,Multi-Vehicle,153.0671769,-27.43851429,Kingsford Smith Dr,,Hamilton,Clayfield,No Roadway Feature,No traffic control,60 km/h,Sealed - Dry,Daylight,Straight,Veh'S Same Direction: Rear End,Rear-end,0,1,0,0,1,2,0,0,0,0,0,1
257806,Medical treatment,2013,11,Angle,Multi-Vehicle,153.022803,-27.436921,Newmarket Rd,Silvester St,Wilston,Brisbane Central,Intersection - Cross,Operating traffic lights,60 km/h,Sealed - Dry,Daylight,Straight,Veh'S Opposite Approach: Thru-Right,Opposing vehicles turning,0,0,1,0,1,2,0,0,0,0,0,0
257807,Hospitalisation,2013,6,Fall from vehicle,Single Vehicle,152.9213128,-27.40821942,Fife Ct,Selkirk Cres,Ferny Grove,Ferny Grove,Intersection - T-Junction,No traffic control,0 - 50 km/h,Sealed - Wet,Dawn/Dusk,Curved - view open,Vehicle Right-Turning At I/S (Or Drivewa,Out of control on curve,0,1,0,0,1,0,1,0,0,0,0,0
257835,Medical treatment,2013,10,Rear-end,Multi-Vehicle,152.9823967,-27.44773133,Girraween Gr,Waterworks Rd,Ashgrove,Ashgrove,Intersection - T-Junction,No traffic control,60 km/h,Sealed - Dry,Daylight,Straight,Veh'S Same Direction: Right Rear,Rear-end,0,0,1,1,2,2,0,0,0,0,0,0
257836,Hospitalisation,2013,13,Sideswipe,Multi-Vehicle,153.015489,-27.46847366,William Jolly Bridge,,Brisbane City,Brisbane Central,Bridge/Causeway,No traffic control,60 km/h,Sealed - Dry,Daylight,Straight,Veh'S Same Direction: Lane Change Left,Lane changes,0,1,2,0,3,1,0,1,0,0,0,0
257837,Hospitalisation,2013,23,Hit pedestrian,Hit pedestrian,152.9879027,-27.49667782,Brasted St,,Taringa,Indooroopilly,No Roadway Feature,No traffic control,0 - 50 km/h,Sealed - Dry,Darkness - Lighted,Straight,Ped'N: Near Side Vehicle Hit From Right,Pedestrian,0,1,0,0,1,1,0,0,0,0,1,0
257838,Hospitalisation,2013,8,Angle,Multi-Vehicle,153.06519,-27.31172647,Brighton Tce,Wakefield St,Sandgate,Sandgate,Intersection - Cross,Stop sign,0 - 50 km/h,Sealed - Dry,Daylight,Straight,Veh'S Adjacent Approach: Thru-Thru,Intersection from adjacent approaches,0,1,0,0,1,1,0,0,0,1,0,0
257840,Medical treatment,2013,10,Head-on,Multi-Vehicle,153.035476,-27.37378,Murphy Rd,,Geebung,Nudgee,No Roadway Feature,No traffic control,60 km/h,Sealed - Dry,Daylight,Curved - view open,Veh'S Opposite Approach: Head On,Head-on,0,0,1,0,1,2,0,0,0,0,0,0
257869,Hospitalisation,2013,17,Rear-end,Multi-Vehicle,152.8905424,-27.54279253,Moggill Sub-Arterial Rd,Mount Crosby Rd,Pinjarra Hills,Moggill,Intersection - T-Junction,Give way sign,60 km/h,Sealed - Dry,Dawn/Dusk,Curved - view open,Veh'S Same Direction: Left Rear,Rear-end,0,1,0,0,1,1,1,0,0,0,0,0
257871,Minor injury,2013,18,Angle,Multi-Vehicle,153.0203153,-27.39257832,Rode Rd,Webster Rd,Chermside West,Stafford,Intersection - Cross,Operating traffic lights,70 km/h,Sealed - Dry,Darkness - Lighted,Straight,Veh'S Opposite Approach: Thru-Right,Opposing vehicles turning,0,0,0,1,1,2,0,0,0,0,0,0
257879,Medical treatment,2013,1,Fall from vehicle,Single Vehicle,152.947628,-27.417326,Kidman Pl,Willis Cl,Keperra,Ferny Grove,No Roadway Feature,No traffic control,0 - 50 km/h,Sealed - Dry,Darkness - Lighted,Curved - view open,Ped'N: Play; Work; Stand; Lie On C'Way,Pedestrian,0,0,1,0,1,1,0,0,0,0,1,0
257909,Medical treatment,2013,9,Rear-end,Multi-Vehicle,153.0353357,-27.44989767,Brookes St,Gregory Tce,Bowen Hills,Brisbane Central,Intersection - T-Junction,Operating traffic lights,0 - 50 km/h,Sealed - Wet,Daylight,Straight,Veh'S Same Direction: Rear End,Rear-end,0,0,1,0,1,2,0,0,0,0,0,0
257921,Hospitalisation,2013,18,Angle,Multi-Vehicle,153.065546,-27.43895631,Harbour Rd,Kingsford Smith Dr,Hamilton,Clayfield,Intersection - T-Junction,Operating traffic lights,60 km/h,Sealed - Dry,Darkness - Lighted,Straight,Veh'S Opposite Approach: Thru-Right,Opposing vehicles turning,0,1,0,1,2,2,0,0,0,0,0,0
257948,Medical treatment,2013,17,Rear-end,Multi-Vehicle,152.988641,-27.4785559,Milton Rd,,Toowong,Mount Coot-tha,No Roadway Feature,No traffic control,60 km/h,Sealed - Wet,Dawn/Dusk,Straight,Veh'S Same Direction: Rear End,Rear-end,0,0,1,0,1,3,1,0,0,0,0,0
257953,Medical treatment,2013,2,Rear-end,Multi-Vehicle,153.035565,-27.37308,Blackwood Rd,Murphy Rd,Geebung,Aspley,Intersection - T-Junction,No traffic control,0 - 50 km/h,Sealed - Dry,Darkness - Lighted,Straight,Veh'S On Path: Parked,Hit parked vehicle,0,0,2,0,2,1,0,1,0,0,0,0
257954,Hospitalisation,2013,18,Rear-end,Multi-Vehicle,153.0278659,-27.35788172,Kirby Rd,Zillmere Rd,Aspley,Nudgee,Intersection - T-Junction,Stop sign,60 km/h,Sealed - Dry,Darkness - Lighted,Straight,Veh'S Same Direction: Left Rear,Rear-end,0,1,0,0,1,1,1,0,0,0,0,0
257955,Medical treatment,2013,10,Angle,Multi-Vehicle,153.017391,-27.363641,Gympie Arterial Rd,Robinson Rd W,Aspley,Aspley,Intersection - Cross,Operating traffic lights,60 km/h,Sealed - Wet,Daylight,Straight,Veh'S Opposite Approach: Thru-Right,Opposing vehicles turning,0,0,1,0,1,2,0,0,0,0,0,0
257960,Medical treatment,2013,18,Angle,Multi-Vehicle,153.0340637,-27.421398,Chalk St,Lutwyche Rd,Lutwyche,Clayfield,Intersection - T-Junction,Operating traffic lights,60 km/h,Sealed - Dry,Darkness - Lighted,Straight,Veh'S Opposite Approach: Thru-Right,Opposing vehicles turning,0,0,1,0,1,2,0,0,0,0,0,0
257961,Medical treatment,2013,13,Rear-end,Multi-Vehicle,153.006935,-27.442066,Enoggera Rd,,Newmarket,Brisbane Central,No Roadway Feature,No traffic control,60 km/h,Sealed - Wet,Daylight,Straight,Veh'S Same Direction: Rear End,Rear-end,0,0,1,0,1,2,0,0,0,0,0,0
257962,Hospitalisation,2013,12,Angle,Multi-Vehicle,152.9849996,-27.38916595,Everton Park - Albany Creek Rd,Rogers Pde E,Everton Park,Everton,Intersection - T-Junction,Operating traffic lights,60 km/h,Sealed - Dry,Daylight,Straight,Veh'S Opposite Approach: Other,Other,0,1,0,0,1,2,0,0,0,0,0,0
257984,Hospitalisation,2013,19,Angle,Multi-Vehicle,152.9864324,-27.4706759,Birdwood Tce,Western Arterial Rd,Toowong,Mount Coot-tha,Intersection - T-Junction,No traffic control,0 - 50 km/h,Sealed - Dry,Darkness - Lighted,Straight,Veh'S Opposite Approach: Thru-Right,Opposing vehicles turning,0,1,0,0,1,2,0,0,0,0,0,0
257986,Medical treatment,2013,15,Angle,Multi-Vehicle,153.0472951,-27.45374159,Commercial Rd,,Teneriffe,Brisbane Central,No Roadway Feature,Road/Rail worker,0 - 50 km/h,Sealed - Dry,Daylight,Straight,Veh'S Manoeuvring: Leaving Driveway,Vehicle leaving driveway,0,0,1,0,1,1,0,1,0,0,0,0
257990,Medical treatment,2013,21,Rear-end,Multi-Vehicle,153.023298,-27.373665,Gympie Arterial Rd,Webster Rd,Aspley,Stafford,Intersection - 5+ way,Operating traffic lights,70 km/h,Sealed - Wet,Darkness - Lighted,Curved - view obscured,Veh'S Same Direction: Rear End,Rear-end,0,0,1,0,1,1,1,0,0,0,0,0
257999,Medical treatment,2013,16,Sideswipe,Multi-Vehicle,153.077071,-27.385892,Crockford St,Frederick St,Northgate,Nudgee,Intersection - T-Junction,No traffic control,60 km/h,Sealed - Dry,Daylight,Straight,Veh'S Adjacent Approach: Left-Right,Intersection from adjacent approaches,0,0,1,0,1,2,0,0,0,0,0,0
258000,Medical treatment,2013,12,Rear-end,Multi-Vehicle,153.065529,-27.438971,Harbour Rd,Kingsford Smith Dr,Hamilton,Clayfield,Intersection - T-Junction,Operating traffic lights,60 km/h,Sealed - Dry,Daylight,Straight,Veh'S Same Direction: Rear End,Rear-end,0,0,1,0,1,2,0,0,0,0,0,0
258018,Hospitalisation,2013,9,Angle,Multi-Vehicle,153.003338,-27.45396479,Enoggera Tce,,Red Hill,Mount Coot-tha,No Roadway Feature,No traffic control,0 - 50 km/h,Sealed - Wet,Daylight,Straight,Veh'S Manoeuvring: Entering From Footway,Vehicle leaving driveway,0,1,0,0,1,1,1,0,0,0,0,0
258019,Medical treatment,2013,12,Rear-end,Multi-Vehicle,153.025182,-27.467078,Ann St,,Brisbane City,Brisbane Central,No Roadway Feature,No traffic control,60 km/h,Sealed - Wet,Daylight,Straight,Veh'S Same Direction: Rear End,Rear-end,0,0,1,0,1,2,0,0,0,0,0,0
258020,Medical treatment,2013,14,Angle,Multi-Vehicle,153.041492,-27.331836,Denham St,Telegraph Rd,Fitzgibbon,Sandgate,Intersection - T-Junction,Operating traffic lights,60 km/h,Sealed - Wet,Daylight,Straight,Veh'S Opposite Approach: Thru-Right,Opposing vehicles turning,0,0,1,0,1,2,0,0,0,0,0,0
258021,Medical treatment,2013,17,Angle,Multi-Vehicle,153.0077564,-27.40917285,Appleby Rd,East - West Arterial Rd,Stafford,Stafford,Intersection - Cross,Operating traffic lights,60 km/h,Sealed - Wet,Darkness - Lighted,Straight,Veh'S Opposite Approach: Thru-Right,Opposing vehicles turning,0,0,1,0,1,2,0,0,0,0,0,0
258026,Minor injury,2013,17,Rear-end,Multi-Vehicle,153.0294366,-27.34869264,Beams Rd,,Carseldine,Sandgate,Railway Crossing,Railway - lights and boom gate,0 - 50 km/h,Sealed - Wet,Dawn/Dusk,Straight,Veh'S Same Direction: Rear End,Rear-end,0,0,0,1,1,2,0,0,0,0,0,1
258036,Medical treatment,2013,15,Rear-end,Multi-Vehicle,153.02235,-27.427073,Days Rd,,Grange,Stafford,No Roadway Feature,No traffic control,60 km/h,Sealed - Wet,Daylight,Straight,Veh'S Same Direction: Rear End,Rear-end,0,0,1,0,1,2,0,0,0,0,0,0
258073,Hospitalisation,2013,7,Head-on,Multi-Vehicle,153.052803,-27.42095844,Sandgate Rd,,Clayfield,Clayfield,No Roadway Feature,No traffic control,60 km/h,Sealed - Dry,Daylight,Straight,Veh'S Opposite Approach: Head On,Head-on,0,2,0,0,2,2,0,0,0,0,0,0
258074,Hospitalisation,2013,2,Hit object,Single Vehicle,153.0834773,-27.39583518,Southern Cross Wy,,Northgate,Nudgee,No Roadway Feature,No traffic control,80 - 90 km/h,Sealed - Wet,Darkness - Lighted,Curved - view open,Off Path-Curve: Other,Other,0,1,0,0,1,1,0,0,0,0,0,0
258103,Medical treatment,2013,12,Sideswipe,Multi-Vehicle,153.037582,-27.457192,Mclachlan St,Morgan St,Fortitude Valley,Brisbane Central,Intersection - Cross,Operating traffic lights,60 km/h,Sealed - Dry,Daylight,Straight,Veh'S Same Direction: Lane Change Right,Lane changes,0,0,3,0,3,2,0,0,0,0,0,0
258105,Hospitalisation,2013,10,Hit object,Single Vehicle,152.9895855,-27.47840784,Milton Rd,,Toowong,Mount Coot-tha,No Roadway Feature,No traffic control,60 km/h,Sealed - Dry,Daylight,Curved - view open,Off Path-Straight: Left Off Cway Hit Obj,Off carriageway on straight hit object,0,1,0,0,1,0,1,0,0,0,0,0
258116,Hospitalisation,2013,23,Hit object,Single Vehicle,153.0478841,-27.42818145,Sandgate Rd,,Albion,Clayfield,No Roadway Feature,No traffic control,60 km/h,Sealed - Dry,Darkness - Lighted,Curved - view obscured,Off Path-Curve: Off Cway Lt Bend Hit Obj,Off carriageway on curve hit object,0,1,0,0,1,1,0,0,0,0,0,0
258137,Hospitalisation,2013,1,Hit pedestrian,Hit pedestrian,153.01322,-27.46493168,Caxton St,Petrie Tce,Petrie Terrace,Mount Coot-tha,Intersection - T-Junction,Operating traffic lights,60 km/h,Sealed - Dry,Darkness - Lighted,Straight,Ped'N: Play; Work; Stand; Lie On C'Way,Pedestrian,0,1,0,0,1,1,0,0,0,0,1,0
258139,Hospitalisation,2013,14,Hit object,Single Vehicle,153.0118017,-27.31498584,Gympie Arterial Rd Ramp Sc,Strathpine Sub-Arterial Rd,Bald Hills,Aspley,Intersection - Interchange,No traffic control,100 - 110 km/h,Sealed - Wet,Daylight,Curved - view open,Off Path-Curve: Out Of Control On Cway,Out of control on curve,0,1,0,0,1,1,0,0,0,0,0,0
258166,Medical treatment,2013,17,Hit pedestrian,Hit pedestrian,153.02983,-27.463393,Ann St,,Brisbane City,Brisbane Central,No Roadway Feature,No traffic control,60 km/h,Sealed - Dry,Dawn/Dusk,Straight,Ped'N: Hit Other,Other,0,0,1,0,1,1,0,0,0,0,1,0
258167,Minor injury,2013,17,Rear-end,Multi-Vehicle,153.007295,-27.467925,Cribb St,Milton Rd,Milton,Mount Coot-tha,Intersection - T-Junction,Operating traffic lights,60 km/h,Sealed - Dry,Darkness - Lighted,Straight,Veh'S Same Direction: Rear End,Rear-end,0,0,0,1,1,1,1,0,1,0,0,0
258168,Hospitalisation,2013,11,Rear-end,Multi-Vehicle,153.0107581,-27.4684017,Coronation Dr Off Ramp,,Milton,Mount Coot-tha,Intersection - Interchange,No traffic control,60 km/h,Sealed - Dry,Daylight,Curved - view open,Veh'S Same Direction: Rear End,Rear-end,0,1,0,0,1,3,0,0,0,0,0,0
258169,Hospitalisation,2013,18,Rear-end,Multi-Vehicle,153.0241709,-27.4743666,South East Arterial Rd,,Brisbane City,Brisbane Central,No Roadway Feature,No traffic control,70 km/h,Sealed - Dry,Darkness - Not lighted,Straight,Veh'S Same Direction: Rear End,Rear-end,0,1,0,0,1,4,0,0,0,0,0,0
258170,Hospitalisation,2013,6,Sideswipe,Multi-Vehicle,153.0261149,-27.47638257,South East Art Rd Ramp K,South East Arterial Rd,Brisbane City,Brisbane Central,Intersection - Interchange,No traffic control,70 km/h,Sealed - Dry,Dawn/Dusk,Straight,Veh'S Same Direction: Other,Other,0,1,0,0,1,2,1,0,0,0,0,0
258173,Medical treatment,2013,18,Angle,Multi-Vehicle,152.9745563,-27.49683237,Moggill Rd,,Indooroopilly,Indooroopilly,Intersection - Roundabout,Give way sign,60 km/h,Sealed - Dry,Darkness - Lighted,Straight,Veh'S Opposite Approach: Right-Left,Opposing vehicles turning,0,0,1,2,3,2,0,0,0,0,0,0
258177,Medical treatment,2013,15,Rear-end,Multi-Vehicle,153.007764,-27.409218,East - West Arterial Rd,Shand St,Stafford,Stafford,Intersection - Cross,Operating traffic lights,60 km/h,Sealed - Dry,Daylight,Straight,Veh'S Same Direction: Rear End,Rear-end,0,0,1,0,1,2,0,0,0,0,0,0
258182,Medical treatment,2013,8,Angle,Multi-Vehicle,153.02313,-27.42802933,Antill St,Paling Ave,Wilston,Stafford,Intersection - Cross,Give way sign,0 - 50 km/h,Sealed - Dry,Daylight,Straight,Veh'S Adjacent Approach: Thru-Thru,Intersection from adjacent approaches,0,0,2,0,2,2,0,0,0,0,0,0
258208,Hospitalisation,2013,13,Rear-end,Multi-Vehicle,153.0441445,-27.46559944,Brunswick St,Langshaw St,New Farm,Brisbane Central,Intersection - T-Junction,No traffic control,0 - 50 km/h,Sealed - Dry,Daylight,Straight,Veh'S Same Direction: Right Rear,Rear-end,0,1,1,0,2,2,0,0,0,0,0,0
258209,Medical treatment,2013,17,Rear-end,Multi-Vehicle,152.9379337,-27.51000301,Moggill Sub-Arterial Rd,,Kenmore,Moggill,No Roadway Feature,No traffic control,60 km/h,Sealed - Dry,Dawn/Dusk,Straight,Veh'S Same Direction: Right Rear,Rear-end,0,0,1,0,1,2,0,0,0,0,0,0
258210,Medical treatment,2013,7,Rear-end,Multi-Vehicle,153.045359,-27.30896,Redcliffe Sub-Arterial Rd,,Bracken Ridge,Sandgate,No Roadway Feature,No traffic control,80 - 90 km/h,Sealed - Dry,Daylight,Straight,Veh'S Same Direction: Lane Side Swipe,Lane changes,0,0,2,0,2,3,0,0,0,0,0,0
258211,Medical treatment,2013,7,Rear-end,Multi-Vehicle,153.016481,-27.301108,Gympie Arterial Rd,,Bald Hills,Sandgate,No Roadway Feature,No traffic control,100 - 110 km/h,Sealed - Dry,Daylight,Straight,Veh'S Same Direction: Rear End,Rear-end,0,0,1,1,2,4,0,0,0,0,0,0
258248,Hospitalisation,2013,7,Sideswipe,Multi-Vehicle,153.0310657,-27.46375853,Adelaide St,,Brisbane City,Brisbane Central,No Roadway Feature,No traffic control,60 km/h,Sealed - Dry,Daylight,Straight,Veh'S Same Direction: Other,Other,0,1,0,0,1,1,0,0,0,1,0,0
258250,Hospitalisation,2013,21,Angle,Multi-Vehicle,153.0837558,-27.32363531,Park Pde,,Shorncliffe,Sandgate,No Roadway Feature,No traffic control,60 km/h,Sealed - Dry,Darkness - Lighted,Straight,Veh'S Opposite Approach: Thru-Right,Opposing vehicles turning,0,1,0,0,1,1,0,0,0,1,0,0
258254,Medical treatment,2013,10,Rear-end,Multi-Vehicle,152.990221,-27.352318,Albany Creek Sub-Arterial Rd,,Bridgeman Downs,Aspley,No Roadway Feature,No traffic control,70 km/h,Sealed - Dry,Daylight,Straight,Veh'S Same Direction: Rear End,Rear-end,0,0,1,0,1,2,0,0,0,0,0,0
258260,Medical treatment,2013,15,Rear-end,Multi-Vehicle,153.027691,-27.43764,Newmarket Rd,,Windsor,Brisbane Central,No Roadway Feature,No traffic control,60 km/h,Sealed - Dry,Daylight,Straight,Veh'S Same Direction: Rear End,Rear-end,0,0,2,0,2,3,0,0,0,0,0,0
258285,Hospitalisation,2013,17,Hit pedestrian,Hit pedestrian,153.0299407,-27.45773456,Love St,St Pauls Tce,Fortitude Valley,Brisbane Central,Intersection - T-Junction,No traffic control,0 - 50 km/h,Sealed - Dry,Darkness - Not lighted,Straight,Ped'N: Far Side Vehicle Hit From Left,Pedestrian,0,1,0,0,1,1,0,0,0,0,1,0
258286,Medical treatment,2013,21,Angle,Multi-Vehicle,153.007614,-27.4447,Kelvin Grove Rd,Windsor Rd,Kelvin Grove,Mount Coot-tha,Intersection - Cross,Operating traffic lights,60 km/h,Sealed - Dry,Darkness - Lighted,Straight,Veh'S Opposite Approach: Thru-Right,Opposing vehicles turning,0,0,1,0,1,2,0,0,0,0,0,0
258287,Medical treatment,2013,8,Rear-end,Multi-Vehicle,152.9534727,-27.51846909,Western Arterial Rd,,Fig Tree Pocket,Moggill,Intersection - Interchange,No traffic control,80 - 90 km/h,Sealed - Dry,Daylight,Curved - view open,Veh'S Same Direction: Rear End,Rear-end,0,0,2,0,2,2,0,0,0,0,0,0
258289,Medical treatment,2013,8,Rear-end,Multi-Vehicle,153.008216,-27.40771266,Appleby Rd,,Stafford,Stafford,No Roadway Feature,No traffic control,60 km/h,Sealed - Dry,Daylight,Straight,Veh'S Same Direction: Rear End,Rear-end,0,0,1,0,1,2,0,0,0,0,0,0
258301,Medical treatment,2013,9,Hit pedestrian,Hit pedestrian,153.006786,-27.441896,Enoggera Rd,Thurlow St,Newmarket,Mount Coot-tha,Intersection - T-Junction,Give way sign,0 - 50 km/h,Sealed - Dry,Daylight,Straight,Ped'N: Near Side Vehicle Hit From Right,Pedestrian,0,0,1,0,1,1,0,0,0,0,1,0
258325,Hospitalisation,2013,7,Sideswipe,Multi-Vehicle,153.0375556,-27.45589449,Ann St,Bridge St,Fortitude Valley,Brisbane Central,Intersection - T-Junction,No traffic control,60 km/h,Sealed - Dry,Daylight,Straight,Veh'S Same Direction: Right Turn S/Swipe,Parallel lanes turning,0,1,0,0,1,2,0,0,0,0,0,0
258332,Medical treatment,2013,8,Hit object,Single Vehicle,153.037912,-27.356965,Grasspan St,,Zillmere,Nudgee,No Roadway Feature,No traffic control,0 - 50 km/h,Sealed - Dry,Daylight,Straight,Off Path-Straight: Left Off Cway Hit Obj,Off carriageway on straight hit object,0,0,1,0,1,1,0,0,0,0,0,0
258337,Medical treatment,2013,8,Angle,Multi-Vehicle,153.049889,-27.42732433,Butler St,Sandgate Rd,Clayfield,Clayfield,Intersection - T-Junction,No traffic control,60 km/h,Sealed - Dry,Daylight,Curved - view obscured,Veh'S Opposite Approach: Thru-Right,Opposing vehicles turning,0,0,1,0,1,1,0,0,0,1,0,0
258338,Medical treatment,2013,11,Rear-end,Multi-Vehicle,153.030944,-27.439472,Lutwyche Rd,,Windsor,Brisbane Central,No Roadway Feature,No traffic control,60 km/h,Sealed - Dry,Daylight,Straight,Veh'S Same Direction: Rear End,Rear-end,0,0,1,0,1,2,0,0,0,0,0,0
258340,Hospitalisation,2013,21,Angle,Multi-Vehicle,152.9998058,-27.42490986,Lorne St,Samford Rd,Alderley,Ashgrove,Intersection - T-Junction,No traffic control,60 km/h,Sealed - Dry,Darkness - Lighted,Straight,Veh'S Opposite Approach: Thru-Right,Opposing vehicles turning,0,1,0,0,1,1,1,0,0,0,0,0
258341,Medical treatment,2013,17,Rear-end,Multi-Vehicle,152.971798,-27.41221,Samford Sub-Arterial Rd,,Mitchelton,Everton,No Roadway Feature,No traffic control,60 km/h,Sealed - Dry,Dawn/Dusk,Straight,Veh'S Same Direction: Rear End,Rear-end,0,0,1,0,1,2,1,0,0,0,0,0
258366,Medical treatment,2013,17,Rear-end,Multi-Vehicle,153.0091977,-27.47003336,Coronation Dr,,Milton,Mount Coot-tha,No Roadway Feature,No traffic control,60 km/h,Sealed - Dry,Darkness - Lighted,Straight,Veh'S Same Direction: Rear End,Rear-end,0,0,2,0,2,3,0,0,0,0,0,0
258369,Hospitalisation,2013,22,Angle,Multi-Vehicle,153.0565952,-27.32671049,Board St,Sandgate Sub-Arterial Rd,Deagon,Sandgate,Intersection - Cross,Operating traffic lights,60 km/h,Sealed - Wet,Darkness - Lighted,Curved - view open,Veh'S Adjacent Approach: Thru-Thru,Intersection from adjacent approaches,0,1,0,0,1,2,0,0,0,0,0,0
258419,Medical treatment,2013,22,Angle,Multi-Vehicle,153.032481,-27.456475,Alfred St,Brunswick St,Fortitude Valley,Brisbane Central,Intersection - Cross,Stop sign,0 - 50 km/h,Sealed - Dry,Darkness - Lighted,Straight,Veh'S Adjacent Approach: Thru-Right,Intersection from adjacent approaches,0,0,1,0,1,1,0,0,0,1,0,0
258420,Medical treatment,2013,10,Fall from vehicle,Single Vehicle,153.028843,-27.450064,Bowen Bridge Rd,Herston Rd,Herston,Brisbane Central,Intersection - T-Junction,No traffic control,60 km/h,Sealed - Wet,Daylight,Straight,Off Path-Straight: Left Turn,Off carriageway on straight,0,0,1,0,1,0,1,0,0,0,0,0
258422,Hospitalisation,2013,22,Angle,Multi-Vehicle,152.9758109,-27.5001969,Allwood St,Coonan St,Indooroopilly,Indooroopilly,Intersection - Cross,Operating traffic lights,60 km/h,Sealed - Wet,Darkness - Lighted,Straight,Veh'S Opposite Approach: Thru-Right,Opposing vehicles turning,0,1,1,0,2,2,0,0,0,0,0,0
258423,Hospitalisation,2013,20,Hit object,Single Vehicle,152.9959534,-27.48339977,Coronation Dr,,Toowong,Mount Coot-tha,No Roadway Feature,No traffic control,60 km/h,Sealed - Wet,Darkness - Lighted,Curved - view open,Off Path-Curve: Off Cway Lt Bend Hit Obj,Off carriageway on curve hit object,0,1,0,0,1,1,0,0,0,0,0,0
258427,Medical treatment,2013,18,Angle,Multi-Vehicle,153.033217,-27.35878,Ridgmont St,Zillmere Rd,Zillmere,Nudgee,Intersection - T-Junction,No traffic control,60 km/h,Sealed - Wet,Darkness - Lighted,Curved - view obscured,Veh'S Opposite Approach: Head On,Head-on,0,0,1,0,1,2,0,0,0,0,0,0
258428,Hospitalisation,2013,17,Rear-end,Multi-Vehicle,153.017021,-27.3613618,Gympie Arterial Rd,,Aspley,Aspley,No Roadway Feature,No traffic control,70 km/h,Sealed - Wet,Darkness - Lighted,Straight,Veh'S Same Direction: Rear End,Rear-end,0,1,0,1,2,2,1,0,0,0,0,0
258434,Hospitalisation,2013,15,Hit object,Single Vehicle,152.9750051,-27.41991305,Frasers Rd,Mashobra St,Mitchelton,Ashgrove,Intersection - T-Junction,No traffic control,60 km/h,Sealed - Wet,Daylight,Curved - view open,Off Path-Curve: Off Cway Rt Bend Hit Obj,Off carriageway on curve hit object,0,1,0,0,1,1,0,0,0,0,0,0
258435,Medical treatment,2013,8,Hit object,Single Vehicle,152.943313,-27.427431,Settlement Rd,,Keperra,Ashgrove,No Roadway Feature,No traffic control,60 km/h,Sealed - Wet,Daylight,Curved - view obscured,Off Path-Curve: Off Cway Rt Bend Hit Obj,Off carriageway on curve hit object,0,0,1,0,1,1,0,0,0,0,0,0