Crash_Ref_Number,Severity,Year,Hour,Crash_Nature,Crash_Type,Longitude,Latitude,Street,Street_Intersecting,Suburb,Loc_State_Electorate,Crash_Roadway_Feature,Crash_Traffic_Control,Crash_Speed_Limit,Crash_Road_Surface_Condition,Crash_Lighting_Condition,Crash_Road_Horiz_Align,Crash_DCA_Description,Crash_DCA_Group_Description,Count_Casualty_Fatality,Count_Casualty_Hospitalised,Count_Casualty_MedicallyTreated,Count_Casualty_MinorInjury,Count_Casualty_Total,Count_Unit_Car,Count_Unit_Motorcycle_Moped,Count_Unit_Truck,Count_Unit_Bus,Count_Unit_Bicycle,Count_Unit_Pedestrian,Count_Unit_Other
258454,Medical treatment,2013,14,Rear-end,Multi-Vehicle,153.004614,-27.494038,Sir Fred Schonell Dr,,St Lucia,Indooroopilly,No Roadway Feature,No traffic control,60 km/h,Sealed - Wet,Daylight,Straight,Veh'S Same Direction: Right Rear,Rear-end,0,0,1,0,1,3,0,0,0,0,0,0
258455,Hospitalisation,2013,14,Rear-end,Multi-Vehicle,153.0565042,-27.32677949,Depot Rd,Sandgate Sub-Arterial Rd,Deagon,Sandgate,Intersection - Interchange,Operating traffic lights,60 km/h,Sealed - Dry,Daylight,Straight,Veh'S Same Direction: Rear End,Rear-end,0,1,0,0,1,3,0,0,0,0,0,0
258456,Minor injury,2013,6,Rear-end,Multi-Vehicle,153.047119,-27.313519,Gateway Arterial Rd,,Sandgate,Sandgate,No Roadway Feature,No traffic control,80 - 90 km/h,Sealed - Wet,Dawn/Dusk,Curved - view open,Veh'S Same Direction: Rear End,Rear-end,0,0,0,1,1,2,0,0,0,0,0,0
258464,Medical treatment,2013,5,Angle,Multi-Vehicle,153.041176,-27.429902,Albion Rd,Hudson Rd,Albion,Clayfield,Intersection - T-Junction,No traffic control,60 km/h,Sealed - Wet,Darkness - Lighted,Straight,Veh'S Adjacant Approach: Thru-Left,Intersection from adjacent approaches,0,0,1,0,1,1,0,0,0,1,0,0
258465,Medical treatment,2013,16,Rear-end,Multi-Vehicle,153.082667,-27.432939,Fison Ave W,Kingsford Smith Dr,Eagle Farm,Clayfield,Intersection - Interchange,Give way sign,60 km/h,Sealed - Dry,Daylight,Curved - view open,Veh'S Same Direction: Left Rear,Rear-end,0,0,1,1,2,2,0,0,0,0,0,0
258491,Hospitalisation,2013,17,Angle,Multi-Vehicle,152.9894075,-27.48513683,Holland St,Sherwood Rd,Toowong,Mount Coot-tha,Intersection - T-Junction,Give way sign,60 km/h,Sealed - Dry,Dawn/Dusk,Straight,Veh'S Adjacent Approach: Thru-Right,Intersection from adjacent approaches,0,2,0,0,2,1,1,0,0,0,0,0
258492,Medical treatment,2013,11,Rear-end,Multi-Vehicle,152.9382701,-27.50882505,Moggill Sub-Arterial Rd,,Kenmore,Moggill,No Roadway Feature,No traffic control,60 km/h,Sealed - Dry,Daylight,Straight,Veh'S Same Direction: Rear End,Rear-end,0,0,1,0,1,2,0,0,0,0,0,0
258494,Medical treatment,2013,13,Rear-end,Multi-Vehicle,152.999537,-27.419956,Raymont Rd,Sicklefield Rd,Enoggera,Stafford,Intersection - Cross,Operating traffic lights,60 km/h,Sealed - Wet,Daylight,Straight,Veh'S Same Direction: Rear End,Rear-end,0,0,1,0,1,2,0,0,0,0,0,0
258498,Hospitalisation,2013,18,Angle,Multi-Vehicle,153.1177877,-27.38241892,Dryandra Rd,Moreton Dr,Brisbane Airport,Clayfield,Intersection - Cross,Operating traffic lights,60 km/h,Sealed - Wet,Darkness - Lighted,Straight,Veh'S Adjacent Approach: Thru-Thru,Intersection from adjacent approaches,0,1,0,0,1,2,0,0,0,0,0,0
258520,Hospitalisation,2013,7,Angle,Multi-Vehicle,153.0621819,-27.29333852,Beaconsfield Tce,Eighteenth Ave,Brighton,Sandgate,Intersection - T-Junction,Give way sign,60 km/h,Sealed - Dry,Daylight,Straight,Veh'S Adjacent Approach: Thru-Right,Intersection from adjacent approaches,0,1,1,0,2,2,0,0,0,0,0,0
258521,Medical treatment,2013,7,Hit object,Single Vehicle,153.003778,-27.331751,Carseldine Rd,,Bridgeman Downs,Aspley,No Roadway Feature,No traffic control,60 km/h,Sealed - Dry,Daylight,Curved - view open,Veh'S Same Direction: Right Rear,Rear-end,0,0,1,0,1,2,0,1,0,0,0,0
258522,Minor injury,2013,9,Hit object,Single Vehicle,153.016337,-27.410484,Webster Rd,,Stafford,Stafford,No Roadway Feature,No traffic control,60 km/h,Sealed - Dry,Daylight,Straight,Off Path-Straight: Left Off Cway Hit Obj,Off carriageway on straight hit object,0,0,0,1,1,1,0,0,0,0,0,0
258547,Medical treatment,2013,15,Head-on,Multi-Vehicle,152.983669,-27.46612,Boundary Rd,,Bardon,Mount Coot-tha,No Roadway Feature,No traffic control,0 - 50 km/h,Sealed - Dry,Daylight,Straight,Veh'S Opposite Approach: U-Turn,U-turn,0,0,2,0,2,1,1,0,0,0,0,0
258548,Medical treatment,2013,10,Angle,Multi-Vehicle,153.027922,-27.467534,Queen St,,Brisbane City,Brisbane Central,No Roadway Feature,No traffic control,0 - 50 km/h,Sealed - Dry,Daylight,Straight,Veh'S Manoeuvring: Leaving Parking,Vehicle leaving driveway,0,0,1,0,1,2,0,0,0,0,0,0
258552,Medical treatment,2013,17,Angle,Multi-Vehicle,153.0269,-27.414944,Cowper St,Richmond St,Gordon Park,Stafford,Intersection - Roundabout,Give way sign,0 - 50 km/h,Sealed - Dry,Dawn/Dusk,Straight,Veh'S Adjacent Approach: Thru-Thru,Intersection from adjacent approaches,0,0,1,0,1,0,0,0,1,1,0,0
258556,Hospitalisation,2013,12,Angle,Multi-Vehicle,153.017056,-27.35786081,Brickfield Rd,Gympie Arterial Rd,Aspley,Aspley,Intersection - T-Junction,No traffic control,60 km/h,Sealed - Dry,Daylight,Straight,Veh'S Opposite Approach: U-Turn,U-turn,0,2,0,0,2,2,0,0,0,0,0,0
258557,Minor injury,2013,14,Rear-end,Multi-Vehicle,153.021908,-27.384564,Hamilton Rd,Webster Rd,Chermside,Stafford,Intersection - Roundabout,Give way sign,60 km/h,Sealed - Dry,Daylight,Straight,Veh'S Same Direction: Rear End,Rear-end,0,0,0,1,1,2,0,0,0,0,0,0
258567,Hospitalisation,2013,15,Angle,Multi-Vehicle,153.0614615,-27.38479738,Prince St,Sandgate Sub-Arterial Rd,Virginia,Nudgee,Intersection - T-Junction,No traffic control,60 km/h,Sealed - Dry,Daylight,Straight,Veh'S Opposite Approach: Thru-Right,Opposing vehicles turning,0,1,0,0,1,0,0,1,0,1,0,0
258568,Minor injury,2013,20,Angle,Multi-Vehicle,152.936971,-27.401856,Arbor St,Samford Sub-Arterial Rd,Ferny Grove,Ferny Grove,Intersection - T-Junction,Operating traffic lights,60 km/h,Sealed - Dry,Darkness - Lighted,Straight,Veh'S Opposite Approach: Thru-Right,Opposing vehicles turning,0,0,0,1,1,2,0,0,0,0,0,0
258589,Hospitalisation,2013,12,Overturned,Single Vehicle,152.924865,-27.43468539,Mount Nebo Rd,,The Gap,Ashgrove,No Roadway Feature,No traffic control,60 km/h,Sealed - Dry,Daylight,Curved - view open,Off Path-Curve: Off Cway Rt Bend Hit Obj,Off carriageway on curve hit object,0,1,0,0,1,1,0,0,0,0,0,0
258590,Medical treatment,2013,12,Angle,Multi-Vehicle,153.026553,-27.461163,Boundary St,St Pauls Tce,Spring Hill,Brisbane Central,Intersection - Cross,Operating traffic lights,60 km/h,Sealed - Dry,Daylight,Straight,Veh'S Adjacent Approach: Thru-Thru,Intersection from adjacent approaches,0,0,2,0,2,2,0,0,0,0,0,0
258591,Medical treatment,2013,22,Angle,Multi-Vehicle,153.035802,-27.4475,Campbell St,Hamilton Pl,Bowen Hills,Brisbane Central,Intersection - Cross,Operating traffic lights,60 km/h,Sealed - Dry,Daylight,Curved - view open,Veh'S Adjacent Approach: Thru-Right,Intersection from adjacent approaches,0,0,2,0,2,2,0,0,0,0,0,0
258592,Medical treatment,2013,8,Angle,Multi-Vehicle,153.048415,-27.468174,Sydney St,,New Farm,Brisbane Central,No Roadway Feature,No traffic control,60 km/h,Sealed - Dry,Daylight,Straight,Veh'S Manoeuvring: Leaving Driveway,Vehicle leaving driveway,0,0,1,0,1,2,0,0,0,0,0,0
258594,Medical treatment,2013,15,Head-on,Multi-Vehicle,152.9931386,-27.48800636,Brisbane St,,Toowong,Mount Coot-tha,No Roadway Feature,No traffic control,60 km/h,Sealed - Dry,Daylight,Straight,Veh'S Opposite Approach: Head On,Head-on,0,0,1,0,1,4,0,0,0,0,0,0
258595,Medical treatment,2013,11,Rear-end,Multi-Vehicle,153.010827,-27.317557,Bald Hills Rd,Strathpine Sub-Arterial Rd,Bald Hills,Aspley,Intersection - Cross,Operating traffic lights,60 km/h,Sealed - Dry,Daylight,Straight,Veh'S Same Direction: Rear End,Rear-end,0,0,2,0,2,2,0,0,0,0,0,0
258602,Medical treatment,2013,11,Angle,Multi-Vehicle,153.047165,-27.414454,Dawson St,East - West Arterial Rd,Wooloowin,Clayfield,Intersection - Cross,Operating traffic lights,60 km/h,Sealed - Dry,Daylight,Straight,Veh'S Adjacent Approach: Thru-Thru,Intersection from adjacent approaches,0,0,1,0,1,2,0,0,0,0,0,0
258603,Hospitalisation,2013,10,Fall from vehicle,Single Vehicle,153.0522538,-27.39680046,Rode Rd,,Wavell Heights,Clayfield,No Roadway Feature,No traffic control,60 km/h,Sealed - Dry,Daylight,Straight,Off Path-Straight:Out Of Control On Cway,Out of control on straight,0,1,0,0,1,0,1,0,0,0,0,0
258605,Medical treatment,2013,14,Rear-end,Multi-Vehicle,152.998373,-27.407198,East - West Arterial Rd,Trouts Rd,Everton Park,Everton,Intersection - T-Junction,Operating traffic lights,60 km/h,Sealed - Dry,Daylight,Curved - view open,Veh'S Same Direction: Rear End,Rear-end,0,0,1,0,1,2,0,0,0,0,0,0
258627,Hospitalisation,2013,20,Hit pedestrian,Hit pedestrian,153.0260049,-27.47040259,Albert St,Elizabeth St,Brisbane City,Brisbane Central,Intersection - T-Junction,Operating traffic lights,0 - 50 km/h,Sealed - Dry,Darkness - Lighted,Straight,Ped'N: Near Side Vehicle Hit From Right,Pedestrian,0,1,0,0,1,0,0,0,0,1,1,0
258629,Hospitalisation,2013,17,Hit pedestrian,Hit pedestrian,152.9786968,-27.49290289,Moggill Rd,Moorak St,Taringa,Indooroopilly,Intersection - T-Junction,Operating traffic lights,60 km/h,Sealed - Dry,Dawn/Dusk,Curved - view open,Ped'N: Near Side Vehicle Hit From Right,Pedestrian,0,1,0,0,1,1,0,0,0,0,1,0
258630,Hospitalisation,2013,0,Hit object,Single Vehicle,153.0407916,-27.3451496,Handford Rd,,Taigum,Sandgate,No Roadway Feature,No traffic control,60 km/h,Sealed - Dry,Darkness - Lighted,Straight,Off Path-Straight: Other,Other,0,1,0,0,1,1,0,0,0,0,0,0
258650,Hospitalisation,2013,2,Hit object,Single Vehicle,153.0043407,-27.42077882,Raymont Rd,,Alderley,Stafford,No Roadway Feature,No traffic control,60 km/h,Sealed - Dry,Darkness - Not lighted,Straight,Veh'S On Path: Temporary Object On C'Way,Other,0,1,0,0,1,0,1,0,0,0,0,0
258654,Hospitalisation,2013,19,Hit object,Single Vehicle,153.0254451,-27.38891466,Hilltop Ave,Wallace St,Chermside,Stafford,Intersection - T-Junction,No traffic control,0 - 50 km/h,Sealed - Dry,Darkness - Lighted,Straight,Off Path-Straight: Other,Other,0,1,0,0,1,1,0,0,0,0,0,0
258655,Medical treatment,2013,10,Angle,Multi-Vehicle,153.024097,-27.392532,Rode Rd,,Chermside,Stafford,Intersection - T-Junction,Give way sign,60 km/h,Sealed - Dry,Daylight,Curved - view open,Veh'S Adjacent Approach: Thru-Right,Intersection from adjacent approaches,0,0,4,0,4,3,0,0,0,0,0,0
258665,Medical treatment,2013,18,Rear-end,Multi-Vehicle,153.109803,-27.399181,Airport Dr,Nancy Bird Wy,Brisbane Airport,Clayfield,Intersection - Roundabout,Give way sign,0 - 50 km/h,Sealed - Dry,Darkness - Lighted,Straight,Veh'S Same Direction: Right Rear,Rear-end,0,0,1,0,1,2,0,0,0,0,0,0
258666,Medical treatment,2013,15,Angle,Multi-Vehicle,152.936886,-27.40181532,Arbor St,Samford Sub-Arterial Rd,Ferny Grove,Ferny Grove,Intersection - T-Junction,Operating traffic lights,60 km/h,Sealed - Dry,Daylight,Straight,Veh'S Opposite Approach: Thru-Right,Opposing vehicles turning,0,0,1,0,1,2,0,0,0,0,0,0
258667,Medical treatment,2013,8,Rear-end,Multi-Vehicle,152.990704,-27.422493,Samford Rd,Western Arterial Rd,Enoggera,Ashgrove,Intersection - Cross,Operating traffic lights,60 km/h,Sealed - Dry,Daylight,Straight,Veh'S Same Direction: Right Rear,Rear-end,0,0,1,0,1,1,0,1,0,0,0,0
258668,Medical treatment,2013,8,Angle,Multi-Vehicle,152.9866843,-27.40107166,Everton Park - Albany Creek Rd,,Everton Park,Everton,No Roadway Feature,No traffic control,60 km/h,Sealed - Dry,Daylight,Curved - view open,Veh'S Same Direction: Lane Change Left,Lane changes,0,0,1,0,1,2,0,1,0,0,0,0
258689,Medical treatment,2013,18,Rear-end,Multi-Vehicle,152.8940703,-27.5411287,Moggill Sub-Arterial Rd,,Pinjarra Hills,Moggill,No Roadway Feature,No traffic control,70 km/h,Sealed - Dry,Darkness - Not lighted,Straight,Veh'S Same Direction: Rear End,Rear-end,0,0,1,0,1,2,0,0,0,0,0,0
258690,Hospitalisation,2013,8,Rear-end,Multi-Vehicle,152.9544443,-27.51758305,Western Arterial Rd,,Fig Tree Pocket,Moggill,No Roadway Feature,No traffic control,80 - 90 km/h,Sealed - Dry,Daylight,Straight,Veh'S Same Direction: Rear End,Rear-end,0,1,1,0,2,2,0,0,0,0,0,0
258694,Minor injury,2013,16,Rear-end,Multi-Vehicle,153.062504,-27.375664,Sandgate Sub-Arterial Rd,,Virginia,Nudgee,No Roadway Feature,No traffic control,60 km/h,Sealed - Dry,Darkness - Lighted,Straight,Veh'S Same Direction: Left Rear,Rear-end,0,0,0,1,1,1,1,0,0,0,0,0
258725,Medical treatment,2013,10,Sideswipe,Multi-Vehicle,153.041625,-27.449866,Ann St,Montpelier Rd,Bowen Hills,Brisbane Central,Intersection - Cross,Operating traffic lights,60 km/h,Sealed - Dry,Daylight,Straight,Veh'S Same Direction: Lane Change Right,Lane changes,0,0,1,0,1,1,0,1,0,0,0,0
258733,Minor injury,2013,7,Angle,Multi-Vehicle,152.838602,-27.542205,Nalya Cres,,Karana Downs,Moggill,No Roadway Feature,No traffic control,0 - 50 km/h,Sealed - Dry,Dawn/Dusk,Curved - view open,Veh'S Manoeuvring: Leaving Parking,Vehicle leaving driveway,0,0,0,1,1,1,0,0,1,0,0,0
258738,Medical treatment,2013,18,Rear-end,Multi-Vehicle,153.0591349,-27.39806872,Sandgate Sub-Arterial Rd,,Nundah,Clayfield,No Roadway Feature,No traffic control,0 - 50 km/h,Sealed - Wet,Darkness - Lighted,Straight,Veh'S Same Direction: Rear End,Rear-end,0,0,1,0,1,2,0,0,0,0,0,0
258739,Hospitalisation,2013,7,Angle,Multi-Vehicle,153.0440832,-27.42841949,Camden St,Sandgate Rd,Albion,Clayfield,Intersection - T-Junction,Stop sign,60 km/h,Sealed - Dry,Daylight,Straight,Veh'S Adjacant Approach: Thru-Left,Intersection from adjacent approaches,0,1,0,0,1,1,1,0,0,0,0,0
258740,Medical treatment,2013,18,Rear-end,Multi-Vehicle,153.065529,-27.438971,Harbour Rd,Kingsford Smith Dr,Hamilton,Clayfield,Intersection - T-Junction,Operating traffic lights,60 km/h,Sealed - Dry,Darkness - Lighted,Straight,Veh'S Same Direction: Right Rear,Rear-end,0,0,1,0,1,1,0,0,0,1,0,0
258741,Medical treatment,2013,17,Angle,Multi-Vehicle,153.087285,-27.386821,Nudgee Rd,Tufnell Rd,Banyo,Nudgee,Intersection - T-Junction,Give way sign,60 km/h,Sealed - Dry,Darkness - Not lighted,Straight,Veh'S Adjacent Approach: Thru-Right,Intersection from adjacent approaches,0,0,3,0,3,2,0,0,0,0,0,0
258761,Medical treatment,2013,17,Fall from vehicle,Single Vehicle,152.988004,-27.43863,Frasers Rd,Western Arterial Rd,Ashgrove,Ashgrove,Intersection - T-Junction,Operating traffic lights,60 km/h,Sealed - Dry,Darkness - Lighted,Curved - view open,Off Path-Curve: Out Of Control On Cway,Out of control on curve,0,0,1,0,1,1,1,0,0,0,0,0
258763,Hospitalisation,2013,11,Rear-end,Multi-Vehicle,153.0051292,-27.47315274,Coronation Dr,Graham St,Milton,Mount Coot-tha,Intersection - T-Junction,Operating traffic lights,60 km/h,Sealed - Dry,Daylight,Straight,Veh'S Same Direction: Rear End,Rear-end,0,1,0,0,1,3,0,0,0,0,0,0
258764,Minor injury,2013,9,Sideswipe,Multi-Vehicle,153.024179,-27.45323173,Inner City Bypass,,Herston,Brisbane Central,No Roadway Feature,No traffic control,70 km/h,Sealed - Dry,Daylight,Straight,Veh'S Same Direction: Lane Side Swipe,Lane changes,0,0,0,1,1,1,0,1,0,0,0,0
258765,Medical treatment,2013,7,Rear-end,Multi-Vehicle,152.985637,-27.474565,Victoria Cres,Western Arterial Rd,Toowong,Mount Coot-tha,Intersection - T-Junction,No traffic control,60 km/h,Sealed - Dry,Daylight,Straight,Veh'S Same Direction: Rear End,Rear-end,0,0,2,0,2,3,0,0,0,0,0,0
258766,Medical treatment,2013,19,Rear-end,Multi-Vehicle,152.957193,-27.513503,Western Arterial Rd,,Indooroopilly,Indooroopilly,No Roadway Feature,No traffic control,80 - 90 km/h,Sealed - Dry,Darkness - Lighted,Straight,Veh'S Same Direction: Rear End,Rear-end,0,0,1,0,1,4,0,0,0,0,0,0
258771,Medical treatment,2013,14,Angle,Multi-Vehicle,153.013962,-27.346244,Beams Rd,Lacey Rd,Carseldine,Aspley,Intersection - T-Junction,Stop sign,60 km/h,Sealed - Dry,Daylight,Straight,Veh'S Adjacent Approach: Thru-Right,Intersection from adjacent approaches,0,0,1,0,1,3,0,0,0,0,0,0
258778,Hospitalisation,2013,20,Angle,Multi-Vehicle,153.1031571,-27.40493602,Airport Dr,,Brisbane Airport,Clayfield,No Roadway Feature,No traffic control,80 - 90 km/h,Sealed - Dry,Darkness - Lighted,Straight,Veh'S Manoeuvring: Entering From Footway,Vehicle leaving driveway,0,2,0,0,2,2,0,0,0,0,0,0
258805,Medical treatment,2013,23,Hit pedestrian,Hit pedestrian,153.033939,-27.453663,St Pauls Tce,,Fortitude Valley,Brisbane Central,No Roadway Feature,No traffic control,60 km/h,Sealed - Wet,Darkness - Lighted,Straight,Ped'N: Far Side Vehicle Hit From Left,Pedestrian,0,0,1,0,1,1,0,0,0,0,1,0
258806,Hospitalisation,2013,1,Hit object,Single Vehicle,152.9760518,-27.48905994,Stanley Tce,,Taringa,Mount Coot-tha,No Roadway Feature,No traffic control,0 - 50 km/h,Sealed - Wet,Darkness - Lighted,Straight,Off Path-Curve: Off Cway Rt Bend Hit Obj,Off carriageway on curve hit object,0,1,0,0,1,1,0,0,0,0,0,0
258807,Medical treatment,2013,9,Rear-end,Multi-Vehicle,152.99638,-27.482813,Coronation Dr,,Toowong,Mount Coot-tha,No Roadway Feature,No traffic control,60 km/h,Sealed - Wet,Daylight,Straight,Veh'S Same Direction: Rear End,Rear-end,0,0,1,0,1,2,0,0,0,0,0,0
258809,Medical treatment,2013,8,Rear-end,Multi-Vehicle,153.017324,-27.3005974,Invalid Street From Police,,Bald Hills,Sandgate,Intersection - Interchange,No traffic control,100 - 110 km/h,Sealed - Wet,Daylight,Curved - view open,Veh'S Same Direction: Rear End,Rear-end,0,0,2,0,2,2,0,0,0,0,0,0
258814,Medical treatment,2013,14,Rear-end,Multi-Vehicle,153.017012,-27.365423,Gympie Arterial Rd,,Aspley,Aspley,No Roadway Feature,No traffic control,70 km/h,Sealed - Wet,Daylight,Straight,Veh'S Same Direction: Rear End,Rear-end,0,0,1,0,1,2,0,0,0,0,0,0
258816,Medical treatment,2013,15,Sideswipe,Multi-Vehicle,152.998278,-27.339319,Bridgeman Rd,,Bridgeman Downs,Aspley,No Roadway Feature,No traffic control,70 km/h,Sealed - Wet,Dawn/Dusk,Straight,Veh'S Same Direction: Lane Side Swipe,Lane changes,0,0,1,0,1,2,0,0,0,0,0,0
258830,Medical treatment,2013,7,Angle,Multi-Vehicle,153.0933167,-27.43624867,Fison Ave W,Harvey St South,Eagle Farm,Clayfield,Intersection - T-Junction,Give way sign,0 - 50 km/h,Sealed - Wet,Daylight,Curved - view open,Veh'S Opposite Approach: Thru-Right,Opposing vehicles turning,0,0,1,0,1,2,0,0,0,0,0,0
258831,Medical treatment,2013,9,Hit object,Single Vehicle,153.0725292,-27.42669894,Nudgee Rd,,Ascot,Clayfield,No Roadway Feature,No traffic control,60 km/h,Sealed - Wet,Daylight,Straight,Veh'S Manoeuvring: Other,Other,0,0,1,0,1,1,0,0,0,0,0,0
258865,Hospitalisation,2013,17,Fall from vehicle,Single Vehicle,152.9859671,-27.44627397,Waterworks Rd,,Ashgrove,Ashgrove,No Roadway Feature,No traffic control,60 km/h,Sealed - Dry,Darkness - Lighted,Curved - view open,Off Path-Curve: Out Of Control On Cway,Out of control on curve,0,1,0,0,1,0,1,0,0,0,0,0
258866,Hospitalisation,2013,11,Hit pedestrian,Hit pedestrian,153.0235379,-27.47091061,George St,,Brisbane City,Brisbane Central,No Roadway Feature,Pedestrian operated lights,0 - 50 km/h,Sealed - Dry,Daylight,Straight,Ped'N: Far Side Vehicle Hit From Left,Pedestrian,0,1,0,0,1,1,0,0,0,0,1,0
258869,Medical treatment,2013,17,Sideswipe,Multi-Vehicle,153.037245,-27.456311,Ann St,,Fortitude Valley,Brisbane Central,No Roadway Feature,No traffic control,60 km/h,Sealed - Dry,Darkness - Lighted,Straight,Veh'S Same Direction: Lane Change Left,Lane changes,0,0,1,0,1,1,0,0,0,1,0,0
258870,Medical treatment,2013,18,Rear-end,Multi-Vehicle,153.026378,-27.411718,Beaconsfield Tce,East - West Arterial Rd,Kedron,Stafford,Intersection - T-Junction,No traffic control,60 km/h,Sealed - Dry,Darkness - Lighted,Straight,Veh'S Same Direction: Right Rear,Rear-end,0,0,1,1,2,2,0,0,0,0,0,0
258874,Hospitalisation,2013,11,Head-on,Multi-Vehicle,153.0730877,-27.42318226,Nudgee Rd,Raceview Ave,Hendra,Clayfield,Intersection - Cross,Operating traffic lights,60 km/h,Sealed - Dry,Daylight,Straight,Veh'S Opposite Approach: Thru-Right,Opposing vehicles turning,0,1,0,0,1,2,0,0,0,0,0,0
258875,Medical treatment,2013,1,Hit object,Single Vehicle,153.073612,-27.39992,Nudgee Rd,,Nundah,Nudgee,Bridge/Causeway,No traffic control,60 km/h,Sealed - Wet,Darkness - Lighted,Curved - view open,Off Path-Curve: Off Cway Rt Bend Hit Obj,Off carriageway on curve hit object,0,0,1,0,1,1,0,0,0,0,0,0
258903,Medical treatment,2013,14,Rear-end,Multi-Vehicle,152.986815,-27.456107,Western Arterial Rd,,Bardon,Mount Coot-tha,No Roadway Feature,No traffic control,0 - 50 km/h,Sealed - Dry,Daylight,Straight,Veh'S Same Direction: Rear End,Rear-end,0,0,1,0,1,2,0,0,0,0,0,1
258904,Medical treatment,2013,21,Rear-end,Multi-Vehicle,152.978824,-27.491965,Montrose Rd,Walker St,Taringa,Indooroopilly,Intersection - Cross,Operating traffic lights,60 km/h,Sealed - Wet,Darkness - Lighted,Curved - view open,Veh'S Same Direction: Rear End,Rear-end,0,0,1,0,1,2,0,0,0,0,0,0
258905,Hospitalisation,2013,21,Hit object,Single Vehicle,152.9370525,-27.51042819,Moggill Sub-Arterial Rd,,Kenmore,Moggill,No Roadway Feature,No traffic control,60 km/h,Sealed - Wet,Darkness - Lighted,Curved - view open,Veh'S Opposite Approach: Head On,Head-on,0,1,0,0,1,1,1,0,0,0,0,0
258907,Medical treatment,2013,9,Angle,Multi-Vehicle,153.058615,-27.318831,Connaught St,Nash St,Sandgate,Sandgate,Intersection - Cross,Stop sign,0 - 50 km/h,Sealed - Dry,Daylight,Straight,Veh'S Adjacent Approach: Thru-Thru,Intersection from adjacent approaches,0,0,1,0,1,2,0,0,0,0,0,0
258910,Medical treatment,2013,14,Angle,Multi-Vehicle,153.059695,-27.34380698,Roghan Rd,Sandgate Sub-Arterial Rd,Boondall,Nudgee,Intersection - Cross,Operating traffic lights,60 km/h,Sealed - Dry,Daylight,Straight,Veh'S Opposite Approach: Thru-Right,Opposing vehicles turning,0,0,1,0,1,2,0,0,0,0,0,0
258928,Medical treatment,2013,17,Angle,Multi-Vehicle,153.004689,-27.446055,Emma St,Murray St,Red Hill,Mount Coot-tha,Intersection - Cross,Give way sign,0 - 50 km/h,Sealed - Dry,Dawn/Dusk,Straight,Veh'S Adjacent Approach: Thru-Thru,Intersection from adjacent approaches,0,0,1,0,1,2,0,0,0,0,0,0
258960,Hospitalisation,2013,8,Sideswipe,Multi-Vehicle,153.0253918,-27.46816259,Adelaide St,,Brisbane City,Brisbane Central,No Roadway Feature,No traffic control,0 - 50 km/h,Sealed - Dry,Daylight,Straight,Veh'S Same Direction: Left Turn S/Swipe,Parallel lanes turning,0,1,0,0,1,0,1,1,0,0,0,0
258961,Hospitalisation,2013,7,Fall from vehicle,Single Vehicle,153.0115049,-27.45328572,Blamey St,Kelvin Grove Rd,Kelvin Grove,Mount Coot-tha,Intersection - T-Junction,Operating traffic lights,60 km/h,Sealed - Dry,Daylight,Straight,Off Path-Straight:Out Of Control On Cway,Out of control on straight,0,1,0,0,1,0,1,0,0,0,0,0
258962,Medical treatment,2013,8,Angle,Multi-Vehicle,153.030823,-27.459022,Barry Pde,Gotha St,Fortitude Valley,Brisbane Central,Intersection - Cross,Stop sign,60 km/h,Sealed - Dry,Daylight,Curved - view open,Veh'S Adjacent Approach: Thru-Thru,Intersection from adjacent approaches,0,0,1,0,1,2,0,0,0,0,0,0
258963,Hospitalisation,2013,14,Sideswipe,Multi-Vehicle,152.9752038,-27.49364894,Manchester Tce,Waverley Rd,Taringa,Indooroopilly,Intersection - Cross,Stop sign,0 - 50 km/h,Sealed - Dry,Daylight,Straight,Veh'S Adjacent Approach: Thru-Thru,Intersection from adjacent approaches,0,1,0,0,1,3,0,0,0,0,0,0
258964,Hospitalisation,2013,10,Angle,Multi-Vehicle,152.9767698,-27.49388793,Moggill Rd,Waverley Rd,Taringa,Indooroopilly,Intersection - T-Junction,Give way sign,60 km/h,Sealed - Dry,Daylight,Straight,Veh'S Adjacent Approach: Thru-Right,Intersection from adjacent approaches,0,1,0,1,2,2,0,0,0,0,0,0
258966,Medical treatment,2013,16,Rear-end,Multi-Vehicle,153.0182134,-27.34692355,Beams Rd,,Carseldine,Aspley,No Roadway Feature,No traffic control,60 km/h,Sealed - Dry,Daylight,Straight,Veh'S Same Direction: Rear End,Rear-end,0,0,1,1,2,2,0,0,0,0,0,0
258967,Medical treatment,2013,15,Rear-end,Multi-Vehicle,153.0222939,-27.37273588,Gympie Arterial Rd,,Aspley,Aspley,Intersection - Cross,Operating traffic lights,70 km/h,Sealed - Dry,Daylight,Straight,Veh'S Same Direction: Rear End,Rear-end,0,0,1,0,1,2,0,0,0,0,0,0
258992,Medical treatment,2013,16,Hit parked vehicle,Single Vehicle,153.009401,-27.4625589,Caxton St,,Paddington,Mount Coot-tha,No Roadway Feature,No traffic control,0 - 50 km/h,Sealed - Dry,Daylight,Straight,Veh'S On Path: Car Door,Hit parked vehicle,0,0,1,0,1,2,0,0,0,1,0,0