Crash_Ref_Number,Severity,Year,Hour,Crash_Nature,Crash_Type,Longitude,Latitude,Street,Street_Intersecting,Suburb,Loc_State_Electorate,Crash_Roadway_Feature,Crash_Traffic_Control,Crash_Speed_Limit,Crash_Road_Surface_Condition,Crash_Lighting_Condition,Crash_Road_Horiz_Align,Crash_DCA_Description,Crash_DCA_Group_Description,Count_Casualty_Fatality,Count_Casualty_Hospitalised,Count_Casualty_MedicallyTreated,Count_Casualty_MinorInjury,Count_Casualty_Total,Count_Unit_Car,Count_Unit_Motorcycle_Moped,Count_Unit_Truck,Count_Unit_Bus,Count_Unit_Bicycle,Count_Unit_Pedestrian,Count_Unit_Other
258993,Hospitalisation,2013,11,Angle,Multi-Vehicle,153.0188459,-27.45997865,Boundary St,Gregory Tce,Spring Hill,Brisbane Central,Intersection - Cross,Operating traffic lights,60 km/h,Sealed - Dry,Daylight,Curved - view open,Veh'S Opposite Approach: Thru-Right,Opposing vehicles turning,0,1,0,0,1,2,0,0,0,0,0,0
258994,Medical treatment,2013,18,Rear-end,Multi-Vehicle,153.0280247,-27.46370735,Turbot St,,Spring Hill,Brisbane Central,No Roadway Feature,No traffic control,60 km/h,Sealed - Dry,Dawn/Dusk,Straight,Veh'S Same Direction: Rear End,Rear-end,0,0,1,0,1,2,0,0,0,0,0,0
258995,Hospitalisation,2013,21,Rear-end,Multi-Vehicle,153.0291009,-27.48052154,South East Arterial Rd,,Brisbane City,Brisbane Central,Bridge/Causeway,No traffic control,80 - 90 km/h,Sealed - Dry,Darkness - Lighted,Straight,Veh'S Same Direction: Rear End,Rear-end,0,1,0,0,1,4,0,0,0,0,0,0
258996,Hospitalisation,2013,10,Angle,Multi-Vehicle,153.0328236,-27.45478152,Baxter St,St Pauls Tce,Fortitude Valley,Brisbane Central,Intersection - T-Junction,Stop sign,60 km/h,Sealed - Dry,Daylight,Straight,Veh'S Adjacent Approach: Thru-Right,Intersection from adjacent approaches,0,1,0,0,1,1,1,0,0,0,0,0
258997,Medical treatment,2013,15,Rear-end,Multi-Vehicle,153.033692,-27.457431,Brunswick St,Wickham St,Fortitude Valley,Brisbane Central,Intersection - Cross,Operating traffic lights,60 km/h,Sealed - Dry,Daylight,Straight,Veh'S Same Direction: Left Rear,Rear-end,0,0,1,0,1,2,0,0,0,0,0,0
258998,Hospitalisation,2013,16,Sideswipe,Multi-Vehicle,153.0314377,-27.45758955,Gipps St,,Fortitude Valley,Brisbane Central,No Roadway Feature,No traffic control,60 km/h,Sealed - Dry,Daylight,Curved - view open,Veh'S Same Direction: Lane Change Left,Lane changes,0,1,0,0,1,2,0,0,0,0,0,0
259002,Fatal,2013,13,Hit pedestrian,Hit pedestrian,153.0350409,-27.3845496,Kittyhawk Dr,Way St,Chermside,Nudgee,Intersection - T-Junction,Operating traffic lights,0 - 50 km/h,Sealed - Dry,Daylight,Straight,Ped'N: Near Side Vehicle Hit From Right,Pedestrian,1,1,0,0,2,1,0,0,0,0,2,0
259017,Hospitalisation,2013,6,Hit object,Single Vehicle,153.1235466,-27.37497492,Casuarina St,Dryandra Rd,Brisbane Airport,Clayfield,Intersection - Cross,Stop sign,60 km/h,Sealed - Dry,Daylight,Straight,Veh'S On Path: Temporary Object On C'Way,Other,0,1,0,0,1,0,1,0,0,0,0,0
259038,Hospitalisation,2013,5,Rear-end,Multi-Vehicle,153.0483722,-27.31562556,Deagon Deviation,,Sandgate,Sandgate,No Roadway Feature,No traffic control,80 - 90 km/h,Sealed - Dry,Daylight,Straight,Veh'S Same Direction: Rear End,Rear-end,0,1,0,0,1,3,0,0,0,0,0,0
259059,Medical treatment,2013,5,Rear-end,Multi-Vehicle,153.091912,-27.357947,Gateway Arterial Rd,,Nudgee Beach,Nudgee,No Roadway Feature,No traffic control,100 - 110 km/h,Sealed - Dry,Dawn/Dusk,Curved - view open,Veh'S Same Direction: Rear End,Rear-end,0,0,1,0,1,5,0,0,0,0,0,0
259076,Hospitalisation,2013,17,Hit object,Single Vehicle,152.9654595,-27.44791914,Waterworks Rd,,The Gap,Ashgrove,No Roadway Feature,No traffic control,60 km/h,Sealed - Dry,Daylight,Straight,Off Path-Straight:Right Off Cway Hit Obj,Off carriageway on straight hit object,0,1,0,0,1,1,0,0,0,0,0,0
259077,Medical treatment,2013,16,Hit object,Single Vehicle,152.990462,-27.453885,Kennedy Tce,,Paddington,Mount Coot-tha,No Roadway Feature,No traffic control,0 - 50 km/h,Sealed - Dry,Dawn/Dusk,Straight,Off Path-Straight: Left Off Cway Hit Obj,Off carriageway on straight hit object,0,0,1,0,1,1,0,0,0,0,0,0
259079,Medical treatment,2013,0,Hit object,Single Vehicle,153.017122,-27.316675,Hoyland St,Kluver St,Bald Hills,Aspley,Intersection - Cross,Operating traffic lights,60 km/h,Sealed - Dry,Darkness - Lighted,Straight,Off Path-Straight: Mounts Traffic Island,Off carriageway on straight hit object,0,0,1,0,1,1,0,0,0,0,0,0
259081,Medical treatment,2013,17,Rear-end,Multi-Vehicle,153.034714,-27.386525,Hamilton Rd,Kittyhawk Dr,Chermside,Nudgee,Intersection - Cross,Operating traffic lights,60 km/h,Sealed - Dry,Darkness - Lighted,Straight,Veh'S Same Direction: Rear End,Rear-end,0,0,2,0,2,4,0,0,0,0,0,0
259089,Hospitalisation,2013,16,Angle,Multi-Vehicle,153.0723504,-27.39269428,Melton Rd,Toombul Rd,Northgate,Nudgee,Intersection - Cross,Operating traffic lights,60 km/h,Sealed - Dry,Daylight,Straight,Veh'S Same Direction: Lane Change Right,Lane changes,0,1,0,0,1,1,1,0,0,0,0,0
259115,Medical treatment,2013,12,Rear-end,Multi-Vehicle,153.02895,-27.449779,Bowen Bridge Rd,Herston Rd,Bowen Hills,Brisbane Central,Intersection - T-Junction,Operating traffic lights,60 km/h,Sealed - Dry,Daylight,Straight,Veh'S Same Direction: Rear End,Rear-end,0,0,1,0,1,1,0,1,0,0,0,0
259116,Hospitalisation,2013,17,Angle,Multi-Vehicle,153.0398036,-27.46221848,Brunswick St,Kent St,New Farm,Brisbane Central,Intersection - Cross,Operating traffic lights,60 km/h,Sealed - Dry,Dawn/Dusk,Straight,Veh'S Opposite Approach: Thru-Right,Opposing vehicles turning,0,1,0,0,1,2,0,0,0,0,0,0
259118,Medical treatment,2013,12,Fall from vehicle,Single Vehicle,153.045307,-27.356058,Church Rd,Duffy St,Zillmere,Nudgee,Intersection - T-Junction,No traffic control,60 km/h,Sealed - Dry,Daylight,Straight,Off Path-Straight:Out Of Control On Cway,Out of control on straight,0,0,1,0,1,1,1,0,0,0,0,0
259126,Hospitalisation,2013,5,Hit object,Single Vehicle,153.0487902,-27.43955243,Yulestar St,,Hamilton,Clayfield,No Roadway Feature,No traffic control,0 - 50 km/h,Sealed - Wet,Darkness - Lighted,Straight,Off Path-Straight: Left Off Cway Hit Obj,Off carriageway on straight hit object,0,1,0,0,1,1,0,0,0,0,0,0
259127,Hospitalisation,2013,4,Hit parked vehicle,Single Vehicle,152.9660072,-27.41667012,Kooya Rd,,Mitchelton,Ashgrove,No Roadway Feature,No traffic control,0 - 50 km/h,Sealed - Wet,Darkness - Lighted,Curved - view open,Veh'S On Path: Parked,Hit parked vehicle,0,1,0,0,1,2,0,0,0,0,0,0
259149,Medical treatment,2013,13,Rear-end,Multi-Vehicle,152.985837,-27.456979,Coopers Camp Rd,Western Arterial Rd,Bardon,Mount Coot-tha,Intersection - T-Junction,Operating traffic lights,60 km/h,Sealed - Wet,Daylight,Curved - view open,Veh'S Same Direction: Rear End,Rear-end,0,0,1,0,1,2,0,0,0,0,0,0
259150,Medical treatment,2013,7,Fall from vehicle,Single Vehicle,153.011857,-27.459464,Hale St,,Paddington,Mount Coot-tha,No Roadway Feature,No traffic control,60 km/h,Sealed - Wet,Daylight,Curved - view obscured,Off Path-Curve: Out Of Control On Cway,Out of control on curve,0,0,1,0,1,0,1,0,0,0,0,0
259151,Medical treatment,2013,11,Rear-end,Multi-Vehicle,153.001691,-27.4698981,Milton Rd,,Milton,Mount Coot-tha,No Roadway Feature,No traffic control,60 km/h,Sealed - Wet,Daylight,Straight,Veh'S Same Direction: Rear End,Rear-end,0,0,2,0,2,3,0,0,0,0,0,0
259152,Hospitalisation,2013,10,Angle,Multi-Vehicle,153.0289616,-27.44976155,Bowen Bridge Rd,Herston Rd,Bowen Hills,Brisbane Central,Intersection - T-Junction,Operating traffic lights,60 km/h,Sealed - Wet,Daylight,Straight,Veh'S Adjacent Approach: Thru-Right,Intersection from adjacent approaches,0,1,1,0,2,2,0,0,0,0,0,0
259153,Medical treatment,2013,12,Rear-end,Multi-Vehicle,153.029298,-27.447886,Bowen Bridge Rd,O'Connell Tce,Bowen Hills,Brisbane Central,Intersection - Cross,Operating traffic lights,60 km/h,Sealed - Wet,Daylight,Straight,Veh'S Same Direction: Rear End,Rear-end,0,0,2,0,2,2,0,0,0,0,0,0
259155,Hospitalisation,2013,3,Hit parked vehicle,Single Vehicle,152.9894427,-27.50341979,Lambert Rd,,Indooroopilly,Indooroopilly,No Roadway Feature,No traffic control,0 - 50 km/h,Sealed - Wet,Darkness - Lighted,Straight,Veh'S On Path: Parked,Hit parked vehicle,0,1,0,0,1,2,0,0,0,0,0,0
259158,Medical treatment,2013,8,Hit object,Single Vehicle,153.0412263,-27.31291563,Gateway Arterial Rd,,Bracken Ridge,Sandgate,No Roadway Feature,No traffic control,100 - 110 km/h,Sealed - Wet,Daylight,Curved - view open,Off Path-Curve: Off Cway Lt Bend Hit Obj,Off carriageway on curve hit object,0,0,1,0,1,1,0,0,0,0,0,0
259167,Hospitalisation,2013,9,Sideswipe,Multi-Vehicle,152.9903367,-27.40570892,Everton Park - Albany Creek Rd,Mcilwraith St,Everton Park,Everton,Intersection - T-Junction,No traffic control,60 km/h,Sealed - Wet,Daylight,Straight,Veh'S Opposite Approach: Head On,Head-on,0,1,0,0,1,2,0,0,0,0,0,0
259185,Medical treatment,2013,16,Rear-end,Multi-Vehicle,153.030639,-27.456987,Gipps St,St Pauls Tce,Fortitude Valley,Brisbane Central,Intersection - Cross,Operating traffic lights,60 km/h,Sealed - Dry,Daylight,Straight,Veh'S Same Direction: Right Rear,Rear-end,0,0,1,0,1,2,0,0,0,0,0,0
259186,Medical treatment,2013,13,Rear-end,Multi-Vehicle,153.007998,-27.445064,Kelvin Grove Rd,Tait St,Kelvin Grove,Brisbane Central,Intersection - T-Junction,No traffic control,60 km/h,Sealed - Wet,Daylight,Straight,Veh'S Same Direction: Rear End,Rear-end,0,0,1,0,1,2,0,0,0,0,0,0
259188,Hospitalisation,2013,7,Head-on,Multi-Vehicle,153.0357596,-27.4630815,Story Bridge,,Fortitude Valley,Brisbane Central,No Roadway Feature,No traffic control,60 km/h,Sealed - Wet,Daylight,Straight,Veh'S Opposite Approach: Head On,Head-on,0,3,1,0,4,4,0,0,0,0,0,0
259190,Medical treatment,2013,5,Rear-end,Multi-Vehicle,153.047344,-27.313819,Gateway Arterial Rd,,Sandgate,Sandgate,Bridge/Causeway,No traffic control,100 - 110 km/h,Sealed - Wet,Dawn/Dusk,Curved - view obscured,Veh'S Same Direction: Rear End,Rear-end,0,0,1,0,1,5,0,0,0,0,0,2
259191,Medical treatment,2013,21,Hit object,Single Vehicle,153.046189,-27.313114,Gateway Arterial Rd,,Bracken Ridge,Sandgate,No Roadway Feature,No traffic control,100 - 110 km/h,Sealed - Wet,Darkness - Lighted,Curved - view obscured,Off Path-Curve: Off Cway Lt Bend Hit Obj,Off carriageway on curve hit object,0,0,1,0,1,1,0,0,0,0,0,0
259200,Medical treatment,2013,7,Rear-end,Multi-Vehicle,153.023221,-27.373426,Gympie Arterial Rd,Webster Rd,Aspley,Aspley,Intersection - Cross,Operating traffic lights,70 km/h,Sealed - Wet,Daylight,Straight,Veh'S Same Direction: Rear End,Rear-end,0,0,1,0,1,2,0,0,0,0,0,0
259205,Medical treatment,2013,19,Rear-end,Multi-Vehicle,153.0758387,-27.39685533,Nudgee Rd,Toombul Rd,Northgate,Nudgee,Intersection - Cross,Operating traffic lights,60 km/h,Sealed - Dry,Darkness - Lighted,Straight,Veh'S Manoeuvring: Reversing,Hit parked vehicle,0,0,1,0,1,2,0,0,0,0,0,0
259206,Hospitalisation,2013,13,Rear-end,Multi-Vehicle,153.0884994,-27.41268414,Airport Dr,Lomandra Dr,Brisbane Airport,Clayfield,Intersection - T-Junction,Operating traffic lights,60 km/h,Sealed - Wet,Daylight,Straight,Veh'S Same Direction: Rear End,Rear-end,0,2,0,0,2,3,0,0,0,0,0,0
259207,Hospitalisation,2013,15,Angle,Multi-Vehicle,152.9864427,-27.39594094,Cayley St,Everton Park - Albany Creek Rd,Everton Park,Everton,Intersection - T-Junction,Stop sign,60 km/h,Sealed - Wet,Daylight,Straight,Veh'S Adjacent Approach: Thru-Right,Intersection from adjacent approaches,0,1,0,1,2,2,0,0,0,0,0,0
259219,Medical treatment,2013,18,Sideswipe,Multi-Vehicle,152.943309,-27.443193,Waterworks Rd,,The Gap,Ashgrove,Merge Lane,No traffic control,60 km/h,Sealed - Dry,Darkness - Lighted,Straight,Veh'S Same Direction: Lane Side Swipe,Lane changes,0,0,1,0,1,1,1,0,0,0,0,0
259220,Hospitalisation,2013,16,Rear-end,Multi-Vehicle,152.9482594,-27.5217411,Western Arterial Rd,,Fig Tree Pocket,Moggill,No Roadway Feature,No traffic control,80 - 90 km/h,Sealed - Dry,Daylight,Straight,Veh'S Same Direction: Rear End,Rear-end,0,1,1,1,3,2,0,0,0,0,0,0
259225,Medical treatment,2013,15,Rear-end,Multi-Vehicle,152.985511,-27.386338,Rode Rd,,Mcdowall,Everton,No Roadway Feature,No traffic control,60 km/h,Sealed - Dry,Daylight,Straight,Veh'S Same Direction: Rear End,Rear-end,0,0,2,0,2,3,0,0,0,0,0,0
259233,Medical treatment,2013,19,Angle,Multi-Vehicle,152.940202,-27.406243,Samford Sub-Arterial Rd,Tramway St,Ferny Grove,Ferny Grove,Intersection - T-Junction,Operating traffic lights,60 km/h,Sealed - Dry,Darkness - Lighted,Straight,Veh'S Opposite Approach: Thru-Right,Opposing vehicles turning,0,0,1,0,1,2,0,0,0,0,0,0
259234,Hospitalisation,2013,11,Rear-end,Multi-Vehicle,152.9866457,-27.40092695,Everton Park - Albany Creek Rd,,Everton Park,Everton,No Roadway Feature,No traffic control,60 km/h,Sealed - Dry,Daylight,Curved - view open,Veh'S Same Direction: Left Rear,Rear-end,0,1,0,1,2,1,1,0,0,0,0,0
259260,Hospitalisation,2013,18,Angle,Multi-Vehicle,153.0021011,-27.4600188,Cochrane St,Latrobe Tce,Paddington,Mount Coot-tha,Intersection - T-Junction,Stop sign,0 - 50 km/h,Sealed - Dry,Darkness - Lighted,Straight,Veh'S Adjacent Approach: Thru-Right,Intersection from adjacent approaches,0,1,0,0,1,3,0,0,0,0,0,0
259261,Medical treatment,2013,17,Angle,Multi-Vehicle,153.03656,-27.447581,Campbell St,Hurworth St,Bowen Hills,Brisbane Central,Intersection - Cross,No traffic control,0 - 50 km/h,Sealed - Dry,Daylight,Straight,Veh'S Opposite Approach: Thru-Right,Opposing vehicles turning,0,0,1,0,1,2,0,0,0,0,0,0
259262,Hospitalisation,2013,5,Angle,Multi-Vehicle,153.0405485,-27.45270648,Ann St,Murri Wy,Fortitude Valley,Brisbane Central,Intersection - Cross,Operating traffic lights,60 km/h,Sealed - Dry,Dawn/Dusk,Curved - view open,Veh'S Adjacent Approach: Thru-Thru,Intersection from adjacent approaches,0,1,0,0,1,1,1,0,0,0,0,0
259263,Hospitalisation,2013,16,Angle,Multi-Vehicle,153.0418674,-27.44449147,Edmondstone Rd,Ross St,Bowen Hills,Brisbane Central,Intersection - Roundabout,Give way sign,60 km/h,Sealed - Dry,Daylight,Straight,Veh'S Adjacent Approach: Thru-Right,Intersection from adjacent approaches,0,1,0,0,1,1,0,0,1,0,0,0
259265,Medical treatment,2013,10,Rear-end,Multi-Vehicle,153.044987,-27.30677,Douglas St,Lascelles St,Brighton,Sandgate,Intersection - T-Junction,No traffic control,60 km/h,Sealed - Dry,Daylight,Curved - view obscured,Veh'S Same Direction: Right Rear,Rear-end,0,0,1,0,1,2,0,0,0,0,0,0
259274,Medical treatment,2013,8,Angle,Multi-Vehicle,153.074429,-27.434041,Hants St,Windsor St,Hamilton,Clayfield,Intersection - Cross,Give way sign,60 km/h,Sealed - Dry,Daylight,Straight,Veh'S Adjacent Approach: Thru-Thru,Intersection from adjacent approaches,0,0,1,1,2,2,0,0,0,0,0,0
259296,Medical treatment,2013,1,Hit object,Single Vehicle,153.040773,-27.438584,Abbotsford Rd,,Bowen Hills,Brisbane Central,No Roadway Feature,No traffic control,60 km/h,Sealed - Wet,Darkness - Lighted,Curved - view open,Off Path-Curve: Off Cway Lt Bend Hit Obj,Off carriageway on curve hit object,0,0,1,0,1,1,0,0,0,0,0,0
259299,Medical treatment,2013,17,Hit pedestrian,Hit pedestrian,152.9376793,-27.5106313,Kenmore Rd,,Kenmore,Moggill,No Roadway Feature,No traffic control,60 km/h,Sealed - Dry,Dawn/Dusk,Straight,Ped'N: Far Side Vehicle Hit From Left,Pedestrian,0,0,1,0,1,1,0,0,0,0,1,0
259302,Hospitalisation,2013,15,Hit pedestrian,Hit pedestrian,153.0430386,-27.35072359,Beams Rd,,Taigum,Sandgate,No Roadway Feature,No traffic control,60 km/h,Sealed - Dry,Daylight,Straight,Ped'N: Far Side Vehicle Hit From Left,Pedestrian,0,1,0,0,1,1,0,0,0,0,1,0
259303,Hospitalisation,2013,11,Rear-end,Multi-Vehicle,153.0594673,-27.33967547,Sandgate Sub-Arterial Rd,,Boondall,Nudgee,No Roadway Feature,No traffic control,70 km/h,Sealed - Dry,Daylight,Straight,Veh'S Same Direction: Lane Change Left,Lane changes,0,1,0,0,1,1,1,0,0,0,0,0
259314,Hospitalisation,2013,14,Angle,Multi-Vehicle,153.0872241,-27.3685722,Hayden St,St Vincents Rd,Nudgee,Nudgee,Intersection - T-Junction,Give way sign,60 km/h,Sealed - Dry,Daylight,Straight,Veh'S Adjacent Approach: Thru-Right,Intersection from adjacent approaches,0,1,0,1,2,2,0,0,0,0,0,0
259315,Hospitalisation,2013,13,Hit pedestrian,Hit pedestrian,152.9972248,-27.42384487,Gardiner St,Samford Rd,Alderley,Ashgrove,Intersection - T-Junction,Give way sign,0 - 50 km/h,Sealed - Dry,Daylight,Straight,Ped'N: Near Side Vehicle Hit From Right,Pedestrian,0,1,0,0,1,1,0,0,0,0,1,0
259339,Hospitalisation,2013,5,Head-on,Multi-Vehicle,153.0092054,-27.50120464,Upland Rd,,St Lucia,Indooroopilly,No Roadway Feature,No traffic control,0 - 50 km/h,Sealed - Dry,Darkness - Not lighted,Straight,Veh'S Opposite Approach: Head On,Head-on,0,2,0,0,2,0,0,0,0,2,0,0
259340,Medical treatment,2013,9,Fall from vehicle,Single Vehicle,153.0097695,-27.40957636,East - West Arterial Rd,,Stafford,Stafford,No Roadway Feature,Give way sign,0 - 50 km/h,Sealed - Dry,Daylight,Straight,Veh'S Manoeuvring: Other,Other,0,0,2,0,2,1,0,0,0,1,0,0
259341,Hospitalisation,2013,12,Rear-end,Multi-Vehicle,153.021567,-27.37208973,Gympie Arterial Rd,,Aspley,Aspley,No Roadway Feature,No traffic control,70 km/h,Sealed - Dry,Daylight,Straight,Veh'S Same Direction: Rear End,Rear-end,0,1,0,0,1,2,0,0,0,0,0,0
259342,Medical treatment,2013,14,Angle,Multi-Vehicle,153.016705,-27.359605,Gympie Arterial Rd,,Aspley,Aspley,No Roadway Feature,No traffic control,70 km/h,Sealed - Dry,Daylight,Curved - view open,Veh'S Manoeuvring: Leaving Driveway,Vehicle leaving driveway,0,0,1,0,1,2,0,0,0,0,0,0
259366,Medical treatment,2013,22,Angle,Multi-Vehicle,153.007588,-27.462196,Campbell St,Given Tce,Paddington,Mount Coot-tha,Intersection - T-Junction,No traffic control,60 km/h,Sealed - Dry,Darkness - Lighted,Straight,Veh'S Manoeuvring: Leaving Parking,Vehicle leaving driveway,0,0,1,0,1,1,1,0,0,0,0,0
259368,Hospitalisation,2013,13,Angle,Multi-Vehicle,152.8905474,-27.54279454,Moggill Sub-Arterial Rd,Mount Crosby Rd,Pinjarra Hills,Moggill,Intersection - T-Junction,No traffic control,60 km/h,Sealed - Dry,Daylight,Curved - view open,Veh'S Opposite Approach: Thru-Right,Opposing vehicles turning,0,1,0,0,1,2,0,0,0,0,0,0
259372,Hospitalisation,2013,13,Rear-end,Multi-Vehicle,153.017237,-27.3637278,Gympie Arterial Rd,Robinson Rd W,Aspley,Aspley,Intersection - Cross,Operating traffic lights,70 km/h,Sealed - Dry,Daylight,Straight,Veh'S Same Direction: Rear End,Rear-end,0,1,0,0,1,2,0,0,0,0,0,0
259404,Medical treatment,2013,16,Angle,Multi-Vehicle,153.014516,-27.458608,Kelvin Grove Rd,,Kelvin Grove,Brisbane Central,Intersection - Interchange,Operating traffic lights,60 km/h,Sealed - Dry,Daylight,Straight,Veh'S Adjacent Approach: Thru-Right,Intersection from adjacent approaches,0,0,3,0,3,2,0,0,0,0,0,0
259405,Medical treatment,2013,16,Rear-end,Multi-Vehicle,152.9648,-27.506784,Kate St,Witton Rd,Indooroopilly,Indooroopilly,Intersection - T-Junction,Give way sign,0 - 50 km/h,Sealed - Dry,Daylight,Straight,Veh'S Same Direction: Right Rear,Rear-end,0,0,1,0,1,2,0,0,0,0,0,0
259410,Hospitalisation,2013,16,Rear-end,Multi-Vehicle,153.0303836,-27.44262856,Inner City Bypass Off Ramp,Lutwyche Rd,Windsor,Brisbane Central,Intersection - Interchange,Operating traffic lights,60 km/h,Sealed - Dry,Daylight,Straight,Veh'S Same Direction: Right Rear,Rear-end,0,1,0,0,1,2,0,0,0,0,0,0
259411,Hospitalisation,2013,23,Hit object,Single Vehicle,152.9436965,-27.41957126,Mungarie St,,Keperra,Ferny Grove,No Roadway Feature,No traffic control,0 - 50 km/h,Sealed - Dry,Darkness - Lighted,Curved - view open,Off Path-Curve: Off Cway Lt Bend Hit Obj,Off carriageway on curve hit object,0,1,0,0,1,1,0,0,0,0,0,0
259412,Medical treatment,2013,8,Angle,Multi-Vehicle,152.767454,-27.334963,Mount Glorious Rd,,England Creek,Moggill,No Roadway Feature,No traffic control,0 - 50 km/h,Sealed - Dry,Daylight,Curved - view open,Veh'S Manoeuvring: Entering From Footway,Vehicle leaving driveway,0,0,1,0,1,2,1,0,0,0,0,0
259413,Hospitalisation,2013,14,Rear-end,Multi-Vehicle,152.9905089,-27.42251993,Samford Sub-Arterial Rd,Western Arterial Rd,Enoggera,Ashgrove,Intersection - T-Junction,Give way sign,60 km/h,Sealed - Dry,Daylight,Curved - view open,Veh'S Same Direction: Left Rear,Rear-end,0,1,0,0,1,2,0,0,0,0,0,0
259430,Hospitalisation,2013,9,Hit object,Single Vehicle,153.0399916,-27.34971361,Handford Rd,,Taigum,Sandgate,No Roadway Feature,No traffic control,60 km/h,Sealed - Dry,Daylight,Straight,Off Path-Straight:Right Off Cway Hit Obj,Off carriageway on straight hit object,0,1,0,0,1,1,0,0,0,0,0,0
259469,Hospitalisation,2013,16,Rear-end,Multi-Vehicle,153.0302198,-27.46901354,Eagle St,,Brisbane City,Brisbane Central,No Roadway Feature,No traffic control,0 - 50 km/h,Sealed - Dry,Daylight,Straight,Veh'S Same Direction: Rear End,Rear-end,0,1,0,0,1,2,0,0,0,0,0,0
259470,Medical treatment,2013,9,Angle,Multi-Vehicle,153.033208,-27.454385,Julia St,St Pauls Tce,Fortitude Valley,Brisbane Central,Intersection - T-Junction,No traffic control,60 km/h,Sealed - Dry,Dawn/Dusk,Straight,Veh'S Opposite Approach: Thru-Right,Opposing vehicles turning,0,0,1,0,1,1,1,0,0,0,0,0
259471,Hospitalisation,2013,13,Hit object,Single Vehicle,152.9380255,-27.5070132,Brookfield Rd,,Kenmore,Moggill,No Roadway Feature,No traffic control,60 km/h,Sealed - Dry,Daylight,Straight,Off Path-Straight: Left Off Cway Hit Obj,Off carriageway on straight hit object,0,1,0,0,1,1,0,0,0,0,0,0
259472,Hospitalisation,2013,9,Rear-end,Multi-Vehicle,152.9905736,-27.4973408,Gailey Rd,,St Lucia,Indooroopilly,No Roadway Feature,No traffic control,60 km/h,Sealed - Dry,Daylight,Straight,Veh'S Same Direction: Rear End,Rear-end,0,1,1,0,2,2,0,0,0,0,0,0
259473,Medical treatment,2013,14,Sideswipe,Multi-Vehicle,152.994082,-27.491987,Gailey Rd,Sir Fred Schonell Dr,Toowong,Mount Coot-tha,Intersection - T-Junction,Operating traffic lights,60 km/h,Sealed - Dry,Daylight,Straight,Veh'S Same Direction: Lane Side Swipe,Lane changes,0,0,1,0,1,1,0,1,0,0,0,0
259483,Hospitalisation,2013,10,Sideswipe,Multi-Vehicle,153.0314755,-27.43579156,Lutwyche Rd,,Windsor,Brisbane Central,No Roadway Feature,No traffic control,60 km/h,Sealed - Dry,Daylight,Straight,Veh'S Same Direction: Lane Change Left,Lane changes,0,1,0,0,1,2,0,1,0,0,0,0
259501,Minor injury,2013,17,Angle,Multi-Vehicle,152.991704,-27.444788,Harry St,Stewart Rd,Ashgrove,Ashgrove,Intersection - T-Junction,No traffic control,60 km/h,Sealed - Wet,Dawn/Dusk,Straight,Veh'S Opposite Approach: Thru-Right,Opposing vehicles turning,0,0,0,2,2,2,0,0,0,0,0,0
259502,Medical treatment,2013,6,Hit object,Single Vehicle,153.0147263,-27.466202,Skew St,Upper Roma St,Brisbane City,Brisbane Central,Intersection - T-Junction,Operating traffic lights,60 km/h,Sealed - Wet,Dawn/Dusk,Curved - view open,Off Path-Curve: Off Cway Lt Bend Hit Obj,Off carriageway on curve hit object,0,0,1,0,1,1,0,0,0,0,0,0
259505,Medical treatment,2013,8,Angle,Multi-Vehicle,153.065889,-27.321041,Barclay St,Rainbow St,Sandgate,Sandgate,Intersection - T-Junction,Operating traffic lights,60 km/h,Sealed - Wet,Daylight,Straight,Veh'S Adjacent Approach: Thru-Right,Intersection from adjacent approaches,0,0,1,0,1,2,0,0,0,0,0,0
259506,Hospitalisation,2013,11,Sideswipe,Multi-Vehicle,153.0566002,-27.32670549,Depot Rd,Sandgate Sub-Arterial Rd,Deagon,Sandgate,Intersection - Cross,Operating traffic lights,60 km/h,Sealed - Wet,Daylight,Straight,Veh'S Same Direction: Right Turn S/Swipe,Parallel lanes turning,0,1,0,0,1,1,1,0,0,0,0,0
259508,Hospitalisation,2013,14,Sideswipe,Multi-Vehicle,153.0607093,-27.35334445,Sandgate Sub-Arterial Rd,Stanworth Rd,Boondall,Nudgee,Intersection - Cross,Operating traffic lights,60 km/h,Sealed - Wet,Daylight,Straight,Veh'S Same Direction: Lane Side Swipe,Lane changes,0,1,0,0,1,2,0,0,0,0,0,0
259514,Medical treatment,2013,14,Rear-end,Multi-Vehicle,153.030368,-27.442719,Bowen Bridge Rd,Lutwyche Rd,Windsor,Brisbane Central,Intersection - Cross,Operating traffic lights,60 km/h,Sealed - Dry,Daylight,Straight,Veh'S Same Direction: Rear End,Rear-end,0,0,1,0,1,2,0,0,0,0,0,0
259515,Hospitalisation,2013,16,Rear-end,Multi-Vehicle,153.096617,-27.37404312,Gateway Arterial Rd,,Nudgee,Nudgee,No Roadway Feature,No traffic control,80 - 90 km/h,Sealed - Wet,Daylight,Straight,Veh'S Same Direction: Rear End,Rear-end,0,1,0,0,1,2,0,0,0,0,0,0
259533,Medical treatment,2013,18,Rear-end,Multi-Vehicle,153.0058897,-27.47272393,Coronation Dr,,Milton,Mount Coot-tha,No Roadway Feature,No traffic control,0 - 50 km/h,Sealed - Dry,Darkness - Lighted,Straight,Veh'S Same Direction: Rear End,Rear-end,0,0,1,0,1,3,0,0,0,0,0,0