Crash_Ref_Number,Severity,Year,Hour,Crash_Nature,Crash_Type,Longitude,Latitude,Street,Street_Intersecting,Suburb,Loc_State_Electorate,Crash_Roadway_Feature,Crash_Traffic_Control,Crash_Speed_Limit,Crash_Road_Surface_Condition,Crash_Lighting_Condition,Crash_Road_Horiz_Align,Crash_DCA_Description,Crash_DCA_Group_Description,Count_Casualty_Fatality,Count_Casualty_Hospitalised,Count_Casualty_MedicallyTreated,Count_Casualty_MinorInjury,Count_Casualty_Total,Count_Unit_Car,Count_Unit_Motorcycle_Moped,Count_Unit_Truck,Count_Unit_Bus,Count_Unit_Bicycle,Count_Unit_Pedestrian,Count_Unit_Other
259534,Medical treatment,2013,11,Rear-end,Multi-Vehicle,153.000074,-27.470508,Milton Rd,,Milton,Mount Coot-tha,No Roadway Feature,No traffic control,60 km/h,Sealed - Dry,Daylight,Curved - view open,Veh'S Same Direction: Rear End,Rear-end,0,0,1,0,1,2,0,0,0,0,0,0
259539,Minor injury,2013,15,Rear-end,Multi-Vehicle,153.021908,-27.384564,Hamilton Rd,Webster Rd,Chermside,Stafford,Intersection - Roundabout,Give way sign,60 km/h,Sealed - Dry,Daylight,Straight,Veh'S Same Direction: Right Rear,Rear-end,0,0,0,1,1,2,0,0,0,0,0,0
259564,Hospitalisation,2013,7,Rear-end,Multi-Vehicle,153.0565962,-27.32671249,Board St,Sandgate Sub-Arterial Rd,Deagon,Sandgate,Intersection - T-Junction,No traffic control,60 km/h,Sealed - Dry,Daylight,Curved - view open,Veh'S Same Direction: Left Rear,Rear-end,0,1,0,0,1,1,0,0,1,0,0,0
259565,Minor injury,2013,3,Hit parked vehicle,Single Vehicle,153.0541993,-27.29729028,Queens Pde,,Brighton,Sandgate,No Roadway Feature,No traffic control,60 km/h,Sealed - Dry,Darkness - Lighted,Straight,Veh'S Opposite Approach: Other,Other,0,0,0,1,1,2,0,0,0,0,0,0
259566,Minor injury,2013,8,Angle,Multi-Vehicle,153.007552,-27.410146,Byth St,Shand St,Stafford,Stafford,Intersection - Cross,Give way sign,60 km/h,Sealed - Wet,Daylight,Straight,Veh'S Adjacent Approach: Thru-Thru,Intersection from adjacent approaches,0,0,0,2,2,3,0,0,0,0,0,0
259568,Medical treatment,2013,12,Struck by external load,Other,153.031782,-27.349046,Beams Rd,Carselgrove Ave,Fitzgibbon,Sandgate,Intersection - Cross,Operating traffic lights,60 km/h,Sealed - Dry,Daylight,Straight,Pass & Misc: Load Hit Vehicle,Other,0,0,1,0,1,2,0,0,0,0,0,0
259575,Medical treatment,2013,18,Angle,Multi-Vehicle,153.064864,-27.402371,Melton Rd,York St,Nundah,Nudgee,Intersection - Cross,Stop sign,60 km/h,Sealed - Dry,Darkness - Lighted,Straight,Veh'S Adjacent Approach: Thru-Thru,Intersection from adjacent approaches,0,0,2,0,2,2,0,0,0,0,0,0
259598,Medical treatment,2013,16,Rear-end,Multi-Vehicle,153.0106374,-27.46585242,Hale St,,Petrie Terrace,Mount Coot-tha,No Roadway Feature,No traffic control,0 - 50 km/h,Sealed - Dry,Daylight,Straight,Veh'S Same Direction: Rear End,Rear-end,0,0,1,0,1,3,0,0,0,0,0,0
259599,Hospitalisation,2013,13,Rear-end,Multi-Vehicle,153.0194189,-27.46948364,South East Art Rd Ramp A,South East Arterial Rd,Brisbane City,Brisbane Central,Intersection - Interchange,No traffic control,60 km/h,Sealed - Dry,Daylight,Straight,Veh'S Same Direction: Rear End,Rear-end,0,1,0,0,1,1,1,0,0,0,0,0
259601,Hospitalisation,2013,14,Rear-end,Multi-Vehicle,152.9923554,-27.47630183,Milton Rd,,Auchenflower,Mount Coot-tha,No Roadway Feature,No traffic control,60 km/h,Sealed - Dry,Daylight,Straight,Veh'S Same Direction: Rear End,Rear-end,0,1,0,0,1,1,1,0,0,0,0,0
259608,Medical treatment,2013,14,Rear-end,Multi-Vehicle,153.035597,-27.414002,East - West Arterial Rd,,Kedron,Clayfield,Bridge/Causeway,No traffic control,60 km/h,Sealed - Dry,Daylight,Straight,Veh'S Same Direction: Rear End,Rear-end,0,0,1,1,2,3,0,0,0,0,0,0
259637,Hospitalisation,2013,0,Hit parked vehicle,Single Vehicle,152.9593772,-27.51420202,Harefield St,,Indooroopilly,Indooroopilly,No Roadway Feature,No traffic control,0 - 50 km/h,Sealed - Dry,Darkness - Lighted,Straight,Veh'S On Path: Parked,Hit parked vehicle,0,1,1,0,2,2,0,0,0,0,0,0
259665,Medical treatment,2013,8,Hit object,Single Vehicle,153.030318,-27.465719,Queen St,Wharf St,Brisbane City,Brisbane Central,Intersection - Cross,Operating traffic lights,0 - 50 km/h,Sealed - Dry,Daylight,Curved - view open,Ped'N: Hit Other,Other,0,0,1,0,1,0,0,0,1,0,1,0
259679,Hospitalisation,2013,11,Rear-end,Multi-Vehicle,153.0320154,-27.43266257,Grafton St,Lutwyche Rd,Windsor,Brisbane Central,Intersection - T-Junction,No traffic control,60 km/h,Sealed - Dry,Daylight,Straight,Veh'S Same Direction: Left Turn S/Swipe,Parallel lanes turning,0,1,0,0,1,1,0,0,0,1,0,0
259698,Medical treatment,2013,6,Sideswipe,Multi-Vehicle,153.0497469,-27.31952118,Gateway Arterial Rd,,Sandgate,Sandgate,No Roadway Feature,No traffic control,80 - 90 km/h,Sealed - Dry,Dawn/Dusk,Straight,Veh'S Same Direction: Lane Change Left,Lane changes,0,0,1,0,1,1,0,1,0,0,0,0
259708,Hospitalisation,2013,8,Angle,Multi-Vehicle,153.0192566,-27.43158867,Kedron Brook Rd,,Wilston,Stafford,No Roadway Feature,No traffic control,0 - 50 km/h,Sealed - Dry,Daylight,Straight,Veh'S Manoeuvring: Entering From Footway,Vehicle leaving driveway,0,1,0,0,1,1,0,0,0,1,0,0
259709,Medical treatment,2013,8,Rear-end,Multi-Vehicle,153.014245,-27.425917,Days Rd,Grange Rd,Grange,Stafford,Intersection - T-Junction,Operating traffic lights,60 km/h,Sealed - Dry,Daylight,Straight,Veh'S Same Direction: Right Rear,Rear-end,0,0,1,0,1,2,0,0,0,0,0,0
259739,Hospitalisation,2013,18,Angle,Multi-Vehicle,153.0286557,-27.45282856,Gregory Tce,,Spring Hill,Brisbane Central,No Roadway Feature,No traffic control,60 km/h,Sealed - Dry,Darkness - Lighted,Straight,Veh'S Opposite Approach: U-Turn,U-turn,0,1,0,0,1,1,0,0,0,1,0,0
259741,Medical treatment,2013,11,Rear-end,Multi-Vehicle,152.9919477,-27.48621008,High St,,Toowong,Mount Coot-tha,No Roadway Feature,No traffic control,60 km/h,Sealed - Dry,Daylight,Straight,Veh'S Same Direction: Rear End,Rear-end,0,0,1,0,1,2,0,0,0,0,0,0
259742,Medical treatment,2013,15,Angle,Multi-Vehicle,153.046595,-27.375918,Ellison Rd,Newman Rd,Geebung,Nudgee,Intersection - Cross,Operating traffic lights,60 km/h,Sealed - Dry,Daylight,Straight,Veh'S Opposite Approach: Thru-Right,Opposing vehicles turning,0,0,1,0,1,1,1,0,0,0,0,0
259750,Hospitalisation,2013,13,Rear-end,Multi-Vehicle,153.0516029,-27.41504645,East - West Arterial Rd,,Clayfield,Clayfield,No Roadway Feature,No traffic control,60 km/h,Sealed - Dry,Daylight,Straight,Veh'S Same Direction: Rear End,Rear-end,0,1,0,0,1,3,0,0,0,0,0,0
259751,Medical treatment,2013,8,Rear-end,Multi-Vehicle,152.974061,-27.413333,Blackwood St,Samford Sub-Arterial Rd,Mitchelton,Everton,Intersection - Cross,Operating traffic lights,60 km/h,Sealed - Dry,Daylight,Straight,Veh'S Same Direction: Rear End,Rear-end,0,0,1,0,1,2,0,0,0,0,0,0
259778,Minor injury,2013,17,Hit pedestrian,Hit pedestrian,153.0221868,-27.47136571,Bicentennial Bikeway,,Brisbane City,Brisbane Central,Bikeway,No traffic control,0 - 50 km/h,Sealed - Dry,Dawn/Dusk,Straight,Ped'N: Hit Other,Other,0,0,0,1,1,0,0,0,0,1,0,1
259779,Medical treatment,2013,17,Hit pedestrian,Hit pedestrian,153.028066,-27.469494,Edward St,,Brisbane City,Brisbane Central,No Roadway Feature,No traffic control,0 - 50 km/h,Sealed - Dry,Dawn/Dusk,Straight,Ped'N: Near Side Vehicle Hit From Right,Pedestrian,0,0,1,0,1,1,0,0,0,0,1,0
259781,Medical treatment,2013,19,Rear-end,Multi-Vehicle,152.97547,-27.502957,Coonan St,,Indooroopilly,Indooroopilly,No Roadway Feature,No traffic control,60 km/h,Sealed - Dry,Darkness - Lighted,Straight,Veh'S Same Direction: Rear End,Rear-end,0,0,2,0,2,3,0,0,0,0,0,0
259782,Medical treatment,2013,1,Hit object,Single Vehicle,152.87682,-27.54336,Mount Crosby Rd,,Anstead,Moggill,No Roadway Feature,No traffic control,60 km/h,Sealed - Dry,Darkness - Not lighted,Straight,Off Path-Straight: Left Off Cway Hit Obj,Off carriageway on straight hit object,0,0,1,0,1,1,0,0,0,0,0,0
259790,Medical treatment,2013,17,Angle,Multi-Vehicle,153.039646,-27.418082,Kedron Park Rd,Kent Rd,Wooloowin,Clayfield,Intersection - T-Junction,Operating traffic lights,60 km/h,Sealed - Dry,Darkness - Lighted,Straight,Veh'S Opposite Approach: Thru-Right,Opposing vehicles turning,0,0,1,0,1,2,0,0,0,0,0,0
259791,Medical treatment,2013,15,Rear-end,Multi-Vehicle,152.998067,-27.407164,East - West Arterial Rd,,Everton Park,Everton,No Roadway Feature,No traffic control,0 - 50 km/h,Sealed - Dry,Daylight,Straight,Veh'S Same Direction: Rear End,Rear-end,0,0,1,0,1,3,0,0,0,0,0,0
259820,Medical treatment,2013,18,Hit pedestrian,Hit pedestrian,153.0258892,-27.47335068,George St,,Brisbane City,Brisbane Central,No Roadway Feature,No traffic control,0 - 50 km/h,Sealed - Wet,Darkness - Lighted,Straight,Ped'N: Near Side Vehicle Hit From Right,Pedestrian,0,0,1,0,1,1,0,0,0,0,1,0
259822,Medical treatment,2013,18,Rear-end,Multi-Vehicle,153.050133,-27.458771,Macquarie St,,Teneriffe,Brisbane Central,No Roadway Feature,No traffic control,0 - 50 km/h,Sealed - Wet,Darkness - Lighted,Straight,Veh'S Same Direction: Rear End,Rear-end,0,0,1,0,1,3,0,0,0,0,0,0
259823,Hospitalisation,2013,18,Angle,Multi-Vehicle,152.9757448,-27.49781492,Coonan St,Keating St,Indooroopilly,Indooroopilly,Intersection - T-Junction,Stop sign,60 km/h,Sealed - Wet,Darkness - Lighted,Straight,Veh'S Adjacent Approach: Thru-Right,Intersection from adjacent approaches,0,1,0,0,1,1,1,0,0,0,0,0
259827,Minor injury,2013,21,Angle,Multi-Vehicle,153.013962,-27.346244,Beams Rd,Lacey Rd,Carseldine,Aspley,Intersection - T-Junction,Stop sign,60 km/h,Sealed - Wet,Darkness - Lighted,Straight,Veh'S Adjacent Approach: Thru-Right,Intersection from adjacent approaches,0,0,0,1,1,2,0,0,0,0,0,0
259828,Hospitalisation,2013,20,Angle,Multi-Vehicle,153.01724,-27.3638598,Gympie Arterial Rd,Robinson Rd W,Aspley,Aspley,Intersection - Cross,Operating traffic lights,60 km/h,Sealed - Wet,Darkness - Lighted,Straight,Veh'S Adjacent Approach: Thru-Thru,Intersection from adjacent approaches,0,1,0,1,2,2,0,0,0,0,0,0
259832,Hospitalisation,2013,15,Angle,Multi-Vehicle,153.0327274,-27.43543456,Legeyt St,,Windsor,Brisbane Central,No Roadway Feature,No traffic control,0 - 50 km/h,Sealed - Dry,Daylight,Straight,Veh'S Manoeuvring: Leaving Parking,Vehicle leaving driveway,0,1,0,0,1,1,1,0,0,0,0,0
259833,Hospitalisation,2013,17,Angle,Multi-Vehicle,153.0416842,-27.4301935,Sandgate Rd,,Albion,Clayfield,No Roadway Feature,No traffic control,60 km/h,Sealed - Wet,Dawn/Dusk,Straight,Veh'S Same Direction: Lane Change Left,Lane changes,0,1,0,0,1,1,1,0,0,0,0,0
259859,Hospitalisation,2013,2,Fall from vehicle,Single Vehicle,153.0241749,-27.4715716,George St,,Brisbane City,Brisbane Central,No Roadway Feature,No traffic control,0 - 50 km/h,Sealed - Dry,Darkness - Lighted,Straight,Pass & Misc: Fell In/From Vehicle,Other,0,1,0,0,1,0,0,0,1,0,0,0
259862,Medical treatment,2013,11,Rear-end,Multi-Vehicle,153.0223003,-27.37273677,Gympie Arterial Rd,,Aspley,Aspley,No Roadway Feature,No traffic control,70 km/h,Sealed - Dry,Daylight,Straight,Veh'S Same Direction: Rear End,Rear-end,0,0,1,1,2,3,0,0,0,0,0,0
259867,Minor injury,2013,17,Angle,Multi-Vehicle,153.014405,-27.425043,Evelyn St,Grange Rd,Grange,Stafford,Intersection - Cross,No traffic control,60 km/h,Sealed - Wet,Daylight,Straight,Veh'S Opposite Approach: Thru-Right,Opposing vehicles turning,0,0,0,1,1,2,0,0,0,0,0,0
259868,Minor injury,2013,7,Hit object,Single Vehicle,153.094115,-27.389745,Gateway Arterial Rd,,Banyo,Clayfield,No Roadway Feature,No traffic control,100 - 110 km/h,Sealed - Dry,Daylight,Straight,Off Path-Straight: Left Off Cway Hit Obj,Off carriageway on straight hit object,0,0,0,1,1,1,0,0,0,0,0,0
259869,Hospitalisation,2013,7,Fall from vehicle,Single Vehicle,152.9398655,-27.40497329,Samford Sub-Arterial Rd,,Ferny Grove,Ferny Grove,Railway Crossing,Railway - lights and boom gate,60 km/h,Sealed - Wet,Daylight,Straight,Off Path-Straight:Out Of Control On Cway,Out of control on straight,0,1,0,0,1,0,0,0,0,1,0,0
259870,Hospitalisation,2013,7,Fall from vehicle,Single Vehicle,152.9397325,-27.40488729,Samford Sub-Arterial Rd,,Ferny Grove,Ferny Grove,Railway Crossing,Railway - lights and boom gate,60 km/h,Sealed - Wet,Daylight,Straight,Veh'S Same Direction: Rear End,Rear-end,0,2,0,0,2,0,0,0,0,2,0,0
259871,Hospitalisation,2013,7,Fall from vehicle,Single Vehicle,152.9397435,-27.4048903,Samford Sub-Arterial Rd,,Ferny Grove,Ferny Grove,Railway Crossing,Railway - lights and boom gate,60 km/h,Sealed - Wet,Daylight,Straight,Off Path-Straight:Out Of Control On Cway,Out of control on straight,0,1,0,0,1,0,0,0,0,1,0,0
259872,Hospitalisation,2013,7,Fall from vehicle,Single Vehicle,152.9397545,-27.40488429,Samford Sub-Arterial Rd,,Ferny Grove,Ferny Grove,Railway Crossing,Railway - lights and boom gate,60 km/h,Sealed - Wet,Daylight,Straight,Off Path-Straight:Out Of Control On Cway,Out of control on straight,0,1,0,0,1,0,0,0,0,1,0,0
259897,Medical treatment,2013,13,Rear-end,Multi-Vehicle,152.985639,-27.457734,Western Arterial Rd,,Bardon,Mount Coot-tha,No Roadway Feature,No traffic control,60 km/h,Sealed - Dry,Daylight,Curved - view obscured,Veh'S Same Direction: Rear End,Rear-end,0,0,1,0,1,2,1,0,0,0,0,0
259898,Hospitalisation,2013,19,Hit pedestrian,Hit pedestrian,153.0263898,-27.46737558,Adelaide St,,Brisbane City,Brisbane Central,No Roadway Feature,No traffic control,0 - 50 km/h,Sealed - Dry,Darkness - Lighted,Straight,Ped'N: Play; Work; Stand; Lie On C'Way,Pedestrian,0,1,0,0,1,0,0,0,1,0,1,0
259899,Medical treatment,2013,2,Fall from vehicle,Single Vehicle,153.0301216,-27.46320129,Ann St,,Brisbane City,Brisbane Central,No Roadway Feature,No traffic control,60 km/h,Sealed - Dry,Darkness - Lighted,Straight,Pass & Misc: Fell In/From Vehicle,Other,0,0,1,0,1,1,0,0,0,0,0,0
259900,Medical treatment,2013,16,Rear-end,Multi-Vehicle,153.010718,-27.4687229,Coronation Dr,,Milton,Mount Coot-tha,No Roadway Feature,No traffic control,60 km/h,Sealed - Dry,Daylight,Straight,Veh'S Same Direction: Rear End,Rear-end,0,0,2,0,2,2,0,0,0,0,0,0
259901,Minor injury,2013,22,Fall from vehicle,Single Vehicle,153.034782,-27.458687,Ann St,,Fortitude Valley,Brisbane Central,No Roadway Feature,No traffic control,0 - 50 km/h,Sealed - Dry,Darkness - Lighted,Straight,Pass & Misc: Fell In/From Vehicle,Other,0,0,0,1,1,1,0,0,0,0,1,0
259902,Hospitalisation,2013,15,Angle,Multi-Vehicle,153.0388785,-27.45587647,James St,Mclachlan St,Fortitude Valley,Brisbane Central,Intersection - T-Junction,Operating traffic lights,0 - 50 km/h,Sealed - Dry,Daylight,Straight,Veh'S Adjacent Approach: Thru-Right,Intersection from adjacent approaches,0,1,1,0,2,2,0,0,0,0,0,0
259903,Hospitalisation,2013,22,Hit object,Single Vehicle,152.9905435,-27.47767983,Milton Rd,,Toowong,Mount Coot-tha,No Roadway Feature,No traffic control,60 km/h,Sealed - Dry,Darkness - Lighted,Straight,Off Path-Straight:Out Of Control On Cway,Out of control on straight,0,2,0,0,2,1,0,0,0,0,0,0
259904,Hospitalisation,2013,14,Head-on,Multi-Vehicle,153.0070355,-27.4127708,Shand St,,Stafford,Stafford,No Roadway Feature,No traffic control,70 km/h,Sealed - Dry,Daylight,Curved - view open,Veh'S Opposite Approach: Head On,Head-on,0,2,0,2,4,2,0,0,0,0,0,0
259909,Medical treatment,2013,12,Rear-end,Multi-Vehicle,153.0216738,-27.38519701,Hamilton Rd,Webster Rd,Chermside West,Stafford,Intersection - Roundabout,Give way sign,60 km/h,Sealed - Dry,Daylight,Straight,Veh'S Same Direction: Rear End,Rear-end,0,0,1,0,1,2,0,0,0,0,0,0
259946,Medical treatment,2013,19,Angle,Multi-Vehicle,153.0062141,-27.49384853,Coldridge St,Sir Fred Schonell Dr,St Lucia,Indooroopilly,Intersection - Roundabout,Give way sign,0 - 50 km/h,Sealed - Wet,Darkness - Lighted,Straight,Veh'S Opposite Approach: Thru-Right,Opposing vehicles turning,0,0,1,0,1,1,0,0,0,1,0,0
259950,Hospitalisation,2013,17,Rear-end,Multi-Vehicle,153.0574355,-27.36349447,Bilsen Rd,,Geebung,Nudgee,No Roadway Feature,No traffic control,60 km/h,Sealed - Wet,Darkness - Lighted,Straight,Veh'S Same Direction: Rear End,Rear-end,0,1,0,0,1,2,0,0,0,0,0,0
259951,Hospitalisation,2013,10,Angle,Multi-Vehicle,153.015692,-27.36226381,Gayford St,,Aspley,Aspley,No Roadway Feature,Operating traffic lights,60 km/h,Sealed - Dry,Daylight,Curved - view open,Veh'S Opposite Approach: Thru-Right,Opposing vehicles turning,0,2,0,0,2,2,0,0,0,0,0,0
259952,Medical treatment,2013,10,Angle,Multi-Vehicle,153.0142016,-27.37590899,Maundrell Tce,Pie St,Aspley,Aspley,Intersection - T-Junction,Give way sign,60 km/h,Sealed - Dry,Daylight,Straight,Veh'S Adjacant Approach: Thru-Left,Intersection from adjacent approaches,0,0,1,0,1,0,1,0,0,0,0,1
259953,Hospitalisation,2013,10,Angle,Multi-Vehicle,153.017084,-27.36388379,Gympie Arterial Rd,Robinson Rd W,Aspley,Aspley,Intersection - Cross,Operating traffic lights,60 km/h,Sealed - Dry,Daylight,Straight,Veh'S Adjacent Approach: Thru-Thru,Intersection from adjacent approaches,0,3,0,0,3,2,0,0,0,0,0,0
259954,Hospitalisation,2013,18,Rear-end,Multi-Vehicle,153.0623735,-27.37377339,Sandgate Sub-Arterial Rd,,Virginia,Nudgee,No Roadway Feature,No traffic control,70 km/h,Sealed - Wet,Darkness - Lighted,Straight,Veh'S Same Direction: Rear End,Rear-end,0,2,0,1,3,4,0,0,0,0,0,0
259959,Hospitalisation,2013,6,Angle,Multi-Vehicle,153.0321933,-27.42681557,Lutwyche Rd,Maygar St,Windsor,Brisbane Central,Intersection - T-Junction,Operating traffic lights,60 km/h,Sealed - Dry,Daylight,Curved - view open,Veh'S Adjacent Approach: Thru-Right,Intersection from adjacent approaches,0,1,0,0,1,2,0,0,0,0,0,0
259960,Medical treatment,2013,16,Sideswipe,Multi-Vehicle,153.034058,-27.412819,Gympie Arterial Rd,,Kedron,Clayfield,No Roadway Feature,No traffic control,60 km/h,Sealed - Dry,Dawn/Dusk,Curved - view open,Veh'S Manoeuvring: Other,Other,0,0,1,0,1,2,1,0,0,0,0,0
259981,Medical treatment,2013,11,Rear-end,Multi-Vehicle,152.99177,-27.445757,Stewart Pl,Waterworks Rd,Ashgrove,Ashgrove,Intersection - T-Junction,No traffic control,60 km/h,Sealed - Dry,Daylight,Straight,Veh'S Same Direction: Rear End,Rear-end,0,0,2,1,3,3,0,0,0,0,0,0
259983,Minor injury,2013,13,Rear-end,Multi-Vehicle,152.986994,-27.458076,Western Arterial Rd,,Bardon,Mount Coot-tha,No Roadway Feature,No traffic control,0 - 50 km/h,Sealed - Dry,Daylight,Straight,Veh'S Same Direction: Right Rear,Rear-end,0,0,0,1,1,2,0,0,0,0,0,0
259984,Medical treatment,2013,18,Angle,Multi-Vehicle,153.026378,-27.461691,Leichhardt St,Wharf St,Spring Hill,Brisbane Central,Intersection - T-Junction,Operating traffic lights,60 km/h,Sealed - Dry,Darkness - Lighted,Straight,Veh'S Opposite Approach: Thru-Right,Opposing vehicles turning,0,0,1,0,1,2,0,0,0,0,0,0
259985,Hospitalisation,2013,13,Hit pedestrian,Hit pedestrian,152.9907495,-27.48387582,Jephson St,Lissner St,Toowong,Mount Coot-tha,Intersection - T-Junction,Operating traffic lights,60 km/h,Sealed - Dry,Daylight,Straight,Ped'N: Near Side Vehicle Hit From Right,Pedestrian,0,1,0,0,1,1,0,0,0,0,1,0
259987,Minor injury,2013,9,Rear-end,Multi-Vehicle,153.008121,-27.40806722,Appleby Rd,,Stafford,Stafford,No Roadway Feature,No traffic control,60 km/h,Sealed - Dry,Daylight,Straight,Veh'S Same Direction: Rear End,Rear-end,0,0,0,1,1,3,0,0,0,0,0,0
259988,Medical treatment,2013,10,Angle,Multi-Vehicle,153.0162103,-27.414516,Babarra St,Webster Rd,Stafford,Stafford,Intersection - T-Junction,No traffic control,60 km/h,Sealed - Dry,Daylight,Straight,Veh'S Adjacent Approach: Thru-Right,Intersection from adjacent approaches,0,0,1,0,1,2,0,0,0,0,0,0
259990,Medical treatment,2013,14,Angle,Multi-Vehicle,153.0092857,-27.33610935,Gympie Arterial Rd,Roghan Rd,Bridgeman Downs,Aspley,Intersection - T-Junction,Give way sign,60 km/h,Sealed - Dry,Daylight,Straight,Veh'S Opposite Approach: Thru-Right,Opposing vehicles turning,0,0,3,0,3,2,0,0,0,0,0,0
260012,Medical treatment,2013,15,Rear-end,Multi-Vehicle,152.980106,-27.447927,Waterworks Rd,,Ashgrove,Ashgrove,No Roadway Feature,No traffic control,0 - 50 km/h,Sealed - Dry,Daylight,Curved - view open,Veh'S Same Direction: Rear End,Rear-end,0,0,1,0,1,2,0,0,0,0,0,0
260014,Minor injury,2013,17,Rear-end,Multi-Vehicle,153.015939,-27.465608,Countess St,,Petrie Terrace,Brisbane Central,No Roadway Feature,No traffic control,0 - 50 km/h,Sealed - Dry,Dawn/Dusk,Straight,Veh'S Same Direction: Rear End,Rear-end,0,0,0,1,1,2,0,0,0,0,0,0
260015,Medical treatment,2013,9,Hit pedestrian,Hit pedestrian,153.027073,-27.4722,Mary St,,Brisbane City,Brisbane Central,No Roadway Feature,No traffic control,0 - 50 km/h,Sealed - Dry,Daylight,Straight,Ped'N: Near Side Vehicle Hit From Right,Pedestrian,0,0,1,0,1,1,0,0,0,0,1,0
260016,Medical treatment,2013,12,Rear-end,Multi-Vehicle,153.010897,-27.457061,Musgrave Rd,Upper Clifton Tce,Red Hill,Mount Coot-tha,Intersection - T-Junction,No traffic control,60 km/h,Sealed - Dry,Daylight,Curved - view open,Veh'S Same Direction: Right Rear,Rear-end,0,0,1,0,1,2,0,0,0,0,0,0
260018,Hospitalisation,2013,19,Fall from vehicle,Single Vehicle,153.0288867,-27.44982556,Bowen Bridge Rd,Gilchrist Ave,Herston,Brisbane Central,Intersection - T-Junction,No traffic control,60 km/h,Sealed - Dry,Dawn/Dusk,Curved - view open,Vehicle Left-Turning At I/S (Or Driveway,Out of control on curve,0,1,0,0,1,0,1,0,0,0,0,0
260019,Hospitalisation,2013,9,Angle,Multi-Vehicle,153.0395255,-27.45231948,Murri Wy,,Fortitude Valley,Brisbane Central,No Roadway Feature,No traffic control,60 km/h,Sealed - Dry,Daylight,Straight,Veh'S Manoeuvring: Other,Other,0,1,0,0,1,1,0,0,0,1,0,0
260022,Medical treatment,2013,17,Rear-end,Multi-Vehicle,152.9852662,-27.4907996,Moggill Rd,,Taringa,Mount Coot-tha,No Roadway Feature,No traffic control,60 km/h,Sealed - Dry,Dawn/Dusk,Straight,Veh'S Same Direction: Rear End,Rear-end,0,0,1,1,2,2,0,0,0,0,0,0
260025,Medical treatment,2013,6,Rear-end,Multi-Vehicle,153.01691,-27.329943,Lacey Rd,,Bald Hills,Aspley,No Roadway Feature,No traffic control,60 km/h,Sealed - Dry,Daylight,Straight,Veh'S Same Direction: Rear End,Rear-end,0,0,1,0,1,2,0,0,0,0,0,0
260026,Hospitalisation,2013,13,Angle,Multi-Vehicle,153.0355188,-27.37410661,Ellison Rd,Murphy Rd,Geebung,Nudgee,Intersection - Roundabout,Give way sign,60 km/h,Sealed - Dry,Daylight,Straight,Veh'S Adjacent Approach: Thru-Thru,Intersection from adjacent approaches,0,2,0,0,2,3,0,0,0,0,0,0
260027,Hospitalisation,2013,12,Rear-end,Multi-Vehicle,153.0255021,-27.39257966,Rode Rd,Valente Cl,Chermside,Stafford,Intersection - T-Junction,No traffic control,60 km/h,Sealed - Dry,Daylight,Straight,Veh'S Same Direction: Right Rear,Rear-end,0,1,0,0,1,3,0,1,0,0,0,0
260030,Medical treatment,2013,8,Angle,Multi-Vehicle,153.042638,-27.42185,Bridge St,Fraser St,Wooloowin,Clayfield,Intersection - Cross,Stop sign,0 - 50 km/h,Sealed - Dry,Daylight,Straight,Veh'S Adjacent Approach: Thru-Thru,Intersection from adjacent approaches,0,0,1,0,1,2,0,0,0,0,0,0
260031,Medical treatment,2013,10,Rear-end,Multi-Vehicle,153.074082,-27.41715826,Nudgee Rd,,Hendra,Clayfield,No Roadway Feature,No traffic control,60 km/h,Sealed - Dry,Daylight,Straight,Veh'S Same Direction: Left Rear,Rear-end,0,0,1,0,1,2,0,0,0,0,0,0
260053,Hospitalisation,2013,20,Angle,Multi-Vehicle,153.010889,-27.46321471,Caxton St,Hale St On Ramp,Paddington,Mount Coot-tha,Intersection - Interchange,Operating traffic lights,60 km/h,Sealed - Dry,Darkness - Lighted,Straight,Veh'S Opposite Approach: Thru-Right,Opposing vehicles turning,0,2,0,1,3,2,0,0,0,0,0,0
260054,Hospitalisation,2013,10,Sideswipe,Multi-Vehicle,152.9784628,-27.49297192,Moggill Rd,,Taringa,Indooroopilly,No Roadway Feature,No traffic control,60 km/h,Sealed - Dry,Daylight,Straight,Veh'S Manoeuvring: Leaving Parking,Vehicle leaving driveway,0,1,0,0,1,3,0,0,0,0,0,0
260055,Medical treatment,2013,7,Angle,Multi-Vehicle,153.047861,-27.311533,Bracken Ridge Rd,Gateway Arterial Rd,Sandgate,Sandgate,Intersection - Interchange,Give way sign,60 km/h,Sealed - Dry,Daylight,Curved - view open,Veh'S Adjacent Approach: Thru-Right,Intersection from adjacent approaches,0,0,1,0,1,1,0,0,0,1,0,0
260056,Hospitalisation,2013,8,Rear-end,Multi-Vehicle,153.0114559,-27.33253383,Gympie Arterial Rd,,Carseldine,Aspley,No Roadway Feature,No traffic control,100 - 110 km/h,Sealed - Dry,Daylight,Straight,Veh'S Same Direction: Rear End,Rear-end,0,1,0,0,1,2,0,0,0,0,0,0
260076,Hospitalisation,2013,18,Angle,Multi-Vehicle,153.009955,-27.46279473,Caxton St,,Paddington,Mount Coot-tha,No Roadway Feature,No traffic control,0 - 50 km/h,Sealed - Dry,Dawn/Dusk,Straight,Veh'S Manoeuvring: Leaving Driveway,Vehicle leaving driveway,0,1,0,0,1,1,0,0,0,1,0,0