Crash_Ref_Number,Severity,Year,Hour,Crash_Nature,Crash_Type,Longitude,Latitude,Street,Street_Intersecting,Suburb,Loc_State_Electorate,Crash_Roadway_Feature,Crash_Traffic_Control,Crash_Speed_Limit,Crash_Road_Surface_Condition,Crash_Lighting_Condition,Crash_Road_Horiz_Align,Crash_DCA_Description,Crash_DCA_Group_Description,Count_Casualty_Fatality,Count_Casualty_Hospitalised,Count_Casualty_MedicallyTreated,Count_Casualty_MinorInjury,Count_Casualty_Total,Count_Unit_Car,Count_Unit_Motorcycle_Moped,Count_Unit_Truck,Count_Unit_Bus,Count_Unit_Bicycle,Count_Unit_Pedestrian,Count_Unit_Other
260077,Medical treatment,2013,17,Angle,Multi-Vehicle,153.035651,-27.455454,Constance St,Wickham St,Fortitude Valley,Brisbane Central,Intersection - Cross,Operating traffic lights,60 km/h,Sealed - Dry,Dawn/Dusk,Straight,Veh'S Adjacent Approach: Thru-Thru,Intersection from adjacent approaches,0,0,1,0,1,1,1,0,0,0,0,0
260079,Minor injury,2013,13,Rear-end,Multi-Vehicle,152.994082,-27.491987,Gailey Rd,Sir Fred Schonell Dr,Toowong,Mount Coot-tha,Intersection - T-Junction,Operating traffic lights,60 km/h,Sealed - Dry,Daylight,Straight,Veh'S Same Direction: Right Rear,Rear-end,0,0,0,1,1,2,0,0,0,0,0,0
260081,Hospitalisation,2013,18,Angle,Multi-Vehicle,153.0272399,-27.36114772,Kirby Rd,,Aspley,Nudgee,No Roadway Feature,No traffic control,60 km/h,Sealed - Dry,Darkness - Lighted,Straight,Veh'S Opposite Approach: Thru-Right,Opposing vehicles turning,0,1,0,1,2,2,0,0,0,0,0,0
260088,Hospitalisation,2013,15,Sideswipe,Multi-Vehicle,153.0715858,-27.43288926,Nudgee Rd,,Hamilton,Clayfield,No Roadway Feature,No traffic control,60 km/h,Sealed - Dry,Daylight,Straight,Veh'S Same Direction: Lane Change Right,Lane changes,0,2,0,0,2,2,0,0,0,0,0,0
260089,Medical treatment,2013,7,Fall from vehicle,Single Vehicle,152.990704,-27.422493,Samford Rd,Western Arterial Rd,Enoggera,Ashgrove,Intersection - Cross,Operating traffic lights,60 km/h,Sealed - Dry,Daylight,Straight,Off Path-Straight: Right Turn,Off carriageway on straight,0,0,1,0,1,0,1,0,0,0,0,0
260112,Hospitalisation,2013,18,Hit object,Single Vehicle,153.0250228,-27.46481659,Edward St,Wickham Tce,Spring Hill,Brisbane Central,Intersection - Cross,Operating traffic lights,0 - 50 km/h,Sealed - Dry,Darkness - Lighted,Curved - view open,Pass & Misc: Other,Other,0,1,0,0,1,1,0,0,0,0,0,0
260113,Minor injury,2013,14,Hit pedestrian,Hit pedestrian,153.0279172,-27.47160278,Mary St,,Brisbane City,Brisbane Central,No Roadway Feature,No traffic control,0 - 50 km/h,Sealed - Dry,Daylight,Straight,Ped'N: Hit By Vehicle Enter/Leave D'Way,Pedestrian,0,0,0,1,1,1,0,0,0,0,1,0
260115,Medical treatment,2013,19,Hit object,Single Vehicle,153.0305614,-27.30901966,Gateway Arterial Rd,,Bald Hills,Sandgate,No Roadway Feature,No traffic control,100 - 110 km/h,Sealed - Dry,Darkness - Lighted,Curved - view open,Off Path-Curve: Off Cway Lt Bend Hit Obj,Off carriageway on curve hit object,0,0,1,0,1,1,0,0,0,0,0,0
260116,Minor injury,2013,2,Hit parked vehicle,Single Vehicle,153.004621,-27.402147,Redwood St,,Stafford Heights,Stafford,No Roadway Feature,No traffic control,0 - 50 km/h,Sealed - Dry,Darkness - Lighted,Straight,Veh'S On Path: Parked,Hit parked vehicle,0,0,0,1,1,2,0,0,0,0,0,0
260117,Hospitalisation,2013,21,Hit object,Single Vehicle,153.0174233,-27.40731371,Tathra St,Webster Rd,Stafford,Stafford,Intersection - T-Junction,No traffic control,60 km/h,Sealed - Dry,Darkness - Lighted,Straight,Veh'S Same Direction: Left Turn S/Swipe,Parallel lanes turning,0,1,0,0,1,2,0,0,0,0,0,0
260118,Hospitalisation,2013,13,Rear-end,Multi-Vehicle,153.0023046,-27.40840483,East - West Arterial Rd,,Stafford,Stafford,No Roadway Feature,No traffic control,60 km/h,Sealed - Dry,Daylight,Straight,Veh'S Same Direction: Rear End,Rear-end,0,2,1,0,3,2,0,0,0,0,0,0
260133,Hospitalisation,2013,12,Angle,Multi-Vehicle,153.092658,-27.37801114,Gateway Art Rd Ramp Nc,Nudgee Rd,Banyo,Nudgee,Intersection - Interchange,Give way sign,60 km/h,Sealed - Dry,Daylight,Straight,Veh'S Opposite Approach: Thru-Right,Opposing vehicles turning,0,1,0,0,1,1,1,0,0,0,0,0
260134,Medical treatment,2013,11,Angle,Multi-Vehicle,152.992037,-27.419164,Pickering St,Western Arterial Rd,Enoggera,Ashgrove,Intersection - Interchange,No traffic control,60 km/h,Sealed - Dry,Daylight,Straight,Veh'S Opposite Approach: Thru-Right,Opposing vehicles turning,0,0,2,0,2,2,0,0,0,0,0,0
260147,Hospitalisation,2013,12,Hit pedestrian,Hit pedestrian,153.0319487,-27.46156353,Ann St,,Fortitude Valley,Brisbane Central,No Roadway Feature,No traffic control,60 km/h,Sealed - Dry,Daylight,Straight,Ped'N: Hit Emerging Behind Vehicle,Pedestrian,0,1,0,0,1,1,0,0,0,0,1,0
260148,Medical treatment,2013,13,Hit object,Single Vehicle,152.954702,-27.5096681,Fig Tree Pocket Rd,,Chapel Hill,Moggill,No Roadway Feature,No traffic control,60 km/h,Sealed - Wet,Daylight,Curved - view obscured,Off Path-Curve: Off Cway Rt Bend Hit Obj,Off carriageway on curve hit object,0,0,1,0,1,1,0,0,0,0,0,0
260153,Medical treatment,2013,11,Hit pedestrian,Hit pedestrian,153.1310788,-27.3951553,Baeckea St,,Brisbane Airport,Clayfield,No Roadway Feature,Road/Rail worker,0 - 50 km/h,Sealed - Dry,Daylight,Straight,Ped'N: Play; Work; Stand; Lie On C'Way,Pedestrian,0,0,1,0,1,0,0,1,0,0,1,0
260173,Medical treatment,2013,15,Sideswipe,Multi-Vehicle,153.042503,-27.46433937,Brunswick St,,New Farm,Brisbane Central,No Roadway Feature,No traffic control,0 - 50 km/h,Sealed - Dry,Daylight,Straight,Veh'S Same Direction: Lane Change Right,Lane changes,0,0,1,0,1,2,0,0,0,0,0,0
260174,Hospitalisation,2013,19,Fall from vehicle,Single Vehicle,153.0460195,-27.46503442,Villiers St,,New Farm,Brisbane Central,No Roadway Feature,No traffic control,0 - 50 km/h,Sealed - Dry,Darkness - Lighted,Straight,Veh'S Manoeuvring: Leaving Driveway,Vehicle leaving driveway,0,1,0,0,1,0,2,0,0,0,0,0
260175,Medical treatment,2013,8,Angle,Multi-Vehicle,152.897489,-27.539105,Grandview Rd,Moggill Sub-Arterial Rd,Pinjarra Hills,Moggill,Intersection - T-Junction,Give way sign,70 km/h,Sealed - Dry,Daylight,Straight,Veh'S Adjacent Approach: Thru-Right,Intersection from adjacent approaches,0,0,1,0,1,2,0,0,0,0,0,0
260187,Medical treatment,2013,16,Angle,Multi-Vehicle,152.979312,-27.415972,Heliopolis Pde,Samford Sub-Arterial Rd,Mitchelton,Everton,Intersection - T-Junction,No traffic control,60 km/h,Sealed - Wet,Daylight,Straight,Veh'S Opposite Approach: Thru-Right,Opposing vehicles turning,0,0,1,0,1,2,0,0,0,0,0,0
260208,Medical treatment,2013,15,Angle,Multi-Vehicle,153.019099,-27.44857107,Herston Rd,,Herston,Brisbane Central,No Roadway Feature,No traffic control,0 - 50 km/h,Sealed - Wet,Daylight,Straight,Veh'S Manoeuvring: Leaving Driveway,Vehicle leaving driveway,0,0,1,0,1,3,0,0,0,0,0,0
260216,Hospitalisation,2013,19,Angle,Multi-Vehicle,153.031042,-27.39343361,Gympie Arterial Rd,Rode Rd,Chermside,Nudgee,Intersection - Cross,Operating traffic lights,60 km/h,Sealed - Dry,Darkness - Lighted,Straight,Veh'S Adjacent Approach: Thru-Thru,Intersection from adjacent approaches,0,2,1,0,3,2,0,0,0,0,0,0
260220,Hospitalisation,2013,7,Sideswipe,Multi-Vehicle,153.0488732,-27.44020044,Kingsford Smith Dr,,Hamilton,Clayfield,No Roadway Feature,No traffic control,60 km/h,Sealed - Dry,Daylight,Curved - view open,Veh'S Same Direction: Lane Side Swipe,Lane changes,0,1,0,0,1,1,0,0,0,1,0,0
260221,Minor injury,2013,19,Rear-end,Multi-Vehicle,153.074504,-27.398839,Nudgee Rd,,Northgate,Nudgee,No Roadway Feature,No traffic control,60 km/h,Sealed - Dry,Darkness - Lighted,Straight,Veh'S Same Direction: Right Rear,Rear-end,0,0,0,1,1,1,0,0,0,0,0,1
260222,Medical treatment,2013,6,Rear-end,Multi-Vehicle,153.0601912,-27.40494366,Sandgate Sub-Arterial Rd,,Nundah,Clayfield,No Roadway Feature,No traffic control,60 km/h,Sealed - Dry,Daylight,Curved - view open,Veh'S Same Direction: Rear End,Rear-end,0,0,1,0,1,3,0,0,0,0,0,0
260223,Medical treatment,2013,14,Rear-end,Multi-Vehicle,153.097744,-27.438641,Gateway Arterial Rd,,Eagle Farm,Clayfield,No Roadway Feature,No traffic control,70 km/h,Sealed - Wet,Daylight,Straight,Veh'S Same Direction: Rear End,Rear-end,0,0,1,0,1,0,1,1,0,0,0,0
260253,Hospitalisation,2013,7,Angle,Multi-Vehicle,153.0676959,-27.43638529,Kent St,Seymour Rd,Hamilton,Clayfield,Intersection - Cross,Stop sign,0 - 50 km/h,Sealed - Dry,Daylight,Straight,Veh'S Adjacent Approach: Thru-Thru,Intersection from adjacent approaches,0,2,0,0,2,2,0,0,0,0,0,0
260254,Hospitalisation,2013,8,Angle,Multi-Vehicle,153.0145996,-27.42394572,Grange Rd,Myrtle St,Grange,Stafford,Intersection - T-Junction,Give way sign,60 km/h,Sealed - Dry,Daylight,Straight,Veh'S Adjacent Approach: Thru-Right,Intersection from adjacent approaches,0,1,0,0,1,1,1,0,0,0,0,0
260288,Medical treatment,2013,14,Angle,Multi-Vehicle,153.038731,-27.316245,Bracken St,Gawain Rd,Bracken Ridge,Sandgate,Intersection - T-Junction,Give way sign,60 km/h,Sealed - Dry,Daylight,Straight,Veh'S Adjacent Approach: Thru-Right,Intersection from adjacent approaches,0,0,1,0,1,2,0,0,0,0,0,0
260292,Minor injury,2013,16,Rear-end,Multi-Vehicle,153.0216715,-27.38528294,Hamilton Rd,Webster Rd,Chermside West,Stafford,Intersection - Roundabout,Give way sign,0 - 50 km/h,Sealed - Dry,Daylight,Straight,Veh'S Same Direction: Rear End,Rear-end,0,0,0,1,1,2,0,0,0,0,0,0
260293,Medical treatment,2013,10,Rear-end,Multi-Vehicle,153.012602,-27.345965,Beams Rd,Gympie Arterial Rd,Carseldine,Aspley,Intersection - T-Junction,No traffic control,60 km/h,Sealed - Dry,Daylight,Straight,Veh'S Same Direction: Left Rear,Rear-end,0,0,1,0,1,2,0,0,0,0,0,0
260294,Medical treatment,2013,13,Hit object,Single Vehicle,153.041335,-27.387449,Hamilton Rd,,Chermside,Nudgee,No Roadway Feature,No traffic control,60 km/h,Sealed - Dry,Daylight,Straight,Veh'S Opposite Approach: Head On,Head-on,0,0,1,0,1,2,0,0,0,0,0,0
260302,Medical treatment,2013,16,Rear-end,Multi-Vehicle,152.9898041,-27.42764608,Western Arterial Rd,,Enoggera,Ashgrove,No Roadway Feature,No traffic control,60 km/h,Sealed - Dry,Daylight,Straight,Veh'S Same Direction: Rear End,Rear-end,0,0,1,0,1,3,0,0,0,0,0,0
260329,Medical treatment,2013,11,Rear-end,Multi-Vehicle,153.0273172,-27.46265223,Wharf St,,Spring Hill,Brisbane Central,No Roadway Feature,No traffic control,0 - 50 km/h,Sealed - Dry,Daylight,Straight,Veh'S Same Direction: Rear End,Rear-end,0,0,1,1,2,2,0,0,0,0,0,0
260330,Minor injury,2013,7,Angle,Multi-Vehicle,153.007874,-27.469284,Cribb St,Little Cribb St,Milton,Mount Coot-tha,Intersection - T-Junction,Give way sign,0 - 50 km/h,Sealed - Dry,Daylight,Straight,Veh'S Adjacent Approach: Right-Right,Intersection from adjacent approaches,0,0,0,1,1,1,1,0,0,0,0,0
260331,Hospitalisation,2013,11,Hit pedestrian,Hit pedestrian,152.9978331,-27.45906683,Latrobe Tce,,Paddington,Mount Coot-tha,No Roadway Feature,Pedestrian crossing sign,60 km/h,Sealed - Dry,Daylight,Straight,Ped'N: Near Side Vehicle Hit From Right,Pedestrian,0,1,0,0,1,1,0,0,0,0,1,0
260332,Hospitalisation,2013,17,Hit pedestrian,Hit pedestrian,153.0397366,-27.46219848,Brunswick St,Kent St,New Farm,Brisbane Central,Intersection - Cross,Operating traffic lights,0 - 50 km/h,Sealed - Dry,Darkness - Lighted,Straight,Ped'N: Near Side Vehicle Hit From Right,Pedestrian,0,1,0,0,1,1,0,0,0,0,1,0
260333,Medical treatment,2013,15,Angle,Multi-Vehicle,152.975427,-27.491993,Goldsbrough Rd,Woodstock Ave,Taringa,Indooroopilly,No Roadway Feature,No traffic control,0 - 50 km/h,Sealed - Dry,Daylight,Straight,Veh'S Manoeuvring: Leaving Driveway,Vehicle leaving driveway,0,0,1,0,1,1,1,0,0,0,0,0
260334,Hospitalisation,2013,9,Angle,Multi-Vehicle,152.9861755,-27.47865786,Milton Rd,Sylvan Rd,Toowong,Mount Coot-tha,Intersection - T-Junction,No traffic control,60 km/h,Sealed - Dry,Daylight,Straight,Veh'S Opposite Approach: Thru-Right,Opposing vehicles turning,0,1,0,0,1,2,0,0,0,0,0,0
260335,Medical treatment,2013,15,Angle,Multi-Vehicle,153.0079502,-27.31722291,Strathpine Sub-Arterial Rd,,Bald Hills,Aspley,No Roadway Feature,No traffic control,60 km/h,Sealed - Dry,Daylight,Straight,Veh'S Manoeuvring: Entering From Footway,Vehicle leaving driveway,0,0,1,0,1,2,0,0,0,0,0,0
260342,Hospitalisation,2013,18,Angle,Multi-Vehicle,153.0180549,-27.34686379,Beams Rd,Cowie Rd,Carseldine,Aspley,Intersection - T-Junction,No traffic control,60 km/h,Sealed - Dry,Darkness - Lighted,Straight,Veh'S Adjacent Approach: Thru-Right,Intersection from adjacent approaches,0,1,0,0,1,1,1,0,0,0,0,0
260343,Minor injury,2013,16,Angle,Multi-Vehicle,153.036808,-27.366822,Murphy Rd,Robinson Rd W,Geebung,Nudgee,Intersection - Cross,Operating traffic lights,60 km/h,Sealed - Dry,Daylight,Straight,Veh'S Opposite Approach: Thru-Right,Opposing vehicles turning,0,0,0,2,2,1,0,0,0,0,0,1
260344,Hospitalisation,2013,8,Rear-end,Multi-Vehicle,153.012618,-27.34594283,Beams Rd,Gympie Arterial Rd,Carseldine,Aspley,Intersection - Cross,Operating traffic lights,70 km/h,Sealed - Dry,Daylight,Straight,Veh'S Same Direction: Rear End,Rear-end,0,1,0,1,2,2,0,0,0,0,0,0
260354,Medical treatment,2013,16,Angle,Multi-Vehicle,153.031894,-27.433306,Bowen St,Lutwyche Rd,Windsor,Brisbane Central,Intersection - T-Junction,Operating traffic lights,60 km/h,Sealed - Dry,Daylight,Straight,Veh'S Adjacent Approach: Thru-Right,Intersection from adjacent approaches,0,0,1,0,1,2,0,0,0,0,0,0
260355,Medical treatment,2013,16,Angle,Multi-Vehicle,153.048712,-27.397664,Edinburgh Castle Rd,Shaw Rd,Wavell Heights,Clayfield,Intersection - Cross,Operating traffic lights,60 km/h,Sealed - Dry,Daylight,Straight,Veh'S Adjacent Approach: Thru-Thru,Intersection from adjacent approaches,0,0,1,0,1,2,0,0,0,0,0,0
260356,Hospitalisation,2013,12,Rear-end,Multi-Vehicle,153.0803366,-27.42170619,Southern Cross Wy,,Hendra,Clayfield,No Roadway Feature,No traffic control,80 - 90 km/h,Sealed - Dry,Daylight,Curved - view open,Veh'S Same Direction: Rear End,Rear-end,0,1,4,0,5,3,0,1,0,0,0,0
260389,Hospitalisation,2013,2,Hit object,Single Vehicle,153.0430165,-27.45921645,James St,Kent St,New Farm,Brisbane Central,Intersection - Roundabout,Give way sign,0 - 50 km/h,Sealed - Dry,Darkness - Lighted,Straight,Off Path-Straight:Right Off Cway Hit Obj,Off carriageway on straight hit object,0,1,0,0,1,3,0,0,0,0,0,0
260391,Hospitalisation,2013,1,Hit object,Single Vehicle,152.9348555,-27.50657721,Brookfield Rd,,Kenmore,Moggill,No Roadway Feature,No traffic control,60 km/h,Sealed - Dry,Darkness - Lighted,Straight,Off Path-Straight: Left Off Cway Hit Obj,Off carriageway on straight hit object,0,1,0,0,1,1,0,0,0,0,0,0
260394,Medical treatment,2013,18,Hit parked vehicle,Single Vehicle,153.063126,-27.3218988,Board St,,Deagon,Sandgate,No Roadway Feature,No traffic control,60 km/h,Sealed - Dry,Darkness - Lighted,Straight,Veh'S On Path: Parked,Hit parked vehicle,0,0,1,0,1,2,0,0,0,0,0,0
260396,Medical treatment,2013,12,Angle,Multi-Vehicle,153.008675,-27.405424,Appleby Rd,Minimine St,Stafford,Stafford,Intersection - T-Junction,Operating traffic lights,60 km/h,Sealed - Dry,Daylight,Straight,Veh'S Manoeuvring: Leaving Driveway,Vehicle leaving driveway,0,0,1,0,1,3,0,0,0,0,0,0
260399,Minor injury,2013,10,Angle,Multi-Vehicle,152.985,-27.3859,Old Northern Rd,Rode Rd,Mcdowall,Aspley,Intersection - Roundabout,Give way sign,60 km/h,Sealed - Dry,Daylight,Curved - view open,Veh'S Adjacent Approach: Thru-Thru,Intersection from adjacent approaches,0,0,0,3,3,2,0,0,0,0,0,0
260428,Medical treatment,2013,13,Rear-end,Multi-Vehicle,152.992084,-27.445325,Stewart Rd,,Ashgrove,Ashgrove,No Roadway Feature,No traffic control,60 km/h,Sealed - Dry,Daylight,Straight,Veh'S Same Direction: Left Rear,Rear-end,0,0,1,0,1,2,0,0,0,0,0,0
260429,Medical treatment,2013,8,Fall from vehicle,Single Vehicle,152.925774,-27.436971,Mount Nebo Rd,,The Gap,Ashgrove,No Roadway Feature,No traffic control,70 km/h,Sealed - Dry,Daylight,Curved - view open,Pass & Misc: Other,Other,0,0,1,0,1,1,1,0,0,0,0,0
260433,Hospitalisation,2013,13,Hit pedestrian,Hit pedestrian,153.0213051,-27.38823868,Webster Rd,,Chermside,Stafford,No Roadway Feature,No traffic control,70 km/h,Sealed - Dry,Daylight,Straight,Ped'N: Hit By Vehicle Enter/Leave D'Way,Pedestrian,0,1,0,0,1,1,0,0,0,0,1,0
260442,Medical treatment,2013,9,Overturned,Single Vehicle,153.137602,-27.417254,Kirra St,Pamela St,Pinkenba,Clayfield,Intersection - T-Junction,No traffic control,60 km/h,Sealed - Dry,Daylight,Straight,Off Path-Straight: Left Turn,Off carriageway on straight,0,0,1,0,1,0,0,1,0,0,0,0
260443,Medical treatment,2013,14,Rear-end,Multi-Vehicle,153.117773,-27.382437,Dryandra Rd,Moreton Dr,Brisbane Airport,Clayfield,Intersection - Cross,Operating traffic lights,70 km/h,Sealed - Dry,Daylight,Straight,Veh'S Same Direction: Rear End,Rear-end,0,0,1,0,1,2,0,0,0,0,0,0
260462,Medical treatment,2013,19,Rear-end,Multi-Vehicle,152.990666,-27.443542,Western Arterial Rd,,Ashgrove,Ashgrove,No Roadway Feature,No traffic control,60 km/h,Sealed - Dry,Darkness - Lighted,Curved - view open,Veh'S Same Direction: Left Rear,Rear-end,0,0,1,0,1,3,0,0,0,0,0,0
260463,Hospitalisation,2013,9,Hit pedestrian,Hit pedestrian,153.0295598,-27.46491356,Adelaide St,Wharf St,Brisbane City,Brisbane Central,Intersection - Cross,Operating traffic lights,0 - 50 km/h,Sealed - Dry,Daylight,Straight,Ped'N: Near Side Vehicle Hit From Right,Pedestrian,0,1,0,0,1,0,0,0,1,0,1,0
260464,Hospitalisation,2013,7,Angle,Multi-Vehicle,152.9950962,-27.46269885,Boys St,Fernberg Rd,Paddington,Mount Coot-tha,Intersection - Cross,Give way sign,0 - 50 km/h,Sealed - Dry,Daylight,Straight,Veh'S Adjacent Approach: Thru-Thru,Intersection from adjacent approaches,0,1,0,0,1,2,0,0,0,0,0,0
260465,Hospitalisation,2013,17,Fall from vehicle,Single Vehicle,153.0254109,-27.47553559,South East Arterial Rd,,Brisbane City,Brisbane Central,No Roadway Feature,No traffic control,70 km/h,Sealed - Dry,Daylight,Straight,Off Path-Straight:Out Of Control On Cway,Out of control on straight,0,1,0,0,1,0,1,0,0,0,0,0
260466,Hospitalisation,2013,12,Sideswipe,Multi-Vehicle,153.0376636,-27.45578449,Ann St,,Fortitude Valley,Brisbane Central,No Roadway Feature,No traffic control,60 km/h,Sealed - Dry,Daylight,Straight,Veh'S Same Direction: Lane Change Right,Lane changes,0,1,0,0,1,1,1,0,0,0,0,0
260468,Hospitalisation,2013,10,Rear-end,Multi-Vehicle,152.9368915,-27.5066992,Bingham St,Brookfield Rd,Kenmore,Moggill,Intersection - T-Junction,No traffic control,60 km/h,Sealed - Dry,Daylight,Straight,Veh'S Same Direction: Right Rear,Rear-end,0,1,0,0,1,2,0,0,0,0,0,0
260470,Medical treatment,2013,7,Rear-end,Multi-Vehicle,153.017726,-27.29689,Gympie Arterial Rd,,Bald Hills,Sandgate,No Roadway Feature,No traffic control,100 - 110 km/h,Sealed - Dry,Daylight,Straight,Veh'S Same Direction: Rear End,Rear-end,0,0,1,0,1,3,0,0,0,0,0,0
260471,Medical treatment,2013,15,Angle,Multi-Vehicle,153.02349,-27.411312,East - West Arterial Rd,,Kedron,Stafford,No Roadway Feature,No traffic control,60 km/h,Sealed - Dry,Daylight,Straight,Veh'S Manoeuvring: Leaving Driveway,Vehicle leaving driveway,0,0,1,0,1,2,0,0,0,0,0,0
260472,Medical treatment,2013,15,Rear-end,Multi-Vehicle,153.0767592,-27.34470536,Gateway Arterial Rd,,Boondall,Nudgee,No Roadway Feature,No traffic control,100 - 110 km/h,Sealed - Dry,Daylight,Straight,Veh'S Same Direction: Rear End,Rear-end,0,0,1,0,1,2,0,0,0,0,0,0
260473,Minor injury,2013,14,Rear-end,Multi-Vehicle,153.076726,-27.344529,Gateway Arterial Rd,,Boondall,Nudgee,No Roadway Feature,No traffic control,100 - 110 km/h,Sealed - Dry,Daylight,Straight,Veh'S Same Direction: Rear End,Rear-end,0,0,0,1,1,2,0,0,0,0,0,0
260476,Medical treatment,2013,6,Angle,Multi-Vehicle,153.077457,-27.375168,St Vincents Rd,Tufnell Rd,Banyo,Nudgee,Intersection - T-Junction,Give way sign,0 - 50 km/h,Sealed - Dry,Daylight,Curved - view open,Veh'S Adjacant Approach: Thru-Left,Intersection from adjacent approaches,0,0,1,0,1,0,1,1,0,0,0,0
260477,Hospitalisation,2013,19,Sideswipe,Multi-Vehicle,153.0309565,-27.43864357,Bryden St,Lutwyche Rd,Windsor,Brisbane Central,Intersection - T-Junction,No traffic control,60 km/h,Sealed - Dry,Darkness - Lighted,Straight,Veh'S Same Direction: Left Turn S/Swipe,Parallel lanes turning,0,1,0,0,1,1,1,0,0,0,0,0
260478,Hospitalisation,2013,18,Fall from vehicle,Single Vehicle,153.0125197,-27.43544874,Newmarket Rd,,Newmarket,Stafford,No Roadway Feature,No traffic control,60 km/h,Sealed - Dry,Darkness - Lighted,Straight,Off Path-Straight:Out Of Control On Cway,Out of control on straight,0,1,0,0,1,0,1,0,0,0,0,0
260507,Medical treatment,2013,16,Rear-end,Multi-Vehicle,152.991919,-27.465491,Baroona Rd,Rainworth Rd,Paddington,Mount Coot-tha,Intersection - T-Junction,Stop sign,0 - 50 km/h,Sealed - Dry,Daylight,Straight,Veh'S Same Direction: Rear End,Rear-end,0,0,1,0,1,2,0,0,0,0,0,0
260508,Hospitalisation,2013,8,Hit object,Single Vehicle,152.92525,-27.4357134,Brompton Rd,Mount Nebo Rd,The Gap,Ashgrove,Intersection - T-Junction,No traffic control,70 km/h,Sealed - Dry,Daylight,Curved - view open,Off Path-Curve: Off Cway Rt Bend Hit Obj,Off carriageway on curve hit object,0,1,0,0,1,1,0,0,0,0,0,0
260509,Hospitalisation,2013,9,Hit pedestrian,Hit pedestrian,153.0282228,-27.47267356,Albert St,Margaret St,Brisbane City,Brisbane Central,Intersection - Cross,Operating traffic lights,0 - 50 km/h,Sealed - Dry,Daylight,Straight,Ped'N: Near Side Vehicle Hit From Right,Pedestrian,0,1,0,0,1,1,0,0,0,0,1,0
260515,Hospitalisation,2013,7,Angle,Multi-Vehicle,153.0392273,-27.42959653,Albion Rd,Mawarra St,Albion,Brisbane Central,Intersection - T-Junction,Give way sign,0 - 50 km/h,Sealed - Dry,Daylight,Straight,Veh'S Adjacent Approach: Thru-Right,Intersection from adjacent approaches,0,1,0,0,1,1,0,0,0,1,0,0
260516,Hospitalisation,2013,1,Hit pedestrian,Hit pedestrian,153.0869851,-27.37177419,Student St,,Nudgee,Nudgee,No Roadway Feature,No traffic control,0 - 50 km/h,Sealed - Dry,Darkness - Lighted,Straight,Ped'N: Play; Work; Stand; Lie On C'Way,Pedestrian,0,1,0,0,1,1,0,0,0,0,1,0
260517,Hospitalisation,2013,7,Hit pedestrian,Hit pedestrian,153.0618847,-27.40361337,Buckland Rd,Duke St,Nundah,Nudgee,Intersection - T-Junction,No traffic control,60 km/h,Sealed - Dry,Daylight,Straight,Ped'N: Far Side Vehicle Hit From Left,Pedestrian,0,1,0,0,1,1,0,0,0,0,1,0
260518,Fatal,2013,11,Hit pedestrian,Hit pedestrian,153.0583778,-27.41594339,Junction Rd,Sandgate Rd,Clayfield,Clayfield,Intersection - T-Junction,No traffic control,60 km/h,Sealed - Dry,Daylight,Straight,Ped'N: Near Side Vehicle Hit From Right,Pedestrian,1,0,0,0,1,1,0,0,0,0,1,0
260519,Hospitalisation,2013,21,Sideswipe,Multi-Vehicle,153.1176307,-27.38268693,Dryandra Rd,,Brisbane Airport,Clayfield,No Roadway Feature,No traffic control,60 km/h,Sealed - Dry,Darkness - Lighted,Straight,Veh'S Same Direction: Lane Change Right,Lane changes,0,1,0,0,1,2,0,0,0,0,0,0
260520,Medical treatment,2013,19,Rear-end,Multi-Vehicle,153.082839,-27.433127,Fison Ave W,Gateway Arterial Rd,Eagle Farm,Clayfield,Intersection - Interchange,Give way sign,60 km/h,Sealed - Dry,Darkness - Lighted,Straight,Veh'S Same Direction: Left Rear,Rear-end,0,0,3,0,3,2,0,0,0,0,0,0
260521,Medical treatment,2013,7,Angle,Multi-Vehicle,152.9869644,-27.40143414,Everton Park - Albany Creek Rd,Halle St,Everton Park,Everton,Intersection - T-Junction,Give way sign,60 km/h,Sealed - Dry,Daylight,Straight,Veh'S Opposite Approach: Thru-Right,Opposing vehicles turning,0,0,1,1,2,1,0,0,0,1,0,0
260552,Hospitalisation,2013,13,Fall from vehicle,Single Vehicle,153.0240729,-27.46860661,South East Busway,,Brisbane City,Brisbane Central,No Roadway Feature,No traffic control,0 - 50 km/h,Sealed - Dry,Daylight,Straight,Pass & Misc: Fell In/From Vehicle,Other,0,1,0,0,1,0,0,0,1,0,0,0
260553,Medical treatment,2013,19,Angle,Multi-Vehicle,153.0376175,-27.44770049,Campbell St,Markwell St,Bowen Hills,Brisbane Central,Intersection - Cross,Operating traffic lights,60 km/h,Sealed - Dry,Darkness - Lighted,Straight,Veh'S Opposite Approach: Thru-Right,Opposing vehicles turning,0,0,1,0,1,2,0,0,0,0,0,0
260556,Hospitalisation,2013,10,Angle,Multi-Vehicle,153.085378,-27.35624625,Gateway Arterial Rd,,Boondall,Nudgee,No Roadway Feature,No traffic control,100 - 110 km/h,Sealed - Dry,Daylight,Straight,Veh'S Same Direction: Lane Change Left,Lane changes,0,1,0,0,1,1,1,1,0,0,0,0