Crash_Ref_Number,Severity,Year,Hour,Crash_Nature,Crash_Type,Longitude,Latitude,Street,Street_Intersecting,Suburb,Loc_State_Electorate,Crash_Roadway_Feature,Crash_Traffic_Control,Crash_Speed_Limit,Crash_Road_Surface_Condition,Crash_Lighting_Condition,Crash_Road_Horiz_Align,Crash_DCA_Description,Crash_DCA_Group_Description,Count_Casualty_Fatality,Count_Casualty_Hospitalised,Count_Casualty_MedicallyTreated,Count_Casualty_MinorInjury,Count_Casualty_Total,Count_Unit_Car,Count_Unit_Motorcycle_Moped,Count_Unit_Truck,Count_Unit_Bus,Count_Unit_Bicycle,Count_Unit_Pedestrian,Count_Unit_Other
260564,Medical treatment,2013,8,Rear-end,Multi-Vehicle,152.999395,-27.419919,Sicklefield Rd,South Pine Rd,Enoggera,Ashgrove,Intersection - T-Junction,Give way sign,60 km/h,Sealed - Dry,Daylight,Straight,Veh'S Same Direction: Left Rear,Rear-end,0,0,1,0,1,2,0,0,0,0,0,0
260587,Hospitalisation,2013,12,Rear-end,Multi-Vehicle,153.0295397,-27.45406456,Brunswick St,Water St,Fortitude Valley,Brisbane Central,Intersection - Cross,Operating traffic lights,60 km/h,Sealed - Dry,Daylight,Straight,Veh'S Same Direction: Right Rear,Rear-end,0,2,0,0,2,2,0,0,0,0,0,0
260588,Hospitalisation,2013,17,Rear-end,Multi-Vehicle,152.9351585,-27.50659722,Brookfield Rd,Harvard St,Kenmore,Moggill,Intersection - T-Junction,No traffic control,60 km/h,Sealed - Dry,Darkness - Lighted,Straight,Veh'S Same Direction: Right Rear,Rear-end,0,1,0,0,1,2,0,0,0,0,0,0
260589,Hospitalisation,2013,19,Angle,Multi-Vehicle,152.9857016,-27.48457387,Sherwood Rd,Woodstock Rd,Toowong,Mount Coot-tha,Intersection - T-Junction,No traffic control,60 km/h,Sealed - Dry,Darkness - Not lighted,Straight,Veh'S Opposite Approach: Thru-Right,Opposing vehicles turning,0,1,0,0,1,1,1,0,0,0,0,0
260592,Medical treatment,2013,13,Sideswipe,Multi-Vehicle,153.0124409,-27.3079422,Gympie Arterial Rd,,Bald Hills,Aspley,No Roadway Feature,No traffic control,100 - 110 km/h,Sealed - Dry,Daylight,Curved - view open,Veh'S Same Direction: Lane Side Swipe,Lane changes,0,0,2,0,2,2,0,0,0,0,0,0
260595,Hospitalisation,2013,16,Hit object,Single Vehicle,153.0412857,-27.36838858,Roland St,Sollis St,Geebung,Nudgee,Intersection - T-Junction,No traffic control,0 - 50 km/h,Sealed - Dry,Daylight,Straight,Off Path-Straight:Right Off Cway Hit Obj,Off carriageway on straight hit object,0,1,0,0,1,2,0,0,0,0,0,0
260599,Medical treatment,2013,17,Rear-end,Multi-Vehicle,153.030739,-27.43952901,Lutwyche Rd,,Windsor,Brisbane Central,No Roadway Feature,No traffic control,60 km/h,Sealed - Dry,Dawn/Dusk,Straight,Veh'S Same Direction: Rear End,Rear-end,0,0,2,0,2,2,0,0,0,0,0,0
260600,Medical treatment,2013,12,Angle,Multi-Vehicle,153.002189,-27.427063,Enoggera Rd,Lloyd St,Alderley,Ashgrove,Intersection - T-Junction,No traffic control,60 km/h,Sealed - Dry,Daylight,Straight,Veh'S Adjacant Approach: Thru-Left,Intersection from adjacent approaches,0,0,1,0,1,2,0,0,0,0,0,0
260601,Medical treatment,2013,10,Angle,Multi-Vehicle,152.990869,-27.407269,East - West Arterial Rd,Everton Park - Albany Creek Rd,Everton Park,Everton,Intersection - Cross,Operating traffic lights,60 km/h,Sealed - Dry,Daylight,Straight,Veh'S Adjacent Approach: Thru-Thru,Intersection from adjacent approaches,0,0,1,0,1,2,0,0,0,0,0,0
260631,Minor injury,2013,11,Angle,Multi-Vehicle,153.002831,-27.468464,Baroona Rd,,Milton,Mount Coot-tha,No Roadway Feature,No traffic control,0 - 50 km/h,Sealed - Dry,Daylight,Straight,Veh'S Same Direction: Right Turn S/Swipe,Parallel lanes turning,0,0,0,1,1,1,0,1,0,0,0,0
260632,Medical treatment,2013,13,Angle,Multi-Vehicle,153.0465174,-27.45160743,Longland St,Wyandra St,Newstead,Brisbane Central,Intersection - T-Junction,No traffic control,60 km/h,Sealed - Dry,Daylight,Straight,Veh'S Adjacent Approach: Thru-Right,Intersection from adjacent approaches,0,0,3,0,3,3,0,0,0,0,0,0
260634,Hospitalisation,2013,16,Rear-end,Multi-Vehicle,152.9631351,-27.50306402,Western Arterial Rd,,Indooroopilly,Indooroopilly,No Roadway Feature,No traffic control,80 - 90 km/h,Sealed - Dry,Daylight,Curved - view open,Veh'S Same Direction: Rear End,Rear-end,0,3,0,0,3,4,0,1,0,0,0,0
260640,Minor injury,2013,17,Rear-end,Multi-Vehicle,153.01673,-27.360295,Gympie Arterial Rd,,Aspley,Aspley,No Roadway Feature,No traffic control,60 km/h,Sealed - Dry,Dawn/Dusk,Straight,Veh'S Same Direction: Rear End,Rear-end,0,0,0,1,1,3,0,0,0,0,0,0
260653,Medical treatment,2013,5,Angle,Multi-Vehicle,153.101672,-27.345545,Fortitude St,O'Quinn St,Nudgee Beach,Nudgee,Intersection - Cross,Give way sign,0 - 50 km/h,Sealed - Dry,Dawn/Dusk,Straight,Veh'S Adjacent Approach: Thru-Right,Intersection from adjacent approaches,0,0,1,0,1,1,0,0,0,1,0,0
260654,Minor injury,2013,8,Rear-end,Multi-Vehicle,152.9879223,-27.43847262,Western Arterial Rd,,Ashgrove,Ashgrove,No Roadway Feature,No traffic control,60 km/h,Sealed - Dry,Daylight,Straight,Veh'S Same Direction: Rear End,Rear-end,0,0,0,1,1,1,0,0,1,0,0,0
260655,Hospitalisation,2013,22,Angle,Multi-Vehicle,152.9849666,-27.38913195,Everton Park - Albany Creek Rd,Rogers Pde E,Everton Park,Everton,Intersection - T-Junction,Operating traffic lights,60 km/h,Sealed - Dry,Darkness - Lighted,Straight,Veh'S Adjacant Approach: Thru-Left,Intersection from adjacent approaches,0,1,0,0,1,2,0,0,0,0,0,0
260672,Medical treatment,2013,23,Rear-end,Multi-Vehicle,153.014884,-27.459927,Kelvin Grove Rd,Musgrave Rd,Kelvin Grove,Brisbane Central,Intersection - T-Junction,No traffic control,60 km/h,Sealed - Dry,Darkness - Lighted,Curved - view open,Veh'S Same Direction: Left Rear,Rear-end,0,0,1,0,1,2,0,0,0,0,0,0
260673,Hospitalisation,2013,2,Hit pedestrian,Hit pedestrian,153.0354686,-27.4566475,Ballow St,,Fortitude Valley,Brisbane Central,No Roadway Feature,No traffic control,0 - 50 km/h,Sealed - Dry,Darkness - Lighted,Straight,Ped'N: Play; Work; Stand; Lie On C'Way,Pedestrian,0,1,0,0,1,1,0,0,0,0,1,0
260674,Medical treatment,2013,12,Angle,Multi-Vehicle,153.01404,-27.4059,Barokee St,Minimine St,Stafford,Stafford,Intersection - Cross,Stop sign,0 - 50 km/h,Sealed - Dry,Daylight,Straight,Veh'S Adjacant Approach: Thru-Left,Intersection from adjacent approaches,0,0,1,0,1,2,0,0,0,0,0,0
260675,Minor injury,2013,14,Rear-end,Multi-Vehicle,153.009341,-27.402043,Appleby Rd,,Stafford Heights,Stafford,No Roadway Feature,No traffic control,60 km/h,Sealed - Dry,Daylight,Straight,Veh'S Same Direction: Rear End,Rear-end,0,0,0,1,1,2,0,0,0,0,0,0
260677,Medical treatment,2013,11,Angle,Multi-Vehicle,153.047253,-27.372487,Newman Rd,Wetherby St,Geebung,Nudgee,Intersection - T-Junction,Give way sign,60 km/h,Sealed - Dry,Daylight,Straight,Veh'S Adjacent Approach: Thru-Right,Intersection from adjacent approaches,0,0,1,0,1,1,1,0,0,0,0,0
260681,Medical treatment,2013,12,Angle,Multi-Vehicle,153.029265,-27.44243,Northey St,Victoria St,Windsor,Brisbane Central,Intersection - Cross,Give way sign,60 km/h,Sealed - Dry,Daylight,Straight,Veh'S Adjacent Approach: Right-Thru,Intersection from adjacent approaches,0,0,1,0,1,2,0,0,0,0,0,0
260682,Medical treatment,2013,7,Angle,Multi-Vehicle,153.064778,-27.383727,St Vincents Rd,Toombul Rd,Virginia,Nudgee,Intersection - Cross,Operating traffic lights,60 km/h,Sealed - Dry,Daylight,Straight,Veh'S Adjacent Approach: Thru-Right,Intersection from adjacent approaches,0,0,1,0,1,2,0,0,0,0,0,0
260683,Hospitalisation,2013,15,Angle,Multi-Vehicle,153.1322486,-27.39560981,Baeckea St,Pandanus Ave,Brisbane Airport,Clayfield,Intersection - T-Junction,No traffic control,60 km/h,Sealed - Dry,Daylight,Straight,Veh'S Overtaking: Overtake-Right Turn,Overtaking same direction,0,1,0,0,1,1,1,0,0,0,0,0
260684,Medical treatment,2013,1,Hit pedestrian,Hit pedestrian,152.945676,-27.410055,Eidsvold St,,Keperra,Ferny Grove,No Roadway Feature,No traffic control,0 - 50 km/h,Sealed - Dry,Darkness - Lighted,Straight,Ped'N: Hit By Vehicle Enter/Leave D'Way,Pedestrian,0,0,1,0,1,1,0,0,0,0,1,0
260702,Minor injury,2013,3,Sideswipe,Multi-Vehicle,153.028961,-27.458726,St Pauls Tce,,Spring Hill,Brisbane Central,No Roadway Feature,No traffic control,60 km/h,Sealed - Dry,Darkness - Lighted,Straight,Veh'S On Path: Accident Or Broken Down,Hit parked vehicle,0,0,0,1,1,2,0,0,0,0,0,0
260703,Medical treatment,2013,23,Hit parked vehicle,Single Vehicle,152.938782,-27.5023363,Bielby Rd,,Kenmore Hills,Moggill,No Roadway Feature,No traffic control,60 km/h,Sealed - Dry,Darkness - Lighted,Straight,Off Path-Straight:Right Off Cway Hit Obj,Off carriageway on straight hit object,0,0,2,0,2,5,0,0,0,0,0,0
260709,Hospitalisation,2013,10,Hit object,Single Vehicle,152.7693118,-27.35107782,Mount Glorious Rd,Samford - Mt Glorious Rd,Banks Creek,Moggill,Intersection - T-Junction,Give way sign,60 km/h,Sealed - Dry,Daylight,Curved - view open,Off Path-Curve: Off Cway Lt Bend Hit Obj,Off carriageway on curve hit object,0,1,0,0,1,0,1,0,0,0,0,0
260739,Hospitalisation,2013,5,Angle,Multi-Vehicle,153.0265399,-27.47398457,George St,Margaret St,Brisbane City,Brisbane Central,Intersection - Cross,Operating traffic lights,0 - 50 km/h,Sealed - Dry,Dawn/Dusk,Straight,Veh'S Adjacent Approach: Thru-Thru,Intersection from adjacent approaches,0,1,0,0,1,2,0,0,0,0,0,0
260742,Minor injury,2013,7,Rear-end,Multi-Vehicle,152.975262,-27.497463,Coonan St,Moggill Rd,Indooroopilly,Indooroopilly,Intersection - Roundabout,Give way sign,60 km/h,Sealed - Dry,Daylight,Curved - view open,Veh'S Same Direction: Rear End,Rear-end,0,0,0,1,1,2,0,0,0,0,0,0
260745,Hospitalisation,2013,13,Sideswipe,Multi-Vehicle,153.0382317,-27.35948164,Murphy Rd,Zillmere Rd,Zillmere,Nudgee,Intersection - Cross,Operating traffic lights,60 km/h,Sealed - Dry,Daylight,Straight,Veh'S Same Direction: Lane Change Left,Lane changes,0,2,1,0,3,2,0,0,0,0,0,0
260746,Hospitalisation,2013,5,Hit object,Single Vehicle,153.0555093,-27.33713249,Gateway Arterial Rd,,Boondall,Nudgee,No Roadway Feature,No traffic control,80 - 90 km/h,Sealed - Dry,Dawn/Dusk,Straight,Veh'S Same Direction: Lane Side Swipe,Lane changes,0,1,0,0,1,0,1,1,0,0,0,0
260749,Medical treatment,2013,11,Rear-end,Multi-Vehicle,153.034051,-27.412287,East - West Arterial Rd,Gympie Arterial Rd,Kedron,Clayfield,Intersection - T-Junction,Operating traffic lights,60 km/h,Sealed - Dry,Daylight,Curved - view obscured,Veh'S Same Direction: Rear End,Rear-end,0,0,1,1,2,2,0,0,0,0,0,0
260774,Medical treatment,2013,14,Rear-end,Multi-Vehicle,152.921731,-27.515918,Rafting Ground Rd,,Brookfield,Moggill,No Roadway Feature,No traffic control,60 km/h,Sealed - Dry,Daylight,Curved - view obscured,Veh'S Same Direction: Left Rear,Rear-end,0,0,1,0,1,1,0,1,0,0,0,0
260776,Hospitalisation,2013,16,Rear-end,Multi-Vehicle,152.9981675,-27.39815186,Cagney St,Trouts Rd,Stafford Heights,Stafford,Intersection - T-Junction,No traffic control,60 km/h,Sealed - Dry,Daylight,Straight,Veh'S Same Direction: Right Rear,Rear-end,0,1,1,0,2,2,0,0,0,0,0,0
260780,Hospitalisation,2013,17,Angle,Multi-Vehicle,153.0278689,-27.35788372,Kirby Rd,Zillmere Rd,Aspley,Nudgee,Intersection - T-Junction,No traffic control,60 km/h,Sealed - Dry,Darkness - Lighted,Straight,Veh'S Opposite Approach: Thru-Right,Opposing vehicles turning,0,1,0,0,1,2,0,0,0,0,0,0
260781,Medical treatment,2013,16,Rear-end,Multi-Vehicle,153.045031,-27.333475,Lemke Rd,,Taigum,Sandgate,No Roadway Feature,No traffic control,60 km/h,Sealed - Dry,Daylight,Straight,Veh'S Same Direction: Rear End,Rear-end,0,0,1,0,1,2,0,0,0,0,0,0
260786,Medical treatment,2013,7,Angle,Multi-Vehicle,153.033645,-27.423094,Lutwyche Rd,Swinburne St,Lutwyche,Stafford,Intersection - T-Junction,Give way sign,60 km/h,Sealed - Dry,Daylight,Straight,Veh'S Adjacent Approach: Right-Thru,Intersection from adjacent approaches,0,0,1,0,1,1,1,0,0,0,0,0
260787,Hospitalisation,2013,4,Hit object,Single Vehicle,153.0786924,-27.39916221,Toombul Rd,,Northgate,Nudgee,No Roadway Feature,No traffic control,60 km/h,Sealed - Dry,Darkness - Lighted,Curved - view open,Off Path-Curve: Mounts Traffic Island,Off carriageway on curve hit object,0,1,0,0,1,0,1,0,0,0,0,0
260806,Hospitalisation,2013,19,Angle,Multi-Vehicle,153.0405495,-27.45270648,Ann St,Murri Wy,Fortitude Valley,Brisbane Central,Intersection - Cross,Operating traffic lights,0 - 50 km/h,Sealed - Dry,Darkness - Lighted,Straight,Veh'S Adjacent Approach: Thru-Thru,Intersection from adjacent approaches,0,1,1,0,2,2,0,0,0,0,0,0
260816,Hospitalisation,2013,8,Fall from vehicle,Single Vehicle,152.8652298,-27.41988795,Mount Nebo Rd,,Enoggera Reservoir,Ashgrove,No Roadway Feature,No traffic control,0 - 50 km/h,Sealed - Dry,Daylight,Curved - view obscured,Off Path-Curve: Out Of Control On Cway,Out of control on curve,0,1,0,0,1,0,0,0,0,1,0,0
260817,Hospitalisation,2013,18,Angle,Multi-Vehicle,153.0117467,-27.43534274,Newmarket Rd,Wilston Rd,Newmarket,Stafford,Intersection - T-Junction,Operating traffic lights,60 km/h,Sealed - Wet,Darkness - Lighted,Curved - view open,Veh'S Opposite Approach: Thru-Right,Opposing vehicles turning,0,2,0,0,2,2,0,0,0,0,0,0
260850,Medical treatment,2013,8,Rear-end,Multi-Vehicle,153.030471,-27.457216,St Pauls Tce,,Fortitude Valley,Brisbane Central,No Roadway Feature,No traffic control,0 - 50 km/h,Sealed - Dry,Daylight,Straight,Veh'S Same Direction: Right Rear,Rear-end,0,0,1,0,1,3,0,0,0,0,0,0
260851,Medical treatment,2013,8,Angle,Multi-Vehicle,153.041859,-27.444334,Edmondstone Rd,Folkestone St,Bowen Hills,Brisbane Central,Intersection - Roundabout,Give way sign,60 km/h,Sealed - Dry,Daylight,Curved - view open,Veh'S Adjacent Approach: Thru-Thru,Intersection from adjacent approaches,0,0,1,0,1,2,0,0,0,0,0,0
260853,Medical treatment,2013,11,Sideswipe,Multi-Vehicle,152.9852052,-27.47830364,Milton Rd,Western Arterial Rd,Toowong,Mount Coot-tha,Intersection - Roundabout,Give way sign,0 - 50 km/h,Sealed - Dry,Daylight,Straight,Veh'S Same Direction: Left Turn S/Swipe,Parallel lanes turning,0,0,1,0,1,2,0,0,0,0,0,0
260854,Medical treatment,2013,15,Rear-end,Multi-Vehicle,152.948049,-27.507436,Marshall La,Moggill Sub-Arterial Rd,Kenmore,Moggill,Intersection - Cross,Operating traffic lights,60 km/h,Sealed - Dry,Daylight,Curved - view open,Veh'S Same Direction: Rear End,Rear-end,0,0,2,0,2,2,0,0,0,0,0,0
260856,Medical treatment,2013,17,Angle,Multi-Vehicle,153.008307,-27.407227,Appleby Rd,Reuben St,Stafford,Stafford,Intersection - T-Junction,No traffic control,0 - 50 km/h,Sealed - Dry,Dawn/Dusk,Straight,Pass & Misc: Parked Car Ran Away,Other,0,0,2,0,2,3,0,0,0,0,0,0
260857,Hospitalisation,2013,21,Angle,Multi-Vehicle,152.9981645,-27.39815086,Cagney St,Trouts Rd,Stafford Heights,Stafford,Intersection - T-Junction,Stop sign,60 km/h,Sealed - Dry,Darkness - Lighted,Straight,Veh'S Adjacent Approach: Thru-Right,Intersection from adjacent approaches,0,1,0,0,1,1,1,0,1,0,0,0
260860,Hospitalisation,2013,12,Rear-end,Multi-Vehicle,153.012559,-27.34579783,Gympie Arterial Rd,,Carseldine,Aspley,No Roadway Feature,No traffic control,70 km/h,Sealed - Dry,Daylight,Straight,Veh'S Same Direction: Rear End,Rear-end,0,1,0,0,1,0,1,1,0,0,0,0
260863,Medical treatment,2013,22,Angle,Multi-Vehicle,153.116826,-27.387395,Airport Dr,Dryandra Rd,Brisbane Airport,Clayfield,Intersection - Roundabout,Give way sign,0 - 50 km/h,Sealed - Dry,Darkness - Lighted,Curved - view open,Veh'S Adjacent Approach: Right-Right,Intersection from adjacent approaches,0,0,1,0,1,2,0,0,0,0,0,0
260864,Hospitalisation,2013,18,Sideswipe,Multi-Vehicle,153.0351732,-27.41886757,Lutwyche Rd,,Lutwyche,Stafford,No Roadway Feature,No traffic control,60 km/h,Sealed - Dry,Dawn/Dusk,Straight,Veh'S Same Direction: Lane Change Left,Lane changes,0,1,0,0,1,1,1,0,0,0,0,0
260865,Hospitalisation,2013,18,Angle,Multi-Vehicle,152.9913398,-27.41904192,Pickering St,Western Art Rd On Ramp,Enoggera,Ashgrove,Intersection - Interchange,Operating traffic lights,60 km/h,Sealed - Dry,Darkness - Lighted,Straight,Veh'S Opposite Approach: Thru-Right,Opposing vehicles turning,0,1,1,0,2,2,0,0,0,0,0,0
260866,Hospitalisation,2013,16,Angle,Multi-Vehicle,152.9869187,-27.40145694,Everton Park - Albany Creek Rd,Halle St,Everton Park,Everton,Intersection - T-Junction,No traffic control,60 km/h,Sealed - Dry,Daylight,Straight,Veh'S Opposite Approach: Thru-Right,Opposing vehicles turning,0,1,0,0,1,2,0,0,0,0,0,0
260886,Hospitalisation,2013,20,Angle,Multi-Vehicle,152.9440017,-27.44322127,Settlement Rd,Waterworks Rd,The Gap,Ashgrove,Intersection - Cross,Operating traffic lights,60 km/h,Sealed - Dry,Darkness - Lighted,Straight,Veh'S Adjacent Approach: Thru-Thru,Intersection from adjacent approaches,0,1,0,1,2,2,0,0,0,0,0,0
260887,Hospitalisation,2013,19,Angle,Multi-Vehicle,153.0244988,-27.4608496,Boundary St,Water St,Spring Hill,Brisbane Central,Intersection - Cross,Operating traffic lights,60 km/h,Sealed - Dry,Darkness - Lighted,Straight,Veh'S Adjacent Approach: Thru-Thru,Intersection from adjacent approaches,0,1,0,0,1,1,0,0,0,1,0,0
260888,Hospitalisation,2013,23,Hit object,Single Vehicle,152.9474523,-27.50778611,Moggill Sub-Arterial Rd,,Kenmore,Moggill,No Roadway Feature,No traffic control,60 km/h,Sealed - Dry,Darkness - Lighted,Straight,Off Path-Straight: Left Off Cway Hit Obj,Off carriageway on straight hit object,0,1,0,0,1,1,0,0,0,0,0,0
260889,Hospitalisation,2013,6,Angle,Multi-Vehicle,153.0209857,-27.32284976,Barbour Rd,Mell St,Bracken Ridge,Sandgate,Intersection - T-Junction,No traffic control,0 - 50 km/h,Sealed - Dry,Daylight,Straight,Veh'S Manoeuvring: Entering From Footway,Vehicle leaving driveway,0,1,0,0,1,1,0,0,0,1,0,0
260891,Medical treatment,2013,12,Rear-end,Multi-Vehicle,153.05993,-27.346452,Sandgate Sub-Arterial Rd,,Boondall,Nudgee,No Roadway Feature,No traffic control,70 km/h,Sealed - Dry,Daylight,Straight,Veh'S Same Direction: Rear End,Rear-end,0,0,1,0,1,3,0,1,0,0,0,0
260899,Minor injury,2013,18,Angle,Multi-Vehicle,153.043058,-27.413821,East - West Arterial Rd,Kent Rd,Wooloowin,Clayfield,Intersection - Cross,Operating traffic lights,60 km/h,Sealed - Dry,Darkness - Lighted,Straight,Veh'S Opposite Approach: Thru-Right,Opposing vehicles turning,0,0,0,2,2,2,0,0,0,0,0,0
260900,Medical treatment,2013,7,Rear-end,Multi-Vehicle,153.077348,-27.411524,Gateway Arterial Rd,,Hendra,Clayfield,No Roadway Feature,No traffic control,80 - 90 km/h,Sealed - Dry,Daylight,Curved - view open,Veh'S Same Direction: Rear End,Rear-end,0,0,3,0,3,4,0,0,0,0,0,0
260930,Hospitalisation,2013,16,Hit object,Single Vehicle,153.0083195,-27.40721378,Appleby Rd,Reuben St,Stafford,Stafford,Intersection - T-Junction,No traffic control,60 km/h,Sealed - Dry,Daylight,Straight,Off Path-Straight: Other,Other,0,1,0,0,1,1,0,0,0,0,0,0
260936,Hospitalisation,2013,19,Hit pedestrian,Hit pedestrian,153.0392147,-27.35402862,Battersby St,Handford Rd,Zillmere,Nudgee,Intersection - T-Junction,Give way sign,0 - 50 km/h,Sealed - Dry,Darkness - Lighted,Straight,Ped'N: Far Side Vehicle Hit From Left,Pedestrian,0,1,0,0,1,1,0,0,0,0,1,0
260942,Medical treatment,2013,14,Rear-end,Multi-Vehicle,153.0315487,-27.43528966,Legeyt St,Lutwyche Rd,Windsor,Brisbane Central,No Roadway Feature,Operating traffic lights,60 km/h,Sealed - Dry,Daylight,Straight,Veh'S Same Direction: Rear End,Rear-end,0,0,1,0,1,1,1,0,0,0,0,0
260943,Hospitalisation,2013,5,Angle,Multi-Vehicle,153.0592468,-27.41101639,Airport Link On Ramp,Sandgate Sub-Arterial Rd,Clayfield,Clayfield,Intersection - Interchange,Operating traffic lights,60 km/h,Sealed - Dry,Dawn/Dusk,Straight,Veh'S Opposite Approach: Thru-Right,Opposing vehicles turning,0,1,0,0,1,1,0,0,0,1,0,0
260968,Medical treatment,2013,15,Angle,Multi-Vehicle,152.968182,-27.448731,Greenlanes Rd,Waterworks Rd,Ashgrove,Ashgrove,Intersection - T-Junction,Operating traffic lights,60 km/h,Sealed - Dry,Daylight,Straight,Veh'S Same Direction: Right Rear,Rear-end,0,0,1,0,1,1,1,0,0,0,0,0
260997,Medical treatment,2013,17,Rear-end,Multi-Vehicle,153.012726,-27.455948,Kelvin Grove Rd,Musk Ave,Kelvin Grove,Mount Coot-tha,No Roadway Feature,No traffic control,60 km/h,Sealed - Dry,Daylight,Straight,Veh'S Same Direction: Rear End,Rear-end,0,0,1,0,1,2,0,0,0,0,0,0
260998,Hospitalisation,2013,15,Hit parked vehicle,Single Vehicle,153.0307917,-27.45712755,Gipps St,,Fortitude Valley,Brisbane Central,No Roadway Feature,No traffic control,60 km/h,Sealed - Dry,Daylight,Straight,Veh'S On Path: Parked,Hit parked vehicle,0,1,0,0,1,3,0,0,0,0,0,0
260999,Medical treatment,2013,12,Rear-end,Multi-Vehicle,153.032074,-27.459117,Wickham St,,Fortitude Valley,Brisbane Central,No Roadway Feature,No traffic control,60 km/h,Sealed - Dry,Daylight,Straight,Veh'S Same Direction: Rear End,Rear-end,0,0,1,0,1,2,0,0,0,0,0,0
261002,Medical treatment,2013,8,Rear-end,Multi-Vehicle,152.915745,-27.49417334,Brookfield Rd,,Brookfield,Moggill,No Roadway Feature,No traffic control,60 km/h,Sealed - Dry,Daylight,Straight,Veh'S Same Direction: Right Rear,Rear-end,0,0,3,0,3,2,0,0,0,0,0,0
261003,Minor injury,2013,7,Rear-end,Multi-Vehicle,152.973658,-27.505622,Coonan St,,Indooroopilly,Indooroopilly,Bridge/Causeway,No traffic control,60 km/h,Sealed - Dry,Daylight,Straight,Veh'S Same Direction: Rear End,Rear-end,0,0,0,1,1,2,0,0,0,0,0,0
261006,Medical treatment,2013,17,Rear-end,Multi-Vehicle,153.058864,-27.416033,Junction Rd,,Clayfield,Clayfield,Intersection - T-Junction,No traffic control,60 km/h,Sealed - Dry,Daylight,Curved - view open,Veh'S Same Direction: Left Rear,Rear-end,0,0,2,0,2,2,0,0,0,0,0,0
261007,Minor injury,2013,20,Hit object,Single Vehicle,152.936708,-27.411589,Upper Kedron Rd,,Ferny Grove,Ferny Grove,No Roadway Feature,No traffic control,60 km/h,Sealed - Dry,Darkness - Lighted,Curved - view open,Off Path-Curve: Off Cway Lt Bend Hit Obj,Off carriageway on curve hit object,0,0,0,1,1,1,0,0,0,0,0,1
261026,Hospitalisation,2013,15,Angle,Multi-Vehicle,153.0406075,-27.45980947,Harcourt St,,New Farm,Brisbane Central,No Roadway Feature,No traffic control,0 - 50 km/h,Sealed - Dry,Daylight,Straight,Veh'S Opposite Approach: U-Turn,U-turn,0,1,0,0,1,1,1,0,0,0,0,0
261027,Minor injury,2013,18,Angle,Multi-Vehicle,153.03281,-27.4548,Baxter St,St Pauls Tce,Fortitude Valley,Brisbane Central,Intersection - T-Junction,Stop sign,60 km/h,Sealed - Dry,Darkness - Lighted,Straight,Veh'S Adjacent Approach: Thru-Right,Intersection from adjacent approaches,0,0,0,1,1,2,0,0,0,0,0,0
261028,Medical treatment,2013,16,Angle,Multi-Vehicle,153.034324,-27.456801,Warner St,Wickham St,Fortitude Valley,Brisbane Central,Intersection - T-Junction,No traffic control,60 km/h,Sealed - Dry,Daylight,Straight,Veh'S Same Direction: Right Turn S/Swipe,Parallel lanes turning,0,0,1,0,1,1,1,0,0,0,0,0
261030,Hospitalisation,2013,14,Hit object,Single Vehicle,153.0219516,-27.32091175,Sophy Cres,,Bracken Ridge,Sandgate,No Roadway Feature,No traffic control,0 - 50 km/h,Sealed - Dry,Daylight,Straight,Veh'S On Path: Parked,Hit parked vehicle,0,3,0,0,3,2,0,0,0,0,0,0
261040,Hospitalisation,2013,9,Angle,Multi-Vehicle,153.0604706,-27.39553738,Cameron St,London St,Nundah,Clayfield,Intersection - Cross,Stop sign,0 - 50 km/h,Sealed - Dry,Daylight,Straight,Veh'S Adjacent Approach: Thru-Thru,Intersection from adjacent approaches,0,1,0,0,1,2,0,0,0,0,0,0
261077,Hospitalisation,2013,9,Overturned,Single Vehicle,152.9472825,-27.42813524,Settlement Rd,,The Gap,Ferny Grove,No Roadway Feature,No traffic control,60 km/h,Sealed - Dry,Daylight,Curved - view obscured,Off Path-Curve: Off Cway Right Bend,Off carriageway on curve,0,1,0,0,1,1,0,0,0,0,0,0
261079,Hospitalisation,2013,18,Rear-end,Multi-Vehicle,153.011181,-27.46239871,Hale St,,Paddington,Mount Coot-tha,No Roadway Feature,No traffic control,60 km/h,Sealed - Dry,Darkness - Lighted,Straight,Veh'S Same Direction: Rear End,Rear-end,0,1,0,0,1,2,0,0,0,0,0,0
261081,Hospitalisation,2013,17,Angle,Multi-Vehicle,152.9636571,-27.50220901,Bikeway,Moggill Rd,Indooroopilly,Indooroopilly,Intersection - Interchange,Operating traffic lights,60 km/h,Sealed - Dry,Dawn/Dusk,Straight,Veh'S Manoeuvring: Entering From Footway,Vehicle leaving driveway,0,1,0,0,1,1,0,0,0,1,0,0
261083,Hospitalisation,2013,10,Angle,Multi-Vehicle,153.0198233,-27.41000469,Crawford Ave,,Stafford,Stafford,No Roadway Feature,No traffic control,0 - 50 km/h,Sealed - Dry,Daylight,Straight,Veh'S Opposite Approach: Thru-Right,Opposing vehicles turning,0,1,0,0,1,2,0,0,0,0,0,0
261086,Hospitalisation,2013,14,Rear-end,Multi-Vehicle,153.0369179,-27.38679558,Hamilton Rd,,Chermside,Nudgee,No Roadway Feature,No traffic control,60 km/h,Sealed - Dry,Daylight,Straight,Veh'S Same Direction: Rear End,Rear-end,0,1,0,0,1,2,0,0,0,0,0,0