Crash_Ref_Number,Severity,Year,Hour,Crash_Nature,Crash_Type,Longitude,Latitude,Street,Street_Intersecting,Suburb,Loc_State_Electorate,Crash_Roadway_Feature,Crash_Traffic_Control,Crash_Speed_Limit,Crash_Road_Surface_Condition,Crash_Lighting_Condition,Crash_Road_Horiz_Align,Crash_DCA_Description,Crash_DCA_Group_Description,Count_Casualty_Fatality,Count_Casualty_Hospitalised,Count_Casualty_MedicallyTreated,Count_Casualty_MinorInjury,Count_Casualty_Total,Count_Unit_Car,Count_Unit_Motorcycle_Moped,Count_Unit_Truck,Count_Unit_Bus,Count_Unit_Bicycle,Count_Unit_Pedestrian,Count_Unit_Other
261093,Medical treatment,2013,7,Hit pedestrian,Hit pedestrian,153.055957,-27.41811,Sandgate Rd,,Clayfield,Clayfield,No Roadway Feature,No traffic control,60 km/h,Sealed - Dry,Daylight,Straight,Ped'N: Hit By Vehicle Enter/Leave D'Way,Pedestrian,0,0,1,0,1,1,0,0,0,0,1,0
261094,Medical treatment,2013,5,Angle,Multi-Vehicle,153.036585,-27.415316,Airport Link,East - West Arterial Rd,Kedron,Clayfield,Intersection - Interchange,Operating traffic lights,60 km/h,Sealed - Dry,Daylight,Curved - view open,Veh'S Opposite Approach: Other,Other,0,0,1,0,1,2,0,0,0,0,0,0
261095,Medical treatment,2013,15,Sideswipe,Multi-Vehicle,153.006973,-27.436922,Enoggera Rd,Newmarket Rd,Newmarket,Stafford,Intersection - T-Junction,Operating traffic lights,60 km/h,Sealed - Dry,Daylight,Straight,Veh'S Same Direction: Lane Side Swipe,Lane changes,0,0,1,0,1,1,0,0,0,1,0,0
261096,Medical treatment,2013,17,Rear-end,Multi-Vehicle,152.9631373,-27.41179946,Samford Sub-Arterial Rd,,Mitchelton,Everton,No Roadway Feature,No traffic control,60 km/h,Sealed - Dry,Daylight,Straight,Veh'S Same Direction: Right Rear,Rear-end,0,0,3,0,3,2,0,0,0,0,0,0
261116,Hospitalisation,2013,15,Angle,Multi-Vehicle,153.0310431,-27.39644861,Gympie Arterial Rd,Lawley St,Kedron,Stafford,Intersection - T-Junction,No traffic control,60 km/h,Sealed - Dry,Daylight,Straight,Veh'S Opposite Approach: Thru-Right,Opposing vehicles turning,0,1,0,0,1,1,1,0,0,0,0,0
261117,Hospitalisation,2013,23,Angle,Multi-Vehicle,153.0203242,-27.3925527,Rode Rd,Webster Rd,Chermside West,Stafford,Intersection - Cross,Operating traffic lights,70 km/h,Sealed - Dry,Darkness - Lighted,Straight,Veh'S Opposite Approach: Thru-Right,Opposing vehicles turning,0,1,0,0,1,2,0,0,0,0,0,0
261122,Medical treatment,2013,17,Rear-end,Multi-Vehicle,153.016718,-27.360248,Gympie Arterial Rd,,Aspley,Aspley,Merge Lane,No traffic control,60 km/h,Sealed - Dry,Daylight,Straight,Veh'S Same Direction: Rear End,Rear-end,0,0,1,0,1,2,0,0,0,0,0,0
261123,Minor injury,2013,15,Rear-end,Multi-Vehicle,153.024399,-27.330884,Telegraph Rd,,Fitzgibbon,Sandgate,No Roadway Feature,No traffic control,70 km/h,Sealed - Dry,Daylight,Straight,Veh'S Same Direction: Rear End,Rear-end,0,0,0,1,1,2,0,0,0,0,0,0
261131,Medical treatment,2013,8,Hit parked vehicle,Single Vehicle,153.0200523,-27.43265036,Kedron Brook Rd,,Wilston,Stafford,Bikeway,No traffic control,0 - 50 km/h,Sealed - Dry,Daylight,Straight,Veh'S Manoeuvring: Other,Other,0,0,1,0,1,1,0,0,0,1,0,0
261132,Hospitalisation,2013,7,Sideswipe,Multi-Vehicle,152.979986,-27.41683301,Taylors Rd,,Gaythorne,Ashgrove,No Roadway Feature,No traffic control,0 - 50 km/h,Sealed - Dry,Daylight,Straight,Veh'S Same Direction: Right Turn S/Swipe,Parallel lanes turning,0,1,0,0,1,2,0,0,0,0,0,0
261151,Medical treatment,2013,8,Rear-end,Multi-Vehicle,153.028078,-27.459624,Gloucester St,St Pauls Tce,Spring Hill,Brisbane Central,Intersection - T-Junction,No traffic control,0 - 50 km/h,Sealed - Dry,Daylight,Straight,Veh'S Same Direction: Right Rear,Rear-end,0,0,1,0,1,1,1,0,0,0,0,0
261152,Medical treatment,2013,13,Angle,Multi-Vehicle,153.00428,-27.316741,Gympie Rd,Strathpine Sub-Arterial Rd,Bald Hills,Aspley,Intersection - Cross,Operating traffic lights,70 km/h,Sealed - Dry,Daylight,Straight,Veh'S Same Direction: Lane Change Left,Lane changes,0,0,1,0,1,1,0,1,0,0,0,0
261153,Hospitalisation,2013,18,Head-on,Multi-Vehicle,153.0078095,-27.40922379,East - West Arterial Rd,Shand St,Stafford,Stafford,Intersection - Cross,Operating traffic lights,60 km/h,Sealed - Dry,Darkness - Lighted,Straight,Veh'S Opposite Approach: Thru-Right,Opposing vehicles turning,0,1,0,0,1,2,0,0,0,0,0,0
261165,Hospitalisation,2013,22,Fall from vehicle,Single Vehicle,153.0366551,-27.41550557,East - West Arterial Rd,Lutwyche Rd,Lutwyche,Clayfield,Intersection - T-Junction,Operating traffic lights,60 km/h,Sealed - Dry,Darkness - Lighted,Curved - view open,Vehicle Right-Turning At I/S (Or Drivewa,Out of control on curve,0,1,0,0,1,0,1,0,0,0,0,0
261166,Hospitalisation,2013,8,Rear-end,Multi-Vehicle,153.0629905,-27.38196637,Sandgate Sub-Art Rd On Ramp,Sandgate Sub-Arterial Rd,Virginia,Nudgee,Intersection - Interchange,Give way sign,60 km/h,Sealed - Dry,Daylight,Straight,Veh'S Same Direction: Rear End,Rear-end,0,1,0,0,1,2,0,0,0,0,0,0
261195,Medical treatment,2013,14,Sideswipe,Multi-Vehicle,153.0268433,-27.46976634,Elizabeth St,,Brisbane City,Brisbane Central,No Roadway Feature,No traffic control,0 - 50 km/h,Sealed - Dry,Daylight,Straight,Veh'S Same Direction: Lane Change Right,Lane changes,0,0,1,0,1,2,0,0,0,0,0,0
261196,Hospitalisation,2013,23,Hit object,Single Vehicle,153.014485,-27.46371369,Petrie Tce,,Petrie Terrace,Mount Coot-tha,No Roadway Feature,No traffic control,0 - 50 km/h,Sealed - Dry,Darkness - Lighted,Curved - view open,Off Path-Curve: Off Cway Lt Bend Hit Obj,Off carriageway on curve hit object,0,1,0,0,1,0,1,0,0,0,0,0
261197,Hospitalisation,2013,16,Angle,Multi-Vehicle,152.967326,-27.49974998,Moggill Rd,Taringa Pde,Indooroopilly,Indooroopilly,Intersection - Cross,Operating traffic lights,60 km/h,Sealed - Dry,Daylight,Curved - view open,Veh'S Opposite Approach: Thru-Right,Opposing vehicles turning,0,1,0,0,1,2,0,0,0,0,0,0
261199,Hospitalisation,2013,16,Angle,Multi-Vehicle,153.0010292,-27.35902593,Albany Creek Sub-Arterial Rd,Bangalow St,Bridgeman Downs,Aspley,Intersection - T-Junction,Give way sign,60 km/h,Sealed - Dry,Daylight,Curved - view open,Veh'S Adjacent Approach: Thru-Right,Intersection from adjacent approaches,0,1,1,0,2,2,0,0,0,0,0,0
261206,Hospitalisation,2013,18,Angle,Multi-Vehicle,152.9359465,-27.40585331,Mcginn Rd,,Ferny Grove,Ferny Grove,No Roadway Feature,No traffic control,60 km/h,Sealed - Dry,Darkness - Lighted,Curved - view open,Veh'S Manoeuvring: Entering From Footway,Vehicle leaving driveway,0,2,0,1,3,4,0,0,0,0,0,0
261207,Medical treatment,2013,13,Fall from vehicle,Single Vehicle,152.948096,-27.427951,Settlement Rd,Yarrabee Rd,The Gap,Ferny Grove,Intersection - T-Junction,No traffic control,60 km/h,Sealed - Dry,Daylight,Curved - view obscured,Off Path-Curve: Out Of Control On Cway,Out of control on curve,0,0,1,0,1,0,1,0,0,0,0,0
261242,Hospitalisation,2013,11,Rear-end,Multi-Vehicle,153.002982,-27.45443981,Arthur Tce,Enoggera Tce,Red Hill,Mount Coot-tha,Intersection - T-Junction,No traffic control,0 - 50 km/h,Sealed - Dry,Daylight,Straight,Veh'S Same Direction: Right Rear,Rear-end,0,1,0,2,3,2,0,0,0,0,0,0
261243,Medical treatment,2013,8,Angle,Multi-Vehicle,152.988594,-27.460646,Fernberg Rd,,Paddington,Mount Coot-tha,No Roadway Feature,No traffic control,0 - 50 km/h,Sealed - Dry,Daylight,Straight,Veh'S Manoeuvring: Entering From Footway,Vehicle leaving driveway,0,0,1,0,1,0,0,1,0,1,0,0
261244,Medical treatment,2013,10,Hit pedestrian,Hit pedestrian,153.037,-27.460075,Brunswick St,Martin St,Fortitude Valley,Brisbane Central,Intersection - T-Junction,No traffic control,60 km/h,Sealed - Dry,Daylight,Straight,Ped'N: Hit While Boarding/Alighting,Pedestrian,0,0,1,0,1,1,0,0,0,0,1,0
261245,Medical treatment,2013,18,Rear-end,Multi-Vehicle,152.994602,-27.48411,Coronation Dr,,Toowong,Mount Coot-tha,No Roadway Feature,No traffic control,60 km/h,Sealed - Dry,Dawn/Dusk,Curved - view open,Veh'S Same Direction: Rear End,Rear-end,0,0,1,0,1,4,0,0,0,0,0,0
261268,Hospitalisation,2013,17,Angle,Multi-Vehicle,153.0201599,-27.46689564,Herschel St,Roma St,Brisbane City,Brisbane Central,Intersection - T-Junction,Operating traffic lights,0 - 50 km/h,Sealed - Dry,Daylight,Straight,Veh'S Adjacent Approach: Thru-Right,Intersection from adjacent approaches,0,1,0,0,1,1,0,0,0,1,0,0
261270,Hospitalisation,2013,9,Rear-end,Multi-Vehicle,153.0175663,-27.40752471,Leiper St,Webster Rd,Stafford,Stafford,Intersection - T-Junction,No traffic control,60 km/h,Sealed - Dry,Daylight,Straight,Veh'S Same Direction: Rear End,Rear-end,0,1,0,0,1,2,0,0,0,0,0,0
261277,Medical treatment,2013,6,Rear-end,Multi-Vehicle,153.078158,-27.412,East - West Arterial Rd,Gateway Arterial Rd,Hendra,Clayfield,Intersection - Interchange,Operating traffic lights,60 km/h,Sealed - Dry,Daylight,Straight,Veh'S Same Direction: Rear End,Rear-end,0,0,1,0,1,2,0,0,0,0,0,0
261294,Medical treatment,2013,9,Head-on,Multi-Vehicle,152.988184,-27.445011,Elimatta Dr,,Ashgrove,Ashgrove,No Roadway Feature,No traffic control,0 - 50 km/h,Sealed - Dry,Daylight,Curved - view open,Veh'S Opposite Approach: Head On,Head-on,0,0,1,0,1,2,0,0,0,0,0,0
261296,Hospitalisation,2013,14,Sideswipe,Multi-Vehicle,153.0290417,-27.45245755,Bowen Bridge Rd,,Bowen Hills,Brisbane Central,No Roadway Feature,No traffic control,60 km/h,Sealed - Dry,Daylight,Curved - view open,Veh'S Same Direction: Lane Change Right,Lane changes,0,1,0,0,1,3,0,0,0,0,0,0
261297,Hospitalisation,2013,5,Hit object,Single Vehicle,153.0387015,-27.45245749,Wickham St,,Fortitude Valley,Brisbane Central,No Roadway Feature,No traffic control,60 km/h,Sealed - Dry,Darkness - Lighted,Straight,Off Path-Straight: Left Off Cway Hit Obj,Off carriageway on straight hit object,0,1,0,0,1,1,0,0,0,0,0,0
261301,Medical treatment,2013,15,Angle,Multi-Vehicle,153.051216,-27.361321,Zillmere Rd,,Boondall,Nudgee,No Roadway Feature,No traffic control,60 km/h,Sealed - Dry,Daylight,Straight,Veh'S Manoeuvring: Entering From Footway,Vehicle leaving driveway,0,0,2,0,2,2,0,0,0,0,0,0
261308,Medical treatment,2013,7,Angle,Multi-Vehicle,153.073184,-27.392479,Oates Pde,Parker Ave,Northgate,Nudgee,Intersection - T-Junction,Give way sign,0 - 50 km/h,Sealed - Dry,Daylight,Straight,Veh'S Adjacent Approach: Thru-Right,Intersection from adjacent approaches,0,0,1,0,1,2,0,0,0,0,0,0
261309,Hospitalisation,2013,7,Angle,Multi-Vehicle,153.044846,-27.4163625,Dickson St,,Wooloowin,Clayfield,No Roadway Feature,No traffic control,60 km/h,Sealed - Dry,Daylight,Curved - view open,Veh'S Opposite Approach: U-Turn,U-turn,0,1,0,1,2,2,0,0,0,0,0,0
261332,Medical treatment,2013,8,Rear-end,Multi-Vehicle,153.0132693,-27.46500567,Caxton St,Petrie Tce,Petrie Terrace,Mount Coot-tha,Intersection - Cross,Operating traffic lights,60 km/h,Sealed - Dry,Daylight,Straight,Veh'S Same Direction: Right Rear,Rear-end,0,0,1,0,1,2,0,0,0,0,0,0
261338,Hospitalisation,2013,12,Hit object,Single Vehicle,153.017241,-27.3638548,Gympie Rd,Robinson Rd W,Aspley,Aspley,Intersection - Cross,Operating traffic lights,70 km/h,Sealed - Dry,Daylight,Straight,Ped'N: Hit Other,Other,0,1,0,1,2,1,0,0,0,0,1,0
261348,Hospitalisation,2013,17,Angle,Multi-Vehicle,153.0676989,-27.43638129,Kent St,Seymour Rd,Hamilton,Clayfield,Intersection - Cross,Stop sign,0 - 50 km/h,Sealed - Dry,Dawn/Dusk,Straight,Veh'S Adjacent Approach: Thru-Thru,Intersection from adjacent approaches,0,1,0,0,1,2,0,0,0,0,0,0
261349,Hospitalisation,2013,7,Angle,Multi-Vehicle,153.0543889,-27.41948543,Sandgate Rd,Wagner Rd,Clayfield,Clayfield,Intersection - Cross,Operating traffic lights,60 km/h,Sealed - Dry,Daylight,Straight,Veh'S Opposite Approach: Thru-Right,Opposing vehicles turning,0,1,0,1,2,2,0,0,0,0,0,0
261350,Hospitalisation,2013,6,Fall from vehicle,Single Vehicle,153.0882642,-27.39409315,Gateway Arterial Rd,,Banyo,Clayfield,No Roadway Feature,No traffic control,80 - 90 km/h,Sealed - Dry,Daylight,Curved - view obscured,Off Path-Curve: Out Of Control On Cway,Out of control on curve,0,1,0,0,1,0,1,0,0,0,0,0
261351,Hospitalisation,2013,6,Fall from vehicle,Single Vehicle,153.0882592,-27.39409115,Gateway Arterial Rd,,Banyo,Clayfield,No Roadway Feature,No traffic control,80 - 90 km/h,Sealed - Dry,Daylight,Curved - view obscured,Off Path-Curve: Out Of Control On Cway,Out of control on curve,0,1,0,0,1,0,1,0,0,0,0,0
261352,Medical treatment,2013,15,Angle,Multi-Vehicle,152.999791,-27.424929,Lorne St,Samford Rd,Alderley,Ashgrove,Intersection - T-Junction,Give way sign,60 km/h,Sealed - Dry,Daylight,Straight,Veh'S Adjacent Approach: Thru-Right,Intersection from adjacent approaches,0,0,2,0,2,2,0,0,0,0,0,0
261379,Hospitalisation,2013,7,Hit pedestrian,Hit pedestrian,153.014777,-27.46650567,Eagle Tce,Skew St,Brisbane City,Brisbane Central,Intersection - T-Junction,No traffic control,0 - 50 km/h,Sealed - Dry,Daylight,Curved - view open,Ped'N: Near Side Vehicle Hit From Right,Pedestrian,0,1,0,0,1,1,0,0,0,0,1,0
261380,Medical treatment,2013,8,Rear-end,Multi-Vehicle,153.0147007,-27.46739667,North Quay,,Brisbane City,Brisbane Central,No Roadway Feature,No traffic control,0 - 50 km/h,Sealed - Dry,Daylight,Straight,Veh'S Same Direction: Right Rear,Rear-end,0,0,2,1,3,1,0,0,1,0,0,0
261381,Hospitalisation,2013,10,Angle,Multi-Vehicle,153.0344626,-27.45683851,Warner St,Wickham St,Fortitude Valley,Brisbane Central,Intersection - T-Junction,No traffic control,60 km/h,Sealed - Dry,Daylight,Straight,Veh'S Manoeuvring: Entering From Footway,Vehicle leaving driveway,0,1,0,0,1,1,0,0,0,0,0,1
261382,Medical treatment,2013,8,Rear-end,Multi-Vehicle,152.9933,-27.493205,Gailey Rd,Heroes Ave,St Lucia,Mount Coot-tha,Intersection - T-Junction,No traffic control,0 - 50 km/h,Sealed - Dry,Daylight,Straight,Veh'S Same Direction: Left Rear,Rear-end,0,0,1,0,1,2,0,0,0,0,0,0
261392,Hospitalisation,2013,17,Sideswipe,Multi-Vehicle,153.0413212,-27.43063051,Albion Overpass,,Albion,Clayfield,No Roadway Feature,No traffic control,60 km/h,Sealed - Dry,Daylight,Straight,Veh'S Same Direction: Lane Change Right,Lane changes,0,1,0,0,1,1,0,0,0,1,0,0
261427,Hospitalisation,2013,18,Angle,Multi-Vehicle,153.003861,-27.33129689,Carseldine Rd,Linkfield Connection Rd,Bald Hills,Aspley,Intersection - T-Junction,Operating traffic lights,60 km/h,Sealed - Dry,Darkness - Lighted,Curved - view open,Veh'S Opposite Approach: Thru-Right,Opposing vehicles turning,0,1,2,0,3,2,0,0,0,0,0,0
261428,Medical treatment,2013,14,Rear-end,Multi-Vehicle,153.008469,-27.317182,Strathpine Sub-Arterial Rd,,Bald Hills,Aspley,No Roadway Feature,No traffic control,60 km/h,Sealed - Dry,Daylight,Straight,Veh'S Same Direction: Rear End,Rear-end,0,0,1,0,1,2,0,0,0,0,0,0
261430,Minor injury,2013,21,Rear-end,Multi-Vehicle,153.030595,-27.385136,Gympie Arterial Rd,,Chermside,Stafford,No Roadway Feature,No traffic control,60 km/h,Sealed - Dry,Darkness - Lighted,Straight,Veh'S Same Direction: Rear End,Rear-end,0,0,0,1,1,2,0,0,0,0,0,0
261442,Hospitalisation,2013,10,Angle,Multi-Vehicle,153.0655097,-27.41559334,Brook St,Woodville St,Hendra,Clayfield,Intersection - Cross,Give way sign,0 - 50 km/h,Sealed - Dry,Daylight,Straight,Veh'S Adjacant Approach: Thru-Left,Intersection from adjacent approaches,0,1,0,1,2,2,0,0,0,0,0,0
261443,Minor injury,2013,19,Rear-end,Multi-Vehicle,153.047104,-27.414925,Dawson St,,Wooloowin,Clayfield,No Roadway Feature,No traffic control,0 - 50 km/h,Sealed - Dry,Darkness - Lighted,Straight,Veh'S Same Direction: Rear End,Rear-end,0,0,0,1,1,1,0,0,0,1,0,0
261467,Hospitalisation,2013,15,Hit pedestrian,Hit pedestrian,153.0159768,-27.44794767,Herston Rd,L'Estrange Tce,Kelvin Grove,Brisbane Central,Intersection - Cross,Operating traffic lights,0 - 50 km/h,Sealed - Dry,Daylight,Straight,Ped'N: Near Side Vehicle Hit From Right,Pedestrian,0,1,0,0,1,1,0,0,0,0,1,0
261469,Minor injury,2013,7,Rear-end,Multi-Vehicle,152.954098,-27.517865,Western Arterial Rd,,Fig Tree Pocket,Moggill,No Roadway Feature,No traffic control,80 - 90 km/h,Sealed - Dry,Daylight,Straight,Veh'S Same Direction: Lane Change Left,Lane changes,0,0,0,1,1,2,0,0,0,0,0,0
261470,Medical treatment,2013,6,Hit object,Single Vehicle,153.023502,-27.30493,Gateway Arterial Rd,,Bald Hills,Sandgate,No Roadway Feature,No traffic control,100 - 110 km/h,Sealed - Dry,Daylight,Straight,Off Path-Straight: Left Off Cway Hit Obj,Off carriageway on straight hit object,0,0,1,0,1,1,0,0,0,0,0,0
261478,Medical treatment,2013,17,Rear-end,Multi-Vehicle,153.046524,-27.351298,Beams Rd,,Zillmere,Nudgee,No Roadway Feature,No traffic control,60 km/h,Sealed - Dry,Daylight,Straight,Veh'S Same Direction: Rear End,Rear-end,0,0,1,0,1,3,0,0,0,0,0,0
261510,Minor injury,2013,18,Sideswipe,Multi-Vehicle,153.0480782,-27.31569145,Gateway Arterial Rd,,Sandgate,Sandgate,No Roadway Feature,No traffic control,100 - 110 km/h,Sealed - Dry,Dawn/Dusk,Straight,Veh'S Same Direction: Lane Side Swipe,Lane changes,0,0,0,1,1,2,0,0,0,0,0,0
261535,Hospitalisation,2013,16,Sideswipe,Multi-Vehicle,153.0418793,-27.31292661,Gateway Arterial Rd,,Bracken Ridge,Sandgate,No Roadway Feature,No traffic control,100 - 110 km/h,Sealed - Dry,Daylight,Curved - view open,Veh'S Same Direction: Lane Change Right,Lane changes,0,1,0,0,1,1,0,1,0,0,0,0
261543,Medical treatment,2013,9,Rear-end,Multi-Vehicle,153.105264,-27.396272,Moreton Dr,Nancy Bird Wy,Brisbane Airport,Clayfield,Intersection - Roundabout,Give way sign,60 km/h,Sealed - Dry,Daylight,Curved - view open,Veh'S Same Direction: Right Rear,Rear-end,0,0,1,0,1,1,0,1,0,0,0,0
261544,Medical treatment,2013,15,Rear-end,Multi-Vehicle,152.948795,-27.414853,Settlement Rd,,Keperra,Ferny Grove,No Roadway Feature,No traffic control,60 km/h,Sealed - Dry,Daylight,Straight,Veh'S Same Direction: Rear End,Rear-end,0,0,1,0,1,2,0,0,0,0,0,0
261565,Hospitalisation,2013,12,Hit pedestrian,Hit pedestrian,153.0470905,-27.46784941,Brunswick St,Welsby St,New Farm,Brisbane Central,Intersection - T-Junction,Give way sign,0 - 50 km/h,Sealed - Dry,Daylight,Straight,Ped'N: Near Side Vehicle Hit From Right,Pedestrian,0,1,0,0,1,1,0,0,0,0,1,0
261569,Medical treatment,2013,10,Hit object,Single Vehicle,152.985688,-27.48459,Sherwood Rd,Woodstock Rd,Toowong,Mount Coot-tha,Intersection - T-Junction,No traffic control,0 - 50 km/h,Sealed - Wet,Daylight,Curved - view obscured,Off Path-Curve: Off Cway Lt Bend Hit Obj,Off carriageway on curve hit object,0,0,1,0,1,1,0,0,0,0,0,0
261570,Medical treatment,2013,11,Hit parked vehicle,Single Vehicle,152.98483,-27.496984,Swann Rd,,Taringa,Indooroopilly,No Roadway Feature,No traffic control,60 km/h,Sealed - Dry,Daylight,Straight,Veh'S Opposite Approach: Other,Other,0,0,1,0,1,3,0,0,0,0,0,0
261582,Medical treatment,2013,14,Rear-end,Multi-Vehicle,153.102164,-27.429437,Holt St,,Pinkenba,Clayfield,Median Opening,No traffic control,0 - 50 km/h,Sealed - Dry,Daylight,Straight,Veh'S Same Direction: Right Rear,Rear-end,0,0,1,0,1,2,0,0,0,0,0,0
261583,Minor injury,2013,7,Rear-end,Multi-Vehicle,153.09525,-27.429567,Kingsford Smith Dr,,Eagle Farm,Clayfield,No Roadway Feature,No traffic control,60 km/h,Sealed - Wet,Daylight,Straight,Veh'S Same Direction: Rear End,Rear-end,0,0,0,1,1,0,0,1,1,0,0,0
261584,Hospitalisation,2013,16,Hit object,Single Vehicle,153.0883534,-27.40920413,Gateway Arterial Rd,,Brisbane Airport,Clayfield,No Roadway Feature,No traffic control,80 - 90 km/h,Sealed - Dry,Daylight,Curved - view open,Off Path-Curve: Off Cway Lt Bend Hit Obj,Off carriageway on curve hit object,0,1,0,0,1,1,0,0,0,0,0,0
261605,Medical treatment,2013,19,Rear-end,Multi-Vehicle,153.015982,-27.465978,Countess St,Roma St,Brisbane City,Brisbane Central,No Roadway Feature,Operating traffic lights,60 km/h,Sealed - Dry,Darkness - Lighted,Straight,Veh'S Same Direction: Rear End,Rear-end,0,0,1,2,3,2,0,0,0,0,0,0
261607,Medical treatment,2013,13,Rear-end,Multi-Vehicle,153.008704,-27.4094266,East - West Arterial Rd,,Stafford,Stafford,No Roadway Feature,No traffic control,60 km/h,Sealed - Dry,Daylight,Straight,Veh'S Same Direction: Rear End,Rear-end,0,0,1,0,1,4,0,0,0,0,0,0
261612,Hospitalisation,2013,17,Rear-end,Multi-Vehicle,153.015961,-27.35518482,Graham Rd,Gympie Arterial Rd,Carseldine,Aspley,Intersection - T-Junction,Operating traffic lights,70 km/h,Sealed - Dry,Daylight,Straight,Veh'S Same Direction: Rear End,Rear-end,0,1,0,0,1,3,0,0,0,0,0,0
261613,Hospitalisation,2013,16,Rear-end,Multi-Vehicle,153.0601123,-27.34815246,Sandgate Sub-Arterial Rd,,Boondall,Nudgee,No Roadway Feature,No traffic control,70 km/h,Sealed - Dry,Daylight,Straight,Veh'S Same Direction: Rear End,Rear-end,0,1,0,0,1,1,1,0,0,0,0,0
261617,Medical treatment,2013,11,Rear-end,Multi-Vehicle,153.085137,-27.435152,Fison Ave W,Gateway Arterial Rd,Eagle Farm,Clayfield,Intersection - Cross,Stop sign,60 km/h,Sealed - Dry,Daylight,Straight,Veh'S Same Direction: Rear End,Rear-end,0,0,1,0,1,2,0,0,0,0,0,0
261643,Medical treatment,2013,22,Rear-end,Multi-Vehicle,153.010429,-27.4689293,Coronation Dr,,Milton,Mount Coot-tha,No Roadway Feature,No traffic control,60 km/h,Sealed - Dry,Darkness - Lighted,Straight,Veh'S Same Direction: Rear End,Rear-end,0,0,1,0,1,2,0,0,0,0,0,0
261646,Hospitalisation,2013,12,Angle,Multi-Vehicle,152.9959314,-27.48101979,Land St,,Toowong,Mount Coot-tha,No Roadway Feature,No traffic control,0 - 50 km/h,Sealed - Dry,Daylight,Straight,Veh'S Same Direction: U-Turn,U-turn,0,1,0,0,1,1,1,0,0,0,0,0
261647,Medical treatment,2013,7,Fall from vehicle,Single Vehicle,152.9929095,-27.4874998,Benson St,,Toowong,Mount Coot-tha,No Roadway Feature,No traffic control,60 km/h,Sealed - Dry,Daylight,Curved - view open,Off Path-Curve: Out Of Control On Cway,Out of control on curve,0,0,1,0,1,0,1,0,0,0,0,0
261651,Hospitalisation,2013,8,Hit pedestrian,Hit pedestrian,153.0127902,-27.38320476,Hamilton Rd,Maundrell Tce,Chermside West,Aspley,Intersection - Cross,Operating traffic lights,60 km/h,Sealed - Dry,Daylight,Straight,Ped'N: Near Side Vehicle Hit From Right,Pedestrian,0,1,0,0,1,1,0,0,0,0,1,0
261652,Hospitalisation,2013,13,Hit object,Single Vehicle,152.9861786,-27.38376196,Beckett Rd,,Mcdowall,Aspley,No Roadway Feature,No traffic control,60 km/h,Sealed - Dry,Daylight,Curved - view open,Off Path-Curve: Off Cway Rt Bend Hit Obj,Off carriageway on curve hit object,0,1,0,0,1,1,0,0,0,0,0,0
261657,Minor injury,2013,18,Angle,Multi-Vehicle,152.9967503,-27.41984267,Pickering St,,Enoggera,Ashgrove,No Roadway Feature,No traffic control,60 km/h,Sealed - Dry,Daylight,Straight,Veh'S Opposite Approach: Thru-Right,Opposing vehicles turning,0,0,0,1,1,1,1,0,0,0,0,0
261683,Medical treatment,2013,8,Rear-end,Multi-Vehicle,152.986429,-27.470653,Birdwood Tce,Western Arterial Rd,Bardon,Mount Coot-tha,Intersection - T-Junction,Give way sign,0 - 50 km/h,Sealed - Dry,Daylight,Curved - view open,Veh'S Same Direction: Left Rear,Rear-end,0,0,1,0,1,2,0,0,0,0,0,0
261684,Medical treatment,2013,10,Sideswipe,Multi-Vehicle,153.010642,-27.468138,Boomerang St,,Milton,Mount Coot-tha,No Roadway Feature,No traffic control,60 km/h,Sealed - Dry,Daylight,Curved - view obscured,Veh'S Same Direction: Lane Change Right,Lane changes,0,0,1,0,1,0,0,2,0,0,0,0
261685,Medical treatment,2013,15,Rear-end,Multi-Vehicle,153.011846,-27.45787767,Musgrave Rd,,Red Hill,Mount Coot-tha,No Roadway Feature,No traffic control,60 km/h,Sealed - Dry,Daylight,Curved - view open,Veh'S Same Direction: Right Rear,Rear-end,0,0,5,0,5,3,0,0,0,0,0,0
261686,Hospitalisation,2013,19,Rear-end,Multi-Vehicle,153.0500924,-27.46025739,Macquarie St,,Teneriffe,Brisbane Central,No Roadway Feature,No traffic control,0 - 50 km/h,Sealed - Dry,Darkness - Lighted,Straight,Veh'S Same Direction: Rear End,Rear-end,0,1,0,0,1,2,0,0,0,0,0,0
261689,Medical treatment,2013,7,Rear-end,Multi-Vehicle,153.045196,-27.330634,Telegraph Rd,,Bracken Ridge,Sandgate,No Roadway Feature,No traffic control,60 km/h,Sealed - Dry,Daylight,Curved - view open,Veh'S Same Direction: Rear End,Rear-end,0,0,1,0,1,1,0,0,1,0,0,0
261694,Minor injury,2013,7,Rear-end,Multi-Vehicle,153.0114299,-27.34228288,Gympie Arterial Rd,,Carseldine,Aspley,No Roadway Feature,No traffic control,70 km/h,Sealed - Dry,Daylight,Straight,Veh'S Same Direction: Rear End,Rear-end,0,0,0,1,1,1,0,1,0,0,0,0
261704,Hospitalisation,2013,11,Rear-end,Multi-Vehicle,152.9925048,-27.41347991,Elkhorn St,Western Arterial Rd,Enoggera,Ashgrove,Intersection - T-Junction,No traffic control,60 km/h,Sealed - Dry,Daylight,Straight,Veh'S Same Direction: Right Rear,Rear-end,0,1,0,1,2,2,0,0,0,0,0,0