Crash_Ref_Number,Severity,Year,Hour,Crash_Nature,Crash_Type,Longitude,Latitude,Street,Street_Intersecting,Suburb,Loc_State_Electorate,Crash_Roadway_Feature,Crash_Traffic_Control,Crash_Speed_Limit,Crash_Road_Surface_Condition,Crash_Lighting_Condition,Crash_Road_Horiz_Align,Crash_DCA_Description,Crash_DCA_Group_Description,Count_Casualty_Fatality,Count_Casualty_Hospitalised,Count_Casualty_MedicallyTreated,Count_Casualty_MinorInjury,Count_Casualty_Total,Count_Unit_Car,Count_Unit_Motorcycle_Moped,Count_Unit_Truck,Count_Unit_Bus,Count_Unit_Bicycle,Count_Unit_Pedestrian,Count_Unit_Other
261705,Medical treatment,2013,17,Rear-end,Multi-Vehicle,152.991601,-27.418245,Western Arterial Rd,,Enoggera,Ashgrove,No Roadway Feature,No traffic control,60 km/h,Sealed - Dry,Dawn/Dusk,Curved - view open,Veh'S Same Direction: Rear End,Rear-end,0,0,3,0,3,2,0,0,0,0,0,0
261706,Hospitalisation,2013,14,Rear-end,Multi-Vehicle,152.9635192,-27.41158212,Samford Sub-Arterial Rd,,Keperra,Everton,No Roadway Feature,No traffic control,60 km/h,Sealed - Dry,Daylight,Straight,Veh'S Same Direction: Rear End,Rear-end,0,1,0,0,1,2,0,0,0,0,0,0
261735,Medical treatment,2013,9,Fall from vehicle,Single Vehicle,152.990878,-27.462326,Fernberg Rd,Reading St,Paddington,Mount Coot-tha,Intersection - T-Junction,Give way sign,0 - 50 km/h,Sealed - Dry,Daylight,Curved - view open,Off Path-Curve: Out Of Control On Cway,Out of control on curve,0,0,1,0,1,1,1,0,0,0,0,0
261736,Medical treatment,2013,11,Rear-end,Multi-Vehicle,153.007735,-27.44459567,Bishop St,Kelvin Grove Rd,Kelvin Grove,Brisbane Central,Intersection - Cross,Operating traffic lights,60 km/h,Sealed - Dry,Daylight,Curved - view open,Veh'S Same Direction: Rear End,Rear-end,0,0,3,0,3,2,0,0,0,0,0,0
261738,Hospitalisation,2013,1,Hit object,Single Vehicle,153.0010623,-27.47408577,Lang Pde,Roy St,Milton,Mount Coot-tha,Intersection - T-Junction,No traffic control,0 - 50 km/h,Sealed - Dry,Darkness - Lighted,Curved - view open,Off Path-Curve: Off Cway Lt Bend Hit Obj,Off carriageway on curve hit object,0,1,0,0,1,0,1,0,0,0,0,0
261740,Hospitalisation,2013,9,Fall from vehicle,Single Vehicle,153.0485476,-27.36558353,Delta St,Newman Rd,Geebung,Nudgee,Intersection - Cross,Give way sign,60 km/h,Sealed - Dry,Daylight,Straight,Off Path-Straight: Right Turn,Off carriageway on straight,0,1,0,0,1,0,1,0,0,0,0,0
261743,Hospitalisation,2013,15,Fall from vehicle,Single Vehicle,153.051882,-27.42182744,Sandgate Rd,,Clayfield,Clayfield,No Roadway Feature,No traffic control,60 km/h,Sealed - Dry,Daylight,Straight,Off Path-Straight:Out Of Control On Cway,Out of control on straight,0,1,0,0,1,0,1,0,0,0,0,0
261744,Hospitalisation,2013,15,Rear-end,Multi-Vehicle,152.9906857,-27.40605492,Everton Park - Albany Creek Rd,,Everton Park,Everton,No Roadway Feature,No traffic control,60 km/h,Sealed - Dry,Daylight,Curved - view open,Veh'S Same Direction: Rear End,Rear-end,0,1,0,0,1,3,0,0,0,0,0,0
261764,Hospitalisation,2013,8,Hit object,Single Vehicle,153.0071734,-27.50206465,Boomerang Rd E,,St Lucia,Indooroopilly,No Roadway Feature,No traffic control,0 - 50 km/h,Sealed - Dry,Daylight,Straight,Off Path-Curve: Off Cway Lt Bend Hit Obj,Off carriageway on curve hit object,0,1,0,0,1,1,0,0,0,0,0,0
261783,Minor injury,2013,15,Rear-end,Multi-Vehicle,153.039601,-27.442445,Edmondstone Rd,,Bowen Hills,Brisbane Central,No Roadway Feature,No traffic control,0 - 50 km/h,Sealed - Dry,Daylight,Straight,Veh'S Same Direction: Rear End,Rear-end,0,0,0,1,1,2,0,0,0,0,0,0
261813,Medical treatment,2013,15,Hit object,Single Vehicle,153.046008,-27.311727,Gateway Arterial Rd,,Bracken Ridge,Sandgate,Intersection - Interchange,No traffic control,60 km/h,Sealed - Dry,Daylight,Curved - view open,Off Path-Curve: Off Cway Lt Bend Hit Obj,Off carriageway on curve hit object,0,0,1,0,1,1,0,0,0,0,0,0
261814,Hospitalisation,2013,8,Rear-end,Multi-Vehicle,153.0101734,-27.39767078,Appleby Rd,,Stafford Heights,Stafford,No Roadway Feature,No traffic control,60 km/h,Sealed - Dry,Daylight,Straight,Veh'S Same Direction: Rear End,Rear-end,0,1,0,1,2,4,0,0,0,0,0,0
261815,Hospitalisation,2013,9,Hit parked vehicle,Single Vehicle,153.0084585,-27.40616778,Appleby Rd,,Stafford,Stafford,No Roadway Feature,No traffic control,60 km/h,Sealed - Dry,Daylight,Straight,Off Path-Straight: Left Off Cway Hit Obj,Off carriageway on straight hit object,0,1,0,0,1,2,0,0,0,0,0,0
261820,Minor injury,2013,11,Angle,Multi-Vehicle,153.01788,-27.436222,Murray St,Newmarket Rd,Wilston,Brisbane Central,Intersection - T-Junction,Give way sign,60 km/h,Sealed - Dry,Daylight,Straight,Veh'S Adjacent Approach: Thru-Thru,Intersection from adjacent approaches,0,0,0,2,2,2,0,0,0,0,0,0
261845,Hospitalisation,2013,20,Fall from vehicle,Single Vehicle,153.0219999,-27.47169962,South East Arterial Rd,,Brisbane City,Brisbane Central,No Roadway Feature,No traffic control,70 km/h,Sealed - Dry,Darkness - Lighted,Straight,Pass & Misc: Fell In/From Vehicle,Other,0,1,0,0,1,0,1,0,0,0,0,0
261878,Hospitalisation,2013,5,Head-on,Multi-Vehicle,152.9432131,-27.47261023,Sir Samuel Griffith Dr,,Mount Coot-tha,Mount Coot-tha,No Roadway Feature,No traffic control,0 - 50 km/h,Sealed - Dry,Dawn/Dusk,Straight,Veh'S Opposite Approach: Thru-Right,Opposing vehicles turning,0,1,0,0,1,1,0,0,0,1,0,0
261879,Minor injury,2013,5,Sideswipe,Multi-Vehicle,152.977459,-27.4934652,Moggill Rd,,Indooroopilly,Indooroopilly,No Roadway Feature,No traffic control,60 km/h,Sealed - Dry,Daylight,Straight,Veh'S Same Direction: Lane Side Swipe,Lane changes,0,0,0,1,1,0,1,0,0,0,0,1
261883,Minor injury,2013,6,Rear-end,Multi-Vehicle,153.013962,-27.346244,Beams Rd,Lacey Rd,Carseldine,Aspley,Intersection - T-Junction,Stop sign,60 km/h,Sealed - Dry,Daylight,Straight,Veh'S Same Direction: Left Rear,Rear-end,0,0,0,1,1,1,1,0,0,0,0,0
261884,Hospitalisation,2013,16,Rear-end,Multi-Vehicle,153.0592843,-27.34048646,Sandgate Sub-Arterial Rd,,Boondall,Nudgee,No Roadway Feature,No traffic control,70 km/h,Sealed - Dry,Daylight,Straight,Veh'S Same Direction: Rear End,Rear-end,0,1,1,0,2,2,0,0,0,0,0,0
261892,Medical treatment,2013,9,Angle,Multi-Vehicle,153.098976,-27.43726699,Curtin Ave E,,Eagle Farm,Clayfield,No Roadway Feature,No traffic control,60 km/h,Sealed - Dry,Daylight,Straight,Veh'S Manoeuvring: Leaving Driveway,Vehicle leaving driveway,0,0,2,0,2,2,0,0,0,0,0,0
261893,Medical treatment,2013,16,Rear-end,Multi-Vehicle,152.989248,-27.430367,Western Arterial Rd,,Enoggera,Ashgrove,No Roadway Feature,No traffic control,60 km/h,Sealed - Dry,Daylight,Straight,Veh'S Same Direction: Rear End,Rear-end,0,0,1,0,1,3,0,0,0,0,0,0
261915,Medical treatment,2013,7,Hit pedestrian,Hit pedestrian,153.02617,-27.467553,Adelaide St,Edward St,Brisbane City,Brisbane Central,Intersection - Cross,Operating traffic lights,0 - 50 km/h,Sealed - Dry,Daylight,Straight,Ped'N: Far Side Vehicle Hit From Left,Pedestrian,0,0,2,0,2,0,1,0,0,0,1,0
261916,Hospitalisation,2013,11,Hit parked vehicle,Single Vehicle,153.0214469,-27.46125463,North St,,Spring Hill,Brisbane Central,No Roadway Feature,No traffic control,0 - 50 km/h,Sealed - Dry,Daylight,Straight,Veh'S On Path: Parked,Hit parked vehicle,0,1,0,0,1,1,1,0,0,0,0,0
261917,Medical treatment,2013,16,Rear-end,Multi-Vehicle,153.02394,-27.474042,South East Arterial Rd,,Brisbane City,Brisbane Central,No Roadway Feature,No traffic control,60 km/h,Sealed - Dry,Daylight,Straight,Veh'S Same Direction: Rear End,Rear-end,0,0,1,1,2,1,0,1,1,0,0,0
261918,Medical treatment,2013,7,Rear-end,Multi-Vehicle,153.012359,-27.331617,Linkfield Connection Rd,Linkfield Rd,Bald Hills,Aspley,Intersection - Interchange,Give way sign,60 km/h,Sealed - Dry,Daylight,Curved - view open,Veh'S Same Direction: Left Rear,Rear-end,0,0,1,0,1,2,0,0,0,0,0,0
261922,Minor injury,2013,7,Sideswipe,Multi-Vehicle,153.060146,-27.348658,Roscommon Rd,Sandgate Sub-Arterial Rd,Boondall,Nudgee,Intersection - Cross,Operating traffic lights,70 km/h,Sealed - Dry,Daylight,Straight,Veh'S Same Direction: Lane Side Swipe,Lane changes,0,0,0,1,1,1,1,0,0,0,0,0
261926,Hospitalisation,2013,14,Angle,Multi-Vehicle,153.1168278,-27.38737093,Airport Dr,Alpinia Dr,Brisbane Airport,Clayfield,Intersection - Roundabout,Give way sign,0 - 50 km/h,Sealed - Dry,Daylight,Straight,Veh'S Opposite Approach: Right-Left,Opposing vehicles turning,0,1,0,1,2,2,0,0,0,0,0,0
261927,Hospitalisation,2013,11,Rear-end,Multi-Vehicle,153.0319114,-27.43329157,Bowen St,Lutwyche Rd,Windsor,Brisbane Central,Intersection - Cross,Operating traffic lights,60 km/h,Sealed - Dry,Daylight,Straight,Veh'S Same Direction: Rear End,Rear-end,0,1,0,0,1,1,0,1,0,0,0,0
261928,Hospitalisation,2013,22,Angle,Multi-Vehicle,153.0599197,-27.40762938,Grace St,Sandgate Sub-Arterial Rd,Nundah,Nudgee,Intersection - Cross,Operating traffic lights,60 km/h,Sealed - Dry,Darkness - Lighted,Straight,Veh'S Opposite Approach: Thru-Right,Opposing vehicles turning,0,2,0,0,2,2,0,0,0,0,0,0
261929,Medical treatment,2013,9,Rear-end,Multi-Vehicle,153.063268,-27.4236343,Kitchener Rd,,Hendra,Clayfield,No Roadway Feature,No traffic control,60 km/h,Sealed - Dry,Daylight,Straight,Veh'S Same Direction: Rear End,Rear-end,0,0,1,0,1,2,0,0,0,0,0,0
261930,Medical treatment,2013,16,Angle,Multi-Vehicle,153.109803,-27.399181,Airport Dr,,Brisbane Airport,Clayfield,Intersection - Roundabout,Give way sign,60 km/h,Sealed - Dry,Daylight,Straight,Veh'S Manoeuvring: Leaving Driveway,Vehicle leaving driveway,0,0,1,0,1,1,0,0,1,0,0,0
261931,Hospitalisation,2013,12,Angle,Multi-Vehicle,153.0851556,-27.43513815,Fison Ave W,Southern Cross Wy Ramp Ll,Eagle Farm,Clayfield,Intersection - Interchange,Stop sign,60 km/h,Sealed - Dry,Daylight,Curved - view open,Veh'S Adjacent Approach: Thru-Thru,Intersection from adjacent approaches,0,1,0,0,1,2,0,0,0,0,0,0
261954,Medical treatment,2013,14,Rear-end,Multi-Vehicle,153.011709,-27.460502,Hale St,,Paddington,Mount Coot-tha,No Roadway Feature,No traffic control,60 km/h,Sealed - Dry,Daylight,Straight,Veh'S Same Direction: Rear End,Rear-end,0,0,1,0,1,2,0,0,0,0,0,0
261955,Minor injury,2013,18,Rear-end,Multi-Vehicle,153.015537,-27.46845,William Jolly Bridge,,Brisbane City,Brisbane Central,Bridge/Causeway,No traffic control,60 km/h,Sealed - Dry,Darkness - Lighted,Straight,Veh'S Same Direction: Rear End,Rear-end,0,0,0,1,1,3,0,0,0,0,0,0
261956,Medical treatment,2013,19,Fall from vehicle,Single Vehicle,153.032464,-27.458711,Gipps St,Wickham St,Fortitude Valley,Brisbane Central,Intersection - Cross,Operating traffic lights,0 - 50 km/h,Sealed - Dry,Darkness - Lighted,Straight,Off Path-Straight:Out Of Control On Cway,Out of control on straight,0,0,1,0,1,1,1,0,0,0,0,0
261957,Medical treatment,2013,19,Angle,Multi-Vehicle,153.031636,-27.455987,Brunswick St,St Pauls Tce,Fortitude Valley,Brisbane Central,Intersection - Cross,Operating traffic lights,60 km/h,Sealed - Dry,Darkness - Lighted,Straight,Veh'S Adjacent Approach: Thru-Thru,Intersection from adjacent approaches,0,0,1,0,1,2,0,0,0,0,0,0
261958,Medical treatment,2013,22,Angle,Multi-Vehicle,152.982143,-27.482544,Dean St,Elizabeth St,Toowong,Mount Coot-tha,Intersection - Cross,Stop sign,0 - 50 km/h,Sealed - Dry,Darkness - Lighted,Straight,Veh'S Adjacent Approach: Thru-Thru,Intersection from adjacent approaches,0,0,1,0,1,2,0,0,0,0,0,0
261992,Medical treatment,2013,15,Rear-end,Multi-Vehicle,153.030481,-27.471931,Edward St,,Brisbane City,Brisbane Central,No Roadway Feature,No traffic control,0 - 50 km/h,Sealed - Dry,Daylight,Curved - view obscured,Veh'S Same Direction: Rear End,Rear-end,0,0,1,0,1,2,0,0,0,0,0,0
261995,Hospitalisation,2013,15,Hit object,Single Vehicle,153.0587662,-27.33733847,Gateway Arterial Rd,,Boondall,Nudgee,No Roadway Feature,No traffic control,80 - 90 km/h,Sealed - Dry,Daylight,Straight,Veh'S Same Direction: Rear End,Rear-end,0,2,0,0,2,2,0,0,0,0,0,0
262002,Hospitalisation,2013,21,Sideswipe,Multi-Vehicle,153.0718344,-27.38602329,Earnshaw Rd,Frederick St,Northgate,Nudgee,Intersection - T-Junction,No traffic control,60 km/h,Sealed - Dry,Darkness - Lighted,Straight,Veh'S Overtaking: Overtake-Right Turn,Overtaking same direction,0,1,0,0,1,1,1,0,0,0,0,0
262022,Hospitalisation,2013,7,Hit pedestrian,Hit pedestrian,152.9491657,-27.44481323,Waterworks Rd,,The Gap,Ashgrove,No Roadway Feature,No traffic control,60 km/h,Sealed - Dry,Daylight,Straight,Ped'N: Play; Work; Stand; Lie On C'Way,Pedestrian,0,1,0,0,1,1,0,0,0,0,1,0
262024,Medical treatment,2013,13,Rear-end,Multi-Vehicle,153.037097,-27.312471,Bracken Ridge Rd,,Bracken Ridge,Sandgate,Intersection - T-Junction,Operating traffic lights,60 km/h,Sealed - Dry,Daylight,Straight,Veh'S Same Direction: Rear End,Rear-end,0,0,1,0,1,1,0,1,0,0,0,0
262025,Hospitalisation,2013,10,Hit object,Single Vehicle,153.0168634,-27.41045972,East - West Arterial Rd,Webster Rd,Stafford,Stafford,Intersection - Cross,Operating traffic lights,60 km/h,Sealed - Wet,Daylight,Straight,Off Path-Straight: Left Off Cway Hit Obj,Off carriageway on straight hit object,0,1,0,0,1,1,0,0,0,0,0,0
262042,Hospitalisation,2013,12,Angle,Multi-Vehicle,152.9920268,-27.4191379,Pickering St,Western Art Rd On/Off Ramp,Enoggera,Ashgrove,Intersection - Interchange,No traffic control,60 km/h,Sealed - Wet,Daylight,Straight,Veh'S Opposite Approach: Thru-Right,Opposing vehicles turning,0,1,0,0,1,1,1,0,0,0,0,0
262043,Minor injury,2013,20,Rear-end,Multi-Vehicle,152.948753,-27.414576,Samford Sub-Arterial Rd,Settlement Rd,Keperra,Ferny Grove,Intersection - T-Junction,Give way sign,60 km/h,Sealed - Dry,Darkness - Lighted,Curved - view open,Veh'S Same Direction: Left Rear,Rear-end,0,0,0,1,1,2,0,0,0,0,0,0
262064,Minor injury,2013,7,Angle,Multi-Vehicle,153.012273,-27.451711,School St,,Kelvin Grove,Brisbane Central,No Roadway Feature,No traffic control,0 - 50 km/h,Sealed - Dry,Daylight,Straight,Veh'S Same Direction: Right Turn S/Swipe,Parallel lanes turning,0,0,0,1,1,2,0,0,0,0,0,0
262065,Medical treatment,2013,4,Fall from vehicle,Single Vehicle,152.998428,-27.479587,Coronation Dr,Land St,Auchenflower,Mount Coot-tha,Intersection - T-Junction,Operating traffic lights,60 km/h,Sealed - Wet,Daylight,Straight,Off Path-Straight:Out Of Control On Cway,Out of control on straight,0,0,1,0,1,0,1,0,0,0,0,0
262066,Hospitalisation,2013,6,Hit object,Single Vehicle,153.0119568,-27.32911181,Gympie Arterial Rd,Gympie Arterial Rd Ramp Lc,Bald Hills,Aspley,Intersection - Interchange,No traffic control,100 - 110 km/h,Sealed - Wet,Daylight,Straight,Off Path-Straight: Left Off Cway Hit Obj,Off carriageway on straight hit object,0,1,0,0,1,1,0,0,0,0,0,0
262071,Hospitalisation,2013,10,Angle,Multi-Vehicle,153.0566869,-27.41754441,Alexandra Rd,Sandgate Rd,Clayfield,Clayfield,Intersection - Cross,Stop sign,60 km/h,Sealed - Dry,Daylight,Curved - view open,Veh'S Adjacent Approach: Thru-Thru,Intersection from adjacent approaches,0,1,0,0,1,1,1,0,0,0,0,0
262090,Minor injury,2013,15,Angle,Multi-Vehicle,152.9743757,-27.46748,Stuartholme Rd,,Bardon,Mount Coot-tha,No Roadway Feature,Give way sign,0 - 50 km/h,Sealed - Dry,Daylight,Curved - view obscured,Veh'S Manoeuvring: Leaving Driveway,Vehicle leaving driveway,0,0,0,1,1,1,0,0,0,1,0,0
262091,Medical treatment,2013,6,Angle,Multi-Vehicle,152.993394,-27.462043,Fernberg Rd,Murruba St,Paddington,Mount Coot-tha,Intersection - T-Junction,Give way sign,0 - 50 km/h,Sealed - Dry,Daylight,Curved - view open,Veh'S Adjacant Approach: Thru-Left,Intersection from adjacent approaches,0,0,1,0,1,1,0,0,0,1,0,0
262092,Medical treatment,2013,7,Sideswipe,Multi-Vehicle,152.962901,-27.506316,Western Arterial Rd,,Indooroopilly,Indooroopilly,No Roadway Feature,No traffic control,80 - 90 km/h,Sealed - Dry,Daylight,Curved - view open,Veh'S Same Direction: Lane Change Left,Lane changes,0,0,1,0,1,1,1,0,0,0,0,0
262104,Hospitalisation,2013,17,Hit parked vehicle,Single Vehicle,153.0651687,-27.40943733,David St,,Nundah,Nudgee,No Roadway Feature,No traffic control,0 - 50 km/h,Sealed - Dry,Dawn/Dusk,Straight,Veh'S On Path: Parked,Hit parked vehicle,0,1,0,0,1,3,0,0,0,0,0,0
262105,Medical treatment,2013,18,Angle,Multi-Vehicle,153.047282,-27.388325,Hamilton Rd,Spence Rd,Wavell Heights,Nudgee,Intersection - T-Junction,No traffic control,60 km/h,Sealed - Dry,Dawn/Dusk,Straight,Veh'S Opposite Approach: Thru-Right,Opposing vehicles turning,0,0,1,0,1,1,1,0,0,0,0,0
262106,Medical treatment,2013,12,Angle,Multi-Vehicle,153.062487,-27.439662,Kingsford Smith Dr,Riverview Tce,Hamilton,Clayfield,Intersection - T-Junction,Operating traffic lights,60 km/h,Sealed - Dry,Daylight,Straight,Veh'S Opposite Approach: Right-Left,Opposing vehicles turning,0,0,1,0,1,1,0,1,0,0,0,0
262107,Medical treatment,2013,7,Rear-end,Multi-Vehicle,153.0567497,-27.41751234,Railway Pde,Sandgate Rd,Clayfield,Clayfield,Intersection - Cross,No traffic control,60 km/h,Sealed - Dry,Daylight,Straight,Veh'S Same Direction: Rear End,Rear-end,0,0,2,1,3,3,0,0,0,0,0,0
262137,Hospitalisation,2013,16,Rear-end,Multi-Vehicle,153.0265269,-27.47736157,South East Arterial Rd,,Brisbane City,Brisbane Central,No Roadway Feature,No traffic control,60 km/h,Sealed - Dry,Daylight,Straight,Veh'S Same Direction: Rear End,Rear-end,0,1,0,0,1,2,0,0,0,0,0,0
262138,Hospitalisation,2013,9,Rear-end,Multi-Vehicle,153.012019,-27.4580437,Hale St Off Ramp,Musgrave Rd,Red Hill,Mount Coot-tha,Intersection - Interchange,Operating traffic lights,60 km/h,Sealed - Dry,Daylight,Straight,Veh'S Same Direction: Rear End,Rear-end,0,1,0,0,1,2,0,0,0,0,0,0
262141,Hospitalisation,2013,16,Rear-end,Multi-Vehicle,153.0617979,-27.29606551,Beaconsfield Tce,Prince St,Brighton,Sandgate,Intersection - T-Junction,No traffic control,60 km/h,Sealed - Dry,Daylight,Straight,Veh'S Same Direction: Right Rear,Rear-end,0,1,1,0,2,2,0,0,0,0,0,0
262152,Medical treatment,2013,6,Angle,Multi-Vehicle,153.006102,-27.43475,Enoggera Rd,Terang St,Newmarket,Stafford,Intersection - T-Junction,No traffic control,60 km/h,Sealed - Dry,Daylight,Straight,Veh'S Opposite Approach: Thru-Right,Opposing vehicles turning,0,0,2,0,2,3,0,0,0,0,0,0
262178,Hospitalisation,2013,7,Angle,Multi-Vehicle,153.0308377,-27.45900554,Barry Pde,Gotha St,Fortitude Valley,Brisbane Central,Intersection - Cross,No traffic control,0 - 50 km/h,Sealed - Dry,Daylight,Curved - view open,Veh'S Opposite Approach: Thru-Right,Opposing vehicles turning,0,1,0,1,2,2,0,0,0,0,0,0
262179,Hospitalisation,2013,16,Head-on,Multi-Vehicle,153.0208708,-27.44875764,Aberleigh Rd,Herston Rd,Herston,Brisbane Central,Intersection - T-Junction,No traffic control,60 km/h,Sealed - Dry,Daylight,Straight,Veh'S Opposite Approach: Thru-Right,Opposing vehicles turning,0,1,0,0,1,1,1,0,0,0,0,0
262180,Medical treatment,2013,14,Angle,Multi-Vehicle,153.063642,-27.325494,Barclay St,,Deagon,Sandgate,No Roadway Feature,No traffic control,0 - 50 km/h,Sealed - Dry,Daylight,Straight,Veh'S Same Direction: U-Turn,U-turn,0,0,1,0,1,2,0,0,0,0,0,0
262181,Medical treatment,2013,9,Hit object,Single Vehicle,153.033477,-27.411931,Gympie Arterial Rd,,Kedron,Stafford,No Roadway Feature,No traffic control,60 km/h,Sealed - Dry,Daylight,Curved - view open,Off Path-Curve: Mounts Traffic Island,Off carriageway on curve hit object,0,0,1,0,1,1,0,0,0,0,0,0
262192,Medical treatment,2013,7,Rear-end,Multi-Vehicle,153.0460397,-27.441406,Breakfast Ck Rd,Kingsford Smith Dr,Albion,Clayfield,Intersection - T-Junction,Operating traffic lights,0 - 50 km/h,Sealed - Dry,Daylight,Curved - view open,Veh'S Same Direction: Left Rear,Rear-end,0,0,1,0,1,2,0,0,0,0,0,0
262193,Minor injury,2013,19,Hit object,Single Vehicle,153.076509,-27.373117,Macoma St,,Banyo,Nudgee,No Roadway Feature,No traffic control,0 - 50 km/h,Sealed - Dry,Darkness - Not lighted,Straight,Off Path-Straight:Right Off Cway Hit Obj,Off carriageway on straight hit object,0,0,0,1,1,1,0,0,0,0,0,0
262194,Hospitalisation,2013,13,Rear-end,Multi-Vehicle,153.0975399,-27.36742213,Gateway Arterial Rd,,Nudgee Beach,Nudgee,No Roadway Feature,No traffic control,100 - 110 km/h,Sealed - Dry,Daylight,Straight,Veh'S Same Direction: Rear End,Rear-end,0,1,0,1,2,1,0,1,0,0,0,0
262224,Medical treatment,2013,12,Rear-end,Multi-Vehicle,152.988861,-27.379557,Beckett Rd,Hamilton Rd,Mcdowall,Aspley,Intersection - T-Junction,No traffic control,60 km/h,Sealed - Dry,Daylight,Straight,Veh'S Same Direction: Left Rear,Rear-end,0,0,1,0,1,2,0,0,0,0,0,0
262231,Medical treatment,2013,14,Rear-end,Multi-Vehicle,153.063184,-27.380996,Sandgate Rd,Sandgate Sub-Arterial Rd,Virginia,Nudgee,Intersection - Roundabout,Give way sign,60 km/h,Sealed - Dry,Daylight,Curved - view obscured,Veh'S Same Direction: Right Rear,Rear-end,0,0,1,0,1,2,0,0,0,0,0,0
262232,Minor injury,2013,7,Angle,Multi-Vehicle,152.944826,-27.409785,Annandale St,Avington St,Keperra,Ferny Grove,Intersection - Cross,Give way sign,0 - 50 km/h,Sealed - Dry,Daylight,Straight,Veh'S Adjacent Approach: Thru-Right,Intersection from adjacent approaches,0,0,0,1,1,2,0,0,0,0,0,0
262258,Medical treatment,2013,16,Angle,Multi-Vehicle,152.997497,-27.40198532,Armfield St,Mcadam St,Everton Park,Stafford,Intersection - Cross,Stop sign,60 km/h,Sealed - Dry,Daylight,Straight,Veh'S Adjacent Approach: Right-Thru,Intersection from adjacent approaches,0,0,1,1,2,2,0,0,0,0,0,0
262261,Hospitalisation,2013,2,Hit object,Single Vehicle,153.0098413,-27.38275078,Hamilton Rd,,Chermside West,Aspley,No Roadway Feature,No traffic control,60 km/h,Sealed - Dry,Darkness - Lighted,Straight,Off Path-Straight:Right Off Cway Hit Obj,Off carriageway on straight hit object,0,2,0,0,2,1,0,0,0,0,0,0
262266,Hospitalisation,2013,8,Sideswipe,Multi-Vehicle,153.0424801,-27.42252451,Bridge St,Chalk St,Wooloowin,Clayfield,Intersection - T-Junction,Give way sign,0 - 50 km/h,Sealed - Dry,Daylight,Straight,Veh'S Adjacant Approach: Thru-Left,Intersection from adjacent approaches,0,1,0,0,1,1,0,0,0,1,0,0
262267,Hospitalisation,2013,3,Hit parked vehicle,Single Vehicle,153.0016938,-27.43280983,Banks St,,Newmarket,Ashgrove,No Roadway Feature,No traffic control,0 - 50 km/h,Sealed - Dry,Darkness - Lighted,Curved - view open,Off Path-Curve: Off Cway Lt Bend Hit Obj,Off carriageway on curve hit object,0,1,0,0,1,2,0,0,0,0,0,0
262283,Hospitalisation,2013,7,Rear-end,Multi-Vehicle,152.9665329,-27.48710702,Western Arterial Rd,,Taringa,Indooroopilly,No Roadway Feature,No traffic control,80 - 90 km/h,Sealed - Dry,Daylight,Curved - view open,Veh'S Same Direction: Rear End,Rear-end,0,1,0,0,1,4,0,0,0,0,0,0
262285,Hospitalisation,2013,11,Rear-end,Multi-Vehicle,153.0201542,-27.3925187,Rode Rd,,Chermside West,Stafford,No Roadway Feature,No traffic control,60 km/h,Sealed - Dry,Daylight,Straight,Veh'S Same Direction: Rear End,Rear-end,0,1,0,0,1,3,0,0,0,0,0,0
262288,Medical treatment,2013,16,Rear-end,Multi-Vehicle,153.0107811,-27.34107311,Gympie Arterial Rd,,Carseldine,Aspley,No Roadway Feature,No traffic control,0 - 50 km/h,Sealed - Dry,Daylight,Straight,Veh'S Manoeuvring: Other,Other,0,0,1,0,1,2,0,0,0,0,0,0
262317,Medical treatment,2013,11,Hit pedestrian,Hit pedestrian,153.024304,-27.471731,Elizabeth St,George St,Brisbane City,Brisbane Central,Intersection - Cross,Operating traffic lights,0 - 50 km/h,Sealed - Dry,Daylight,Straight,Ped'N: Far Side Vehicle Hit From Left,Pedestrian,0,0,1,0,1,1,0,0,0,0,1,0
262318,Medical treatment,2013,18,Angle,Multi-Vehicle,153.010881,-27.4632373,Caxton St,Hale St On Ramp,Paddington,Mount Coot-tha,Intersection - Interchange,Operating traffic lights,0 - 50 km/h,Sealed - Dry,Darkness - Lighted,Straight,Veh'S Opposite Approach: Thru-Right,Opposing vehicles turning,0,0,1,0,1,2,0,0,0,0,0,0
262319,Hospitalisation,2013,19,Rear-end,Multi-Vehicle,152.9907075,-27.48430682,Jephson St,Maryvale St,Toowong,Mount Coot-tha,Intersection - T-Junction,No traffic control,60 km/h,Sealed - Dry,Darkness - Lighted,Straight,Veh'S Same Direction: Rear End,Rear-end,0,1,0,0,1,3,0,0,0,0,0,0
262320,Hospitalisation,2013,17,Rear-end,Multi-Vehicle,152.9227778,-27.5206063,Moggill Sub-Arterial Rd,Pullenvale Rd,Brookfield,Moggill,Intersection - T-Junction,Operating traffic lights,60 km/h,Sealed - Dry,Darkness - Lighted,Curved - view open,Veh'S Same Direction: Right Rear,Rear-end,0,1,0,0,1,1,0,0,0,1,0,0
262322,Minor injury,2013,8,Rear-end,Multi-Vehicle,153.026698,-27.348265,Beams Rd,,Carseldine,Aspley,No Roadway Feature,No traffic control,60 km/h,Sealed - Dry,Daylight,Straight,Veh'S Same Direction: Rear End,Rear-end,0,0,0,1,1,3,0,0,0,0,0,0