Crash_Ref_Number,Severity,Year,Hour,Crash_Nature,Crash_Type,Longitude,Latitude,Street,Street_Intersecting,Suburb,Loc_State_Electorate,Crash_Roadway_Feature,Crash_Traffic_Control,Crash_Speed_Limit,Crash_Road_Surface_Condition,Crash_Lighting_Condition,Crash_Road_Horiz_Align,Crash_DCA_Description,Crash_DCA_Group_Description,Count_Casualty_Fatality,Count_Casualty_Hospitalised,Count_Casualty_MedicallyTreated,Count_Casualty_MinorInjury,Count_Casualty_Total,Count_Unit_Car,Count_Unit_Motorcycle_Moped,Count_Unit_Truck,Count_Unit_Bus,Count_Unit_Bicycle,Count_Unit_Pedestrian,Count_Unit_Other
262325,Hospitalisation,2013,19,Hit parked vehicle,Single Vehicle,153.0180485,-27.42640968,Days Rd,,Grange,Stafford,No Roadway Feature,No traffic control,60 km/h,Sealed - Dry,Darkness - Lighted,Straight,Veh'S On Path: Parked,Hit parked vehicle,0,1,0,0,1,1,0,0,0,1,0,0
262326,Hospitalisation,2013,19,Hit object,Single Vehicle,153.0062408,-27.43580278,Enoggera Rd,,Newmarket,Ashgrove,No Roadway Feature,No traffic control,60 km/h,Sealed - Dry,Darkness - Lighted,Straight,Off Path-Straight: Left Off Cway Hit Obj,Off carriageway on straight hit object,0,1,1,0,2,1,0,0,0,0,0,0
262348,Minor injury,2013,15,Angle,Multi-Vehicle,153.047999,-27.468591,Brunswick St,Sydney St,New Farm,Brisbane Central,Intersection - Roundabout,Give way sign,0 - 50 km/h,Sealed - Dry,Daylight,Straight,Veh'S Opposite Approach: Thru-Right,Opposing vehicles turning,0,0,0,1,1,1,0,0,0,1,0,0
262349,Hospitalisation,2013,7,Hit parked vehicle,Single Vehicle,153.008572,-27.34534985,Beams Rd,,Carseldine,Aspley,No Roadway Feature,No traffic control,60 km/h,Sealed - Dry,Daylight,Straight,Veh'S On Path: Parked,Hit parked vehicle,0,1,0,0,1,2,0,0,0,0,0,0
262357,Medical treatment,2013,11,Angle,Multi-Vehicle,153.011733,-27.435359,Newmarket Rd,Wilston Rd,Newmarket,Stafford,Intersection - T-Junction,Operating traffic lights,60 km/h,Sealed - Dry,Daylight,Curved - view open,Veh'S Opposite Approach: Thru-Right,Opposing vehicles turning,0,0,1,0,1,2,0,0,0,0,0,0
262382,Hospitalisation,2013,6,Head-on,Multi-Vehicle,152.9905705,-27.47765183,Milton Rd,,Toowong,Mount Coot-tha,No Roadway Feature,No traffic control,60 km/h,Sealed - Dry,Daylight,Straight,Veh'S Opposite Approach: Head On,Head-on,0,1,2,0,3,3,0,0,0,0,0,0
262384,Medical treatment,2013,14,Rear-end,Multi-Vehicle,153.0571033,-27.32637963,Board St,,Deagon,Sandgate,No Roadway Feature,No traffic control,60 km/h,Sealed - Dry,Daylight,Straight,Veh'S Same Direction: Rear End,Rear-end,0,0,2,0,2,1,0,1,0,0,0,0
262385,Medical treatment,2013,15,Sideswipe,Multi-Vehicle,153.038991,-27.3122575,Gateway Arterial Rd,,Bracken Ridge,Sandgate,No Roadway Feature,No traffic control,100 - 110 km/h,Sealed - Dry,Daylight,Straight,Veh'S Same Direction: Lane Change Left,Lane changes,0,0,1,0,1,1,0,1,0,0,0,0
262389,Hospitalisation,2013,9,Rear-end,Multi-Vehicle,153.0590267,-27.39945239,Sandgate Sub-Arterial Rd,,Nundah,Clayfield,No Roadway Feature,No traffic control,60 km/h,Sealed - Dry,Daylight,Straight,Veh'S Same Direction: Rear End,Rear-end,0,1,0,0,1,2,0,0,0,0,0,0
262390,Medical treatment,2013,14,Fall from vehicle,Single Vehicle,152.98847,-27.434915,Stark St,Western Arterial Rd,Ashgrove,Ashgrove,Intersection - T-Junction,No traffic control,60 km/h,Sealed - Dry,Daylight,Straight,Pass & Misc: Fell In/From Vehicle,Other,0,0,1,0,1,0,0,0,0,1,0,0
262414,Hospitalisation,2013,23,Hit pedestrian,Hit pedestrian,153.0354176,-27.45877151,Brunswick St,,Fortitude Valley,Brisbane Central,No Roadway Feature,No traffic control,0 - 50 km/h,Sealed - Dry,Darkness - Lighted,Straight,Ped'N: Near Side Vehicle Hit From Right,Pedestrian,0,1,0,0,1,1,0,0,0,0,1,0
262415,Hospitalisation,2013,18,Rear-end,Multi-Vehicle,153.0299666,-27.44434656,Bowen Bridge Rd,,Bowen Hills,Brisbane Central,No Roadway Feature,No traffic control,60 km/h,Sealed - Dry,Dawn/Dusk,Straight,Veh'S Same Direction: Rear End,Rear-end,0,1,0,0,1,3,0,0,0,0,0,0
262416,Medical treatment,2013,16,Rear-end,Multi-Vehicle,153.034786,-27.310269,Gateway Arterial Rd,,Bracken Ridge,Sandgate,No Roadway Feature,No traffic control,100 - 110 km/h,Sealed - Dry,Daylight,Straight,Veh'S Same Direction: Rear End,Rear-end,0,0,1,0,1,1,0,0,0,0,0,1
262448,Hospitalisation,2013,8,Fall from vehicle,Single Vehicle,152.9825364,-27.46007097,Simpsons Rd,The Drive,Bardon,Mount Coot-tha,Intersection - T-Junction,No traffic control,0 - 50 km/h,Sealed - Wet,Daylight,Curved - view open,Off Path-Curve: Out Of Control On Cway,Out of control on curve,0,1,0,0,1,0,0,0,0,1,0,0
262460,Hospitalisation,2013,5,Head-on,Multi-Vehicle,153.0589678,-27.41239839,East - West Arterial Rd,,Clayfield,Clayfield,No Roadway Feature,No traffic control,60 km/h,Sealed - Dry,Daylight,Straight,Veh'S Opposite Approach: Head On,Head-on,0,1,1,0,2,2,0,0,0,0,0,0
262461,Hospitalisation,2013,15,Hit object,Single Vehicle,153.0119517,-27.43535074,Newmarket Rd,,Newmarket,Stafford,No Roadway Feature,No traffic control,60 km/h,Sealed - Dry,Daylight,Curved - view obscured,Off Path-Curve: Off Cway Rt Bend Hit Obj,Off carriageway on curve hit object,0,1,0,0,1,1,0,0,0,0,0,0
262485,Hospitalisation,2013,14,Rear-end,Multi-Vehicle,152.9958833,-27.47360181,Milton Rd,,Auchenflower,Mount Coot-tha,No Roadway Feature,No traffic control,60 km/h,Sealed - Dry,Daylight,Straight,Veh'S Same Direction: Rear End,Rear-end,0,1,0,0,1,3,0,0,0,0,0,0
262486,Medical treatment,2013,18,Rear-end,Multi-Vehicle,152.947921,-27.5227983,Western Arterial Rd,,Kenmore,Moggill,No Roadway Feature,No traffic control,80 - 90 km/h,Sealed - Dry,Dawn/Dusk,Straight,Veh'S Same Direction: Rear End,Rear-end,0,0,1,1,2,3,0,0,0,0,0,0
262526,Medical treatment,2013,7,Angle,Multi-Vehicle,153.037614,-27.447715,Abbotsford Rd,Montpelier Rd,Bowen Hills,Brisbane Central,Intersection - Cross,Operating traffic lights,60 km/h,Sealed - Dry,Daylight,Straight,Veh'S Opposite Approach: Thru-Right,Opposing vehicles turning,0,0,1,0,1,2,0,0,0,0,0,0
262527,Hospitalisation,2013,11,Hit pedestrian,Hit pedestrian,152.8981353,-27.5385125,Moggill Sub-Arterial Rd,,Pinjarra Hills,Moggill,No Roadway Feature,No traffic control,70 km/h,Sealed - Dry,Daylight,Straight,Ped'N: Hit While Boarding/Alighting,Pedestrian,0,1,0,0,1,1,0,0,0,0,1,0
262530,Hospitalisation,2013,19,Hit object,Single Vehicle,152.9814846,-27.37043704,Galaxy St,,Bridgeman Downs,Aspley,No Roadway Feature,No traffic control,0 - 50 km/h,Sealed - Dry,Darkness - Lighted,Curved - view open,Off Path-Curve: Off Cway Rt Bend Hit Obj,Off carriageway on curve hit object,0,1,0,0,1,1,0,0,0,0,0,0
262541,Medical treatment,2013,11,Rear-end,Multi-Vehicle,153.059693,-27.408825,Sandgate Rd,Sandgate Sub-Arterial Rd,Nundah,Nudgee,No Roadway Feature,Operating traffic lights,60 km/h,Sealed - Dry,Daylight,Straight,Veh'S Same Direction: Rear End,Rear-end,0,0,1,0,1,2,0,0,0,0,0,0
262542,Minor injury,2013,17,Angle,Multi-Vehicle,152.946563,-27.414001,Cobalt St,Samford Sub-Arterial Rd,Keperra,Ferny Grove,Intersection - T-Junction,No traffic control,60 km/h,Sealed - Dry,Daylight,Straight,Veh'S Opposite Approach: Thru-Right,Opposing vehicles turning,0,0,0,1,1,0,0,0,1,1,0,0
262559,Minor injury,2013,18,Rear-end,Multi-Vehicle,152.989487,-27.447398,Bryant St,Western Arterial Rd,Ashgrove,Ashgrove,No Roadway Feature,No traffic control,60 km/h,Sealed - Dry,Dawn/Dusk,Straight,Veh'S Same Direction: Right Rear,Rear-end,0,0,0,2,2,2,0,0,0,0,0,0
262561,Medical treatment,2013,11,Hit object,Single Vehicle,153.026115,-27.467615,Adelaide St,,Brisbane City,Brisbane Central,No Roadway Feature,No traffic control,0 - 50 km/h,Sealed - Dry,Daylight,Straight,Ped'N: Hit Other,Other,0,0,2,0,2,0,0,0,1,0,2,0
262562,Medical treatment,2013,20,Angle,Multi-Vehicle,153.018414,-27.46829,Herschel St,North Quay,Brisbane City,Brisbane Central,Intersection - Interchange,Operating traffic lights,0 - 50 km/h,Sealed - Dry,Darkness - Lighted,Straight,Veh'S Adjacent Approach: Thru-Thru,Intersection from adjacent approaches,0,0,1,0,1,2,0,0,0,0,0,0
262564,Hospitalisation,2013,10,Angle,Multi-Vehicle,153.0334516,-27.45371452,Constance St,,Fortitude Valley,Brisbane Central,No Roadway Feature,No traffic control,0 - 50 km/h,Sealed - Dry,Daylight,Straight,Veh'S Same Direction: Right Turn S/Swipe,Parallel lanes turning,0,1,0,0,1,2,0,0,0,0,0,0
262565,Minor injury,2013,9,Rear-end,Multi-Vehicle,153.0375477,-27.46133567,Malt St,,Fortitude Valley,Brisbane Central,No Roadway Feature,No traffic control,0 - 50 km/h,Sealed - Dry,Daylight,Straight,Veh'S Manoeuvring: Leaving Driveway,Vehicle leaving driveway,0,0,0,1,1,2,0,0,0,0,0,0
262568,Hospitalisation,2013,19,Rear-end,Multi-Vehicle,153.0459402,-27.31068259,Gateway Art Rd Ramp F,Gateway Arterial Rd,Bracken Ridge,Sandgate,Intersection - Interchange,No traffic control,80 - 90 km/h,Sealed - Dry,Darkness - Lighted,Straight,Veh'S Same Direction: Rear End,Rear-end,0,1,0,0,1,2,0,0,0,0,0,0
262569,Hospitalisation,2013,14,Rear-end,Multi-Vehicle,153.0495942,-27.31879155,Gateway Arterial Rd,,Sandgate,Sandgate,No Roadway Feature,No traffic control,100 - 110 km/h,Sealed - Dry,Daylight,Straight,Veh'S Same Direction: Rear End,Rear-end,0,2,2,0,4,5,0,0,0,0,0,0
262570,Medical treatment,2013,18,Hit parked vehicle,Single Vehicle,153.025484,-27.417256,Beaconsfield Tce,,Gordon Park,Stafford,No Roadway Feature,No traffic control,0 - 50 km/h,Sealed - Dry,Darkness - Lighted,Straight,Veh'S On Path: Parked,Hit parked vehicle,0,0,1,0,1,2,0,0,0,0,0,0
262580,Hospitalisation,2013,21,Rear-end,Multi-Vehicle,153.0691884,-27.3879433,Northgate Rd,Toombul Rd,Northgate,Nudgee,Intersection - T-Junction,No traffic control,60 km/h,Sealed - Dry,Darkness - Lighted,Curved - view open,Veh'S Same Direction: Left Rear,Rear-end,0,1,0,0,1,2,0,0,0,0,0,0
262594,Medical treatment,2013,7,Rear-end,Multi-Vehicle,153.039342,-27.454092,Ann St,,Fortitude Valley,Brisbane Central,No Roadway Feature,No traffic control,0 - 50 km/h,Sealed - Dry,Daylight,Straight,Veh'S Same Direction: Rear End,Rear-end,0,0,2,0,2,1,0,1,0,0,0,0
262595,Medical treatment,2013,7,Rear-end,Multi-Vehicle,152.970672,-27.497875,Moggill Rd,,Indooroopilly,Indooroopilly,No Roadway Feature,No traffic control,60 km/h,Sealed - Dry,Daylight,Straight,Veh'S Same Direction: Rear End,Rear-end,0,0,1,0,1,3,0,0,0,0,0,0
262597,Medical treatment,2013,7,Angle,Multi-Vehicle,153.067775,-27.311089,Flinders Pde,Ninth Ave,Sandgate,Sandgate,Intersection - Roundabout,Give way sign,0 - 50 km/h,Sealed - Dry,Daylight,Curved - view open,Veh'S Adjacent Approach: Right-Thru,Intersection from adjacent approaches,0,0,1,0,1,1,0,0,0,1,0,0
262605,Medical treatment,2013,12,Rear-end,Multi-Vehicle,153.042458,-27.431532,Sandgate Rd,,Albion,Clayfield,No Roadway Feature,No traffic control,60 km/h,Sealed - Dry,Daylight,Straight,Veh'S Same Direction: Rear End,Rear-end,0,0,1,0,1,2,0,0,0,0,0,0
262629,Hospitalisation,2013,22,Hit object,Single Vehicle,152.9711794,-27.4484181,Waterworks Rd,,Ashgrove,Ashgrove,No Roadway Feature,No traffic control,60 km/h,Sealed - Dry,Darkness - Lighted,Curved - view open,Off Path-Curve: Off Cway Lt Bend Hit Obj,Off carriageway on curve hit object,0,1,0,0,1,1,0,0,0,0,0,0
262630,Medical treatment,2013,10,Fall from vehicle,Single Vehicle,153.019833,-27.46929701,North Quay,,Brisbane City,Brisbane Central,No Roadway Feature,No traffic control,0 - 50 km/h,Sealed - Dry,Daylight,Straight,Veh'S Same Direction: Lane Change Right,Lane changes,0,0,1,0,1,1,1,0,0,0,0,0
262632,Hospitalisation,2013,12,Angle,Multi-Vehicle,152.9939185,-27.48483679,Archer St,Coronation Dr,Toowong,Mount Coot-tha,Intersection - T-Junction,No traffic control,0 - 50 km/h,Sealed - Dry,Daylight,Straight,Veh'S Manoeuvring: Entering From Footway,Vehicle leaving driveway,0,1,0,0,1,1,0,0,0,1,0,0
262634,Medical treatment,2013,1,Rear-end,Multi-Vehicle,153.017253,-27.362325,Gympie Arterial Rd,,Aspley,Aspley,No Roadway Feature,No traffic control,70 km/h,Sealed - Dry,Daylight,Straight,Veh'S Same Direction: Rear End,Rear-end,0,0,1,0,1,1,0,1,0,0,0,0
262635,Medical treatment,2013,15,Rear-end,Multi-Vehicle,153.022886,-27.373403,Gympie Arterial Rd,Webster Rd,Aspley,Aspley,Intersection - Cross,Operating traffic lights,70 km/h,Sealed - Dry,Daylight,Straight,Veh'S Same Direction: Rear End,Rear-end,0,0,1,0,1,2,0,0,0,0,0,0
262641,Hospitalisation,2013,15,Rear-end,Multi-Vehicle,153.0396821,-27.41852554,Kedron Park Rd,,Wooloowin,Clayfield,No Roadway Feature,No traffic control,60 km/h,Sealed - Dry,Daylight,Straight,Veh'S Same Direction: Rear End,Rear-end,0,1,1,0,2,3,0,0,0,0,0,0
262642,Hospitalisation,2013,15,Hit parked vehicle,Single Vehicle,153.0598767,-27.40177839,Sandgate Rd,,Nundah,Clayfield,No Roadway Feature,No traffic control,60 km/h,Sealed - Dry,Daylight,Straight,Veh'S Manoeuvring: Other,Other,0,1,0,0,1,1,0,0,0,1,0,0
262643,Medical treatment,2013,16,Angle,Multi-Vehicle,152.999888,-27.422979,Railway St,South Pine Rd,Alderley,Stafford,No Roadway Feature,No traffic control,60 km/h,Sealed - Dry,Daylight,Straight,Veh'S Same Direction: Right Turn S/Swipe,Parallel lanes turning,0,0,1,0,1,2,0,0,0,0,0,0
262664,Hospitalisation,2013,16,Rear-end,Multi-Vehicle,153.0239479,-27.4741876,South East Arterial Rd,,Brisbane City,Brisbane Central,No Roadway Feature,No traffic control,60 km/h,Sealed - Dry,Daylight,Straight,Veh'S Same Direction: Rear End,Rear-end,0,1,0,0,1,1,0,1,0,0,0,0
262665,Medical treatment,2013,7,Rear-end,Multi-Vehicle,153.037834,-27.453423,Brookes St,Wickham St,Fortitude Valley,Brisbane Central,Intersection - Cross,Operating traffic lights,60 km/h,Sealed - Dry,Daylight,Straight,Veh'S Same Direction: Rear End,Rear-end,0,0,1,0,1,2,0,0,0,0,0,0
262666,Hospitalisation,2013,3,Hit object,Single Vehicle,152.9544593,-27.51441106,Fig Tree Pocket Rd,,Chapel Hill,Moggill,No Roadway Feature,No traffic control,60 km/h,Sealed - Dry,Darkness - Lighted,Curved - view obscured,Off Path-Curve: Out Of Control On Cway,Out of control on curve,0,1,0,0,1,1,0,0,0,0,0,0
262667,Minor injury,2013,12,Sideswipe,Multi-Vehicle,152.992686,-27.486036,High St,,Toowong,Mount Coot-tha,Intersection - T-Junction,No traffic control,60 km/h,Sealed - Dry,Daylight,Curved - view open,Veh'S Same Direction: Lane Change Left,Lane changes,0,0,0,1,1,1,1,0,0,0,0,0
262670,Hospitalisation,2013,21,Hit pedestrian,Hit pedestrian,153.0321237,-27.34788768,Carselgrove Ave,,Fitzgibbon,Sandgate,No Roadway Feature,No traffic control,0 - 50 km/h,Sealed - Dry,Darkness - Lighted,Curved - view obscured,Ped'N: Far Side Vehicle Hit From Left,Pedestrian,0,1,0,0,1,1,0,0,0,0,1,0
262671,Hospitalisation,2013,15,Rear-end,Multi-Vehicle,153.015752,-27.35487682,Gympie Arterial Rd,,Carseldine,Aspley,No Roadway Feature,No traffic control,60 km/h,Sealed - Dry,Daylight,Straight,Veh'S Same Direction: Rear End,Rear-end,0,1,0,0,1,4,0,0,0,0,0,0
262672,Hospitalisation,2013,18,Rear-end,Multi-Vehicle,153.0771491,-27.34688633,Gateway Arterial Rd,,Boondall,Nudgee,No Roadway Feature,No traffic control,100 - 110 km/h,Sealed - Dry,Dawn/Dusk,Straight,Veh'S Same Direction: Rear End,Rear-end,0,1,0,0,1,2,0,0,0,0,0,0
262673,Medical treatment,2013,19,Sideswipe,Multi-Vehicle,153.0571737,-27.33729366,Gateway Arterial Rd,,Boondall,Nudgee,No Roadway Feature,No traffic control,100 - 110 km/h,Sealed - Dry,Darkness - Lighted,Straight,Veh'S Same Direction: Lane Change Left,Lane changes,0,0,1,0,1,1,0,1,0,0,0,0
262681,Hospitalisation,2013,1,Hit object,Single Vehicle,153.0704329,-27.43992926,Remora Rd,,Hamilton,Clayfield,No Roadway Feature,No traffic control,60 km/h,Sealed - Dry,Darkness - Lighted,Curved - view open,Off Path-Curve: Off Cway Rt Bend Hit Obj,Off carriageway on curve hit object,0,1,0,0,1,1,0,0,0,0,0,0
262682,Medical treatment,2013,11,Angle,Multi-Vehicle,153.03631,-27.415173,East - West Arterial Rd,Kedron Park Rd,Kedron,Clayfield,Intersection - Cross,Operating traffic lights,60 km/h,Sealed - Dry,Daylight,Straight,Veh'S Opposite Approach: Other,Other,0,0,1,0,1,1,0,1,0,0,0,0
262683,Hospitalisation,2013,11,Rear-end,Multi-Vehicle,153.0630055,-27.38193137,Sandgate Sub-Art Rd On Ramp,Sandgate Sub-Arterial Rd,Virginia,Nudgee,Intersection - Interchange,Give way sign,60 km/h,Sealed - Dry,Daylight,Curved - view open,Veh'S Same Direction: Rear End,Rear-end,0,1,0,0,1,2,0,0,0,0,0,0
262712,Medical treatment,2013,16,Fall from vehicle,Single Vehicle,152.995898,-27.466067,Baroona Rd,Bass St,Paddington,Mount Coot-tha,Intersection - T-Junction,Give way sign,0 - 50 km/h,Sealed - Dry,Daylight,Straight,Off Path-Straight: Left Turn,Off carriageway on straight,0,0,1,0,1,0,1,0,0,0,0,0
262716,Hospitalisation,2013,0,Hit object,Single Vehicle,153.0785683,-27.39269321,Nudgee Rd,,Northgate,Nudgee,No Roadway Feature,No traffic control,60 km/h,Sealed - Dry,Darkness - Lighted,Straight,Off Path-Straight:Right Off Cway Hit Obj,Off carriageway on straight hit object,0,1,0,0,1,1,0,0,0,0,0,0
262738,Medical treatment,2013,17,Angle,Multi-Vehicle,152.937721,-27.518699,Kenmore Rd,,Kenmore,Moggill,No Roadway Feature,No traffic control,0 - 50 km/h,Sealed - Dry,Dawn/Dusk,Curved - view open,Veh'S Same Direction: Right Turn S/Swipe,Parallel lanes turning,0,0,1,0,1,2,0,0,0,0,0,0
262744,Medical treatment,2013,12,Rear-end,Multi-Vehicle,153.0462481,-27.35116606,Beams Rd,Church Rd,Taigum,Sandgate,Intersection - Cross,Operating traffic lights,60 km/h,Sealed - Dry,Daylight,Straight,Veh'S Same Direction: Left Rear,Rear-end,0,0,1,0,1,2,0,0,0,0,0,0
262759,Medical treatment,2013,13,Angle,Multi-Vehicle,152.978434,-27.454506,Coolibah St,Dawn St,Bardon,Mount Coot-tha,Intersection - Cross,Give way sign,0 - 50 km/h,Sealed - Dry,Daylight,Curved - view obscured,Veh'S Adjacent Approach: Thru-Thru,Intersection from adjacent approaches,0,0,1,0,1,1,1,0,0,0,0,0
262765,Hospitalisation,2013,10,Angle,Multi-Vehicle,153.0270445,-27.43746259,Green Tce,Newmarket Rd,Windsor,Brisbane Central,Intersection - Cross,Operating traffic lights,60 km/h,Sealed - Dry,Daylight,Straight,Veh'S Adjacent Approach: Thru-Thru,Intersection from adjacent approaches,0,1,0,1,2,2,0,0,0,0,0,0
262767,Minor injury,2013,12,Hit object,Single Vehicle,152.989573,-27.42215,Cairo St,Samford Sub-Arterial Rd,Enoggera,Ashgrove,Intersection - T-Junction,No traffic control,0 - 50 km/h,Sealed - Dry,Daylight,Straight,Veh'S Opposite Approach: Thru-Right,Opposing vehicles turning,0,0,0,1,1,2,0,0,0,0,0,0
262790,Medical treatment,2013,16,Rear-end,Multi-Vehicle,153.024855,-27.475213,South East Arterial Rd,,Brisbane City,Brisbane Central,No Roadway Feature,No traffic control,70 km/h,Sealed - Dry,Daylight,Straight,Veh'S Same Direction: Rear End,Rear-end,0,0,1,0,1,1,1,0,0,0,0,0
262794,Hospitalisation,2013,15,Angle,Multi-Vehicle,153.0432386,-27.35461659,Battersby St,Maher St,Zillmere,Nudgee,Intersection - Cross,Give way sign,0 - 50 km/h,Sealed - Dry,Daylight,Straight,Veh'S Adjacent Approach: Thru-Thru,Intersection from adjacent approaches,0,2,0,0,2,2,0,0,0,0,0,0
262795,Hospitalisation,2013,15,Rear-end,Multi-Vehicle,153.0685951,-27.3375834,Gateway Arterial Rd,,Boondall,Nudgee,No Roadway Feature,No traffic control,100 - 110 km/h,Sealed - Dry,Daylight,Straight,Veh'S Same Direction: Rear End,Rear-end,0,1,0,1,2,3,0,0,0,0,0,0
262803,Medical treatment,2013,3,Hit parked vehicle,Single Vehicle,153.02684,-27.438644,Green Tce,,Windsor,Brisbane Central,No Roadway Feature,No traffic control,0 - 50 km/h,Sealed - Dry,Darkness - Lighted,Straight,Veh'S On Path: Parked,Hit parked vehicle,0,0,1,0,1,3,0,0,0,0,0,0
262805,Minor injury,2013,16,Rear-end,Multi-Vehicle,153.007166,-27.438631,Enoggera Rd,,Newmarket,Mount Coot-tha,No Roadway Feature,No traffic control,60 km/h,Sealed - Dry,Daylight,Curved - view open,Veh'S Same Direction: Rear End,Rear-end,0,0,0,2,2,2,0,0,0,0,0,0
262830,Medical treatment,2013,7,Hit pedestrian,Hit pedestrian,153.028078,-27.459624,Gloucester St,St Pauls Tce,Spring Hill,Brisbane Central,No Roadway Feature,No traffic control,60 km/h,Sealed - Dry,Daylight,Straight,Ped'N: Near Side Vehicle Hit From Right,Pedestrian,0,0,1,0,1,1,0,0,0,0,1,0
262831,Hospitalisation,2013,8,Angle,Multi-Vehicle,153.0355906,-27.4553535,Constance St,Wickham St,Fortitude Valley,Brisbane Central,Intersection - Cross,Operating traffic lights,60 km/h,Sealed - Dry,Daylight,Straight,Veh'S Adjacent Approach: Thru-Thru,Intersection from adjacent approaches,0,1,0,0,1,1,1,0,0,0,0,0
262842,Medical treatment,2013,12,Angle,Multi-Vehicle,153.070198,-27.389233,Toombul Rd,,Northgate,Nudgee,Intersection - Cross,Operating traffic lights,60 km/h,Sealed - Dry,Daylight,Straight,Veh'S Adjacent Approach: Thru-Right,Intersection from adjacent approaches,0,0,1,0,1,2,0,0,0,0,0,0
262874,Medical treatment,2013,16,Rear-end,Multi-Vehicle,153.021765,-27.47146636,South East Arterial Rd,,Brisbane City,Brisbane Central,No Roadway Feature,No traffic control,80 - 90 km/h,Sealed - Dry,Daylight,Straight,Veh'S Same Direction: Rear End,Rear-end,0,0,1,0,1,2,0,0,0,0,0,0
262881,Medical treatment,2013,8,Rear-end,Multi-Vehicle,153.037802,-27.386926,Hamilton Rd,,Chermside,Nudgee,No Roadway Feature,No traffic control,60 km/h,Sealed - Dry,Daylight,Straight,Veh'S Same Direction: Rear End,Rear-end,0,0,2,0,2,2,0,0,0,0,0,0
262893,Hospitalisation,2013,11,Sideswipe,Multi-Vehicle,153.071662,-27.386104,Earnshaw Rd,,Northgate,Nudgee,No Roadway Feature,No traffic control,60 km/h,Sealed - Dry,Daylight,Straight,Veh'S Overtaking: Head On,Head-on,0,1,0,0,1,2,0,0,0,0,0,0
262894,Hospitalisation,2013,15,Angle,Multi-Vehicle,153.031841,-27.43078,Harris St,Lutwyche Rd,Windsor,Brisbane Central,Intersection - T-Junction,Give way sign,60 km/h,Sealed - Dry,Daylight,Straight,Veh'S Adjacent Approach: Thru-Right,Intersection from adjacent approaches,0,1,0,0,1,2,0,0,0,0,0,0
262923,Hospitalisation,2013,15,Rear-end,Multi-Vehicle,153.0387944,-27.4441865,Folkestone St,,Bowen Hills,Brisbane Central,No Roadway Feature,No traffic control,60 km/h,Sealed - Dry,Daylight,Straight,Veh'S Same Direction: Right Rear,Rear-end,0,3,1,0,4,4,0,0,0,0,0,0
262928,Hospitalisation,2013,9,Angle,Multi-Vehicle,153.015834,-27.35525682,Graham Rd,Gympie Arterial Rd,Carseldine,Aspley,Intersection - Cross,Operating traffic lights,70 km/h,Sealed - Dry,Daylight,Straight,Veh'S Opposite Approach: Thru-Right,Opposing vehicles turning,0,1,1,0,2,2,0,0,0,0,0,0
262929,Medical treatment,2013,15,Rear-end,Multi-Vehicle,153.076945,-27.345796,Gateway Arterial Rd,,Boondall,Nudgee,No Roadway Feature,No traffic control,80 - 90 km/h,Sealed - Dry,Daylight,Straight,Veh'S Same Direction: Rear End,Rear-end,0,0,1,0,1,2,0,0,0,0,0,0
262963,Hospitalisation,2013,23,Hit object,Single Vehicle,153.004435,-27.45252679,Enoggera Tce,Musgrave Rd,Red Hill,Mount Coot-tha,Intersection - Cross,Operating traffic lights,60 km/h,Sealed - Dry,Darkness - Lighted,Curved - view open,Off Path-Curve: Mounts Traffic Island,Off carriageway on curve hit object,0,1,0,0,1,1,0,0,0,0,0,0
262964,Medical treatment,2013,21,Angle,Multi-Vehicle,153.03211,-27.456811,Alfred St,Esther St,Fortitude Valley,Brisbane Central,No Roadway Feature,No traffic control,0 - 50 km/h,Sealed - Dry,Darkness - Lighted,Straight,Veh'S Manoeuvring: Other,Other,0,0,1,0,1,2,0,0,0,0,0,0
262965,Medical treatment,2013,14,Rear-end,Multi-Vehicle,153.029579,-27.446014,Bowen Bridge Rd,Butterfield St,Herston,Brisbane Central,Intersection - T-Junction,Operating traffic lights,60 km/h,Sealed - Dry,Daylight,Straight,Veh'S Same Direction: Rear End,Rear-end,0,0,1,1,2,2,0,0,0,0,0,0
262969,Medical treatment,2013,12,Angle,Multi-Vehicle,153.044471,-27.360373,Church Rd,Zillmere Rd,Zillmere,Nudgee,Intersection - T-Junction,Operating traffic lights,60 km/h,Sealed - Dry,Daylight,Straight,Veh'S Opposite Approach: Thru-Right,Opposing vehicles turning,0,0,2,0,2,2,0,0,0,0,0,0
262974,Medical treatment,2013,13,Angle,Multi-Vehicle,153.002759,-27.420584,Raymont Rd,Royal Pde,Alderley,Stafford,Intersection - Cross,Give way sign,60 km/h,Sealed - Dry,Daylight,Straight,Veh'S Adjacent Approach: Thru-Thru,Intersection from adjacent approaches,0,0,1,0,1,2,0,0,0,0,0,0
262989,Minor injury,2013,14,Head-on,Multi-Vehicle,153.029545,-27.464934,Adelaide St,Wharf St,Brisbane City,Brisbane Central,Intersection - Cross,Operating traffic lights,0 - 50 km/h,Sealed - Dry,Daylight,Straight,Veh'S Opposite Approach: Thru-Right,Opposing vehicles turning,0,0,0,3,3,2,0,0,0,0,0,0