Crash_Ref_Number,Severity,Year,Hour,Crash_Nature,Crash_Type,Longitude,Latitude,Street,Street_Intersecting,Suburb,Loc_State_Electorate,Crash_Roadway_Feature,Crash_Traffic_Control,Crash_Speed_Limit,Crash_Road_Surface_Condition,Crash_Lighting_Condition,Crash_Road_Horiz_Align,Crash_DCA_Description,Crash_DCA_Group_Description,Count_Casualty_Fatality,Count_Casualty_Hospitalised,Count_Casualty_MedicallyTreated,Count_Casualty_MinorInjury,Count_Casualty_Total,Count_Unit_Car,Count_Unit_Motorcycle_Moped,Count_Unit_Truck,Count_Unit_Bus,Count_Unit_Bicycle,Count_Unit_Pedestrian,Count_Unit_Other
262998,Hospitalisation,2013,18,Angle,Multi-Vehicle,153.0681755,-27.3955983,Melton Rd,,Northgate,Nudgee,No Roadway Feature,No traffic control,60 km/h,Sealed - Dry,Dawn/Dusk,Straight,Veh'S Opposite Approach: Thru-Right,Opposing vehicles turning,0,1,2,0,3,2,0,0,0,0,0,0
262999,Minor injury,2013,18,Rear-end,Multi-Vehicle,153.114968,-27.384429,Moreton Dr,,Brisbane Airport,Clayfield,No Roadway Feature,No traffic control,60 km/h,Sealed - Dry,Darkness - Lighted,Straight,Veh'S Same Direction: Rear End,Rear-end,0,0,0,1,1,3,0,0,0,0,0,0
263018,Hospitalisation,2013,14,Rear-end,Multi-Vehicle,153.0688081,-27.3376094,Gateway Arterial Rd,,Boondall,Nudgee,No Roadway Feature,No traffic control,100 - 110 km/h,Sealed - Dry,Daylight,Straight,Veh'S Same Direction: Rear End,Rear-end,0,1,1,0,2,3,0,0,0,0,0,0
263039,Hospitalisation,2013,22,Hit object,Single Vehicle,152.921822,-27.43421341,Mount Nebo Rd,,Upper Kedron,Ferny Grove,No Roadway Feature,No traffic control,60 km/h,Sealed - Dry,Darkness - Not lighted,Curved - view open,Off Path-Curve: Off Cway Lt Bend Hit Obj,Off carriageway on curve hit object,0,1,0,0,1,1,0,0,0,0,0,0
263040,Hospitalisation,2013,14,Angle,Multi-Vehicle,153.0084401,-27.46521374,Castlemaine St,,Milton,Mount Coot-tha,No Roadway Feature,No traffic control,0 - 50 km/h,Sealed - Dry,Daylight,Curved - view open,Veh'S Opposite Approach: Thru-Right,Opposing vehicles turning,0,1,0,0,1,1,1,0,0,0,0,0
263041,Minor injury,2013,8,Rear-end,Multi-Vehicle,153.013219,-27.46789,Coronation Dr,,Brisbane City,Brisbane Central,No Roadway Feature,No traffic control,60 km/h,Sealed - Dry,Daylight,Straight,Veh'S Same Direction: Rear End,Rear-end,0,0,0,1,1,2,0,0,0,0,0,0
263044,Medical treatment,2013,9,Rear-end,Multi-Vehicle,153.008646,-27.326273,Gympie Rd,,Bald Hills,Aspley,No Roadway Feature,No traffic control,0 - 50 km/h,Sealed - Dry,Daylight,Curved - view open,Veh'S Same Direction: Rear End,Rear-end,0,0,1,0,1,1,1,0,0,0,0,0
263047,Hospitalisation,2013,17,Angle,Multi-Vehicle,153.0139729,-27.34622482,Beams Rd,Lacey Rd,Carseldine,Aspley,Intersection - T-Junction,Stop sign,60 km/h,Sealed - Dry,Daylight,Straight,Veh'S Adjacent Approach: Thru-Right,Intersection from adjacent approaches,0,1,0,0,1,2,0,0,0,0,0,0
263048,Hospitalisation,2013,17,Hit object,Single Vehicle,153.0373646,-27.34984565,Beams Rd,,Taigum,Sandgate,No Roadway Feature,No traffic control,60 km/h,Sealed - Dry,Daylight,Straight,Off Path-Straight: Left Off Cway Hit Obj,Off carriageway on straight hit object,0,1,0,0,1,1,0,0,0,0,0,0
263059,Minor injury,2013,19,Angle,Multi-Vehicle,153.053411,-27.385447,Bilsen Rd,Goss Rd,Wavell Heights,Nudgee,Intersection - T-Junction,Give way sign,0 - 50 km/h,Sealed - Dry,Darkness - Lighted,Straight,Veh'S Adjacant Approach: Thru-Left,Intersection from adjacent approaches,0,0,0,1,1,1,0,0,0,1,0,0
263077,Hospitalisation,2013,9,Hit pedestrian,Hit pedestrian,153.0235439,-27.46959361,Adelaide St,,Brisbane City,Brisbane Central,No Roadway Feature,No traffic control,0 - 50 km/h,Sealed - Dry,Daylight,Straight,Ped'N: Play; Work; Stand; Lie On C'Way,Pedestrian,0,1,1,0,2,0,0,0,0,1,1,0
263078,Medical treatment,2013,6,Rear-end,Multi-Vehicle,153.006517,-27.390431,Rode Rd,,Chermside West,Stafford,No Roadway Feature,No traffic control,60 km/h,Sealed - Dry,Daylight,Straight,Veh'S Same Direction: Rear End,Rear-end,0,0,1,1,2,2,0,0,0,0,0,0
263120,Medical treatment,2013,17,Rear-end,Multi-Vehicle,152.995254,-27.445522,Waterworks Rd,,Ashgrove,Ashgrove,No Roadway Feature,No traffic control,60 km/h,Sealed - Dry,Daylight,Straight,Veh'S Same Direction: Rear End,Rear-end,0,0,1,0,1,3,0,0,0,0,0,0
263123,Hospitalisation,2013,17,Rear-end,Multi-Vehicle,153.0287779,-27.48024454,South East Arterial Rd,,Brisbane City,Brisbane Central,Bridge/Causeway,No traffic control,70 km/h,Sealed - Dry,Daylight,Straight,Veh'S Same Direction: Lane Change Left,Lane changes,0,1,0,0,1,2,0,0,0,0,0,0
263130,Hospitalisation,2013,7,Sideswipe,Multi-Vehicle,153.0087605,-27.40502079,Appleby Rd,,Stafford,Stafford,No Roadway Feature,No traffic control,60 km/h,Sealed - Dry,Daylight,Straight,Veh'S Same Direction: Lane Side Swipe,Lane changes,0,1,0,0,1,1,0,0,0,1,0,0
263131,Hospitalisation,2013,8,Rear-end,Multi-Vehicle,153.0000367,-27.41786485,Shand St,,Alderley,Stafford,No Roadway Feature,No traffic control,60 km/h,Sealed - Dry,Daylight,Straight,Veh'S Same Direction: Rear End,Rear-end,0,1,0,0,1,4,0,0,0,0,0,0
263152,Medical treatment,2013,15,Hit pedestrian,Hit pedestrian,153.0074699,-27.44433677,Bancroft St,Kelvin Grove Rd,Kelvin Grove,Mount Coot-tha,Intersection - T-Junction,No traffic control,60 km/h,Sealed - Wet,Daylight,Curved - view obscured,Ped'N: Near Side Vehicle Hit From Right,Pedestrian,0,0,1,0,1,1,0,0,0,0,1,0
263153,Hospitalisation,2013,22,Hit object,Single Vehicle,152.9544033,-27.51453706,Fig Tree Pocket Rd,,Chapel Hill,Moggill,No Roadway Feature,No traffic control,60 km/h,Sealed - Dry,Darkness - Not lighted,Curved - view obscured,Off Path-Curve: Off Cway Rt Bend Hit Obj,Off carriageway on curve hit object,0,1,0,0,1,1,0,0,0,0,0,0
263159,Medical treatment,2013,17,Rear-end,Multi-Vehicle,153.02944,-27.348725,Beams Rd,,Carseldine,Sandgate,Railway Crossing,Railway - lights and boom gate,60 km/h,Sealed - Wet,Daylight,Straight,Veh'S Same Direction: Rear End,Rear-end,0,0,1,0,1,1,0,0,0,0,0,1
263166,Hospitalisation,2013,8,Sideswipe,Multi-Vehicle,153.0107727,-27.42939075,Montpelier St,Wilston Rd,Newmarket,Stafford,Intersection - T-Junction,No traffic control,0 - 50 km/h,Sealed - Wet,Daylight,Straight,Veh'S Same Direction: Lane Side Swipe,Lane changes,0,1,0,0,1,1,1,0,0,0,0,0
263167,Medical treatment,2013,8,Angle,Multi-Vehicle,153.062487,-27.439662,Kingsford Smith Dr,Riverview Tce,Hamilton,Clayfield,Intersection - T-Junction,Operating traffic lights,60 km/h,Sealed - Dry,Daylight,Straight,Veh'S Opposite Approach: Thru-Right,Opposing vehicles turning,0,0,1,0,1,2,0,0,0,0,0,0
263168,Minor injury,2013,15,Sideswipe,Multi-Vehicle,153.0797785,-27.39982365,Gateway Arterial Rd,,Northgate,Clayfield,Intersection - Roundabout,No traffic control,60 km/h,Sealed - Wet,Daylight,Curved - view open,Veh'S Same Direction: Right Turn S/Swipe,Parallel lanes turning,0,0,0,1,1,2,0,0,0,0,0,0
263201,Hospitalisation,2013,13,Hit parked vehicle,Single Vehicle,153.014476,-27.46342169,Petrie Tce,,Petrie Terrace,Mount Coot-tha,No Roadway Feature,No traffic control,60 km/h,Sealed - Dry,Daylight,Straight,Veh'S On Path: Parked,Hit parked vehicle,0,1,0,0,1,4,0,0,0,0,0,0
263202,Hospitalisation,2013,13,Sideswipe,Multi-Vehicle,152.9847025,-27.47844987,Milton Rd,Miskin St,Toowong,Mount Coot-tha,Intersection - Roundabout,Give way sign,60 km/h,Sealed - Dry,Daylight,Straight,Veh'S Same Direction: Lane Change Right,Lane changes,0,1,0,0,1,1,1,0,0,0,0,0
263203,Medical treatment,2013,20,Angle,Multi-Vehicle,152.985126,-27.386096,Beckett Rd,Rode Rd,Mcdowall,Everton,Intersection - Roundabout,Give way sign,60 km/h,Sealed - Dry,Darkness - Lighted,Curved - view open,Veh'S Adjacent Approach: Other,Intersection from adjacent approaches,0,0,1,0,1,1,0,0,0,1,0,0
263209,Minor injury,2013,17,Sideswipe,Multi-Vehicle,153.032003,-27.432681,Grafton St,Lutwyche Rd,Windsor,Brisbane Central,Intersection - Cross,No traffic control,60 km/h,Sealed - Dry,Daylight,Straight,Veh'S Same Direction: Lane Change Right,Lane changes,0,0,0,1,1,2,0,0,0,0,0,0
263224,Hospitalisation,2013,11,Hit object,Single Vehicle,153.0629119,-27.30466949,Brighton Tce,,Brighton,Sandgate,No Roadway Feature,No traffic control,60 km/h,Sealed - Dry,Daylight,Straight,Off Path-Straight: Left Off Cway Hit Obj,Off carriageway on straight hit object,0,1,0,0,1,0,1,0,0,0,0,0
263248,Medical treatment,2013,20,Angle,Multi-Vehicle,153.008916,-27.46737,Castlemaine St,Milton Rd,Milton,Mount Coot-tha,Intersection - T-Junction,Operating traffic lights,60 km/h,Sealed - Dry,Darkness - Lighted,Straight,Veh'S Opposite Approach: Thru-Right,Opposing vehicles turning,0,0,1,0,1,2,0,0,0,0,0,0
263281,Minor injury,2013,11,Head-on,Multi-Vehicle,152.98238,-27.4967563,Adsett St,Burns St,Taringa,Indooroopilly,Intersection - Cross,No traffic control,60 km/h,Sealed - Dry,Daylight,Straight,Veh'S Opposite Approach: Right-Right,Opposing vehicles turning,0,0,0,2,2,2,0,0,0,0,0,0
263282,Hospitalisation,2013,7,Hit object,Single Vehicle,153.0288235,-27.31203371,Bellicent Rd,Norris Rd,Bracken Ridge,Sandgate,Intersection - T-Junction,No traffic control,60 km/h,Sealed - Dry,Daylight,Straight,Off Path-Straight:Right Off Cway Hit Obj,Off carriageway on straight hit object,0,1,0,0,1,1,0,0,0,0,0,0
263283,Medical treatment,2013,7,Rear-end,Multi-Vehicle,153.016885,-27.299747,Gympie Arterial Rd,,Bald Hills,Sandgate,No Roadway Feature,No traffic control,100 - 110 km/h,Sealed - Dry,Daylight,Straight,Veh'S Same Direction: Rear End,Rear-end,0,0,1,0,1,3,0,0,0,0,0,0
263284,Medical treatment,2013,17,Rear-end,Multi-Vehicle,153.030801,-27.393867,Gympie Arterial Rd,,Kedron,Stafford,No Roadway Feature,No traffic control,60 km/h,Sealed - Dry,Daylight,Straight,Veh'S Same Direction: Rear End,Rear-end,0,0,1,0,1,2,0,0,0,0,0,0
263286,Minor injury,2013,14,Rear-end,Multi-Vehicle,153.025269,-27.372712,Ellison Rd,,Aspley,Aspley,No Roadway Feature,No traffic control,60 km/h,Sealed - Dry,Daylight,Straight,Off Path-Straight: Left Off Cway Hit Obj,Off carriageway on straight hit object,0,0,0,1,1,2,0,0,0,0,0,0
263290,Medical treatment,2013,10,Angle,Multi-Vehicle,153.042347,-27.425378,Hudson Rd,,Albion,Clayfield,Intersection - T-Junction,Give way sign,60 km/h,Sealed - Dry,Daylight,Straight,Veh'S Adjacent Approach: Thru-Right,Intersection from adjacent approaches,0,0,1,0,1,2,0,0,0,0,0,0
263291,Medical treatment,2013,6,Rear-end,Multi-Vehicle,152.9863419,-27.39875557,Everton Park - Albany Creek Rd,,Everton Park,Everton,No Roadway Feature,No traffic control,60 km/h,Sealed - Dry,Daylight,Curved - view open,Veh'S Same Direction: Rear End,Rear-end,0,0,1,0,1,2,0,0,0,0,0,0
263319,Minor injury,2013,15,Rear-end,Multi-Vehicle,153.01427,-27.467555,Coronation Dr,,Brisbane City,Brisbane Central,No Roadway Feature,No traffic control,60 km/h,Sealed - Dry,Daylight,Straight,Veh'S Same Direction: Rear End,Rear-end,0,0,0,1,1,1,0,1,0,0,0,0
263322,Medical treatment,2013,15,Hit object,Single Vehicle,152.955871,-27.500748,Burbong St,,Chapel Hill,Moggill,No Roadway Feature,No traffic control,0 - 50 km/h,Sealed - Dry,Daylight,Curved - view open,Off Path-Curve: Off Cway Rt Bend Hit Obj,Off carriageway on curve hit object,0,0,1,0,1,1,0,0,0,0,0,0
263323,Medical treatment,2013,11,Sideswipe,Multi-Vehicle,152.975888,-27.501971,Coonan St,Westminster Rd,Indooroopilly,Indooroopilly,Intersection - Cross,Operating traffic lights,60 km/h,Sealed - Dry,Daylight,Straight,Veh'S Same Direction: Lane Change Left,Lane changes,0,0,2,0,2,2,0,0,0,0,0,0
263325,Minor injury,2013,17,Rear-end,Multi-Vehicle,153.063889,-27.307942,Brighton Tce,Tenth Ave,Sandgate,Sandgate,Intersection - Cross,No traffic control,60 km/h,Sealed - Dry,Daylight,Straight,Veh'S Same Direction: Right Rear,Rear-end,0,0,0,1,1,2,0,0,0,0,0,0
263326,Minor injury,2013,14,Angle,Multi-Vehicle,153.0204817,-27.39256434,Rode Rd,Webster Rd,Chermside,Stafford,Intersection - Cross,Operating traffic lights,70 km/h,Sealed - Dry,Daylight,Straight,Veh'S Opposite Approach: Thru-Right,Opposing vehicles turning,0,0,0,1,1,2,0,0,0,0,0,0
263327,Minor injury,2013,14,Rear-end,Multi-Vehicle,153.030808,-27.394399,Gympie Arterial Rd,,Kedron,Stafford,No Roadway Feature,No traffic control,70 km/h,Sealed - Dry,Daylight,Curved - view open,Veh'S Same Direction: Rear End,Rear-end,0,0,0,1,1,2,0,0,0,0,0,0
263340,Minor injury,2013,4,Rear-end,Multi-Vehicle,153.117895,-27.386632,Stradbroke Wy,,Brisbane Airport,Clayfield,No Roadway Feature,No traffic control,0 - 50 km/h,Sealed - Dry,Dawn/Dusk,Straight,Veh'S Same Direction: Rear End,Rear-end,0,0,0,1,1,2,0,0,0,0,0,0
263363,Hospitalisation,2013,9,Hit pedestrian,Hit pedestrian,153.0293308,-27.46509555,Adelaide St,,Brisbane City,Brisbane Central,No Roadway Feature,No traffic control,0 - 50 km/h,Sealed - Dry,Daylight,Straight,Ped'N: Play; Work; Stand; Lie On C'Way,Pedestrian,0,1,0,0,1,1,0,0,0,0,1,0
263364,Hospitalisation,2013,8,Rear-end,Multi-Vehicle,152.9371025,-27.5140542,Crestview St,Kenmore Rd,Kenmore,Moggill,Intersection - T-Junction,No traffic control,60 km/h,Sealed - Dry,Daylight,Straight,Veh'S Same Direction: Rear End,Rear-end,0,2,0,0,2,3,0,0,0,0,0,0
263365,Medical treatment,2013,16,Rear-end,Multi-Vehicle,152.994025,-27.475094,Milton Rd,,Auchenflower,Mount Coot-tha,No Roadway Feature,No traffic control,60 km/h,Sealed - Dry,Daylight,Straight,Veh'S Same Direction: Rear End,Rear-end,0,0,1,0,1,2,0,0,0,0,0,0
263369,Hospitalisation,2013,6,Angle,Multi-Vehicle,153.0270885,-27.4375116,Cox Rd,Newmarket Rd,Windsor,Brisbane Central,Intersection - Cross,Operating traffic lights,60 km/h,Sealed - Dry,Daylight,Straight,Veh'S Opposite Approach: Thru-Right,Opposing vehicles turning,0,1,0,0,1,2,0,0,0,0,0,0
263370,Medical treatment,2013,6,Fall from vehicle,Single Vehicle,152.992046,-27.419123,Western Art Rd On/Off Ramp,,Enoggera,Ashgrove,Intersection - Interchange,No traffic control,60 km/h,Sealed - Dry,Daylight,Straight,Off Path-Straight:Out Of Control On Cway,Out of control on straight,0,0,1,0,1,1,1,0,0,0,0,0
263379,Medical treatment,2013,15,Sideswipe,Multi-Vehicle,152.9870634,-27.45808967,Western Arterial Rd,,Bardon,Mount Coot-tha,No Roadway Feature,No traffic control,0 - 50 km/h,Sealed - Dry,Daylight,Straight,Veh'S Same Direction: Lane Change Left,Lane changes,0,0,1,0,1,2,0,0,0,0,0,0
263382,Medical treatment,2013,8,Rear-end,Multi-Vehicle,152.978798,-27.478188,Western Arterial Rd,,Mount Coot-tha,Mount Coot-tha,No Roadway Feature,No traffic control,80 - 90 km/h,Sealed - Dry,Daylight,Straight,Veh'S Same Direction: Rear End,Rear-end,0,0,1,0,1,2,0,0,0,0,0,0
263383,Hospitalisation,2013,6,Rear-end,Multi-Vehicle,153.0355694,-27.31235266,Bracken Ridge Rd,,Bracken Ridge,Sandgate,No Roadway Feature,No traffic control,60 km/h,Sealed - Wet,Daylight,Straight,Veh'S Same Direction: Rear End,Rear-end,0,1,0,0,1,1,0,0,0,1,0,0
263390,Medical treatment,2013,16,Rear-end,Multi-Vehicle,153.07377,-27.41896,Nudgee Rd,,Hendra,Clayfield,No Roadway Feature,No traffic control,60 km/h,Sealed - Dry,Daylight,Straight,Veh'S Same Direction: Rear End,Rear-end,0,0,1,0,1,3,0,0,0,0,0,0
263391,Hospitalisation,2013,15,Hit pedestrian,Hit pedestrian,152.9680391,-27.41239709,Turnbull St,,Mitchelton,Ashgrove,No Roadway Feature,No traffic control,60 km/h,Sealed - Dry,Daylight,Straight,Ped'N: Far Side Vehicle Hit From Left,Pedestrian,0,1,0,0,1,1,0,0,0,0,1,0
263402,Hospitalisation,2013,9,Sideswipe,Multi-Vehicle,152.9726713,-27.44804409,Waterworks Rd,,Ashgrove,Ashgrove,No Roadway Feature,No traffic control,60 km/h,Sealed - Dry,Daylight,Curved - view open,Veh'S Same Direction: Lane Change Left,Lane changes,0,1,0,0,1,1,1,0,0,0,0,0
263403,Hospitalisation,2013,19,Sideswipe,Multi-Vehicle,153.011759,-27.4597907,Hale St,,Paddington,Mount Coot-tha,No Roadway Feature,No traffic control,60 km/h,Sealed - Dry,Darkness - Lighted,Curved - view open,Veh'S Same Direction: Lane Change Left,Lane changes,0,1,0,0,1,2,0,0,0,0,0,0
263404,Medical treatment,2013,14,Rear-end,Multi-Vehicle,153.0335155,-27.4540569,St Pauls Tce,,Fortitude Valley,Brisbane Central,No Roadway Feature,No traffic control,60 km/h,Sealed - Dry,Daylight,Straight,Veh'S Same Direction: Rear End,Rear-end,0,0,1,0,1,2,0,0,0,0,0,0
263407,Hospitalisation,2013,4,Hit object,Single Vehicle,153.0492451,-27.29791259,Lascelles St,,Brighton,Sandgate,No Roadway Feature,No traffic control,60 km/h,Sealed - Dry,Darkness - Lighted,Curved - view open,Off Path-Curve: Off Cway Rt Bend Hit Obj,Off carriageway on curve hit object,0,1,0,0,1,1,0,0,0,0,0,0
263416,Minor injury,2013,11,Rear-end,Multi-Vehicle,153.0705909,-27.43748327,Kingsford Smith Dr,,Hamilton,Clayfield,No Roadway Feature,No traffic control,60 km/h,Sealed - Dry,Daylight,Straight,Veh'S Same Direction: Rear End,Rear-end,0,0,0,1,1,5,0,0,0,0,0,0
263441,Minor injury,2013,16,Angle,Multi-Vehicle,153.026525,-27.474008,George St,Margaret St,Brisbane City,Brisbane Central,Intersection - Cross,Operating traffic lights,0 - 50 km/h,Sealed - Dry,Daylight,Straight,Veh'S Adjacent Approach: Thru-Thru,Intersection from adjacent approaches,0,0,0,1,1,2,0,0,0,0,0,0
263443,Medical treatment,2013,14,Angle,Multi-Vehicle,153.042379,-27.446887,Breakfast Ck Rd,Evelyn St,Newstead,Brisbane Central,Intersection - T-Junction,Operating traffic lights,60 km/h,Sealed - Dry,Daylight,Straight,Veh'S Opposite Approach: Thru-Right,Opposing vehicles turning,0,0,1,0,1,2,0,0,0,0,0,0
263467,Hospitalisation,2013,16,Hit object,Single Vehicle,153.0071131,-27.46797674,Milton Rd,,Milton,Mount Coot-tha,No Roadway Feature,No traffic control,0 - 50 km/h,Sealed - Dry,Daylight,Straight,Ped'N: Hit Other,Other,0,1,0,1,2,0,1,0,0,0,1,0
263471,Medical treatment,2013,7,Rear-end,Multi-Vehicle,152.999509,-27.470744,Milton Rd,,Auchenflower,Mount Coot-tha,No Roadway Feature,No traffic control,60 km/h,Sealed - Dry,Daylight,Straight,Veh'S Same Direction: Rear End,Rear-end,0,0,1,0,1,2,0,0,0,0,0,0
263472,Hospitalisation,2013,16,Angle,Multi-Vehicle,152.9876156,-27.48952983,Moggill Rd,,Toowong,Mount Coot-tha,No Roadway Feature,No traffic control,60 km/h,Sealed - Dry,Daylight,Straight,Veh'S Manoeuvring: Other,Other,0,1,0,0,1,0,1,0,0,1,0,0
263473,Hospitalisation,2013,15,Rear-end,Multi-Vehicle,152.9556993,-27.51640405,Western Arterial Rd,,Indooroopilly,Indooroopilly,No Roadway Feature,No traffic control,80 - 90 km/h,Sealed - Dry,Daylight,Straight,Veh'S Same Direction: Rear End,Rear-end,0,2,0,0,2,5,0,0,0,0,0,0
263474,Medical treatment,2013,12,Rear-end,Multi-Vehicle,153.016599,-27.356539,Gympie Arterial Rd,,Aspley,Aspley,No Roadway Feature,No traffic control,70 km/h,Sealed - Dry,Daylight,Straight,Veh'S Same Direction: Rear End,Rear-end,0,0,1,1,2,2,0,0,0,0,0,0
263475,Medical treatment,2013,15,Rear-end,Multi-Vehicle,153.077115,-27.34682,Gateway Arterial Rd,,Boondall,Nudgee,No Roadway Feature,No traffic control,100 - 110 km/h,Sealed - Dry,Daylight,Straight,Veh'S Same Direction: Lane Change Left,Lane changes,0,0,1,0,1,3,0,1,0,0,0,0
263483,Hospitalisation,2013,19,Angle,Multi-Vehicle,153.019004,-27.42654,Days Rd,Kedron Brook Rd,Grange,Stafford,Intersection - Roundabout,Give way sign,0 - 50 km/h,Sealed - Dry,Darkness - Lighted,Straight,Veh'S Adjacent Approach: Right-Thru,Intersection from adjacent approaches,0,1,0,0,1,1,0,0,0,1,0,0
263484,Hospitalisation,2013,7,Angle,Multi-Vehicle,153.0841642,-27.39004318,Nudgee Rd,,Banyo,Nudgee,No Roadway Feature,No traffic control,60 km/h,Sealed - Dry,Daylight,Curved - view open,Veh'S Opposite Approach: Head On,Head-on,0,1,1,0,2,2,0,0,0,0,0,0
263501,Medical treatment,2013,17,Rear-end,Multi-Vehicle,153.0208995,-27.46994779,North Quay,,Brisbane City,Brisbane Central,No Roadway Feature,No traffic control,60 km/h,Sealed - Wet,Darkness - Lighted,Straight,Veh'S Same Direction: Right Rear,Rear-end,0,0,1,0,1,2,0,0,0,0,0,0
263503,Minor injury,2013,8,Rear-end,Multi-Vehicle,152.983365,-27.491377,Beatrice St,Moggill Rd,Taringa,Indooroopilly,Intersection - T-Junction,No traffic control,60 km/h,Sealed - Dry,Daylight,Straight,Veh'S Same Direction: Right Rear,Rear-end,0,0,0,1,1,2,0,0,0,0,0,0
263504,Medical treatment,2013,18,Hit object,Single Vehicle,152.948456,-27.520875,Western Arterial Rd,,Fig Tree Pocket,Moggill,No Roadway Feature,No traffic control,80 - 90 km/h,Sealed - Wet,Darkness - Lighted,Curved - view open,Off Path-Curve: Off Cway Rt Bend Hit Obj,Off carriageway on curve hit object,0,0,1,0,1,1,0,0,0,0,0,0
263508,Hospitalisation,2013,17,Angle,Multi-Vehicle,153.0542004,-27.3437445,Hayman St,Muller Rd,Boondall,Nudgee,Intersection - T-Junction,Give way sign,60 km/h,Sealed - Dry,Dawn/Dusk,Straight,Veh'S Adjacent Approach: Thru-Right,Intersection from adjacent approaches,0,1,0,0,1,2,0,0,0,0,0,0
263511,Medical treatment,2013,8,Angle,Multi-Vehicle,153.0567603,-27.436168,Crescent Rd,Eblin Dr,Hamilton,Clayfield,Intersection - Cross,Stop sign,0 - 50 km/h,Sealed - Dry,Daylight,Straight,Veh'S Adjacent Approach: Thru-Thru,Intersection from adjacent approaches,0,0,3,0,3,2,0,0,0,0,0,0
263512,Medical treatment,2013,19,Head-on,Multi-Vehicle,153.074325,-27.411604,East - West Arterial Rd,,Hendra,Clayfield,Intersection - Cross,Operating traffic lights,60 km/h,Sealed - Wet,Darkness - Lighted,Straight,Veh'S Opposite Approach: Thru-Right,Opposing vehicles turning,0,0,1,0,1,2,0,0,0,0,0,0
263530,Medical treatment,2013,8,Rear-end,Multi-Vehicle,152.992858,-27.445368,Waterworks Rd,,Ashgrove,Ashgrove,No Roadway Feature,No traffic control,60 km/h,Sealed - Dry,Daylight,Straight,Veh'S Same Direction: Rear End,Rear-end,0,0,1,1,2,2,0,0,0,0,0,0
263531,Medical treatment,2013,7,Rear-end,Multi-Vehicle,152.9583283,-27.50902548,Western Arterial Rd,,Indooroopilly,Indooroopilly,Intersection - Interchange,No traffic control,60 km/h,Sealed - Dry,Daylight,Straight,Veh'S Same Direction: Right Rear,Rear-end,0,0,1,0,1,2,0,0,0,0,0,0
263538,Hospitalisation,2013,10,Rear-end,Multi-Vehicle,153.0171605,-27.4262907,Days Rd,,Grange,Stafford,No Roadway Feature,No traffic control,60 km/h,Sealed - Dry,Daylight,Straight,Veh'S Same Direction: Right Rear,Rear-end,0,1,0,0,1,3,0,0,0,0,0,0
263539,Hospitalisation,2013,16,Angle,Multi-Vehicle,153.0427838,-27.38768352,Hamilton Rd,Pfingst Rd,Chermside,Nudgee,Intersection - T-Junction,Operating traffic lights,60 km/h,Sealed - Dry,Daylight,Straight,Veh'S Adjacent Approach: Thru-Right,Intersection from adjacent approaches,0,1,0,2,3,2,0,0,0,0,0,0
263540,Medical treatment,2013,11,Rear-end,Multi-Vehicle,153.033817,-27.413004,Gympie Arterial Rd,,Kedron,Stafford,No Roadway Feature,No traffic control,60 km/h,Sealed - Dry,Daylight,Curved - view open,Veh'S Same Direction: Rear End,Rear-end,0,0,3,0,3,3,0,0,0,0,0,0
263541,Hospitalisation,2013,16,Hit parked vehicle,Single Vehicle,153.0777445,-27.41210522,East - West Arterial Rd,,Hendra,Clayfield,No Roadway Feature,No traffic control,80 - 90 km/h,Sealed - Dry,Daylight,Straight,Veh'S On Path: Accident Or Broken Down,Hit parked vehicle,0,1,0,0,1,1,1,0,0,0,0,0
263542,Medical treatment,2013,14,Angle,Multi-Vehicle,152.961777,-27.40409899,Dawson Pde,,Keperra,Everton,No Roadway Feature,No traffic control,60 km/h,Sealed - Dry,Daylight,Straight,Veh'S Manoeuvring: Leaving Driveway,Vehicle leaving driveway,0,0,1,0,1,2,0,0,0,0,0,0
263543,Hospitalisation,2013,7,Angle,Multi-Vehicle,152.9449405,-27.41352325,Gilliat St,Samford Sub-Arterial Rd,Keperra,Ferny Grove,Intersection - T-Junction,No traffic control,70 km/h,Sealed - Dry,Daylight,Straight,Veh'S Opposite Approach: Thru-Right,Opposing vehicles turning,0,1,0,0,1,2,0,0,0,0,0,0
263563,Medical treatment,2013,5,Sideswipe,Multi-Vehicle,153.022385,-27.47054034,Adelaide St,,Brisbane City,Brisbane Central,No Roadway Feature,No traffic control,0 - 50 km/h,Sealed - Dry,Daylight,Straight,Veh'S Same Direction: Lane Side Swipe,Lane changes,0,0,1,0,1,0,0,0,1,1,0,0
263564,Hospitalisation,2013,13,Angle,Multi-Vehicle,153.0241999,-27.4715986,George St,,Brisbane City,Brisbane Central,No Roadway Feature,No traffic control,0 - 50 km/h,Sealed - Dry,Daylight,Straight,Ped'N: Hit Other,Other,0,1,0,0,1,2,0,0,0,0,1,0
263565,Medical treatment,2013,12,Angle,Multi-Vehicle,153.0416705,-27.46862203,Moray St,,New Farm,Brisbane Central,No Roadway Feature,No traffic control,0 - 50 km/h,Sealed - Dry,Daylight,Curved - view obscured,Veh'S Manoeuvring: Entering From Footway,Vehicle leaving driveway,0,0,1,0,1,2,0,0,0,0,0,0
263566,Medical treatment,2013,16,Sideswipe,Multi-Vehicle,153.039272,-27.451958,Murri Wy,Wickham St,Fortitude Valley,Brisbane Central,Intersection - T-Junction,Operating traffic lights,60 km/h,Sealed - Dry,Daylight,Straight,Veh'S Same Direction: Right Turn S/Swipe,Parallel lanes turning,0,0,1,0,1,2,0,0,0,0,0,0