Crash_Ref_Number,Severity,Year,Hour,Crash_Nature,Crash_Type,Longitude,Latitude,Street,Street_Intersecting,Suburb,Loc_State_Electorate,Crash_Roadway_Feature,Crash_Traffic_Control,Crash_Speed_Limit,Crash_Road_Surface_Condition,Crash_Lighting_Condition,Crash_Road_Horiz_Align,Crash_DCA_Description,Crash_DCA_Group_Description,Count_Casualty_Fatality,Count_Casualty_Hospitalised,Count_Casualty_MedicallyTreated,Count_Casualty_MinorInjury,Count_Casualty_Total,Count_Unit_Car,Count_Unit_Motorcycle_Moped,Count_Unit_Truck,Count_Unit_Bus,Count_Unit_Bicycle,Count_Unit_Pedestrian,Count_Unit_Other
263572,Medical treatment,2013,23,Hit object,Single Vehicle,153.0600411,-27.2867461,Redcliffe Sub-Arterial Rd,,Brighton,Sandgate,No Roadway Feature,Police,80 - 90 km/h,Sealed - Dry,Darkness - Lighted,Straight,Veh'S Same Direction: Rear End,Rear-end,0,0,3,0,3,3,0,0,0,0,2,0
263573,Medical treatment,2013,7,Hit parked vehicle,Single Vehicle,153.025278,-27.39268261,Rode Rd,,Chermside,Stafford,No Roadway Feature,No traffic control,60 km/h,Sealed - Dry,Daylight,Straight,Veh'S On Path: Parked,Hit parked vehicle,0,0,1,0,1,3,0,0,0,0,0,0
263580,Minor injury,2013,9,Sideswipe,Multi-Vehicle,153.0616335,-27.36460361,Sandgate Sub-Arterial Rd,,Boondall,Nudgee,Bridge/Causeway,No traffic control,70 km/h,Sealed - Dry,Daylight,Straight,Veh'S Same Direction: Lane Change Left,Lane changes,0,0,0,1,1,2,0,0,0,0,0,0
263586,Medical treatment,2013,20,Angle,Multi-Vehicle,153.023014,-27.435438,Eildon Rd,Silvester St,Wilston,Stafford,Intersection - T-Junction,Stop sign,0 - 50 km/h,Sealed - Dry,Darkness - Lighted,Straight,Veh'S Adjacent Approach: Thru-Right,Intersection from adjacent approaches,0,0,1,0,1,2,0,0,0,0,0,0
263610,Minor injury,2013,8,Rear-end,Multi-Vehicle,153.017555,-27.46753,North Quay,,Brisbane City,Brisbane Central,No Roadway Feature,No traffic control,60 km/h,Sealed - Dry,Daylight,Curved - view open,Veh'S Same Direction: Rear End,Rear-end,0,0,0,2,2,1,0,0,1,0,0,0
263611,Hospitalisation,2013,14,Rear-end,Multi-Vehicle,153.0247449,-27.47504359,South East Arterial Rd,,Brisbane City,Brisbane Central,No Roadway Feature,No traffic control,70 km/h,Sealed - Dry,Daylight,Straight,Veh'S Same Direction: Rear End,Rear-end,0,3,0,1,4,3,0,0,0,0,0,0
263624,Hospitalisation,2013,17,Angle,Multi-Vehicle,153.0742003,-27.3713003,Tufnell Rd,,Banyo,Nudgee,No Roadway Feature,No traffic control,0 - 50 km/h,Sealed - Dry,Daylight,Straight,Veh'S Manoeuvring: Leaving Driveway,Vehicle leaving driveway,0,1,0,0,1,3,0,0,0,0,0,0
263652,Hospitalisation,2013,0,Hit object,Single Vehicle,153.0354486,-27.46111152,Kemp Pl,,Fortitude Valley,Brisbane Central,No Roadway Feature,No traffic control,60 km/h,Sealed - Dry,Darkness - Lighted,Curved - view open,Off Path-Curve: Out Of Control On Cway,Out of control on curve,0,1,0,0,1,1,0,0,0,0,0,0
263654,Hospitalisation,2013,13,Hit object,Single Vehicle,152.9961414,-27.48336777,Coronation Dr,,Toowong,Mount Coot-tha,No Roadway Feature,No traffic control,60 km/h,Sealed - Dry,Daylight,Curved - view open,Off Path-Curve: Off Cway Rt Bend Hit Obj,Off carriageway on curve hit object,0,1,0,0,1,1,0,0,0,0,0,0
263655,Medical treatment,2013,8,Rear-end,Multi-Vehicle,152.9908737,-27.48381445,Jephson St,Lissner St,Toowong,Mount Coot-tha,Intersection - T-Junction,Operating traffic lights,60 km/h,Sealed - Dry,Daylight,Straight,Veh'S Same Direction: Left Rear,Rear-end,0,0,2,1,3,2,0,0,0,0,0,0
263658,Hospitalisation,2013,6,Hit parked vehicle,Single Vehicle,153.0598075,-27.37705641,Yarraman Pl,,Virginia,Nudgee,No Roadway Feature,No traffic control,0 - 50 km/h,Sealed - Dry,Daylight,Straight,Veh'S On Path: Parked,Hit parked vehicle,0,1,0,0,1,0,0,2,0,0,0,0
263659,Minor injury,2013,18,Rear-end,Multi-Vehicle,153.017041,-27.364444,Gympie Arterial Rd,,Aspley,Aspley,No Roadway Feature,No traffic control,60 km/h,Sealed - Dry,Darkness - Lighted,Straight,Veh'S Same Direction: Rear End,Rear-end,0,0,0,1,1,2,0,0,0,0,0,0
263664,Medical treatment,2013,12,Angle,Multi-Vehicle,152.936971,-27.401856,Arbor St,Samford Sub-Arterial Rd,Ferny Grove,Ferny Grove,Intersection - T-Junction,Operating traffic lights,60 km/h,Sealed - Dry,Daylight,Straight,Veh'S Opposite Approach: Thru-Right,Opposing vehicles turning,0,0,1,0,1,2,0,0,0,0,0,0
263684,Medical treatment,2013,10,Rear-end,Multi-Vehicle,152.997003,-27.466249,Baroona Rd,Nash St,Paddington,Mount Coot-tha,Intersection - Cross,Give way sign,60 km/h,Sealed - Dry,Daylight,Straight,Veh'S Same Direction: Left Rear,Rear-end,0,0,2,0,2,2,0,0,0,0,0,0
263712,Hospitalisation,2013,16,Fall from vehicle,Single Vehicle,153.0261848,-27.46753657,Adelaide St,Edward St,Brisbane City,Brisbane Central,Intersection - Cross,No traffic control,0 - 50 km/h,Sealed - Dry,Daylight,Straight,Off Path-Straight:Out Of Control On Cway,Out of control on straight,0,1,0,0,1,0,0,0,0,1,0,0
263713,Medical treatment,2013,13,Rear-end,Multi-Vehicle,153.005866,-27.472654,Coronation Dr,,Milton,Mount Coot-tha,No Roadway Feature,No traffic control,60 km/h,Sealed - Dry,Daylight,Straight,Veh'S Same Direction: Right Rear,Rear-end,0,0,3,0,3,4,0,0,0,0,0,0
263716,Medical treatment,2013,19,Hit parked vehicle,Single Vehicle,152.9984466,-27.47229766,Challinor St,,Auchenflower,Mount Coot-tha,No Roadway Feature,No traffic control,0 - 50 km/h,Sealed - Dry,Darkness - Lighted,Straight,Veh'S On Path: Parked,Hit parked vehicle,0,0,1,0,1,3,0,0,0,0,0,0
263719,Medical treatment,2013,14,Angle,Multi-Vehicle,153.0073184,-27.41140716,Shand St,,Stafford,Stafford,Intersection - T-Junction,No traffic control,60 km/h,Sealed - Dry,Daylight,Straight,Veh'S Opposite Approach: Thru-Right,Opposing vehicles turning,0,0,1,0,1,1,1,0,0,0,0,0
263722,Medical treatment,2013,8,Rear-end,Multi-Vehicle,153.036718,-27.349775,Beams Rd,,Taigum,Sandgate,No Roadway Feature,No traffic control,60 km/h,Sealed - Dry,Daylight,Straight,Veh'S Same Direction: Rear End,Rear-end,0,0,1,0,1,2,0,1,0,0,0,0
263729,Medical treatment,2013,13,Rear-end,Multi-Vehicle,153.059801,-27.401692,Sandgate Rd,,Nundah,Clayfield,No Roadway Feature,No traffic control,0 - 50 km/h,Sealed - Dry,Daylight,Straight,Veh'S Same Direction: Rear End,Rear-end,0,0,1,0,1,2,0,0,0,0,0,0
263730,Hospitalisation,2013,16,Hit object,Single Vehicle,153.040228,-27.40059554,Edinburgh Castle Rd,,Wavell Heights,Nudgee,No Roadway Feature,No traffic control,60 km/h,Sealed - Dry,Daylight,Straight,Off Path-Straight: Mounts Traffic Island,Off carriageway on straight hit object,0,1,0,0,1,1,0,0,0,0,0,0
263762,Medical treatment,2013,8,Angle,Multi-Vehicle,153.043044,-27.419271,Dickson St,Inwood St,Wooloowin,Clayfield,Intersection - T-Junction,Give way sign,60 km/h,Sealed - Dry,Daylight,Curved - view open,Veh'S Adjacent Approach: Thru-Right,Intersection from adjacent approaches,0,0,1,0,1,2,0,0,0,0,0,0
263763,Medical treatment,2013,17,Head-on,Multi-Vehicle,152.988352,-27.435346,Western Arterial Rd,,Ashgrove,Ashgrove,No Roadway Feature,No traffic control,60 km/h,Sealed - Dry,Daylight,Straight,Veh'S Opposite Approach: Head On,Head-on,0,0,1,0,1,1,1,0,0,0,0,0
263786,Hospitalisation,2013,19,Hit pedestrian,Hit pedestrian,153.0293116,-27.44787056,Bowen Bridge Rd,O'Connell Tce,Bowen Hills,Brisbane Central,Intersection - T-Junction,Operating traffic lights,60 km/h,Sealed - Dry,Darkness - Lighted,Straight,Ped'N: Far Side Vehicle Hit From Left,Pedestrian,0,1,0,0,1,1,0,0,0,0,1,0
263787,Hospitalisation,2013,11,Angle,Multi-Vehicle,152.9758999,-27.50195691,Coonan St,Westminster Rd,Indooroopilly,Indooroopilly,Intersection - Cross,Operating traffic lights,60 km/h,Sealed - Dry,Daylight,Straight,Veh'S Opposite Approach: Thru-Right,Opposing vehicles turning,0,1,0,0,1,2,0,0,0,0,0,0
263789,Hospitalisation,2013,20,Angle,Multi-Vehicle,153.0479222,-27.31151958,Bracken Ridge Rd,Gateway Art Rd Ramp I,Sandgate,Sandgate,Intersection - Interchange,Give way sign,70 km/h,Sealed - Dry,Darkness - Lighted,Curved - view open,Veh'S Adjacent Approach: Thru-Right,Intersection from adjacent approaches,0,1,1,0,2,2,0,0,0,0,0,0
263791,Hospitalisation,2013,14,Hit parked vehicle,Single Vehicle,153.0462107,-27.36834954,Railway Pde,,Geebung,Nudgee,No Roadway Feature,No traffic control,0 - 50 km/h,Sealed - Dry,Daylight,Straight,Veh'S Opposite Approach: Other,Other,0,1,0,0,1,3,0,0,0,0,0,0
263792,Medical treatment,2013,6,Fall from vehicle,Single Vehicle,153.032144,-27.378354,Kittyhawk Dr,Murphy Rd,Chermside,Nudgee,Intersection - T-Junction,Operating traffic lights,60 km/h,Sealed - Dry,Dawn/Dusk,Curved - view open,Veh'S Opposite Approach: Thru-Right,Opposing vehicles turning,0,0,1,0,1,1,0,0,0,1,0,0
263798,Medical treatment,2013,15,Rear-end,Multi-Vehicle,153.083881,-27.41464,Lakeside Dr,,Brisbane Airport,Clayfield,Intersection - T-Junction,Stop sign,60 km/h,Sealed - Dry,Daylight,Straight,Veh'S Same Direction: Left Rear,Rear-end,0,0,2,0,2,2,0,0,0,0,0,0
263824,Hospitalisation,2013,8,Angle,Multi-Vehicle,153.0141119,-27.4532727,Blamey St,Musk Ave,Kelvin Grove,Brisbane Central,Intersection - Cross,Operating traffic lights,0 - 50 km/h,Sealed - Dry,Daylight,Straight,Veh'S Opposite Approach: Thru-Right,Opposing vehicles turning,0,1,0,0,1,1,1,0,0,0,0,0
263825,Medical treatment,2013,9,Rear-end,Multi-Vehicle,153.009556,-27.469784,Coronation Dr,,Milton,Mount Coot-tha,No Roadway Feature,No traffic control,60 km/h,Sealed - Dry,Daylight,Curved - view obscured,Veh'S Same Direction: Rear End,Rear-end,0,0,1,0,1,3,0,0,0,0,0,0
263826,Minor injury,2013,12,Rear-end,Multi-Vehicle,153.003253,-27.469307,Milton Rd,,Milton,Mount Coot-tha,No Roadway Feature,No traffic control,60 km/h,Sealed - Dry,Daylight,Straight,Veh'S Same Direction: Rear End,Rear-end,0,0,0,1,1,3,0,0,0,0,0,0
263827,Minor injury,2013,6,Angle,Multi-Vehicle,152.965401,-27.465562,Sir Samuel Griffith Dr,,Mount Coot-tha,Mount Coot-tha,No Roadway Feature,Stop sign,0 - 50 km/h,Sealed - Dry,Daylight,Curved - view open,Veh'S Manoeuvring: Leaving Driveway,Vehicle leaving driveway,0,0,0,1,1,1,0,0,0,0,0,1
263828,Hospitalisation,2013,11,Hit object,Single Vehicle,152.9494334,-27.52429707,Kenmore Rd,Spinkbrae St,Fig Tree Pocket,Indooroopilly,Intersection - T-Junction,No traffic control,60 km/h,Sealed - Dry,Daylight,Curved - view open,Off Path-Curve: Off Cway Rt Bend Hit Obj,Off carriageway on curve hit object,0,1,1,0,2,1,0,0,0,0,0,0
263829,Medical treatment,2013,6,Rear-end,Multi-Vehicle,153.011053,-27.333803,Gympie Arterial Rd,,Carseldine,Aspley,No Roadway Feature,No traffic control,80 - 90 km/h,Sealed - Dry,Daylight,Straight,Veh'S Same Direction: Lane Side Swipe,Lane changes,0,0,1,0,1,1,1,0,0,0,0,0
263830,Hospitalisation,2013,16,Hit pedestrian,Hit pedestrian,153.03125,-27.38775661,Gympie Arterial Rd,,Chermside,Nudgee,No Roadway Feature,Pedestrian operated lights,60 km/h,Sealed - Dry,Daylight,Straight,Ped'N: Far Side Vehicle Hit From Left,Pedestrian,0,1,1,0,2,1,0,0,0,0,1,0
263865,Hospitalisation,2013,15,Rear-end,Multi-Vehicle,153.0289699,-27.48049954,South East Arterial Rd,,Brisbane City,Brisbane Central,No Roadway Feature,No traffic control,70 km/h,Sealed - Dry,Daylight,Straight,Veh'S Same Direction: Rear End,Rear-end,0,1,0,1,2,3,0,0,0,0,0,0
263866,Medical treatment,2013,15,Rear-end,Multi-Vehicle,152.972951,-27.501813,Foxton St,Station Rd,Indooroopilly,Indooroopilly,Intersection - Cross,Operating traffic lights,60 km/h,Sealed - Dry,Daylight,Straight,Veh'S Same Direction: Right Rear,Rear-end,0,0,1,0,1,2,0,0,0,0,0,0
263867,Hospitalisation,2013,15,Rear-end,Multi-Vehicle,153.0026389,-27.31631092,Brisbane - Woodford Rd,,Bald Hills,Aspley,Bridge/Causeway,No traffic control,70 km/h,Sealed - Dry,Daylight,Straight,Veh'S Same Direction: Rear End,Rear-end,0,3,1,0,4,4,0,0,0,0,0,0
263868,Minor injury,2013,23,Sideswipe,Multi-Vehicle,153.021908,-27.384564,Hamilton Rd,Webster Rd,Chermside,Stafford,Intersection - Roundabout,Give way sign,60 km/h,Sealed - Dry,Darkness - Lighted,Straight,Veh'S Same Direction: Lane Side Swipe,Lane changes,0,0,0,1,1,3,0,0,0,0,0,0
263869,Medical treatment,2013,7,Rear-end,Multi-Vehicle,153.041101,-27.343754,Handford Rd,,Taigum,Sandgate,No Roadway Feature,No traffic control,60 km/h,Sealed - Dry,Daylight,Straight,Veh'S Same Direction: Rear End,Rear-end,0,0,1,0,1,2,0,0,0,0,0,0
263903,Hospitalisation,2013,10,Sideswipe,Multi-Vehicle,152.9852155,-27.47829487,Miskin St,Western Arterial Rd,Toowong,Mount Coot-tha,Intersection - Roundabout,Give way sign,60 km/h,Sealed - Dry,Daylight,Curved - view open,Veh'S Same Direction: Right Turn S/Swipe,Parallel lanes turning,0,2,0,0,2,2,0,0,0,0,0,0
263904,Minor injury,2013,16,Rear-end,Multi-Vehicle,152.960087,-27.505764,Moggill Sub-Arterial Rd,,Chapel Hill,Moggill,No Roadway Feature,No traffic control,60 km/h,Sealed - Dry,Daylight,Straight,Veh'S Same Direction: Rear End,Rear-end,0,0,0,1,1,2,0,0,0,0,0,0
263905,Medical treatment,2013,10,Hit object,Single Vehicle,153.017803,-27.295362,Gympie Arterial Rd,,Bald Hills,Aspley,No Roadway Feature,No traffic control,100 - 110 km/h,Sealed - Dry,Daylight,Straight,Off Path-Straight: Left Off Cway Hit Obj,Off carriageway on straight hit object,0,0,1,0,1,1,0,0,0,0,0,0
263909,Hospitalisation,2013,1,Fall from vehicle,Single Vehicle,152.9861347,-27.39161094,Keona Rd,,Mcdowall,Everton,No Roadway Feature,No traffic control,60 km/h,Sealed - Dry,Darkness - Lighted,Straight,Pass & Misc: Fell In/From Vehicle,Other,0,1,0,0,1,1,0,0,0,0,0,0
263912,Medical treatment,2013,14,Rear-end,Multi-Vehicle,153.065154,-27.400711,Melton Rd,,Nundah,Nudgee,No Roadway Feature,Pedestrian crossing sign,0 - 50 km/h,Sealed - Dry,Daylight,Straight,Veh'S Same Direction: Rear End,Rear-end,0,0,1,0,1,2,0,0,0,0,0,0
263937,Hospitalisation,2013,0,Sideswipe,Multi-Vehicle,153.0356156,-27.4624225,Story Bridge,,Fortitude Valley,Brisbane Central,Bridge/Causeway,No traffic control,60 km/h,Sealed - Wet,Darkness - Lighted,Straight,Veh'S Same Direction: Lane Change Right,Lane changes,0,1,0,0,1,1,0,0,1,0,0,0
263939,Medical treatment,2013,23,Hit object,Single Vehicle,152.9013673,-27.53706234,Moggill Sub-Arterial Rd,,Pinjarra Hills,Moggill,No Roadway Feature,No traffic control,70 km/h,Sealed - Wet,Darkness - Not lighted,Curved - view open,Off Path-Curve: Off Cway Rt Bend Hit Obj,Off carriageway on curve hit object,0,0,1,0,1,1,0,0,0,0,0,0
263941,Medical treatment,2013,14,Rear-end,Multi-Vehicle,153.007632,-27.409525,Shand St,,Stafford,Stafford,No Roadway Feature,No traffic control,60 km/h,Sealed - Dry,Daylight,Straight,Veh'S Same Direction: Lane Change Right,Lane changes,0,0,2,2,4,3,0,0,0,0,0,0
263944,Minor injury,2013,11,Angle,Multi-Vehicle,153.034722,-27.38129,Invalid Street From Police,,Chermside,Nudgee,Intersection - T-Junction,Operating traffic lights,0 - 50 km/h,Sealed - Dry,Daylight,Straight,Veh'S Opposite Approach: Thru-Right,Opposing vehicles turning,0,0,0,1,1,1,1,0,0,0,0,0
263947,Minor injury,2013,15,Hit parked vehicle,Single Vehicle,153.120164,-27.38476,Invalid Street From Police,,Brisbane Airport,Clayfield,No Roadway Feature,No traffic control,0 - 50 km/h,Sealed - Dry,Daylight,Straight,Veh'S On Path: Car Door,Hit parked vehicle,0,0,0,1,1,1,0,0,1,0,0,0
263967,Medical treatment,2013,19,Angle,Multi-Vehicle,153.018354,-27.460941,Gregory Tce,Wickham Tce,Brisbane City,Brisbane Central,Intersection - Cross,Operating traffic lights,60 km/h,Sealed - Wet,Darkness - Lighted,Curved - view open,Veh'S Adjacent Approach: Thru-Right,Intersection from adjacent approaches,0,0,1,0,1,2,0,0,0,0,0,0
263973,Minor injury,2013,6,Rear-end,Multi-Vehicle,153.045854,-27.353003,Church Rd,Mcphail St,Zillmere,Nudgee,Intersection - Cross,No traffic control,60 km/h,Sealed - Wet,Dawn/Dusk,Straight,Veh'S Same Direction: Right Rear,Rear-end,0,0,0,1,1,2,0,0,0,0,0,0
263983,Medical treatment,2013,12,Angle,Multi-Vehicle,153.037602,-27.434118,Bowen St,Mcdonald Rd,Windsor,Brisbane Central,Intersection - Cross,Give way sign,0 - 50 km/h,Sealed - Dry,Daylight,Straight,Veh'S Adjacent Approach: Thru-Thru,Intersection from adjacent approaches,0,0,1,0,1,2,0,0,0,0,0,0
263984,Hospitalisation,2013,9,Overturned,Single Vehicle,153.0631797,-27.41173634,East - West Arterial Rd,,Clayfield,Clayfield,No Roadway Feature,No traffic control,60 km/h,Sealed - Dry,Daylight,Straight,Off Path-Straight:Out Of Control On Cway,Out of control on straight,0,1,0,0,1,0,0,1,0,0,0,0
263985,Hospitalisation,2013,8,Hit object,Single Vehicle,153.0606815,-27.38648039,Sandgate Sub-Arterial Rd,St Vincents Rd,Virginia,Nudgee,Intersection - T-Junction,No traffic control,60 km/h,Sealed - Dry,Daylight,Straight,Off Path-Straight: Left Off Cway Hit Obj,Off carriageway on straight hit object,0,1,0,0,1,1,0,0,0,0,0,0
264007,Medical treatment,2013,12,Rear-end,Multi-Vehicle,152.960013,-27.506034,Moggill Sub-Arterial Rd,Witton Rd,Chapel Hill,Indooroopilly,Intersection - T-Junction,Operating traffic lights,60 km/h,Sealed - Dry,Daylight,Straight,Veh'S Same Direction: Right Rear,Rear-end,0,0,1,0,1,2,0,0,0,0,0,0
264008,Medical treatment,2013,18,Sideswipe,Multi-Vehicle,153.0512546,-27.32548905,Gateway Arterial Rd,,Deagon,Sandgate,No Roadway Feature,No traffic control,80 - 90 km/h,Sealed - Dry,Darkness - Lighted,Straight,Veh'S Same Direction: Lane Change Left,Lane changes,0,0,1,0,1,1,0,1,0,0,0,0
264009,Hospitalisation,2013,7,Angle,Multi-Vehicle,153.0204982,-27.3925637,Rode Rd Service Rd,Webster Rd,Chermside,Stafford,Intersection - Cross,Operating traffic lights,60 km/h,Sealed - Dry,Daylight,Straight,Veh'S Opposite Approach: Thru-Right,Opposing vehicles turning,0,1,0,0,1,1,1,0,0,0,0,0
264013,Hospitalisation,2013,15,Rear-end,Multi-Vehicle,153.0378237,-27.36146963,Murphy Rd,,Zillmere,Nudgee,Bridge/Causeway,Operating traffic lights,60 km/h,Sealed - Dry,Daylight,Straight,Veh'S Same Direction: Rear End,Rear-end,0,2,0,0,2,3,0,0,0,0,0,0
264038,Hospitalisation,2013,23,Hit pedestrian,Hit pedestrian,152.9925565,-27.48602181,High St,,Toowong,Mount Coot-tha,No Roadway Feature,No traffic control,60 km/h,Sealed - Wet,Darkness - Lighted,Straight,Ped'N: Far Side Vehicle Hit From Left,Pedestrian,0,1,0,0,1,1,0,0,0,0,1,0
264039,Medical treatment,2013,12,Angle,Multi-Vehicle,153.00929,-27.325187,Fairway St,Gympie Rd,Bald Hills,Aspley,Intersection - T-Junction,Give way sign,60 km/h,Sealed - Dry,Daylight,Curved - view obscured,Veh'S Adjacent Approach: Thru-Right,Intersection from adjacent approaches,0,0,1,1,2,2,0,0,0,0,0,0
264052,Hospitalisation,2013,16,Angle,Multi-Vehicle,153.0490388,-27.39612348,Rode Rd,Shaw Rd,Wavell Heights,Clayfield,Intersection - T-Junction,No traffic control,60 km/h,Sealed - Dry,Daylight,Straight,Veh'S Opposite Approach: Thru-Right,Opposing vehicles turning,0,1,0,0,1,2,0,0,0,0,0,0
264068,Hospitalisation,2013,17,Angle,Multi-Vehicle,152.993339,-27.44416591,Harry St,,Ashgrove,Ashgrove,No Roadway Feature,No traffic control,0 - 50 km/h,Sealed - Wet,Dawn/Dusk,Straight,Veh'S Opposite Approach: Thru-Right,Opposing vehicles turning,0,1,0,0,1,1,0,0,0,1,0,0
264069,Minor injury,2013,7,Rear-end,Multi-Vehicle,153.007192,-27.443434,Enoggera Rd,,Kelvin Grove,Brisbane Central,No Roadway Feature,No traffic control,60 km/h,Sealed - Dry,Daylight,Straight,Veh'S Same Direction: Rear End,Rear-end,0,0,0,1,1,2,0,0,0,0,0,0
264073,Medical treatment,2013,7,Rear-end,Multi-Vehicle,153.01946,-27.4107527,East - West Arterial Rd,Stafford Rd,Stafford,Stafford,No Roadway Feature,No traffic control,60 km/h,Sealed - Dry,Daylight,Straight,Veh'S Same Direction: Rear End,Rear-end,0,0,1,0,1,2,0,0,0,0,0,0
264075,Hospitalisation,2013,21,Hit parked vehicle,Single Vehicle,153.0258771,-27.39263666,Rode Rd,,Chermside,Stafford,No Roadway Feature,No traffic control,60 km/h,Sealed - Wet,Darkness - Lighted,Straight,Veh'S On Path: Parked,Hit parked vehicle,0,1,0,0,1,3,0,0,0,0,0,0
264101,Hospitalisation,2013,14,Angle,Multi-Vehicle,152.9879601,-27.43864997,Frasers Rd,Western Arterial Rd,Ashgrove,Ashgrove,Intersection - T-Junction,Operating traffic lights,60 km/h,Sealed - Dry,Daylight,Curved - view open,Veh'S Opposite Approach: Thru-Right,Opposing vehicles turning,0,1,0,0,1,2,0,0,0,0,0,0
264102,Minor injury,2013,7,Sideswipe,Multi-Vehicle,153.03137,-27.463524,Adelaide St,Queen St,Brisbane City,Brisbane Central,No Roadway Feature,Operating traffic lights,60 km/h,Sealed - Dry,Daylight,Straight,Veh'S Same Direction: Lane Change Left,Lane changes,0,0,0,1,1,0,1,0,1,0,0,0
264103,Minor injury,2013,8,Rear-end,Multi-Vehicle,153.037386,-27.46037,Brunswick St,,Fortitude Valley,Brisbane Central,No Roadway Feature,No traffic control,0 - 50 km/h,Sealed - Dry,Daylight,Straight,Veh'S Same Direction: Rear End,Rear-end,0,0,0,1,1,3,0,0,0,0,0,0
264104,Medical treatment,2013,15,Angle,Multi-Vehicle,152.992007,-27.495138,Gailey Rd,Highview Tce,Taringa,Indooroopilly,Intersection - T-Junction,Road/Rail worker,60 km/h,Sealed - Dry,Daylight,Straight,Veh'S Same Direction: Left Turn S/Swipe,Parallel lanes turning,0,0,1,0,1,1,0,0,0,1,0,0
264106,Hospitalisation,2013,7,Hit pedestrian,Hit pedestrian,153.0360624,-27.31315366,Bellicent Rd,,Bracken Ridge,Sandgate,No Roadway Feature,No traffic control,0 - 50 km/h,Sealed - Dry,Daylight,Straight,Ped'N: Hit Other,Other,0,1,0,0,1,1,0,0,0,0,1,0
264108,Hospitalisation,2013,17,Angle,Multi-Vehicle,153.0104404,-27.39627577,Appleby Rd,Giles St,Stafford Heights,Stafford,Intersection - T-Junction,No traffic control,60 km/h,Sealed - Dry,Dawn/Dusk,Straight,Veh'S Opposite Approach: Thru-Right,Opposing vehicles turning,0,2,0,0,2,2,0,0,0,0,0,0
264114,Medical treatment,2013,8,Rear-end,Multi-Vehicle,153.000377,-27.424012,South Pine Rd,,Alderley,Stafford,No Roadway Feature,No traffic control,60 km/h,Sealed - Dry,Daylight,Straight,Veh'S Same Direction: Rear End,Rear-end,0,0,2,0,2,3,0,0,0,0,0,0
264138,Medical treatment,2013,11,Fall from vehicle,Single Vehicle,153.0637987,-27.31207798,Wakefield St,,Sandgate,Sandgate,No Roadway Feature,No traffic control,0 - 50 km/h,Sealed - Dry,Daylight,Straight,Off Path-Straight:Out Of Control On Cway,Out of control on straight,0,0,1,0,1,0,1,0,0,0,0,0
264139,Hospitalisation,2013,16,Angle,Multi-Vehicle,153.0171184,-27.40886272,Pateena St,Webster Rd,Stafford,Stafford,Intersection - T-Junction,Give way sign,60 km/h,Sealed - Dry,Daylight,Straight,Veh'S Adjacent Approach: Thru-Right,Intersection from adjacent approaches,0,1,0,0,1,2,0,0,0,0,0,0
264161,Hospitalisation,2013,8,Rear-end,Multi-Vehicle,153.0375946,-27.45717749,Mclachlan St,Morgan St,Fortitude Valley,Brisbane Central,Intersection - Cross,Operating traffic lights,60 km/h,Sealed - Dry,Daylight,Straight,Veh'S Same Direction: Rear End,Rear-end,0,1,0,0,1,2,0,0,0,0,0,0
264169,Hospitalisation,2013,9,Rear-end,Multi-Vehicle,152.9909387,-27.40821291,Western Arterial Rd,,Everton Park,Everton,No Roadway Feature,No traffic control,60 km/h,Sealed - Dry,Daylight,Straight,Veh'S Same Direction: Right Rear,Rear-end,0,2,0,0,2,6,0,0,0,0,0,0
264184,Hospitalisation,2013,7,Angle,Multi-Vehicle,153.0268628,-27.46700458,Adelaide St,,Brisbane City,Brisbane Central,No Roadway Feature,No traffic control,0 - 50 km/h,Sealed - Dry,Daylight,Straight,Veh'S Manoeuvring: Parking,Hit parked vehicle,0,1,0,0,1,1,0,0,0,1,0,0
264185,Medical treatment,2013,17,Fall from vehicle,Single Vehicle,153.0291442,-27.46276567,Turbot St,,Spring Hill,Brisbane Central,No Roadway Feature,No traffic control,60 km/h,Sealed - Wet,Daylight,Straight,Off Path-Straight:Out Of Control On Cway,Out of control on straight,0,0,1,0,1,1,1,0,0,0,0,0
264186,Hospitalisation,2013,0,Hit object,Single Vehicle,153.0479895,-27.4630614,James St,Villiers St,New Farm,Brisbane Central,Intersection - Cross,No traffic control,0 - 50 km/h,Sealed - Wet,Darkness - Lighted,Straight,Off Path-Straight: Left Off Cway Hit Obj,Off carriageway on straight hit object,0,1,0,0,1,1,0,0,0,0,0,0
264188,Medical treatment,2013,8,Rear-end,Multi-Vehicle,153.039578,-27.394682,Rode Rd,,Wavell Heights,Nudgee,No Roadway Feature,No traffic control,60 km/h,Sealed - Wet,Daylight,Straight,Veh'S Same Direction: Rear End,Rear-end,0,0,1,0,1,2,0,0,0,0,0,0
264189,Hospitalisation,2013,9,Angle,Multi-Vehicle,153.0137861,-27.36347582,Albany Creek Sub-Arterial Rd,,Aspley,Aspley,No Roadway Feature,No traffic control,60 km/h,Sealed - Dry,Daylight,Curved - view open,Veh'S Opposite Approach: Thru-Right,Opposing vehicles turning,0,1,0,0,1,1,0,0,1,0,0,0