Crash_Ref_Number,Severity,Year,Hour,Crash_Nature,Crash_Type,Longitude,Latitude,Street,Street_Intersecting,Suburb,Loc_State_Electorate,Crash_Roadway_Feature,Crash_Traffic_Control,Crash_Speed_Limit,Crash_Road_Surface_Condition,Crash_Lighting_Condition,Crash_Road_Horiz_Align,Crash_DCA_Description,Crash_DCA_Group_Description,Count_Casualty_Fatality,Count_Casualty_Hospitalised,Count_Casualty_MedicallyTreated,Count_Casualty_MinorInjury,Count_Casualty_Total,Count_Unit_Car,Count_Unit_Motorcycle_Moped,Count_Unit_Truck,Count_Unit_Bus,Count_Unit_Bicycle,Count_Unit_Pedestrian,Count_Unit_Other
264212,Medical treatment,2013,8,Hit pedestrian,Hit pedestrian,153.046153,-27.455826,Kent St,,Teneriffe,Brisbane Central,No Roadway Feature,No traffic control,0 - 50 km/h,Sealed - Dry,Daylight,Straight,Ped'N: Near Side Vehicle Hit From Right,Pedestrian,0,0,1,0,1,1,0,0,0,0,1,0
264213,Medical treatment,2013,7,Rear-end,Multi-Vehicle,153.041448,-27.450036,Wickham St,,Fortitude Valley,Brisbane Central,No Roadway Feature,No traffic control,60 km/h,Sealed - Dry,Daylight,Straight,Veh'S Same Direction: Rear End,Rear-end,0,0,1,0,1,2,0,0,0,0,0,0
264214,Medical treatment,2013,8,Rear-end,Multi-Vehicle,153.022914,-27.455798,Inner City Bypass,,Herston,Brisbane Central,No Roadway Feature,No traffic control,70 km/h,Sealed - Dry,Daylight,Curved - view open,Veh'S Same Direction: Rear End,Rear-end,0,0,1,1,2,2,0,0,0,0,0,0
264221,Hospitalisation,2013,14,Rear-end,Multi-Vehicle,153.013139,-27.34813882,Gympie Arterial Rd,,Carseldine,Aspley,No Roadway Feature,No traffic control,70 km/h,Sealed - Dry,Daylight,Straight,Veh'S Same Direction: Rear End,Rear-end,0,1,0,0,1,3,0,0,0,0,0,0
264222,Minor injury,2013,7,Angle,Multi-Vehicle,152.989891,-27.379765,Hamilton Rd,,Mcdowall,Aspley,No Roadway Feature,Stop sign,60 km/h,Sealed - Dry,Daylight,Straight,Veh'S Manoeuvring: Leaving Driveway,Vehicle leaving driveway,0,0,0,2,2,2,0,0,0,0,0,0
264229,Hospitalisation,2013,16,Angle,Multi-Vehicle,153.0470979,-27.40832447,Emma St,Shaw Rd,Wooloowin,Clayfield,Intersection - Cross,No traffic control,60 km/h,Sealed - Dry,Daylight,Straight,Veh'S Opposite Approach: Thru-Right,Opposing vehicles turning,0,1,0,0,1,2,0,0,0,0,0,0
264230,Minor injury,2013,9,Rear-end,Multi-Vehicle,153.070441,-27.437557,Kingsford Smith Dr,,Hamilton,Clayfield,No Roadway Feature,No traffic control,60 km/h,Sealed - Dry,Daylight,Straight,Veh'S Same Direction: Rear End,Rear-end,0,0,0,1,1,2,0,0,0,0,0,0
264252,Medical treatment,2013,20,Sideswipe,Multi-Vehicle,153.0239533,-27.47200333,Elizabeth St,,Brisbane City,Brisbane Central,No Roadway Feature,No traffic control,0 - 50 km/h,Sealed - Dry,Darkness - Lighted,Straight,Veh'S Same Direction: Lane Side Swipe,Lane changes,0,0,1,0,1,2,0,0,0,0,0,0
264254,Medical treatment,2013,7,Rear-end,Multi-Vehicle,153.03269,-27.32705165,Capistrano St,Phillips St,Bracken Ridge,Sandgate,Intersection - T-Junction,No traffic control,0 - 50 km/h,Sealed - Dry,Daylight,Straight,Veh'S Same Direction: Right Rear,Rear-end,0,0,1,1,2,2,0,0,0,0,0,0
264256,Hospitalisation,2013,9,Angle,Multi-Vehicle,153.0358839,-27.38818558,Eastleigh St,Miller St,Chermside,Nudgee,Intersection - Cross,Give way sign,0 - 50 km/h,Sealed - Dry,Daylight,Straight,Veh'S Adjacent Approach: Thru-Thru,Intersection from adjacent approaches,0,1,0,0,1,1,0,0,0,1,0,0
264257,Medical treatment,2013,16,Rear-end,Multi-Vehicle,153.037371,-27.363852,Murphy Rd,,Zillmere,Nudgee,No Roadway Feature,No traffic control,60 km/h,Sealed - Dry,Daylight,Straight,Veh'S Same Direction: Rear End,Rear-end,0,0,1,0,1,4,0,0,0,0,0,0
264258,Medical treatment,2013,8,Rear-end,Multi-Vehicle,153.06118,-27.358997,Sandgate Sub-Arterial Rd,,Boondall,Nudgee,No Roadway Feature,No traffic control,70 km/h,Sealed - Dry,Daylight,Straight,Veh'S Same Direction: Rear End,Rear-end,0,0,2,0,2,3,0,0,0,0,0,0
264288,Minor injury,2013,15,Rear-end,Multi-Vehicle,152.984922,-27.47830799,Milton Rd,Miskin St,Toowong,Mount Coot-tha,Intersection - Roundabout,Give way sign,0 - 50 km/h,Sealed - Dry,Daylight,Straight,Veh'S Same Direction: Rear End,Rear-end,0,0,0,1,1,2,0,0,0,0,0,0
264289,Medical treatment,2013,7,Angle,Multi-Vehicle,152.979116,-27.499704,Central Ave,Ward St,Indooroopilly,Indooroopilly,Intersection - Cross,Stop sign,60 km/h,Sealed - Dry,Daylight,Straight,Veh'S Adjacent Approach: Thru-Thru,Intersection from adjacent approaches,0,0,1,0,1,1,0,0,1,0,0,0
264290,Medical treatment,2013,9,Hit pedestrian,Hit pedestrian,153.0600314,-27.31414154,Deagon St,,Sandgate,Sandgate,No Roadway Feature,No traffic control,0 - 50 km/h,Sealed - Dry,Daylight,Straight,Ped'N: Play; Work; Stand; Lie On C'Way,Pedestrian,0,0,1,1,2,1,0,0,0,0,2,0
264315,Medical treatment,2013,19,Rear-end,Multi-Vehicle,153.036834,-27.452622,Brookes St,Prospect St,Fortitude Valley,Brisbane Central,Intersection - T-Junction,No traffic control,60 km/h,Sealed - Dry,Darkness - Lighted,Straight,Veh'S Same Direction: Right Rear,Rear-end,0,0,1,0,1,1,0,0,1,0,0,0
264316,Fatal,2013,6,Hit object,Single Vehicle,152.9635867,-27.46834811,Unnamed Forestry Rd,,Mount Coot-tha,Mount Coot-tha,Forestry/National Park Road,No traffic control,0 - 50 km/h,Unsealed - Dry,Daylight,Straight,Veh'S Manoeuvring: Other,Other,1,0,0,0,1,0,0,0,0,1,0,0
264317,Hospitalisation,2013,20,Sideswipe,Multi-Vehicle,152.9985743,-27.47944778,Coronation Dr,Land St,Auchenflower,Mount Coot-tha,Intersection - T-Junction,Operating traffic lights,60 km/h,Sealed - Dry,Darkness - Lighted,Straight,Veh'S Same Direction: Lane Change Left,Lane changes,0,1,0,0,1,1,0,0,1,0,0,0
264318,Hospitalisation,2013,9,Rear-end,Multi-Vehicle,152.9969523,-27.47253981,Milton Rd,,Auchenflower,Mount Coot-tha,No Roadway Feature,No traffic control,60 km/h,Sealed - Dry,Daylight,Straight,Veh'S Same Direction: Rear End,Rear-end,0,1,0,0,1,1,0,0,1,0,0,0
264351,Medical treatment,2013,2,Hit pedestrian,Hit pedestrian,152.992724,-27.48604867,High St,,Toowong,Mount Coot-tha,No Roadway Feature,No traffic control,0 - 50 km/h,Sealed - Dry,Darkness - Lighted,Straight,Ped'N: Far Side Vehicle Hit From Left,Pedestrian,0,0,1,0,1,1,0,0,0,0,1,0
264354,Hospitalisation,2013,20,Hit object,Single Vehicle,153.030799,-27.326271,Enbrook St,Phillips St,Bracken Ridge,Sandgate,Intersection - Roundabout,Give way sign,0 - 50 km/h,Sealed - Wet,Darkness - Lighted,Curved - view open,Off Path-Curve: Mounts Traffic Island,Off carriageway on curve hit object,0,1,0,0,1,1,0,0,0,0,0,0
264355,Medical treatment,2013,11,Rear-end,Multi-Vehicle,153.012359,-27.331617,Linkfield Connection Rd,Linkfield Rd,Bald Hills,Aspley,Intersection - Interchange,Give way sign,60 km/h,Sealed - Dry,Daylight,Curved - view open,Veh'S Same Direction: Left Rear,Rear-end,0,0,1,0,1,2,0,0,0,0,0,0
264381,Medical treatment,2013,7,Angle,Multi-Vehicle,153.068776,-27.31325667,Flinders Pde,,Sandgate,Sandgate,No Roadway Feature,No traffic control,0 - 50 km/h,Sealed - Dry,Daylight,Straight,Veh'S Manoeuvring: Parking,Hit parked vehicle,0,0,1,0,1,1,0,0,0,1,0,0
264385,Medical treatment,2013,12,Angle,Multi-Vehicle,152.961421,-27.412881,Gilston St,Samford Sub-Arterial Rd,Keperra,Ashgrove,Intersection - T-Junction,Give way sign,60 km/h,Sealed - Dry,Daylight,Straight,Veh'S Adjacent Approach: Thru-Right,Intersection from adjacent approaches,0,0,3,1,4,2,0,0,0,0,0,0
264418,Medical treatment,2013,6,Hit pedestrian,Hit pedestrian,153.013004,-27.466343,Upper Roma St,,Brisbane City,Brisbane Central,No Roadway Feature,No traffic control,0 - 50 km/h,Sealed - Dry,Daylight,Curved - view obscured,Ped'N: On Ftway Hit By Vehicle On Ftway,Pedestrian,0,0,1,0,1,0,0,0,0,1,1,0
264419,Medical treatment,2013,8,Rear-end,Multi-Vehicle,153.024127,-27.462656,Leichhardt St,Upper Edward St,Spring Hill,Brisbane Central,Intersection - Cross,Operating traffic lights,60 km/h,Sealed - Dry,Daylight,Curved - view open,Veh'S Same Direction: Rear End,Rear-end,0,0,1,0,1,2,0,0,0,0,0,0
264421,Hospitalisation,2013,11,Angle,Multi-Vehicle,152.9947244,-27.48401379,Coronation Dr,,Toowong,Mount Coot-tha,No Roadway Feature,Operating traffic lights,60 km/h,Sealed - Dry,Daylight,Straight,Veh'S Manoeuvring: Entering From Footway,Vehicle leaving driveway,0,2,0,0,2,0,1,0,0,1,0,0
264424,Minor injury,2013,16,Rear-end,Multi-Vehicle,153.008866,-27.404407,Appleby Rd,Thuruna St,Stafford,Stafford,Intersection - T-Junction,No traffic control,60 km/h,Sealed - Dry,Daylight,Straight,Veh'S Same Direction: Rear End,Rear-end,0,0,0,1,1,2,0,0,0,0,0,0
264432,Hospitalisation,2013,9,Sideswipe,Multi-Vehicle,153.0742086,-27.41646125,Nudgee Rd,,Hendra,Clayfield,Merge Lane,No traffic control,60 km/h,Sealed - Dry,Daylight,Straight,Veh'S Same Direction: Lane Side Swipe,Lane changes,0,1,0,0,1,1,0,1,0,0,0,0
264451,Minor injury,2013,17,Hit parked vehicle,Single Vehicle,152.932365,-27.445605,Waterworks Rd,,The Gap,Ashgrove,No Roadway Feature,No traffic control,60 km/h,Sealed - Dry,Daylight,Curved - view obscured,Veh'S On Path: Car Door,Hit parked vehicle,0,0,0,1,1,2,0,0,0,0,0,0
264452,Hospitalisation,2013,9,Sideswipe,Multi-Vehicle,153.011249,-27.46337371,Caxton St,Hale St Off Ramp,Petrie Terrace,Mount Coot-tha,Intersection - Interchange,Operating traffic lights,60 km/h,Sealed - Dry,Daylight,Straight,Veh'S Same Direction: Lane Side Swipe,Lane changes,0,1,0,0,1,3,0,0,0,0,0,0
264465,Minor injury,2013,6,Rear-end,Multi-Vehicle,153.0301,-27.442575,Lutwyche Rd,Northey St,Windsor,Brisbane Central,Intersection - T-Junction,Operating traffic lights,60 km/h,Sealed - Dry,Daylight,Straight,Veh'S Same Direction: Rear End,Rear-end,0,0,0,1,1,2,0,0,0,0,0,0
264466,Medical treatment,2013,9,Angle,Multi-Vehicle,153.043165,-27.43696332,Sandgate Rd,,Albion,Clayfield,Intersection - T-Junction,No traffic control,60 km/h,Sealed - Dry,Daylight,Straight,Veh'S Adjacent Approach: Thru-Right,Intersection from adjacent approaches,0,0,1,0,1,2,0,0,0,0,0,0
264467,Hospitalisation,2013,15,Rear-end,Multi-Vehicle,153.0592468,-27.41053839,Sandgate Sub-Arterial Rd,,Clayfield,Clayfield,No Roadway Feature,No traffic control,60 km/h,Sealed - Dry,Daylight,Straight,Veh'S Same Direction: Rear End,Rear-end,0,1,0,0,1,2,0,0,0,0,0,0
264491,Medical treatment,2013,18,Angle,Multi-Vehicle,153.019853,-27.467149,George St,Herschel St,Brisbane City,Brisbane Central,Intersection - Cross,Operating traffic lights,0 - 50 km/h,Sealed - Dry,Dawn/Dusk,Straight,Veh'S Same Direction: Left Turn S/Swipe,Parallel lanes turning,0,0,1,0,1,2,0,0,0,0,0,0
264493,Medical treatment,2013,17,Rear-end,Multi-Vehicle,152.974599,-27.479892,Western Arterial Rd,,Mount Coot-tha,Mount Coot-tha,No Roadway Feature,No traffic control,60 km/h,Sealed - Dry,Dawn/Dusk,Straight,Veh'S Same Direction: Rear End,Rear-end,0,0,2,0,2,3,0,0,1,0,0,0
264494,Medical treatment,2013,15,Angle,Multi-Vehicle,153.047861,-27.311533,Bracken Ridge Rd,Gateway Arterial Rd,Sandgate,Sandgate,Intersection - Interchange,Give way sign,60 km/h,Sealed - Dry,Daylight,Curved - view open,Veh'S Adjacent Approach: Thru-Right,Intersection from adjacent approaches,0,0,1,0,1,2,0,0,0,0,0,0
264496,Medical treatment,2013,17,Angle,Multi-Vehicle,153.042606,-27.38855,Norla St,Pfingst Rd,Wavell Heights,Clayfield,Intersection - T-Junction,No traffic control,60 km/h,Sealed - Dry,Daylight,Straight,Veh'S Manoeuvring: Entering From Footway,Vehicle leaving driveway,0,0,1,0,1,1,1,0,0,0,0,0
264497,Minor injury,2013,5,Angle,Multi-Vehicle,153.012387,-27.345926,Beams Rd,Gympie Arterial Rd,Carseldine,Aspley,Intersection - Cross,Operating traffic lights,70 km/h,Sealed - Dry,Daylight,Straight,Veh'S Opposite Approach: Thru-Right,Opposing vehicles turning,0,0,0,1,1,1,0,1,0,0,0,0
264500,Medical treatment,2013,15,Rear-end,Multi-Vehicle,153.072341,-27.392707,Melton Rd,Toombul Rd,Northgate,Nudgee,Intersection - Cross,Operating traffic lights,60 km/h,Sealed - Dry,Daylight,Straight,Veh'S Same Direction: Rear End,Rear-end,0,0,1,0,1,2,0,0,0,0,0,0
264501,Medical treatment,2013,16,Angle,Multi-Vehicle,153.041428,-27.394975,Pfingst Rd,Rode Rd,Wavell Heights,Clayfield,Intersection - Cross,Operating traffic lights,60 km/h,Sealed - Dry,Daylight,Straight,Veh'S Opposite Approach: Thru-Right,Opposing vehicles turning,0,0,1,0,1,1,0,0,0,1,0,0
264502,Hospitalisation,2013,19,Sideswipe,Multi-Vehicle,153.094416,-27.38197811,Gateway Art Rd Ramp Nc,Gateway Arterial Rd,Banyo,Nudgee,Intersection - Interchange,No traffic control,60 km/h,Sealed - Dry,Darkness - Lighted,Straight,Veh'S Same Direction: Lane Change Left,Lane changes,0,1,0,0,1,1,1,0,0,0,0,0
264503,Medical treatment,2013,17,Rear-end,Multi-Vehicle,153.059449,-27.409195,Sandgate Sub-Arterial Rd,,Nundah,Nudgee,No Roadway Feature,No traffic control,60 km/h,Sealed - Dry,Daylight,Straight,Veh'S Same Direction: Rear End,Rear-end,0,0,1,0,1,2,0,0,0,0,0,0
264529,Hospitalisation,2013,12,Rear-end,Multi-Vehicle,153.0387826,-27.46141648,Brunswick St,,Fortitude Valley,Brisbane Central,No Roadway Feature,No traffic control,60 km/h,Sealed - Dry,Daylight,Straight,Veh'S Same Direction: Rear End,Rear-end,0,2,0,0,2,4,0,0,0,0,0,0
264531,Hospitalisation,2013,8,Rear-end,Multi-Vehicle,153.0538562,-27.32883748,Depot Rd,,Deagon,Sandgate,No Roadway Feature,No traffic control,60 km/h,Sealed - Dry,Daylight,Straight,Veh'S Same Direction: Rear End,Rear-end,0,1,0,0,1,2,0,0,0,0,0,0
264533,Medical treatment,2013,8,Rear-end,Multi-Vehicle,153.009657,-27.400156,Appleby Rd,,Stafford Heights,Stafford,No Roadway Feature,No traffic control,60 km/h,Sealed - Dry,Daylight,Straight,Veh'S Same Direction: Rear End,Rear-end,0,0,1,0,1,2,0,0,0,0,0,0
264534,Medical treatment,2013,21,Angle,Multi-Vehicle,153.0203027,-27.39260998,Rode Rd,Webster Rd,Chermside West,Stafford,Intersection - Cross,Operating traffic lights,60 km/h,Sealed - Dry,Darkness - Lighted,Straight,Veh'S Opposite Approach: Thru-Right,Opposing vehicles turning,0,0,3,0,3,2,0,0,0,0,0,0
264542,Medical treatment,2013,11,Rear-end,Multi-Vehicle,153.058797,-27.413388,East - West Arterial Rd,,Clayfield,Clayfield,No Roadway Feature,No traffic control,60 km/h,Sealed - Dry,Daylight,Straight,Veh'S Same Direction: Rear End,Rear-end,0,0,1,0,1,2,0,0,0,0,0,0
264543,Minor injury,2013,16,Angle,Multi-Vehicle,153.059906,-27.407646,Sandgate Sub-Arterial Rd,Union St,Nundah,Nudgee,Intersection - Cross,Operating traffic lights,60 km/h,Sealed - Dry,Daylight,Straight,Veh'S Adjacant Approach: Thru-Left,Intersection from adjacent approaches,0,0,0,1,1,2,0,0,0,0,0,0
264544,Medical treatment,2013,19,Rear-end,Multi-Vehicle,153.113312,-27.387345,Moreton Dr,,Brisbane Airport,Clayfield,No Roadway Feature,No traffic control,80 - 90 km/h,Sealed - Dry,Dawn/Dusk,Straight,Veh'S Same Direction: Rear End,Rear-end,0,0,1,0,1,2,0,0,0,0,0,0
264568,Hospitalisation,2013,9,Angle,Multi-Vehicle,152.9931722,-27.45916289,Gilday St,Latrobe Tce,Paddington,Mount Coot-tha,Intersection - T-Junction,No traffic control,0 - 50 km/h,Sealed - Dry,Daylight,Straight,Veh'S Adjacent Approach: Thru-Right,Intersection from adjacent approaches,0,1,0,0,1,2,0,0,0,0,0,0
264569,Medical treatment,2013,12,Rear-end,Multi-Vehicle,152.972634,-27.501689,Station Rd,,Indooroopilly,Indooroopilly,No Roadway Feature,No traffic control,0 - 50 km/h,Sealed - Dry,Daylight,Straight,Veh'S Same Direction: Rear End,Rear-end,0,0,1,0,1,3,0,0,0,0,0,0
264570,Medical treatment,2013,14,Angle,Multi-Vehicle,153.013287,-27.317844,Gympie Arterial Rd,Strathpine Sub-Arterial Rd,Bald Hills,Aspley,Intersection - Cross,Operating traffic lights,60 km/h,Sealed - Dry,Daylight,Straight,Veh'S Adjacent Approach: Thru-Right,Intersection from adjacent approaches,0,0,1,0,1,1,0,2,0,0,0,0
264581,Hospitalisation,2013,21,Angle,Multi-Vehicle,153.0459048,-27.3956265,Rode Rd,Spence Rd,Wavell Heights,Clayfield,Intersection - T-Junction,No traffic control,60 km/h,Sealed - Dry,Darkness - Lighted,Straight,Veh'S Opposite Approach: Thru-Right,Opposing vehicles turning,0,2,0,0,2,2,0,0,0,0,0,0
264582,Medical treatment,2013,7,Sideswipe,Multi-Vehicle,153.031721,-27.441748,Clem 7,,Windsor,Brisbane Central,Intersection - Interchange,No traffic control,80 - 90 km/h,Sealed - Dry,Daylight,Straight,Veh'S Same Direction: Other,Other,0,0,1,0,1,1,0,1,0,0,0,0
264583,Hospitalisation,2013,10,Sideswipe,Multi-Vehicle,153.0045247,-27.4294228,Enoggera Rd,,Alderley,Ashgrove,No Roadway Feature,No traffic control,60 km/h,Sealed - Dry,Daylight,Straight,Veh'S Same Direction: Lane Side Swipe,Lane changes,0,1,0,0,1,1,1,0,0,0,0,0
264609,Minor injury,2013,23,Hit object,Single Vehicle,153.0116964,-27.46002889,Hale St,,Paddington,Mount Coot-tha,No Roadway Feature,No traffic control,60 km/h,Sealed - Dry,Darkness - Lighted,Curved - view open,Off Path-Curve: Off Cway Rt Bend Hit Obj,Off carriageway on curve hit object,0,0,0,1,1,1,0,0,0,0,0,0
264611,Medical treatment,2013,19,Rear-end,Multi-Vehicle,152.971661,-27.501052,Musgrave Rd,,Indooroopilly,Indooroopilly,No Roadway Feature,No traffic control,0 - 50 km/h,Sealed - Dry,Darkness - Lighted,Curved - view open,Veh'S Same Direction: Rear End,Rear-end,0,0,1,0,1,3,0,0,0,0,0,0
264621,Hospitalisation,2013,11,Angle,Multi-Vehicle,153.0144176,-27.42502972,Evelyn St,Grange Rd,Grange,Stafford,Intersection - Cross,No traffic control,60 km/h,Sealed - Wet,Daylight,Straight,Veh'S Opposite Approach: Thru-Right,Opposing vehicles turning,0,5,1,0,6,3,0,0,0,0,0,0
264651,Medical treatment,2013,17,Angle,Multi-Vehicle,152.9913843,-27.48663134,High St,,Toowong,Mount Coot-tha,No Roadway Feature,No traffic control,0 - 50 km/h,Sealed - Dry,Daylight,Straight,Veh'S Same Direction: Lane Change Right,Lane changes,0,0,2,0,2,2,0,0,0,0,0,0
264658,Hospitalisation,2013,11,Angle,Multi-Vehicle,153.0480863,-27.44090843,Hunt St,Kingsford Smith Dr,Hamilton,Clayfield,Intersection - T-Junction,No traffic control,60 km/h,Sealed - Dry,Daylight,Straight,Veh'S Same Direction: Left Turn S/Swipe,Parallel lanes turning,0,1,0,0,1,1,1,0,0,0,0,0
264659,Hospitalisation,2013,12,Angle,Multi-Vehicle,152.9904779,-27.42393393,Audrey St,Western Arterial Rd,Enoggera,Ashgrove,Intersection - T-Junction,No traffic control,60 km/h,Sealed - Dry,Daylight,Straight,Veh'S Opposite Approach: Thru-Right,Opposing vehicles turning,0,1,0,0,1,2,0,0,0,0,0,0
264673,Minor injury,2013,8,Rear-end,Multi-Vehicle,153.038782,-27.454722,Ann St,,Fortitude Valley,Brisbane Central,No Roadway Feature,No traffic control,0 - 50 km/h,Sealed - Dry,Daylight,Straight,Veh'S Same Direction: Rear End,Rear-end,0,0,0,1,1,3,0,0,0,0,0,0
264676,Medical treatment,2013,17,Hit pedestrian,Hit pedestrian,152.993762,-27.489778,Brisbane St,Herbert St,Toowong,Mount Coot-tha,Intersection - T-Junction,Pedestrian operated lights,60 km/h,Sealed - Dry,Daylight,Straight,Ped'N: Far Side Vehicle Hit From Left,Pedestrian,0,0,1,0,1,1,0,0,0,0,1,0
264677,Hospitalisation,2013,6,Angle,Multi-Vehicle,152.9940965,-27.49197177,Gailey Rd,Sir Fred Schonell Dr,Toowong,Indooroopilly,Intersection - T-Junction,Operating traffic lights,60 km/h,Sealed - Dry,Daylight,Straight,Veh'S Adjacent Approach: Thru-Right,Intersection from adjacent approaches,0,1,0,0,1,2,0,0,0,0,0,0
264682,Hospitalisation,2013,9,Rear-end,Multi-Vehicle,153.0392658,-27.37479059,Ellison Rd,Piccadilly St,Geebung,Nudgee,Intersection - T-Junction,No traffic control,60 km/h,Sealed - Dry,Daylight,Straight,Veh'S Same Direction: Left Rear,Rear-end,0,2,0,0,2,1,1,0,0,0,0,0
264712,Hospitalisation,2013,15,Angle,Multi-Vehicle,152.9883012,-27.45464494,Belmont Cres,Western Arterial Rd,Bardon,Ashgrove,Intersection - T-Junction,No traffic control,60 km/h,Sealed - Dry,Daylight,Straight,Off Path-Straight: Other,Other,0,1,0,0,1,1,1,0,0,0,0,0
264713,Hospitalisation,2013,16,Angle,Multi-Vehicle,152.9894691,-27.44686795,Devonshire St,Western Arterial Rd,Ashgrove,Ashgrove,Intersection - T-Junction,Give way sign,60 km/h,Sealed - Dry,Daylight,Curved - view open,Veh'S Adjacent Approach: Thru-Right,Intersection from adjacent approaches,0,1,0,0,1,2,0,0,0,0,0,0
264717,Hospitalisation,2013,21,Angle,Multi-Vehicle,152.9527893,-27.50810008,Chapel Hill Rd,Moggill Sub-Arterial Rd,Chapel Hill,Moggill,Intersection - T-Junction,Operating traffic lights,60 km/h,Sealed - Dry,Darkness - Lighted,Straight,Veh'S Adjacent Approach: Thru-Right,Intersection from adjacent approaches,0,1,0,0,1,1,1,0,0,0,0,0
264719,Hospitalisation,2013,7,Angle,Multi-Vehicle,153.0313981,-27.39775761,Boothby St,Gympie Arterial Rd,Kedron,Nudgee,Intersection - T-Junction,No traffic control,60 km/h,Sealed - Dry,Daylight,Straight,Veh'S Manoeuvring: Entering From Footway,Vehicle leaving driveway,0,1,0,0,1,1,1,0,0,0,0,0
264720,Medical treatment,2013,16,Fall from vehicle,Single Vehicle,153.06167,-27.366571,Ferric St,Sandgate Sub-Arterial Rd,Virginia,Nudgee,Intersection - Cross,Operating traffic lights,70 km/h,Sealed - Dry,Daylight,Straight,Off Path-Straight:Out Of Control On Cway,Out of control on straight,0,0,1,0,1,0,1,0,0,0,0,0
264730,Medical treatment,2013,8,Angle,Multi-Vehicle,153.053533,-27.420276,London Rd,Sandgate Rd,Clayfield,Clayfield,No Roadway Feature,No traffic control,0 - 50 km/h,Sealed - Dry,Daylight,Straight,Veh'S Manoeuvring: Other,Other,0,0,1,0,1,1,0,0,0,1,0,0
264731,Minor injury,2013,12,Angle,Multi-Vehicle,153.082184,-27.414393,The Boulevard,,Brisbane Airport,Clayfield,No Roadway Feature,No traffic control,0 - 50 km/h,Sealed - Dry,Daylight,Straight,Veh'S Opposite Approach: Thru-Right,Opposing vehicles turning,0,0,0,1,1,2,0,0,0,0,0,0
264732,Hospitalisation,2013,20,Hit pedestrian,Hit pedestrian,153.045901,-27.41592448,Dickson St,,Wooloowin,Clayfield,No Roadway Feature,No traffic control,60 km/h,Sealed - Dry,Darkness - Not lighted,Straight,Ped'N: Hit Other,Other,0,1,0,0,1,1,0,0,0,0,1,0
264733,Hospitalisation,2013,6,Angle,Multi-Vehicle,153.0828477,-27.43311217,Fison Ave W,Kingsford Smith Dr,Eagle Farm,Clayfield,Intersection - Interchange,Operating traffic lights,60 km/h,Sealed - Dry,Daylight,Straight,Veh'S Opposite Approach: Thru-Right,Opposing vehicles turning,0,1,0,0,1,1,0,1,0,0,0,0
264734,Minor injury,2013,15,Angle,Multi-Vehicle,152.942513,-27.413004,Glengarry Rd,Upper Kedron Rd,Keperra,Ferny Grove,Intersection - T-Junction,Give way sign,60 km/h,Sealed - Dry,Daylight,Curved - view open,Veh'S Adjacent Approach: Right-Thru,Intersection from adjacent approaches,0,0,0,2,2,2,0,0,0,0,0,0
264760,Medical treatment,2013,15,Angle,Multi-Vehicle,153.0416999,-27.45267952,Stratton St,,Newstead,Brisbane Central,No Roadway Feature,No traffic control,60 km/h,Sealed - Dry,Daylight,Straight,Veh'S Opposite Approach: Thru-Right,Opposing vehicles turning,0,0,1,0,1,2,0,0,0,0,0,0
264761,Minor injury,2013,7,Angle,Multi-Vehicle,153.034667,-27.452919,Alexandria St,St Pauls Tce,Fortitude Valley,Brisbane Central,No Roadway Feature,No traffic control,60 km/h,Sealed - Dry,Daylight,Straight,Veh'S Opposite Approach: Thru-Right,Opposing vehicles turning,0,0,0,1,1,1,0,0,0,1,0,0
264763,Hospitalisation,2013,7,Angle,Multi-Vehicle,153.0118063,-27.49461664,Campbell Rd,Sir William Macgregor Dr,St Lucia,Indooroopilly,Intersection - Roundabout,Give way sign,0 - 50 km/h,Sealed - Dry,Daylight,Straight,Veh'S Adjacent Approach: Thru-Thru,Intersection from adjacent approaches,0,1,0,0,1,1,0,0,0,1,0,0
264764,Medical treatment,2013,3,Hit pedestrian,Hit pedestrian,152.963766,-27.502304,Moggill Rd,,Indooroopilly,Indooroopilly,No Roadway Feature,Police,0 - 50 km/h,Sealed - Dry,Darkness - Lighted,Straight,Ped'N: Hit Other,Other,0,0,1,0,1,1,0,0,0,0,1,0
264765,Hospitalisation,2013,5,Angle,Multi-Vehicle,152.995321,-27.483752,Coronation Dr,,Toowong,Mount Coot-tha,No Roadway Feature,No traffic control,60 km/h,Sealed - Dry,Daylight,Curved - view open,Veh'S Manoeuvring: Entering From Footway,Vehicle leaving driveway,0,1,0,0,1,0,0,1,0,1,0,0
264769,Medical treatment,2013,13,Hit object,Single Vehicle,153.06243,-27.374536,Pritchard Rd,Sandgate Sub-Arterial Rd,Virginia,Nudgee,Intersection - T-Junction,Operating traffic lights,70 km/h,Sealed - Dry,Daylight,Straight,Veh'S Adjacent Approach: Thru-Right,Intersection from adjacent approaches,0,0,1,0,1,3,0,0,0,0,0,0
264774,Medical treatment,2013,16,Angle,Multi-Vehicle,153.072842,-27.40331,Nudgee Rd,York St,Nundah,Nudgee,Intersection - T-Junction,Give way sign,60 km/h,Sealed - Dry,Daylight,Straight,Veh'S Adjacent Approach: Thru-Right,Intersection from adjacent approaches,0,0,1,0,1,1,1,0,0,0,0,0
264792,Minor injury,2013,6,Rear-end,Multi-Vehicle,153.05023,-27.462662,Macquarie St,,Teneriffe,Brisbane Central,No Roadway Feature,No traffic control,60 km/h,Sealed - Dry,Daylight,Straight,Veh'S Same Direction: Rear End,Rear-end,0,0,0,1,1,3,0,0,0,0,0,0