Crash_Ref_Number,Severity,Year,Hour,Crash_Nature,Crash_Type,Longitude,Latitude,Street,Street_Intersecting,Suburb,Loc_State_Electorate,Crash_Roadway_Feature,Crash_Traffic_Control,Crash_Speed_Limit,Crash_Road_Surface_Condition,Crash_Lighting_Condition,Crash_Road_Horiz_Align,Crash_DCA_Description,Crash_DCA_Group_Description,Count_Casualty_Fatality,Count_Casualty_Hospitalised,Count_Casualty_MedicallyTreated,Count_Casualty_MinorInjury,Count_Casualty_Total,Count_Unit_Car,Count_Unit_Motorcycle_Moped,Count_Unit_Truck,Count_Unit_Bus,Count_Unit_Bicycle,Count_Unit_Pedestrian,Count_Unit_Other
264794,Medical treatment,2013,6,Angle,Multi-Vehicle,152.989264,-27.492252,Indooroopilly Rd,,Toowong,Mount Coot-tha,No Roadway Feature,No traffic control,0 - 50 km/h,Sealed - Dry,Daylight,Straight,Veh'S Same Direction: Right Turn S/Swipe,Parallel lanes turning,0,0,1,0,1,1,0,0,0,1,0,0
264795,Minor injury,2013,0,Hit object,Single Vehicle,153.085899,-27.325424,Swan St,,Shorncliffe,Sandgate,No Roadway Feature,No traffic control,0 - 50 km/h,Sealed - Dry,Darkness - Lighted,Straight,Off Path-Straight: Left Off Cway Hit Obj,Off carriageway on straight hit object,0,0,0,1,1,1,0,0,0,0,0,0
264796,Medical treatment,2013,17,Rear-end,Multi-Vehicle,153.042969,-27.339643,Handford Rd,,Taigum,Sandgate,No Roadway Feature,No traffic control,60 km/h,Sealed - Dry,Daylight,Curved - view open,Veh'S Same Direction: Rear End,Rear-end,0,0,1,0,1,2,0,0,0,0,0,0
264797,Medical treatment,2013,17,Rear-end,Multi-Vehicle,153.041559,-27.341078,Roghan Rd,,Taigum,Sandgate,No Roadway Feature,No traffic control,60 km/h,Sealed - Dry,Daylight,Straight,Veh'S Same Direction: Left Rear,Rear-end,0,0,1,0,1,2,0,0,0,0,0,0
264802,Hospitalisation,2013,13,Angle,Multi-Vehicle,153.0905194,-27.41549812,Lomandra Dr,Qantas Dr,Brisbane Airport,Clayfield,Intersection - T-Junction,Operating traffic lights,0 - 50 km/h,Sealed - Dry,Daylight,Straight,Veh'S Opposite Approach: Thru-Right,Opposing vehicles turning,0,1,0,0,1,2,0,0,0,0,0,0
264819,Minor injury,2013,16,Rear-end,Multi-Vehicle,152.9946075,-27.44556401,Waterworks Rd,,Ashgrove,Ashgrove,No Roadway Feature,No traffic control,60 km/h,Sealed - Dry,Daylight,Straight,Veh'S Same Direction: Rear End,Rear-end,0,0,0,1,1,3,0,0,0,0,0,0
264820,Minor injury,2013,14,Angle,Multi-Vehicle,153.051032,-27.465452,Lamington St,Refinery Pde,New Farm,Brisbane Central,Intersection - Roundabout,Give way sign,0 - 50 km/h,Sealed - Dry,Daylight,Curved - view open,Veh'S Adjacent Approach: Thru-Right,Intersection from adjacent approaches,0,0,0,1,1,1,1,0,0,0,0,0
264821,Medical treatment,2013,16,Sideswipe,Multi-Vehicle,153.046138,-27.467156,Brunswick St,Merthyr Rd,New Farm,Brisbane Central,Intersection - Cross,Operating traffic lights,60 km/h,Sealed - Dry,Daylight,Straight,Veh'S Opposite Approach: Thru-Right,Opposing vehicles turning,0,0,1,0,1,2,0,0,0,0,0,0
264823,Medical treatment,2013,16,Hit pedestrian,Hit pedestrian,152.992206,-27.486068,High St,Sherwood Rd,Toowong,Mount Coot-tha,Intersection - T-Junction,No traffic control,0 - 50 km/h,Sealed - Dry,Daylight,Curved - view open,Ped'N: Near Side Vehicle Hit From Right,Pedestrian,0,0,1,0,1,1,0,0,0,0,1,0
264824,Medical treatment,2013,9,Rear-end,Multi-Vehicle,152.9993601,-27.49437403,Sir Fred Schonell Dr,,St Lucia,Indooroopilly,No Roadway Feature,No traffic control,60 km/h,Sealed - Dry,Daylight,Straight,Veh'S Same Direction: Rear End,Rear-end,0,0,1,0,1,3,0,0,0,0,0,0
264832,Medical treatment,2013,5,Hit pedestrian,Hit pedestrian,153.0542468,-27.40787012,Kedron Brook Bikeway,,Clayfield,Clayfield,Bikeway,No traffic control,0 - 50 km/h,Sealed - Dry,Daylight,Straight,Ped'N: Hit Other,Other,0,0,2,0,2,0,0,0,0,1,1,0
264833,Hospitalisation,2013,10,Rear-end,Multi-Vehicle,153.062308,-27.43976833,Kingsford Smith Dr,,Hamilton,Clayfield,No Roadway Feature,No traffic control,60 km/h,Sealed - Dry,Daylight,Straight,Veh'S Same Direction: Rear End,Rear-end,0,1,0,0,1,2,0,1,0,0,0,0
264834,Medical treatment,2013,10,Rear-end,Multi-Vehicle,153.0524051,-27.42135693,Sandgate Rd,,Clayfield,Clayfield,No Roadway Feature,No traffic control,60 km/h,Sealed - Dry,Daylight,Straight,Veh'S Same Direction: Rear End,Rear-end,0,0,1,0,1,2,0,0,0,0,0,0
264835,Minor injury,2013,10,Sideswipe,Multi-Vehicle,153.033632,-27.412716,East - West Arterial Rd,Gympie Arterial Rd,Kedron,Clayfield,Intersection - Cross,Operating traffic lights,60 km/h,Sealed - Dry,Daylight,Curved - view open,Veh'S Same Direction: Lane Side Swipe,Lane changes,0,0,0,2,2,2,0,0,0,0,0,0
264863,Hospitalisation,2013,13,Hit pedestrian,Hit pedestrian,153.03432,-27.453267,St Pauls Tce,,Fortitude Valley,Brisbane Central,No Roadway Feature,No traffic control,60 km/h,Sealed - Dry,Daylight,Straight,Ped'N: Play; Work; Stand; Lie On C'Way,Pedestrian,0,1,0,0,1,1,0,0,0,0,1,0
264865,Hospitalisation,2013,9,Angle,Multi-Vehicle,153.0221981,-27.38392069,Hamilton Rd,Webster Rd,Chermside,Stafford,Intersection - Roundabout,Give way sign,60 km/h,Sealed - Dry,Daylight,Straight,Veh'S Adjacant Approach: Thru-Left,Intersection from adjacent approaches,0,1,0,0,1,1,0,0,0,1,0,0
264866,Medical treatment,2013,8,Rear-end,Multi-Vehicle,153.021916,-27.372347,Gympie Arterial Rd,,Aspley,Aspley,No Roadway Feature,No traffic control,70 km/h,Sealed - Dry,Daylight,Straight,Veh'S Same Direction: Rear End,Rear-end,0,0,1,0,1,3,0,0,0,0,0,0
264867,Medical treatment,2013,13,Rear-end,Multi-Vehicle,153.0129677,-27.34770367,Gympie Arterial Rd,,Carseldine,Aspley,No Roadway Feature,No traffic control,70 km/h,Sealed - Dry,Daylight,Straight,Veh'S Same Direction: Rear End,Rear-end,0,0,2,0,2,3,0,0,0,0,0,0
264875,Hospitalisation,2013,12,Rear-end,Multi-Vehicle,153.0358912,-27.41804457,Lutwyche Rd,Norman St,Lutwyche,Clayfield,Intersection - Cross,Operating traffic lights,60 km/h,Sealed - Dry,Daylight,Straight,Veh'S Same Direction: Rear End,Rear-end,0,2,0,0,2,1,0,1,0,0,0,0
264876,Medical treatment,2013,15,Rear-end,Multi-Vehicle,153.0435213,-27.39529533,Rode Rd,Willinda Ave,Wavell Heights,Clayfield,Intersection - T-Junction,No traffic control,60 km/h,Sealed - Dry,Daylight,Straight,Veh'S Same Direction: Right Rear,Rear-end,0,0,1,0,1,2,0,0,0,0,0,0
264877,Hospitalisation,2013,13,Rear-end,Multi-Vehicle,153.0973929,-27.36795213,Gateway Arterial Rd,,Nudgee Beach,Nudgee,No Roadway Feature,No traffic control,100 - 110 km/h,Sealed - Dry,Daylight,Straight,Veh'S Same Direction: Rear End,Rear-end,0,1,0,0,1,2,0,0,0,0,0,0
264878,Medical treatment,2013,6,Fall from vehicle,Single Vehicle,152.9046971,-27.40672483,Lochinvar Rd,,Upper Kedron,Ferny Grove,No Roadway Feature,No traffic control,60 km/h,Sealed - Dry,Daylight,Curved - view open,Off Path-Curve: Out Of Control On Cway,Out of control on curve,0,0,1,0,1,0,0,0,0,1,0,0
264899,Hospitalisation,2013,0,Hit parked vehicle,Single Vehicle,153.0016119,-27.43747883,Ashgrove Ave,,Ashgrove,Ashgrove,No Roadway Feature,No traffic control,60 km/h,Sealed - Dry,Darkness - Lighted,Straight,Off Path-Straight: Left Off Cway Hit Obj,Off carriageway on straight hit object,0,1,0,0,1,2,0,0,0,0,0,0
264900,Medical treatment,2013,13,Rear-end,Multi-Vehicle,153.027926,-27.479174,South East Arterial Rd,,Brisbane City,Brisbane Central,Bridge/Causeway,No traffic control,80 - 90 km/h,Sealed - Dry,Daylight,Straight,Veh'S Same Direction: Rear End,Rear-end,0,0,1,0,1,2,0,0,0,0,0,0
264913,Medical treatment,2013,10,Angle,Multi-Vehicle,153.041176,-27.429902,Albion Rd,Hudson Rd,Albion,Clayfield,Intersection - Cross,Stop sign,0 - 50 km/h,Sealed - Dry,Daylight,Straight,Veh'S Adjacent Approach: Thru-Thru,Intersection from adjacent approaches,0,0,1,0,1,2,0,0,0,0,0,0
264914,Medical treatment,2013,0,Hit parked vehicle,Single Vehicle,153.042515,-27.426031,Hudson Rd,,Albion,Clayfield,No Roadway Feature,No traffic control,0 - 50 km/h,Sealed - Dry,Darkness - Lighted,Straight,Off Path-Straight: Left Off Cway Hit Obj,Off carriageway on straight hit object,0,0,1,0,1,2,0,0,0,0,0,0
264915,Hospitalisation,2013,14,Hit object,Single Vehicle,153.0676505,-27.39600631,Dethridge St,Melton Rd,Northgate,Nudgee,Intersection - T-Junction,No traffic control,60 km/h,Sealed - Dry,Daylight,Straight,Off Path-Straight:Right Off Cway Hit Obj,Off carriageway on straight hit object,0,1,1,0,2,1,0,0,0,0,0,0
264935,Hospitalisation,2013,12,Hit object,Single Vehicle,153.0440636,-27.47264042,Sargent St,Sydney St,New Farm,Brisbane Central,Intersection - T-Junction,No traffic control,0 - 50 km/h,Sealed - Dry,Daylight,Straight,Veh'S Manoeuvring: Other,Other,0,1,0,0,1,0,1,0,0,0,0,0
264941,Minor injury,2013,7,Angle,Multi-Vehicle,153.046717,-27.360704,Yukon St,Zillmere Rd,Zillmere,Nudgee,Intersection - T-Junction,No traffic control,0 - 50 km/h,Sealed - Dry,Daylight,Straight,Veh'S Adjacent Approach: Right-Thru,Intersection from adjacent approaches,0,0,0,1,1,2,0,0,0,0,0,0
264942,Medical treatment,2013,10,Rear-end,Multi-Vehicle,153.036924,-27.386787,Hamilton Rd,,Chermside,Nudgee,No Roadway Feature,No traffic control,60 km/h,Sealed - Dry,Daylight,Straight,Veh'S Same Direction: Rear End,Rear-end,0,0,1,0,1,1,0,1,0,0,0,0
264949,Medical treatment,2013,8,Rear-end,Multi-Vehicle,153.040775,-27.432244,Hudson Rd,,Albion,Clayfield,No Roadway Feature,No traffic control,60 km/h,Sealed - Dry,Daylight,Straight,Veh'S Same Direction: Rear End,Rear-end,0,0,1,1,2,4,0,0,0,0,0,0
264968,Minor injury,2013,9,Rear-end,Multi-Vehicle,153.025468,-27.466817,Ann St,Edward St,Brisbane City,Brisbane Central,Intersection - Cross,Operating traffic lights,0 - 50 km/h,Sealed - Dry,Daylight,Straight,Veh'S Same Direction: Rear End,Rear-end,0,0,0,1,1,2,0,0,0,0,0,0
264969,Medical treatment,2013,5,Hit object,Single Vehicle,153.003396,-27.475059,Coronation Dr,,Milton,Mount Coot-tha,No Roadway Feature,No traffic control,60 km/h,Sealed - Dry,Daylight,Straight,Off Path-Straight: Left Off Cway Hit Obj,Off carriageway on straight hit object,0,0,1,0,1,1,0,0,0,0,0,0
264970,Medical treatment,2013,16,Rear-end,Multi-Vehicle,153.011303,-27.462559,Hale St,,Paddington,Mount Coot-tha,No Roadway Feature,No traffic control,60 km/h,Sealed - Dry,Daylight,Straight,Veh'S Same Direction: Rear End,Rear-end,0,0,1,0,1,3,0,0,0,0,0,0
264971,Hospitalisation,2013,18,Angle,Multi-Vehicle,152.9560624,-27.52458703,Fig Tree Pocket Rd,Kenmore Rd,Fig Tree Pocket,Indooroopilly,Intersection - T-Junction,Give way sign,60 km/h,Sealed - Dry,Dawn/Dusk,Curved - view open,Veh'S Adjacent Approach: Thru-Right,Intersection from adjacent approaches,0,1,0,0,1,2,0,0,0,0,0,0
264973,Medical treatment,2013,9,Angle,Multi-Vehicle,153.025306,-27.331003,Norris Rd,Telegraph Rd,Bracken Ridge,Sandgate,Intersection - T-Junction,Operating traffic lights,60 km/h,Sealed - Dry,Daylight,Straight,Veh'S Adjacent Approach: Thru-Right,Intersection from adjacent approaches,0,0,2,0,2,4,0,0,0,0,0,0
264974,Medical treatment,2013,15,Angle,Multi-Vehicle,153.026086,-27.411687,Bradley Ave,East - West Arterial Rd,Kedron,Stafford,Intersection - T-Junction,No traffic control,60 km/h,Sealed - Dry,Daylight,Straight,Veh'S Opposite Approach: Thru-Right,Opposing vehicles turning,0,0,1,0,1,3,0,0,0,0,0,0
264976,Minor injury,2013,17,Rear-end,Multi-Vehicle,153.0216928,-27.38546287,Invalid Street From Police,,Chermside West,Stafford,Intersection - Roundabout,No traffic control,60 km/h,Sealed - Dry,Daylight,Curved - view open,Veh'S Same Direction: Rear End,Rear-end,0,0,0,1,1,2,0,0,0,0,0,0
264977,Medical treatment,2013,7,Hit object,Single Vehicle,153.062107,-27.356809,Northumbria Rd,,Boondall,Nudgee,No Roadway Feature,No traffic control,60 km/h,Sealed - Dry,Daylight,Straight,Off Path-Straight: Left Off Cway Hit Obj,Off carriageway on straight hit object,0,0,2,0,2,1,0,0,0,0,0,0
264984,Medical treatment,2013,22,Angle,Multi-Vehicle,153.073716,-27.419226,Gerler Rd,Nudgee Rd,Hendra,Clayfield,Intersection - T-Junction,Operating traffic lights,60 km/h,Sealed - Dry,Darkness - Lighted,Straight,Veh'S Opposite Approach: Thru-Right,Opposing vehicles turning,0,0,1,0,1,2,0,0,0,0,0,0
265031,Medical treatment,2013,13,Hit object,Single Vehicle,153.015733,-27.451737,Musk Ave,Victoria Pk Rd,Kelvin Grove,Brisbane Central,Intersection - T-Junction,No traffic control,0 - 50 km/h,Sealed - Wet,Dawn/Dusk,Curved - view open,Off Path-Curve: Off Cway Rt Bend Hit Obj,Off carriageway on curve hit object,0,0,1,0,1,0,1,0,0,0,0,0
265032,Medical treatment,2013,15,Rear-end,Multi-Vehicle,153.003641,-27.47461,Coronation Dr,,Milton,Mount Coot-tha,No Roadway Feature,No traffic control,60 km/h,Sealed - Dry,Daylight,Straight,Veh'S Same Direction: Rear End,Rear-end,0,0,1,0,1,3,0,0,0,0,0,0
265033,Medical treatment,2013,13,Head-on,Multi-Vehicle,153.002,-27.46,Given Tce,Latrobe Tce,Paddington,Mount Coot-tha,Intersection - Y-Junction,Operating traffic lights,60 km/h,Sealed - Wet,Daylight,Curved - view open,Veh'S Opposite Approach: Thru-Right,Opposing vehicles turning,0,0,1,0,1,2,0,0,0,0,0,0
265034,Hospitalisation,2013,8,Rear-end,Multi-Vehicle,153.0356377,-27.4633715,Bradfield Hwy,,Fortitude Valley,Brisbane Central,Bridge/Causeway,No traffic control,60 km/h,Sealed - Dry,Daylight,Straight,Veh'S Same Direction: Rear End,Rear-end,0,1,0,0,1,2,0,0,0,0,0,0
265035,Medical treatment,2013,9,Rear-end,Multi-Vehicle,152.973658,-27.505622,Coonan St,,Indooroopilly,Indooroopilly,Bridge/Causeway,No traffic control,60 km/h,Sealed - Dry,Daylight,Straight,Veh'S Same Direction: Rear End,Rear-end,0,0,2,0,2,3,0,0,0,0,0,0
265036,Hospitalisation,2013,2,Hit object,Single Vehicle,152.9959364,-27.48352277,Coronation Dr,,Toowong,Mount Coot-tha,No Roadway Feature,No traffic control,60 km/h,Sealed - Wet,Darkness - Lighted,Curved - view open,Off Path-Curve: Off Cway Rt Bend Hit Obj,Off carriageway on curve hit object,0,1,0,0,1,1,0,0,0,0,0,0
265037,Minor injury,2013,9,Rear-end,Multi-Vehicle,152.9545951,-27.51562972,Fig Tree Pocket Rd,,Chapel Hill,Moggill,No Roadway Feature,No traffic control,60 km/h,Sealed - Dry,Daylight,Straight,Veh'S Same Direction: Rear End,Rear-end,0,0,0,1,1,3,0,0,0,0,0,0
265044,Hospitalisation,2013,23,Hit parked vehicle,Single Vehicle,153.0621977,-27.40365837,Buckland Rd,Union St,Nundah,Nudgee,Intersection - T-Junction,No traffic control,60 km/h,Sealed - Dry,Darkness - Lighted,Straight,Veh'S On Path: Parked,Hit parked vehicle,0,1,0,0,1,3,0,0,0,0,0,0
265045,Medical treatment,2013,14,Rear-end,Multi-Vehicle,153.062554,-27.392297,Flower St,Northgate Rd,Northgate,Nudgee,Intersection - Roundabout,Give way sign,60 km/h,Sealed - Wet,Daylight,Straight,Veh'S Same Direction: Rear End,Rear-end,0,0,1,0,1,2,0,0,0,0,0,0
265046,Hospitalisation,2013,6,Angle,Multi-Vehicle,153.0851606,-27.43513815,Fison Ave W,Southern Cross Wy Ramp Ll,Eagle Farm,Clayfield,Intersection - Interchange,Stop sign,60 km/h,Sealed - Dry,Daylight,Straight,Veh'S Adjacent Approach: Thru-Thru,Intersection from adjacent approaches,0,1,0,0,1,2,0,0,0,0,0,0
265047,Hospitalisation,2013,7,Rear-end,Multi-Vehicle,153.0043957,-27.42917881,Enoggera Rd,,Alderley,Stafford,No Roadway Feature,No traffic control,60 km/h,Sealed - Dry,Daylight,Straight,Veh'S Same Direction: Rear End,Rear-end,0,1,0,0,1,1,1,0,0,0,0,0
265081,Medical treatment,2013,15,Rear-end,Multi-Vehicle,152.978933,-27.451651,Coopers Camp Rd,Sunrise St,Ashgrove,Mount Coot-tha,Intersection - T-Junction,Stop sign,60 km/h,Sealed - Dry,Daylight,Straight,Veh'S Same Direction: Right Rear,Rear-end,0,0,1,0,1,3,0,0,0,0,0,0
265082,Medical treatment,2013,14,Rear-end,Multi-Vehicle,153.00816,-27.470757,Coronation Dr,,Milton,Mount Coot-tha,No Roadway Feature,No traffic control,60 km/h,Sealed - Dry,Daylight,Straight,Veh'S Same Direction: Rear End,Rear-end,0,0,1,0,1,2,0,0,0,0,0,0
265083,Medical treatment,2013,6,Hit pedestrian,Hit pedestrian,153.0381706,-27.45661004,Mclachlan St,,Fortitude Valley,Brisbane Central,No Roadway Feature,No traffic control,60 km/h,Sealed - Dry,Daylight,Straight,Ped'N: Hit Other,Other,0,0,1,0,1,1,0,0,0,0,1,0
265084,Hospitalisation,2013,8,Sideswipe,Multi-Vehicle,153.0357226,-27.46150951,Kemp Pl,,Fortitude Valley,Brisbane Central,No Roadway Feature,No traffic control,60 km/h,Sealed - Dry,Daylight,Curved - view open,Veh'S Same Direction: Left Turn S/Swipe,Parallel lanes turning,0,2,0,1,3,1,0,0,1,0,0,0
265088,Minor injury,2013,16,Rear-end,Multi-Vehicle,153.031232,-27.397805,Boothby St,Gympie Arterial Rd,Kedron,Stafford,Intersection - T-Junction,Give way sign,60 km/h,Sealed - Dry,Daylight,Straight,Veh'S Same Direction: Rear End,Rear-end,0,0,0,1,1,1,0,1,0,0,0,0
265099,Hospitalisation,2013,22,Hit object,Single Vehicle,153.0400561,-27.41991053,Kedron Park Rd,,Wooloowin,Clayfield,No Roadway Feature,No traffic control,60 km/h,Sealed - Dry,Darkness - Lighted,Straight,Off Path-Straight: Left Off Cway Hit Obj,Off carriageway on straight hit object,0,1,0,0,1,1,0,0,0,0,0,0
265101,Hospitalisation,2013,14,Fall from vehicle,Single Vehicle,152.990838,-27.42162,Western Arterial Rd,,Enoggera,Ashgrove,No Roadway Feature,No traffic control,60 km/h,Sealed - Dry,Daylight,Straight,Veh'S Manoeuvring: Other,Other,0,1,0,0,1,0,0,0,0,1,0,0
265124,Hospitalisation,2013,0,Hit object,Single Vehicle,152.99693,-27.44577287,Waterworks Rd,,Ashgrove,Ashgrove,No Roadway Feature,No traffic control,60 km/h,Sealed - Dry,Darkness - Lighted,Curved - view open,Off Path-Curve: Off Cway Rt Bend Hit Obj,Off carriageway on curve hit object,0,1,0,0,1,0,1,0,0,0,0,0
265125,Medical treatment,2013,22,Hit object,Single Vehicle,153.020575,-27.445693,Aberleigh Rd,Fleming Rd,Herston,Brisbane Central,Intersection - T-Junction,No traffic control,0 - 50 km/h,Sealed - Dry,Darkness - Lighted,Straight,Off Path-Straight: Left Off Cway Hit Obj,Off carriageway on straight hit object,0,0,1,0,1,1,0,0,0,0,0,0
265126,Hospitalisation,2013,10,Hit object,Single Vehicle,153.0357456,-27.4621255,Bradfield Hwy,,Fortitude Valley,Brisbane Central,Bridge/Causeway,No traffic control,60 km/h,Sealed - Dry,Daylight,Straight,Off Path-Straight: Left Off Cway Hit Obj,Off carriageway on straight hit object,0,1,0,0,1,0,1,0,0,0,0,0
265130,Hospitalisation,2013,7,Angle,Multi-Vehicle,153.1055846,-27.34745509,Nudgee Rd,O'Quinn St,Nudgee Beach,Nudgee,Intersection - T-Junction,No traffic control,0 - 50 km/h,Sealed - Dry,Daylight,Straight,Veh'S Adjacent Approach: Left-Right,Intersection from adjacent approaches,0,2,0,0,2,0,0,0,0,2,0,0
265145,Minor injury,2013,21,Hit object,Single Vehicle,152.9988998,-27.5162764,Meiers Rd,,Indooroopilly,Indooroopilly,No Roadway Feature,No traffic control,0 - 50 km/h,Sealed - Dry,Daylight,Straight,Off Path-Straight: Left Off Cway Hit Obj,Off carriageway on straight hit object,0,0,0,1,1,1,0,0,0,0,0,0
265146,Medical treatment,2013,7,Angle,Multi-Vehicle,153.0578061,-27.33266086,Invalid Street From Police,,Deagon,Sandgate,Intersection - T-Junction,Give way sign,60 km/h,Sealed - Dry,Daylight,Straight,Veh'S Manoeuvring: Entering From Footway,Vehicle leaving driveway,0,0,1,0,1,1,0,0,0,1,0,0
265147,Medical treatment,2013,9,Hit object,Single Vehicle,153.021943,-27.3041,Gateway Arterial Rd,,Bald Hills,Sandgate,No Roadway Feature,No traffic control,100 - 110 km/h,Sealed - Dry,Daylight,Straight,Off Path-Straight: Left Off Cway Hit Obj,Off carriageway on straight hit object,0,0,1,0,1,1,0,0,0,0,0,0
265177,Hospitalisation,2013,10,Rear-end,Multi-Vehicle,153.021786,-27.37227173,Gympie Arterial Rd,,Aspley,Aspley,No Roadway Feature,No traffic control,70 km/h,Sealed - Dry,Daylight,Straight,Veh'S Same Direction: Rear End,Rear-end,0,1,0,0,1,2,1,0,0,0,0,0
265183,Medical treatment,2013,7,Sideswipe,Multi-Vehicle,153.125927,-27.407895,Main Myrtletown Rd,,Brisbane Airport,Clayfield,No Roadway Feature,No traffic control,80 - 90 km/h,Sealed - Dry,Daylight,Straight,Veh'S Same Direction: Lane Change Left,Lane changes,0,0,1,0,1,0,0,1,0,1,0,0
265199,Minor injury,2013,6,Hit parked vehicle,Single Vehicle,152.9363,-27.4469093,Elgata St,,The Gap,Ashgrove,No Roadway Feature,No traffic control,0 - 50 km/h,Sealed - Dry,Daylight,Straight,Veh'S Opposite Approach: Other,Other,0,0,0,1,1,2,0,0,0,0,0,0
265200,Minor injury,2013,14,Hit pedestrian,Hit pedestrian,153.026014,-27.467676,Adelaide St,,Brisbane City,Brisbane Central,No Roadway Feature,No traffic control,0 - 50 km/h,Sealed - Dry,Daylight,Straight,Ped'N: Near Side Vehicle Hit From Right,Pedestrian,0,0,0,1,1,1,0,0,0,0,1,0
265201,Hospitalisation,2013,16,Hit object,Single Vehicle,153.0357346,-27.4618665,Story Bridge,,Fortitude Valley,Brisbane Central,Bridge/Causeway,No traffic control,60 km/h,Sealed - Dry,Daylight,Straight,Veh'S Opposite Approach: Head On,Head-on,0,1,0,0,1,2,0,0,0,0,0,0
265203,Minor injury,2013,7,Angle,Multi-Vehicle,152.955792,-27.493016,Chapel Hill Rd,Russell Tce,Chapel Hill,Mount Coot-tha,Intersection - Roundabout,Give way sign,60 km/h,Sealed - Dry,Daylight,Straight,Veh'S Adjacent Approach: Thru-Right,Intersection from adjacent approaches,0,0,0,1,1,1,0,0,0,1,0,0
265209,Hospitalisation,2013,17,Rear-end,Multi-Vehicle,153.0769301,-27.34564732,Gateway Arterial Rd,,Boondall,Nudgee,No Roadway Feature,No traffic control,100 - 110 km/h,Sealed - Dry,Daylight,Straight,Veh'S Same Direction: Rear End,Rear-end,0,1,0,0,1,3,0,0,0,0,0,0
265214,Medical treatment,2013,13,Angle,Multi-Vehicle,153.071557,-27.413497,Hedley Ave,,Hendra,Clayfield,No Roadway Feature,No traffic control,0 - 50 km/h,Sealed - Dry,Daylight,Straight,Veh'S Same Direction: Right Turn S/Swipe,Parallel lanes turning,0,0,1,1,2,2,0,0,0,0,0,0
265232,Medical treatment,2013,16,Angle,Multi-Vehicle,153.040348,-27.439328,Abbotsford Rd,,Bowen Hills,Brisbane Central,No Roadway Feature,No traffic control,60 km/h,Sealed - Dry,Daylight,Curved - view open,Veh'S Manoeuvring: Leaving Driveway,Vehicle leaving driveway,0,0,1,0,1,2,0,0,0,0,0,0
265234,Medical treatment,2013,21,Rear-end,Multi-Vehicle,153.023022,-27.411326,East - West Arterial Rd,,Gordon Park,Stafford,No Roadway Feature,No traffic control,60 km/h,Sealed - Dry,Daylight,Straight,Veh'S Same Direction: Rear End,Rear-end,0,0,1,0,1,1,0,0,1,0,0,0
265235,Hospitalisation,2013,16,Angle,Multi-Vehicle,153.0315031,-27.39998761,Gympie Arterial Rd,Kitchener Rd,Kedron,Stafford,Intersection - Cross,Operating traffic lights,60 km/h,Sealed - Dry,Daylight,Straight,Veh'S Same Direction: Left Turn S/Swipe,Parallel lanes turning,0,1,0,0,1,1,1,0,0,0,0,0
265240,Hospitalisation,2013,14,Hit object,Single Vehicle,153.0584183,-27.33768146,Gateway Art Rd Ramp Xp,,Boondall,Nudgee,Intersection - Interchange,No traffic control,60 km/h,Sealed - Wet,Daylight,Curved - view open,Veh'S On Path: Temporary Roadworks,Other,0,1,0,0,1,1,0,0,0,0,0,0
265252,Minor injury,2013,17,Angle,Multi-Vehicle,152.99047,-27.423949,Audrey St,Western Arterial Rd,Enoggera,Ashgrove,Intersection - T-Junction,No traffic control,60 km/h,Sealed - Dry,Dawn/Dusk,Straight,Veh'S Opposite Approach: Thru-Right,Opposing vehicles turning,0,0,0,1,1,2,0,0,0,0,0,0
265253,Hospitalisation,2013,12,Rear-end,Multi-Vehicle,152.9679961,-27.41026309,Samford Sub-Arterial Rd,,Mitchelton,Everton,No Roadway Feature,No traffic control,60 km/h,Sealed - Dry,Daylight,Straight,Veh'S Same Direction: Rear End,Rear-end,0,2,0,0,2,2,0,0,0,0,0,0
265267,Medical treatment,2013,17,Hit pedestrian,Hit pedestrian,153.025051,-27.472498,Charlotte St,George St,Brisbane City,Brisbane Central,Intersection - T-Junction,Operating traffic lights,0 - 50 km/h,Sealed - Dry,Daylight,Straight,Ped'N: Far Side Vehicle Hit From Left,Pedestrian,0,0,1,0,1,1,0,0,0,0,1,0
265268,Medical treatment,2013,15,Rear-end,Multi-Vehicle,153.010981,-27.46640671,Hale St Off Ramp,,Petrie Terrace,Mount Coot-tha,Intersection - Interchange,No traffic control,0 - 50 km/h,Sealed - Dry,Daylight,Straight,Veh'S Same Direction: Rear End,Rear-end,0,0,2,0,2,3,0,0,0,0,0,0
265269,Medical treatment,2013,16,Rear-end,Multi-Vehicle,153.028466,-27.47988,South East Arterial Rd,,Brisbane City,Brisbane Central,Bridge/Causeway,No traffic control,70 km/h,Sealed - Dry,Daylight,Straight,Veh'S Same Direction: Rear End,Rear-end,0,0,1,0,1,2,0,0,0,0,0,0
265270,Hospitalisation,2013,14,Angle,Multi-Vehicle,152.9633791,-27.50238601,Moggill Sub-Arterial Rd,Western Art Rd Ramp Md,Indooroopilly,Indooroopilly,Intersection - Interchange,Operating traffic lights,60 km/h,Sealed - Dry,Daylight,Straight,Veh'S Adjacent Approach: Thru-Right,Intersection from adjacent approaches,0,1,0,0,1,2,0,0,0,0,0,0