Crash_Ref_Number,Severity,Year,Hour,Crash_Nature,Crash_Type,Longitude,Latitude,Street,Street_Intersecting,Suburb,Loc_State_Electorate,Crash_Roadway_Feature,Crash_Traffic_Control,Crash_Speed_Limit,Crash_Road_Surface_Condition,Crash_Lighting_Condition,Crash_Road_Horiz_Align,Crash_DCA_Description,Crash_DCA_Group_Description,Count_Casualty_Fatality,Count_Casualty_Hospitalised,Count_Casualty_MedicallyTreated,Count_Casualty_MinorInjury,Count_Casualty_Total,Count_Unit_Car,Count_Unit_Motorcycle_Moped,Count_Unit_Truck,Count_Unit_Bus,Count_Unit_Bicycle,Count_Unit_Pedestrian,Count_Unit_Other
265275,Hospitalisation,2013,10,Angle,Multi-Vehicle,153.0606874,-27.35336944,Beams Rd,Sandgate Sub-Arterial Rd,Boondall,Nudgee,Intersection - Cross,Operating traffic lights,70 km/h,Sealed - Dry,Daylight,Straight,Veh'S Opposite Approach: Thru-Right,Opposing vehicles turning,0,1,0,0,1,3,0,0,0,0,0,0
265284,Medical treatment,2013,14,Rear-end,Multi-Vehicle,153.0594768,-27.41001235,Sandgate Sub-Arterial Rd,,Nundah,Nudgee,No Roadway Feature,No traffic control,0 - 50 km/h,Sealed - Dry,Daylight,Straight,Veh'S Same Direction: Rear End,Rear-end,0,0,1,0,1,2,0,0,0,0,0,0
265310,Hospitalisation,2013,7,Angle,Multi-Vehicle,152.9858113,-27.45794494,Simpsons Rd,Western Arterial Rd,Bardon,Mount Coot-tha,Intersection - T-Junction,Operating traffic lights,60 km/h,Sealed - Dry,Daylight,Curved - view open,Veh'S Adjacent Approach: Thru-Right,Intersection from adjacent approaches,0,1,0,1,2,2,0,0,0,0,0,0
265311,Medical treatment,2013,6,Angle,Multi-Vehicle,153.03574,-27.459051,Brunswick St,Mclachlan St,Fortitude Valley,Brisbane Central,Intersection - Cross,Operating traffic lights,60 km/h,Sealed - Dry,Daylight,Straight,Veh'S Opposite Approach: Thru-Right,Opposing vehicles turning,0,0,1,0,1,2,0,0,0,0,0,0
265313,Hospitalisation,2013,17,Angle,Multi-Vehicle,152.9957433,-27.47368181,Grimes St,Milton Rd,Auchenflower,Mount Coot-tha,Intersection - Cross,Operating traffic lights,60 km/h,Sealed - Dry,Daylight,Straight,Veh'S Adjacent Approach: Thru-Thru,Intersection from adjacent approaches,0,2,0,0,2,2,0,0,0,0,0,0
265314,Medical treatment,2013,7,Angle,Multi-Vehicle,153.016621,-27.3323272,Lacey Rd,Linkfield Rd,Bald Hills,Aspley,Intersection - Cross,Road/Rail worker,0 - 50 km/h,Sealed - Dry,Darkness - Lighted,Straight,Veh'S Opposite Approach: Thru-Right,Opposing vehicles turning,0,0,1,0,1,2,0,0,0,0,0,0
265317,Medical treatment,2013,17,Rear-end,Multi-Vehicle,153.078535,-27.353026,Gateway Arterial Rd,,Boondall,Nudgee,No Roadway Feature,No traffic control,80 - 90 km/h,Sealed - Dry,Daylight,Curved - view open,Veh'S Same Direction: Rear End,Rear-end,0,0,1,0,1,2,0,0,0,0,0,0
265328,Hospitalisation,2013,12,Rear-end,Multi-Vehicle,153.0544229,-27.41949142,Sandgate Rd,Wagner Rd,Clayfield,Clayfield,Intersection - Cross,Operating traffic lights,60 km/h,Sealed - Dry,Daylight,Straight,Veh'S Same Direction: Rear End,Rear-end,0,2,0,0,2,2,0,0,0,0,0,0
265354,Medical treatment,2013,11,Hit pedestrian,Hit pedestrian,153.024482,-27.468866,Adelaide St,Albert St,Brisbane City,Brisbane Central,Intersection - T-Junction,Operating traffic lights,0 - 50 km/h,Sealed - Dry,Daylight,Straight,Ped'N: Hit Walking With Traffic,Pedestrian,0,0,1,0,1,0,0,0,0,1,1,0
265355,Hospitalisation,2013,22,Angle,Multi-Vehicle,153.0358155,-27.44748451,Campbell St,Hamilton Pl,Bowen Hills,Brisbane Central,Intersection - Cross,Operating traffic lights,60 km/h,Sealed - Dry,Darkness - Lighted,Straight,Veh'S Adjacent Approach: Thru-Thru,Intersection from adjacent approaches,0,1,0,1,2,2,0,0,0,0,0,0
265356,Hospitalisation,2013,11,Rear-end,Multi-Vehicle,152.9750627,-27.47985497,Western Arterial Rd,,Mount Coot-tha,Mount Coot-tha,No Roadway Feature,No traffic control,60 km/h,Sealed - Dry,Daylight,Straight,Veh'S Same Direction: Rear End,Rear-end,0,1,2,0,3,4,0,0,0,0,0,0
265363,Medical treatment,2013,15,Rear-end,Multi-Vehicle,153.060376,-27.41624,Franz Rd,Junction Rd,Clayfield,Clayfield,Intersection - Cross,No traffic control,60 km/h,Sealed - Dry,Daylight,Straight,Veh'S Same Direction: Right Rear,Rear-end,0,0,1,0,1,2,0,0,0,0,0,0
265365,Minor injury,2013,12,Angle,Multi-Vehicle,152.970788,-27.411686,Glen Retreat Rd,Samford Sub-Arterial Rd,Mitchelton,Everton,Intersection - Cross,No traffic control,60 km/h,Sealed - Dry,Daylight,Straight,Veh'S Adjacent Approach: Thru-Right,Intersection from adjacent approaches,0,0,0,1,1,1,1,0,0,0,0,0
265381,Medical treatment,2013,21,Angle,Multi-Vehicle,153.046546,-27.464505,Forth St,Villiers St,New Farm,Brisbane Central,Intersection - T-Junction,No traffic control,0 - 50 km/h,Sealed - Dry,Darkness - Lighted,Straight,Veh'S On Path: Parked,Hit parked vehicle,0,0,1,0,1,2,0,0,0,0,0,0
265382,Minor injury,2013,5,Angle,Multi-Vehicle,153.038067,-27.455376,Ann St,James St,Fortitude Valley,Brisbane Central,Intersection - Cross,Operating traffic lights,60 km/h,Sealed - Dry,Daylight,Curved - view open,Veh'S Adjacent Approach: Thru-Thru,Intersection from adjacent approaches,0,0,0,2,2,1,0,0,0,2,0,0
265383,Hospitalisation,2013,11,Angle,Multi-Vehicle,153.067814,-27.32130542,Hancock St,Rainbow St,Sandgate,Sandgate,Intersection - T-Junction,Give way sign,60 km/h,Sealed - Dry,Daylight,Straight,Veh'S Adjacent Approach: Thru-Right,Intersection from adjacent approaches,0,1,0,2,3,2,0,0,0,0,0,0
265387,Minor injury,2013,19,Angle,Multi-Vehicle,153.039646,-27.418082,Kedron Park Rd,Kent Rd,Wooloowin,Clayfield,No Roadway Feature,Operating traffic lights,60 km/h,Sealed - Dry,Darkness - Lighted,Straight,Veh'S Adjacent Approach: Right-Thru,Intersection from adjacent approaches,0,0,0,1,1,2,0,0,0,0,0,0
265400,Medical treatment,2013,19,Angle,Multi-Vehicle,153.01311,-27.464849,Caxton St,,Petrie Terrace,Mount Coot-tha,No Roadway Feature,No traffic control,0 - 50 km/h,Sealed - Dry,Darkness - Lighted,Straight,Veh'S Opposite Approach: U-Turn,U-turn,0,0,1,0,1,2,0,0,0,0,0,0
265403,Medical treatment,2013,5,Hit object,Single Vehicle,153.056399,-27.326661,Board St,Sandgate Sub-Arterial Rd,Deagon,Sandgate,Intersection - Cross,Operating traffic lights,60 km/h,Sealed - Dry,Daylight,Curved - view open,Off Path-Curve: Mounts Traffic Island,Off carriageway on curve hit object,0,0,1,0,1,1,0,0,0,0,0,0
265404,Medical treatment,2013,17,Angle,Multi-Vehicle,153.031189,-27.408191,Nieppe St,Somerset Rd,Kedron,Stafford,Intersection - T-Junction,No traffic control,0 - 50 km/h,Sealed - Dry,Daylight,Straight,Veh'S Adjacant Approach: Thru-Left,Intersection from adjacent approaches,0,0,1,0,1,2,0,0,0,0,0,0
265435,Medical treatment,2013,11,Angle,Multi-Vehicle,153.069178,-27.38796,Northgate Rd,Northlink Pl,Northgate,Nudgee,Intersection - Cross,Operating traffic lights,60 km/h,Sealed - Dry,Daylight,Straight,Veh'S Adjacent Approach: Thru-Right,Intersection from adjacent approaches,0,0,1,0,1,2,0,0,0,0,0,0
265436,Medical treatment,2013,10,Rear-end,Multi-Vehicle,153.033632,-27.412716,East - West Arterial Rd,Gympie Arterial Rd,Kedron,Clayfield,Intersection - T-Junction,Operating traffic lights,60 km/h,Sealed - Dry,Daylight,Straight,Veh'S Same Direction: U-Turn,U-turn,0,0,1,0,1,0,1,0,1,0,0,0
265452,Medical treatment,2013,11,Sideswipe,Multi-Vehicle,153.019825,-27.410899,East - West Arterial Rd,,Stafford,Stafford,No Roadway Feature,No traffic control,80 - 90 km/h,Sealed - Dry,Daylight,Straight,Veh'S Same Direction: Lane Change Left,Lane changes,0,0,1,0,1,1,0,1,0,0,0,0
265469,Hospitalisation,2013,17,Rear-end,Multi-Vehicle,153.0168828,-27.44596268,Clyde Rd,,Herston,Brisbane Central,No Roadway Feature,No traffic control,0 - 50 km/h,Sealed - Dry,Daylight,Straight,Veh'S Same Direction: Left Rear,Rear-end,0,1,0,0,1,2,0,0,0,0,0,0
265470,Medical treatment,2013,11,Hit object,Single Vehicle,153.037048,-27.310938,Gateway Arterial Rd,,Bracken Ridge,Sandgate,No Roadway Feature,No traffic control,100 - 110 km/h,Sealed - Dry,Daylight,Curved - view open,Off Path-Straight:Out Of Control On Cway,Out of control on straight,0,0,1,0,1,1,0,0,0,0,0,0
265534,Medical treatment,2013,21,Hit object,Single Vehicle,153.0173993,-27.3668841,Gympie Arterial Rd,Nevin St,Aspley,Aspley,No Roadway Feature,No traffic control,70 km/h,Sealed - Dry,Darkness - Lighted,Straight,Off Path-Straight: Left Off Cway Hit Obj,Off carriageway on straight hit object,0,0,1,0,1,1,0,0,0,0,0,0
265560,Hospitalisation,2013,6,Hit object,Single Vehicle,153.0062358,-27.43580178,Enoggera Rd,,Newmarket,Ashgrove,No Roadway Feature,No traffic control,60 km/h,Sealed - Dry,Daylight,Curved - view open,Off Path-Curve: Off Cway Rt Bend Hit Obj,Off carriageway on curve hit object,0,1,0,0,1,1,0,0,0,0,0,0
265576,Medical treatment,2013,13,Rear-end,Multi-Vehicle,152.989767,-27.439621,Mclean Pde,Western Arterial Rd,Ashgrove,Ashgrove,Intersection - T-Junction,Operating traffic lights,60 km/h,Sealed - Dry,Daylight,Curved - view open,Veh'S Same Direction: Rear End,Rear-end,0,0,1,0,1,2,0,0,0,0,0,0
265578,Hospitalisation,2013,17,Hit object,Single Vehicle,152.8749619,-27.56864054,Kangaroo Gully Rd,,Moggill,Moggill,No Roadway Feature,No traffic control,60 km/h,Sealed - Dry,Daylight,Straight,Veh'S Manoeuvring: Other,Other,0,1,0,0,1,0,0,0,0,1,0,0
265579,Hospitalisation,2013,13,Hit object,Single Vehicle,153.0613912,-27.33520844,Finnie Rd,,Deagon,Sandgate,No Roadway Feature,No traffic control,0 - 50 km/h,Sealed - Dry,Daylight,Straight,Off Path-Straight: Other,Other,0,1,0,0,1,1,0,0,0,0,0,0
265584,Hospitalisation,2013,9,Struck by external load,Other,153.0230256,-27.43541763,Kedron Brook Rd,Silvester St,Wilston,Stafford,Intersection - T-Junction,No traffic control,0 - 50 km/h,Sealed - Dry,Daylight,Curved - view open,Pass & Misc: Load Hit Vehicle,Other,0,1,0,0,1,0,1,0,0,0,0,0
265585,Hospitalisation,2013,13,Rear-end,Multi-Vehicle,153.0314864,-27.43511657,Eildon Rd,Lutwyche Rd,Windsor,Brisbane Central,Intersection - Cross,Operating traffic lights,60 km/h,Sealed - Dry,Daylight,Straight,Veh'S Same Direction: Rear End,Rear-end,0,1,0,0,1,1,1,0,0,0,0,0
265586,Hospitalisation,2013,2,Hit pedestrian,Hit pedestrian,153.0324331,-27.40900559,Gympie Arterial Rd,,Kedron,Clayfield,No Roadway Feature,No traffic control,60 km/h,Sealed - Dry,Darkness - Lighted,Straight,Ped'N: Far Side Vehicle Hit From Left,Pedestrian,0,1,0,0,1,1,0,0,0,0,1,0
265599,Medical treatment,2013,21,Fall from vehicle,Single Vehicle,153.025666,-27.462475,Leichhardt St,,Spring Hill,Brisbane Central,No Roadway Feature,No traffic control,60 km/h,Sealed - Dry,Darkness - Lighted,Curved - view open,Pass & Misc: Fell In/From Vehicle,Other,0,0,1,0,1,1,0,0,0,0,0,0
265600,Medical treatment,2013,21,Hit pedestrian,Hit pedestrian,153.035015,-27.458477,Ann St,Brunswick St,Fortitude Valley,Brisbane Central,Intersection - T-Junction,Pedestrian operated lights,0 - 50 km/h,Sealed - Dry,Darkness - Lighted,Straight,Ped'N: Play; Work; Stand; Lie On C'Way,Pedestrian,0,0,1,0,1,1,0,0,0,0,1,0
265625,Minor injury,2014,16,Angle,Multi-Vehicle,153.058364,-27.41596,East - West Arterial Rd,Sandgate Rd,Clayfield,Clayfield,Intersection - Cross,Operating traffic lights,60 km/h,Sealed - Dry,Daylight,Straight,Veh'S Adjacent Approach: Thru-Thru,Intersection from adjacent approaches,0,0,0,2,2,2,0,0,0,0,0,0
265639,Hospitalisation,2014,12,Rear-end,Multi-Vehicle,152.9019097,-27.43267867,Mount Nebo Rd,,Enoggera Reservoir,Ashgrove,No Roadway Feature,No traffic control,70 km/h,Sealed - Dry,Daylight,Curved - view open,Veh'S Same Direction: Rear End,Rear-end,0,1,0,0,1,0,2,0,0,0,0,0
265642,Medical treatment,2014,15,Angle,Multi-Vehicle,153.062071,-27.370585,Robinson Rd E,Sandgate Sub-Arterial Rd,Virginia,Nudgee,Intersection - Cross,Operating traffic lights,70 km/h,Sealed - Dry,Daylight,Straight,Veh'S Adjacent Approach: Thru-Right,Intersection from adjacent approaches,0,0,1,0,1,3,0,0,0,0,0,0
265648,Minor injury,2014,13,Rear-end,Multi-Vehicle,152.990755,-27.422108,Western Arterial Rd,,Enoggera,Ashgrove,No Roadway Feature,No traffic control,60 km/h,Sealed - Dry,Daylight,Straight,Veh'S Same Direction: Rear End,Rear-end,0,0,0,2,2,2,0,0,0,0,0,1
265671,Medical treatment,2014,16,Sideswipe,Multi-Vehicle,152.9905467,-27.442761,Western Arterial Rd,,Ashgrove,Ashgrove,No Roadway Feature,No traffic control,60 km/h,Sealed - Dry,Daylight,Straight,Veh'S Same Direction: Lane Change Left,Lane changes,0,0,1,0,1,1,1,0,0,0,0,0
265673,Medical treatment,2014,17,Rear-end,Multi-Vehicle,152.962243,-27.503533,Western Arterial Rd,,Indooroopilly,Moggill,Intersection - Interchange,Give way sign,60 km/h,Sealed - Dry,Daylight,Curved - view open,Veh'S Adjacent Approach: Right-Thru,Intersection from adjacent approaches,0,0,1,0,1,2,0,0,0,0,0,0
265675,Hospitalisation,2014,23,Hit object,Single Vehicle,153.007338,-27.411402,Brennan St,Shand St,Stafford,Stafford,Intersection - T-Junction,No traffic control,60 km/h,Sealed - Dry,Darkness - Lighted,Straight,Off Path-Straight: Left Off Cway Hit Obj,Off carriageway on straight hit object,0,2,0,0,2,1,0,0,0,0,0,0
265691,Hospitalisation,2014,2,Hit object,Single Vehicle,152.9666361,-27.486326,Western Arterial Rd,,Mount Coot-tha,Mount Coot-tha,No Roadway Feature,No traffic control,80 - 90 km/h,Sealed - Dry,Darkness - Lighted,Straight,Off Path-Straight:Out Of Control On Cway,Out of control on straight,0,1,0,0,1,1,0,0,0,0,0,0
265696,Hospitalisation,2014,20,Rear-end,Multi-Vehicle,153.017074,-27.36403742,Gympie Arterial Rd,,Aspley,Aspley,No Roadway Feature,No traffic control,70 km/h,Sealed - Dry,Darkness - Lighted,Straight,Veh'S Same Direction: Rear End,Rear-end,0,2,0,0,2,1,1,0,0,0,0,0
265699,Minor injury,2014,18,Rear-end,Multi-Vehicle,153.030515,-27.441982,Lutwyche Rd,,Windsor,Brisbane Central,No Roadway Feature,No traffic control,70 km/h,Sealed - Dry,Daylight,Straight,Veh'S Same Direction: Rear End,Rear-end,0,0,0,3,3,3,0,0,0,0,0,0
265700,Hospitalisation,2014,10,Hit parked vehicle,Single Vehicle,152.991746,-27.401573,Fallon St,,Everton Park,Everton,No Roadway Feature,No traffic control,0 - 50 km/h,Sealed - Dry,Daylight,Straight,Veh'S On Path: Parked,Hit parked vehicle,0,1,0,0,1,2,0,0,0,0,0,0
265711,Minor injury,2014,15,Hit object,Single Vehicle,153.01816,-27.495992,Sir William Macgregor Dr,,St Lucia,Indooroopilly,No Roadway Feature,No traffic control,0 - 50 km/h,Sealed - Dry,Daylight,Straight,Off Path-Straight: Left Off Cway Hit Obj,Off carriageway on straight hit object,0,0,0,1,1,0,0,0,0,1,0,0
265738,Minor injury,2014,11,Angle,Multi-Vehicle,152.995481,-27.477624,Dixon St,Park La,Auchenflower,Mount Coot-tha,Intersection - T-Junction,No traffic control,0 - 50 km/h,Sealed - Dry,Daylight,Straight,Veh'S Adjacent Approach: Thru-Right,Intersection from adjacent approaches,0,0,0,1,1,2,0,0,0,0,0,0
265739,Medical treatment,2014,17,Fall from vehicle,Single Vehicle,152.96621,-27.493159,Western Arterial Rd,,Indooroopilly,Indooroopilly,No Roadway Feature,No traffic control,80 - 90 km/h,Sealed - Wet,Dawn/Dusk,Curved - view open,Off Path-Curve: Out Of Control On Cway,Out of control on curve,0,0,1,0,1,0,1,0,0,0,0,0
265741,Medical treatment,2014,17,Rear-end,Multi-Vehicle,153.031714,-27.403915,Gympie Arterial Rd,Strathmore St,Kedron,Stafford,Intersection - Cross,Operating traffic lights,60 km/h,Sealed - Wet,Dawn/Dusk,Curved - view open,Veh'S Same Direction: Rear End,Rear-end,0,0,1,0,1,2,0,0,0,0,0,0
265744,Medical treatment,2014,6,Angle,Multi-Vehicle,153.038223,-27.359467,Handford Rd,Zillmere Rd,Zillmere,Nudgee,Intersection - Cross,Operating traffic lights,60 km/h,Sealed - Dry,Daylight,Straight,Veh'S Adjacant Approach: Thru-Left,Intersection from adjacent approaches,0,0,1,0,1,2,0,0,0,0,0,0
265772,Minor injury,2014,12,Rear-end,Multi-Vehicle,153.037834,-27.453423,Brookes St,Wickham St,Fortitude Valley,Brisbane Central,Intersection - Cross,Operating traffic lights,60 km/h,Sealed - Dry,Daylight,Straight,Veh'S Same Direction: Rear End,Rear-end,0,0,0,1,1,3,0,0,0,0,0,0
265773,Hospitalisation,2014,13,Fall from vehicle,Single Vehicle,153.020021,-27.408958,Collier St,Crawford Ave,Stafford,Stafford,Intersection - Cross,Give way sign,60 km/h,Sealed - Dry,Daylight,Straight,Veh'S Adjacent Approach: Thru-Thru,Intersection from adjacent approaches,0,1,0,0,1,1,1,0,0,0,0,0
265780,Hospitalisation,2014,16,Angle,Multi-Vehicle,152.991302,-27.419049,Pickering St,Wardell St,Enoggera,Ashgrove,Intersection - Interchange,Operating traffic lights,60 km/h,Sealed - Dry,Daylight,Straight,Veh'S Opposite Approach: Thru-Right,Opposing vehicles turning,0,1,0,0,1,1,1,0,0,0,0,0
265798,Medical treatment,2014,8,Fall from vehicle,Single Vehicle,152.99798,-27.459198,Latrobe Tce,,Paddington,Mount Coot-tha,No Roadway Feature,No traffic control,60 km/h,Sealed - Dry,Daylight,Curved - view open,Pass & Misc: Fell In/From Vehicle,Other,0,0,1,0,1,0,0,0,1,0,0,0
265799,Hospitalisation,2014,10,Hit pedestrian,Hit pedestrian,153.039976,-27.456796,James St,,Fortitude Valley,Brisbane Central,Bikeway,Pedestrian crossing sign,0 - 50 km/h,Sealed - Dry,Daylight,Straight,Ped'N: Far Side Vehicle Hit From Left,Pedestrian,0,2,0,0,2,1,0,0,0,0,2,0
265800,Minor injury,2014,11,Hit parked vehicle,Single Vehicle,153.0618466,-27.29655998,Beaconsfield Tce,,Brighton,Sandgate,No Roadway Feature,No traffic control,60 km/h,Sealed - Dry,Daylight,Straight,Veh'S On Path: Parked,Hit parked vehicle,0,0,0,2,2,2,0,0,0,0,0,0
265810,Hospitalisation,2014,9,Rear-end,Multi-Vehicle,153.043058,-27.413821,East - West Arterial Rd,Kent Rd,Wooloowin,Clayfield,Intersection - Cross,Operating traffic lights,60 km/h,Sealed - Dry,Daylight,Straight,Veh'S Same Direction: Right Rear,Rear-end,0,1,0,0,1,2,0,0,0,0,0,0
265822,Hospitalisation,2014,14,Hit pedestrian,Hit pedestrian,153.0293676,-27.45361818,Brunswick St,,Fortitude Valley,Brisbane Central,No Roadway Feature,No traffic control,0 - 50 km/h,Sealed - Dry,Daylight,Straight,Ped'N: Hit Other,Other,0,1,0,0,1,1,0,0,0,0,1,0
265823,Hospitalisation,2014,16,Rear-end,Multi-Vehicle,152.952777,-27.508113,Chapel Hill Rd,Moggill Sub-Arterial Rd,Chapel Hill,Moggill,Intersection - T-Junction,Operating traffic lights,60 km/h,Sealed - Dry,Daylight,Straight,Veh'S Same Direction: Rear End,Rear-end,0,1,0,0,1,2,0,0,0,0,0,0
265847,Medical treatment,2014,8,Angle,Multi-Vehicle,153.061777,-27.326958,Adams St,Barclay St,Deagon,Sandgate,Intersection - Cross,Stop sign,60 km/h,Sealed - Dry,Daylight,Straight,Veh'S Adjacent Approach: Thru-Thru,Intersection from adjacent approaches,0,0,1,0,1,2,0,0,0,0,0,0
265848,Hospitalisation,2014,13,Angle,Multi-Vehicle,153.003911,-27.331326,Carseldine Rd,Linkfield Connection Rd,Bald Hills,Aspley,Intersection - T-Junction,Operating traffic lights,60 km/h,Sealed - Wet,Daylight,Curved - view open,Veh'S Opposite Approach: Thru-Right,Opposing vehicles turning,0,1,0,0,1,2,0,0,0,0,0,0
265849,Medical treatment,2014,12,Angle,Multi-Vehicle,153.0133,-27.317949,Gympie Arterial Rd,Strathpine Sub-Arterial Rd,Bald Hills,Aspley,Intersection - Interchange,Operating traffic lights,60 km/h,Sealed - Dry,Daylight,Straight,Veh'S Adjacent Approach: Thru-Right,Intersection from adjacent approaches,0,0,1,0,1,1,0,1,0,0,0,0
265850,Medical treatment,2014,17,Hit object,Single Vehicle,153.0471261,-27.31354797,Gateway Arterial Rd,,Sandgate,Sandgate,No Roadway Feature,No traffic control,100 - 110 km/h,Sealed - Wet,Daylight,Curved - view obscured,Off Path-Curve: Off Cway Rt Bend Hit Obj,Off carriageway on curve hit object,0,0,1,0,1,1,0,0,0,0,0,0
265854,Hospitalisation,2014,9,Rear-end,Multi-Vehicle,153.0143754,-27.35214419,Gympie Arterial Rd,,Carseldine,Aspley,No Roadway Feature,No traffic control,70 km/h,Sealed - Dry,Daylight,Straight,Veh'S Manoeuvring: Other,Other,0,1,0,0,1,0,0,1,0,1,0,0
265863,Hospitalisation,2014,11,Fall from vehicle,Single Vehicle,153.076287,-27.369119,Elliott Rd,Jensen Rd,Banyo,Nudgee,Intersection - T-Junction,No traffic control,0 - 50 km/h,Sealed - Dry,Daylight,Straight,Off Path-Straight: Left Turn,Off carriageway on straight,0,1,0,0,1,0,1,0,0,0,0,0
265864,Hospitalisation,2014,21,Overturned,Single Vehicle,153.0925273,-27.37826305,Nudgee Rd,,Banyo,Nudgee,No Roadway Feature,No traffic control,60 km/h,Sealed - Dry,Darkness - Lighted,Straight,Off Path-Straight:Out Of Control On Cway,Out of control on straight,0,2,0,0,2,1,0,0,0,0,0,0
265886,Hospitalisation,2014,9,Rear-end,Multi-Vehicle,152.958339,-27.511018,Western Arterial Rd,,Indooroopilly,Moggill,No Roadway Feature,No traffic control,80 - 90 km/h,Sealed - Dry,Daylight,Straight,Veh'S Same Direction: Rear End,Rear-end,0,1,0,0,1,2,0,0,0,0,0,0
265887,Medical treatment,2014,8,Angle,Multi-Vehicle,153.058295,-27.311943,Baskerville St,Paul St,Brighton,Sandgate,Intersection - T-Junction,Give way sign,60 km/h,Sealed - Dry,Daylight,Straight,Veh'S Adjacent Approach: Thru-Right,Intersection from adjacent approaches,0,0,2,0,2,2,0,0,0,0,0,0
265914,Minor injury,2014,0,Rear-end,Multi-Vehicle,153.0238031,-27.47214917,Elizabeth St,,Brisbane City,Brisbane Central,No Roadway Feature,No traffic control,0 - 50 km/h,Sealed - Dry,Darkness - Lighted,Straight,Veh'S Same Direction: Rear End,Rear-end,0,0,0,1,1,2,0,0,0,0,0,0
265917,Medical treatment,2014,11,Rear-end,Multi-Vehicle,152.988701,-27.379532,Beckett Rd,Hamilton Rd,Mcdowall,Aspley,Intersection - T-Junction,No traffic control,60 km/h,Sealed - Dry,Daylight,Straight,Veh'S Same Direction: Left Rear,Rear-end,0,0,1,0,1,2,0,0,0,0,0,0
265924,Hospitalisation,2014,14,Angle,Multi-Vehicle,153.022803,-27.436921,Newmarket Rd,Silvester St,Wilston,Brisbane Central,Intersection - Cross,Operating traffic lights,60 km/h,Sealed - Dry,Daylight,Straight,Veh'S Opposite Approach: Thru-Right,Opposing vehicles turning,0,2,0,0,2,1,1,0,0,0,0,0
265940,Medical treatment,2014,16,Angle,Multi-Vehicle,152.999447,-27.463635,Fernberg Rd,Given Tce,Paddington,Mount Coot-tha,Intersection - T-Junction,Operating traffic lights,0 - 50 km/h,Sealed - Dry,Daylight,Curved - view obscured,Veh'S Opposite Approach: Thru-Right,Opposing vehicles turning,0,0,1,0,1,2,0,0,0,0,0,0
265942,Hospitalisation,2014,17,Hit object,Single Vehicle,152.89551,-27.514007,Haven Rd,Pullenvale Rd,Pullenvale,Moggill,Intersection - T-Junction,No traffic control,60 km/h,Sealed - Dry,Darkness - Not lighted,Curved - view open,Off Path-Curve: Off Cway Rt Bend Hit Obj,Off carriageway on curve hit object,0,1,0,0,1,0,1,0,0,0,0,0
265943,Medical treatment,2014,12,Angle,Multi-Vehicle,153.059623,-27.374158,Newtown St,Pritchard Rd,Virginia,Nudgee,No Roadway Feature,No traffic control,0 - 50 km/h,Sealed - Dry,Daylight,Straight,Veh'S Manoeuvring: Leaving Driveway,Vehicle leaving driveway,0,0,1,0,1,2,0,0,0,0,0,0
265947,Hospitalisation,2014,10,Hit pedestrian,Hit pedestrian,153.0448947,-27.38585747,Newman Rd,,Wavell Heights,Nudgee,No Roadway Feature,No traffic control,60 km/h,Sealed - Dry,Darkness - Lighted,Straight,Ped'N: Hit Walking With Traffic,Pedestrian,0,1,0,0,1,1,0,0,0,0,1,0
265948,Medical treatment,2014,6,Angle,Multi-Vehicle,153.088371,-27.412584,Airport Dr,Lomandra Dr,Brisbane Airport,Clayfield,Intersection - Cross,Operating traffic lights,60 km/h,Sealed - Dry,Daylight,Straight,Veh'S Opposite Approach: Thru-Right,Opposing vehicles turning,0,0,2,0,2,2,0,0,0,0,0,0
265949,Medical treatment,2014,14,Rear-end,Multi-Vehicle,153.059286,-27.397487,Sandgate Sub-Arterial Rd,,Nundah,Clayfield,No Roadway Feature,No traffic control,60 km/h,Sealed - Dry,Daylight,Straight,Veh'S Same Direction: Rear End,Rear-end,0,0,1,0,1,2,0,0,0,0,0,0
265971,Minor injury,2014,4,Angle,Multi-Vehicle,153.007295,-27.467925,Cribb St,Milton Rd,Milton,Mount Coot-tha,Intersection - T-Junction,Operating traffic lights,60 km/h,Sealed - Dry,Dawn/Dusk,Straight,Veh'S Adjacent Approach: Thru-Right,Intersection from adjacent approaches,0,0,0,2,2,2,0,0,0,0,0,0
265986,Medical treatment,2014,17,Angle,Multi-Vehicle,153.062988,-27.384935,Gympie St,St Vincents Rd,Virginia,Nudgee,Intersection - Roundabout,Give way sign,0 - 50 km/h,Sealed - Dry,Daylight,Straight,Veh'S Adjacent Approach: Right-Thru,Intersection from adjacent approaches,0,0,1,0,1,1,0,0,0,1,0,0
266003,Minor injury,2014,9,Angle,Multi-Vehicle,153.018479,-27.468229,Herschel St,North Quay,Brisbane City,Brisbane Central,Intersection - Cross,Operating traffic lights,0 - 50 km/h,Sealed - Dry,Daylight,Straight,Veh'S Adjacent Approach: Thru-Thru,Intersection from adjacent approaches,0,0,0,2,2,2,0,0,0,0,0,0