Crash_Ref_Number,Severity,Year,Hour,Crash_Nature,Crash_Type,Longitude,Latitude,Street,Street_Intersecting,Suburb,Loc_State_Electorate,Crash_Roadway_Feature,Crash_Traffic_Control,Crash_Speed_Limit,Crash_Road_Surface_Condition,Crash_Lighting_Condition,Crash_Road_Horiz_Align,Crash_DCA_Description,Crash_DCA_Group_Description,Count_Casualty_Fatality,Count_Casualty_Hospitalised,Count_Casualty_MedicallyTreated,Count_Casualty_MinorInjury,Count_Casualty_Total,Count_Unit_Car,Count_Unit_Motorcycle_Moped,Count_Unit_Truck,Count_Unit_Bus,Count_Unit_Bicycle,Count_Unit_Pedestrian,Count_Unit_Other
266005,Hospitalisation,2014,6,Hit object,Single Vehicle,152.9400094,-27.48375909,Greenford St,,Chapel Hill,Moggill,No Roadway Feature,No traffic control,60 km/h,Sealed - Dry,Daylight,Curved - view open,Veh'S Same Direction: Rear End,Rear-end,0,1,1,0,2,0,0,0,0,2,0,0
266014,Hospitalisation,2014,13,Angle,Multi-Vehicle,153.05923,-27.396305,Cameron St,Sandgate Sub-Arterial Rd,Nundah,Clayfield,Intersection - T-Junction,Give way sign,60 km/h,Sealed - Dry,Daylight,Straight,Veh'S Adjacent Approach: Thru-Right,Intersection from adjacent approaches,0,1,1,0,2,2,0,0,0,0,0,0
266015,Hospitalisation,2014,17,Angle,Multi-Vehicle,153.041284,-27.427566,Grove St,Mawarra St,Albion,Brisbane Central,Intersection - T-Junction,No traffic control,60 km/h,Sealed - Dry,Dawn/Dusk,Curved - view open,Veh'S Opposite Approach: Thru-Right,Opposing vehicles turning,0,1,0,0,1,1,0,0,0,1,0,0
266016,Hospitalisation,2014,23,Hit object,Single Vehicle,153.078177,-27.43476,Kingsford Smith Dr,,Eagle Farm,Clayfield,Railway Crossing,Railway crossing sign,60 km/h,Sealed - Dry,Darkness - Lighted,Straight,Pass & Misc: Hit Railway Xing Furniture,Off carriageway on straight hit object,0,1,0,0,1,1,0,0,0,0,0,0
266040,Medical treatment,2014,12,Head-on,Multi-Vehicle,152.999813,-27.441811,Frobisher St,,Ashgrove,Ashgrove,No Roadway Feature,No traffic control,0 - 50 km/h,Sealed - Dry,Daylight,Straight,Veh'S Opposite Approach: Head On,Head-on,0,0,1,0,1,2,0,0,0,0,0,0
266043,Medical treatment,2014,4,Head-on,Multi-Vehicle,153.009251,-27.501178,Upland Rd,,St Lucia,Indooroopilly,No Roadway Feature,No traffic control,0 - 50 km/h,Sealed - Dry,Dawn/Dusk,Straight,Veh'S Opposite Approach: Head On,Head-on,0,0,1,0,1,1,0,0,0,1,0,0
266044,Minor injury,2014,14,Angle,Multi-Vehicle,152.994462,-27.491984,Gailey Rd,Sir Fred Schonell Dr,St Lucia,Indooroopilly,Intersection - T-Junction,Operating traffic lights,60 km/h,Sealed - Dry,Daylight,Straight,Veh'S Opposite Approach: Thru-Right,Opposing vehicles turning,0,0,0,2,2,2,0,0,0,0,0,0
266045,Hospitalisation,2014,10,Angle,Multi-Vehicle,152.949307,-27.507299,Moggill Sub-Arterial Rd,,Kenmore,Moggill,Intersection - T-Junction,Operating traffic lights,60 km/h,Sealed - Dry,Daylight,Straight,Veh'S Opposite Approach: Thru-Right,Opposing vehicles turning,0,2,0,0,2,3,0,0,0,0,0,0
266046,Hospitalisation,2014,6,Rear-end,Multi-Vehicle,153.008126,-27.408173,Appleby Rd,Harold St,Stafford,Stafford,Intersection - Cross,No traffic control,60 km/h,Sealed - Dry,Daylight,Straight,Veh'S Same Direction: Right Rear,Rear-end,0,1,1,0,2,2,0,0,0,0,0,0
266051,Medical treatment,2014,12,Hit parked vehicle,Single Vehicle,153.029732,-27.373346,Ellison Rd,,Aspley,Aspley,No Roadway Feature,No traffic control,60 km/h,Sealed - Dry,Daylight,Straight,Off Path-Straight: Left Off Cway Hit Obj,Off carriageway on straight hit object,0,0,1,0,1,1,0,0,1,0,0,0
266054,Hospitalisation,2014,13,Rear-end,Multi-Vehicle,153.001347,-27.425657,Enoggera Rd,Samford Rd,Alderley,Stafford,Intersection - T-Junction,Operating traffic lights,60 km/h,Sealed - Dry,Daylight,Straight,Veh'S Same Direction: Left Rear,Rear-end,0,1,0,0,1,1,1,0,0,0,0,0
266075,Hospitalisation,2014,18,Angle,Multi-Vehicle,153.003718,-27.46912,Baroona Rd,Milton Rd,Milton,Mount Coot-tha,Intersection - Cross,Operating traffic lights,60 km/h,Sealed - Dry,Daylight,Straight,Veh'S Opposite Approach: Thru-Right,Opposing vehicles turning,0,1,0,0,1,1,0,0,0,1,0,0
266076,Medical treatment,2014,16,Angle,Multi-Vehicle,153.030639,-27.456987,Kennigo St,St Pauls Tce,Fortitude Valley,Brisbane Central,Intersection - Cross,Operating traffic lights,60 km/h,Sealed - Dry,Daylight,Straight,Veh'S Opposite Approach: Thru-Right,Opposing vehicles turning,0,0,1,0,1,2,0,0,0,0,0,0
266078,Hospitalisation,2014,13,Angle,Multi-Vehicle,153.013873,-27.363509,Albany Creek Rd,Albany Creek Sub-Arterial Rd,Aspley,Aspley,No Roadway Feature,Operating traffic lights,60 km/h,Sealed - Dry,Daylight,Straight,Veh'S Opposite Approach: Thru-Right,Opposing vehicles turning,0,1,0,0,1,2,0,0,0,0,0,0
266079,Minor injury,2014,12,Angle,Multi-Vehicle,153.0305967,-27.385256,Gympie Arterial Rd,,Chermside,Stafford,No Roadway Feature,No traffic control,60 km/h,Sealed - Dry,Daylight,Straight,Veh'S Same Direction: Lane Change Left,Lane changes,0,0,0,3,3,1,0,1,0,0,0,0
266105,Hospitalisation,2014,10,Fall from vehicle,Single Vehicle,152.995753,-27.473711,Grimes St,Milton Rd,Auchenflower,Mount Coot-tha,Intersection - Cross,Operating traffic lights,60 km/h,Sealed - Dry,Daylight,Straight,Off Path-Straight:Out Of Control On Cway,Out of control on straight,0,1,0,0,1,0,1,0,0,0,0,0
266111,Medical treatment,2014,13,Angle,Multi-Vehicle,152.984869,-27.38587,Beckett Rd,Queens Rd,Mcdowall,Everton,Intersection - Roundabout,Give way sign,60 km/h,Sealed - Dry,Daylight,Curved - view open,Veh'S Adjacent Approach: Other,Intersection from adjacent approaches,0,0,1,1,2,2,0,0,0,0,0,0
266124,Hospitalisation,2014,7,Fall from vehicle,Single Vehicle,152.924269,-27.434675,Mount Nebo Rd,,Enoggera Reservoir,Ashgrove,No Roadway Feature,No traffic control,60 km/h,Sealed - Dry,Daylight,Curved - view obscured,Off Path-Curve: Out Of Control On Cway,Out of control on curve,0,1,0,0,1,0,1,0,0,0,0,0
266125,Hospitalisation,2014,17,Hit pedestrian,Hit pedestrian,153.028938,-27.473442,Albert St,Alice St,Brisbane City,Brisbane Central,Intersection - T-Junction,Operating traffic lights,0 - 50 km/h,Sealed - Dry,Daylight,Straight,Ped'N: Near Side Vehicle Hit From Right,Pedestrian,0,1,0,0,1,1,0,0,0,0,1,0
266129,Medical treatment,2014,0,Hit object,Single Vehicle,152.825503,-27.541649,Tanderra Way,,Karana Downs,Moggill,No Roadway Feature,No traffic control,60 km/h,Sealed - Dry,Darkness - Lighted,Straight,Off Path-Straight: Left Off Cway Hit Obj,Off carriageway on straight hit object,0,0,1,0,1,1,0,0,0,0,0,0
266151,Hospitalisation,2014,17,Angle,Multi-Vehicle,153.010983,-27.449221,Glen St,Kelvin Grove Rd,Kelvin Grove,Mount Coot-tha,Intersection - Cross,Operating traffic lights,60 km/h,Sealed - Dry,Daylight,Straight,Veh'S Same Direction: Left Turn S/Swipe,Parallel lanes turning,0,1,0,0,1,1,0,0,0,1,0,0
266152,Hospitalisation,2014,17,Angle,Multi-Vehicle,152.975674,-27.49708,Coonan St,,Indooroopilly,Indooroopilly,Intersection - Roundabout,Give way sign,60 km/h,Sealed - Dry,Dawn/Dusk,Curved - view open,Veh'S Adjacent Approach: Other,Intersection from adjacent approaches,0,1,1,0,2,2,0,0,0,0,0,0
266156,Minor injury,2014,8,Angle,Multi-Vehicle,153.041974,-27.425312,Bridge St,,Wooloowin,Clayfield,Bridge/Causeway,Give way sign,0 - 50 km/h,Sealed - Dry,Daylight,Curved - view open,Veh'S Adjacent Approach: Thru-Right,Intersection from adjacent approaches,0,0,0,1,1,2,0,0,0,0,0,0
266157,Hospitalisation,2014,16,Hit object,Single Vehicle,153.079105,-27.39980299,Gateway Arterial Rd,Toombul Rd,Northgate,Clayfield,Intersection - Roundabout,No traffic control,60 km/h,Sealed - Dry,Daylight,Straight,Off Path-Straight: Mounts Traffic Island,Off carriageway on straight hit object,0,1,0,0,1,0,1,0,0,0,0,0
266171,Hospitalisation,2014,9,Hit pedestrian,Hit pedestrian,153.028209,-27.472688,Albert St,Margaret St,Brisbane City,Brisbane Central,Intersection - Cross,Operating traffic lights,0 - 50 km/h,Sealed - Dry,Daylight,Straight,Ped'N: Far Side Vehicle Hit From Left,Pedestrian,0,1,0,0,1,1,0,0,0,0,1,0
266172,Medical treatment,2014,13,Rear-end,Multi-Vehicle,153.005936,-27.461682,Given Tce,,Paddington,Mount Coot-tha,No Roadway Feature,No traffic control,60 km/h,Sealed - Dry,Daylight,Straight,Veh'S Same Direction: Rear End,Rear-end,0,0,1,0,1,3,0,0,0,0,0,0
266173,Medical treatment,2014,15,Rear-end,Multi-Vehicle,153.011398,-27.462085,Hale St,,Paddington,Mount Coot-tha,No Roadway Feature,No traffic control,60 km/h,Sealed - Dry,Daylight,Straight,Veh'S Same Direction: Rear End,Rear-end,0,0,1,0,1,2,0,1,0,0,0,0
266174,Hospitalisation,2014,15,Fall from vehicle,Single Vehicle,153.038955,-27.441645,Abbotsford Rd,,Bowen Hills,Brisbane Central,No Roadway Feature,Operating traffic lights,60 km/h,Sealed - Dry,Daylight,Curved - view obscured,Off Path-Curve: Out Of Control On Cway,Out of control on curve,0,1,0,0,1,0,1,0,0,0,0,0
266175,Medical treatment,2014,16,Rear-end,Multi-Vehicle,153.035699,-27.461837,Bradfield Hwy,,Fortitude Valley,Brisbane Central,Bridge/Causeway,No traffic control,60 km/h,Sealed - Dry,Daylight,Straight,Veh'S Same Direction: Rear End,Rear-end,0,0,1,0,1,3,0,0,0,0,0,0
266176,Hospitalisation,2014,16,Rear-end,Multi-Vehicle,152.94733,-27.5259944,Western Arterial Rd,,Fig Tree Pocket,Moggill,No Roadway Feature,No traffic control,80 - 90 km/h,Sealed - Dry,Daylight,Straight,Veh'S Same Direction: Rear End,Rear-end,0,1,0,0,1,3,0,0,0,0,0,0
266177,Medical treatment,2014,7,Rear-end,Multi-Vehicle,153.036946,-27.31241,Bracken Ridge Rd,,Bracken Ridge,Sandgate,Intersection - Interchange,Operating traffic lights,60 km/h,Sealed - Dry,Daylight,Straight,Veh'S Same Direction: Rear End,Rear-end,0,0,1,0,1,2,0,0,0,0,0,0
266181,Hospitalisation,2014,13,Hit object,Single Vehicle,153.0771888,-27.34609583,Gateway Arterial Rd,,Boondall,Nudgee,No Roadway Feature,No traffic control,100 - 110 km/h,Sealed - Dry,Daylight,Straight,Off Path-Straight:Right Off Cway Hit Obj,Off carriageway on straight hit object,0,2,0,0,2,1,0,0,0,0,0,0
266207,Medical treatment,2014,7,Rear-end,Multi-Vehicle,153.01854,-27.460653,Gregory Tce,,Spring Hill,Brisbane Central,No Roadway Feature,No traffic control,60 km/h,Sealed - Dry,Daylight,Straight,Veh'S Same Direction: Right Rear,Rear-end,0,0,1,0,1,2,0,0,0,0,0,0
266210,Medical treatment,2014,19,Fall from vehicle,Single Vehicle,153.0453841,-27.31288261,Gateway Arterial Rd,,Bracken Ridge,Sandgate,No Roadway Feature,No traffic control,100 - 110 km/h,Sealed - Wet,Darkness - Lighted,Curved - view open,Pass & Misc: Fell In/From Vehicle,Other,0,0,1,0,1,0,1,0,0,0,0,0
266217,Medical treatment,2014,16,Rear-end,Multi-Vehicle,153.014245,-27.425917,Days Rd,Grange Rd,Grange,Stafford,Intersection - T-Junction,Operating traffic lights,60 km/h,Sealed - Dry,Daylight,Straight,Veh'S Same Direction: Rear End,Rear-end,0,0,1,0,1,2,0,0,0,0,0,0
266218,Minor injury,2014,19,Rear-end,Multi-Vehicle,153.0314262,-27.43771033,Airport Link,,Windsor,Brisbane Central,No Roadway Feature,No traffic control,80 - 90 km/h,Sealed - Wet,Darkness - Lighted,Straight,Veh'S Same Direction: Rear End,Rear-end,0,0,0,1,1,1,0,0,0,0,0,1
266241,Minor injury,2014,20,Hit object,Single Vehicle,152.993796,-27.44400199,Ashgrove Ave,Harry St,Ashgrove,Ashgrove,Intersection - T-Junction,No traffic control,60 km/h,Sealed - Wet,Darkness - Lighted,Curved - view open,Off Path-Curve: Off Cway Lt Bend Hit Obj,Off carriageway on curve hit object,0,0,0,1,1,1,0,0,0,0,0,0
266243,Medical treatment,2014,7,Hit object,Single Vehicle,152.9428416,-27.49396804,Birchley St,,Chapel Hill,Moggill,No Roadway Feature,No traffic control,60 km/h,Sealed - Wet,Daylight,Curved - view open,Off Path-Curve: Off Cway Lt Bend Hit Obj,Off carriageway on curve hit object,0,0,1,0,1,1,0,0,0,0,0,0
266244,Medical treatment,2014,19,Hit object,Single Vehicle,152.9581287,-27.51136075,Western Arterial Rd,,Indooroopilly,Moggill,No Roadway Feature,No traffic control,100 - 110 km/h,Sealed - Wet,Darkness - Lighted,Curved - view open,Veh'S Same Direction: Lane Side Swipe,Lane changes,0,0,1,0,1,2,0,0,0,0,0,0
266246,Medical treatment,2014,18,Rear-end,Multi-Vehicle,153.0076549,-27.3204114,Gympie Rd,,Bald Hills,Aspley,No Roadway Feature,No traffic control,60 km/h,Sealed - Wet,Dawn/Dusk,Straight,Veh'S Same Direction: Rear End,Rear-end,0,0,1,0,1,2,0,0,0,0,0,0
266247,Medical treatment,2014,14,Angle,Multi-Vehicle,153.022502,-27.392876,Rode Rd,,Chermside,Stafford,No Roadway Feature,No traffic control,60 km/h,Sealed - Wet,Daylight,Curved - view open,Veh'S Same Direction: Right Turn S/Swipe,Parallel lanes turning,0,0,1,0,1,2,0,0,0,0,0,0
266252,Medical treatment,2014,15,Sideswipe,Multi-Vehicle,153.0377642,-27.36173942,Dunsford St,Murphy Rd,Zillmere,Nudgee,Intersection - T-Junction,Operating traffic lights,60 km/h,Sealed - Wet,Daylight,Straight,Veh'S Opposite Approach: Thru-Right,Opposing vehicles turning,0,0,2,0,2,2,0,0,0,0,0,0
266253,Medical treatment,2014,17,Rear-end,Multi-Vehicle,153.01573,-27.354913,Gympie Arterial Rd,,Carseldine,Aspley,No Roadway Feature,No traffic control,70 km/h,Sealed - Wet,Dawn/Dusk,Curved - view open,Veh'S Same Direction: Rear End,Rear-end,0,0,1,0,1,2,0,0,0,0,0,0
266254,Minor injury,2014,15,Rear-end,Multi-Vehicle,153.052748,-27.336084,Gateway Arterial Rd,,Taigum,Sandgate,No Roadway Feature,No traffic control,80 - 90 km/h,Sealed - Wet,Daylight,Curved - view open,Veh'S Same Direction: Rear End,Rear-end,0,0,0,1,1,2,0,0,0,0,0,0
266267,Medical treatment,2014,7,Rear-end,Multi-Vehicle,153.036441,-27.414916,East - West Arterial Rd,,Kedron,Clayfield,No Roadway Feature,No traffic control,0 - 50 km/h,Sealed - Dry,Daylight,Curved - view open,Veh'S Same Direction: Rear End,Rear-end,0,0,1,0,1,2,0,0,0,0,0,0
266268,Medical treatment,2014,15,Angle,Multi-Vehicle,153.071679,-27.431903,Lancaster Rd,Nudgee Rd,Ascot,Clayfield,Intersection - T-Junction,Operating traffic lights,0 - 50 km/h,Sealed - Wet,Daylight,Straight,Veh'S Opposite Approach: Thru-Right,Opposing vehicles turning,0,0,1,0,1,2,0,0,0,0,0,0
266269,Hospitalisation,2014,18,Angle,Multi-Vehicle,153.056349,-27.392728,Jeffcott St,Kinmond Ave,Wavell Heights,Clayfield,Intersection - Cross,Give way sign,60 km/h,Sealed - Wet,Dawn/Dusk,Straight,Veh'S Adjacent Approach: Thru-Thru,Intersection from adjacent approaches,0,1,0,1,2,2,0,0,0,0,0,0
266297,Hospitalisation,2014,16,Angle,Multi-Vehicle,153.026407,-27.411764,Beaconsfield Tce,East - West Arterial Rd,Gordon Park,Stafford,Intersection - T-Junction,No traffic control,60 km/h,Sealed - Dry,Daylight,Straight,Veh'S Same Direction: Lane Change Left,Lane changes,0,1,1,0,2,4,0,0,0,0,0,0
266298,Medical treatment,2014,16,Rear-end,Multi-Vehicle,153.031472,-27.389484,Gympie Arterial Rd,,Chermside,Nudgee,No Roadway Feature,No traffic control,60 km/h,Sealed - Dry,Daylight,Straight,Veh'S Same Direction: Rear End,Rear-end,0,0,1,0,1,2,0,0,0,0,0,0
266314,Minor injury,2014,10,Rear-end,Multi-Vehicle,153.062094,-27.430707,Kitchener Rd,Lancaster Rd,Ascot,Clayfield,Intersection - Cross,Operating traffic lights,0 - 50 km/h,Sealed - Dry,Darkness - Lighted,Straight,Veh'S Same Direction: Lane Side Swipe,Lane changes,0,0,0,1,1,1,0,1,0,0,0,0
266315,Hospitalisation,2014,22,Hit object,Single Vehicle,153.065454,-27.398818,Melton Rd,Sidney St,Nundah,Nudgee,Intersection - T-Junction,No traffic control,60 km/h,Sealed - Dry,Darkness - Lighted,Straight,Off Path-Straight: Left Off Cway Hit Obj,Off carriageway on straight hit object,0,1,0,0,1,1,0,0,0,0,0,0
266316,Medical treatment,2014,15,Rear-end,Multi-Vehicle,152.990271,-27.42512196,Western Arterial Rd,,Enoggera,Ashgrove,No Roadway Feature,No traffic control,60 km/h,Sealed - Dry,Daylight,Straight,Veh'S Same Direction: Right Rear,Rear-end,0,0,1,0,1,2,0,0,0,0,0,0
266317,Medical treatment,2014,1,Angle,Multi-Vehicle,152.990446,-27.405852,Everton Park - Albany Creek Rd,,Everton Park,Everton,No Roadway Feature,No traffic control,60 km/h,Sealed - Wet,Darkness - Lighted,Curved - view open,Veh'S Same Direction: Lane Side Swipe,Lane changes,0,0,1,0,1,2,0,0,0,0,0,0
266342,Medical treatment,2014,22,Angle,Multi-Vehicle,152.975797,-27.500213,Allwood St,Coonan St,Indooroopilly,Indooroopilly,Intersection - Cross,Operating traffic lights,60 km/h,Sealed - Dry,Darkness - Lighted,Straight,Veh'S Opposite Approach: Thru-Right,Opposing vehicles turning,0,0,1,0,1,2,0,0,0,0,0,0
266345,Hospitalisation,2014,9,Rear-end,Multi-Vehicle,153.040411,-27.3478218,Handford Rd,,Taigum,Sandgate,No Roadway Feature,No traffic control,60 km/h,Sealed - Dry,Daylight,Straight,Veh'S Same Direction: Rear End,Rear-end,0,2,0,0,2,2,0,0,0,0,0,0
266346,Medical treatment,2014,16,Rear-end,Multi-Vehicle,153.050246,-27.361266,Muller Rd,Zillmere Rd,Zillmere,Nudgee,Intersection - T-Junction,No traffic control,60 km/h,Sealed - Dry,Daylight,Straight,Veh'S Same Direction: Rear End,Rear-end,0,0,2,0,2,3,0,0,0,0,0,0
266372,Medical treatment,2014,17,Hit object,Single Vehicle,153.021246,-27.470868,South East Arterial Rd,,Brisbane City,Brisbane Central,Intersection - Interchange,No traffic control,0 - 50 km/h,Sealed - Dry,Daylight,Straight,Off Path-Straight:Out Of Control On Cway,Out of control on straight,0,0,1,0,1,1,0,0,0,0,0,0
266394,Medical treatment,2014,12,Hit object,Single Vehicle,153.0127982,-27.45801547,Inner City Bypass On Ramp,,Red Hill,Mount Coot-tha,Intersection - Interchange,No traffic control,60 km/h,Sealed - Dry,Daylight,Curved - view open,Off Path-Curve: Off Cway Rt Bend Hit Obj,Off carriageway on curve hit object,0,0,1,0,1,1,0,0,0,0,0,0
266421,Hospitalisation,2014,9,Hit pedestrian,Hit pedestrian,153.011308,-27.409766,East - West Arterial Rd,Windorah St,Stafford,Stafford,Intersection - T-Junction,Operating traffic lights,60 km/h,Sealed - Dry,Daylight,Straight,Ped'N: Near Side Vehicle Hit From Right,Pedestrian,0,1,0,0,1,1,0,0,0,0,1,0
266440,Hospitalisation,2014,16,Hit pedestrian,Hit pedestrian,153.040324,-27.457063,James St,Robertson St,Fortitude Valley,Brisbane Central,Intersection - T-Junction,No traffic control,0 - 50 km/h,Sealed - Dry,Daylight,Straight,Ped'N: Hit Other,Other,0,1,0,0,1,1,0,0,0,0,1,0
266441,Medical treatment,2014,15,Rear-end,Multi-Vehicle,152.990504,-27.485324,Jephson St,Sherwood Rd,Toowong,Mount Coot-tha,Intersection - Cross,Operating traffic lights,60 km/h,Sealed - Dry,Daylight,Straight,Veh'S Same Direction: Rear End,Rear-end,0,0,1,0,1,2,0,0,0,0,0,0
266442,Medical treatment,2014,16,Rear-end,Multi-Vehicle,152.9546167,-27.51762301,Western Arterial Rd,,Fig Tree Pocket,Moggill,No Roadway Feature,No traffic control,80 - 90 km/h,Sealed - Dry,Daylight,Straight,Veh'S Same Direction: Rear End,Rear-end,0,0,1,0,1,2,0,0,0,0,0,0
266452,Hospitalisation,2014,15,Hit object,Single Vehicle,153.09441,-27.381559,Gateway Arterial Rd,,Banyo,Nudgee,No Roadway Feature,No traffic control,80 - 90 km/h,Sealed - Dry,Daylight,Curved - view open,Off Path-Curve: Off Cway Lt Bend Hit Obj,Off carriageway on curve hit object,0,1,0,0,1,1,0,0,0,0,0,0
266475,Medical treatment,2014,5,Fall from vehicle,Single Vehicle,153.013925,-27.457685,Inner City Bypass,,Kelvin Grove,Brisbane Central,No Roadway Feature,No traffic control,60 km/h,Sealed - Wet,Daylight,Curved - view obscured,Off Path-Curve: Out Of Control On Cway,Out of control on curve,0,0,1,0,1,0,1,0,0,0,0,0
266484,Hospitalisation,2014,15,Rear-end,Multi-Vehicle,153.0210209,-27.42689098,Days Rd,,Grange,Stafford,No Roadway Feature,No traffic control,60 km/h,Sealed - Dry,Daylight,Straight,Veh'S Same Direction: Rear End,Rear-end,0,2,0,2,4,3,0,0,0,0,0,0
266485,Medical treatment,2014,17,Rear-end,Multi-Vehicle,153.0925346,-27.35899995,Gateway Arterial Rd,,Nudgee Beach,Nudgee,No Roadway Feature,No traffic control,80 - 90 km/h,Sealed - Dry,Daylight,Straight,Veh'S Same Direction: Rear End,Rear-end,0,0,1,0,1,2,0,0,0,0,0,0
266486,Hospitalisation,2014,9,Rear-end,Multi-Vehicle,152.989168,-27.418764,Pickering St,,Enoggera,Ashgrove,No Roadway Feature,No traffic control,60 km/h,Sealed - Dry,Daylight,Straight,Veh'S Same Direction: Rear End,Rear-end,0,3,1,0,4,2,0,0,0,0,0,0
266501,Hospitalisation,2014,8,Angle,Multi-Vehicle,152.990769,-27.443173,Globe St,Western Arterial Rd,Ashgrove,Ashgrove,Intersection - T-Junction,No traffic control,60 km/h,Sealed - Dry,Daylight,Straight,Veh'S Opposite Approach: Thru-Right,Opposing vehicles turning,0,1,1,0,2,2,0,0,0,0,0,0
266502,Minor injury,2014,1,Hit object,Single Vehicle,153.02708,-27.472219,Mary St,,Brisbane City,Brisbane Central,No Roadway Feature,No traffic control,0 - 50 km/h,Sealed - Dry,Daylight,Straight,Veh'S Manoeuvring: Other,Other,0,0,0,1,1,0,1,0,0,0,0,0
266503,Medical treatment,2014,14,Rear-end,Multi-Vehicle,153.010519,-27.465876,Hale St,Hale St Off Ramp,Milton,Mount Coot-tha,Intersection - Interchange,No traffic control,0 - 50 km/h,Sealed - Dry,Daylight,Straight,Veh'S Same Direction: Rear End,Rear-end,0,0,1,0,1,2,0,0,0,0,0,0
266504,Minor injury,2014,15,Angle,Multi-Vehicle,153.015013,-27.454339,Carraway St,Ramsgate St,Kelvin Grove,Brisbane Central,Intersection - Cross,Give way sign,0 - 50 km/h,Sealed - Dry,Daylight,Straight,Veh'S Adjacent Approach: Thru-Right,Intersection from adjacent approaches,0,0,0,1,1,1,1,0,0,0,0,0
266505,Hospitalisation,2014,6,Hit object,Single Vehicle,153.015971,-27.466108,May St,Saul St,Brisbane City,Brisbane Central,Intersection - 5+ way,Operating traffic lights,60 km/h,Sealed - Dry,Daylight,Curved - view open,Veh'S On Path: Temporary Object On C'Way,Other,0,1,0,0,1,0,1,0,0,0,0,0
266506,Medical treatment,2014,10,Rear-end,Multi-Vehicle,153.040149,-27.456937,James St,,Fortitude Valley,Brisbane Central,No Roadway Feature,No traffic control,0 - 50 km/h,Sealed - Dry,Daylight,Straight,Veh'S Same Direction: Rear End,Rear-end,0,0,1,0,1,2,0,0,0,0,0,0
266508,Hospitalisation,2014,16,Head-on,Multi-Vehicle,153.031029,-27.39647,Gympie Arterial Rd,Lawley St,Kedron,Stafford,Intersection - T-Junction,No traffic control,60 km/h,Sealed - Dry,Daylight,Straight,Veh'S Manoeuvring: Entering From Footway,Vehicle leaving driveway,0,1,0,0,1,1,1,0,0,0,0,0
266541,Medical treatment,2014,23,Hit object,Single Vehicle,152.921717,-27.511153,Kailua St,Winrock St,Brookfield,Moggill,Intersection - T-Junction,No traffic control,0 - 50 km/h,Sealed - Dry,Darkness - Lighted,Curved - view open,Off Path-Curve: Off Cway Lt Bend Hit Obj,Off carriageway on curve hit object,0,0,1,0,1,1,0,0,0,0,0,0
266542,Minor injury,2014,11,Hit pedestrian,Hit pedestrian,153.022229,-27.411157,East - West Arterial Rd,,Stafford,Stafford,No Roadway Feature,No traffic control,60 km/h,Sealed - Dry,Daylight,Straight,Ped'N: Hit Walking With Traffic,Pedestrian,0,0,0,1,1,1,0,0,0,0,1,0
266543,Hospitalisation,2014,1,Overturned,Single Vehicle,153.037761,-27.36174099,Dunsford St,Murphy Rd,Zillmere,Nudgee,Intersection - T-Junction,Operating traffic lights,60 km/h,Sealed - Dry,Darkness - Lighted,Straight,Off Path-Straight: Right Turn,Off carriageway on straight,0,1,0,1,2,1,0,0,0,0,0,0
266564,Medical treatment,2014,15,Rear-end,Multi-Vehicle,153.016178,-27.467414,Coronation Dr,,Brisbane City,Brisbane Central,No Roadway Feature,No traffic control,60 km/h,Sealed - Dry,Daylight,Curved - view open,Veh'S Same Direction: Rear End,Rear-end,0,0,1,0,1,3,0,0,0,0,0,0
266565,Medical treatment,2014,13,Rear-end,Multi-Vehicle,153.014383,-27.458859,Kelvin Grove Rd,,Kelvin Grove,Mount Coot-tha,No Roadway Feature,No traffic control,60 km/h,Sealed - Dry,Daylight,Curved - view obscured,Veh'S Same Direction: Left Rear,Rear-end,0,0,2,0,2,2,0,0,0,0,0,0
266577,Hospitalisation,2014,16,Angle,Multi-Vehicle,153.033927,-27.428886,Albion Rd,Haddock St,Windsor,Brisbane Central,Intersection - T-Junction,Give way sign,60 km/h,Sealed - Dry,Daylight,Straight,Veh'S Adjacent Approach: Thru-Right,Intersection from adjacent approaches,0,2,0,0,2,2,0,0,0,0,0,0
266578,Minor injury,2014,10,Angle,Multi-Vehicle,152.9937204,-27.4193837,Pickering St,,Enoggera,Ashgrove,No Roadway Feature,No traffic control,60 km/h,Sealed - Dry,Daylight,Straight,Veh'S Manoeuvring: Leaving Driveway,Vehicle leaving driveway,0,0,0,1,1,2,0,0,0,0,0,0
266601,Hospitalisation,2014,14,Angle,Multi-Vehicle,153.0090173,-27.46241184,Castlemaine St,Caxton St,Paddington,Mount Coot-tha,Intersection - Cross,Operating traffic lights,0 - 50 km/h,Sealed - Wet,Daylight,Straight,Veh'S Opposite Approach: Thru-Right,Opposing vehicles turning,0,1,0,0,1,1,1,0,0,0,0,0
266602,Hospitalisation,2014,13,Hit parked vehicle,Single Vehicle,152.9937462,-27.47392509,Kellett St,,Auchenflower,Mount Coot-tha,No Roadway Feature,No traffic control,0 - 50 km/h,Sealed - Dry,Daylight,Straight,Veh'S Opposite Approach: Other,Other,0,1,0,0,1,3,0,0,0,0,0,0