Crash_Ref_Number,Severity,Year,Hour,Crash_Nature,Crash_Type,Longitude,Latitude,Street,Street_Intersecting,Suburb,Loc_State_Electorate,Crash_Roadway_Feature,Crash_Traffic_Control,Crash_Speed_Limit,Crash_Road_Surface_Condition,Crash_Lighting_Condition,Crash_Road_Horiz_Align,Crash_DCA_Description,Crash_DCA_Group_Description,Count_Casualty_Fatality,Count_Casualty_Hospitalised,Count_Casualty_MedicallyTreated,Count_Casualty_MinorInjury,Count_Casualty_Total,Count_Unit_Car,Count_Unit_Motorcycle_Moped,Count_Unit_Truck,Count_Unit_Bus,Count_Unit_Bicycle,Count_Unit_Pedestrian,Count_Unit_Other
266603,Medical treatment,2014,11,Angle,Multi-Vehicle,153.020342,-27.392597,Rode Rd,Webster Rd,Chermside West,Stafford,Intersection - Cross,Operating traffic lights,60 km/h,Sealed - Dry,Daylight,Straight,Veh'S Adjacent Approach: Thru-Right,Intersection from adjacent approaches,0,0,2,2,4,2,0,0,0,0,0,0
266604,Medical treatment,2014,16,Rear-end,Multi-Vehicle,153.062815,-27.378282,Sandgate Sub-Arterial Rd,,Virginia,Nudgee,Merge Lane,No traffic control,70 km/h,Sealed - Dry,Daylight,Straight,Veh'S Same Direction: Rear End,Rear-end,0,0,1,0,1,2,0,0,0,0,0,0
266613,Hospitalisation,2014,17,Angle,Multi-Vehicle,153.0339333,-27.42887334,Albion Rd,Haddock St,Windsor,Brisbane Central,Intersection - T-Junction,No traffic control,60 km/h,Sealed - Dry,Daylight,Straight,Veh'S Manoeuvring: Leaving Driveway,Vehicle leaving driveway,0,1,0,0,1,2,0,0,0,0,0,0
266614,Medical treatment,2014,6,Hit object,Single Vehicle,152.943831,-27.4274717,Settlement Rd,,Keperra,Ashgrove,No Roadway Feature,No traffic control,60 km/h,Sealed - Wet,Daylight,Curved - view open,Off Path-Curve: Off Cway Rt Bend Hit Obj,Off carriageway on curve hit object,0,0,1,0,1,1,0,0,0,0,0,0
266630,Minor injury,2014,9,Fall from vehicle,Single Vehicle,153.041859,-27.44450599,Edmondstone Rd,Ross St,Bowen Hills,Brisbane Central,Intersection - Roundabout,Give way sign,60 km/h,Sealed - Dry,Daylight,Straight,Off Path-Curve: Out Of Control On Cway,Out of control on curve,0,0,0,1,1,1,1,0,0,0,0,0
266635,Medical treatment,2014,16,Angle,Multi-Vehicle,153.046595,-27.375918,Ellison Rd,Newman Rd,Geebung,Nudgee,Intersection - Cross,Operating traffic lights,60 km/h,Sealed - Dry,Daylight,Straight,Veh'S Opposite Approach: Thru-Right,Opposing vehicles turning,0,0,1,0,1,2,0,0,0,0,0,0
266636,Hospitalisation,2014,15,Rear-end,Multi-Vehicle,153.0251154,-27.36505244,Robinson Rd W,,Aspley,Aspley,No Roadway Feature,No traffic control,60 km/h,Sealed - Dry,Daylight,Straight,Veh'S Same Direction: Rear End,Rear-end,0,1,0,2,3,3,0,0,0,0,0,0
266645,Medical treatment,2014,10,Angle,Multi-Vehicle,153.021304,-27.427741,Antill St,Eighth Ave,Wilston,Stafford,Intersection - Cross,Stop sign,0 - 50 km/h,Sealed - Dry,Daylight,Straight,Veh'S Adjacent Approach: Thru-Thru,Intersection from adjacent approaches,0,0,2,0,2,2,0,0,0,0,0,0
266646,Hospitalisation,2014,19,Angle,Multi-Vehicle,153.014405,-27.425043,Evelyn St,Grange Rd,Grange,Stafford,Intersection - Cross,Give way sign,60 km/h,Sealed - Dry,Darkness - Lighted,Straight,Veh'S Adjacent Approach: Thru-Right,Intersection from adjacent approaches,0,1,0,0,1,1,1,0,0,0,0,0
266647,Minor injury,2014,16,Angle,Multi-Vehicle,153.041428,-27.394975,Pfingst Rd,Rode Rd,Wavell Heights,Clayfield,Intersection - Cross,Operating traffic lights,60 km/h,Sealed - Dry,Daylight,Straight,Veh'S Opposite Approach: Thru-Right,Opposing vehicles turning,0,0,0,1,1,2,0,0,0,0,0,0
266648,Hospitalisation,2014,14,Angle,Multi-Vehicle,153.086768,-27.42491,Schneider Rd,Taylor Pl,Eagle Farm,Clayfield,Intersection - Cross,Give way sign,60 km/h,Sealed - Dry,Daylight,Straight,Veh'S Adjacent Approach: Thru-Right,Intersection from adjacent approaches,0,2,0,0,2,2,0,0,0,0,0,0
266649,Medical treatment,2014,15,Rear-end,Multi-Vehicle,153.0939506,-27.36069406,Gateway Arterial Rd,,Nudgee Beach,Nudgee,No Roadway Feature,No traffic control,100 - 110 km/h,Sealed - Dry,Daylight,Straight,Veh'S Same Direction: Rear End,Rear-end,0,0,1,0,1,2,0,0,0,0,0,0
266665,Minor injury,2014,7,Angle,Multi-Vehicle,152.994602,-27.45841,Latrobe Tce,Prince St,Paddington,Mount Coot-tha,Intersection - T-Junction,Give way sign,0 - 50 km/h,Sealed - Dry,Daylight,Curved - view obscured,Veh'S Adjacant Approach: Thru-Left,Intersection from adjacent approaches,0,0,0,1,1,1,0,0,0,1,0,0
266666,Medical treatment,2014,15,Rear-end,Multi-Vehicle,152.9983,-27.459258,Latrobe Tce,Warmington St,Paddington,Mount Coot-tha,Intersection - T-Junction,No traffic control,60 km/h,Sealed - Dry,Daylight,Curved - view open,Veh'S Same Direction: Right Rear,Rear-end,0,0,1,0,1,2,0,0,0,0,0,0
266667,Hospitalisation,2014,13,Hit pedestrian,Hit pedestrian,152.991878,-27.485539,Sherwood Rd,,Toowong,Mount Coot-tha,No Roadway Feature,No traffic control,60 km/h,Sealed - Dry,Daylight,Straight,Ped'N: Hit Other,Other,0,1,0,0,1,1,0,0,0,0,1,0
266668,Hospitalisation,2014,11,Hit object,Single Vehicle,152.985637,-27.474565,Victoria Cres,Western Arterial Rd,Toowong,Mount Coot-tha,Intersection - T-Junction,No traffic control,60 km/h,Sealed - Dry,Daylight,Straight,Off Path-Straight: Left Off Cway Hit Obj,Off carriageway on straight hit object,0,1,0,0,1,0,0,1,0,0,0,0
266669,Hospitalisation,2014,9,Hit object,Single Vehicle,153.0127493,-27.30773098,Gympie Arterial Rd,,Bald Hills,Sandgate,No Roadway Feature,No traffic control,100 - 110 km/h,Sealed - Dry,Daylight,Curved - view open,Off Path-Curve: Off Cway Lt Bend Hit Obj,Off carriageway on curve hit object,0,1,0,0,1,1,0,0,0,0,0,0
266683,Medical treatment,2014,16,Rear-end,Multi-Vehicle,153.06718,-27.438462,Kingsford Smith Dr,,Hamilton,Clayfield,No Roadway Feature,No traffic control,60 km/h,Sealed - Dry,Daylight,Straight,Veh'S Same Direction: Left Rear,Rear-end,0,0,1,0,1,3,0,0,0,0,0,0
266684,Medical treatment,2014,14,Angle,Multi-Vehicle,153.085325,-27.435103,Fison Ave W,Gateway Arterial Rd,Eagle Farm,Clayfield,Intersection - Cross,Stop sign,60 km/h,Sealed - Dry,Daylight,Curved - view open,Veh'S Adjacent Approach: Right-Thru,Intersection from adjacent approaches,0,0,1,0,1,2,0,0,0,0,0,0
266685,Hospitalisation,2014,8,Angle,Multi-Vehicle,152.931512,-27.400519,Archdale Rd,Bergin Rd,Ferny Grove,Ferny Grove,Intersection - T-Junction,No traffic control,0 - 50 km/h,Sealed - Dry,Daylight,Straight,Veh'S Opposite Approach: Thru-Right,Opposing vehicles turning,0,1,0,0,1,2,0,0,0,1,0,0
266686,Hospitalisation,2014,13,Hit object,Single Vehicle,152.989287,-27.40485,Everton Park - Albany Creek Rd,,Everton Park,Everton,No Roadway Feature,No traffic control,60 km/h,Sealed - Dry,Daylight,Straight,Off Path-Straight: Left Off Cway Hit Obj,Off carriageway on straight hit object,0,1,0,0,1,1,0,0,0,0,0,0
266702,Hospitalisation,2014,12,Angle,Multi-Vehicle,153.026525,-27.474008,George St,Margaret St,Brisbane City,Brisbane Central,Intersection - Cross,Operating traffic lights,0 - 50 km/h,Sealed - Dry,Daylight,Straight,Veh'S Adjacent Approach: Thru-Thru,Intersection from adjacent approaches,0,1,0,0,1,1,0,1,0,0,0,0
266703,Minor injury,2014,9,Rear-end,Multi-Vehicle,153.015914,-27.465659,Countess St,,Petrie Terrace,Brisbane Central,No Roadway Feature,No traffic control,60 km/h,Sealed - Dry,Daylight,Straight,Veh'S Same Direction: Rear End,Rear-end,0,0,0,1,1,2,0,0,0,0,0,0
266704,Hospitalisation,2014,23,Hit object,Single Vehicle,153.009333,-27.445356,Herston Rd,,Kelvin Grove,Brisbane Central,No Roadway Feature,No traffic control,60 km/h,Sealed - Dry,Darkness - Lighted,Straight,Veh'S Opposite Approach: Other,Other,0,1,0,0,1,2,0,0,0,0,0,0
266705,Medical treatment,2014,8,Angle,Multi-Vehicle,153.0434673,-27.45347867,Commercial Rd,Doggett St,Newstead,Brisbane Central,Intersection - Cross,Give way sign,60 km/h,Sealed - Dry,Daylight,Straight,Veh'S Adjacent Approach: Thru-Thru,Intersection from adjacent approaches,0,0,1,0,1,1,1,0,0,0,0,0
266708,Medical treatment,2014,23,Angle,Multi-Vehicle,152.992007,-27.495138,Gailey Rd,Highview Tce,Taringa,Indooroopilly,Intersection - T-Junction,Give way sign,60 km/h,Sealed - Dry,Darkness - Lighted,Straight,Veh'S Adjacent Approach: Thru-Right,Intersection from adjacent approaches,0,0,1,0,1,1,0,0,1,0,0,0
266709,Medical treatment,2014,12,Rear-end,Multi-Vehicle,152.963494,-27.502587,Western Arterial Rd,,Indooroopilly,Indooroopilly,Intersection - Interchange,Give way sign,60 km/h,Sealed - Dry,Daylight,Curved - view open,Veh'S Same Direction: Left Rear,Rear-end,0,0,2,0,2,2,0,0,0,0,0,0
266710,Hospitalisation,2014,7,Angle,Multi-Vehicle,152.962631,-27.530079,Culmstock Pl,Fig Tree Pocket Rd,Fig Tree Pocket,Indooroopilly,Intersection - Roundabout,Give way sign,60 km/h,Sealed - Dry,Daylight,Curved - view open,Veh'S Adjacent Approach: Right-Thru,Intersection from adjacent approaches,0,1,0,0,1,1,1,0,0,0,0,0
266711,Medical treatment,2014,16,Rear-end,Multi-Vehicle,153.061875,-27.32706,Adams St,Loftus St,Deagon,Sandgate,Intersection - Cross,Stop sign,60 km/h,Sealed - Dry,Daylight,Straight,Veh'S Same Direction: Rear End,Rear-end,0,0,1,0,1,1,1,0,0,0,0,0
266713,Hospitalisation,2014,2,Hit parked vehicle,Single Vehicle,153.020627,-27.413112,Gamelin Cres,,Stafford,Stafford,No Roadway Feature,No traffic control,0 - 50 km/h,Sealed - Dry,Darkness - Not lighted,Curved - view open,Veh'S Opposite Approach: Other,Other,0,1,0,0,1,1,0,0,0,1,0,0
266714,Medical treatment,2014,0,Hit object,Single Vehicle,153.0571737,-27.33728733,Gateway Arterial Rd,,Boondall,Nudgee,No Roadway Feature,No traffic control,80 - 90 km/h,Sealed - Dry,Darkness - Lighted,Straight,Off Path-Straight:Right Off Cway Hit Obj,Off carriageway on straight hit object,0,0,2,0,2,1,0,0,0,0,0,0
266720,Hospitalisation,2014,7,Angle,Multi-Vehicle,153.06471,-27.439129,Kingsford Smith Dr,,Hamilton,Clayfield,No Roadway Feature,No traffic control,0 - 50 km/h,Sealed - Dry,Daylight,Straight,Veh'S Manoeuvring: Entering From Footway,Vehicle leaving driveway,0,1,0,0,1,1,0,0,0,1,0,0
266721,Hospitalisation,2014,20,Hit pedestrian,Hit pedestrian,153.059932,-27.407651,Sandgate Sub-Arterial Rd,Union St,Nundah,Nudgee,No Roadway Feature,Pedestrian crossing sign,0 - 50 km/h,Sealed - Dry,Darkness - Lighted,Curved - view open,Ped'N: Near Side Vehicle Hit From Right,Pedestrian,0,1,0,0,1,0,0,0,1,0,1,0
266722,Medical treatment,2014,10,Rear-end,Multi-Vehicle,152.991476,-27.420897,Glenalva Tce,Western Arterial Rd,Enoggera,Ashgrove,Intersection - T-Junction,Operating traffic lights,60 km/h,Sealed - Dry,Daylight,Straight,Veh'S Same Direction: Rear End,Rear-end,0,0,2,0,2,2,0,0,0,0,0,0
266737,Hospitalisation,2014,20,Fall from vehicle,Single Vehicle,153.02619,-27.470615,Albert St,,Brisbane City,Brisbane Central,No Roadway Feature,No traffic control,0 - 50 km/h,Sealed - Dry,Darkness - Lighted,Straight,Pass & Misc: Fell In/From Vehicle,Other,0,0,0,0,0,1,0,0,0,0,0,0
266738,Minor injury,2014,8,Rear-end,Multi-Vehicle,153.042449,-27.445025,Edmondstone Rd,,Bowen Hills,Brisbane Central,No Roadway Feature,No traffic control,0 - 50 km/h,Sealed - Dry,Daylight,Straight,Veh'S Same Direction: Right Rear,Rear-end,0,0,0,1,1,2,0,0,0,0,0,0
266739,Medical treatment,2014,13,Rear-end,Multi-Vehicle,152.9909923,-27.48286246,Jephson St,,Toowong,Mount Coot-tha,No Roadway Feature,No traffic control,60 km/h,Sealed - Dry,Daylight,Straight,Veh'S Same Direction: Rear End,Rear-end,0,0,1,0,1,3,0,0,0,0,0,0
266745,Hospitalisation,2014,17,Angle,Multi-Vehicle,153.044471,-27.360373,Church Rd,Zillmere Rd,Zillmere,Nudgee,Intersection - T-Junction,Operating traffic lights,0 - 50 km/h,Sealed - Dry,Dawn/Dusk,Straight,Veh'S Adjacent Approach: Left-Right,Intersection from adjacent approaches,0,1,0,1,2,3,0,0,0,0,0,0
266749,Medical treatment,2014,18,Rear-end,Multi-Vehicle,153.071796,-27.43106,Nudgee Rd,,Ascot,Clayfield,Railway Crossing,Operating traffic lights,60 km/h,Sealed - Dry,Dawn/Dusk,Straight,Veh'S Same Direction: Rear End,Rear-end,0,0,1,0,1,0,1,0,1,0,0,0
266766,Minor injury,2014,15,Angle,Multi-Vehicle,153.007614,-27.4447,Kelvin Grove Rd,Windsor Rd,Kelvin Grove,Mount Coot-tha,Intersection - Cross,Operating traffic lights,60 km/h,Sealed - Dry,Daylight,Straight,Veh'S Adjacent Approach: Thru-Right,Intersection from adjacent approaches,0,0,0,1,1,2,0,0,0,0,0,0
266768,Minor injury,2014,23,Angle,Multi-Vehicle,152.9958607,-27.47374901,Grimes St,Milton Rd,Auchenflower,Mount Coot-tha,Intersection - Cross,Operating traffic lights,60 km/h,Sealed - Dry,Darkness - Lighted,Straight,Veh'S Opposite Approach: Thru-Right,Opposing vehicles turning,0,0,0,1,1,2,0,0,0,0,0,0
266769,Medical treatment,2014,22,Rear-end,Multi-Vehicle,153.0675024,-27.31748544,Brighton Rd,Sixth Ave,Sandgate,Sandgate,Intersection - T-Junction,No traffic control,60 km/h,Sealed - Dry,Darkness - Lighted,Straight,Veh'S Overtaking: Overtake-Right Turn,Overtaking same direction,0,0,3,0,3,2,0,0,0,0,0,0
266770,Medical treatment,2014,8,Hit pedestrian,Hit pedestrian,153.009539,-27.400886,Appleby Rd,Jarvis St,Stafford Heights,Stafford,Intersection - Roundabout,Give way sign,60 km/h,Sealed - Dry,Daylight,Straight,Ped'N: Far Side Vehicle Hit From Left,Pedestrian,0,0,1,0,1,1,0,0,0,0,1,0
266774,Minor injury,2014,15,Rear-end,Multi-Vehicle,153.012773,-27.3470334,Gympie Arterial Rd,,Carseldine,Aspley,No Roadway Feature,No traffic control,60 km/h,Sealed - Dry,Daylight,Straight,Veh'S Same Direction: Rear End,Rear-end,0,0,0,1,1,3,0,0,0,0,0,0
266780,Hospitalisation,2014,12,Angle,Multi-Vehicle,153.0685766,-27.38824486,Northgate Rd,Old Toombul Rd,Northgate,Nudgee,Intersection - Cross,Give way sign,0 - 50 km/h,Sealed - Dry,Daylight,Straight,Veh'S Adjacent Approach: Thru-Right,Intersection from adjacent approaches,0,1,0,0,1,2,0,0,0,0,0,0
266803,Medical treatment,2014,12,Angle,Multi-Vehicle,153.04201,-27.45839,Harcourt St,James St,New Farm,Brisbane Central,Intersection - Cross,Stop sign,0 - 50 km/h,Sealed - Dry,Daylight,Straight,Veh'S Manoeuvring: Entering From Footway,Vehicle leaving driveway,0,0,1,0,1,1,0,0,0,0,0,1
266805,Hospitalisation,2014,17,Angle,Multi-Vehicle,152.969202,-27.482853,Western Arterial Rd,,Mount Coot-tha,Mount Coot-tha,No Roadway Feature,No traffic control,80 - 90 km/h,Sealed - Dry,Dawn/Dusk,Curved - view open,Veh'S Same Direction: Lane Change Right,Lane changes,0,1,1,0,2,2,0,0,0,0,0,0
266810,Medical treatment,2014,17,Angle,Multi-Vehicle,152.98708,-27.402755,Everton Park - Albany Creek Rd,Pullen Rd,Everton Park,Everton,Intersection - T-Junction,Operating traffic lights,60 km/h,Sealed - Dry,Daylight,Curved - view open,Veh'S Adjacent Approach: Thru-Right,Intersection from adjacent approaches,0,0,2,0,2,2,0,0,0,0,0,0
266839,Medical treatment,2014,9,Rear-end,Multi-Vehicle,153.020147,-27.466911,Herschel St,Roma St,Brisbane City,Brisbane Central,Intersection - T-Junction,Operating traffic lights,0 - 50 km/h,Sealed - Dry,Daylight,Straight,Veh'S Same Direction: Rear End,Rear-end,0,0,1,0,1,2,0,0,0,0,0,0
266846,Medical treatment,2014,10,Rear-end,Multi-Vehicle,153.0462568,-27.42700211,Bonney Ave,,Clayfield,Clayfield,No Roadway Feature,No traffic control,0 - 50 km/h,Sealed - Dry,Daylight,Straight,Veh'S Same Direction: Rear End,Rear-end,0,0,1,0,1,2,0,0,0,0,0,0
266847,Medical treatment,2014,5,Fall from vehicle,Single Vehicle,153.0555969,-27.43909917,Kingsford Smith Dr,,Hamilton,Clayfield,No Roadway Feature,No traffic control,60 km/h,Sealed - Dry,Dawn/Dusk,Straight,Pass & Misc: Fell In/From Vehicle,Other,0,0,0,0,0,0,0,0,1,0,0,0
266867,Hospitalisation,2014,8,Hit object,Single Vehicle,152.88814,-27.58292,Priors Pkt Rd,,Moggill,Moggill,No Roadway Feature,No traffic control,60 km/h,Sealed - Dry,Darkness - Not lighted,Straight,Off Path-Straight:Right Off Cway Hit Obj,Off carriageway on straight hit object,0,3,0,0,3,1,0,0,0,0,0,0
266868,Medical treatment,2014,14,Rear-end,Multi-Vehicle,153.0046727,-27.31673516,Strathpine Sub-Arterial Rd,,Bald Hills,Aspley,No Roadway Feature,No traffic control,60 km/h,Sealed - Dry,Daylight,Straight,Veh'S Same Direction: Rear End,Rear-end,0,0,2,0,2,3,0,0,0,0,0,0
266869,Medical treatment,2014,7,Rear-end,Multi-Vehicle,153.017567,-27.2978225,Gympie Arterial Rd,,Bald Hills,Sandgate,No Roadway Feature,No traffic control,100 - 110 km/h,Sealed - Dry,Daylight,Straight,Veh'S Same Direction: Rear End,Rear-end,0,0,1,0,1,3,0,0,0,0,0,0
266875,Hospitalisation,2014,16,Rear-end,Multi-Vehicle,153.044913,-27.38524,Newman Rd,Pechey St,Wavell Heights,Nudgee,Intersection - T-Junction,No traffic control,60 km/h,Sealed - Dry,Daylight,Straight,Veh'S Same Direction: Right Rear,Rear-end,0,1,0,0,1,2,0,0,0,0,0,0
266876,Medical treatment,2014,8,Rear-end,Multi-Vehicle,153.0224507,-27.37286377,Gympie Arterial Rd,,Aspley,Aspley,No Roadway Feature,No traffic control,70 km/h,Sealed - Dry,Daylight,Straight,Veh'S Same Direction: Rear End,Rear-end,0,0,1,0,1,2,0,0,0,0,0,0
266906,Medical treatment,2014,10,Hit pedestrian,Hit pedestrian,153.044682,-27.462419,Annie St,,New Farm,Brisbane Central,No Roadway Feature,No traffic control,0 - 50 km/h,Sealed - Dry,Daylight,Straight,Ped'N: Hit Other,Other,0,0,1,0,1,2,0,0,0,0,1,0
266907,Medical treatment,2014,14,Angle,Multi-Vehicle,153.038949,-27.448472,Montpelier Rd,,Bowen Hills,Brisbane Central,No Roadway Feature,No traffic control,60 km/h,Sealed - Dry,Daylight,Curved - view open,Veh'S Manoeuvring: Leaving Driveway,Vehicle leaving driveway,0,0,1,0,1,1,1,0,0,0,0,0
266910,Medical treatment,2014,15,Angle,Multi-Vehicle,153.010842,-27.363178,Albany Creek Sub-Arterial Rd,,Aspley,Aspley,No Roadway Feature,No traffic control,60 km/h,Sealed - Dry,Daylight,Straight,Veh'S Manoeuvring: Leaving Driveway,Vehicle leaving driveway,0,0,1,0,1,2,0,0,0,0,0,0
266915,Medical treatment,2014,17,Angle,Multi-Vehicle,153.0580753,-27.40611533,Bage St,Westacott St,Nundah,Clayfield,Intersection - Cross,Stop sign,0 - 50 km/h,Sealed - Dry,Dawn/Dusk,Straight,Veh'S Adjacent Approach: Thru-Thru,Intersection from adjacent approaches,0,0,1,1,2,2,0,0,0,0,0,0
266916,Medical treatment,2014,19,Angle,Multi-Vehicle,153.042638,-27.42185,Bridge St,Fraser St,Wooloowin,Clayfield,Intersection - Cross,Stop sign,60 km/h,Sealed - Dry,Darkness - Lighted,Straight,Veh'S Adjacent Approach: Thru-Right,Intersection from adjacent approaches,0,0,2,0,2,2,0,0,0,0,0,0
266917,Minor injury,2014,7,Fall from vehicle,Single Vehicle,153.014854,-27.422355,Grange Rd,Raymont Rd,Grange,Stafford,Intersection - T-Junction,Operating traffic lights,60 km/h,Sealed - Dry,Daylight,Straight,Off Path-Straight:Out Of Control On Cway,Out of control on straight,0,0,0,1,1,0,1,0,0,0,0,1
266918,Medical treatment,2014,17,Rear-end,Multi-Vehicle,152.962662,-27.411287,Dawson Pde,,Keperra,Everton,No Roadway Feature,No traffic control,60 km/h,Sealed - Dry,Daylight,Straight,Veh'S Same Direction: Rear End,Rear-end,0,0,2,0,2,2,0,0,0,0,0,0
266947,Hospitalisation,2014,6,Angle,Multi-Vehicle,153.020913,-27.463214,Wickham Tce,,Spring Hill,Brisbane Central,No Roadway Feature,No traffic control,0 - 50 km/h,Sealed - Dry,Daylight,Straight,Veh'S Manoeuvring: Leaving Driveway,Vehicle leaving driveway,0,1,0,0,1,1,0,1,0,0,0,0
266948,Hospitalisation,2014,16,Angle,Multi-Vehicle,153.029677,-27.445546,Bowen Bridge Rd,,Herston,Brisbane Central,No Roadway Feature,Operating traffic lights,60 km/h,Sealed - Dry,Daylight,Straight,Veh'S Opposite Approach: Thru-Right,Opposing vehicles turning,0,1,0,0,1,1,1,0,0,0,0,0
266951,Hospitalisation,2014,8,Rear-end,Multi-Vehicle,153.0638697,-27.30781833,Brighton Tce,Tenth Ave,Sandgate,Sandgate,Intersection - Cross,No traffic control,60 km/h,Sealed - Dry,Daylight,Straight,Veh'S Same Direction: Right Rear,Rear-end,0,1,0,0,1,2,0,0,0,0,0,0
266952,Medical treatment,2014,8,Rear-end,Multi-Vehicle,153.047,-27.330372,Depot Rd,,Deagon,Sandgate,No Roadway Feature,No traffic control,60 km/h,Sealed - Dry,Daylight,Straight,Veh'S Same Direction: Rear End,Rear-end,0,0,1,0,1,2,0,0,0,0,0,0
266962,Hospitalisation,2014,12,Angle,Multi-Vehicle,153.054128,-27.418647,Drane St,,Clayfield,Clayfield,No Roadway Feature,No traffic control,0 - 50 km/h,Sealed - Dry,Daylight,Straight,Veh'S Manoeuvring: Leaving Parking,Vehicle leaving driveway,0,1,0,0,1,1,1,0,0,0,0,0
266984,Medical treatment,2014,7,Angle,Multi-Vehicle,152.982384,-27.447725,Girraween Gr,Waterworks Rd,Ashgrove,Ashgrove,Intersection - T-Junction,Give way sign,60 km/h,Sealed - Dry,Daylight,Curved - view obscured,Veh'S Manoeuvring: Entering From Footway,Vehicle leaving driveway,0,0,1,0,1,1,0,0,0,1,0,0
266987,Medical treatment,2014,15,Angle,Multi-Vehicle,153.056844,-27.32723,Desmond Ave,Sandgate Sub-Arterial Rd,Deagon,Sandgate,Intersection - T-Junction,No traffic control,0 - 50 km/h,Sealed - Dry,Daylight,Straight,Veh'S Manoeuvring: Other,Other,0,0,1,0,1,1,0,0,0,1,0,0
266998,Hospitalisation,2014,8,Angle,Multi-Vehicle,153.054374,-27.419504,Bayview Tce,Sandgate Rd,Clayfield,Clayfield,Intersection - Cross,Operating traffic lights,60 km/h,Sealed - Dry,Daylight,Straight,Veh'S Opposite Approach: Thru-Right,Opposing vehicles turning,0,3,0,0,3,2,0,0,0,0,0,0
266999,Medical treatment,2014,14,Angle,Multi-Vehicle,153.050534,-27.426505,Oriel Rd,Sandgate Rd,Clayfield,Clayfield,Intersection - T-Junction,Operating traffic lights,60 km/h,Sealed - Dry,Daylight,Straight,Veh'S Opposite Approach: Thru-Right,Opposing vehicles turning,0,0,1,0,1,2,0,0,0,0,0,0
267000,Hospitalisation,2014,16,Angle,Multi-Vehicle,153.002189,-27.427063,Enoggera Rd,Lloyd St,Alderley,Ashgrove,Intersection - T-Junction,Give way sign,60 km/h,Sealed - Dry,Daylight,Straight,Veh'S Opposite Approach: Thru-Right,Opposing vehicles turning,0,1,0,0,1,2,0,0,0,0,0,0
267022,Medical treatment,2014,19,Angle,Multi-Vehicle,152.977887,-27.459542,Chiswick Rd,Simpsons Rd,Bardon,Mount Coot-tha,Intersection - T-Junction,Give way sign,60 km/h,Sealed - Dry,Darkness - Lighted,Curved - view open,Veh'S Adjacent Approach: Thru-Right,Intersection from adjacent approaches,0,0,2,0,2,2,0,0,0,0,0,0
267023,Medical treatment,2014,6,Angle,Multi-Vehicle,153.028793,-27.464193,Ann St,Wharf St,Brisbane City,Brisbane Central,Intersection - Cross,Operating traffic lights,0 - 50 km/h,Sealed - Dry,Daylight,Straight,Veh'S Adjacent Approach: Thru-Thru,Intersection from adjacent approaches,0,0,1,0,1,2,0,0,0,0,0,0
267028,Medical treatment,2014,15,Hit parked vehicle,Single Vehicle,153.078074,-27.37202534,Macoma St,,Banyo,Nudgee,No Roadway Feature,No traffic control,0 - 50 km/h,Sealed - Dry,Daylight,Straight,Veh'S On Path: Parked,Hit parked vehicle,0,0,1,0,1,2,0,0,0,0,0,0
267049,Medical treatment,2014,13,Angle,Multi-Vehicle,153.008406,-27.445786,Herston Rd,Kelvin Grove Rd,Kelvin Grove,Brisbane Central,Intersection - T-Junction,Operating traffic lights,60 km/h,Sealed - Dry,Daylight,Straight,Veh'S Opposite Approach: Thru-Right,Opposing vehicles turning,0,0,1,1,2,2,0,0,0,0,0,0
267054,Medical treatment,2014,7,Angle,Multi-Vehicle,152.924809,-27.409861,Cemetery Rd,Upper Kedron Rd,Ferny Grove,Ferny Grove,Intersection - T-Junction,Give way sign,60 km/h,Sealed - Dry,Daylight,Straight,Veh'S Adjacent Approach: Thru-Right,Intersection from adjacent approaches,0,0,1,0,1,1,0,0,0,1,0,0
267075,Medical treatment,2014,8,Angle,Multi-Vehicle,152.978652,-27.442571,Glenlyon Dr,Grevillea Rd,Ashgrove,Ashgrove,Intersection - Cross,Stop sign,0 - 50 km/h,Sealed - Dry,Daylight,Straight,Veh'S Adjacent Approach: Thru-Right,Intersection from adjacent approaches,0,0,1,0,1,1,0,0,0,1,0,0
267077,Hospitalisation,2014,14,Fall from vehicle,Single Vehicle,153.023278,-27.462289,Fortescue St,Leichhardt St,Spring Hill,Brisbane Central,Intersection - Cross,No traffic control,60 km/h,Sealed - Dry,Daylight,Curved - view open,Veh'S Same Direction: U-Turn,U-turn,0,1,0,0,1,0,1,0,0,0,0,1
267078,Medical treatment,2014,17,Hit object,Single Vehicle,153.029419,-27.454044,Brunswick St,Water St,Fortitude Valley,Brisbane Central,Intersection - Cross,Operating traffic lights,60 km/h,Sealed - Dry,Daylight,Curved - view open,Off Path-Curve: Off Cway Rt Bend Hit Obj,Off carriageway on curve hit object,0,0,1,0,1,0,1,0,0,0,0,0
267087,Hospitalisation,2014,8,Hit object,Single Vehicle,153.062946,-27.435512,Riverview Tce,Windermere Rd,Hamilton,Clayfield,Intersection - T-Junction,No traffic control,0 - 50 km/h,Sealed - Dry,Daylight,Straight,Veh'S On Path: Parked,Hit parked vehicle,0,1,0,0,1,2,0,0,0,0,0,0