Crash_Ref_Number,Severity,Year,Hour,Crash_Nature,Crash_Type,Longitude,Latitude,Street,Street_Intersecting,Suburb,Loc_State_Electorate,Crash_Roadway_Feature,Crash_Traffic_Control,Crash_Speed_Limit,Crash_Road_Surface_Condition,Crash_Lighting_Condition,Crash_Road_Horiz_Align,Crash_DCA_Description,Crash_DCA_Group_Description,Count_Casualty_Fatality,Count_Casualty_Hospitalised,Count_Casualty_MedicallyTreated,Count_Casualty_MinorInjury,Count_Casualty_Total,Count_Unit_Car,Count_Unit_Motorcycle_Moped,Count_Unit_Truck,Count_Unit_Bus,Count_Unit_Bicycle,Count_Unit_Pedestrian,Count_Unit_Other
267088,Medical treatment,2014,10,Angle,Multi-Vehicle,153.008702,-27.437852,Edmondstone St,Foster St,Newmarket,Brisbane Central,Intersection - T-Junction,Operating traffic lights,0 - 50 km/h,Sealed - Dry,Daylight,Straight,Veh'S Opposite Approach: Thru-Right,Opposing vehicles turning,0,0,2,0,2,2,0,0,0,0,0,0
267089,Medical treatment,2014,15,Sideswipe,Multi-Vehicle,153.005516,-27.433275,Enoggera Rd,,Newmarket,Stafford,No Roadway Feature,No traffic control,60 km/h,Sealed - Dry,Daylight,Straight,Veh'S Same Direction: Lane Change Right,Lane changes,0,0,1,0,1,1,0,0,1,0,0,0
267090,Medical treatment,2014,18,Angle,Multi-Vehicle,152.992398,-27.406922,East - West Arterial Rd,,Everton Park,Everton,No Roadway Feature,No traffic control,60 km/h,Sealed - Dry,Dawn/Dusk,Straight,Veh'S Manoeuvring: Leaving Driveway,Vehicle leaving driveway,0,0,1,0,1,2,0,0,0,0,0,0
267116,Hospitalisation,2014,16,Rear-end,Multi-Vehicle,153.030009,-27.443147,Lutwyche Rd,,Windsor,Brisbane Central,Intersection - Cross,Operating traffic lights,60 km/h,Sealed - Dry,Daylight,Straight,Veh'S Same Direction: Left Rear,Rear-end,0,1,0,0,1,2,0,0,0,0,0,0
267117,Hospitalisation,2014,16,Hit object,Single Vehicle,153.074686,-27.410982,Nudgee Rd,,Hendra,Clayfield,No Roadway Feature,No traffic control,60 km/h,Sealed - Dry,Daylight,Curved - view open,Pass & Misc: Other,Other,0,2,0,0,2,4,0,0,0,0,0,0
267142,Minor injury,2014,6,Hit parked vehicle,Single Vehicle,153.04598,-27.306888,Douglas St,,Brighton,Sandgate,No Roadway Feature,No traffic control,0 - 50 km/h,Sealed - Dry,Daylight,Straight,Veh'S On Path: Parked,Hit parked vehicle,0,0,0,1,1,2,0,0,0,0,0,0
267143,Hospitalisation,2014,0,Hit object,Single Vehicle,153.030802,-27.394051,Bromilow St,Gympie Arterial Rd,Kedron,Stafford,No Roadway Feature,No traffic control,60 km/h,Sealed - Dry,Darkness - Lighted,Straight,Off Path-Straight: Left Off Cway Hit Obj,Off carriageway on straight hit object,0,1,0,0,1,1,0,0,0,0,0,0
267150,Medical treatment,2014,8,Hit object,Single Vehicle,153.062026,-27.430607,Kitchener Rd,Lancaster Rd,Ascot,Clayfield,Intersection - Cross,Operating traffic lights,0 - 50 km/h,Sealed - Dry,Daylight,Straight,Off Path-Straight: Left Off Cway Hit Obj,Off carriageway on straight hit object,0,0,1,0,1,2,0,0,0,0,0,0
267151,Medical treatment,2014,15,Rear-end,Multi-Vehicle,153.062184,-27.383615,Sandgate Sub-Arterial Rd,,Virginia,Nudgee,No Roadway Feature,No traffic control,60 km/h,Sealed - Dry,Daylight,Straight,Veh'S Same Direction: Rear End,Rear-end,0,0,1,0,1,2,0,0,0,0,0,0
267171,Hospitalisation,2014,17,Hit pedestrian,Hit pedestrian,153.018923,-27.466595,Makerston St,Roma St,Brisbane City,Brisbane Central,Intersection - T-Junction,Operating traffic lights,0 - 50 km/h,Sealed - Dry,Daylight,Straight,Ped'N: Far Side Vehicle Hit From Left,Pedestrian,0,1,0,0,1,1,0,0,0,0,1,0
267172,Medical treatment,2014,22,Angle,Multi-Vehicle,153.008572,-27.45968,Horsfall St,Plunkett St,Paddington,Mount Coot-tha,Intersection - Cross,No traffic control,0 - 50 km/h,Sealed - Dry,Darkness - Lighted,Straight,Veh'S Adjacent Approach: Thru-Thru,Intersection from adjacent approaches,0,0,1,1,2,2,0,0,0,0,0,0
267173,Minor injury,2014,22,Rear-end,Multi-Vehicle,153.028211,-27.463559,Turbot St,Wharf St,Spring Hill,Brisbane Central,Intersection - Cross,Operating traffic lights,0 - 50 km/h,Sealed - Dry,Darkness - Lighted,Straight,Veh'S Same Direction: Rear End,Rear-end,0,0,0,1,1,1,0,0,0,0,0,1
267177,Medical treatment,2014,3,Head-on,Multi-Vehicle,153.0109282,-27.39385724,Appleby Rd,,Stafford Heights,Stafford,No Roadway Feature,No traffic control,60 km/h,Sealed - Dry,Darkness - Lighted,Straight,Veh'S Opposite Approach: Head On,Head-on,0,0,1,0,1,2,0,0,0,0,0,0
267186,Medical treatment,2014,16,Rear-end,Multi-Vehicle,153.017389,-27.426339,Carroll Cres,Days Rd,Grange,Stafford,Intersection - T-Junction,Give way sign,0 - 50 km/h,Sealed - Dry,Daylight,Straight,Veh'S Same Direction: Right Rear,Rear-end,0,0,1,0,1,2,0,0,0,0,0,0
267187,Medical treatment,2014,14,Rear-end,Multi-Vehicle,153.031224,-27.436452,Lutwyche Rd,,Windsor,Brisbane Central,No Roadway Feature,No traffic control,60 km/h,Sealed - Dry,Daylight,Straight,Veh'S Same Direction: Rear End,Rear-end,0,0,1,0,1,2,0,0,0,0,0,0
267202,Medical treatment,2014,6,Head-on,Multi-Vehicle,153.000648,-27.458737,Latrobe Tce,,Paddington,Mount Coot-tha,No Roadway Feature,No traffic control,0 - 50 km/h,Sealed - Dry,Daylight,Curved - view obscured,Veh'S Opposite Approach: Head On,Head-on,0,0,1,0,1,2,0,0,0,0,0,0
267203,Medical treatment,2014,20,Sideswipe,Multi-Vehicle,153.025803,-27.474541,Margaret St,William St,Brisbane City,Brisbane Central,Intersection - Interchange,Operating traffic lights,60 km/h,Sealed - Dry,Darkness - Lighted,Straight,Veh'S Same Direction: Lane Change Right,Lane changes,0,0,2,0,2,2,0,0,0,0,0,0
267204,Minor injury,2014,8,Rear-end,Multi-Vehicle,153.004157,-27.469051,Milton Rd,,Milton,Mount Coot-tha,No Roadway Feature,No traffic control,60 km/h,Sealed - Dry,Daylight,Straight,Veh'S Same Direction: Rear End,Rear-end,0,0,0,1,1,2,0,1,0,0,0,0
267206,Medical treatment,2014,23,Angle,Multi-Vehicle,153.002908,-27.475377,Coronation Dr,Lang Pde,Auchenflower,Mount Coot-tha,Intersection - T-Junction,Operating traffic lights,60 km/h,Sealed - Dry,Darkness - Lighted,Straight,Veh'S Manoeuvring: Entering From Footway,Vehicle leaving driveway,0,0,1,0,1,1,0,0,0,1,0,0
267209,Minor injury,2014,11,Sideswipe,Multi-Vehicle,153.0625,-27.288473,Hornibrook Hwy,Twenty Third Ave,Brighton,Sandgate,Intersection - T-Junction,No traffic control,60 km/h,Sealed - Dry,Daylight,Straight,Veh'S Same Direction: Right Turn S/Swipe,Parallel lanes turning,0,0,0,1,1,2,0,0,0,0,0,0
267212,Medical treatment,2014,8,Angle,Multi-Vehicle,153.0215657,-27.36295966,Navua Ave,Rangeview St,Aspley,Aspley,Intersection - Cross,Give way sign,0 - 50 km/h,Sealed - Dry,Daylight,Straight,Veh'S Adjacent Approach: Thru-Thru,Intersection from adjacent approaches,0,0,1,0,1,2,0,0,0,0,0,0
267213,Medical treatment,2014,15,Rear-end,Multi-Vehicle,153.0265764,-27.36446052,Glengellan St,Kirby Rd,Aspley,Aspley,No Roadway Feature,No traffic control,60 km/h,Sealed - Dry,Daylight,Straight,Veh'S Same Direction: Rear End,Rear-end,0,0,3,0,3,3,0,0,0,0,0,0
267244,Hospitalisation,2014,12,Hit pedestrian,Hit pedestrian,152.975733,-27.49783,Coonan St,Keating St,Indooroopilly,Indooroopilly,Intersection - T-Junction,No traffic control,60 km/h,Sealed - Dry,Daylight,Straight,Ped'N: Far Side Vehicle Hit From Left,Pedestrian,0,1,0,0,1,1,0,0,0,0,1,0
267253,Medical treatment,2014,5,Angle,Multi-Vehicle,153.061608,-27.41636,Junction Rd,,Clayfield,Clayfield,No Roadway Feature,No traffic control,60 km/h,Sealed - Dry,Dawn/Dusk,Straight,Veh'S Manoeuvring: Leaving Driveway,Vehicle leaving driveway,0,0,1,0,1,1,1,0,0,0,0,0
267254,Medical treatment,2014,19,Rear-end,Multi-Vehicle,153.048936,-27.440156,Kingsford Smith Dr,,Hamilton,Clayfield,No Roadway Feature,No traffic control,60 km/h,Sealed - Dry,Dawn/Dusk,Curved - view open,Veh'S Same Direction: Rear End,Rear-end,0,0,1,0,1,2,0,0,0,0,0,0
267278,Hospitalisation,2014,8,Angle,Multi-Vehicle,153.008916,-27.46737,Castlemaine St,Milton Rd,Milton,Mount Coot-tha,Intersection - T-Junction,Operating traffic lights,60 km/h,Sealed - Dry,Daylight,Straight,Veh'S Opposite Approach: Thru-Right,Opposing vehicles turning,0,1,0,0,1,1,0,0,0,1,0,0
267281,Hospitalisation,2014,15,Angle,Multi-Vehicle,152.9493465,-27.50721834,Moggill Sub-Arterial Rd,,Kenmore,Moggill,Median Opening,Operating traffic lights,60 km/h,Sealed - Dry,Daylight,Curved - view open,Veh'S Opposite Approach: Thru-Right,Opposing vehicles turning,0,1,0,0,1,2,0,0,0,0,0,0
267312,Medical treatment,2014,7,Angle,Multi-Vehicle,153.039984,-27.453372,Ann St,,Fortitude Valley,Brisbane Central,No Roadway Feature,No traffic control,0 - 50 km/h,Sealed - Dry,Daylight,Curved - view obscured,Veh'S Manoeuvring: Entering From Footway,Vehicle leaving driveway,0,0,1,0,1,1,0,0,0,1,0,0
267315,Hospitalisation,2014,10,Angle,Multi-Vehicle,153.056297,-27.369713,Bilsen Rd,Robinson Rd E,Geebung,Nudgee,Intersection - Roundabout,Give way sign,60 km/h,Sealed - Dry,Daylight,Straight,Veh'S Adjacent Approach: Thru-Thru,Intersection from adjacent approaches,0,1,0,0,1,1,0,0,0,1,0,0
267385,Hospitalisation,2014,6,Sideswipe,Multi-Vehicle,153.0405,-27.43938,Abbotsford Rd,,Bowen Hills,Brisbane Central,No Roadway Feature,No traffic control,0 - 50 km/h,Sealed - Dry,Dawn/Dusk,Straight,Veh'S Same Direction: Lane Change Right,Lane changes,0,1,0,0,1,1,1,0,0,0,0,0
267387,Medical treatment,2014,15,Rear-end,Multi-Vehicle,152.970578,-27.498201,Station Rd,,Indooroopilly,Indooroopilly,No Roadway Feature,No traffic control,60 km/h,Sealed - Dry,Daylight,Straight,Veh'S Same Direction: Left Rear,Rear-end,0,0,1,0,1,2,0,0,0,0,0,0
267388,Medical treatment,2014,11,Sideswipe,Multi-Vehicle,152.938996,-27.5077,Moggill Sub-Arterial Rd,,Kenmore,Moggill,No Roadway Feature,No traffic control,60 km/h,Sealed - Dry,Daylight,Straight,Veh'S Same Direction: Lane Change Left,Lane changes,0,0,1,0,1,1,1,0,0,0,0,0
267390,Medical treatment,2014,8,Rear-end,Multi-Vehicle,153.009681,-27.399923,Appleby Rd,,Stafford Heights,Stafford,No Roadway Feature,No traffic control,60 km/h,Sealed - Dry,Daylight,Straight,Veh'S Same Direction: Rear End,Rear-end,0,0,1,0,1,2,0,0,0,0,0,0
267393,Medical treatment,2014,5,Angle,Multi-Vehicle,153.0123995,-27.34592598,Beams Rd,Gympie Arterial Rd,Carseldine,Aspley,Intersection - Cross,Operating traffic lights,70 km/h,Sealed - Dry,Daylight,Straight,Veh'S Adjacent Approach: Thru-Thru,Intersection from adjacent approaches,0,0,1,0,1,2,0,0,0,0,0,0
267416,Minor injury,2014,17,Angle,Multi-Vehicle,153.002162,-27.467745,Baroona Rd,Wight St,Milton,Mount Coot-tha,No Roadway Feature,No traffic control,60 km/h,Sealed - Dry,Daylight,Straight,Veh'S Adjacent Approach: Thru-Right,Intersection from adjacent approaches,0,0,0,1,1,1,0,0,0,1,0,0
267420,Hospitalisation,2014,14,Angle,Multi-Vehicle,153.0310914,-27.39575559,Gympie Arterial Rd,,Kedron,Nudgee,No Roadway Feature,No traffic control,60 km/h,Sealed - Dry,Daylight,Straight,Veh'S Manoeuvring: Other,Other,0,1,0,0,1,1,0,0,0,0,0,1
267429,Medical treatment,2014,6,Hit pedestrian,Hit pedestrian,153.082179,-27.371979,Red Hill Rd,St Vincents Rd,Nudgee,Nudgee,Intersection - T-Junction,No traffic control,0 - 50 km/h,Sealed - Dry,Dawn/Dusk,Straight,Ped'N: Near Side Vehicle Hit From Right,Pedestrian,0,0,1,0,1,1,0,0,0,0,1,0
267430,Medical treatment,2014,10,Rear-end,Multi-Vehicle,153.057636,-27.397633,Rode Rd,,Wavell Heights,Clayfield,No Roadway Feature,No traffic control,60 km/h,Sealed - Dry,Daylight,Straight,Veh'S Same Direction: Right Rear,Rear-end,0,0,2,0,2,2,0,0,0,0,0,0
267431,Hospitalisation,2014,13,Hit object,Single Vehicle,153.061331,-27.385262,Sandgate Sub-Arterial Rd,,Virginia,Nudgee,No Roadway Feature,No traffic control,60 km/h,Sealed - Dry,Daylight,Straight,Off Path-Straight: Mounts Traffic Island,Off carriageway on straight hit object,0,1,0,0,1,0,1,0,0,0,0,0
267461,Medical treatment,2014,20,Rear-end,Multi-Vehicle,153.035742,-27.461222,Bradfield Hwy,Martin St,Fortitude Valley,Brisbane Central,Intersection - T-Junction,No traffic control,0 - 50 km/h,Sealed - Dry,Darkness - Lighted,Straight,Veh'S Same Direction: Left Rear,Rear-end,0,0,1,0,1,2,0,0,0,0,0,0
267465,Hospitalisation,2014,3,Hit object,Single Vehicle,153.048391,-27.296511,Redcliffe Sub-Arterial Rd,,Brighton,Sandgate,No Roadway Feature,No traffic control,80 - 90 km/h,Sealed - Dry,Darkness - Not lighted,Curved - view obscured,Off Path-Curve: Off Cway Rt Bend Hit Obj,Off carriageway on curve hit object,0,1,0,0,1,1,0,0,0,0,0,0
267470,Hospitalisation,2014,23,Angle,Multi-Vehicle,153.0956153,-27.37694966,Gateway Arterial Rd,,Banyo,Nudgee,No Roadway Feature,No traffic control,80 - 90 km/h,Sealed - Dry,Darkness - Lighted,Straight,Veh'S Same Direction: Lane Change Right,Lane changes,0,1,0,0,1,2,0,0,0,0,0,0
267471,Medical treatment,2014,7,Angle,Multi-Vehicle,153.000539,-27.424411,Alderley Ave,South Pine Rd,Alderley,Stafford,Intersection - T-Junction,No traffic control,0 - 50 km/h,Sealed - Dry,Daylight,Straight,Veh'S Opposite Approach: Thru-Right,Opposing vehicles turning,0,0,1,0,1,2,0,0,0,0,0,0
267472,Hospitalisation,2014,16,Angle,Multi-Vehicle,153.002189,-27.427063,Enoggera Rd,Lloyd St,Alderley,Ashgrove,Intersection - Cross,Operating traffic lights,60 km/h,Sealed - Dry,Daylight,Straight,Veh'S Opposite Approach: Thru-Right,Opposing vehicles turning,0,1,0,0,1,2,0,0,0,0,0,0
267486,Medical treatment,2014,10,Rear-end,Multi-Vehicle,152.955247,-27.516943,Fig Tree Pocket Rd,,Indooroopilly,Moggill,Bridge/Causeway,No traffic control,60 km/h,Sealed - Dry,Daylight,Straight,Veh'S Same Direction: Rear End,Rear-end,0,0,1,0,1,3,0,0,0,0,0,0
267490,Medical treatment,2014,9,Rear-end,Multi-Vehicle,153.009687,-27.399797,Appleby Rd,,Stafford Heights,Stafford,No Roadway Feature,No traffic control,60 km/h,Sealed - Dry,Daylight,Straight,Veh'S Same Direction: Rear End,Rear-end,0,0,1,0,1,2,0,0,0,0,0,0
267519,Hospitalisation,2014,14,Fall from vehicle,Single Vehicle,153.041748,-27.42995,Albion Rd,Sandgate Rd,Albion,Clayfield,Intersection - Cross,Operating traffic lights,0 - 50 km/h,Sealed - Dry,Daylight,Straight,Off Path-Straight:Out Of Control On Cway,Out of control on straight,0,1,0,0,1,0,1,0,0,0,0,0
267538,Hospitalisation,2014,9,Angle,Multi-Vehicle,153.014304,-27.458704,Kelvin Grove Rd,,Kelvin Grove,Mount Coot-tha,Intersection - Cross,Operating traffic lights,60 km/h,Sealed - Wet,Daylight,Straight,Veh'S Adjacent Approach: Thru-Right,Intersection from adjacent approaches,0,2,0,0,2,2,0,0,0,0,0,0
267539,Hospitalisation,2014,11,Angle,Multi-Vehicle,153.037614,-27.447715,Abbotsford Rd,Montpelier Rd,Bowen Hills,Brisbane Central,Intersection - 5+ way,Operating traffic lights,60 km/h,Sealed - Wet,Daylight,Curved - view open,Veh'S Opposite Approach: Thru-Right,Opposing vehicles turning,0,1,0,0,1,2,0,0,0,0,0,0
267541,Medical treatment,2014,9,Sideswipe,Multi-Vehicle,152.986048,-27.472419,Sleath St,Western Arterial Rd,Toowong,Mount Coot-tha,No Roadway Feature,No traffic control,60 km/h,Sealed - Wet,Daylight,Straight,Veh'S Manoeuvring: Entering From Footway,Vehicle leaving driveway,0,0,1,0,1,1,0,0,0,1,0,0
267544,Medical treatment,2014,7,Rear-end,Multi-Vehicle,153.063016,-27.321799,Board St,,Deagon,Sandgate,No Roadway Feature,No traffic control,60 km/h,Sealed - Dry,Daylight,Straight,Veh'S Same Direction: Rear End,Rear-end,0,0,1,0,1,2,0,0,0,0,0,0
267545,Medical treatment,2014,13,Angle,Multi-Vehicle,153.0089531,-27.3344921,Gympie Rd,,Bald Hills,Aspley,Median Opening,Operating traffic lights,60 km/h,Sealed - Wet,Daylight,Straight,Veh'S Opposite Approach: Thru-Right,Opposing vehicles turning,0,0,1,0,1,2,0,0,0,0,0,0
267550,Medical treatment,2014,17,Rear-end,Multi-Vehicle,153.07199,-27.36536,Invalid Street From Police,,Banyo,Nudgee,No Roadway Feature,No traffic control,60 km/h,Sealed - Dry,Daylight,Straight,Veh'S Same Direction: Rear End,Rear-end,0,0,1,0,1,2,0,0,0,0,0,0
267555,Hospitalisation,2014,8,Rear-end,Multi-Vehicle,153.031894,-27.433306,Bowen St,Lutwyche Rd,Windsor,Brisbane Central,Intersection - T-Junction,Operating traffic lights,60 km/h,Sealed - Wet,Daylight,Straight,Veh'S Same Direction: Rear End,Rear-end,0,1,1,0,2,2,0,0,0,0,0,0
267556,Hospitalisation,2014,11,Angle,Multi-Vehicle,153.085156,-27.43519633,Fison Ave W,Gateway Arterial Rd,Eagle Farm,Clayfield,Intersection - Interchange,Stop sign,60 km/h,Sealed - Dry,Daylight,Straight,Veh'S Adjacent Approach: Thru-Thru,Intersection from adjacent approaches,0,1,0,0,1,2,0,0,0,0,0,0
267589,Medical treatment,2014,18,Rear-end,Multi-Vehicle,152.990221,-27.441806,Amarina Ave,Western Arterial Rd,Ashgrove,Ashgrove,Intersection - T-Junction,No traffic control,60 km/h,Sealed - Dry,Dawn/Dusk,Straight,Veh'S Same Direction: Right Rear,Rear-end,0,0,2,0,2,2,0,0,0,0,0,0
267590,Medical treatment,2014,9,Rear-end,Multi-Vehicle,153.029612,-27.45807,Gotha St,St Pauls Tce,Fortitude Valley,Brisbane Central,Intersection - T-Junction,Operating traffic lights,60 km/h,Sealed - Wet,Daylight,Straight,Veh'S Same Direction: Rear End,Rear-end,0,0,1,0,1,3,0,0,0,0,0,0
267591,Hospitalisation,2014,8,Hit pedestrian,Hit pedestrian,152.974343,-27.502038,Riverview Tce,Station Rd,Indooroopilly,Indooroopilly,Intersection - T-Junction,Pedestrian operated lights,0 - 50 km/h,Sealed - Dry,Daylight,Straight,Ped'N: Near Side Vehicle Hit From Right,Pedestrian,0,1,0,0,1,1,0,0,0,0,1,0
267592,Hospitalisation,2014,13,Angle,Multi-Vehicle,152.897489,-27.539105,Grandview Rd,Moggill Sub-Arterial Rd,Pinjarra Hills,Moggill,Intersection - T-Junction,Give way sign,70 km/h,Sealed - Dry,Daylight,Curved - view obscured,Veh'S Adjacent Approach: Thru-Right,Intersection from adjacent approaches,0,1,0,0,1,2,0,0,0,0,0,0
267593,Medical treatment,2014,18,Angle,Multi-Vehicle,153.0038097,-27.40690698,Fogarty St,Ogden St,Stafford,Stafford,Intersection - Cross,Stop sign,0 - 50 km/h,Sealed - Dry,Dawn/Dusk,Straight,Veh'S Adjacent Approach: Thru-Thru,Intersection from adjacent approaches,0,0,1,0,1,2,0,0,0,0,0,0
267596,Hospitalisation,2014,16,Angle,Multi-Vehicle,153.035124,-27.361343,Conroy St,Dunsford St,Zillmere,Nudgee,Intersection - Cross,Give way sign,0 - 50 km/h,Sealed - Dry,Daylight,Straight,Veh'S Adjacent Approach: Thru-Right,Intersection from adjacent approaches,0,1,0,0,1,1,0,0,0,1,0,0
267597,Minor injury,2014,6,Rear-end,Multi-Vehicle,153.023,-27.373251,Gympie Arterial Rd,,Aspley,Aspley,No Roadway Feature,No traffic control,70 km/h,Sealed - Wet,Daylight,Straight,Veh'S Same Direction: Rear End,Rear-end,0,0,0,1,1,2,0,1,0,0,0,0
267626,Hospitalisation,2014,6,Angle,Multi-Vehicle,153.028211,-27.463559,Turbot St,Wharf St,Spring Hill,Brisbane Central,Intersection - Cross,Operating traffic lights,60 km/h,Sealed - Wet,Daylight,Straight,Veh'S Adjacent Approach: Thru-Thru,Intersection from adjacent approaches,0,1,1,0,2,2,0,0,0,0,0,0
267629,Medical treatment,2014,8,Sideswipe,Multi-Vehicle,153.0621643,-27.30065844,Beaconsfield Tce,Morcombe St,Brighton,Sandgate,Intersection - T-Junction,Give way sign,60 km/h,Sealed - Dry,Daylight,Straight,Veh'S Adjacent Approach: Thru-Right,Intersection from adjacent approaches,0,0,1,0,1,2,0,0,0,0,0,0
267642,Hospitalisation,2014,11,Angle,Multi-Vehicle,153.063996,-27.396992,Cavendish St,Ryans Rd,Nundah,Clayfield,Intersection - T-Junction,No traffic control,60 km/h,Sealed - Dry,Daylight,Straight,Veh'S Adjacent Approach: Thru-Right,Intersection from adjacent approaches,0,1,0,0,1,2,0,0,0,0,0,0
267654,Minor injury,2014,16,Angle,Multi-Vehicle,152.958636,-27.44623333,Payne Rd,Waterworks Rd,The Gap,Ashgrove,Intersection - Cross,Operating traffic lights,60 km/h,Sealed - Dry,Daylight,Straight,Veh'S Opposite Approach: Thru-Right,Opposing vehicles turning,0,0,0,1,1,2,0,0,0,0,0,0
267655,Minor injury,2014,15,Rear-end,Multi-Vehicle,153.0247607,-27.47512733,South East Arterial Rd,,Brisbane City,Brisbane Central,No Roadway Feature,No traffic control,60 km/h,Sealed - Dry,Daylight,Straight,Veh'S Same Direction: Rear End,Rear-end,0,0,0,1,1,2,0,0,0,0,0,0
267656,Medical treatment,2014,7,Rear-end,Multi-Vehicle,153.011141,-27.46244131,Hale St On Ramp,,Paddington,Mount Coot-tha,Intersection - Interchange,No traffic control,60 km/h,Sealed - Dry,Daylight,Straight,Veh'S Same Direction: Rear End,Rear-end,0,0,1,0,1,4,0,0,0,0,0,0
267658,Medical treatment,2014,9,Hit object,Single Vehicle,153.0302043,-27.30879498,Gateway Arterial Rd,,Bald Hills,Sandgate,No Roadway Feature,No traffic control,100 - 110 km/h,Sealed - Dry,Daylight,Straight,Off Path-Straight: Left Off Cway Hit Obj,Off carriageway on straight hit object,0,0,1,0,1,1,0,0,0,0,0,0
267663,Minor injury,2014,9,Rear-end,Multi-Vehicle,152.961786,-27.4037867,Dawson Pde,,Keperra,Everton,No Roadway Feature,No traffic control,60 km/h,Sealed - Dry,Daylight,Straight,Veh'S Same Direction: Rear End,Rear-end,0,0,0,1,1,2,0,0,0,0,0,0
267664,Hospitalisation,2014,14,Hit parked vehicle,Single Vehicle,152.9835354,-27.39844226,South Pine Rd,,Everton Park,Everton,No Roadway Feature,No traffic control,60 km/h,Sealed - Dry,Daylight,Straight,Veh'S On Path: Parked,Hit parked vehicle,0,1,0,0,1,1,1,0,0,0,0,0
267687,Medical treatment,2014,10,Angle,Multi-Vehicle,152.986606,-27.456266,Accession St,Western Arterial Rd,Bardon,Mount Coot-tha,Intersection - T-Junction,Give way sign,60 km/h,Sealed - Dry,Daylight,Straight,Veh'S Adjacant Approach: Thru-Left,Intersection from adjacent approaches,0,0,1,0,1,2,0,0,0,0,0,0
267688,Medical treatment,2014,7,Angle,Multi-Vehicle,153.025045,-27.460952,Boundary St,Hope St,Spring Hill,Brisbane Central,No Roadway Feature,No traffic control,60 km/h,Sealed - Dry,Daylight,Straight,Veh'S Opposite Approach: Thru-Right,Opposing vehicles turning,0,0,1,0,1,1,0,0,0,1,0,0
267689,Medical treatment,2014,21,Sideswipe,Multi-Vehicle,153.011377,-27.462339,Hale St,,Paddington,Mount Coot-tha,No Roadway Feature,No traffic control,60 km/h,Sealed - Dry,Darkness - Lighted,Straight,Veh'S Same Direction: Lane Change Left,Lane changes,0,0,1,0,1,1,1,0,0,0,0,0
267691,Hospitalisation,2014,11,Hit parked vehicle,Single Vehicle,153.0369256,-27.45653988,Ann St,,Fortitude Valley,Brisbane Central,No Roadway Feature,No traffic control,60 km/h,Sealed - Dry,Daylight,Straight,Veh'S On Path: Parked,Hit parked vehicle,0,1,0,0,1,1,0,0,0,1,0,0
267692,Minor injury,2014,11,Hit object,Single Vehicle,153.027651,-27.450692,Inner City Bypass,,Herston,Brisbane Central,Intersection - Interchange,No traffic control,60 km/h,Sealed - Dry,Daylight,Curved - view obscured,Off Path-Curve: Off Cway Lt Bend Hit Obj,Off carriageway on curve hit object,0,0,0,1,1,1,0,0,0,0,0,0
267694,Hospitalisation,2014,8,Sideswipe,Multi-Vehicle,152.995354,-27.481836,Land St,Sylvan Rd,Toowong,Mount Coot-tha,Intersection - T-Junction,No traffic control,60 km/h,Sealed - Dry,Daylight,Straight,Off Path-Straight: Left Off Cway Hit Obj,Off carriageway on straight hit object,0,1,0,0,1,1,0,0,0,1,0,0
267695,Medical treatment,2014,18,Angle,Multi-Vehicle,153.062133,-27.291538,Beaconsfield Tce,Hornibrook Hwy,Brighton,Sandgate,Intersection - T-Junction,Stop sign,60 km/h,Sealed - Dry,Dawn/Dusk,Straight,Veh'S Adjacent Approach: Thru-Right,Intersection from adjacent approaches,0,0,1,0,1,1,0,0,0,1,0,0
267696,Minor injury,2014,8,Hit object,Single Vehicle,153.037752,-27.32794,Phillips St,,Bracken Ridge,Sandgate,No Roadway Feature,No traffic control,60 km/h,Sealed - Dry,Daylight,Straight,Off Path-Straight: Left Off Cway Hit Obj,Off carriageway on straight hit object,0,0,0,1,1,1,0,0,0,0,0,0
267698,Medical treatment,2014,16,Sideswipe,Multi-Vehicle,153.018793,-27.400392,Mawson St,Webster Rd,Stafford Heights,Stafford,Intersection - T-Junction,No traffic control,0 - 50 km/h,Sealed - Dry,Daylight,Straight,Veh'S Same Direction: Left Turn S/Swipe,Parallel lanes turning,0,0,1,0,1,0,1,0,0,0,0,1
267701,Medical treatment,2014,15,Rear-end,Multi-Vehicle,153.066147,-27.337421,Gateway Arterial Rd,,Boondall,Nudgee,No Roadway Feature,No traffic control,100 - 110 km/h,Sealed - Dry,Daylight,Straight,Veh'S Same Direction: Rear End,Rear-end,0,0,1,0,1,3,0,0,0,0,0,0
267706,Medical treatment,2014,8,Rear-end,Multi-Vehicle,153.03496,-27.419682,Felix St,,Lutwyche,Clayfield,No Roadway Feature,No traffic control,60 km/h,Sealed - Dry,Daylight,Straight,Veh'S Same Direction: Left Rear,Rear-end,0,0,2,0,2,3,0,0,0,0,0,0
267707,Hospitalisation,2014,7,Angle,Multi-Vehicle,152.9932077,-27.421298,Glenalva Tce,Pratt St,Enoggera,Ashgrove,Intersection - T-Junction,No traffic control,0 - 50 km/h,Sealed - Dry,Daylight,Straight,Veh'S Manoeuvring: Leaving Driveway,Vehicle leaving driveway,0,1,0,0,1,1,0,0,0,1,0,0