Crash_Ref_Number,Severity,Year,Hour,Crash_Nature,Crash_Type,Longitude,Latitude,Street,Street_Intersecting,Suburb,Loc_State_Electorate,Crash_Roadway_Feature,Crash_Traffic_Control,Crash_Speed_Limit,Crash_Road_Surface_Condition,Crash_Lighting_Condition,Crash_Road_Horiz_Align,Crash_DCA_Description,Crash_DCA_Group_Description,Count_Casualty_Fatality,Count_Casualty_Hospitalised,Count_Casualty_MedicallyTreated,Count_Casualty_MinorInjury,Count_Casualty_Total,Count_Unit_Car,Count_Unit_Motorcycle_Moped,Count_Unit_Truck,Count_Unit_Bus,Count_Unit_Bicycle,Count_Unit_Pedestrian,Count_Unit_Other
267732,Medical treatment,2014,18,Rear-end,Multi-Vehicle,153.0353496,-27.46103133,Kemp Pl,,Fortitude Valley,Brisbane Central,No Roadway Feature,No traffic control,0 - 50 km/h,Sealed - Dry,Dawn/Dusk,Curved - view open,Veh'S Same Direction: Rear End,Rear-end,0,0,1,0,1,2,0,0,0,0,0,0
267733,Medical treatment,2014,0,Hit parked vehicle,Single Vehicle,153.032251,-27.461147,Ann St,,Fortitude Valley,Brisbane Central,No Roadway Feature,No traffic control,60 km/h,Sealed - Dry,Darkness - Lighted,Straight,Veh'S On Path: Parked,Hit parked vehicle,0,0,1,0,1,4,0,0,0,0,0,0
267738,Hospitalisation,2014,14,Angle,Multi-Vehicle,153.023787,-27.372525,Ellison Rd,Webster Rd,Aspley,Aspley,Intersection - T-Junction,Give way sign,60 km/h,Sealed - Dry,Daylight,Straight,Veh'S Adjacent Approach: Thru-Right,Intersection from adjacent approaches,0,1,0,0,1,1,1,0,0,0,0,0
267739,Medical treatment,2014,19,Rear-end,Multi-Vehicle,153.0596001,-27.34375003,Roghan Rd,Sandgate Sub-Arterial Rd,Boondall,Nudgee,Intersection - Cross,Operating traffic lights,70 km/h,Sealed - Dry,Darkness - Lighted,Straight,Veh'S Same Direction: Rear End,Rear-end,0,0,1,0,1,1,2,0,0,0,0,0
267745,Hospitalisation,2014,17,Angle,Multi-Vehicle,153.065529,-27.438971,Harbour Rd,Kingsford Smith Dr,Hamilton,Clayfield,Intersection - T-Junction,Operating traffic lights,60 km/h,Sealed - Dry,Daylight,Straight,Veh'S Opposite Approach: Thru-Right,Opposing vehicles turning,0,1,2,0,3,2,0,0,0,0,0,0
267746,Minor injury,2014,6,Fall from vehicle,Single Vehicle,152.939739,-27.404749,Samford Sub-Arterial Rd,,Ferny Grove,Ferny Grove,Railway Crossing,Railway crossing sign,60 km/h,Sealed - Dry,Daylight,Straight,Off Path-Curve: Out Of Control On Cway,Out of control on curve,0,0,0,1,1,0,0,0,0,1,0,0
267758,Hospitalisation,2014,2,Hit parked vehicle,Single Vehicle,153.025928,-27.462474,Leichhardt St,,Spring Hill,Brisbane Central,No Roadway Feature,No traffic control,0 - 50 km/h,Sealed - Dry,Darkness - Lighted,Curved - view open,Veh'S On Path: Parked,Hit parked vehicle,0,1,0,0,1,2,0,1,0,0,0,0
267759,Hospitalisation,2014,21,Fall from vehicle,Single Vehicle,153.014417,-27.466235,Invalid Street From Police,,Brisbane City,Brisbane Central,No Roadway Feature,No traffic control,60 km/h,Sealed - Dry,Darkness - Lighted,Straight,Pass & Misc: Fell In/From Vehicle,Other,0,1,0,0,1,0,0,0,1,0,0,0
267760,Medical treatment,2014,0,Hit pedestrian,Hit pedestrian,153.036564,-27.459706,Brunswick St,,Fortitude Valley,Brisbane Central,No Roadway Feature,No traffic control,0 - 50 km/h,Sealed - Wet,Darkness - Lighted,Straight,Ped'N: Play; Work; Stand; Lie On C'Way,Pedestrian,0,0,1,0,1,1,0,0,0,0,1,0
267761,Hospitalisation,2014,8,Hit object,Single Vehicle,153.066547,-27.3212127,Rainbow St,,Sandgate,Sandgate,No Roadway Feature,No traffic control,60 km/h,Sealed - Dry,Daylight,Straight,Veh'S On Path: Parked,Hit parked vehicle,0,1,0,0,1,1,0,0,0,1,0,0
267763,Minor injury,2014,13,Angle,Multi-Vehicle,153.058558,-27.391944,Hamilton Rd,,Wavell Heights,Nudgee,No Roadway Feature,No traffic control,60 km/h,Sealed - Dry,Daylight,Straight,Veh'S Opposite Approach: Thru-Right,Opposing vehicles turning,0,0,0,1,1,2,0,0,0,0,0,0
267778,Medical treatment,2014,7,Angle,Multi-Vehicle,153.0055667,-27.438046,Ashgrove Ave,,Ashgrove,Ashgrove,No Roadway Feature,No traffic control,60 km/h,Sealed - Dry,Daylight,Straight,Off Path-Straight: Other,Other,0,0,1,0,1,1,0,0,0,1,0,0
267779,Hospitalisation,2014,18,Angle,Multi-Vehicle,152.9838637,-27.44184167,Mirrabooka Rd,Moola Rd,Ashgrove,Ashgrove,Intersection - T-Junction,No traffic control,60 km/h,Sealed - Dry,Darkness - Lighted,Straight,Veh'S Manoeuvring: Leaving Driveway,Vehicle leaving driveway,0,1,0,0,1,2,0,0,0,0,0,0
267782,Medical treatment,2014,8,Rear-end,Multi-Vehicle,152.966749,-27.490787,Western Arterial Rd,,Indooroopilly,Indooroopilly,No Roadway Feature,No traffic control,80 - 90 km/h,Sealed - Dry,Daylight,Curved - view open,Veh'S Same Direction: Rear End,Rear-end,0,0,1,0,1,3,0,0,0,0,0,0
267785,Minor injury,2014,15,Rear-end,Multi-Vehicle,153.044936,-27.312281,Barfoot St,Gateway Arterial Rd,Bracken Ridge,Sandgate,Intersection - Roundabout,Give way sign,60 km/h,Sealed - Dry,Daylight,Straight,Veh'S Same Direction: Rear End,Rear-end,0,0,0,1,1,2,0,0,0,0,0,0
267787,Medical treatment,2014,15,Rear-end,Multi-Vehicle,153.015919,-27.36635,Janelle St,Maundrell Tce,Aspley,Aspley,Intersection - T-Junction,No traffic control,0 - 50 km/h,Sealed - Dry,Daylight,Straight,Veh'S Same Direction: Rear End,Rear-end,0,0,1,0,1,3,0,0,0,0,0,0
267788,Medical treatment,2014,12,Angle,Multi-Vehicle,153.054943,-27.343856,Hayman St,Keppel St,Boondall,Nudgee,Intersection - T-Junction,No traffic control,0 - 50 km/h,Sealed - Dry,Daylight,Straight,Veh'S Manoeuvring: Leaving Driveway,Vehicle leaving driveway,0,0,1,0,1,2,0,0,0,0,0,0
267794,Minor injury,2014,10,Rear-end,Multi-Vehicle,153.066109,-27.438748,Kingsford Smith Dr,,Hamilton,Clayfield,No Roadway Feature,No traffic control,60 km/h,Sealed - Dry,Daylight,Straight,Veh'S Same Direction: Rear End,Rear-end,0,0,0,1,1,1,0,1,0,0,0,0
267795,Minor injury,2014,8,Rear-end,Multi-Vehicle,153.078166,-27.393493,Nudgee Rd,,Northgate,Nudgee,No Roadway Feature,No traffic control,60 km/h,Sealed - Dry,Daylight,Straight,Veh'S Same Direction: Right Rear,Rear-end,0,0,0,1,1,2,0,0,0,0,0,0
267822,Medical treatment,2014,7,Hit pedestrian,Hit pedestrian,153.030044,-27.465443,Wharf St,,Brisbane City,Brisbane Central,No Roadway Feature,No traffic control,0 - 50 km/h,Sealed - Wet,Daylight,Straight,Ped'N: Far Side Vehicle Hit From Left,Pedestrian,0,0,1,0,1,1,0,0,0,0,1,0
267823,Medical treatment,2014,6,Rear-end,Multi-Vehicle,153.028296,-27.479511,South East Arterial Rd,,Brisbane City,Brisbane Central,Bridge/Causeway,No traffic control,80 - 90 km/h,Sealed - Wet,Daylight,Straight,Veh'S Same Direction: Rear End,Rear-end,0,0,1,0,1,2,0,0,0,0,0,0
267824,Minor injury,2014,8,Angle,Multi-Vehicle,153.035213,-27.452497,St Pauls Tce,,Fortitude Valley,Brisbane Central,No Roadway Feature,No traffic control,60 km/h,Sealed - Dry,Daylight,Straight,Veh'S Same Direction: Lane Change Right,Lane changes,0,0,0,1,1,2,0,0,0,0,0,0
267825,Hospitalisation,2014,14,Head-on,Multi-Vehicle,152.948037,-27.524473,Kenmore Rd,,Fig Tree Pocket,Indooroopilly,No Roadway Feature,No traffic control,0 - 50 km/h,Sealed - Dry,Daylight,Straight,Veh'S Opposite Approach: Head On,Head-on,0,1,1,0,2,5,0,0,0,0,0,0
267826,Hospitalisation,2014,17,Angle,Multi-Vehicle,152.9777301,-27.49970389,Clarence Rd,,Indooroopilly,Indooroopilly,No Roadway Feature,Pedestrian crossing sign,60 km/h,Sealed - Dry,Daylight,Straight,Veh'S Manoeuvring: Other,Other,0,1,0,0,1,1,0,0,0,1,0,0
267827,Medical treatment,2014,13,Angle,Multi-Vehicle,152.989631,-27.480647,St Osyth St,Sylvan Rd,Toowong,Mount Coot-tha,Intersection - Cross,Stop sign,60 km/h,Sealed - Dry,Daylight,Straight,Veh'S Adjacent Approach: Thru-Thru,Intersection from adjacent approaches,0,0,1,0,1,2,0,0,0,0,0,0
267828,Medical treatment,2014,8,Rear-end,Multi-Vehicle,152.937098,-27.5104724,Moggill Sub-Arterial Rd,,Kenmore,Moggill,No Roadway Feature,No traffic control,60 km/h,Sealed - Wet,Daylight,Curved - view open,Veh'S Same Direction: Rear End,Rear-end,0,0,2,0,2,2,0,1,0,0,0,0
267833,Medical treatment,2014,18,Rear-end,Multi-Vehicle,152.983336,-27.383514,Chinook St,Everton Park - Albany Creek Rd,Mcdowall,Aspley,Intersection - T-Junction,Operating traffic lights,70 km/h,Sealed - Dry,Daylight,Straight,Veh'S Same Direction: Rear End,Rear-end,0,0,1,0,1,3,0,0,0,0,0,0
267841,Medical treatment,2014,16,Rear-end,Multi-Vehicle,152.990816,-27.406204,Everton Park - Albany Creek Rd,Sizer St,Everton Park,Everton,Intersection - T-Junction,No traffic control,60 km/h,Sealed - Dry,Daylight,Straight,Veh'S Same Direction: Rear End,Rear-end,0,0,1,0,1,4,0,0,0,0,0,0
267860,Hospitalisation,2014,5,Angle,Multi-Vehicle,152.999447,-27.463635,Fernberg Rd,Given Tce,Paddington,Mount Coot-tha,Intersection - T-Junction,Operating traffic lights,60 km/h,Sealed - Dry,Dawn/Dusk,Curved - view open,Veh'S Opposite Approach: Thru-Right,Opposing vehicles turning,0,1,0,0,1,1,1,0,0,0,0,0
267863,Hospitalisation,2014,16,Rear-end,Multi-Vehicle,153.004583,-27.331296,Carseldine Rd,Linkfield Connection Rd,Bald Hills,Aspley,Intersection - T-Junction,No traffic control,60 km/h,Sealed - Dry,Daylight,Straight,Veh'S Same Direction: Left Rear,Rear-end,0,1,0,0,1,2,0,0,0,0,0,0
267865,Hospitalisation,2014,20,Angle,Multi-Vehicle,153.022806,-27.411249,East - West Arterial Rd,Lennon St,Stafford,Stafford,Intersection - T-Junction,Operating traffic lights,60 km/h,Sealed - Dry,Darkness - Lighted,Straight,Veh'S Opposite Approach: Thru-Right,Opposing vehicles turning,0,1,0,1,2,2,0,0,0,0,0,0
267875,Medical treatment,2014,14,Hit object,Single Vehicle,153.06457,-27.415681,Gellibrand St,Zillman Rd,Hendra,Clayfield,Intersection - T-Junction,Stop sign,0 - 50 km/h,Sealed - Dry,Daylight,Curved - view open,Off Path-Straight: Mounts Traffic Island,Off carriageway on straight hit object,0,0,1,0,1,0,1,0,0,0,0,0
267876,Medical treatment,2014,19,Rear-end,Multi-Vehicle,153.033632,-27.412716,East - West Arterial Rd,Gympie Arterial Rd,Kedron,Clayfield,Intersection - T-Junction,Operating traffic lights,60 km/h,Sealed - Dry,Dawn/Dusk,Curved - view open,Veh'S Same Direction: Rear End,Rear-end,0,0,1,0,1,2,0,0,0,0,0,0
267877,Minor injury,2014,16,Sideswipe,Multi-Vehicle,153.00129,-27.4256,Enoggera Rd,,Alderley,Stafford,No Roadway Feature,No traffic control,60 km/h,Sealed - Dry,Daylight,Straight,Veh'S Same Direction: Lane Side Swipe,Lane changes,0,0,0,1,1,1,0,0,0,1,0,0
267878,Medical treatment,2014,22,Fall from vehicle,Single Vehicle,152.952907,-27.414829,Keperra St,Samford Sub-Arterial Rd,Keperra,Ferny Grove,No Roadway Feature,No traffic control,70 km/h,Sealed - Dry,Darkness - Lighted,Straight,Off Path-Straight:Out Of Control On Cway,Out of control on straight,0,0,1,0,1,0,0,0,0,1,0,0
267892,Medical treatment,2014,17,Angle,Multi-Vehicle,152.979531,-27.463858,Leworthy St,Sixth Ave,Bardon,Mount Coot-tha,Intersection - T-Junction,No traffic control,60 km/h,Sealed - Dry,Dawn/Dusk,Straight,Veh'S Same Direction: Left Turn S/Swipe,Parallel lanes turning,0,0,1,0,1,1,0,0,0,1,0,0
267895,Minor injury,2014,20,Angle,Multi-Vehicle,153.062097,-27.312457,Brisbane St,Wakefield St,Sandgate,Sandgate,Intersection - T-Junction,No traffic control,60 km/h,Sealed - Dry,Darkness - Lighted,Straight,Veh'S Opposite Approach: Thru-Right,Opposing vehicles turning,0,0,0,1,1,2,0,0,0,0,0,0
267903,Hospitalisation,2014,21,Angle,Multi-Vehicle,153.052634,-27.352178,Beams Rd,Muller Rd,Taigum,Nudgee,Intersection - Cross,Operating traffic lights,60 km/h,Sealed - Dry,Darkness - Lighted,Straight,Veh'S Opposite Approach: Thru-Right,Opposing vehicles turning,0,1,0,0,1,2,0,0,0,0,0,0
267904,Medical treatment,2014,20,Hit parked vehicle,Single Vehicle,153.0258965,-27.36821177,Kirby Rd,,Aspley,Aspley,No Roadway Feature,No traffic control,60 km/h,Sealed - Dry,Darkness - Lighted,Straight,Veh'S On Path: Parked,Hit parked vehicle,0,0,1,0,1,2,0,0,0,0,0,0
267909,Medical treatment,2014,13,Rear-end,Multi-Vehicle,153.048972,-27.396118,Rode Rd,Shaw Rd,Wavell Heights,Clayfield,Intersection - T-Junction,No traffic control,0 - 50 km/h,Sealed - Dry,Daylight,Straight,Veh'S Same Direction: Right Rear,Rear-end,0,0,1,2,3,2,0,0,0,0,0,0
267931,Hospitalisation,2014,20,Angle,Multi-Vehicle,153.0325083,-27.462031,Adelaide St,Boundary St,Fortitude Valley,Brisbane Central,Intersection - T-Junction,Operating traffic lights,60 km/h,Sealed - Dry,Dawn/Dusk,Straight,Veh'S Adjacent Approach: Thru-Right,Intersection from adjacent approaches,0,1,0,0,1,1,1,0,0,0,0,0
267933,Hospitalisation,2014,15,Angle,Multi-Vehicle,153.0088723,-27.40441966,Appleby Rd,Thuruna St,Stafford,Stafford,Intersection - T-Junction,Give way sign,60 km/h,Sealed - Dry,Daylight,Straight,Veh'S Adjacent Approach: Right-Thru,Intersection from adjacent approaches,0,1,0,0,1,1,1,0,0,0,0,0
267934,Medical treatment,2014,16,Rear-end,Multi-Vehicle,153.001537,-27.408339,East - West Arterial Rd,,Stafford,Stafford,No Roadway Feature,No traffic control,60 km/h,Sealed - Dry,Dawn/Dusk,Straight,Veh'S Same Direction: Rear End,Rear-end,0,0,1,0,1,4,0,0,0,0,0,0
267938,Medical treatment,2014,15,Rear-end,Multi-Vehicle,153.06243,-27.374536,Pritchard Rd,Sandgate Sub-Arterial Rd,Virginia,Nudgee,Intersection - T-Junction,Operating traffic lights,60 km/h,Sealed - Dry,Daylight,Straight,Veh'S Same Direction: Rear End,Rear-end,0,0,1,0,1,2,0,0,0,0,0,0
267972,Hospitalisation,2014,13,Angle,Multi-Vehicle,152.99871,-27.468476,Bayswater St,Haig Rd,Milton,Mount Coot-tha,Intersection - Roundabout,Give way sign,0 - 50 km/h,Sealed - Dry,Daylight,Straight,Veh'S Adjacent Approach: Right-Right,Intersection from adjacent approaches,0,1,0,0,1,2,0,0,0,0,0,0
267973,Minor injury,2014,1,Rear-end,Multi-Vehicle,153.030639,-27.456987,Gipps St,St Pauls Tce,Fortitude Valley,Brisbane Central,Intersection - Cross,Operating traffic lights,60 km/h,Sealed - Dry,Darkness - Lighted,Straight,Veh'S Same Direction: Rear End,Rear-end,0,0,0,1,1,3,0,0,0,0,0,0
267974,Hospitalisation,2014,14,Hit parked vehicle,Single Vehicle,153.0241103,-27.45744333,Gregory Tce,,Spring Hill,Brisbane Central,No Roadway Feature,No traffic control,60 km/h,Sealed - Dry,Daylight,Curved - view open,Off Path-Curve: Off Cway Lt Bend Hit Obj,Off carriageway on curve hit object,0,1,0,0,1,1,1,0,0,0,0,0
267975,Medical treatment,2014,4,Rear-end,Multi-Vehicle,153.029262,-27.447881,O'Connell Tce,,Herston,Brisbane Central,Intersection - Cross,Operating traffic lights,60 km/h,Sealed - Dry,Daylight,Straight,Veh'S Same Direction: Rear End,Rear-end,0,0,1,0,1,2,0,0,0,0,0,0
267978,Medical treatment,2014,7,Rear-end,Multi-Vehicle,153.060146,-27.348658,Roscommon Rd,Sandgate Sub-Arterial Rd,Boondall,Nudgee,Intersection - Cross,Operating traffic lights,70 km/h,Sealed - Dry,Daylight,Straight,Veh'S Same Direction: Rear End,Rear-end,0,0,1,0,1,0,0,0,0,2,0,0
267979,Medical treatment,2014,12,Rear-end,Multi-Vehicle,152.985307,-27.385714,Beckett Rd,Rode Rd,Mcdowall,Aspley,Intersection - Roundabout,Give way sign,60 km/h,Sealed - Dry,Daylight,Straight,Veh'S Same Direction: Rear End,Rear-end,0,0,1,0,1,2,0,0,0,0,0,0
268011,Minor injury,2014,22,Hit object,Single Vehicle,152.9553709,-27.5168308,Western Arterial Rd,,Indooroopilly,Moggill,No Roadway Feature,No traffic control,80 - 90 km/h,Sealed - Wet,Darkness - Lighted,Straight,Off Path-Straight:Out Of Control On Cway,Out of control on straight,0,0,0,1,1,1,0,0,0,0,0,0
268047,Medical treatment,2014,9,Rear-end,Multi-Vehicle,153.015982,-27.465978,Countess St,Roma St,Brisbane City,Brisbane Central,Intersection - Cross,Operating traffic lights,60 km/h,Sealed - Dry,Daylight,Straight,Veh'S Same Direction: Rear End,Rear-end,0,0,2,0,2,2,0,0,0,0,0,0
268048,Medical treatment,2014,9,Rear-end,Multi-Vehicle,152.997779,-27.459053,Latrobe Tce,,Paddington,Mount Coot-tha,No Roadway Feature,Pedestrian crossing sign,60 km/h,Sealed - Dry,Daylight,Straight,Veh'S Same Direction: Rear End,Rear-end,0,0,1,0,1,2,0,0,0,0,0,0
268049,Minor injury,2014,16,Rear-end,Multi-Vehicle,153.010977,-27.463029,Hale St On Ramp,,Paddington,Mount Coot-tha,Intersection - Interchange,No traffic control,60 km/h,Sealed - Dry,Daylight,Straight,Veh'S Same Direction: Rear End,Rear-end,0,0,0,1,1,2,0,0,0,0,0,0
268050,Medical treatment,2014,8,Angle,Multi-Vehicle,152.996437,-27.4787,Dixon St,Patrick La,Auchenflower,Mount Coot-tha,Intersection - Roundabout,Give way sign,0 - 50 km/h,Sealed - Dry,Daylight,Straight,Veh'S Adjacent Approach: Thru-Thru,Intersection from adjacent approaches,0,0,1,0,1,1,0,0,0,1,0,0
268051,Medical treatment,2014,7,Rear-end,Multi-Vehicle,152.939773,-27.50724,Phillipa St,,Kenmore,Moggill,No Roadway Feature,No traffic control,0 - 50 km/h,Sealed - Dry,Daylight,Straight,Veh'S Same Direction: Rear End,Rear-end,0,0,1,0,1,2,0,0,0,0,0,0
268066,Hospitalisation,2014,12,Angle,Multi-Vehicle,153.054751,-27.39335098,Fordham St,Hoey St,Wavell Heights,Clayfield,Intersection - Cross,Give way sign,0 - 50 km/h,Sealed - Dry,Daylight,Straight,Veh'S Adjacent Approach: Thru-Thru,Intersection from adjacent approaches,0,1,0,0,1,2,0,0,0,0,0,0
268067,Medical treatment,2014,5,Rear-end,Multi-Vehicle,153.033956,-27.421089,Lutwyche Rd,,Lutwyche,Stafford,No Roadway Feature,No traffic control,60 km/h,Sealed - Dry,Daylight,Straight,Veh'S Same Direction: Right Rear,Rear-end,0,0,1,0,1,1,1,0,0,0,0,0
268068,Medical treatment,2014,7,Sideswipe,Multi-Vehicle,153.096621,-27.437729,Gateway Arterial Rd,,Eagle Farm,Clayfield,Intersection - Interchange,No traffic control,80 - 90 km/h,Sealed - Dry,Daylight,Straight,Veh'S Same Direction: Lane Change Left,Lane changes,0,0,1,0,1,1,0,1,0,0,0,0
268090,Medical treatment,2014,6,Sideswipe,Multi-Vehicle,153.027521,-27.478706,South East Arterial Rd,,Brisbane City,Brisbane Central,Bridge/Causeway,No traffic control,70 km/h,Sealed - Dry,Daylight,Straight,Veh'S Same Direction: Lane Side Swipe,Lane changes,0,0,1,0,1,2,0,0,0,0,0,0
268092,Hospitalisation,2014,10,Rear-end,Multi-Vehicle,153.043143,-27.444769,Breakfast Ck Rd,Maud St,Newstead,Brisbane Central,Intersection - T-Junction,Operating traffic lights,60 km/h,Sealed - Dry,Daylight,Straight,Veh'S Same Direction: Rear End,Rear-end,0,1,0,0,1,1,0,1,0,0,0,0
268096,Medical treatment,2014,12,Hit parked vehicle,Single Vehicle,153.031074,-27.437477,Cartwright St,Lutwyche Rd,Windsor,Brisbane Central,Intersection - T-Junction,No traffic control,60 km/h,Sealed - Dry,Daylight,Straight,Veh'S On Path: Parked,Hit parked vehicle,0,0,1,0,1,2,0,0,0,0,0,0
268097,Medical treatment,2014,15,Angle,Multi-Vehicle,153.031334,-27.436295,Grantson St,Lutwyche Rd,Windsor,Brisbane Central,Intersection - T-Junction,Operating traffic lights,60 km/h,Sealed - Dry,Daylight,Straight,Veh'S Adjacent Approach: Thru-Right,Intersection from adjacent approaches,0,0,1,0,1,2,0,0,0,0,0,0
268116,Hospitalisation,2014,18,Fall from vehicle,Single Vehicle,153.021435,-27.4604,Boundary St,Torrington St,Spring Hill,Brisbane Central,Intersection - T-Junction,No traffic control,60 km/h,Sealed - Dry,Dawn/Dusk,Straight,Off Path-Straight:Out Of Control On Cway,Out of control on straight,0,1,0,0,1,1,1,0,0,0,0,0
268118,Medical treatment,2014,8,Rear-end,Multi-Vehicle,152.9720714,-27.48130211,Western Arterial Rd,,Mount Coot-tha,Mount Coot-tha,No Roadway Feature,No traffic control,60 km/h,Sealed - Dry,Daylight,Straight,Veh'S Same Direction: Rear End,Rear-end,0,0,1,0,1,2,0,1,0,0,0,0
268120,Minor injury,2014,13,Rear-end,Multi-Vehicle,153.038923,-27.318948,Barrett St,Tallara St,Bracken Ridge,Sandgate,Intersection - T-Junction,No traffic control,60 km/h,Sealed - Dry,Daylight,Straight,Veh'S Same Direction: Right Rear,Rear-end,0,0,0,1,1,2,0,0,0,0,0,0
268121,Hospitalisation,2014,14,Angle,Multi-Vehicle,153.0626643,-27.30365168,Beaconsfield Tce,Gladstone St,Brighton,Sandgate,Intersection - Cross,Give way sign,60 km/h,Sealed - Dry,Daylight,Straight,Veh'S Adjacent Approach: Thru-Thru,Intersection from adjacent approaches,0,1,0,0,1,1,1,0,0,0,0,0
268133,Minor injury,2014,9,Rear-end,Multi-Vehicle,153.0362937,-27.41485706,East - West Arterial Rd,Gympie Rd,Kedron,Clayfield,No Roadway Feature,No traffic control,60 km/h,Sealed - Dry,Daylight,Straight,Veh'S Same Direction: Rear End,Rear-end,0,0,0,2,2,3,0,0,0,0,0,0
268153,Hospitalisation,2014,15,Sideswipe,Multi-Vehicle,153.024356,-27.474539,Pacific Hwy,South East Arterial Rd,Brisbane City,Brisbane Central,Intersection - Interchange,No traffic control,80 - 90 km/h,Sealed - Dry,Daylight,Straight,Veh'S Same Direction: Lane Side Swipe,Lane changes,0,1,0,0,1,3,0,0,0,0,0,0
268157,Medical treatment,2014,7,Rear-end,Multi-Vehicle,152.957959,-27.511766,Western Arterial Rd,,Indooroopilly,Moggill,No Roadway Feature,No traffic control,80 - 90 km/h,Sealed - Dry,Daylight,Straight,Veh'S Same Direction: Rear End,Rear-end,0,0,3,0,3,3,0,0,0,0,0,0
268159,Medical treatment,2014,20,Sideswipe,Multi-Vehicle,153.0120806,-27.39141341,Rode Rd,,Chermside West,Stafford,Intersection - T-Junction,Stop sign,60 km/h,Sealed - Wet,Darkness - Lighted,Straight,Veh'S Adjacant Approach: Thru-Left,Intersection from adjacent approaches,0,0,1,0,1,2,0,0,0,0,0,0
268161,Minor injury,2014,12,Rear-end,Multi-Vehicle,153.0312297,-27.38731734,Gympie Arterial Rd,,Chermside,Nudgee,No Roadway Feature,No traffic control,60 km/h,Sealed - Dry,Daylight,Straight,Veh'S Same Direction: Rear End,Rear-end,0,0,0,2,2,2,0,0,0,0,0,0
268162,Medical treatment,2014,3,Rear-end,Multi-Vehicle,152.986627,-27.387039,Pleshette Pl,Rode Rd,Mcdowall,Everton,Intersection - T-Junction,No traffic control,60 km/h,Sealed - Wet,Daylight,Straight,Veh'S Same Direction: Right Rear,Rear-end,0,0,1,0,1,2,0,0,0,0,0,0
268172,Medical treatment,2014,17,Angle,Multi-Vehicle,153.0952867,-27.37640562,Nudgee Rd,,Banyo,Nudgee,Intersection - T-Junction,No traffic control,60 km/h,Sealed - Dry,Daylight,Curved - view open,Veh'S Opposite Approach: Thru-Right,Opposing vehicles turning,0,0,1,1,2,2,1,0,0,0,0,0
268174,Medical treatment,2014,12,Angle,Multi-Vehicle,152.980237,-27.416414,Prospect Rd,Samford Sub-Arterial Rd,Gaythorne,Everton,Intersection - Cross,Operating traffic lights,60 km/h,Sealed - Dry,Daylight,Straight,Veh'S Opposite Approach: Thru-Right,Opposing vehicles turning,0,0,1,0,1,1,0,0,0,1,0,0
268175,Minor injury,2014,16,Rear-end,Multi-Vehicle,152.932048,-27.410842,Upper Kedron Rd,,Ferny Grove,Ferny Grove,No Roadway Feature,No traffic control,60 km/h,Sealed - Dry,Daylight,Straight,Veh'S Same Direction: Right Rear,Rear-end,0,0,0,1,1,2,0,0,0,0,0,0
268200,Minor injury,2014,6,Angle,Multi-Vehicle,152.990909,-27.497717,Swann Rd,,St Lucia,Indooroopilly,Intersection - T-Junction,No traffic control,0 - 50 km/h,Sealed - Wet,Daylight,Straight,Veh'S Opposite Approach: U-Turn,U-turn,0,0,0,1,1,2,0,0,0,0,0,0
268205,Medical treatment,2014,6,Hit object,Single Vehicle,153.018836,-27.369956,Gympie Arterial Rd,,Aspley,Aspley,No Roadway Feature,No traffic control,70 km/h,Sealed - Dry,Daylight,Straight,Off Path-Straight: Left Off Cway Hit Obj,Off carriageway on straight hit object,0,0,1,0,1,0,0,1,0,0,0,0
268214,Medical treatment,2014,15,Rear-end,Multi-Vehicle,153.0461137,-27.42791333,Bonney Ave,Sandgate Rd,Albion,Clayfield,Intersection - T-Junction,Operating traffic lights,60 km/h,Sealed - Dry,Daylight,Curved - view open,Veh'S Same Direction: Rear End,Rear-end,0,0,1,0,1,2,0,0,0,0,0,0
268215,Medical treatment,2014,6,Head-on,Multi-Vehicle,153.0065824,-27.43818534,Edmondstone St,Enoggera Rd,Newmarket,Ashgrove,No Roadway Feature,No traffic control,60 km/h,Sealed - Dry,Daylight,Straight,Veh'S Manoeuvring: Leaving Driveway,Vehicle leaving driveway,0,0,1,0,1,2,0,0,0,0,0,0
268241,Medical treatment,2014,21,Rear-end,Multi-Vehicle,153.026854,-27.391827,Sammells Dr,,Chermside,Stafford,No Roadway Feature,No traffic control,0 - 50 km/h,Sealed - Dry,Darkness - Lighted,Curved - view obscured,Veh'S On Path: Parked,Hit parked vehicle,0,0,2,0,2,3,0,0,0,0,0,0
268242,Medical treatment,2014,13,Rear-end,Multi-Vehicle,153.016656,-27.356299,Gympie Arterial Rd,Zillmere Rd,Aspley,Aspley,Intersection - T-Junction,Give way sign,60 km/h,Sealed - Dry,Daylight,Curved - view open,Veh'S Same Direction: Left Rear,Rear-end,0,0,1,0,1,2,0,0,0,0,0,0
268250,Medical treatment,2014,11,Fall from vehicle,Single Vehicle,153.020146,-27.432866,Kedron Brook Rd,,Wilston,Stafford,Bikeway,No traffic control,0 - 50 km/h,Sealed - Dry,Daylight,Straight,Veh'S Manoeuvring: Parking,Hit parked vehicle,0,0,1,0,1,1,0,0,0,1,0,0
268270,Hospitalisation,2014,21,Head-on,Multi-Vehicle,153.0053176,-27.46860667,Milton Rd,,Milton,Mount Coot-tha,No Roadway Feature,No traffic control,60 km/h,Sealed - Dry,Darkness - Lighted,Straight,Veh'S Opposite Approach: Head On,Head-on,0,1,0,2,3,3,0,0,0,0,0,0