Crash_Ref_Number,Severity,Year,Hour,Crash_Nature,Crash_Type,Longitude,Latitude,Street,Street_Intersecting,Suburb,Loc_State_Electorate,Crash_Roadway_Feature,Crash_Traffic_Control,Crash_Speed_Limit,Crash_Road_Surface_Condition,Crash_Lighting_Condition,Crash_Road_Horiz_Align,Crash_DCA_Description,Crash_DCA_Group_Description,Count_Casualty_Fatality,Count_Casualty_Hospitalised,Count_Casualty_MedicallyTreated,Count_Casualty_MinorInjury,Count_Casualty_Total,Count_Unit_Car,Count_Unit_Motorcycle_Moped,Count_Unit_Truck,Count_Unit_Bus,Count_Unit_Bicycle,Count_Unit_Pedestrian,Count_Unit_Other
268272,Hospitalisation,2014,14,Angle,Multi-Vehicle,153.009332,-27.36293299,Albany Creek Sub-Arterial Rd,Railton St,Aspley,Aspley,Intersection - T-Junction,Give way sign,60 km/h,Sealed - Dry,Daylight,Straight,Veh'S Adjacent Approach: Thru-Right,Intersection from adjacent approaches,0,1,0,1,2,2,0,0,0,0,0,0
268278,Medical treatment,2014,18,Rear-end,Multi-Vehicle,153.05938,-27.410611,Sandgate Sub-Arterial Rd,,Nundah,Clayfield,Intersection - Interchange,No traffic control,60 km/h,Sealed - Dry,Dawn/Dusk,Straight,Veh'S Same Direction: Rear End,Rear-end,0,0,1,0,1,3,0,0,0,0,0,0
268291,Hospitalisation,2014,13,Hit object,Single Vehicle,152.98294,-27.491664,Morrow St,,Taringa,Indooroopilly,No Roadway Feature,No traffic control,60 km/h,Sealed - Dry,Daylight,Curved - view open,Off Path-Curve: Mounts Traffic Island,Off carriageway on curve hit object,0,1,0,0,1,1,1,0,0,0,0,0
268294,Minor injury,2014,11,Rear-end,Multi-Vehicle,153.041559,-27.341078,Handford Rd,Roghan Rd,Taigum,Sandgate,Intersection - Cross,Operating traffic lights,60 km/h,Sealed - Dry,Daylight,Straight,Veh'S Same Direction: Rear End,Rear-end,0,0,0,1,1,2,0,0,0,0,0,0
268295,Hospitalisation,2014,21,Rear-end,Multi-Vehicle,153.0352525,-27.36656487,Robinson Rd W,,Aspley,Nudgee,No Roadway Feature,No traffic control,60 km/h,Sealed - Dry,Darkness - Lighted,Straight,Veh'S Same Direction: Rear End,Rear-end,0,1,0,0,1,1,1,0,0,0,0,0
268322,Medical treatment,2014,20,Angle,Multi-Vehicle,153.003718,-27.46912,Baroona Rd,Milton Rd,Milton,Mount Coot-tha,Intersection - Cross,Operating traffic lights,60 km/h,Sealed - Wet,Darkness - Lighted,Straight,Veh'S Opposite Approach: Thru-Right,Opposing vehicles turning,0,0,1,0,1,2,0,0,0,0,0,0
268323,Medical treatment,2014,16,Angle,Multi-Vehicle,153.025045,-27.460952,Boundary St,Hope St,Spring Hill,Brisbane Central,No Roadway Feature,No traffic control,60 km/h,Sealed - Wet,Daylight,Straight,Veh'S Adjacent Approach: Thru-Right,Intersection from adjacent approaches,0,0,1,0,1,1,1,0,0,0,0,0
268325,Medical treatment,2014,6,Rear-end,Multi-Vehicle,153.038067,-27.455376,Ann St,East St,Fortitude Valley,Brisbane Central,Intersection - Cross,Operating traffic lights,60 km/h,Sealed - Dry,Daylight,Straight,Veh'S Same Direction: Rear End,Rear-end,0,0,1,0,1,2,0,0,0,0,0,0
268327,Minor injury,2014,18,Rear-end,Multi-Vehicle,153.0117994,-27.33075946,Gympie Arterial Rd,,Bald Hills,Aspley,No Roadway Feature,No traffic control,100 - 110 km/h,Sealed - Wet,Darkness - Lighted,Straight,Veh'S Same Direction: Rear End,Rear-end,0,0,0,2,2,2,0,0,0,0,0,0
268330,Medical treatment,2014,11,Angle,Multi-Vehicle,153.037761,-27.361741,Dunsford St,Murphy Rd,Zillmere,Nudgee,Intersection - T-Junction,Operating traffic lights,60 km/h,Sealed - Wet,Daylight,Straight,Veh'S Opposite Approach: Thru-Right,Opposing vehicles turning,0,0,1,0,1,3,0,0,0,0,0,0
268331,Medical treatment,2014,11,Hit object,Single Vehicle,152.985115,-27.385439,Beckett Rd,,Mcdowall,Aspley,No Roadway Feature,No traffic control,60 km/h,Sealed - Wet,Daylight,Curved - view open,Off Path-Curve: Off Cway Lt Bend Hit Obj,Off carriageway on curve hit object,0,0,2,0,2,1,0,0,0,0,0,0
268343,Hospitalisation,2014,22,Angle,Multi-Vehicle,153.030469,-27.441303,Invalid Street From Police,,Windsor,Brisbane Central,Intersection - Cross,Operating traffic lights,60 km/h,Sealed - Wet,Darkness - Lighted,Straight,Veh'S Adjacent Approach: Thru-Right,Intersection from adjacent approaches,0,1,1,1,3,1,0,0,1,0,0,0
268344,Medical treatment,2014,11,Rear-end,Multi-Vehicle,153.063002,-27.381904,Sandgate Rd,Sandgate Sub-Arterial Rd,Virginia,Nudgee,Intersection - Interchange,Give way sign,60 km/h,Sealed - Dry,Darkness - Lighted,Curved - view open,Veh'S Same Direction: Rear End,Rear-end,0,0,1,0,1,2,0,0,0,0,0,0
268345,Hospitalisation,2014,18,Hit object,Single Vehicle,152.990209,-27.40562934,Everton Park - Albany Creek Rd,,Everton Park,Everton,No Roadway Feature,No traffic control,60 km/h,Sealed - Wet,Darkness - Lighted,Curved - view open,Veh'S Opposite Approach: Head On,Head-on,0,3,0,0,3,2,0,0,0,0,0,0
268373,Medical treatment,2014,7,Hit object,Single Vehicle,153.0440657,-27.31295857,Gateway Arterial Rd,,Bracken Ridge,Sandgate,No Roadway Feature,No traffic control,100 - 110 km/h,Sealed - Wet,Daylight,Curved - view open,Off Path-Curve: Off Cway Lt Bend Hit Obj,Off carriageway on curve hit object,0,0,1,0,1,1,0,0,0,0,0,0
268374,Medical treatment,2014,14,Rear-end,Multi-Vehicle,153.009924,-27.337323,Gympie Arterial Rd,,Carseldine,Aspley,Intersection - Interchange,No traffic control,80 - 90 km/h,Sealed - Wet,Daylight,Curved - view open,Veh'S Same Direction: Lane Change Left,Lane changes,0,0,1,0,1,2,0,0,0,0,0,0
268386,Hospitalisation,2014,21,Rear-end,Multi-Vehicle,153.047165,-27.414454,Dawson St,East - West Arterial Rd,Wooloowin,Clayfield,Intersection - Cross,Operating traffic lights,60 km/h,Sealed - Dry,Darkness - Lighted,Straight,Veh'S Same Direction: Right Rear,Rear-end,0,1,0,0,1,1,0,0,1,0,0,0
268387,Hospitalisation,2014,14,Hit pedestrian,Hit pedestrian,153.059178,-27.411121,East - West Arterial Rd,Sandgate Sub-Arterial Rd,Clayfield,Clayfield,Intersection - Interchange,Operating traffic lights,60 km/h,Sealed - Dry,Daylight,Straight,Ped'N: Far Side Vehicle Hit From Left,Pedestrian,0,1,0,0,1,1,0,0,0,0,1,0
268412,Hospitalisation,2014,20,Hit object,Single Vehicle,152.9901295,-27.44378825,Western Arterial Rd,,Ashgrove,Ashgrove,No Roadway Feature,No traffic control,60 km/h,Sealed - Wet,Darkness - Lighted,Curved - view open,Off Path-Curve: Off Cway Rt Bend Hit Obj,Off carriageway on curve hit object,0,3,0,0,3,1,0,0,0,0,0,0
268415,Hospitalisation,2014,16,Angle,Multi-Vehicle,153.03888,-27.454552,Ann St,Wandoo St,Fortitude Valley,Brisbane Central,Intersection - T-Junction,No traffic control,60 km/h,Sealed - Wet,Daylight,Straight,Veh'S Adjacant Approach: Thru-Left,Intersection from adjacent approaches,0,1,0,0,1,2,0,0,0,0,0,0
268416,Medical treatment,2014,8,Rear-end,Multi-Vehicle,152.978796,-27.474507,Richer St,,Toowong,Mount Coot-tha,No Roadway Feature,No traffic control,0 - 50 km/h,Sealed - Wet,Daylight,Straight,Veh'S Same Direction: Rear End,Rear-end,0,0,1,1,2,2,0,1,0,0,0,0
268418,Minor injury,2014,7,Rear-end,Multi-Vehicle,153.012714,-27.326388,Gympie Arterial Rd,,Bald Hills,Aspley,No Roadway Feature,No traffic control,100 - 110 km/h,Sealed - Wet,Daylight,Straight,Veh'S Same Direction: Rear End,Rear-end,0,0,0,1,1,2,0,0,0,0,0,0
268419,Hospitalisation,2014,20,Hit parked vehicle,Single Vehicle,153.026196,-27.419127,Richmond St,Thistle St,Gordon Park,Stafford,Intersection - T-Junction,Stop sign,0 - 50 km/h,Sealed - Wet,Darkness - Lighted,Straight,Off Path-Straight:Right Off Cway Hit Obj,Off carriageway on straight hit object,0,1,0,0,1,2,0,0,0,0,0,0
268423,Hospitalisation,2014,19,Rear-end,Multi-Vehicle,153.034935,-27.386563,Hamilton Rd,,Chermside,Nudgee,No Roadway Feature,No traffic control,60 km/h,Sealed - Wet,Dawn/Dusk,Straight,Veh'S Same Direction: Rear End,Rear-end,0,1,0,0,1,3,0,0,0,0,0,0
268443,Medical treatment,2014,15,Angle,Multi-Vehicle,153.0366414,-27.41552143,Kedron Park Rd,Lutwyche Rd,Lutwyche,Clayfield,Intersection - T-Junction,Operating traffic lights,60 km/h,Sealed - Wet,Daylight,Curved - view open,Veh'S Adjacent Approach: Thru-Right,Intersection from adjacent approaches,0,0,3,0,3,2,0,0,0,0,0,0
268444,Hospitalisation,2014,8,Angle,Multi-Vehicle,152.974071,-27.41291,Blackwood St,,Mitchelton,Everton,No Roadway Feature,No traffic control,0 - 50 km/h,Sealed - Wet,Daylight,Straight,Veh'S Manoeuvring: Other,Other,0,1,0,0,1,1,0,0,0,1,0,0
268471,Hospitalisation,2014,3,Hit parked vehicle,Single Vehicle,153.022709,-27.465523,Wickham Tce,,Spring Hill,Brisbane Central,No Roadway Feature,No traffic control,0 - 50 km/h,Sealed - Wet,Darkness - Lighted,Curved - view open,Off Path-Curve: Off Cway Rt Bend Hit Obj,Off carriageway on curve hit object,0,1,1,0,2,2,0,0,0,0,0,0
268472,Hospitalisation,2014,16,Rear-end,Multi-Vehicle,153.037099,-27.456364,Ann St,,Fortitude Valley,Brisbane Central,No Roadway Feature,Operating traffic lights,60 km/h,Sealed - Wet,Daylight,Straight,Veh'S Same Direction: Rear End,Rear-end,0,1,1,0,2,3,0,0,0,0,0,0
268474,Minor injury,2014,8,Rear-end,Multi-Vehicle,152.963285,-27.510236,Jerrang St,,Indooroopilly,Indooroopilly,No Roadway Feature,No traffic control,0 - 50 km/h,Sealed - Wet,Daylight,Straight,Veh'S Same Direction: Rear End,Rear-end,0,0,0,1,1,2,0,0,0,0,0,0
268475,Hospitalisation,2014,23,Angle,Multi-Vehicle,153.018278,-27.397895,Kitchener Rd,Pangeza St,Stafford Heights,Stafford,Intersection - T-Junction,No traffic control,0 - 50 km/h,Sealed - Dry,Darkness - Lighted,Straight,Veh'S Adjacent Approach: Thru-Right,Intersection from adjacent approaches,0,1,0,0,1,2,0,0,0,0,0,0
268477,Medical treatment,2014,9,Rear-end,Multi-Vehicle,153.021306,-27.371872,Gympie Arterial Rd,,Aspley,Aspley,No Roadway Feature,No traffic control,70 km/h,Sealed - Dry,Daylight,Straight,Veh'S Same Direction: Rear End,Rear-end,0,0,1,0,1,3,0,0,0,0,0,0
268487,Medical treatment,2014,13,Angle,Multi-Vehicle,153.048712,-27.397664,Edinburgh Castle Rd,Shaw Rd,Wavell Heights,Clayfield,Intersection - Cross,Operating traffic lights,60 km/h,Sealed - Dry,Daylight,Curved - view open,Veh'S Opposite Approach: Thru-Right,Opposing vehicles turning,0,0,1,0,1,2,0,0,0,0,0,0
268488,Medical treatment,2014,17,Rear-end,Multi-Vehicle,153.070496,-27.390292,Toombul Rd,,Northgate,Nudgee,Intersection - T-Junction,No traffic control,60 km/h,Sealed - Dry,Daylight,Curved - view open,Veh'S Same Direction: Left Rear,Rear-end,0,0,1,0,1,2,0,0,0,0,0,0
268489,Hospitalisation,2014,5,Angle,Multi-Vehicle,153.088371,-27.412584,Airport Dr,Lomandra Dr,Brisbane Airport,Clayfield,Intersection - Cross,Operating traffic lights,80 - 90 km/h,Sealed - Wet,Dawn/Dusk,Straight,Veh'S Opposite Approach: Thru-Right,Opposing vehicles turning,0,1,0,1,2,3,0,0,0,0,0,0
268490,Hospitalisation,2014,10,Rear-end,Multi-Vehicle,153.076747,-27.409648,Gateway Arterial Rd,,Hendra,Clayfield,Intersection - Interchange,No traffic control,80 - 90 km/h,Sealed - Dry,Daylight,Straight,Veh'S Same Direction: Other,Other,0,3,0,0,3,1,0,1,0,0,0,0
268518,Medical treatment,2014,14,Rear-end,Multi-Vehicle,152.990381,-27.442319,Dalmore St,Western Arterial Rd,Ashgrove,Ashgrove,Intersection - T-Junction,No traffic control,60 km/h,Sealed - Dry,Daylight,Curved - view open,Veh'S Same Direction: Right Rear,Rear-end,0,0,1,0,1,2,0,0,0,0,0,0
268519,Medical treatment,2014,17,Hit pedestrian,Hit pedestrian,152.994388,-27.481801,Bennett St,Sylvan Rd,Toowong,Mount Coot-tha,Intersection - T-Junction,Give way sign,0 - 50 km/h,Sealed - Dry,Darkness - Lighted,Straight,Ped'N: Far Side Vehicle Hit From Left,Pedestrian,0,0,1,0,1,1,0,0,0,0,1,0
268547,Hospitalisation,2014,0,Sideswipe,Multi-Vehicle,153.0384161,-27.45650693,Mclachlan St,,Fortitude Valley,Brisbane Central,No Roadway Feature,No traffic control,60 km/h,Sealed - Dry,Darkness - Lighted,Straight,Off Path-Straight:Out Of Control On Cway,Out of control on straight,0,1,0,0,1,1,1,0,0,0,0,0
268549,Medical treatment,2014,0,Hit object,Single Vehicle,153.056323,-27.326498,Sandgate Sub-Arterial Rd,,Deagon,Sandgate,Intersection - Interchange,No traffic control,60 km/h,Sealed - Dry,Darkness - Lighted,Curved - view open,Off Path-Curve: Mounts Traffic Island,Off carriageway on curve hit object,0,0,1,0,1,1,0,0,0,0,0,0
268552,Hospitalisation,2014,14,Fall from vehicle,Single Vehicle,153.036689,-27.415414,Invalid Street From Police,,Kedron,Clayfield,No Roadway Feature,No traffic control,100 - 110 km/h,Sealed - Wet,Daylight,Curved - view obscured,Off Path-Curve: Out Of Control On Cway,Out of control on curve,0,1,0,0,1,0,1,0,0,0,0,0
268569,Minor injury,2014,18,Rear-end,Multi-Vehicle,153.004225,-27.452724,Enoggera Tce,,Red Hill,Mount Coot-tha,No Roadway Feature,No traffic control,60 km/h,Sealed - Dry,Darkness - Lighted,Straight,Veh'S Same Direction: Right Rear,Rear-end,0,0,0,4,4,2,0,0,0,0,0,0
268570,Medical treatment,2014,10,Rear-end,Multi-Vehicle,153.022374,-27.472063,South East Arterial Rd,,Brisbane City,Brisbane Central,No Roadway Feature,No traffic control,80 - 90 km/h,Sealed - Dry,Daylight,Straight,Veh'S Same Direction: Rear End,Rear-end,0,0,1,0,1,2,0,0,0,0,0,0
268571,Medical treatment,2014,11,Sideswipe,Multi-Vehicle,153.0403971,-27.43928799,Abbotsford Rd,,Bowen Hills,Brisbane Central,No Roadway Feature,No traffic control,60 km/h,Sealed - Dry,Daylight,Curved - view open,Veh'S Same Direction: Lane Change Right,Lane changes,0,0,1,0,1,2,0,0,0,0,0,0
268574,Medical treatment,2014,15,Rear-end,Multi-Vehicle,153.010951,-27.39372,Appleby Rd,Coleridge St,Stafford Heights,Stafford,Intersection - Cross,No traffic control,60 km/h,Sealed - Dry,Daylight,Straight,Veh'S Same Direction: Rear End,Rear-end,0,0,1,0,1,1,1,0,0,0,0,0
268578,Medical treatment,2014,13,Rear-end,Multi-Vehicle,153.0627118,-27.37734951,Sandgate Sub-Arterial Rd,,Virginia,Nudgee,No Roadway Feature,No traffic control,70 km/h,Sealed - Dry,Daylight,Straight,Veh'S Same Direction: Lane Change Left,Lane changes,0,0,2,0,2,2,0,0,0,0,0,0
268580,Medical treatment,2014,16,Rear-end,Multi-Vehicle,153.032049,-27.432495,Lutwyche Rd,,Windsor,Brisbane Central,No Roadway Feature,No traffic control,60 km/h,Sealed - Dry,Daylight,Straight,Veh'S Same Direction: Rear End,Rear-end,0,0,1,0,1,2,0,0,0,0,0,0
268581,Medical treatment,2014,21,Angle,Multi-Vehicle,152.994164,-27.419502,Bowling St,Pickering St,Enoggera,Ashgrove,Intersection - T-Junction,Stop sign,60 km/h,Sealed - Dry,Darkness - Lighted,Straight,Veh'S Adjacent Approach: Thru-Right,Intersection from adjacent approaches,0,0,1,0,1,1,1,0,0,0,0,0
268604,Medical treatment,2014,16,Rear-end,Multi-Vehicle,153.057147,-27.364861,Bilsen Rd,,Geebung,Nudgee,No Roadway Feature,No traffic control,60 km/h,Sealed - Dry,Daylight,Straight,Veh'S Same Direction: Rear End,Rear-end,0,0,1,0,1,4,0,0,0,0,0,0
268614,Hospitalisation,2014,8,Angle,Multi-Vehicle,153.064585,-27.403991,Buckland Rd,Melton Rd,Nundah,Nudgee,Intersection - Roundabout,Give way sign,60 km/h,Sealed - Dry,Daylight,Straight,Veh'S Adjacent Approach: Thru-Right,Intersection from adjacent approaches,0,1,0,0,1,2,0,0,0,0,0,0
268615,Medical treatment,2014,13,Angle,Multi-Vehicle,153.074423,-27.414972,Nudgee Rd,,Hendra,Clayfield,No Roadway Feature,No traffic control,60 km/h,Sealed - Dry,Daylight,Straight,Veh'S Opposite Approach: Thru-Right,Opposing vehicles turning,0,0,1,0,1,2,0,0,0,0,0,0
268639,Hospitalisation,2014,17,Hit parked vehicle,Single Vehicle,152.8760235,-27.56300642,Kangaroo Gully Rd,,Bellbowrie,Moggill,No Roadway Feature,No traffic control,60 km/h,Sealed - Dry,Dawn/Dusk,Straight,Veh'S On Path: Parked,Hit parked vehicle,0,1,0,0,1,1,0,0,0,1,0,0
268640,Minor injury,2014,16,Angle,Multi-Vehicle,152.976754,-27.4939,Moggill Rd,Waverley Rd,Taringa,Indooroopilly,Intersection - T-Junction,Give way sign,60 km/h,Sealed - Dry,Daylight,Straight,Veh'S Adjacent Approach: Thru-Thru,Intersection from adjacent approaches,0,0,0,1,1,2,0,0,0,0,0,0
268647,Hospitalisation,2014,17,Rear-end,Multi-Vehicle,153.029461,-27.37334499,Ellison Rd,,Aspley,Aspley,No Roadway Feature,No traffic control,0 - 50 km/h,Sealed - Dry,Dawn/Dusk,Straight,Veh'S Same Direction: Rear End,Rear-end,0,1,0,0,1,3,0,0,0,0,0,0
268651,Medical treatment,2014,12,Rear-end,Multi-Vehicle,152.949023,-27.414579,Samford Sub-Arterial Rd,Settlement Rd,Keperra,Ferny Grove,Intersection - T-Junction,No traffic control,60 km/h,Sealed - Dry,Daylight,Straight,Veh'S Same Direction: Left Rear,Rear-end,0,0,1,0,1,2,0,0,0,0,0,0
268670,Medical treatment,2014,10,Rear-end,Multi-Vehicle,153.0218326,-27.46046822,Boundary St,,Spring Hill,Brisbane Central,No Roadway Feature,No traffic control,0 - 50 km/h,Sealed - Dry,Daylight,Straight,Veh'S Same Direction: Rear End,Rear-end,0,0,1,0,1,3,0,0,0,0,0,0
268671,Medical treatment,2014,9,Rear-end,Multi-Vehicle,153.027103,-27.449798,Gilchrist Ave,Herston Rd,Herston,Brisbane Central,Intersection - T-Junction,No traffic control,0 - 50 km/h,Sealed - Dry,Daylight,Curved - view open,Veh'S Same Direction: Left Rear,Rear-end,0,0,1,0,1,2,0,0,0,0,0,0
268672,Medical treatment,2014,16,Sideswipe,Multi-Vehicle,153.0336175,-27.45059983,Gregory Tce,,Bowen Hills,Brisbane Central,No Roadway Feature,No traffic control,60 km/h,Sealed - Dry,Daylight,Straight,Veh'S Overtaking: Other,Other,0,0,1,0,1,1,1,0,0,0,0,0
268675,Medical treatment,2014,13,Sideswipe,Multi-Vehicle,153.0109927,-27.39358766,Appleby Rd,Maryland St,Stafford Heights,Stafford,Intersection - T-Junction,No traffic control,60 km/h,Sealed - Dry,Daylight,Straight,Veh'S Overtaking: Overtake-Right Turn,Overtaking same direction,0,0,1,0,1,2,0,0,0,0,0,0
268681,Medical treatment,2014,8,Angle,Multi-Vehicle,153.060833,-27.37037,Robinson Rd E,,Virginia,Nudgee,No Roadway Feature,No traffic control,0 - 50 km/h,Sealed - Dry,Daylight,Straight,Veh'S Manoeuvring: Leaving Driveway,Vehicle leaving driveway,0,0,1,0,1,2,0,0,0,0,0,0
268682,Hospitalisation,2014,18,Rear-end,Multi-Vehicle,153.062206,-27.370592,Sandgate Sub-Arterial Rd,Vauxhall St,Virginia,Nudgee,Intersection - Cross,Operating traffic lights,60 km/h,Sealed - Dry,Darkness - Lighted,Straight,Veh'S Same Direction: Right Rear,Rear-end,0,1,0,0,1,2,0,0,0,0,0,0
268685,Hospitalisation,2014,16,Rear-end,Multi-Vehicle,153.0351711,-27.42147902,Chalk St,,Lutwyche,Clayfield,No Roadway Feature,No traffic control,0 - 50 km/h,Sealed - Dry,Dawn/Dusk,Straight,Veh'S Same Direction: Right Rear,Rear-end,0,1,2,0,3,3,0,0,0,0,0,0
268711,Minor injury,2014,19,Fall from vehicle,Single Vehicle,153.0024683,-27.46806915,Baroona Rd,,Milton,Mount Coot-tha,No Roadway Feature,No traffic control,60 km/h,Sealed - Dry,Darkness - Lighted,Straight,Veh'S Manoeuvring: Leaving Driveway,Vehicle leaving driveway,0,0,0,1,1,1,1,0,0,0,0,0
268712,Hospitalisation,2014,10,Rear-end,Multi-Vehicle,153.0131692,-27.46792108,Coronation Dr,,Brisbane City,Brisbane Central,No Roadway Feature,No traffic control,60 km/h,Sealed - Dry,Daylight,Straight,Veh'S Same Direction: Rear End,Rear-end,0,1,1,0,2,1,0,1,0,0,0,0
268714,Medical treatment,2014,14,Rear-end,Multi-Vehicle,153.0246687,-27.47501165,South East Arterial Rd,,Brisbane City,Brisbane Central,No Roadway Feature,No traffic control,70 km/h,Sealed - Dry,Daylight,Straight,Veh'S Same Direction: Rear End,Rear-end,0,0,1,2,3,3,0,0,0,0,0,1
268715,Medical treatment,2014,16,Rear-end,Multi-Vehicle,153.021954,-27.47164,South East Arterial Rd,,Brisbane City,Brisbane Central,Bridge/Causeway,No traffic control,70 km/h,Sealed - Dry,Daylight,Straight,Veh'S Same Direction: Rear End,Rear-end,0,0,1,0,1,2,0,0,0,0,0,0
268720,Medical treatment,2014,20,Rear-end,Multi-Vehicle,153.065321,-27.43903104,Kingsford Smith Dr,,Hamilton,Clayfield,No Roadway Feature,No traffic control,60 km/h,Sealed - Dry,Dawn/Dusk,Straight,Veh'S Same Direction: Rear End,Rear-end,0,0,1,0,1,3,1,0,0,0,0,0
268721,Hospitalisation,2014,23,Angle,Multi-Vehicle,153.077247,-27.401299,Gateway Arterial Rd,,Nundah,Nudgee,No Roadway Feature,No traffic control,80 - 90 km/h,Sealed - Dry,Darkness - Lighted,Straight,Off Path-Straight: Left Off Cway Hit Obj,Off carriageway on straight hit object,0,1,0,0,1,1,0,0,0,0,0,0
268722,Medical treatment,2014,16,Hit object,Single Vehicle,152.995288,-27.427932,Hilda St,,Alderley,Ashgrove,No Roadway Feature,No traffic control,0 - 50 km/h,Sealed - Dry,Daylight,Straight,Off Path-Straight: Left Off Cway Hit Obj,Off carriageway on straight hit object,0,0,1,0,1,1,0,0,0,0,0,0
268749,Minor injury,2014,18,Rear-end,Multi-Vehicle,153.0233846,-27.4697754,Adelaide St,,Brisbane City,Brisbane Central,No Roadway Feature,No traffic control,0 - 50 km/h,Sealed - Dry,Dawn/Dusk,Straight,Veh'S Same Direction: Right Rear,Rear-end,0,0,0,1,1,2,0,0,0,0,0,0
268753,Medical treatment,2014,2,Hit object,Single Vehicle,153.017001,-27.361018,Gayford St,Gympie Arterial Rd,Aspley,Aspley,Intersection - Cross,Operating traffic lights,70 km/h,Sealed - Dry,Darkness - Lighted,Straight,Off Path-Straight:Out Of Control On Cway,Out of control on straight,0,0,1,0,1,1,0,0,0,0,0,0
268760,Minor injury,2014,22,Angle,Multi-Vehicle,152.987004,-27.397587,Dargie St,Everton Park - Albany Creek Rd,Everton Park,Everton,Intersection - T-Junction,Operating traffic lights,60 km/h,Sealed - Dry,Darkness - Lighted,Curved - view obscured,Veh'S Opposite Approach: Thru-Right,Opposing vehicles turning,0,0,0,2,2,2,0,0,0,0,0,0
268795,Medical treatment,2014,11,Rear-end,Multi-Vehicle,153.056548,-27.326752,Board St,Sandgate Sub-Arterial Rd,Deagon,Sandgate,Intersection - T-Junction,Give way sign,0 - 50 km/h,Sealed - Dry,Daylight,Curved - view open,Veh'S Same Direction: Left Rear,Rear-end,0,0,1,0,1,2,0,0,0,0,0,0
268796,Minor injury,2014,20,Rear-end,Multi-Vehicle,153.026437,-27.365258,Kirby Rd,Robinson Rd W,Aspley,Nudgee,Intersection - Roundabout,Give way sign,60 km/h,Sealed - Dry,Darkness - Lighted,Straight,Veh'S Same Direction: Rear End,Rear-end,0,0,0,1,1,2,0,0,0,0,0,0
268847,Hospitalisation,2014,9,Angle,Multi-Vehicle,153.005018,-27.50317069,Hawken Dr,,St Lucia,Indooroopilly,No Roadway Feature,No traffic control,0 - 50 km/h,Sealed - Dry,Daylight,Straight,Veh'S Manoeuvring: Leaving Parking,Vehicle leaving driveway,0,1,0,0,1,1,0,0,0,1,0,0
268849,Medical treatment,2014,8,Sideswipe,Multi-Vehicle,153.02645,-27.324714,Norris Rd,,Bracken Ridge,Sandgate,No Roadway Feature,No traffic control,60 km/h,Sealed - Dry,Daylight,Straight,Veh'S Same Direction: Left Turn S/Swipe,Parallel lanes turning,0,0,1,0,1,1,0,0,0,1,0,0
268853,Hospitalisation,2014,17,Angle,Multi-Vehicle,153.028996,-27.385621,Hamilton Rd,,Chermside,Stafford,No Roadway Feature,No traffic control,60 km/h,Sealed - Dry,Dawn/Dusk,Straight,Veh'S Same Direction: Right Turn S/Swipe,Parallel lanes turning,0,1,0,0,1,2,0,0,0,0,0,0
268880,Hospitalisation,2014,9,Angle,Multi-Vehicle,152.99484,-27.463978,Beck St,Boys St,Paddington,Mount Coot-tha,Intersection - T-Junction,No traffic control,0 - 50 km/h,Sealed - Dry,Daylight,Straight,Veh'S Opposite Approach: Thru-Right,Opposing vehicles turning,0,1,0,0,1,2,0,0,0,0,0,0
268881,Minor injury,2014,15,Angle,Multi-Vehicle,153.010927,-27.463183,Caxton St,Hale St On Ramp,Paddington,Mount Coot-tha,Intersection - Interchange,Operating traffic lights,60 km/h,Sealed - Dry,Daylight,Straight,Veh'S Opposite Approach: Thru-Right,Opposing vehicles turning,0,0,0,2,2,2,0,0,0,0,0,0
268883,Medical treatment,2014,16,Hit parked vehicle,Single Vehicle,153.035983,-27.330582,Enbrook St,,Bracken Ridge,Sandgate,No Roadway Feature,No traffic control,60 km/h,Sealed - Dry,Daylight,Straight,Off Path-Straight: Left Off Cway Hit Obj,Off carriageway on straight hit object,0,0,1,0,1,2,0,0,0,0,0,0
268889,Medical treatment,2014,19,Angle,Multi-Vehicle,153.063817,-27.38235,Sandgate Sub-Arterial Rd,Wellington St,Virginia,Nudgee,Intersection - T-Junction,No traffic control,60 km/h,Sealed - Dry,Darkness - Lighted,Straight,Veh'S Opposite Approach: Thru-Right,Opposing vehicles turning,0,0,1,0,1,3,0,0,0,0,0,0
268890,Hospitalisation,2014,7,Rear-end,Multi-Vehicle,153.097122,-27.369855,Gateway Arterial Rd,,Nudgee,Nudgee,No Roadway Feature,No traffic control,80 - 90 km/h,Sealed - Dry,Daylight,Straight,Veh'S Same Direction: Rear End,Rear-end,0,1,1,0,2,2,0,0,0,0,0,0
268905,Medical treatment,2014,7,Sideswipe,Multi-Vehicle,153.019853,-27.467149,George St,Herschel St,Brisbane City,Brisbane Central,Intersection - Cross,Operating traffic lights,0 - 50 km/h,Sealed - Dry,Daylight,Straight,Veh'S Same Direction: Left Turn S/Swipe,Parallel lanes turning,0,0,1,0,1,2,0,0,0,0,0,0
268906,Hospitalisation,2014,19,Angle,Multi-Vehicle,153.0337388,-27.45959982,Ann St,Gipps St,Fortitude Valley,Brisbane Central,Intersection - Cross,Operating traffic lights,60 km/h,Sealed - Dry,Darkness - Lighted,Straight,Veh'S Adjacent Approach: Thru-Thru,Intersection from adjacent approaches,0,2,1,0,3,2,0,0,0,0,0,0