Crash_Ref_Number,Severity,Year,Hour,Crash_Nature,Crash_Type,Longitude,Latitude,Street,Street_Intersecting,Suburb,Loc_State_Electorate,Crash_Roadway_Feature,Crash_Traffic_Control,Crash_Speed_Limit,Crash_Road_Surface_Condition,Crash_Lighting_Condition,Crash_Road_Horiz_Align,Crash_DCA_Description,Crash_DCA_Group_Description,Count_Casualty_Fatality,Count_Casualty_Hospitalised,Count_Casualty_MedicallyTreated,Count_Casualty_MinorInjury,Count_Casualty_Total,Count_Unit_Car,Count_Unit_Motorcycle_Moped,Count_Unit_Truck,Count_Unit_Bus,Count_Unit_Bicycle,Count_Unit_Pedestrian,Count_Unit_Other
268907,Medical treatment,2014,19,Angle,Multi-Vehicle,153.000883,-27.504769,Hawken Dr,Tarcoola St,St Lucia,Indooroopilly,Intersection - T-Junction,No traffic control,0 - 50 km/h,Sealed - Dry,Darkness - Not lighted,Curved - view obscured,Veh'S Adjacent Approach: Thru-Right,Intersection from adjacent approaches,0,0,1,0,1,1,0,0,0,1,0,0
268909,Hospitalisation,2014,17,Angle,Multi-Vehicle,153.011422,-27.405957,Dunedoo St,Minimine St,Stafford,Stafford,Intersection - Cross,Give way sign,0 - 50 km/h,Sealed - Dry,Dawn/Dusk,Straight,Veh'S Adjacant Approach: Thru-Left,Intersection from adjacent approaches,0,1,1,0,2,2,0,0,0,0,0,0
268914,Medical treatment,2014,18,Angle,Multi-Vehicle,153.056597,-27.373679,Lisgar St,Pritchard Rd,Virginia,Nudgee,Intersection - T-Junction,No traffic control,60 km/h,Sealed - Dry,Darkness - Lighted,Straight,Veh'S Opposite Approach: Thru-Right,Opposing vehicles turning,0,0,1,1,2,2,0,0,0,0,0,0
268915,Minor injury,2014,15,Rear-end,Multi-Vehicle,153.0222372,-27.37276111,Gympie Arterial Rd,,Aspley,Aspley,No Roadway Feature,No traffic control,60 km/h,Sealed - Dry,Daylight,Straight,Veh'S Same Direction: Rear End,Rear-end,0,0,0,2,2,3,0,1,0,0,0,0
268916,Minor injury,2014,18,Rear-end,Multi-Vehicle,153.01595,-27.355201,Gympie Arterial Rd,Gympie Rd,Carseldine,Aspley,Intersection - T-Junction,Operating traffic lights,70 km/h,Sealed - Dry,Darkness - Lighted,Straight,Veh'S Same Direction: Rear End,Rear-end,0,0,0,1,1,2,0,0,0,0,0,0
268942,Minor injury,2014,19,Sideswipe,Multi-Vehicle,153.014098,-27.453289,Blamey St,Musk Ave,Kelvin Grove,Brisbane Central,Intersection - Cross,Operating traffic lights,0 - 50 km/h,Sealed - Dry,Darkness - Lighted,Straight,Veh'S Adjacent Approach: Left-Right,Intersection from adjacent approaches,0,0,0,1,1,1,1,0,0,0,0,0
268943,Medical treatment,2014,18,Rear-end,Multi-Vehicle,153.010949,-27.464242,Hale St,,Petrie Terrace,Mount Coot-tha,No Roadway Feature,No traffic control,60 km/h,Sealed - Dry,Darkness - Lighted,Straight,Veh'S Same Direction: Rear End,Rear-end,0,0,2,0,2,1,1,0,0,0,0,0
268944,Hospitalisation,2014,21,Angle,Multi-Vehicle,153.0143068,-27.45853354,Kelvin Grove Rd,,Kelvin Grove,Brisbane Central,Intersection - T-Junction,Operating traffic lights,60 km/h,Sealed - Dry,Darkness - Lighted,Straight,Veh'S Adjacent Approach: Thru-Right,Intersection from adjacent approaches,0,2,0,0,2,2,0,0,0,0,0,0
268947,Hospitalisation,2014,16,Angle,Multi-Vehicle,152.996601,-27.482447,Coronation Dr,Sylvan Rd,Toowong,Mount Coot-tha,Intersection - T-Junction,Operating traffic lights,60 km/h,Sealed - Dry,Daylight,Straight,Veh'S Adjacent Approach: Thru-Right,Intersection from adjacent approaches,0,1,0,0,1,2,0,0,0,0,0,0
268948,Medical treatment,2014,13,Rear-end,Multi-Vehicle,153.000356,-27.477817,Coronation Dr,,Auchenflower,Mount Coot-tha,No Roadway Feature,No traffic control,60 km/h,Sealed - Dry,Daylight,Straight,Veh'S Same Direction: Rear End,Rear-end,0,0,1,0,1,3,0,0,0,0,0,0
268949,Medical treatment,2014,16,Rear-end,Multi-Vehicle,152.966679,-27.489008,Western Arterial Rd,,Taringa,Indooroopilly,No Roadway Feature,No traffic control,60 km/h,Sealed - Dry,Daylight,Straight,Veh'S Same Direction: Rear End,Rear-end,0,0,2,0,2,3,0,0,0,0,0,0
268957,Medical treatment,2014,12,Rear-end,Multi-Vehicle,153.059854,-27.407671,Sandgate Sub-Arterial Rd,Union St,Nundah,Nudgee,Intersection - Cross,Operating traffic lights,60 km/h,Sealed - Dry,Daylight,Straight,Veh'S Same Direction: Rear End,Rear-end,0,0,1,0,1,2,0,0,0,0,0,0
268982,Hospitalisation,2014,21,Hit pedestrian,Hit pedestrian,153.021956,-27.466295,Albert St,,Brisbane City,Brisbane Central,Intersection - T-Junction,Operating traffic lights,60 km/h,Sealed - Dry,Darkness - Lighted,Straight,Ped'N: Near Side Vehicle Hit From Right,Pedestrian,0,1,0,0,1,1,0,0,0,0,1,0
268984,Hospitalisation,2014,20,Hit object,Single Vehicle,153.0621513,-27.30065965,Beaconsfield Tce,Morcombe St,Brighton,Sandgate,Intersection - T-Junction,No traffic control,60 km/h,Sealed - Dry,Darkness - Lighted,Straight,Off Path-Straight:Right Off Cway Hit Obj,Off carriageway on straight hit object,0,1,0,0,1,1,0,0,0,0,0,0
268985,Minor injury,2014,15,Angle,Multi-Vehicle,153.046358,-27.311286,Gateway Arterial Rd,,Brighton,Sandgate,Intersection - Interchange,No traffic control,80 - 90 km/h,Sealed - Wet,Daylight,Straight,Veh'S Same Direction: Other,Other,0,0,0,1,1,2,0,0,0,0,0,0
268988,Hospitalisation,2014,11,Rear-end,Multi-Vehicle,153.062146,-27.369671,Sandgate Sub-Arterial Rd,,Virginia,Nudgee,No Roadway Feature,Operating traffic lights,70 km/h,Sealed - Dry,Daylight,Straight,Veh'S Same Direction: Lane Change Left,Lane changes,0,1,0,0,1,2,0,0,0,0,0,0
268997,Hospitalisation,2014,11,Angle,Multi-Vehicle,153.070403,-27.43965,Hercules St,Remora Rd,Hamilton,Clayfield,Intersection - Roundabout,Give way sign,0 - 50 km/h,Sealed - Dry,Daylight,Straight,Veh'S Opposite Approach: Thru-Right,Opposing vehicles turning,0,1,0,0,1,1,1,0,0,0,0,0
269015,Medical treatment,2014,16,Hit object,Single Vehicle,152.94852,-27.520691,Western Arterial Rd,,Fig Tree Pocket,Moggill,No Roadway Feature,No traffic control,80 - 90 km/h,Sealed - Wet,Daylight,Curved - view open,Veh'S On Path: Temporary Object On C'Way,Other,0,0,1,0,1,1,0,0,0,0,0,0
269019,Medical treatment,2014,8,Rear-end,Multi-Vehicle,153.030809,-27.385929,Gympie Arterial Rd,Hamilton Rd,Chermside,Stafford,Intersection - Cross,Operating traffic lights,60 km/h,Sealed - Dry,Daylight,Straight,Veh'S Same Direction: Rear End,Rear-end,0,0,1,0,1,4,0,0,0,0,0,0
269023,Medical treatment,2014,12,Hit object,Single Vehicle,152.990507,-27.405798,Everton Park - Albany Creek Rd,,Everton Park,Everton,No Roadway Feature,No traffic control,60 km/h,Sealed - Wet,Daylight,Curved - view open,Veh'S Opposite Approach: Head On,Head-on,0,0,1,0,1,2,0,0,0,0,0,0
269043,Medical treatment,2014,10,Angle,Multi-Vehicle,152.9877227,-27.45825832,Rockbourne Tce,Western Arterial Rd,Bardon,Mount Coot-tha,Intersection - T-Junction,No traffic control,60 km/h,Sealed - Wet,Daylight,Curved - view open,Veh'S Opposite Approach: Thru-Right,Opposing vehicles turning,0,0,1,0,1,1,0,0,0,1,0,0
269077,Hospitalisation,2014,14,Hit pedestrian,Hit pedestrian,153.0286455,-27.46844592,Elizabeth St,,Brisbane City,Brisbane Central,No Roadway Feature,Pedestrian operated lights,0 - 50 km/h,Sealed - Dry,Daylight,Straight,Ped'N: Near Side Vehicle Hit From Right,Pedestrian,0,1,0,0,1,1,0,0,0,0,1,0
269078,Hospitalisation,2014,7,Hit pedestrian,Hit pedestrian,152.992124,-27.461001,Brigalow St,Wilden St,Paddington,Mount Coot-tha,Intersection - Cross,No traffic control,0 - 50 km/h,Sealed - Dry,Dawn/Dusk,Straight,Ped'N: Near Side Vehicle Hit From Right,Pedestrian,0,1,0,0,1,1,0,0,0,0,1,0
269080,Medical treatment,2014,21,Rear-end,Multi-Vehicle,153.034413,-27.459866,Bradfield Hwy,Kemp Pl,Fortitude Valley,Brisbane Central,Intersection - T-Junction,No traffic control,0 - 50 km/h,Sealed - Dry,Darkness - Lighted,Curved - view open,Veh'S Same Direction: Left Rear,Rear-end,0,0,2,0,2,2,0,0,0,0,0,0
269082,Medical treatment,2014,16,Rear-end,Multi-Vehicle,153.018008,-27.404498,Webster Rd,,Stafford,Stafford,No Roadway Feature,No traffic control,0 - 50 km/h,Sealed - Dry,Daylight,Straight,Veh'S Same Direction: Right Rear,Rear-end,0,0,1,0,1,2,0,0,0,0,0,0
269084,Medical treatment,2014,20,Hit pedestrian,Hit pedestrian,153.01672,-27.359544,Gympie Arterial Rd,,Aspley,Aspley,No Roadway Feature,No traffic control,70 km/h,Sealed - Dry,Darkness - Lighted,Straight,Ped'N: Near Side Vehicle Hit From Right,Pedestrian,0,0,1,0,1,1,0,0,0,0,1,0
269115,Hospitalisation,2014,9,Angle,Multi-Vehicle,153.0161022,-27.46623136,Countess St,Roma St,Brisbane City,Brisbane Central,Intersection - T-Junction,Give way sign,0 - 50 km/h,Sealed - Dry,Daylight,Straight,Veh'S Adjacant Approach: Thru-Left,Intersection from adjacent approaches,0,1,0,0,1,1,1,0,0,0,0,0
269116,Medical treatment,2014,10,Hit pedestrian,Hit pedestrian,153.013336,-27.452853,School St,,Kelvin Grove,Brisbane Central,No Roadway Feature,No traffic control,0 - 50 km/h,Sealed - Dry,Daylight,Straight,Ped'N: Hit By Vehicle Enter/Leave D'Way,Pedestrian,0,0,1,0,1,1,0,0,0,0,1,0
269126,Hospitalisation,2014,10,Angle,Multi-Vehicle,153.016999,-27.436092,Lamont Rd,Newmarket Rd,Wilston,Brisbane Central,Intersection - T-Junction,Stop sign,60 km/h,Sealed - Dry,Daylight,Straight,Veh'S Adjacent Approach: Thru-Right,Intersection from adjacent approaches,0,1,0,0,1,2,0,0,0,0,0,0
269127,Medical treatment,2014,12,Angle,Multi-Vehicle,153.007345,-27.438761,Enoggera Rd,,Newmarket,Brisbane Central,No Roadway Feature,No traffic control,0 - 50 km/h,Sealed - Dry,Daylight,Straight,Veh'S Manoeuvring: Other,Other,0,0,1,0,1,1,0,0,0,1,0,0
269160,Minor injury,2014,15,Rear-end,Multi-Vehicle,153.022071,-27.469437,Ann St,George St,Brisbane City,Brisbane Central,Intersection - Cross,Operating traffic lights,0 - 50 km/h,Sealed - Dry,Daylight,Straight,Veh'S Same Direction: Left Rear,Rear-end,0,0,0,1,1,2,0,0,0,0,0,0
269161,Medical treatment,2014,16,Sideswipe,Multi-Vehicle,153.040719,-27.438654,Abbotsford Rd,,Bowen Hills,Brisbane Central,No Roadway Feature,No traffic control,0 - 50 km/h,Sealed - Dry,Daylight,Straight,Veh'S Same Direction: Lane Change Left,Lane changes,0,0,1,0,1,1,1,0,0,0,0,0
269162,Medical treatment,2014,10,Angle,Multi-Vehicle,153.0645718,-27.30001788,Flinders Pde,Fourteenth Ave,Brighton,Sandgate,Intersection - T-Junction,No traffic control,0 - 50 km/h,Sealed - Dry,Daylight,Straight,Veh'S Manoeuvring: Entering From Footway,Vehicle leaving driveway,0,0,1,0,1,1,0,0,0,1,0,0
269163,Minor injury,2014,1,Hit object,Single Vehicle,153.031449,-27.400464,Gympie Arterial Rd,,Kedron,Stafford,No Roadway Feature,No traffic control,60 km/h,Sealed - Dry,Darkness - Lighted,Straight,Off Path-Straight: Left Off Cway Hit Obj,Off carriageway on straight hit object,0,0,0,1,1,1,0,0,0,0,0,0
269176,Hospitalisation,2014,7,Sideswipe,Multi-Vehicle,153.020689,-27.433515,Hewitt St,Kedron Brook Rd,Wilston,Stafford,Intersection - T-Junction,No traffic control,0 - 50 km/h,Sealed - Dry,Daylight,Straight,Off Path-Curve: Off Cway Lt Bend Hit Obj,Off carriageway on curve hit object,0,1,0,0,1,1,0,0,0,0,0,1
269177,Medical treatment,2014,18,Angle,Multi-Vehicle,153.043044,-27.419271,Dickson St,Inwood St,Wooloowin,Clayfield,Intersection - T-Junction,No traffic control,60 km/h,Sealed - Dry,Dawn/Dusk,Straight,Veh'S Opposite Approach: Thru-Right,Opposing vehicles turning,0,0,1,0,1,1,0,0,0,1,0,0
269178,Medical treatment,2014,17,Sideswipe,Multi-Vehicle,153.035993,-27.414699,East - West Arterial Rd,,Kedron,Clayfield,No Roadway Feature,No traffic control,60 km/h,Sealed - Dry,Daylight,Curved - view open,Off Path-Curve: Off Cway Lt Bend Hit Obj,Off carriageway on curve hit object,0,0,1,0,1,1,0,0,0,1,0,0
269201,Hospitalisation,2014,15,Hit pedestrian,Hit pedestrian,153.030956,-27.373564,Ellison Rd,,Aspley,Aspley,No Roadway Feature,No traffic control,60 km/h,Sealed - Dry,Daylight,Straight,Ped'N: Hit Emerging Behind Vehicle,Pedestrian,0,1,0,0,1,1,0,0,0,0,1,0
269219,Hospitalisation,2014,19,Hit pedestrian,Hit pedestrian,152.977474,-27.448236,Glory St,,Ashgrove,Ashgrove,No Roadway Feature,No traffic control,60 km/h,Sealed - Dry,Darkness - Lighted,Straight,Ped'N: Near Side Vehicle Hit From Right,Pedestrian,0,1,0,0,1,1,0,0,0,0,1,0
269220,Hospitalisation,2014,14,Angle,Multi-Vehicle,152.862341,-27.541179,Hawkesbury Rd,Mount Crosby Rd,Anstead,Moggill,Intersection - Cross,Give way sign,70 km/h,Sealed - Dry,Daylight,Straight,Veh'S Adjacent Approach: Thru-Thru,Intersection from adjacent approaches,0,2,0,0,2,2,0,0,0,0,0,0
269222,Hospitalisation,2014,17,Rear-end,Multi-Vehicle,153.038562,-27.357483,Handford Rd,Pioneer St,Zillmere,Nudgee,Intersection - T-Junction,Operating traffic lights,60 km/h,Sealed - Dry,Daylight,Straight,Veh'S Same Direction: Rear End,Rear-end,0,1,0,0,1,2,0,0,0,0,0,0
269223,Hospitalisation,2014,10,Rear-end,Multi-Vehicle,153.0230733,-27.37332522,Gympie Arterial Rd,,Aspley,Aspley,No Roadway Feature,No traffic control,70 km/h,Sealed - Dry,Daylight,Straight,Veh'S Same Direction: Rear End,Rear-end,0,2,1,0,3,2,0,0,0,0,0,0
269246,Medical treatment,2014,10,Rear-end,Multi-Vehicle,153.0143007,-27.45853108,Kelvin Grove Rd,,Kelvin Grove,Brisbane Central,Intersection - T-Junction,Operating traffic lights,60 km/h,Sealed - Dry,Daylight,Straight,Veh'S Same Direction: Rear End,Rear-end,0,0,1,0,1,2,0,0,0,0,0,0
269270,Medical treatment,2014,13,Angle,Multi-Vehicle,153.029387,-27.46783768,Creek St,Elizabeth St,Brisbane City,Brisbane Central,Intersection - Cross,Operating traffic lights,0 - 50 km/h,Sealed - Dry,Daylight,Straight,Veh'S Same Direction: Right Turn S/Swipe,Parallel lanes turning,0,0,1,0,1,1,1,0,0,0,0,0
269297,Medical treatment,2014,9,Angle,Multi-Vehicle,153.038928,-27.454635,Ann St,Wandoo St,Fortitude Valley,Brisbane Central,Intersection - T-Junction,No traffic control,0 - 50 km/h,Sealed - Dry,Daylight,Straight,Veh'S Manoeuvring: Entering From Footway,Vehicle leaving driveway,0,0,1,0,1,1,0,0,0,0,0,1
269298,Medical treatment,2014,13,Hit object,Single Vehicle,153.039503,-27.452303,Murri Wy,,Fortitude Valley,Brisbane Central,No Roadway Feature,No traffic control,0 - 50 km/h,Sealed - Dry,Daylight,Straight,Veh'S Same Direction: Rear End,Rear-end,0,0,1,1,2,3,0,0,0,0,0,0
269299,Medical treatment,2014,17,Rear-end,Multi-Vehicle,152.97024,-27.482097,Western Arterial Rd,,Mount Coot-tha,Mount Coot-tha,No Roadway Feature,No traffic control,60 km/h,Sealed - Dry,Dawn/Dusk,Straight,Veh'S Same Direction: Rear End,Rear-end,0,0,1,0,1,3,0,0,0,0,0,0
269301,Medical treatment,2014,18,Rear-end,Multi-Vehicle,153.0215783,-27.37210533,Gympie Arterial Rd,,Aspley,Aspley,No Roadway Feature,No traffic control,70 km/h,Sealed - Dry,Darkness - Lighted,Straight,Veh'S Same Direction: Rear End,Rear-end,0,0,1,0,1,4,0,0,0,0,0,0
269333,Hospitalisation,2014,13,Fall from vehicle,Single Vehicle,153.0434623,-27.45346632,Commercial Rd,Doggett St,Newstead,Brisbane Central,Intersection - Cross,Give way sign,0 - 50 km/h,Sealed - Dry,Daylight,Straight,Veh'S Adjacent Approach: Thru-Right,Intersection from adjacent approaches,0,1,0,0,1,1,1,0,0,0,0,0
269334,Hospitalisation,2014,12,Rear-end,Multi-Vehicle,153.0392814,-27.45810049,Robertson St,,Fortitude Valley,Brisbane Central,No Roadway Feature,No traffic control,0 - 50 km/h,Sealed - Dry,Daylight,Straight,Veh'S Same Direction: Rear End,Rear-end,0,1,0,0,1,2,0,0,0,0,0,0
269336,Medical treatment,2014,0,Hit parked vehicle,Single Vehicle,153.059353,-27.33387,Sandgate Sub-Arterial Rd,,Deagon,Sandgate,No Roadway Feature,No traffic control,60 km/h,Sealed - Dry,Darkness - Lighted,Straight,Off Path-Straight: Left Off Cway Hit Obj,Off carriageway on straight hit object,0,0,1,0,1,2,0,0,0,0,0,0
269340,Medical treatment,2014,7,Angle,Multi-Vehicle,153.055594,-27.373527,Bilsen Rd,Pritchard Rd,Geebung,Nudgee,Intersection - T-Junction,Give way sign,60 km/h,Sealed - Dry,Daylight,Straight,Veh'S Manoeuvring: Entering From Footway,Vehicle leaving driveway,0,0,1,0,1,1,0,0,0,0,0,1
269341,Medical treatment,2014,8,Rear-end,Multi-Vehicle,153.022438,-27.384733,Hamilton Rd,Webster Rd,Chermside,Stafford,Intersection - Roundabout,No traffic control,60 km/h,Sealed - Dry,Daylight,Curved - view obscured,Veh'S Same Direction: Rear End,Rear-end,0,0,1,0,1,3,0,0,0,0,0,0
269347,Medical treatment,2014,7,Rear-end,Multi-Vehicle,153.076475,-27.402468,Gateway Arterial Rd,,Nundah,Clayfield,Merge Lane,No traffic control,100 - 110 km/h,Sealed - Dry,Daylight,Straight,Veh'S Same Direction: Rear End,Rear-end,0,0,1,0,1,2,1,1,0,0,0,0
269369,Hospitalisation,2014,17,Head-on,Multi-Vehicle,152.9864326,-27.49021803,Moggill Rd,,Taringa,Mount Coot-tha,No Roadway Feature,No traffic control,60 km/h,Sealed - Dry,Darkness - Lighted,Curved - view open,Veh'S Opposite Approach: Head On,Head-on,0,1,1,0,2,3,0,0,0,0,0,0
269372,Medical treatment,2014,13,Angle,Multi-Vehicle,153.024233,-27.412438,Alva Tce,Haig St,Gordon Park,Stafford,Intersection - Cross,Give way sign,0 - 50 km/h,Sealed - Dry,Daylight,Straight,Veh'S Adjacent Approach: Thru-Thru,Intersection from adjacent approaches,0,0,2,0,2,2,0,0,0,0,0,0
269388,Medical treatment,2014,19,Head-on,Multi-Vehicle,153.042093,-27.413722,Park Rd,Rose St,Wooloowin,Clayfield,Intersection - T-Junction,No traffic control,0 - 50 km/h,Sealed - Dry,Darkness - Lighted,Curved - view open,Veh'S Adjacent Approach: Left-Thru,Intersection from adjacent approaches,0,0,1,0,1,2,0,0,0,0,0,0
269389,Medical treatment,2014,8,Angle,Multi-Vehicle,152.9979753,-27.42418299,Railway St,Samford Rd,Alderley,Ashgrove,Intersection - T-Junction,Operating traffic lights,60 km/h,Sealed - Dry,Daylight,Straight,Veh'S Adjacent Approach: Thru-Right,Intersection from adjacent approaches,0,0,2,0,2,3,0,0,0,0,0,0
269417,Medical treatment,2014,21,Angle,Multi-Vehicle,152.978215,-27.494364,Cunningham St,Swann Rd,Taringa,Indooroopilly,Intersection - T-Junction,Give way sign,60 km/h,Sealed - Dry,Darkness - Lighted,Curved - view open,Veh'S Adjacent Approach: Thru-Right,Intersection from adjacent approaches,0,0,1,0,1,2,0,0,0,0,0,0
269420,Medical treatment,2014,18,Sideswipe,Multi-Vehicle,153.0320172,-27.40188795,Edinburgh Castle Rd,,Kedron,Clayfield,No Roadway Feature,No traffic control,60 km/h,Sealed - Dry,Darkness - Lighted,Straight,Veh'S Same Direction: Lane Side Swipe,Lane changes,0,0,1,0,1,1,1,0,0,0,0,0
269421,Medical treatment,2014,5,Hit object,Single Vehicle,152.998302,-27.429854,Banks St,Eagle St,Alderley,Ashgrove,Intersection - T-Junction,Give way sign,0 - 50 km/h,Sealed - Dry,Daylight,Straight,Off Path-Straight: Mounts Traffic Island,Off carriageway on straight hit object,0,0,2,0,2,1,0,0,0,0,0,0
269438,Hospitalisation,2014,22,Fall from vehicle,Single Vehicle,152.982382,-27.45561,Coopers Camp Rd,,Bardon,Mount Coot-tha,No Roadway Feature,No traffic control,60 km/h,Sealed - Dry,Darkness - Lighted,Curved - view open,Off Path-Curve: Out Of Control On Cway,Out of control on curve,0,1,0,0,1,1,1,0,0,0,0,0
269439,Hospitalisation,2014,17,Angle,Multi-Vehicle,153.029545,-27.464934,Adelaide St,Wharf St,Brisbane City,Brisbane Central,Intersection - Cross,Operating traffic lights,0 - 50 km/h,Sealed - Dry,Darkness - Lighted,Straight,Veh'S Adjacent Approach: Thru-Thru,Intersection from adjacent approaches,0,1,0,0,1,3,0,0,0,0,0,0
269440,Hospitalisation,2014,2,Fall from vehicle,Single Vehicle,153.036348,-27.459531,Berwick St,Brunswick St,Fortitude Valley,Brisbane Central,Intersection - Cross,Operating traffic lights,0 - 50 km/h,Sealed - Wet,Darkness - Lighted,Straight,Veh'S Same Direction: Rear End,Rear-end,0,1,0,0,1,1,1,0,0,0,0,0
269441,Minor injury,2014,9,Rear-end,Multi-Vehicle,153.032227,-27.460223,Gotha St,,Fortitude Valley,Brisbane Central,Intersection - T-Junction,Give way sign,60 km/h,Sealed - Dry,Daylight,Curved - view open,Veh'S Same Direction: Rear End,Rear-end,0,0,0,1,1,2,0,0,0,0,0,0
269443,Medical treatment,2014,2,Rear-end,Multi-Vehicle,152.9785881,-27.49207633,Walker St,,Taringa,Indooroopilly,No Roadway Feature,No traffic control,60 km/h,Sealed - Dry,Daylight,Curved - view open,Veh'S Same Direction: Rear End,Rear-end,0,0,1,0,1,1,1,0,0,0,0,0
269444,Hospitalisation,2014,10,Rear-end,Multi-Vehicle,152.9609053,-27.50505235,Moggill Sub-Arterial Rd,,Chapel Hill,Moggill,No Roadway Feature,No traffic control,60 km/h,Sealed - Dry,Daylight,Straight,Veh'S Same Direction: Rear End,Rear-end,0,1,2,0,3,2,0,0,0,0,0,0
269445,Medical treatment,2014,10,Hit object,Single Vehicle,152.9571634,-27.51360599,Western Arterial Rd,,Indooroopilly,Indooroopilly,No Roadway Feature,No traffic control,80 - 90 km/h,Sealed - Dry,Daylight,Straight,Off Path-Straight: Left Off Cway Hit Obj,Off carriageway on straight hit object,0,0,3,0,3,1,0,0,0,0,0,0
269471,Hospitalisation,2014,8,Fall from vehicle,Single Vehicle,152.9556603,-27.46288634,Sir Samuel Griffith Dr,,Mount Coot-tha,Mount Coot-tha,No Roadway Feature,No traffic control,0 - 50 km/h,Sealed - Dry,Daylight,Curved - view obscured,Off Path-Curve: Out Of Control On Cway,Out of control on curve,0,1,0,0,1,0,0,0,0,1,0,0
269491,Hospitalisation,2014,16,Hit object,Single Vehicle,152.999786,-27.470625,Milton Rd,Torwood St,Auchenflower,Mount Coot-tha,Median Opening,No traffic control,60 km/h,Sealed - Dry,Darkness - Lighted,Straight,Off Path-Straight: Mounts Traffic Island,Off carriageway on straight hit object,0,1,0,0,1,1,0,0,0,0,0,0
269492,Medical treatment,2014,8,Angle,Multi-Vehicle,153.030823,-27.459022,Barry Pde,Gotha St,Fortitude Valley,Brisbane Central,Intersection - Cross,Stop sign,0 - 50 km/h,Sealed - Wet,Daylight,Curved - view open,Veh'S Opposite Approach: Thru-Right,Opposing vehicles turning,0,0,1,0,1,2,0,0,0,0,0,0
269505,Hospitalisation,2014,7,Fall from vehicle,Single Vehicle,153.0427485,-27.42894023,Sandgate Rd,,Albion,Clayfield,No Roadway Feature,No traffic control,60 km/h,Sealed - Wet,Daylight,Curved - view obscured,Off Path-Curve: Out Of Control On Cway,Out of control on curve,0,1,0,0,1,0,1,0,0,0,0,0
269526,Medical treatment,2014,13,Angle,Multi-Vehicle,153.027082,-27.466895,Adelaide St,,Brisbane City,Brisbane Central,No Roadway Feature,No traffic control,0 - 50 km/h,Sealed - Dry,Daylight,Straight,Veh'S Manoeuvring: Leaving Parking,Vehicle leaving driveway,0,0,1,0,1,0,0,0,2,0,0,0
269527,Minor injury,2014,15,Rear-end,Multi-Vehicle,153.028427,-27.469865,Charlotte St,Edward St,Brisbane City,Brisbane Central,Intersection - Cross,Operating traffic lights,0 - 50 km/h,Sealed - Dry,Daylight,Straight,Veh'S Same Direction: Right Rear,Rear-end,0,0,0,1,1,2,0,0,0,0,0,0
269535,Medical treatment,2014,7,Angle,Multi-Vehicle,153.041939,-27.425545,Bridge St,Hudson Rd,Wooloowin,Clayfield,Intersection - T-Junction,Give way sign,60 km/h,Sealed - Dry,Daylight,Straight,Veh'S Adjacent Approach: Thru-Right,Intersection from adjacent approaches,0,0,2,0,2,3,0,0,0,0,0,0
269553,Medical treatment,2014,7,Rear-end,Multi-Vehicle,153.0461283,-27.33060731,Telegraph Rd,,Deagon,Sandgate,No Roadway Feature,No traffic control,60 km/h,Sealed - Dry,Daylight,Straight,Veh'S Same Direction: Rear End,Rear-end,0,0,1,0,1,3,0,0,0,0,0,0
269554,Hospitalisation,2014,19,Rear-end,Multi-Vehicle,153.017071,-27.365915,Gympie Arterial Rd,,Aspley,Aspley,Median Opening,No traffic control,70 km/h,Sealed - Wet,Darkness - Lighted,Straight,Veh'S Same Direction: Rear End,Rear-end,0,1,0,0,1,1,1,0,0,0,0,0
269565,Medical treatment,2014,20,Rear-end,Multi-Vehicle,153.049602,-27.414808,East - West Arterial Rd,,Clayfield,Clayfield,No Roadway Feature,No traffic control,60 km/h,Sealed - Wet,Darkness - Lighted,Straight,Veh'S Same Direction: Rear End,Rear-end,0,0,1,0,1,2,0,0,0,0,0,0
269566,Medical treatment,2014,15,Angle,Multi-Vehicle,153.002189,-27.427063,Enoggera Rd,Lloyd St,Alderley,Ashgrove,Intersection - T-Junction,No traffic control,60 km/h,Sealed - Dry,Daylight,Curved - view open,Veh'S Opposite Approach: Thru-Right,Opposing vehicles turning,0,0,1,0,1,2,0,0,0,0,0,0
269584,Hospitalisation,2014,17,Hit pedestrian,Hit pedestrian,153.027254,-27.474755,Alice St,George St,Brisbane City,Brisbane Central,Intersection - Cross,Operating traffic lights,0 - 50 km/h,Sealed - Dry,Darkness - Lighted,Straight,Ped'N: Far Side Vehicle Hit From Left,Pedestrian,0,1,0,0,1,1,0,0,0,0,1,0
269586,Minor injury,2014,15,Rear-end,Multi-Vehicle,153.037227,-27.456309,Ann St,,Fortitude Valley,Brisbane Central,No Roadway Feature,No traffic control,60 km/h,Sealed - Dry,Daylight,Straight,Veh'S Same Direction: Lane Change Right,Lane changes,0,0,0,1,1,1,1,0,0,0,0,0