Crash_Ref_Number,Severity,Year,Hour,Crash_Nature,Crash_Type,Longitude,Latitude,Street,Street_Intersecting,Suburb,Loc_State_Electorate,Crash_Roadway_Feature,Crash_Traffic_Control,Crash_Speed_Limit,Crash_Road_Surface_Condition,Crash_Lighting_Condition,Crash_Road_Horiz_Align,Crash_DCA_Description,Crash_DCA_Group_Description,Count_Casualty_Fatality,Count_Casualty_Hospitalised,Count_Casualty_MedicallyTreated,Count_Casualty_MinorInjury,Count_Casualty_Total,Count_Unit_Car,Count_Unit_Motorcycle_Moped,Count_Unit_Truck,Count_Unit_Bus,Count_Unit_Bicycle,Count_Unit_Pedestrian,Count_Unit_Other
269587,Medical treatment,2014,12,Rear-end,Multi-Vehicle,153.029594,-27.445927,Bowen Bridge Rd,Butterfield St,Herston,Brisbane Central,Intersection - T-Junction,Operating traffic lights,60 km/h,Sealed - Dry,Daylight,Straight,Veh'S Same Direction: Rear End,Rear-end,0,0,1,0,1,2,0,0,0,0,0,0
269590,Hospitalisation,2014,17,Angle,Multi-Vehicle,153.0288169,-27.31206831,Bellicent Rd,Norris Rd,Bracken Ridge,Sandgate,Intersection - T-Junction,No traffic control,60 km/h,Sealed - Dry,Dawn/Dusk,Straight,Veh'S Opposite Approach: Thru-Right,Opposing vehicles turning,0,1,0,0,1,1,1,0,0,0,0,0
269597,Minor injury,2014,16,Rear-end,Multi-Vehicle,153.036179,-27.414918,Gympie Rd,,Kedron,Clayfield,No Roadway Feature,No traffic control,60 km/h,Sealed - Dry,Daylight,Straight,Veh'S Same Direction: Rear End,Rear-end,0,0,0,1,1,2,0,0,0,0,0,0
269617,Hospitalisation,2014,17,Fall from vehicle,Single Vehicle,152.99219,-27.465531,Baroona Rd,,Paddington,Mount Coot-tha,No Roadway Feature,No traffic control,60 km/h,Sealed - Wet,Daylight,Straight,Off Path-Straight:Out Of Control On Cway,Out of control on straight,0,1,0,0,1,0,1,0,0,0,0,0
269618,Medical treatment,2014,15,Rear-end,Multi-Vehicle,153.024255,-27.474475,South East Arterial Rd,,Brisbane City,Brisbane Central,No Roadway Feature,No traffic control,60 km/h,Sealed - Dry,Daylight,Straight,Veh'S Same Direction: Rear End,Rear-end,0,0,1,0,1,2,0,0,0,0,0,0
269620,Medical treatment,2014,10,Angle,Multi-Vehicle,153.037614,-27.447715,Abbotsford Rd,Montpelier Rd,Bowen Hills,Brisbane Central,Intersection - Cross,Operating traffic lights,60 km/h,Sealed - Wet,Daylight,Straight,Veh'S Opposite Approach: Thru-Right,Opposing vehicles turning,0,0,1,0,1,2,0,0,0,0,0,0
269623,Medical treatment,2014,6,Rear-end,Multi-Vehicle,153.046261,-27.311073,Gateway Arterial Rd,,Brighton,Sandgate,No Roadway Feature,No traffic control,80 - 90 km/h,Sealed - Wet,Daylight,Straight,Veh'S Same Direction: Lane Change Right,Lane changes,0,0,1,0,1,2,0,1,0,0,0,0
269635,Medical treatment,2014,17,Rear-end,Multi-Vehicle,153.052855,-27.39702329,Rode Rd,,Wavell Heights,Clayfield,No Roadway Feature,No traffic control,60 km/h,Sealed - Wet,Darkness - Lighted,Straight,Veh'S Same Direction: Rear End,Rear-end,0,0,1,0,1,2,0,0,0,0,0,0
269636,Medical treatment,2014,5,Sideswipe,Multi-Vehicle,153.110173,-27.399109,Airport Dr,Nancy Bird Wy,Brisbane Airport,Clayfield,Intersection - Roundabout,Give way sign,60 km/h,Sealed - Dry,Darkness - Lighted,Curved - view open,Veh'S Opposite Approach: Right-Left,Opposing vehicles turning,0,0,1,0,1,2,0,0,0,0,0,0
269637,Minor injury,2014,7,Angle,Multi-Vehicle,152.995976,-27.417784,Clover St,South Pine Rd,Enoggera,Ashgrove,Intersection - T-Junction,Stop sign,60 km/h,Sealed - Wet,Daylight,Straight,Veh'S Manoeuvring: Entering From Footway,Vehicle leaving driveway,0,0,0,1,1,1,0,0,0,1,0,0
269661,Medical treatment,2014,11,Rear-end,Multi-Vehicle,152.944393,-27.443324,Waterworks Rd,,The Gap,Ashgrove,No Roadway Feature,No traffic control,60 km/h,Sealed - Dry,Daylight,Straight,Veh'S Same Direction: Rear End,Rear-end,0,0,1,0,1,2,0,0,0,0,0,0
269669,Hospitalisation,2014,20,Angle,Multi-Vehicle,153.0706,-27.379782,St Vincents Rd,Taylor St,Virginia,Nudgee,Intersection - T-Junction,No traffic control,60 km/h,Sealed - Dry,Darkness - Lighted,Straight,Veh'S Manoeuvring: Entering From Footway,Vehicle leaving driveway,0,1,0,0,1,1,1,0,0,0,0,0
269688,Hospitalisation,2014,10,Rear-end,Multi-Vehicle,152.989767,-27.439621,Mclean Pde,Western Arterial Rd,Ashgrove,Ashgrove,Intersection - T-Junction,Operating traffic lights,60 km/h,Sealed - Dry,Daylight,Curved - view open,Veh'S Same Direction: Rear End,Rear-end,0,2,0,0,2,2,0,0,0,0,0,0
269689,Medical treatment,2014,10,Rear-end,Multi-Vehicle,153.012726,-27.455948,Kelvin Grove Rd,Lower Clifton Tce,Kelvin Grove,Mount Coot-tha,Intersection - Cross,Operating traffic lights,60 km/h,Sealed - Dry,Daylight,Straight,Veh'S Same Direction: Rear End,Rear-end,0,0,1,0,1,2,0,0,0,0,0,0
269749,Medical treatment,2014,17,Hit parked vehicle,Single Vehicle,153.00194,-27.459937,Latrobe Tce,,Paddington,Mount Coot-tha,No Roadway Feature,No traffic control,0 - 50 km/h,Sealed - Dry,Darkness - Lighted,Straight,Veh'S On Path: Car Door,Hit parked vehicle,0,0,1,0,1,1,0,0,0,1,0,0
269751,Medical treatment,2014,10,Hit object,Single Vehicle,152.992348,-27.48145,Earle La,,Toowong,Mount Coot-tha,No Roadway Feature,No traffic control,0 - 50 km/h,Sealed - Dry,Daylight,Straight,Off Path-Straight:Right Off Cway Hit Obj,Off carriageway on straight hit object,0,0,1,0,1,1,0,0,0,0,0,0
269752,Medical treatment,2014,10,Rear-end,Multi-Vehicle,153.059506,-27.33377,Sandgate Sub-Arterial Rd,,Deagon,Sandgate,No Roadway Feature,No traffic control,60 km/h,Sealed - Dry,Daylight,Straight,Veh'S Same Direction: Left Rear,Rear-end,0,0,1,0,1,2,0,0,0,0,0,0
269759,Hospitalisation,2014,18,Rear-end,Multi-Vehicle,153.088491,-27.41283933,Airport Dr,Lomandra Dr,Brisbane Airport,Clayfield,Intersection - T-Junction,Operating traffic lights,60 km/h,Sealed - Dry,Darkness - Lighted,Straight,Veh'S Same Direction: Right Rear,Rear-end,0,3,0,0,3,3,0,0,0,0,0,0
269760,Hospitalisation,2014,8,Rear-end,Multi-Vehicle,152.993459,-27.419395,Pickering St,,Enoggera,Ashgrove,No Roadway Feature,No traffic control,60 km/h,Sealed - Dry,Daylight,Straight,Veh'S Same Direction: Rear End,Rear-end,0,1,0,0,1,3,0,0,0,0,0,0
269785,Hospitalisation,2014,11,Hit object,Single Vehicle,152.976254,-27.448289,Glory St,Waterworks Rd,Ashgrove,Ashgrove,No Roadway Feature,No traffic control,60 km/h,Sealed - Dry,Daylight,Straight,Off Path-Straight: Mounts Traffic Island,Off carriageway on straight hit object,0,1,0,0,1,1,0,0,0,0,0,0
269786,Hospitalisation,2014,17,Angle,Multi-Vehicle,152.958617,-27.446208,Payne Rd,Waterworks Rd,The Gap,Ashgrove,Intersection - Cross,Operating traffic lights,60 km/h,Sealed - Dry,Darkness - Lighted,Straight,Veh'S Opposite Approach: Thru-Right,Opposing vehicles turning,0,1,0,0,1,2,0,0,0,0,0,0
269787,Medical treatment,2014,9,Rear-end,Multi-Vehicle,153.040887,-27.449493,Montpelier Rd,,Bowen Hills,Brisbane Central,No Roadway Feature,No traffic control,60 km/h,Sealed - Dry,Daylight,Curved - view open,Veh'S Same Direction: Rear End,Rear-end,0,0,1,0,1,2,0,0,0,0,0,0
269788,Medical treatment,2014,17,Rear-end,Multi-Vehicle,152.954845,-27.5171704,Western Arterial Rd,,Fig Tree Pocket,Moggill,No Roadway Feature,No traffic control,80 - 90 km/h,Sealed - Dry,Dawn/Dusk,Straight,Veh'S Same Direction: Rear End,Rear-end,0,0,1,0,1,2,0,0,0,0,0,0
269792,Hospitalisation,2014,18,Angle,Multi-Vehicle,153.006625,-27.339386,Booyong Pl,Ridley Rd,Bridgeman Downs,Aspley,No Roadway Feature,No traffic control,60 km/h,Sealed - Dry,Darkness - Lighted,Straight,Veh'S Opposite Approach: Thru-Right,Opposing vehicles turning,0,2,0,0,2,2,0,0,0,0,0,0
269797,Hospitalisation,2014,10,Angle,Multi-Vehicle,153.047919,-27.410311,Dawson St,Lodge Rd,Wooloowin,Clayfield,Intersection - T-Junction,No traffic control,0 - 50 km/h,Sealed - Dry,Daylight,Curved - view open,Veh'S Opposite Approach: Head On,Head-on,0,1,0,0,1,2,0,0,0,0,0,0
269798,Hospitalisation,2014,18,Rear-end,Multi-Vehicle,153.124945,-27.413256,Main Myrtletown Rd,,Pinkenba,Clayfield,No Roadway Feature,No traffic control,60 km/h,Sealed - Dry,Darkness - Lighted,Straight,Veh'S Same Direction: Rear End,Rear-end,0,1,0,0,1,1,1,0,0,0,0,0
269799,Hospitalisation,2014,11,Angle,Multi-Vehicle,152.9845066,-27.38589172,Beckett Rd,Queens Rd,Everton Park,Everton,Intersection - Roundabout,Give way sign,60 km/h,Sealed - Dry,Daylight,Straight,Veh'S Adjacent Approach: Thru-Right,Intersection from adjacent approaches,0,1,0,0,1,2,0,0,0,0,0,0
269800,Hospitalisation,2014,14,Angle,Multi-Vehicle,152.94777,-27.420695,Mungarie St,Settlement Rd,Keperra,Ferny Grove,Intersection - T-Junction,Give way sign,60 km/h,Sealed - Dry,Daylight,Straight,Veh'S Adjacent Approach: Thru-Right,Intersection from adjacent approaches,0,2,0,0,2,2,0,0,0,0,0,0
269801,Medical treatment,2014,17,Rear-end,Multi-Vehicle,152.964145,-27.411407,Dundal St,Samford Sub-Arterial Rd,Keperra,Everton,Intersection - T-Junction,No traffic control,60 km/h,Sealed - Dry,Daylight,Straight,Veh'S Same Direction: Rear End,Rear-end,0,0,1,0,1,2,0,0,0,0,0,0
269802,Medical treatment,2014,7,Hit pedestrian,Hit pedestrian,152.986852,-27.401298,Everton Park - Albany Creek Rd,,Everton Park,Everton,No Roadway Feature,No traffic control,60 km/h,Sealed - Dry,Daylight,Straight,Ped'N: Far Side Vehicle Hit From Left,Pedestrian,0,0,1,0,1,0,1,0,0,0,1,0
269836,Hospitalisation,2014,18,Rear-end,Multi-Vehicle,153.012744,-27.456026,Kelvin Grove Rd,,Kelvin Grove,Mount Coot-tha,No Roadway Feature,No traffic control,60 km/h,Sealed - Dry,Darkness - Lighted,Straight,Veh'S Same Direction: Rear End,Rear-end,0,1,0,0,1,3,0,0,0,0,0,0
269839,Hospitalisation,2014,8,Hit pedestrian,Hit pedestrian,152.9531373,-27.49701534,Burbong St,,Chapel Hill,Moggill,No Roadway Feature,No traffic control,0 - 50 km/h,Sealed - Dry,Daylight,Straight,Ped'N: Far Side Vehicle Hit From Left,Pedestrian,0,1,0,0,1,1,0,0,0,0,1,0
269840,Medical treatment,2014,11,Angle,Multi-Vehicle,152.970436,-27.497935,Moggill Rd,Station Rd,Indooroopilly,Indooroopilly,Intersection - T-Junction,Operating traffic lights,60 km/h,Sealed - Dry,Daylight,Straight,Veh'S Adjacent Approach: Thru-Right,Intersection from adjacent approaches,0,0,1,0,1,2,0,0,0,0,0,0
269844,Medical treatment,2014,17,Rear-end,Multi-Vehicle,153.021908,-27.384564,Hamilton Rd,Webster Rd,Chermside,Stafford,Intersection - Roundabout,Give way sign,60 km/h,Sealed - Dry,Daylight,Straight,Veh'S Same Direction: Rear End,Rear-end,0,0,1,0,1,2,0,0,0,0,0,0
269845,Hospitalisation,2014,17,Hit parked vehicle,Single Vehicle,153.034013,-27.393874,Rode Rd,,Chermside,Nudgee,No Roadway Feature,No traffic control,60 km/h,Sealed - Dry,Dawn/Dusk,Straight,Veh'S On Path: Parked,Hit parked vehicle,0,1,0,0,1,3,0,0,0,0,0,0
269848,Minor injury,2014,17,Rear-end,Multi-Vehicle,153.034144,-27.421047,Lutwyche Rd,,Lutwyche,Clayfield,No Roadway Feature,No traffic control,60 km/h,Sealed - Dry,Daylight,Straight,Veh'S Same Direction: Lane Change Left,Lane changes,0,0,0,2,2,2,0,0,0,0,0,0
269849,Minor injury,2014,16,Fall from vehicle,Single Vehicle,152.9855511,-27.39380075,Everton Park - Albany Creek Rd,Flockton St,Everton Park,Everton,Intersection - T-Junction,Give way sign,70 km/h,Sealed - Dry,Dawn/Dusk,Straight,Veh'S Adjacant Approach: Thru-Left,Intersection from adjacent approaches,0,0,0,1,1,1,0,0,0,1,0,0
269869,Hospitalisation,2014,16,Angle,Multi-Vehicle,152.993072,-27.44039667,Celia St,Holmesbrook St,Ashgrove,Ashgrove,Intersection - Roundabout,Give way sign,0 - 50 km/h,Sealed - Dry,Daylight,Straight,Veh'S Adjacent Approach: Thru-Thru,Intersection from adjacent approaches,0,1,0,0,1,2,0,0,0,0,0,0
269871,Minor injury,2014,5,Angle,Multi-Vehicle,153.004037,-27.494138,Sir Fred Schonell Dr,,St Lucia,Indooroopilly,No Roadway Feature,No traffic control,60 km/h,Sealed - Dry,Dawn/Dusk,Straight,Veh'S Same Direction: U-Turn,U-turn,0,0,0,1,1,2,0,0,0,0,0,0
269875,Medical treatment,2014,21,Hit object,Single Vehicle,153.033243,-27.359015,Ridgmont St,,Zillmere,Nudgee,No Roadway Feature,No traffic control,0 - 50 km/h,Sealed - Wet,Darkness - Lighted,Straight,Off Path-Straight: Left Off Cway Hit Obj,Off carriageway on straight hit object,0,0,1,0,1,1,0,0,0,0,0,0
269881,Medical treatment,2014,15,Rear-end,Multi-Vehicle,153.03282,-27.428981,Albion Rd,Lutwyche Rd,Windsor,Brisbane Central,Intersection - T-Junction,No traffic control,60 km/h,Sealed - Dry,Daylight,Curved - view open,Veh'S Same Direction: Left Rear,Rear-end,0,0,2,0,2,2,0,0,0,0,0,0
269882,Hospitalisation,2014,17,Angle,Multi-Vehicle,153.038271,-27.421936,Chalk St,Mclennan St,Wooloowin,Clayfield,Intersection - Cross,Stop sign,60 km/h,Sealed - Dry,Darkness - Not lighted,Straight,Veh'S Manoeuvring: Entering From Footway,Vehicle leaving driveway,0,1,0,0,1,1,0,0,0,1,0,0
269883,Hospitalisation,2014,16,Hit object,Single Vehicle,153.0890128,-27.35667524,Gateway Arterial Rd,,Nudgee Beach,Nudgee,No Roadway Feature,No traffic control,100 - 110 km/h,Sealed - Dry,Daylight,Curved - view open,Off Path-Curve: Other,Other,0,2,0,0,2,1,0,0,0,0,0,0
269916,Hospitalisation,2014,11,Angle,Multi-Vehicle,152.977887,-27.459542,Chiswick Rd,Simpsons Rd,Bardon,Mount Coot-tha,Intersection - T-Junction,Give way sign,60 km/h,Sealed - Dry,Daylight,Curved - view obscured,Veh'S Adjacent Approach: Thru-Right,Intersection from adjacent approaches,0,1,0,0,1,2,0,0,0,0,0,0
269924,Minor injury,2014,16,Head-on,Multi-Vehicle,152.779827,-27.525933,Stumers Rd,,Mount Crosby,Moggill,No Roadway Feature,No traffic control,60 km/h,Unsealed - Dry,Dawn/Dusk,Straight,Veh'S Opposite Approach: Head On,Head-on,0,0,0,1,1,2,0,0,0,0,0,0
269944,Hospitalisation,2014,3,Hit object,Single Vehicle,152.885187,-27.56669471,Moggill Sub-Arterial Rd,,Bellbowrie,Moggill,No Roadway Feature,No traffic control,60 km/h,Sealed - Dry,Darkness - Lighted,Curved - view open,Off Path-Curve: Off Cway Rt Bend Hit Obj,Off carriageway on curve hit object,0,1,0,0,1,1,0,0,0,0,0,0
269952,Medical treatment,2014,14,Rear-end,Multi-Vehicle,153.0318556,-27.43352311,Lutwyche Rd,,Windsor,Brisbane Central,No Roadway Feature,No traffic control,70 km/h,Sealed - Dry,Daylight,Straight,Veh'S Same Direction: Rear End,Rear-end,0,0,1,0,1,2,0,0,0,0,0,0
269970,Medical treatment,2014,15,Rear-end,Multi-Vehicle,153.0283391,-27.46457124,Ann St,,Brisbane City,Brisbane Central,No Roadway Feature,No traffic control,60 km/h,Sealed - Dry,Daylight,Straight,Veh'S Same Direction: Lane Change Left,Lane changes,0,0,1,1,2,3,0,0,0,0,0,0
269971,Medical treatment,2014,7,Rear-end,Multi-Vehicle,153.0292178,-27.44814162,Bowen Bridge Rd,,Herston,Brisbane Central,No Roadway Feature,No traffic control,60 km/h,Sealed - Dry,Daylight,Straight,Veh'S Same Direction: Rear End,Rear-end,0,0,1,0,1,2,0,0,0,0,0,0
269974,Medical treatment,2014,18,Angle,Multi-Vehicle,153.015432,-27.369077,Darwin St,Maundrell Tce,Aspley,Aspley,Intersection - T-Junction,Stop sign,60 km/h,Sealed - Dry,Dawn/Dusk,Straight,Veh'S Adjacent Approach: Right-Right,Intersection from adjacent approaches,0,0,1,0,1,2,0,0,0,0,0,0
269975,Medical treatment,2014,14,Rear-end,Multi-Vehicle,153.037761,-27.361741,Dunsford St,Murphy Rd,Zillmere,Nudgee,Intersection - T-Junction,Operating traffic lights,60 km/h,Sealed - Dry,Daylight,Straight,Veh'S Same Direction: Right Rear,Rear-end,0,0,1,0,1,1,0,1,0,0,0,0
269995,Medical treatment,2014,22,Fall from vehicle,Single Vehicle,152.985967,-27.456818,Belleview Pde,Western Arterial Rd,Bardon,Ashgrove,Intersection - T-Junction,No traffic control,60 km/h,Sealed - Dry,Darkness - Lighted,Curved - view open,Off Path-Curve: Out Of Control On Cway,Out of control on curve,0,0,1,0,1,1,1,0,0,0,0,0
269996,Minor injury,2014,20,Angle,Multi-Vehicle,152.976187,-27.500235,Allwood St,,Indooroopilly,Indooroopilly,No Roadway Feature,No traffic control,60 km/h,Sealed - Dry,Darkness - Lighted,Straight,Veh'S Manoeuvring: Leaving Driveway,Vehicle leaving driveway,0,0,0,1,1,1,1,0,0,0,0,0
269997,Hospitalisation,2014,18,Angle,Multi-Vehicle,152.9885853,-27.48503434,Sherwood Rd,,Toowong,Mount Coot-tha,No Roadway Feature,No traffic control,60 km/h,Sealed - Dry,Darkness - Lighted,Straight,Veh'S Opposite Approach: Thru-Right,Opposing vehicles turning,0,1,0,0,1,1,1,0,0,0,0,0
269999,Minor injury,2014,11,Angle,Multi-Vehicle,153.012923,-27.31743,Gympie Arterial Rd,,Bald Hills,Aspley,No Roadway Feature,No traffic control,100 - 110 km/h,Sealed - Dry,Daylight,Curved - view open,Veh'S Same Direction: Lane Change Left,Lane changes,0,0,0,1,1,1,0,1,0,0,0,0
270000,Hospitalisation,2014,18,Hit pedestrian,Hit pedestrian,153.0181536,-27.40442828,Webster Rd,Wilgarning St,Stafford,Stafford,Intersection - Cross,Operating traffic lights,60 km/h,Sealed - Dry,Darkness - Lighted,Straight,Ped'N: Far Side Vehicle Hit From Left,Pedestrian,0,1,0,0,1,1,0,0,0,0,1,0
270030,Medical treatment,2014,14,Rear-end,Multi-Vehicle,153.068712,-27.321373,Rainbow St,,Sandgate,Sandgate,No Roadway Feature,No traffic control,60 km/h,Sealed - Dry,Daylight,Straight,Veh'S Same Direction: Left Rear,Rear-end,0,0,2,0,2,1,0,0,0,0,0,1
270032,Hospitalisation,2014,13,Hit parked vehicle,Single Vehicle,153.007887,-27.36214499,Albany Creek Sub-Arterial Rd,,Aspley,Aspley,No Roadway Feature,No traffic control,70 km/h,Sealed - Dry,Daylight,Straight,Off Path-Straight: Left Off Cway,Off carriageway on straight,0,2,1,0,3,2,0,0,0,0,0,0
270033,Minor injury,2014,14,Rear-end,Multi-Vehicle,153.076923,-27.345797,Gateway Arterial Rd,,Boondall,Nudgee,No Roadway Feature,No traffic control,100 - 110 km/h,Sealed - Dry,Daylight,Straight,Veh'S Same Direction: Rear End,Rear-end,0,0,0,1,1,2,0,0,0,0,0,0
270059,Hospitalisation,2014,8,Angle,Multi-Vehicle,152.9964135,-27.47959058,Patrick La,,Toowong,Mount Coot-tha,No Roadway Feature,No traffic control,0 - 50 km/h,Sealed - Dry,Daylight,Straight,Veh'S Opposite Approach: Thru-Right,Opposing vehicles turning,0,1,0,1,2,1,1,0,0,0,0,0
270061,Medical treatment,2014,20,Hit object,Single Vehicle,153.033186,-27.410903,Gympie Arterial Rd,,Kedron,Stafford,No Roadway Feature,No traffic control,60 km/h,Sealed - Dry,Darkness - Lighted,Straight,Off Path-Straight: Left Off Cway Hit Obj,Off carriageway on straight hit object,0,0,1,0,1,1,0,0,0,0,0,0
270071,Hospitalisation,2014,6,Hit parked vehicle,Single Vehicle,153.0978604,-27.43760299,Curtin Ave E,,Eagle Farm,Clayfield,No Roadway Feature,No traffic control,0 - 50 km/h,Sealed - Dry,Daylight,Straight,Veh'S On Path: Parked,Hit parked vehicle,0,1,0,0,1,1,0,1,0,0,0,0
270072,Medical treatment,2014,19,Angle,Multi-Vehicle,153.059205,-27.411029,East - West Arterial Rd,Sandgate Sub-Arterial Rd,Clayfield,Clayfield,Intersection - Interchange,Operating traffic lights,60 km/h,Sealed - Dry,Darkness - Lighted,Straight,Veh'S Opposite Approach: Thru-Right,Opposing vehicles turning,0,0,1,0,1,2,0,0,0,0,0,0
270073,Minor injury,2014,12,Rear-end,Multi-Vehicle,153.011884,-27.435287,Newmarket Rd,Wilston Rd,Newmarket,Stafford,Intersection - T-Junction,Give way sign,60 km/h,Sealed - Dry,Daylight,Curved - view open,Veh'S Same Direction: Left Rear,Rear-end,0,0,0,1,1,2,0,0,0,0,0,0
270074,Hospitalisation,2014,16,Sideswipe,Multi-Vehicle,152.996333,-27.41979488,Pickering St,,Enoggera,Ashgrove,No Roadway Feature,No traffic control,60 km/h,Sealed - Dry,Dawn/Dusk,Straight,Veh'S Same Direction: Lane Change Left,Lane changes,0,1,0,0,1,2,1,0,0,0,0,0
270094,Hospitalisation,2014,7,Angle,Multi-Vehicle,153.028078,-27.459624,Gloucester St,St Pauls Tce,Spring Hill,Brisbane Central,Intersection - T-Junction,No traffic control,60 km/h,Sealed - Dry,Daylight,Straight,Veh'S Opposite Approach: Thru-Right,Opposing vehicles turning,0,1,0,1,2,0,2,0,0,0,0,0
270096,Hospitalisation,2014,13,Angle,Multi-Vehicle,152.994226,-27.481652,Bennett St,Sylvan Rd,Toowong,Mount Coot-tha,Intersection - T-Junction,No traffic control,60 km/h,Sealed - Wet,Daylight,Straight,Veh'S Manoeuvring: Entering From Footway,Vehicle leaving driveway,0,1,0,0,1,1,0,0,0,1,0,0
270097,Minor injury,2014,17,Rear-end,Multi-Vehicle,152.952777,-27.508113,Chapel Hill Rd,Moggill Sub-Arterial Rd,Chapel Hill,Moggill,Intersection - T-Junction,Operating traffic lights,60 km/h,Sealed - Wet,Dawn/Dusk,Straight,Veh'S Same Direction: Right Rear,Rear-end,0,0,0,1,1,2,0,0,0,0,0,0
270098,Hospitalisation,2014,6,Rear-end,Multi-Vehicle,152.9939151,-27.48465755,Coronation Dr,,Toowong,Mount Coot-tha,No Roadway Feature,No traffic control,60 km/h,Sealed - Dry,Daylight,Curved - view open,Veh'S Same Direction: Rear End,Rear-end,0,1,0,0,1,1,1,0,0,0,0,0
270099,Medical treatment,2014,18,Sideswipe,Multi-Vehicle,152.96323,-27.505834,Western Arterial Rd,Western Fwy,Indooroopilly,Indooroopilly,Intersection - Interchange,No traffic control,80 - 90 km/h,Sealed - Dry,Darkness - Lighted,Curved - view open,Veh'S Same Direction: Other,Other,0,0,1,0,1,1,0,1,0,0,0,0
270100,Medical treatment,2014,8,Rear-end,Multi-Vehicle,152.957443,-27.512687,Western Arterial Rd,,Indooroopilly,Moggill,No Roadway Feature,No traffic control,100 - 110 km/h,Sealed - Dry,Daylight,Straight,Veh'S Same Direction: Rear End,Rear-end,0,0,1,2,3,3,0,0,0,0,0,0
270101,Medical treatment,2014,11,Hit object,Single Vehicle,153.0476201,-27.30814042,Douglas St,,Brighton,Sandgate,No Roadway Feature,No traffic control,60 km/h,Sealed - Wet,Daylight,Curved - view open,Off Path-Curve: Off Cway Rt Bend Hit Obj,Off carriageway on curve hit object,0,0,1,0,1,1,0,0,0,0,0,0
270102,Medical treatment,2014,16,Rear-end,Multi-Vehicle,153.031714,-27.403915,Gympie Arterial Rd,Strathmore St,Kedron,Stafford,Intersection - Cross,Operating traffic lights,60 km/h,Sealed - Wet,Daylight,Straight,Veh'S Same Direction: Rear End,Rear-end,0,0,1,0,1,2,0,0,0,0,0,0
270106,Medical treatment,2014,15,Angle,Multi-Vehicle,153.03378,-27.390174,Buruda St,Kingsmill St,Chermside,Nudgee,Intersection - Cross,No traffic control,0 - 50 km/h,Sealed - Wet,Daylight,Straight,Veh'S Opposite Approach: Thru-Right,Opposing vehicles turning,0,0,1,0,1,2,0,0,0,0,0,0
270107,Medical treatment,2014,18,Rear-end,Multi-Vehicle,153.0144264,-27.3517203,Gympie Arterial Rd,,Carseldine,Aspley,No Roadway Feature,No traffic control,70 km/h,Sealed - Wet,Darkness - Lighted,Straight,Veh'S Same Direction: Rear End,Rear-end,0,0,1,0,1,5,0,0,0,0,0,0
270108,Minor injury,2014,18,Rear-end,Multi-Vehicle,152.99422,-27.355017,Albany Creek Sub-Arterial Rd,Beckett Rd,Bridgeman Downs,Aspley,Intersection - Cross,Operating traffic lights,70 km/h,Sealed - Dry,Darkness - Lighted,Straight,Veh'S Same Direction: Right Rear,Rear-end,0,0,0,2,2,2,0,0,0,0,0,0
270110,Hospitalisation,2014,5,Head-on,Multi-Vehicle,152.8360429,-27.52995016,Mount Crosby Rd,,Mount Crosby,Moggill,No Roadway Feature,No traffic control,60 km/h,Sealed - Dry,Dawn/Dusk,Straight,Veh'S Opposite Approach: Head On,Head-on,0,2,0,0,2,2,0,0,0,0,0,0
270115,Hospitalisation,2014,19,Angle,Multi-Vehicle,153.047165,-27.414454,Dawson St,East - West Arterial Rd,Wooloowin,Clayfield,Intersection - Cross,Operating traffic lights,60 km/h,Sealed - Dry,Darkness - Lighted,Straight,Veh'S Opposite Approach: Thru-Right,Opposing vehicles turning,0,1,0,1,2,2,0,0,0,0,0,0
270116,Medical treatment,2014,16,Angle,Multi-Vehicle,153.042732,-27.438844,Sandgate Rd,,Albion,Clayfield,No Roadway Feature,No traffic control,60 km/h,Sealed - Wet,Daylight,Straight,Veh'S Same Direction: Right Turn S/Swipe,Parallel lanes turning,0,0,1,0,1,1,1,0,0,0,0,0
270117,Medical treatment,2014,22,Hit object,Single Vehicle,153.078266,-27.374616,St Vincents Rd,Victor St,Banyo,Nudgee,Intersection - T-Junction,No traffic control,60 km/h,Sealed - Wet,Darkness - Lighted,Straight,Off Path-Straight:Right Off Cway Hit Obj,Off carriageway on straight hit object,0,0,1,0,1,1,0,0,0,0,0,0
270118,Minor injury,2014,16,Rear-end,Multi-Vehicle,153.065142,-27.384253,Toombul Rd,,Northgate,Nudgee,No Roadway Feature,No traffic control,60 km/h,Sealed - Wet,Daylight,Straight,Veh'S Same Direction: Rear End,Rear-end,0,0,0,1,1,1,0,1,0,0,0,0
270144,Hospitalisation,2014,10,Angle,Multi-Vehicle,152.995304,-27.474043,Milton Rd,Munro St,Auchenflower,Mount Coot-tha,Intersection - T-Junction,No traffic control,60 km/h,Sealed - Dry,Daylight,Straight,Veh'S Adjacent Approach: Thru-Right,Intersection from adjacent approaches,0,1,0,0,1,2,0,0,0,0,0,0
270148,Hospitalisation,2014,9,Rear-end,Multi-Vehicle,153.062442,-27.374895,Sandgate Sub-Arterial Rd,,Virginia,Nudgee,No Roadway Feature,No traffic control,70 km/h,Sealed - Dry,Daylight,Straight,Off Path-Straight:Out Of Control On Cway,Out of control on straight,0,1,0,0,1,2,1,0,0,0,0,0
270154,Medical treatment,2014,15,Hit object,Single Vehicle,152.975032,-27.409388,Ruby Rd,,Mitchelton,Everton,No Roadway Feature,No traffic control,0 - 50 km/h,Sealed - Dry,Daylight,Straight,Off Path-Straight: Left Off Cway Hit Obj,Off carriageway on straight hit object,0,0,1,0,1,1,0,0,0,0,0,0