Crash_Ref_Number,Severity,Year,Hour,Crash_Nature,Crash_Type,Longitude,Latitude,Street,Street_Intersecting,Suburb,Loc_State_Electorate,Crash_Roadway_Feature,Crash_Traffic_Control,Crash_Speed_Limit,Crash_Road_Surface_Condition,Crash_Lighting_Condition,Crash_Road_Horiz_Align,Crash_DCA_Description,Crash_DCA_Group_Description,Count_Casualty_Fatality,Count_Casualty_Hospitalised,Count_Casualty_MedicallyTreated,Count_Casualty_MinorInjury,Count_Casualty_Total,Count_Unit_Car,Count_Unit_Motorcycle_Moped,Count_Unit_Truck,Count_Unit_Bus,Count_Unit_Bicycle,Count_Unit_Pedestrian,Count_Unit_Other
270177,Hospitalisation,2014,12,Fall from vehicle,Single Vehicle,152.90277,-27.4317,Mount Nebo Rd,,Enoggera Reservoir,Ashgrove,No Roadway Feature,No traffic control,70 km/h,Sealed - Dry,Daylight,Curved - view open,Veh'S Opposite Approach: Head On,Head-on,0,1,1,0,2,1,2,0,0,0,0,0
270179,Hospitalisation,2014,12,Angle,Multi-Vehicle,153.007305,-27.320061,Ana St,Gympie Rd,Bald Hills,Aspley,Intersection - Cross,Stop sign,60 km/h,Sealed - Dry,Daylight,Straight,Veh'S Adjacent Approach: Thru-Right,Intersection from adjacent approaches,0,1,0,0,1,2,0,0,0,0,0,0
270182,Medical treatment,2014,19,Hit pedestrian,Hit pedestrian,153.0244644,-27.3898318,Jacaranda Dr,,Chermside,Stafford,No Roadway Feature,Pedestrian crossing sign,0 - 50 km/h,Sealed - Dry,Darkness - Not lighted,Straight,Ped'N: Far Side Vehicle Hit From Left,Pedestrian,0,0,1,0,1,1,0,0,0,0,0,1
270189,Medical treatment,2014,11,Hit object,Single Vehicle,153.076436,-27.41557,Gateway Arterial Rd,,Hendra,Clayfield,Intersection - Interchange,No traffic control,60 km/h,Sealed - Dry,Daylight,Curved - view open,Off Path-Curve: Off Cway Rt Bend Hit Obj,Off carriageway on curve hit object,0,0,1,0,1,1,0,0,0,0,0,0
270206,Hospitalisation,2014,18,Fall from vehicle,Single Vehicle,152.973847,-27.44513,Buckingham St,Gresham St,Ashgrove,Ashgrove,Intersection - T-Junction,No traffic control,0 - 50 km/h,Sealed - Dry,Dawn/Dusk,Straight,Off Path-Straight:Out Of Control On Cway,Out of control on straight,0,1,0,0,1,0,1,0,0,0,0,0
270207,Minor injury,2014,18,Rear-end,Multi-Vehicle,153.030428,-27.472226,Alice St,,Brisbane City,Brisbane Central,No Roadway Feature,Operating traffic lights,0 - 50 km/h,Sealed - Dry,Dawn/Dusk,Curved - view open,Veh'S Same Direction: Rear End,Rear-end,0,0,0,2,2,2,0,0,0,0,0,0
270208,Hospitalisation,2014,6,Hit object,Single Vehicle,153.03273,-27.446453,Airport Link On Ramp,,Bowen Hills,Brisbane Central,Intersection - Interchange,No traffic control,60 km/h,Sealed - Dry,Daylight,Curved - view open,Off Path-Straight: Left Off Cway Hit Obj,Off carriageway on straight hit object,0,1,0,0,1,1,0,0,0,0,0,0
270248,Medical treatment,2014,17,Angle,Multi-Vehicle,153.018687,-27.464001,Parkland Blvd,,Brisbane City,Brisbane Central,No Roadway Feature,No traffic control,0 - 50 km/h,Sealed - Dry,Dawn/Dusk,Straight,Veh'S Manoeuvring: Leaving Driveway,Vehicle leaving driveway,0,0,1,0,1,2,0,0,0,0,0,0
270282,Hospitalisation,2014,18,Hit pedestrian,Hit pedestrian,153.027859,-27.466239,Adelaide St,Creek St,Brisbane City,Brisbane Central,Intersection - Cross,Pedestrian crossing sign,0 - 50 km/h,Sealed - Dry,Darkness - Lighted,Straight,Ped'N: Near Side Vehicle Hit From Right,Pedestrian,0,1,0,0,1,0,0,0,1,0,1,0
270283,Hospitalisation,2014,7,Angle,Multi-Vehicle,153.0235087,-27.45889433,Fortescue St,York Pde,Spring Hill,Brisbane Central,Intersection - T-Junction,Police,0 - 50 km/h,Sealed - Dry,Daylight,Straight,Veh'S Opposite Approach: Thru-Right,Opposing vehicles turning,0,1,0,0,1,2,0,0,0,1,0,0
270285,Medical treatment,2014,15,Rear-end,Multi-Vehicle,152.9764,-27.494672,Moggill Rd,,Indooroopilly,Indooroopilly,No Roadway Feature,No traffic control,60 km/h,Sealed - Dry,Daylight,Straight,Veh'S Same Direction: Rear End,Rear-end,0,0,1,0,1,2,0,0,0,0,0,0
270289,Medical treatment,2014,16,Rear-end,Multi-Vehicle,153.021908,-27.384564,Hamilton Rd,Webster Rd,Chermside,Stafford,Intersection - Roundabout,Give way sign,60 km/h,Sealed - Dry,Daylight,Straight,Veh'S Same Direction: Left Rear,Rear-end,0,0,1,0,1,2,0,0,0,0,0,0
270290,Minor injury,2014,15,Angle,Multi-Vehicle,153.051419,-27.358594,Muller Rd,,Boondall,Nudgee,No Roadway Feature,No traffic control,60 km/h,Sealed - Dry,Daylight,Straight,Veh'S Manoeuvring: Entering From Footway,Vehicle leaving driveway,0,0,0,1,1,2,0,0,0,0,0,0
270291,Medical treatment,2014,8,Angle,Multi-Vehicle,153.061317,-27.370478,Robinson Rd E,,Virginia,Nudgee,No Roadway Feature,No traffic control,60 km/h,Sealed - Dry,Daylight,Straight,Veh'S Manoeuvring: Leaving Driveway,Vehicle leaving driveway,0,0,1,0,1,2,0,0,0,0,0,0
270328,Minor injury,2014,7,Rear-end,Multi-Vehicle,152.993916,-27.445451,Ashgrove Ave,Waterworks Rd,Ashgrove,Ashgrove,Intersection - T-Junction,Operating traffic lights,60 km/h,Sealed - Dry,Daylight,Straight,Veh'S Same Direction: Rear End,Rear-end,0,0,0,1,1,2,0,0,0,0,0,0
270329,Hospitalisation,2014,9,Hit pedestrian,Hit pedestrian,153.029484,-27.446568,Bowen Bridge Rd,Campbell St,Herston,Brisbane Central,Intersection - Cross,Pedestrian crossing sign,60 km/h,Sealed - Dry,Daylight,Straight,Ped'N: Near Side Vehicle Hit From Right,Pedestrian,0,1,0,0,1,1,0,0,0,0,1,0
270330,Medical treatment,2014,16,Sideswipe,Multi-Vehicle,152.97515,-27.500192,Belgrave Rd,Underhill Ave,Indooroopilly,Indooroopilly,Intersection - T-Junction,No traffic control,0 - 50 km/h,Sealed - Dry,Darkness - Lighted,Straight,Veh'S Same Direction: Left Turn S/Swipe,Parallel lanes turning,0,0,1,0,1,2,0,0,0,0,0,0
270331,Hospitalisation,2014,13,Overturned,Single Vehicle,153.02479,-27.30518,Gateway Arterial Rd,,Bald Hills,Sandgate,No Roadway Feature,No traffic control,100 - 110 km/h,Sealed - Dry,Daylight,Straight,Off Path-Straight: Left Off Cway Hit Obj,Off carriageway on straight hit object,0,1,0,0,1,1,0,0,0,0,0,0
270373,Hospitalisation,2014,13,Hit pedestrian,Hit pedestrian,153.036965,-27.45649,Ann St,Constance St,Fortitude Valley,Brisbane Central,Intersection - T-Junction,Operating traffic lights,60 km/h,Sealed - Dry,Daylight,Straight,Ped'N: Near Side Vehicle Hit From Right,Pedestrian,0,1,0,0,1,1,0,0,0,0,1,0
270374,Minor injury,2014,13,Rear-end,Multi-Vehicle,152.982729,-27.478268,Dean St,Western Arterial Rd,Toowong,Mount Coot-tha,Intersection - T-Junction,Operating traffic lights,0 - 50 km/h,Sealed - Dry,Daylight,Straight,Veh'S Same Direction: Rear End,Rear-end,0,0,0,1,1,1,1,0,0,0,0,0
270377,Medical treatment,2014,14,Rear-end,Multi-Vehicle,153.037256,-27.364472,Crowley St,Murphy Rd,Zillmere,Nudgee,Intersection - T-Junction,Operating traffic lights,0 - 50 km/h,Sealed - Dry,Daylight,Straight,Veh'S Same Direction: Right Rear,Rear-end,0,0,1,0,1,1,0,0,1,0,0,0
270382,Minor injury,2014,9,Angle,Multi-Vehicle,153.03154,-27.43526,Legeyt St,Lutwyche Rd,Windsor,Brisbane Central,Intersection - Cross,Operating traffic lights,60 km/h,Sealed - Dry,Daylight,Straight,Veh'S Opposite Approach: Thru-Right,Opposing vehicles turning,0,0,0,1,1,2,0,0,0,0,0,0
270418,Medical treatment,2014,19,Angle,Multi-Vehicle,153.03649,-27.41550567,East - West Arterial Rd,Lutwyche Rd,Lutwyche,Stafford,Intersection - T-Junction,Operating traffic lights,60 km/h,Sealed - Wet,Darkness - Lighted,Curved - view open,Veh'S Adjacent Approach: Thru-Right,Intersection from adjacent approaches,0,0,2,0,2,3,0,0,0,0,0,0
270419,Hospitalisation,2014,12,Hit object,Single Vehicle,153.1110997,-27.39091032,Moreton Dr,,Brisbane Airport,Clayfield,No Roadway Feature,No traffic control,80 - 90 km/h,Sealed - Dry,Daylight,Straight,Off Path-Straight:Right Off Cway Hit Obj,Off carriageway on straight hit object,0,1,0,0,1,1,0,0,0,0,0,0
270444,Medical treatment,2014,4,Hit pedestrian,Hit pedestrian,153.034713,-27.457093,Warner St,,Fortitude Valley,Brisbane Central,No Roadway Feature,No traffic control,0 - 50 km/h,Sealed - Dry,Darkness - Lighted,Straight,Ped'N: Hit Emerging Behind Vehicle,Pedestrian,0,0,1,0,1,1,0,0,0,0,1,0
270445,Medical treatment,2014,14,Rear-end,Multi-Vehicle,153.035992,-27.460943,Kemp Pl,,Fortitude Valley,Brisbane Central,Intersection - Interchange,No traffic control,0 - 50 km/h,Sealed - Dry,Daylight,Straight,Veh'S Same Direction: Rear End,Rear-end,0,0,1,0,1,2,0,0,0,0,0,0
270455,Medical treatment,2014,11,Angle,Multi-Vehicle,153.065614,-27.39589,Flower St,Ryans Rd,Northgate,Nudgee,Intersection - Cross,Stop sign,0 - 50 km/h,Sealed - Dry,Daylight,Straight,Veh'S Adjacant Approach: Thru-Left,Intersection from adjacent approaches,0,0,3,0,3,2,0,0,0,0,0,0
270456,Hospitalisation,2014,23,Fall from vehicle,Single Vehicle,153.069856,-27.394408,Melton Rd,Ridge St,Northgate,Nudgee,No Roadway Feature,No traffic control,60 km/h,Sealed - Dry,Darkness - Lighted,Straight,Off Path-Straight:Out Of Control On Cway,Out of control on straight,0,1,0,0,1,0,1,0,0,0,0,0
270457,Fatal,2014,10,Hit object,Single Vehicle,153.0966159,-27.37234613,Gateway Arterial Rd,,Nudgee,Nudgee,No Roadway Feature,No traffic control,80 - 90 km/h,Sealed - Dry,Daylight,Curved - view open,Off Path-Curve: Off Cway Lt Bend Hit Obj,Off carriageway on curve hit object,1,0,0,0,1,1,0,0,0,0,0,0
270480,Hospitalisation,2014,19,Angle,Multi-Vehicle,153.029545,-27.464934,Adelaide St,Wharf St,Brisbane City,Brisbane Central,Intersection - Cross,Operating traffic lights,0 - 50 km/h,Sealed - Dry,Dawn/Dusk,Straight,Veh'S Opposite Approach: Thru-Right,Opposing vehicles turning,0,1,0,0,1,2,0,0,0,0,0,0
270482,Medical treatment,2014,10,Overturned,Single Vehicle,152.962364,-27.503644,Moggill Sub-Arterial Rd,Western Arterial Rd,Indooroopilly,Moggill,Intersection - Interchange,Operating traffic lights,0 - 50 km/h,Sealed - Dry,Daylight,Straight,Off Path-Straight: Right Turn,Off carriageway on straight,0,0,1,0,1,0,0,0,0,0,0,1
270484,Hospitalisation,2014,17,Fall from vehicle,Single Vehicle,153.015378,-27.399751,Amott St,,Stafford Heights,Stafford,No Roadway Feature,No traffic control,0 - 50 km/h,Sealed - Dry,Dawn/Dusk,Curved - view open,Off Path-Curve: Off Cway Lt Bend Hit Obj,Off carriageway on curve hit object,0,1,0,0,1,0,1,0,0,0,0,0
270497,Medical treatment,2014,14,Hit object,Single Vehicle,153.091827,-27.426363,Gateway Arterial Rd,,Eagle Farm,Clayfield,No Roadway Feature,No traffic control,100 - 110 km/h,Sealed - Dry,Daylight,Straight,Veh'S On Path: Temporary Object On C'Way,Other,0,0,1,0,1,0,1,0,0,0,0,0
270498,Hospitalisation,2014,14,Sideswipe,Multi-Vehicle,152.990489,-27.4232205,Western Arterial Rd,,Enoggera,Ashgrove,No Roadway Feature,No traffic control,60 km/h,Sealed - Dry,Daylight,Straight,Veh'S Same Direction: Lane Change Left,Lane changes,0,1,0,0,1,1,1,0,0,0,0,0
270528,Hospitalisation,2014,16,Rear-end,Multi-Vehicle,153.024412,-27.467629,Ann St,,Brisbane City,Brisbane Central,No Roadway Feature,No traffic control,0 - 50 km/h,Sealed - Dry,Daylight,Straight,Veh'S Same Direction: Rear End,Rear-end,0,1,0,0,1,1,1,0,0,0,0,0
270530,Hospitalisation,2014,6,Angle,Multi-Vehicle,152.973949,-27.504132,Riverview Tce,,Indooroopilly,Indooroopilly,Intersection - T-Junction,No traffic control,60 km/h,Sealed - Dry,Dawn/Dusk,Straight,Veh'S Opposite Approach: Thru-Right,Opposing vehicles turning,0,1,0,0,1,1,0,0,0,1,0,0
270531,Medical treatment,2014,9,Rear-end,Multi-Vehicle,152.9667157,-27.48581885,Western Arterial Rd,,Mount Coot-tha,Mount Coot-tha,No Roadway Feature,No traffic control,60 km/h,Sealed - Dry,Daylight,Curved - view open,Veh'S Same Direction: Rear End,Rear-end,0,0,2,0,2,2,0,0,0,0,0,0
270532,Hospitalisation,2014,8,Angle,Multi-Vehicle,153.010256,-27.362996,Albany Creek Sub-Arterial Rd,,Aspley,Aspley,No Roadway Feature,No traffic control,60 km/h,Sealed - Dry,Daylight,Straight,Veh'S Manoeuvring: Entering From Footway,Vehicle leaving driveway,0,2,0,0,2,2,0,0,0,0,0,0
270533,Hospitalisation,2014,9,Hit parked vehicle,Single Vehicle,153.0627373,-27.3750615,Sandgate Sub-Arterial Rd,,Virginia,Nudgee,Bikeway,No traffic control,70 km/h,Sealed - Dry,Daylight,Straight,Veh'S Manoeuvring: Other,Other,0,1,0,0,1,1,0,0,0,1,0,0
270537,Hospitalisation,2014,7,Head-on,Multi-Vehicle,152.997969,-27.424145,Railway St,Samford Rd,Alderley,Ashgrove,Intersection - T-Junction,Operating traffic lights,60 km/h,Sealed - Dry,Daylight,Straight,Veh'S Opposite Approach: Thru-Right,Opposing vehicles turning,0,1,1,0,2,2,0,0,0,0,0,0
270562,Minor injury,2014,12,Fall from vehicle,Single Vehicle,153.026243,-27.462234,Henry St,Leichhardt St,Spring Hill,Brisbane Central,Intersection - T-Junction,No traffic control,0 - 50 km/h,Sealed - Dry,Daylight,Straight,Off Path-Straight:Out Of Control On Cway,Out of control on straight,0,0,0,1,1,0,1,0,0,0,0,0
270563,Medical treatment,2014,17,Angle,Multi-Vehicle,153.029931,-27.457747,Love St,St Pauls Tce,Fortitude Valley,Brisbane Central,Intersection - T-Junction,No traffic control,60 km/h,Sealed - Dry,Daylight,Straight,Veh'S Adjacent Approach: Right-Thru,Intersection from adjacent approaches,0,0,1,0,1,2,0,0,0,0,0,0
270566,Medical treatment,2014,9,Rear-end,Multi-Vehicle,152.914483,-27.493716,Boscombe Rd,Brookfield Rd,Brookfield,Moggill,Intersection - T-Junction,No traffic control,0 - 50 km/h,Sealed - Dry,Daylight,Curved - view open,Veh'S Same Direction: Right Rear,Rear-end,0,0,1,0,1,2,0,0,0,0,0,0
270567,Medical treatment,2014,10,Angle,Multi-Vehicle,152.993906,-27.484852,Archer St,Coronation Dr,Toowong,Mount Coot-tha,Bikeway,No traffic control,60 km/h,Sealed - Dry,Daylight,Straight,Veh'S Manoeuvring: Entering From Footway,Vehicle leaving driveway,0,0,1,0,1,1,0,0,0,1,0,0
270570,Hospitalisation,2014,15,Angle,Multi-Vehicle,153.016764,-27.359184,Gympie Arterial Rd,,Aspley,Aspley,No Roadway Feature,No traffic control,70 km/h,Sealed - Dry,Daylight,Straight,Veh'S Manoeuvring: Leaving Driveway,Vehicle leaving driveway,0,1,0,0,1,1,1,0,0,0,0,0
270600,Medical treatment,2014,9,Rear-end,Multi-Vehicle,153.011152,-27.44554,Herston Rd,Picot St,Kelvin Grove,Brisbane Central,Intersection - T-Junction,No traffic control,0 - 50 km/h,Sealed - Dry,Daylight,Straight,Veh'S Same Direction: Right Rear,Rear-end,0,0,1,0,1,2,0,0,0,0,0,0
270601,Medical treatment,2014,18,Hit pedestrian,Hit pedestrian,153.0383833,-27.45286921,Wickham St,,Fortitude Valley,Brisbane Central,No Roadway Feature,No traffic control,60 km/h,Sealed - Dry,Darkness - Lighted,Straight,Ped'N: Far Side Vehicle Hit From Left,Pedestrian,0,0,1,0,1,1,0,0,0,0,1,0
270605,Hospitalisation,2014,9,Rear-end,Multi-Vehicle,153.0579539,-27.33027508,Sandgate Sub-Arterial Rd,,Deagon,Sandgate,No Roadway Feature,No traffic control,60 km/h,Sealed - Dry,Daylight,Straight,Veh'S Same Direction: Rear End,Rear-end,0,1,1,0,2,4,0,0,0,0,0,0
270606,Hospitalisation,2014,8,Hit pedestrian,Hit pedestrian,153.030616,-27.39991397,Kitchener Rd,,Kedron,Stafford,No Roadway Feature,No traffic control,60 km/h,Sealed - Dry,Daylight,Straight,Ped'N: Hit Emerging Behind Vehicle,Pedestrian,0,1,0,0,1,1,0,0,0,0,1,0
270609,Medical treatment,2014,11,Rear-end,Multi-Vehicle,153.016241,-27.36503,Albany Creek Sub-Arterial Rd,Maundrell Tce,Aspley,Aspley,Intersection - T-Junction,No traffic control,60 km/h,Sealed - Dry,Daylight,Curved - view open,Veh'S Same Direction: Rear End,Rear-end,0,0,1,0,1,2,0,0,0,0,0,0
270610,Medical treatment,2014,7,Angle,Multi-Vehicle,152.998976,-27.3939,Parton St,Trouts Rd,Stafford Heights,Stafford,Intersection - T-Junction,Give way sign,60 km/h,Sealed - Dry,Daylight,Curved - view obscured,Veh'S Adjacent Approach: Thru-Right,Intersection from adjacent approaches,0,0,2,0,2,2,0,0,0,0,0,0
270620,Hospitalisation,2014,8,Angle,Multi-Vehicle,153.086768,-27.42491,Schneider Rd,Taylor Pl,Eagle Farm,Clayfield,Intersection - T-Junction,Give way sign,60 km/h,Sealed - Dry,Daylight,Straight,Veh'S Manoeuvring: Entering From Footway,Vehicle leaving driveway,0,1,0,0,1,0,0,1,0,1,0,0
270643,Medical treatment,2014,13,Angle,Multi-Vehicle,153.042658,-27.45104,Longland St,,Newstead,Brisbane Central,No Roadway Feature,No traffic control,0 - 50 km/h,Sealed - Dry,Daylight,Straight,Veh'S Manoeuvring: Leaving Driveway,Vehicle leaving driveway,0,0,1,0,1,2,0,0,0,0,0,0
270645,Medical treatment,2014,9,Fall from vehicle,Single Vehicle,152.974117,-27.503192,Riverview Tce,,Indooroopilly,Indooroopilly,No Roadway Feature,No traffic control,0 - 50 km/h,Sealed - Dry,Daylight,Straight,Off Path-Straight:Out Of Control On Cway,Out of control on straight,0,0,1,0,1,1,1,0,0,0,0,0
270648,Hospitalisation,2014,22,Fall from vehicle,Single Vehicle,153.013389,-27.422145,Raymont Rd,,Grange,Stafford,No Roadway Feature,No traffic control,60 km/h,Sealed - Dry,Darkness - Lighted,Straight,Off Path-Straight:Out Of Control On Cway,Out of control on straight,0,1,0,0,1,0,1,0,0,0,0,0
270650,Medical treatment,2014,8,Rear-end,Multi-Vehicle,153.029966,-27.381565,Gympie Arterial Rd,,Chermside,Nudgee,No Roadway Feature,No traffic control,60 km/h,Sealed - Dry,Daylight,Straight,Veh'S Same Direction: Rear End,Rear-end,0,0,1,1,2,2,0,0,0,0,0,0
270687,Hospitalisation,2014,7,Hit pedestrian,Hit pedestrian,153.048872,-27.453448,Dath St,Vernon Tce,Teneriffe,Brisbane Central,Bikeway,No traffic control,0 - 50 km/h,Sealed - Wet,Daylight,Curved - view open,Ped'N: Hit Other,Other,0,1,0,0,1,0,0,0,0,1,1,0
270688,Medical treatment,2014,6,Rear-end,Multi-Vehicle,152.917859,-27.529378,Moggill Sub-Arterial Rd,,Pinjarra Hills,Moggill,No Roadway Feature,No traffic control,70 km/h,Sealed - Wet,Dawn/Dusk,Curved - view open,Veh'S Same Direction: Rear End,Rear-end,0,0,1,0,1,2,0,0,0,0,0,0
270689,Minor injury,2014,20,Angle,Multi-Vehicle,153.02652,-27.331176,Telegraph Rd,,Bracken Ridge,Sandgate,No Roadway Feature,Give way sign,0 - 50 km/h,Sealed - Wet,Darkness - Lighted,Straight,Veh'S Opposite Approach: Thru-Right,Opposing vehicles turning,0,0,0,1,1,2,0,0,0,0,0,0
270690,Hospitalisation,2014,20,Angle,Multi-Vehicle,153.046187,-27.31084563,Gateway Arterial Rd,,Brighton,Sandgate,Intersection - Interchange,No traffic control,80 - 90 km/h,Sealed - Wet,Darkness - Lighted,Curved - view open,Veh'S Same Direction: Other,Other,0,2,0,0,2,2,0,0,0,0,0,0
270717,Medical treatment,2014,13,Rear-end,Multi-Vehicle,153.026106,-27.476836,South East Arterial Rd,,Brisbane City,Brisbane Central,No Roadway Feature,No traffic control,60 km/h,Sealed - Dry,Daylight,Straight,Veh'S Same Direction: Rear End,Rear-end,0,0,1,2,3,3,0,0,0,0,0,0
270719,Hospitalisation,2014,19,Angle,Multi-Vehicle,153.031826,-27.459823,Gotha St,Wickham St,Fortitude Valley,Brisbane Central,Intersection - Cross,Operating traffic lights,60 km/h,Sealed - Dry,Darkness - Lighted,Curved - view open,Veh'S Adjacent Approach: Thru-Thru,Intersection from adjacent approaches,0,3,0,0,3,1,0,0,1,0,0,0
270752,Hospitalisation,2014,8,Hit pedestrian,Hit pedestrian,153.0285382,-27.46692973,Creek St,Queen St,Brisbane City,Brisbane Central,Intersection - Cross,Operating traffic lights,0 - 50 km/h,Sealed - Dry,Daylight,Straight,Ped'N: Near Side Vehicle Hit From Right,Pedestrian,0,1,1,0,2,0,0,0,1,0,1,0
270758,Medical treatment,2014,17,Rear-end,Multi-Vehicle,153.0176356,-27.29618915,Gympie Arterial Rd,,Bald Hills,Aspley,No Roadway Feature,No traffic control,100 - 110 km/h,Sealed - Dry,Darkness - Lighted,Straight,Veh'S Same Direction: Lane Change Left,Lane changes,0,0,1,0,1,3,0,0,0,0,0,0
270764,Hospitalisation,2014,8,Head-on,Multi-Vehicle,153.034889,-27.375027,Murphy Rd,,Chermside,Nudgee,No Roadway Feature,No traffic control,60 km/h,Sealed - Dry,Daylight,Straight,Veh'S Opposite Approach: Head On,Head-on,0,2,4,0,6,2,0,0,0,0,0,0
270767,Medical treatment,2014,7,Angle,Multi-Vehicle,153.0580457,-27.43024967,Alexandra Rd,Lancaster Rd,Ascot,Clayfield,Intersection - Roundabout,Give way sign,0 - 50 km/h,Sealed - Dry,Daylight,Straight,Veh'S Opposite Approach: Thru-Right,Opposing vehicles turning,0,0,1,0,1,1,0,0,0,1,0,0
270768,Hospitalisation,2014,17,Fall from vehicle,Single Vehicle,153.019033,-27.42656,Days Rd,Kedron Brook Rd,Grange,Stafford,Intersection - Roundabout,Give way sign,60 km/h,Sealed - Dry,Dawn/Dusk,Straight,Off Path-Straight:Out Of Control On Cway,Out of control on straight,0,1,0,0,1,0,1,0,0,0,0,1
270769,Medical treatment,2014,8,Rear-end,Multi-Vehicle,153.040798,-27.432214,Hudson Rd,,Albion,Clayfield,No Roadway Feature,No traffic control,60 km/h,Sealed - Dry,Daylight,Straight,Veh'S Same Direction: Rear End,Rear-end,0,0,1,0,1,1,1,0,0,0,0,0
270770,Hospitalisation,2014,17,Angle,Multi-Vehicle,152.961835,-27.404928,Dawson Pde,,Keperra,Ferny Grove,No Roadway Feature,No traffic control,60 km/h,Sealed - Dry,Dawn/Dusk,Straight,Veh'S Manoeuvring: Leaving Driveway,Vehicle leaving driveway,0,1,0,0,1,1,1,0,0,0,0,0
270771,Hospitalisation,2014,9,Rear-end,Multi-Vehicle,152.9722475,-27.41242801,Samford Sub-Arterial Rd,,Mitchelton,Everton,No Roadway Feature,No traffic control,60 km/h,Sealed - Dry,Daylight,Straight,Veh'S Same Direction: Rear End,Rear-end,0,2,0,0,2,4,0,0,0,0,0,0
270794,Medical treatment,2014,14,Rear-end,Multi-Vehicle,153.003199,-27.454146,Enoggera Tce,Jay St,Red Hill,Mount Coot-tha,Intersection - T-Junction,No traffic control,0 - 50 km/h,Sealed - Dry,Daylight,Straight,Veh'S Same Direction: Right Rear,Rear-end,0,0,1,0,1,2,0,0,0,0,0,0
270795,Medical treatment,2014,8,Rear-end,Multi-Vehicle,153.015396,-27.463142,Countess St,,Petrie Terrace,Brisbane Central,No Roadway Feature,No traffic control,60 km/h,Sealed - Dry,Daylight,Straight,Veh'S Same Direction: Rear End,Rear-end,0,0,2,0,2,2,0,0,0,0,0,0
270796,Medical treatment,2014,15,Rear-end,Multi-Vehicle,153.010837,-27.464859,Hale St,,Petrie Terrace,Mount Coot-tha,No Roadway Feature,No traffic control,60 km/h,Sealed - Dry,Daylight,Straight,Veh'S Same Direction: Rear End,Rear-end,0,0,1,0,1,3,0,0,0,0,0,0
270797,Medical treatment,2014,9,Hit pedestrian,Hit pedestrian,153.007906,-27.4676496,Milton Rd,,Milton,Mount Coot-tha,No Roadway Feature,No traffic control,60 km/h,Sealed - Dry,Daylight,Straight,Ped'N: Hit By Vehicle Enter/Leave D'Way,Pedestrian,0,0,1,0,1,1,0,0,0,0,1,0
270799,Hospitalisation,2014,16,Hit pedestrian,Hit pedestrian,153.035588,-27.447758,Hamilton Pl,Jeays St,Bowen Hills,Brisbane Central,Intersection - T-Junction,Give way sign,0 - 50 km/h,Sealed - Dry,Daylight,Straight,Ped'N: Far Side Vehicle Hit From Left,Pedestrian,0,1,0,0,1,1,0,0,0,0,1,0
270801,Hospitalisation,2014,20,Angle,Multi-Vehicle,152.974957,-27.502277,Station Rd,Westminster Rd,Indooroopilly,Indooroopilly,Intersection - T-Junction,No traffic control,0 - 50 km/h,Sealed - Dry,Darkness - Lighted,Curved - view open,Veh'S Adjacent Approach: Thru-Right,Intersection from adjacent approaches,0,1,0,0,1,1,1,0,0,0,0,0
270802,Hospitalisation,2014,8,Head-on,Multi-Vehicle,152.98059,-27.476685,Mt Coot-Tha Rd,,Toowong,Mount Coot-tha,No Roadway Feature,No traffic control,60 km/h,Sealed - Dry,Daylight,Curved - view open,Veh'S Opposite Approach: Head On,Head-on,0,1,0,0,1,1,1,0,0,0,0,0
270818,Medical treatment,2014,13,Sideswipe,Multi-Vehicle,153.06978,-27.388352,Toombul Rd,,Virginia,Nudgee,Bridge/Causeway,No traffic control,60 km/h,Sealed - Dry,Daylight,Straight,Veh'S Same Direction: Lane Side Swipe,Lane changes,0,0,1,0,1,1,0,0,0,1,0,0
270837,Medical treatment,2014,9,Angle,Multi-Vehicle,152.943846,-27.445337,Illowra St,Riaweena St,The Gap,Ashgrove,Intersection - Cross,Give way sign,60 km/h,Sealed - Dry,Daylight,Straight,Veh'S Adjacent Approach: Right-Thru,Intersection from adjacent approaches,0,0,1,0,1,2,0,0,0,0,0,0
270838,Hospitalisation,2014,13,Hit pedestrian,Hit pedestrian,153.021956,-27.466295,Albert St,,Brisbane City,Brisbane Central,Intersection - Cross,Operating traffic lights,0 - 50 km/h,Sealed - Dry,Daylight,Straight,Ped'N: Play; Work; Stand; Lie On C'Way,Pedestrian,0,1,0,0,1,1,0,0,0,0,1,0
270841,Medical treatment,2014,13,Rear-end,Multi-Vehicle,153.0123869,-27.34592598,Beams Rd,Gympie Arterial Rd,Carseldine,Aspley,Intersection - T-Junction,Give way sign,60 km/h,Sealed - Dry,Daylight,Straight,Veh'S Same Direction: Left Rear,Rear-end,0,0,2,0,2,2,0,0,0,0,0,0
270842,Medical treatment,2014,8,Angle,Multi-Vehicle,152.985,-27.3859,Old Northern Rd,Rode Rd,Mcdowall,Aspley,Intersection - Roundabout,Give way sign,0 - 50 km/h,Sealed - Dry,Daylight,Curved - view open,Veh'S Same Direction: Right Turn S/Swipe,Parallel lanes turning,0,0,1,0,1,1,0,1,0,0,0,0