Crash_Ref_Number,Severity,Year,Hour,Crash_Nature,Crash_Type,Longitude,Latitude,Street,Street_Intersecting,Suburb,Loc_State_Electorate,Crash_Roadway_Feature,Crash_Traffic_Control,Crash_Speed_Limit,Crash_Road_Surface_Condition,Crash_Lighting_Condition,Crash_Road_Horiz_Align,Crash_DCA_Description,Crash_DCA_Group_Description,Count_Casualty_Fatality,Count_Casualty_Hospitalised,Count_Casualty_MedicallyTreated,Count_Casualty_MinorInjury,Count_Casualty_Total,Count_Unit_Car,Count_Unit_Motorcycle_Moped,Count_Unit_Truck,Count_Unit_Bus,Count_Unit_Bicycle,Count_Unit_Pedestrian,Count_Unit_Other
270850,Hospitalisation,2014,13,Head-on,Multi-Vehicle,153.085309,-27.435115,Eagleview Pl,Fison Ave W,Eagle Farm,Clayfield,Intersection - Cross,Stop sign,60 km/h,Sealed - Dry,Daylight,Straight,Veh'S Adjacent Approach: Thru-Thru,Intersection from adjacent approaches,0,1,0,0,1,1,0,1,0,0,0,0
270875,Hospitalisation,2014,5,Hit object,Single Vehicle,153.030091,-27.469878,Market St,Mary St,Brisbane City,Brisbane Central,Intersection - T-Junction,Stop sign,0 - 50 km/h,Sealed - Dry,Darkness - Lighted,Straight,Off Path-Straight: Other,Other,0,1,0,0,1,1,0,0,0,0,0,0
270877,Hospitalisation,2014,11,Rear-end,Multi-Vehicle,153.032866,-27.460647,Ann St,,Fortitude Valley,Brisbane Central,No Roadway Feature,Operating traffic lights,60 km/h,Sealed - Dry,Daylight,Straight,Veh'S Same Direction: Rear End,Rear-end,0,1,0,0,1,2,0,0,0,0,0,0
270880,Hospitalisation,2014,3,Rear-end,Multi-Vehicle,153.007483,-27.317032,Strathpine Sub-Arterial Rd,,Bald Hills,Aspley,No Roadway Feature,No traffic control,60 km/h,Sealed - Dry,Daylight,Straight,Veh'S Same Direction: Rear End,Rear-end,0,1,0,0,1,3,0,0,0,0,0,0
270881,Hospitalisation,2014,18,Rear-end,Multi-Vehicle,153.0572417,-27.32850965,Sandgate Sub-Arterial Rd,,Deagon,Sandgate,No Roadway Feature,No traffic control,60 km/h,Sealed - Dry,Darkness - Lighted,Straight,Veh'S Same Direction: Rear End,Rear-end,0,1,0,0,1,4,0,0,0,0,0,0
270882,Medical treatment,2014,0,Hit object,Single Vehicle,153.01714,-27.298856,Gateway Arterial Rd,,Bald Hills,Sandgate,Intersection - Interchange,Police,100 - 110 km/h,Sealed - Dry,Darkness - Lighted,Straight,Off Path-Straight:Right Off Cway Hit Obj,Off carriageway on straight hit object,0,0,1,0,1,1,0,0,0,0,0,0
270883,Medical treatment,2014,17,Sideswipe,Multi-Vehicle,153.002297,-27.389847,Rode Rd,,Chermside West,Stafford,No Roadway Feature,No traffic control,60 km/h,Sealed - Dry,Darkness - Lighted,Straight,Veh'S Same Direction: Lane Change Left,Lane changes,0,0,1,0,1,1,1,0,0,0,0,0
270895,Medical treatment,2014,15,Angle,Multi-Vehicle,153.072061,-27.436032,Allen St,Winchester St,Hamilton,Clayfield,Intersection - T-Junction,No traffic control,0 - 50 km/h,Sealed - Dry,Daylight,Straight,Veh'S Adjacent Approach: Right-Right,Intersection from adjacent approaches,0,0,1,0,1,1,1,0,0,0,0,0
270925,Hospitalisation,2014,9,Sideswipe,Multi-Vehicle,153.015478,-27.4685083,William Jolly Bridge,,Brisbane City,Brisbane Central,Bridge/Causeway,No traffic control,0 - 50 km/h,Sealed - Dry,Daylight,Straight,Off Path-Straight:Out Of Control On Cway,Out of control on straight,0,1,0,0,1,1,1,0,0,0,0,0
270926,Medical treatment,2014,22,Rear-end,Multi-Vehicle,153.015899,-27.465596,Countess St,,Petrie Terrace,Brisbane Central,No Roadway Feature,No traffic control,60 km/h,Sealed - Dry,Darkness - Lighted,Straight,Veh'S Same Direction: Rear End,Rear-end,0,0,1,0,1,2,0,0,0,0,0,0
270928,Minor injury,2014,19,Rear-end,Multi-Vehicle,152.994082,-27.491987,Gailey Rd,Sir Fred Schonell Dr,Toowong,Mount Coot-tha,Intersection - T-Junction,Operating traffic lights,60 km/h,Sealed - Dry,Darkness - Lighted,Straight,Veh'S Same Direction: Right Rear,Rear-end,0,0,0,1,1,1,0,0,0,1,0,0
270929,Medical treatment,2014,15,Rear-end,Multi-Vehicle,153.018595,-27.392349,Rode Rd,,Chermside West,Stafford,No Roadway Feature,No traffic control,60 km/h,Sealed - Dry,Daylight,Straight,Veh'S Same Direction: Rear End,Rear-end,0,0,2,1,3,2,0,0,0,0,0,0
270930,Medical treatment,2014,15,Angle,Multi-Vehicle,153.029356,-27.356553,Samantha Pl,,Zillmere,Nudgee,No Roadway Feature,No traffic control,0 - 50 km/h,Sealed - Dry,Daylight,Straight,Veh'S Manoeuvring: Leaving Driveway,Vehicle leaving driveway,0,0,1,0,1,2,0,0,0,0,0,0
270939,Minor injury,2014,14,Fall from vehicle,Single Vehicle,152.993142,-27.419291,Pickering St,,Enoggera,Ashgrove,No Roadway Feature,No traffic control,0 - 50 km/h,Sealed - Dry,Daylight,Straight,Off Path-Straight:Out Of Control On Cway,Out of control on straight,0,0,0,1,1,1,1,0,0,0,0,0
270963,Medical treatment,2014,17,Angle,Multi-Vehicle,153.063502,-27.328732,Adams St,Blackwood Rd,Deagon,Sandgate,Intersection - T-Junction,Give way sign,0 - 50 km/h,Sealed - Dry,Dawn/Dusk,Straight,Veh'S Adjacent Approach: Right-Right,Intersection from adjacent approaches,0,0,1,0,1,1,0,0,0,1,0,0
270972,Medical treatment,2014,7,Fall from vehicle,Single Vehicle,153.1005,-27.395777,Ivy May Wy,,Brisbane Airport,Clayfield,No Roadway Feature,No traffic control,0 - 50 km/h,Sealed - Dry,Daylight,Straight,Pass & Misc: Fell In/From Vehicle,Other,0,0,1,0,1,1,0,0,0,0,0,0
270973,Hospitalisation,2014,10,Angle,Multi-Vehicle,153.072235,-27.428449,Hampden St,Nudgee Rd,Ascot,Clayfield,Intersection - T-Junction,No traffic control,60 km/h,Sealed - Dry,Daylight,Straight,Off Path-Straight: Other,Other,0,1,0,0,1,1,0,0,0,1,0,0
270974,Medical treatment,2014,9,Rear-end,Multi-Vehicle,153.031674,-27.426719,Maygar St,,Windsor,Brisbane Central,No Roadway Feature,No traffic control,60 km/h,Sealed - Dry,Daylight,Straight,Veh'S Same Direction: Right Rear,Rear-end,0,0,1,0,1,0,2,0,0,0,0,0
270975,Medical treatment,2014,19,Angle,Multi-Vehicle,153.006852,-27.440665,Davidson St,Enoggera Rd,Newmarket,Mount Coot-tha,Intersection - T-Junction,Operating traffic lights,60 km/h,Sealed - Dry,Darkness - Lighted,Straight,Veh'S Opposite Approach: Thru-Right,Opposing vehicles turning,0,0,1,0,1,2,0,0,0,0,0,0
270976,Minor injury,2014,17,Rear-end,Multi-Vehicle,152.9909106,-27.40705832,Everton Park - Albany Creek Rd,,Everton Park,Everton,No Roadway Feature,No traffic control,60 km/h,Sealed - Dry,Darkness - Lighted,Straight,Veh'S Same Direction: Rear End,Rear-end,0,0,0,1,1,2,0,0,0,0,0,0
270998,Fatal,2014,16,Hit pedestrian,Hit pedestrian,152.911663,-27.493069,Brookfield Rd,,Brookfield,Moggill,No Roadway Feature,No traffic control,60 km/h,Sealed - Dry,Daylight,Straight,Ped'N: Hit Other,Other,1,0,0,0,1,1,0,0,0,0,1,0
271029,Hospitalisation,2014,13,Hit object,Single Vehicle,152.8655,-27.419879,Mount Nebo Rd,,Enoggera Reservoir,Ashgrove,No Roadway Feature,No traffic control,80 - 90 km/h,Sealed - Dry,Daylight,Curved - view obscured,Off Path-Curve: Off Cway Rt Bend Hit Obj,Off carriageway on curve hit object,0,1,0,0,1,0,1,0,0,0,0,0
271030,Medical treatment,2014,14,Angle,Multi-Vehicle,152.966315,-27.500589,Moggill Rd,Russell Tce,Indooroopilly,Indooroopilly,Intersection - T-Junction,Operating traffic lights,60 km/h,Sealed - Dry,Daylight,Straight,Veh'S Opposite Approach: Thru-Right,Opposing vehicles turning,0,0,1,0,1,2,0,0,0,0,0,0
271034,Hospitalisation,2014,14,Hit pedestrian,Hit pedestrian,153.08335,-27.368553,Lindstol St,Petunia St,Nudgee,Nudgee,No Roadway Feature,No traffic control,0 - 50 km/h,Sealed - Dry,Daylight,Straight,Ped'N: Hit Other,Other,0,1,0,0,1,1,0,0,0,0,1,0
271035,Hospitalisation,2014,13,Angle,Multi-Vehicle,153.077174,-27.412397,East - West Arterial Rd,Gateway Arterial Rd,Hendra,Clayfield,Intersection - Interchange,Operating traffic lights,60 km/h,Sealed - Dry,Daylight,Curved - view obscured,Veh'S Adjacent Approach: Right-Thru,Intersection from adjacent approaches,0,1,0,1,2,2,0,0,0,0,0,0
271053,Hospitalisation,2014,17,Angle,Multi-Vehicle,152.998305,-27.45199,Arthur Tce,Vowles St,Red Hill,Mount Coot-tha,Intersection - T-Junction,No traffic control,0 - 50 km/h,Sealed - Dry,Darkness - Lighted,Straight,Veh'S Manoeuvring: Entering From Footway,Vehicle leaving driveway,0,1,0,0,1,1,0,0,0,1,0,0
271054,Minor injury,2014,11,Angle,Multi-Vehicle,153.040656,-27.45057,Wickham St,,Fortitude Valley,Brisbane Central,No Roadway Feature,No traffic control,60 km/h,Sealed - Dry,Daylight,Straight,Veh'S Manoeuvring: Other,Other,0,0,0,1,1,1,0,0,0,1,0,0
271072,Medical treatment,2014,8,Rear-end,Multi-Vehicle,153.032221,-27.426697,Lutwyche Rd,Maygar St,Windsor,Brisbane Central,Intersection - T-Junction,Operating traffic lights,60 km/h,Sealed - Dry,Darkness - Lighted,Curved - view open,Veh'S Same Direction: Rear End,Rear-end,0,0,1,0,1,2,0,0,0,0,0,0
271092,Hospitalisation,2014,10,Angle,Multi-Vehicle,152.947148,-27.438609,Chaprowe Rd,Eppalong St,The Gap,Ashgrove,Intersection - T-Junction,No traffic control,0 - 50 km/h,Sealed - Dry,Daylight,Curved - view open,Veh'S Adjacent Approach: Thru-Right,Intersection from adjacent approaches,0,1,0,0,1,1,0,0,0,1,0,0
271093,Minor injury,2014,14,Sideswipe,Multi-Vehicle,153.0047032,-27.47106854,Park Rd,,Milton,Mount Coot-tha,No Roadway Feature,No traffic control,60 km/h,Sealed - Dry,Daylight,Straight,Veh'S Manoeuvring: Leaving Parking,Vehicle leaving driveway,0,0,0,1,1,2,0,0,0,0,0,0
271096,Medical treatment,2014,15,Rear-end,Multi-Vehicle,152.990351,-27.487933,High St,,Toowong,Mount Coot-tha,No Roadway Feature,No traffic control,60 km/h,Sealed - Dry,Daylight,Straight,Veh'S Same Direction: Rear End,Rear-end,0,0,1,0,1,2,0,0,0,0,0,0
271125,Hospitalisation,2014,7,Angle,Multi-Vehicle,152.9563496,-27.44575357,Waterworks Rd,,The Gap,Ashgrove,No Roadway Feature,No traffic control,60 km/h,Sealed - Dry,Daylight,Straight,Veh'S Manoeuvring: Leaving Driveway,Vehicle leaving driveway,0,1,0,0,1,1,1,0,0,0,0,0
271128,Minor injury,2014,8,Rear-end,Multi-Vehicle,152.97945,-27.4927662,Moggill Rd,,Taringa,Indooroopilly,No Roadway Feature,No traffic control,60 km/h,Sealed - Dry,Daylight,Straight,Veh'S Same Direction: Right Rear,Rear-end,0,0,0,1,1,2,0,0,0,0,0,0
271130,Hospitalisation,2014,18,Sideswipe,Multi-Vehicle,153.0196652,-27.40453369,Moree St,,Stafford Heights,Stafford,No Roadway Feature,No traffic control,0 - 50 km/h,Sealed - Dry,Dawn/Dusk,Straight,Veh'S Same Direction: Lane Side Swipe,Lane changes,0,1,0,0,1,1,1,0,0,0,0,0
271131,Hospitalisation,2014,1,Angle,Multi-Vehicle,153.009035,-27.403536,Allowrie St,Appleby Rd,Stafford,Stafford,Intersection - T-Junction,No traffic control,60 km/h,Sealed - Dry,Daylight,Straight,Veh'S Opposite Approach: Thru-Right,Opposing vehicles turning,0,1,0,0,1,2,0,0,0,0,0,0
271134,Minor injury,2014,15,Angle,Multi-Vehicle,153.035383,-27.374186,Ellison Rd,Murphy Rd,Geebung,Nudgee,Intersection - Roundabout,Give way sign,60 km/h,Sealed - Dry,Daylight,Straight,Veh'S Adjacent Approach: Thru-Thru,Intersection from adjacent approaches,0,0,0,1,1,2,0,0,0,0,0,0
271156,Hospitalisation,2014,13,Hit object,Single Vehicle,153.038987,-27.441614,Abbotsford Rd,,Bowen Hills,Brisbane Central,No Roadway Feature,No traffic control,60 km/h,Sealed - Dry,Daylight,Curved - view obscured,Veh'S On Path: Temporary Object On C'Way,Other,0,1,0,0,1,0,1,0,0,0,0,0
271160,Hospitalisation,2014,15,Angle,Multi-Vehicle,153.026407,-27.411764,Beaconsfield Tce,East - West Arterial Rd,Gordon Park,Stafford,Intersection - T-Junction,Give way sign,60 km/h,Sealed - Dry,Daylight,Straight,Veh'S Adjacant Approach: Thru-Left,Intersection from adjacent approaches,0,1,0,0,1,0,1,0,1,0,0,0
271162,Medical treatment,2014,12,Rear-end,Multi-Vehicle,153.024097,-27.392532,Rode Rd,,Chermside,Stafford,Intersection - T-Junction,No traffic control,0 - 50 km/h,Sealed - Dry,Daylight,Curved - view open,Veh'S Same Direction: Rear End,Rear-end,0,0,1,0,1,2,0,0,0,0,0,0
271163,Medical treatment,2014,0,Angle,Multi-Vehicle,153.030809,-27.385929,Gympie Arterial Rd,Hamilton Rd,Chermside,Stafford,Intersection - Cross,Operating traffic lights,60 km/h,Sealed - Dry,Darkness - Lighted,Straight,Veh'S Adjacent Approach: Thru-Thru,Intersection from adjacent approaches,0,0,1,0,1,2,0,0,0,0,0,0
271170,Hospitalisation,2014,0,Hit parked vehicle,Single Vehicle,153.052543,-27.389811,Bilsen Rd,,Wavell Heights,Nudgee,No Roadway Feature,No traffic control,0 - 50 km/h,Sealed - Wet,Darkness - Not lighted,Straight,Veh'S On Path: Parked,Hit parked vehicle,0,1,0,2,3,2,0,0,0,0,0,0
271171,Medical treatment,2014,7,Head-on,Multi-Vehicle,152.990695,-27.407515,Griffith St,Western Arterial Rd,Everton Park,Everton,Intersection - Cross,Operating traffic lights,60 km/h,Sealed - Wet,Daylight,Straight,Veh'S Opposite Approach: Head On,Head-on,0,0,1,0,1,3,0,0,0,0,0,0
271197,Minor injury,2014,17,Head-on,Multi-Vehicle,153.025019,-27.464836,Edward St,Wickham Tce,Spring Hill,Brisbane Central,Intersection - Cross,Operating traffic lights,0 - 50 km/h,Sealed - Wet,Darkness - Lighted,Curved - view open,Veh'S Opposite Approach: Head On,Head-on,0,0,0,1,1,2,0,0,0,0,0,0
271198,Hospitalisation,2014,10,Angle,Multi-Vehicle,153.018896,-27.45987,Boundary St,Gregory Tce,Spring Hill,Brisbane Central,Intersection - T-Junction,Operating traffic lights,60 km/h,Sealed - Wet,Daylight,Curved - view open,Veh'S Opposite Approach: Thru-Right,Opposing vehicles turning,0,2,0,0,2,3,0,0,0,0,0,0
271200,Hospitalisation,2014,12,Hit object,Single Vehicle,152.954681,-27.50978,Bredden St,Fig Tree Pocket Rd,Chapel Hill,Moggill,Intersection - T-Junction,No traffic control,60 km/h,Sealed - Wet,Daylight,Curved - view open,Off Path-Curve: Out Of Control On Cway,Out of control on curve,0,2,0,0,2,1,0,0,0,0,0,0
271215,Medical treatment,2014,12,Angle,Multi-Vehicle,153.038271,-27.421936,Chalk St,Mclennan St,Wooloowin,Clayfield,Intersection - Cross,Stop sign,60 km/h,Sealed - Dry,Daylight,Straight,Veh'S Adjacent Approach: Right-Thru,Intersection from adjacent approaches,0,0,1,0,1,2,0,0,0,0,0,0
271243,Medical treatment,2014,10,Sideswipe,Multi-Vehicle,153.0265201,-27.47527803,Alice St,William St,Brisbane City,Brisbane Central,Intersection - T-Junction,Operating traffic lights,0 - 50 km/h,Sealed - Dry,Daylight,Straight,Veh'S Same Direction: Right Turn S/Swipe,Parallel lanes turning,0,0,1,0,1,2,0,0,0,0,0,0
271244,Medical treatment,2014,11,Rear-end,Multi-Vehicle,153.027772,-27.465012,Ann St,,Brisbane City,Brisbane Central,No Roadway Feature,No traffic control,60 km/h,Sealed - Dry,Daylight,Straight,Veh'S Manoeuvring: Parking,Hit parked vehicle,0,0,1,0,1,2,0,0,0,0,0,0
271246,Hospitalisation,2014,10,Angle,Multi-Vehicle,153.018822,-27.448515,Herston Rd,,Herston,Brisbane Central,No Roadway Feature,No traffic control,60 km/h,Sealed - Dry,Daylight,Straight,Veh'S Manoeuvring: Entering From Footway,Vehicle leaving driveway,0,1,0,0,1,1,1,0,0,0,0,0
271247,Medical treatment,2014,11,Angle,Multi-Vehicle,153.020453,-27.392595,Rode Rd,Webster Rd,Chermside,Stafford,Intersection - Cross,Operating traffic lights,70 km/h,Sealed - Dry,Daylight,Straight,Veh'S Opposite Approach: Thru-Right,Opposing vehicles turning,0,0,5,0,5,2,0,0,0,0,0,0
271272,Medical treatment,2014,8,Rear-end,Multi-Vehicle,153.018667,-27.468455,North Quay,,Brisbane City,Brisbane Central,No Roadway Feature,No traffic control,0 - 50 km/h,Sealed - Dry,Daylight,Straight,Veh'S Same Direction: Lane Change Left,Lane changes,0,0,1,0,1,2,0,0,0,0,0,0
271273,Medical treatment,2014,9,Angle,Multi-Vehicle,153.011044,-27.463306,Caxton St,Hale St,Paddington,Mount Coot-tha,Intersection - Cross,Operating traffic lights,0 - 50 km/h,Sealed - Dry,Daylight,Straight,Veh'S Adjacent Approach: Right-Thru,Intersection from adjacent approaches,0,0,1,0,1,3,0,0,0,0,0,0
271274,Minor injury,2014,8,Angle,Multi-Vehicle,153.029298,-27.447886,Bowen Bridge Rd,O'Connell Tce,Bowen Hills,Brisbane Central,Intersection - Cross,Operating traffic lights,0 - 50 km/h,Sealed - Dry,Daylight,Straight,Veh'S Adjacent Approach: Thru-Right,Intersection from adjacent approaches,0,0,0,1,1,2,0,0,0,0,0,0
271275,Hospitalisation,2014,18,Angle,Multi-Vehicle,153.044867,-27.471849,Moray St,Sydney St,New Farm,Brisbane Central,Intersection - Cross,Stop sign,60 km/h,Sealed - Dry,Darkness - Lighted,Straight,Veh'S Manoeuvring: Entering From Footway,Vehicle leaving driveway,0,1,0,0,1,1,0,0,0,1,0,0
271276,Medical treatment,2014,14,Sideswipe,Multi-Vehicle,153.042539,-27.446904,Breakfast Ck Rd,Evelyn St,Newstead,Brisbane Central,Intersection - T-Junction,Operating traffic lights,70 km/h,Sealed - Dry,Daylight,Straight,Veh'S Same Direction: Left Turn S/Swipe,Parallel lanes turning,0,0,1,0,1,1,0,1,0,0,0,0
271278,Medical treatment,2014,14,Rear-end,Multi-Vehicle,152.953443,-27.508297,Moggill Sub-Arterial Rd,,Chapel Hill,Moggill,No Roadway Feature,No traffic control,60 km/h,Sealed - Dry,Daylight,Curved - view open,Veh'S Same Direction: Rear End,Rear-end,0,0,2,0,2,4,0,0,0,0,0,0
271282,Medical treatment,2014,10,Rear-end,Multi-Vehicle,153.011029,-27.39106,Rode Rd,,Chermside West,Stafford,No Roadway Feature,No traffic control,60 km/h,Sealed - Dry,Daylight,Straight,Veh'S Same Direction: Rear End,Rear-end,0,0,2,0,2,2,0,0,0,0,0,0
271300,Medical treatment,2014,7,Hit pedestrian,Hit pedestrian,153.01265,-27.466105,Milton Rd,Upper Roma St,Petrie Terrace,Mount Coot-tha,Intersection - T-Junction,Operating traffic lights,60 km/h,Sealed - Dry,Daylight,Curved - view open,Ped'N: Near Side Vehicle Hit From Right,Pedestrian,0,0,1,0,1,0,0,0,1,0,1,0
271302,Medical treatment,2014,14,Angle,Multi-Vehicle,153.0588053,-27.33205699,Biarra St,Sandgate Sub-Arterial Rd,Deagon,Sandgate,Intersection - T-Junction,Give way sign,0 - 50 km/h,Sealed - Dry,Daylight,Straight,Veh'S Manoeuvring: Entering From Footway,Vehicle leaving driveway,0,0,2,0,2,1,0,0,0,1,0,0
271303,Minor injury,2014,12,Rear-end,Multi-Vehicle,153.008482,-27.331102,Gympie Rd,Linkfield Connection Rd,Bald Hills,Aspley,Intersection - Cross,Operating traffic lights,60 km/h,Sealed - Dry,Daylight,Straight,Veh'S Same Direction: Rear End,Rear-end,0,0,0,1,1,2,0,0,0,0,0,0
271307,Medical treatment,2014,14,Hit parked vehicle,Single Vehicle,152.810908,-27.552844,College Rd,,Karana Downs,Moggill,No Roadway Feature,No traffic control,60 km/h,Sealed - Dry,Daylight,Straight,Veh'S Manoeuvring: Other,Other,0,0,1,0,1,1,0,0,0,1,0,0
271311,Medical treatment,2014,6,Angle,Multi-Vehicle,153.023014,-27.435438,Eildon Rd,Silvester St,Wilston,Stafford,Intersection - T-Junction,Stop sign,0 - 50 km/h,Sealed - Dry,Daylight,Curved - view open,Veh'S Manoeuvring: Entering From Footway,Vehicle leaving driveway,0,0,1,0,1,1,0,0,0,1,0,0
271312,Minor injury,2014,5,Hit object,Single Vehicle,153.032446,-27.430211,Roblane St,,Windsor,Brisbane Central,No Roadway Feature,No traffic control,60 km/h,Sealed - Dry,Darkness - Lighted,Straight,Off Path-Straight:Right Off Cway Hit Obj,Off carriageway on straight hit object,0,0,0,1,1,1,0,0,0,0,0,0
271313,Medical treatment,2014,17,Rear-end,Multi-Vehicle,153.0963329,-27.37236652,Gateway Arterial Rd,,Nudgee,Nudgee,No Roadway Feature,No traffic control,80 - 90 km/h,Sealed - Dry,Daylight,Curved - view open,Veh'S Same Direction: Rear End,Rear-end,0,0,2,0,2,2,0,0,0,0,0,0
271350,Medical treatment,2014,7,Fall from vehicle,Single Vehicle,153.035015,-27.458477,Ann St,Brunswick St,Fortitude Valley,Brisbane Central,Intersection - T-Junction,Operating traffic lights,0 - 50 km/h,Sealed - Dry,Dawn/Dusk,Straight,Off Path-Straight:Out Of Control On Cway,Out of control on straight,0,0,1,0,1,0,1,0,0,0,0,0
271351,Medical treatment,2014,17,Rear-end,Multi-Vehicle,153.041268,-27.449628,Montpelier Rd,,Bowen Hills,Brisbane Central,No Roadway Feature,No traffic control,60 km/h,Sealed - Dry,Dawn/Dusk,Straight,Veh'S Same Direction: Rear End,Rear-end,0,0,1,0,1,2,0,0,0,0,0,0
271352,Minor injury,2014,15,Rear-end,Multi-Vehicle,153.031802,-27.404306,Gympie Arterial Rd,,Kedron,Stafford,No Roadway Feature,No traffic control,0 - 50 km/h,Sealed - Dry,Daylight,Straight,Veh'S Same Direction: Rear End,Rear-end,0,0,0,2,2,3,0,0,0,0,0,0
271356,Medical treatment,2014,16,Head-on,Multi-Vehicle,152.806444,-27.553215,Mount Crosby Rd,,Mount Crosby,Moggill,No Roadway Feature,No traffic control,0 - 50 km/h,Sealed - Dry,Dawn/Dusk,Straight,Veh'S Opposite Approach: Head On,Head-on,0,0,2,2,4,3,0,0,0,0,0,0
271361,Medical treatment,2014,6,Rear-end,Multi-Vehicle,153.074525,-27.411394,East - West Arterial Rd,Nudgee Rd,Hendra,Clayfield,Intersection - 5+ way,Operating traffic lights,60 km/h,Sealed - Dry,Daylight,Straight,Veh'S Same Direction: Rear End,Rear-end,0,0,1,0,1,2,0,0,0,0,0,0
271386,Medical treatment,2014,18,Rear-end,Multi-Vehicle,153.02008,-27.469445,North Quay,,Brisbane City,Brisbane Central,No Roadway Feature,No traffic control,60 km/h,Sealed - Dry,Dawn/Dusk,Straight,Veh'S Same Direction: Right Rear,Rear-end,0,0,1,1,2,2,0,0,0,0,0,0
271387,Medical treatment,2014,16,Hit object,Single Vehicle,153.03474,-27.460074,Mclachlan St,,Fortitude Valley,Brisbane Central,Intersection - Interchange,No traffic control,60 km/h,Sealed - Wet,Daylight,Curved - view open,Off Path-Curve: Off Cway Rt Bend Hit Obj,Off carriageway on curve hit object,0,0,1,0,1,1,0,0,0,0,0,0
271394,Medical treatment,2014,17,Hit pedestrian,Hit pedestrian,153.0365348,-27.37441539,Ellison Rd,,Geebung,Nudgee,No Roadway Feature,No traffic control,60 km/h,Sealed - Dry,Dawn/Dusk,Straight,Ped'N: Far Side Vehicle Hit From Left,Pedestrian,0,0,1,0,1,1,0,0,0,0,1,0
271403,Hospitalisation,2014,21,Hit pedestrian,Hit pedestrian,153.055569,-27.418412,Sandgate Rd,,Clayfield,Clayfield,No Roadway Feature,Pedestrian operated lights,60 km/h,Sealed - Wet,Darkness - Lighted,Straight,Ped'N: Near Side Vehicle Hit From Right,Pedestrian,0,1,0,0,1,1,0,0,0,0,1,0
271404,Medical treatment,2014,8,Rear-end,Multi-Vehicle,153.059296,-27.39182,Sandgate Sub-Arterial Rd,,Nundah,Clayfield,No Roadway Feature,No traffic control,60 km/h,Sealed - Dry,Daylight,Straight,Veh'S Same Direction: Rear End,Rear-end,0,0,1,0,1,2,0,0,0,0,0,0
271426,Hospitalisation,2014,14,Sideswipe,Multi-Vehicle,152.93639,-27.44085,Hilder Rd,,The Gap,Ashgrove,No Roadway Feature,No traffic control,60 km/h,Sealed - Dry,Daylight,Straight,Veh'S Same Direction: Right Turn S/Swipe,Parallel lanes turning,0,1,0,0,1,1,1,0,0,0,0,0
271427,Hospitalisation,2014,9,Angle,Multi-Vehicle,152.886064,-27.565647,Livesay Rd,Moggill Sub-Arterial Rd,Bellbowrie,Moggill,Intersection - T-Junction,Give way sign,60 km/h,Sealed - Wet,Daylight,Curved - view open,Veh'S Adjacent Approach: Thru-Right,Intersection from adjacent approaches,0,1,0,0,1,1,0,1,0,0,0,0
271428,Hospitalisation,2014,11,Hit object,Single Vehicle,152.963071,-27.499159,Western Arterial Rd,,Indooroopilly,Indooroopilly,No Roadway Feature,No traffic control,60 km/h,Sealed - Wet,Daylight,Straight,Off Path-Straight: Left Off Cway Hit Obj,Off carriageway on straight hit object,0,2,0,0,2,3,0,0,0,0,0,0
271429,Medical treatment,2014,11,Angle,Multi-Vehicle,153.066989,-27.321201,Derrls La,Rainbow St,Sandgate,Sandgate,Intersection - T-Junction,No traffic control,0 - 50 km/h,Sealed - Dry,Daylight,Straight,Veh'S Adjacent Approach: Thru-Right,Intersection from adjacent approaches,0,0,1,0,1,2,0,0,0,0,0,0
271433,Medical treatment,2014,7,Angle,Multi-Vehicle,153.0563097,-27.36972566,Bilsen Rd,Robinson Rd E,Geebung,Nudgee,Intersection - Roundabout,Give way sign,60 km/h,Sealed - Dry,Daylight,Straight,Veh'S Adjacent Approach: Thru-Thru,Intersection from adjacent approaches,0,0,1,0,1,1,0,0,0,1,0,0
271434,Medical treatment,2014,12,Rear-end,Multi-Vehicle,153.029903,-27.382098,Gympie Arterial Rd,,Chermside,Stafford,No Roadway Feature,No traffic control,60 km/h,Sealed - Wet,Daylight,Straight,Veh'S Same Direction: Rear End,Rear-end,0,0,2,0,2,2,0,0,0,0,0,0
271435,Minor injury,2014,16,Rear-end,Multi-Vehicle,153.016857,-27.356472,Gympie Arterial Rd,Zillmere Rd,Aspley,Aspley,Intersection - T-Junction,Give way sign,60 km/h,Sealed - Dry,Dawn/Dusk,Curved - view open,Veh'S Same Direction: Left Rear,Rear-end,0,0,0,3,3,2,0,0,0,0,0,0
271443,Medical treatment,2014,6,Sideswipe,Multi-Vehicle,153.059737,-27.4086984,Sandgate Sub-Arterial Rd,,Nundah,Nudgee,No Roadway Feature,No traffic control,60 km/h,Sealed - Wet,Daylight,Straight,Veh'S Same Direction: Lane Change Right,Lane changes,0,0,1,0,1,1,1,0,0,0,0,0
271444,Medical treatment,2014,16,Rear-end,Multi-Vehicle,152.9616932,-27.40344204,Dawson Pde,,Keperra,Everton,No Roadway Feature,No traffic control,60 km/h,Sealed - Dry,Daylight,Straight,Veh'S Same Direction: Rear End,Rear-end,0,0,1,0,1,3,0,0,0,0,0,0
271445,Medical treatment,2014,11,Rear-end,Multi-Vehicle,152.991541,-27.407049,East - West Arterial Rd,,Everton Park,Everton,No Roadway Feature,No traffic control,60 km/h,Sealed - Wet,Daylight,Straight,Veh'S Same Direction: Left Rear,Rear-end,0,0,1,0,1,2,0,0,0,0,0,0