Crash_Ref_Number,Severity,Year,Hour,Crash_Nature,Crash_Type,Longitude,Latitude,Street,Street_Intersecting,Suburb,Loc_State_Electorate,Crash_Roadway_Feature,Crash_Traffic_Control,Crash_Speed_Limit,Crash_Road_Surface_Condition,Crash_Lighting_Condition,Crash_Road_Horiz_Align,Crash_DCA_Description,Crash_DCA_Group_Description,Count_Casualty_Fatality,Count_Casualty_Hospitalised,Count_Casualty_MedicallyTreated,Count_Casualty_MinorInjury,Count_Casualty_Total,Count_Unit_Car,Count_Unit_Motorcycle_Moped,Count_Unit_Truck,Count_Unit_Bus,Count_Unit_Bicycle,Count_Unit_Pedestrian,Count_Unit_Other
271465,Hospitalisation,2014,13,Angle,Multi-Vehicle,153.028622,-27.46702,Creek St,Queen St,Brisbane City,Brisbane Central,Intersection - Cross,Operating traffic lights,0 - 50 km/h,Sealed - Dry,Daylight,Straight,Veh'S Adjacent Approach: Thru-Thru,Intersection from adjacent approaches,0,1,1,0,2,2,0,0,0,0,0,0
271466,Medical treatment,2014,17,Hit pedestrian,Hit pedestrian,153.020882,-27.467087,Parkland Blvd,Roma St,Brisbane City,Brisbane Central,Intersection - T-Junction,Operating traffic lights,60 km/h,Sealed - Dry,Darkness - Lighted,Straight,Ped'N: Far Side Vehicle Hit From Left,Pedestrian,0,0,2,0,2,1,0,0,0,0,2,0
271467,Hospitalisation,2014,14,Angle,Multi-Vehicle,153.032502,-27.462031,Adelaide St,Boundary St,Brisbane City,Brisbane Central,Intersection - T-Junction,Operating traffic lights,0 - 50 km/h,Sealed - Dry,Daylight,Curved - view open,Veh'S Adjacent Approach: Thru-Right,Intersection from adjacent approaches,0,1,0,2,3,2,0,0,0,0,0,0
271468,Hospitalisation,2014,17,Hit object,Single Vehicle,153.048932,-27.29512633,Redcliffe Sub-Arterial Rd,,Brighton,Sandgate,No Roadway Feature,No traffic control,100 - 110 km/h,Sealed - Dry,Dawn/Dusk,Curved - view open,Off Path-Curve: Off Cway Lt Bend Hit Obj,Off carriageway on curve hit object,0,1,0,0,1,1,0,0,0,0,0,0
271471,Hospitalisation,2014,12,Rear-end,Multi-Vehicle,153.031256,-27.392514,Gympie Arterial Rd,Pilba St,Chermside,Nudgee,Intersection - T-Junction,No traffic control,60 km/h,Sealed - Dry,Daylight,Straight,Veh'S Same Direction: Rear End,Rear-end,0,1,0,0,1,1,1,0,0,0,0,0
271472,Fatal,2014,14,Angle,Multi-Vehicle,152.993616,-27.388432,Rode Rd,Voigt St,Mcdowall,Aspley,Intersection - T-Junction,Give way sign,60 km/h,Sealed - Dry,Daylight,Straight,Veh'S Adjacent Approach: Thru-Right,Intersection from adjacent approaches,1,0,0,0,1,1,1,0,0,0,0,0
271477,Hospitalisation,2014,14,Head-on,Multi-Vehicle,153.062188,-27.40367,Buckland Rd,Union St,Nundah,Nudgee,Intersection - T-Junction,No traffic control,60 km/h,Sealed - Dry,Daylight,Straight,Veh'S Opposite Approach: Thru-Right,Opposing vehicles turning,0,1,0,0,1,1,0,0,0,1,0,0
271496,Hospitalisation,2014,13,Rear-end,Multi-Vehicle,153.02361,-27.468191,Ann St,Roma St,Brisbane City,Brisbane Central,Intersection - T-Junction,Operating traffic lights,0 - 50 km/h,Sealed - Dry,Daylight,Straight,Veh'S Same Direction: Rear End,Rear-end,0,1,0,0,1,0,2,0,0,0,0,0
271497,Minor injury,2014,18,Rear-end,Multi-Vehicle,153.02582,-27.457242,Rogers St,,Spring Hill,Brisbane Central,No Roadway Feature,No traffic control,0 - 50 km/h,Sealed - Dry,Darkness - Not lighted,Straight,Veh'S Same Direction: Right Rear,Rear-end,0,0,0,1,1,1,0,0,0,1,0,0
271498,Hospitalisation,2014,19,Hit object,Single Vehicle,152.990077,-27.493988,Bellevue Pde,,Taringa,Mount Coot-tha,No Roadway Feature,No traffic control,0 - 50 km/h,Sealed - Dry,Darkness - Lighted,Straight,Off Path-Straight: Left Off Cway Hit Obj,Off carriageway on straight hit object,0,1,0,0,1,1,1,0,0,0,0,0
271502,Minor injury,2014,1,Angle,Multi-Vehicle,153.017223,-27.363871,Gympie Arterial Rd,Robinson Rd W,Aspley,Aspley,Intersection - Cross,Operating traffic lights,60 km/h,Sealed - Wet,Darkness - Lighted,Straight,Veh'S Adjacent Approach: Thru-Thru,Intersection from adjacent approaches,0,0,0,1,1,2,0,0,0,0,0,0
271506,Minor injury,2014,16,Sideswipe,Multi-Vehicle,153.01954,-27.432041,Fifth Ave,Kedron Brook Rd,Wilston,Stafford,Intersection - T-Junction,No traffic control,0 - 50 km/h,Sealed - Dry,Daylight,Straight,Off Path-Straight: Left Off Cway Hit Obj,Off carriageway on straight hit object,0,0,0,1,1,1,1,0,0,0,0,0
271507,Hospitalisation,2014,14,Angle,Multi-Vehicle,153.074676,-27.411625,East - West Arterial Rd,,Hendra,Clayfield,Intersection - Cross,Operating traffic lights,60 km/h,Sealed - Dry,Daylight,Straight,Veh'S Opposite Approach: Thru-Right,Opposing vehicles turning,0,1,0,0,1,2,0,0,0,0,0,0
271529,Medical treatment,2014,14,Sideswipe,Multi-Vehicle,153.029577,-27.470247,Mary St,,Brisbane City,Brisbane Central,No Roadway Feature,No traffic control,0 - 50 km/h,Sealed - Dry,Daylight,Straight,Veh'S Same Direction: Lane Change Left,Lane changes,0,0,1,0,1,1,1,0,0,0,0,0
271534,Medical treatment,2014,7,Angle,Multi-Vehicle,153.037761,-27.361741,Dunsford St,Murphy Rd,Zillmere,Nudgee,Intersection - T-Junction,Operating traffic lights,60 km/h,Sealed - Dry,Daylight,Straight,Veh'S Opposite Approach: Thru-Right,Opposing vehicles turning,0,0,2,0,2,2,0,0,0,0,0,0
271535,Minor injury,2014,13,Angle,Multi-Vehicle,153.028377,-27.357857,Zillmere Rd,,Zillmere,Nudgee,No Roadway Feature,No traffic control,60 km/h,Sealed - Dry,Daylight,Straight,Veh'S Same Direction: Lane Change Left,Lane changes,0,0,0,1,1,2,0,0,0,0,0,0
271541,Medical treatment,2014,12,Angle,Multi-Vehicle,153.030194,-27.442616,Lutwyche Rd,Northey St,Windsor,Brisbane Central,Intersection - Cross,Operating traffic lights,60 km/h,Sealed - Dry,Daylight,Straight,Veh'S Adjacent Approach: Thru-Right,Intersection from adjacent approaches,0,0,1,0,1,2,0,0,0,0,0,0
271562,Hospitalisation,2014,17,Hit pedestrian,Hit pedestrian,153.036808,-27.366822,Murphy Rd,Robinson Rd W,Geebung,Nudgee,Intersection - Cross,Operating traffic lights,60 km/h,Sealed - Dry,Dawn/Dusk,Straight,Ped'N: Far Side Vehicle Hit From Left,Pedestrian,0,1,0,0,1,1,0,0,0,0,1,0
271568,Medical treatment,2014,15,Head-on,Multi-Vehicle,153.08358,-27.415212,Lakeside Dr,,Brisbane Airport,Clayfield,No Roadway Feature,No traffic control,0 - 50 km/h,Sealed - Dry,Daylight,Curved - view open,Veh'S Opposite Approach: Head On,Head-on,0,0,1,1,2,2,0,0,0,0,0,0
271569,Medical treatment,2014,7,Rear-end,Multi-Vehicle,152.992037,-27.419164,Pickering St,Western Art Rd On/Off Ramp,Enoggera,Ashgrove,Intersection - T-Junction,Give way sign,60 km/h,Sealed - Dry,Daylight,Straight,Veh'S Same Direction: Left Rear,Rear-end,0,0,1,0,1,2,0,0,0,0,0,0
271595,Medical treatment,2014,11,Sideswipe,Multi-Vehicle,152.9888067,-27.44577467,Waterworks Rd,,Ashgrove,Ashgrove,No Roadway Feature,No traffic control,60 km/h,Sealed - Dry,Daylight,Curved - view open,Veh'S Same Direction: Lane Change Right,Lane changes,0,0,1,0,1,2,0,0,0,0,0,0
271597,Hospitalisation,2014,16,Rear-end,Multi-Vehicle,153.024116,-27.473914,Invalid Street From Police,,Brisbane City,Brisbane Central,No Roadway Feature,No traffic control,70 km/h,Sealed - Dry,Daylight,Straight,Veh'S Same Direction: Rear End,Rear-end,0,1,0,0,1,5,0,0,0,0,0,0
271610,Medical treatment,2014,19,Angle,Multi-Vehicle,153.0606,-27.415164,Franz Rd,Gellibrand St,Clayfield,Clayfield,Intersection - Cross,Stop sign,0 - 50 km/h,Sealed - Dry,Darkness - Lighted,Straight,Veh'S Adjacent Approach: Thru-Thru,Intersection from adjacent approaches,0,0,1,0,1,2,0,0,0,0,0,0
271611,Hospitalisation,2014,12,Fall from vehicle,Single Vehicle,153.032553,-27.407112,Gympie Arterial Rd,,Kedron,Clayfield,No Roadway Feature,No traffic control,60 km/h,Sealed - Dry,Daylight,Curved - view open,Off Path-Curve: Out Of Control On Cway,Out of control on curve,0,1,0,0,1,0,1,0,0,0,0,0
271612,Medical treatment,2014,0,Rear-end,Multi-Vehicle,153.059493,-27.408879,Sandgate Sub-Arterial Rd,,Nundah,Nudgee,Intersection - T-Junction,Operating traffic lights,60 km/h,Sealed - Dry,Daylight,Straight,Veh'S Same Direction: Rear End,Rear-end,0,0,1,0,1,2,0,0,0,0,0,0
271613,Medical treatment,2014,13,Angle,Multi-Vehicle,153.011733,-27.435359,Newmarket Rd,Wilston Rd,Newmarket,Stafford,Intersection - T-Junction,Operating traffic lights,60 km/h,Sealed - Dry,Daylight,Curved - view open,Veh'S Opposite Approach: Thru-Right,Opposing vehicles turning,0,0,1,0,1,2,0,0,0,0,0,0
271640,Medical treatment,2014,11,Rear-end,Multi-Vehicle,153.028211,-27.463559,Turbot St,Wharf St,Spring Hill,Brisbane Central,Intersection - Cross,Operating traffic lights,0 - 50 km/h,Sealed - Dry,Daylight,Curved - view open,Veh'S Same Direction: Rear End,Rear-end,0,0,2,0,2,2,0,0,0,0,0,0
271641,Hospitalisation,2014,6,Hit pedestrian,Hit pedestrian,153.0077287,-27.44464,Bishop St,Kelvin Grove Rd,Kelvin Grove,Brisbane Central,Intersection - Cross,Operating traffic lights,60 km/h,Sealed - Dry,Daylight,Straight,Ped'N: Near Side Vehicle Hit From Right,Pedestrian,0,1,0,0,1,0,0,1,0,0,1,0
271642,Medical treatment,2014,8,Rear-end,Multi-Vehicle,153.018713,-27.460206,Gregory Tce,,Spring Hill,Brisbane Central,No Roadway Feature,No traffic control,60 km/h,Sealed - Dry,Daylight,Straight,Veh'S Manoeuvring: Reversing,Hit parked vehicle,0,0,2,0,2,2,0,0,0,0,0,0
271643,Medical treatment,2014,5,Rear-end,Multi-Vehicle,153.0037243,-27.46913267,Milton Rd,Park Rd,Milton,Mount Coot-tha,Intersection - Cross,Operating traffic lights,60 km/h,Sealed - Dry,Darkness - Lighted,Straight,Veh'S Same Direction: Rear End,Rear-end,0,0,1,0,1,2,0,0,0,0,0,0
271646,Minor injury,2014,14,Angle,Multi-Vehicle,153.033072,-27.361032,Dunsford St,Ridgmont St,Zillmere,Nudgee,Intersection - T-Junction,Give way sign,0 - 50 km/h,Sealed - Dry,Daylight,Curved - view open,Veh'S Adjacent Approach: Thru-Right,Intersection from adjacent approaches,0,0,0,1,1,2,0,0,0,0,0,0
271647,Medical treatment,2014,12,Rear-end,Multi-Vehicle,153.0317017,-27.40005772,Gympie Arterial Rd,Gympie Rd,Kedron,Nudgee,Intersection - Cross,Operating traffic lights,60 km/h,Sealed - Dry,Daylight,Straight,Veh'S Same Direction: Rear End,Rear-end,0,0,2,0,2,2,0,0,0,0,0,0
271653,Medical treatment,2014,16,Angle,Multi-Vehicle,153.072463,-27.427027,Nudgee Rd,,Ascot,Clayfield,No Roadway Feature,No traffic control,0 - 50 km/h,Sealed - Dry,Dawn/Dusk,Straight,Veh'S Manoeuvring: Other,Other,0,0,1,0,1,0,0,1,0,0,0,1
271654,Medical treatment,2014,12,Rear-end,Multi-Vehicle,153.032403,-27.406453,Gympie Arterial Rd,,Kedron,Clayfield,No Roadway Feature,No traffic control,60 km/h,Sealed - Dry,Daylight,Straight,Veh'S Same Direction: Rear End,Rear-end,0,0,1,0,1,5,0,0,0,0,0,0
271655,Hospitalisation,2014,8,Angle,Multi-Vehicle,153.089507,-27.414547,Lakeside Dr,Lomandra Dr,Brisbane Airport,Clayfield,Intersection - T-Junction,Give way sign,60 km/h,Sealed - Dry,Daylight,Straight,Veh'S Adjacent Approach: Thru-Right,Intersection from adjacent approaches,0,1,0,0,1,1,0,1,0,0,0,0
271691,Medical treatment,2014,17,Angle,Multi-Vehicle,153.012228,-27.391377,Cranbourne St,Rode Rd,Chermside West,Stafford,Intersection - Cross,Stop sign,60 km/h,Sealed - Dry,Darkness - Lighted,Straight,Veh'S Adjacent Approach: Right-Thru,Intersection from adjacent approaches,0,0,1,0,1,2,0,0,0,0,0,0
271701,Hospitalisation,2014,12,Rear-end,Multi-Vehicle,153.0746427,-27.41255148,Nudgee Rd,,Hendra,Clayfield,No Roadway Feature,No traffic control,60 km/h,Sealed - Dry,Daylight,Straight,Veh'S Same Direction: Right Rear,Rear-end,0,1,0,0,1,2,0,0,0,0,0,0
271702,Medical treatment,2014,18,Angle,Multi-Vehicle,153.00383,-27.432336,Banks St,Barwood St,Newmarket,Ashgrove,Intersection - T-Junction,Give way sign,0 - 50 km/h,Sealed - Dry,Dawn/Dusk,Curved - view open,Veh'S Adjacent Approach: Thru-Right,Intersection from adjacent approaches,0,0,1,0,1,1,1,0,0,0,0,0
271703,Hospitalisation,2014,10,Angle,Multi-Vehicle,152.99047,-27.423949,Audrey St,Western Arterial Rd,Enoggera,Ashgrove,Intersection - T-Junction,No traffic control,60 km/h,Sealed - Dry,Daylight,Straight,Veh'S Opposite Approach: Thru-Right,Opposing vehicles turning,0,1,0,0,1,2,0,0,0,0,0,0
271731,Medical treatment,2014,9,Fall from vehicle,Single Vehicle,152.978237,-27.454285,Milpera St,,Ashgrove,Mount Coot-tha,No Roadway Feature,No traffic control,0 - 50 km/h,Sealed - Dry,Daylight,Straight,Pass & Misc: Fell In/From Vehicle,Other,0,0,1,0,1,0,1,0,0,0,0,0
271732,Hospitalisation,2014,7,Rear-end,Multi-Vehicle,153.012138,-27.3282096,Gympie Arterial Rd,,Bald Hills,Aspley,No Roadway Feature,No traffic control,100 - 110 km/h,Sealed - Dry,Daylight,Straight,Veh'S Same Direction: Rear End,Rear-end,0,1,0,1,2,4,0,0,0,0,0,0
271738,Medical treatment,2014,16,Sideswipe,Multi-Vehicle,153.005932,-27.434673,Enoggera Rd,Terang St,Newmarket,Ashgrove,Intersection - T-Junction,No traffic control,60 km/h,Sealed - Dry,Daylight,Straight,Veh'S Same Direction: Lane Change Right,Lane changes,0,0,1,0,1,0,1,0,0,0,0,1
271759,Hospitalisation,2014,6,Hit object,Single Vehicle,152.964748,-27.446934,Waterworks Rd,,The Gap,Ashgrove,No Roadway Feature,No traffic control,60 km/h,Sealed - Dry,Daylight,Curved - view open,Off Path-Curve: Off Cway Lt Bend Hit Obj,Off carriageway on curve hit object,0,1,0,0,1,1,0,0,0,0,0,0
271761,Medical treatment,2014,0,Hit object,Single Vehicle,152.975237,-27.497491,Moggill Rd,,Indooroopilly,Indooroopilly,Intersection - Roundabout,Give way sign,60 km/h,Sealed - Wet,Darkness - Lighted,Curved - view open,Off Path-Curve: Mounts Traffic Island,Off carriageway on curve hit object,0,0,1,0,1,1,0,0,0,0,0,0
271762,Medical treatment,2014,17,Rear-end,Multi-Vehicle,152.9550089,-27.51587047,Western Arterial Rd,,Indooroopilly,Moggill,Intersection - Interchange,No traffic control,60 km/h,Sealed - Dry,Darkness - Lighted,Curved - view open,Veh'S Same Direction: Right Rear,Rear-end,0,0,1,0,1,3,0,0,0,0,0,0
271763,Medical treatment,2014,18,Angle,Multi-Vehicle,153.003911,-27.331326,Carseldine Rd,Linkfield Connection Rd,Bald Hills,Aspley,Intersection - T-Junction,Operating traffic lights,60 km/h,Sealed - Dry,Darkness - Lighted,Straight,Veh'S Opposite Approach: Thru-Right,Opposing vehicles turning,0,0,1,0,1,1,1,0,0,0,0,0
271766,Medical treatment,2014,9,Rear-end,Multi-Vehicle,153.021502,-27.3720589,Gympie Arterial Rd,,Aspley,Aspley,No Roadway Feature,No traffic control,70 km/h,Sealed - Dry,Daylight,Straight,Veh'S Same Direction: Rear End,Rear-end,0,0,1,0,1,1,1,0,0,0,0,0
271770,Hospitalisation,2014,16,Fall from vehicle,Single Vehicle,153.055205,-27.406592,Collins St,Toombul Tce,Nundah,Clayfield,Intersection - Cross,No traffic control,0 - 50 km/h,Sealed - Dry,Daylight,Curved - view open,Pass & Misc: Fell In/From Vehicle,Other,0,1,0,0,1,1,0,0,0,0,0,0
271771,Hospitalisation,2014,12,Head-on,Multi-Vehicle,152.961727,-27.404211,Dawson Pde,,Keperra,Ferny Grove,No Roadway Feature,No traffic control,60 km/h,Sealed - Dry,Daylight,Straight,Veh'S Opposite Approach: Head On,Head-on,0,3,0,0,3,2,0,0,0,0,0,0
271794,Medical treatment,2014,15,Fall from vehicle,Single Vehicle,153.094189,-27.436203,Fison Ave W,,Eagle Farm,Clayfield,Median Opening,No traffic control,60 km/h,Sealed - Dry,Daylight,Curved - view open,Off Path-Straight:Out Of Control On Cway,Out of control on straight,0,0,1,0,1,0,1,0,0,0,0,0
271795,Minor injury,2014,15,Rear-end,Multi-Vehicle,152.9768343,-27.39003133,Queens Rd,Timms Rd,Everton Park,Everton,Intersection - T-Junction,No traffic control,60 km/h,Sealed - Dry,Daylight,Curved - view open,Veh'S Same Direction: Right Rear,Rear-end,0,0,0,1,1,2,0,0,0,0,0,0
271814,Hospitalisation,2014,15,Fall from vehicle,Single Vehicle,153.022071,-27.469437,Ann St,George St,Brisbane City,Brisbane Central,Intersection - Cross,Operating traffic lights,60 km/h,Sealed - Dry,Daylight,Straight,Off Path-Straight:Out Of Control On Cway,Out of control on straight,0,1,0,0,1,0,0,0,0,1,0,0
271815,Hospitalisation,2014,7,Angle,Multi-Vehicle,153.031318,-27.457365,Alfred St,Barry Pde,Fortitude Valley,Brisbane Central,Intersection - T-Junction,Stop sign,60 km/h,Sealed - Dry,Daylight,Curved - view open,Veh'S Adjacent Approach: Thru-Right,Intersection from adjacent approaches,0,1,0,0,1,2,0,0,0,0,0,0
271817,Medical treatment,2014,19,Angle,Multi-Vehicle,152.986544,-27.49330827,Whitmore St,,Taringa,Mount Coot-tha,No Roadway Feature,No traffic control,0 - 50 km/h,Sealed - Dry,Darkness - Lighted,Straight,Veh'S Manoeuvring: Leaving Driveway,Vehicle leaving driveway,0,0,1,0,1,1,1,0,0,0,0,0
271820,Hospitalisation,2014,6,Angle,Multi-Vehicle,153.030352,-27.384584,Bouchard St,Gympie Arterial Rd,Chermside,Stafford,Intersection - T-Junction,Operating traffic lights,60 km/h,Sealed - Dry,Darkness - Lighted,Straight,Veh'S Manoeuvring: Leaving Driveway,Vehicle leaving driveway,0,1,0,0,1,2,0,0,0,0,0,0
271825,Medical treatment,2014,7,Rear-end,Multi-Vehicle,153.054374,-27.419504,Bayview Tce,Sandgate Rd,Clayfield,Clayfield,Intersection - Cross,Operating traffic lights,0 - 50 km/h,Sealed - Dry,Daylight,Straight,Veh'S Same Direction: Rear End,Rear-end,0,0,1,1,2,2,0,0,0,0,0,0
271826,Medical treatment,2014,4,Angle,Multi-Vehicle,153.04106,-27.430572,Albion Overpass,Hudson Rd,Albion,Clayfield,Intersection - Cross,Operating traffic lights,60 km/h,Sealed - Dry,Dawn/Dusk,Straight,Veh'S Adjacent Approach: Thru-Thru,Intersection from adjacent approaches,0,0,1,0,1,2,0,0,0,0,0,0
271843,Hospitalisation,2014,12,Hit pedestrian,Hit pedestrian,153.029154,-27.461543,Boundary St,Mein St,Spring Hill,Brisbane Central,No Roadway Feature,No traffic control,0 - 50 km/h,Sealed - Dry,Daylight,Straight,Ped'N: Far Side Vehicle Hit From Left,Pedestrian,0,1,0,0,1,1,0,0,0,0,1,0
271844,Hospitalisation,2014,20,Sideswipe,Multi-Vehicle,153.036857,-27.444225,Inner City Bypass,,Bowen Hills,Brisbane Central,Bridge/Causeway,No traffic control,60 km/h,Sealed - Dry,Darkness - Lighted,Straight,Veh'S Same Direction: Lane Side Swipe,Lane changes,0,1,0,0,1,2,0,0,0,0,0,0
271850,Medical treatment,2014,10,Rear-end,Multi-Vehicle,153.048229,-27.368314,Robinson Rd W,,Geebung,Nudgee,No Roadway Feature,No traffic control,0 - 50 km/h,Sealed - Dry,Daylight,Straight,Veh'S Same Direction: Rear End,Rear-end,0,0,1,1,2,2,0,0,0,0,0,0
271851,Hospitalisation,2014,7,Angle,Multi-Vehicle,153.0353703,-27.37430626,Ellison Rd,Murphy Rd,Geebung,Nudgee,Intersection - Roundabout,Give way sign,60 km/h,Sealed - Dry,Daylight,Straight,Veh'S Adjacent Approach: Thru-Thru,Intersection from adjacent approaches,0,1,0,1,2,1,1,0,0,0,0,0
271858,Hospitalisation,2014,7,Angle,Multi-Vehicle,153.046027,-27.441368,Amy St,Breakfast Ck Rd,Albion,Clayfield,Intersection - T-Junction,Operating traffic lights,60 km/h,Sealed - Dry,Daylight,Curved - view open,Veh'S Same Direction: Left Turn S/Swipe,Parallel lanes turning,0,1,0,0,1,1,0,0,0,1,0,0
271859,Minor injury,2014,9,Angle,Multi-Vehicle,153.030054,-27.437954,Newmarket Rd,Rosemount Tce,Windsor,Brisbane Central,Intersection - Cross,No traffic control,60 km/h,Sealed - Dry,Daylight,Straight,Veh'S Opposite Approach: Thru-Right,Opposing vehicles turning,0,0,0,1,1,1,0,0,0,1,0,0
271860,Hospitalisation,2014,8,Angle,Multi-Vehicle,153.088006,-27.434537,Cullen Ave E,Gateway Arterial Rd,Eagle Farm,Clayfield,Intersection - Interchange,Give way sign,60 km/h,Sealed - Dry,Daylight,Curved - view open,Veh'S Adjacent Approach: Thru-Thru,Intersection from adjacent approaches,0,1,0,0,1,2,0,0,0,0,0,0
271861,Hospitalisation,2014,9,Hit pedestrian,Hit pedestrian,153.011733,-27.435359,Newmarket Rd,Wilston Rd,Newmarket,Stafford,Intersection - T-Junction,Operating traffic lights,60 km/h,Sealed - Dry,Daylight,Straight,Pass & Misc: Parked Car Ran Away,Other,0,1,0,0,1,1,0,0,0,0,1,0
271887,Hospitalisation,2014,10,Hit object,Single Vehicle,152.944333,-27.447159,Illowra St,Riaweena St,The Gap,Ashgrove,No Roadway Feature,No traffic control,60 km/h,Sealed - Dry,Daylight,Curved - view open,Off Path-Curve: Other,Other,0,1,2,0,3,1,0,0,0,0,0,0
271892,Medical treatment,2014,21,Rear-end,Multi-Vehicle,153.034637,-27.382138,Kittyhawk Dr,,Chermside,Nudgee,Intersection - Cross,Operating traffic lights,0 - 50 km/h,Sealed - Dry,Darkness - Lighted,Straight,Veh'S Same Direction: Rear End,Rear-end,0,0,1,0,1,2,0,0,0,0,0,0
271893,Medical treatment,2014,8,Rear-end,Multi-Vehicle,153.017247,-27.363882,Gympie Arterial Rd,Robinson Rd W,Aspley,Aspley,Intersection - Cross,Operating traffic lights,60 km/h,Sealed - Dry,Daylight,Straight,Veh'S Same Direction: Rear End,Rear-end,0,0,1,0,1,1,0,1,0,0,0,0
271894,Medical treatment,2014,19,Rear-end,Multi-Vehicle,153.031457,-27.3896222,Gympie Arterial Rd,,Chermside,Nudgee,Intersection - Cross,Operating traffic lights,60 km/h,Sealed - Dry,Darkness - Lighted,Straight,Veh'S Same Direction: Rear End,Rear-end,0,0,1,0,1,2,1,0,0,0,0,0
271900,Medical treatment,2014,15,Rear-end,Multi-Vehicle,153.063002,-27.381904,Sandgate Rd,Sandgate Sub-Arterial Rd,Virginia,Nudgee,Intersection - Interchange,No traffic control,0 - 50 km/h,Sealed - Dry,Daylight,Curved - view open,Veh'S Same Direction: Rear End,Rear-end,0,0,1,0,1,2,0,0,0,0,0,0
271901,Medical treatment,2014,13,Rear-end,Multi-Vehicle,153.048763,-27.427878,Lapraik St,Sandgate Rd,Ascot,Clayfield,Intersection - T-Junction,Operating traffic lights,60 km/h,Sealed - Dry,Daylight,Curved - view open,Veh'S Same Direction: Rear End,Rear-end,0,0,1,0,1,2,0,0,0,0,0,0
271902,Medical treatment,2014,16,Rear-end,Multi-Vehicle,153.0091771,-27.43621817,Newmarket Rd,,Newmarket,Stafford,No Roadway Feature,No traffic control,60 km/h,Sealed - Dry,Daylight,Straight,Veh'S Same Direction: Rear End,Rear-end,0,0,1,0,1,2,0,0,0,0,0,0
271924,Hospitalisation,2014,9,Rear-end,Multi-Vehicle,153.0241965,-27.46279534,Leichhardt St,Upper Edward St,Spring Hill,Brisbane Central,No Roadway Feature,Operating traffic lights,60 km/h,Sealed - Dry,Daylight,Straight,Veh'S Same Direction: Rear End,Rear-end,0,1,0,0,1,2,0,0,0,0,0,0
271925,Hospitalisation,2014,4,Angle,Multi-Vehicle,153.032489,-27.461116,Ann St,Antrim St,Fortitude Valley,Brisbane Central,Intersection - T-Junction,No traffic control,60 km/h,Sealed - Dry,Darkness - Lighted,Straight,Veh'S Adjacant Approach: Thru-Left,Intersection from adjacent approaches,0,1,0,0,1,1,0,0,0,1,0,0
271928,Hospitalisation,2014,10,Rear-end,Multi-Vehicle,153.0234261,-27.37606296,Webster Rd,,Aspley,Stafford,Intersection - Cross,Operating traffic lights,70 km/h,Sealed - Dry,Daylight,Straight,Veh'S Same Direction: Rear End,Rear-end,0,1,0,0,1,2,0,0,0,0,0,0
271934,Hospitalisation,2014,21,Rear-end,Multi-Vehicle,153.1111123,-27.39089766,Moreton Dr,,Brisbane Airport,Clayfield,No Roadway Feature,No traffic control,70 km/h,Sealed - Dry,Darkness - Lighted,Straight,Veh'S Same Direction: Rear End,Rear-end,0,1,0,0,1,3,0,0,0,0,0,0
271959,Hospitalisation,2014,7,Angle,Multi-Vehicle,153.0085239,-27.33100124,Gympie Rd,Linkfield Connection Rd,Bald Hills,Aspley,Intersection - Cross,Operating traffic lights,60 km/h,Sealed - Dry,Daylight,Straight,Veh'S Adjacent Approach: Thru-Thru,Intersection from adjacent approaches,0,1,0,0,1,2,0,0,0,0,0,0
271960,Medical treatment,2014,17,Rear-end,Multi-Vehicle,153.033281,-27.410956,Gympie Arterial Rd,,Kedron,Stafford,No Roadway Feature,No traffic control,60 km/h,Sealed - Dry,Daylight,Straight,Veh'S Same Direction: Rear End,Rear-end,0,0,1,0,1,2,0,0,0,0,0,0
271967,Medical treatment,2014,15,Hit parked vehicle,Single Vehicle,153.098927,-27.44075,Gateway Arterial Rd,,Eagle Farm,Clayfield,No Roadway Feature,No traffic control,100 - 110 km/h,Sealed - Dry,Daylight,Straight,Veh'S On Path: Accident Or Broken Down,Hit parked vehicle,0,0,1,0,1,2,0,0,0,0,0,0
271988,Medical treatment,2014,8,Hit object,Single Vehicle,152.92749,-27.480597,Gap Creek Rd,,Mount Coot-tha,Mount Coot-tha,No Roadway Feature,No traffic control,0 - 50 km/h,Sealed - Dry,Daylight,Straight,Off Path-Straight:Right Off Cway Hit Obj,Off carriageway on straight hit object,0,0,1,0,1,1,0,0,0,0,0,0
272022,Medical treatment,2014,8,Angle,Multi-Vehicle,152.934741,-27.458394,Kays Rd,,The Gap,Ashgrove,No Roadway Feature,No traffic control,0 - 50 km/h,Sealed - Dry,Darkness - Lighted,Straight,Off Path-Straight: Left Off Cway Hit Obj,Off carriageway on straight hit object,0,0,1,0,1,1,0,0,0,0,0,0
272023,Medical treatment,2014,7,Angle,Multi-Vehicle,152.988226,-27.467424,Rainworth Rd,,Bardon,Mount Coot-tha,No Roadway Feature,No traffic control,60 km/h,Sealed - Dry,Daylight,Straight,Veh'S Same Direction: Right Turn S/Swipe,Parallel lanes turning,0,0,1,0,1,2,0,0,0,0,0,0