Crash_Ref_Number,Severity,Year,Hour,Crash_Nature,Crash_Type,Longitude,Latitude,Street,Street_Intersecting,Suburb,Loc_State_Electorate,Crash_Roadway_Feature,Crash_Traffic_Control,Crash_Speed_Limit,Crash_Road_Surface_Condition,Crash_Lighting_Condition,Crash_Road_Horiz_Align,Crash_DCA_Description,Crash_DCA_Group_Description,Count_Casualty_Fatality,Count_Casualty_Hospitalised,Count_Casualty_MedicallyTreated,Count_Casualty_MinorInjury,Count_Casualty_Total,Count_Unit_Car,Count_Unit_Motorcycle_Moped,Count_Unit_Truck,Count_Unit_Bus,Count_Unit_Bicycle,Count_Unit_Pedestrian,Count_Unit_Other
272026,Minor injury,2014,8,Angle,Multi-Vehicle,153.047397,-27.371761,Copperfield St,High St,Geebung,Nudgee,Intersection - Cross,Stop sign,60 km/h,Sealed - Dry,Daylight,Straight,Veh'S Adjacant Approach: Thru-Left,Intersection from adjacent approaches,0,0,0,1,1,2,0,0,0,0,0,0
272032,Minor injury,2014,11,Angle,Multi-Vehicle,153.055584,-27.430852,Anthony St,Towers St,Ascot,Clayfield,Intersection - Cross,Stop sign,0 - 50 km/h,Sealed - Dry,Daylight,Straight,Veh'S Adjacent Approach: Thru-Thru,Intersection from adjacent approaches,0,0,0,1,1,2,0,0,0,0,0,0
272033,Medical treatment,2014,17,Angle,Multi-Vehicle,153.042638,-27.42185,Bridge St,Fraser St,Wooloowin,Clayfield,Intersection - Cross,Stop sign,60 km/h,Sealed - Dry,Darkness - Lighted,Straight,Veh'S Adjacent Approach: Thru-Right,Intersection from adjacent approaches,0,0,1,0,1,1,1,0,0,0,0,0
272034,Hospitalisation,2014,18,Sideswipe,Multi-Vehicle,153.0937067,-27.39742305,Gateway Arterial Rd,,Brisbane Airport,Clayfield,No Roadway Feature,No traffic control,100 - 110 km/h,Sealed - Dry,Darkness - Lighted,Straight,Veh'S Same Direction: Lane Side Swipe,Lane changes,0,1,0,0,1,1,0,1,0,0,0,0
272050,Hospitalisation,2014,11,Rear-end,Multi-Vehicle,153.034981,-27.46056,Mclachlan St,,Fortitude Valley,Brisbane Central,Intersection - Interchange,No traffic control,60 km/h,Sealed - Dry,Daylight,Straight,Veh'S Same Direction: Rear End,Rear-end,0,1,0,2,3,5,0,0,0,0,0,0
272051,Medical treatment,2014,14,Hit object,Single Vehicle,152.8824447,-27.47367308,Savages Rd,,Brookfield,Moggill,Bridge/Causeway,No traffic control,0 - 50 km/h,Sealed - Dry,Daylight,Curved - view obscured,Veh'S On Path: Temporary Object On C'Way,Other,0,0,1,0,1,0,0,0,0,1,0,0
272055,Hospitalisation,2014,18,Hit object,Single Vehicle,153.030147,-27.38395,Gympie Arterial Rd,,Chermside,Stafford,Merge Lane,No traffic control,60 km/h,Sealed - Dry,Darkness - Lighted,Straight,Off Path-Straight: Left Off Cway Hit Obj,Off carriageway on straight hit object,0,1,0,0,1,1,0,0,0,0,0,0
272059,Medical treatment,2014,14,Hit object,Single Vehicle,153.063792,-27.408788,Masefield St,Melton Rd,Nundah,Nudgee,No Roadway Feature,No traffic control,0 - 50 km/h,Unsealed - Dry,Daylight,Straight,Veh'S Manoeuvring: Other,Other,0,0,1,0,1,2,0,0,0,0,0,0
272060,Medical treatment,2014,7,Angle,Multi-Vehicle,153.058033,-27.430237,Alexandra Rd,Lancaster Rd,Ascot,Clayfield,Intersection - Roundabout,Give way sign,0 - 50 km/h,Sealed - Dry,Dawn/Dusk,Straight,Veh'S Adjacent Approach: Thru-Thru,Intersection from adjacent approaches,0,0,1,0,1,1,1,0,0,0,0,0
272061,Medical treatment,2014,8,Angle,Multi-Vehicle,152.992343,-27.421144,Glenalva Tce,,Enoggera,Ashgrove,No Roadway Feature,No traffic control,0 - 50 km/h,Sealed - Dry,Daylight,Straight,Veh'S Same Direction: Right Turn S/Swipe,Parallel lanes turning,0,0,1,0,1,2,0,0,0,0,0,0
272078,Minor injury,2014,15,Rear-end,Multi-Vehicle,153.029042,-27.464016,Ann St,,Brisbane City,Brisbane Central,No Roadway Feature,No traffic control,60 km/h,Sealed - Dry,Daylight,Straight,Veh'S Same Direction: Rear End,Rear-end,0,0,0,1,1,3,0,0,0,0,0,0
272080,Hospitalisation,2014,14,Hit object,Single Vehicle,152.895965,-27.536901,Grandview Rd,,Pullenvale,Moggill,No Roadway Feature,No traffic control,60 km/h,Sealed - Dry,Daylight,Straight,Off Path-Straight:Right Off Cway Hit Obj,Off carriageway on straight hit object,0,1,0,0,1,1,0,0,0,0,0,0
272084,Medical treatment,2014,16,Rear-end,Multi-Vehicle,152.995682,-27.355795,Albany Creek Sub-Arterial Rd,,Bridgeman Downs,Aspley,No Roadway Feature,No traffic control,70 km/h,Sealed - Dry,Dawn/Dusk,Straight,Veh'S Same Direction: Rear End,Rear-end,0,0,1,0,1,2,0,0,0,0,0,0
272092,Medical treatment,2014,6,Rear-end,Multi-Vehicle,153.064681,-27.439211,Kingsford Smith Dr,,Hamilton,Clayfield,No Roadway Feature,No traffic control,60 km/h,Sealed - Dry,Daylight,Straight,Veh'S Same Direction: Rear End,Rear-end,0,0,1,0,1,3,0,0,0,0,0,0
272093,Minor injury,2014,16,Angle,Multi-Vehicle,152.977054,-27.412815,Osborne Rd,,Mitchelton,Everton,No Roadway Feature,No traffic control,60 km/h,Sealed - Dry,Daylight,Straight,Veh'S Adjacent Approach: Thru-Right,Intersection from adjacent approaches,0,0,0,1,1,2,0,0,0,0,0,0
272121,Medical treatment,2014,0,Rear-end,Multi-Vehicle,153.032062,-27.460018,Gotha St,,Fortitude Valley,Brisbane Central,Intersection - T-Junction,Give way sign,60 km/h,Sealed - Dry,Darkness - Lighted,Straight,Veh'S Same Direction: Right Rear,Rear-end,0,0,1,0,1,2,0,0,0,0,0,0
272123,Medical treatment,2014,17,Fall from vehicle,Single Vehicle,153.020342,-27.392597,Rode Rd,Webster Rd,Chermside West,Stafford,Intersection - Cross,Operating traffic lights,70 km/h,Sealed - Dry,Darkness - Lighted,Straight,Off Path-Straight:Out Of Control On Cway,Out of control on straight,0,0,1,0,1,0,1,0,0,0,0,1
272126,Medical treatment,2014,13,Rear-end,Multi-Vehicle,153.036383,-27.349715,Beams Rd,,Taigum,Sandgate,No Roadway Feature,No traffic control,60 km/h,Sealed - Dry,Daylight,Straight,Veh'S Same Direction: Rear End,Rear-end,0,0,1,0,1,2,0,0,0,0,0,0
272127,Hospitalisation,2014,16,Angle,Multi-Vehicle,153.0415173,-27.33182967,Denham St,Telegraph Rd,Fitzgibbon,Sandgate,Intersection - T-Junction,Operating traffic lights,60 km/h,Sealed - Dry,Dawn/Dusk,Straight,Veh'S Manoeuvring: Entering From Footway,Vehicle leaving driveway,0,1,0,0,1,1,1,0,0,0,0,0
272134,Minor injury,2014,15,Angle,Multi-Vehicle,153.062671,-27.406677,Atthow Pde,Hows Rd,Nundah,Nudgee,Intersection - Cross,Stop sign,60 km/h,Sealed - Dry,Daylight,Straight,Veh'S Adjacent Approach: Thru-Right,Intersection from adjacent approaches,0,0,0,1,1,2,0,0,0,0,0,0
272135,Hospitalisation,2014,8,Hit pedestrian,Hit pedestrian,153.03154,-27.43526,Legeyt St,Lutwyche Rd,Windsor,Brisbane Central,Intersection - Cross,Operating traffic lights,60 km/h,Sealed - Dry,Daylight,Straight,Ped'N: Near Side Vehicle Hit From Right,Pedestrian,0,1,0,0,1,1,0,0,0,0,1,0
272152,Medical treatment,2014,15,Rear-end,Multi-Vehicle,152.967869,-27.4839561,Western Arterial Rd,,Mount Coot-tha,Mount Coot-tha,No Roadway Feature,No traffic control,60 km/h,Sealed - Dry,Daylight,Curved - view open,Veh'S Same Direction: Rear End,Rear-end,0,0,1,1,2,3,0,0,0,0,0,0
272153,Medical treatment,2014,18,Rear-end,Multi-Vehicle,153.012489,-27.326969,Gympie Arterial Rd,,Bald Hills,Aspley,No Roadway Feature,No traffic control,100 - 110 km/h,Sealed - Dry,Darkness - Lighted,Straight,Veh'S Same Direction: Rear End,Rear-end,0,0,1,0,1,3,0,0,0,0,0,0
272162,Medical treatment,2014,11,Rear-end,Multi-Vehicle,153.016842,-27.357726,Gympie Arterial Rd,,Aspley,Aspley,No Roadway Feature,No traffic control,60 km/h,Sealed - Dry,Daylight,Straight,Veh'S Same Direction: Rear End,Rear-end,0,0,1,0,1,2,0,0,0,0,0,0
272166,Hospitalisation,2014,22,Hit pedestrian,Hit pedestrian,153.043056,-27.428816,Sandgate Rd,,Albion,Clayfield,No Roadway Feature,No traffic control,60 km/h,Sealed - Dry,Darkness - Lighted,Straight,Ped'N: Near Side Vehicle Hit From Right,Pedestrian,0,1,0,0,1,1,0,0,0,0,1,0
272167,Hospitalisation,2014,8,Angle,Multi-Vehicle,152.999862,-27.418379,Shand St,Sicklefield Rd,Enoggera,Stafford,Merge Lane,No traffic control,0 - 50 km/h,Sealed - Dry,Daylight,Straight,Veh'S Same Direction: Lane Change Left,Lane changes,0,1,0,0,1,0,0,2,0,0,0,0
272190,Minor injury,2014,23,Sideswipe,Multi-Vehicle,152.99967,-27.448164,Mossvale St,Waterworks Rd,Ashgrove,Ashgrove,Intersection - T-Junction,No traffic control,60 km/h,Sealed - Dry,Darkness - Lighted,Straight,Veh'S Same Direction: Lane Change Right,Lane changes,0,0,0,1,1,2,0,0,0,0,0,0
272193,Hospitalisation,2014,20,Angle,Multi-Vehicle,153.037614,-27.447715,Abbotsford Rd,Campbell St,Bowen Hills,Brisbane Central,Intersection - Cross,Operating traffic lights,60 km/h,Sealed - Dry,Darkness - Lighted,Straight,Veh'S Adjacent Approach: Thru-Thru,Intersection from adjacent approaches,0,1,0,0,1,2,0,0,0,0,0,0
272195,Minor injury,2014,11,Rear-end,Multi-Vehicle,153.021316,-27.384205,Hamilton Rd,Webster Rd,Chermside West,Aspley,Intersection - Roundabout,Give way sign,60 km/h,Sealed - Dry,Daylight,Straight,Veh'S Same Direction: Rear End,Rear-end,0,0,0,1,1,2,0,0,0,0,0,0
272196,Medical treatment,2014,12,Rear-end,Multi-Vehicle,153.020688,-27.371312,Gympie Arterial Rd,,Aspley,Aspley,No Roadway Feature,No traffic control,70 km/h,Sealed - Dry,Daylight,Straight,Veh'S Same Direction: Rear End,Rear-end,0,0,2,0,2,3,0,0,0,0,0,0
272224,Medical treatment,2014,15,Angle,Multi-Vehicle,152.963131,-27.502556,Moggill Rd,Moggill Sub-Arterial Rd,Indooroopilly,Indooroopilly,Intersection - Interchange,Operating traffic lights,60 km/h,Sealed - Dry,Daylight,Straight,Veh'S Adjacent Approach: Thru-Right,Intersection from adjacent approaches,0,0,2,0,2,2,0,0,0,0,0,0
272237,Medical treatment,2014,8,Angle,Multi-Vehicle,153.067963,-27.434605,Dobson St,Seymour Rd,Ascot,Clayfield,Intersection - Cross,Stop sign,60 km/h,Sealed - Dry,Daylight,Straight,Veh'S Adjacent Approach: Thru-Thru,Intersection from adjacent approaches,0,0,2,0,2,2,0,0,0,0,0,0
272238,Medical treatment,2014,12,Rear-end,Multi-Vehicle,153.092686,-27.359213,Gateway Arterial Rd,,Nudgee Beach,Nudgee,No Roadway Feature,No traffic control,100 - 110 km/h,Sealed - Dry,Daylight,Straight,Veh'S Same Direction: Rear End,Rear-end,0,0,1,0,1,4,0,0,0,0,0,0
272255,Minor injury,2014,7,Rear-end,Multi-Vehicle,153.011237,-27.462358,Hale St,,Paddington,Mount Coot-tha,No Roadway Feature,No traffic control,60 km/h,Sealed - Dry,Daylight,Straight,Veh'S Same Direction: Rear End,Rear-end,0,0,0,1,1,2,0,0,0,0,0,0
272256,Medical treatment,2014,15,Rear-end,Multi-Vehicle,153.032211,-27.45893,Wickham St,,Fortitude Valley,Brisbane Central,No Roadway Feature,No traffic control,60 km/h,Sealed - Dry,Daylight,Straight,Veh'S Same Direction: Rear End,Rear-end,0,0,1,0,1,1,1,0,0,0,0,0
272259,Medical treatment,2014,11,Hit object,Single Vehicle,153.009976,-27.494412,Sir Fred Schonell Dr,,St Lucia,Indooroopilly,No Roadway Feature,No traffic control,0 - 50 km/h,Sealed - Dry,Daylight,Straight,Veh'S Manoeuvring: Other,Other,0,0,1,0,1,2,0,0,0,0,0,0
272260,Medical treatment,2014,8,Hit pedestrian,Hit pedestrian,152.974343,-27.502038,Riverview Tce,Station Rd,Indooroopilly,Indooroopilly,Intersection - T-Junction,Operating traffic lights,0 - 50 km/h,Sealed - Dry,Daylight,Curved - view open,Ped'N: Far Side Vehicle Hit From Left,Pedestrian,0,0,1,0,1,1,0,0,0,0,1,0
272261,Medical treatment,2014,18,Angle,Multi-Vehicle,152.948001,-27.507484,Cedarleigh Rd,Marshall La,Kenmore,Moggill,Intersection - Cross,Operating traffic lights,60 km/h,Sealed - Dry,Darkness - Lighted,Straight,Veh'S Opposite Approach: Thru-Right,Opposing vehicles turning,0,0,1,0,1,1,1,0,0,0,0,0
272263,Hospitalisation,2014,17,Angle,Multi-Vehicle,153.0119428,-27.40985205,East - West Arterial Rd,,Stafford,Stafford,No Roadway Feature,No traffic control,60 km/h,Sealed - Dry,Dawn/Dusk,Straight,Veh'S Manoeuvring: Other,Other,0,1,0,0,1,1,0,0,0,1,0,0
272265,Minor injury,2014,22,Hit object,Single Vehicle,153.014117,-27.375698,Maundrell Tce,Pie St,Aspley,Aspley,Intersection - T-Junction,No traffic control,60 km/h,Sealed - Dry,Darkness - Lighted,Straight,Off Path-Straight: Left Off Cway Hit Obj,Off carriageway on straight hit object,0,0,0,1,1,1,0,0,0,0,0,0
272266,Hospitalisation,2014,9,Rear-end,Multi-Vehicle,153.0166813,-27.35633697,Gympie Arterial Rd,Zillmere Rd,Aspley,Aspley,Intersection - T-Junction,Give way sign,60 km/h,Sealed - Dry,Daylight,Curved - view open,Veh'S Same Direction: Left Rear,Rear-end,0,1,0,0,1,1,0,0,1,0,0,0
272275,Hospitalisation,2014,4,Hit object,Single Vehicle,152.9451177,-27.41376884,Samford Sub-Arterial Rd,,Keperra,Ferny Grove,No Roadway Feature,No traffic control,70 km/h,Sealed - Dry,Darkness - Lighted,Straight,Off Path-Straight: Left Off Cway Hit Obj,Off carriageway on straight hit object,0,1,0,0,1,2,0,0,0,0,0,0
272289,Medical treatment,2014,15,Fall from vehicle,Single Vehicle,153.033921,-27.453669,St Pauls Tce,,Fortitude Valley,Brisbane Central,No Roadway Feature,No traffic control,60 km/h,Sealed - Dry,Daylight,Straight,Off Path-Straight:Out Of Control On Cway,Out of control on straight,0,0,1,0,1,1,1,0,0,0,0,0
272290,Minor injury,2014,17,Rear-end,Multi-Vehicle,152.9648219,-27.50172608,Moggill Rd,,Indooroopilly,Indooroopilly,No Roadway Feature,No traffic control,60 km/h,Sealed - Dry,Dawn/Dusk,Straight,Veh'S Same Direction: Rear End,Rear-end,0,0,0,1,1,2,0,0,0,0,0,0
272291,Medical treatment,2014,8,Angle,Multi-Vehicle,153.068675,-27.321382,Kennerley St,Rainbow St,Sandgate,Sandgate,Intersection - T-Junction,No traffic control,60 km/h,Sealed - Wet,Daylight,Straight,Veh'S Opposite Approach: Thru-Right,Opposing vehicles turning,0,0,1,0,1,2,0,0,0,0,0,0
272328,Medical treatment,2014,9,Rear-end,Multi-Vehicle,152.96292,-27.500335,Western Arterial Rd,,Indooroopilly,Indooroopilly,Intersection - Interchange,No traffic control,80 - 90 km/h,Sealed - Dry,Daylight,Curved - view open,Veh'S Same Direction: Rear End,Rear-end,0,0,1,0,1,3,0,0,0,0,0,0
272331,Hospitalisation,2014,22,Angle,Multi-Vehicle,153.0316823,-27.40388334,Gympie Arterial Rd,Strathmore St,Kedron,Stafford,Intersection - Cross,Operating traffic lights,60 km/h,Sealed - Dry,Darkness - Lighted,Straight,Veh'S Adjacent Approach: Thru-Thru,Intersection from adjacent approaches,0,2,0,0,2,2,0,0,0,0,0,0
272345,Medical treatment,2014,14,Rear-end,Multi-Vehicle,153.059379,-27.410426,Sandgate Sub-Arterial Rd,,Nundah,Nudgee,No Roadway Feature,No traffic control,60 km/h,Sealed - Dry,Daylight,Straight,Veh'S Same Direction: Rear End,Rear-end,0,0,2,0,2,3,0,0,0,0,0,0
272346,Hospitalisation,2014,17,Angle,Multi-Vehicle,152.996371,-27.423755,Cole St,Samford Rd,Alderley,Ashgrove,Intersection - T-Junction,No traffic control,60 km/h,Sealed - Dry,Dawn/Dusk,Straight,Veh'S Manoeuvring: Leaving Driveway,Vehicle leaving driveway,0,1,0,0,1,2,0,0,0,0,0,0
272372,Minor injury,2014,18,Rear-end,Multi-Vehicle,152.952453,-27.50803,Moggill Sub-Arterial Rd,,Chapel Hill,Moggill,No Roadway Feature,No traffic control,0 - 50 km/h,Sealed - Dry,Dawn/Dusk,Straight,Veh'S Same Direction: Rear End,Rear-end,0,0,0,2,2,3,0,0,0,0,0,0
272375,Medical treatment,2014,19,Hit object,Single Vehicle,153.011994,-27.329893,Gympie Arterial Rd,,Bald Hills,Aspley,No Roadway Feature,No traffic control,100 - 110 km/h,Sealed - Dry,Darkness - Lighted,Straight,Off Path-Straight:Right Off Cway Hit Obj,Off carriageway on straight hit object,0,0,3,0,3,1,0,0,0,0,0,0
272383,Hospitalisation,2014,6,Hit pedestrian,Hit pedestrian,153.071054,-27.435906,Nudgee Rd,Stevenson St,Hamilton,Clayfield,Intersection - T-Junction,No traffic control,60 km/h,Sealed - Dry,Dawn/Dusk,Straight,Ped'N: Far Side Vehicle Hit From Left,Pedestrian,0,1,0,0,1,1,0,0,0,0,1,0
272414,Medical treatment,2014,16,Rear-end,Multi-Vehicle,153.0128635,-27.3827958,Maundrell Tce,,Chermside West,Aspley,No Roadway Feature,No traffic control,60 km/h,Sealed - Dry,Daylight,Straight,Veh'S Same Direction: Rear End,Rear-end,0,0,3,0,3,0,0,1,1,0,0,0
272439,Medical treatment,2014,14,Hit pedestrian,Hit pedestrian,153.026932,-27.468331,Edward St,Queen St,Brisbane City,Brisbane Central,Intersection - T-Junction,Operating traffic lights,0 - 50 km/h,Sealed - Dry,Daylight,Straight,Ped'N: Near Side Vehicle Hit From Right,Pedestrian,0,0,1,0,1,1,0,0,0,0,1,0
272440,Hospitalisation,2014,0,Hit parked vehicle,Single Vehicle,153.019273,-27.445753,Fleming Rd,,Herston,Brisbane Central,No Roadway Feature,No traffic control,0 - 50 km/h,Sealed - Dry,Darkness - Lighted,Straight,Veh'S On Path: Parked,Hit parked vehicle,0,1,0,0,1,2,0,0,0,0,0,0
272442,Medical treatment,2014,16,Rear-end,Multi-Vehicle,153.017072,-27.3639,Albany Creek Sub-Arterial Rd,Gympie Arterial Rd,Aspley,Aspley,Intersection - T-Junction,No traffic control,60 km/h,Sealed - Dry,Daylight,Curved - view obscured,Veh'S Same Direction: Left Rear,Rear-end,0,0,1,0,1,2,0,0,0,0,0,0
272443,Hospitalisation,2014,16,Hit object,Single Vehicle,152.993878,-27.355543,Beckett Rd,,Bridgeman Downs,Aspley,No Roadway Feature,No traffic control,60 km/h,Sealed - Dry,Daylight,Straight,Off Path-Straight: Left Off Cway Hit Obj,Off carriageway on straight hit object,0,1,0,0,1,1,0,0,0,0,0,0
272472,Medical treatment,2014,7,Angle,Multi-Vehicle,152.977887,-27.459542,Chiswick Rd,Simpsons Rd,Bardon,Mount Coot-tha,Intersection - Cross,No traffic control,0 - 50 km/h,Sealed - Dry,Daylight,Straight,Veh'S Manoeuvring: Entering From Footway,Vehicle leaving driveway,0,0,1,0,1,1,0,0,0,1,0,0
272497,Hospitalisation,2014,12,Hit object,Single Vehicle,153.031479,-27.40272632,Gympie Arterial Rd,,Kedron,Stafford,No Roadway Feature,No traffic control,60 km/h,Sealed - Dry,Daylight,Straight,Veh'S Manoeuvring: Rev Into Fixed Object,Other,0,1,0,0,1,1,0,0,1,0,0,0
272505,Minor injury,2014,17,Rear-end,Multi-Vehicle,153.019691,-27.432262,Kedron Brook Rd,,Wilston,Stafford,No Roadway Feature,No traffic control,0 - 50 km/h,Sealed - Dry,Dawn/Dusk,Straight,Veh'S Same Direction: Rear End,Rear-end,0,0,0,2,2,2,0,0,0,0,0,0
272531,Medical treatment,2014,15,Rear-end,Multi-Vehicle,153.030643,-27.457177,Gipps St,St Pauls Tce,Fortitude Valley,Brisbane Central,Intersection - T-Junction,Give way sign,0 - 50 km/h,Sealed - Dry,Daylight,Curved - view open,Veh'S Same Direction: Left Rear,Rear-end,0,0,1,0,1,2,0,0,0,0,0,0
272533,Medical treatment,2014,22,Sideswipe,Multi-Vehicle,153.0458289,-27.31298155,Gateway Arterial Rd,,Bracken Ridge,Sandgate,No Roadway Feature,No traffic control,100 - 110 km/h,Sealed - Wet,Darkness - Lighted,Curved - view open,Veh'S Same Direction: Lane Change Left,Lane changes,0,0,1,0,1,1,0,1,0,0,0,0
272535,Hospitalisation,2014,10,Angle,Multi-Vehicle,153.017076,-27.365203,Albany Creek Sub-Arterial Rd,Gympie Arterial Rd,Aspley,Aspley,Intersection - T-Junction,Operating traffic lights,70 km/h,Sealed - Dry,Daylight,Straight,Veh'S Adjacent Approach: Thru-Right,Intersection from adjacent approaches,0,1,0,0,1,1,1,0,0,0,0,0
272536,Hospitalisation,2014,18,Angle,Multi-Vehicle,152.9888926,-27.37956333,Beckett Rd,Hamilton Rd,Mcdowall,Aspley,Intersection - Cross,Operating traffic lights,60 km/h,Sealed - Wet,Darkness - Lighted,Straight,Veh'S Opposite Approach: Thru-Right,Opposing vehicles turning,0,2,2,0,4,2,0,0,0,0,0,0
272541,Hospitalisation,2014,8,Hit parked vehicle,Single Vehicle,153.021753,-27.434339,Kedron Brook Rd,,Wilston,Stafford,No Roadway Feature,No traffic control,0 - 50 km/h,Sealed - Dry,Daylight,Straight,Off Path-Straight: Left Off Cway Hit Obj,Off carriageway on straight hit object,0,1,0,0,1,1,1,0,0,0,0,0
272542,Medical treatment,2014,10,Hit pedestrian,Hit pedestrian,153.034003,-27.421575,Lutwyche Rd,,Lutwyche,Clayfield,No Roadway Feature,No traffic control,60 km/h,Sealed - Dry,Daylight,Straight,Ped'N: Far Side Vehicle Hit From Left,Pedestrian,0,0,1,0,1,0,0,0,0,0,1,1
272571,Hospitalisation,2014,15,Angle,Multi-Vehicle,152.97744,-27.47157,Birdwood Tce,Richer St,Toowong,Mount Coot-tha,Intersection - T-Junction,No traffic control,0 - 50 km/h,Sealed - Dry,Dawn/Dusk,Curved - view open,Veh'S Opposite Approach: Thru-Right,Opposing vehicles turning,0,1,0,0,1,1,1,0,0,0,0,0
272572,Hospitalisation,2014,7,Rear-end,Multi-Vehicle,152.990521,-27.487575,High St,,Toowong,Mount Coot-tha,No Roadway Feature,No traffic control,60 km/h,Sealed - Dry,Daylight,Straight,Veh'S Same Direction: Rear End,Rear-end,0,1,0,0,1,1,1,0,0,0,0,0
272577,Hospitalisation,2014,10,Fall from vehicle,Single Vehicle,153.021117,-27.3522369,Dorville Rd,,Carseldine,Aspley,No Roadway Feature,No traffic control,60 km/h,Sealed - Dry,Daylight,Straight,Pass & Misc: Fell In/From Vehicle,Other,0,0,0,0,0,1,0,0,0,0,0,0
272582,Hospitalisation,2014,20,Hit pedestrian,Hit pedestrian,153.030921,-27.435114,Eildon Rd,,Windsor,Brisbane Central,No Roadway Feature,No traffic control,0 - 50 km/h,Sealed - Dry,Darkness - Lighted,Straight,Ped'N: Far Side Vehicle Hit From Left,Pedestrian,0,1,0,0,1,1,0,0,0,0,1,0
272583,Minor injury,2014,17,Rear-end,Multi-Vehicle,152.991405,-27.4199238,Western Arterial Rd,,Enoggera,Ashgrove,No Roadway Feature,No traffic control,60 km/h,Sealed - Dry,Dawn/Dusk,Straight,Veh'S Same Direction: Rear End,Rear-end,0,0,0,1,1,3,0,0,0,0,0,0
272605,Medical treatment,2014,16,Rear-end,Multi-Vehicle,153.010862,-27.464894,Hale St,,Petrie Terrace,Mount Coot-tha,No Roadway Feature,No traffic control,60 km/h,Sealed - Dry,Daylight,Straight,Veh'S Same Direction: Rear End,Rear-end,0,0,1,0,1,2,0,0,0,0,0,0
272608,Hospitalisation,2014,17,Fall from vehicle,Single Vehicle,153.035897,-27.45517,Wickham St,,Fortitude Valley,Brisbane Central,No Roadway Feature,No traffic control,60 km/h,Sealed - Dry,Daylight,Straight,Off Path-Straight:Out Of Control On Cway,Out of control on straight,0,1,0,0,1,0,1,0,0,0,0,0
272609,Medical treatment,2014,17,Sideswipe,Multi-Vehicle,153.033042,-27.44674,Clem 7,,Bowen Hills,Brisbane Central,Intersection - Interchange,No traffic control,80 - 90 km/h,Sealed - Dry,Dawn/Dusk,Straight,Veh'S Same Direction: Other,Other,0,0,1,0,1,2,0,0,0,0,0,0
272614,Medical treatment,2014,7,Rear-end,Multi-Vehicle,153.036993,-27.366249,Murphy Rd,,Zillmere,Nudgee,No Roadway Feature,No traffic control,60 km/h,Sealed - Dry,Daylight,Straight,Veh'S Same Direction: Rear End,Rear-end,0,0,1,0,1,2,0,0,0,0,0,0
272615,Hospitalisation,2014,6,Rear-end,Multi-Vehicle,153.010363,-27.339116,Gympie Arterial Rd,,Carseldine,Aspley,No Roadway Feature,No traffic control,80 - 90 km/h,Sealed - Dry,Daylight,Straight,Veh'S Same Direction: Rear End,Rear-end,0,1,0,0,1,4,0,0,0,0,0,0
272647,Medical treatment,2014,13,Rear-end,Multi-Vehicle,153.010169,-27.44776,Kelvin Grove Rd,Park St,Kelvin Grove,Brisbane Central,Intersection - T-Junction,No traffic control,60 km/h,Sealed - Dry,Daylight,Straight,Veh'S Same Direction: Rear End,Rear-end,0,0,1,0,1,2,0,0,0,0,0,0
272648,Medical treatment,2014,14,Angle,Multi-Vehicle,152.985673,-27.457439,Northam Ave,Western Arterial Rd,Bardon,Mount Coot-tha,Intersection - T-Junction,No traffic control,60 km/h,Sealed - Dry,Daylight,Curved - view open,Veh'S Opposite Approach: Thru-Right,Opposing vehicles turning,0,0,1,0,1,2,0,0,0,0,0,0
272649,Medical treatment,2014,18,Rear-end,Multi-Vehicle,153.0227977,-27.47258767,South East Arterial Rd,,Brisbane City,Brisbane Central,No Roadway Feature,No traffic control,70 km/h,Sealed - Dry,Darkness - Lighted,Straight,Veh'S Same Direction: Rear End,Rear-end,0,0,1,0,1,2,0,0,0,0,0,0
272650,Medical treatment,2014,14,Rear-end,Multi-Vehicle,153.027002,-27.477971,South East Arterial Rd,,Brisbane City,Brisbane Central,Bridge/Causeway,No traffic control,80 - 90 km/h,Sealed - Dry,Daylight,Straight,Veh'S Same Direction: Rear End,Rear-end,0,0,1,0,1,3,0,0,0,0,0,0
272651,Minor injury,2014,9,Sideswipe,Multi-Vehicle,152.957537,-27.5126,Western Arterial Rd,,Indooroopilly,Moggill,No Roadway Feature,No traffic control,100 - 110 km/h,Sealed - Dry,Daylight,Straight,Veh'S Same Direction: Lane Side Swipe,Lane changes,0,0,0,1,1,2,0,0,0,0,0,0
272652,Hospitalisation,2014,1,Hit parked vehicle,Single Vehicle,153.063861,-27.312027,Wakefield St,,Sandgate,Sandgate,No Roadway Feature,No traffic control,0 - 50 km/h,Sealed - Dry,Daylight,Straight,Veh'S On Path: Parked,Hit parked vehicle,0,1,0,0,1,2,0,0,0,0,0,0
272653,Minor injury,2014,13,Rear-end,Multi-Vehicle,153.041461,-27.341603,Handford Rd,,Taigum,Sandgate,No Roadway Feature,No traffic control,60 km/h,Sealed - Dry,Daylight,Straight,Veh'S Same Direction: Rear End,Rear-end,0,0,0,1,1,3,0,0,0,0,0,0
272654,Minor injury,2014,6,Rear-end,Multi-Vehicle,153.050246,-27.361266,Muller Rd,Zillmere Rd,Zillmere,Nudgee,Intersection - T-Junction,No traffic control,60 km/h,Sealed - Wet,Dawn/Dusk,Straight,Veh'S Same Direction: Right Rear,Rear-end,0,0,0,1,1,2,0,0,0,0,0,0