Crash_Ref_Number,Severity,Year,Hour,Crash_Nature,Crash_Type,Longitude,Latitude,Street,Street_Intersecting,Suburb,Loc_State_Electorate,Crash_Roadway_Feature,Crash_Traffic_Control,Crash_Speed_Limit,Crash_Road_Surface_Condition,Crash_Lighting_Condition,Crash_Road_Horiz_Align,Crash_DCA_Description,Crash_DCA_Group_Description,Count_Casualty_Fatality,Count_Casualty_Hospitalised,Count_Casualty_MedicallyTreated,Count_Casualty_MinorInjury,Count_Casualty_Total,Count_Unit_Car,Count_Unit_Motorcycle_Moped,Count_Unit_Truck,Count_Unit_Bus,Count_Unit_Bicycle,Count_Unit_Pedestrian,Count_Unit_Other
272655,Hospitalisation,2014,9,Hit object,Single Vehicle,153.029684,-27.379969,Gympie Arterial Rd,,Chermside,Nudgee,No Roadway Feature,No traffic control,60 km/h,Sealed - Dry,Daylight,Straight,Off Path-Straight:Out Of Control On Cway,Out of control on straight,0,1,0,0,1,0,1,0,0,0,0,0
272657,Medical treatment,2014,14,Angle,Multi-Vehicle,153.031449,-27.444356,Lutwyche Rd,,Windsor,Brisbane Central,Intersection - Interchange,No traffic control,0 - 50 km/h,Sealed - Dry,Daylight,Curved - view open,Veh'S Same Direction: Lane Change Right,Lane changes,0,0,2,0,2,2,0,0,0,0,0,0
272658,Medical treatment,2014,13,Rear-end,Multi-Vehicle,153.07068,-27.437534,Kingsford Smith Dr,Nudgee Rd,Hamilton,Clayfield,Intersection - Cross,Operating traffic lights,60 km/h,Sealed - Dry,Daylight,Straight,Veh'S Same Direction: Rear End,Rear-end,0,0,1,0,1,3,0,0,0,0,0,0
272659,Hospitalisation,2014,14,Angle,Multi-Vehicle,153.030009,-27.443147,Lutwyche Rd,,Windsor,Brisbane Central,Intersection - T-Junction,Operating traffic lights,60 km/h,Sealed - Dry,Daylight,Straight,Veh'S Adjacent Approach: Thru-Right,Intersection from adjacent approaches,0,2,0,0,2,2,0,0,0,0,0,0
272660,Medical treatment,2014,12,Angle,Multi-Vehicle,153.064864,-27.402371,Melton Rd,York St,Nundah,Nudgee,Intersection - Cross,Stop sign,60 km/h,Sealed - Dry,Daylight,Straight,Veh'S Adjacent Approach: Right-Thru,Intersection from adjacent approaches,0,0,1,0,1,1,0,1,0,0,0,0
272697,Medical treatment,2014,17,Angle,Multi-Vehicle,153.018854,-27.46000567,Boundary St,Gregory Tce,Spring Hill,Brisbane Central,Intersection - T-Junction,Operating traffic lights,0 - 50 km/h,Sealed - Wet,Darkness - Lighted,Curved - view open,Veh'S Opposite Approach: Thru-Right,Opposing vehicles turning,0,0,1,1,2,2,0,0,0,0,0,0
272726,Fatal,2014,23,Angle,Multi-Vehicle,153.031221,-27.462288,Ann St,Queen St,Brisbane City,Brisbane Central,Intersection - Cross,Operating traffic lights,0 - 50 km/h,Sealed - Dry,Darkness - Lighted,Straight,Veh'S Adjacent Approach: Thru-Thru,Intersection from adjacent approaches,1,0,0,1,2,1,1,0,0,0,0,0
272728,Medical treatment,2014,9,Angle,Multi-Vehicle,152.950649,-27.52445,Kenmore Rd,Norman St,Fig Tree Pocket,Indooroopilly,Intersection - Roundabout,Give way sign,60 km/h,Sealed - Dry,Daylight,Curved - view open,Veh'S Opposite Approach: Right-Right,Opposing vehicles turning,0,0,1,0,1,1,0,0,0,1,0,0
272735,Hospitalisation,2014,16,Hit object,Single Vehicle,152.942992,-27.41303267,Samford Sub-Arterial Rd,Upper Kedron Rd,Keperra,Ferny Grove,Intersection - T-Junction,Operating traffic lights,70 km/h,Sealed - Dry,Daylight,Curved - view open,Off Path-Curve: Mounts Traffic Island,Off carriageway on curve hit object,0,1,0,0,1,1,0,0,0,0,0,0
272758,Hospitalisation,2014,17,Angle,Multi-Vehicle,152.994983,-27.445602,Betheden Tce,Waterworks Rd,Ashgrove,Ashgrove,Intersection - T-Junction,Give way sign,60 km/h,Sealed - Dry,Dawn/Dusk,Straight,Veh'S Adjacent Approach: Thru-Right,Intersection from adjacent approaches,0,1,0,0,1,1,1,0,0,0,0,0
272760,Medical treatment,2014,12,Rear-end,Multi-Vehicle,153.034245,-27.459593,Kemp Pl,,Fortitude Valley,Brisbane Central,Intersection - Interchange,Give way sign,60 km/h,Sealed - Dry,Daylight,Curved - view open,Veh'S Same Direction: Left Rear,Rear-end,0,0,1,0,1,2,0,0,0,0,0,0
272784,Hospitalisation,2014,18,Rear-end,Multi-Vehicle,152.9437453,-27.439924,Bromwich St,Settlement Rd,The Gap,Ashgrove,Intersection - T-Junction,No traffic control,60 km/h,Sealed - Dry,Darkness - Lighted,Straight,Veh'S Same Direction: Rear End,Rear-end,0,1,0,0,1,1,1,0,0,0,0,0
272785,Hospitalisation,2014,9,Angle,Multi-Vehicle,153.037834,-27.453423,Brookes St,Wickham St,Fortitude Valley,Brisbane Central,Intersection - Cross,Operating traffic lights,60 km/h,Sealed - Dry,Daylight,Straight,Veh'S Adjacent Approach: Thru-Thru,Intersection from adjacent approaches,0,1,1,0,2,2,0,0,0,0,0,0
272786,Hospitalisation,2014,17,Hit object,Single Vehicle,152.9413748,-27.48939558,Tillbrook St,,Chapel Hill,Moggill,No Roadway Feature,No traffic control,0 - 50 km/h,Sealed - Dry,Daylight,Curved - view open,Off Path-Curve: Off Cway Rt Bend Hit Obj,Off carriageway on curve hit object,0,1,0,0,1,0,1,0,0,0,0,0
272788,Hospitalisation,2014,16,Rear-end,Multi-Vehicle,153.021328,-27.384212,Hamilton Rd,Webster Rd,Chermside West,Aspley,Intersection - Roundabout,Give way sign,60 km/h,Sealed - Dry,Daylight,Straight,Veh'S Same Direction: Rear End,Rear-end,0,1,0,0,1,2,0,0,0,0,0,0
272789,Hospitalisation,2014,14,Rear-end,Multi-Vehicle,153.059964,-27.346706,Sandgate Sub-Arterial Rd,,Boondall,Nudgee,No Roadway Feature,No traffic control,60 km/h,Sealed - Dry,Daylight,Straight,Veh'S Same Direction: Rear End,Rear-end,0,3,0,0,3,3,0,0,0,0,0,1
272791,Hospitalisation,2014,22,Fall from vehicle,Single Vehicle,152.998277,-27.38918,Rode Rd,,Mcdowall,Everton,No Roadway Feature,No traffic control,60 km/h,Sealed - Dry,Darkness - Lighted,Straight,Off Path-Straight:Out Of Control On Cway,Out of control on straight,0,1,0,0,1,0,1,0,0,0,0,0
272793,Minor injury,2014,14,Rear-end,Multi-Vehicle,152.807071,-27.549387,Bundoora Dr,Mount Crosby Rd,Karana Downs,Moggill,No Roadway Feature,No traffic control,60 km/h,Sealed - Dry,Daylight,Straight,Veh'S Same Direction: Right Rear,Rear-end,0,0,0,1,1,2,0,0,0,0,0,0
272797,Medical treatment,2014,11,Fall from vehicle,Single Vehicle,153.031896,-27.40388333,Castle St,Gympie Arterial Rd,Kedron,Clayfield,Intersection - Cross,Operating traffic lights,60 km/h,Sealed - Dry,Daylight,Straight,Veh'S Same Direction: Rear End,Rear-end,0,0,1,0,1,1,1,0,0,0,0,0
272798,Medical treatment,2014,16,Rear-end,Multi-Vehicle,153.005856,-27.434403,Enoggera Rd,,Newmarket,Stafford,No Roadway Feature,No traffic control,60 km/h,Sealed - Dry,Daylight,Straight,Veh'S Same Direction: Rear End,Rear-end,0,0,1,2,3,3,0,0,0,0,0,0
272799,Hospitalisation,2014,8,Angle,Multi-Vehicle,152.977771,-27.40073,Hornby St,Pullen Rd,Everton Park,Everton,Intersection - T-Junction,No traffic control,60 km/h,Sealed - Dry,Daylight,Curved - view open,Veh'S Manoeuvring: Entering From Footway,Vehicle leaving driveway,0,1,0,0,1,1,1,0,0,0,0,0
272800,Hospitalisation,2014,8,Angle,Multi-Vehicle,152.9869596,-27.40161694,Everton Park - Albany Creek Rd,Halle St,Everton Park,Everton,Intersection - T-Junction,Give way sign,60 km/h,Sealed - Dry,Daylight,Curved - view open,Veh'S Opposite Approach: Thru-Right,Opposing vehicles turning,0,1,0,0,1,2,0,0,0,0,0,0
272826,Minor injury,2014,9,Fall from vehicle,Single Vehicle,153.0303307,-27.46573167,Eagle St,Queen St,Brisbane City,Brisbane Central,Intersection - Cross,Operating traffic lights,0 - 50 km/h,Sealed - Dry,Daylight,Straight,Veh'S Same Direction: Right Turn S/Swipe,Parallel lanes turning,0,0,0,1,1,1,0,0,0,1,0,0
272833,Medical treatment,2014,12,Angle,Multi-Vehicle,153.013873,-27.363509,Albany Creek Sub-Arterial Rd,,Aspley,Aspley,Intersection - T-Junction,Operating traffic lights,0 - 50 km/h,Sealed - Dry,Daylight,Straight,Veh'S Adjacent Approach: Thru-Right,Intersection from adjacent approaches,0,0,1,0,1,2,0,0,0,0,0,0
272834,Hospitalisation,2014,8,Hit pedestrian,Hit pedestrian,153.03645,-27.369073,Murphy Rd,,Geebung,Nudgee,No Roadway Feature,No traffic control,60 km/h,Sealed - Dry,Daylight,Straight,Ped'N: Near Side Vehicle Hit From Right,Pedestrian,0,1,0,0,1,1,0,0,0,0,1,0
272835,Medical treatment,2014,15,Rear-end,Multi-Vehicle,153.06293,-27.380243,Sandgate Sub-Arterial Rd,,Virginia,Nudgee,Bridge/Causeway,No traffic control,60 km/h,Sealed - Dry,Daylight,Straight,Veh'S Same Direction: Rear End,Rear-end,0,0,1,1,2,3,0,0,0,0,0,0
272836,Medical treatment,2014,17,Angle,Multi-Vehicle,152.998976,-27.3939,Parton St,Trouts Rd,Stafford Heights,Stafford,Intersection - T-Junction,No traffic control,60 km/h,Sealed - Dry,Darkness - Lighted,Straight,Veh'S Opposite Approach: Thru-Right,Opposing vehicles turning,0,0,1,0,1,2,0,0,0,0,0,0
272862,Hospitalisation,2014,17,Hit pedestrian,Hit pedestrian,153.048333,-27.452658,Skyring Tce,Vernon Tce,Teneriffe,Brisbane Central,Intersection - T-Junction,Pedestrian crossing sign,60 km/h,Sealed - Dry,Dawn/Dusk,Straight,Ped'N: Far Side Vehicle Hit From Left,Pedestrian,0,1,0,0,1,1,0,0,0,0,1,0
272865,Medical treatment,2014,18,Rear-end,Multi-Vehicle,153.018448,-27.402269,Webster Rd,,Stafford Heights,Stafford,No Roadway Feature,No traffic control,60 km/h,Sealed - Dry,Dawn/Dusk,Straight,Veh'S Same Direction: Rear End,Rear-end,0,0,1,0,1,3,0,0,0,0,0,0
272876,Hospitalisation,2014,15,Angle,Multi-Vehicle,153.066097,-27.385098,Harold St,Toombul Rd,Virginia,Nudgee,Intersection - T-Junction,No traffic control,60 km/h,Sealed - Dry,Daylight,Straight,Veh'S Opposite Approach: Thru-Right,Opposing vehicles turning,0,1,0,0,1,2,0,0,0,0,0,0
272877,Medical treatment,2014,11,Rear-end,Multi-Vehicle,153.034023,-27.412383,East - West Arterial Rd,,Kedron,Clayfield,Intersection - T-Junction,Operating traffic lights,60 km/h,Sealed - Dry,Daylight,Curved - view open,Veh'S Same Direction: Rear End,Rear-end,0,0,1,0,1,1,0,1,0,0,0,0
272892,Medical treatment,2014,11,Rear-end,Multi-Vehicle,153.011038,-27.449866,Kelvin Grove Rd,,Kelvin Grove,Mount Coot-tha,No Roadway Feature,No traffic control,60 km/h,Sealed - Dry,Daylight,Curved - view open,Veh'S Same Direction: Rear End,Rear-end,0,0,1,0,1,2,0,0,0,0,0,0
272893,Medical treatment,2014,8,Rear-end,Multi-Vehicle,152.966215,-27.502329,Goldieslie Rd,Isles Rd,Indooroopilly,Indooroopilly,Intersection - Y-Junction,No traffic control,0 - 50 km/h,Sealed - Dry,Daylight,Curved - view open,Veh'S Same Direction: Right Rear,Rear-end,0,0,1,0,1,2,0,0,0,0,0,0
272894,Hospitalisation,2014,19,Angle,Multi-Vehicle,152.951948,-27.494841,Burbong St,Chapel Hill Rd,Chapel Hill,Moggill,Intersection - T-Junction,Give way sign,60 km/h,Sealed - Dry,Dawn/Dusk,Curved - view open,Veh'S Opposite Approach: Thru-Right,Opposing vehicles turning,0,1,0,0,1,0,0,0,1,1,0,0
272895,Medical treatment,2014,16,Angle,Multi-Vehicle,153.009214,-27.335972,Gympie Rd,Roghan Rd,Bridgeman Downs,Aspley,Intersection - T-Junction,Give way sign,60 km/h,Sealed - Dry,Daylight,Straight,Veh'S Opposite Approach: Thru-Right,Opposing vehicles turning,0,0,1,0,1,1,1,0,0,0,0,0
272896,Medical treatment,2014,19,Rear-end,Multi-Vehicle,153.0513413,-27.32631485,Gateway Arterial Rd,,Deagon,Sandgate,No Roadway Feature,No traffic control,80 - 90 km/h,Sealed - Dry,Darkness - Lighted,Straight,Veh'S Same Direction: Rear End,Rear-end,0,0,1,0,1,2,0,0,0,0,0,0
272930,Medical treatment,2014,9,Rear-end,Multi-Vehicle,153.0320607,-27.44818133,O'Connell Tce,Sneyd St,Bowen Hills,Brisbane Central,Intersection - T-Junction,Stop sign,60 km/h,Sealed - Dry,Daylight,Straight,Veh'S Same Direction: Left Rear,Rear-end,0,0,1,0,1,1,1,0,0,0,0,0
272959,Minor injury,2014,14,Angle,Multi-Vehicle,153.0055187,-27.49396868,Sir Fred Schonell Dr,,St Lucia,Indooroopilly,No Roadway Feature,No traffic control,60 km/h,Sealed - Wet,Daylight,Straight,Veh'S Opposite Approach: Thru-Right,Opposing vehicles turning,0,0,0,1,1,2,0,0,0,0,0,0
272960,Medical treatment,2014,10,Angle,Multi-Vehicle,153.020348,-27.392582,Rode Rd,Webster Rd,Chermside West,Stafford,Intersection - Cross,Operating traffic lights,60 km/h,Sealed - Dry,Daylight,Straight,Veh'S Opposite Approach: Thru-Right,Opposing vehicles turning,0,0,1,0,1,2,0,0,0,0,0,0
272987,Medical treatment,2014,18,Rear-end,Multi-Vehicle,153.011027,-27.44985,Kelvin Grove Rd,,Kelvin Grove,Mount Coot-tha,No Roadway Feature,No traffic control,60 km/h,Sealed - Dry,Dawn/Dusk,Curved - view open,Veh'S Same Direction: Rear End,Rear-end,0,0,1,0,1,3,0,0,0,0,0,0
272993,Medical treatment,2014,11,Hit object,Single Vehicle,153.02272,-27.384487,Hamilton Rd,,Chermside,Stafford,Intersection - Roundabout,No traffic control,60 km/h,Sealed - Dry,Daylight,Straight,Off Path-Straight: Mounts Traffic Island,Off carriageway on straight hit object,0,0,1,0,1,0,1,0,0,0,0,0
272994,Hospitalisation,2014,7,Hit pedestrian,Hit pedestrian,153.041559,-27.341078,Handford Rd,Roghan Rd,Taigum,Sandgate,Intersection - Cross,Operating traffic lights,60 km/h,Sealed - Dry,Daylight,Straight,Ped'N: Near Side Vehicle Hit From Right,Pedestrian,0,1,0,0,1,1,0,0,0,0,1,0
273003,Medical treatment,2014,13,Fall from vehicle,Single Vehicle,153.058364,-27.41596,East - West Arterial Rd,Sandgate Rd,Clayfield,Clayfield,Intersection - Cross,Operating traffic lights,0 - 50 km/h,Sealed - Dry,Daylight,Straight,Pass & Misc: Fell In/From Vehicle,Other,0,0,1,0,1,0,0,0,1,0,0,0
273024,Medical treatment,2014,16,Rear-end,Multi-Vehicle,152.97737,-27.449034,Coopers Camp Rd,Waterworks Rd,Ashgrove,Ashgrove,Intersection - T-Junction,Operating traffic lights,60 km/h,Sealed - Dry,Daylight,Curved - view open,Veh'S Same Direction: Rear End,Rear-end,0,0,1,0,1,2,0,0,0,0,0,0
273025,Medical treatment,2014,18,Angle,Multi-Vehicle,153.008544,-27.445718,Herston Rd,Kelvin Grove Rd,Kelvin Grove,Brisbane Central,Intersection - T-Junction,Operating traffic lights,60 km/h,Sealed - Dry,Darkness - Lighted,Straight,Veh'S Opposite Approach: Thru-Right,Opposing vehicles turning,0,0,1,1,2,2,0,0,0,0,0,0
273026,Hospitalisation,2014,7,Angle,Multi-Vehicle,152.997531,-27.458968,Latrobe Tce,,Paddington,Mount Coot-tha,No Roadway Feature,No traffic control,60 km/h,Sealed - Dry,Daylight,Straight,Veh'S Manoeuvring: Parking,Hit parked vehicle,0,1,0,0,1,1,0,0,0,1,0,0
273027,Medical treatment,2014,17,Rear-end,Multi-Vehicle,153.0142054,-27.46627276,Upper Roma St,,Brisbane City,Brisbane Central,No Roadway Feature,No traffic control,60 km/h,Sealed - Dry,Dawn/Dusk,Curved - view open,Veh'S Same Direction: Rear End,Rear-end,0,0,1,0,1,3,0,0,0,0,0,0
273033,Medical treatment,2014,10,Rear-end,Multi-Vehicle,153.023466,-27.376319,Webster Rd,,Chermside,Stafford,No Roadway Feature,No traffic control,60 km/h,Sealed - Dry,Daylight,Straight,Veh'S Same Direction: Left Rear,Rear-end,0,0,1,0,1,1,0,2,0,0,0,0
273038,Medical treatment,2014,11,Rear-end,Multi-Vehicle,153.051137,-27.422876,Creswick St,Sandgate Rd,Clayfield,Clayfield,Intersection - Cross,No traffic control,60 km/h,Sealed - Dry,Daylight,Straight,Veh'S Same Direction: Rear End,Rear-end,0,0,1,0,1,3,0,0,0,0,0,0
273039,Minor injury,2014,10,Rear-end,Multi-Vehicle,153.014854,-27.422355,Grange Rd,Raymont Rd,Grange,Stafford,Intersection - T-Junction,Operating traffic lights,60 km/h,Sealed - Dry,Daylight,Straight,Veh'S Same Direction: Rear End,Rear-end,0,0,0,1,1,2,0,0,0,0,0,0
273040,Hospitalisation,2014,8,Fall from vehicle,Single Vehicle,153.0592007,-27.39828966,Henchman St,Sandgate Sub-Arterial Rd,Nundah,Clayfield,No Roadway Feature,No traffic control,60 km/h,Sealed - Dry,Daylight,Straight,Off Path-Straight:Out Of Control On Cway,Out of control on straight,0,1,0,0,1,0,1,0,0,0,0,0
273041,Minor injury,2014,16,Angle,Multi-Vehicle,153.0416638,-27.41428906,Airport Link,,Wooloowin,Clayfield,No Roadway Feature,No traffic control,60 km/h,Sealed - Dry,Daylight,Straight,Veh'S Same Direction: Lane Change Right,Lane changes,0,0,0,1,1,2,0,0,0,0,0,0
273063,Minor injury,2014,14,Angle,Multi-Vehicle,153.0138772,-27.36353316,Albany Creek Sub-Arterial Rd,,Aspley,Aspley,No Roadway Feature,Operating traffic lights,0 - 50 km/h,Sealed - Dry,Daylight,Straight,Veh'S Opposite Approach: Thru-Right,Opposing vehicles turning,0,0,0,1,1,0,1,1,0,0,0,0
273071,Hospitalisation,2014,14,Rear-end,Multi-Vehicle,153.047282,-27.388325,Hamilton Rd,Spence Rd,Wavell Heights,Nudgee,Intersection - T-Junction,Stop sign,60 km/h,Sealed - Dry,Daylight,Straight,Veh'S Same Direction: Left Rear,Rear-end,0,1,0,0,1,1,1,0,0,0,0,0
273094,Hospitalisation,2014,15,Hit pedestrian,Hit pedestrian,152.9488124,-27.50726187,Moggill Sub-Arterial Rd,,Kenmore,Moggill,No Roadway Feature,No traffic control,60 km/h,Sealed - Dry,Daylight,Curved - view open,Ped'N: Far Side Vehicle Hit From Left,Pedestrian,0,1,0,0,1,1,0,0,0,0,1,0
273107,Medical treatment,2014,19,Angle,Multi-Vehicle,153.058423,-27.403169,Bage St,Buckland Rd,Nundah,Clayfield,Intersection - Cross,Operating traffic lights,60 km/h,Sealed - Dry,Darkness - Lighted,Straight,Veh'S Opposite Approach: Thru-Right,Opposing vehicles turning,0,0,2,1,3,2,0,0,0,0,0,0
273108,Minor injury,2014,21,Rear-end,Multi-Vehicle,153.113392,-27.387217,Moreton Dr,,Brisbane Airport,Clayfield,No Roadway Feature,No traffic control,80 - 90 km/h,Sealed - Wet,Darkness - Lighted,Straight,Veh'S Same Direction: Rear End,Rear-end,0,0,0,1,1,2,0,0,1,0,0,0
273109,Medical treatment,2014,7,Angle,Multi-Vehicle,153.002561,-27.427344,Enoggera Rd,Moran St,Alderley,Stafford,Intersection - T-Junction,Give way sign,60 km/h,Sealed - Dry,Daylight,Straight,Veh'S Adjacent Approach: Right-Thru,Intersection from adjacent approaches,0,0,1,0,1,1,0,1,0,0,0,0
273128,Minor injury,2014,15,Rear-end,Multi-Vehicle,153.031751,-27.460317,Wickham St,,Fortitude Valley,Brisbane Central,No Roadway Feature,No traffic control,0 - 50 km/h,Sealed - Dry,Daylight,Curved - view open,Veh'S Same Direction: Rear End,Rear-end,0,0,0,1,1,2,0,0,0,0,0,0
273133,Medical treatment,2014,15,Rear-end,Multi-Vehicle,153.062174,-27.3714642,Sandgate Sub-Arterial Rd,,Virginia,Nudgee,No Roadway Feature,No traffic control,60 km/h,Sealed - Dry,Daylight,Straight,Veh'S Same Direction: Rear End,Rear-end,0,0,2,0,2,2,0,0,0,0,0,0
273170,Medical treatment,2014,11,Angle,Multi-Vehicle,152.992402,-27.425704,Bond St,Lloyd St,Enoggera,Ashgrove,Intersection - T-Junction,Give way sign,0 - 50 km/h,Sealed - Dry,Daylight,Straight,Veh'S Adjacent Approach: Right-Thru,Intersection from adjacent approaches,0,0,1,0,1,1,1,0,0,0,0,0
273189,Medical treatment,2014,7,Angle,Multi-Vehicle,153.035773,-27.451745,Brookes St,St Pauls Tce,Bowen Hills,Brisbane Central,Intersection - Cross,Operating traffic lights,60 km/h,Sealed - Dry,Daylight,Curved - view open,Veh'S Adjacent Approach: Thru-Thru,Intersection from adjacent approaches,0,0,2,0,2,3,0,0,0,0,0,0
273190,Medical treatment,2014,9,Angle,Multi-Vehicle,152.987886,-27.480533,Quinn St,Sylvan Rd,Toowong,Mount Coot-tha,Intersection - Cross,No traffic control,0 - 50 km/h,Sealed - Dry,Daylight,Curved - view open,Veh'S Same Direction: Left Turn S/Swipe,Parallel lanes turning,0,0,1,0,1,1,0,0,0,1,0,0
273214,Fatal,2014,14,Hit object,Single Vehicle,153.022759,-27.404276,View St,,Kedron,Stafford,No Roadway Feature,No traffic control,0 - 50 km/h,Sealed - Dry,Daylight,Straight,Off Path-Straight:Right Off Cway Hit Obj,Off carriageway on straight hit object,1,0,0,0,1,0,0,1,0,0,0,0
273222,Hospitalisation,2014,5,Angle,Multi-Vehicle,153.064878,-27.431065,Lancaster Rd,Mcgill Ave,Ascot,Clayfield,Intersection - T-Junction,No traffic control,60 km/h,Sealed - Dry,Darkness - Lighted,Straight,Veh'S Opposite Approach: Thru-Right,Opposing vehicles turning,0,1,0,0,1,0,0,1,0,1,0,0
273223,Medical treatment,2014,16,Rear-end,Multi-Vehicle,153.09648,-27.373091,Gateway Arterial Rd,,Nudgee,Nudgee,No Roadway Feature,No traffic control,80 - 90 km/h,Sealed - Dry,Daylight,Straight,Veh'S Same Direction: Rear End,Rear-end,0,0,1,0,1,4,0,1,0,0,0,0
273224,Medical treatment,2014,16,Fall from vehicle,Single Vehicle,152.981742,-27.417193,Burdekin St,Samford Sub-Arterial Rd,Gaythorne,Everton,Intersection - T-Junction,No traffic control,60 km/h,Sealed - Dry,Daylight,Straight,Off Path-Straight:Out Of Control On Cway,Out of control on straight,0,0,1,0,1,1,1,0,0,0,0,0
273251,Hospitalisation,2014,10,Head-on,Multi-Vehicle,152.9437219,-27.42750078,Settlement Rd,,The Gap,Ashgrove,No Roadway Feature,No traffic control,60 km/h,Sealed - Dry,Daylight,Curved - view obscured,Veh'S Opposite Approach: Head On,Head-on,0,1,1,0,2,2,0,0,0,0,0,0
273252,Hospitalisation,2014,21,Hit pedestrian,Hit pedestrian,153.033799,-27.459679,Ann St,Gipps St,Fortitude Valley,Brisbane Central,Intersection - Cross,Operating traffic lights,60 km/h,Sealed - Dry,Darkness - Lighted,Straight,Ped'N: Far Side Vehicle Hit From Left,Pedestrian,0,1,0,0,1,1,0,0,0,0,1,0
273253,Hospitalisation,2014,20,Angle,Multi-Vehicle,153.046184,-27.454143,Commercial Rd,Harcourt St,Teneriffe,Brisbane Central,Intersection - T-Junction,No traffic control,60 km/h,Sealed - Dry,Darkness - Lighted,Straight,Veh'S Overtaking: Other,Other,0,1,0,0,1,1,1,0,0,0,0,0
273254,Medical treatment,2014,17,Angle,Multi-Vehicle,152.950678,-27.507636,Moggill Sub-Arterial Rd,Sutling St,Chapel Hill,Moggill,Intersection - Cross,No traffic control,60 km/h,Sealed - Dry,Dawn/Dusk,Straight,Veh'S Manoeuvring: Entering From Footway,Vehicle leaving driveway,0,0,1,0,1,1,0,0,0,1,0,0
273258,Medical treatment,2014,15,Rear-end,Multi-Vehicle,153.007764,-27.409218,East - West Arterial Rd,Shand St,Stafford,Stafford,Intersection - Cross,Operating traffic lights,60 km/h,Sealed - Dry,Daylight,Straight,Veh'S Same Direction: Rear End,Rear-end,0,0,1,0,1,2,0,0,0,0,0,0
273264,Medical treatment,2014,15,Sideswipe,Multi-Vehicle,153.043058,-27.431406,Frodsham St,Lucy St,Albion,Clayfield,Intersection - T-Junction,No traffic control,60 km/h,Sealed - Dry,Daylight,Straight,Veh'S Same Direction: Lane Change Left,Lane changes,0,0,1,0,1,2,0,0,0,0,0,0
273265,Medical treatment,2014,17,Angle,Multi-Vehicle,153.016999,-27.436092,Lamont Rd,Newmarket Rd,Wilston,Brisbane Central,No Roadway Feature,No traffic control,60 km/h,Sealed - Dry,Dawn/Dusk,Straight,Veh'S Manoeuvring: Leaving Driveway,Vehicle leaving driveway,0,0,1,0,1,2,0,0,0,0,0,0
273266,Medical treatment,2014,8,Hit object,Single Vehicle,153.093511,-27.430992,Gateway Arterial Rd,,Eagle Farm,Clayfield,Bridge/Causeway,No traffic control,80 - 90 km/h,Sealed - Dry,Daylight,Straight,Off Path-Straight:Right Off Cway Hit Obj,Off carriageway on straight hit object,0,0,1,0,1,1,0,0,0,0,0,0
273286,Medical treatment,2014,22,Angle,Multi-Vehicle,153.028211,-27.463559,Turbot St,Wharf St,Spring Hill,Brisbane Central,Intersection - Cross,Operating traffic lights,60 km/h,Sealed - Dry,Darkness - Lighted,Straight,Veh'S Adjacent Approach: Thru-Thru,Intersection from adjacent approaches,0,0,2,0,2,1,0,0,1,0,0,0
273287,Hospitalisation,2014,21,Angle,Multi-Vehicle,153.037614,-27.447715,Abbotsford Rd,Campbell St,Bowen Hills,Brisbane Central,Intersection - Cross,Operating traffic lights,60 km/h,Sealed - Dry,Darkness - Lighted,Curved - view open,Veh'S Opposite Approach: Thru-Right,Opposing vehicles turning,0,1,0,0,1,2,0,0,0,0,0,0
273288,Medical treatment,2014,15,Rear-end,Multi-Vehicle,153.031491,-27.402506,Gympie Arterial Rd,Wallin St,Kedron,Stafford,Intersection - T-Junction,No traffic control,60 km/h,Sealed - Dry,Daylight,Straight,Veh'S Same Direction: Rear End,Rear-end,0,0,1,0,1,1,0,1,0,0,0,0
273295,Hospitalisation,2014,18,Angle,Multi-Vehicle,153.05954,-27.416105,Junction Rd,,Clayfield,Clayfield,No Roadway Feature,No traffic control,60 km/h,Sealed - Dry,Darkness - Lighted,Straight,Veh'S Same Direction: Right Turn S/Swipe,Parallel lanes turning,0,1,0,0,1,2,0,0,0,0,0,0
273314,Hospitalisation,2014,21,Fall from vehicle,Single Vehicle,153.039812,-27.440225,Inner City Bypass,,Bowen Hills,Brisbane Central,No Roadway Feature,No traffic control,70 km/h,Sealed - Wet,Darkness - Lighted,Curved - view open,Off Path-Curve: Off Cway Lt Bend Hit Obj,Off carriageway on curve hit object,0,1,0,0,1,0,1,0,0,0,0,0
273315,Medical treatment,2014,17,Rear-end,Multi-Vehicle,152.984922,-27.47830799,Milton Rd,Miskin St,Toowong,Mount Coot-tha,Intersection - Roundabout,Give way sign,60 km/h,Sealed - Dry,Dawn/Dusk,Curved - view open,Veh'S Same Direction: Left Rear,Rear-end,0,0,1,0,1,1,1,0,0,0,0,0
273351,Medical treatment,2014,15,Rear-end,Multi-Vehicle,153.0197276,-27.45926756,Gregory Tce,,Spring Hill,Brisbane Central,No Roadway Feature,No traffic control,60 km/h,Sealed - Dry,Daylight,Curved - view open,Veh'S Same Direction: Rear End,Rear-end,0,0,1,0,1,2,0,0,0,0,0,0