Crash_Ref_Number,Severity,Year,Hour,Crash_Nature,Crash_Type,Longitude,Latitude,Street,Street_Intersecting,Suburb,Loc_State_Electorate,Crash_Roadway_Feature,Crash_Traffic_Control,Crash_Speed_Limit,Crash_Road_Surface_Condition,Crash_Lighting_Condition,Crash_Road_Horiz_Align,Crash_DCA_Description,Crash_DCA_Group_Description,Count_Casualty_Fatality,Count_Casualty_Hospitalised,Count_Casualty_MedicallyTreated,Count_Casualty_MinorInjury,Count_Casualty_Total,Count_Unit_Car,Count_Unit_Motorcycle_Moped,Count_Unit_Truck,Count_Unit_Bus,Count_Unit_Bicycle,Count_Unit_Pedestrian,Count_Unit_Other
273354,Medical treatment,2014,7,Hit object,Single Vehicle,153.001235,-27.494747,Sir Fred Schonell Dr,,St Lucia,Indooroopilly,No Roadway Feature,No traffic control,60 km/h,Sealed - Wet,Daylight,Curved - view open,Off Path-Curve: Off Cway Rt Bend Hit Obj,Off carriageway on curve hit object,0,0,1,0,1,1,0,0,0,0,0,0
273356,Hospitalisation,2014,10,Rear-end,Multi-Vehicle,153.0270083,-27.36534832,Robinson Rd W,,Aspley,Aspley,No Roadway Feature,No traffic control,60 km/h,Sealed - Wet,Daylight,Straight,Veh'S Same Direction: Rear End,Rear-end,0,1,0,1,2,3,0,0,0,0,0,0
273368,Hospitalisation,2014,19,Hit pedestrian,Hit pedestrian,153.031334,-27.436295,Grantson St,Lutwyche Rd,Windsor,Brisbane Central,Intersection - Cross,Operating traffic lights,60 km/h,Sealed - Wet,Darkness - Lighted,Straight,Ped'N: Far Side Vehicle Hit From Left,Pedestrian,0,1,0,0,1,1,0,0,0,0,1,0
273369,Medical treatment,2014,17,Angle,Multi-Vehicle,153.043097,-27.439648,Sandgate Rd,,Albion,Clayfield,No Roadway Feature,No traffic control,60 km/h,Sealed - Dry,Daylight,Curved - view obscured,Veh'S Manoeuvring: Entering From Footway,Vehicle leaving driveway,0,0,1,0,1,1,1,0,0,0,0,0
273370,Medical treatment,2014,10,Angle,Multi-Vehicle,152.936089,-27.405883,Arbor St,Mcginn Rd,Ferny Grove,Ferny Grove,Intersection - T-Junction,Give way sign,60 km/h,Sealed - Dry,Daylight,Straight,Veh'S Adjacent Approach: Right-Thru,Intersection from adjacent approaches,0,0,1,0,1,2,0,0,0,0,0,0
273406,Medical treatment,2014,14,Rear-end,Multi-Vehicle,153.014463,-27.458809,Countess St,,Kelvin Grove,Brisbane Central,Intersection - Cross,Operating traffic lights,60 km/h,Sealed - Wet,Daylight,Straight,Veh'S Same Direction: Rear End,Rear-end,0,0,1,0,1,2,0,0,0,0,0,0
273407,Medical treatment,2014,9,Rear-end,Multi-Vehicle,153.003261,-27.469277,Milton Rd,,Milton,Mount Coot-tha,No Roadway Feature,No traffic control,60 km/h,Sealed - Wet,Daylight,Straight,Veh'S Same Direction: Rear End,Rear-end,0,0,1,0,1,2,0,0,0,0,0,0
273408,Minor injury,2014,18,Sideswipe,Multi-Vehicle,153.02164,-27.471338,South East Arterial Rd,Turbot St,Brisbane City,Brisbane Central,Intersection - Interchange,No traffic control,80 - 90 km/h,Sealed - Wet,Dawn/Dusk,Curved - view open,Veh'S Same Direction: Lane Change Right,Lane changes,0,0,0,1,1,2,0,0,0,0,0,0
273410,Medical treatment,2014,16,Angle,Multi-Vehicle,153.035802,-27.4475,Campbell St,Hamilton Pl,Bowen Hills,Brisbane Central,Intersection - Cross,Operating traffic lights,60 km/h,Sealed - Wet,Daylight,Straight,Veh'S Adjacent Approach: Thru-Thru,Intersection from adjacent approaches,0,0,1,0,1,2,0,0,0,0,0,0
273412,Medical treatment,2014,15,Rear-end,Multi-Vehicle,152.97576,-27.501843,Coonan St,Westminster Rd,Indooroopilly,Indooroopilly,Intersection - T-Junction,Pedestrian crossing sign,60 km/h,Sealed - Wet,Daylight,Curved - view open,Veh'S Same Direction: Left Rear,Rear-end,0,0,1,0,1,2,0,0,0,0,0,0
273413,Hospitalisation,2014,7,Hit object,Single Vehicle,152.995937,-27.483515,Coronation Dr,,Toowong,Mount Coot-tha,No Roadway Feature,No traffic control,60 km/h,Sealed - Wet,Daylight,Curved - view open,Veh'S Opposite Approach: Head On,Head-on,0,1,0,0,1,4,0,0,0,0,0,0
273414,Hospitalisation,2014,11,Hit object,Single Vehicle,153.0460474,-27.31139659,Gateway Arterial Rd,,Bracken Ridge,Sandgate,Intersection - Interchange,No traffic control,80 - 90 km/h,Sealed - Wet,Daylight,Curved - view open,Off Path-Curve: Off Cway Lt Bend Hit Obj,Off carriageway on curve hit object,0,1,0,1,2,1,0,0,0,0,0,0
273416,Hospitalisation,2014,20,Angle,Multi-Vehicle,153.017247,-27.363882,Gympie Arterial Rd,Robinson Rd W,Aspley,Aspley,Intersection - Cross,Operating traffic lights,70 km/h,Sealed - Wet,Darkness - Lighted,Straight,Veh'S Adjacent Approach: Thru-Thru,Intersection from adjacent approaches,0,1,0,0,1,3,0,0,0,0,0,0
273417,Medical treatment,2014,14,Rear-end,Multi-Vehicle,153.016696,-27.356676,Gympie Arterial Rd,,Aspley,Aspley,No Roadway Feature,No traffic control,70 km/h,Sealed - Wet,Daylight,Straight,Veh'S Same Direction: Lane Side Swipe,Lane changes,0,0,1,0,1,3,0,0,0,0,0,0
273447,Medical treatment,2014,7,Angle,Multi-Vehicle,153.023181,-27.37360666,Gympie Arterial Rd,Webster Rd,Aspley,Aspley,Intersection - 5+ way,Operating traffic lights,70 km/h,Sealed - Dry,Daylight,Straight,Veh'S Adjacent Approach: Thru-Right,Intersection from adjacent approaches,0,0,2,0,2,2,0,0,0,0,0,0
273463,Hospitalisation,2014,18,Angle,Multi-Vehicle,153.042238,-27.47114,Maxwell St,Merthyr Rd,New Farm,Brisbane Central,Intersection - Cross,No traffic control,0 - 50 km/h,Sealed - Dry,Darkness - Lighted,Straight,Veh'S Manoeuvring: Entering From Footway,Vehicle leaving driveway,0,1,0,0,1,1,0,0,0,1,0,0
273467,Hospitalisation,2014,20,Hit object,Single Vehicle,153.015586,-27.337636,Lacey Rd,,Carseldine,Aspley,No Roadway Feature,No traffic control,70 km/h,Sealed - Dry,Darkness - Lighted,Straight,Veh'S On Path: Temporary Object On C'Way,Other,0,1,0,1,2,2,0,0,0,0,0,0
273475,Hospitalisation,2014,7,Angle,Multi-Vehicle,153.007003,-27.440744,Davidson St,Enoggera Rd,Newmarket,Brisbane Central,Intersection - T-Junction,Operating traffic lights,60 km/h,Sealed - Dry,Daylight,Straight,Veh'S Manoeuvring: Entering From Footway,Vehicle leaving driveway,0,1,0,0,1,1,0,0,0,1,0,0
273494,Hospitalisation,2014,17,Angle,Multi-Vehicle,152.985848,-27.457967,Simpsons Rd,Western Arterial Rd,Bardon,Mount Coot-tha,Intersection - Cross,Operating traffic lights,0 - 50 km/h,Sealed - Dry,Darkness - Lighted,Curved - view open,Veh'S Adjacent Approach: Thru-Right,Intersection from adjacent approaches,0,2,0,0,2,2,0,0,0,0,0,0
273495,Medical treatment,2014,18,Rear-end,Multi-Vehicle,153.010581,-27.46562,Hale St,,Milton,Mount Coot-tha,No Roadway Feature,No traffic control,60 km/h,Sealed - Dry,Darkness - Lighted,Straight,Veh'S Same Direction: Rear End,Rear-end,0,0,1,0,1,2,0,0,0,0,0,0
273497,Minor injury,2014,19,Angle,Multi-Vehicle,152.988984,-27.49723,Indooroopilly Rd,Seven Oaks St,Taringa,Indooroopilly,Intersection - T-Junction,Give way sign,60 km/h,Sealed - Dry,Darkness - Lighted,Curved - view open,Veh'S Adjacent Approach: Thru-Right,Intersection from adjacent approaches,0,0,0,1,1,2,0,0,0,0,0,0
273498,Medical treatment,2014,9,Rear-end,Multi-Vehicle,152.996496,-27.479976,Land St,Patrick La,Toowong,Mount Coot-tha,Intersection - Cross,Operating traffic lights,60 km/h,Sealed - Dry,Daylight,Straight,Veh'S Manoeuvring: Reversing,Hit parked vehicle,0,0,1,0,1,2,0,0,0,0,0,0
273501,Hospitalisation,2014,9,Angle,Multi-Vehicle,153.013999,-27.3510311,Gympie Arterial Rd,,Carseldine,Aspley,No Roadway Feature,No traffic control,70 km/h,Sealed - Dry,Daylight,Straight,Veh'S Same Direction: Lane Change Left,Lane changes,0,2,0,0,2,1,0,1,0,0,0,0
273508,Medical treatment,2014,17,Hit object,Single Vehicle,152.984115,-27.3854187,Everton Park - Albany Creek Rd,,Everton Park,Everton,No Roadway Feature,No traffic control,60 km/h,Sealed - Dry,Dawn/Dusk,Straight,Off Path-Straight:Right Off Cway Hit Obj,Off carriageway on straight hit object,0,0,1,0,1,1,0,0,0,0,0,0
273531,Hospitalisation,2014,18,Sideswipe,Multi-Vehicle,153.012923,-27.456271,Kelvin Grove Rd,,Kelvin Grove,Mount Coot-tha,No Roadway Feature,No traffic control,60 km/h,Sealed - Dry,Darkness - Lighted,Straight,Veh'S Same Direction: Lane Change Right,Lane changes,0,1,0,0,1,2,1,0,0,0,0,0
273535,Hospitalisation,2014,15,Angle,Multi-Vehicle,153.010951,-27.39372,Appleby Rd,Coleridge St,Stafford Heights,Stafford,Intersection - T-Junction,No traffic control,60 km/h,Sealed - Dry,Daylight,Straight,Veh'S Opposite Approach: Thru-Right,Opposing vehicles turning,0,1,0,0,1,1,1,0,0,0,0,0
273541,Hospitalisation,2014,15,Angle,Multi-Vehicle,152.993529,-27.394823,Flockton St,,Everton Park,Everton,No Roadway Feature,No traffic control,60 km/h,Sealed - Dry,Daylight,Straight,Veh'S Manoeuvring: Other,Other,0,1,0,0,1,1,0,0,0,1,0,0
273546,Hospitalisation,2014,16,Angle,Multi-Vehicle,153.045951,-27.39581127,Deloraine St,Rode Rd,Wavell Heights,Clayfield,Intersection - T-Junction,No traffic control,60 km/h,Sealed - Dry,Dawn/Dusk,Straight,Veh'S Opposite Approach: Thru-Right,Opposing vehicles turning,0,1,1,0,2,2,0,0,0,0,0,0
273547,Minor injury,2014,10,Rear-end,Multi-Vehicle,153.064299,-27.439294,Kingsford Smith Dr,Racecourse Rd,Hamilton,Clayfield,Intersection - T-Junction,Operating traffic lights,60 km/h,Sealed - Dry,Daylight,Straight,Veh'S Same Direction: Rear End,Rear-end,0,0,0,1,1,2,0,0,0,0,0,0
273548,Medical treatment,2014,13,Rear-end,Multi-Vehicle,153.032825,-27.428361,Lutwyche Rd,,Windsor,Brisbane Central,No Roadway Feature,No traffic control,60 km/h,Sealed - Dry,Daylight,Curved - view open,Veh'S Same Direction: Rear End,Rear-end,0,0,1,0,1,2,0,0,0,0,0,0
273573,Hospitalisation,2014,13,Rear-end,Multi-Vehicle,152.9870259,-27.4580873,Rockbourne Tce,Western Arterial Rd,Bardon,Mount Coot-tha,No Roadway Feature,No traffic control,0 - 50 km/h,Sealed - Dry,Daylight,Straight,Veh'S Same Direction: Right Rear,Rear-end,0,1,0,0,1,1,0,1,0,0,0,0
273574,Hospitalisation,2014,21,Hit pedestrian,Hit pedestrian,153.028211,-27.463559,Turbot St,Wharf St,Spring Hill,Brisbane Central,Intersection - T-Junction,Pedestrian operated lights,60 km/h,Sealed - Wet,Darkness - Lighted,Straight,Ped'N: Far Side Vehicle Hit From Left,Pedestrian,0,1,0,0,1,1,0,0,0,0,1,0
273575,Medical treatment,2014,20,Hit animal,Other,152.920965,-27.522207,Moggill Sub-Arterial Rd,,Pullenvale,Moggill,No Roadway Feature,No traffic control,60 km/h,Sealed - Dry,Darkness - Not lighted,Curved - view open,Pass & Misc: Hit Animal,Hit animal,0,0,1,0,1,0,1,0,0,0,0,0
273578,Medical treatment,2014,11,Rear-end,Multi-Vehicle,153.031359,-27.38986949,Kuran St,,Chermside,Stafford,Intersection - Cross,Operating traffic lights,60 km/h,Sealed - Dry,Daylight,Curved - view open,Veh'S Same Direction: Rear End,Rear-end,0,0,2,0,2,2,0,0,0,0,0,0
273579,Hospitalisation,2014,7,Rear-end,Multi-Vehicle,152.995833,-27.388772,Ifield St,Rode Rd,Mcdowall,Everton,No Roadway Feature,No traffic control,60 km/h,Sealed - Dry,Daylight,Straight,Veh'S On Path: Temporary Object On C'Way,Other,0,1,0,0,1,1,1,0,0,0,0,0
273591,Medical treatment,2014,10,Angle,Multi-Vehicle,152.9896037,-27.41875368,Pickering St,Tunba St,Enoggera,Ashgrove,Intersection - T-Junction,No traffic control,60 km/h,Sealed - Wet,Daylight,Straight,Veh'S Adjacent Approach: Thru-Right,Intersection from adjacent approaches,0,0,1,0,1,2,0,0,0,0,0,0
273617,Medical treatment,2014,18,Angle,Multi-Vehicle,153.0445137,-27.45371599,Commercial Rd,Wyandra St,Teneriffe,Brisbane Central,Intersection - T-Junction,No traffic control,0 - 50 km/h,Sealed - Wet,Darkness - Lighted,Straight,Veh'S Adjacent Approach: Thru-Right,Intersection from adjacent approaches,0,0,1,0,1,1,0,0,0,1,0,0
273618,Medical treatment,2014,17,Hit object,Single Vehicle,152.9754718,-27.49740568,Coonan St,Moggill Rd,Indooroopilly,Indooroopilly,Intersection - Roundabout,No traffic control,0 - 50 km/h,Sealed - Wet,Dawn/Dusk,Curved - view obscured,Veh'S Same Direction: Rear End,Rear-end,0,0,1,0,1,2,0,0,0,0,0,0
273619,Minor injury,2014,20,Rear-end,Multi-Vehicle,152.960966,-27.508262,Western Arterial Rd,,Indooroopilly,Indooroopilly,No Roadway Feature,No traffic control,80 - 90 km/h,Sealed - Wet,Darkness - Lighted,Straight,Veh'S Same Direction: Rear End,Rear-end,0,0,0,2,2,5,0,0,0,0,0,0
273622,Minor injury,2014,9,Rear-end,Multi-Vehicle,153.007764,-27.409218,East - West Arterial Rd,Shand St,Stafford,Stafford,Intersection - Cross,Operating traffic lights,60 km/h,Sealed - Wet,Daylight,Straight,Veh'S Same Direction: Right Rear,Rear-end,0,0,0,1,1,2,0,0,0,0,0,0
273648,Medical treatment,2014,19,Sideswipe,Multi-Vehicle,153.041176,-27.429902,Albion Rd,Hudson Rd,Albion,Clayfield,No Roadway Feature,No traffic control,60 km/h,Sealed - Wet,Darkness - Lighted,Straight,Veh'S Adjacent Approach: Thru-Right,Intersection from adjacent approaches,0,0,1,0,1,2,0,0,0,0,0,0
273669,Minor injury,2014,5,Rear-end,Multi-Vehicle,153.002566,-27.455124,Enoggera Tce,,Red Hill,Mount Coot-tha,No Roadway Feature,No traffic control,0 - 50 km/h,Sealed - Wet,Dawn/Dusk,Curved - view open,Veh'S Same Direction: Rear End,Rear-end,0,0,0,1,1,2,0,0,0,0,0,0
273670,Medical treatment,2014,14,Rear-end,Multi-Vehicle,153.015461,-27.463375,Countess St,,Petrie Terrace,Brisbane Central,No Roadway Feature,No traffic control,60 km/h,Sealed - Wet,Daylight,Straight,Veh'S Same Direction: Lane Side Swipe,Lane changes,0,0,2,0,2,4,0,0,0,0,0,0
273672,Medical treatment,2014,11,Angle,Multi-Vehicle,153.072109,-27.31773433,Flinders Pde,Third Ave,Sandgate,Sandgate,Intersection - T-Junction,No traffic control,0 - 50 km/h,Sealed - Wet,Daylight,Straight,Veh'S Opposite Approach: Thru-Right,Opposing vehicles turning,0,0,1,0,1,1,0,0,0,1,0,0
273673,Hospitalisation,2014,10,Head-on,Multi-Vehicle,152.993813,-27.335516,Neville Rd,Roghan Rd,Bridgeman Downs,Aspley,No Roadway Feature,No traffic control,60 km/h,Sealed - Wet,Daylight,Curved - view open,Veh'S Opposite Approach: Head On,Head-on,0,1,0,0,1,2,0,0,0,0,0,0
273674,Medical treatment,2014,16,Hit object,Single Vehicle,153.047338,-27.31379998,Gateway Arterial Rd,,Sandgate,Sandgate,No Roadway Feature,No traffic control,80 - 90 km/h,Sealed - Wet,Dawn/Dusk,Curved - view open,Off Path-Straight: Left Off Cway Hit Obj,Off carriageway on straight hit object,0,0,1,0,1,1,0,0,0,0,0,0
273675,Hospitalisation,2014,2,Hit parked vehicle,Single Vehicle,153.0478162,-27.31501039,Deagon Deviation,Gateway Arterial Rd,Sandgate,Sandgate,No Roadway Feature,No traffic control,80 - 90 km/h,Sealed - Wet,Darkness - Lighted,Curved - view obscured,Off Path-Curve: Off Cway Lt Bend Hit Obj,Off carriageway on curve hit object,0,1,0,0,1,2,0,0,0,0,0,0
273686,Medical treatment,2014,0,Hit pedestrian,Hit pedestrian,153.008213,-27.440688,Foster St,Parker St,Newmarket,Brisbane Central,Intersection - T-Junction,No traffic control,0 - 50 km/h,Sealed - Wet,Darkness - Lighted,Straight,Ped'N: Hit While Boarding/Alighting,Pedestrian,0,0,1,0,1,1,0,0,0,0,1,0
273688,Medical treatment,2014,15,Rear-end,Multi-Vehicle,152.992089,-27.40697,East - West Arterial Rd,,Everton Park,Everton,No Roadway Feature,No traffic control,60 km/h,Sealed - Wet,Daylight,Curved - view open,Veh'S Same Direction: Lane Side Swipe,Lane changes,0,0,1,1,2,4,0,0,0,0,0,0
273689,Medical treatment,2014,8,Angle,Multi-Vehicle,152.991381,-27.410292,Western Arterial Rd,,Everton Park,Everton,Intersection - T-Junction,Operating traffic lights,60 km/h,Sealed - Wet,Daylight,Straight,Veh'S Opposite Approach: Thru-Right,Opposing vehicles turning,0,0,1,1,2,3,0,0,0,0,0,0
273718,Medical treatment,2014,16,Sideswipe,Multi-Vehicle,153.004771,-27.316742,Strathpine Sub-Arterial Rd,,Bald Hills,Aspley,No Roadway Feature,No traffic control,60 km/h,Sealed - Dry,Daylight,Straight,Veh'S Same Direction: Lane Change Left,Lane changes,0,0,1,0,1,2,0,0,0,0,0,0
273741,Minor injury,2014,15,Hit pedestrian,Hit pedestrian,153.022071,-27.469437,Ann St,George St,Brisbane City,Brisbane Central,Intersection - Cross,Operating traffic lights,0 - 50 km/h,Sealed - Dry,Daylight,Straight,Ped'N: Far Side Vehicle Hit From Left,Pedestrian,0,0,0,1,1,1,0,0,0,0,1,0
273742,Medical treatment,2014,22,Rear-end,Multi-Vehicle,153.033994,-27.4452617,Inner City Bypass On Ramp,,Bowen Hills,Brisbane Central,Bridge/Causeway,No traffic control,60 km/h,Sealed - Dry,Darkness - Lighted,Straight,Veh'S Same Direction: Rear End,Rear-end,0,0,1,0,1,0,0,2,0,0,0,0
273744,Hospitalisation,2014,12,Angle,Multi-Vehicle,153.017201,-27.300106,Gympie Arterial Rd,,Bald Hills,Sandgate,Intersection - Interchange,No traffic control,100 - 110 km/h,Sealed - Dry,Daylight,Curved - view open,Veh'S Same Direction: Lane Change Left,Lane changes,0,1,0,0,1,1,1,0,0,0,0,0
273746,Medical treatment,2014,10,Rear-end,Multi-Vehicle,153.029701,-27.381031,Gympie Arterial Rd,,Chermside,Stafford,No Roadway Feature,No traffic control,60 km/h,Sealed - Dry,Daylight,Straight,Veh'S Same Direction: Rear End,Rear-end,0,0,1,0,1,4,0,0,0,0,0,0
273751,Medical treatment,2014,14,Rear-end,Multi-Vehicle,153.063756,-27.380446,Sandgate Sub-Arterial Rd,Whitfield St,Virginia,Nudgee,Intersection - Roundabout,Give way sign,60 km/h,Sealed - Dry,Daylight,Straight,Veh'S Same Direction: Rear End,Rear-end,0,0,1,0,1,2,0,0,0,0,0,0
273775,Medical treatment,2014,22,Hit object,Single Vehicle,152.980789,-27.477746,Western Arterial Rd,Western Fwy,Mount Coot-tha,Mount Coot-tha,Intersection - Roundabout,Give way sign,60 km/h,Sealed - Dry,Darkness - Lighted,Curved - view open,Off Path-Curve: Mounts Traffic Island,Off carriageway on curve hit object,0,0,1,0,1,0,1,0,0,0,0,0
273776,Minor injury,2014,9,Rear-end,Multi-Vehicle,152.9574382,-27.51274294,Western Arterial Rd,,Indooroopilly,Moggill,No Roadway Feature,No traffic control,70 km/h,Sealed - Dry,Daylight,Straight,Veh'S Same Direction: Rear End,Rear-end,0,0,0,3,3,3,0,0,0,0,0,0
273780,Medical treatment,2014,8,Hit object,Single Vehicle,153.061459,-27.356679,Northumbria Rd,,Boondall,Nudgee,No Roadway Feature,No traffic control,60 km/h,Sealed - Dry,Daylight,Straight,Off Path-Straight: Left Off Cway Hit Obj,Off carriageway on straight hit object,0,0,1,0,1,1,1,0,0,0,0,0
273781,Medical treatment,2014,15,Angle,Multi-Vehicle,153.0617592,-27.37447086,Pritchard Rd,,Virginia,Nudgee,No Roadway Feature,No traffic control,60 km/h,Sealed - Dry,Daylight,Straight,Veh'S Manoeuvring: Leaving Driveway,Vehicle leaving driveway,0,0,2,0,2,2,0,0,0,0,0,0
273782,Hospitalisation,2014,9,Rear-end,Multi-Vehicle,153.023298,-27.373665,Gympie Arterial Rd,Webster Rd,Aspley,Stafford,Intersection - Cross,Operating traffic lights,70 km/h,Sealed - Dry,Daylight,Straight,Veh'S Same Direction: Rear End,Rear-end,0,1,0,0,1,1,0,0,1,0,0,0
273785,Hospitalisation,2014,8,Angle,Multi-Vehicle,153.059249,-27.396305,Cameron St,Sandgate Sub-Arterial Rd,Nundah,Clayfield,Intersection - T-Junction,No traffic control,60 km/h,Sealed - Dry,Daylight,Straight,Veh'S Manoeuvring: Entering From Footway,Vehicle leaving driveway,0,1,0,0,1,1,1,0,0,0,0,0
273786,Medical treatment,2014,15,Rear-end,Multi-Vehicle,153.043347,-27.399567,Edinburgh Castle Rd,White St,Wavell Heights,Clayfield,Intersection - T-Junction,No traffic control,60 km/h,Sealed - Dry,Daylight,Straight,Veh'S Same Direction: Right Rear,Rear-end,0,0,1,0,1,2,0,0,0,0,0,0
273787,Medical treatment,2014,11,Angle,Multi-Vehicle,153.056699,-27.417525,Railway Pde,Sandgate Rd,Clayfield,Clayfield,Intersection - Cross,No traffic control,60 km/h,Sealed - Dry,Daylight,Straight,Veh'S Opposite Approach: Thru-Right,Opposing vehicles turning,0,0,1,0,1,2,0,0,0,0,0,0
273800,Medical treatment,2014,18,Rear-end,Multi-Vehicle,152.9973458,-27.44044075,Ashgrove Ave,,Ashgrove,Ashgrove,No Roadway Feature,No traffic control,60 km/h,Sealed - Wet,Dawn/Dusk,Straight,Veh'S Same Direction: Rear End,Rear-end,0,0,1,0,1,2,0,0,0,0,0,0
273803,Medical treatment,2014,7,Angle,Multi-Vehicle,153.043512,-27.474405,Oxlade Dr,,New Farm,Brisbane Central,No Roadway Feature,No traffic control,0 - 50 km/h,Sealed - Dry,Daylight,Straight,Veh'S Manoeuvring: Other,Other,0,0,1,0,1,1,0,0,0,1,0,0
273804,Hospitalisation,2014,12,Angle,Multi-Vehicle,153.044867,-27.471849,Moray St,Sydney St,New Farm,Brisbane Central,Intersection - Cross,Stop sign,60 km/h,Sealed - Dry,Daylight,Straight,Veh'S Manoeuvring: Entering From Footway,Vehicle leaving driveway,0,1,0,0,1,1,0,0,0,1,0,0
273839,Medical treatment,2014,9,Hit parked vehicle,Single Vehicle,153.0407447,-27.457421,James St,,Fortitude Valley,Brisbane Central,No Roadway Feature,No traffic control,60 km/h,Sealed - Dry,Daylight,Straight,Veh'S On Path: Car Door,Hit parked vehicle,0,0,1,0,1,1,0,0,0,1,0,0
273840,Hospitalisation,2014,16,Rear-end,Multi-Vehicle,152.962992,-27.499997,Western Arterial Rd,Western Fwy,Indooroopilly,Indooroopilly,Intersection - Interchange,No traffic control,80 - 90 km/h,Sealed - Dry,Daylight,Curved - view open,Veh'S Same Direction: Rear End,Rear-end,0,1,1,0,2,2,0,0,0,0,0,0
273842,Minor injury,2014,12,Rear-end,Multi-Vehicle,153.062071,-27.370585,Robinson Rd E,Sandgate Sub-Arterial Rd,Virginia,Nudgee,Intersection - Cross,No traffic control,60 km/h,Sealed - Dry,Daylight,Straight,Veh'S Same Direction: Left Rear,Rear-end,0,0,0,2,2,2,0,0,0,0,0,0
273844,Medical treatment,2014,11,Rear-end,Multi-Vehicle,153.041176,-27.429902,Albion Rd,Hudson Rd,Albion,Clayfield,Intersection - Cross,No traffic control,0 - 50 km/h,Sealed - Dry,Daylight,Straight,Veh'S Same Direction: Right Rear,Rear-end,0,0,2,0,2,2,0,0,0,0,0,0
273845,Medical treatment,2014,9,Rear-end,Multi-Vehicle,153.083936,-27.414669,Lakeside Dr,,Brisbane Airport,Clayfield,Intersection - T-Junction,Stop sign,0 - 50 km/h,Sealed - Dry,Daylight,Curved - view obscured,Veh'S Same Direction: Left Rear,Rear-end,0,0,1,0,1,2,0,0,0,0,0,0
273846,Hospitalisation,2014,14,Hit object,Single Vehicle,152.97062,-27.411886,Glen Retreat Rd,,Mitchelton,Ashgrove,No Roadway Feature,No traffic control,0 - 50 km/h,Sealed - Dry,Daylight,Straight,Off Path-Straight:Right Off Cway Hit Obj,Off carriageway on straight hit object,0,1,0,0,1,1,0,0,0,0,0,0
273864,Minor injury,2014,14,Rear-end,Multi-Vehicle,152.988003,-27.437246,Western Arterial Rd,,Ashgrove,Ashgrove,No Roadway Feature,No traffic control,60 km/h,Sealed - Dry,Daylight,Straight,Veh'S Same Direction: Rear End,Rear-end,0,0,0,2,2,4,0,0,0,0,0,0
273865,Hospitalisation,2014,8,Fall from vehicle,Single Vehicle,153.026553,-27.461163,Boundary St,St Pauls Tce,Spring Hill,Brisbane Central,Intersection - Cross,Operating traffic lights,0 - 50 km/h,Sealed - Dry,Daylight,Straight,Off Path-Straight:Out Of Control On Cway,Out of control on straight,0,1,0,0,1,0,1,0,0,0,0,0
273866,Medical treatment,2014,16,Rear-end,Multi-Vehicle,153.025468,-27.466817,Ann St,Edward St,Brisbane City,Brisbane Central,Intersection - Cross,Operating traffic lights,60 km/h,Sealed - Dry,Daylight,Straight,Veh'S Same Direction: Rear End,Rear-end,0,0,1,1,2,3,0,0,0,0,0,0
273867,Medical treatment,2014,23,Rear-end,Multi-Vehicle,153.043322,-27.464945,Brunswick St,,New Farm,Brisbane Central,No Roadway Feature,No traffic control,60 km/h,Sealed - Dry,Darkness - Lighted,Straight,Veh'S Same Direction: Rear End,Rear-end,0,0,1,0,1,3,0,0,1,0,0,0
273869,Medical treatment,2014,18,Angle,Multi-Vehicle,153.0289667,-27.31123033,Bracken Ridge Rd,Norris Rd,Bracken Ridge,Sandgate,Intersection - T-Junction,Operating traffic lights,60 km/h,Sealed - Dry,Darkness - Lighted,Straight,Veh'S Opposite Approach: Thru-Right,Opposing vehicles turning,0,0,1,0,1,2,0,0,0,0,0,0
273873,Hospitalisation,2014,21,Hit parked vehicle,Single Vehicle,153.029478,-27.368979,Tomago St,,Aspley,Aspley,No Roadway Feature,No traffic control,0 - 50 km/h,Sealed - Dry,Darkness - Not lighted,Straight,Veh'S Opposite Approach: Other,Other,0,1,0,0,1,2,0,0,0,0,0,0
273882,Hospitalisation,2014,17,Hit pedestrian,Hit pedestrian,153.041748,-27.42995,Albion Rd,Sandgate Rd,Albion,Clayfield,Intersection - Cross,Operating traffic lights,60 km/h,Sealed - Dry,Dawn/Dusk,Straight,Ped'N: Near Side Vehicle Hit From Right,Pedestrian,0,1,0,0,1,0,1,0,0,0,1,0
273913,Medical treatment,2014,7,Angle,Multi-Vehicle,153.0465429,-27.33051388,Depot Rd,Quinlan St,Deagon,Sandgate,Intersection - T-Junction,Give way sign,60 km/h,Sealed - Dry,Daylight,Straight,Veh'S Adjacent Approach: Thru-Right,Intersection from adjacent approaches,0,0,1,0,1,1,0,0,0,1,0,0
273914,Medical treatment,2014,5,Head-on,Multi-Vehicle,153.003768,-27.413567,Shand St,,Stafford,Stafford,No Roadway Feature,No traffic control,60 km/h,Sealed - Dry,Dawn/Dusk,Curved - view obscured,Veh'S Overtaking: Head On,Head-on,0,0,1,0,1,2,0,0,0,0,0,0
273921,Hospitalisation,2014,16,Rear-end,Multi-Vehicle,153.02396,-27.4371,Newmarket Rd,,Windsor,Brisbane Central,No Roadway Feature,No traffic control,60 km/h,Sealed - Dry,Dawn/Dusk,Straight,Veh'S Same Direction: Rear End,Rear-end,0,1,0,0,1,2,0,0,0,0,0,0