Crash_Ref_Number,Severity,Year,Hour,Crash_Nature,Crash_Type,Longitude,Latitude,Street,Street_Intersecting,Suburb,Loc_State_Electorate,Crash_Roadway_Feature,Crash_Traffic_Control,Crash_Speed_Limit,Crash_Road_Surface_Condition,Crash_Lighting_Condition,Crash_Road_Horiz_Align,Crash_DCA_Description,Crash_DCA_Group_Description,Count_Casualty_Fatality,Count_Casualty_Hospitalised,Count_Casualty_MedicallyTreated,Count_Casualty_MinorInjury,Count_Casualty_Total,Count_Unit_Car,Count_Unit_Motorcycle_Moped,Count_Unit_Truck,Count_Unit_Bus,Count_Unit_Bicycle,Count_Unit_Pedestrian,Count_Unit_Other
273922,Medical treatment,2014,15,Rear-end,Multi-Vehicle,152.936605,-27.401477,Samford Sub-Arterial Rd,,Ferny Grove,Ferny Grove,No Roadway Feature,No traffic control,60 km/h,Sealed - Dry,Daylight,Straight,Veh'S Same Direction: Rear End,Rear-end,0,0,1,1,2,2,0,0,0,0,0,0
273948,Hospitalisation,2014,12,Sideswipe,Multi-Vehicle,153.032144,-27.378354,Kittyhawk Dr,Murphy Rd,Chermside,Nudgee,Intersection - T-Junction,Operating traffic lights,60 km/h,Sealed - Dry,Daylight,Straight,Veh'S Opposite Approach: Thru-Right,Opposing vehicles turning,0,1,0,0,1,2,0,0,0,0,0,0
273979,Medical treatment,2014,16,Rear-end,Multi-Vehicle,153.011562,-27.46065586,Hale St,,Paddington,Mount Coot-tha,No Roadway Feature,No traffic control,70 km/h,Sealed - Dry,Daylight,Straight,Veh'S Same Direction: Rear End,Rear-end,0,0,1,0,1,2,0,0,0,0,0,0
273980,Hospitalisation,2014,21,Angle,Multi-Vehicle,153.03574,-27.459051,Brunswick St,Mclachlan St,Fortitude Valley,Brisbane Central,Intersection - Cross,Operating traffic lights,60 km/h,Sealed - Dry,Darkness - Lighted,Straight,Veh'S Adjacent Approach: Thru-Thru,Intersection from adjacent approaches,0,1,0,0,1,2,1,0,0,0,0,0
273982,Medical treatment,2014,18,Hit object,Single Vehicle,152.988128,-27.478578,Milton Rd,Quinn St,Toowong,Mount Coot-tha,No Roadway Feature,No traffic control,60 km/h,Sealed - Dry,Darkness - Lighted,Straight,Off Path-Straight: Left Off Cway Hit Obj,Off carriageway on straight hit object,0,0,1,0,1,1,0,0,0,0,0,0
274012,Hospitalisation,2014,22,Hit object,Single Vehicle,152.926563,-27.438186,Mount Nebo Rd,,The Gap,Ashgrove,No Roadway Feature,No traffic control,60 km/h,Sealed - Dry,Darkness - Not lighted,Curved - view open,Off Path-Curve: Off Cway Rt Bend Hit Obj,Off carriageway on curve hit object,0,1,0,0,1,1,0,0,0,0,0,0
274013,Hospitalisation,2014,18,Angle,Multi-Vehicle,153.00802,-27.462228,Alexandra St,Given Tce,Paddington,Mount Coot-tha,Intersection - T-Junction,No traffic control,60 km/h,Sealed - Dry,Darkness - Lighted,Straight,Veh'S Opposite Approach: Thru-Right,Opposing vehicles turning,0,2,0,0,2,1,1,0,0,0,0,0
274014,Hospitalisation,2014,16,Hit object,Single Vehicle,153.041061,-27.436627,Abbotsford Rd,Burrows St,Bowen Hills,Brisbane Central,Intersection - T-Junction,Operating traffic lights,60 km/h,Sealed - Dry,Daylight,Straight,Off Path-Straight: Left Off Cway Hit Obj,Off carriageway on straight hit object,0,2,0,0,2,1,0,0,0,0,0,0
274015,Hospitalisation,2014,13,Angle,Multi-Vehicle,153.014402,-27.391656,Cherston St,Rode Rd,Chermside West,Stafford,Intersection - T-Junction,Give way sign,60 km/h,Sealed - Dry,Daylight,Straight,Veh'S Adjacent Approach: Thru-Right,Intersection from adjacent approaches,0,1,0,0,1,2,0,0,0,0,0,0
274016,Medical treatment,2014,9,Angle,Multi-Vehicle,152.990141,-27.372141,Beckett Rd,Saturn Cres,Bridgeman Downs,Aspley,Intersection - Cross,Operating traffic lights,60 km/h,Sealed - Dry,Daylight,Straight,Veh'S Opposite Approach: Thru-Right,Opposing vehicles turning,0,0,4,0,4,2,0,0,0,0,0,0
274022,Hospitalisation,2014,5,Fall from vehicle,Single Vehicle,153.03631,-27.415173,East - West Arterial Rd,Kedron Park Rd,Kedron,Clayfield,Intersection - 5+ way,Operating traffic lights,60 km/h,Sealed - Dry,Dawn/Dusk,Curved - view open,Off Path-Curve: Out Of Control On Cway,Out of control on curve,0,1,0,0,1,0,1,0,0,0,0,0
274044,Medical treatment,2014,8,Hit animal,Other,152.987941,-27.46261,Kaye St,,Bardon,Mount Coot-tha,No Roadway Feature,No traffic control,0 - 50 km/h,Sealed - Dry,Daylight,Straight,Pass & Misc: Hit Animal,Hit animal,0,0,1,0,1,0,0,0,0,1,0,0
274045,Hospitalisation,2014,7,Angle,Multi-Vehicle,153.029806,-27.472763,Alice St,,Brisbane City,Brisbane Central,No Roadway Feature,No traffic control,0 - 50 km/h,Sealed - Dry,Daylight,Straight,Veh'S Manoeuvring: Leaving Driveway,Vehicle leaving driveway,0,1,0,0,1,1,0,0,0,1,0,0
274046,Medical treatment,2014,17,Angle,Multi-Vehicle,153.028323,-27.478597,Gardens Pt Rd,,Brisbane City,Brisbane Central,Intersection - Roundabout,Give way sign,0 - 50 km/h,Sealed - Dry,Daylight,Curved - view open,Veh'S Manoeuvring: Leaving Driveway,Vehicle leaving driveway,0,0,1,0,1,1,0,0,0,1,0,0
274047,Minor injury,2014,10,Rear-end,Multi-Vehicle,153.045917,-27.46696,Brunswick St,,New Farm,Brisbane Central,No Roadway Feature,No traffic control,60 km/h,Sealed - Dry,Daylight,Straight,Veh'S Same Direction: Rear End,Rear-end,0,0,0,1,1,2,0,0,0,0,0,0
274049,Hospitalisation,2014,17,Head-on,Multi-Vehicle,153.030883,-27.393433,Gympie Arterial Rd,Rode Rd,Chermside,Stafford,Intersection - Cross,Operating traffic lights,60 km/h,Sealed - Dry,Dawn/Dusk,Straight,Veh'S Opposite Approach: Thru-Right,Opposing vehicles turning,0,2,0,0,2,2,0,0,0,0,0,0
274055,Hospitalisation,2014,13,Angle,Multi-Vehicle,153.018034,-27.34689,Beams Rd,Cowie Rd,Carseldine,Aspley,Intersection - T-Junction,Give way sign,60 km/h,Sealed - Dry,Daylight,Straight,Veh'S Adjacent Approach: Thru-Right,Intersection from adjacent approaches,0,1,0,0,1,2,0,0,0,0,0,0
274056,Hospitalisation,2014,16,Fall from vehicle,Single Vehicle,153.059956,-27.346907,Sandgate Sub-Arterial Rd,,Boondall,Nudgee,No Roadway Feature,No traffic control,70 km/h,Sealed - Dry,Dawn/Dusk,Straight,Off Path-Straight:Out Of Control On Cway,Out of control on straight,0,1,0,0,1,0,1,0,0,0,0,0
274067,Hospitalisation,2014,2,Hit object,Single Vehicle,153.020414,-27.436637,Newmarket Rd,,Wilston,Brisbane Central,No Roadway Feature,No traffic control,60 km/h,Sealed - Dry,Darkness - Lighted,Straight,Off Path-Straight: Left Off Cway Hit Obj,Off carriageway on straight hit object,0,1,0,0,1,1,0,0,0,0,0,0
274068,Medical treatment,2014,12,Rear-end,Multi-Vehicle,152.992037,-27.419164,Pickering St,Western Art Rd On/Off Ramp,Enoggera,Ashgrove,Intersection - Interchange,No traffic control,60 km/h,Sealed - Dry,Daylight,Straight,Veh'S Same Direction: Right Rear,Rear-end,0,0,1,1,2,3,0,0,0,0,0,0
274094,Medical treatment,2014,17,Angle,Multi-Vehicle,153.002889,-27.494331,Mitre St,Sir Fred Schonell Dr,St Lucia,Indooroopilly,Intersection - T-Junction,No traffic control,60 km/h,Sealed - Dry,Darkness - Lighted,Curved - view open,Veh'S Opposite Approach: Thru-Right,Opposing vehicles turning,0,0,1,0,1,1,1,0,0,0,0,0
274095,Medical treatment,2014,8,Rear-end,Multi-Vehicle,153.0302109,-27.30878171,Gateway Arterial Rd,,Bald Hills,Sandgate,No Roadway Feature,No traffic control,100 - 110 km/h,Sealed - Dry,Daylight,Curved - view open,Veh'S Same Direction: Rear End,Rear-end,0,0,1,0,1,2,0,0,0,0,0,0
274098,Medical treatment,2014,8,Rear-end,Multi-Vehicle,153.06162,-27.362555,Sandgate Sub-Arterial Rd,,Boondall,Nudgee,No Roadway Feature,No traffic control,60 km/h,Sealed - Dry,Daylight,Straight,Veh'S Same Direction: Rear End,Rear-end,0,0,1,0,1,2,0,0,0,0,0,0
274099,Medical treatment,2014,17,Rear-end,Multi-Vehicle,153.015692,-27.354878,Gympie Arterial Rd,,Carseldine,Aspley,No Roadway Feature,No traffic control,70 km/h,Sealed - Dry,Dawn/Dusk,Straight,Veh'S Same Direction: Rear End,Rear-end,0,0,2,0,2,3,0,0,0,0,0,0
274100,Minor injury,2014,14,Rear-end,Multi-Vehicle,152.992875,-27.388328,Rode Rd,,Mcdowall,Everton,No Roadway Feature,No traffic control,60 km/h,Sealed - Dry,Daylight,Straight,Veh'S Same Direction: Rear End,Rear-end,0,0,0,1,1,3,0,0,0,0,0,0
274107,Hospitalisation,2014,8,Sideswipe,Multi-Vehicle,153.031658,-27.402716,Gympie Arterial Rd,Oliver St,Kedron,Clayfield,Intersection - T-Junction,No traffic control,60 km/h,Sealed - Dry,Daylight,Straight,Veh'S Same Direction: Left Turn S/Swipe,Parallel lanes turning,0,1,0,0,1,0,1,1,0,0,0,0
274127,Hospitalisation,2014,15,Rear-end,Multi-Vehicle,153.04996,-27.456617,Macquarie St,,Teneriffe,Brisbane Central,No Roadway Feature,No traffic control,60 km/h,Sealed - Dry,Daylight,Straight,Veh'S Same Direction: Rear End,Rear-end,0,1,0,0,1,1,1,0,0,0,0,0
274130,Hospitalisation,2014,16,Hit pedestrian,Hit pedestrian,152.995722,-27.492886,Douglas St,Sir Fred Schonell Dr,St Lucia,Indooroopilly,Intersection - T-Junction,No traffic control,60 km/h,Sealed - Dry,Daylight,Straight,Ped'N: Far Side Vehicle Hit From Left,Pedestrian,0,1,0,0,1,1,0,0,0,0,1,0
274132,Hospitalisation,2014,11,Angle,Multi-Vehicle,153.055621,-27.327502,Depot Rd,,Deagon,Sandgate,No Roadway Feature,No traffic control,60 km/h,Sealed - Dry,Daylight,Straight,Veh'S Manoeuvring: Leaving Driveway,Vehicle leaving driveway,0,1,0,0,1,2,0,0,0,0,0,0
274139,Medical treatment,2014,8,Rear-end,Multi-Vehicle,153.031086,-27.4381089,Lutwyche Rd,Newmarket Rd,Windsor,Brisbane Central,Intersection - T-Junction,Operating traffic lights,60 km/h,Sealed - Dry,Daylight,Straight,Veh'S Same Direction: Rear End,Rear-end,0,0,1,0,1,2,0,0,0,0,0,0
274171,Medical treatment,2014,4,Rear-end,Multi-Vehicle,153.0273896,-27.47848655,South East Arterial Rd,,Brisbane City,Brisbane Central,No Roadway Feature,No traffic control,80 - 90 km/h,Sealed - Dry,Darkness - Lighted,Straight,Veh'S Same Direction: Rear End,Rear-end,0,0,1,0,1,2,0,0,0,0,0,0
274173,Medical treatment,2014,18,Hit parked vehicle,Single Vehicle,153.007249,-27.502067,Boomerang Rd W,,St Lucia,Indooroopilly,No Roadway Feature,No traffic control,0 - 50 km/h,Sealed - Dry,Darkness - Lighted,Straight,Veh'S On Path: Parked,Hit parked vehicle,0,0,1,0,1,2,0,0,0,0,0,0
274174,Hospitalisation,2014,4,Hit object,Single Vehicle,152.984671,-27.478348,Western Arterial Rd,,Toowong,Mount Coot-tha,Intersection - Interchange,No traffic control,60 km/h,Sealed - Dry,Darkness - Lighted,Curved - view open,Off Path-Curve: Off Cway Rt Bend Hit Obj,Off carriageway on curve hit object,0,1,0,0,1,0,1,0,0,0,0,0
274175,Medical treatment,2014,18,Hit object,Single Vehicle,153.046298,-27.310955,Gateway Arterial Rd,,Brighton,Sandgate,No Roadway Feature,No traffic control,0 - 50 km/h,Sealed - Dry,Darkness - Lighted,Curved - view open,Off Path-Curve: Off Cway Lt Bend Hit Obj,Off carriageway on curve hit object,0,0,2,0,2,1,0,0,0,0,0,0
274177,Medical treatment,2014,9,Rear-end,Multi-Vehicle,153.0368785,-27.36659611,Murphy Rd,,Zillmere,Nudgee,No Roadway Feature,No traffic control,60 km/h,Sealed - Dry,Daylight,Straight,Veh'S Same Direction: Rear End,Rear-end,0,0,1,0,1,2,0,0,0,0,0,0
274178,Medical treatment,2014,12,Rear-end,Multi-Vehicle,153.016656,-27.356299,Gympie Arterial Rd,Zillmere Rd,Aspley,Aspley,Intersection - T-Junction,Give way sign,60 km/h,Sealed - Dry,Daylight,Curved - view open,Veh'S Same Direction: Left Rear,Rear-end,0,0,2,0,2,2,0,0,0,0,0,0
274183,Medical treatment,2014,1,Rear-end,Multi-Vehicle,152.976839,-27.414358,Osborne Rd,,Mitchelton,Everton,No Roadway Feature,No traffic control,60 km/h,Sealed - Dry,Daylight,Straight,Veh'S Same Direction: Left Rear,Rear-end,0,0,1,0,1,2,0,0,0,0,0,0
274212,Minor injury,2014,13,Hit pedestrian,Hit pedestrian,153.0236896,-27.46940758,Adelaide St,,Brisbane City,Brisbane Central,No Roadway Feature,No traffic control,0 - 50 km/h,Sealed - Dry,Daylight,Straight,Veh'S Manoeuvring: Leaving Driveway,Vehicle leaving driveway,0,0,0,1,1,1,0,0,0,0,1,0
274213,Hospitalisation,2014,9,Fall from vehicle,Single Vehicle,153.068421,-27.312369,Flinders Pde,,Sandgate,Sandgate,No Roadway Feature,No traffic control,0 - 50 km/h,Sealed - Dry,Daylight,Straight,Veh'S Same Direction: Rear End,Rear-end,0,1,3,0,4,0,0,0,0,4,0,0
274242,Medical treatment,2014,12,Angle,Multi-Vehicle,152.991919,-27.465491,Baroona Rd,Rainworth Rd,Paddington,Mount Coot-tha,Intersection - Cross,Stop sign,60 km/h,Sealed - Dry,Daylight,Curved - view open,Veh'S Adjacent Approach: Thru-Thru,Intersection from adjacent approaches,0,0,3,0,3,2,0,0,0,0,0,0
274245,Medical treatment,2014,6,Angle,Multi-Vehicle,152.957862,-27.507636,Moggill Rd,Moggill Sub-Arterial Rd,Chapel Hill,Indooroopilly,Intersection - Cross,Operating traffic lights,60 km/h,Sealed - Dry,Daylight,Straight,Veh'S Adjacent Approach: Thru-Right,Intersection from adjacent approaches,0,0,1,0,1,2,0,0,0,0,0,0
274251,Medical treatment,2014,23,Hit object,Single Vehicle,153.059255,-27.397853,Rode Rd,Sandgate Sub-Arterial Rd,Nundah,Clayfield,Intersection - T-Junction,Operating traffic lights,0 - 50 km/h,Sealed - Wet,Darkness - Lighted,Straight,Veh'S Adjacent Approach: Thru-Right,Intersection from adjacent approaches,0,0,1,0,1,2,0,0,0,0,0,0
274252,Hospitalisation,2014,7,Rear-end,Multi-Vehicle,153.031721,-27.441748,Inner City Bypass On Ramp,,Windsor,Brisbane Central,Intersection - Interchange,Operating traffic lights,60 km/h,Sealed - Dry,Daylight,Curved - view open,Veh'S Same Direction: Rear End,Rear-end,0,1,0,0,1,1,1,0,0,0,0,0
274253,Medical treatment,2014,14,Fall from vehicle,Single Vehicle,152.96198,-27.405986,Blaker Rd,Dawson Pde,Keperra,Everton,Intersection - T-Junction,Give way sign,60 km/h,Sealed - Dry,Daylight,Straight,Pass & Misc: Fell In/From Vehicle,Other,0,0,1,0,1,0,1,0,0,0,0,0
274254,Medical treatment,2014,19,Angle,Multi-Vehicle,152.986177,-27.418357,Pickering St,Station Ave,Gaythorne,Ashgrove,No Roadway Feature,No traffic control,60 km/h,Sealed - Dry,Darkness - Lighted,Straight,Veh'S Opposite Approach: Thru-Right,Opposing vehicles turning,0,0,1,0,1,2,0,0,0,0,0,0
274275,Medical treatment,2014,12,Rear-end,Multi-Vehicle,152.945987,-27.443724,Waterworks Rd,,The Gap,Ashgrove,No Roadway Feature,No traffic control,60 km/h,Sealed - Dry,Daylight,Curved - view open,Veh'S Same Direction: Rear End,Rear-end,0,0,1,0,1,2,0,0,0,0,0,0
274276,Medical treatment,2014,8,Angle,Multi-Vehicle,153.00095,-27.456083,Kennedy Tce,,Paddington,Mount Coot-tha,No Roadway Feature,No traffic control,0 - 50 km/h,Sealed - Dry,Daylight,Straight,Ped'N: Near Side Vehicle Hit From Right,Pedestrian,0,0,1,0,1,1,0,0,0,0,1,0
274277,Hospitalisation,2014,11,Angle,Multi-Vehicle,152.993637,-27.502441,Carawa St,Hillside Tce,St Lucia,Indooroopilly,Intersection - T-Junction,Give way sign,0 - 50 km/h,Sealed - Dry,Daylight,Curved - view open,Veh'S Adjacent Approach: Thru-Right,Intersection from adjacent approaches,0,1,0,0,1,1,0,0,0,1,0,0
274278,Hospitalisation,2014,16,Hit pedestrian,Hit pedestrian,152.994082,-27.491987,Gailey Rd,Sir Fred Schonell Dr,Toowong,Mount Coot-tha,Intersection - T-Junction,No traffic control,60 km/h,Sealed - Dry,Daylight,Straight,Ped'N: Near Side Vehicle Hit From Right,Pedestrian,0,1,0,0,1,1,0,0,0,0,1,0
274279,Medical treatment,2014,18,Rear-end,Multi-Vehicle,153.042154,-27.328604,Denham St,Phillips St,Bracken Ridge,Sandgate,Intersection - T-Junction,No traffic control,60 km/h,Sealed - Dry,Darkness - Lighted,Straight,Veh'S Same Direction: Right Rear,Rear-end,0,0,1,0,1,2,0,0,0,0,0,0
274285,Medical treatment,2014,7,Rear-end,Multi-Vehicle,153.016953,-27.358858,Gympie Arterial Rd,,Aspley,Aspley,No Roadway Feature,No traffic control,70 km/h,Sealed - Dry,Daylight,Straight,Veh'S Same Direction: Rear End,Rear-end,0,0,1,0,1,2,0,0,0,0,0,0
274290,Minor injury,2014,15,Rear-end,Multi-Vehicle,153.043842,-27.393616,Highcrest Ave,Willinda Ave,Wavell Heights,Clayfield,Intersection - Cross,Stop sign,0 - 50 km/h,Sealed - Dry,Daylight,Straight,Veh'S Same Direction: Left Rear,Rear-end,0,0,0,1,1,1,1,0,0,0,0,0
274291,Minor injury,2014,4,Hit parked vehicle,Single Vehicle,153.043013,-27.416596,Owen St,Price St,Wooloowin,Clayfield,Intersection - T-Junction,No traffic control,0 - 50 km/h,Sealed - Dry,Darkness - Lighted,Straight,Veh'S On Path: Parked,Hit parked vehicle,0,0,0,1,1,2,0,0,0,0,0,0
274310,Medical treatment,2014,6,Rear-end,Multi-Vehicle,153.024893,-27.475257,South East Arterial Rd,,Brisbane City,Brisbane Central,No Roadway Feature,No traffic control,70 km/h,Sealed - Dry,Daylight,Straight,Veh'S Same Direction: Rear End,Rear-end,0,0,2,0,2,2,0,0,0,0,0,0
274318,Medical treatment,2014,15,Rear-end,Multi-Vehicle,152.9626551,-27.41105433,Dawson Pde,,Keperra,Everton,No Roadway Feature,No traffic control,60 km/h,Sealed - Dry,Daylight,Straight,Veh'S Same Direction: Rear End,Rear-end,0,0,1,0,1,3,0,0,0,0,0,0
274338,Hospitalisation,2014,16,Rear-end,Multi-Vehicle,152.997943,-27.466171,Baroona Rd,Bayswater St,Paddington,Mount Coot-tha,Intersection - T-Junction,Pedestrian crossing sign,0 - 50 km/h,Sealed - Dry,Daylight,Straight,Veh'S Same Direction: Rear End,Rear-end,0,2,0,0,2,2,0,0,0,0,0,0
274339,Medical treatment,2014,8,Sideswipe,Multi-Vehicle,153.043448,-27.444051,Breakfast Ck Rd,Edmund St,Newstead,Brisbane Central,Intersection - T-Junction,Operating traffic lights,60 km/h,Sealed - Dry,Daylight,Straight,Veh'S Adjacant Approach: Thru-Left,Intersection from adjacent approaches,0,0,1,1,2,2,0,0,0,0,0,0
274340,Hospitalisation,2014,9,Rear-end,Multi-Vehicle,152.949557,-27.507346,Moggill Sub-Arterial Rd,,Kenmore,Moggill,No Roadway Feature,No traffic control,60 km/h,Sealed - Dry,Daylight,Straight,Veh'S Same Direction: Rear End,Rear-end,0,1,0,0,1,2,0,0,0,0,0,0
274343,Medical treatment,2014,6,Angle,Multi-Vehicle,153.0617897,-27.32697065,Adams St,Barclay St,Deagon,Sandgate,Intersection - Cross,Stop sign,0 - 50 km/h,Sealed - Dry,Daylight,Straight,Veh'S Adjacent Approach: Thru-Thru,Intersection from adjacent approaches,0,0,1,0,1,2,0,0,0,0,0,0
274344,Medical treatment,2014,18,Angle,Multi-Vehicle,153.0412389,-27.33188662,Denham St,Telegraph Rd,Bracken Ridge,Sandgate,Intersection - T-Junction,Operating traffic lights,60 km/h,Sealed - Dry,Darkness - Lighted,Straight,Veh'S Opposite Approach: Thru-Right,Opposing vehicles turning,0,0,2,0,2,2,0,0,0,0,0,0
274345,Medical treatment,2014,15,Sideswipe,Multi-Vehicle,153.0098457,-27.31744602,Strathpine Sub-Arterial Rd,,Bald Hills,Aspley,No Roadway Feature,No traffic control,70 km/h,Sealed - Dry,Daylight,Straight,Veh'S Same Direction: Lane Change Left,Lane changes,0,0,1,0,1,1,1,0,0,0,0,0
274355,Medical treatment,2014,20,Fall from vehicle,Single Vehicle,153.024939,-27.437223,Newmarket Rd,,Windsor,Brisbane Central,No Roadway Feature,No traffic control,60 km/h,Sealed - Dry,Darkness - Lighted,Straight,Veh'S Manoeuvring: Other,Other,0,0,1,0,1,0,1,0,0,0,0,0
274356,Hospitalisation,2014,3,Hit object,Single Vehicle,153.07483,-27.407233,Gateway Arterial Rd,,Nundah,Clayfield,Bridge/Causeway,No traffic control,80 - 90 km/h,Sealed - Dry,Darkness - Lighted,Curved - view open,Off Path-Curve: Off Cway Rt Bend Hit Obj,Off carriageway on curve hit object,0,1,0,0,1,1,0,0,0,0,0,0
274383,Medical treatment,2014,15,Rear-end,Multi-Vehicle,153.011677,-27.460617,Hale St,,Paddington,Mount Coot-tha,No Roadway Feature,No traffic control,60 km/h,Sealed - Dry,Daylight,Straight,Veh'S Same Direction: Rear End,Rear-end,0,0,1,0,1,2,0,0,0,0,0,0
274384,Medical treatment,2014,9,Fall from vehicle,Single Vehicle,153.019608,-27.469663,South East Arterial Rd,,Brisbane City,Brisbane Central,No Roadway Feature,No traffic control,70 km/h,Sealed - Dry,Daylight,Straight,Veh'S Same Direction: Lane Change Right,Lane changes,0,0,2,0,2,1,1,0,0,0,0,0
274385,Minor injury,2014,17,Rear-end,Multi-Vehicle,153.029553,-27.446214,Invalid Street From Police,,Herston,Brisbane Central,No Roadway Feature,No traffic control,60 km/h,Sealed - Dry,Daylight,Straight,Veh'S Same Direction: Rear End,Rear-end,0,0,0,1,1,2,0,0,0,0,0,0
274389,Medical treatment,2014,15,Rear-end,Multi-Vehicle,153.016331,-27.410369,East - West Arterial Rd,,Stafford,Stafford,No Roadway Feature,No traffic control,60 km/h,Sealed - Dry,Daylight,Straight,Veh'S Same Direction: Rear End,Rear-end,0,0,1,0,1,4,0,0,0,0,0,0
274392,Hospitalisation,2014,21,Angle,Multi-Vehicle,153.035383,-27.374186,Ellison Rd,Murphy Rd,Geebung,Nudgee,Intersection - Roundabout,Give way sign,60 km/h,Sealed - Dry,Darkness - Lighted,Straight,Veh'S Adjacent Approach: Thru-Thru,Intersection from adjacent approaches,0,1,0,0,1,2,0,0,0,0,0,0
274432,Hospitalisation,2014,20,Angle,Multi-Vehicle,152.976699,-27.493781,Moggill Rd,Waverley Rd,Taringa,Indooroopilly,Intersection - T-Junction,Give way sign,60 km/h,Sealed - Dry,Darkness - Lighted,Straight,Veh'S Manoeuvring: Entering From Footway,Vehicle leaving driveway,0,1,0,0,1,1,0,0,0,1,0,0
274438,Hospitalisation,2014,17,Hit pedestrian,Hit pedestrian,153.0570857,-27.40173533,Boyd Rd,,Nundah,Clayfield,No Roadway Feature,No traffic control,0 - 50 km/h,Sealed - Dry,Daylight,Straight,Ped'N: Hit Emerging Behind Vehicle,Pedestrian,0,1,0,0,1,1,0,0,0,0,1,0
274455,Medical treatment,2014,11,Fall from vehicle,Single Vehicle,152.924719,-27.435056,Mount Nebo Rd,,Enoggera Reservoir,Ashgrove,No Roadway Feature,No traffic control,80 - 90 km/h,Sealed - Dry,Daylight,Curved - view open,Off Path-Curve: Off Cway Right Bend,Off carriageway on curve,0,0,1,0,1,0,1,0,0,0,0,0
274456,Hospitalisation,2014,14,Rear-end,Multi-Vehicle,153.024106,-27.474228,South East Arterial Rd,,Brisbane City,Brisbane Central,No Roadway Feature,No traffic control,70 km/h,Sealed - Dry,Daylight,Straight,Veh'S Same Direction: Rear End,Rear-end,0,2,0,0,2,1,2,0,0,0,0,0
274457,Medical treatment,2014,8,Fall from vehicle,Single Vehicle,153.040632,-27.438901,Abbotsford Rd,,Bowen Hills,Brisbane Central,No Roadway Feature,No traffic control,60 km/h,Sealed - Dry,Daylight,Curved - view open,Off Path-Curve: Out Of Control On Cway,Out of control on curve,0,0,1,0,1,0,1,0,0,0,0,0
274459,Minor injury,2014,1,Sideswipe,Multi-Vehicle,153.038449,-27.386147,Mylne St,,Chermside,Nudgee,No Roadway Feature,No traffic control,0 - 50 km/h,Sealed - Dry,Darkness - Lighted,Straight,Veh'S Same Direction: Lane Side Swipe,Lane changes,0,0,0,2,2,2,0,0,0,0,0,0
274465,Hospitalisation,2014,0,Hit object,Single Vehicle,153.10425,-27.429278,Kingsford Smith Dr,,Pinkenba,Clayfield,No Roadway Feature,No traffic control,60 km/h,Sealed - Dry,Darkness - Lighted,Straight,Off Path-Curve: Out Of Control On Cway,Out of control on curve,0,1,0,0,1,1,0,0,0,0,0,0
274466,Medical treatment,2014,16,Angle,Multi-Vehicle,152.925245,-27.414822,Charolais Cres,Tallimba St,Upper Kedron,Ferny Grove,Intersection - T-Junction,Give way sign,0 - 50 km/h,Sealed - Dry,Daylight,Curved - view open,Veh'S Adjacent Approach: Thru-Right,Intersection from adjacent approaches,0,0,2,0,2,2,0,0,0,0,0,0
274488,Medical treatment,2014,15,Rear-end,Multi-Vehicle,153.028099,-27.479324,South East Arterial Rd,,Brisbane City,Brisbane Central,Intersection - Cross,Operating traffic lights,0 - 50 km/h,Sealed - Dry,Daylight,Straight,Veh'S Same Direction: Rear End,Rear-end,0,0,2,0,2,2,0,0,0,0,0,0
274490,Hospitalisation,2014,6,Rear-end,Multi-Vehicle,152.962965,-27.502919,Western Arterial Rd,,Indooroopilly,Indooroopilly,No Roadway Feature,No traffic control,70 km/h,Sealed - Dry,Daylight,Curved - view open,Veh'S Same Direction: Rear End,Rear-end,0,1,0,0,1,3,0,0,0,0,0,0
274493,Hospitalisation,2014,16,Rear-end,Multi-Vehicle,153.031594,-27.399197,Gympie Arterial Rd,Kedron St,Kedron,Nudgee,Intersection - T-Junction,No traffic control,60 km/h,Sealed - Dry,Daylight,Straight,Veh'S Same Direction: Rear End,Rear-end,0,1,0,0,1,2,0,0,0,0,0,0
274494,Medical treatment,2014,8,Rear-end,Multi-Vehicle,152.994292,-27.354911,Beckett Rd,Bridgeman Rd,Bridgeman Downs,Aspley,Intersection - T-Junction,Give way sign,60 km/h,Sealed - Dry,Daylight,Straight,Veh'S Same Direction: Left Rear,Rear-end,0,0,1,0,1,2,0,0,0,0,0,0
274497,Hospitalisation,2014,7,Angle,Multi-Vehicle,153.05923,-27.396305,Cameron St,Sandgate Sub-Arterial Rd,Nundah,Clayfield,Intersection - T-Junction,No traffic control,60 km/h,Sealed - Dry,Daylight,Straight,Veh'S Opposite Approach: Thru-Right,Opposing vehicles turning,0,1,0,0,1,1,1,0,0,0,0,0
274498,Medical treatment,2014,16,Hit parked vehicle,Single Vehicle,152.9255394,-27.41505,Tallimba St,,Upper Kedron,Ferny Grove,No Roadway Feature,No traffic control,0 - 50 km/h,Sealed - Dry,Dawn/Dusk,Curved - view open,Veh'S On Path: Parked,Hit parked vehicle,0,0,1,0,1,2,0,0,0,0,0,0
274517,Minor injury,2014,15,Hit pedestrian,Hit pedestrian,152.99751,-27.446245,Fulcher Rd,Waterworks Rd,Ashgrove,Ashgrove,No Roadway Feature,Pedestrian operated lights,60 km/h,Sealed - Dry,Daylight,Straight,Ped'N: Near Side Vehicle Hit From Right,Pedestrian,0,0,0,1,1,0,0,0,0,1,2,0