Crash_Ref_Number,Severity,Year,Hour,Crash_Nature,Crash_Type,Longitude,Latitude,Street,Street_Intersecting,Suburb,Loc_State_Electorate,Crash_Roadway_Feature,Crash_Traffic_Control,Crash_Speed_Limit,Crash_Road_Surface_Condition,Crash_Lighting_Condition,Crash_Road_Horiz_Align,Crash_DCA_Description,Crash_DCA_Group_Description,Count_Casualty_Fatality,Count_Casualty_Hospitalised,Count_Casualty_MedicallyTreated,Count_Casualty_MinorInjury,Count_Casualty_Total,Count_Unit_Car,Count_Unit_Motorcycle_Moped,Count_Unit_Truck,Count_Unit_Bus,Count_Unit_Bicycle,Count_Unit_Pedestrian,Count_Unit_Other
274519,Medical treatment,2014,9,Rear-end,Multi-Vehicle,153.031276,-27.457723,Barry Pde,Gipps St,Fortitude Valley,Brisbane Central,Intersection - T-Junction,No traffic control,60 km/h,Sealed - Dry,Daylight,Straight,Veh'S Same Direction: Left Rear,Rear-end,0,0,1,0,1,2,0,0,0,0,0,0
274520,Medical treatment,2014,18,Hit object,Single Vehicle,153.011862,-27.313549,Kluver St,,Bald Hills,Aspley,No Roadway Feature,No traffic control,60 km/h,Sealed - Wet,Darkness - Lighted,Curved - view open,Veh'S On Path: Temporary Object On C'Way,Other,0,0,1,0,1,1,0,0,0,0,0,0
274522,Medical treatment,2014,11,Head-on,Multi-Vehicle,153.024819,-27.365035,Robinson Rd W,,Aspley,Aspley,No Roadway Feature,No traffic control,60 km/h,Sealed - Dry,Daylight,Straight,Veh'S Opposite Approach: Thru-Right,Opposing vehicles turning,0,0,1,0,1,1,0,1,0,0,0,0
274530,Hospitalisation,2014,18,Angle,Multi-Vehicle,153.005456,-27.4302,Alderson St,Enoggera Rd,Newmarket,Stafford,Intersection - T-Junction,No traffic control,60 km/h,Sealed - Dry,Darkness - Lighted,Curved - view open,Veh'S Manoeuvring: Entering From Footway,Vehicle leaving driveway,0,1,0,0,1,1,0,0,0,1,0,0
274556,Medical treatment,2014,17,Hit parked vehicle,Single Vehicle,153.045085,-27.44616994,Austin St,,Newstead,Brisbane Central,No Roadway Feature,No traffic control,0 - 50 km/h,Sealed - Wet,Daylight,Straight,Veh'S On Path: Car Door,Hit parked vehicle,0,0,1,0,1,1,0,0,0,1,0,0
274557,Minor injury,2014,8,Angle,Multi-Vehicle,153.042379,-27.446887,Breakfast Ck Rd,Evelyn St,Newstead,Brisbane Central,Intersection - T-Junction,Operating traffic lights,60 km/h,Sealed - Dry,Daylight,Straight,Veh'S Opposite Approach: Thru-Right,Opposing vehicles turning,0,0,0,1,1,2,0,0,0,0,0,0
274559,Hospitalisation,2014,21,Rear-end,Multi-Vehicle,153.0196815,-27.31291688,Hoyland St,,Bracken Ridge,Sandgate,No Roadway Feature,No traffic control,60 km/h,Sealed - Dry,Darkness - Lighted,Curved - view open,Veh'S Same Direction: Rear End,Rear-end,0,1,0,0,1,2,0,0,0,0,0,0
274562,Medical treatment,2014,15,Angle,Multi-Vehicle,153.035603,-27.402289,Colac St,Edinburgh Castle Rd,Kedron,Clayfield,Intersection - Roundabout,Give way sign,0 - 50 km/h,Sealed - Dry,Dawn/Dusk,Straight,Veh'S Adjacent Approach: Thru-Thru,Intersection from adjacent approaches,0,0,1,0,1,2,0,0,0,0,0,0
274563,Medical treatment,2014,9,Angle,Multi-Vehicle,153.013962,-27.346244,Beams Rd,Lacey Rd,Carseldine,Aspley,Intersection - T-Junction,Stop sign,60 km/h,Sealed - Dry,Daylight,Straight,Veh'S Adjacent Approach: Thru-Right,Intersection from adjacent approaches,0,0,1,0,1,2,0,0,0,0,0,0
274589,Medical treatment,2014,6,Hit object,Single Vehicle,152.9604607,-27.44648833,Waterworks Rd,,The Gap,Ashgrove,No Roadway Feature,No traffic control,60 km/h,Sealed - Dry,Daylight,Curved - view open,Off Path-Curve: Off Cway Lt Bend Hit Obj,Off carriageway on curve hit object,0,0,1,0,1,0,0,0,0,1,0,0
274590,Medical treatment,2014,21,Angle,Multi-Vehicle,153.014304,-27.458704,Kelvin Grove Rd,,Kelvin Grove,Mount Coot-tha,Intersection - T-Junction,Operating traffic lights,60 km/h,Sealed - Dry,Darkness - Lighted,Straight,Veh'S Adjacent Approach: Thru-Right,Intersection from adjacent approaches,0,0,2,0,2,1,0,0,1,0,0,0
274591,Hospitalisation,2014,15,Hit object,Single Vehicle,152.9665361,-27.48829529,Western Arterial Rd,,Taringa,Indooroopilly,No Roadway Feature,No traffic control,60 km/h,Sealed - Dry,Daylight,Straight,Off Path-Straight:Right Off Cway Hit Obj,Off carriageway on straight hit object,0,1,0,0,1,1,0,0,0,0,0,0
274593,Medical treatment,2014,8,Rear-end,Multi-Vehicle,153.019357,-27.291676,Gympie Arterial Rd,,Bald Hills,Sandgate,Bridge/Causeway,No traffic control,60 km/h,Sealed - Dry,Daylight,Straight,Veh'S Same Direction: Rear End,Rear-end,0,0,1,0,1,2,0,0,0,0,0,0
274595,Medical treatment,2014,7,Rear-end,Multi-Vehicle,153.0389137,-27.35564003,Handford Rd,,Zillmere,Nudgee,No Roadway Feature,No traffic control,60 km/h,Sealed - Dry,Daylight,Straight,Veh'S Same Direction: Rear End,Rear-end,0,0,1,0,1,2,0,1,0,0,0,0
274602,Medical treatment,2014,19,Overturned,Single Vehicle,153.046101,-27.427888,Bonney Ave,Sandgate Rd,Clayfield,Clayfield,Intersection - T-Junction,Operating traffic lights,60 km/h,Sealed - Dry,Darkness - Lighted,Curved - view open,Veh'S Adjacent Approach: Thru-Right,Intersection from adjacent approaches,0,0,1,0,1,1,1,0,0,0,0,0
274603,Medical treatment,2014,17,Angle,Multi-Vehicle,153.03271,-27.42863,Lutwyche Rd,,Windsor,Brisbane Central,Intersection - T-Junction,Operating traffic lights,60 km/h,Sealed - Dry,Dawn/Dusk,Curved - view open,Veh'S Adjacent Approach: Right-Thru,Intersection from adjacent approaches,0,0,1,0,1,2,0,0,0,0,0,0
274604,Hospitalisation,2014,7,Angle,Multi-Vehicle,153.059309,-27.394366,Northgate Rd,Sandgate Sub-Arterial Rd,Nundah,Clayfield,Intersection - T-Junction,No traffic control,60 km/h,Sealed - Dry,Daylight,Straight,Veh'S Manoeuvring: Entering From Footway,Vehicle leaving driveway,0,1,0,0,1,2,0,0,0,1,0,0
274618,Hospitalisation,2014,12,Hit pedestrian,Hit pedestrian,153.036922,-27.459981,Brunswick St,Martin St,Fortitude Valley,Brisbane Central,Intersection - T-Junction,No traffic control,0 - 50 km/h,Sealed - Dry,Daylight,Straight,Ped'N: Far Side Vehicle Hit From Left,Pedestrian,0,1,0,0,1,1,0,0,0,0,1,0
274629,Hospitalisation,2014,10,Angle,Multi-Vehicle,153.085137,-27.435152,Eagleview Pl,Fison Ave W,Eagle Farm,Clayfield,Intersection - Interchange,Stop sign,60 km/h,Sealed - Dry,Daylight,Curved - view open,Veh'S Adjacent Approach: Thru-Right,Intersection from adjacent approaches,0,1,0,0,1,0,0,2,0,0,0,0
274651,Hospitalisation,2014,10,Angle,Multi-Vehicle,153.015273,-27.4673,North Quay,William Jolly Bridge,Brisbane City,Brisbane Central,Bridge/Causeway,Operating traffic lights,0 - 50 km/h,Sealed - Dry,Daylight,Straight,Veh'S Adjacent Approach: Thru-Right,Intersection from adjacent approaches,0,1,0,0,1,2,0,0,0,0,0,0
274655,Hospitalisation,2014,13,Angle,Multi-Vehicle,153.015601,-27.363822,Albany Creek Sub-Arterial Rd,Gayford St,Aspley,Aspley,Intersection - Cross,Operating traffic lights,60 km/h,Sealed - Dry,Daylight,Straight,Veh'S Adjacent Approach: Thru-Right,Intersection from adjacent approaches,0,1,0,0,1,2,0,0,0,0,0,0
274661,Medical treatment,2014,17,Angle,Multi-Vehicle,153.103446,-27.392564,Bert Hinkler Dr,,Brisbane Airport,Clayfield,Intersection - T-Junction,Give way sign,60 km/h,Sealed - Dry,Dawn/Dusk,Straight,Veh'S Opposite Approach: Thru-Right,Opposing vehicles turning,0,0,1,0,1,2,0,0,0,0,0,0
274681,Medical treatment,2014,4,Sideswipe,Multi-Vehicle,153.033428,-27.457189,Brunswick St,,Fortitude Valley,Brisbane Central,No Roadway Feature,Operating traffic lights,0 - 50 km/h,Sealed - Dry,Darkness - Lighted,Straight,Veh'S Manoeuvring: Leaving Parking,Vehicle leaving driveway,0,0,1,0,1,1,0,0,1,0,0,0
274682,Medical treatment,2014,8,Rear-end,Multi-Vehicle,153.0175704,-27.29741305,Gympie Arterial Rd,,Bald Hills,Sandgate,No Roadway Feature,No traffic control,100 - 110 km/h,Sealed - Dry,Daylight,Straight,Veh'S Same Direction: Lane Change Right,Lane changes,0,0,1,0,1,2,0,0,0,0,0,0
274708,Medical treatment,2014,16,Rear-end,Multi-Vehicle,153.0127546,-27.38337862,Maundrell Tce,,Chermside West,Stafford,No Roadway Feature,No traffic control,60 km/h,Sealed - Dry,Daylight,Straight,Veh'S Same Direction: Rear End,Rear-end,0,0,1,0,1,2,0,0,0,0,0,0
274733,Hospitalisation,2014,6,Rear-end,Multi-Vehicle,153.030886,-27.385517,Gympie Arterial Rd,,Chermside,Nudgee,No Roadway Feature,No traffic control,60 km/h,Sealed - Dry,Daylight,Straight,Veh'S Same Direction: Rear End,Rear-end,0,1,0,0,1,2,0,0,0,0,0,0
274734,Minor injury,2014,6,Rear-end,Multi-Vehicle,153.0309292,-27.38561883,Gympie Arterial Rd,,Chermside,Nudgee,No Roadway Feature,No traffic control,60 km/h,Sealed - Dry,Daylight,Straight,Veh'S Same Direction: Rear End,Rear-end,0,0,0,1,1,2,0,0,0,0,0,0
274739,Minor injury,2014,18,Hit object,Single Vehicle,153.043864,-27.440161,Sandgate Rd,,Albion,Clayfield,No Roadway Feature,No traffic control,0 - 50 km/h,Sealed - Dry,Darkness - Lighted,Straight,Off Path-Curve: Mounts Traffic Island,Off carriageway on curve hit object,0,0,0,1,1,1,0,0,0,0,0,0
274759,Medical treatment,2014,11,Hit object,Single Vehicle,152.986541,-27.470158,Western Arterial Rd,,Bardon,Mount Coot-tha,No Roadway Feature,No traffic control,0 - 50 km/h,Sealed - Dry,Daylight,Curved - view open,Off Path-Curve: Off Cway Lt Bend Hit Obj,Off carriageway on curve hit object,0,0,1,0,1,1,0,0,0,0,0,0
274761,Medical treatment,2014,5,Fall from vehicle,Single Vehicle,153.042518,-27.312952,Gateway Arterial Rd,,Bracken Ridge,Sandgate,No Roadway Feature,No traffic control,80 - 90 km/h,Sealed - Wet,Dawn/Dusk,Straight,Off Path-Straight: Left Off Cway,Off carriageway on straight,0,0,1,0,1,0,1,0,0,0,0,1
274766,Medical treatment,2014,9,Rear-end,Multi-Vehicle,152.9919571,-27.41639377,Western Arterial Rd,,Enoggera,Ashgrove,No Roadway Feature,No traffic control,60 km/h,Sealed - Wet,Daylight,Straight,Veh'S Same Direction: Rear End,Rear-end,0,0,1,0,1,2,0,0,0,0,0,0
274776,Minor injury,2014,18,Rear-end,Multi-Vehicle,152.999638,-27.448061,Mossvale St,Waterworks Rd,Ashgrove,Ashgrove,Intersection - T-Junction,No traffic control,60 km/h,Sealed - Dry,Dawn/Dusk,Straight,Veh'S Same Direction: Rear End,Rear-end,0,0,0,1,1,2,0,0,0,0,0,0
274777,Medical treatment,2014,18,Hit pedestrian,Hit pedestrian,153.0288563,-27.46431969,Ann St,Wharf St,Brisbane City,Brisbane Central,Intersection - Cross,Operating traffic lights,0 - 50 km/h,Sealed - Wet,Dawn/Dusk,Straight,Ped'N: Near Side Vehicle Hit From Right,Pedestrian,0,0,1,0,1,1,0,0,0,0,1,0
274784,Minor injury,2014,16,Rear-end,Multi-Vehicle,153.023221,-27.373426,Gympie Arterial Rd,Webster Rd,Aspley,Aspley,Intersection - Cross,Operating traffic lights,70 km/h,Sealed - Wet,Daylight,Straight,Veh'S Same Direction: Rear End,Rear-end,0,0,0,1,1,2,0,0,0,0,0,0
274817,Hospitalisation,2014,13,Rear-end,Multi-Vehicle,153.007797,-27.444749,Bishop St,Kelvin Grove Rd,Kelvin Grove,Brisbane Central,Intersection - Cross,Operating traffic lights,60 km/h,Sealed - Dry,Daylight,Straight,Veh'S Same Direction: Rear End,Rear-end,0,2,0,0,2,6,0,0,0,0,0,0
274824,Hospitalisation,2014,21,Angle,Multi-Vehicle,153.042723,-27.432748,Abbotsford Rd,Sandgate Rd,Albion,Clayfield,Intersection - T-Junction,No traffic control,60 km/h,Sealed - Dry,Daylight,Straight,Veh'S Adjacent Approach: Thru-Right,Intersection from adjacent approaches,0,1,0,0,1,1,1,0,0,0,0,0
274844,Hospitalisation,2014,19,Hit pedestrian,Hit pedestrian,153.0241802,-27.46773089,Ann St,,Brisbane City,Brisbane Central,No Roadway Feature,No traffic control,60 km/h,Sealed - Dry,Darkness - Lighted,Straight,Ped'N: Far Side Vehicle Hit From Left,Pedestrian,0,1,0,0,1,1,0,0,0,0,1,0
274845,Hospitalisation,2014,5,Angle,Multi-Vehicle,153.041559,-27.449827,Breakfast Ck Rd,Montpelier Rd,Bowen Hills,Brisbane Central,Intersection - Cross,Operating traffic lights,60 km/h,Sealed - Dry,Daylight,Straight,Veh'S Adjacent Approach: Thru-Thru,Intersection from adjacent approaches,0,1,0,0,1,3,0,0,0,0,0,0
274848,Minor injury,2014,10,Hit object,Single Vehicle,153.0372607,-27.31234187,Bracken Ridge Rd,,Bracken Ridge,Sandgate,Intersection - Interchange,Operating traffic lights,60 km/h,Sealed - Dry,Daylight,Curved - view open,Veh'S Adjacant Approach: Thru-Left,Intersection from adjacent approaches,0,0,0,1,1,4,0,0,0,0,0,0
274849,Medical treatment,2014,5,Head-on,Multi-Vehicle,153.008525,-27.327092,Gympie Rd,,Bald Hills,Aspley,No Roadway Feature,No traffic control,60 km/h,Sealed - Dry,Dawn/Dusk,Curved - view open,Veh'S Opposite Approach: Head On,Head-on,0,0,1,0,1,1,1,0,0,0,0,0
274890,Medical treatment,2014,2,Sideswipe,Multi-Vehicle,153.031404,-27.428908,Palmer St,,Windsor,Brisbane Central,No Roadway Feature,No traffic control,0 - 50 km/h,Sealed - Dry,Darkness - Lighted,Straight,Veh'S On Path: Parked,Hit parked vehicle,0,0,1,0,1,2,0,0,0,0,0,0
274915,Medical treatment,2014,18,Rear-end,Multi-Vehicle,153.030844,-27.393781,Gympie Arterial Rd,,Kedron,Stafford,No Roadway Feature,No traffic control,70 km/h,Sealed - Dry,Dawn/Dusk,Straight,Veh'S Same Direction: Rear End,Rear-end,0,0,1,1,2,3,0,0,0,0,0,0
274920,Medical treatment,2014,20,Rear-end,Multi-Vehicle,153.034051,-27.421379,Chalk St,Lutwyche Rd,Lutwyche,Clayfield,Intersection - T-Junction,Operating traffic lights,60 km/h,Sealed - Dry,Darkness - Lighted,Straight,Veh'S Same Direction: Rear End,Rear-end,0,0,1,0,1,2,0,0,0,0,0,0
274937,Medical treatment,2014,8,Fall from vehicle,Single Vehicle,153.031098,-27.395656,Gympie Arterial Rd,,Kedron,Nudgee,No Roadway Feature,No traffic control,60 km/h,Sealed - Dry,Daylight,Straight,Pass & Misc: Fell In/From Vehicle,Other,0,0,1,0,1,0,0,0,1,0,0,0
274943,Medical treatment,2014,17,Hit object,Single Vehicle,152.9774859,-27.41511033,Samford Sub-Arterial Rd,,Mitchelton,Ashgrove,No Roadway Feature,No traffic control,60 km/h,Sealed - Dry,Daylight,Straight,Veh'S Opposite Approach: Head On,Head-on,0,0,1,0,1,3,0,0,0,0,0,0
274960,Medical treatment,2014,9,Angle,Multi-Vehicle,152.939759,-27.50735,Moggill Sub-Arterial Rd,Phillipa St,Kenmore,Moggill,Intersection - T-Junction,Give way sign,0 - 50 km/h,Sealed - Dry,Daylight,Straight,Veh'S Adjacent Approach: Thru-Right,Intersection from adjacent approaches,0,0,1,0,1,1,1,0,0,0,0,0
274989,Minor injury,2014,15,Sideswipe,Multi-Vehicle,153.029931,-27.457747,Love St,St Pauls Tce,Fortitude Valley,Brisbane Central,Intersection - T-Junction,No traffic control,60 km/h,Sealed - Dry,Daylight,Straight,Veh'S Same Direction: Lane Change Left,Lane changes,0,0,0,2,2,0,1,0,0,0,0,1
274991,Hospitalisation,2014,14,Hit pedestrian,Hit pedestrian,153.034324,-27.456801,Warner St,Wickham St,Fortitude Valley,Brisbane Central,Intersection - T-Junction,Stop sign,0 - 50 km/h,Sealed - Dry,Daylight,Straight,Ped'N: Far Side Vehicle Hit From Left,Pedestrian,0,1,0,0,1,1,0,0,0,0,1,0
274992,Medical treatment,2014,14,Hit pedestrian,Hit pedestrian,153.03675,-27.459944,Brunswick St,,Fortitude Valley,Brisbane Central,No Roadway Feature,No traffic control,60 km/h,Sealed - Dry,Daylight,Straight,Ped'N: Play; Work; Stand; Lie On C'Way,Pedestrian,0,0,1,0,1,1,0,0,0,0,1,0
274993,Hospitalisation,2014,11,Angle,Multi-Vehicle,152.977837,-27.474531,Mt Coot-Tha Rd,,Mount Coot-tha,Mount Coot-tha,No Roadway Feature,No traffic control,0 - 50 km/h,Sealed - Dry,Daylight,Curved - view obscured,Veh'S Manoeuvring: Leaving Parking,Vehicle leaving driveway,0,1,0,0,1,1,1,0,0,0,0,0
274998,Medical treatment,2014,16,Hit object,Single Vehicle,153.034814,-27.380638,Kittyhawk Dr,,Chermside,Nudgee,No Roadway Feature,No traffic control,60 km/h,Sealed - Dry,Dawn/Dusk,Curved - view open,Ped'N: Hit Other,Other,0,0,2,0,2,0,1,0,0,0,1,0
275006,Medical treatment,2014,9,Rear-end,Multi-Vehicle,153.077457,-27.375168,St Vincents Rd,Tufnell Rd,Banyo,Nudgee,Intersection - T-Junction,Pedestrian crossing sign,0 - 50 km/h,Sealed - Dry,Daylight,Straight,Veh'S Same Direction: Right Rear,Rear-end,0,0,1,0,1,2,0,0,0,0,0,0
275039,Medical treatment,2014,16,Rear-end,Multi-Vehicle,153.064585,-27.403991,Buckland Rd,Melton Rd,Nundah,Nudgee,Intersection - Roundabout,Give way sign,0 - 50 km/h,Sealed - Dry,Daylight,Straight,Veh'S Same Direction: Rear End,Rear-end,0,0,1,0,1,2,0,0,0,0,0,0
275040,Medical treatment,2014,18,Rear-end,Multi-Vehicle,153.034592,-27.419843,Lutwyche Rd,,Lutwyche,Clayfield,No Roadway Feature,No traffic control,60 km/h,Sealed - Dry,Darkness - Lighted,Straight,Veh'S Same Direction: Rear End,Rear-end,0,0,1,1,2,4,0,0,0,0,0,0
275041,Medical treatment,2014,6,Angle,Multi-Vehicle,153.096548,-27.43639,Gateway Arterial Rd,,Eagle Farm,Clayfield,No Roadway Feature,No traffic control,80 - 90 km/h,Sealed - Dry,Daylight,Straight,Veh'S Same Direction: Other,Other,0,0,1,0,1,2,0,0,0,0,0,0
275042,Medical treatment,2014,22,Rear-end,Multi-Vehicle,152.991645,-27.417855,Wardell St,Western Arterial Rd,Enoggera,Ashgrove,Intersection - Interchange,Stop sign,60 km/h,Sealed - Dry,Darkness - Lighted,Straight,Veh'S Same Direction: Rear End,Rear-end,0,0,1,0,1,2,0,0,0,0,0,0
275059,Hospitalisation,2014,19,Angle,Multi-Vehicle,153.018927,-27.459967,Boundary St,Gregory Tce,Spring Hill,Brisbane Central,Intersection - T-Junction,Operating traffic lights,60 km/h,Sealed - Dry,Darkness - Lighted,Curved - view open,Veh'S Opposite Approach: Thru-Right,Opposing vehicles turning,0,1,0,0,1,2,0,0,0,0,0,0
275060,Medical treatment,2014,13,Rear-end,Multi-Vehicle,153.040337,-27.462631,Brunswick St,,New Farm,Brisbane Central,No Roadway Feature,No traffic control,0 - 50 km/h,Sealed - Dry,Daylight,Straight,Veh'S Same Direction: Rear End,Rear-end,0,0,1,0,1,2,0,0,0,0,0,0
275061,Minor injury,2014,12,Rear-end,Multi-Vehicle,153.050094,-27.458131,Macquarie St,,Teneriffe,Brisbane Central,No Roadway Feature,No traffic control,60 km/h,Sealed - Dry,Daylight,Straight,Veh'S Same Direction: Rear End,Rear-end,0,0,0,1,1,2,0,0,0,0,0,0
275064,Hospitalisation,2014,15,Hit parked vehicle,Single Vehicle,153.038874,-27.3671942,Robinson Rd W,,Geebung,Nudgee,No Roadway Feature,No traffic control,60 km/h,Sealed - Wet,Daylight,Straight,Off Path-Straight: Left Off Cway Hit Obj,Off carriageway on straight hit object,0,1,0,0,1,2,1,0,0,0,0,0
275067,Medical treatment,2014,9,Angle,Multi-Vehicle,153.064912,-27.435838,Racecourse Rd,Windermere Rd,Ascot,Clayfield,Intersection - T-Junction,No traffic control,0 - 50 km/h,Sealed - Dry,Daylight,Straight,Off Path-Straight: Other,Other,0,0,1,0,1,1,0,0,0,1,0,0
275068,Medical treatment,2014,13,Angle,Multi-Vehicle,153.0429523,-27.43207544,Crosby Rd,Frodsham St,Albion,Clayfield,Intersection - 5+ way,Operating traffic lights,60 km/h,Sealed - Dry,Daylight,Curved - view open,Veh'S Adjacent Approach: Other,Intersection from adjacent approaches,0,0,1,0,1,2,0,0,0,0,0,0
275090,Medical treatment,2014,0,Hit object,Single Vehicle,152.928101,-27.443044,Mount Nebo Rd,,The Gap,Ashgrove,No Roadway Feature,No traffic control,60 km/h,Sealed - Dry,Darkness - Lighted,Curved - view open,Off Path-Curve: Off Cway Lt Bend Hit Obj,Off carriageway on curve hit object,0,0,1,0,1,1,0,0,0,0,0,0
275091,Medical treatment,2014,8,Rear-end,Multi-Vehicle,152.987634,-27.466977,Western Arterial Rd,,Bardon,Mount Coot-tha,No Roadway Feature,Pedestrian crossing sign,60 km/h,Sealed - Dry,Daylight,Curved - view open,Veh'S Same Direction: Rear End,Rear-end,0,0,2,0,2,2,0,0,0,0,0,0
275092,Medical treatment,2014,2,Rear-end,Multi-Vehicle,153.028753,-27.470951,Mary St,,Brisbane City,Brisbane Central,No Roadway Feature,No traffic control,0 - 50 km/h,Sealed - Dry,Darkness - Lighted,Straight,Veh'S On Path: Parked,Hit parked vehicle,0,0,1,0,1,3,0,0,0,0,0,0
275097,Hospitalisation,2014,11,Hit object,Single Vehicle,153.047747,-27.403357,Shaw Rd,,Wavell Heights,Clayfield,Bridge/Causeway,No traffic control,60 km/h,Sealed - Dry,Daylight,Straight,Off Path-Straight:Out Of Control On Cway,Out of control on straight,0,1,0,0,1,1,0,0,0,0,0,0
275098,Medical treatment,2014,8,Hit object,Single Vehicle,152.9931192,-27.41933949,Pickering St,,Enoggera,Ashgrove,No Roadway Feature,No traffic control,60 km/h,Sealed - Dry,Daylight,Straight,Off Path-Straight: Left Off Cway Hit Obj,Off carriageway on straight hit object,0,0,1,0,1,1,0,0,0,0,0,0
275115,Minor injury,2014,17,Angle,Multi-Vehicle,153.070496,-27.315748,Flinders Pde,Sixth Ave,Sandgate,Sandgate,Intersection - Roundabout,Give way sign,60 km/h,Sealed - Dry,Dawn/Dusk,Straight,Veh'S Manoeuvring: Entering From Footway,Vehicle leaving driveway,0,0,0,1,1,1,0,0,0,1,0,0
275116,Hospitalisation,2014,9,Rear-end,Multi-Vehicle,153.012549,-27.317944,Gympie Arterial Rd,Strathpine Rd,Bald Hills,Aspley,Intersection - Interchange,Operating traffic lights,60 km/h,Sealed - Dry,Daylight,Straight,Veh'S Same Direction: Right Rear,Rear-end,0,1,0,1,2,2,0,0,0,0,0,0
275119,Hospitalisation,2014,13,Rear-end,Multi-Vehicle,153.041413,-27.341881,Handford Rd,,Taigum,Sandgate,No Roadway Feature,No traffic control,60 km/h,Sealed - Dry,Daylight,Straight,Veh'S Same Direction: Rear End,Rear-end,0,1,1,0,2,2,0,0,0,0,0,0
275143,Hospitalisation,2014,16,Hit object,Single Vehicle,153.012416,-27.328265,Gympie Arterial Rd,,Bald Hills,Aspley,No Roadway Feature,No traffic control,100 - 110 km/h,Sealed - Dry,Daylight,Straight,Off Path-Straight: Left Off Cway Hit Obj,Off carriageway on straight hit object,0,1,0,0,1,1,0,0,0,0,0,0
275144,Medical treatment,2014,8,Rear-end,Multi-Vehicle,153.019102,-27.410741,East - West Arterial Rd,,Stafford,Stafford,No Roadway Feature,No traffic control,60 km/h,Sealed - Dry,Daylight,Straight,Veh'S Same Direction: Rear End,Rear-end,0,0,1,0,1,4,0,0,0,0,0,0
275148,Medical treatment,2014,17,Rear-end,Multi-Vehicle,153.054257,-27.343212,Muller Rd,,Taigum,Sandgate,No Roadway Feature,No traffic control,60 km/h,Sealed - Dry,Dawn/Dusk,Straight,Veh'S Same Direction: Rear End,Rear-end,0,0,1,0,1,1,0,0,0,0,0,1
275175,Medical treatment,2014,17,Angle,Multi-Vehicle,153.020258,-27.46685,Herschel St,Roma St,Brisbane City,Brisbane Central,Intersection - T-Junction,Operating traffic lights,0 - 50 km/h,Sealed - Dry,Darkness - Lighted,Curved - view open,Veh'S Manoeuvring: Other,Other,0,0,1,1,2,1,0,0,0,1,0,0
275176,Medical treatment,2014,18,Rear-end,Multi-Vehicle,153.003103,-27.454354,Enoggera Tce,,Red Hill,Mount Coot-tha,No Roadway Feature,No traffic control,0 - 50 km/h,Sealed - Dry,Dawn/Dusk,Straight,Veh'S Same Direction: Rear End,Rear-end,0,0,2,0,2,3,0,0,0,0,0,0
275177,Medical treatment,2014,7,Angle,Multi-Vehicle,153.048333,-27.452658,Skyring Tce,Vernon Tce,Teneriffe,Brisbane Central,Intersection - Cross,Stop sign,60 km/h,Sealed - Dry,Daylight,Straight,Veh'S Manoeuvring: Entering From Footway,Vehicle leaving driveway,0,0,1,0,1,1,0,0,0,1,0,0
275179,Medical treatment,2014,9,Rear-end,Multi-Vehicle,153.008127,-27.330976,Linkfield Connection Rd,,Bald Hills,Aspley,No Roadway Feature,No traffic control,60 km/h,Sealed - Dry,Daylight,Straight,Veh'S Same Direction: Right Rear,Rear-end,0,0,1,0,1,2,0,0,0,0,0,0
275181,Medical treatment,2014,15,Hit pedestrian,Hit pedestrian,153.0527859,-27.35145565,Muller Rd,,Boondall,Nudgee,No Roadway Feature,No traffic control,60 km/h,Sealed - Dry,Daylight,Straight,Ped'N: Near Side Vehicle Hit From Right,Pedestrian,0,0,1,0,1,1,0,0,0,0,1,0
275188,Hospitalisation,2014,13,Hit object,Single Vehicle,153.044431,-27.387904,Hamilton Rd,Newman Rd,Wavell Heights,Nudgee,Intersection - T-Junction,Operating traffic lights,60 km/h,Sealed - Dry,Daylight,Straight,Veh'S Adjacent Approach: Right-Right,Intersection from adjacent approaches,0,1,0,0,1,2,0,0,0,0,0,0
275207,Hospitalisation,2014,14,Hit pedestrian,Hit pedestrian,153.017972,-27.40456,Webster Rd,,Stafford,Stafford,No Roadway Feature,No traffic control,60 km/h,Sealed - Dry,Daylight,Straight,Ped'N: Hit While Boarding/Alighting,Pedestrian,0,1,0,0,1,1,0,0,0,0,1,0
275209,Medical treatment,2014,15,Rear-end,Multi-Vehicle,153.038182,-27.374667,Danette St,Ellison Rd,Geebung,Nudgee,Intersection - T-Junction,No traffic control,60 km/h,Sealed - Dry,Daylight,Straight,Veh'S Same Direction: Right Rear,Rear-end,0,0,1,2,3,3,0,0,0,0,0,0
275215,Hospitalisation,2014,11,Head-on,Multi-Vehicle,153.088371,-27.412584,Airport Dr,Lomandra Dr,Brisbane Airport,Clayfield,Intersection - T-Junction,Operating traffic lights,60 km/h,Sealed - Dry,Daylight,Straight,Veh'S Opposite Approach: Thru-Right,Opposing vehicles turning,0,1,0,1,2,2,0,0,0,0,0,0
275232,Hospitalisation,2014,10,Fall from vehicle,Single Vehicle,153.02473,-27.448025,Bramston Tce,,Herston,Brisbane Central,Intersection - Roundabout,Give way sign,0 - 50 km/h,Sealed - Dry,Daylight,Curved - view open,Pass & Misc: Fell In/From Vehicle,Other,0,1,0,0,1,0,1,0,0,0,0,0