Crash_Ref_Number,Severity,Year,Hour,Crash_Nature,Crash_Type,Longitude,Latitude,Street,Street_Intersecting,Suburb,Loc_State_Electorate,Crash_Roadway_Feature,Crash_Traffic_Control,Crash_Speed_Limit,Crash_Road_Surface_Condition,Crash_Lighting_Condition,Crash_Road_Horiz_Align,Crash_DCA_Description,Crash_DCA_Group_Description,Count_Casualty_Fatality,Count_Casualty_Hospitalised,Count_Casualty_MedicallyTreated,Count_Casualty_MinorInjury,Count_Casualty_Total,Count_Unit_Car,Count_Unit_Motorcycle_Moped,Count_Unit_Truck,Count_Unit_Bus,Count_Unit_Bicycle,Count_Unit_Pedestrian,Count_Unit_Other
275233,Hospitalisation,2014,9,Hit pedestrian,Hit pedestrian,153.037834,-27.453423,Brookes St,Wickham St,Fortitude Valley,Brisbane Central,Intersection - Cross,Operating traffic lights,60 km/h,Sealed - Dry,Daylight,Straight,Ped'N: Far Side Vehicle Hit From Left,Pedestrian,0,1,0,0,1,1,0,0,0,0,1,0
275234,Medical treatment,2014,11,Sideswipe,Multi-Vehicle,153.031826,-27.459823,Gotha St,Wickham St,Fortitude Valley,Brisbane Central,Intersection - Cross,Operating traffic lights,60 km/h,Sealed - Dry,Daylight,Curved - view open,Veh'S Same Direction: Lane Change Left,Lane changes,0,0,1,0,1,2,0,0,0,0,0,0
275239,Minor injury,2014,12,Angle,Multi-Vehicle,153.059696,-27.370177,Robinson Rd E,,Virginia,Nudgee,No Roadway Feature,No traffic control,60 km/h,Sealed - Dry,Daylight,Straight,Veh'S Manoeuvring: Leaving Driveway,Vehicle leaving driveway,0,0,0,1,1,2,0,0,0,0,0,0
275244,Hospitalisation,2014,10,Angle,Multi-Vehicle,153.044431,-27.387904,Hamilton Rd,Newman Rd,Wavell Heights,Nudgee,Intersection - T-Junction,Operating traffic lights,0 - 50 km/h,Sealed - Dry,Daylight,Straight,Veh'S Opposite Approach: Thru-Right,Opposing vehicles turning,0,2,2,0,4,2,0,0,0,0,0,0
275245,Medical treatment,2014,4,Hit parked vehicle,Single Vehicle,153.056896,-27.385979,Goss Rd,,Virginia,Nudgee,No Roadway Feature,No traffic control,60 km/h,Sealed - Dry,Dawn/Dusk,Straight,Veh'S On Path: Parked,Hit parked vehicle,0,0,1,0,1,2,0,0,0,0,0,0
275246,Medical treatment,2014,14,Angle,Multi-Vehicle,153.07598,-27.438357,Cullen Ave W,Curtin Ave W,Hamilton,Clayfield,Intersection - T-Junction,No traffic control,60 km/h,Sealed - Dry,Dawn/Dusk,Straight,Veh'S Adjacent Approach: Thru-Right,Intersection from adjacent approaches,0,0,1,0,1,1,0,1,0,0,0,0
275247,Hospitalisation,2014,7,Rear-end,Multi-Vehicle,153.100389,-27.444263,Gateway Arterial Rd,,Eagle Farm,Clayfield,Bridge/Causeway,No traffic control,80 - 90 km/h,Sealed - Dry,Daylight,Straight,Veh'S Same Direction: Rear End,Rear-end,0,1,0,0,1,1,0,1,0,0,0,0
275267,Hospitalisation,2014,18,Hit pedestrian,Hit pedestrian,153.0830754,-27.3243054,Pier Ave,,Shorncliffe,Sandgate,No Roadway Feature,No traffic control,0 - 50 km/h,Sealed - Dry,Darkness - Not lighted,Straight,Ped'N: Near Side Vehicle Hit From Right,Pedestrian,0,1,0,0,1,1,0,0,0,0,1,0
275268,Minor injury,2014,20,Angle,Multi-Vehicle,153.0579009,-27.33012888,Loftus St,Sandgate Sub-Arterial Rd,Deagon,Sandgate,Intersection - Cross,Operating traffic lights,60 km/h,Sealed - Dry,Darkness - Lighted,Straight,Veh'S Opposite Approach: Thru-Right,Opposing vehicles turning,0,0,0,2,2,2,0,0,0,0,0,0
275270,Medical treatment,2014,21,Hit object,Single Vehicle,153.018022,-27.404263,Webster Rd,,Stafford Heights,Stafford,Intersection - Cross,Operating traffic lights,60 km/h,Sealed - Dry,Darkness - Lighted,Straight,Off Path-Straight: Left Off Cway Hit Obj,Off carriageway on straight hit object,0,0,1,0,1,1,0,0,0,0,0,0
275296,Medical treatment,2014,13,Rear-end,Multi-Vehicle,153.006632,-27.4543663,Musgrave Rd,,Red Hill,Mount Coot-tha,No Roadway Feature,No traffic control,60 km/h,Sealed - Dry,Daylight,Straight,Veh'S Same Direction: Rear End,Rear-end,0,0,1,0,1,1,1,0,0,0,0,0
275302,Hospitalisation,2014,21,Hit object,Single Vehicle,153.04956,-27.35989,Beckman St,,Zillmere,Nudgee,No Roadway Feature,No traffic control,0 - 50 km/h,Sealed - Dry,Darkness - Lighted,Straight,Off Path-Straight: Left Off Cway Hit Obj,Off carriageway on straight hit object,0,1,0,1,2,1,0,0,0,0,0,0
275308,Hospitalisation,2014,12,Angle,Multi-Vehicle,153.039684,-27.418787,Inwood St,Kedron Park Rd,Wooloowin,Clayfield,Intersection - Cross,Operating traffic lights,60 km/h,Sealed - Dry,Daylight,Straight,Veh'S Adjacent Approach: Thru-Thru,Intersection from adjacent approaches,0,1,0,0,1,2,0,0,0,0,0,0
275309,Hospitalisation,2014,7,Fall from vehicle,Single Vehicle,153.058542,-27.414699,East - West Arterial Rd,,Clayfield,Clayfield,No Roadway Feature,No traffic control,60 km/h,Sealed - Dry,Daylight,Straight,Off Path-Straight:Out Of Control On Cway,Out of control on straight,0,1,0,0,1,0,1,0,0,0,0,0
275310,Hospitalisation,2014,5,Hit object,Single Vehicle,152.977091,-27.38968,Queens Rd,,Everton Park,Everton,No Roadway Feature,No traffic control,60 km/h,Sealed - Dry,Daylight,Curved - view open,Off Path-Curve: Off Cway Rt Bend Hit Obj,Off carriageway on curve hit object,0,1,0,0,1,1,0,0,0,0,0,0
275330,Minor injury,2014,8,Rear-end,Multi-Vehicle,152.987704,-27.445806,Waterworks Rd,,Ashgrove,Ashgrove,No Roadway Feature,No traffic control,60 km/h,Sealed - Dry,Daylight,Straight,Veh'S Same Direction: Rear End,Rear-end,0,0,0,1,1,2,0,0,0,0,0,0
275332,Hospitalisation,2014,7,Sideswipe,Multi-Vehicle,153.0263034,-27.46746267,Adelaide St,,Brisbane City,Brisbane Central,No Roadway Feature,No traffic control,0 - 50 km/h,Sealed - Dry,Daylight,Straight,Veh'S Same Direction: Lane Side Swipe,Lane changes,0,1,0,0,1,0,0,0,1,1,0,0
275334,Medical treatment,2014,9,Angle,Multi-Vehicle,152.99082,-27.50215,Indooroopilly Rd,Iona Tce,Taringa,Indooroopilly,Intersection - Roundabout,Give way sign,0 - 50 km/h,Sealed - Dry,Daylight,Straight,Veh'S Adjacent Approach: Thru-Thru,Intersection from adjacent approaches,0,0,1,0,1,1,0,0,0,1,0,0
275335,Hospitalisation,2014,22,Hit object,Single Vehicle,152.986076,-27.478607,Milton Rd,Sylvan Rd,Toowong,Mount Coot-tha,Intersection - Y-Junction,No traffic control,0 - 50 km/h,Sealed - Wet,Darkness - Lighted,Straight,Off Path-Straight:Right Off Cway Hit Obj,Off carriageway on straight hit object,0,1,0,0,1,1,0,0,0,0,0,0
275363,Medical treatment,2014,12,Rear-end,Multi-Vehicle,153.010978,-27.463278,Caxton St,Hale St On Ramp,Paddington,Mount Coot-tha,Intersection - Interchange,Operating traffic lights,0 - 50 km/h,Sealed - Dry,Daylight,Straight,Veh'S Same Direction: Right Rear,Rear-end,0,0,2,0,2,2,0,0,0,0,0,0
275366,Medical treatment,2014,8,Angle,Multi-Vehicle,153.010503,-27.40855,Harold St,Victor St,Stafford,Stafford,Intersection - Cross,Give way sign,0 - 50 km/h,Sealed - Wet,Daylight,Straight,Veh'S Adjacent Approach: Thru-Thru,Intersection from adjacent approaches,0,0,1,0,1,1,1,0,0,0,0,0
275371,Hospitalisation,2014,10,Sideswipe,Multi-Vehicle,153.058562,-27.391972,Hamilton Rd,,Wavell Heights,Nudgee,No Roadway Feature,No traffic control,60 km/h,Sealed - Dry,Daylight,Straight,Veh'S Same Direction: Left Turn S/Swipe,Parallel lanes turning,0,1,0,0,1,1,1,0,0,0,0,0
275372,Medical treatment,2014,4,Hit object,Single Vehicle,153.058913,-27.402523,Sandgate Sub-Arterial Rd,,Nundah,Clayfield,No Roadway Feature,No traffic control,60 km/h,Sealed - Wet,Darkness - Lighted,Curved - view open,Off Path-Curve: Off Cway Lt Bend Hit Obj,Off carriageway on curve hit object,0,0,1,0,1,1,0,0,0,0,0,0
275402,Medical treatment,2014,16,Angle,Multi-Vehicle,153.009591,-27.447217,Gebbie St,Kelvin Grove Rd,Kelvin Grove,Mount Coot-tha,Intersection - T-Junction,Give way sign,60 km/h,Sealed - Dry,Daylight,Straight,Veh'S Adjacant Approach: Thru-Left,Intersection from adjacent approaches,0,0,1,0,1,2,0,0,0,0,0,0
275403,Medical treatment,2014,9,Hit object,Single Vehicle,153.03351,-27.454154,St Pauls Tce,,Fortitude Valley,Brisbane Central,No Roadway Feature,No traffic control,60 km/h,Sealed - Dry,Daylight,Straight,Off Path-Straight: Left Off Cway Hit Obj,Off carriageway on straight hit object,0,0,1,0,1,0,0,0,1,1,0,0
275406,Hospitalisation,2014,7,Angle,Multi-Vehicle,153.008307,-27.407227,Appleby Rd,Reuben St,Stafford,Stafford,Intersection - T-Junction,No traffic control,60 km/h,Sealed - Dry,Daylight,Straight,Veh'S Manoeuvring: Entering From Footway,Vehicle leaving driveway,0,1,0,0,1,1,1,0,0,0,0,0
275417,Hospitalisation,2014,11,Rear-end,Multi-Vehicle,153.050765,-27.439783,Kingsford Smith Dr,,Hamilton,Clayfield,No Roadway Feature,No traffic control,60 km/h,Sealed - Dry,Daylight,Straight,Veh'S Same Direction: Rear End,Rear-end,0,1,1,0,2,3,0,0,0,0,0,0
275436,Hospitalisation,2014,8,Rear-end,Multi-Vehicle,153.023896,-27.453884,Inner City Bypass,,Herston,Brisbane Central,No Roadway Feature,No traffic control,60 km/h,Sealed - Dry,Daylight,Curved - view open,Veh'S Same Direction: Rear End,Rear-end,0,1,0,0,1,2,0,0,0,0,0,0
275437,Minor injury,2014,19,Hit object,Single Vehicle,152.8348138,-27.47297215,Upper Brookfield Rd,,Upper Brookfield,Moggill,Bridge/Causeway,No traffic control,0 - 50 km/h,Sealed - Dry,Darkness - Not lighted,Curved - view obscured,Off Path-Curve: Off Cway Rt Bend Hit Obj,Off carriageway on curve hit object,0,0,0,1,1,1,0,0,0,0,0,0
275438,Medical treatment,2014,8,Rear-end,Multi-Vehicle,152.999923,-27.47825,Coronation Dr,,Auchenflower,Mount Coot-tha,No Roadway Feature,No traffic control,60 km/h,Sealed - Dry,Daylight,Straight,Veh'S Same Direction: Rear End,Rear-end,0,0,1,1,2,3,0,0,0,0,0,0
275446,Medical treatment,2014,12,Rear-end,Multi-Vehicle,152.992037,-27.419164,Pickering St,Western Art Rd On/Off Ramp,Enoggera,Ashgrove,Intersection - Interchange,No traffic control,60 km/h,Sealed - Dry,Daylight,Straight,Veh'S Same Direction: Right Rear,Rear-end,0,0,1,0,1,1,1,0,0,0,0,0
275468,Medical treatment,2014,14,Angle,Multi-Vehicle,153.0019099,-27.45985293,Latrobe Tce,,Paddington,Mount Coot-tha,No Roadway Feature,No traffic control,0 - 50 km/h,Sealed - Dry,Daylight,Straight,Veh'S Manoeuvring: Leaving Driveway,Vehicle leaving driveway,0,0,1,1,2,2,0,0,0,0,0,0
275469,Minor injury,2014,10,Rear-end,Multi-Vehicle,153.0076883,-27.46221706,Given Tce,,Paddington,Mount Coot-tha,No Roadway Feature,No traffic control,60 km/h,Sealed - Dry,Daylight,Straight,Veh'S Same Direction: Right Rear,Rear-end,0,0,0,2,2,2,0,0,0,0,0,0
275470,Medical treatment,2014,9,Rear-end,Multi-Vehicle,153.0297659,-27.44570224,Bowen Bridge Rd,,Bowen Hills,Brisbane Central,No Roadway Feature,No traffic control,0 - 50 km/h,Sealed - Dry,Daylight,Straight,Veh'S Same Direction: Rear End,Rear-end,0,0,1,0,1,2,0,0,0,0,0,0
275473,Hospitalisation,2014,15,Hit object,Single Vehicle,153.0261263,-27.30580979,Gateway Arterial Rd,,Bald Hills,Sandgate,No Roadway Feature,No traffic control,100 - 110 km/h,Sealed - Dry,Daylight,Curved - view open,Off Path-Curve: Off Cway Rt Bend Hit Obj,Off carriageway on curve hit object,0,1,0,0,1,1,0,0,0,0,0,0
275484,Hospitalisation,2014,7,Angle,Multi-Vehicle,153.082839,-27.433127,Fison Ave W,Gateway Arterial Rd,Eagle Farm,Clayfield,Intersection - Interchange,Operating traffic lights,60 km/h,Sealed - Dry,Daylight,Straight,Veh'S Opposite Approach: Thru-Right,Opposing vehicles turning,0,1,1,0,2,2,0,0,0,0,0,0
275485,Minor injury,2014,15,Rear-end,Multi-Vehicle,152.9979948,-27.42415789,Railway St,Samford Rd,Alderley,Ashgrove,Intersection - T-Junction,Operating traffic lights,60 km/h,Sealed - Dry,Daylight,Straight,Veh'S Same Direction: Rear End,Rear-end,0,0,0,1,1,2,0,0,0,0,0,0
275502,Medical treatment,2014,21,Rear-end,Multi-Vehicle,152.9935983,-27.44552098,Waterworks Rd,,Ashgrove,Ashgrove,No Roadway Feature,No traffic control,60 km/h,Sealed - Dry,Darkness - Lighted,Straight,Veh'S Same Direction: Rear End,Rear-end,0,0,2,0,2,3,0,0,0,0,0,0
275503,Medical treatment,2014,12,Rear-end,Multi-Vehicle,153.022747,-27.467361,Albert St,Turbot St,Brisbane City,Brisbane Central,Intersection - 5+ way,Operating traffic lights,0 - 50 km/h,Sealed - Dry,Daylight,Curved - view open,Veh'S Same Direction: Rear End,Rear-end,0,0,1,0,1,2,0,0,0,0,0,0
275510,Hospitalisation,2014,23,Angle,Multi-Vehicle,153.044431,-27.387904,Hamilton Rd,Newman Rd,Wavell Heights,Nudgee,Intersection - T-Junction,Operating traffic lights,60 km/h,Sealed - Dry,Darkness - Lighted,Straight,Veh'S Adjacent Approach: Left-Thru,Intersection from adjacent approaches,0,2,0,0,2,2,0,0,0,0,0,1
275532,Hospitalisation,2014,4,Angle,Multi-Vehicle,153.032481,-27.456475,Alfred St,Brunswick St,Fortitude Valley,Brisbane Central,Intersection - Cross,Stop sign,0 - 50 km/h,Sealed - Dry,Darkness - Lighted,Straight,Veh'S Adjacent Approach: Right-Thru,Intersection from adjacent approaches,0,1,0,0,1,1,1,0,0,0,0,0
275533,Medical treatment,2014,18,Rear-end,Multi-Vehicle,153.029298,-27.447886,Bowen Bridge Rd,O'Connell Tce,Bowen Hills,Brisbane Central,Intersection - Cross,Operating traffic lights,60 km/h,Sealed - Dry,Dawn/Dusk,Straight,Veh'S Same Direction: Rear End,Rear-end,0,0,1,0,1,2,0,0,0,0,0,0
275536,Hospitalisation,2014,2,Fall from vehicle,Single Vehicle,153.0597752,-27.29191234,Range Ave,,Brighton,Sandgate,No Roadway Feature,No traffic control,0 - 50 km/h,Sealed - Dry,Darkness - Lighted,Straight,Pass & Misc: Fell In/From Vehicle,Other,0,1,0,0,1,0,0,0,1,0,0,0
275537,Medical treatment,2014,8,Hit object,Single Vehicle,153.002831,-27.389963,Rode Rd,,Chermside West,Stafford,No Roadway Feature,No traffic control,60 km/h,Sealed - Dry,Daylight,Straight,Off Path-Straight:Out Of Control On Cway,Out of control on straight,0,0,1,0,1,1,0,0,0,0,0,0
275575,Medical treatment,2014,8,Rear-end,Multi-Vehicle,153.06627,-27.438808,Kingsford Smith Dr,,Hamilton,Clayfield,No Roadway Feature,No traffic control,60 km/h,Sealed - Dry,Daylight,Straight,Veh'S Same Direction: Rear End,Rear-end,0,0,1,0,1,2,0,0,0,0,0,0
275597,Minor injury,2014,11,Rear-end,Multi-Vehicle,153.016875,-27.356587,Gympie Arterial Rd,,Aspley,Aspley,Merge Lane,Give way sign,60 km/h,Sealed - Dry,Daylight,Curved - view open,Veh'S Same Direction: Left Rear,Rear-end,0,0,0,1,1,2,0,0,0,0,0,0
275602,Hospitalisation,2014,16,Rear-end,Multi-Vehicle,153.037515,-27.426062,Mclennan St,Stoneleigh St,Albion,Brisbane Central,Intersection - Cross,No traffic control,60 km/h,Sealed - Dry,Daylight,Straight,Veh'S Same Direction: Right Rear,Rear-end,0,1,0,0,1,2,0,0,0,0,0,0
275632,Hospitalisation,2014,9,Fall from vehicle,Single Vehicle,153.042995,-27.470382,Merthyr Rd,Moray St,New Farm,Brisbane Central,Intersection - Roundabout,No traffic control,0 - 50 km/h,Sealed - Dry,Daylight,Straight,Off Path-Straight:Out Of Control On Cway,Out of control on straight,0,1,0,0,1,0,1,0,0,0,0,0
275633,Hospitalisation,2014,16,Rear-end,Multi-Vehicle,153.010827,-27.317557,Bald Hills Rd,Strathpine Sub-Arterial Rd,Bald Hills,Aspley,Intersection - Cross,Operating traffic lights,60 km/h,Sealed - Dry,Daylight,Straight,Veh'S Same Direction: Rear End,Rear-end,0,1,0,0,1,2,0,0,0,0,0,0
275636,Medical treatment,2014,6,Angle,Multi-Vehicle,153.056297,-27.369713,Bilsen Rd,Robinson Rd E,Geebung,Nudgee,Intersection - Roundabout,Give way sign,60 km/h,Sealed - Dry,Daylight,Straight,Veh'S Adjacent Approach: Thru-Thru,Intersection from adjacent approaches,0,0,1,0,1,1,0,0,0,1,0,0
275641,Medical treatment,2014,17,Angle,Multi-Vehicle,152.936971,-27.401856,Arbor St,Samford Sub-Arterial Rd,Ferny Grove,Ferny Grove,Intersection - T-Junction,Operating traffic lights,60 km/h,Sealed - Dry,Dawn/Dusk,Straight,Veh'S Adjacant Approach: Thru-Left,Intersection from adjacent approaches,0,0,1,0,1,2,0,0,0,0,0,0
275666,Hospitalisation,2014,17,Rear-end,Multi-Vehicle,153.037834,-27.453423,Brookes St,Wickham St,Fortitude Valley,Brisbane Central,Intersection - Cross,Operating traffic lights,0 - 50 km/h,Sealed - Dry,Daylight,Straight,Veh'S Same Direction: Rear End,Rear-end,0,2,0,1,3,4,0,0,0,0,0,0
275667,Hospitalisation,2014,7,Angle,Multi-Vehicle,152.8864694,-27.56306671,Moggill Sub-Arterial Rd,Montanus Dr,Bellbowrie,Moggill,Intersection - T-Junction,Give way sign,60 km/h,Sealed - Dry,Daylight,Straight,Veh'S Adjacent Approach: Thru-Right,Intersection from adjacent approaches,0,1,0,0,1,1,0,0,0,1,0,0
275682,Medical treatment,2014,14,Rear-end,Multi-Vehicle,153.032573,-27.429171,Lutwyche Rd,,Windsor,Brisbane Central,No Roadway Feature,No traffic control,60 km/h,Sealed - Dry,Daylight,Curved - view open,Veh'S Same Direction: Rear End,Rear-end,0,0,1,0,1,2,0,0,0,0,0,0
275683,Minor injury,2014,19,Rear-end,Multi-Vehicle,152.981234,-27.410104,Burwood Rd,,Mitchelton,Everton,No Roadway Feature,Pedestrian crossing sign,0 - 50 km/h,Sealed - Dry,Darkness - Lighted,Curved - view open,Veh'S Same Direction: Rear End,Rear-end,0,0,0,1,1,1,1,0,0,0,0,0
275708,Medical treatment,2014,7,Angle,Multi-Vehicle,153.011066,-27.450868,Kelvin Grove Rd,School St,Kelvin Grove,Brisbane Central,Intersection - T-Junction,Stop sign,60 km/h,Sealed - Dry,Daylight,Curved - view open,Veh'S Adjacant Approach: Thru-Left,Intersection from adjacent approaches,0,0,2,0,2,2,0,0,0,0,0,0
275709,Medical treatment,2014,8,Angle,Multi-Vehicle,153.012058,-27.458021,Kensington Pde,Musgrave Rd,Red Hill,Mount Coot-tha,Intersection - T-Junction,Operating traffic lights,60 km/h,Sealed - Dry,Daylight,Straight,Veh'S Manoeuvring: Entering From Footway,Vehicle leaving driveway,0,0,1,0,1,1,0,0,0,1,0,0
275710,Hospitalisation,2014,11,Hit parked vehicle,Single Vehicle,153.02207,-27.44888,Herston Rd,,Herston,Brisbane Central,No Roadway Feature,No traffic control,0 - 50 km/h,Sealed - Dry,Daylight,Straight,Off Path-Straight: Left Off Cway Hit Obj,Off carriageway on straight hit object,0,1,0,0,1,2,0,0,0,0,0,0
275711,Medical treatment,2014,16,Rear-end,Multi-Vehicle,153.041915,-27.3129624,Gateway Arterial Rd,,Bracken Ridge,Sandgate,No Roadway Feature,No traffic control,100 - 110 km/h,Sealed - Dry,Daylight,Straight,Veh'S Same Direction: Rear End,Rear-end,0,0,1,0,1,2,0,0,0,0,0,0
275717,Medical treatment,2014,5,Fall from vehicle,Single Vehicle,153.079105,-27.39980304,Gateway Arterial Rd,Toombul Rd,Northgate,Clayfield,Intersection - Interchange,Give way sign,60 km/h,Sealed - Dry,Daylight,Curved - view open,Off Path-Straight: Left Turn,Off carriageway on straight,0,0,1,0,1,0,1,0,0,0,0,0
275739,Medical treatment,2014,21,Angle,Multi-Vehicle,153.03137,-27.463524,Adelaide St,Queen St,Brisbane City,Brisbane Central,Intersection - Cross,Operating traffic lights,0 - 50 km/h,Sealed - Dry,Darkness - Lighted,Straight,Veh'S Adjacent Approach: Other,Intersection from adjacent approaches,0,0,1,0,1,1,1,0,0,0,0,0
275740,Medical treatment,2014,21,Hit pedestrian,Hit pedestrian,153.015982,-27.465978,Countess St,Roma St,Brisbane City,Brisbane Central,Intersection - Cross,Police,60 km/h,Sealed - Dry,Darkness - Lighted,Straight,Ped'N: Far Side Vehicle Hit From Left,Pedestrian,0,0,1,0,1,1,0,0,0,0,1,0
275747,Medical treatment,2014,9,Fall from vehicle,Single Vehicle,153.084631,-27.4328638,Kingsford Smith Dr,,Eagle Farm,Clayfield,No Roadway Feature,No traffic control,60 km/h,Sealed - Dry,Daylight,Straight,Veh'S Manoeuvring: Other,Other,0,0,1,0,1,0,0,0,0,1,0,0
275770,Hospitalisation,2014,17,Hit object,Single Vehicle,153.026416,-27.3020064,Wyampa Rd,,Bald Hills,Sandgate,No Roadway Feature,No traffic control,60 km/h,Sealed - Dry,Daylight,Straight,Off Path-Straight: Left Off Cway Hit Obj,Off carriageway on straight hit object,0,1,0,0,1,0,1,0,0,0,0,0
275772,Medical treatment,2014,11,Hit pedestrian,Hit pedestrian,153.031083,-27.387889,Gympie Arterial Rd,,Chermside,Stafford,No Roadway Feature,Pedestrian crossing sign,60 km/h,Sealed - Dry,Daylight,Straight,Ped'N: Near Side Vehicle Hit From Right,Pedestrian,0,0,1,0,1,1,0,0,0,0,1,0
275773,Medical treatment,2014,15,Rear-end,Multi-Vehicle,153.060632,-27.352748,Sandgate Sub-Arterial Rd,,Boondall,Nudgee,No Roadway Feature,No traffic control,60 km/h,Sealed - Dry,Daylight,Straight,Veh'S Same Direction: Rear End,Rear-end,0,0,2,0,2,1,0,0,1,0,0,0
275804,Hospitalisation,2014,2,Rear-end,Multi-Vehicle,153.008115,-27.470727,Coronation Dr,,Milton,Mount Coot-tha,No Roadway Feature,No traffic control,60 km/h,Sealed - Dry,Daylight,Straight,Veh'S Same Direction: Rear End,Rear-end,0,1,0,0,1,2,0,0,0,0,0,0
275806,Minor injury,2014,12,Angle,Multi-Vehicle,152.995031,-27.474258,Milton Rd,Ridley St,Auchenflower,Mount Coot-tha,Intersection - T-Junction,No traffic control,60 km/h,Sealed - Dry,Daylight,Straight,Veh'S Opposite Approach: Thru-Right,Opposing vehicles turning,0,0,0,2,2,2,0,0,0,0,0,0
275807,Hospitalisation,2014,6,Head-on,Multi-Vehicle,153.007764,-27.409218,East - West Arterial Rd,Shand St,Stafford,Stafford,Intersection - Cross,Operating traffic lights,60 km/h,Sealed - Dry,Daylight,Straight,Veh'S Opposite Approach: Thru-Right,Opposing vehicles turning,0,1,0,1,2,2,0,0,0,0,0,0
275816,Minor injury,2014,15,Rear-end,Multi-Vehicle,153.007409,-27.438448,Edmondstone St,Enoggera Rd,Newmarket,Brisbane Central,Intersection - T-Junction,Give way sign,60 km/h,Sealed - Dry,Daylight,Straight,Veh'S Same Direction: Left Rear,Rear-end,0,0,0,1,1,2,0,0,0,0,0,0
275817,Medical treatment,2014,6,Rear-end,Multi-Vehicle,152.957502,-27.414308,Samford Sub-Arterial Rd,,Keperra,Ferny Grove,No Roadway Feature,No traffic control,70 km/h,Sealed - Dry,Daylight,Straight,Veh'S Same Direction: Rear End,Rear-end,0,0,1,0,1,2,0,0,0,0,0,0
275837,Hospitalisation,2014,13,Angle,Multi-Vehicle,153.014381,-27.458601,Kelvin Grove Rd,,Kelvin Grove,Brisbane Central,Intersection - Interchange,Operating traffic lights,60 km/h,Sealed - Dry,Daylight,Straight,Veh'S Adjacent Approach: Thru-Right,Intersection from adjacent approaches,0,1,1,0,2,2,0,0,0,0,0,0
275838,Hospitalisation,2014,12,Hit object,Single Vehicle,152.9987712,-27.45914299,Latrobe Tce,,Paddington,Mount Coot-tha,No Roadway Feature,No traffic control,60 km/h,Sealed - Dry,Daylight,Curved - view open,Off Path-Curve: Off Cway Rt Bend Hit Obj,Off carriageway on curve hit object,0,1,0,0,1,1,0,0,0,0,0,0
275839,Hospitalisation,2014,11,Sideswipe,Multi-Vehicle,153.039676,-27.451578,Wickham St,,Fortitude Valley,Brisbane Central,No Roadway Feature,No traffic control,60 km/h,Sealed - Dry,Daylight,Straight,Veh'S Same Direction: Lane Change Right,Lane changes,0,1,0,0,1,2,0,0,0,0,0,0
275842,Medical treatment,2014,7,Angle,Multi-Vehicle,152.986076,-27.478607,Milton Rd,Sylvan Rd,Toowong,Mount Coot-tha,Intersection - T-Junction,No traffic control,60 km/h,Sealed - Dry,Daylight,Straight,Veh'S Opposite Approach: Thru-Right,Opposing vehicles turning,0,0,2,0,2,2,0,0,0,0,0,0
275848,Hospitalisation,2014,7,Angle,Multi-Vehicle,152.990989,-27.409105,Western Arterial Rd,,Everton Park,Everton,No Roadway Feature,No traffic control,0 - 50 km/h,Unsealed - Dry,Daylight,Straight,Veh'S Manoeuvring: Other,Other,0,1,0,0,1,1,0,0,0,1,0,0
275870,Hospitalisation,2014,11,Rear-end,Multi-Vehicle,153.01843,-27.460855,Gregory Tce,Wickham Tce,Spring Hill,Brisbane Central,Intersection - Cross,Operating traffic lights,0 - 50 km/h,Sealed - Dry,Daylight,Straight,Veh'S Same Direction: Right Rear,Rear-end,0,1,0,2,3,3,0,0,0,0,0,0
275873,Medical treatment,2014,16,Rear-end,Multi-Vehicle,152.937911,-27.509847,Moggill Sub-Arterial Rd,,Kenmore,Moggill,No Roadway Feature,No traffic control,60 km/h,Sealed - Dry,Daylight,Straight,Veh'S Same Direction: Rear End,Rear-end,0,0,1,0,1,2,0,0,0,0,0,0
275878,Medical treatment,2014,15,Rear-end,Multi-Vehicle,153.014445,-27.3463406,Beams Rd,,Carseldine,Aspley,No Roadway Feature,No traffic control,60 km/h,Sealed - Dry,Daylight,Straight,Veh'S Same Direction: Right Rear,Rear-end,0,0,1,0,1,2,0,0,0,0,0,0
275888,Minor injury,2014,21,Hit object,Single Vehicle,153.100639,-27.406407,Airport Dr,,Brisbane Airport,Clayfield,No Roadway Feature,No traffic control,80 - 90 km/h,Sealed - Dry,Darkness - Lighted,Straight,Off Path-Straight:Right Off Cway Hit Obj,Off carriageway on straight hit object,0,0,0,2,2,1,0,0,0,0,0,0
275907,Hospitalisation,2014,14,Fall from vehicle,Single Vehicle,153.020728,-27.445062,Butterfield St,Fagan Rd,Herston,Brisbane Central,Intersection - Cross,Give way sign,0 - 50 km/h,Sealed - Dry,Daylight,Curved - view open,Off Path-Curve: Out Of Control On Cway,Out of control on curve,0,1,0,0,1,1,1,0,0,0,0,0
275908,Medical treatment,2014,10,Rear-end,Multi-Vehicle,152.91785,-27.52934,Moggill Sub-Arterial Rd,,Pinjarra Hills,Moggill,No Roadway Feature,No traffic control,70 km/h,Sealed - Dry,Daylight,Curved - view obscured,Veh'S Same Direction: Rear End,Rear-end,0,0,1,0,1,3,0,0,0,0,0,0