Crash_Ref_Number,Severity,Year,Hour,Crash_Nature,Crash_Type,Longitude,Latitude,Street,Street_Intersecting,Suburb,Loc_State_Electorate,Crash_Roadway_Feature,Crash_Traffic_Control,Crash_Speed_Limit,Crash_Road_Surface_Condition,Crash_Lighting_Condition,Crash_Road_Horiz_Align,Crash_DCA_Description,Crash_DCA_Group_Description,Count_Casualty_Fatality,Count_Casualty_Hospitalised,Count_Casualty_MedicallyTreated,Count_Casualty_MinorInjury,Count_Casualty_Total,Count_Unit_Car,Count_Unit_Motorcycle_Moped,Count_Unit_Truck,Count_Unit_Bus,Count_Unit_Bicycle,Count_Unit_Pedestrian,Count_Unit_Other
275911,Medical treatment,2014,7,Rear-end,Multi-Vehicle,153.029735,-27.348767,Beams Rd,,Fitzgibbon,Sandgate,No Roadway Feature,No traffic control,0 - 50 km/h,Sealed - Dry,Daylight,Straight,Veh'S Same Direction: Rear End,Rear-end,0,0,1,0,1,1,0,1,0,0,0,0
275912,Medical treatment,2014,17,Rear-end,Multi-Vehicle,153.022367,-27.372786,Gympie Arterial Rd,,Aspley,Aspley,Intersection - Cross,Operating traffic lights,70 km/h,Sealed - Dry,Daylight,Straight,Veh'S Same Direction: Rear End,Rear-end,0,0,1,0,1,2,0,0,0,0,0,0
275924,Medical treatment,2014,8,Angle,Multi-Vehicle,153.050654,-27.41493,East - West Arterial Rd,Park Ave,Clayfield,Clayfield,Intersection - T-Junction,Give way sign,0 - 50 km/h,Sealed - Dry,Daylight,Straight,Veh'S Opposite Approach: Thru-Right,Opposing vehicles turning,0,0,1,0,1,3,0,0,0,0,0,0
275925,Minor injury,2014,15,Angle,Multi-Vehicle,153.002189,-27.427063,Enoggera Rd,Lloyd St,Alderley,Ashgrove,Intersection - T-Junction,Give way sign,60 km/h,Sealed - Dry,Daylight,Straight,Veh'S Opposite Approach: Thru-Right,Opposing vehicles turning,0,0,0,1,1,2,0,0,0,0,0,0
275943,Hospitalisation,2014,19,Hit object,Single Vehicle,153.0219001,-27.47127404,South East Arterial Rd,,Brisbane City,Brisbane Central,Intersection - Interchange,No traffic control,60 km/h,Sealed - Dry,Darkness - Lighted,Straight,Off Path-Straight:Out Of Control On Cway,Out of control on straight,0,2,0,0,2,1,0,0,0,0,0,0
275944,Medical treatment,2014,15,Rear-end,Multi-Vehicle,153.024155,-27.474309,South East Arterial Rd,,Brisbane City,Brisbane Central,No Roadway Feature,No traffic control,70 km/h,Sealed - Dry,Daylight,Straight,Veh'S Same Direction: Rear End,Rear-end,0,0,1,0,1,2,0,0,0,0,0,0
275946,Medical treatment,2014,9,Angle,Multi-Vehicle,153.008144,-27.317161,Attley St,Strathpine Sub-Arterial Rd,Bald Hills,Aspley,Intersection - T-Junction,Give way sign,60 km/h,Sealed - Dry,Daylight,Straight,Veh'S Adjacent Approach: Thru-Right,Intersection from adjacent approaches,0,0,1,0,1,2,0,0,0,0,0,0
275949,Medical treatment,2014,15,Angle,Multi-Vehicle,153.014913,-27.371875,Foxhill St,Maundrell Tce,Aspley,Aspley,Intersection - T-Junction,No traffic control,60 km/h,Sealed - Dry,Daylight,Straight,Veh'S Opposite Approach: Thru-Right,Opposing vehicles turning,0,0,1,0,1,1,1,0,0,0,0,0
275959,Minor injury,2014,15,Angle,Multi-Vehicle,152.982476,-27.402118,Pullen Rd,Teralba St,Everton Park,Everton,Intersection - T-Junction,Give way sign,60 km/h,Sealed - Dry,Daylight,Straight,Veh'S Adjacent Approach: Thru-Right,Intersection from adjacent approaches,0,0,0,1,1,2,0,0,0,0,0,0
275983,Medical treatment,2014,12,Angle,Multi-Vehicle,153.018927,-27.459967,Boundary St,Gregory Tce,Spring Hill,Brisbane Central,Intersection - Cross,Operating traffic lights,60 km/h,Sealed - Dry,Daylight,Straight,Veh'S Opposite Approach: Thru-Right,Opposing vehicles turning,0,0,1,0,1,2,0,0,0,0,0,0
275984,Medical treatment,2014,17,Fall from vehicle,Single Vehicle,153.0209886,-27.47074683,South East Arterial Rd,,Brisbane City,Brisbane Central,No Roadway Feature,No traffic control,80 - 90 km/h,Sealed - Dry,Daylight,Straight,Veh'S Same Direction: Rear End,Rear-end,0,0,1,0,1,0,1,0,0,0,0,1
275985,Hospitalisation,2014,8,Angle,Multi-Vehicle,153.047999,-27.468591,Brunswick St,Sydney St,New Farm,Brisbane Central,Intersection - Roundabout,Give way sign,60 km/h,Sealed - Dry,Daylight,Straight,Veh'S Adjacent Approach: Thru-Thru,Intersection from adjacent approaches,0,1,0,0,1,1,0,0,0,1,0,0
275987,Medical treatment,2014,2,Angle,Multi-Vehicle,152.993206,-27.486148,Benson St,High St,Toowong,Mount Coot-tha,Intersection - T-Junction,Operating traffic lights,60 km/h,Sealed - Dry,Darkness - Lighted,Straight,Veh'S Opposite Approach: Thru-Right,Opposing vehicles turning,0,0,2,0,2,2,0,0,0,0,0,0
275988,Hospitalisation,2014,23,Hit object,Single Vehicle,153.01157,-27.33171,Gympie Arterial Rd,,Bald Hills,Aspley,No Roadway Feature,No traffic control,100 - 110 km/h,Sealed - Dry,Darkness - Lighted,Straight,Off Path-Straight:Out Of Control On Cway,Out of control on straight,0,3,0,0,3,1,0,0,0,0,0,0
276012,Medical treatment,2014,1,Rear-end,Multi-Vehicle,153.036235,-27.457239,Ann St,Ballow St,Fortitude Valley,Brisbane Central,Intersection - T-Junction,Operating traffic lights,60 km/h,Sealed - Dry,Daylight,Straight,Veh'S Same Direction: Rear End,Rear-end,0,0,1,0,1,2,0,0,0,0,0,0
276013,Medical treatment,2014,13,Angle,Multi-Vehicle,153.050102,-27.463023,Merthyr Rd,,New Farm,Brisbane Central,No Roadway Feature,No traffic control,60 km/h,Sealed - Dry,Daylight,Straight,Veh'S Manoeuvring: Other,Other,0,0,1,0,1,1,0,0,0,1,0,0
276014,Minor injury,2014,12,Rear-end,Multi-Vehicle,153.030812,-27.385976,Gympie Arterial Rd,Hamilton Rd,Chermside,Stafford,Intersection - Cross,Operating traffic lights,60 km/h,Sealed - Dry,Daylight,Straight,Veh'S Same Direction: Rear End,Rear-end,0,0,0,1,1,2,0,0,0,0,0,0
276036,Medical treatment,2014,9,Hit parked vehicle,Single Vehicle,153.007208,-27.4669391,Black St,,Milton,Mount Coot-tha,No Roadway Feature,No traffic control,0 - 50 km/h,Sealed - Dry,Daylight,Straight,Veh'S On Path: Parked,Hit parked vehicle,0,0,1,0,1,5,0,0,0,0,0,0
276039,Hospitalisation,2014,6,Hit object,Single Vehicle,153.017629,-27.3013457,Gateway Arterial Rd,,Bald Hills,Sandgate,Intersection - Interchange,No traffic control,80 - 90 km/h,Sealed - Dry,Daylight,Curved - view open,Off Path-Curve: Off Cway Lt Bend Hit Obj,Off carriageway on curve hit object,0,1,0,0,1,1,0,0,0,0,0,0
276042,Hospitalisation,2014,15,Fall from vehicle,Single Vehicle,153.04137,-27.38747888,Hamilton Rd,,Chermside,Nudgee,No Roadway Feature,No traffic control,60 km/h,Sealed - Dry,Daylight,Straight,Off Path-Straight:Out Of Control On Cway,Out of control on straight,0,1,0,0,1,0,1,0,0,0,0,0
276043,Hospitalisation,2014,14,Rear-end,Multi-Vehicle,153.031335,-27.389797,Gympie Arterial Rd,Wallace St,Chermside,Stafford,Intersection - Cross,Operating traffic lights,60 km/h,Sealed - Dry,Daylight,Straight,Veh'S Same Direction: Rear End,Rear-end,0,1,0,0,1,2,0,0,0,0,0,0
276048,Medical treatment,2014,20,Hit parked vehicle,Single Vehicle,153.025645,-27.436134,Eildon Rd,,Windsor,Brisbane Central,No Roadway Feature,No traffic control,0 - 50 km/h,Sealed - Dry,Darkness - Lighted,Straight,Veh'S On Path: Parked,Hit parked vehicle,0,0,1,0,1,2,0,0,0,0,0,0
276049,Medical treatment,2014,8,Angle,Multi-Vehicle,153.079074,-27.374072,Meredith St,St Vincents Rd,Banyo,Nudgee,Intersection - T-Junction,Give way sign,60 km/h,Sealed - Dry,Daylight,Straight,Veh'S Adjacent Approach: Right-Thru,Intersection from adjacent approaches,0,0,1,0,1,2,0,0,0,0,0,0
276067,Minor injury,2014,7,Angle,Multi-Vehicle,153.040287,-27.442558,Edmondstone Rd,Thompson St,Bowen Hills,Brisbane Central,Intersection - T-Junction,Give way sign,60 km/h,Sealed - Dry,Daylight,Straight,Veh'S Adjacent Approach: Right-Right,Intersection from adjacent approaches,0,0,0,1,1,1,0,0,0,1,0,0
276071,Medical treatment,2014,16,Rear-end,Multi-Vehicle,153.0084598,-27.31721557,Strathpine Sub-Arterial Rd,,Bald Hills,Aspley,No Roadway Feature,No traffic control,70 km/h,Sealed - Dry,Daylight,Straight,Veh'S Same Direction: Rear End,Rear-end,0,0,1,0,1,3,0,1,0,0,0,0
276079,Hospitalisation,2014,23,Hit parked vehicle,Single Vehicle,153.044049,-27.413974,East - West Arterial Rd,Roseleigh St,Wooloowin,Clayfield,Intersection - T-Junction,No traffic control,60 km/h,Sealed - Dry,Darkness - Lighted,Straight,Veh'S On Path: Parked,Hit parked vehicle,0,1,0,0,1,2,0,0,0,0,0,0
276080,Hospitalisation,2014,16,Angle,Multi-Vehicle,153.0079655,-27.43661219,Newmarket Rd,,Newmarket,Stafford,No Roadway Feature,Operating traffic lights,60 km/h,Sealed - Dry,Daylight,Straight,Veh'S Opposite Approach: Thru-Right,Opposing vehicles turning,0,1,0,0,1,1,1,0,0,0,0,0
276098,Hospitalisation,2014,17,Angle,Multi-Vehicle,153.0625767,-27.32639276,Barclay St,Doris St,Deagon,Sandgate,Intersection - T-Junction,No traffic control,60 km/h,Sealed - Dry,Daylight,Straight,Veh'S Adjacent Approach: Thru-Right,Intersection from adjacent approaches,0,1,0,0,1,2,0,0,0,0,0,0
276106,Medical treatment,2014,17,Angle,Multi-Vehicle,153.041975,-27.42532,Bridge St,,Wooloowin,Clayfield,Bridge/Causeway,Give way sign,0 - 50 km/h,Sealed - Dry,Dawn/Dusk,Curved - view open,Veh'S Adjacent Approach: Thru-Right,Intersection from adjacent approaches,0,0,1,0,1,1,1,0,0,0,0,0
276107,Medical treatment,2014,5,Hit object,Single Vehicle,153.036737,-27.410723,Fifth Ave,Lasseter St,Kedron,Clayfield,Intersection - T-Junction,Give way sign,0 - 50 km/h,Sealed - Dry,Daylight,Straight,Ped'N: Hit Other,Other,0,0,1,1,2,1,0,0,0,0,1,0
276108,Hospitalisation,2014,5,Hit object,Single Vehicle,153.033671,-27.423533,Lutwyche Rd,,Lutwyche,Clayfield,No Roadway Feature,No traffic control,60 km/h,Sealed - Dry,Daylight,Straight,Veh'S Same Direction: Lane Side Swipe,Lane changes,0,1,1,0,2,2,0,0,0,0,0,0
276109,Medical treatment,2014,8,Angle,Multi-Vehicle,152.972905,-27.404867,Glenholm St,Northmore St,Mitchelton,Everton,Intersection - Roundabout,Give way sign,0 - 50 km/h,Sealed - Dry,Daylight,Straight,Veh'S Adjacent Approach: Thru-Thru,Intersection from adjacent approaches,0,0,1,0,1,1,0,0,0,1,0,0
276129,Medical treatment,2014,6,Angle,Multi-Vehicle,153.026962,-27.32189,Norris Rd,,Bracken Ridge,Sandgate,No Roadway Feature,No traffic control,60 km/h,Sealed - Dry,Daylight,Straight,Veh'S Manoeuvring: Entering From Footway,Vehicle leaving driveway,0,0,1,0,1,1,1,0,0,0,0,0
276139,Minor injury,2014,12,Hit pedestrian,Hit pedestrian,153.059218,-27.397243,Rode Rd,Sandgate Sub-Arterial Rd,Nundah,Clayfield,Intersection - T-Junction,Stop sign,60 km/h,Sealed - Dry,Daylight,Straight,Ped'N: Hit Facing Traffic,Pedestrian,0,0,0,1,1,1,0,0,0,0,1,0
276140,Medical treatment,2014,6,Sideswipe,Multi-Vehicle,152.990869,-27.407269,East - West Arterial Rd,Everton Park - Albany Creek Rd,Everton Park,Everton,Intersection - T-Junction,Operating traffic lights,60 km/h,Sealed - Dry,Daylight,Straight,Veh'S Same Direction: Left Turn S/Swipe,Parallel lanes turning,0,0,1,0,1,0,0,1,0,1,0,0
276141,Medical treatment,2014,14,Rear-end,Multi-Vehicle,152.990505,-27.422531,Samford Sub-Arterial Rd,Western Arterial Rd,Enoggera,Ashgrove,Intersection - T-Junction,Give way sign,60 km/h,Sealed - Dry,Daylight,Straight,Veh'S Same Direction: Left Rear,Rear-end,0,0,1,0,1,2,0,0,0,0,0,0
276156,Hospitalisation,2014,8,Hit parked vehicle,Single Vehicle,153.026693,-27.454921,Gregory Tce,,Spring Hill,Brisbane Central,No Roadway Feature,No traffic control,60 km/h,Sealed - Dry,Daylight,Curved - view obscured,Veh'S On Path: Parked,Hit parked vehicle,0,1,0,0,1,4,0,0,0,0,0,0
276170,Minor injury,2014,14,Hit object,Single Vehicle,152.984347,-27.408979,Burwood Rd,,Everton Park,Everton,No Roadway Feature,No traffic control,0 - 50 km/h,Sealed - Dry,Daylight,Curved - view open,Off Path-Curve: Off Cway Rt Bend Hit Obj,Off carriageway on curve hit object,0,0,0,1,1,1,0,0,0,0,0,0
276171,Medical treatment,2014,19,Angle,Multi-Vehicle,153.002189,-27.427063,Enoggera Rd,Lloyd St,Alderley,Ashgrove,Intersection - T-Junction,Give way sign,60 km/h,Sealed - Dry,Darkness - Lighted,Curved - view open,Veh'S Adjacent Approach: Thru-Right,Intersection from adjacent approaches,0,0,2,0,2,2,0,0,0,0,0,0
276191,Medical treatment,2014,9,Hit object,Single Vehicle,152.996777,-27.502067,Hawken Dr,Highland Tce,St Lucia,Indooroopilly,Intersection - Roundabout,Give way sign,0 - 50 km/h,Sealed - Dry,Daylight,Straight,Off Path-Straight: Mounts Traffic Island,Off carriageway on straight hit object,0,0,1,0,1,0,1,0,0,0,0,0
276195,Medical treatment,2014,13,Rear-end,Multi-Vehicle,153.043058,-27.413821,East - West Arterial Rd,Kent Rd,Wooloowin,Clayfield,Intersection - Cross,Operating traffic lights,60 km/h,Sealed - Dry,Daylight,Straight,Veh'S Same Direction: Rear End,Rear-end,0,0,1,0,1,2,0,0,0,0,0,0
276220,Hospitalisation,2014,16,Hit pedestrian,Hit pedestrian,153.025354,-27.468225,Adelaide St,,Brisbane City,Brisbane Central,No Roadway Feature,No traffic control,0 - 50 km/h,Sealed - Dry,Daylight,Straight,Ped'N: Hit By Vehicle Enter/Leave D'Way,Pedestrian,0,1,0,0,1,1,0,0,0,0,1,0
276221,Medical treatment,2014,14,Angle,Multi-Vehicle,153.03574,-27.459051,Brunswick St,Mclachlan St,Fortitude Valley,Brisbane Central,Intersection - Cross,Operating traffic lights,60 km/h,Sealed - Dry,Daylight,Straight,Veh'S Adjacent Approach: Thru-Thru,Intersection from adjacent approaches,0,0,2,0,2,2,0,0,0,0,0,0
276222,Hospitalisation,2014,22,Hit object,Single Vehicle,152.908375,-27.473214,Gold Creek Rd,,Brookfield,Moggill,No Roadway Feature,No traffic control,60 km/h,Sealed - Dry,Darkness - Not lighted,Curved - view open,Off Path-Curve: Out Of Control On Cway,Out of control on curve,0,1,0,0,1,1,0,0,0,0,0,0
276224,Medical treatment,2014,17,Hit object,Single Vehicle,153.015798,-27.302468,Gympie Arterial Rd,,Bald Hills,Aspley,No Roadway Feature,No traffic control,100 - 110 km/h,Sealed - Dry,Daylight,Straight,Off Path-Straight: Left Off Cway Hit Obj,Off carriageway on straight hit object,0,0,1,0,1,1,0,0,0,0,0,0
276226,Hospitalisation,2014,11,Angle,Multi-Vehicle,153.022596,-27.380417,Milburn St,Webster Rd,Chermside West,Aspley,Intersection - T-Junction,Operating traffic lights,60 km/h,Sealed - Dry,Daylight,Straight,Veh'S Opposite Approach: Thru-Right,Opposing vehicles turning,0,1,1,0,2,2,0,0,0,0,0,0
276227,Medical treatment,2014,10,Angle,Multi-Vehicle,153.063778,-27.39373,Flower St,Sapsford St,Northgate,Nudgee,Intersection - T-Junction,No traffic control,0 - 50 km/h,Sealed - Dry,Daylight,Straight,Veh'S Adjacent Approach: Right-Thru,Intersection from adjacent approaches,0,0,1,0,1,2,0,0,0,0,0,0
276249,Medical treatment,2014,7,Rear-end,Multi-Vehicle,153.026367,-27.474058,George St,Margaret St,Brisbane City,Brisbane Central,Intersection - Cross,Operating traffic lights,0 - 50 km/h,Sealed - Dry,Daylight,Straight,Veh'S Same Direction: Left Rear,Rear-end,0,0,1,0,1,2,0,0,0,0,0,0
276250,Medical treatment,2014,12,Angle,Multi-Vehicle,153.001047,-27.472363,Camford St,,Milton,Mount Coot-tha,No Roadway Feature,No traffic control,0 - 50 km/h,Sealed - Dry,Daylight,Straight,Veh'S Manoeuvring: Leaving Driveway,Vehicle leaving driveway,0,0,1,0,1,1,1,0,0,0,0,0
276252,Medical treatment,2014,20,Hit pedestrian,Hit pedestrian,153.038379,-27.45544,James St,,Fortitude Valley,Brisbane Central,No Roadway Feature,No traffic control,60 km/h,Sealed - Dry,Darkness - Lighted,Curved - view open,Ped'N: Near Side Vehicle Hit From Right,Pedestrian,0,0,1,0,1,1,0,0,0,0,1,0
276254,Medical treatment,2014,13,Rear-end,Multi-Vehicle,153.06243,-27.374536,Pritchard Rd,Sandgate Sub-Arterial Rd,Virginia,Nudgee,Intersection - T-Junction,Operating traffic lights,60 km/h,Sealed - Dry,Daylight,Straight,Veh'S Same Direction: Rear End,Rear-end,0,0,2,0,2,2,0,0,0,0,0,0
276256,Hospitalisation,2014,8,Angle,Multi-Vehicle,153.041939,-27.425545,Bridge St,Hudson Rd,Wooloowin,Clayfield,Intersection - T-Junction,Give way sign,60 km/h,Sealed - Dry,Daylight,Straight,Veh'S Adjacent Approach: Thru-Right,Intersection from adjacent approaches,0,1,0,0,1,1,0,0,0,1,0,0
276257,Hospitalisation,2014,13,Rear-end,Multi-Vehicle,153.048468,-27.427953,Sandgate Rd,,Clayfield,Clayfield,No Roadway Feature,No traffic control,60 km/h,Sealed - Dry,Daylight,Straight,Veh'S Same Direction: Rear End,Rear-end,0,1,1,1,3,3,0,0,0,0,0,0
276278,Minor injury,2014,20,Hit object,Single Vehicle,153.02151,-27.469759,Ann St,,Brisbane City,Brisbane Central,No Roadway Feature,No traffic control,60 km/h,Sealed - Wet,Darkness - Lighted,Straight,Off Path-Straight:Right Off Cway Hit Obj,Off carriageway on straight hit object,0,0,0,1,1,1,0,0,0,0,0,0
276279,Medical treatment,2014,16,Rear-end,Multi-Vehicle,153.001108,-27.469995,Milton Rd,,Milton,Mount Coot-tha,No Roadway Feature,No traffic control,60 km/h,Sealed - Dry,Daylight,Straight,Veh'S Same Direction: Rear End,Rear-end,0,0,1,0,1,2,0,0,0,0,0,0
276280,Medical treatment,2014,17,Rear-end,Multi-Vehicle,153.022649,-27.472119,South East Arterial Rd,,Brisbane City,Brisbane Central,No Roadway Feature,No traffic control,80 - 90 km/h,Sealed - Dry,Daylight,Straight,Veh'S Same Direction: Rear End,Rear-end,0,0,1,0,1,2,0,0,0,0,0,0
276281,Medical treatment,2014,20,Angle,Multi-Vehicle,153.02895,-27.449779,Bowen Bridge Rd,Herston Rd,Bowen Hills,Brisbane Central,Intersection - T-Junction,Operating traffic lights,60 km/h,Sealed - Dry,Darkness - Lighted,Straight,Veh'S Adjacent Approach: Right-Thru,Intersection from adjacent approaches,0,0,2,0,2,2,0,0,0,0,0,0
276283,Hospitalisation,2014,13,Hit object,Single Vehicle,153.01731,-27.298284,Gateway Arterial Rd,Gympie Arterial Rd,Bald Hills,Sandgate,Intersection - Interchange,No traffic control,100 - 110 km/h,Sealed - Dry,Daylight,Curved - view open,Off Path-Curve: Off Cway Lt Bend Hit Obj,Off carriageway on curve hit object,0,1,0,0,1,1,0,0,0,0,0,0
276290,Medical treatment,2014,8,Hit object,Single Vehicle,153.053783,-27.425666,Crombie St,,Clayfield,Clayfield,No Roadway Feature,No traffic control,0 - 50 km/h,Sealed - Dry,Daylight,Straight,Off Path-Straight: Left Off Cway Hit Obj,Off carriageway on straight hit object,0,0,2,0,2,1,0,0,0,0,0,0
276291,Hospitalisation,2014,15,Fall from vehicle,Single Vehicle,153.069924,-27.385582,Northlink Pl,,Virginia,Nudgee,No Roadway Feature,No traffic control,0 - 50 km/h,Sealed - Dry,Daylight,Curved - view open,Off Path-Curve: Out Of Control On Cway,Out of control on curve,0,1,0,0,1,0,1,0,0,0,0,0
276292,Hospitalisation,2014,22,Hit pedestrian,Hit pedestrian,153.070557,-27.387334,Acacia Ave,,Northgate,Nudgee,No Roadway Feature,No traffic control,60 km/h,Sealed - Dry,Darkness - Not lighted,Straight,Ped'N: Near Side Vehicle Hit From Right,Pedestrian,0,1,0,0,1,0,0,1,0,0,1,0
276293,Medical treatment,2014,16,Rear-end,Multi-Vehicle,153.052724,-27.391127,Hamilton Rd,,Wavell Heights,Nudgee,No Roadway Feature,No traffic control,60 km/h,Sealed - Dry,Daylight,Straight,Veh'S Same Direction: Rear End,Rear-end,0,0,1,0,1,2,0,0,0,0,0,0
276294,Medical treatment,2014,11,Rear-end,Multi-Vehicle,153.059521,-27.409735,East - West Arterial Rd,Sandgate Sub-Arterial Rd,Nundah,Nudgee,No Roadway Feature,No traffic control,60 km/h,Sealed - Dry,Daylight,Straight,Veh'S Same Direction: Rear End,Rear-end,0,0,1,0,1,2,0,1,0,0,0,0
276318,Hospitalisation,2014,22,Angle,Multi-Vehicle,153.018927,-27.459967,Boundary St,Gregory Tce,Spring Hill,Brisbane Central,Intersection - T-Junction,Operating traffic lights,60 km/h,Sealed - Wet,Darkness - Lighted,Curved - view open,Veh'S Opposite Approach: Thru-Right,Opposing vehicles turning,0,1,0,2,3,3,0,0,0,0,0,0
276319,Hospitalisation,2014,9,Angle,Multi-Vehicle,152.910447,-27.530223,Bainbridge Dr,Moggill Sub-Arterial Rd,Pullenvale,Moggill,Intersection - T-Junction,No traffic control,70 km/h,Sealed - Dry,Daylight,Curved - view open,Veh'S Opposite Approach: Thru-Right,Opposing vehicles turning,0,2,0,0,2,2,0,0,0,0,0,0
276322,Hospitalisation,2014,19,Angle,Multi-Vehicle,153.003869,-27.331211,Carseldine Rd,Linkfield Connection Rd,Bald Hills,Aspley,Intersection - T-Junction,Operating traffic lights,60 km/h,Sealed - Wet,Darkness - Lighted,Straight,Veh'S Opposite Approach: Thru-Right,Opposing vehicles turning,0,1,1,0,2,2,0,0,0,0,0,0
276323,Hospitalisation,2014,16,Rear-end,Multi-Vehicle,153.018109,-27.294466,Gympie Arterial Rd,,Bald Hills,Aspley,No Roadway Feature,No traffic control,100 - 110 km/h,Sealed - Dry,Daylight,Straight,Veh'S Same Direction: Rear End,Rear-end,0,2,0,0,2,2,0,0,0,0,0,0
276324,Medical treatment,2014,17,Rear-end,Multi-Vehicle,153.011003,-27.33331,Gympie Arterial Rd,,Bald Hills,Aspley,No Roadway Feature,No traffic control,100 - 110 km/h,Sealed - Dry,Dawn/Dusk,Straight,Veh'S Same Direction: Rear End,Rear-end,0,0,1,0,1,3,0,0,0,0,0,0
276331,Hospitalisation,2014,6,Angle,Multi-Vehicle,153.074763,-27.412176,East - West Arterial Rd,Nudgee Rd,Hendra,Clayfield,Intersection - Cross,No traffic control,60 km/h,Sealed - Wet,Daylight,Straight,Veh'S Adjacant Approach: Thru-Left,Intersection from adjacent approaches,0,1,0,0,1,1,1,0,0,0,0,0
276332,Hospitalisation,2014,13,Angle,Multi-Vehicle,153.00719,-27.438318,Ashgrove Ave,Enoggera Rd,Newmarket,Ashgrove,Intersection - Cross,Operating traffic lights,60 km/h,Sealed - Dry,Daylight,Straight,Veh'S Adjacent Approach: Thru-Thru,Intersection from adjacent approaches,0,1,0,0,1,1,1,0,0,0,0,0
276355,Minor injury,2014,14,Angle,Multi-Vehicle,152.953607,-27.445004,Glenaffric St,Waterworks Rd,The Gap,Ashgrove,Intersection - T-Junction,Give way sign,60 km/h,Sealed - Dry,Daylight,Straight,Veh'S Manoeuvring: Leaving Driveway,Vehicle leaving driveway,0,0,0,1,1,2,0,0,0,0,0,0
276356,Medical treatment,2014,16,Angle,Multi-Vehicle,152.997431,-27.45894,Ellena St,Latrobe Tce,Paddington,Mount Coot-tha,Intersection - T-Junction,No traffic control,0 - 50 km/h,Sealed - Dry,Daylight,Straight,Veh'S Manoeuvring: Entering From Footway,Vehicle leaving driveway,0,0,1,0,1,1,0,0,0,1,0,0
276359,Hospitalisation,2014,9,Angle,Multi-Vehicle,153.049198,-27.464035,Lamington St,Merthyr Rd,New Farm,Brisbane Central,Intersection - Cross,Operating traffic lights,0 - 50 km/h,Sealed - Dry,Daylight,Straight,Veh'S Adjacent Approach: Thru-Thru,Intersection from adjacent approaches,0,2,0,0,2,3,0,0,0,0,0,0
276362,Hospitalisation,2014,5,Angle,Multi-Vehicle,153.062071,-27.370585,Robinson Rd E,Sandgate Sub-Arterial Rd,Virginia,Nudgee,Intersection - Cross,Operating traffic lights,70 km/h,Sealed - Dry,Daylight,Straight,Veh'S Adjacent Approach: Thru-Right,Intersection from adjacent approaches,0,1,1,0,2,2,0,0,0,0,0,0
276370,Medical treatment,2014,18,Rear-end,Multi-Vehicle,153.0145818,-27.42407077,Grange Rd,Stevenson St,Grange,Stafford,No Roadway Feature,No traffic control,60 km/h,Sealed - Dry,Dawn/Dusk,Straight,Veh'S Same Direction: Right Rear,Rear-end,0,0,1,0,1,2,0,0,0,0,0,0
276371,Medical treatment,2014,9,Sideswipe,Multi-Vehicle,153.084805,-27.370211,Petunia St,St Vincents Rd,Nudgee,Nudgee,Intersection - T-Junction,No traffic control,60 km/h,Sealed - Dry,Daylight,Straight,Veh'S Manoeuvring: Entering From Footway,Vehicle leaving driveway,0,0,1,0,1,0,0,1,0,1,0,0
276372,Hospitalisation,2014,11,Fall from vehicle,Single Vehicle,152.9922091,-27.43019885,Moore St,,Enoggera,Ashgrove,No Roadway Feature,No traffic control,0 - 50 km/h,Sealed - Dry,Daylight,Straight,Pass & Misc: Fell In/From Vehicle,Other,0,1,0,0,1,0,1,0,0,0,0,0
276373,Medical treatment,2014,17,Hit object,Single Vehicle,152.9850401,-27.38959064,Everton Park - Albany Creek Rd,,Everton Park,Everton,No Roadway Feature,No traffic control,60 km/h,Sealed - Dry,Daylight,Straight,Off Path-Straight: Left Off Cway Hit Obj,Off carriageway on straight hit object,0,0,1,0,1,1,0,0,0,0,0,0
276392,Minor injury,2014,16,Hit object,Single Vehicle,153.027658,-27.39104,Ethel St,,Chermside,Stafford,No Roadway Feature,No traffic control,0 - 50 km/h,Sealed - Dry,Daylight,Straight,Off Path-Straight: Left Off Cway Hit Obj,Off carriageway on straight hit object,0,0,0,1,1,1,0,0,0,0,0,0
276393,Minor injury,2014,5,Angle,Multi-Vehicle,153.012777,-27.383217,Hamilton Rd,Maundrell Tce,Chermside West,Stafford,Intersection - Cross,Operating traffic lights,60 km/h,Sealed - Dry,Daylight,Straight,Veh'S Manoeuvring: Entering From Footway,Vehicle leaving driveway,0,0,0,1,1,1,0,0,0,1,0,0
276425,Medical treatment,2014,8,Angle,Multi-Vehicle,153.032464,-27.458711,Gipps St,Wickham St,Fortitude Valley,Brisbane Central,Intersection - Cross,Operating traffic lights,60 km/h,Sealed - Dry,Daylight,Straight,Veh'S Adjacent Approach: Right-Thru,Intersection from adjacent approaches,0,0,1,0,1,1,0,0,1,0,0,0