Crash_Ref_Number,Severity,Year,Hour,Crash_Nature,Crash_Type,Longitude,Latitude,Street,Street_Intersecting,Suburb,Loc_State_Electorate,Crash_Roadway_Feature,Crash_Traffic_Control,Crash_Speed_Limit,Crash_Road_Surface_Condition,Crash_Lighting_Condition,Crash_Road_Horiz_Align,Crash_DCA_Description,Crash_DCA_Group_Description,Count_Casualty_Fatality,Count_Casualty_Hospitalised,Count_Casualty_MedicallyTreated,Count_Casualty_MinorInjury,Count_Casualty_Total,Count_Unit_Car,Count_Unit_Motorcycle_Moped,Count_Unit_Truck,Count_Unit_Bus,Count_Unit_Bicycle,Count_Unit_Pedestrian,Count_Unit_Other
276426,Medical treatment,2014,9,Angle,Multi-Vehicle,152.934344,-27.506459,Aronia St,Brookfield Rd,Kenmore,Moggill,Intersection - T-Junction,Give way sign,0 - 50 km/h,Sealed - Dry,Darkness - Lighted,Straight,Veh'S Adjacent Approach: Thru-Right,Intersection from adjacent approaches,0,0,1,0,1,1,1,0,0,0,0,0
276427,Hospitalisation,2014,20,Fall from vehicle,Single Vehicle,153.025829,-27.310782,Bracken Ridge Rd,Glenealy St,Bracken Ridge,Sandgate,Intersection - T-Junction,Operating traffic lights,60 km/h,Sealed - Dry,Darkness - Lighted,Straight,Pass & Misc: Fell In/From Vehicle,Other,0,1,0,0,1,1,0,0,0,0,0,0
276429,Hospitalisation,2014,10,Hit pedestrian,Hit pedestrian,153.050193,-27.344474,Loran Pl,Tahiti St,Taigum,Sandgate,No Roadway Feature,No traffic control,0 - 50 km/h,Sealed - Dry,Daylight,Straight,Ped'N: Hit Other,Other,0,1,0,0,1,0,0,0,1,0,1,0
276435,Minor injury,2014,10,Angle,Multi-Vehicle,153.033651,-27.424576,Airport Link,,Lutwyche,Clayfield,No Roadway Feature,No traffic control,80 - 90 km/h,Sealed - Dry,Daylight,Straight,Veh'S Same Direction: Lane Change Right,Lane changes,0,0,0,2,2,1,0,0,1,0,0,0
276457,Medical treatment,2014,20,Hit pedestrian,Hit pedestrian,153.03574,-27.459051,Brunswick St,Mclachlan St,Fortitude Valley,Brisbane Central,Intersection - Cross,Operating traffic lights,60 km/h,Sealed - Dry,Darkness - Lighted,Straight,Ped'N: Far Side Vehicle Hit From Left,Pedestrian,0,0,1,0,1,1,0,0,0,0,1,0
276480,Medical treatment,2014,8,Angle,Multi-Vehicle,153.0143081,-27.45853207,Kelvin Grove Rd,,Kelvin Grove,Brisbane Central,Intersection - Interchange,Operating traffic lights,60 km/h,Sealed - Dry,Daylight,Straight,Veh'S Adjacent Approach: Thru-Right,Intersection from adjacent approaches,0,0,1,0,1,1,1,0,0,0,0,0
276481,Medical treatment,2014,6,Angle,Multi-Vehicle,153.010595,-27.466824,Milton Rd,,Petrie Terrace,Mount Coot-tha,Intersection - Interchange,Operating traffic lights,60 km/h,Sealed - Dry,Daylight,Straight,Veh'S Adjacent Approach: Thru-Right,Intersection from adjacent approaches,0,0,2,0,2,2,0,0,0,0,0,0
276483,Medical treatment,2014,8,Fall from vehicle,Single Vehicle,153.0428268,-27.46457745,Brunswick St,,New Farm,Brisbane Central,No Roadway Feature,No traffic control,0 - 50 km/h,Sealed - Dry,Daylight,Straight,Off Path-Straight:Out Of Control On Cway,Out of control on straight,0,0,1,0,1,1,1,0,0,0,0,0
276485,Hospitalisation,2014,7,Hit object,Single Vehicle,153.031515,-27.415858,Swan St,,Gordon Park,Stafford,No Roadway Feature,No traffic control,0 - 50 km/h,Sealed - Dry,Daylight,Curved - view open,Off Path-Curve: Off Cway Rt Bend Hit Obj,Off carriageway on curve hit object,0,1,0,0,1,1,0,0,0,0,0,0
276488,Medical treatment,2014,17,Angle,Multi-Vehicle,152.988701,-27.379532,Beckett Rd,Hamilton Rd,Mcdowall,Aspley,Intersection - Cross,Operating traffic lights,70 km/h,Sealed - Dry,Daylight,Straight,Veh'S Opposite Approach: Thru-Right,Opposing vehicles turning,0,0,2,0,2,2,0,0,0,0,0,0
276492,Hospitalisation,2014,7,Angle,Multi-Vehicle,153.05234,-27.391066,Bilsen Rd,Hamilton Rd,Wavell Heights,Nudgee,Intersection - Cross,Operating traffic lights,60 km/h,Sealed - Dry,Daylight,Straight,Veh'S Opposite Approach: Thru-Right,Opposing vehicles turning,0,1,5,0,6,2,0,0,0,0,0,0
276493,Medical treatment,2014,20,Rear-end,Multi-Vehicle,153.063002,-27.381904,Sandgate Rd,Sandgate Sub-Arterial Rd,Virginia,Nudgee,Intersection - Interchange,Give way sign,60 km/h,Sealed - Dry,Daylight,Straight,Veh'S Same Direction: Left Rear,Rear-end,0,0,1,0,1,2,0,0,0,0,0,0
276518,Medical treatment,2014,18,Rear-end,Multi-Vehicle,153.022487,-27.471292,North Quay,,Brisbane City,Brisbane Central,No Roadway Feature,No traffic control,60 km/h,Sealed - Dry,Dawn/Dusk,Straight,Veh'S Same Direction: Rear End,Rear-end,0,0,1,0,1,2,0,0,0,0,0,0
276520,Medical treatment,2014,7,Rear-end,Multi-Vehicle,153.01067,-27.395295,Appleby Rd,,Stafford Heights,Stafford,No Roadway Feature,No traffic control,0 - 50 km/h,Sealed - Wet,Daylight,Straight,Veh'S Same Direction: Rear End,Rear-end,0,0,1,0,1,2,0,0,0,0,0,0
276524,Minor injury,2014,10,Rear-end,Multi-Vehicle,153.021553,-27.372099,Gympie Arterial Rd,,Aspley,Aspley,No Roadway Feature,No traffic control,70 km/h,Sealed - Wet,Daylight,Straight,Veh'S Same Direction: Rear End,Rear-end,0,0,0,1,1,4,0,0,0,0,0,0
276525,Minor injury,2014,6,Rear-end,Multi-Vehicle,152.988701,-27.379532,Beckett Rd,Hamilton Rd,Mcdowall,Aspley,Intersection - Cross,Operating traffic lights,60 km/h,Sealed - Wet,Daylight,Straight,Veh'S Same Direction: Rear End,Rear-end,0,0,0,1,1,1,1,0,0,0,0,0
276529,Medical treatment,2014,7,Rear-end,Multi-Vehicle,153.074597,-27.413902,Hedley Ave,Nudgee Rd,Hendra,Clayfield,Intersection - Cross,Operating traffic lights,60 km/h,Sealed - Dry,Daylight,Straight,Veh'S Same Direction: Rear End,Rear-end,0,0,1,0,1,2,0,0,0,0,0,0
276530,Minor injury,2014,17,Rear-end,Multi-Vehicle,153.0588551,-27.41305344,East - West Arterial Rd,,Clayfield,Clayfield,No Roadway Feature,No traffic control,60 km/h,Sealed - Dry,Dawn/Dusk,Straight,Veh'S Same Direction: Rear End,Rear-end,0,0,0,1,1,2,0,0,0,0,0,0
276565,Hospitalisation,2014,16,Hit pedestrian,Hit pedestrian,153.030411,-27.4723045,Alice St,,Brisbane City,Brisbane Central,No Roadway Feature,No traffic control,0 - 50 km/h,Sealed - Wet,Daylight,Straight,Ped'N: Near Side Vehicle Hit From Right,Pedestrian,0,1,0,0,1,1,0,0,0,0,1,0
276566,Medical treatment,2014,15,Hit pedestrian,Hit pedestrian,153.039052,-27.454378,Ann St,Brookes St,Fortitude Valley,Brisbane Central,Intersection - T-Junction,Pedestrian operated lights,60 km/h,Sealed - Dry,Daylight,Straight,Ped'N: Near Side Vehicle Hit From Right,Pedestrian,0,0,1,0,1,1,0,0,0,0,1,0
276568,Medical treatment,2014,7,Rear-end,Multi-Vehicle,152.9758551,-27.50219843,Coonan St,,Indooroopilly,Indooroopilly,No Roadway Feature,No traffic control,60 km/h,Sealed - Dry,Daylight,Curved - view open,Veh'S Same Direction: Rear End,Rear-end,0,0,1,0,1,2,0,0,0,0,0,0
276570,Hospitalisation,2014,16,Overturned,Single Vehicle,153.045209,-27.30891,Redcliffe Sub-Arterial Rd,,Bracken Ridge,Sandgate,No Roadway Feature,No traffic control,80 - 90 km/h,Sealed - Wet,Dawn/Dusk,Straight,Veh'S On Path: Temporary Object On C'Way,Other,0,1,0,0,1,1,0,0,0,0,0,0
276581,Hospitalisation,2014,13,Angle,Multi-Vehicle,153.095265,-27.376448,Nudgee Rd,,Banyo,Nudgee,Intersection - Interchange,No traffic control,60 km/h,Sealed - Dry,Daylight,Curved - view open,Veh'S Opposite Approach: Thru-Right,Opposing vehicles turning,0,1,0,0,1,1,1,0,0,0,0,0
276582,Medical treatment,2014,8,Angle,Multi-Vehicle,152.99828,-27.404358,Page St,Trouts Rd,Everton Park,Stafford,Intersection - T-Junction,No traffic control,60 km/h,Sealed - Dry,Daylight,Curved - view open,Veh'S Opposite Approach: Thru-Right,Opposing vehicles turning,0,0,1,1,2,2,0,0,0,0,0,0
276610,Medical treatment,2014,3,Angle,Multi-Vehicle,153.0265201,-27.47527803,Alice St,William St,Brisbane City,Brisbane Central,Intersection - T-Junction,Operating traffic lights,0 - 50 km/h,Sealed - Dry,Darkness - Lighted,Straight,Veh'S Adjacent Approach: Right-Thru,Intersection from adjacent approaches,0,0,1,0,1,2,0,0,0,0,0,0
276611,Hospitalisation,2014,15,Rear-end,Multi-Vehicle,153.0108675,-27.46489356,Hale St,,Petrie Terrace,Mount Coot-tha,No Roadway Feature,No traffic control,60 km/h,Sealed - Dry,Daylight,Straight,Veh'S Same Direction: Rear End,Rear-end,0,1,1,0,2,4,0,0,0,0,0,0
276612,Hospitalisation,2014,14,Angle,Multi-Vehicle,153.04114,-27.457703,Arthur St,James St,Fortitude Valley,Brisbane Central,Intersection - Cross,Operating traffic lights,0 - 50 km/h,Sealed - Dry,Daylight,Straight,Veh'S Opposite Approach: Thru-Right,Opposing vehicles turning,0,1,0,0,1,1,0,0,0,0,0,1
276613,Medical treatment,2014,9,Rear-end,Multi-Vehicle,153.00352,-27.33118,Linkfield Connection Rd,,Bald Hills,Aspley,No Roadway Feature,No traffic control,60 km/h,Sealed - Dry,Daylight,Curved - view open,Veh'S Same Direction: Rear End,Rear-end,0,0,1,0,1,2,0,0,0,0,0,0
276615,Hospitalisation,2014,15,Angle,Multi-Vehicle,153.0146514,-27.37332675,Maundrell Tce,,Aspley,Aspley,No Roadway Feature,No traffic control,60 km/h,Sealed - Dry,Daylight,Straight,Off Path-Straight: Other,Other,0,1,0,0,1,1,0,0,0,1,0,0
276616,Medical treatment,2014,8,Rear-end,Multi-Vehicle,153.016497,-27.356335,Gympie Arterial Rd,Zillmere Rd,Aspley,Aspley,Intersection - T-Junction,Give way sign,70 km/h,Sealed - Dry,Daylight,Curved - view open,Veh'S Same Direction: Rear End,Rear-end,0,0,1,0,1,2,0,0,0,0,0,0
276617,Medical treatment,2014,12,Rear-end,Multi-Vehicle,153.022904,-27.373154,Gympie Arterial Rd,,Aspley,Aspley,No Roadway Feature,No traffic control,70 km/h,Sealed - Dry,Daylight,Straight,Veh'S Same Direction: Rear End,Rear-end,0,0,2,0,2,3,0,1,0,0,0,0
276624,Hospitalisation,2014,6,Angle,Multi-Vehicle,153.0432474,-27.43383774,Sandgate Rd,,Albion,Clayfield,No Roadway Feature,No traffic control,0 - 50 km/h,Sealed - Dry,Daylight,Curved - view obscured,Veh'S Manoeuvring: Entering From Footway,Vehicle leaving driveway,0,1,0,0,1,2,0,0,0,0,0,0
276625,Medical treatment,2014,8,Rear-end,Multi-Vehicle,153.0823609,-27.43349681,Fison Ave W,Kingsford Smith Dr,Eagle Farm,Clayfield,Intersection - T-Junction,Flashing amber lights,60 km/h,Sealed - Dry,Daylight,Curved - view open,Veh'S Same Direction: Left Rear,Rear-end,0,0,1,0,1,2,0,0,0,0,0,0
276626,Hospitalisation,2014,16,Rear-end,Multi-Vehicle,153.0911188,-27.39305869,Gateway Arterial Rd,,Banyo,Nudgee,No Roadway Feature,No traffic control,80 - 90 km/h,Sealed - Dry,Daylight,Straight,Veh'S Same Direction: Rear End,Rear-end,0,1,0,0,1,1,1,0,0,0,0,0
276627,Minor injury,2014,7,Rear-end,Multi-Vehicle,152.978322,-27.405655,Northmore St,Osborne Rd,Mitchelton,Everton,No Roadway Feature,Stop sign,0 - 50 km/h,Sealed - Dry,Daylight,Straight,Veh'S Same Direction: Left Rear,Rear-end,0,0,0,1,1,2,0,0,0,0,0,0
276659,Hospitalisation,2014,19,Angle,Multi-Vehicle,152.986762,-27.446094,Oleander Dr,Waterworks Rd,Ashgrove,Ashgrove,Intersection - Cross,Give way sign,60 km/h,Sealed - Dry,Darkness - Lighted,Straight,Veh'S Adjacent Approach: Right-Thru,Intersection from adjacent approaches,0,1,0,1,2,2,0,0,0,0,0,0
276660,Minor injury,2014,5,Rear-end,Multi-Vehicle,153.018069,-27.467901,North Quay,,Brisbane City,Brisbane Central,No Roadway Feature,No traffic control,0 - 50 km/h,Sealed - Dry,Daylight,Straight,Veh'S Same Direction: Rear End,Rear-end,0,0,0,1,1,2,0,0,0,0,0,0
276661,Medical treatment,2014,9,Sideswipe,Multi-Vehicle,153.036235,-27.457239,Ann St,Ballow St,Fortitude Valley,Brisbane Central,Intersection - T-Junction,Operating traffic lights,60 km/h,Sealed - Dry,Daylight,Straight,Veh'S Same Direction: Lane Change Right,Lane changes,0,0,1,0,1,2,0,0,0,0,0,0
276662,Hospitalisation,2014,12,Angle,Multi-Vehicle,153.041859,-27.444506,Edmondstone Rd,Folkestone St,Bowen Hills,Brisbane Central,Intersection - Roundabout,Give way sign,60 km/h,Sealed - Dry,Daylight,Curved - view open,Veh'S Opposite Approach: Thru-Right,Opposing vehicles turning,0,1,0,0,1,2,0,0,0,0,0,0
276664,Minor injury,2014,19,Angle,Multi-Vehicle,152.953547,-27.508434,Bredden St,Moggill Sub-Arterial Rd,Chapel Hill,Moggill,Intersection - T-Junction,Give way sign,60 km/h,Sealed - Dry,Dawn/Dusk,Straight,Veh'S Adjacant Approach: Thru-Left,Intersection from adjacent approaches,0,0,0,1,1,1,1,0,0,0,0,0
276668,Medical treatment,2014,14,Rear-end,Multi-Vehicle,153.020528,-27.39223,Webster Rd,,Chermside,Stafford,No Roadway Feature,No traffic control,60 km/h,Sealed - Dry,Daylight,Straight,Veh'S Same Direction: Rear End,Rear-end,0,0,2,0,2,4,0,0,0,0,0,0
276669,Medical treatment,2014,17,Angle,Multi-Vehicle,152.985388,-27.38623444,Rode Rd,,Mcdowall,Everton,Intersection - Roundabout,Give way sign,60 km/h,Sealed - Dry,Daylight,Curved - view obscured,Veh'S Adjacent Approach: Other,Intersection from adjacent approaches,0,0,1,0,1,2,0,0,0,0,0,0
276678,Hospitalisation,2014,18,Hit pedestrian,Hit pedestrian,152.962181,-27.407851,Dawson Pde,,Keperra,Ferny Grove,No Roadway Feature,No traffic control,60 km/h,Sealed - Dry,Darkness - Lighted,Straight,Ped'N: Far Side Vehicle Hit From Left,Pedestrian,0,1,0,0,1,1,0,0,0,0,1,0
276705,Minor injury,2014,10,Hit pedestrian,Hit pedestrian,153.030483,-27.465675,Eagle St,Queen St,Brisbane City,Brisbane Central,Intersection - Cross,Operating traffic lights,0 - 50 km/h,Sealed - Dry,Daylight,Curved - view open,Ped'N: Far Side Vehicle Hit From Left,Pedestrian,0,0,0,1,1,1,0,0,0,0,1,0
276706,Medical treatment,2014,22,Hit parked vehicle,Single Vehicle,153.0021877,-27.46209562,Ross St,,Paddington,Mount Coot-tha,No Roadway Feature,No traffic control,0 - 50 km/h,Sealed - Dry,Darkness - Not lighted,Straight,Veh'S On Path: Parked,Hit parked vehicle,0,0,1,0,1,3,0,0,0,0,0,0
276727,Medical treatment,2014,9,Rear-end,Multi-Vehicle,153.007138,-27.452761,Prospect Tce,Storie St,Red Hill,Mount Coot-tha,Intersection - T-Junction,No traffic control,0 - 50 km/h,Sealed - Dry,Daylight,Straight,Veh'S Same Direction: Right Rear,Rear-end,0,0,1,0,1,2,0,0,0,0,0,0
276734,Hospitalisation,2014,21,Hit object,Single Vehicle,153.031879,-27.432756,Lutwyche Rd,,Windsor,Brisbane Central,No Roadway Feature,No traffic control,60 km/h,Sealed - Dry,Darkness - Lighted,Straight,Off Path-Straight: Left Off Cway Hit Obj,Off carriageway on straight hit object,0,1,0,0,1,1,0,0,0,0,0,0
276762,Medical treatment,2014,2,Angle,Multi-Vehicle,153.014182,-27.458509,Kelvin Grove Rd,,Kelvin Grove,Mount Coot-tha,No Roadway Feature,No traffic control,60 km/h,Sealed - Dry,Darkness - Lighted,Straight,Pass & Misc: Other,Other,0,0,1,0,1,2,0,0,0,0,0,0
276763,Hospitalisation,2014,8,Sideswipe,Multi-Vehicle,153.042434,-27.43402915,Abbotsford Rd,,Bowen Hills,Brisbane Central,No Roadway Feature,No traffic control,60 km/h,Sealed - Dry,Daylight,Curved - view open,Veh'S Same Direction: Lane Side Swipe,Lane changes,0,1,0,0,1,1,1,0,0,0,0,0
276764,Medical treatment,2014,7,Rear-end,Multi-Vehicle,153.041206,-27.436767,Abbotsford Rd,Burrows St,Bowen Hills,Brisbane Central,Intersection - T-Junction,Operating traffic lights,60 km/h,Sealed - Dry,Daylight,Curved - view open,Veh'S Same Direction: Rear End,Rear-end,0,0,1,0,1,3,0,0,0,0,0,0
276766,Minor injury,2014,16,Angle,Multi-Vehicle,153.018201,-27.356403,Zillmere Rd,,Aspley,Aspley,No Roadway Feature,No traffic control,60 km/h,Sealed - Dry,Daylight,Straight,Veh'S Manoeuvring: Leaving Driveway,Vehicle leaving driveway,0,0,0,1,1,2,0,0,0,0,0,0
276773,Medical treatment,2014,11,Sideswipe,Multi-Vehicle,153.015592,-27.426143,Days Rd,,Grange,Stafford,No Roadway Feature,No traffic control,0 - 50 km/h,Sealed - Dry,Daylight,Straight,Veh'S Same Direction: Right Turn S/Swipe,Parallel lanes turning,0,0,2,0,2,1,0,0,1,0,0,0
276774,Medical treatment,2014,15,Hit pedestrian,Hit pedestrian,152.940657,-27.407311,Claverton St,Samford Sub-Arterial Rd,Ferny Grove,Ferny Grove,Intersection - T-Junction,Operating traffic lights,60 km/h,Sealed - Dry,Daylight,Straight,Ped'N: Near Side Vehicle Hit From Right,Pedestrian,0,0,1,0,1,1,0,0,0,0,1,0
276788,Minor injury,2014,8,Rear-end,Multi-Vehicle,153.008836,-27.470157,Coronation Dr,,Milton,Mount Coot-tha,No Roadway Feature,No traffic control,60 km/h,Sealed - Dry,Daylight,Straight,Veh'S Same Direction: Rear End,Rear-end,0,0,0,1,1,5,0,0,0,0,0,0
276789,Medical treatment,2014,16,Overturned,Single Vehicle,153.051713,-27.288435,Holmes St,,Brighton,Sandgate,No Roadway Feature,No traffic control,0 - 50 km/h,Sealed - Dry,Daylight,Straight,Off Path-Straight:Out Of Control On Cway,Out of control on straight,0,0,1,0,1,1,0,0,0,0,0,0
276793,Medical treatment,2014,16,Rear-end,Multi-Vehicle,153.026003,-27.365178,Robinson Rd W,,Aspley,Aspley,No Roadway Feature,No traffic control,0 - 50 km/h,Sealed - Dry,Darkness - Lighted,Straight,Veh'S Same Direction: Rear End,Rear-end,0,0,1,0,1,2,0,0,0,0,0,0
276794,Minor injury,2014,10,Sideswipe,Multi-Vehicle,153.031274,-27.396963,Gympie Arterial Rd,,Kedron,Nudgee,No Roadway Feature,No traffic control,60 km/h,Sealed - Dry,Daylight,Straight,Veh'S Same Direction: Lane Change Right,Lane changes,0,0,0,1,1,1,0,0,1,0,0,0
276825,Medical treatment,2014,13,Angle,Multi-Vehicle,153.0143169,-27.45871689,Kelvin Grove Rd,,Kelvin Grove,Mount Coot-tha,Intersection - T-Junction,Operating traffic lights,60 km/h,Sealed - Dry,Daylight,Straight,Veh'S Adjacent Approach: Thru-Right,Intersection from adjacent approaches,0,0,3,1,4,2,0,0,0,0,0,0
276826,Hospitalisation,2014,19,Rear-end,Multi-Vehicle,153.035658,-27.457825,Ann St,Warner St,Fortitude Valley,Brisbane Central,Intersection - T-Junction,Operating traffic lights,60 km/h,Sealed - Dry,Darkness - Lighted,Straight,Veh'S Same Direction: Rear End,Rear-end,0,1,0,0,1,3,0,0,0,0,0,0
276828,Hospitalisation,2014,7,Hit pedestrian,Hit pedestrian,152.989872,-27.485223,Sherwood Rd,,Toowong,Mount Coot-tha,No Roadway Feature,No traffic control,60 km/h,Sealed - Dry,Daylight,Straight,Ped'N: Hit Walking With Traffic,Pedestrian,0,1,0,0,1,2,0,0,0,1,0,0
276831,Medical treatment,2014,16,Angle,Multi-Vehicle,153.008457,-27.33268313,Gympie Rd,,Bald Hills,Aspley,No Roadway Feature,Operating traffic lights,60 km/h,Sealed - Dry,Daylight,Straight,Veh'S Opposite Approach: Thru-Right,Opposing vehicles turning,0,0,3,0,3,2,0,0,0,0,0,0
276832,Minor injury,2014,17,Angle,Multi-Vehicle,153.032264,-27.408345,Gympie Arterial Rd,Somerset Rd,Kedron,Stafford,Intersection - T-Junction,Give way sign,60 km/h,Sealed - Dry,Daylight,Curved - view open,Veh'S Same Direction: Left Turn S/Swipe,Parallel lanes turning,0,0,0,1,1,1,0,0,0,1,0,0
276843,Hospitalisation,2014,7,Angle,Multi-Vehicle,153.022123,-27.440976,Noble St,,Windsor,Brisbane Central,No Roadway Feature,No traffic control,0 - 50 km/h,Sealed - Wet,Daylight,Straight,Veh'S Manoeuvring: Entering From Footway,Vehicle leaving driveway,0,1,0,0,1,1,0,0,0,1,0,0
276844,Hospitalisation,2014,5,Rear-end,Multi-Vehicle,153.0925,-27.358992,Gateway Arterial Rd,,Nudgee Beach,Nudgee,No Roadway Feature,No traffic control,100 - 110 km/h,Sealed - Wet,Daylight,Straight,Veh'S Same Direction: Rear End,Rear-end,0,1,0,0,1,2,0,0,0,0,0,0
276845,Medical treatment,2014,9,Sideswipe,Multi-Vehicle,152.943505,-27.427414,Settlement Rd,,Keperra,Ferny Grove,No Roadway Feature,No traffic control,60 km/h,Sealed - Wet,Daylight,Curved - view open,Veh'S Opposite Approach: Head On,Head-on,0,0,1,0,1,1,0,1,0,0,0,0
276877,Medical treatment,2014,7,Angle,Multi-Vehicle,152.9541575,-27.50873013,Bredden St,,Chapel Hill,Moggill,Intersection - T-Junction,Give way sign,0 - 50 km/h,Sealed - Dry,Daylight,Curved - view open,Veh'S Adjacent Approach: Thru-Right,Intersection from adjacent approaches,0,0,1,0,1,1,0,0,0,1,0,0
276881,Medical treatment,2014,13,Hit pedestrian,Hit pedestrian,153.058637,-27.331647,Sandgate Sub-Arterial Rd,Smith St,Deagon,Sandgate,Intersection - T-Junction,Give way sign,60 km/h,Sealed - Dry,Daylight,Straight,Ped'N: Near Side Vehicle Hit From Right,Pedestrian,0,0,1,0,1,0,0,1,0,0,1,0
276883,Medical treatment,2014,18,Head-on,Multi-Vehicle,153.016844,-27.410428,East - West Arterial Rd,Webster Rd,Stafford,Stafford,Intersection - Cross,Operating traffic lights,60 km/h,Sealed - Wet,Dawn/Dusk,Straight,Veh'S Opposite Approach: Head On,Head-on,0,0,1,0,1,2,0,0,0,0,0,0
276887,Medical treatment,2014,21,Rear-end,Multi-Vehicle,153.016895,-27.34671,Bangalore St,Beams Rd,Carseldine,Aspley,Intersection - T-Junction,No traffic control,60 km/h,Sealed - Wet,Darkness - Lighted,Straight,Veh'S Same Direction: Right Rear,Rear-end,0,0,1,0,1,2,0,0,0,0,0,0
276888,Hospitalisation,2014,16,Angle,Multi-Vehicle,153.024139,-27.392489,Rode Rd,,Chermside,Stafford,Intersection - T-Junction,Give way sign,60 km/h,Sealed - Wet,Daylight,Curved - view open,Veh'S Opposite Approach: Thru-Right,Opposing vehicles turning,0,2,0,0,2,3,0,0,1,0,0,0
276917,Hospitalisation,2014,19,Rear-end,Multi-Vehicle,152.9892749,-27.44567755,Western Arterial Rd,,Ashgrove,Ashgrove,No Roadway Feature,No traffic control,60 km/h,Sealed - Dry,Darkness - Lighted,Straight,Veh'S Same Direction: Rear End,Rear-end,0,1,0,0,1,2,0,0,0,0,0,0
276918,Hospitalisation,2014,15,Angle,Multi-Vehicle,153.025019,-27.464836,Upper Edward St,Wickham Tce,Spring Hill,Brisbane Central,Intersection - Cross,Operating traffic lights,0 - 50 km/h,Sealed - Dry,Daylight,Curved - view open,Veh'S Opposite Approach: Thru-Right,Opposing vehicles turning,0,1,0,0,1,2,0,0,0,0,0,0
276919,Medical treatment,2014,15,Rear-end,Multi-Vehicle,153.031902,-27.458326,Gipps St,,Fortitude Valley,Brisbane Central,No Roadway Feature,No traffic control,60 km/h,Sealed - Dry,Daylight,Curved - view open,Veh'S Same Direction: Rear End,Rear-end,0,0,1,0,1,2,0,0,0,0,0,0
276923,Hospitalisation,2014,22,Angle,Multi-Vehicle,153.0353959,-27.37419889,Ellison Rd,Murphy Rd,Geebung,Nudgee,Intersection - Roundabout,Give way sign,60 km/h,Sealed - Dry,Darkness - Lighted,Straight,Veh'S Adjacent Approach: Thru-Thru,Intersection from adjacent approaches,0,1,0,0,1,1,0,0,0,0,0,1
276931,Medical treatment,2014,14,Rear-end,Multi-Vehicle,153.096248,-27.37592,Gateway Arterial Rd,,Nudgee,Nudgee,No Roadway Feature,No traffic control,80 - 90 km/h,Sealed - Dry,Daylight,Curved - view open,Veh'S Same Direction: Rear End,Rear-end,0,0,1,0,1,2,0,0,0,0,0,0
276950,Medical treatment,2014,10,Rear-end,Multi-Vehicle,153.004358,-27.452561,Enoggera Tce,Musgrave Rd,Red Hill,Mount Coot-tha,Intersection - Cross,Operating traffic lights,60 km/h,Sealed - Dry,Daylight,Curved - view open,Veh'S Same Direction: Left Rear,Rear-end,0,0,1,0,1,2,0,0,0,0,0,0
276952,Hospitalisation,2014,8,Angle,Multi-Vehicle,152.973933,-27.504218,Riverview Tce,,Indooroopilly,Indooroopilly,Intersection - T-Junction,No traffic control,0 - 50 km/h,Sealed - Dry,Daylight,Straight,Veh'S Opposite Approach: Thru-Right,Opposing vehicles turning,0,1,0,0,1,1,0,0,0,1,0,0
276953,Medical treatment,2014,22,Angle,Multi-Vehicle,153.013348,-27.317928,Gympie Arterial Rd,Strathpine Sub-Arterial Rd,Bald Hills,Aspley,Intersection - Interchange,Operating traffic lights,60 km/h,Sealed - Dry,Darkness - Lighted,Straight,Veh'S Adjacent Approach: Right-Thru,Intersection from adjacent approaches,0,0,1,0,1,2,0,0,0,0,0,0
276987,Hospitalisation,2014,13,Angle,Multi-Vehicle,153.041659,-27.341091,Handford Rd,Roghan Rd,Taigum,Sandgate,Intersection - T-Junction,No traffic control,60 km/h,Sealed - Dry,Daylight,Straight,Veh'S Adjacant Approach: Thru-Left,Intersection from adjacent approaches,0,1,0,0,1,2,0,0,0,0,0,0
277009,Medical treatment,2014,8,Rear-end,Multi-Vehicle,153.02453,-27.474857,Pacific Hwy,South East Arterial Rd,Brisbane City,Brisbane Central,Intersection - Interchange,No traffic control,70 km/h,Unsealed - Dry,Daylight,Straight,Veh'S Same Direction: Rear End,Rear-end,0,0,5,0,5,3,0,0,0,0,0,0
277010,Medical treatment,2014,9,Rear-end,Multi-Vehicle,153.035742,-27.461222,Bradfield Hwy,Martin St,Fortitude Valley,Brisbane Central,Intersection - Interchange,No traffic control,0 - 50 km/h,Sealed - Dry,Daylight,Curved - view open,Veh'S Same Direction: Left Rear,Rear-end,0,0,1,0,1,2,0,0,0,0,0,0
277011,Hospitalisation,2014,14,Hit object,Single Vehicle,153.00587,-27.493923,Sir Fred Schonell Dr,,St Lucia,Indooroopilly,No Roadway Feature,No traffic control,60 km/h,Sealed - Dry,Daylight,Curved - view open,Off Path-Curve: Off Cway Lt Bend Hit Obj,Off carriageway on curve hit object,0,1,0,0,1,1,0,0,0,0,0,0
277012,Hospitalisation,2014,19,Hit pedestrian,Hit pedestrian,152.886839,-27.562266,Moggill Sub-Arterial Rd,,Bellbowrie,Moggill,No Roadway Feature,No traffic control,60 km/h,Sealed - Dry,Darkness - Lighted,Straight,Ped'N: Near Side Vehicle Hit From Right,Pedestrian,0,1,0,0,1,1,0,0,0,0,1,0
277013,Medical treatment,2014,7,Rear-end,Multi-Vehicle,153.0076869,-27.31711016,Strathpine Sub-Arterial Rd,,Bald Hills,Aspley,No Roadway Feature,Operating traffic lights,70 km/h,Sealed - Dry,Daylight,Straight,Veh'S Same Direction: Rear End,Rear-end,0,0,1,0,1,1,0,1,0,0,0,0