Crash_Ref_Number,Severity,Year,Hour,Crash_Nature,Crash_Type,Longitude,Latitude,Street,Street_Intersecting,Suburb,Loc_State_Electorate,Crash_Roadway_Feature,Crash_Traffic_Control,Crash_Speed_Limit,Crash_Road_Surface_Condition,Crash_Lighting_Condition,Crash_Road_Horiz_Align,Crash_DCA_Description,Crash_DCA_Group_Description,Count_Casualty_Fatality,Count_Casualty_Hospitalised,Count_Casualty_MedicallyTreated,Count_Casualty_MinorInjury,Count_Casualty_Total,Count_Unit_Car,Count_Unit_Motorcycle_Moped,Count_Unit_Truck,Count_Unit_Bus,Count_Unit_Bicycle,Count_Unit_Pedestrian,Count_Unit_Other
277021,Hospitalisation,2014,16,Rear-end,Multi-Vehicle,153.048139,-27.400942,Shaw Rd,,Wavell Heights,Clayfield,No Roadway Feature,No traffic control,60 km/h,Sealed - Dry,Daylight,Straight,Veh'S Same Direction: Rear End,Rear-end,0,1,0,0,1,1,1,0,0,0,0,0
277022,Hospitalisation,2014,14,Angle,Multi-Vehicle,153.1242,-27.416953,Lomandra Dr,Main Myrtletown Rd,Pinkenba,Clayfield,Intersection - T-Junction,No traffic control,80 - 90 km/h,Sealed - Dry,Daylight,Straight,Veh'S Opposite Approach: Thru-Right,Opposing vehicles turning,0,1,0,0,1,1,1,0,0,0,0,0
277046,Medical treatment,2014,8,Fall from vehicle,Single Vehicle,152.996795,-27.496711,Carmody Rd,,St Lucia,Indooroopilly,No Roadway Feature,No traffic control,0 - 50 km/h,Sealed - Wet,Daylight,Straight,Off Path-Straight:Out Of Control On Cway,Out of control on straight,0,0,1,0,1,0,1,0,0,0,0,0
277047,Hospitalisation,2014,14,Hit pedestrian,Hit pedestrian,152.992325,-27.486002,High St,Sherwood Rd,Toowong,Mount Coot-tha,Intersection - T-Junction,No traffic control,60 km/h,Sealed - Dry,Daylight,Curved - view open,Ped'N: Play; Work; Stand; Lie On C'Way,Pedestrian,0,1,0,0,1,1,0,0,0,0,1,0
277051,Medical treatment,2014,16,Rear-end,Multi-Vehicle,153.015304,-27.369655,Maundrell Tce,,Aspley,Aspley,No Roadway Feature,No traffic control,60 km/h,Sealed - Dry,Daylight,Straight,Veh'S Same Direction: Rear End,Rear-end,0,0,1,0,1,2,0,0,0,0,0,0
277096,Medical treatment,2014,17,Angle,Multi-Vehicle,153.070722,-27.390646,Toombul Rd,,Northgate,Nudgee,Intersection - Cross,Operating traffic lights,60 km/h,Sealed - Dry,Dawn/Dusk,Straight,Veh'S Opposite Approach: Thru-Right,Opposing vehicles turning,0,0,1,1,2,2,0,0,0,0,0,0
277097,Hospitalisation,2014,11,Rear-end,Multi-Vehicle,153.061738,-27.384526,Sandgate Sub-Arterial Rd,,Virginia,Nudgee,No Roadway Feature,No traffic control,60 km/h,Sealed - Dry,Daylight,Straight,Veh'S Same Direction: Rear End,Rear-end,0,1,1,0,2,3,0,0,0,0,0,0
277098,Hospitalisation,2014,16,Hit object,Single Vehicle,153.002845,-27.427964,Enoggera Rd,,Alderley,Stafford,No Roadway Feature,No traffic control,60 km/h,Sealed - Dry,Daylight,Straight,Off Path-Straight: Left Off Cway Hit Obj,Off carriageway on straight hit object,0,1,0,0,1,1,0,0,0,0,0,0
277118,Medical treatment,2014,19,Hit object,Single Vehicle,153.068122,-27.311743,Flinders Pde,,Sandgate,Sandgate,No Roadway Feature,No traffic control,0 - 50 km/h,Sealed - Dry,Darkness - Lighted,Straight,Veh'S Manoeuvring: Other,Other,0,0,1,0,1,1,0,0,0,1,0,0
277119,Medical treatment,2014,15,Angle,Multi-Vehicle,153.0478845,-27.31153535,Bracken Ridge Rd,Gateway Arterial Rd,Sandgate,Sandgate,Intersection - T-Junction,Give way sign,60 km/h,Sealed - Dry,Daylight,Straight,Veh'S Adjacent Approach: Thru-Right,Intersection from adjacent approaches,0,0,1,0,1,1,0,0,0,1,0,0
277120,Hospitalisation,2014,12,Rear-end,Multi-Vehicle,153.0092491,-27.33114992,Linkfield Connection Rd,,Bald Hills,Aspley,No Roadway Feature,No traffic control,60 km/h,Sealed - Dry,Daylight,Straight,Veh'S Same Direction: Rear End,Rear-end,0,1,0,0,1,0,0,2,0,0,0,0
277121,Hospitalisation,2014,19,Fall from vehicle,Single Vehicle,153.011205,-27.391833,Appleby Rd,,Stafford Heights,Stafford,No Roadway Feature,No traffic control,60 km/h,Sealed - Dry,Darkness - Lighted,Straight,Pass & Misc: Other,Other,0,1,0,0,1,1,0,0,0,1,0,0
277148,Medical treatment,2014,8,Sideswipe,Multi-Vehicle,153.033692,-27.457431,Brunswick St,Wickham St,Fortitude Valley,Brisbane Central,Intersection - T-Junction,Operating traffic lights,0 - 50 km/h,Sealed - Dry,Daylight,Straight,Veh'S Same Direction: Left Turn S/Swipe,Parallel lanes turning,0,0,1,0,1,2,0,0,0,0,0,0
277152,Minor injury,2014,11,Angle,Multi-Vehicle,153.032186,-27.366124,Lerida St,Robinson Rd W,Aspley,Nudgee,Intersection - T-Junction,Give way sign,60 km/h,Sealed - Dry,Daylight,Straight,Veh'S Adjacent Approach: Thru-Right,Intersection from adjacent approaches,0,0,0,1,1,2,0,0,0,0,0,0
277153,Minor injury,2014,14,Rear-end,Multi-Vehicle,153.011993,-27.387351,Maundrell Tce,Shelgate St,Chermside West,Stafford,Intersection - T-Junction,No traffic control,60 km/h,Sealed - Dry,Daylight,Straight,Veh'S Same Direction: Right Rear,Rear-end,0,0,0,1,1,2,0,0,0,0,0,0
277156,Medical treatment,2014,18,Hit object,Single Vehicle,152.818,-27.526455,Banksia Dr,,Mount Crosby,Moggill,No Roadway Feature,No traffic control,60 km/h,Sealed - Wet,Darkness - Not lighted,Curved - view open,Off Path-Curve: Off Cway Lt Bend Hit Obj,Off carriageway on curve hit object,0,0,1,0,1,1,0,0,0,0,0,0
277189,Hospitalisation,2014,16,Fall from vehicle,Single Vehicle,153.010092,-27.448807,Eureka St,,Kelvin Grove,Mount Coot-tha,No Roadway Feature,No traffic control,60 km/h,Sealed - Wet,Daylight,Straight,Off Path-Straight: Left Turn,Off carriageway on straight,0,1,0,0,1,0,1,0,0,0,0,0
277190,Medical treatment,2014,2,Hit object,Single Vehicle,152.956748,-27.463826,Sir Samuel Griffith Dr,,Mount Coot-tha,Mount Coot-tha,No Roadway Feature,No traffic control,0 - 50 km/h,Sealed - Dry,Darkness - Not lighted,Curved - view obscured,Off Path-Curve: Off Cway Lt Bend Hit Obj,Off carriageway on curve hit object,0,0,2,0,2,1,0,0,0,0,0,0
277191,Medical treatment,2014,9,Rear-end,Multi-Vehicle,152.954074,-27.508421,Moggill Sub-Arterial Rd,,Chapel Hill,Moggill,No Roadway Feature,No traffic control,60 km/h,Sealed - Wet,Daylight,Curved - view open,Veh'S Same Direction: Right Rear,Rear-end,0,0,2,0,2,2,0,0,0,0,0,0
277192,Minor injury,2014,9,Rear-end,Multi-Vehicle,153.031509,-27.39999,Gympie Arterial Rd,Kitchener Rd,Kedron,Stafford,Intersection - Cross,Operating traffic lights,60 km/h,Sealed - Dry,Daylight,Straight,Veh'S Same Direction: Rear End,Rear-end,0,0,0,1,1,2,0,0,0,0,0,0
277194,Hospitalisation,2014,13,Angle,Multi-Vehicle,153.023221,-27.373426,Gympie Arterial Rd,Webster Rd,Aspley,Aspley,Intersection - Cross,Operating traffic lights,60 km/h,Sealed - Dry,Daylight,Straight,Veh'S Adjacent Approach: Thru-Thru,Intersection from adjacent approaches,0,1,0,0,1,2,0,0,0,0,0,0
277232,Hospitalisation,2014,1,Hit parked vehicle,Single Vehicle,153.030579,-27.46541331,Queen St,,Brisbane City,Brisbane Central,No Roadway Feature,No traffic control,0 - 50 km/h,Sealed - Wet,Darkness - Lighted,Straight,Veh'S On Path: Parked,Hit parked vehicle,0,1,0,1,2,2,0,0,0,0,1,0
277233,Hospitalisation,2014,6,Hit object,Single Vehicle,152.8679164,-27.54443459,Mount Crosby Rd,,Anstead,Moggill,No Roadway Feature,No traffic control,70 km/h,Sealed - Wet,Dawn/Dusk,Straight,Off Path-Straight:Right Off Cway Hit Obj,Off carriageway on straight hit object,0,1,0,0,1,1,0,0,0,0,0,0
277235,Medical treatment,2014,19,Hit object,Single Vehicle,153.04945,-27.294126,Redcliffe Sub-Arterial Rd,,Brighton,Sandgate,No Roadway Feature,No traffic control,80 - 90 km/h,Sealed - Dry,Darkness - Not lighted,Curved - view open,Off Path-Straight:Right Off Cway Hit Obj,Off carriageway on straight hit object,0,0,1,0,1,1,0,0,0,0,0,0
277244,Hospitalisation,2014,14,Hit parked vehicle,Single Vehicle,153.0627432,-27.42687896,Kitchener Rd,,Ascot,Clayfield,No Roadway Feature,No traffic control,60 km/h,Sealed - Dry,Daylight,Straight,Off Path-Straight:Out Of Control On Cway,Out of control on straight,0,1,0,0,1,2,0,0,0,0,0,0
277245,Hospitalisation,2014,17,Rear-end,Multi-Vehicle,153.075476,-27.407699,Gateway Arterial Rd,Southern Cross Wy,Nundah,Clayfield,Intersection - Interchange,No traffic control,80 - 90 km/h,Sealed - Dry,Daylight,Curved - view open,Veh'S Same Direction: Rear End,Rear-end,0,1,0,0,1,2,0,0,0,0,0,0
277258,Medical treatment,2014,16,Angle,Multi-Vehicle,153.018127,-27.46092,College Rd,Parkland Blvd,Brisbane City,Brisbane Central,Intersection - T-Junction,Give way sign,0 - 50 km/h,Sealed - Wet,Dawn/Dusk,Straight,Veh'S Manoeuvring: Entering From Footway,Vehicle leaving driveway,0,0,1,0,1,1,0,0,0,1,0,0
277259,Medical treatment,2014,14,Rear-end,Multi-Vehicle,153.008125,-27.470721,Coronation Dr,,Milton,Mount Coot-tha,No Roadway Feature,No traffic control,60 km/h,Sealed - Dry,Daylight,Straight,Veh'S Same Direction: Rear End,Rear-end,0,0,1,0,1,2,0,0,0,0,0,1
277261,Minor injury,2014,10,Rear-end,Multi-Vehicle,153.0158556,-27.36486944,Albany Creek Rd,Albany Creek Sub-Arterial Rd,Aspley,Aspley,Intersection - T-Junction,No traffic control,60 km/h,Sealed - Dry,Daylight,Straight,Veh'S Same Direction: Left Rear,Rear-end,0,0,0,1,1,1,0,1,0,0,0,0
277267,Minor injury,2014,10,Rear-end,Multi-Vehicle,153.093383,-27.38592,Buchanan Rd,,Banyo,Nudgee,No Roadway Feature,No traffic control,0 - 50 km/h,Sealed - Dry,Daylight,Straight,Veh'S On Path: Parked,Hit parked vehicle,0,0,0,1,1,0,0,1,0,0,0,1
277268,Hospitalisation,2014,13,Hit object,Single Vehicle,153.087827,-27.419091,Gateway Arterial Rd,,Eagle Farm,Clayfield,No Roadway Feature,No traffic control,100 - 110 km/h,Sealed - Dry,Daylight,Straight,Off Path-Straight: Left Off Cway Hit Obj,Off carriageway on straight hit object,0,1,0,0,1,1,0,0,0,0,0,0
277269,Hospitalisation,2014,16,Hit object,Single Vehicle,152.999813,-27.41837201,Shand St,Sicklefield Rd,Enoggera,Ashgrove,Intersection - T-Junction,Operating traffic lights,60 km/h,Sealed - Dry,Daylight,Straight,Off Path-Straight: Mounts Traffic Island,Off carriageway on straight hit object,0,1,0,0,1,1,0,0,0,0,0,0
277296,Medical treatment,2014,8,Hit object,Single Vehicle,152.999117,-27.447155,Waterworks Rd,,Ashgrove,Ashgrove,No Roadway Feature,No traffic control,0 - 50 km/h,Sealed - Dry,Daylight,Curved - view open,Off Path-Curve: Off Cway Rt Bend Hit Obj,Off carriageway on curve hit object,0,0,1,0,1,1,0,0,0,0,0,0
277297,Minor injury,2014,21,Hit pedestrian,Hit pedestrian,153.049198,-27.464035,Lamington St,Merthyr Rd,New Farm,Brisbane Central,Intersection - Cross,Operating traffic lights,60 km/h,Sealed - Dry,Darkness - Lighted,Straight,Ped'N: Far Side Vehicle Hit From Left,Pedestrian,0,0,0,1,1,1,0,0,0,0,1,0
277298,Medical treatment,2014,9,Angle,Multi-Vehicle,153.065098,-27.314325,Brighton Rd,Brighton Tce,Sandgate,Sandgate,Intersection - T-Junction,No traffic control,60 km/h,Sealed - Dry,Daylight,Curved - view open,Veh'S Opposite Approach: Thru-Right,Opposing vehicles turning,0,0,2,0,2,2,0,0,0,0,0,0
277303,Hospitalisation,2014,15,Hit object,Single Vehicle,152.756116,-27.53172,Kholo Rd,,Kholo,Moggill,No Roadway Feature,No traffic control,80 - 90 km/h,Sealed - Dry,Daylight,Curved - view obscured,Off Path-Curve: Off Cway Rt Bend Hit Obj,Off carriageway on curve hit object,0,1,0,0,1,1,0,0,0,0,0,0
277312,Hospitalisation,2014,17,Hit parked vehicle,Single Vehicle,153.051202,-27.41206,Park Ave,,Clayfield,Clayfield,No Roadway Feature,No traffic control,0 - 50 km/h,Sealed - Dry,Daylight,Straight,Off Path-Straight: Left Off Cway Hit Obj,Off carriageway on straight hit object,0,1,0,0,1,2,0,0,0,0,0,0
277313,Medical treatment,2014,8,Rear-end,Multi-Vehicle,153.00743,-27.438412,Edmondstone St,Enoggera Rd,Newmarket,Brisbane Central,Intersection - T-Junction,Give way sign,60 km/h,Sealed - Dry,Daylight,Curved - view open,Veh'S Same Direction: Left Rear,Rear-end,0,0,1,0,1,2,0,0,0,0,0,0
277334,Medical treatment,2014,15,Rear-end,Multi-Vehicle,152.98895,-27.45095538,Western Arterial Rd,,Bardon,Mount Coot-tha,No Roadway Feature,No traffic control,60 km/h,Sealed - Dry,Daylight,Straight,Veh'S Same Direction: Rear End,Rear-end,0,0,1,0,1,2,0,0,0,0,0,0
277338,Hospitalisation,2014,9,Rear-end,Multi-Vehicle,152.962155,-27.50342,Moggill Sub-Arterial Rd,Western Arterial Rd,Indooroopilly,Moggill,Intersection - Interchange,Give way sign,0 - 50 km/h,Sealed - Dry,Daylight,Straight,Veh'S Same Direction: Rear End,Rear-end,0,1,1,0,2,2,0,0,0,0,0,0
277340,Medical treatment,2014,10,Rear-end,Multi-Vehicle,153.062146,-27.292927,Beaconsfield Tce,,Brighton,Sandgate,No Roadway Feature,No traffic control,0 - 50 km/h,Sealed - Dry,Daylight,Straight,Veh'S Same Direction: Rear End,Rear-end,0,0,1,0,1,2,0,0,0,0,0,0
277343,Hospitalisation,2014,15,Hit object,Single Vehicle,153.036903,-27.355159,Kolberg St,Spano St,Zillmere,Nudgee,No Roadway Feature,No traffic control,0 - 50 km/h,Sealed - Dry,Daylight,Straight,Off Path-Straight: Other,Other,0,1,0,0,1,3,1,0,0,0,0,0
277344,Hospitalisation,2014,6,Hit object,Single Vehicle,153.017076,-27.365203,Albany Creek Sub-Arterial Rd,Gympie Arterial Rd,Aspley,Aspley,Intersection - T-Junction,Operating traffic lights,60 km/h,Sealed - Dry,Daylight,Straight,Pass & Misc: Other,Other,0,1,0,0,1,3,0,0,0,0,0,0
277345,Medical treatment,2014,16,Sideswipe,Multi-Vehicle,152.994121,-27.35522,Albany Creek Sub-Arterial Rd,Beckett Rd,Bridgeman Downs,Aspley,Intersection - T-Junction,Give way sign,60 km/h,Sealed - Dry,Daylight,Straight,Veh'S Same Direction: Lane Side Swipe,Lane changes,0,0,1,0,1,1,1,0,0,0,0,0
277349,Hospitalisation,2014,9,Angle,Multi-Vehicle,152.9910438,-27.40008432,Felstead St,Stellmach St,Everton Park,Everton,Intersection - Cross,Stop sign,0 - 50 km/h,Sealed - Dry,Daylight,Straight,Veh'S Adjacent Approach: Thru-Thru,Intersection from adjacent approaches,0,2,0,0,2,2,0,0,0,0,0,0
277350,Hospitalisation,2014,14,Angle,Multi-Vehicle,152.9667163,-27.40998289,Crestway St,Samford Sub-Arterial Rd,Mitchelton,Ashgrove,Intersection - T-Junction,Stop sign,60 km/h,Sealed - Dry,Daylight,Curved - view open,Veh'S Adjacent Approach: Thru-Right,Intersection from adjacent approaches,0,2,1,0,3,2,0,0,0,0,0,0
277371,Medical treatment,2014,19,Angle,Multi-Vehicle,153.008916,-27.46737,Castlemaine St,Milton Rd,Milton,Mount Coot-tha,Intersection - T-Junction,Operating traffic lights,60 km/h,Sealed - Wet,Darkness - Lighted,Straight,Veh'S Opposite Approach: Thru-Right,Opposing vehicles turning,0,0,3,0,3,2,0,0,0,0,0,0
277375,Medical treatment,2014,14,Rear-end,Multi-Vehicle,152.996511,-27.482629,Coronation Dr,,Toowong,Mount Coot-tha,No Roadway Feature,No traffic control,60 km/h,Sealed - Wet,Dawn/Dusk,Straight,Veh'S Same Direction: Rear End,Rear-end,0,0,1,0,1,2,0,0,0,0,0,0
277376,Medical treatment,2014,8,Sideswipe,Multi-Vehicle,153.002195,-27.474628,Dunmore Tce,Lang Pde,Auchenflower,Mount Coot-tha,Intersection - T-Junction,No traffic control,60 km/h,Sealed - Wet,Daylight,Curved - view open,Veh'S Same Direction: Left Turn S/Swipe,Parallel lanes turning,0,0,1,0,1,1,0,0,0,1,0,0
277380,Hospitalisation,2014,21,Rear-end,Multi-Vehicle,153.037653,-27.362036,Murphy Rd,,Zillmere,Nudgee,No Roadway Feature,No traffic control,60 km/h,Sealed - Wet,Darkness - Lighted,Straight,Veh'S Same Direction: Rear End,Rear-end,0,1,0,0,1,2,0,0,0,0,0,0
277387,Hospitalisation,2014,20,Hit parked vehicle,Single Vehicle,153.066626,-27.436297,Kent St,,Hamilton,Clayfield,No Roadway Feature,No traffic control,0 - 50 km/h,Sealed - Wet,Darkness - Lighted,Straight,Veh'S On Path: Parked,Hit parked vehicle,0,1,0,0,1,3,0,0,0,0,0,0
277412,Minor injury,2014,11,Hit pedestrian,Hit pedestrian,153.038283,-27.447811,Cintra Rd,Montpelier Rd,Bowen Hills,Brisbane Central,Intersection - T-Junction,No traffic control,60 km/h,Sealed - Dry,Daylight,Curved - view open,Ped'N: Hit Emerging Behind Vehicle,Pedestrian,0,0,0,1,1,1,0,0,0,0,1,0
277414,Medical treatment,2014,18,Angle,Multi-Vehicle,153.047861,-27.311533,Bracken Ridge Rd,Gateway Arterial Rd,Sandgate,Sandgate,Intersection - Interchange,Give way sign,60 km/h,Sealed - Dry,Dawn/Dusk,Curved - view open,Veh'S Adjacent Approach: Thru-Right,Intersection from adjacent approaches,0,0,2,0,2,2,0,0,0,0,0,0
277415,Medical treatment,2014,15,Sideswipe,Multi-Vehicle,153.0506903,-27.32230187,Gateway Arterial Rd,,Deagon,Sandgate,No Roadway Feature,No traffic control,100 - 110 km/h,Sealed - Dry,Daylight,Straight,Veh'S Same Direction: Lane Change Right,Lane changes,0,0,1,0,1,2,0,0,0,0,0,0
277423,Hospitalisation,2014,11,Hit pedestrian,Hit pedestrian,152.977291,-27.4117423,Mcconaghy St,Osborne Rd,Mitchelton,Everton,No Roadway Feature,No traffic control,0 - 50 km/h,Sealed - Wet,Daylight,Straight,Ped'N: Hit Other,Other,0,1,0,0,1,1,0,0,0,0,1,0
277450,Hospitalisation,2014,15,Hit pedestrian,Hit pedestrian,153.026863,-27.471329,Albert St,,Brisbane City,Brisbane Central,No Roadway Feature,No traffic control,0 - 50 km/h,Sealed - Dry,Daylight,Straight,Ped'N: Near Side Vehicle Hit From Right,Pedestrian,0,1,0,0,1,1,0,0,0,0,1,0
277478,Hospitalisation,2014,1,Hit pedestrian,Hit pedestrian,153.033907,-27.459576,Bradfield Hwy,Gipps St,Fortitude Valley,Brisbane Central,Intersection - Cross,Operating traffic lights,60 km/h,Sealed - Dry,Darkness - Lighted,Straight,Ped'N: Near Side Vehicle Hit From Right,Pedestrian,0,1,0,0,1,1,0,0,0,0,1,0
277479,Medical treatment,2014,21,Hit object,Single Vehicle,153.080721,-27.323102,Signal Row,Yundah St,Shorncliffe,Sandgate,Intersection - Cross,Give way sign,0 - 50 km/h,Sealed - Dry,Darkness - Lighted,Straight,Off Path-Straight: Left Off Cway Hit Obj,Off carriageway on straight hit object,0,0,1,0,1,1,0,0,0,0,0,0
277484,Hospitalisation,2014,4,Hit object,Single Vehicle,153.110317,-27.3994023,Invalid Street From Police,,Brisbane Airport,Clayfield,No Roadway Feature,No traffic control,0 - 50 km/h,Sealed - Dry,Daylight,Curved - view open,Off Path-Curve: Off Cway Rt Bend Hit Obj,Off carriageway on curve hit object,0,1,0,0,1,1,0,0,0,0,0,0
277506,Medical treatment,2014,8,Rear-end,Multi-Vehicle,152.995619,-27.48144069,Land St,,Toowong,Mount Coot-tha,No Roadway Feature,No traffic control,60 km/h,Sealed - Dry,Daylight,Straight,Veh'S Same Direction: U-Turn,U-turn,0,0,1,0,1,2,0,0,0,0,0,0
277515,Minor injury,2014,12,Angle,Multi-Vehicle,153.056171,-27.389124,Beeby St,Pedley St,Wavell Heights,Nudgee,Intersection - T-Junction,No traffic control,0 - 50 km/h,Sealed - Dry,Daylight,Straight,Veh'S Adjacent Approach: Thru-Right,Intersection from adjacent approaches,0,0,0,1,1,2,0,0,0,0,0,0
277532,Medical treatment,2014,17,Rear-end,Multi-Vehicle,152.95776,-27.512421,Western Arterial Rd,,Indooroopilly,Indooroopilly,No Roadway Feature,No traffic control,80 - 90 km/h,Sealed - Dry,Daylight,Straight,Veh'S Same Direction: Rear End,Rear-end,0,0,2,0,2,3,0,0,0,0,0,0
277542,Medical treatment,2014,17,Rear-end,Multi-Vehicle,153.051787,-27.421924,Sandgate Rd,,Clayfield,Clayfield,No Roadway Feature,No traffic control,60 km/h,Sealed - Dry,Daylight,Straight,Veh'S Same Direction: Rear End,Rear-end,0,0,1,0,1,2,0,0,0,0,0,0
277543,Medical treatment,2014,7,Sideswipe,Multi-Vehicle,153.006995,-27.442503,Enoggera Rd,,Newmarket,Brisbane Central,No Roadway Feature,No traffic control,60 km/h,Sealed - Dry,Daylight,Straight,Veh'S Same Direction: Lane Side Swipe,Lane changes,0,0,1,0,1,0,0,0,0,1,0,1
277568,Medical treatment,2014,15,Angle,Multi-Vehicle,153.058202,-27.373934,Pritchard Rd,Yarraman Pl,Virginia,Nudgee,Intersection - T-Junction,Give way sign,60 km/h,Sealed - Dry,Daylight,Straight,Veh'S Adjacent Approach: Thru-Right,Intersection from adjacent approaches,0,0,1,0,1,1,1,0,0,0,0,0
277572,Medical treatment,2014,11,Hit pedestrian,Hit pedestrian,153.021822,-27.4306,Angliss St,,Wilston,Stafford,No Roadway Feature,No traffic control,0 - 50 km/h,Sealed - Dry,Daylight,Straight,Pass & Misc: Parked Car Ran Away,Other,0,0,1,0,1,0,0,0,0,0,1,1
277573,Hospitalisation,2014,12,Rear-end,Multi-Vehicle,152.9820284,-27.41737315,Samford Sub-Arterial Rd,,Gaythorne,Ashgrove,No Roadway Feature,No traffic control,60 km/h,Sealed - Dry,Daylight,Straight,Veh'S Same Direction: Rear End,Rear-end,0,1,0,0,1,4,0,0,0,0,0,0
277595,Medical treatment,2014,6,Angle,Multi-Vehicle,152.985556,-27.484531,Sherwood Rd,Woodstock Rd,Toowong,Mount Coot-tha,Intersection - T-Junction,No traffic control,0 - 50 km/h,Sealed - Dry,Daylight,Straight,Veh'S Opposite Approach: Thru-Right,Opposing vehicles turning,0,0,1,0,1,1,0,0,0,1,0,0
277597,Hospitalisation,2014,10,Hit object,Single Vehicle,153.049966,-27.303581,Gordon St,,Brighton,Sandgate,No Roadway Feature,No traffic control,0 - 50 km/h,Sealed - Dry,Daylight,Straight,Off Path-Straight: Left Off Cway Hit Obj,Off carriageway on straight hit object,0,1,0,0,1,1,0,0,0,0,0,0
277598,Hospitalisation,2014,12,Angle,Multi-Vehicle,153.003844,-27.331372,Carseldine Rd,Linkfield Connection Rd,Bald Hills,Aspley,Intersection - T-Junction,Operating traffic lights,60 km/h,Sealed - Dry,Daylight,Curved - view open,Veh'S Opposite Approach: Thru-Right,Opposing vehicles turning,0,1,0,0,1,2,0,0,0,0,0,0
277599,Hospitalisation,2014,18,Rear-end,Multi-Vehicle,153.0108527,-27.3339409,Gympie Arterial Rd,,Bald Hills,Aspley,No Roadway Feature,No traffic control,80 - 90 km/h,Sealed - Wet,Daylight,Straight,Veh'S Same Direction: Rear End,Rear-end,0,1,0,0,1,2,0,0,0,0,0,0
277610,Hospitalisation,2014,12,Angle,Multi-Vehicle,153.043107,-27.432954,Collingwood St,Sandgate Rd,Albion,Clayfield,Intersection - T-Junction,Give way sign,60 km/h,Sealed - Dry,Daylight,Straight,Veh'S Same Direction: Other,Other,0,1,0,0,1,1,0,1,0,0,0,0
277634,Medical treatment,2014,5,Rear-end,Multi-Vehicle,153.040446,-27.462743,Bowen St,Brunswick St,New Farm,Brisbane Central,No Roadway Feature,No traffic control,60 km/h,Sealed - Wet,Dawn/Dusk,Straight,Veh'S Same Direction: Rear End,Rear-end,0,0,1,1,2,3,0,0,0,0,0,0
277635,Hospitalisation,2014,2,Angle,Multi-Vehicle,153.029298,-27.447886,Bowen Bridge Rd,O'Connell Tce,Bowen Hills,Brisbane Central,Intersection - Cross,Operating traffic lights,60 km/h,Sealed - Wet,Darkness - Lighted,Straight,Veh'S Adjacent Approach: Thru-Right,Intersection from adjacent approaches,0,1,1,0,2,0,0,2,0,0,0,0
277638,Minor injury,2014,8,Angle,Multi-Vehicle,152.974421,-27.496893,Coonan St,Moggill Rd,Indooroopilly,Indooroopilly,Intersection - Roundabout,Give way sign,60 km/h,Sealed - Dry,Daylight,Straight,Veh'S Adjacent Approach: Other,Intersection from adjacent approaches,0,0,0,1,1,2,0,0,0,0,0,0
277642,Medical treatment,2014,11,Angle,Multi-Vehicle,153.008236,-27.382518,Hamilton Rd,Narthanya St,Chermside West,Stafford,Intersection - Cross,Operating traffic lights,60 km/h,Sealed - Dry,Daylight,Straight,Veh'S Adjacent Approach: Thru-Right,Intersection from adjacent approaches,0,0,2,3,5,2,0,0,0,0,0,0
277649,Hospitalisation,2014,13,Rear-end,Multi-Vehicle,153.05453,-27.419333,Sandgate Rd,,Clayfield,Clayfield,No Roadway Feature,No traffic control,60 km/h,Sealed - Dry,Daylight,Straight,Veh'S Same Direction: Rear End,Rear-end,0,1,0,0,1,2,0,0,0,0,0,0
277685,Medical treatment,2014,7,Angle,Multi-Vehicle,153.011392,-27.391236,Maundrell Tce,Rode Rd,Chermside West,Stafford,Intersection - Cross,Operating traffic lights,60 km/h,Sealed - Dry,Daylight,Straight,Veh'S Opposite Approach: Thru-Right,Opposing vehicles turning,0,0,2,0,2,2,0,0,0,0,0,0
277691,Medical treatment,2014,13,Rear-end,Multi-Vehicle,152.990704,-27.422493,Samford Rd,Western Arterial Rd,Enoggera,Ashgrove,Intersection - Cross,Operating traffic lights,60 km/h,Sealed - Dry,Daylight,Straight,Veh'S Same Direction: Rear End,Rear-end,0,0,1,0,1,2,0,0,0,0,0,0
277708,Medical treatment,2014,12,Rear-end,Multi-Vehicle,153.024584,-27.46357,Upper Edward St,,Spring Hill,Brisbane Central,No Roadway Feature,No traffic control,0 - 50 km/h,Sealed - Dry,Daylight,Straight,Veh'S Same Direction: Rear End,Rear-end,0,0,1,0,1,3,0,0,0,0,0,0
277709,Hospitalisation,2014,10,Angle,Multi-Vehicle,153.038008,-27.460834,Arthur St,Brunswick St,Fortitude Valley,Brisbane Central,Intersection - Cross,Operating traffic lights,0 - 50 km/h,Sealed - Dry,Daylight,Straight,Veh'S Opposite Approach: Thru-Right,Opposing vehicles turning,0,1,0,0,1,2,0,0,0,0,0,0
277710,Hospitalisation,2014,16,Angle,Multi-Vehicle,153.025595,-27.329422,Norris Rd,,Bracken Ridge,Sandgate,No Roadway Feature,Operating traffic lights,60 km/h,Sealed - Dry,Daylight,Straight,Veh'S Opposite Approach: Thru-Right,Opposing vehicles turning,0,2,3,1,6,2,0,0,0,0,0,0