Crash_Ref_Number,Severity,Year,Hour,Crash_Nature,Crash_Type,Longitude,Latitude,Street,Street_Intersecting,Suburb,Loc_State_Electorate,Crash_Roadway_Feature,Crash_Traffic_Control,Crash_Speed_Limit,Crash_Road_Surface_Condition,Crash_Lighting_Condition,Crash_Road_Horiz_Align,Crash_DCA_Description,Crash_DCA_Group_Description,Count_Casualty_Fatality,Count_Casualty_Hospitalised,Count_Casualty_MedicallyTreated,Count_Casualty_MinorInjury,Count_Casualty_Total,Count_Unit_Car,Count_Unit_Motorcycle_Moped,Count_Unit_Truck,Count_Unit_Bus,Count_Unit_Bicycle,Count_Unit_Pedestrian,Count_Unit_Other
277711,Medical treatment,2014,21,Angle,Multi-Vehicle,153.016973,-27.302086,Kluver St,,Bald Hills,Sandgate,Intersection - Interchange,No traffic control,100 - 110 km/h,Sealed - Dry,Darkness - Lighted,Curved - view open,Veh'S Same Direction: Lane Change Left,Lane changes,0,0,2,0,2,2,0,0,0,0,0,0
277716,Hospitalisation,2014,7,Angle,Multi-Vehicle,153.082817,-27.433105,Fison Ave W,Gateway Arterial Rd,Eagle Farm,Clayfield,Intersection - Interchange,Operating traffic lights,60 km/h,Sealed - Dry,Daylight,Straight,Veh'S Opposite Approach: Thru-Right,Opposing vehicles turning,0,1,0,0,1,2,0,0,0,0,0,0
277739,Hospitalisation,2014,17,Angle,Multi-Vehicle,153.031663,-27.400052,Gympie Arterial Rd,Kitchener Rd,Kedron,Nudgee,Intersection - Cross,Operating traffic lights,60 km/h,Sealed - Dry,Daylight,Straight,Veh'S Opposite Approach: Thru-Right,Opposing vehicles turning,0,1,0,0,1,2,0,0,0,0,0,0
277740,Medical treatment,2014,13,Rear-end,Multi-Vehicle,153.016812,-27.358173,Gympie Arterial Rd,,Aspley,Aspley,No Roadway Feature,No traffic control,60 km/h,Sealed - Dry,Daylight,Straight,Veh'S Same Direction: Rear End,Rear-end,0,0,1,0,1,2,0,0,0,0,0,0
277745,Hospitalisation,2014,13,Hit object,Single Vehicle,153.0418433,-27.42621788,Bridge St,,Albion,Brisbane Central,No Roadway Feature,No traffic control,60 km/h,Sealed - Dry,Daylight,Straight,Off Path-Straight: Left Off Cway Hit Obj,Off carriageway on straight hit object,0,1,0,0,1,1,0,0,0,0,0,0
277762,Hospitalisation,2014,7,Angle,Multi-Vehicle,153.0321164,-27.38613975,Hamilton Rd,Thomas St,Chermside,Nudgee,Intersection - T-Junction,Operating traffic lights,60 km/h,Sealed - Dry,Daylight,Straight,Veh'S Adjacant Approach: Thru-Left,Intersection from adjacent approaches,0,1,1,0,2,2,0,0,0,0,0,0
277763,Medical treatment,2014,9,Rear-end,Multi-Vehicle,153.016876,-27.363955,Gympie Arterial Rd,Robinson Rd W,Aspley,Aspley,Intersection - T-Junction,No traffic control,60 km/h,Sealed - Dry,Daylight,Curved - view open,Veh'S Same Direction: Left Rear,Rear-end,0,0,1,0,1,2,0,0,0,0,0,0
277771,Medical treatment,2014,10,Rear-end,Multi-Vehicle,153.031536,-27.435277,Legeyt St,Lutwyche Rd,Windsor,Brisbane Central,Intersection - Cross,Operating traffic lights,60 km/h,Sealed - Dry,Darkness - Lighted,Straight,Veh'S Same Direction: Right Rear,Rear-end,0,0,2,0,2,2,0,0,0,0,0,0
277772,Hospitalisation,2014,10,Head-on,Multi-Vehicle,152.919846,-27.43398,Mount Nebo Rd,,Upper Kedron,Ferny Grove,No Roadway Feature,No traffic control,60 km/h,Sealed - Dry,Daylight,Curved - view obscured,Veh'S Opposite Approach: Head On,Head-on,0,1,0,0,1,1,1,0,0,0,0,0
277773,Medical treatment,2014,9,Rear-end,Multi-Vehicle,152.990869,-27.406372,Everton Park - Albany Creek Rd,,Everton Park,Everton,No Roadway Feature,No traffic control,60 km/h,Sealed - Dry,Daylight,Straight,Veh'S Same Direction: Rear End,Rear-end,0,0,1,1,2,1,0,1,0,0,0,0
277796,Medical treatment,2014,16,Hit object,Single Vehicle,153.030746,-27.394425,Gympie Arterial Rd,,Kedron,Stafford,No Roadway Feature,No traffic control,60 km/h,Sealed - Dry,Daylight,Curved - view open,Off Path-Curve: Off Cway Rt Bend Hit Obj,Off carriageway on curve hit object,0,0,1,0,1,1,0,0,0,0,0,0
277798,Hospitalisation,2014,13,Rear-end,Multi-Vehicle,153.01705,-27.358206,Gympie Arterial Rd,,Aspley,Aspley,No Roadway Feature,No traffic control,60 km/h,Sealed - Dry,Daylight,Straight,Veh'S Same Direction: Rear End,Rear-end,0,1,0,0,1,2,0,0,0,0,0,0
277802,Hospitalisation,2014,6,Hit pedestrian,Hit pedestrian,153.031562,-27.420332,Invalid Street From Police,,Lutwyche,Stafford,Bikeway,No traffic control,0 - 50 km/h,Sealed - Dry,Daylight,Straight,Ped'N: Hit Other,Other,0,1,0,0,1,0,0,0,0,1,1,0
277803,Hospitalisation,2014,8,Angle,Multi-Vehicle,153.030839,-27.443213,Bowen Bridge Rd,Lutwyche Rd,Windsor,Brisbane Central,Intersection - Interchange,Operating traffic lights,60 km/h,Sealed - Dry,Daylight,Curved - view open,Veh'S Adjacent Approach: Thru-Right,Intersection from adjacent approaches,0,1,0,0,1,3,1,0,0,0,0,0
277804,Medical treatment,2014,12,Rear-end,Multi-Vehicle,153.094343,-27.381919,Gateway Arterial Rd,,Banyo,Nudgee,Intersection - Interchange,No traffic control,80 - 90 km/h,Sealed - Dry,Daylight,Curved - view open,Veh'S Same Direction: Lane Change Left,Lane changes,0,0,1,0,1,1,1,0,0,0,0,0
277823,Medical treatment,2014,16,Angle,Multi-Vehicle,152.986827,-27.489981,Moggill Rd,Whitmore St,Taringa,Mount Coot-tha,Intersection - T-Junction,Operating traffic lights,60 km/h,Sealed - Dry,Daylight,Straight,Veh'S Opposite Approach: Thru-Right,Opposing vehicles turning,0,0,1,0,1,2,0,0,0,0,0,0
277836,Medical treatment,2014,14,Rear-end,Multi-Vehicle,153.056548,-27.326752,Depot Rd,Sandgate Sub-Arterial Rd,Deagon,Sandgate,Intersection - Interchange,Operating traffic lights,60 km/h,Sealed - Dry,Daylight,Straight,Veh'S Adjacent Approach: Thru-Thru,Intersection from adjacent approaches,0,0,1,0,1,3,0,0,0,0,0,0
277837,Medical treatment,2014,13,Rear-end,Multi-Vehicle,153.030147,-27.3828149,Gympie Arterial Rd,,Chermside,Nudgee,No Roadway Feature,No traffic control,60 km/h,Sealed - Dry,Daylight,Straight,Veh'S Same Direction: Rear End,Rear-end,0,0,1,0,1,2,0,0,0,0,0,0
277841,Medical treatment,2014,13,Rear-end,Multi-Vehicle,153.0511906,-27.3965949,Bilsen Rd,Rode Rd,Wavell Heights,Clayfield,Intersection - Roundabout,Give way sign,60 km/h,Sealed - Wet,Daylight,Straight,Veh'S Same Direction: Rear End,Rear-end,0,0,1,0,1,2,0,0,0,0,0,0
277842,Medical treatment,2014,16,Angle,Multi-Vehicle,153.036636,-27.415522,Kedron Park Rd,Lutwyche Rd,Lutwyche,Clayfield,Intersection - T-Junction,Operating traffic lights,60 km/h,Sealed - Dry,Daylight,Curved - view open,Veh'S Adjacent Approach: Thru-Right,Intersection from adjacent approaches,0,0,1,1,2,2,0,0,0,0,0,0
277866,Minor injury,2014,6,Hit parked vehicle,Single Vehicle,153.0371726,-27.45403958,Wickham St,,Fortitude Valley,Brisbane Central,No Roadway Feature,No traffic control,60 km/h,Sealed - Dry,Daylight,Straight,Veh'S On Path: Parked,Hit parked vehicle,0,0,0,1,1,2,0,0,0,0,0,0
277870,Hospitalisation,2014,17,Hit object,Single Vehicle,153.04705,-27.3134412,Gateway Arterial Rd,,Sandgate,Sandgate,Bridge/Causeway,No traffic control,100 - 110 km/h,Sealed - Wet,Dawn/Dusk,Curved - view open,Veh'S On Path: Temporary Object On C'Way,Other,0,1,0,0,1,1,0,0,0,0,0,0
277909,Hospitalisation,2014,9,Hit object,Single Vehicle,152.998229,-27.471828,Beard St,Milton Rd,Auchenflower,Mount Coot-tha,Intersection - T-Junction,No traffic control,60 km/h,Sealed - Wet,Daylight,Straight,Off Path-Straight: Left Off Cway Hit Obj,Off carriageway on straight hit object,0,1,0,0,1,1,0,0,0,0,0,0
277910,Medical treatment,2014,5,Hit object,Single Vehicle,153.04705,-27.3134412,Gateway Arterial Rd,,Sandgate,Sandgate,Intersection - Interchange,No traffic control,100 - 110 km/h,Sealed - Wet,Daylight,Curved - view open,Off Path-Curve: Off Cway Rt Bend Hit Obj,Off carriageway on curve hit object,0,0,1,0,1,1,0,0,0,0,0,0
277911,Hospitalisation,2014,10,Rear-end,Multi-Vehicle,153.030883,-27.393433,Gympie Arterial Rd,Rode Rd,Chermside,Stafford,Intersection - Cross,Operating traffic lights,60 km/h,Sealed - Wet,Daylight,Curved - view open,Veh'S Same Direction: Rear End,Rear-end,0,1,0,0,1,2,0,0,0,0,0,0
277912,Hospitalisation,2014,17,Hit object,Single Vehicle,153.044738,-27.335566,Lemke Rd,,Taigum,Sandgate,No Roadway Feature,No traffic control,60 km/h,Sealed - Dry,Daylight,Straight,Veh'S Manoeuvring: Other,Other,0,2,0,0,2,2,0,0,0,0,0,0
277918,Medical treatment,2014,11,Rear-end,Multi-Vehicle,153.096391,-27.375646,Gateway Arterial Rd,,Nudgee,Nudgee,No Roadway Feature,No traffic control,80 - 90 km/h,Sealed - Wet,Daylight,Curved - view open,Veh'S Same Direction: Rear End,Rear-end,0,0,3,0,3,3,0,0,0,0,0,0
277919,Medical treatment,2014,16,Hit parked vehicle,Single Vehicle,153.09765,-27.366759,Gateway Arterial Rd,,Nudgee Beach,Nudgee,No Roadway Feature,No traffic control,100 - 110 km/h,Sealed - Dry,Dawn/Dusk,Straight,Off Path-Curve: Off Cway Lt Bend Hit Obj,Off carriageway on curve hit object,0,0,1,0,1,2,0,0,0,0,0,0
277920,Hospitalisation,2014,6,Fall from vehicle,Single Vehicle,152.939571,-27.4045268,Samford Sub-Arterial Rd,,Ferny Grove,Ferny Grove,Railway Crossing,Railway - lights and boom gate,60 km/h,Sealed - Wet,Daylight,Straight,Pass & Misc: Hit Railway Xing Furniture,Off carriageway on straight hit object,0,1,0,0,1,0,0,0,0,1,0,0
277938,Medical treatment,2014,11,Rear-end,Multi-Vehicle,152.975352,-27.497434,Moggill Rd,,Indooroopilly,Indooroopilly,Intersection - Roundabout,Give way sign,60 km/h,Sealed - Dry,Daylight,Curved - view open,Veh'S Same Direction: Rear End,Rear-end,0,0,2,0,2,2,0,0,0,0,0,0
277939,Medical treatment,2014,21,Angle,Multi-Vehicle,153.020453,-27.392595,Rode Rd,Webster Rd,Chermside,Stafford,Intersection - Cross,Operating traffic lights,70 km/h,Sealed - Dry,Darkness - Lighted,Straight,Veh'S Adjacent Approach: Thru-Thru,Intersection from adjacent approaches,0,0,1,0,1,2,0,0,0,0,0,0
277959,Hospitalisation,2014,20,Head-on,Multi-Vehicle,153.031751,-27.4461427,Inner City Bypass Off Ramp,,Bowen Hills,Brisbane Central,No Roadway Feature,No traffic control,80 - 90 km/h,Sealed - Dry,Darkness - Lighted,Curved - view obscured,Veh'S Opposite Approach: Head On,Head-on,0,1,0,0,1,1,2,0,0,0,0,0
277963,Medical treatment,2014,0,Rear-end,Multi-Vehicle,153.038324,-27.359185,Handford Rd,,Zillmere,Nudgee,No Roadway Feature,No traffic control,60 km/h,Sealed - Dry,Daylight,Straight,Veh'S Same Direction: Rear End,Rear-end,0,0,1,0,1,3,0,0,0,0,0,0
277965,Hospitalisation,2014,19,Angle,Multi-Vehicle,153.063184,-27.380996,Sandgate Rd,Sandgate Sub-Arterial Rd,Virginia,Nudgee,Intersection - Interchange,Give way sign,60 km/h,Sealed - Dry,Darkness - Lighted,Curved - view open,Veh'S Adjacent Approach: Thru-Right,Intersection from adjacent approaches,0,1,0,0,1,1,0,0,0,1,0,0
277983,Medical treatment,2014,10,Angle,Multi-Vehicle,152.998783,-27.389235,Rode Rd,Trouts Rd,Mcdowall,Stafford,Intersection - Cross,No traffic control,60 km/h,Sealed - Dry,Daylight,Straight,Veh'S Opposite Approach: Thru-Right,Opposing vehicles turning,0,0,1,0,1,2,0,0,0,0,0,0
277998,Hospitalisation,2015,0,Hit pedestrian,Hit pedestrian,153.0037948,-27.45336357,Enoggera Tce,,Red Hill,Mount Coot-tha,No Roadway Feature,No traffic control,60 km/h,Sealed - Dry,Darkness - Not lighted,Straight,Ped'N: Hit Emerging Behind Vehicle,Pedestrian,0,1,0,0,1,1,0,0,0,0,1,0
278020,Medical treatment,2015,17,Angle,Multi-Vehicle,152.955745,-27.517935,Centenary Hwy,Fig Tree Pocket Rd,Fig Tree Pocket,Indooroopilly,Intersection - Interchange,Operating traffic lights,60 km/h,Sealed - Dry,Daylight,Straight,Veh'S Opposite Approach: Thru-Right,Opposing vehicles turning,0,0,2,0,2,2,0,0,0,0,0,0
278041,Medical treatment,2015,11,Rear-end,Multi-Vehicle,153.028825,-27.37798,Gympie Arterial Rd,,Aspley,Aspley,Intersection - T-Junction,No traffic control,60 km/h,Sealed - Wet,Daylight,Curved - view open,Veh'S Same Direction: Rear End,Rear-end,0,0,1,0,1,2,0,0,0,0,0,0
278075,Medical treatment,2015,20,Angle,Multi-Vehicle,153.007764,-27.409218,East - West Arterial Rd,Shand St,Stafford,Stafford,Intersection - Cross,Operating traffic lights,60 km/h,Sealed - Wet,Darkness - Lighted,Straight,Veh'S Opposite Approach: Thru-Right,Opposing vehicles turning,0,0,2,0,2,2,0,0,0,0,0,0
278080,Medical treatment,2015,8,Angle,Multi-Vehicle,153.035383,-27.374186,Ellison Rd,,Geebung,Nudgee,Intersection - Roundabout,Give way sign,60 km/h,Sealed - Wet,Daylight,Straight,Veh'S Adjacent Approach: Thru-Thru,Intersection from adjacent approaches,0,0,1,0,1,1,0,0,0,1,0,0
278084,Medical treatment,2015,10,Hit object,Single Vehicle,152.990333,-27.405809,Everton Park - Albany Creek Rd,Mcilwraith St,Everton Park,Everton,Intersection - T-Junction,No traffic control,60 km/h,Sealed - Wet,Daylight,Curved - view open,Off Path-Curve: Off Cway Lt Bend Hit Obj,Off carriageway on curve hit object,0,0,2,0,2,1,0,0,0,0,0,0
278111,Hospitalisation,2015,7,Rear-end,Multi-Vehicle,153.0162567,-27.46727445,North Quay,,Brisbane City,Brisbane Central,No Roadway Feature,No traffic control,0 - 50 km/h,Sealed - Dry,Daylight,Straight,Veh'S Same Direction: Lane Change Right,Lane changes,0,1,0,0,1,1,0,1,0,0,0,0
278114,Hospitalisation,2015,17,Rear-end,Multi-Vehicle,153.041344,-27.342206,Handford Rd,,Taigum,Sandgate,No Roadway Feature,No traffic control,70 km/h,Sealed - Dry,Daylight,Straight,Veh'S Same Direction: Rear End,Rear-end,0,1,0,0,1,3,0,0,0,0,0,0
278115,Hospitalisation,2015,12,Hit object,Single Vehicle,153.074148,-27.339349,Gateway Arterial Rd,,Boondall,Nudgee,No Roadway Feature,No traffic control,100 - 110 km/h,Sealed - Dry,Daylight,Straight,Veh'S Opposite Approach: Head On,Head-on,0,5,0,0,5,2,0,0,0,0,0,0
278151,Medical treatment,2015,13,Rear-end,Multi-Vehicle,153.014556,-27.424161,Grange Rd,Stevenson St,Grange,Stafford,Intersection - T-Junction,No traffic control,60 km/h,Sealed - Dry,Daylight,Straight,Veh'S Same Direction: Right Rear,Rear-end,0,0,1,0,1,2,0,0,0,0,0,0
278152,Medical treatment,2015,12,Angle,Multi-Vehicle,153.085253,-27.43500326,Fison Ave W,Gateway Arterial Rd,Eagle Farm,Clayfield,Intersection - Interchange,Stop sign,60 km/h,Sealed - Wet,Daylight,Curved - view open,Veh'S Adjacent Approach: Thru-Right,Intersection from adjacent approaches,0,0,2,0,2,2,0,0,0,0,0,0
278153,Minor injury,2015,7,Sideswipe,Multi-Vehicle,153.032461,-27.42949434,Airport Link,,Windsor,Brisbane Central,Merge Lane,No traffic control,80 - 90 km/h,Sealed - Dry,Darkness - Lighted,Straight,Veh'S Same Direction: Lane Change Right,Lane changes,0,0,0,1,1,0,1,1,0,0,0,0
278154,Medical treatment,2015,13,Head-on,Multi-Vehicle,152.943235,-27.427457,Settlement Rd,,Keperra,Ferny Grove,No Roadway Feature,No traffic control,60 km/h,Sealed - Wet,Daylight,Curved - view open,Veh'S Opposite Approach: Head On,Head-on,0,0,2,0,2,2,0,0,0,0,0,0
278170,Medical treatment,2015,13,Rear-end,Multi-Vehicle,153.043072,-27.450101,Reddacliff St,Skyring Tce,Newstead,Brisbane Central,Intersection - T-Junction,Operating traffic lights,60 km/h,Sealed - Dry,Daylight,Straight,Veh'S Same Direction: Rear End,Rear-end,0,0,1,0,1,1,0,1,0,0,0,0
278171,Medical treatment,2015,16,Hit object,Single Vehicle,152.962895,-27.502741,Western Arterial Rd,,Indooroopilly,Moggill,No Roadway Feature,No traffic control,80 - 90 km/h,Sealed - Wet,Daylight,Straight,Off Path-Straight: Left Off Cway Hit Obj,Off carriageway on straight hit object,0,0,1,0,1,1,0,0,0,0,0,0
278172,Medical treatment,2015,13,Rear-end,Multi-Vehicle,153.015733,-27.337117,Lacey Rd,Raynbird Pl,Carseldine,Aspley,Intersection - T-Junction,Give way sign,70 km/h,Sealed - Dry,Daylight,Straight,Veh'S Same Direction: Right Rear,Rear-end,0,0,1,0,1,1,0,0,1,0,0,0
278173,Medical treatment,2015,12,Rear-end,Multi-Vehicle,153.007831,-27.409418,Shand St,,Stafford,Stafford,Intersection - T-Junction,Give way sign,60 km/h,Sealed - Dry,Daylight,Straight,Veh'S Same Direction: Left Rear,Rear-end,0,0,1,0,1,2,0,0,0,0,0,0
278177,Medical treatment,2015,16,Hit pedestrian,Hit pedestrian,153.015603,-27.354781,Gympie Arterial Rd,,Carseldine,Aspley,No Roadway Feature,No traffic control,70 km/h,Sealed - Dry,Daylight,Straight,Ped'N: Play; Work; Stand; Lie On C'Way,Pedestrian,0,0,1,0,1,2,0,0,0,0,1,0
278194,Hospitalisation,2015,17,Fall from vehicle,Single Vehicle,153.011322,-27.46251,Hale St,,Paddington,Mount Coot-tha,No Roadway Feature,No traffic control,60 km/h,Sealed - Dry,Dawn/Dusk,Straight,Off Path-Straight:Out Of Control On Cway,Out of control on straight,0,1,0,0,1,0,1,0,0,0,0,0
278195,Minor injury,2015,8,Rear-end,Multi-Vehicle,153.00186,-27.469743,Milton Rd,,Milton,Mount Coot-tha,No Roadway Feature,No traffic control,60 km/h,Sealed - Dry,Daylight,Straight,Veh'S Same Direction: Rear End,Rear-end,0,0,0,1,1,4,0,0,0,0,0,0
278200,Medical treatment,2015,10,Angle,Multi-Vehicle,152.991403,-27.480783,Croydon St,Sylvan Rd,Toowong,Mount Coot-tha,Intersection - Cross,Operating traffic lights,60 km/h,Sealed - Dry,Daylight,Curved - view open,Veh'S Opposite Approach: Thru-Right,Opposing vehicles turning,0,0,1,0,1,2,0,0,0,0,0,0
278201,Medical treatment,2015,15,Rear-end,Multi-Vehicle,152.990009,-27.478123,Milton Rd,,Toowong,Mount Coot-tha,No Roadway Feature,No traffic control,60 km/h,Sealed - Dry,Daylight,Straight,Veh'S Same Direction: Rear End,Rear-end,0,0,3,0,3,3,0,0,0,0,0,0
278204,Medical treatment,2015,17,Angle,Multi-Vehicle,153.011392,-27.391236,Maundrell Tce,Rode Rd,Chermside West,Stafford,Intersection - Cross,Operating traffic lights,60 km/h,Sealed - Dry,Daylight,Straight,Veh'S Opposite Approach: Thru-Right,Opposing vehicles turning,0,0,1,0,1,2,0,0,0,0,0,0
278226,Medical treatment,2015,21,Hit pedestrian,Hit pedestrian,153.008093,-27.467019,Granzella St,,Milton,Mount Coot-tha,No Roadway Feature,Road/Rail worker,0 - 50 km/h,Sealed - Dry,Darkness - Lighted,Straight,Ped'N: Play; Work; Stand; Lie On C'Way,Pedestrian,0,0,1,0,1,1,0,0,0,0,1,0
278228,Hospitalisation,2015,23,Rear-end,Multi-Vehicle,152.965482,-27.494037,Western Arterial Rd,,Indooroopilly,Indooroopilly,No Roadway Feature,No traffic control,0 - 50 km/h,Sealed - Dry,Darkness - Lighted,Straight,Veh'S Same Direction: Rear End,Rear-end,0,1,0,1,2,2,0,0,0,0,0,0
278232,Medical treatment,2015,16,Angle,Multi-Vehicle,153.065529,-27.438971,Harbour Rd,Kingsford Smith Dr,Hamilton,Clayfield,Intersection - T-Junction,Operating traffic lights,60 km/h,Sealed - Dry,Daylight,Straight,Veh'S Opposite Approach: Thru-Right,Opposing vehicles turning,0,0,2,0,2,2,0,0,0,0,0,0
278252,Medical treatment,2015,15,Angle,Multi-Vehicle,152.988004,-27.43863,Frasers Rd,Western Arterial Rd,Ashgrove,Ashgrove,Intersection - T-Junction,Operating traffic lights,60 km/h,Sealed - Dry,Daylight,Curved - view open,Veh'S Adjacent Approach: Thru-Right,Intersection from adjacent approaches,0,0,2,0,2,2,0,0,0,0,0,0
278253,Hospitalisation,2015,16,Angle,Multi-Vehicle,153.0295579,-27.46494045,Adelaide St,Wharf St,Brisbane City,Brisbane Central,Intersection - Cross,Operating traffic lights,0 - 50 km/h,Sealed - Dry,Daylight,Straight,Veh'S Opposite Approach: Thru-Right,Opposing vehicles turning,0,1,0,0,1,1,1,0,0,0,0,0
278255,Hospitalisation,2015,22,Angle,Multi-Vehicle,152.963356,-27.502525,Moggill Sub-Arterial Rd,Western Arterial Rd,Indooroopilly,Indooroopilly,Intersection - Interchange,Operating traffic lights,0 - 50 km/h,Sealed - Dry,Darkness - Lighted,Curved - view obscured,Veh'S Opposite Approach: Thru-Right,Opposing vehicles turning,0,2,0,1,3,2,0,0,0,0,0,0
278259,Hospitalisation,2015,16,Angle,Multi-Vehicle,153.036642,-27.415399,East - West Arterial Rd,Kedron Park Rd,Kedron,Clayfield,Intersection - T-Junction,Operating traffic lights,60 km/h,Sealed - Dry,Daylight,Curved - view open,Veh'S Adjacent Approach: Thru-Right,Intersection from adjacent approaches,0,1,1,0,2,2,0,0,0,0,0,0
278260,Minor injury,2015,11,Angle,Multi-Vehicle,153.085325,-27.435098,Eagleview Pl,Fison Ave W,Eagle Farm,Clayfield,Intersection - Interchange,Stop sign,60 km/h,Sealed - Dry,Daylight,Curved - view open,Veh'S Adjacent Approach: Thru-Thru,Intersection from adjacent approaches,0,0,0,1,1,2,0,0,0,0,0,0
278273,Hospitalisation,2015,17,Angle,Multi-Vehicle,153.037964,-27.444978,Abbotsford Rd,,Bowen Hills,Brisbane Central,No Roadway Feature,No traffic control,60 km/h,Sealed - Dry,Daylight,Straight,Veh'S Opposite Approach: Thru-Right,Opposing vehicles turning,0,1,0,0,1,1,1,0,0,0,0,0
278285,Hospitalisation,2015,15,Rear-end,Multi-Vehicle,153.070882,-27.390617,Junior Tce,Toombul Rd,Northgate,Nudgee,Intersection - Cross,Operating traffic lights,60 km/h,Sealed - Wet,Dawn/Dusk,Curved - view obscured,Veh'S Same Direction: Rear End,Rear-end,0,1,0,0,1,2,0,0,0,0,0,0
278308,Medical treatment,2015,17,Angle,Multi-Vehicle,153.025993,-27.470418,Albert St,Elizabeth St,Brisbane City,Brisbane Central,Intersection - Cross,Operating traffic lights,0 - 50 km/h,Sealed - Dry,Daylight,Straight,Veh'S Manoeuvring: Leaving Parking,Vehicle leaving driveway,0,0,1,0,1,0,0,0,2,0,0,0
278310,Hospitalisation,2015,7,Fall from vehicle,Single Vehicle,153.0765308,-27.33001809,Palm Ave,Wharf St,Shorncliffe,Sandgate,Intersection - T-Junction,No traffic control,0 - 50 km/h,Sealed - Wet,Daylight,Straight,Pass & Misc: Fell In/From Vehicle,Other,0,1,0,0,1,1,0,0,0,1,0,0
278311,Medical treatment,2015,16,Rear-end,Multi-Vehicle,153.040947,-27.367458,Robinson Rd W,,Geebung,Nudgee,No Roadway Feature,No traffic control,60 km/h,Sealed - Dry,Daylight,Straight,Veh'S Same Direction: Rear End,Rear-end,0,0,1,0,1,2,0,0,0,0,0,0
278326,Hospitalisation,2015,10,Rear-end,Multi-Vehicle,153.024951,-27.465953,Edward St,,Brisbane City,Brisbane Central,Intersection - Cross,Operating traffic lights,60 km/h,Sealed - Dry,Daylight,Straight,Veh'S On Path: Parked,Hit parked vehicle,0,1,0,0,1,2,0,1,0,0,0,0
278327,Hospitalisation,2015,6,Sideswipe,Multi-Vehicle,152.977128,-27.47436,Mt Coot-Tha Rd,,Mount Coot-tha,Mount Coot-tha,No Roadway Feature,No traffic control,60 km/h,Sealed - Dry,Daylight,Straight,Veh'S Same Direction: Right Turn S/Swipe,Parallel lanes turning,0,2,0,0,2,0,0,0,0,2,0,0
278329,Medical treatment,2015,8,Rear-end,Multi-Vehicle,153.017222,-27.362958,Gympie Arterial Rd,,Aspley,Aspley,No Roadway Feature,No traffic control,60 km/h,Sealed - Dry,Daylight,Straight,Veh'S Same Direction: Rear End,Rear-end,0,0,1,0,1,2,0,0,0,0,0,0
278333,Medical treatment,2015,17,Rear-end,Multi-Vehicle,153.0641086,-27.40700077,Hows Rd,Melton Rd,Nundah,Nudgee,Intersection - Cross,Stop sign,0 - 50 km/h,Sealed - Dry,Daylight,Straight,Veh'S Same Direction: Right Rear,Rear-end,0,0,1,0,1,2,0,0,0,0,0,0
278334,Medical treatment,2015,12,Sideswipe,Multi-Vehicle,153.0314436,-27.43985042,Airport Link,,Windsor,Brisbane Central,Merge Lane,No traffic control,80 - 90 km/h,Sealed - Dry,Daylight,Straight,Veh'S Same Direction: Lane Change Left,Lane changes,0,0,1,0,1,1,0,1,0,0,0,0
278352,Minor injury,2015,11,Rear-end,Multi-Vehicle,153.029579,-27.446014,Bowen Bridge Rd,Butterfield St,Herston,Brisbane Central,Intersection - T-Junction,Operating traffic lights,0 - 50 km/h,Sealed - Dry,Daylight,Straight,Veh'S Same Direction: Rear End,Rear-end,0,0,0,1,1,2,0,0,0,0,0,0
278353,Medical treatment,2015,13,Fall from vehicle,Single Vehicle,153.038373,-27.447855,Cintra Rd,Montpelier Rd,Bowen Hills,Brisbane Central,Intersection - T-Junction,Stop sign,60 km/h,Sealed - Dry,Daylight,Curved - view obscured,Off Path-Curve: Out Of Control On Cway,Out of control on curve,0,0,1,0,1,1,1,0,0,0,0,0
278354,Hospitalisation,2015,14,Rear-end,Multi-Vehicle,152.888125,-27.555939,Lather Rd,Moggill Sub-Arterial Rd,Bellbowrie,Moggill,Intersection - Cross,Stop sign,0 - 50 km/h,Sealed - Dry,Daylight,Straight,Veh'S Same Direction: Left Rear,Rear-end,0,1,0,0,1,1,1,0,0,0,0,0
278355,Hospitalisation,2015,9,Hit pedestrian,Hit pedestrian,152.9708602,-27.49782303,Moggill Rd,Stanley St,Indooroopilly,Indooroopilly,Intersection - T-Junction,Give way sign,60 km/h,Sealed - Dry,Daylight,Curved - view open,Ped'N: Far Side Vehicle Hit From Left,Pedestrian,0,1,0,0,1,1,0,0,0,0,1,0
278358,Hospitalisation,2015,10,Rear-end,Multi-Vehicle,153.033454,-27.411843,Gympie Arterial Rd,,Kedron,Stafford,No Roadway Feature,No traffic control,60 km/h,Sealed - Dry,Daylight,Straight,Veh'S Same Direction: Rear End,Rear-end,0,1,0,0,1,2,0,0,0,0,0,0
278386,Medical treatment,2015,13,Rear-end,Multi-Vehicle,153.029538,-27.446577,Bowen Bridge Rd,Campbell St,Bowen Hills,Brisbane Central,Intersection - T-Junction,Operating traffic lights,60 km/h,Sealed - Dry,Daylight,Straight,Veh'S Same Direction: Rear End,Rear-end,0,0,1,0,1,1,0,1,0,0,0,0
278387,Medical treatment,2015,14,Rear-end,Multi-Vehicle,153.035585,-27.450933,Brookes St,,Bowen Hills,Brisbane Central,No Roadway Feature,No traffic control,60 km/h,Sealed - Dry,Daylight,Straight,Veh'S Same Direction: Rear End,Rear-end,0,0,2,0,2,4,0,0,0,0,0,0