Crash_Ref_Number,Severity,Year,Hour,Crash_Nature,Crash_Type,Longitude,Latitude,Street,Street_Intersecting,Suburb,Loc_State_Electorate,Crash_Roadway_Feature,Crash_Traffic_Control,Crash_Speed_Limit,Crash_Road_Surface_Condition,Crash_Lighting_Condition,Crash_Road_Horiz_Align,Crash_DCA_Description,Crash_DCA_Group_Description,Count_Casualty_Fatality,Count_Casualty_Hospitalised,Count_Casualty_MedicallyTreated,Count_Casualty_MinorInjury,Count_Casualty_Total,Count_Unit_Car,Count_Unit_Motorcycle_Moped,Count_Unit_Truck,Count_Unit_Bus,Count_Unit_Bicycle,Count_Unit_Pedestrian,Count_Unit_Other
278388,Hospitalisation,2015,16,Angle,Multi-Vehicle,152.984913,-27.49555,Lucinda St,Norman St,Taringa,Indooroopilly,Intersection - Cross,No traffic control,0 - 50 km/h,Sealed - Dry,Daylight,Straight,Veh'S Adjacent Approach: Thru-Thru,Intersection from adjacent approaches,0,1,0,0,1,2,0,0,0,0,0,0
278389,Hospitalisation,2015,15,Hit object,Single Vehicle,152.975815,-27.497919,Coonan St,Keating St,Indooroopilly,Indooroopilly,Intersection - T-Junction,No traffic control,60 km/h,Sealed - Dry,Daylight,Straight,Off Path-Straight: Left Off Cway Hit Obj,Off carriageway on straight hit object,0,1,0,0,1,1,0,0,0,0,0,0
278390,Medical treatment,2015,7,Rear-end,Multi-Vehicle,153.051189,-27.329475,Gateway Arterial Rd,,Deagon,Sandgate,Bridge/Causeway,No traffic control,100 - 110 km/h,Sealed - Dry,Daylight,Straight,Veh'S Same Direction: Rear End,Rear-end,0,0,1,0,1,3,0,0,0,0,0,0
278391,Hospitalisation,2015,12,Angle,Multi-Vehicle,153.0310548,-27.39647572,Gympie Arterial Rd,Lawley St,Kedron,Stafford,Intersection - T-Junction,No traffic control,60 km/h,Sealed - Dry,Daylight,Straight,Veh'S Opposite Approach: Thru-Right,Opposing vehicles turning,0,2,0,0,2,3,0,0,0,0,0,0
278401,Hospitalisation,2015,14,Angle,Multi-Vehicle,153.09264,-27.378017,Nudgee Rd,,Banyo,Nudgee,Intersection - Interchange,Stop sign,0 - 50 km/h,Sealed - Dry,Daylight,Curved - view open,Veh'S Adjacent Approach: Thru-Right,Intersection from adjacent approaches,0,1,0,1,2,3,0,1,0,0,0,0
278402,Hospitalisation,2015,18,Rear-end,Multi-Vehicle,153.046101,-27.427888,Bonney Ave,Sandgate Rd,Clayfield,Clayfield,Intersection - T-Junction,Operating traffic lights,60 km/h,Sealed - Dry,Dawn/Dusk,Straight,Veh'S Same Direction: Rear End,Rear-end,0,2,0,0,2,2,0,0,0,0,0,0
278403,Hospitalisation,2015,16,Angle,Multi-Vehicle,153.074646,-27.411729,East - West Arterial Rd,,Hendra,Clayfield,Intersection - Cross,Operating traffic lights,60 km/h,Sealed - Dry,Daylight,Straight,Veh'S Opposite Approach: Thru-Right,Opposing vehicles turning,0,2,0,0,2,2,0,0,0,0,0,0
278425,Minor injury,2015,22,Rear-end,Multi-Vehicle,153.0170368,-27.46734466,North Quay,,Brisbane City,Brisbane Central,No Roadway Feature,No traffic control,60 km/h,Sealed - Dry,Darkness - Lighted,Straight,Veh'S Same Direction: Rear End,Rear-end,0,0,0,2,2,2,0,0,0,0,0,0
278426,Hospitalisation,2015,21,Sideswipe,Multi-Vehicle,153.040633,-27.438951,Abbotsford Rd,,Bowen Hills,Brisbane Central,No Roadway Feature,No traffic control,60 km/h,Sealed - Dry,Darkness - Lighted,Straight,Veh'S Same Direction: Lane Change Right,Lane changes,0,1,0,0,1,2,0,0,0,0,0,0
278449,Hospitalisation,2015,6,Hit object,Single Vehicle,152.903019,-27.431669,Mount Nebo Rd,,Enoggera Reservoir,Ashgrove,No Roadway Feature,No traffic control,70 km/h,Sealed - Dry,Daylight,Curved - view obscured,Off Path-Curve: Off Cway Lt Bend Hit Obj,Off carriageway on curve hit object,0,1,0,0,1,0,1,0,0,0,0,0
278473,Hospitalisation,2015,17,Rear-end,Multi-Vehicle,152.975733,-27.49783,Coonan St,Keating St,Indooroopilly,Indooroopilly,Intersection - T-Junction,Give way sign,0 - 50 km/h,Sealed - Dry,Daylight,Straight,Veh'S Same Direction: Right Rear,Rear-end,0,1,0,0,1,1,1,0,0,0,0,0
278476,Medical treatment,2015,16,Rear-end,Multi-Vehicle,153.012509,-27.317753,Gympie Arterial Rd,Strathpine Sub-Arterial Rd,Bald Hills,Aspley,Intersection - Cross,Operating traffic lights,60 km/h,Sealed - Dry,Daylight,Straight,Veh'S Same Direction: Rear End,Rear-end,0,0,1,0,1,2,0,0,0,0,0,0
278480,Minor injury,2015,6,Angle,Multi-Vehicle,153.029775,-27.34877,Beams Rd,,Fitzgibbon,Sandgate,No Roadway Feature,No traffic control,60 km/h,Sealed - Dry,Daylight,Straight,Veh'S Same Direction: Rear End,Rear-end,0,0,0,1,1,3,0,0,0,0,0,0
278500,Hospitalisation,2015,14,Head-on,Multi-Vehicle,152.987845,-27.466653,Western Arterial Rd,,Bardon,Mount Coot-tha,No Roadway Feature,No traffic control,60 km/h,Sealed - Dry,Daylight,Curved - view open,Veh'S Opposite Approach: Head On,Head-on,0,1,0,0,1,1,1,0,0,0,0,0
278501,Medical treatment,2015,17,Angle,Multi-Vehicle,152.947847,-27.507422,Cedarleigh Rd,Moggill Sub-Arterial Rd,Kenmore,Moggill,Intersection - Cross,Operating traffic lights,60 km/h,Sealed - Dry,Dawn/Dusk,Curved - view open,Veh'S Opposite Approach: Thru-Right,Opposing vehicles turning,0,0,3,0,3,2,0,0,0,0,0,0
278524,Hospitalisation,2015,5,Angle,Multi-Vehicle,152.997891,-27.446491,Boon St,Waterworks Rd,Ashgrove,Ashgrove,Intersection - T-Junction,No traffic control,60 km/h,Sealed - Dry,Dawn/Dusk,Curved - view open,Veh'S Same Direction: Left Turn S/Swipe,Parallel lanes turning,0,1,0,0,1,1,1,0,0,0,0,0
278525,Medical treatment,2015,13,Angle,Multi-Vehicle,153.029545,-27.464934,Adelaide St,Wharf St,Brisbane City,Brisbane Central,Intersection - Cross,Operating traffic lights,0 - 50 km/h,Sealed - Dry,Daylight,Straight,Veh'S Opposite Approach: Thru-Right,Opposing vehicles turning,0,0,1,2,3,2,0,0,0,0,0,0
278548,Minor injury,2015,10,Hit pedestrian,Hit pedestrian,153.016023,-27.466142,Roma St,Saul St,Brisbane City,Brisbane Central,Intersection - T-Junction,Give way sign,0 - 50 km/h,Sealed - Dry,Daylight,Curved - view open,Ped'N: Far Side Vehicle Hit From Left,Pedestrian,0,0,0,1,1,1,0,0,0,0,1,0
278549,Medical treatment,2015,15,Rear-end,Multi-Vehicle,153.013065,-27.456659,Hale St,,Kelvin Grove,Mount Coot-tha,Intersection - Interchange,No traffic control,60 km/h,Sealed - Dry,Daylight,Straight,Veh'S Same Direction: Rear End,Rear-end,0,0,1,0,1,4,0,0,0,0,0,0
278550,Medical treatment,2015,6,Angle,Multi-Vehicle,153.011152,-27.44554,Herston Rd,Picot St,Kelvin Grove,Brisbane Central,Intersection - T-Junction,Give way sign,60 km/h,Sealed - Dry,Daylight,Straight,Veh'S Adjacant Approach: Thru-Left,Intersection from adjacent approaches,0,0,1,0,1,1,0,0,0,1,0,0
278552,Hospitalisation,2015,8,Hit pedestrian,Hit pedestrian,152.995304,-27.474043,Milton Rd,Munro St,Auchenflower,Mount Coot-tha,Intersection - T-Junction,No traffic control,60 km/h,Sealed - Dry,Daylight,Straight,Ped'N: Near Side Vehicle Hit From Right,Pedestrian,0,1,0,0,1,1,0,0,0,0,1,0
278553,Medical treatment,2015,12,Rear-end,Multi-Vehicle,153.002426,-27.316293,Strathpine Sub-Arterial Rd,,Bald Hills,Aspley,Bridge/Causeway,No traffic control,70 km/h,Sealed - Dry,Daylight,Straight,Veh'S Same Direction: Rear End,Rear-end,0,0,1,0,1,2,0,0,0,0,0,0
278564,Medical treatment,2015,22,Angle,Multi-Vehicle,153.036646,-27.415447,East - West Arterial Rd,Kedron Park Rd,Kedron,Clayfield,Intersection - T-Junction,Operating traffic lights,60 km/h,Sealed - Wet,Darkness - Lighted,Curved - view open,Veh'S Adjacent Approach: Thru-Right,Intersection from adjacent approaches,0,0,2,0,2,2,0,0,0,0,0,0
278580,Medical treatment,2015,10,Rear-end,Multi-Vehicle,153.011448,-27.468496,Hale St On Ramp,,Brisbane City,Brisbane Central,Intersection - Interchange,No traffic control,0 - 50 km/h,Sealed - Dry,Daylight,Curved - view open,Veh'S Same Direction: Rear End,Rear-end,0,0,1,0,1,2,0,0,0,0,0,0
278582,Medical treatment,2015,20,Hit pedestrian,Hit pedestrian,152.975633,-27.502878,Coonan St,Station Rd,Indooroopilly,Indooroopilly,Intersection - T-Junction,Operating traffic lights,60 km/h,Sealed - Dry,Darkness - Lighted,Straight,Ped'N: Near Side Vehicle Hit From Right,Pedestrian,0,0,1,0,1,1,0,0,0,0,1,0
278584,Medical treatment,2015,13,Rear-end,Multi-Vehicle,153.066008,-27.315347,Brighton Rd,,Sandgate,Sandgate,No Roadway Feature,No traffic control,60 km/h,Sealed - Wet,Daylight,Straight,Veh'S Same Direction: Rear End,Rear-end,0,0,1,0,1,2,0,0,0,0,0,0
278585,Medical treatment,2015,6,Rear-end,Multi-Vehicle,153.0128356,-27.31872201,Gympie Arterial Rd,,Bald Hills,Aspley,Intersection - Interchange,No traffic control,60 km/h,Sealed - Wet,Daylight,Straight,Veh'S Same Direction: Rear End,Rear-end,0,0,1,0,1,2,0,0,0,0,0,0
278588,Medical treatment,2015,0,Rear-end,Multi-Vehicle,153.034281,-27.386327,Hamilton Rd,Kingsmill St,Chermside,Nudgee,Intersection - Cross,Operating traffic lights,60 km/h,Sealed - Wet,Darkness - Lighted,Straight,Veh'S Same Direction: Rear End,Rear-end,0,0,2,0,2,2,0,0,0,0,0,0
278595,Medical treatment,2015,9,Hit object,Single Vehicle,152.991015,-27.407564,Griffith St,Western Arterial Rd,Everton Park,Everton,Intersection - Cross,Operating traffic lights,60 km/h,Sealed - Wet,Daylight,Straight,Off Path-Straight: Left Off Cway Hit Obj,Off carriageway on straight hit object,0,0,1,0,1,1,0,0,0,0,0,0
278624,Hospitalisation,2015,9,Angle,Multi-Vehicle,153.0389189,-27.4615519,Brunswick St,Harcourt St,New Farm,Brisbane Central,Intersection - Cross,Operating traffic lights,60 km/h,Sealed - Dry,Daylight,Straight,Veh'S Opposite Approach: Thru-Right,Opposing vehicles turning,0,1,0,0,1,1,1,0,0,0,0,0
278625,Hospitalisation,2015,6,Hit object,Single Vehicle,153.0473521,-27.31379746,Gateway Arterial Rd,,Sandgate,Sandgate,No Roadway Feature,No traffic control,100 - 110 km/h,Sealed - Wet,Daylight,Curved - view open,Off Path-Curve: Off Cway Rt Bend Hit Obj,Off carriageway on curve hit object,0,1,0,0,1,1,0,0,0,0,0,0
278627,Hospitalisation,2015,16,Angle,Multi-Vehicle,153.031025,-27.394139,Gympie Arterial Rd,Sydney St,Kedron,Nudgee,Intersection - T-Junction,No traffic control,60 km/h,Sealed - Dry,Daylight,Straight,Veh'S Same Direction: Left Turn S/Swipe,Parallel lanes turning,0,1,0,0,1,1,1,0,0,0,0,0
278631,Minor injury,2015,16,Sideswipe,Multi-Vehicle,152.991027,-27.40802,Western Arterial Rd,,Everton Park,Everton,No Roadway Feature,No traffic control,0 - 50 km/h,Sealed - Dry,Daylight,Straight,Veh'S Manoeuvring: Other,Other,0,0,0,1,1,0,0,0,0,1,0,1
278632,Minor injury,2015,7,Hit object,Single Vehicle,152.9973279,-27.40217622,Trouts Rd,,Everton Park,Everton,No Roadway Feature,No traffic control,60 km/h,Sealed - Wet,Daylight,Curved - view open,Off Path-Curve: Off Cway Rt Bend Hit Obj,Off carriageway on curve hit object,0,0,0,3,3,2,0,0,0,0,0,0
278662,Hospitalisation,2015,7,Hit parked vehicle,Single Vehicle,153.081384,-27.372515,Apperley St,St Vincents Rd,Banyo,Nudgee,Intersection - T-Junction,No traffic control,60 km/h,Sealed - Dry,Daylight,Straight,Off Path-Straight: Left Off Cway Hit Obj,Off carriageway on straight hit object,0,1,0,0,1,2,0,0,0,0,0,0
278677,Hospitalisation,2015,11,Rear-end,Multi-Vehicle,153.005858,-27.472729,Coronation Dr,,Milton,Mount Coot-tha,No Roadway Feature,No traffic control,60 km/h,Sealed - Dry,Daylight,Straight,Veh'S Same Direction: Rear End,Rear-end,0,1,1,0,2,4,0,0,0,0,0,0
278678,Minor injury,2015,21,Angle,Multi-Vehicle,153.00997,-27.469197,Coronation Dr,Go Between Bridge,Milton,Mount Coot-tha,Intersection - Cross,Operating traffic lights,60 km/h,Sealed - Dry,Darkness - Lighted,Straight,Veh'S Adjacent Approach: Thru-Thru,Intersection from adjacent approaches,0,0,0,1,1,2,0,0,0,0,0,0
278695,Medical treatment,2015,13,Angle,Multi-Vehicle,152.968806,-27.498795,Moggill Rd,Rylatt St,Indooroopilly,Indooroopilly,Intersection - T-Junction,No traffic control,60 km/h,Sealed - Dry,Daylight,Curved - view obscured,Veh'S Opposite Approach: Thru-Right,Opposing vehicles turning,0,0,1,0,1,2,0,0,0,0,0,0
278696,Hospitalisation,2015,14,Hit parked vehicle,Single Vehicle,153.06642,-27.321183,Rainbow St,,Sandgate,Sandgate,No Roadway Feature,No traffic control,60 km/h,Sealed - Dry,Daylight,Straight,Veh'S On Path: Car Door,Hit parked vehicle,0,1,0,0,1,1,0,0,0,1,0,0
278706,Medical treatment,2015,10,Hit object,Single Vehicle,153.031853,-27.431377,Lutwyche Rd,,Windsor,Brisbane Central,No Roadway Feature,No traffic control,60 km/h,Sealed - Dry,Daylight,Curved - view open,Off Path-Curve: Off Cway Lt Bend Hit Obj,Off carriageway on curve hit object,0,0,1,0,1,1,0,0,0,0,0,0
278727,Hospitalisation,2015,21,Fall from vehicle,Single Vehicle,152.961071,-27.464092,Sir Samuel Griffith Dr,,Mount Coot-tha,Mount Coot-tha,No Roadway Feature,No traffic control,60 km/h,Sealed - Dry,Darkness - Not lighted,Curved - view open,Off Path-Curve: Out Of Control On Cway,Out of control on curve,0,1,0,0,1,0,1,0,0,0,0,0
278728,Medical treatment,2015,16,Rear-end,Multi-Vehicle,153.021302,-27.384209,Hamilton Rd,Webster Rd,Chermside West,Aspley,Intersection - Roundabout,Give way sign,60 km/h,Sealed - Dry,Daylight,Straight,Veh'S Same Direction: Left Rear,Rear-end,0,0,1,0,1,2,0,0,0,0,0,0
278729,Hospitalisation,2015,9,Rear-end,Multi-Vehicle,153.020729,-27.391166,Webster Rd,,Chermside,Stafford,No Roadway Feature,No traffic control,60 km/h,Sealed - Dry,Daylight,Straight,Veh'S Same Direction: Rear End,Rear-end,0,1,0,0,1,2,0,0,0,0,0,0
278738,Medical treatment,2015,9,Rear-end,Multi-Vehicle,153.059334,-27.396465,Sandgate Sub-Arterial Rd,,Nundah,Clayfield,No Roadway Feature,No traffic control,60 km/h,Sealed - Wet,Daylight,Straight,Veh'S Same Direction: Rear End,Rear-end,0,0,1,0,1,3,0,0,0,0,0,0
278739,Medical treatment,2015,12,Angle,Multi-Vehicle,153.000885,-27.42446,Alderley Ave,,Alderley,Stafford,No Roadway Feature,No traffic control,0 - 50 km/h,Sealed - Dry,Daylight,Straight,Veh'S Manoeuvring: Leaving Parking,Vehicle leaving driveway,0,0,1,0,1,3,0,0,0,0,0,0
278756,Hospitalisation,2015,11,Angle,Multi-Vehicle,153.006785,-27.451268,Atkins St,Windsor Rd,Red Hill,Mount Coot-tha,Intersection - T-Junction,No traffic control,0 - 50 km/h,Sealed - Dry,Daylight,Straight,Veh'S Overtaking: Overtake-Right Turn,Overtaking same direction,0,1,0,0,1,1,1,0,0,0,0,0
278758,Medical treatment,2015,6,Hit pedestrian,Hit pedestrian,152.945958,-27.497646,Kirkdale Rd,,Chapel Hill,Moggill,No Roadway Feature,No traffic control,0 - 50 km/h,Sealed - Dry,Daylight,Straight,Ped'N: Hit By Vehicle Enter/Leave D'Way,Pedestrian,0,0,1,0,1,1,0,0,0,0,1,0
278772,Medical treatment,2015,1,Rear-end,Multi-Vehicle,153.045324,-27.3830147,Newman Rd,,Wavell Heights,Nudgee,No Roadway Feature,No traffic control,0 - 50 km/h,Sealed - Dry,Daylight,Straight,Veh'S Same Direction: Rear End,Rear-end,0,0,1,0,1,3,0,0,0,0,0,0
278795,Hospitalisation,2015,8,Hit pedestrian,Hit pedestrian,152.990865,-27.483915,Jephson St,Lissner St,Toowong,Mount Coot-tha,Intersection - T-Junction,Pedestrian operated lights,60 km/h,Sealed - Dry,Daylight,Straight,Ped'N: Near Side Vehicle Hit From Right,Pedestrian,0,1,0,0,1,1,0,0,0,0,1,0
278798,Hospitalisation,2015,13,Hit object,Single Vehicle,153.033458,-27.411673,Brookfield Rd,Gympie Arterial Rd,Kedron,Stafford,Intersection - T-Junction,No traffic control,60 km/h,Sealed - Dry,Daylight,Curved - view open,Off Path-Curve: Mounts Traffic Island,Off carriageway on curve hit object,0,1,0,0,1,1,1,0,0,0,0,0
278800,Hospitalisation,2015,9,Rear-end,Multi-Vehicle,153.042764,-27.387679,Hamilton Rd,Pfingst Rd,Chermside,Nudgee,Intersection - T-Junction,No traffic control,60 km/h,Sealed - Dry,Daylight,Straight,Veh'S Same Direction: Rear End,Rear-end,0,2,0,0,2,3,0,0,0,0,0,0
278803,Hospitalisation,2015,0,Hit pedestrian,Hit pedestrian,153.072415,-27.436886,Kingsford Smith Dr,,Hamilton,Clayfield,No Roadway Feature,Road/Rail worker,0 - 50 km/h,Sealed - Dry,Darkness - Lighted,Straight,Ped'N: Play; Work; Stand; Lie On C'Way,Pedestrian,0,1,0,0,1,0,0,1,0,0,1,0
278804,Medical treatment,2015,16,Rear-end,Multi-Vehicle,153.060041,-27.40209,Sandgate Rd,Station St,Nundah,Clayfield,Intersection - Cross,Operating traffic lights,0 - 50 km/h,Sealed - Dry,Daylight,Straight,Veh'S Same Direction: Rear End,Rear-end,0,0,1,0,1,2,0,0,0,0,0,0
278805,Hospitalisation,2015,11,Rear-end,Multi-Vehicle,152.990721,-27.422493,Samford Rd,Western Arterial Rd,Enoggera,Ashgrove,Intersection - Cross,Operating traffic lights,60 km/h,Sealed - Dry,Daylight,Straight,Veh'S Same Direction: Rear End,Rear-end,0,1,0,0,1,3,0,1,0,0,0,0
278806,Hospitalisation,2015,20,Angle,Multi-Vehicle,152.940657,-27.407311,Claverton St,Samford Sub-Arterial Rd,Ferny Grove,Ferny Grove,Intersection - T-Junction,Operating traffic lights,70 km/h,Sealed - Dry,Darkness - Lighted,Straight,Veh'S Opposite Approach: Thru-Right,Opposing vehicles turning,0,1,0,0,1,2,0,0,0,0,0,0
278863,Hospitalisation,2015,10,Hit pedestrian,Hit pedestrian,153.035773,-27.451745,Brookes St,St Pauls Tce,Bowen Hills,Brisbane Central,Intersection - Cross,Operating traffic lights,60 km/h,Sealed - Dry,Daylight,Straight,Ped'N: Near Side Vehicle Hit From Right,Pedestrian,0,1,0,0,1,1,0,0,0,0,1,0
278864,Medical treatment,2015,7,Hit parked vehicle,Single Vehicle,153.031146,-27.397573,Gympie Arterial Rd,,Kedron,Stafford,No Roadway Feature,No traffic control,60 km/h,Sealed - Dry,Daylight,Straight,Off Path-Straight: Left Off Cway Hit Obj,Off carriageway on straight hit object,0,0,2,0,2,2,0,0,0,0,0,0
278869,Medical treatment,2015,15,Angle,Multi-Vehicle,153.051884,-27.42177421,Adelaide St,Sandgate Rd,Clayfield,Clayfield,Intersection - Cross,Operating traffic lights,60 km/h,Sealed - Dry,Daylight,Straight,Veh'S Opposite Approach: Thru-Right,Opposing vehicles turning,0,0,1,0,1,2,0,0,0,0,0,0
278891,Minor injury,2015,7,Sideswipe,Multi-Vehicle,153.028793,-27.464193,Ann St,Wharf St,Brisbane City,Brisbane Central,Intersection - Cross,Operating traffic lights,0 - 50 km/h,Sealed - Dry,Daylight,Straight,Veh'S Same Direction: Lane Side Swipe,Lane changes,0,0,0,1,1,2,1,0,0,0,0,0
278894,Medical treatment,2015,21,Hit object,Single Vehicle,153.02743,-27.412114,Richmond St,,Gordon Park,Stafford,No Roadway Feature,No traffic control,60 km/h,Sealed - Dry,Darkness - Lighted,Straight,Off Path-Straight: Left Off Cway Hit Obj,Off carriageway on straight hit object,0,0,1,0,1,1,0,0,0,0,0,0
278897,Minor injury,2015,11,Rear-end,Multi-Vehicle,153.060146,-27.348658,Roscommon Rd,Sandgate Sub-Arterial Rd,Boondall,Nudgee,Intersection - Cross,Operating traffic lights,60 km/h,Sealed - Dry,Darkness - Lighted,Straight,Veh'S Same Direction: Left Rear,Rear-end,0,0,0,1,1,2,0,0,0,0,0,0
278903,Hospitalisation,2015,11,Angle,Multi-Vehicle,153.041688,-27.43067,Albion Overpass,Sandgate Rd,Albion,Clayfield,Intersection - T-Junction,Operating traffic lights,60 km/h,Sealed - Dry,Daylight,Curved - view open,Veh'S Opposite Approach: Thru-Right,Opposing vehicles turning,0,1,0,1,2,2,0,0,0,0,0,0
278904,Medical treatment,2015,10,Hit object,Single Vehicle,153.09649,-27.372674,Gateway Arterial Rd,,Nudgee,Nudgee,No Roadway Feature,No traffic control,80 - 90 km/h,Sealed - Dry,Daylight,Curved - view open,Veh'S On Path: Temporary Object On C'Way,Other,0,0,1,0,1,1,0,0,0,0,0,0
278905,Medical treatment,2015,8,Rear-end,Multi-Vehicle,152.990025,-27.405821,Mcilwraith St,,Everton Park,Everton,No Roadway Feature,No traffic control,0 - 50 km/h,Sealed - Dry,Daylight,Straight,Veh'S Manoeuvring: Reversing,Hit parked vehicle,0,0,1,0,1,1,0,1,0,0,0,0
278906,Medical treatment,2015,18,Rear-end,Multi-Vehicle,152.9915107,-27.41909833,Western Arterial Rd,,Enoggera,Ashgrove,No Roadway Feature,No traffic control,60 km/h,Sealed - Dry,Dawn/Dusk,Straight,Veh'S Same Direction: Rear End,Rear-end,0,0,1,0,1,2,0,0,0,0,0,0
278931,Hospitalisation,2015,11,Hit parked vehicle,Single Vehicle,153.0409496,-27.4375625,Abbotsford Rd,,Bowen Hills,Brisbane Central,No Roadway Feature,No traffic control,60 km/h,Sealed - Dry,Daylight,Straight,Veh'S On Path: Parked,Hit parked vehicle,0,1,0,0,1,2,0,0,0,0,0,0
278932,Medical treatment,2015,12,Rear-end,Multi-Vehicle,153.035651,-27.455454,Constance St,Wickham St,Fortitude Valley,Brisbane Central,Intersection - Cross,Operating traffic lights,60 km/h,Sealed - Dry,Daylight,Straight,Veh'S Same Direction: Rear End,Rear-end,0,0,1,0,1,3,0,0,0,0,0,0
278935,Medical treatment,2015,17,Angle,Multi-Vehicle,153.040828,-27.432025,Hudson Rd,Mill St,Albion,Clayfield,Intersection - T-Junction,No traffic control,60 km/h,Sealed - Dry,Daylight,Straight,Veh'S Opposite Approach: Thru-Right,Opposing vehicles turning,0,0,2,0,2,2,0,0,0,0,0,0
278958,Hospitalisation,2015,10,Rear-end,Multi-Vehicle,152.99967,-27.448164,Mossvale St,Waterworks Rd,Ashgrove,Ashgrove,Intersection - Cross,Police,60 km/h,Sealed - Dry,Daylight,Curved - view open,Veh'S Same Direction: Rear End,Rear-end,0,1,0,0,1,0,1,0,0,0,0,1
278959,Medical treatment,2015,13,Angle,Multi-Vehicle,153.006568,-27.464768,Heussler Tce,Isaac St,Milton,Mount Coot-tha,Intersection - T-Junction,No traffic control,0 - 50 km/h,Sealed - Dry,Daylight,Straight,Veh'S Adjacent Approach: Right-Right,Intersection from adjacent approaches,0,0,1,0,1,2,0,0,0,0,0,0
278960,Medical treatment,2015,10,Hit pedestrian,Hit pedestrian,153.029579,-27.446014,Bowen Bridge Rd,Butterfield St,Herston,Brisbane Central,Intersection - T-Junction,Operating traffic lights,60 km/h,Sealed - Dry,Daylight,Straight,Ped'N: Near Side Vehicle Hit From Right,Pedestrian,0,0,1,0,1,1,0,0,0,0,1,0
278962,Medical treatment,2015,15,Angle,Multi-Vehicle,152.999682,-27.403158,Bertram St,Ferricks St,Stafford,Stafford,Intersection - T-Junction,Give way sign,0 - 50 km/h,Sealed - Dry,Daylight,Straight,Veh'S Adjacent Approach: Right-Thru,Intersection from adjacent approaches,0,0,3,0,3,2,0,0,0,0,0,0
278965,Medical treatment,2015,8,Angle,Multi-Vehicle,153.031784,-27.349072,Beams Rd,Carselgrove Ave,Fitzgibbon,Sandgate,Intersection - Cross,Operating traffic lights,0 - 50 km/h,Sealed - Dry,Daylight,Straight,Veh'S Opposite Approach: Thru-Right,Opposing vehicles turning,0,0,2,0,2,2,0,0,0,0,0,0
278966,Medical treatment,2015,5,Rear-end,Multi-Vehicle,153.022164,-27.383887,Hamilton Rd,Webster Rd,Chermside,Stafford,Intersection - Roundabout,Give way sign,60 km/h,Sealed - Dry,Darkness - Lighted,Straight,Veh'S Same Direction: Rear End,Rear-end,0,0,1,0,1,2,0,0,0,0,0,0
278975,Medical treatment,2015,9,Rear-end,Multi-Vehicle,153.059972,-27.407279,Sandgate Sub-Arterial Rd,,Nundah,Nudgee,No Roadway Feature,No traffic control,60 km/h,Sealed - Dry,Daylight,Straight,Veh'S Same Direction: Rear End,Rear-end,0,0,1,0,1,2,0,0,0,0,0,0
278976,Medical treatment,2015,10,Angle,Multi-Vehicle,152.977224,-27.411799,Mcconaghy St,Osborne Rd,Mitchelton,Everton,Intersection - T-Junction,No traffic control,60 km/h,Sealed - Dry,Daylight,Straight,Veh'S Opposite Approach: Thru-Right,Opposing vehicles turning,0,0,1,0,1,2,0,0,0,0,0,0
278990,Medical treatment,2015,11,Rear-end,Multi-Vehicle,153.0391012,-27.45436223,Ann St,,Fortitude Valley,Brisbane Central,Intersection - T-Junction,Operating traffic lights,60 km/h,Sealed - Dry,Daylight,Straight,Veh'S Same Direction: Lane Change Right,Lane changes,0,0,1,0,1,2,0,0,0,0,0,0
278995,Medical treatment,2015,14,Hit pedestrian,Hit pedestrian,153.012178,-27.345659,Beams Rd,Gympie Arterial Rd,Carseldine,Aspley,Intersection - T-Junction,Pedestrian crossing sign,60 km/h,Sealed - Dry,Daylight,Straight,Ped'N: Near Side Vehicle Hit From Right,Pedestrian,0,0,1,0,1,1,0,0,0,0,1,0
279022,Hospitalisation,2015,10,Head-on,Multi-Vehicle,152.893494,-27.541497,Moggill Sub-Arterial Rd,,Pinjarra Hills,Moggill,No Roadway Feature,No traffic control,70 km/h,Sealed - Dry,Daylight,Straight,Veh'S Opposite Approach: Head On,Head-on,0,2,0,0,2,2,0,0,0,0,0,0
279024,Medical treatment,2015,6,Angle,Multi-Vehicle,153.049384,-27.361138,Newman Rd,Zillmere Rd,Zillmere,Nudgee,Intersection - Roundabout,Give way sign,60 km/h,Sealed - Dry,Dawn/Dusk,Straight,Veh'S Adjacent Approach: Thru-Thru,Intersection from adjacent approaches,0,0,1,0,1,2,0,0,0,0,0,0
279025,Medical treatment,2015,5,Rear-end,Multi-Vehicle,153.023221,-27.373426,Gympie Arterial Rd,Webster Rd,Aspley,Aspley,Intersection - Cross,Operating traffic lights,70 km/h,Sealed - Wet,Daylight,Straight,Veh'S Same Direction: Rear End,Rear-end,0,0,2,0,2,1,0,1,0,0,0,0
279030,Hospitalisation,2015,6,Angle,Multi-Vehicle,153.0489913,-27.39613733,Rode Rd,Shaw Rd,Wavell Heights,Clayfield,Intersection - T-Junction,No traffic control,60 km/h,Sealed - Wet,Daylight,Straight,Veh'S Opposite Approach: Thru-Right,Opposing vehicles turning,0,1,0,0,1,1,0,0,0,1,0,0