Crash_Ref_Number,Severity,Year,Hour,Crash_Nature,Crash_Type,Longitude,Latitude,Street,Street_Intersecting,Suburb,Loc_State_Electorate,Crash_Roadway_Feature,Crash_Traffic_Control,Crash_Speed_Limit,Crash_Road_Surface_Condition,Crash_Lighting_Condition,Crash_Road_Horiz_Align,Crash_DCA_Description,Crash_DCA_Group_Description,Count_Casualty_Fatality,Count_Casualty_Hospitalised,Count_Casualty_MedicallyTreated,Count_Casualty_MinorInjury,Count_Casualty_Total,Count_Unit_Car,Count_Unit_Motorcycle_Moped,Count_Unit_Truck,Count_Unit_Bus,Count_Unit_Bicycle,Count_Unit_Pedestrian,Count_Unit_Other
279051,Medical treatment,2015,11,Rear-end,Multi-Vehicle,152.935965,-27.444579,Petmar St,Waterworks Rd,The Gap,Ashgrove,Intersection - T-Junction,No traffic control,60 km/h,Sealed - Dry,Daylight,Straight,Veh'S Same Direction: Right Rear,Rear-end,0,0,1,0,1,2,0,0,0,0,0,0
279052,Hospitalisation,2015,12,Hit object,Single Vehicle,152.893326,-27.431961,Mount Nebo Rd,,Enoggera Reservoir,Ashgrove,No Roadway Feature,No traffic control,80 - 90 km/h,Sealed - Wet,Daylight,Curved - view open,Off Path-Curve: Off Cway Lt Bend Hit Obj,Off carriageway on curve hit object,0,1,0,0,1,0,1,0,0,0,0,0
279054,Hospitalisation,2015,21,Hit object,Single Vehicle,153.003489,-27.447912,Mason St,Thorn St,Red Hill,Mount Coot-tha,Intersection - T-Junction,No traffic control,0 - 50 km/h,Sealed - Dry,Darkness - Lighted,Straight,Off Path-Straight: Other,Other,0,1,0,0,1,1,0,0,0,0,0,0
279055,Medical treatment,2015,18,Sideswipe,Multi-Vehicle,153.038868,-27.455892,James St,Mclachlan St,Fortitude Valley,Brisbane Central,Intersection - T-Junction,Operating traffic lights,60 km/h,Sealed - Dry,Darkness - Lighted,Straight,Veh'S Same Direction: Left Turn S/Swipe,Parallel lanes turning,0,0,1,0,1,1,0,1,0,0,0,0
279057,Hospitalisation,2015,14,Head-on,Multi-Vehicle,152.9469277,-27.51320199,Marshall La,,Kenmore,Moggill,No Roadway Feature,No traffic control,0 - 50 km/h,Sealed - Dry,Daylight,Straight,Veh'S Opposite Approach: Head On,Head-on,0,1,0,0,1,2,0,0,0,0,0,0
279060,Medical treatment,2015,9,Hit pedestrian,Hit pedestrian,153.064163,-27.439417,Kingsford Smith Dr,Racecourse Rd,Hamilton,Clayfield,No Roadway Feature,No traffic control,0 - 50 km/h,Sealed - Dry,Daylight,Straight,Ped'N: Hit By Vehicle Enter/Leave D'Way,Pedestrian,0,0,1,0,1,1,0,0,0,0,1,0
279076,Hospitalisation,2015,9,Fall from vehicle,Single Vehicle,152.926493,-27.438224,Mount Nebo Rd,,The Gap,Ashgrove,No Roadway Feature,No traffic control,70 km/h,Sealed - Dry,Daylight,Curved - view obscured,Veh'S Opposite Approach: Head On,Head-on,0,1,0,0,1,1,1,0,0,0,0,0
279078,Medical treatment,2015,10,Angle,Multi-Vehicle,153.047397,-27.371761,Copperfield St,High St,Geebung,Nudgee,Intersection - Cross,Give way sign,60 km/h,Sealed - Dry,Daylight,Straight,Veh'S Adjacent Approach: Thru-Right,Intersection from adjacent approaches,0,0,1,0,1,1,1,0,0,0,0,0
279095,Medical treatment,2015,21,Angle,Multi-Vehicle,153.022071,-27.469437,Ann St,George St,Brisbane City,Brisbane Central,Intersection - Cross,Operating traffic lights,60 km/h,Sealed - Dry,Darkness - Lighted,Straight,Veh'S Adjacent Approach: Thru-Thru,Intersection from adjacent approaches,0,0,1,0,1,1,1,0,0,0,0,0
279100,Minor injury,2015,15,Sideswipe,Multi-Vehicle,153.063557,-27.283949,Brighton - Redcliffe Rd,,Brighton,Sandgate,Merge Lane,No traffic control,80 - 90 km/h,Sealed - Dry,Daylight,Straight,Veh'S Same Direction: Lane Change Right,Lane changes,0,0,0,1,1,1,0,1,0,0,0,0
279107,Hospitalisation,2015,8,Rear-end,Multi-Vehicle,152.975351,-27.413973,Kedron Ave,Samford Sub-Arterial Rd,Mitchelton,Everton,Intersection - T-Junction,Operating traffic lights,60 km/h,Sealed - Dry,Daylight,Straight,Veh'S Same Direction: Rear End,Rear-end,0,1,0,0,1,2,0,0,0,0,0,0
279120,Minor injury,2015,8,Angle,Multi-Vehicle,152.982384,-27.447725,Girraween Gr,Waterworks Rd,Ashgrove,Ashgrove,Intersection - T-Junction,No traffic control,60 km/h,Sealed - Dry,Daylight,Straight,Veh'S Opposite Approach: Thru-Right,Opposing vehicles turning,0,0,0,1,1,2,0,0,0,0,0,0
279121,Hospitalisation,2015,4,Rear-end,Multi-Vehicle,153.011493,-27.453303,Blamey St,Kelvin Grove Rd,Kelvin Grove,Mount Coot-tha,Intersection - T-Junction,Operating traffic lights,60 km/h,Sealed - Dry,Daylight,Straight,Veh'S Same Direction: Rear End,Rear-end,0,2,0,0,2,2,0,0,0,0,0,0
279124,Medical treatment,2015,11,Rear-end,Multi-Vehicle,152.990917,-27.483377,Jephson St,,Toowong,Mount Coot-tha,No Roadway Feature,No traffic control,60 km/h,Sealed - Wet,Daylight,Straight,Veh'S Same Direction: Rear End,Rear-end,0,0,1,0,1,4,0,0,0,0,0,0
279129,Hospitalisation,2015,15,Angle,Multi-Vehicle,153.008484,-27.400885,Farrant St,Jarvis St,Stafford Heights,Stafford,Intersection - Cross,Give way sign,0 - 50 km/h,Sealed - Dry,Daylight,Straight,Veh'S Adjacent Approach: Thru-Thru,Intersection from adjacent approaches,0,1,0,0,1,2,0,0,0,0,0,0
279155,Minor injury,2015,9,Hit object,Single Vehicle,153.0259613,-27.46242921,Leichhardt St,,Spring Hill,Brisbane Central,No Roadway Feature,No traffic control,60 km/h,Sealed - Wet,Daylight,Curved - view open,Off Path-Curve: Off Cway Rt Bend Hit Obj,Off carriageway on curve hit object,0,0,0,1,1,1,0,0,0,0,0,1
279156,Medical treatment,2015,6,Angle,Multi-Vehicle,153.062639,-27.30368375,Beaconsfield Tce,Gladstone St,Brighton,Sandgate,Intersection - Cross,Give way sign,60 km/h,Sealed - Wet,Daylight,Straight,Veh'S Adjacent Approach: Thru-Right,Intersection from adjacent approaches,0,0,1,0,1,2,0,0,0,0,0,0
279168,Minor injury,2015,16,Angle,Multi-Vehicle,152.990552,-27.422569,Samford Rd,Western Arterial Rd,Enoggera,Ashgrove,Intersection - T-Junction,Pedestrian crossing sign,60 km/h,Sealed - Dry,Daylight,Straight,Veh'S Manoeuvring: Entering From Footway,Vehicle leaving driveway,0,0,0,1,1,1,0,0,0,1,0,0
279193,Minor injury,2015,7,Rear-end,Multi-Vehicle,152.97951,-27.4480055,Glory St,,Ashgrove,Ashgrove,No Roadway Feature,No traffic control,60 km/h,Sealed - Dry,Daylight,Straight,Veh'S Same Direction: Rear End,Rear-end,0,0,0,1,1,3,0,0,0,0,0,0
279194,Minor injury,2015,8,Angle,Multi-Vehicle,152.943572,-27.443274,Waterworks Rd,,The Gap,Ashgrove,No Roadway Feature,No traffic control,60 km/h,Sealed - Dry,Daylight,Straight,Veh'S Manoeuvring: Other,Other,0,0,0,1,1,1,0,0,0,1,0,0
279204,Medical treatment,2015,14,Hit object,Single Vehicle,153.117879,-27.424666,Eagle Farm Rd,,Pinkenba,Clayfield,No Roadway Feature,No traffic control,60 km/h,Sealed - Dry,Daylight,Straight,Off Path-Straight:Right Off Cway Hit Obj,Off carriageway on straight hit object,0,0,1,0,1,1,0,0,0,0,0,0
279220,Minor injury,2015,12,Rear-end,Multi-Vehicle,152.988513,-27.452594,Coronation St,Western Arterial Rd,Bardon,Ashgrove,Intersection - T-Junction,No traffic control,60 km/h,Sealed - Dry,Daylight,Straight,Veh'S Same Direction: Right Rear,Rear-end,0,0,0,2,2,2,0,0,0,0,0,0
279221,Hospitalisation,2015,9,Angle,Multi-Vehicle,153.037834,-27.453423,Brookes St,Wickham St,Fortitude Valley,Brisbane Central,Intersection - Cross,Operating traffic lights,60 km/h,Sealed - Dry,Daylight,Straight,Veh'S Same Direction: Lane Change Right,Lane changes,0,1,0,0,1,0,1,0,0,0,0,1
279222,Hospitalisation,2015,21,Sideswipe,Multi-Vehicle,153.0045801,-27.49315935,Macquarie St,,St Lucia,Indooroopilly,No Roadway Feature,No traffic control,0 - 50 km/h,Sealed - Dry,Darkness - Lighted,Straight,Veh'S Same Direction: Lane Side Swipe,Lane changes,0,1,0,0,1,1,0,0,0,1,0,0
279223,Medical treatment,2015,19,Rear-end,Multi-Vehicle,152.937967,-27.51001,Moggill Sub-Arterial Rd,,Kenmore,Moggill,No Roadway Feature,No traffic control,60 km/h,Sealed - Dry,Darkness - Lighted,Straight,Veh'S Same Direction: Rear End,Rear-end,0,0,1,0,1,2,0,0,0,0,0,0
279228,Medical treatment,2015,8,Angle,Multi-Vehicle,153.041986,-27.425316,Bridge St,Hudson Rd,Wooloowin,Clayfield,Intersection - T-Junction,Give way sign,0 - 50 km/h,Sealed - Dry,Daylight,Curved - view obscured,Veh'S Adjacent Approach: Thru-Right,Intersection from adjacent approaches,0,0,1,0,1,2,0,0,0,0,0,0
279229,Medical treatment,2015,10,Fall from vehicle,Single Vehicle,153.055701,-27.410732,Airport Link,,Clayfield,Clayfield,No Roadway Feature,No traffic control,80 - 90 km/h,Sealed - Dry,Darkness - Lighted,Straight,Off Path-Straight:Out Of Control On Cway,Out of control on straight,0,0,1,0,1,0,1,0,0,0,0,0
279230,Medical treatment,2015,14,Sideswipe,Multi-Vehicle,153.092824,-27.42871,Gateway Arterial Rd,,Eagle Farm,Clayfield,Bridge/Causeway,No traffic control,100 - 110 km/h,Sealed - Dry,Daylight,Straight,Veh'S Same Direction: Rear End,Rear-end,0,0,1,0,1,2,0,0,0,0,0,0
279253,Hospitalisation,2015,22,Angle,Multi-Vehicle,153.014463,-27.458809,Countess St,,Kelvin Grove,Brisbane Central,Intersection - T-Junction,Operating traffic lights,60 km/h,Sealed - Dry,Darkness - Lighted,Curved - view open,Veh'S Adjacant Approach: Thru-Left,Intersection from adjacent approaches,0,1,0,0,1,0,1,0,0,0,0,1
279254,Hospitalisation,2015,4,Hit object,Single Vehicle,153.017114,-27.456959,Inner City Bypass,,Kelvin Grove,Brisbane Central,Intersection - Interchange,No traffic control,60 km/h,Sealed - Dry,Dawn/Dusk,Curved - view open,Off Path-Curve: Off Cway Rt Bend Hit Obj,Off carriageway on curve hit object,0,1,1,0,2,1,0,0,0,0,0,0
279255,Medical treatment,2015,8,Angle,Multi-Vehicle,152.948083,-27.507738,Marshall La,Moggill Rd,Kenmore,Moggill,Intersection - Cross,Operating traffic lights,60 km/h,Sealed - Dry,Daylight,Curved - view open,Veh'S Adjacent Approach: Thru-Thru,Intersection from adjacent approaches,0,0,1,1,2,2,0,0,0,0,0,0
279258,Medical treatment,2015,17,Rear-end,Multi-Vehicle,153.017214,-27.363483,Gympie Arterial Rd,,Aspley,Aspley,No Roadway Feature,No traffic control,70 km/h,Sealed - Dry,Daylight,Straight,Veh'S Same Direction: Rear End,Rear-end,0,0,1,0,1,1,0,0,0,0,0,1
279276,Hospitalisation,2015,7,Rear-end,Multi-Vehicle,153.039532,-27.332325,Telegraph Rd,,Bracken Ridge,Sandgate,No Roadway Feature,No traffic control,60 km/h,Sealed - Dry,Daylight,Straight,Veh'S Same Direction: Right Rear,Rear-end,0,1,0,0,1,1,1,0,0,0,0,0
279277,Minor injury,2015,13,Sideswipe,Multi-Vehicle,153.012271,-27.329086,Gympie Arterial Rd,,Bald Hills,Aspley,No Roadway Feature,No traffic control,100 - 110 km/h,Sealed - Dry,Daylight,Straight,Veh'S Same Direction: Lane Side Swipe,Lane changes,0,0,0,1,1,2,0,0,0,0,0,0
279278,Hospitalisation,2015,14,Angle,Multi-Vehicle,153.041039,-27.350384,Beams Rd,,Taigum,Sandgate,No Roadway Feature,No traffic control,0 - 50 km/h,Sealed - Dry,Daylight,Straight,Veh'S Manoeuvring: Other,Other,0,1,0,0,1,1,0,0,0,0,0,1
279279,Medical treatment,2015,15,Hit object,Single Vehicle,153.011603,-27.386583,Kinnerton St,,Chermside West,Stafford,No Roadway Feature,No traffic control,0 - 50 km/h,Sealed - Dry,Daylight,Straight,Off Path-Straight:Right Off Cway Hit Obj,Off carriageway on straight hit object,0,0,1,0,1,1,0,0,0,0,0,0
279308,Medical treatment,2015,15,Rear-end,Multi-Vehicle,152.985101,-27.388902,Everton Park - Albany Creek Rd,,Mcdowall,Everton,No Roadway Feature,No traffic control,60 km/h,Sealed - Wet,Daylight,Straight,Veh'S Same Direction: Rear End,Rear-end,0,0,1,0,1,2,0,0,0,0,0,0
279314,Minor injury,2015,16,Hit pedestrian,Hit pedestrian,153.04796,-27.432739,Crosby Rd,Lapraik St,Albion,Clayfield,Intersection - T-Junction,No traffic control,0 - 50 km/h,Sealed - Dry,Dawn/Dusk,Straight,Ped'N: Near Side Vehicle Hit From Right,Pedestrian,0,0,0,1,1,1,0,0,0,0,1,0
279315,Medical treatment,2015,16,Rear-end,Multi-Vehicle,153.059514,-27.408867,Sandgate Rd,Sandgate Sub-Arterial Rd,Nundah,Nudgee,No Roadway Feature,Operating traffic lights,60 km/h,Sealed - Dry,Daylight,Straight,Veh'S Same Direction: Rear End,Rear-end,0,0,1,0,1,2,0,0,0,0,0,0
279316,Medical treatment,2015,15,Sideswipe,Multi-Vehicle,153.089637,-27.436637,Fison Ave W,,Eagle Farm,Clayfield,Median Opening,No traffic control,60 km/h,Sealed - Dry,Daylight,Straight,Veh'S Same Direction: Right Turn S/Swipe,Parallel lanes turning,0,0,1,0,1,0,1,1,0,0,0,0
279327,Hospitalisation,2015,16,Fall from vehicle,Single Vehicle,153.003108,-27.454291,Enoggera Tce,,Red Hill,Mount Coot-tha,No Roadway Feature,No traffic control,60 km/h,Sealed - Dry,Daylight,Straight,Pass & Misc: Fell In/From Vehicle,Other,0,1,0,0,1,0,1,0,0,0,0,0
279329,Medical treatment,2015,17,Sideswipe,Multi-Vehicle,152.9932227,-27.48142307,Sylvan Rd,,Toowong,Mount Coot-tha,No Roadway Feature,No traffic control,0 - 50 km/h,Sealed - Dry,Daylight,Straight,Veh'S Same Direction: Left Turn S/Swipe,Parallel lanes turning,0,0,1,0,1,1,0,0,0,1,0,0
279330,Medical treatment,2015,11,Angle,Multi-Vehicle,152.960873,-27.505033,Moggill Sub-Arterial Rd,,Chapel Hill,Moggill,No Roadway Feature,No traffic control,60 km/h,Sealed - Dry,Daylight,Straight,Veh'S Same Direction: Left Turn S/Swipe,Parallel lanes turning,0,0,1,0,1,1,1,0,0,0,0,0
279331,Medical treatment,2015,7,Hit pedestrian,Hit pedestrian,153.02643,-27.324558,Norris Rd,,Bracken Ridge,Sandgate,No Roadway Feature,No traffic control,60 km/h,Sealed - Dry,Daylight,Straight,Ped'N: Near Side Vehicle Hit From Right,Pedestrian,0,0,1,0,1,1,0,0,0,0,1,0
279337,Hospitalisation,2015,11,Hit object,Single Vehicle,153.022588,-27.364681,Robinson Rd W,Wilmah St,Aspley,Aspley,Intersection - T-Junction,No traffic control,60 km/h,Sealed - Dry,Daylight,Straight,Off Path-Straight: Other,Other,0,1,0,0,1,1,0,0,0,0,0,0
279338,Medical treatment,2015,11,Hit object,Single Vehicle,152.7677211,-27.51440855,Kholo Rd,,Kholo,Moggill,No Roadway Feature,No traffic control,80 - 90 km/h,Sealed - Dry,Daylight,Curved - view obscured,Off Path-Curve: Off Cway Rt Bend Hit Obj,Off carriageway on curve hit object,0,0,1,0,1,0,1,0,0,0,0,0
279343,Medical treatment,2015,10,Angle,Multi-Vehicle,153.082839,-27.433127,Fison Ave W,Kingsford Smith Dr,Eagle Farm,Clayfield,Intersection - Cross,Operating traffic lights,60 km/h,Sealed - Dry,Daylight,Straight,Veh'S Opposite Approach: Thru-Right,Opposing vehicles turning,0,0,1,0,1,1,0,1,0,0,0,0
279362,Medical treatment,2015,18,Head-on,Multi-Vehicle,152.987881,-27.498529,Swann Rd,,Taringa,Indooroopilly,No Roadway Feature,No traffic control,60 km/h,Sealed - Wet,Daylight,Curved - view open,Veh'S Opposite Approach: Head On,Head-on,0,0,2,0,2,2,0,0,0,0,0,0
279369,Hospitalisation,2015,5,Hit object,Single Vehicle,153.02811,-27.34334,Carselgrove Ave,,Fitzgibbon,Sandgate,No Roadway Feature,No traffic control,0 - 50 km/h,Sealed - Dry,Dawn/Dusk,Curved - view open,Off Path-Curve: Off Cway Rt Bend Hit Obj,Off carriageway on curve hit object,0,1,0,0,1,3,0,0,0,0,0,0
279370,Hospitalisation,2015,14,Fall from vehicle,Single Vehicle,153.022955,-27.373537,Gympie Arterial Rd,Webster Rd,Aspley,Aspley,Intersection - T-Junction,Operating traffic lights,70 km/h,Sealed - Wet,Daylight,Curved - view open,Pass & Misc: Fell In/From Vehicle,Other,0,1,0,0,1,0,1,0,0,0,0,0
279376,Hospitalisation,2015,15,Hit parked vehicle,Single Vehicle,153.019922,-27.426683,Days Rd,,Grange,Stafford,No Roadway Feature,No traffic control,60 km/h,Sealed - Wet,Daylight,Straight,Off Path-Straight:Right Off Cway Hit Obj,Off carriageway on straight hit object,0,1,0,0,1,3,0,0,0,0,0,0
279377,Medical treatment,2015,5,Rear-end,Multi-Vehicle,153.016911,-27.426273,Days Rd,Lanham Ave,Grange,Stafford,Intersection - T-Junction,Operating traffic lights,60 km/h,Sealed - Dry,Dawn/Dusk,Straight,Veh'S Same Direction: Right Rear,Rear-end,0,0,1,0,1,1,0,0,0,1,0,0
279378,Hospitalisation,2015,15,Rear-end,Multi-Vehicle,153.093042,-27.393352,Gateway Arterial Rd,,Banyo,Clayfield,No Roadway Feature,No traffic control,100 - 110 km/h,Sealed - Wet,Daylight,Curved - view open,Veh'S Same Direction: Rear End,Rear-end,0,2,0,0,2,3,0,0,0,0,0,0
279379,Medical treatment,2015,12,Hit pedestrian,Hit pedestrian,152.984272,-27.432018,Farrell St,,Ashgrove,Ashgrove,No Roadway Feature,No traffic control,0 - 50 km/h,Sealed - Dry,Daylight,Straight,Pass & Misc: Parked Car Ran Away,Other,0,0,1,0,1,1,0,0,0,0,1,0
279380,Medical treatment,2015,0,Angle,Multi-Vehicle,152.97582,-27.4142,Samford Sub-Arterial Rd,Suez St,Mitchelton,Everton,Intersection - T-Junction,Give way sign,60 km/h,Sealed - Wet,Daylight,Straight,Veh'S Adjacent Approach: Thru-Right,Intersection from adjacent approaches,0,0,1,0,1,1,1,0,0,0,0,0
279403,Medical treatment,2015,7,Rear-end,Multi-Vehicle,153.011089,-27.463702,Hale St,,Petrie Terrace,Mount Coot-tha,No Roadway Feature,No traffic control,60 km/h,Sealed - Wet,Daylight,Straight,Veh'S Same Direction: Rear End,Rear-end,0,0,1,1,2,4,0,0,0,0,0,0
279406,Hospitalisation,2015,15,Hit object,Single Vehicle,152.99343,-27.485455,Benson St,,Toowong,Mount Coot-tha,No Roadway Feature,No traffic control,60 km/h,Sealed - Wet,Daylight,Straight,Off Path-Straight:Right Off Cway Hit Obj,Off carriageway on straight hit object,0,1,0,0,1,1,1,0,0,0,0,0
279407,Hospitalisation,2015,16,Angle,Multi-Vehicle,152.885281,-27.563185,Montanus Dr,Pinkwood St,Bellbowrie,Moggill,Intersection - T-Junction,No traffic control,60 km/h,Sealed - Wet,Daylight,Straight,Veh'S Adjacent Approach: Thru-Right,Intersection from adjacent approaches,0,1,0,0,1,2,0,0,0,0,0,0
279423,Medical treatment,2015,7,Angle,Multi-Vehicle,153.041939,-27.425545,Bridge St,Hudson Rd,Wooloowin,Clayfield,Intersection - T-Junction,Give way sign,60 km/h,Sealed - Wet,Daylight,Straight,Veh'S Adjacent Approach: Thru-Right,Intersection from adjacent approaches,0,0,1,0,1,2,0,0,0,0,0,0
279424,Medical treatment,2015,7,Rear-end,Multi-Vehicle,153.030971,-27.438082,Lutwyche Rd,Newmarket Rd,Windsor,Brisbane Central,Intersection - T-Junction,Operating traffic lights,60 km/h,Sealed - Dry,Daylight,Straight,Veh'S Same Direction: Right Rear,Rear-end,0,0,2,0,2,2,0,0,0,0,0,0
279467,Hospitalisation,2015,11,Hit pedestrian,Hit pedestrian,153.033994,-27.422904,Lowerson St,,Lutwyche,Clayfield,No Roadway Feature,No traffic control,60 km/h,Sealed - Wet,Daylight,Straight,Ped'N: Far Side Vehicle Hit From Left,Pedestrian,0,1,0,0,1,1,0,0,0,0,1,0
279468,Medical treatment,2015,9,Rear-end,Multi-Vehicle,153.036566,-27.415791,Lutwyche Rd,,Lutwyche,Stafford,No Roadway Feature,No traffic control,60 km/h,Sealed - Wet,Daylight,Straight,Veh'S Same Direction: Rear End,Rear-end,0,0,2,0,2,2,0,0,0,0,0,0
279493,Medical treatment,2015,7,Rear-end,Multi-Vehicle,153.0293833,-27.37894792,Gympie Arterial Rd,Murphy Rd,Aspley,Aspley,Intersection - T-Junction,Operating traffic lights,70 km/h,Sealed - Wet,Daylight,Curved - view open,Veh'S Same Direction: Rear End,Rear-end,0,0,1,0,1,2,0,0,0,0,0,0
279499,Medical treatment,2015,17,Rear-end,Multi-Vehicle,153.031185,-27.437494,Cartwright St,Lutwyche Rd,Windsor,Brisbane Central,Intersection - T-Junction,No traffic control,60 km/h,Sealed - Wet,Daylight,Straight,Veh'S Same Direction: Rear End,Rear-end,0,0,1,0,1,2,0,0,0,0,0,0
279547,Hospitalisation,2015,15,Hit pedestrian,Hit pedestrian,153.032464,-27.458711,Gipps St,Wickham St,Fortitude Valley,Brisbane Central,Intersection - Cross,Operating traffic lights,60 km/h,Sealed - Dry,Daylight,Straight,Ped'N: Far Side Vehicle Hit From Left,Pedestrian,0,1,0,0,1,1,0,0,0,0,1,0
279551,Hospitalisation,2015,17,Hit pedestrian,Hit pedestrian,153.007883,-27.4083583,Teevan St,,Stafford,Stafford,No Roadway Feature,No traffic control,60 km/h,Sealed - Dry,Daylight,Straight,Ped'N: Near Side Vehicle Hit From Right,Pedestrian,0,1,0,0,1,1,0,0,0,0,1,0
279552,Medical treatment,2015,13,Rear-end,Multi-Vehicle,153.021908,-27.384564,Hamilton Rd,Webster Rd,Chermside,Stafford,Intersection - Roundabout,Give way sign,60 km/h,Sealed - Dry,Daylight,Straight,Veh'S Same Direction: Rear End,Rear-end,0,0,1,0,1,2,0,0,0,0,0,0
279555,Medical treatment,2015,16,Rear-end,Multi-Vehicle,153.0340335,-27.42168285,Lutwyche Rd,,Lutwyche,Clayfield,No Roadway Feature,No traffic control,60 km/h,Sealed - Dry,Daylight,Straight,Veh'S Same Direction: Rear End,Rear-end,0,0,2,0,2,3,0,0,0,0,0,0
279556,Hospitalisation,2015,8,Rear-end,Multi-Vehicle,152.9863177,-27.39567825,Everton Park - Albany Creek Rd,,Everton Park,Everton,No Roadway Feature,No traffic control,60 km/h,Sealed - Dry,Daylight,Straight,Veh'S Same Direction: Rear End,Rear-end,0,2,0,0,2,3,0,0,0,0,0,0
279574,Hospitalisation,2015,18,Angle,Multi-Vehicle,152.972439,-27.459556,Simpsons Rd,,Bardon,Mount Coot-tha,No Roadway Feature,No traffic control,0 - 50 km/h,Sealed - Dry,Daylight,Straight,Veh'S Manoeuvring: Entering From Footway,Vehicle leaving driveway,0,1,0,0,1,0,0,0,0,2,0,0
279575,Hospitalisation,2015,13,Hit parked vehicle,Single Vehicle,152.9999569,-27.50451407,Hawken Dr,,St Lucia,Indooroopilly,No Roadway Feature,No traffic control,0 - 50 km/h,Sealed - Dry,Daylight,Curved - view obscured,Veh'S Opposite Approach: Other,Other,0,1,0,0,1,2,0,0,0,0,0,0
279576,Medical treatment,2015,8,Rear-end,Multi-Vehicle,152.958306,-27.511013,Moggill Rd,Western Arterial Rd,Indooroopilly,Moggill,Intersection - Interchange,No traffic control,80 - 90 km/h,Sealed - Dry,Daylight,Straight,Veh'S Same Direction: Rear End,Rear-end,0,0,1,0,1,2,0,0,0,0,0,0
279577,Medical treatment,2015,15,Rear-end,Multi-Vehicle,152.962971,-27.5029153,Western Arterial Rd,,Indooroopilly,Indooroopilly,No Roadway Feature,No traffic control,80 - 90 km/h,Sealed - Dry,Daylight,Straight,Veh'S Same Direction: Rear End,Rear-end,0,0,1,1,2,2,0,0,0,0,0,0
279606,Hospitalisation,2015,17,Hit pedestrian,Hit pedestrian,153.0271343,-27.47163775,Albert St,,Brisbane City,Brisbane Central,No Roadway Feature,No traffic control,0 - 50 km/h,Sealed - Dry,Daylight,Straight,Ped'N: Far Side Vehicle Hit From Left,Pedestrian,0,1,0,0,1,1,0,0,0,0,1,0
279607,Hospitalisation,2015,21,Angle,Multi-Vehicle,153.006081,-27.493858,Coldridge St,Sir Fred Schonell Dr,St Lucia,Indooroopilly,Intersection - T-Junction,Operating traffic lights,60 km/h,Sealed - Dry,Darkness - Lighted,Straight,Veh'S Opposite Approach: Thru-Right,Opposing vehicles turning,0,2,0,0,2,1,1,0,0,0,0,0
279608,Medical treatment,2015,14,Angle,Multi-Vehicle,152.886526,-27.563062,Moggill Sub-Arterial Rd,Montanus Dr,Bellbowrie,Moggill,Intersection - T-Junction,Give way sign,60 km/h,Sealed - Dry,Daylight,Straight,Veh'S Adjacent Approach: Thru-Right,Intersection from adjacent approaches,0,0,1,0,1,2,0,0,0,0,0,0
279609,Hospitalisation,2015,23,Rear-end,Multi-Vehicle,152.9499318,-27.51978263,Western Arterial Rd,,Kenmore,Moggill,No Roadway Feature,No traffic control,80 - 90 km/h,Sealed - Dry,Darkness - Lighted,Curved - view open,Veh'S Same Direction: Rear End,Rear-end,0,1,0,0,1,2,0,0,0,0,0,0
279612,Medical treatment,2015,15,Angle,Multi-Vehicle,153.026549,-27.331143,Telegraph Rd,,Bracken Ridge,Sandgate,No Roadway Feature,Give way sign,60 km/h,Sealed - Dry,Daylight,Straight,Veh'S Manoeuvring: Other,Other,0,0,1,0,1,1,0,0,0,1,0,0
279624,Medical treatment,2015,9,Angle,Multi-Vehicle,153.06143,-27.399441,Bridge St,Nundah St,Nundah,Clayfield,No Roadway Feature,No traffic control,0 - 50 km/h,Sealed - Dry,Daylight,Straight,Veh'S Manoeuvring: Leaving Driveway,Vehicle leaving driveway,0,0,1,0,1,2,0,0,0,0,0,0
279625,Hospitalisation,2015,7,Angle,Multi-Vehicle,153.019416,-27.426615,Days Rd,Uxbridge St,Grange,Stafford,Intersection - T-Junction,No traffic control,60 km/h,Sealed - Dry,Daylight,Straight,Veh'S Adjacent Approach: Left-Thru,Intersection from adjacent approaches,0,2,0,0,2,2,0,0,0,0,0,0
279645,Minor injury,2015,14,Fall from vehicle,Single Vehicle,153.026637,-27.4673595,Adelaide St,,Brisbane City,Brisbane Central,No Roadway Feature,No traffic control,0 - 50 km/h,Sealed - Dry,Daylight,Straight,Off Path-Straight:Out Of Control On Cway,Out of control on straight,0,0,0,1,1,1,0,0,0,1,0,0
279646,Medical treatment,2015,11,Rear-end,Multi-Vehicle,153.03979,-27.462234,Brunswick St,Kent St,New Farm,Brisbane Central,Intersection - Cross,Operating traffic lights,0 - 50 km/h,Sealed - Dry,Daylight,Straight,Veh'S Same Direction: Right Rear,Rear-end,0,0,1,0,1,2,0,0,0,0,0,0
279647,Medical treatment,2015,7,Rear-end,Multi-Vehicle,153.070325,-27.321649,Rainbow St,,Sandgate,Sandgate,No Roadway Feature,No traffic control,0 - 50 km/h,Sealed - Dry,Daylight,Straight,Veh'S Same Direction: Rear End,Rear-end,0,0,2,2,4,3,0,0,0,0,0,0
279650,Medical treatment,2015,12,Rear-end,Multi-Vehicle,153.061508,-27.362892,Sandgate Rd,Sandgate Sub-Arterial Rd,Boondall,Nudgee,Intersection - Cross,Operating traffic lights,70 km/h,Sealed - Dry,Daylight,Straight,Veh'S Same Direction: Right Rear,Rear-end,0,0,1,0,1,2,0,0,0,0,0,0