Crash_Ref_Number,Severity,Year,Hour,Crash_Nature,Crash_Type,Longitude,Latitude,Street,Street_Intersecting,Suburb,Loc_State_Electorate,Crash_Roadway_Feature,Crash_Traffic_Control,Crash_Speed_Limit,Crash_Road_Surface_Condition,Crash_Lighting_Condition,Crash_Road_Horiz_Align,Crash_DCA_Description,Crash_DCA_Group_Description,Count_Casualty_Fatality,Count_Casualty_Hospitalised,Count_Casualty_MedicallyTreated,Count_Casualty_MinorInjury,Count_Casualty_Total,Count_Unit_Car,Count_Unit_Motorcycle_Moped,Count_Unit_Truck,Count_Unit_Bus,Count_Unit_Bicycle,Count_Unit_Pedestrian,Count_Unit_Other
279657,Hospitalisation,2015,8,Angle,Multi-Vehicle,153.051368,-27.410783,Lodge Rd,Park Ave,Clayfield,Clayfield,Intersection - T-Junction,Give way sign,0 - 50 km/h,Sealed - Dry,Daylight,Straight,Veh'S Adjacent Approach: Left-Right,Intersection from adjacent approaches,0,1,0,0,1,1,1,0,0,0,0,0
279658,Minor injury,2015,18,Angle,Multi-Vehicle,153.044042,-27.428638,Camden St,Sandgate Rd,Albion,Clayfield,Intersection - T-Junction,No traffic control,60 km/h,Sealed - Dry,Dawn/Dusk,Straight,Veh'S Manoeuvring: Other,Other,0,0,0,1,1,1,0,0,0,1,0,0
279659,Medical treatment,2015,6,Rear-end,Multi-Vehicle,153.049655,-27.427431,Sandgate Rd,,Clayfield,Clayfield,No Roadway Feature,No traffic control,60 km/h,Sealed - Dry,Daylight,Straight,Veh'S Same Direction: Rear End,Rear-end,0,0,1,0,1,3,0,0,0,0,0,0
279680,Medical treatment,2015,14,Rear-end,Multi-Vehicle,153.007518,-27.444244,Kelvin Grove Rd,,Kelvin Grove,Brisbane Central,No Roadway Feature,No traffic control,0 - 50 km/h,Sealed - Dry,Daylight,Straight,Veh'S Same Direction: Rear End,Rear-end,0,0,1,0,1,1,1,0,0,0,0,0
279681,Medical treatment,2015,6,Sideswipe,Multi-Vehicle,153.026266,-27.461947,Leichhardt St,Wharf St,Spring Hill,Brisbane Central,Intersection - T-Junction,Operating traffic lights,0 - 50 km/h,Sealed - Wet,Daylight,Straight,Veh'S Same Direction: Lane Change Left,Lane changes,0,0,1,0,1,2,0,0,0,0,0,0
279683,Hospitalisation,2015,11,Hit parked vehicle,Single Vehicle,153.041429,-27.457925,James St,,Fortitude Valley,Brisbane Central,No Roadway Feature,No traffic control,60 km/h,Sealed - Dry,Daylight,Straight,Veh'S Manoeuvring: Other,Other,0,1,0,0,1,3,0,0,0,0,0,0
279684,Medical treatment,2015,15,Angle,Multi-Vehicle,153.029073,-27.458622,St Pauls Tce,Warren St,Fortitude Valley,Brisbane Central,Intersection - T-Junction,No traffic control,60 km/h,Sealed - Dry,Daylight,Straight,Veh'S Opposite Approach: Thru-Right,Opposing vehicles turning,0,0,1,0,1,1,1,0,0,0,0,0
279685,Medical treatment,2015,12,Rear-end,Multi-Vehicle,152.993589,-27.485079,Benson St,,Toowong,Mount Coot-tha,No Roadway Feature,No traffic control,60 km/h,Sealed - Dry,Daylight,Curved - view open,Veh'S Same Direction: Rear End,Rear-end,0,0,1,1,2,3,0,0,0,0,0,0
279690,Hospitalisation,2015,18,Angle,Multi-Vehicle,153.0368144,-27.366822,Murphy Rd,Robinson Rd W,Geebung,Nudgee,Intersection - Cross,Operating traffic lights,60 km/h,Sealed - Dry,Darkness - Lighted,Straight,Veh'S Opposite Approach: Thru-Right,Opposing vehicles turning,0,1,0,1,2,3,0,0,0,0,0,0
279691,Hospitalisation,2015,18,Rear-end,Multi-Vehicle,153.02308,-27.373342,Gympie Arterial Rd,Webster Rd,Aspley,Aspley,Intersection - Cross,Operating traffic lights,70 km/h,Sealed - Dry,Darkness - Lighted,Straight,Veh'S Same Direction: Rear End,Rear-end,0,2,0,0,2,2,0,0,0,0,0,0
279697,Medical treatment,2015,12,Rear-end,Multi-Vehicle,153.0642,-27.417952,Gerler Rd,Zillman Rd,Hendra,Clayfield,Intersection - T-Junction,Stop sign,0 - 50 km/h,Sealed - Dry,Daylight,Straight,Veh'S Same Direction: Left Rear,Rear-end,0,0,1,0,1,2,0,0,0,0,0,0
279698,Hospitalisation,2015,7,Rear-end,Multi-Vehicle,153.040766,-27.432435,Hudson Rd,,Albion,Clayfield,No Roadway Feature,No traffic control,60 km/h,Sealed - Wet,Daylight,Straight,Veh'S Same Direction: Rear End,Rear-end,0,1,1,0,2,3,0,0,0,0,0,0
279726,Medical treatment,2015,15,Angle,Multi-Vehicle,152.989131,-27.455519,Bellavista Tce,Belmont Cres,Paddington,Mount Coot-tha,Intersection - T-Junction,No traffic control,0 - 50 km/h,Sealed - Dry,Daylight,Straight,Veh'S Adjacent Approach: Thru-Right,Intersection from adjacent approaches,0,0,1,0,1,1,1,0,0,0,0,0
279727,Medical treatment,2015,14,Rear-end,Multi-Vehicle,153.0362267,-27.45964615,Ivory St,,Fortitude Valley,Brisbane Central,No Roadway Feature,No traffic control,60 km/h,Sealed - Dry,Daylight,Straight,Veh'S Same Direction: Rear End,Rear-end,0,0,1,0,1,2,0,0,0,0,0,0
279731,Hospitalisation,2015,10,Sideswipe,Multi-Vehicle,153.032569,-27.343451,Orchid Cres,Rose Cres,Fitzgibbon,Sandgate,No Roadway Feature,No traffic control,0 - 50 km/h,Sealed - Dry,Daylight,Curved - view open,Veh'S Adjacent Approach: Right-Thru,Intersection from adjacent approaches,0,1,0,0,1,1,0,0,0,1,0,0
279732,Medical treatment,2015,11,Angle,Multi-Vehicle,153.0218913,-27.34878788,Dorville Rd,,Carseldine,Aspley,No Roadway Feature,No traffic control,60 km/h,Sealed - Dry,Daylight,Straight,Veh'S Adjacent Approach: Thru-Right,Intersection from adjacent approaches,0,0,2,0,2,2,0,0,0,0,0,0
279758,Hospitalisation,2015,22,Hit object,Single Vehicle,152.9260527,-27.4949662,Gap Creek Rd,,Kenmore Hills,Moggill,No Roadway Feature,No traffic control,0 - 50 km/h,Sealed - Dry,Darkness - Not lighted,Curved - view open,Off Path-Curve: Out Of Control On Cway,Out of control on curve,0,1,0,0,1,1,0,0,0,0,0,0
279765,Hospitalisation,2015,4,Hit object,Single Vehicle,153.044602,-27.416451,Dickson St,,Wooloowin,Clayfield,No Roadway Feature,No traffic control,60 km/h,Sealed - Dry,Dawn/Dusk,Straight,Off Path-Straight: Left Off Cway Hit Obj,Off carriageway on straight hit object,0,1,0,0,1,3,0,0,0,0,0,0
279786,Hospitalisation,2015,13,Angle,Multi-Vehicle,152.989088,-27.45011,Arthur Tce,Western Arterial Rd,Bardon,Mount Coot-tha,Intersection - Cross,Operating traffic lights,60 km/h,Sealed - Dry,Daylight,Straight,Veh'S Adjacent Approach: Thru-Thru,Intersection from adjacent approaches,0,5,0,0,5,2,0,0,0,0,0,0
279787,Minor injury,2015,16,Angle,Multi-Vehicle,153.004258,-27.465258,Heussler Tce,,Milton,Mount Coot-tha,Intersection - T-Junction,No traffic control,60 km/h,Sealed - Dry,Daylight,Curved - view open,Veh'S Opposite Approach: Thru-Right,Opposing vehicles turning,0,0,0,1,1,2,0,0,0,0,0,0
279790,Hospitalisation,2015,12,Angle,Multi-Vehicle,153.0612776,-27.37042279,Robinson Rd E,,Virginia,Nudgee,No Roadway Feature,No traffic control,60 km/h,Sealed - Dry,Daylight,Straight,Veh'S Manoeuvring: Leaving Driveway,Vehicle leaving driveway,0,1,0,0,1,1,0,0,1,0,0,0
279795,Medical treatment,2015,8,Rear-end,Multi-Vehicle,153.014951,-27.422165,Grange Rd,,Grange,Stafford,No Roadway Feature,No traffic control,60 km/h,Sealed - Dry,Daylight,Straight,Veh'S Same Direction: Rear End,Rear-end,0,0,1,0,1,2,0,0,0,0,0,0
279796,Hospitalisation,2015,16,Hit object,Single Vehicle,152.961815,-27.404868,Dawson Pde,,Keperra,Ferny Grove,No Roadway Feature,No traffic control,60 km/h,Sealed - Dry,Daylight,Straight,Off Path-Straight: Left Off Cway Hit Obj,Off carriageway on straight hit object,0,1,0,0,1,1,1,0,0,0,0,0
279819,Medical treatment,2015,7,Sideswipe,Multi-Vehicle,152.939195,-27.507416,Brookfield Rd,Moggill Sub-Arterial Rd,Kenmore,Moggill,Intersection - Roundabout,Give way sign,60 km/h,Sealed - Dry,Daylight,Curved - view open,Veh'S Opposite Approach: Thru-Right,Opposing vehicles turning,0,0,1,0,1,2,0,0,0,0,0,0
279824,Hospitalisation,2015,10,Angle,Multi-Vehicle,153.0582149,-27.37394689,Pritchard Rd,Yarraman Pl,Virginia,Nudgee,Intersection - T-Junction,Give way sign,60 km/h,Sealed - Dry,Daylight,Straight,Veh'S Adjacent Approach: Thru-Right,Intersection from adjacent approaches,0,1,0,0,1,2,0,0,0,0,0,0
279831,Medical treatment,2015,13,Rear-end,Multi-Vehicle,153.059075,-27.414968,Gellibrand St,,Clayfield,Clayfield,No Roadway Feature,No traffic control,0 - 50 km/h,Sealed - Dry,Daylight,Straight,Veh'S Same Direction: Right Rear,Rear-end,0,0,1,0,1,2,0,0,0,0,0,0
279832,Hospitalisation,2015,10,Angle,Multi-Vehicle,153.117849,-27.424647,Eagle Farm Rd,,Pinkenba,Clayfield,No Roadway Feature,No traffic control,60 km/h,Sealed - Dry,Daylight,Straight,Veh'S Manoeuvring: Leaving Driveway,Vehicle leaving driveway,0,2,0,0,2,2,0,0,0,0,0,0
279833,Hospitalisation,2015,11,Rear-end,Multi-Vehicle,153.041455,-27.428585,Hudson Rd,,Albion,Clayfield,No Roadway Feature,No traffic control,60 km/h,Sealed - Dry,Daylight,Straight,Veh'S Same Direction: Rear End,Rear-end,0,1,0,0,1,2,0,1,0,0,0,0
279834,Medical treatment,2015,16,Sideswipe,Multi-Vehicle,153.055677,-27.418304,Sandgate Rd,,Clayfield,Clayfield,No Roadway Feature,Pedestrian operated lights,60 km/h,Sealed - Dry,Daylight,Straight,Off Path-Straight: Left Off Cway Hit Obj,Off carriageway on straight hit object,0,0,3,0,3,2,0,0,0,0,0,0
279835,Medical treatment,2015,15,Sideswipe,Multi-Vehicle,153.058364,-27.41596,East - West Arterial Rd,Sandgate Rd,Clayfield,Clayfield,Intersection - Cross,Operating traffic lights,60 km/h,Sealed - Dry,Daylight,Straight,Veh'S Same Direction: Lane Side Swipe,Lane changes,0,0,1,0,1,2,1,0,0,0,0,0
279836,Hospitalisation,2015,6,Angle,Multi-Vehicle,153.085313,-27.4351,Eagleview Pl,Fison Ave W,Eagle Farm,Clayfield,Intersection - Interchange,Stop sign,60 km/h,Sealed - Dry,Daylight,Curved - view open,Veh'S Adjacent Approach: Thru-Thru,Intersection from adjacent approaches,0,1,0,0,1,2,0,0,0,0,0,0
279857,Hospitalisation,2015,19,Hit parked vehicle,Single Vehicle,153.005234,-27.464095,Sackville St,,Milton,Mount Coot-tha,No Roadway Feature,No traffic control,0 - 50 km/h,Sealed - Dry,Darkness - Lighted,Straight,Pass & Misc: Parked Car Ran Away,Other,0,1,0,0,1,3,0,0,0,0,0,0
279867,Hospitalisation,2015,9,Angle,Multi-Vehicle,152.997875,-27.41810178,Corbett St,Sicklefield Rd,Enoggera,Ashgrove,Intersection - T-Junction,No traffic control,60 km/h,Sealed - Dry,Daylight,Straight,Veh'S Opposite Approach: Thru-Right,Opposing vehicles turning,0,1,0,0,1,2,0,0,0,0,0,0
279890,Medical treatment,2015,8,Angle,Multi-Vehicle,153.042379,-27.446887,Breakfast Ck Rd,Evelyn St,Newstead,Brisbane Central,Intersection - T-Junction,Operating traffic lights,60 km/h,Sealed - Dry,Daylight,Curved - view open,Veh'S Opposite Approach: Thru-Right,Opposing vehicles turning,0,0,1,0,1,2,0,0,0,0,0,0
279894,Medical treatment,2015,12,Angle,Multi-Vehicle,153.0309026,-27.39342565,Gympie Arterial Rd,Rode Rd,Chermside,Stafford,Intersection - Cross,Operating traffic lights,60 km/h,Sealed - Dry,Daylight,Straight,Veh'S Opposite Approach: Thru-Right,Opposing vehicles turning,0,0,1,4,5,2,0,0,0,0,0,0
279898,Medical treatment,2015,14,Rear-end,Multi-Vehicle,153.037489,-27.394387,Rode Rd,,Wavell Heights,Nudgee,No Roadway Feature,No traffic control,60 km/h,Sealed - Dry,Daylight,Straight,Veh'S Same Direction: Rear End,Rear-end,0,0,1,0,1,4,0,0,0,0,0,0
279899,Medical treatment,2015,15,Rear-end,Multi-Vehicle,152.987998,-27.379362,Hamilton Rd,,Mcdowall,Aspley,No Roadway Feature,No traffic control,60 km/h,Sealed - Dry,Daylight,Straight,Veh'S Same Direction: Rear End,Rear-end,0,0,1,0,1,3,0,0,0,0,0,0
279908,Hospitalisation,2015,17,Angle,Multi-Vehicle,153.021304,-27.42776033,Antill St,Eighth Ave,Wilston,Stafford,Intersection - Cross,Stop sign,0 - 50 km/h,Sealed - Dry,Daylight,Straight,Veh'S Adjacent Approach: Thru-Thru,Intersection from adjacent approaches,0,1,1,0,2,3,0,0,0,0,0,0
279909,Medical treatment,2015,6,Angle,Multi-Vehicle,152.987471,-27.408292,Brook St,Griffith St,Everton Park,Everton,Intersection - Roundabout,Give way sign,0 - 50 km/h,Sealed - Dry,Daylight,Straight,Veh'S Adjacent Approach: Right-Thru,Intersection from adjacent approaches,0,0,1,0,1,2,0,0,0,0,0,0
279934,Medical treatment,2015,10,Head-on,Multi-Vehicle,152.878449,-27.515885,Red Cedar Rd,,Pullenvale,Moggill,No Roadway Feature,No traffic control,60 km/h,Sealed - Dry,Daylight,Curved - view open,Veh'S Opposite Approach: Head On,Head-on,0,0,1,0,1,1,0,1,0,0,0,0
279937,Medical treatment,2015,7,Sideswipe,Multi-Vehicle,153.029877,-27.380972,Gympie Arterial Rd,,Chermside,Nudgee,No Roadway Feature,No traffic control,60 km/h,Sealed - Dry,Daylight,Straight,Veh'S On Path: Car Door,Hit parked vehicle,0,0,1,0,1,2,1,0,0,0,0,0
279944,Minor injury,2015,21,Sideswipe,Multi-Vehicle,153.078583,-27.39948,Gateway Arterial Rd,Southern Cross Wy Ramp Td,Northgate,Nudgee,Intersection - Roundabout,Give way sign,60 km/h,Sealed - Dry,Darkness - Not lighted,Straight,Veh'S Same Direction: Lane Side Swipe,Lane changes,0,0,0,1,1,1,0,1,0,0,0,0
279969,Hospitalisation,2015,17,Angle,Multi-Vehicle,153.027859,-27.466239,Adelaide St,Creek St,Brisbane City,Brisbane Central,Intersection - Cross,Operating traffic lights,0 - 50 km/h,Sealed - Dry,Daylight,Straight,Veh'S Adjacent Approach: Thru-Thru,Intersection from adjacent approaches,0,1,0,0,1,1,0,0,0,1,0,0
279970,Medical treatment,2015,16,Sideswipe,Multi-Vehicle,153.025019,-27.464836,Edward St,Wickham Tce,Spring Hill,Brisbane Central,Intersection - Cross,Operating traffic lights,0 - 50 km/h,Sealed - Dry,Daylight,Straight,Veh'S Same Direction: Lane Side Swipe,Lane changes,0,0,1,0,1,2,0,0,0,0,0,0
279971,Fatal,2015,17,Angle,Multi-Vehicle,153.010733,-27.445363,Herston Rd,,Kelvin Grove,Brisbane Central,No Roadway Feature,No traffic control,0 - 50 km/h,Sealed - Dry,Daylight,Straight,Veh'S Overtaking: Overtake-Right Turn,Overtaking same direction,1,0,0,0,1,1,2,0,0,0,0,0
279972,Medical treatment,2015,18,Angle,Multi-Vehicle,153.009011,-27.462396,Caxton St,Dowse St,Paddington,Mount Coot-tha,Intersection - Cross,Operating traffic lights,60 km/h,Sealed - Dry,Dawn/Dusk,Straight,Veh'S Opposite Approach: Right-Left,Opposing vehicles turning,0,0,1,0,1,2,0,0,0,0,0,0
279983,Hospitalisation,2015,11,Sideswipe,Multi-Vehicle,153.056699,-27.417525,Alexandra Rd,Sandgate Rd,Clayfield,Clayfield,Intersection - Cross,Give way sign,60 km/h,Sealed - Dry,Daylight,Straight,Veh'S Same Direction: Lane Change Left,Lane changes,0,1,0,0,1,1,1,0,0,0,0,0
279984,Medical treatment,2015,17,Rear-end,Multi-Vehicle,153.072422,-27.427081,Nudgee Rd,,Ascot,Clayfield,No Roadway Feature,No traffic control,60 km/h,Sealed - Dry,Daylight,Straight,Veh'S Same Direction: Rear End,Rear-end,0,0,1,1,2,2,0,0,0,0,0,0
280005,Medical treatment,2015,19,Hit pedestrian,Hit pedestrian,153.029274,-27.413057,Gordon St,Lambert St,Gordon Park,Stafford,Intersection - T-Junction,No traffic control,0 - 50 km/h,Sealed - Dry,Darkness - Lighted,Straight,Ped'N: Play; Work; Stand; Lie On C'Way,Pedestrian,0,0,1,0,1,1,0,0,0,0,1,0
280009,Hospitalisation,2015,15,Rear-end,Multi-Vehicle,153.031793,-27.434154,Lutwyche Rd,,Windsor,Brisbane Central,No Roadway Feature,No traffic control,60 km/h,Sealed - Dry,Daylight,Straight,Veh'S Same Direction: Rear End,Rear-end,0,2,0,0,2,3,0,0,1,0,0,0
280010,Medical treatment,2015,12,Angle,Multi-Vehicle,153.059338,-27.397095,Robinson Rd,Sandgate Sub-Arterial Rd,Nundah,Clayfield,Intersection - T-Junction,Give way sign,60 km/h,Sealed - Dry,Daylight,Straight,Veh'S Adjacant Approach: Thru-Left,Intersection from adjacent approaches,0,0,2,0,2,2,0,0,0,0,0,0
280034,Medical treatment,2015,14,Head-on,Multi-Vehicle,153.010927,-27.463183,Caxton St,Hale St On Ramp,Paddington,Mount Coot-tha,Intersection - Interchange,Operating traffic lights,0 - 50 km/h,Sealed - Dry,Daylight,Straight,Veh'S Opposite Approach: Thru-Right,Opposing vehicles turning,0,0,1,0,1,2,0,0,0,0,0,0
280035,Minor injury,2015,13,Angle,Multi-Vehicle,153.018725,-27.468502,North Quay,,Brisbane City,Brisbane Central,No Roadway Feature,No traffic control,0 - 50 km/h,Sealed - Dry,Daylight,Straight,Veh'S Same Direction: Lane Change Right,Lane changes,0,0,0,1,1,2,0,0,0,0,0,0
280036,Medical treatment,2015,10,Angle,Multi-Vehicle,153.006081,-27.493858,Coldridge St,Sir Fred Schonell Dr,St Lucia,Indooroopilly,Intersection - T-Junction,Operating traffic lights,60 km/h,Sealed - Dry,Daylight,Straight,Veh'S Opposite Approach: Thru-Right,Opposing vehicles turning,0,0,1,0,1,1,0,0,0,1,0,0
280040,Medical treatment,2015,15,Rear-end,Multi-Vehicle,152.998941,-27.343967,Beams Rd,,Bridgeman Downs,Aspley,No Roadway Feature,No traffic control,60 km/h,Sealed - Dry,Daylight,Straight,Veh'S Same Direction: Rear End,Rear-end,0,0,1,0,1,2,0,0,0,0,0,0
280044,Medical treatment,2015,17,Overturned,Single Vehicle,152.765222,-27.522543,Kholo Rd,,Kholo,Moggill,No Roadway Feature,No traffic control,80 - 90 km/h,Sealed - Dry,Dawn/Dusk,Curved - view obscured,Off Path-Curve: Off Cway Right Bend,Off carriageway on curve,0,0,1,0,1,1,0,0,0,0,0,0
280051,Hospitalisation,2015,18,Angle,Multi-Vehicle,152.99761,-27.401074,Felstead St,Trouts Rd,Everton Park,Stafford,Intersection - Roundabout,Give way sign,60 km/h,Sealed - Dry,Dawn/Dusk,Straight,Veh'S Adjacent Approach: Thru-Thru,Intersection from adjacent approaches,0,1,0,0,1,1,0,0,0,1,0,0
280052,Minor injury,2015,8,Angle,Multi-Vehicle,152.952923,-27.414925,Keperra St,Samford Sub-Arterial Rd,Keperra,Ferny Grove,Intersection - T-Junction,Give way sign,60 km/h,Sealed - Dry,Daylight,Straight,Veh'S Adjacent Approach: Thru-Right,Intersection from adjacent approaches,0,0,0,1,1,2,0,0,0,0,0,0
280072,Medical treatment,2015,14,Sideswipe,Multi-Vehicle,153.008997,-27.470049,Coronation Dr,,Milton,Mount Coot-tha,No Roadway Feature,No traffic control,60 km/h,Sealed - Dry,Daylight,Straight,Veh'S Same Direction: Lane Change Left,Lane changes,0,0,1,0,1,2,0,0,0,0,0,0
280073,Medical treatment,2015,1,Angle,Multi-Vehicle,153.047999,-27.468591,Brunswick St,Sydney St,New Farm,Brisbane Central,Intersection - Roundabout,Give way sign,0 - 50 km/h,Sealed - Dry,Daylight,Straight,Veh'S Opposite Approach: Thru-Right,Opposing vehicles turning,0,0,1,0,1,1,1,0,0,0,0,0
280076,Hospitalisation,2015,22,Hit object,Single Vehicle,152.765505,-27.522555,Kholo Rd,,Kholo,Moggill,No Roadway Feature,No traffic control,80 - 90 km/h,Sealed - Dry,Daylight,Curved - view open,Off Path-Curve: Off Cway Lt Bend Hit Obj,Off carriageway on curve hit object,0,1,0,1,2,1,0,0,0,0,0,0
280081,Medical treatment,2015,18,Angle,Multi-Vehicle,153.030881,-27.439721,Gallway St,Lutwyche Rd,Windsor,Brisbane Central,Intersection - T-Junction,Operating traffic lights,0 - 50 km/h,Sealed - Dry,Darkness - Lighted,Curved - view open,Veh'S Adjacent Approach: Thru-Right,Intersection from adjacent approaches,0,0,2,0,2,1,0,0,1,0,0,0
280082,Medical treatment,2015,17,Angle,Multi-Vehicle,153.058557,-27.391955,Hamilton Rd,,Wavell Heights,Nudgee,No Roadway Feature,No traffic control,60 km/h,Sealed - Dry,Dawn/Dusk,Straight,Veh'S Opposite Approach: Thru-Right,Opposing vehicles turning,0,0,1,0,1,1,1,0,0,0,0,0
280101,Hospitalisation,2015,8,Angle,Multi-Vehicle,152.9917362,-27.44476866,Harry St,Stewart Rd,Ashgrove,Ashgrove,Intersection - Cross,No traffic control,60 km/h,Sealed - Dry,Daylight,Straight,Veh'S Opposite Approach: Thru-Right,Opposing vehicles turning,0,1,1,0,2,3,0,0,0,0,0,0
280102,Medical treatment,2015,16,Fall from vehicle,Single Vehicle,153.011722,-27.460995,Hale St,Regent St,Petrie Terrace,Mount Coot-tha,Intersection - Interchange,No traffic control,60 km/h,Sealed - Dry,Daylight,Straight,Off Path-Straight:Out Of Control On Cway,Out of control on straight,0,0,1,0,1,0,1,0,0,0,0,0
280104,Medical treatment,2015,16,Fall from vehicle,Single Vehicle,152.9920255,-27.49757546,Swann Rd,,St Lucia,Indooroopilly,No Roadway Feature,No traffic control,0 - 50 km/h,Sealed - Dry,Daylight,Curved - view open,Off Path-Curve: Out Of Control On Cway,Out of control on curve,0,0,1,0,1,0,1,0,0,0,0,0
280115,Hospitalisation,2015,8,Hit object,Single Vehicle,153.0619534,-27.38399967,Gympie St,Sandgate Sub-Arterial Rd,Virginia,Nudgee,Intersection - Cross,Operating traffic lights,60 km/h,Sealed - Dry,Daylight,Straight,Off Path-Straight:Out Of Control On Cway,Out of control on straight,0,1,0,0,1,1,0,0,0,0,0,0
280116,Hospitalisation,2015,19,Angle,Multi-Vehicle,153.016999,-27.436092,Lamont Rd,Newmarket Rd,Wilston,Brisbane Central,Intersection - T-Junction,Stop sign,60 km/h,Sealed - Dry,Darkness - Lighted,Straight,Veh'S Adjacent Approach: Thru-Right,Intersection from adjacent approaches,0,1,0,0,1,1,1,0,0,0,0,0
280117,Minor injury,2015,17,Sideswipe,Multi-Vehicle,153.086779,-27.4129268,Gateway Arterial Rd,,Brisbane Airport,Clayfield,Bridge/Causeway,No traffic control,100 - 110 km/h,Sealed - Dry,Daylight,Curved - view open,Veh'S Same Direction: Lane Change Left,Lane changes,0,0,0,2,2,1,0,1,0,0,0,0
280118,Medical treatment,2015,13,Rear-end,Multi-Vehicle,152.9908768,-27.40677054,Everton Park - Albany Creek Rd,,Everton Park,Everton,No Roadway Feature,No traffic control,60 km/h,Sealed - Dry,Daylight,Straight,Veh'S Same Direction: Rear End,Rear-end,0,0,2,0,2,2,0,0,0,0,0,0
280137,Medical treatment,2015,13,Angle,Multi-Vehicle,153.0220709,-27.46943703,Ann St,South East Arterial Rd,Brisbane City,Brisbane Central,Intersection - Cross,Operating traffic lights,0 - 50 km/h,Sealed - Dry,Daylight,Straight,Veh'S Adjacent Approach: Thru-Thru,Intersection from adjacent approaches,0,0,1,0,1,1,0,0,0,1,0,0
280140,Medical treatment,2015,8,Rear-end,Multi-Vehicle,153.0291312,-27.30803404,Gateway Arterial Rd,,Bald Hills,Sandgate,No Roadway Feature,No traffic control,100 - 110 km/h,Sealed - Dry,Daylight,Straight,Veh'S Same Direction: Rear End,Rear-end,0,0,1,1,2,3,0,0,0,0,0,0
280144,Hospitalisation,2015,10,Sideswipe,Multi-Vehicle,153.00896,-27.362805,Albany Creek Sub-Arterial Rd,,Aspley,Aspley,No Roadway Feature,No traffic control,60 km/h,Sealed - Dry,Daylight,Straight,Veh'S Same Direction: Lane Change Left,Lane changes,0,2,0,0,2,0,1,1,0,0,0,0
280145,Hospitalisation,2015,17,Rear-end,Multi-Vehicle,153.016656,-27.356299,Gympie Arterial Rd,Zillmere Rd,Aspley,Aspley,Intersection - T-Junction,Give way sign,70 km/h,Sealed - Dry,Dawn/Dusk,Straight,Veh'S Same Direction: Left Rear,Rear-end,0,1,0,0,1,1,1,0,0,0,0,0
280152,Medical treatment,2015,13,Sideswipe,Multi-Vehicle,153.06364,-27.439376,Kingsford Smith Dr,,Hamilton,Clayfield,No Roadway Feature,No traffic control,60 km/h,Sealed - Dry,Daylight,Straight,Veh'S Same Direction: Lane Change Left,Lane changes,0,0,1,0,1,2,0,0,0,0,0,0
280153,Hospitalisation,2015,8,Fall from vehicle,Single Vehicle,153.032476,-27.4301858,Roblane St,,Windsor,Brisbane Central,No Roadway Feature,No traffic control,60 km/h,Sealed - Dry,Daylight,Straight,Veh'S Same Direction: Rear End,Rear-end,0,1,0,0,1,1,1,0,0,0,0,0
280177,Medical treatment,2015,16,Fall from vehicle,Single Vehicle,152.994345,-27.443225,Ashgrove Ave,Holmesbrook St,Ashgrove,Ashgrove,Intersection - T-Junction,No traffic control,60 km/h,Sealed - Dry,Daylight,Straight,Off Path-Straight: Left Turn,Off carriageway on straight,0,0,1,0,1,0,1,0,0,0,0,0
280178,Medical treatment,2015,10,Angle,Multi-Vehicle,153.0208252,-27.46035949,Boundary St,Bradley St,Spring Hill,Brisbane Central,Intersection - Cross,Give way sign,80 - 90 km/h,Sealed - Dry,Daylight,Straight,Veh'S Adjacent Approach: Thru-Right,Intersection from adjacent approaches,0,0,1,0,1,3,0,0,0,0,0,0
280180,Hospitalisation,2015,13,Angle,Multi-Vehicle,153.010805,-27.498938,Hawken Dr,Upland Rd,St Lucia,Indooroopilly,Intersection - Roundabout,Give way sign,0 - 50 km/h,Sealed - Dry,Daylight,Curved - view open,Veh'S Adjacent Approach: Thru-Thru,Intersection from adjacent approaches,0,1,0,0,1,1,1,0,0,0,0,0
280186,Hospitalisation,2015,16,Head-on,Multi-Vehicle,152.804971,-27.542998,Mount Crosby Rd,,Mount Crosby,Moggill,No Roadway Feature,No traffic control,0 - 50 km/h,Sealed - Wet,Daylight,Curved - view open,Veh'S Opposite Approach: Head On,Head-on,0,1,0,0,1,1,0,0,1,0,0,0
280194,Medical treatment,2015,7,Angle,Multi-Vehicle,153.083069,-27.41512,Lakeside Dr,The Boulevard,Brisbane Airport,Clayfield,Intersection - Roundabout,Give way sign,0 - 50 km/h,Sealed - Dry,Dawn/Dusk,Straight,Veh'S Opposite Approach: Thru-Right,Opposing vehicles turning,0,0,1,0,1,1,0,0,0,1,0,0
280214,Medical treatment,2015,10,Angle,Multi-Vehicle,152.998493,-27.43905,Ashgrove Ave,Gailey St,Ashgrove,Ashgrove,Intersection - Cross,No traffic control,0 - 50 km/h,Sealed - Dry,Daylight,Straight,Veh'S Manoeuvring: Entering From Footway,Vehicle leaving driveway,0,0,1,1,2,1,0,0,0,2,0,0
280216,Medical treatment,2015,12,Sideswipe,Multi-Vehicle,152.99387,-27.488656,Brisbane St,,Toowong,Mount Coot-tha,No Roadway Feature,No traffic control,60 km/h,Sealed - Dry,Daylight,Curved - view open,Veh'S Same Direction: Left Turn S/Swipe,Parallel lanes turning,0,0,1,0,1,1,0,0,0,1,0,0