Crash_Ref_Number,Severity,Year,Hour,Crash_Nature,Crash_Type,Longitude,Latitude,Street,Street_Intersecting,Suburb,Loc_State_Electorate,Crash_Roadway_Feature,Crash_Traffic_Control,Crash_Speed_Limit,Crash_Road_Surface_Condition,Crash_Lighting_Condition,Crash_Road_Horiz_Align,Crash_DCA_Description,Crash_DCA_Group_Description,Count_Casualty_Fatality,Count_Casualty_Hospitalised,Count_Casualty_MedicallyTreated,Count_Casualty_MinorInjury,Count_Casualty_Total,Count_Unit_Car,Count_Unit_Motorcycle_Moped,Count_Unit_Truck,Count_Unit_Bus,Count_Unit_Bicycle,Count_Unit_Pedestrian,Count_Unit_Other
280218,Minor injury,2015,12,Rear-end,Multi-Vehicle,153.015778,-27.355007,Gympie Arterial Rd,,Carseldine,Aspley,No Roadway Feature,No traffic control,70 km/h,Sealed - Dry,Daylight,Straight,Veh'S Same Direction: Rear End,Rear-end,0,0,0,2,2,2,0,0,0,0,0,0
280223,Fatal,2015,1,Hit object,Single Vehicle,153.081221,-27.379687,Earnshaw Rd,Tufnell Rd,Banyo,Nudgee,Intersection - Roundabout,Give way sign,60 km/h,Sealed - Dry,Darkness - Lighted,Straight,Off Path-Straight: Mounts Traffic Island,Off carriageway on straight hit object,1,0,0,0,1,0,1,0,0,0,0,0
280243,Medical treatment,2015,14,Rear-end,Multi-Vehicle,153.0218909,-27.47168894,South East Arterial Rd,,Brisbane City,Brisbane Central,No Roadway Feature,No traffic control,60 km/h,Sealed - Dry,Daylight,Straight,Veh'S Same Direction: Rear End,Rear-end,0,0,1,1,2,2,0,1,0,0,0,0
280272,Medical treatment,2015,8,Angle,Multi-Vehicle,152.98571,-27.502736,Lambert Rd,,Indooroopilly,Indooroopilly,No Roadway Feature,Stop sign,0 - 50 km/h,Sealed - Dry,Daylight,Straight,Veh'S Manoeuvring: Leaving Driveway,Vehicle leaving driveway,0,0,1,0,1,1,1,0,0,0,0,0
280273,Medical treatment,2015,15,Fall from vehicle,Single Vehicle,152.993297,-27.484285,Bennett St,Lissner St,Toowong,Mount Coot-tha,Intersection - Roundabout,Give way sign,60 km/h,Sealed - Dry,Daylight,Straight,Veh'S Manoeuvring: Leaving Driveway,Vehicle leaving driveway,0,0,1,0,1,1,0,0,0,1,0,0
280274,Medical treatment,2015,14,Sideswipe,Multi-Vehicle,152.9867258,-27.49004118,Moggill Rd,,Taringa,Mount Coot-tha,No Roadway Feature,No traffic control,60 km/h,Sealed - Dry,Daylight,Straight,Veh'S Same Direction: Lane Change Right,Lane changes,0,0,1,0,1,1,1,0,0,0,0,0
280275,Medical treatment,2015,6,Rear-end,Multi-Vehicle,152.9907785,-27.48074951,Sylvan Rd,,Toowong,Mount Coot-tha,No Roadway Feature,No traffic control,60 km/h,Sealed - Dry,Daylight,Curved - view open,Veh'S Same Direction: Rear End,Rear-end,0,0,1,0,1,2,0,0,0,0,0,0
280276,Medical treatment,2015,11,Rear-end,Multi-Vehicle,153.0183692,-27.294817,Gympie Arterial Rd,,Bald Hills,Sandgate,No Roadway Feature,No traffic control,100 - 110 km/h,Sealed - Dry,Daylight,Straight,Veh'S Same Direction: Rear End,Rear-end,0,0,3,0,3,3,0,0,0,0,0,0
280301,Medical treatment,2015,16,Rear-end,Multi-Vehicle,153.050111,-27.461003,Macquarie St,,Teneriffe,Brisbane Central,No Roadway Feature,No traffic control,0 - 50 km/h,Sealed - Dry,Daylight,Straight,Veh'S Same Direction: Rear End,Rear-end,0,0,2,0,2,2,0,0,0,0,0,0
280302,Medical treatment,2015,7,Rear-end,Multi-Vehicle,153.032438,-27.460287,Gotha St,,Fortitude Valley,Brisbane Central,No Roadway Feature,No traffic control,60 km/h,Sealed - Dry,Daylight,Curved - view open,Veh'S Same Direction: Rear End,Rear-end,0,0,1,0,1,2,0,0,0,0,0,0
280304,Medical treatment,2015,5,Angle,Multi-Vehicle,152.969913,-27.496559,Salisbury St,,Indooroopilly,Indooroopilly,No Roadway Feature,No traffic control,0 - 50 km/h,Sealed - Dry,Dawn/Dusk,Straight,Veh'S Manoeuvring: Leaving Parking,Vehicle leaving driveway,0,0,1,0,1,3,0,0,0,0,0,0
280305,Hospitalisation,2015,16,Rear-end,Multi-Vehicle,152.952777,-27.508113,Chapel Hill Rd,Moggill Sub-Arterial Rd,Chapel Hill,Moggill,No Roadway Feature,No traffic control,60 km/h,Sealed - Dry,Daylight,Straight,Veh'S Same Direction: Rear End,Rear-end,0,1,0,0,1,2,0,0,0,0,0,0
280306,Medical treatment,2015,8,Rear-end,Multi-Vehicle,153.012739,-27.32655,Gympie Arterial Rd,,Bald Hills,Aspley,No Roadway Feature,No traffic control,100 - 110 km/h,Sealed - Wet,Daylight,Straight,Veh'S Same Direction: Rear End,Rear-end,0,0,2,0,2,4,0,0,0,0,0,0
280308,Medical treatment,2015,17,Angle,Multi-Vehicle,153.007993,-27.368995,Horn Rd,Muneera Cres,Aspley,Aspley,No Roadway Feature,No traffic control,0 - 50 km/h,Sealed - Dry,Daylight,Straight,Veh'S Adjacent Approach: Left-Thru,Intersection from adjacent approaches,0,0,1,0,1,1,1,0,0,0,0,0
280309,Hospitalisation,2015,7,Angle,Multi-Vehicle,153.021695,-27.372261,Gympie Arterial Rd,,Aspley,Aspley,Merge Lane,No traffic control,70 km/h,Sealed - Dry,Daylight,Straight,Veh'S Same Direction: Rear End,Rear-end,0,1,1,0,2,2,0,0,0,0,0,0
280336,Medical treatment,2015,10,Rear-end,Multi-Vehicle,153.041155,-27.437022,Abbotsford Rd,,Bowen Hills,Brisbane Central,No Roadway Feature,No traffic control,60 km/h,Sealed - Wet,Daylight,Straight,Veh'S Same Direction: Rear End,Rear-end,0,0,1,0,1,3,0,0,0,0,0,0
280337,Hospitalisation,2015,6,Angle,Multi-Vehicle,153.032464,-27.458711,Gipps St,Wickham St,Fortitude Valley,Brisbane Central,Intersection - Cross,Operating traffic lights,60 km/h,Sealed - Dry,Daylight,Straight,Veh'S Manoeuvring: Entering From Footway,Vehicle leaving driveway,0,1,0,0,1,0,1,0,0,1,0,0
280368,Medical treatment,2015,17,Angle,Multi-Vehicle,153.001134,-27.473105,Kilroe St,,Milton,Mount Coot-tha,No Roadway Feature,No traffic control,0 - 50 km/h,Sealed - Dry,Daylight,Straight,Veh'S Manoeuvring: Leaving Driveway,Vehicle leaving driveway,0,0,1,0,1,2,0,0,0,0,0,0
280369,Hospitalisation,2015,16,Angle,Multi-Vehicle,153.009,-27.4623982,Caxton St,Dowse St,Paddington,Mount Coot-tha,Intersection - Cross,Operating traffic lights,60 km/h,Sealed - Dry,Daylight,Straight,Veh'S Opposite Approach: Thru-Right,Opposing vehicles turning,0,1,0,0,1,3,0,0,0,0,0,0
280370,Medical treatment,2015,8,Rear-end,Multi-Vehicle,153.021923,-27.471548,South East Arterial Rd,,Brisbane City,Brisbane Central,No Roadway Feature,No traffic control,60 km/h,Sealed - Dry,Daylight,Straight,Veh'S Same Direction: Rear End,Rear-end,0,0,1,0,1,2,0,0,0,0,0,0
280373,Medical treatment,2015,14,Rear-end,Multi-Vehicle,153.022995,-27.411321,East - West Arterial Rd,,Gordon Park,Stafford,No Roadway Feature,No traffic control,60 km/h,Sealed - Dry,Daylight,Straight,Veh'S Same Direction: Rear End,Rear-end,0,0,2,0,2,2,0,0,0,0,0,0
280377,Medical treatment,2015,5,Rear-end,Multi-Vehicle,153.012797,-27.346182,Beams Rd,Gympie Arterial Rd,Carseldine,Aspley,No Roadway Feature,Operating traffic lights,60 km/h,Sealed - Dry,Dawn/Dusk,Curved - view open,Veh'S Same Direction: Left Rear,Rear-end,0,0,1,0,1,2,0,0,0,0,0,0
280409,Minor injury,2015,17,Rear-end,Multi-Vehicle,153.0730299,-27.42347236,Nudgee Rd,,Hendra,Clayfield,No Roadway Feature,No traffic control,60 km/h,Sealed - Dry,Darkness - Lighted,Straight,Veh'S Same Direction: Rear End,Rear-end,0,0,0,1,1,2,0,0,0,0,0,0
280411,Medical treatment,2015,8,Angle,Multi-Vehicle,152.964145,-27.411407,Dundal St,Samford Sub-Arterial Rd,Keperra,Everton,Intersection - T-Junction,Give way sign,60 km/h,Sealed - Dry,Daylight,Curved - view open,Veh'S Adjacent Approach: Thru-Right,Intersection from adjacent approaches,0,0,1,0,1,2,0,0,0,0,0,0
280438,Hospitalisation,2015,4,Hit object,Single Vehicle,152.944538,-27.448635,Illowra St,Payne Rd,The Gap,Ashgrove,Intersection - T-Junction,No traffic control,0 - 50 km/h,Sealed - Wet,Darkness - Lighted,Curved - view open,Off Path-Curve: Mounts Traffic Island,Off carriageway on curve hit object,0,2,0,0,2,1,0,0,0,0,0,0
280443,Hospitalisation,2015,22,Angle,Multi-Vehicle,153.031335,-27.389797,Gympie Arterial Rd,Kuran St,Chermside,Stafford,Intersection - Cross,Operating traffic lights,60 km/h,Sealed - Wet,Darkness - Lighted,Straight,Veh'S Opposite Approach: Thru-Right,Opposing vehicles turning,0,1,0,1,2,2,0,0,0,0,0,0
280460,Fatal,2015,4,Hit pedestrian,Hit pedestrian,152.981495,-27.4777421,Western Arterial Rd,,Mount Coot-tha,Mount Coot-tha,No Roadway Feature,No traffic control,60 km/h,Sealed - Dry,Darkness - Lighted,Curved - view obscured,Ped'N: Play; Work; Stand; Lie On C'Way,Pedestrian,1,0,0,0,1,1,0,0,0,0,1,0
280461,Medical treatment,2015,20,Angle,Multi-Vehicle,153.016618,-27.33233,Lacey Rd,Linkfield Rd,Carseldine,Aspley,Intersection - Cross,Operating traffic lights,60 km/h,Sealed - Wet,Darkness - Lighted,Straight,Veh'S Adjacent Approach: Thru-Thru,Intersection from adjacent approaches,0,0,4,0,4,2,0,0,0,0,0,0
280464,Medical treatment,2015,11,Angle,Multi-Vehicle,153.023408,-27.37594,Pie St,Webster Rd,Aspley,Aspley,Intersection - Cross,Operating traffic lights,60 km/h,Sealed - Wet,Daylight,Straight,Veh'S Adjacent Approach: Thru-Thru,Intersection from adjacent approaches,0,0,2,0,2,4,0,0,0,0,0,0
280491,Medical treatment,2015,7,Rear-end,Multi-Vehicle,153.02102,-27.466016,Parkland Blvd,,Brisbane City,Brisbane Central,No Roadway Feature,No traffic control,0 - 50 km/h,Sealed - Wet,Daylight,Curved - view obscured,Veh'S Same Direction: Rear End,Rear-end,0,0,1,0,1,1,0,0,0,1,0,0
280493,Hospitalisation,2015,4,Hit pedestrian,Hit pedestrian,152.961979,-27.504055,Moggill Rd,Moggill Sub-Arterial Rd,Indooroopilly,Moggill,Intersection - Interchange,Operating traffic lights,60 km/h,Sealed - Dry,Darkness - Lighted,Curved - view open,Veh'S Manoeuvring: Entering From Footway,Vehicle leaving driveway,0,1,0,0,1,1,0,0,0,1,0,0
280494,Hospitalisation,2015,23,Hit object,Single Vehicle,152.975237,-27.497491,Moggill Rd,,Indooroopilly,Indooroopilly,Intersection - Roundabout,Operating traffic lights,60 km/h,Sealed - Dry,Darkness - Lighted,Curved - view open,Off Path-Curve: Off Cway Lt Bend Hit Obj,Off carriageway on curve hit object,0,2,0,0,2,1,0,0,0,0,0,0
280495,Hospitalisation,2015,17,Hit object,Single Vehicle,153.028959,-27.311686,Norris Rd,,Bracken Ridge,Sandgate,No Roadway Feature,No traffic control,60 km/h,Sealed - Dry,Daylight,Straight,Veh'S Manoeuvring: Other,Other,0,1,0,0,1,0,0,0,0,1,0,0
280496,Medical treatment,2015,7,Angle,Multi-Vehicle,153.045473,-27.3820358,Newman Rd,,Wavell Heights,Nudgee,No Roadway Feature,No traffic control,60 km/h,Sealed - Wet,Daylight,Straight,Veh'S Manoeuvring: Leaving Driveway,Vehicle leaving driveway,0,0,2,0,2,2,0,0,0,0,0,0
280497,Medical treatment,2015,10,Rear-end,Multi-Vehicle,153.0316736,-27.39974298,Gympie Arterial Rd,,Kedron,Nudgee,No Roadway Feature,No traffic control,60 km/h,Sealed - Dry,Daylight,Straight,Veh'S Same Direction: Rear End,Rear-end,0,0,1,1,2,2,0,0,0,0,0,0
280498,Medical treatment,2015,7,Rear-end,Multi-Vehicle,153.0765817,-27.34290883,Gateway Arterial Rd,,Boondall,Nudgee,No Roadway Feature,No traffic control,100 - 110 km/h,Sealed - Dry,Daylight,Curved - view open,Veh'S Same Direction: Rear End,Rear-end,0,0,1,0,1,2,0,0,0,0,0,0
280506,Medical treatment,2015,13,Rear-end,Multi-Vehicle,153.079705,-27.426811,Gateway Arterial Rd,,Eagle Farm,Clayfield,No Roadway Feature,No traffic control,100 - 110 km/h,Sealed - Dry,Daylight,Curved - view open,Veh'S Same Direction: Rear End,Rear-end,0,0,1,0,1,2,0,0,0,0,0,0
280522,Medical treatment,2015,8,Angle,Multi-Vehicle,152.946174,-27.443725,Waterworks Rd,,The Gap,Ashgrove,No Roadway Feature,No traffic control,60 km/h,Sealed - Dry,Daylight,Straight,Veh'S Opposite Approach: Thru-Right,Opposing vehicles turning,0,0,1,0,1,1,1,0,0,0,0,0
280524,Hospitalisation,2015,15,Angle,Multi-Vehicle,153.007505,-27.502526,The Esplanade,,St Lucia,Indooroopilly,No Roadway Feature,No traffic control,60 km/h,Sealed - Dry,Daylight,Curved - view obscured,Veh'S Manoeuvring: Other,Other,0,1,0,0,1,1,0,0,0,1,0,0
280533,Medical treatment,2015,5,Angle,Multi-Vehicle,153.0638049,-27.408788,Masefield St,Melton Rd,Nundah,Nudgee,Intersection - T-Junction,Stop sign,0 - 50 km/h,Sealed - Wet,Darkness - Lighted,Straight,Veh'S Adjacent Approach: Thru-Right,Intersection from adjacent approaches,0,0,1,0,1,1,0,0,0,1,0,0
280534,Medical treatment,2015,7,Rear-end,Multi-Vehicle,153.0311881,-27.43772612,Lutwyche Rd,,Windsor,Brisbane Central,No Roadway Feature,No traffic control,60 km/h,Sealed - Dry,Daylight,Straight,Veh'S Same Direction: Rear End,Rear-end,0,0,1,0,1,1,0,0,1,0,0,0
280535,Minor injury,2015,14,Sideswipe,Multi-Vehicle,152.976704,-27.414636,Osborne Rd,Samford Sub-Arterial Rd,Mitchelton,Everton,Intersection - Cross,Operating traffic lights,60 km/h,Sealed - Dry,Daylight,Straight,Veh'S Same Direction: Lane Side Swipe,Lane changes,0,0,0,1,1,1,0,1,0,0,0,0
280536,Medical treatment,2015,5,Rear-end,Multi-Vehicle,152.990358,-27.4223664,Samford Sub-Arterial Rd,,Enoggera,Ashgrove,No Roadway Feature,No traffic control,60 km/h,Sealed - Dry,Dawn/Dusk,Straight,Veh'S Same Direction: Rear End,Rear-end,0,0,1,0,1,2,0,0,0,0,0,0
280558,Hospitalisation,2015,7,Angle,Multi-Vehicle,152.994202,-27.44291,Devoy St,Holmesbrook St,Ashgrove,Ashgrove,Intersection - T-Junction,Stop sign,0 - 50 km/h,Sealed - Dry,Daylight,Straight,Veh'S Adjacent Approach: Thru-Right,Intersection from adjacent approaches,0,1,0,0,1,2,0,0,0,0,0,0
280559,Hospitalisation,2015,15,Sideswipe,Multi-Vehicle,153.027681,-27.469101,Edward St,Elizabeth St,Brisbane City,Brisbane Central,Intersection - Cross,Operating traffic lights,0 - 50 km/h,Sealed - Dry,Daylight,Straight,Veh'S Same Direction: Right Turn S/Swipe,Parallel lanes turning,0,1,0,0,1,1,1,0,0,0,0,0
280560,Medical treatment,2015,8,Fall from vehicle,Single Vehicle,153.027309,-27.465392,Ann St,,Brisbane City,Brisbane Central,No Roadway Feature,No traffic control,60 km/h,Sealed - Dry,Daylight,Straight,Pass & Misc: Fell In/From Vehicle,Other,0,0,1,0,1,0,0,0,1,0,0,0
280565,Medical treatment,2015,15,Angle,Multi-Vehicle,153.024097,-27.392532,Rode Rd,,Chermside,Stafford,No Roadway Feature,Give way sign,60 km/h,Sealed - Dry,Daylight,Curved - view open,Veh'S Manoeuvring: Leaving Driveway,Vehicle leaving driveway,0,0,1,0,1,2,0,0,0,0,0,0
280597,Medical treatment,2015,18,Rear-end,Multi-Vehicle,152.9883966,-27.45298817,Western Arterial Rd,,Bardon,Mount Coot-tha,No Roadway Feature,No traffic control,0 - 50 km/h,Sealed - Dry,Dawn/Dusk,Straight,Veh'S Same Direction: Rear End,Rear-end,0,0,1,0,1,2,0,0,0,0,0,0
280598,Medical treatment,2015,6,Angle,Multi-Vehicle,153.025352,-27.4681978,Adelaide St,,Brisbane City,Brisbane Central,No Roadway Feature,Road/Rail worker,0 - 50 km/h,Sealed - Dry,Dawn/Dusk,Straight,Veh'S Manoeuvring: Leaving Driveway,Vehicle leaving driveway,0,0,1,0,1,1,0,0,0,1,0,0
280599,Medical treatment,2015,7,Rear-end,Multi-Vehicle,153.028099,-27.479324,South East Arterial Rd,,Brisbane City,Brisbane Central,Bridge/Causeway,No traffic control,70 km/h,Sealed - Dry,Daylight,Straight,Veh'S Same Direction: Rear End,Rear-end,0,0,1,0,1,4,0,0,0,0,0,0
280602,Medical treatment,2015,16,Rear-end,Multi-Vehicle,152.949521,-27.507088,Moggill Sub-Arterial Rd,,Kenmore,Moggill,Intersection - T-Junction,No traffic control,0 - 50 km/h,Sealed - Dry,Daylight,Curved - view open,Veh'S Manoeuvring: Other,Other,0,0,1,0,1,2,0,0,0,0,0,0
280603,Medical treatment,2015,8,Hit pedestrian,Hit pedestrian,153.013736,-27.500784,College Rd,,St Lucia,Indooroopilly,No Roadway Feature,Pedestrian crossing sign,0 - 50 km/h,Sealed - Dry,Daylight,Straight,Ped'N: Far Side Vehicle Hit From Left,Pedestrian,0,0,1,0,1,1,0,0,0,0,1,0
280610,Medical treatment,2015,14,Angle,Multi-Vehicle,153.0411995,-27.42990671,Albion Rd,Hudson Rd,Albion,Clayfield,Intersection - Cross,Stop sign,60 km/h,Sealed - Dry,Daylight,Straight,Veh'S Adjacent Approach: Thru-Thru,Intersection from adjacent approaches,0,0,1,0,1,1,1,0,0,0,0,0
280611,Minor injury,2015,12,Rear-end,Multi-Vehicle,153.033951,-27.412805,Gympie Arterial Rd,,Kedron,Clayfield,No Roadway Feature,No traffic control,60 km/h,Sealed - Dry,Daylight,Straight,Veh'S Same Direction: Rear End,Rear-end,0,0,0,1,1,3,0,0,0,0,0,0
280632,Medical treatment,2015,13,Rear-end,Multi-Vehicle,152.990128,-27.487415,Jephson St,,Toowong,Mount Coot-tha,No Roadway Feature,No traffic control,60 km/h,Sealed - Dry,Daylight,Straight,Veh'S Same Direction: Rear End,Rear-end,0,0,1,1,2,3,0,0,0,0,0,0
280633,Medical treatment,2015,15,Hit pedestrian,Hit pedestrian,153.041446,-27.313413,John Fisher Dr,,Bracken Ridge,Sandgate,No Roadway Feature,No traffic control,0 - 50 km/h,Sealed - Dry,Daylight,Straight,Ped'N: Far Side Vehicle Hit From Left,Pedestrian,0,0,1,0,1,1,0,0,0,0,1,0
280642,Medical treatment,2015,19,Rear-end,Multi-Vehicle,153.075826,-27.396849,Nudgee Rd,Toombul Rd,Northgate,Nudgee,Intersection - Cross,Operating traffic lights,60 km/h,Sealed - Dry,Darkness - Lighted,Straight,Veh'S Same Direction: Rear End,Rear-end,0,0,1,0,1,2,0,0,0,0,0,0
280670,Medical treatment,2015,16,Rear-end,Multi-Vehicle,153.028299,-27.479366,South East Arterial Rd,,Brisbane City,Brisbane Central,Bridge/Causeway,No traffic control,70 km/h,Sealed - Dry,Daylight,Straight,Veh'S Same Direction: Lane Change Left,Lane changes,0,0,1,0,1,3,0,0,0,0,0,0
280671,Hospitalisation,2015,4,Hit object,Single Vehicle,153.042816,-27.325526,Binburra St,Denham St,Bracken Ridge,Sandgate,Intersection - T-Junction,No traffic control,60 km/h,Sealed - Dry,Darkness - Lighted,Straight,Off Path-Straight: Left Off Cway Hit Obj,Off carriageway on straight hit object,0,1,0,0,1,1,0,0,0,0,0,0
280672,Hospitalisation,2015,10,Angle,Multi-Vehicle,153.022806,-27.411249,East - West Arterial Rd,Lennon St,Stafford,Stafford,Intersection - T-Junction,Operating traffic lights,60 km/h,Sealed - Dry,Daylight,Straight,Veh'S Opposite Approach: Thru-Right,Opposing vehicles turning,0,2,0,1,3,2,0,0,0,0,0,0
280674,Medical treatment,2015,14,Rear-end,Multi-Vehicle,153.01595,-27.355201,Gympie Arterial Rd,Gympie Rd,Carseldine,Aspley,Intersection - T-Junction,Operating traffic lights,70 km/h,Sealed - Dry,Daylight,Straight,Veh'S Same Direction: Rear End,Rear-end,0,0,1,0,1,1,1,0,0,0,0,0
280678,Medical treatment,2015,19,Angle,Multi-Vehicle,153.048763,-27.427878,Lapraik St,Sandgate Rd,Ascot,Clayfield,Intersection - T-Junction,Operating traffic lights,60 km/h,Sealed - Dry,Darkness - Lighted,Curved - view open,Veh'S Adjacent Approach: Thru-Right,Intersection from adjacent approaches,0,0,1,0,1,2,0,0,0,0,0,0
280679,Minor injury,2015,18,Rear-end,Multi-Vehicle,153.035762,-27.418023,Lutwyche Rd,Norman Ave,Lutwyche,Stafford,Intersection - Cross,Operating traffic lights,60 km/h,Sealed - Dry,Darkness - Lighted,Straight,Veh'S Same Direction: Rear End,Rear-end,0,0,0,1,1,2,0,0,0,0,0,0
280706,Hospitalisation,2015,10,Rear-end,Multi-Vehicle,153.0108465,-27.4654836,Hale St,,Petrie Terrace,Mount Coot-tha,No Roadway Feature,No traffic control,60 km/h,Sealed - Dry,Daylight,Straight,Veh'S Same Direction: Rear End,Rear-end,0,1,2,0,3,2,0,0,0,0,0,0
280707,Medical treatment,2015,17,Rear-end,Multi-Vehicle,153.0219567,-27.47168229,South East Arterial Rd,,Brisbane City,Brisbane Central,No Roadway Feature,No traffic control,70 km/h,Sealed - Dry,Daylight,Straight,Veh'S Same Direction: Rear End,Rear-end,0,0,1,0,1,2,0,0,0,0,0,0
280708,Medical treatment,2015,11,Rear-end,Multi-Vehicle,153.036983,-27.452746,Brookes St,,Fortitude Valley,Brisbane Central,No Roadway Feature,No traffic control,60 km/h,Sealed - Dry,Daylight,Straight,Veh'S Same Direction: Rear End,Rear-end,0,0,1,0,1,2,0,0,0,0,0,0
280710,Medical treatment,2015,17,Angle,Multi-Vehicle,152.885909,-27.565483,Livesay Rd,Moggill Sub-Arterial Rd,Bellbowrie,Moggill,Intersection - T-Junction,Give way sign,60 km/h,Sealed - Dry,Dawn/Dusk,Curved - view open,Veh'S Adjacent Approach: Thru-Right,Intersection from adjacent approaches,0,0,1,0,1,2,0,0,0,0,0,0
280734,Medical treatment,2015,7,Rear-end,Multi-Vehicle,152.957864,-27.507477,Moggill Rd,Moggill Sub-Arterial Rd,Chapel Hill,Moggill,Intersection - T-Junction,Operating traffic lights,60 km/h,Sealed - Dry,Daylight,Curved - view open,Veh'S Same Direction: Rear End,Rear-end,0,0,1,0,1,2,0,0,0,0,0,0
280737,Hospitalisation,2015,6,Angle,Multi-Vehicle,153.0588008,-27.293289,North Rd,Prince St,Brighton,Sandgate,Intersection - T-Junction,Give way sign,60 km/h,Sealed - Dry,Daylight,Straight,Veh'S Manoeuvring: Entering From Footway,Vehicle leaving driveway,0,1,0,0,1,1,0,0,0,1,0,0
280762,Hospitalisation,2015,7,Sideswipe,Multi-Vehicle,152.989843,-27.439923,Western Arterial Rd,,Ashgrove,Ashgrove,No Roadway Feature,No traffic control,60 km/h,Sealed - Dry,Daylight,Curved - view open,Veh'S Same Direction: Lane Change Left,Lane changes,0,1,0,0,1,2,0,0,0,0,0,0
280763,Hospitalisation,2015,10,Hit object,Single Vehicle,153.010805,-27.498938,Hawken Dr,Upland Rd,St Lucia,Indooroopilly,Intersection - Roundabout,Give way sign,60 km/h,Sealed - Dry,Daylight,Curved - view open,Off Path-Curve: Off Cway Rt Bend Hit Obj,Off carriageway on curve hit object,0,1,0,0,1,1,0,0,0,0,0,0
280766,Minor injury,2015,17,Rear-end,Multi-Vehicle,153.044927,-27.334243,Lemke Rd,,Taigum,Sandgate,No Roadway Feature,No traffic control,60 km/h,Sealed - Wet,Daylight,Straight,Veh'S Same Direction: Rear End,Rear-end,0,0,0,1,1,2,0,0,0,0,0,0
280798,Medical treatment,2015,12,Rear-end,Multi-Vehicle,152.9998815,-27.45849812,Enoggera Tce,,Paddington,Mount Coot-tha,No Roadway Feature,No traffic control,0 - 50 km/h,Sealed - Wet,Daylight,Curved - view open,Veh'S Same Direction: Rear End,Rear-end,0,0,1,0,1,3,0,0,0,0,0,0
280800,Medical treatment,2015,6,Hit pedestrian,Hit pedestrian,153.037614,-27.447715,Abbotsford Rd,Montpelier Rd,Bowen Hills,Brisbane Central,Intersection - Cross,Operating traffic lights,60 km/h,Sealed - Wet,Darkness - Lighted,Straight,Ped'N: Near Side Vehicle Hit From Right,Pedestrian,0,0,1,0,1,1,0,0,0,0,1,0
280801,Minor injury,2015,8,Rear-end,Multi-Vehicle,153.041159,-27.436917,Abbotsford Rd,,Bowen Hills,Brisbane Central,Intersection - T-Junction,Operating traffic lights,60 km/h,Sealed - Wet,Daylight,Straight,Veh'S Same Direction: Rear End,Rear-end,0,0,0,1,1,2,0,0,0,0,0,0
280802,Medical treatment,2015,11,Hit object,Single Vehicle,153.028569,-27.314644,Gawain Rd,,Bracken Ridge,Sandgate,No Roadway Feature,No traffic control,60 km/h,Sealed - Wet,Daylight,Straight,Off Path-Straight: Left Off Cway Hit Obj,Off carriageway on straight hit object,0,0,1,0,1,1,0,0,0,0,0,0
280849,Hospitalisation,2015,18,Head-on,Multi-Vehicle,153.001305,-27.437475,Ashgrove Ave,,Ashgrove,Ashgrove,No Roadway Feature,No traffic control,60 km/h,Sealed - Wet,Darkness - Lighted,Curved - view open,Veh'S Opposite Approach: Head On,Head-on,0,1,0,0,1,2,0,0,0,0,0,0
280852,Medical treatment,2015,23,Hit pedestrian,Hit pedestrian,153.01265,-27.46610496,Milton Rd,Petrie Tce,Petrie Terrace,Mount Coot-tha,Intersection - T-Junction,Operating traffic lights,0 - 50 km/h,Sealed - Wet,Darkness - Lighted,Straight,Ped'N: Near Side Vehicle Hit From Right,Pedestrian,0,0,1,0,1,1,0,0,0,0,1,0
280853,Medical treatment,2015,4,Hit object,Single Vehicle,153.0104044,-27.46650362,Hale St,,Milton,Mount Coot-tha,No Roadway Feature,No traffic control,60 km/h,Sealed - Wet,Darkness - Lighted,Curved - view open,Off Path-Curve: Off Cway Rt Bend Hit Obj,Off carriageway on curve hit object,0,0,1,0,1,1,0,0,0,0,0,0
280854,Medical treatment,2015,4,Hit object,Single Vehicle,153.029528,-27.454078,Brunswick St,Water St,Fortitude Valley,Brisbane Central,Intersection - T-Junction,Operating traffic lights,60 km/h,Sealed - Wet,Darkness - Lighted,Curved - view open,Off Path-Curve: Mounts Traffic Island,Off carriageway on curve hit object,0,0,1,1,2,1,0,0,0,0,0,0
280857,Medical treatment,2015,15,Hit object,Single Vehicle,152.989294,-27.495581,Indooroopilly Rd,Westerham St,Taringa,Indooroopilly,Intersection - T-Junction,No traffic control,60 km/h,Sealed - Wet,Daylight,Curved - view open,Off Path-Curve: Off Cway Rt Bend Hit Obj,Off carriageway on curve hit object,0,0,1,0,1,1,0,0,0,0,0,0
280863,Medical treatment,2015,10,Rear-end,Multi-Vehicle,153.038404,-27.358025,Handford Rd,,Zillmere,Nudgee,No Roadway Feature,No traffic control,60 km/h,Sealed - Dry,Daylight,Straight,Veh'S Same Direction: Rear End,Rear-end,0,0,1,0,1,2,0,0,0,0,0,0
280869,Medical treatment,2015,7,Rear-end,Multi-Vehicle,153.0337998,-27.42195177,Lutwyche Rd,,Lutwyche,Stafford,No Roadway Feature,No traffic control,60 km/h,Sealed - Wet,Daylight,Straight,Veh'S Same Direction: Rear End,Rear-end,0,0,1,0,1,2,0,0,0,0,0,0
280870,Minor injury,2015,6,Rear-end,Multi-Vehicle,152.968951,-27.410803,Samford Sub-Arterial Rd,,Mitchelton,Ashgrove,No Roadway Feature,No traffic control,60 km/h,Sealed - Dry,Daylight,Straight,Veh'S Same Direction: Rear End,Rear-end,0,0,0,1,1,3,0,0,0,0,0,0