Crash_Ref_Number,Severity,Year,Hour,Crash_Nature,Crash_Type,Longitude,Latitude,Street,Street_Intersecting,Suburb,Loc_State_Electorate,Crash_Roadway_Feature,Crash_Traffic_Control,Crash_Speed_Limit,Crash_Road_Surface_Condition,Crash_Lighting_Condition,Crash_Road_Horiz_Align,Crash_DCA_Description,Crash_DCA_Group_Description,Count_Casualty_Fatality,Count_Casualty_Hospitalised,Count_Casualty_MedicallyTreated,Count_Casualty_MinorInjury,Count_Casualty_Total,Count_Unit_Car,Count_Unit_Motorcycle_Moped,Count_Unit_Truck,Count_Unit_Bus,Count_Unit_Bicycle,Count_Unit_Pedestrian,Count_Unit_Other
280908,Fatal,2015,14,Hit object,Single Vehicle,153.001195,-27.451086,Waterworks Rd,,Red Hill,Mount Coot-tha,No Roadway Feature,No traffic control,60 km/h,Sealed - Dry,Daylight,Curved - view open,Off Path-Curve: Off Cway Rt Bend Hit Obj,Off carriageway on curve hit object,1,0,0,0,1,0,1,0,0,0,0,0
280909,Hospitalisation,2015,0,Hit pedestrian,Hit pedestrian,153.035618,-27.4613065,Mclachlan St,,Fortitude Valley,Brisbane Central,No Roadway Feature,No traffic control,0 - 50 km/h,Sealed - Wet,Darkness - Lighted,Curved - view open,Ped'N: Far Side Vehicle Hit From Left,Pedestrian,0,1,0,0,1,1,0,0,0,0,1,0
280910,Minor injury,2015,1,Angle,Multi-Vehicle,153.012509,-27.317753,Gympie Arterial Rd,Strathpine Sub-Arterial Rd,Bald Hills,Aspley,Intersection - Interchange,Operating traffic lights,60 km/h,Sealed - Wet,Darkness - Lighted,Straight,Veh'S Adjacent Approach: Thru-Right,Intersection from adjacent approaches,0,0,0,1,1,2,0,0,0,0,0,0
280911,Medical treatment,2015,0,Rear-end,Multi-Vehicle,153.018982,-27.291635,Gympie Arterial Rd,,Bald Hills,Aspley,Bridge/Causeway,No traffic control,100 - 110 km/h,Sealed - Wet,Darkness - Lighted,Straight,Veh'S Same Direction: Rear End,Rear-end,0,0,2,0,2,2,0,0,0,0,0,0
280913,Hospitalisation,2015,17,Angle,Multi-Vehicle,153.030999,-27.385905,Gympie Arterial Rd,Hamilton Rd,Chermside,Nudgee,Intersection - Cross,Operating traffic lights,60 km/h,Sealed - Dry,Daylight,Straight,Veh'S Adjacent Approach: Thru-Thru,Intersection from adjacent approaches,0,2,3,0,5,7,0,0,0,0,0,0
280933,Medical treatment,2015,11,Rear-end,Multi-Vehicle,153.072978,-27.318539,Flinders Pde,,Sandgate,Sandgate,No Roadway Feature,No traffic control,0 - 50 km/h,Sealed - Dry,Daylight,Straight,Off Path-Straight: Other,Other,0,0,1,0,1,1,0,0,0,1,0,0
280959,Hospitalisation,2015,20,Angle,Multi-Vehicle,153.035658,-27.457825,Ann St,Warner St,Fortitude Valley,Brisbane Central,Intersection - T-Junction,Operating traffic lights,60 km/h,Sealed - Dry,Darkness - Lighted,Straight,Veh'S Adjacent Approach: Right-Thru,Intersection from adjacent approaches,0,1,0,0,1,2,0,0,0,0,0,0
280962,Hospitalisation,2015,17,Hit object,Single Vehicle,152.982818,-27.378641,Hamilton Rd,,Mcdowall,Aspley,No Roadway Feature,No traffic control,60 km/h,Sealed - Dry,Dawn/Dusk,Straight,Off Path-Straight:Right Off Cway Hit Obj,Off carriageway on straight hit object,0,1,0,0,1,1,0,0,0,0,0,0
280967,Hospitalisation,2015,6,Hit object,Single Vehicle,153.076908,-27.412793,Gateway Arterial Rd,,Hendra,Clayfield,No Roadway Feature,No traffic control,80 - 90 km/h,Sealed - Wet,Daylight,Straight,Off Path-Straight:Right Off Cway Hit Obj,Off carriageway on straight hit object,0,1,0,0,1,1,0,0,0,0,0,0
280979,Medical treatment,2015,17,Hit object,Single Vehicle,153.035132,-27.459786,Ivory St,,Fortitude Valley,Brisbane Central,Intersection - Interchange,No traffic control,0 - 50 km/h,Sealed - Dry,Dawn/Dusk,Curved - view open,Veh'S On Path: Temporary Object On C'Way,Other,0,0,1,0,1,0,1,0,0,0,0,0
280981,Hospitalisation,2015,22,Hit object,Single Vehicle,152.948588,-27.517271,Akuna St,,Kenmore,Moggill,No Roadway Feature,No traffic control,0 - 50 km/h,Sealed - Dry,Darkness - Not lighted,Curved - view obscured,Off Path-Curve: Off Cway Lt Bend Hit Obj,Off carriageway on curve hit object,0,1,0,0,1,1,0,0,0,0,0,0
281007,Medical treatment,2015,7,Rear-end,Multi-Vehicle,153.008526,-27.331265,Gympie Rd,Linkfield Connection Rd,Bald Hills,Aspley,Intersection - T-Junction,Give way sign,60 km/h,Sealed - Dry,Daylight,Straight,Veh'S Same Direction: Left Rear,Rear-end,0,0,1,0,1,2,0,0,0,0,0,0
281010,Minor injury,2015,16,Rear-end,Multi-Vehicle,153.0238054,-27.36486621,Robinson Rd W,,Aspley,Aspley,No Roadway Feature,No traffic control,60 km/h,Sealed - Dry,Dawn/Dusk,Straight,Veh'S Same Direction: Rear End,Rear-end,0,0,0,1,1,2,0,0,0,0,0,0
281011,Hospitalisation,2015,12,Head-on,Multi-Vehicle,152.986401,-27.386864,Rode Rd,,Mcdowall,Aspley,No Roadway Feature,No traffic control,60 km/h,Sealed - Dry,Daylight,Straight,Veh'S Opposite Approach: Head On,Head-on,0,2,0,2,4,3,0,0,0,0,0,0
281037,Medical treatment,2015,12,Rear-end,Multi-Vehicle,152.9988325,-27.47137195,Milton Rd,,Auchenflower,Mount Coot-tha,No Roadway Feature,No traffic control,60 km/h,Sealed - Dry,Daylight,Straight,Veh'S Same Direction: Rear End,Rear-end,0,0,1,0,1,2,0,0,0,0,0,0
281038,Minor injury,2015,6,Rear-end,Multi-Vehicle,152.959199,-27.506631,Moggill Sub-Arterial Rd,,Chapel Hill,Indooroopilly,No Roadway Feature,No traffic control,60 km/h,Sealed - Dry,Daylight,Straight,Veh'S Same Direction: Rear End,Rear-end,0,0,0,1,1,2,0,0,0,0,0,0
281064,Medical treatment,2015,8,Hit pedestrian,Hit pedestrian,153.025468,-27.466817,Ann St,Edward St,Brisbane City,Brisbane Central,Intersection - Cross,Pedestrian operated lights,0 - 50 km/h,Sealed - Dry,Daylight,Straight,Ped'N: Near Side Vehicle Hit From Right,Pedestrian,0,0,1,0,1,1,0,0,0,0,1,0
281065,Hospitalisation,2015,20,Sideswipe,Multi-Vehicle,153.005684,-27.47287719,Coronation Dr,Park Rd,Milton,Mount Coot-tha,Intersection - T-Junction,Operating traffic lights,60 km/h,Sealed - Dry,Darkness - Lighted,Straight,Veh'S Same Direction: Lane Change Left,Lane changes,0,1,0,0,1,1,1,0,0,0,0,0
281066,Medical treatment,2015,19,Rear-end,Multi-Vehicle,153.034298,-27.459716,Bradfield Hwy,Kemp Pl,Fortitude Valley,Brisbane Central,Merge Lane,Give way sign,0 - 50 km/h,Sealed - Dry,Darkness - Lighted,Straight,Veh'S Same Direction: Left Rear,Rear-end,0,0,1,0,1,2,0,0,0,0,0,0
281067,Medical treatment,2015,16,Fall from vehicle,Single Vehicle,153.04289,-27.459097,James St,Kent St,New Farm,Brisbane Central,Intersection - Roundabout,Give way sign,60 km/h,Sealed - Dry,Daylight,Straight,Veh'S Adjacent Approach: Thru-Right,Intersection from adjacent approaches,0,0,1,0,1,1,0,0,0,1,0,0
281068,Medical treatment,2015,8,Angle,Multi-Vehicle,153.033208,-27.454385,Julia St,St Pauls Tce,Fortitude Valley,Brisbane Central,Intersection - T-Junction,No traffic control,60 km/h,Sealed - Dry,Daylight,Straight,Veh'S Manoeuvring: Entering From Footway,Vehicle leaving driveway,0,0,1,0,1,1,0,0,0,1,0,0
281070,Minor injury,2015,18,Angle,Multi-Vehicle,153.0215962,-27.40487955,Clifford St,Moree St,Stafford Heights,Stafford,Intersection - Cross,Stop sign,60 km/h,Sealed - Dry,Darkness - Lighted,Straight,Veh'S Adjacent Approach: Thru-Thru,Intersection from adjacent approaches,0,0,0,1,1,2,0,0,0,0,0,0
281072,Medical treatment,2015,14,Rear-end,Multi-Vehicle,153.021255,-27.38429,Hamilton Rd,Webster Rd,Chermside West,Aspley,Intersection - Roundabout,Give way sign,60 km/h,Sealed - Dry,Daylight,Straight,Veh'S Same Direction: Rear End,Rear-end,0,0,1,0,1,2,0,0,0,0,0,0
281099,Medical treatment,2015,16,Rear-end,Multi-Vehicle,152.98278,-27.47826019,Dean St,Western Arterial Rd,Toowong,Mount Coot-tha,Intersection - Interchange,Operating traffic lights,60 km/h,Sealed - Dry,Daylight,Straight,Veh'S Same Direction: Rear End,Rear-end,0,0,1,0,1,2,0,0,0,0,0,0
281103,Medical treatment,2015,15,Angle,Multi-Vehicle,153.015601,-27.363822,Albany Creek Sub-Arterial Rd,Gayford St,Aspley,Aspley,Intersection - Cross,Operating traffic lights,0 - 50 km/h,Sealed - Dry,Daylight,Straight,Veh'S Opposite Approach: Thru-Right,Opposing vehicles turning,0,0,1,0,1,2,0,0,0,0,0,0
281104,Medical treatment,2015,14,Rear-end,Multi-Vehicle,153.057643,-27.362339,Bilsen Rd,Zillmere Rd,Boondall,Nudgee,Intersection - T-Junction,Operating traffic lights,60 km/h,Sealed - Dry,Daylight,Straight,Veh'S Same Direction: Rear End,Rear-end,0,0,1,0,1,2,0,0,0,0,0,0
281105,Medical treatment,2015,15,Fall from vehicle,Single Vehicle,153.04244,-27.387651,Hamilton Rd,,Chermside,Nudgee,No Roadway Feature,No traffic control,60 km/h,Sealed - Dry,Daylight,Straight,Off Path-Straight:Out Of Control On Cway,Out of control on straight,0,0,1,0,1,0,1,0,0,0,0,1
281113,Minor injury,2015,11,Rear-end,Multi-Vehicle,153.042243,-27.431425,Sandgate Rd,,Albion,Clayfield,No Roadway Feature,No traffic control,60 km/h,Sealed - Dry,Daylight,Straight,Veh'S Same Direction: Left Rear,Rear-end,0,0,0,1,1,2,0,0,0,0,0,0
281134,Hospitalisation,2015,9,Angle,Multi-Vehicle,152.996657,-27.482556,Coronation Dr,Sylvan Rd,Toowong,Mount Coot-tha,Intersection - T-Junction,Operating traffic lights,60 km/h,Sealed - Dry,Daylight,Straight,Veh'S Manoeuvring: Entering From Footway,Vehicle leaving driveway,0,1,0,0,1,1,0,0,0,1,0,0
281143,Medical treatment,2015,19,Rear-end,Multi-Vehicle,153.046984,-27.428097,Sandgate Rd,,Albion,Clayfield,No Roadway Feature,No traffic control,60 km/h,Sealed - Dry,Darkness - Lighted,Curved - view open,Veh'S Same Direction: Rear End,Rear-end,0,0,2,0,2,4,0,0,0,0,0,0
281144,Medical treatment,2015,14,Rear-end,Multi-Vehicle,153.03279,-27.409909,Gympie Arterial Rd,,Kedron,Clayfield,No Roadway Feature,No traffic control,60 km/h,Sealed - Dry,Daylight,Straight,Veh'S Same Direction: Rear End,Rear-end,0,0,1,0,1,2,0,0,0,0,0,0
281145,Medical treatment,2015,18,Angle,Multi-Vehicle,153.084297,-27.374503,Hilltop Pl,Red Hill Rd,Nudgee,Nudgee,Intersection - T-Junction,Give way sign,60 km/h,Sealed - Dry,Darkness - Lighted,Straight,Veh'S Adjacent Approach: Thru-Right,Intersection from adjacent approaches,0,0,1,0,1,1,1,0,0,0,0,0
281146,Hospitalisation,2015,11,Sideswipe,Multi-Vehicle,152.991434,-27.410449,Western Arterial Rd,,Everton Park,Everton,No Roadway Feature,Operating traffic lights,60 km/h,Sealed - Dry,Daylight,Straight,Veh'S Same Direction: Lane Side Swipe,Lane changes,0,1,0,0,1,3,0,0,0,0,0,0
281167,Medical treatment,2015,9,Rear-end,Multi-Vehicle,152.99461,-27.44554,Waterworks Rd,,Ashgrove,Ashgrove,No Roadway Feature,No traffic control,60 km/h,Sealed - Dry,Daylight,Straight,Veh'S Same Direction: Rear End,Rear-end,0,0,1,0,1,2,0,0,0,0,0,0
281170,Hospitalisation,2015,14,Hit object,Single Vehicle,153.085008,-27.325743,Park Pde,Sunday St,Shorncliffe,Sandgate,Intersection - Cross,Give way sign,0 - 50 km/h,Sealed - Dry,Daylight,Straight,Off Path-Straight: Mounts Traffic Island,Off carriageway on straight hit object,0,1,0,0,1,0,1,0,0,0,0,0
281176,Medical treatment,2015,12,Hit parked vehicle,Single Vehicle,153.0562333,-27.42067768,London Rd,,Clayfield,Clayfield,No Roadway Feature,No traffic control,0 - 50 km/h,Sealed - Dry,Daylight,Straight,Veh'S On Path: Parked,Hit parked vehicle,0,0,2,0,2,2,0,0,0,0,0,0
281205,Hospitalisation,2015,16,Angle,Multi-Vehicle,153.06243,-27.374536,Pritchard Rd,Sandgate Sub-Arterial Rd,Virginia,Nudgee,Intersection - T-Junction,Give way sign,60 km/h,Sealed - Dry,Daylight,Straight,Veh'S Adjacant Approach: Thru-Left,Intersection from adjacent approaches,0,1,0,0,1,1,1,0,0,0,0,0
281212,Hospitalisation,2015,18,Rear-end,Multi-Vehicle,153.006852,-27.440665,Davidson St,Enoggera Rd,Newmarket,Mount Coot-tha,Intersection - T-Junction,Operating traffic lights,60 km/h,Sealed - Dry,Daylight,Straight,Veh'S Same Direction: Rear End,Rear-end,0,1,0,0,1,2,0,0,0,0,0,0
281233,Medical treatment,2015,16,Rear-end,Multi-Vehicle,153.0228695,-27.364728,Robinson Rd W,,Aspley,Aspley,No Roadway Feature,No traffic control,60 km/h,Sealed - Dry,Daylight,Straight,Veh'S Manoeuvring: Reversing,Hit parked vehicle,0,0,1,0,1,2,0,0,0,0,0,0
281239,Hospitalisation,2015,9,Angle,Multi-Vehicle,153.018402,-27.430064,Angliss St,Kedron Brook Rd,Wilston,Stafford,Intersection - Cross,Stop sign,0 - 50 km/h,Sealed - Dry,Daylight,Straight,Veh'S Manoeuvring: Entering From Footway,Vehicle leaving driveway,0,1,0,0,1,1,0,0,0,1,0,0
281256,Medical treatment,2015,21,Angle,Multi-Vehicle,153.046138,-27.467156,Brunswick St,Merthyr Rd,New Farm,Brisbane Central,Intersection - Cross,Operating traffic lights,0 - 50 km/h,Sealed - Dry,Daylight,Straight,Veh'S Opposite Approach: Thru-Right,Opposing vehicles turning,0,0,1,0,1,1,0,0,0,1,0,0
281257,Medical treatment,2015,11,Fall from vehicle,Single Vehicle,152.972003,-27.49924,Musgrave Rd,,Indooroopilly,Indooroopilly,No Roadway Feature,No traffic control,0 - 50 km/h,Sealed - Dry,Daylight,Straight,Pass & Misc: Fell In/From Vehicle,Other,0,0,1,0,1,0,0,0,1,0,0,0
281259,Hospitalisation,2015,12,Sideswipe,Multi-Vehicle,153.010408,-27.335789,Gympie Arterial Rd,,Carseldine,Aspley,No Roadway Feature,No traffic control,100 - 110 km/h,Sealed - Dry,Daylight,Curved - view open,Veh'S Same Direction: Lane Change Right,Lane changes,0,1,0,0,1,2,0,0,0,0,0,0
281260,Medical treatment,2015,16,Rear-end,Multi-Vehicle,153.035083,-27.374686,Murphy Rd,,Aspley,Aspley,No Roadway Feature,No traffic control,60 km/h,Sealed - Dry,Daylight,Straight,Veh'S Same Direction: Rear End,Rear-end,0,0,1,0,1,2,0,0,0,0,0,0
281261,Hospitalisation,2015,18,Hit parked vehicle,Single Vehicle,153.058501,-27.373953,Pritchard Rd,,Virginia,Nudgee,No Roadway Feature,No traffic control,60 km/h,Sealed - Dry,Darkness - Lighted,Straight,Off Path-Straight: Left Off Cway Hit Obj,Off carriageway on straight hit object,0,1,0,0,1,2,0,0,0,0,0,0
281283,Medical treatment,2015,14,Rear-end,Multi-Vehicle,153.015741,-27.46489,Countess St,,Petrie Terrace,Mount Coot-tha,No Roadway Feature,No traffic control,0 - 50 km/h,Sealed - Dry,Daylight,Straight,Veh'S Same Direction: Rear End,Rear-end,0,0,2,0,2,2,0,0,0,0,0,0
281284,Hospitalisation,2015,8,Hit pedestrian,Hit pedestrian,153.038906,-27.461539,Brunswick St,Harcourt St,New Farm,Brisbane Central,Intersection - Cross,Pedestrian operated lights,0 - 50 km/h,Sealed - Dry,Daylight,Straight,Ped'N: Near Side Vehicle Hit From Right,Pedestrian,0,2,0,0,2,1,0,0,0,0,1,0
281297,Hospitalisation,2015,10,Sideswipe,Multi-Vehicle,153.0436669,-27.43586793,Sandgate Rd,,Albion,Clayfield,No Roadway Feature,No traffic control,60 km/h,Sealed - Dry,Daylight,Curved - view open,Veh'S Manoeuvring: Leaving Parking,Vehicle leaving driveway,0,1,0,0,1,2,0,0,0,0,0,0
281325,Medical treatment,2015,14,Rear-end,Multi-Vehicle,152.953481,-27.508311,Moggill Sub-Arterial Rd,,Chapel Hill,Moggill,No Roadway Feature,No traffic control,60 km/h,Sealed - Dry,Daylight,Straight,Veh'S Same Direction: Rear End,Rear-end,0,0,1,0,1,2,0,0,0,0,0,0
281334,Medical treatment,2015,8,Fall from vehicle,Single Vehicle,153.071812,-27.337915,Gateway Arterial Rd,,Boondall,Nudgee,No Roadway Feature,No traffic control,80 - 90 km/h,Sealed - Dry,Daylight,Curved - view open,Off Path-Curve: Out Of Control On Cway,Out of control on curve,0,0,1,0,1,1,1,0,0,0,0,0
281340,Hospitalisation,2015,20,Angle,Multi-Vehicle,153.033888,-27.412362,East - West Arterial Rd,,Kedron,Clayfield,Intersection - T-Junction,Operating traffic lights,60 km/h,Sealed - Dry,Darkness - Lighted,Curved - view obscured,Veh'S Manoeuvring: Entering From Footway,Vehicle leaving driveway,0,1,0,0,1,1,0,0,0,1,0,0
281358,Medical treatment,2015,15,Rear-end,Multi-Vehicle,152.9609057,-27.44650134,Waterworks Rd,,The Gap,Ashgrove,No Roadway Feature,No traffic control,60 km/h,Sealed - Dry,Daylight,Straight,Veh'S Same Direction: Rear End,Rear-end,0,0,1,0,1,3,0,0,0,0,0,0
281359,Hospitalisation,2015,23,Head-on,Multi-Vehicle,152.8967134,-27.43138495,Mount Nebo Rd,,Enoggera Reservoir,Ashgrove,No Roadway Feature,No traffic control,60 km/h,Sealed - Wet,Darkness - Not lighted,Curved - view obscured,Veh'S Overtaking: Head On,Head-on,0,1,0,0,1,2,0,0,0,0,0,0
281364,Hospitalisation,2015,6,Angle,Multi-Vehicle,152.99422,-27.355017,Albany Creek Sub-Arterial Rd,Beckett Rd,Bridgeman Downs,Aspley,Intersection - Cross,Operating traffic lights,60 km/h,Sealed - Dry,Daylight,Straight,Veh'S Adjacent Approach: Thru-Thru,Intersection from adjacent approaches,0,4,0,0,4,3,0,0,0,0,0,0
281373,Medical treatment,2015,11,Rear-end,Multi-Vehicle,153.0311145,-27.43729888,Lutwyche Rd,,Windsor,Brisbane Central,No Roadway Feature,No traffic control,60 km/h,Sealed - Dry,Daylight,Straight,Veh'S Same Direction: Lane Change Left,Lane changes,0,0,1,0,1,2,0,0,0,0,0,0
281374,Hospitalisation,2015,9,Rear-end,Multi-Vehicle,152.9930449,-27.42313138,Samford Rd,,Enoggera,Ashgrove,No Roadway Feature,No traffic control,60 km/h,Sealed - Dry,Daylight,Straight,Veh'S Same Direction: Rear End,Rear-end,0,1,0,0,1,2,0,0,0,0,0,0
281395,Minor injury,2015,11,Rear-end,Multi-Vehicle,153.010467,-27.467396,Coronation Dr,Hale St,Milton,Mount Coot-tha,Intersection - Interchange,No traffic control,60 km/h,Sealed - Dry,Daylight,Straight,Veh'S Same Direction: Rear End,Rear-end,0,0,0,1,1,2,0,0,0,0,0,0
281396,Medical treatment,2015,16,Rear-end,Multi-Vehicle,153.013671,-27.457399,Kelvin Grove Rd,,Kelvin Grove,Brisbane Central,No Roadway Feature,No traffic control,60 km/h,Sealed - Wet,Daylight,Straight,Veh'S Same Direction: Rear End,Rear-end,0,0,1,0,1,2,0,0,0,0,0,0
281397,Hospitalisation,2015,6,Rear-end,Multi-Vehicle,153.023804,-27.473898,Pacific Hwy,South East Arterial Rd,Brisbane City,Brisbane Central,Intersection - Interchange,No traffic control,70 km/h,Sealed - Dry,Daylight,Straight,Veh'S Same Direction: Rear End,Rear-end,0,1,0,0,1,1,1,0,0,0,0,0
281399,Hospitalisation,2015,16,Angle,Multi-Vehicle,153.012509,-27.317753,Gympie Arterial Rd,Strathpine Sub-Arterial Rd,Bald Hills,Aspley,Intersection - Interchange,Operating traffic lights,60 km/h,Sealed - Dry,Daylight,Straight,Veh'S Adjacent Approach: Thru-Right,Intersection from adjacent approaches,0,1,0,2,3,2,0,0,0,0,0,0
281402,Hospitalisation,2015,8,Hit object,Single Vehicle,152.995455,-27.352817,Bridgeman Rd,Graham Rd,Bridgeman Downs,Aspley,Intersection - Cross,Operating traffic lights,60 km/h,Sealed - Dry,Daylight,Straight,Off Path-Straight: Mounts Traffic Island,Off carriageway on straight hit object,0,1,0,0,1,1,0,0,0,0,0,0
281422,Medical treatment,2015,7,Sideswipe,Multi-Vehicle,153.0298346,-27.46778788,Eagle St,,Brisbane City,Brisbane Central,No Roadway Feature,No traffic control,0 - 50 km/h,Sealed - Dry,Daylight,Straight,Veh'S On Path: Other,Other,0,0,1,0,1,1,1,0,0,0,0,0
281426,Medical treatment,2015,14,Angle,Multi-Vehicle,153.023787,-27.372525,Ellison Rd,Webster Rd,Aspley,Aspley,Intersection - T-Junction,Give way sign,60 km/h,Sealed - Wet,Daylight,Straight,Veh'S Adjacent Approach: Thru-Right,Intersection from adjacent approaches,0,0,1,0,1,2,0,0,0,0,0,0
281427,Medical treatment,2015,17,Rear-end,Multi-Vehicle,153.0345411,-27.37542741,Murphy Rd,,Aspley,Aspley,No Roadway Feature,No traffic control,60 km/h,Sealed - Wet,Darkness - Lighted,Straight,Veh'S Same Direction: Rear End,Rear-end,0,0,1,0,1,2,0,0,0,0,0,0
281428,Minor injury,2015,16,Angle,Multi-Vehicle,153.06243,-27.374536,Pritchard Rd,Sandgate Sub-Arterial Rd,Virginia,Nudgee,Intersection - T-Junction,Give way sign,60 km/h,Sealed - Wet,Dawn/Dusk,Straight,Veh'S Adjacant Approach: Thru-Left,Intersection from adjacent approaches,0,0,0,1,1,1,1,0,0,0,0,0
281468,Medical treatment,2015,18,Sideswipe,Multi-Vehicle,153.0189985,-27.46915739,South East Arterial Rd,,Brisbane City,Brisbane Central,No Roadway Feature,No traffic control,70 km/h,Sealed - Dry,Daylight,Straight,Veh'S Same Direction: Lane Side Swipe,Lane changes,0,0,1,0,1,2,0,0,0,0,0,0
281469,Medical treatment,2015,15,Rear-end,Multi-Vehicle,152.9816,-27.491757,Moggill Rd,,Taringa,Indooroopilly,No Roadway Feature,No traffic control,60 km/h,Sealed - Dry,Daylight,Straight,Veh'S Same Direction: Rear End,Rear-end,0,0,1,0,1,2,0,0,0,0,0,0
281472,Medical treatment,2015,7,Hit pedestrian,Hit pedestrian,153.0088375,-27.3625278,Albany Creek Sub-Arterial Rd,,Aspley,Aspley,No Roadway Feature,No traffic control,0 - 50 km/h,Sealed - Dry,Daylight,Straight,Ped'N: Hit By Vehicle Enter/Leave D'Way,Pedestrian,0,0,1,0,1,1,0,0,0,0,1,0
281498,Hospitalisation,2015,10,Sideswipe,Multi-Vehicle,153.0252737,-27.4739922,William St,,Brisbane City,Brisbane Central,No Roadway Feature,No traffic control,0 - 50 km/h,Sealed - Dry,Daylight,Straight,Veh'S Same Direction: Lane Change Left,Lane changes,0,1,0,0,1,1,0,0,0,1,0,0
281499,Hospitalisation,2015,15,Rear-end,Multi-Vehicle,153.011945,-27.469504,Go Between Bridge,,Brisbane City,Brisbane Central,Bridge/Causeway,No traffic control,60 km/h,Sealed - Dry,Daylight,Straight,Veh'S Same Direction: Rear End,Rear-end,0,2,0,0,2,3,0,0,0,0,0,0
281500,Medical treatment,2015,16,Sideswipe,Multi-Vehicle,152.972572,-27.49758,Moggill Rd,,Indooroopilly,Indooroopilly,No Roadway Feature,No traffic control,70 km/h,Sealed - Dry,Daylight,Straight,Veh'S Same Direction: Lane Change Left,Lane changes,0,0,1,0,1,2,0,0,0,0,0,0
281502,Medical treatment,2015,16,Hit object,Single Vehicle,153.029948,-27.3171668,Woondaree St,,Bracken Ridge,Sandgate,No Roadway Feature,No traffic control,0 - 50 km/h,Sealed - Dry,Daylight,Straight,Pass & Misc: Other,Other,0,0,1,0,1,1,0,0,0,0,0,0
281523,Medical treatment,2015,15,Angle,Multi-Vehicle,153.032841,-27.462111,Boundary St,,Brisbane City,Brisbane Central,No Roadway Feature,No traffic control,0 - 50 km/h,Sealed - Dry,Daylight,Curved - view open,Veh'S Manoeuvring: Other,Other,0,0,1,0,1,1,0,0,0,1,0,0
281524,Medical treatment,2015,14,Rear-end,Multi-Vehicle,153.001838,-27.469757,Milton Rd,,Milton,Mount Coot-tha,No Roadway Feature,No traffic control,0 - 50 km/h,Sealed - Dry,Daylight,Straight,Veh'S Same Direction: Rear End,Rear-end,0,0,1,0,1,2,0,0,0,0,0,0
281525,Medical treatment,2015,7,Angle,Multi-Vehicle,153.0282303,-27.46358479,Turbot St,Wharf St,Spring Hill,Brisbane Central,Intersection - Cross,Operating traffic lights,0 - 50 km/h,Sealed - Dry,Daylight,Curved - view open,Veh'S Adjacent Approach: Thru-Thru,Intersection from adjacent approaches,0,0,1,0,1,2,0,0,0,0,0,0
281526,Minor injury,2015,17,Rear-end,Multi-Vehicle,153.0377477,-27.46062409,Brunswick St,,Fortitude Valley,Brisbane Central,No Roadway Feature,No traffic control,0 - 50 km/h,Sealed - Dry,Darkness - Lighted,Straight,Veh'S Same Direction: Rear End,Rear-end,0,0,0,1,1,3,0,0,0,0,0,0
281527,Medical treatment,2015,17,Angle,Multi-Vehicle,152.984778,-27.478523,Milton Rd,Western Arterial Rd,Toowong,Mount Coot-tha,Intersection - Roundabout,Give way sign,60 km/h,Sealed - Dry,Darkness - Lighted,Straight,Veh'S Adjacent Approach: Thru-Thru,Intersection from adjacent approaches,0,0,1,0,1,1,0,0,0,0,0,1
281534,Medical treatment,2015,8,Angle,Multi-Vehicle,153.014586,-27.423961,Grange Rd,Myrtle St,Grange,Stafford,Intersection - T-Junction,Give way sign,60 km/h,Sealed - Dry,Daylight,Straight,Veh'S Adjacent Approach: Thru-Right,Intersection from adjacent approaches,0,0,2,0,2,5,0,0,0,0,0,0
281535,Hospitalisation,2015,16,Rear-end,Multi-Vehicle,153.063033,-27.381895,Sandgate Rd,Sandgate Sub-Arterial Rd,Virginia,Nudgee,Intersection - Interchange,Give way sign,60 km/h,Sealed - Dry,Daylight,Straight,Veh'S Same Direction: Left Rear,Rear-end,0,1,0,0,1,1,0,1,0,0,0,0
281563,Minor injury,2015,11,Angle,Multi-Vehicle,153.022794,-27.470179,Adelaide St,George St,Brisbane City,Brisbane Central,Intersection - Cross,Operating traffic lights,0 - 50 km/h,Sealed - Dry,Daylight,Straight,Veh'S Manoeuvring: Entering From Footway,Vehicle leaving driveway,0,0,0,1,1,0,0,0,0,1,0,1
281564,Medical treatment,2015,8,Fall from vehicle,Single Vehicle,153.026288,-27.475555,South East Arterial Rd,,Brisbane City,Brisbane Central,No Roadway Feature,No traffic control,0 - 50 km/h,Sealed - Dry,Daylight,Straight,Off Path-Straight:Out Of Control On Cway,Out of control on straight,0,0,1,0,1,0,1,0,0,0,0,0
281565,Hospitalisation,2015,10,Angle,Multi-Vehicle,153.034157,-27.454301,Constance St,,Fortitude Valley,Brisbane Central,No Roadway Feature,No traffic control,60 km/h,Sealed - Dry,Daylight,Straight,Veh'S Manoeuvring: Other,Other,0,1,0,0,1,1,0,0,0,1,0,0
281570,Hospitalisation,2015,8,Hit object,Single Vehicle,153.023227,-27.37780699,Webster Rd,,Chermside,Stafford,No Roadway Feature,No traffic control,60 km/h,Sealed - Dry,Daylight,Straight,Off Path-Straight: Left Off Cway Hit Obj,Off carriageway on straight hit object,0,1,0,0,1,1,0,0,0,0,0,0