Crash_Ref_Number,Severity,Year,Hour,Crash_Nature,Crash_Type,Longitude,Latitude,Street,Street_Intersecting,Suburb,Loc_State_Electorate,Crash_Roadway_Feature,Crash_Traffic_Control,Crash_Speed_Limit,Crash_Road_Surface_Condition,Crash_Lighting_Condition,Crash_Road_Horiz_Align,Crash_DCA_Description,Crash_DCA_Group_Description,Count_Casualty_Fatality,Count_Casualty_Hospitalised,Count_Casualty_MedicallyTreated,Count_Casualty_MinorInjury,Count_Casualty_Total,Count_Unit_Car,Count_Unit_Motorcycle_Moped,Count_Unit_Truck,Count_Unit_Bus,Count_Unit_Bicycle,Count_Unit_Pedestrian,Count_Unit_Other
281580,Medical treatment,2015,16,Hit object,Single Vehicle,153.0399673,-27.41963456,Kedron Park Rd,,Wooloowin,Clayfield,Intersection - Cross,No traffic control,0 - 50 km/h,Sealed - Dry,Daylight,Straight,Veh'S On Path: Temporary Object On C'Way,Other,0,0,1,0,1,0,1,0,0,0,0,0
281581,Hospitalisation,2015,18,Rear-end,Multi-Vehicle,153.028155,-27.437655,Newmarket Rd,Swan Tce,Windsor,Brisbane Central,Intersection - T-Junction,No traffic control,60 km/h,Sealed - Dry,Darkness - Lighted,Straight,Veh'S Same Direction: Rear End,Rear-end,0,1,0,0,1,3,0,0,0,0,0,0
281608,Hospitalisation,2015,0,Hit object,Single Vehicle,153.076706,-27.416958,Gateway Arterial Rd,Southern Cross Wy Ramp Xe,Hendra,Clayfield,Intersection - Interchange,No traffic control,80 - 90 km/h,Sealed - Dry,Darkness - Lighted,Straight,Veh'S On Path: Temporary Object On C'Way,Other,0,2,0,0,2,0,1,0,0,0,0,0
281630,Medical treatment,2015,14,Hit object,Single Vehicle,152.922751,-27.434972,Mount Nebo Rd,,Enoggera Reservoir,Ashgrove,No Roadway Feature,No traffic control,70 km/h,Sealed - Dry,Daylight,Curved - view open,Off Path-Curve: Off Cway Lt Bend Hit Obj,Off carriageway on curve hit object,0,0,1,0,1,0,1,0,0,0,0,0
281631,Minor injury,2015,10,Angle,Multi-Vehicle,153.042539,-27.446904,Breakfast Ck Rd,Evelyn St,Newstead,Brisbane Central,Intersection - T-Junction,Operating traffic lights,60 km/h,Sealed - Dry,Daylight,Straight,Veh'S Opposite Approach: Thru-Right,Opposing vehicles turning,0,0,0,1,1,1,0,0,0,1,0,0
281632,Medical treatment,2015,11,Rear-end,Multi-Vehicle,153.0127558,-27.32630356,Gympie Arterial Rd,,Bald Hills,Aspley,No Roadway Feature,No traffic control,100 - 110 km/h,Sealed - Dry,Daylight,Straight,Veh'S Same Direction: Rear End,Rear-end,0,0,2,0,2,1,0,1,0,0,0,0
281634,Hospitalisation,2015,17,Angle,Multi-Vehicle,153.035374,-27.388094,Miller St,,Chermside,Nudgee,No Roadway Feature,No traffic control,60 km/h,Sealed - Dry,Dawn/Dusk,Straight,Veh'S Manoeuvring: Leaving Driveway,Vehicle leaving driveway,0,1,0,0,1,1,1,0,0,0,0,0
281641,Hospitalisation,2015,16,Angle,Multi-Vehicle,153.027076,-27.437526,Green Tce,Newmarket Rd,Windsor,Brisbane Central,Intersection - Cross,Operating traffic lights,60 km/h,Sealed - Dry,Daylight,Straight,Veh'S Opposite Approach: Thru-Right,Opposing vehicles turning,0,1,0,0,1,2,0,0,0,0,0,0
281642,Medical treatment,2015,9,Rear-end,Multi-Vehicle,153.059325,-27.397576,Sandgate Sub-Arterial Rd,,Nundah,Clayfield,No Roadway Feature,No traffic control,60 km/h,Sealed - Dry,Daylight,Straight,Veh'S Same Direction: Rear End,Rear-end,0,0,1,1,2,2,0,0,0,0,0,0
281661,Hospitalisation,2015,11,Angle,Multi-Vehicle,152.992857,-27.444372,Harry St,,Ashgrove,Ashgrove,No Roadway Feature,No traffic control,0 - 50 km/h,Sealed - Dry,Daylight,Straight,Veh'S Manoeuvring: Leaving Driveway,Vehicle leaving driveway,0,1,0,0,1,2,0,0,0,0,0,0
281662,Hospitalisation,2015,20,Hit object,Single Vehicle,152.949174,-27.444902,Waterworks Rd,,The Gap,Ashgrove,No Roadway Feature,No traffic control,60 km/h,Sealed - Dry,Darkness - Lighted,Curved - view open,Off Path-Curve: Off Cway Rt Bend Hit Obj,Off carriageway on curve hit object,0,1,0,0,1,0,1,0,0,0,0,0
281663,Hospitalisation,2015,13,Hit pedestrian,Hit pedestrian,153.0286,-27.4639198,Wharf St,,Spring Hill,Brisbane Central,No Roadway Feature,No traffic control,60 km/h,Sealed - Dry,Daylight,Straight,Ped'N: Far Side Vehicle Hit From Left,Pedestrian,0,1,0,0,1,1,0,0,0,0,1,0
281664,Medical treatment,2015,17,Sideswipe,Multi-Vehicle,153.020869,-27.463216,Wickham Tce,,Spring Hill,Brisbane Central,Intersection - T-Junction,No traffic control,60 km/h,Sealed - Dry,Dawn/Dusk,Straight,Veh'S Same Direction: Lane Change Right,Lane changes,0,0,1,0,1,1,1,0,0,0,0,0
281665,Hospitalisation,2015,18,Angle,Multi-Vehicle,153.04201,-27.45839,Harcourt St,James St,New Farm,Brisbane Central,Intersection - Cross,Stop sign,60 km/h,Sealed - Dry,Darkness - Lighted,Straight,Veh'S Manoeuvring: Entering From Footway,Vehicle leaving driveway,0,1,0,0,1,1,0,0,0,1,0,0
281667,Medical treatment,2015,8,Rear-end,Multi-Vehicle,152.963041,-27.502817,Western Arterial Rd,,Indooroopilly,Indooroopilly,No Roadway Feature,No traffic control,100 - 110 km/h,Sealed - Dry,Daylight,Straight,Veh'S Same Direction: Rear End,Rear-end,0,0,1,0,1,3,0,0,0,0,0,0
281670,Medical treatment,2015,12,Angle,Multi-Vehicle,153.017382,-27.316312,Hoyland St,,Bald Hills,Aspley,No Roadway Feature,No traffic control,60 km/h,Sealed - Dry,Daylight,Straight,Off Path-Straight: Left Off Cway Hit Obj,Off carriageway on straight hit object,0,0,1,0,1,1,0,1,0,0,0,0
281671,Medical treatment,2015,16,Rear-end,Multi-Vehicle,153.026642,-27.306435,Gateway Arterial Rd,,Bald Hills,Sandgate,No Roadway Feature,No traffic control,100 - 110 km/h,Sealed - Dry,Daylight,Curved - view open,Veh'S Same Direction: Rear End,Rear-end,0,0,1,3,4,5,0,0,0,0,0,0
281674,Medical treatment,2015,15,Angle,Multi-Vehicle,153.022111,-27.347516,Beams Rd,Dorville Rd,Carseldine,Aspley,Intersection - Roundabout,Give way sign,60 km/h,Sealed - Dry,Daylight,Straight,Veh'S Adjacant Approach: Thru-Left,Intersection from adjacent approaches,0,0,1,0,1,1,1,0,0,0,0,0
281710,Hospitalisation,2015,6,Hit pedestrian,Hit pedestrian,152.991617,-27.444597,Stewart Rd,,Ashgrove,Ashgrove,No Roadway Feature,No traffic control,60 km/h,Sealed - Dry,Daylight,Straight,Ped'N: Hit Emerging Behind Vehicle,Pedestrian,0,1,0,0,1,1,0,0,0,0,1,0
281712,Hospitalisation,2015,9,Hit pedestrian,Hit pedestrian,153.025315,-27.456033,Gregory Tce,,Spring Hill,Brisbane Central,No Roadway Feature,No traffic control,60 km/h,Sealed - Dry,Daylight,Curved - view open,Ped'N: Near Side Vehicle Hit From Right,Pedestrian,0,1,0,0,1,1,0,0,0,0,1,0
281715,Hospitalisation,2015,8,Angle,Multi-Vehicle,152.982143,-27.482544,Dean St,Elizabeth St,Toowong,Mount Coot-tha,Intersection - Cross,Stop sign,60 km/h,Sealed - Dry,Daylight,Straight,Veh'S Adjacent Approach: Thru-Thru,Intersection from adjacent approaches,0,1,0,0,1,2,0,0,0,0,0,0
281726,Medical treatment,2015,17,Angle,Multi-Vehicle,153.057876,-27.391896,Hamilton Rd,Wade St,Wavell Heights,Nudgee,Intersection - T-Junction,No traffic control,60 km/h,Sealed - Dry,Dawn/Dusk,Straight,Veh'S Opposite Approach: Thru-Right,Opposing vehicles turning,0,0,1,0,1,2,0,0,0,0,0,0
281727,Hospitalisation,2015,13,Hit object,Single Vehicle,153.078363,-27.399663,Gateway Arterial Rd,Toombul Rd,Northgate,Nudgee,Intersection - Roundabout,Give way sign,60 km/h,Sealed - Dry,Daylight,Straight,Off Path-Straight: Left Off Cway Hit Obj,Off carriageway on straight hit object,0,1,0,0,1,0,0,1,0,0,0,0
281748,Medical treatment,2015,15,Angle,Multi-Vehicle,153.020822,-27.460309,Boundary St,Bradley St,Spring Hill,Brisbane Central,Intersection - Cross,Stop sign,60 km/h,Sealed - Dry,Daylight,Straight,Veh'S Adjacent Approach: Right-Thru,Intersection from adjacent approaches,0,0,1,0,1,2,0,0,0,0,0,0
281749,Hospitalisation,2015,10,Hit object,Single Vehicle,153.009515,-27.46701,Hale St Off Ramp,,Milton,Mount Coot-tha,Intersection - Interchange,No traffic control,60 km/h,Sealed - Dry,Daylight,Straight,Off Path-Curve: Off Cway Rt Bend Hit Obj,Off carriageway on curve hit object,0,1,0,0,1,1,0,0,0,0,0,0
281750,Medical treatment,2015,7,Rear-end,Multi-Vehicle,152.936668,-27.510451,Moggill Sub-Arterial Rd,,Kenmore,Moggill,No Roadway Feature,Operating traffic lights,0 - 50 km/h,Sealed - Dry,Daylight,Straight,Veh'S Same Direction: Rear End,Rear-end,0,0,1,0,1,2,0,0,0,0,0,0
281752,Hospitalisation,2015,16,Rear-end,Multi-Vehicle,153.056597,-27.373679,Lisgar St,Pritchard Rd,Virginia,Nudgee,Intersection - T-Junction,No traffic control,60 km/h,Sealed - Dry,Daylight,Straight,Veh'S Same Direction: Right Rear,Rear-end,0,1,0,0,1,2,0,0,0,0,0,0
281753,Medical treatment,2015,12,Sideswipe,Multi-Vehicle,153.031423,-27.390381,Gympie Arterial Rd,,Chermside,Stafford,No Roadway Feature,No traffic control,60 km/h,Sealed - Dry,Daylight,Curved - view open,Veh'S Same Direction: Lane Side Swipe,Lane changes,0,0,2,0,2,5,0,0,0,0,0,0
281754,Hospitalisation,2015,8,Sideswipe,Multi-Vehicle,153.001603,-27.35933872,Albany Creek Sub-Arterial Rd,,Bridgeman Downs,Aspley,No Roadway Feature,No traffic control,60 km/h,Sealed - Dry,Daylight,Straight,Veh'S Same Direction: Lane Change Left,Lane changes,0,1,0,0,1,1,0,1,0,0,0,0
281757,Medical treatment,2015,16,Rear-end,Multi-Vehicle,152.9977845,-27.41999725,Pickering St,,Enoggera,Ashgrove,No Roadway Feature,No traffic control,0 - 50 km/h,Sealed - Dry,Daylight,Straight,Veh'S Same Direction: Rear End,Rear-end,0,0,2,0,2,3,0,0,0,0,0,0
281779,Hospitalisation,2015,8,Fall from vehicle,Single Vehicle,153.03574,-27.459051,Brunswick St,Mclachlan St,Fortitude Valley,Brisbane Central,Intersection - Cross,Operating traffic lights,0 - 50 km/h,Sealed - Wet,Daylight,Straight,Off Path-Straight: Right Turn,Off carriageway on straight,0,1,0,0,1,0,1,0,0,0,0,0
281780,Medical treatment,2015,23,Angle,Multi-Vehicle,153.028971,-27.450014,Bowen Bridge Rd,Herston Rd,Bowen Hills,Brisbane Central,Intersection - T-Junction,Operating traffic lights,60 km/h,Sealed - Wet,Darkness - Lighted,Straight,Veh'S Adjacent Approach: Thru-Right,Intersection from adjacent approaches,0,0,1,0,1,2,0,0,0,0,0,0
281783,Minor injury,2015,15,Angle,Multi-Vehicle,152.979116,-27.499704,Central Ave,Ward St,Indooroopilly,Indooroopilly,Intersection - Cross,Stop sign,0 - 50 km/h,Sealed - Wet,Daylight,Straight,Veh'S Adjacent Approach: Thru-Thru,Intersection from adjacent approaches,0,0,0,2,2,2,0,0,0,0,0,0
281784,Medical treatment,2015,18,Head-on,Multi-Vehicle,152.942632,-27.522742,Kenmore Rd,Sunset Rd,Kenmore,Moggill,Intersection - T-Junction,No traffic control,60 km/h,Sealed - Wet,Darkness - Lighted,Curved - view open,Veh'S Opposite Approach: Head On,Head-on,0,0,1,0,1,2,0,0,0,0,0,0
281801,Medical treatment,2015,18,Angle,Multi-Vehicle,153.052,-27.421717,Adelaide St,Sandgate Rd,Clayfield,Clayfield,Intersection - Cross,Operating traffic lights,60 km/h,Sealed - Wet,Darkness - Lighted,Straight,Veh'S Adjacent Approach: Thru-Thru,Intersection from adjacent approaches,0,0,2,0,2,2,0,0,0,0,0,0
281802,Medical treatment,2015,15,Rear-end,Multi-Vehicle,153.102409,-27.394258,Bert Hinkler Dr,Ivy May Wy,Brisbane Airport,Clayfield,Intersection - Roundabout,Give way sign,60 km/h,Sealed - Wet,Daylight,Straight,Veh'S Same Direction: Rear End,Rear-end,0,0,1,0,1,2,0,0,0,0,0,0
281803,Medical treatment,2015,8,Rear-end,Multi-Vehicle,153.075543,-27.403261,Gateway Arterial Rd,,Nundah,Clayfield,No Roadway Feature,No traffic control,80 - 90 km/h,Sealed - Dry,Daylight,Curved - view open,Veh'S Same Direction: Rear End,Rear-end,0,0,1,0,1,2,0,0,0,0,0,0
281804,Medical treatment,2015,15,Rear-end,Multi-Vehicle,153.093863,-27.380423,Gateway Arterial Rd,,Banyo,Nudgee,No Roadway Feature,No traffic control,80 - 90 km/h,Sealed - Wet,Daylight,Curved - view open,Veh'S Same Direction: Rear End,Rear-end,0,0,1,1,2,3,0,0,0,0,0,0
281844,Hospitalisation,2015,19,Hit pedestrian,Hit pedestrian,153.040355,-27.452724,Ann St,Commercial Rd,Fortitude Valley,Brisbane Central,Intersection - Cross,Operating traffic lights,60 km/h,Sealed - Wet,Darkness - Lighted,Straight,Ped'N: Near Side Vehicle Hit From Right,Pedestrian,0,1,0,0,1,1,0,0,0,0,1,0
281845,Hospitalisation,2015,9,Hit pedestrian,Hit pedestrian,153.046138,-27.467156,Brunswick St,Merthyr Rd,New Farm,Brisbane Central,Intersection - Cross,Operating traffic lights,60 km/h,Sealed - Wet,Daylight,Straight,Ped'N: Near Side Vehicle Hit From Right,Pedestrian,0,1,0,0,1,1,0,0,0,0,1,0
281847,Medical treatment,2015,16,Rear-end,Multi-Vehicle,153.062133,-27.291538,Beaconsfield Tce,Hornibrook Hwy,Brighton,Sandgate,Intersection - T-Junction,Stop sign,60 km/h,Sealed - Wet,Darkness - Lighted,Straight,Veh'S Same Direction: Left Rear,Rear-end,0,0,1,0,1,2,0,0,0,0,0,0
281848,Hospitalisation,2015,3,Hit object,Single Vehicle,153.047403,-27.313773,Gateway Arterial Rd,,Sandgate,Sandgate,No Roadway Feature,No traffic control,100 - 110 km/h,Sealed - Wet,Darkness - Lighted,Curved - view open,Off Path-Curve: Off Cway Rt Bend Hit Obj,Off carriageway on curve hit object,0,1,0,0,1,1,0,0,0,0,0,0
281852,Medical treatment,2015,19,Angle,Multi-Vehicle,153.0286963,-27.36229633,Brassington St,Funnell St,Zillmere,Nudgee,Intersection - Cross,Give way sign,0 - 50 km/h,Sealed - Wet,Darkness - Not lighted,Straight,Veh'S Adjacent Approach: Thru-Thru,Intersection from adjacent approaches,0,0,2,0,2,2,0,0,0,0,0,0
281853,Hospitalisation,2015,15,Hit pedestrian,Hit pedestrian,153.023253,-27.373318,Gympie Arterial Rd,Webster Rd,Aspley,Aspley,Intersection - Cross,Operating traffic lights,70 km/h,Sealed - Wet,Daylight,Straight,Ped'N: Near Side Vehicle Hit From Right,Pedestrian,0,1,0,0,1,1,0,0,0,0,1,0
281854,Medical treatment,2015,17,Rear-end,Multi-Vehicle,153.013855,-27.350438,Gympie Arterial Rd,,Carseldine,Aspley,No Roadway Feature,No traffic control,70 km/h,Sealed - Wet,Dawn/Dusk,Straight,Veh'S Same Direction: Rear End,Rear-end,0,0,1,0,1,2,0,0,0,0,0,0
281855,Minor injury,2015,19,Hit object,Single Vehicle,152.988861,-27.379557,Beckett Rd,Hamilton Rd,Mcdowall,Aspley,Intersection - Cross,Operating traffic lights,70 km/h,Sealed - Wet,Daylight,Straight,Veh'S Same Direction: Rear End,Rear-end,0,0,0,1,1,2,0,0,0,0,0,0
281869,Medical treatment,2015,11,Rear-end,Multi-Vehicle,153.036442,-27.416283,Lutwyche Rd,,Lutwyche,Stafford,No Roadway Feature,No traffic control,60 km/h,Sealed - Wet,Daylight,Curved - view open,Veh'S Same Direction: Rear End,Rear-end,0,0,1,1,2,2,0,0,0,0,0,0
281904,Medical treatment,2015,6,Sideswipe,Multi-Vehicle,153.031894,-27.433306,Bowen St,Lutwyche Rd,Windsor,Brisbane Central,Intersection - T-Junction,Operating traffic lights,60 km/h,Sealed - Wet,Daylight,Straight,Veh'S Same Direction: Lane Side Swipe,Lane changes,0,0,2,0,2,3,0,0,0,0,0,0
281905,Hospitalisation,2015,13,Angle,Multi-Vehicle,153.022803,-27.436921,Newmarket Rd,Noble St,Wilston,Brisbane Central,Intersection - Cross,No traffic control,60 km/h,Sealed - Dry,Daylight,Straight,Veh'S Adjacent Approach: Thru-Thru,Intersection from adjacent approaches,0,1,0,0,1,2,0,0,0,0,0,0
281923,Minor injury,2015,10,Sideswipe,Multi-Vehicle,153.046506,-27.451624,Longland St,Wyandra St,Teneriffe,Brisbane Central,Intersection - T-Junction,No traffic control,60 km/h,Sealed - Dry,Daylight,Straight,Veh'S Same Direction: Left Turn S/Swipe,Parallel lanes turning,0,0,0,1,1,1,0,0,0,1,0,0
281924,Medical treatment,2015,6,Fall from vehicle,Single Vehicle,153.05764,-27.329149,Sandgate Sub-Arterial Rd,,Deagon,Sandgate,No Roadway Feature,No traffic control,60 km/h,Sealed - Dry,Daylight,Straight,Off Path-Straight:Out Of Control On Cway,Out of control on straight,0,0,1,0,1,0,0,0,0,1,0,0
281925,Hospitalisation,2015,11,Rear-end,Multi-Vehicle,153.037256,-27.364472,Crowley St,Murphy Rd,Zillmere,Nudgee,Intersection - T-Junction,Pedestrian operated lights,60 km/h,Sealed - Dry,Daylight,Straight,Veh'S Same Direction: Right Rear,Rear-end,0,2,0,0,2,3,0,0,0,0,0,0
281926,Minor injury,2015,8,Angle,Multi-Vehicle,153.017053,-27.365196,Albany Creek Sub-Arterial Rd,Gympie Arterial Rd,Aspley,Aspley,Intersection - T-Junction,Operating traffic lights,70 km/h,Sealed - Dry,Daylight,Straight,Veh'S Adjacent Approach: Thru-Right,Intersection from adjacent approaches,0,0,0,1,1,2,0,0,0,0,0,0
281945,Medical treatment,2015,9,Rear-end,Multi-Vehicle,153.040838,-27.438231,Abbotsford Rd,,Bowen Hills,Brisbane Central,No Roadway Feature,No traffic control,60 km/h,Sealed - Dry,Daylight,Curved - view open,Veh'S Same Direction: Rear End,Rear-end,0,0,2,0,2,2,0,0,0,0,0,0
281946,Medical treatment,2015,16,Fall from vehicle,Single Vehicle,153.0437663,-27.45185962,Doggett St,,Newstead,Brisbane Central,No Roadway Feature,No traffic control,60 km/h,Sealed - Dry,Daylight,Straight,Off Path-Straight:Out Of Control On Cway,Out of control on straight,0,0,1,0,1,1,1,0,0,0,0,0
281950,Medical treatment,2015,16,Rear-end,Multi-Vehicle,152.993114,-27.4863177,Benson St,High St,Toowong,Mount Coot-tha,Intersection - T-Junction,Operating traffic lights,60 km/h,Sealed - Dry,Daylight,Straight,Veh'S Same Direction: Rear End,Rear-end,0,0,1,0,1,2,0,0,0,0,0,0
281965,Minor injury,2015,8,Sideswipe,Multi-Vehicle,153.042908,-27.432316,Crosby Rd,Frodsham St,Albion,Clayfield,Intersection - 5+ way,Operating traffic lights,60 km/h,Sealed - Dry,Daylight,Curved - view open,Veh'S Same Direction: Left Turn S/Swipe,Parallel lanes turning,0,0,0,1,1,2,0,0,0,0,0,0
281966,Medical treatment,2015,7,Rear-end,Multi-Vehicle,153.054374,-27.419504,Sandgate Rd,Wagner Rd,Clayfield,Clayfield,Intersection - Cross,No traffic control,60 km/h,Sealed - Dry,Daylight,Straight,Veh'S Same Direction: Rear End,Rear-end,0,0,1,0,1,2,0,0,0,0,0,0
281967,Hospitalisation,2015,11,Angle,Multi-Vehicle,152.972782,-27.412683,Samford Sub-Arterial Rd,University Rd,Mitchelton,Everton,Intersection - T-Junction,No traffic control,60 km/h,Sealed - Dry,Daylight,Straight,Veh'S Opposite Approach: Thru-Right,Opposing vehicles turning,0,1,0,0,1,1,1,0,0,0,0,0
281987,Medical treatment,2015,15,Angle,Multi-Vehicle,152.946329,-27.438784,Chaprowe Rd,Tilquin St,The Gap,Ashgrove,Intersection - T-Junction,No traffic control,0 - 50 km/h,Sealed - Dry,Daylight,Straight,Veh'S Manoeuvring: Entering From Footway,Vehicle leaving driveway,0,0,1,0,1,1,0,0,0,1,0,0
281989,Hospitalisation,2015,15,Hit object,Single Vehicle,153.040223,-27.439853,Abbotsford Rd,Allison St,Bowen Hills,Brisbane Central,Intersection - Interchange,Operating traffic lights,60 km/h,Sealed - Dry,Daylight,Curved - view open,Veh'S Adjacent Approach: Thru-Thru,Intersection from adjacent approaches,0,1,1,0,2,2,0,0,0,0,0,0
281991,Medical treatment,2015,7,Rear-end,Multi-Vehicle,152.937813,-27.510274,Kenmore Rd,Moggill Sub-Arterial Rd,Kenmore,Moggill,Intersection - Cross,Give way sign,0 - 50 km/h,Sealed - Dry,Daylight,Curved - view open,Veh'S Same Direction: Left Rear,Rear-end,0,0,1,0,1,1,1,0,0,0,0,0
281993,Hospitalisation,2015,7,Rear-end,Multi-Vehicle,153.017111,-27.360778,Gympie Arterial Rd,,Aspley,Aspley,No Roadway Feature,No traffic control,60 km/h,Sealed - Dry,Daylight,Straight,Veh'S Same Direction: Rear End,Rear-end,0,1,0,0,1,3,0,0,0,0,0,0
282025,Medical treatment,2015,14,Angle,Multi-Vehicle,153.0265201,-27.47527803,Alice St,William St,Brisbane City,Brisbane Central,Intersection - Interchange,Operating traffic lights,0 - 50 km/h,Sealed - Dry,Daylight,Straight,Veh'S Adjacent Approach: Right-Thru,Intersection from adjacent approaches,0,0,1,0,1,2,0,0,0,0,0,0
282026,Medical treatment,2015,18,Hit pedestrian,Hit pedestrian,153.0215225,-27.4689513,George St,,Brisbane City,Brisbane Central,No Roadway Feature,No traffic control,0 - 50 km/h,Sealed - Dry,Darkness - Lighted,Straight,Ped'N: Far Side Vehicle Hit From Left,Pedestrian,0,0,1,0,1,0,0,0,1,0,1,0
282027,Hospitalisation,2015,17,Hit pedestrian,Hit pedestrian,153.028961,-27.458726,Quarry St,St Pauls Tce,Spring Hill,Brisbane Central,Intersection - T-Junction,No traffic control,60 km/h,Sealed - Dry,Darkness - Lighted,Straight,Ped'N: Far Side Vehicle Hit From Left,Pedestrian,0,1,0,0,1,1,0,0,0,0,1,0
282028,Medical treatment,2015,11,Hit pedestrian,Hit pedestrian,153.034324,-27.456801,Warner St,Wickham St,Fortitude Valley,Brisbane Central,Intersection - T-Junction,Stop sign,60 km/h,Sealed - Dry,Daylight,Straight,Ped'N: Near Side Vehicle Hit From Right,Pedestrian,0,0,1,0,1,1,0,0,0,0,1,0
282030,Medical treatment,2015,17,Sideswipe,Multi-Vehicle,153.0076701,-27.33084104,Linkfield Connection Rd,,Bald Hills,Aspley,No Roadway Feature,No traffic control,60 km/h,Sealed - Dry,Daylight,Straight,Veh'S Same Direction: Lane Change Left,Lane changes,0,0,1,0,1,2,0,0,0,0,0,0
282033,Hospitalisation,2015,9,Hit object,Single Vehicle,152.997514,-27.356377,Albany Creek Sub-Arterial Rd,,Bridgeman Downs,Aspley,No Roadway Feature,No traffic control,60 km/h,Sealed - Dry,Daylight,Curved - view open,Off Path-Curve: Off Cway Lt Bend Hit Obj,Off carriageway on curve hit object,0,1,0,0,1,0,1,0,0,0,0,0
282042,Minor injury,2015,10,Rear-end,Multi-Vehicle,153.063002,-27.381904,Sandgate Rd,Sandgate Sub-Arterial Rd,Virginia,Nudgee,Intersection - Interchange,Give way sign,60 km/h,Sealed - Dry,Daylight,Curved - view obscured,Veh'S Same Direction: Left Rear,Rear-end,0,0,0,1,1,2,0,0,0,0,0,0
282043,Hospitalisation,2015,11,Rear-end,Multi-Vehicle,152.996193,-27.423747,Samford Rd,,Alderley,Ashgrove,No Roadway Feature,No traffic control,0 - 50 km/h,Sealed - Dry,Daylight,Straight,Veh'S Same Direction: Rear End,Rear-end,0,1,0,0,1,1,0,1,0,0,0,0
282073,Medical treatment,2015,23,Rear-end,Multi-Vehicle,153.030118,-27.468516,Creek St,Eagle St,Brisbane City,Brisbane Central,Intersection - T-Junction,Operating traffic lights,0 - 50 km/h,Sealed - Dry,Darkness - Lighted,Straight,Veh'S Same Direction: Right Rear,Rear-end,0,0,1,0,1,2,0,0,0,0,0,0
282074,Medical treatment,2015,6,Angle,Multi-Vehicle,153.02978,-27.470131,Felix St,Mary St,Brisbane City,Brisbane Central,Intersection - T-Junction,Operating traffic lights,0 - 50 km/h,Sealed - Dry,Daylight,Straight,Veh'S Adjacent Approach: Thru-Right,Intersection from adjacent approaches,0,0,1,0,1,2,0,0,0,0,0,0
282075,Medical treatment,2015,15,Angle,Multi-Vehicle,153.018414,-27.46829,Herschel St,North Quay,Brisbane City,Brisbane Central,Intersection - T-Junction,Operating traffic lights,0 - 50 km/h,Sealed - Dry,Daylight,Straight,Veh'S Same Direction: Left Turn S/Swipe,Parallel lanes turning,0,0,1,0,1,1,0,0,1,0,0,0
282076,Hospitalisation,2015,5,Hit pedestrian,Hit pedestrian,153.029073,-27.458622,St Pauls Tce,Warren St,Fortitude Valley,Brisbane Central,Intersection - T-Junction,No traffic control,0 - 50 km/h,Sealed - Dry,Dawn/Dusk,Straight,Ped'N: Far Side Vehicle Hit From Left,Pedestrian,0,1,0,0,1,1,0,0,0,0,1,0
282077,Medical treatment,2015,16,Hit pedestrian,Hit pedestrian,153.03153,-27.456269,Barry Pde,Brunswick St,Fortitude Valley,Brisbane Central,Intersection - 5+ way,Operating traffic lights,60 km/h,Sealed - Dry,Daylight,Straight,Ped'N: Near Side Vehicle Hit From Right,Pedestrian,0,0,1,0,1,1,0,0,0,0,1,0
282081,Hospitalisation,2015,7,Fall from vehicle,Single Vehicle,153.020568,-27.398261,Achilles St,Kitchener Rd,Kedron,Stafford,Intersection - T-Junction,No traffic control,60 km/h,Sealed - Dry,Daylight,Straight,Off Path-Straight:Out Of Control On Cway,Out of control on straight,0,1,0,0,1,1,1,0,0,0,0,0
282102,Medical treatment,2015,19,Hit pedestrian,Hit pedestrian,153.012964,-27.464825,Caxton St,,Petrie Terrace,Mount Coot-tha,No Roadway Feature,No traffic control,0 - 50 km/h,Sealed - Dry,Darkness - Lighted,Straight,Ped'N: Hit Other,Other,0,0,1,0,1,0,0,0,1,0,1,0
282103,Hospitalisation,2015,4,Hit pedestrian,Hit pedestrian,153.022071,-27.469437,Ann St,George St,Brisbane City,Brisbane Central,Intersection - Cross,Operating traffic lights,60 km/h,Sealed - Dry,Darkness - Lighted,Straight,Ped'N: Near Side Vehicle Hit From Right,Pedestrian,0,1,0,0,1,1,0,0,0,0,1,0
282104,Hospitalisation,2015,8,Sideswipe,Multi-Vehicle,153.011184,-27.463194,Hale St,,Paddington,Mount Coot-tha,No Roadway Feature,No traffic control,60 km/h,Sealed - Dry,Daylight,Straight,Veh'S Same Direction: Lane Change Left,Lane changes,0,1,0,0,1,1,0,1,0,0,0,0
282105,Minor injury,2015,7,Rear-end,Multi-Vehicle,153.011121,-27.463158,Hale St,,Paddington,Mount Coot-tha,No Roadway Feature,No traffic control,60 km/h,Sealed - Dry,Daylight,Straight,Veh'S Same Direction: Rear End,Rear-end,0,0,0,2,2,2,0,0,0,0,0,0
282106,Hospitalisation,2015,20,Angle,Multi-Vehicle,153.044134,-27.465614,Brunswick St,Langshaw St,New Farm,Brisbane Central,Intersection - T-Junction,Give way sign,0 - 50 km/h,Sealed - Dry,Darkness - Lighted,Straight,Veh'S Adjacent Approach: Thru-Right,Intersection from adjacent approaches,0,1,0,1,2,3,0,0,0,0,0,0