Crash_Ref_Number,Severity,Year,Hour,Crash_Nature,Crash_Type,Longitude,Latitude,Street,Street_Intersecting,Suburb,Loc_State_Electorate,Crash_Roadway_Feature,Crash_Traffic_Control,Crash_Speed_Limit,Crash_Road_Surface_Condition,Crash_Lighting_Condition,Crash_Road_Horiz_Align,Crash_DCA_Description,Crash_DCA_Group_Description,Count_Casualty_Fatality,Count_Casualty_Hospitalised,Count_Casualty_MedicallyTreated,Count_Casualty_MinorInjury,Count_Casualty_Total,Count_Unit_Car,Count_Unit_Motorcycle_Moped,Count_Unit_Truck,Count_Unit_Bus,Count_Unit_Bicycle,Count_Unit_Pedestrian,Count_Unit_Other
282109,Medical treatment,2015,11,Angle,Multi-Vehicle,152.9493797,-27.507212,Moggill Sub-Arterial Rd,,Kenmore,Moggill,No Roadway Feature,No traffic control,0 - 50 km/h,Sealed - Dry,Daylight,Straight,Veh'S Manoeuvring: Leaving Driveway,Vehicle leaving driveway,0,0,1,0,1,2,0,0,0,0,0,1
282110,Medical treatment,2015,5,Rear-end,Multi-Vehicle,152.989573,-27.488406,Moggill Rd,,Toowong,Mount Coot-tha,No Roadway Feature,No traffic control,60 km/h,Sealed - Dry,Daylight,Straight,Veh'S Same Direction: Rear End,Rear-end,0,0,1,0,1,3,0,0,0,0,0,0
282116,Hospitalisation,2015,6,Rear-end,Multi-Vehicle,153.066863,-27.3373694,Gateway Arterial Rd,,Boondall,Nudgee,No Roadway Feature,No traffic control,100 - 110 km/h,Sealed - Dry,Daylight,Straight,Veh'S Same Direction: Rear End,Rear-end,0,1,0,0,1,5,0,0,0,0,0,0
282125,Hospitalisation,2015,18,Angle,Multi-Vehicle,152.961533,-27.402178,Dawson Pde,Madsen St,Keperra,Everton,Intersection - T-Junction,Give way sign,60 km/h,Sealed - Dry,Darkness - Lighted,Straight,Veh'S Opposite Approach: Thru-Right,Opposing vehicles turning,0,1,0,0,1,1,1,0,0,0,0,0
282154,Medical treatment,2015,11,Angle,Multi-Vehicle,153.0455022,-27.33065909,Lemke Rd,Telegraph Rd,Fitzgibbon,Sandgate,Intersection - Roundabout,Give way sign,0 - 50 km/h,Sealed - Dry,Daylight,Curved - view open,Veh'S Manoeuvring: Entering From Footway,Vehicle leaving driveway,0,0,1,0,1,1,0,0,0,1,0,0
282155,Hospitalisation,2015,6,Fall from vehicle,Single Vehicle,153.0594655,-27.32456261,Adams St,Board St,Deagon,Sandgate,Intersection - T-Junction,Operating traffic lights,60 km/h,Sealed - Dry,Dawn/Dusk,Straight,Veh'S Same Direction: Rear End,Rear-end,0,1,0,1,2,0,0,0,0,2,0,0
282164,Hospitalisation,2015,6,Fall from vehicle,Single Vehicle,152.990882,-27.407475,Griffith St,Western Arterial Rd,Everton Park,Everton,Intersection - Cross,Operating traffic lights,60 km/h,Sealed - Wet,Daylight,Curved - view open,Off Path-Curve: Out Of Control On Cway,Out of control on curve,0,1,0,0,1,0,1,0,0,0,0,0
282165,Medical treatment,2015,21,Hit object,Single Vehicle,152.952907,-27.414829,Keperra St,Samford Sub-Arterial Rd,Keperra,Ferny Grove,Intersection - T-Junction,No traffic control,70 km/h,Sealed - Dry,Darkness - Lighted,Curved - view open,Off Path-Straight: Mounts Traffic Island,Off carriageway on straight hit object,0,0,3,0,3,1,0,0,0,0,0,0
282193,Medical treatment,2015,11,Rear-end,Multi-Vehicle,153.097386,-27.3680351,Gateway Arterial Rd,,Nudgee Beach,Nudgee,No Roadway Feature,No traffic control,80 - 90 km/h,Sealed - Dry,Daylight,Straight,Veh'S Same Direction: Rear End,Rear-end,0,0,1,0,1,3,0,0,0,0,0,0
282207,Medical treatment,2015,15,Angle,Multi-Vehicle,152.990363,-27.442198,Amarina Ave,Western Arterial Rd,Ashgrove,Ashgrove,Intersection - Cross,No traffic control,60 km/h,Sealed - Dry,Daylight,Straight,Veh'S Opposite Approach: Thru-Right,Opposing vehicles turning,0,0,1,0,1,2,0,0,0,0,0,0
282208,Hospitalisation,2015,16,Angle,Multi-Vehicle,153.0262163,-27.47298778,Mary St,,Brisbane City,Brisbane Central,No Roadway Feature,No traffic control,0 - 50 km/h,Sealed - Dry,Dawn/Dusk,Straight,Veh'S Manoeuvring: Leaving Driveway,Vehicle leaving driveway,0,1,0,0,1,1,1,0,0,0,0,0
282211,Medical treatment,2015,8,Hit pedestrian,Hit pedestrian,152.979116,-27.499704,Central Ave,Ward St,Indooroopilly,Indooroopilly,Intersection - Cross,Stop sign,0 - 50 km/h,Unsealed - Dry,Daylight,Straight,Ped'N: Far Side Vehicle Hit From Left,Pedestrian,0,0,1,0,1,1,0,0,0,0,1,0
282212,Hospitalisation,2015,21,Hit object,Single Vehicle,152.946201,-27.47649,Sir Samuel Griffith Dr,,Mount Coot-tha,Mount Coot-tha,No Roadway Feature,No traffic control,0 - 50 km/h,Sealed - Dry,Darkness - Not lighted,Curved - view open,Off Path-Curve: Off Cway Rt Bend Hit Obj,Off carriageway on curve hit object,0,1,0,0,1,0,1,0,0,0,0,0
282213,Medical treatment,2015,8,Rear-end,Multi-Vehicle,152.96093,-27.505191,Moggill Sub-Arterial Rd,,Chapel Hill,Indooroopilly,No Roadway Feature,No traffic control,60 km/h,Sealed - Dry,Daylight,Straight,Veh'S Same Direction: Rear End,Rear-end,0,0,1,0,1,2,0,0,0,0,0,0
282218,Medical treatment,2015,8,Rear-end,Multi-Vehicle,153.038635,-27.357177,Handford Rd,,Zillmere,Nudgee,No Roadway Feature,No traffic control,0 - 50 km/h,Sealed - Dry,Daylight,Straight,Veh'S Same Direction: Rear End,Rear-end,0,0,1,0,1,2,0,0,0,0,0,0
282219,Hospitalisation,2015,6,Rear-end,Multi-Vehicle,153.046595,-27.375918,Ellison Rd,Newman Rd,Geebung,Nudgee,Intersection - Cross,Operating traffic lights,60 km/h,Sealed - Dry,Daylight,Straight,Veh'S Same Direction: Rear End,Rear-end,0,1,0,0,1,4,0,0,0,0,0,0
282227,Hospitalisation,2015,6,Rear-end,Multi-Vehicle,153.094863,-27.388311,Gateway Arterial Rd,,Banyo,Clayfield,No Roadway Feature,No traffic control,80 - 90 km/h,Sealed - Dry,Daylight,Straight,Veh'S Same Direction: Rear End,Rear-end,0,1,0,0,1,1,1,0,0,0,0,0
282228,Hospitalisation,2015,7,Angle,Multi-Vehicle,152.989512,-27.429301,Browns Dip Rd,Western Arterial Rd,Enoggera,Ashgrove,Intersection - T-Junction,Operating traffic lights,60 km/h,Sealed - Dry,Daylight,Straight,Veh'S Opposite Approach: Thru-Right,Opposing vehicles turning,0,1,0,0,1,2,0,0,0,0,0,0
282253,Medical treatment,2015,16,Rear-end,Multi-Vehicle,152.973762,-27.497367,Moggill Rd,Stamford Rd,Indooroopilly,Indooroopilly,Intersection - T-Junction,Give way sign,0 - 50 km/h,Sealed - Dry,Daylight,Curved - view open,Veh'S Same Direction: Left Rear,Rear-end,0,0,1,0,1,2,0,0,0,0,0,0
282254,Minor injury,2015,5,Sideswipe,Multi-Vehicle,152.9932451,-27.48789969,Brisbane St,,Toowong,Mount Coot-tha,No Roadway Feature,No traffic control,60 km/h,Sealed - Dry,Darkness - Lighted,Curved - view open,Veh'S Same Direction: Lane Change Left,Lane changes,0,0,0,1,1,1,0,0,0,1,0,0
282255,Hospitalisation,2015,17,Angle,Multi-Vehicle,153.0795628,-27.3236547,Friday St,Rainbow St,Shorncliffe,Sandgate,Intersection - T-Junction,Give way sign,60 km/h,Sealed - Dry,Darkness - Lighted,Curved - view open,Veh'S Adjacent Approach: Thru-Right,Intersection from adjacent approaches,0,3,0,0,3,2,0,0,0,0,0,0
282261,Medical treatment,2015,15,Rear-end,Multi-Vehicle,153.018168,-27.36929,Darwin St,Gympie Arterial Rd,Aspley,Aspley,No Roadway Feature,No traffic control,70 km/h,Sealed - Dry,Daylight,Straight,Veh'S Same Direction: Rear End,Rear-end,0,0,1,0,1,3,0,0,0,0,0,0
282265,Medical treatment,2015,16,Rear-end,Multi-Vehicle,153.0507288,-27.42554989,Sandgate Rd,,Clayfield,Clayfield,No Roadway Feature,No traffic control,60 km/h,Sealed - Dry,Daylight,Straight,Veh'S Same Direction: Rear End,Rear-end,0,0,1,0,1,3,0,0,0,0,0,0
282267,Minor injury,2015,7,Angle,Multi-Vehicle,153.009907,-27.43145,Mina Pde,,Newmarket,Stafford,No Roadway Feature,No traffic control,0 - 50 km/h,Sealed - Dry,Daylight,Straight,Veh'S Manoeuvring: Leaving Driveway,Vehicle leaving driveway,0,0,0,1,1,2,0,0,0,0,0,0
282296,Medical treatment,2015,9,Angle,Multi-Vehicle,152.984476,-27.456417,Coopers Camp Rd,Lewin St,Bardon,Ashgrove,Intersection - T-Junction,No traffic control,60 km/h,Sealed - Dry,Daylight,Curved - view open,Veh'S Opposite Approach: Thru-Right,Opposing vehicles turning,0,0,1,0,1,2,0,0,0,0,0,0
282297,Medical treatment,2015,21,Hit object,Single Vehicle,152.964707,-27.44694,Waterworks Rd,,The Gap,Ashgrove,No Roadway Feature,No traffic control,60 km/h,Sealed - Dry,Darkness - Lighted,Curved - view open,Off Path-Curve: Out Of Control On Cway,Out of control on curve,0,0,2,0,2,1,0,0,0,0,0,0
282298,Hospitalisation,2015,8,Hit pedestrian,Hit pedestrian,153.020692,-27.470037,Bicentennial Bikeway,,Brisbane City,Brisbane Central,Bikeway,No traffic control,0 - 50 km/h,Sealed - Dry,Daylight,Straight,Ped'N: Hit Other,Other,0,1,1,0,2,0,0,0,0,1,1,0
282300,Medical treatment,2015,11,Fall from vehicle,Single Vehicle,153.0375494,-27.45592289,Ann St,Bridge St,Fortitude Valley,Brisbane Central,Intersection - T-Junction,No traffic control,60 km/h,Sealed - Dry,Daylight,Straight,Off Path-Straight:Out Of Control On Cway,Out of control on straight,0,0,1,0,1,1,1,0,0,0,0,0
282306,Hospitalisation,2015,17,Rear-end,Multi-Vehicle,152.991555,-27.364696,Beckett Rd,Saturn Cres,Bridgeman Downs,Aspley,No Roadway Feature,No traffic control,70 km/h,Sealed - Dry,Dawn/Dusk,Straight,Veh'S Same Direction: Left Turn S/Swipe,Parallel lanes turning,0,1,0,0,1,1,0,1,0,0,0,0
282311,Medical treatment,2015,14,Rear-end,Multi-Vehicle,153.059217,-27.411295,East - West Arterial Rd,Sandgate Rd,Clayfield,Clayfield,Intersection - T-Junction,Give way sign,0 - 50 km/h,Sealed - Dry,Darkness - Lighted,Straight,Veh'S Same Direction: Left Rear,Rear-end,0,0,1,0,1,2,0,0,0,0,0,0
282333,Medical treatment,2015,17,Rear-end,Multi-Vehicle,152.949651,-27.444943,Pammay St,Waterworks Rd,The Gap,Ashgrove,Intersection - T-Junction,Operating traffic lights,60 km/h,Sealed - Dry,Darkness - Lighted,Straight,Veh'S Same Direction: Rear End,Rear-end,0,0,1,0,1,2,0,0,0,0,0,0
282334,Minor injury,2015,18,Rear-end,Multi-Vehicle,152.996167,-27.458528,Latrobe Tce,,Paddington,Mount Coot-tha,No Roadway Feature,No traffic control,0 - 50 km/h,Sealed - Dry,Darkness - Lighted,Straight,Veh'S Same Direction: Rear End,Rear-end,0,0,0,1,1,2,0,0,0,0,0,0
282336,Medical treatment,2015,8,Rear-end,Multi-Vehicle,153.030875,-27.448322,Inner City Bypass,,Bowen Hills,Brisbane Central,No Roadway Feature,No traffic control,60 km/h,Sealed - Dry,Daylight,Straight,Veh'S Same Direction: Rear End,Rear-end,0,0,1,0,1,3,0,0,0,0,0,0
282339,Hospitalisation,2015,23,Sideswipe,Multi-Vehicle,152.978683,-27.492917,Moggill Rd,Moorak St,Taringa,Indooroopilly,Intersection - T-Junction,Operating traffic lights,0 - 50 km/h,Sealed - Dry,Darkness - Lighted,Straight,Veh'S Same Direction: Right Turn S/Swipe,Parallel lanes turning,0,1,0,0,1,1,1,0,0,0,0,0
282340,Medical treatment,2015,16,Angle,Multi-Vehicle,152.973933,-27.504218,Riverview Tce,,Indooroopilly,Indooroopilly,Intersection - T-Junction,No traffic control,0 - 50 km/h,Sealed - Dry,Dawn/Dusk,Curved - view open,Veh'S Adjacent Approach: Thru-Right,Intersection from adjacent approaches,0,0,1,0,1,2,0,0,0,0,0,0
282341,Medical treatment,2015,23,Angle,Multi-Vehicle,152.970449,-27.498056,Moggill Rd,Station Rd,Indooroopilly,Indooroopilly,Intersection - T-Junction,Operating traffic lights,60 km/h,Sealed - Dry,Darkness - Lighted,Straight,Veh'S Adjacent Approach: Thru-Right,Intersection from adjacent approaches,0,0,1,0,1,1,1,0,0,0,0,0
282343,Hospitalisation,2015,7,Sideswipe,Multi-Vehicle,153.019465,-27.351189,Denver St,Willara St,Carseldine,Aspley,Intersection - T-Junction,No traffic control,0 - 50 km/h,Sealed - Dry,Daylight,Straight,Veh'S Overtaking: Overtake-Right Turn,Overtaking same direction,0,1,0,0,1,2,0,0,0,0,0,0
282353,Medical treatment,2015,15,Angle,Multi-Vehicle,153.0606,-27.415164,Franz Rd,Gellibrand St,Clayfield,Clayfield,Intersection - Cross,Give way sign,0 - 50 km/h,Sealed - Dry,Daylight,Straight,Veh'S Adjacent Approach: Thru-Thru,Intersection from adjacent approaches,0,0,1,0,1,2,0,0,0,0,0,0
282371,Medical treatment,2015,22,Sideswipe,Multi-Vehicle,153.0404513,-27.43923616,Abbotsford Rd,,Bowen Hills,Brisbane Central,No Roadway Feature,No traffic control,60 km/h,Sealed - Dry,Darkness - Lighted,Curved - view open,Veh'S Same Direction: Lane Change Right,Lane changes,0,0,1,0,1,2,0,0,0,0,0,0
282372,Medical treatment,2015,15,Angle,Multi-Vehicle,152.968806,-27.498795,Moggill Rd,Rylatt St,Indooroopilly,Indooroopilly,Intersection - T-Junction,No traffic control,60 km/h,Sealed - Dry,Daylight,Straight,Veh'S Adjacent Approach: Thru-Right,Intersection from adjacent approaches,0,0,1,0,1,2,0,0,0,0,0,0
282373,Hospitalisation,2015,15,Rear-end,Multi-Vehicle,152.9530878,-27.508208,Moggill Sub-Arterial Rd,,Chapel Hill,Moggill,No Roadway Feature,No traffic control,60 km/h,Sealed - Dry,Daylight,Curved - view obscured,Veh'S Same Direction: Rear End,Rear-end,0,2,0,0,2,3,0,0,0,0,0,0
282379,Hospitalisation,2015,20,Angle,Multi-Vehicle,153.039879,-27.350281,Beams Rd,Handford Rd,Zillmere,Sandgate,Intersection - Cross,Operating traffic lights,60 km/h,Sealed - Dry,Darkness - Lighted,Straight,Veh'S Adjacent Approach: Thru-Thru,Intersection from adjacent approaches,0,1,0,0,1,2,0,0,0,0,0,0
282380,Hospitalisation,2015,20,Angle,Multi-Vehicle,153.059834,-27.343788,Carlyle Rd,Sandgate Sub-Arterial Rd,Boondall,Nudgee,Intersection - Cross,Operating traffic lights,60 km/h,Sealed - Dry,Darkness - Lighted,Straight,Veh'S Opposite Approach: Thru-Right,Opposing vehicles turning,0,1,0,0,1,2,0,0,0,0,0,0
282384,Medical treatment,2015,10,Rear-end,Multi-Vehicle,152.8296283,-27.53129155,Mount Crosby Rd,,Karana Downs,Moggill,No Roadway Feature,No traffic control,60 km/h,Sealed - Dry,Daylight,Straight,Veh'S Same Direction: Rear End,Rear-end,0,0,1,0,1,2,0,0,0,0,0,0
282392,Hospitalisation,2015,10,Rear-end,Multi-Vehicle,153.031894,-27.433306,Bowen St,Lutwyche Rd,Windsor,Brisbane Central,Intersection - T-Junction,Operating traffic lights,60 km/h,Sealed - Dry,Daylight,Straight,Veh'S Adjacant Approach: Thru-Left,Intersection from adjacent approaches,0,1,1,0,2,1,1,0,0,0,0,0
282393,Medical treatment,2015,17,Rear-end,Multi-Vehicle,153.0945646,-27.38229312,Gateway Arterial Rd,,Banyo,Nudgee,No Roadway Feature,No traffic control,80 - 90 km/h,Sealed - Dry,Daylight,Curved - view open,Veh'S Same Direction: Rear End,Rear-end,0,0,1,1,2,3,0,0,0,0,0,0
282394,Hospitalisation,2015,13,Fall from vehicle,Single Vehicle,152.943334,-27.408458,Avington St,Burdon St,Keperra,Ferny Grove,Intersection - T-Junction,No traffic control,0 - 50 km/h,Sealed - Dry,Daylight,Straight,Off Path-Straight:Out Of Control On Cway,Out of control on straight,0,1,0,0,1,0,1,0,0,0,0,0
282422,Hospitalisation,2015,11,Angle,Multi-Vehicle,153.027149,-27.465513,Ann St,Creek St,Brisbane City,Brisbane Central,Intersection - Cross,Operating traffic lights,0 - 50 km/h,Sealed - Wet,Darkness - Lighted,Curved - view open,Veh'S Adjacent Approach: Thru-Thru,Intersection from adjacent approaches,0,2,0,0,2,2,1,0,0,0,0,0
282427,Hospitalisation,2015,17,Angle,Multi-Vehicle,153.037287,-27.388374,Miller St,,Chermside,Nudgee,No Roadway Feature,No traffic control,0 - 50 km/h,Sealed - Dry,Dawn/Dusk,Curved - view open,Veh'S Overtaking: Overtake-Right Turn,Overtaking same direction,0,1,0,0,1,1,0,0,0,1,0,0
282435,Hospitalisation,2015,11,Hit parked vehicle,Single Vehicle,152.979418,-27.388682,Queens Rd,,Everton Park,Everton,No Roadway Feature,No traffic control,60 km/h,Sealed - Dry,Daylight,Straight,Veh'S On Path: Parked,Hit parked vehicle,0,1,0,0,1,2,0,0,0,0,0,0
282453,Minor injury,2015,21,Hit object,Single Vehicle,152.876379,-27.419958,Mount Nebo Rd,,Enoggera Reservoir,Ashgrove,No Roadway Feature,No traffic control,80 - 90 km/h,Sealed - Wet,Darkness - Not lighted,Curved - view obscured,Off Path-Curve: Off Cway Lt Bend Hit Obj,Off carriageway on curve hit object,0,0,0,2,2,1,0,0,0,0,0,0
282454,Medical treatment,2015,3,Hit pedestrian,Hit pedestrian,153.0336422,-27.45961046,Gipps St,,Fortitude Valley,Brisbane Central,Intersection - Cross,Operating traffic lights,60 km/h,Sealed - Dry,Darkness - Lighted,Straight,Ped'N: Near Side Vehicle Hit From Right,Pedestrian,0,0,1,0,1,1,0,0,0,0,1,0
282455,Minor injury,2015,6,Hit object,Single Vehicle,153.046808,-27.313195,Deagon Deviation,Gateway Arterial Rd,Sandgate,Sandgate,Bridge/Causeway,No traffic control,100 - 110 km/h,Sealed - Wet,Dawn/Dusk,Curved - view open,Off Path-Curve: Off Cway Rt Bend Hit Obj,Off carriageway on curve hit object,0,0,0,1,1,1,0,0,0,0,0,0
282459,Hospitalisation,2015,22,Head-on,Multi-Vehicle,153.016656,-27.356299,Gympie Arterial Rd,Zillmere Rd,Aspley,Aspley,Intersection - T-Junction,Operating traffic lights,60 km/h,Sealed - Wet,Darkness - Lighted,Curved - view open,Veh'S Opposite Approach: Thru-Right,Opposing vehicles turning,0,3,0,0,3,3,0,0,0,0,0,0
282487,Medical treatment,2015,16,Rear-end,Multi-Vehicle,152.985773,-27.446324,Waterworks Rd,,Ashgrove,Ashgrove,No Roadway Feature,No traffic control,60 km/h,Sealed - Dry,Daylight,Straight,Veh'S Same Direction: Right Rear,Rear-end,0,0,1,0,1,2,0,0,0,0,0,0
282488,Medical treatment,2015,8,Angle,Multi-Vehicle,153.01982,-27.459231,Gregory Tce,,Spring Hill,Brisbane Central,No Roadway Feature,No traffic control,60 km/h,Sealed - Wet,Daylight,Curved - view open,Veh'S Opposite Approach: U-Turn,U-turn,0,0,1,0,1,2,0,0,0,0,0,0
282496,Hospitalisation,2015,15,Sideswipe,Multi-Vehicle,152.985161,-27.386103,Beckett Rd,Queens Rd,Mcdowall,Everton,Intersection - Roundabout,Give way sign,60 km/h,Sealed - Dry,Daylight,Curved - view obscured,Veh'S Same Direction: Right Turn S/Swipe,Parallel lanes turning,0,1,0,0,1,1,1,0,0,0,0,0
282504,Medical treatment,2015,17,Rear-end,Multi-Vehicle,153.000796,-27.424919,South Pine Rd,,Alderley,Stafford,No Roadway Feature,No traffic control,60 km/h,Sealed - Dry,Dawn/Dusk,Curved - view obscured,Veh'S Same Direction: Rear End,Rear-end,0,0,1,0,1,2,0,0,0,0,0,0
282526,Medical treatment,2015,13,Hit pedestrian,Hit pedestrian,153.027254,-27.474755,Alice St,George St,Brisbane City,Brisbane Central,Intersection - Cross,Pedestrian operated lights,0 - 50 km/h,Sealed - Wet,Daylight,Straight,Ped'N: Near Side Vehicle Hit From Right,Pedestrian,0,0,1,0,1,1,0,0,0,0,1,0
282527,Medical treatment,2015,14,Rear-end,Multi-Vehicle,153.016331,-27.332442,Lacey Rd,Linkfield Rd,Carseldine,Aspley,Intersection - T-Junction,Give way sign,60 km/h,Sealed - Dry,Daylight,Straight,Veh'S Same Direction: Left Rear,Rear-end,0,0,1,0,1,2,0,0,0,0,0,0
282528,Medical treatment,2015,16,Rear-end,Multi-Vehicle,153.008139,-27.330925,Linkfield Connection Rd,,Bald Hills,Aspley,No Roadway Feature,No traffic control,80 - 90 km/h,Sealed - Dry,Daylight,Straight,Veh'S Same Direction: Rear End,Rear-end,0,0,1,0,1,3,0,0,0,0,0,0
282553,Medical treatment,2015,7,Rear-end,Multi-Vehicle,152.986827,-27.489981,Moggill Rd,Whitmore St,Taringa,Mount Coot-tha,Intersection - T-Junction,Operating traffic lights,60 km/h,Sealed - Dry,Daylight,Straight,Veh'S Same Direction: Rear End,Rear-end,0,0,1,0,1,2,0,0,0,0,0,0
282564,Hospitalisation,2015,9,Angle,Multi-Vehicle,153.056532,-27.420719,Liverpool Rd,London Rd,Clayfield,Clayfield,Intersection - Cross,Stop sign,0 - 50 km/h,Sealed - Dry,Daylight,Straight,Veh'S Adjacent Approach: Thru-Thru,Intersection from adjacent approaches,0,1,0,0,1,2,0,0,0,0,0,0
282586,Medical treatment,2015,5,Angle,Multi-Vehicle,153.029298,-27.447886,Bowen Bridge Rd,O'Connell Tce,Bowen Hills,Brisbane Central,Intersection - T-Junction,Operating traffic lights,60 km/h,Sealed - Dry,Darkness - Lighted,Straight,Veh'S Adjacent Approach: Right-Thru,Intersection from adjacent approaches,0,0,1,0,1,1,0,0,0,1,0,0
282591,Medical treatment,2015,19,Angle,Multi-Vehicle,153.032052,-27.386056,Hamilton Rd,Thomas St,Chermside,Nudgee,Intersection - T-Junction,Operating traffic lights,60 km/h,Sealed - Dry,Darkness - Lighted,Straight,Veh'S Opposite Approach: Thru-Right,Opposing vehicles turning,0,0,1,0,1,2,0,0,0,0,0,0
282596,Medical treatment,2015,15,Rear-end,Multi-Vehicle,153.0310011,-27.43855309,Lutwyche Rd,,Windsor,Brisbane Central,No Roadway Feature,No traffic control,60 km/h,Sealed - Dry,Daylight,Straight,Veh'S Same Direction: Rear End,Rear-end,0,0,2,0,2,3,0,0,0,0,0,0
282597,Medical treatment,2015,22,Fall from vehicle,Single Vehicle,153.05917,-27.398624,Sandgate Sub-Arterial Rd,,Nundah,Clayfield,No Roadway Feature,No traffic control,60 km/h,Sealed - Wet,Darkness - Not lighted,Straight,Off Path-Straight:Out Of Control On Cway,Out of control on straight,0,0,1,0,1,1,1,0,0,0,0,0
282598,Hospitalisation,2015,21,Rear-end,Multi-Vehicle,153.115782,-27.382887,Moreton Dr,,Brisbane Airport,Clayfield,No Roadway Feature,No traffic control,60 km/h,Sealed - Dry,Darkness - Lighted,Straight,Veh'S Same Direction: Rear End,Rear-end,0,2,0,0,2,4,0,0,0,0,0,0
282620,Hospitalisation,2015,8,Hit parked vehicle,Single Vehicle,153.0038927,-27.45314149,Enoggera Tce,,Red Hill,Mount Coot-tha,No Roadway Feature,No traffic control,0 - 50 km/h,Sealed - Dry,Daylight,Straight,Off Path-Straight: Left Off Cway Hit Obj,Off carriageway on straight hit object,0,1,0,0,1,1,1,0,0,0,0,0
282621,Hospitalisation,2015,18,Fall from vehicle,Single Vehicle,153.0199487,-27.46968797,South East Arterial Rd,,Brisbane City,Brisbane Central,No Roadway Feature,No traffic control,60 km/h,Sealed - Dry,Darkness - Lighted,Straight,Off Path-Straight:Out Of Control On Cway,Out of control on straight,0,1,0,0,1,0,1,0,0,0,0,0
282628,Medical treatment,2015,14,Rear-end,Multi-Vehicle,153.06167,-27.366571,Ferric St,Sandgate Sub-Arterial Rd,Virginia,Nudgee,Intersection - Cross,Operating traffic lights,60 km/h,Sealed - Dry,Daylight,Straight,Veh'S Same Direction: Right Rear,Rear-end,0,0,1,0,1,1,0,1,0,0,0,0
282629,Hospitalisation,2015,8,Overturned,Single Vehicle,152.982844,-27.368512,Halleys Cres,Orbital Cl,Bridgeman Downs,Aspley,Intersection - T-Junction,No traffic control,0 - 50 km/h,Sealed - Dry,Daylight,Straight,Off Path-Straight: Left Turn,Off carriageway on straight,0,1,0,0,1,0,0,1,0,0,0,0
282630,Medical treatment,2015,6,Angle,Multi-Vehicle,152.9889254,-27.37959705,Beckett Rd,Hamilton Rd,Mcdowall,Aspley,Intersection - Cross,Operating traffic lights,60 km/h,Sealed - Dry,Daylight,Straight,Veh'S Opposite Approach: Thru-Right,Opposing vehicles turning,0,0,1,0,1,2,0,0,0,0,0,0
282639,Medical treatment,2015,0,Rear-end,Multi-Vehicle,153.030158,-27.442811,Lutwyche Rd,,Windsor,Brisbane Central,Intersection - Cross,Operating traffic lights,0 - 50 km/h,Sealed - Wet,Darkness - Lighted,Straight,Veh'S Same Direction: Rear End,Rear-end,0,0,1,0,1,2,0,0,0,0,0,0
282640,Medical treatment,2015,2,Hit object,Single Vehicle,153.08034,-27.423532,Gateway Arterial Rd,,Hendra,Clayfield,No Roadway Feature,No traffic control,80 - 90 km/h,Sealed - Wet,Darkness - Lighted,Curved - view open,Off Path-Curve: Off Cway Rt Bend Hit Obj,Off carriageway on curve hit object,0,0,1,0,1,1,0,0,0,0,0,0
282641,Medical treatment,2015,12,Sideswipe,Multi-Vehicle,152.977304,-27.411218,Osborne Rd,,Mitchelton,Everton,No Roadway Feature,No traffic control,60 km/h,Sealed - Dry,Daylight,Straight,Veh'S Same Direction: Lane Side Swipe,Lane changes,0,0,1,0,1,1,0,1,0,0,0,0
282672,Hospitalisation,2015,10,Rear-end,Multi-Vehicle,153.034774,-27.460145,Bradfield Hwy,,Fortitude Valley,Brisbane Central,No Roadway Feature,No traffic control,0 - 50 km/h,Sealed - Dry,Daylight,Straight,Veh'S Same Direction: Rear End,Rear-end,0,1,0,0,1,3,0,0,0,0,0,0
282676,Medical treatment,2015,12,Rear-end,Multi-Vehicle,153.0180989,-27.36896858,Gympie Arterial Rd,,Aspley,Aspley,No Roadway Feature,No traffic control,70 km/h,Sealed - Dry,Daylight,Straight,Veh'S Same Direction: Rear End,Rear-end,0,0,1,0,1,3,0,0,0,0,0,0
282682,Medical treatment,2015,4,Rear-end,Multi-Vehicle,153.059935,-27.40736,Sandgate Sub-Arterial Rd,,Nundah,Nudgee,No Roadway Feature,No traffic control,60 km/h,Sealed - Dry,Darkness - Lighted,Straight,Veh'S Same Direction: Rear End,Rear-end,0,0,1,1,2,3,0,0,0,0,0,0
282683,Medical treatment,2015,11,Rear-end,Multi-Vehicle,153.063173,-27.381078,Sandgate Sub-Arterial Rd,Toombul Rd,Virginia,Nudgee,Intersection - Roundabout,Give way sign,60 km/h,Sealed - Dry,Daylight,Curved - view open,Veh'S Same Direction: Right Rear,Rear-end,0,0,1,0,1,2,0,0,0,0,0,0
282685,Medical treatment,2015,10,Rear-end,Multi-Vehicle,152.948458,-27.417206,Kidman Pl,Settlement Rd,Keperra,Ferny Grove,Intersection - Cross,Operating traffic lights,60 km/h,Sealed - Dry,Daylight,Straight,Veh'S Same Direction: Rear End,Rear-end,0,0,1,0,1,2,0,0,0,0,0,0
282704,Medical treatment,2015,11,Angle,Multi-Vehicle,153.0265417,-27.47528042,Alice St,William St,Brisbane City,Brisbane Central,Intersection - T-Junction,Operating traffic lights,60 km/h,Sealed - Dry,Daylight,Straight,Veh'S Adjacent Approach: Right-Thru,Intersection from adjacent approaches,0,0,1,0,1,1,1,0,0,0,0,0