Crash_Ref_Number,Severity,Year,Hour,Crash_Nature,Crash_Type,Longitude,Latitude,Street,Street_Intersecting,Suburb,Loc_State_Electorate,Crash_Roadway_Feature,Crash_Traffic_Control,Crash_Speed_Limit,Crash_Road_Surface_Condition,Crash_Lighting_Condition,Crash_Road_Horiz_Align,Crash_DCA_Description,Crash_DCA_Group_Description,Count_Casualty_Fatality,Count_Casualty_Hospitalised,Count_Casualty_MedicallyTreated,Count_Casualty_MinorInjury,Count_Casualty_Total,Count_Unit_Car,Count_Unit_Motorcycle_Moped,Count_Unit_Truck,Count_Unit_Bus,Count_Unit_Bicycle,Count_Unit_Pedestrian,Count_Unit_Other
283991,Medical treatment,2015,9,Angle,Multi-Vehicle,152.973422,-27.401821,Glenholm St,St Helens Rd,Mitchelton,Everton,Intersection - T-Junction,No traffic control,0 - 50 km/h,Sealed - Dry,Daylight,Straight,Veh'S Adjacent Approach: Thru-Thru,Intersection from adjacent approaches,0,0,1,0,1,1,0,0,0,1,0,0
284012,Medical treatment,2015,14,Angle,Multi-Vehicle,153.014516,-27.458608,Kelvin Grove Rd,,Kelvin Grove,Brisbane Central,Intersection - Interchange,Operating traffic lights,60 km/h,Sealed - Dry,Daylight,Straight,Veh'S Adjacent Approach: Thru-Right,Intersection from adjacent approaches,0,0,2,0,2,2,0,0,0,0,0,0
284013,Medical treatment,2015,13,Sideswipe,Multi-Vehicle,153.04029,-27.439606,Abbotsford Rd,Allison St,Bowen Hills,Brisbane Central,Intersection - Interchange,Operating traffic lights,60 km/h,Sealed - Dry,Daylight,Curved - view open,Veh'S Same Direction: Lane Change Right,Lane changes,0,0,1,0,1,1,1,0,0,0,0,0
284014,Hospitalisation,2015,0,Hit object,Single Vehicle,153.0638728,-27.3078057,Brighton Tce,Tenth Ave,Sandgate,Sandgate,Intersection - Cross,No traffic control,60 km/h,Sealed - Dry,Darkness - Lighted,Straight,Off Path-Straight: Left Off Cway Hit Obj,Off carriageway on straight hit object,0,1,0,0,1,1,0,0,0,0,0,0
284019,Hospitalisation,2015,21,Fall from vehicle,Single Vehicle,153.107236,-27.394877,Moreton Dr,,Brisbane Airport,Clayfield,Bridge/Causeway,No traffic control,60 km/h,Sealed - Dry,Darkness - Lighted,Straight,Veh'S Same Direction: Lane Change Left,Lane changes,0,1,0,0,1,1,1,0,0,0,0,0
284046,Hospitalisation,2015,12,Hit parked vehicle,Single Vehicle,153.043503,-27.393568,Highcrest Ave,,Wavell Heights,Clayfield,No Roadway Feature,No traffic control,0 - 50 km/h,Sealed - Dry,Daylight,Straight,Veh'S On Path: Parked,Hit parked vehicle,0,1,0,0,1,2,0,0,0,0,0,1
284062,Minor injury,2015,18,Rear-end,Multi-Vehicle,153.0153981,-27.46804428,William Jolly Bridge,,Brisbane City,Brisbane Central,Bridge/Causeway,No traffic control,60 km/h,Sealed - Dry,Dawn/Dusk,Straight,Veh'S Same Direction: Rear End,Rear-end,0,0,0,1,1,2,0,0,0,0,0,0
284064,Medical treatment,2015,17,Rear-end,Multi-Vehicle,153.0512575,-27.32539676,Gateway Arterial Rd,,Deagon,Sandgate,No Roadway Feature,No traffic control,80 - 90 km/h,Sealed - Dry,Darkness - Lighted,Straight,Veh'S Same Direction: Rear End,Rear-end,0,0,1,0,1,2,0,0,0,0,0,0
284067,Medical treatment,2015,9,Rear-end,Multi-Vehicle,153.016499,-27.356315,Gympie Arterial Rd,Zillmere Rd,Aspley,Aspley,Intersection - T-Junction,Operating traffic lights,70 km/h,Sealed - Dry,Daylight,Curved - view open,Veh'S Same Direction: Rear End,Rear-end,0,0,1,0,1,1,0,0,0,0,0,1
284068,Medical treatment,2015,18,Rear-end,Multi-Vehicle,153.084273,-27.356068,Gateway Arterial Rd,,Boondall,Nudgee,No Roadway Feature,No traffic control,80 - 90 km/h,Sealed - Dry,Dawn/Dusk,Straight,Veh'S Same Direction: Rear End,Rear-end,0,0,2,0,2,2,0,0,0,0,0,1
284105,Hospitalisation,2015,8,Angle,Multi-Vehicle,153.030348,-27.47191,Edward St,,Brisbane City,Brisbane Central,No Roadway Feature,No traffic control,0 - 50 km/h,Sealed - Dry,Daylight,Straight,Veh'S Manoeuvring: Other,Other,0,1,0,0,1,1,0,0,0,1,0,0
284106,Hospitalisation,2015,6,Angle,Multi-Vehicle,153.048333,-27.452658,Skyring Tce,Vernon Tce,Teneriffe,Brisbane Central,Intersection - Cross,Stop sign,0 - 50 km/h,Sealed - Dry,Daylight,Straight,Veh'S Adjacent Approach: Thru-Thru,Intersection from adjacent approaches,0,1,1,0,2,1,0,1,0,0,0,0
284107,Medical treatment,2015,8,Rear-end,Multi-Vehicle,153.040537,-27.452722,Ann St,Commercial Rd,Fortitude Valley,Brisbane Central,Intersection - Cross,Operating traffic lights,60 km/h,Sealed - Dry,Daylight,Straight,Veh'S Same Direction: Left Rear,Rear-end,0,0,1,0,1,2,0,0,0,0,0,0
284111,Minor injury,2015,17,Angle,Multi-Vehicle,153.030781,-27.381862,Banfield St,,Chermside,Nudgee,No Roadway Feature,No traffic control,60 km/h,Sealed - Dry,Daylight,Straight,Veh'S Manoeuvring: Leaving Driveway,Vehicle leaving driveway,0,0,0,1,1,2,0,0,0,0,0,0
284119,Hospitalisation,2015,13,Angle,Multi-Vehicle,153.0637807,-27.41671778,Junction Rd,,Clayfield,Clayfield,No Roadway Feature,No traffic control,60 km/h,Sealed - Dry,Daylight,Straight,Veh'S Same Direction: Right Turn S/Swipe,Parallel lanes turning,0,1,0,0,1,1,1,0,0,0,0,0
284137,Minor injury,2015,16,Rear-end,Multi-Vehicle,153.0109799,-27.46368838,Hale St,,Milton,Mount Coot-tha,No Roadway Feature,No traffic control,60 km/h,Sealed - Dry,Daylight,Straight,Veh'S Same Direction: Rear End,Rear-end,0,0,0,1,1,2,0,1,0,0,0,0
284138,Medical treatment,2015,21,Hit object,Single Vehicle,152.877038,-27.484146,Upper Brookfield Rd,,Upper Brookfield,Moggill,No Roadway Feature,No traffic control,60 km/h,Sealed - Dry,Darkness - Not lighted,Curved - view open,Off Path-Curve: Out Of Control On Cway,Out of control on curve,0,0,1,0,1,1,0,0,0,0,0,0
284141,Hospitalisation,2015,17,Angle,Multi-Vehicle,153.045255,-27.433229,Collingwood St,Fox St,Albion,Clayfield,Intersection - T-Junction,No traffic control,0 - 50 km/h,Sealed - Dry,Dawn/Dusk,Straight,Veh'S Opposite Approach: Thru-Right,Opposing vehicles turning,0,1,0,0,1,1,1,0,0,0,0,0
284161,Medical treatment,2015,17,Angle,Multi-Vehicle,152.993297,-27.484285,Bennett St,Lissner St,Toowong,Mount Coot-tha,Intersection - Roundabout,Give way sign,0 - 50 km/h,Sealed - Wet,Dawn/Dusk,Straight,Veh'S Manoeuvring: Leaving Driveway,Vehicle leaving driveway,0,0,1,0,1,1,0,0,0,1,0,0
284166,Fatal,2015,18,Hit pedestrian,Hit pedestrian,153.045125,-27.383901,Newman Rd,,Wavell Heights,Nudgee,No Roadway Feature,No traffic control,0 - 50 km/h,Sealed - Dry,Darkness - Lighted,Straight,Ped'N: Far Side Vehicle Hit From Left,Pedestrian,1,0,0,1,2,1,0,0,0,0,1,0
284167,Hospitalisation,2015,7,Hit object,Single Vehicle,152.9993387,-27.35699718,Albany Creek Sub-Arterial Rd,,Bridgeman Downs,Aspley,No Roadway Feature,No traffic control,70 km/h,Sealed - Dry,Daylight,Curved - view open,Off Path-Curve: Off Cway Rt Bend Hit Obj,Off carriageway on curve hit object,0,1,0,0,1,1,0,0,0,0,0,0
284168,Medical treatment,2015,7,Rear-end,Multi-Vehicle,152.999452,-27.357082,Albany Creek Sub-Arterial Rd,,Bridgeman Downs,Aspley,No Roadway Feature,No traffic control,70 km/h,Sealed - Dry,Daylight,Curved - view open,Veh'S Same Direction: Rear End,Rear-end,0,0,1,0,1,2,0,0,0,0,0,0
284206,Medical treatment,2015,10,Rear-end,Multi-Vehicle,153.030318,-27.465719,Queen St,Wharf St,Brisbane City,Brisbane Central,Intersection - Cross,Operating traffic lights,0 - 50 km/h,Sealed - Dry,Daylight,Curved - view open,Veh'S Same Direction: Rear End,Rear-end,0,0,1,0,1,3,0,0,0,0,0,0
284207,Medical treatment,2015,11,Rear-end,Multi-Vehicle,153.027475,-27.471928,Albert St,Mary St,Brisbane City,Brisbane Central,Intersection - Cross,Operating traffic lights,0 - 50 km/h,Sealed - Dry,Daylight,Straight,Veh'S Same Direction: Rear End,Rear-end,0,0,1,0,1,2,0,0,0,0,0,0
284210,Medical treatment,2015,12,Angle,Multi-Vehicle,153.036014,-27.370704,Butt St,Murphy Rd,Geebung,Aspley,No Roadway Feature,No traffic control,60 km/h,Sealed - Dry,Daylight,Straight,Veh'S Same Direction: Left Turn S/Swipe,Parallel lanes turning,0,0,1,0,1,1,0,0,0,1,0,0
284235,Hospitalisation,2015,7,Hit pedestrian,Hit pedestrian,153.0153337,-27.41543467,Hayward St,,Stafford,Stafford,No Roadway Feature,Road/Rail worker,0 - 50 km/h,Sealed - Dry,Daylight,Straight,Ped'N: Play; Work; Stand; Lie On C'Way,Pedestrian,0,1,0,0,1,1,0,0,0,0,1,0
284264,Hospitalisation,2015,14,Sideswipe,Multi-Vehicle,152.9783,-27.49303,Moggill Rd,,Taringa,Indooroopilly,No Roadway Feature,No traffic control,0 - 50 km/h,Sealed - Dry,Daylight,Straight,Veh'S Same Direction: Lane Change Right,Lane changes,0,2,0,1,3,2,0,0,0,0,0,0
284265,Hospitalisation,2015,6,Angle,Multi-Vehicle,153.006081,-27.493858,Coldridge St,Sir Fred Schonell Dr,St Lucia,Indooroopilly,Intersection - T-Junction,Operating traffic lights,60 km/h,Sealed - Dry,Daylight,Straight,Veh'S Opposite Approach: Thru-Right,Opposing vehicles turning,0,1,1,0,2,2,0,0,0,0,0,0
284271,Medical treatment,2015,15,Rear-end,Multi-Vehicle,153.016815,-27.35639,Gympie Arterial Rd,Zillmere Rd,Aspley,Aspley,Intersection - T-Junction,Give way sign,60 km/h,Sealed - Dry,Daylight,Straight,Veh'S Same Direction: Left Rear,Rear-end,0,0,1,0,1,2,0,0,0,0,0,0
284295,Hospitalisation,2015,9,Angle,Multi-Vehicle,153.030354,-27.461726,Boundary St,Turbot St,Spring Hill,Brisbane Central,Intersection - Cross,Operating traffic lights,0 - 50 km/h,Sealed - Dry,Daylight,Straight,Veh'S Adjacent Approach: Thru-Thru,Intersection from adjacent approaches,0,2,0,0,2,2,0,0,0,0,0,0
284296,Medical treatment,2015,18,Rear-end,Multi-Vehicle,153.018923,-27.466595,Makerston St,Roma St,Brisbane City,Brisbane Central,Intersection - T-Junction,Operating traffic lights,60 km/h,Sealed - Dry,Darkness - Lighted,Straight,Veh'S Same Direction: Rear End,Rear-end,0,0,1,0,1,2,0,0,0,0,0,0
284299,Medical treatment,2015,7,Angle,Multi-Vehicle,153.018168,-27.36929,Darwin St,Gympie Arterial Rd,Aspley,Aspley,Intersection - Cross,Operating traffic lights,70 km/h,Sealed - Dry,Daylight,Straight,Veh'S Adjacent Approach: Thru-Thru,Intersection from adjacent approaches,0,0,1,0,1,2,0,0,0,0,0,0
284302,Medical treatment,2015,14,Angle,Multi-Vehicle,153.037515,-27.426062,Mclennan St,Stoneleigh St,Albion,Brisbane Central,Intersection - Cross,Stop sign,60 km/h,Sealed - Dry,Daylight,Straight,Veh'S Manoeuvring: Entering From Footway,Vehicle leaving driveway,0,0,1,0,1,1,0,0,0,1,0,0
284329,Hospitalisation,2015,11,Fall from vehicle,Single Vehicle,153.033692,-27.457431,Brunswick St,Wickham St,Fortitude Valley,Brisbane Central,Intersection - Cross,Operating traffic lights,0 - 50 km/h,Sealed - Dry,Daylight,Straight,Pass & Misc: Fell In/From Vehicle,Other,0,0,0,0,0,0,0,0,1,0,0,0
284331,Medical treatment,2015,7,Angle,Multi-Vehicle,152.985381,-27.475907,Musgrave St,Western Arterial Rd,Toowong,Mount Coot-tha,Intersection - T-Junction,Give way sign,60 km/h,Sealed - Dry,Daylight,Straight,Veh'S Adjacent Approach: Right-Thru,Intersection from adjacent approaches,0,0,1,0,1,2,0,0,0,0,0,0
284341,Hospitalisation,2015,8,Hit object,Single Vehicle,153.033557,-27.411075,Airport Link On Ramp,,Kedron,Clayfield,Intersection - Interchange,No traffic control,60 km/h,Sealed - Dry,Daylight,Curved - view open,Off Path-Curve: Off Cway Rt Bend Hit Obj,Off carriageway on curve hit object,0,1,0,0,1,1,0,0,0,0,0,0
284342,Medical treatment,2015,18,Rear-end,Multi-Vehicle,152.971948,-27.41226,Samford Sub-Arterial Rd,,Mitchelton,Everton,No Roadway Feature,No traffic control,60 km/h,Sealed - Dry,Dawn/Dusk,Straight,Veh'S Same Direction: Rear End,Rear-end,0,0,2,0,2,3,0,0,0,0,0,0
284364,Minor injury,2015,13,Angle,Multi-Vehicle,152.986827,-27.489981,Moggill Rd,Whitmore St,Taringa,Mount Coot-tha,Intersection - Cross,Operating traffic lights,60 km/h,Sealed - Dry,Daylight,Straight,Veh'S Opposite Approach: Thru-Right,Opposing vehicles turning,0,0,0,2,2,3,0,0,0,0,0,0
284368,Hospitalisation,2015,17,Rear-end,Multi-Vehicle,153.054185,-27.343755,Hayman St,Muller Rd,Taigum,Nudgee,Intersection - T-Junction,No traffic control,60 km/h,Sealed - Dry,Darkness - Lighted,Straight,Veh'S Same Direction: Rear End,Rear-end,0,1,0,0,1,2,0,0,0,0,0,0
284369,Medical treatment,2015,17,Rear-end,Multi-Vehicle,153.029962,-27.381471,Gympie Arterial Rd,,Chermside,Nudgee,No Roadway Feature,No traffic control,60 km/h,Sealed - Dry,Daylight,Straight,Veh'S Same Direction: Rear End,Rear-end,0,0,1,0,1,3,0,0,0,0,0,0
284373,Medical treatment,2015,16,Rear-end,Multi-Vehicle,153.0808471,-27.37990761,Earnshaw Rd,,Banyo,Nudgee,No Roadway Feature,No traffic control,0 - 50 km/h,Sealed - Dry,Daylight,Straight,Veh'S Same Direction: Rear End,Rear-end,0,0,1,0,1,2,0,0,0,0,0,0
284392,Medical treatment,2015,16,Fall from vehicle,Single Vehicle,153.018221,-27.468012,North Quay,,Brisbane City,Brisbane Central,No Roadway Feature,No traffic control,60 km/h,Sealed - Dry,Daylight,Straight,Off Path-Straight:Out Of Control On Cway,Out of control on straight,0,0,1,0,1,1,1,0,0,0,0,0
284393,Hospitalisation,2015,7,Angle,Multi-Vehicle,153.04201,-27.45839,Harcourt St,James St,New Farm,Brisbane Central,Intersection - Cross,Stop sign,60 km/h,Sealed - Dry,Daylight,Straight,Veh'S Adjacent Approach: Right-Thru,Intersection from adjacent approaches,0,1,0,0,1,2,0,0,0,0,0,0
284394,Medical treatment,2015,13,Angle,Multi-Vehicle,152.974399,-27.496982,Moggill Rd,,Indooroopilly,Indooroopilly,Intersection - T-Junction,Give way sign,60 km/h,Sealed - Dry,Daylight,Curved - view open,Veh'S Adjacant Approach: Thru-Left,Intersection from adjacent approaches,0,0,1,0,1,1,0,0,1,0,0,0
284434,Medical treatment,2015,11,Rear-end,Multi-Vehicle,153.009595,-27.400569,Appleby Rd,,Stafford Heights,Stafford,No Roadway Feature,No traffic control,60 km/h,Sealed - Dry,Daylight,Straight,Veh'S Same Direction: Rear End,Rear-end,0,0,2,0,2,2,0,0,0,0,0,0
284437,Medical treatment,2015,16,Hit object,Single Vehicle,153.026821,-27.363287,Kirby Rd,Mapellen St,Aspley,Nudgee,Intersection - T-Junction,No traffic control,60 km/h,Sealed - Dry,Daylight,Straight,Off Path-Straight:Out Of Control On Cway,Out of control on straight,0,0,1,0,1,1,0,0,0,0,0,0
284438,Medical treatment,2015,16,Angle,Multi-Vehicle,153.024155,-27.392451,Rode Rd,,Chermside,Stafford,No Roadway Feature,Give way sign,60 km/h,Sealed - Dry,Dawn/Dusk,Straight,Veh'S Manoeuvring: Leaving Driveway,Vehicle leaving driveway,0,0,1,0,1,2,0,0,0,0,0,0
284439,Hospitalisation,2015,14,Fall from vehicle,Single Vehicle,153.0619937,-27.36971276,Sandgate Sub-Arterial Rd,,Virginia,Nudgee,No Roadway Feature,No traffic control,60 km/h,Sealed - Dry,Daylight,Straight,Off Path-Straight:Out Of Control On Cway,Out of control on straight,0,1,0,0,1,1,1,0,0,0,0,0
284440,Hospitalisation,2015,14,Hit object,Single Vehicle,152.912121,-27.415861,Cedar Creek Rd,Lochinvar Rd,Upper Kedron,Ferny Grove,Intersection - T-Junction,No traffic control,60 km/h,Sealed - Dry,Daylight,Curved - view obscured,Off Path-Curve: Off Cway Rt Bend Hit Obj,Off carriageway on curve hit object,0,1,0,0,1,0,0,0,0,1,0,0
284441,Hospitalisation,2015,1,Hit object,Single Vehicle,153.005438,-27.43046384,Enoggera Rd,,Newmarket,Stafford,No Roadway Feature,No traffic control,60 km/h,Sealed - Dry,Darkness - Lighted,Curved - view open,Off Path-Curve: Off Cway Rt Bend Hit Obj,Off carriageway on curve hit object,0,1,0,0,1,1,0,0,0,0,0,0
284468,Minor injury,2015,7,Rear-end,Multi-Vehicle,153.009514,-27.445267,Herston Rd,,Kelvin Grove,Brisbane Central,No Roadway Feature,No traffic control,0 - 50 km/h,Sealed - Dry,Daylight,Straight,Veh'S Same Direction: Left Rear,Rear-end,0,0,0,1,1,2,0,0,0,0,0,0
284469,Medical treatment,2015,14,Angle,Multi-Vehicle,153.0273353,-27.47842861,South East Arterial Rd,,Brisbane City,Brisbane Central,No Roadway Feature,No traffic control,70 km/h,Sealed - Dry,Daylight,Straight,Veh'S Same Direction: Lane Side Swipe,Lane changes,0,0,2,0,2,2,0,0,0,0,0,0
284470,Medical treatment,2015,11,Angle,Multi-Vehicle,153.0627469,-27.2866351,Hornibrook Hwy,Twenty Fifth Ave,Brighton,Sandgate,Intersection - T-Junction,Give way sign,60 km/h,Sealed - Dry,Daylight,Straight,Veh'S Adjacent Approach: Right-Thru,Intersection from adjacent approaches,0,0,1,0,1,2,0,0,0,0,0,0
284471,Medical treatment,2015,17,Angle,Multi-Vehicle,153.03817,-27.395945,Taylor St,Telopia Ave,Wavell Heights,Nudgee,Intersection - Cross,Give way sign,0 - 50 km/h,Sealed - Dry,Dawn/Dusk,Straight,Veh'S Adjacent Approach: Thru-Thru,Intersection from adjacent approaches,0,0,1,0,1,2,0,0,0,0,0,0
284488,Medical treatment,2015,16,Fall from vehicle,Single Vehicle,153.006926,-27.455271,Musgrave Rd,,Red Hill,Mount Coot-tha,No Roadway Feature,No traffic control,60 km/h,Sealed - Dry,Daylight,Curved - view open,Pass & Misc: Fell In/From Vehicle,Other,0,0,1,0,1,1,0,0,1,0,0,0
284489,Medical treatment,2015,16,Angle,Multi-Vehicle,153.046589,-27.451584,Longland St,Wyandra St,Teneriffe,Brisbane Central,No Roadway Feature,No traffic control,60 km/h,Sealed - Dry,Daylight,Straight,Veh'S Manoeuvring: Leaving Driveway,Vehicle leaving driveway,0,0,1,0,1,2,0,0,0,0,0,0
284498,Hospitalisation,2015,7,Angle,Multi-Vehicle,153.064585,-27.403991,Buckland Rd,Melton Rd,Nundah,Nudgee,Intersection - Roundabout,Give way sign,0 - 50 km/h,Sealed - Dry,Daylight,Straight,Veh'S Adjacent Approach: Thru-Thru,Intersection from adjacent approaches,0,1,0,0,1,1,1,0,0,0,0,0
284509,Hospitalisation,2015,12,Rear-end,Multi-Vehicle,153.006081,-27.493858,Coldridge St,Sir Fred Schonell Dr,St Lucia,Indooroopilly,Intersection - T-Junction,Operating traffic lights,0 - 50 km/h,Sealed - Wet,Daylight,Straight,Veh'S Same Direction: Right Rear,Rear-end,0,1,0,0,1,2,0,0,0,0,0,0
284514,Medical treatment,2015,14,Hit pedestrian,Hit pedestrian,153.0564349,-27.34817141,Roscommon Rd,,Boondall,Nudgee,No Roadway Feature,No traffic control,0 - 50 km/h,Sealed - Dry,Daylight,Straight,Ped'N: Near Side Vehicle Hit From Right,Pedestrian,0,0,1,0,1,1,0,0,0,0,1,0
284515,Minor injury,2015,14,Rear-end,Multi-Vehicle,153.021908,-27.384564,Hamilton Rd,Webster Rd,Chermside,Stafford,Intersection - Roundabout,No traffic control,60 km/h,Sealed - Dry,Daylight,Straight,Veh'S Same Direction: Right Rear,Rear-end,0,0,0,2,2,2,0,0,0,0,0,0
284516,Hospitalisation,2015,20,Fall from vehicle,Single Vehicle,153.016904,-27.360015,Gympie Arterial Rd,,Aspley,Aspley,No Roadway Feature,No traffic control,70 km/h,Sealed - Wet,Darkness - Lighted,Straight,Off Path-Straight:Out Of Control On Cway,Out of control on straight,0,1,0,0,1,0,1,0,0,0,0,0
284540,Medical treatment,2015,16,Hit pedestrian,Hit pedestrian,153.040954,-27.434636,Burrows St,,Bowen Hills,Brisbane Central,No Roadway Feature,No traffic control,60 km/h,Sealed - Dry,Daylight,Straight,Ped'N: Near Side Vehicle Hit From Right,Pedestrian,0,0,1,0,1,1,0,0,0,0,1,0
284542,Hospitalisation,2015,22,Angle,Multi-Vehicle,153.016844,-27.410428,East - West Arterial Rd,Webster Rd,Stafford,Stafford,Intersection - Cross,Operating traffic lights,60 km/h,Sealed - Dry,Darkness - Lighted,Straight,Veh'S Opposite Approach: Thru-Right,Opposing vehicles turning,0,1,0,0,1,2,0,0,0,0,0,0
284543,Medical treatment,2015,9,Hit object,Single Vehicle,153.068295,-27.357205,College Way,,Boondall,Nudgee,No Roadway Feature,No traffic control,0 - 50 km/h,Sealed - Wet,Daylight,Curved - view open,Off Path-Curve: Off Cway Rt Bend Hit Obj,Off carriageway on curve hit object,0,0,1,0,1,1,0,0,0,0,0,0
284544,Medical treatment,2015,7,Rear-end,Multi-Vehicle,153.013962,-27.346244,Beams Rd,Lacey Rd,Carseldine,Aspley,Intersection - T-Junction,Stop sign,70 km/h,Sealed - Dry,Daylight,Straight,Veh'S Adjacent Approach: Right-Thru,Intersection from adjacent approaches,0,0,1,0,1,3,0,0,0,0,0,0
284557,Medical treatment,2015,11,Angle,Multi-Vehicle,153.067963,-27.434605,Dobson St,Seymour Rd,Ascot,Clayfield,Intersection - Cross,Stop sign,60 km/h,Sealed - Wet,Daylight,Straight,Veh'S Adjacent Approach: Thru-Thru,Intersection from adjacent approaches,0,0,1,0,1,2,0,0,0,0,0,0
284558,Medical treatment,2015,9,Rear-end,Multi-Vehicle,153.04076,-27.432601,Hudson Rd,,Albion,Clayfield,No Roadway Feature,No traffic control,60 km/h,Sealed - Wet,Daylight,Straight,Veh'S Same Direction: Rear End,Rear-end,0,0,1,1,2,4,0,0,0,0,0,0
284559,Medical treatment,2015,19,Angle,Multi-Vehicle,153.0747437,-27.41180222,East - West Arterial Rd,,Hendra,Clayfield,Intersection - Cross,Operating traffic lights,60 km/h,Sealed - Dry,Darkness - Lighted,Straight,Veh'S Adjacent Approach: Thru-Right,Intersection from adjacent approaches,0,0,1,2,3,2,0,0,0,0,0,0
284560,Medical treatment,2015,18,Rear-end,Multi-Vehicle,153.031468,-27.443799,Airport Link,,Windsor,Brisbane Central,Intersection - Interchange,No traffic control,60 km/h,Sealed - Dry,Darkness - Lighted,Straight,Veh'S Same Direction: Rear End,Rear-end,0,0,1,0,1,2,0,0,0,0,0,0
284561,Medical treatment,2015,16,Fall from vehicle,Single Vehicle,152.988144,-27.425074,Ardentallen Rd,Lloyd St,Enoggera,Ashgrove,Intersection - T-Junction,Give way sign,0 - 50 km/h,Sealed - Wet,Daylight,Straight,Off Path-Straight:Out Of Control On Cway,Out of control on straight,0,0,1,0,1,1,1,0,0,0,0,0
284592,Medical treatment,2015,19,Angle,Multi-Vehicle,153.029533,-27.467947,Creek St,,Brisbane City,Brisbane Central,No Roadway Feature,No traffic control,0 - 50 km/h,Sealed - Dry,Darkness - Lighted,Straight,Veh'S Adjacent Approach: Right-Thru,Intersection from adjacent approaches,0,0,1,0,1,1,0,0,0,1,0,0
284593,Minor injury,2015,8,Angle,Multi-Vehicle,153.013208,-27.464947,Caxton St,Petrie Tce,Petrie Terrace,Mount Coot-tha,Intersection - T-Junction,Operating traffic lights,0 - 50 km/h,Sealed - Dry,Daylight,Straight,Veh'S Overtaking: Overtake-Right Turn,Overtaking same direction,0,0,0,1,1,1,0,0,0,1,0,0
284594,Medical treatment,2015,8,Fall from vehicle,Single Vehicle,153.024101,-27.473895,South East Arterial Rd,,Brisbane City,Brisbane Central,Intersection - Interchange,No traffic control,60 km/h,Sealed - Dry,Daylight,Straight,Off Path-Straight:Out Of Control On Cway,Out of control on straight,0,0,1,0,1,0,1,0,0,0,0,0
284595,Medical treatment,2015,8,Sideswipe,Multi-Vehicle,153.034356,-27.456787,Warner St,Wickham St,Fortitude Valley,Brisbane Central,Intersection - T-Junction,No traffic control,60 km/h,Sealed - Dry,Daylight,Straight,Veh'S Same Direction: Right Turn S/Swipe,Parallel lanes turning,0,0,2,0,2,1,0,0,1,0,0,0
284598,Hospitalisation,2015,16,Hit object,Single Vehicle,153.022865,-27.310181,Bracken Ridge Rd,Gladdon St,Bald Hills,Sandgate,Intersection - T-Junction,No traffic control,60 km/h,Sealed - Dry,Dawn/Dusk,Straight,Off Path-Straight: Right Turn,Off carriageway on straight,0,1,0,0,1,1,0,0,0,0,0,0
284601,Medical treatment,2015,11,Rear-end,Multi-Vehicle,153.028525,-27.373204,Boulter St,Ellison Rd,Aspley,Aspley,Intersection - T-Junction,No traffic control,60 km/h,Sealed - Dry,Daylight,Straight,Veh'S Same Direction: Right Rear,Rear-end,0,0,2,0,2,2,0,0,0,0,0,0
284602,Fatal,2015,17,Hit object,Single Vehicle,153.022039,-27.383874,Hamilton Rd,Webster Rd,Chermside,Stafford,Intersection - Roundabout,Give way sign,60 km/h,Sealed - Dry,Dawn/Dusk,Curved - view open,Veh'S Adjacent Approach: Thru-Thru,Intersection from adjacent approaches,1,1,1,0,3,2,0,0,0,0,0,0
284603,Hospitalisation,2015,23,Hit object,Single Vehicle,153.0137689,-27.37819271,Maundrell Tce,,Chermside West,Aspley,No Roadway Feature,No traffic control,60 km/h,Sealed - Dry,Darkness - Lighted,Straight,Off Path-Straight: Left Off Cway Hit Obj,Off carriageway on straight hit object,0,1,0,0,1,1,0,0,0,0,0,0
284604,Hospitalisation,2015,10,Rear-end,Multi-Vehicle,153.027036,-27.375964,Gympie Arterial Rd,,Aspley,Aspley,No Roadway Feature,No traffic control,70 km/h,Sealed - Dry,Daylight,Straight,Veh'S Same Direction: Rear End,Rear-end,0,1,2,0,3,2,0,0,0,0,0,0
284608,Hospitalisation,2015,17,Angle,Multi-Vehicle,152.993382,-27.419393,Pickering St,,Enoggera,Ashgrove,No Roadway Feature,No traffic control,60 km/h,Sealed - Dry,Daylight,Straight,Veh'S Manoeuvring: Leaving Driveway,Vehicle leaving driveway,0,2,1,0,3,2,0,0,0,0,0,0
284639,Medical treatment,2015,0,Angle,Multi-Vehicle,153.041859,-27.444506,Edmondstone Rd,Folkestone St,Bowen Hills,Brisbane Central,Intersection - Roundabout,Give way sign,0 - 50 km/h,Sealed - Dry,Darkness - Lighted,Straight,Veh'S Adjacent Approach: Thru-Thru,Intersection from adjacent approaches,0,0,1,0,1,2,0,0,0,0,0,0
284640,Medical treatment,2015,9,Sideswipe,Multi-Vehicle,152.984937,-27.478365,Milton Rd,Western Arterial Rd,Toowong,Mount Coot-tha,Intersection - Roundabout,Give way sign,60 km/h,Sealed - Dry,Daylight,Straight,Veh'S Same Direction: Lane Side Swipe,Lane changes,0,0,1,0,1,1,0,1,0,0,0,0