Crash_Ref_Number,Severity,Year,Hour,Crash_Nature,Crash_Type,Longitude,Latitude,Street,Street_Intersecting,Suburb,Loc_State_Electorate,Crash_Roadway_Feature,Crash_Traffic_Control,Crash_Speed_Limit,Crash_Road_Surface_Condition,Crash_Lighting_Condition,Crash_Road_Horiz_Align,Crash_DCA_Description,Crash_DCA_Group_Description,Count_Casualty_Fatality,Count_Casualty_Hospitalised,Count_Casualty_MedicallyTreated,Count_Casualty_MinorInjury,Count_Casualty_Total,Count_Unit_Car,Count_Unit_Motorcycle_Moped,Count_Unit_Truck,Count_Unit_Bus,Count_Unit_Bicycle,Count_Unit_Pedestrian,Count_Unit_Other
284674,Hospitalisation,2015,12,Fall from vehicle,Single Vehicle,153.004358,-27.452561,Enoggera Tce,Musgrave Rd,Red Hill,Mount Coot-tha,Intersection - Cross,Operating traffic lights,60 km/h,Sealed - Dry,Daylight,Straight,Off Path-Straight:Out Of Control On Cway,Out of control on straight,0,1,0,0,1,0,1,0,0,0,0,0
284680,Medical treatment,2015,17,Hit object,Single Vehicle,152.9455303,-27.42732042,Settlement Rd,,Keperra,Ferny Grove,No Roadway Feature,No traffic control,60 km/h,Sealed - Dry,Dawn/Dusk,Curved - view open,Off Path-Curve: Off Cway Rt Bend Hit Obj,Off carriageway on curve hit object,0,0,1,0,1,1,0,0,0,0,0,0
284699,Hospitalisation,2015,9,Fall from vehicle,Single Vehicle,152.913197,-27.497858,Boscombe Rd,Rafting Ground Rd,Brookfield,Moggill,Intersection - T-Junction,Give way sign,60 km/h,Sealed - Dry,Daylight,Curved - view open,Off Path-Straight: Right Turn,Off carriageway on straight,0,1,0,0,1,0,1,0,0,0,0,0
284700,Medical treatment,2015,11,Rear-end,Multi-Vehicle,152.988756,-27.480572,Kate St,Sylvan Rd,Toowong,Mount Coot-tha,Intersection - T-Junction,Pedestrian crossing sign,60 km/h,Sealed - Dry,Daylight,Straight,Veh'S Same Direction: Rear End,Rear-end,0,0,1,0,1,2,0,0,0,0,0,0
284730,Medical treatment,2015,15,Rear-end,Multi-Vehicle,152.976788,-27.448279,Glory St,Waterworks Rd,Ashgrove,Ashgrove,Intersection - T-Junction,Operating traffic lights,60 km/h,Sealed - Dry,Daylight,Straight,Veh'S Same Direction: Rear End,Rear-end,0,0,1,0,1,2,0,0,0,0,0,0
284731,Hospitalisation,2015,7,Angle,Multi-Vehicle,153.003328,-27.457595,Cochrane St,Plunkett St,Paddington,Mount Coot-tha,Intersection - T-Junction,No traffic control,0 - 50 km/h,Sealed - Dry,Daylight,Straight,Veh'S Manoeuvring: Entering From Footway,Vehicle leaving driveway,0,1,0,0,1,1,0,0,0,1,0,0
284732,Hospitalisation,2015,16,Hit pedestrian,Hit pedestrian,153.024662,-27.463855,Astor Tce,Upper Edward St,Spring Hill,Brisbane Central,Intersection - T-Junction,Operating traffic lights,60 km/h,Sealed - Dry,Daylight,Straight,Ped'N: Near Side Vehicle Hit From Right,Pedestrian,0,1,0,0,1,0,0,0,0,1,1,0
284736,Medical treatment,2015,15,Angle,Multi-Vehicle,153.020371,-27.35669672,Dorville Rd,Zillmere Rd,Aspley,Aspley,Intersection - T-Junction,Operating traffic lights,60 km/h,Sealed - Dry,Daylight,Straight,Veh'S Opposite Approach: Thru-Right,Opposing vehicles turning,0,0,1,0,1,2,0,0,0,0,0,0
284737,Hospitalisation,2015,7,Hit pedestrian,Hit pedestrian,153.031163,-27.396021,Gympie Arterial Rd,,Kedron,Nudgee,No Roadway Feature,No traffic control,60 km/h,Sealed - Dry,Daylight,Straight,Ped'N: Hit Other,Other,0,1,0,1,2,0,1,0,0,0,1,0
284738,Hospitalisation,2015,8,Angle,Multi-Vehicle,153.0156203,-27.36383344,Albany Creek Sub-Arterial Rd,Gayford St,Aspley,Aspley,Intersection - Cross,Operating traffic lights,60 km/h,Sealed - Dry,Daylight,Curved - view open,Veh'S Adjacent Approach: Thru-Right,Intersection from adjacent approaches,0,1,1,1,3,1,0,0,1,0,0,0
284745,Hospitalisation,2015,18,Fall from vehicle,Single Vehicle,153.015194,-27.435875,Newmarket Rd,,Wilston,Brisbane Central,No Roadway Feature,No traffic control,60 km/h,Sealed - Dry,Darkness - Lighted,Straight,Off Path-Straight:Out Of Control On Cway,Out of control on straight,0,1,0,0,1,1,1,0,0,0,0,0
284746,Hospitalisation,2015,15,Rear-end,Multi-Vehicle,153.059474,-27.409987,Sandgate Sub-Arterial Rd,,Nundah,Nudgee,No Roadway Feature,No traffic control,60 km/h,Sealed - Dry,Daylight,Straight,Veh'S Same Direction: Rear End,Rear-end,0,1,0,0,1,2,0,0,0,0,0,0
284764,Minor injury,2015,10,Sideswipe,Multi-Vehicle,153.036757,-27.454338,East St,Wickham St,Fortitude Valley,Brisbane Central,Intersection - T-Junction,Operating traffic lights,60 km/h,Sealed - Dry,Daylight,Curved - view open,Veh'S Same Direction: Right Turn S/Swipe,Parallel lanes turning,0,0,0,1,1,2,0,0,0,0,0,0
284765,Hospitalisation,2015,7,Angle,Multi-Vehicle,153.036366,-27.451178,Primrose St,St Pauls Tce,Bowen Hills,Brisbane Central,Intersection - T-Junction,No traffic control,60 km/h,Sealed - Dry,Daylight,Straight,Veh'S Opposite Approach: Thru-Right,Opposing vehicles turning,0,1,0,0,1,1,0,0,0,1,0,0
284766,Minor injury,2015,15,Rear-end,Multi-Vehicle,152.948012,-27.507284,Cedarleigh Rd,Moggill Sub-Arterial Rd,Kenmore,Moggill,Intersection - T-Junction,Give way sign,0 - 50 km/h,Sealed - Dry,Daylight,Curved - view open,Veh'S Same Direction: Left Rear,Rear-end,0,0,0,1,1,2,0,0,0,0,0,0
284767,Medical treatment,2015,12,Hit pedestrian,Hit pedestrian,152.972398,-27.501699,Station Rd,,Indooroopilly,Indooroopilly,No Roadway Feature,No traffic control,60 km/h,Sealed - Dry,Daylight,Straight,Ped'N: Hit While Boarding/Alighting,Pedestrian,0,0,1,0,1,1,0,0,0,0,1,0
284775,Medical treatment,2015,12,Angle,Multi-Vehicle,153.077174,-27.412397,East - West Arterial Rd,Gateway Arterial Rd,Hendra,Clayfield,Intersection - Interchange,Operating traffic lights,0 - 50 km/h,Unsealed - Dry,Daylight,Straight,Veh'S Opposite Approach: Right-Right,Opposing vehicles turning,0,0,1,0,1,2,0,0,0,0,0,0
284776,Minor injury,2015,10,Rear-end,Multi-Vehicle,153.063184,-27.380996,Sandgate Rd,Sandgate Sub-Arterial Rd,Virginia,Nudgee,Intersection - Roundabout,Give way sign,60 km/h,Sealed - Dry,Daylight,Straight,Veh'S Same Direction: Rear End,Rear-end,0,0,0,1,1,2,0,0,0,0,0,0
284777,Hospitalisation,2015,8,Rear-end,Multi-Vehicle,152.997457,-27.423954,Quarry Rd,Samford Rd,Alderley,Ashgrove,Intersection - T-Junction,No traffic control,60 km/h,Sealed - Dry,Daylight,Straight,Veh'S Same Direction: Lane Side Swipe,Lane changes,0,1,0,0,1,0,1,0,1,0,0,0
284778,Medical treatment,2015,15,Rear-end,Multi-Vehicle,152.9883782,-27.43536129,Western Arterial Rd,,Ashgrove,Ashgrove,No Roadway Feature,No traffic control,60 km/h,Sealed - Dry,Dawn/Dusk,Straight,Veh'S Same Direction: Right Rear,Rear-end,0,0,3,0,3,2,0,0,0,0,0,0
284779,Hospitalisation,2015,16,Angle,Multi-Vehicle,152.986439,-27.400659,Everton Park - Albany Creek Rd,South Pine Rd,Everton Park,Everton,Intersection - T-Junction,No traffic control,60 km/h,Sealed - Dry,Dawn/Dusk,Curved - view open,Veh'S Opposite Approach: Thru-Right,Opposing vehicles turning,0,1,0,0,1,1,1,0,0,0,0,0
284797,Hospitalisation,2015,17,Hit pedestrian,Hit pedestrian,153.005374,-27.461496,Given Tce,,Paddington,Mount Coot-tha,No Roadway Feature,No traffic control,60 km/h,Sealed - Dry,Daylight,Straight,Ped'N: On Ftway Hit By Vehicle On Ftway,Pedestrian,0,1,0,0,1,0,0,0,0,1,1,0
284799,Minor injury,2015,7,Angle,Multi-Vehicle,153.050141,-27.463157,Gray St,Merthyr Rd,New Farm,Brisbane Central,Intersection - T-Junction,Give way sign,0 - 50 km/h,Sealed - Dry,Daylight,Straight,Veh'S Manoeuvring: Entering From Footway,Vehicle leaving driveway,0,0,0,2,2,1,0,0,0,2,0,0
284801,Medical treatment,2015,7,Angle,Multi-Vehicle,152.956043,-27.51045,Fig Tree Pocket Rd,Jerrang St,Chapel Hill,Moggill,Intersection - Roundabout,Give way sign,60 km/h,Sealed - Dry,Daylight,Curved - view obscured,Veh'S Opposite Approach: Thru-Right,Opposing vehicles turning,0,0,1,0,1,2,0,0,0,0,0,0
284803,Medical treatment,2015,17,Rear-end,Multi-Vehicle,153.047447,-27.314091,Gateway Arterial Rd,,Sandgate,Sandgate,No Roadway Feature,No traffic control,100 - 110 km/h,Sealed - Dry,Darkness - Lighted,Straight,Veh'S Same Direction: Rear End,Rear-end,0,0,1,0,1,2,0,0,0,0,0,0
284808,Hospitalisation,2015,7,Fall from vehicle,Single Vehicle,152.805327,-27.540815,Mount Crosby Rd,,Mount Crosby,Moggill,No Roadway Feature,No traffic control,60 km/h,Sealed - Dry,Daylight,Curved - view open,Off Path-Curve: Out Of Control On Cway,Out of control on curve,0,1,0,0,1,0,1,0,0,0,0,0
284813,Medical treatment,2015,17,Rear-end,Multi-Vehicle,153.0356125,-27.4182336,Lutwyche Rd,,Lutwyche,Stafford,No Roadway Feature,No traffic control,60 km/h,Sealed - Dry,Darkness - Lighted,Straight,Veh'S Same Direction: Rear End,Rear-end,0,0,1,0,1,2,0,0,0,0,0,0
284814,Hospitalisation,2015,20,Rear-end,Multi-Vehicle,153.089447,-27.412412,Airport Dr,,Brisbane Airport,Clayfield,No Roadway Feature,No traffic control,70 km/h,Sealed - Dry,Darkness - Lighted,Straight,Veh'S Same Direction: Rear End,Rear-end,0,1,0,0,1,2,0,0,0,0,0,0
284815,Hospitalisation,2015,18,Rear-end,Multi-Vehicle,153.075323,-27.40794,Gateway Arterial Rd,,Nundah,Clayfield,Merge Lane,No traffic control,80 - 90 km/h,Sealed - Dry,Darkness - Lighted,Curved - view open,Veh'S Same Direction: Rear End,Rear-end,0,1,0,0,1,1,1,0,0,0,0,0
284841,Medical treatment,2015,8,Sideswipe,Multi-Vehicle,153.026879,-27.477851,South East Arterial Rd,,Brisbane City,Brisbane Central,Bridge/Causeway,No traffic control,80 - 90 km/h,Sealed - Dry,Daylight,Straight,Veh'S Same Direction: Lane Side Swipe,Lane changes,0,0,1,0,1,0,0,0,1,0,0,1
284842,Hospitalisation,2015,19,Angle,Multi-Vehicle,153.037808,-27.454335,Bonney La,Church St,Fortitude Valley,Brisbane Central,Intersection - T-Junction,No traffic control,0 - 50 km/h,Sealed - Dry,Darkness - Lighted,Straight,Veh'S Manoeuvring: Leaving Driveway,Vehicle leaving driveway,0,1,1,0,2,1,1,0,0,0,0,0
284843,Medical treatment,2015,17,Rear-end,Multi-Vehicle,152.9933,-27.493205,Gailey Rd,Heroes Ave,St Lucia,Mount Coot-tha,Intersection - T-Junction,No traffic control,60 km/h,Sealed - Dry,Dawn/Dusk,Straight,Veh'S Same Direction: Right Rear,Rear-end,0,0,1,0,1,2,0,0,0,0,0,0
284849,Hospitalisation,2015,11,Sideswipe,Multi-Vehicle,153.059227,-27.360558,Pandora St,Parthenia St,Boondall,Nudgee,Intersection - T-Junction,No traffic control,0 - 50 km/h,Sealed - Dry,Daylight,Straight,Veh'S Overtaking: Overtake-Right Turn,Overtaking same direction,0,1,0,0,1,1,1,0,0,0,0,0
284850,Medical treatment,2015,17,Angle,Multi-Vehicle,152.995833,-27.388772,Ifield St,Rode Rd,Mcdowall,Everton,Intersection - T-Junction,Operating traffic lights,60 km/h,Sealed - Dry,Dawn/Dusk,Straight,Veh'S Adjacent Approach: Thru-Right,Intersection from adjacent approaches,0,0,1,0,1,1,1,0,0,0,0,0
284857,Medical treatment,2015,23,Hit object,Single Vehicle,153.084803,-27.436367,Eagleview Pl,,Eagle Farm,Clayfield,No Roadway Feature,No traffic control,0 - 50 km/h,Sealed - Dry,Darkness - Not lighted,Straight,Off Path-Straight:Right Off Cway Hit Obj,Off carriageway on straight hit object,0,0,2,0,2,1,0,0,0,0,0,0
284873,Medical treatment,2015,9,Fall from vehicle,Single Vehicle,153.025643,-27.467978,Adelaide St,,Brisbane City,Brisbane Central,No Roadway Feature,No traffic control,0 - 50 km/h,Sealed - Dry,Daylight,Straight,Pass & Misc: Fell In/From Vehicle,Other,0,0,1,0,1,1,0,0,1,0,0,0
284879,Hospitalisation,2015,0,Angle,Multi-Vehicle,153.016435,-27.356333,Gympie Arterial Rd,Zillmere Rd,Aspley,Aspley,Intersection - T-Junction,Operating traffic lights,60 km/h,Sealed - Dry,Darkness - Lighted,Curved - view open,Off Path-Curve: Off Cway Lt Bend Hit Obj,Off carriageway on curve hit object,0,1,0,0,1,1,0,0,0,0,0,0
284880,Medical treatment,2015,13,Rear-end,Multi-Vehicle,153.015738,-27.354922,Gympie Arterial Rd,,Carseldine,Aspley,No Roadway Feature,No traffic control,70 km/h,Sealed - Dry,Daylight,Straight,Veh'S Same Direction: Rear End,Rear-end,0,0,1,0,1,2,0,0,0,0,0,0
284887,Hospitalisation,2015,14,Angle,Multi-Vehicle,153.031856,-27.430774,Harris St,Lutwyche Rd,Windsor,Brisbane Central,Intersection - T-Junction,Pedestrian operated lights,60 km/h,Sealed - Dry,Daylight,Straight,Veh'S Opposite Approach: Thru-Right,Opposing vehicles turning,0,2,1,0,3,2,0,0,0,0,0,0
284903,Medical treatment,2015,5,Rear-end,Multi-Vehicle,153.0254299,-27.47291169,George St,,Brisbane City,Brisbane Central,No Roadway Feature,No traffic control,0 - 50 km/h,Sealed - Dry,Darkness - Lighted,Straight,Veh'S Same Direction: Rear End,Rear-end,0,0,2,1,3,1,0,0,1,0,0,0
284904,Hospitalisation,2015,20,Sideswipe,Multi-Vehicle,153.017688,-27.467544,Makerston St,,Brisbane City,Brisbane Central,Intersection - T-Junction,Operating traffic lights,60 km/h,Sealed - Dry,Darkness - Lighted,Curved - view open,Veh'S Same Direction: Lane Change Left,Lane changes,0,1,0,0,1,2,0,0,0,0,0,0
284905,Medical treatment,2015,12,Rear-end,Multi-Vehicle,153.028211,-27.463559,Turbot St,Wharf St,Spring Hill,Brisbane Central,Intersection - Cross,Operating traffic lights,60 km/h,Sealed - Dry,Daylight,Straight,Veh'S Same Direction: Rear End,Rear-end,0,0,1,1,2,2,0,0,0,0,0,0
284906,Hospitalisation,2015,15,Angle,Multi-Vehicle,153.0410363,-27.43727125,Abbotsford Rd,,Bowen Hills,Brisbane Central,No Roadway Feature,No traffic control,60 km/h,Sealed - Dry,Daylight,Straight,Veh'S Manoeuvring: Entering From Footway,Vehicle leaving driveway,0,1,1,0,2,2,0,0,0,0,0,0
284907,Medical treatment,2015,16,Rear-end,Multi-Vehicle,153.0290108,-27.45230276,Bowen Bridge Rd,,Bowen Hills,Brisbane Central,No Roadway Feature,No traffic control,60 km/h,Sealed - Dry,Daylight,Straight,Veh'S Same Direction: Rear End,Rear-end,0,0,3,0,3,2,0,0,0,0,0,0
284908,Medical treatment,2015,22,Hit pedestrian,Hit pedestrian,152.996601,-27.482447,Coronation Dr,Sylvan Rd,Toowong,Mount Coot-tha,Intersection - T-Junction,Operating traffic lights,60 km/h,Sealed - Dry,Daylight,Straight,Ped'N: Near Side Vehicle Hit From Right,Pedestrian,0,0,1,0,1,0,0,0,1,0,1,0
284911,Medical treatment,2015,16,Rear-end,Multi-Vehicle,153.01597,-27.355194,Graham Rd,Gympie Arterial Rd,Carseldine,Aspley,Intersection - T-Junction,Operating traffic lights,70 km/h,Sealed - Dry,Daylight,Straight,Veh'S Same Direction: Rear End,Rear-end,0,0,1,0,1,5,0,0,0,0,0,0
284912,Hospitalisation,2015,13,Rear-end,Multi-Vehicle,153.0126109,-27.34658368,Gympie Arterial Rd,,Carseldine,Aspley,No Roadway Feature,No traffic control,70 km/h,Sealed - Dry,Daylight,Straight,Veh'S Same Direction: Rear End,Rear-end,0,2,0,0,2,4,0,0,0,0,0,0
284913,Hospitalisation,2015,21,Hit object,Single Vehicle,153.0601702,-27.34570519,Sandgate Sub-Arterial Rd,,Boondall,Nudgee,No Roadway Feature,No traffic control,70 km/h,Sealed - Dry,Darkness - Lighted,Straight,Off Path-Straight: Mounts Traffic Island,Off carriageway on straight hit object,0,1,1,0,2,1,0,0,0,0,0,0
284942,Medical treatment,2015,14,Rear-end,Multi-Vehicle,153.0186085,-27.46056824,Gregory Tce,,Spring Hill,Brisbane Central,No Roadway Feature,No traffic control,60 km/h,Sealed - Dry,Daylight,Straight,Veh'S Same Direction: Rear End,Rear-end,0,0,1,0,1,2,0,0,0,0,0,0
284943,Medical treatment,2015,15,Angle,Multi-Vehicle,152.994226,-27.481652,Bennett St,Sylvan Rd,Toowong,Mount Coot-tha,Intersection - T-Junction,Give way sign,0 - 50 km/h,Sealed - Dry,Daylight,Straight,Veh'S Adjacent Approach: Thru-Right,Intersection from adjacent approaches,0,0,1,0,1,1,1,0,0,0,0,0
284944,Hospitalisation,2015,0,Hit object,Single Vehicle,152.9721105,-27.49767918,Moggill Rd,,Indooroopilly,Indooroopilly,No Roadway Feature,No traffic control,60 km/h,Sealed - Dry,Darkness - Lighted,Straight,Ped'N: Hit Other,Other,0,1,0,0,1,1,0,0,0,0,1,0
284945,Hospitalisation,2015,10,Angle,Multi-Vehicle,152.9975599,-27.49387384,Sir Fred Schonell Dr,,St Lucia,Indooroopilly,No Roadway Feature,No traffic control,60 km/h,Sealed - Dry,Daylight,Straight,Veh'S Manoeuvring: Leaving Driveway,Vehicle leaving driveway,0,1,0,0,1,2,0,0,0,0,0,0
284946,Medical treatment,2015,11,Rear-end,Multi-Vehicle,153.015753,-27.354968,Gympie Arterial Rd,,Carseldine,Aspley,No Roadway Feature,No traffic control,60 km/h,Sealed - Dry,Daylight,Straight,Veh'S Same Direction: Rear End,Rear-end,0,0,1,0,1,2,0,0,0,0,0,0
284951,Medical treatment,2015,4,Hit object,Single Vehicle,153.05935,-27.40986,Sandgate Sub-Arterial Rd,,Nundah,Nudgee,No Roadway Feature,No traffic control,60 km/h,Sealed - Dry,Darkness - Lighted,Straight,Off Path-Straight: Left Off Cway Hit Obj,Off carriageway on straight hit object,0,0,1,0,1,1,0,0,0,0,0,0
284970,Medical treatment,2015,11,Rear-end,Multi-Vehicle,153.024286,-27.46777,Ann St,,Brisbane City,Brisbane Central,Intersection - Cross,Operating traffic lights,60 km/h,Sealed - Dry,Daylight,Straight,Veh'S Same Direction: Rear End,Rear-end,0,0,1,0,1,2,0,0,0,0,0,0
284971,Hospitalisation,2015,7,Angle,Multi-Vehicle,153.037614,-27.447715,Abbotsford Rd,Campbell St,Bowen Hills,Brisbane Central,Intersection - Cross,Operating traffic lights,60 km/h,Sealed - Dry,Daylight,Straight,Veh'S Opposite Approach: Thru-Right,Opposing vehicles turning,0,1,0,0,1,1,1,0,0,0,0,0
284972,Medical treatment,2015,12,Rear-end,Multi-Vehicle,152.999578,-27.478554,Chasely St,Coronation Dr,Auchenflower,Mount Coot-tha,Intersection - T-Junction,Operating traffic lights,60 km/h,Sealed - Dry,Daylight,Straight,Veh'S Same Direction: Right Rear,Rear-end,0,0,2,0,2,2,0,0,0,0,0,0
284977,Medical treatment,2015,14,Hit parked vehicle,Single Vehicle,153.061888,-27.294917,Beaconsfield Tce,,Brighton,Sandgate,No Roadway Feature,No traffic control,60 km/h,Sealed - Dry,Daylight,Straight,Veh'S On Path: Parked,Hit parked vehicle,0,0,1,0,1,2,0,0,0,0,0,0
284978,Medical treatment,2015,12,Angle,Multi-Vehicle,153.053456,-27.294449,North Rd,,Brighton,Sandgate,No Roadway Feature,No traffic control,60 km/h,Sealed - Dry,Daylight,Straight,Veh'S Manoeuvring: Leaving Driveway,Vehicle leaving driveway,0,0,1,0,1,2,0,0,0,0,0,0
284981,Hospitalisation,2015,12,Angle,Multi-Vehicle,153.030872,-27.381801,Banfield St,,Chermside,Nudgee,No Roadway Feature,No traffic control,60 km/h,Sealed - Dry,Daylight,Straight,Veh'S Manoeuvring: Leaving Driveway,Vehicle leaving driveway,0,1,0,0,1,2,0,0,0,0,0,0
284983,Hospitalisation,2015,12,Angle,Multi-Vehicle,153.001017,-27.359033,Albany Creek Sub-Arterial Rd,Bangalow St,Bridgeman Downs,Aspley,Intersection - T-Junction,Give way sign,70 km/h,Sealed - Dry,Daylight,Curved - view open,Veh'S Opposite Approach: Thru-Right,Opposing vehicles turning,0,1,0,0,1,2,0,0,0,0,0,0
284990,Medical treatment,2015,17,Rear-end,Multi-Vehicle,153.048364,-27.428027,Christian St,Sandgate Rd,Albion,Clayfield,Intersection - T-Junction,No traffic control,60 km/h,Sealed - Dry,Darkness - Lighted,Straight,Veh'S Same Direction: Rear End,Rear-end,0,0,1,0,1,3,0,0,0,0,0,0
284991,Medical treatment,2015,12,Sideswipe,Multi-Vehicle,153.031028,-27.438822,Lutwyche Rd,,Windsor,Brisbane Central,Intersection - T-Junction,Operating traffic lights,60 km/h,Sealed - Dry,Daylight,Straight,Veh'S Same Direction: Lane Change Left,Lane changes,0,0,1,0,1,2,0,0,0,0,0,0
284992,Medical treatment,2015,13,Rear-end,Multi-Vehicle,153.073057,-27.4007,Nellie St,Nudgee Rd,Nundah,Nudgee,Intersection - T-Junction,No traffic control,60 km/h,Sealed - Dry,Daylight,Straight,Veh'S Same Direction: Right Rear,Rear-end,0,0,1,0,1,1,0,1,0,0,0,0
284993,Medical treatment,2015,8,Angle,Multi-Vehicle,153.0228094,-27.43693389,Newmarket Rd,Silvester St,Wilston,Brisbane Central,Intersection - Cross,Operating traffic lights,60 km/h,Sealed - Dry,Daylight,Straight,Veh'S Opposite Approach: Thru-Right,Opposing vehicles turning,0,0,1,0,1,1,1,0,0,0,0,0
284994,Medical treatment,2015,14,Rear-end,Multi-Vehicle,153.097743,-27.366333,Gateway Arterial Rd,,Nudgee Beach,Nudgee,No Roadway Feature,No traffic control,100 - 110 km/h,Sealed - Dry,Daylight,Curved - view open,Veh'S Same Direction: Rear End,Rear-end,0,0,1,0,1,3,0,0,0,0,0,0
285019,Medical treatment,2015,9,Hit pedestrian,Hit pedestrian,152.997624,-27.459029,Latrobe Tce,,Paddington,Mount Coot-tha,No Roadway Feature,Pedestrian crossing sign,0 - 50 km/h,Sealed - Dry,Daylight,Straight,Ped'N: Near Side Vehicle Hit From Right,Pedestrian,0,0,1,0,1,1,0,0,0,0,1,0
285020,Hospitalisation,2015,8,Angle,Multi-Vehicle,152.997323,-27.4589,Latrobe Tce,Morris St,Paddington,Mount Coot-tha,Intersection - Cross,No traffic control,60 km/h,Sealed - Dry,Daylight,Straight,Veh'S Opposite Approach: Thru-Right,Opposing vehicles turning,0,1,0,0,1,1,0,0,0,1,0,0
285021,Medical treatment,2015,19,Hit object,Single Vehicle,153.03106,-27.45453,Brunswick St,,Fortitude Valley,Brisbane Central,No Roadway Feature,No traffic control,60 km/h,Sealed - Dry,Darkness - Lighted,Straight,Off Path-Straight: Left Off Cway Hit Obj,Off carriageway on straight hit object,0,0,1,0,1,1,0,0,0,0,0,0
285056,Medical treatment,2015,6,Rear-end,Multi-Vehicle,153.021713,-27.471367,South East Arterial Rd,,Brisbane City,Brisbane Central,No Roadway Feature,No traffic control,70 km/h,Sealed - Dry,Dawn/Dusk,Straight,Veh'S Same Direction: Rear End,Rear-end,0,0,1,0,1,2,0,0,0,0,0,0
285057,Hospitalisation,2015,12,Hit pedestrian,Hit pedestrian,153.040446,-27.462743,Bowen St,Brunswick St,New Farm,Brisbane Central,Intersection - T-Junction,No traffic control,60 km/h,Sealed - Dry,Daylight,Straight,Ped'N: Hit Emerging Behind Vehicle,Pedestrian,0,1,0,0,1,1,0,0,0,0,1,0
285070,Medical treatment,2015,11,Rear-end,Multi-Vehicle,153.060636,-27.386545,Goss Rd,St Vincents Rd,Virginia,Nudgee,No Roadway Feature,Give way sign,0 - 50 km/h,Sealed - Dry,Daylight,Straight,Veh'S Same Direction: Left Rear,Rear-end,0,0,1,0,1,2,0,0,0,0,0,0
285071,Medical treatment,2015,16,Angle,Multi-Vehicle,153.101541,-27.431289,Holt St,Lavarack Ave,Pinkenba,Clayfield,Intersection - Roundabout,Give way sign,0 - 50 km/h,Sealed - Dry,Daylight,Straight,Veh'S Adjacent Approach: Thru-Thru,Intersection from adjacent approaches,0,0,1,0,1,1,1,0,0,0,0,0
285096,Medical treatment,2015,9,Hit pedestrian,Hit pedestrian,153.0239045,-27.46542136,Wickham Tce,,Spring Hill,Brisbane Central,No Roadway Feature,Pedestrian crossing sign,0 - 50 km/h,Sealed - Dry,Daylight,Straight,Ped'N: Near Side Vehicle Hit From Right,Pedestrian,0,0,1,0,1,1,0,0,0,0,1,0
285103,Medical treatment,2015,11,Angle,Multi-Vehicle,153.028956,-27.3856211,Hamilton Rd,,Chermside,Stafford,No Roadway Feature,No traffic control,60 km/h,Sealed - Dry,Daylight,Straight,Veh'S Manoeuvring: Leaving Driveway,Vehicle leaving driveway,0,0,1,0,1,1,1,0,0,0,0,0
285104,Medical treatment,2015,12,Hit parked vehicle,Single Vehicle,153.012439,-27.363443,Albany Creek Sub-Arterial Rd,,Aspley,Aspley,No Roadway Feature,No traffic control,60 km/h,Sealed - Dry,Daylight,Straight,Off Path-Straight: Left Off Cway Hit Obj,Off carriageway on straight hit object,0,0,1,0,1,2,0,0,0,0,0,0
285111,Medical treatment,2015,11,Rear-end,Multi-Vehicle,153.069178,-27.38796,Northgate Rd,Toombul Rd,Northgate,Nudgee,Intersection - Cross,Operating traffic lights,60 km/h,Sealed - Dry,Daylight,Straight,Veh'S Same Direction: Rear End,Rear-end,0,0,1,0,1,0,0,0,1,0,0,1
285112,Medical treatment,2015,16,Rear-end,Multi-Vehicle,153.073186,-27.42253607,Nudgee Rd,,Hendra,Clayfield,No Roadway Feature,No traffic control,60 km/h,Sealed - Dry,Daylight,Straight,Veh'S Same Direction: Rear End,Rear-end,0,0,1,0,1,2,0,0,0,0,0,0
285113,Medical treatment,2015,6,Rear-end,Multi-Vehicle,153.059272,-27.397539,Sandgate Sub-Arterial Rd,,Nundah,Clayfield,No Roadway Feature,No traffic control,60 km/h,Sealed - Dry,Daylight,Straight,Veh'S Same Direction: Rear End,Rear-end,0,0,1,0,1,1,1,0,0,0,0,0
285114,Medical treatment,2015,6,Rear-end,Multi-Vehicle,152.971628,-27.412116,Glenholm St,Samford Sub-Arterial Rd,Mitchelton,Everton,Intersection - T-Junction,No traffic control,60 km/h,Sealed - Dry,Daylight,Straight,Veh'S Same Direction: Right Rear,Rear-end,0,0,1,0,1,2,0,0,0,0,0,0
285138,Medical treatment,2015,15,Rear-end,Multi-Vehicle,153.0147189,-27.4675234,Coronation Dr,,Brisbane City,Brisbane Central,No Roadway Feature,No traffic control,60 km/h,Sealed - Dry,Daylight,Straight,Veh'S Same Direction: Rear End,Rear-end,0,0,1,0,1,1,1,0,0,0,0,0
285146,Minor injury,2015,9,Angle,Multi-Vehicle,153.0356353,-27.40215305,Edinburgh Castle Rd,Leckie Rd,Kedron,Nudgee,Intersection - Roundabout,Give way sign,60 km/h,Sealed - Dry,Daylight,Straight,Veh'S Adjacent Approach: Thru-Thru,Intersection from adjacent approaches,0,0,0,2,2,2,0,0,0,0,0,0
285156,Hospitalisation,2015,20,Sideswipe,Multi-Vehicle,153.073371,-27.42131,Flemington St,Nudgee Rd,Hendra,Clayfield,Intersection - T-Junction,Give way sign,60 km/h,Sealed - Dry,Darkness - Lighted,Straight,Veh'S Manoeuvring: Entering From Footway,Vehicle leaving driveway,0,1,0,0,1,1,0,0,0,1,0,0