Crash_Ref_Number,Severity,Year,Hour,Crash_Nature,Crash_Type,Longitude,Latitude,Street,Street_Intersecting,Suburb,Loc_State_Electorate,Crash_Roadway_Feature,Crash_Traffic_Control,Crash_Speed_Limit,Crash_Road_Surface_Condition,Crash_Lighting_Condition,Crash_Road_Horiz_Align,Crash_DCA_Description,Crash_DCA_Group_Description,Count_Casualty_Fatality,Count_Casualty_Hospitalised,Count_Casualty_MedicallyTreated,Count_Casualty_MinorInjury,Count_Casualty_Total,Count_Unit_Car,Count_Unit_Motorcycle_Moped,Count_Unit_Truck,Count_Unit_Bus,Count_Unit_Bicycle,Count_Unit_Pedestrian,Count_Unit_Other
285157,Medical treatment,2015,11,Angle,Multi-Vehicle,153.04106,-27.430572,Albion Overpass,Hudson Rd,Albion,Clayfield,Intersection - Cross,Operating traffic lights,60 km/h,Sealed - Dry,Daylight,Straight,Veh'S Opposite Approach: Thru-Right,Opposing vehicles turning,0,0,1,0,1,0,1,1,0,0,0,0
285182,Minor injury,2015,14,Angle,Multi-Vehicle,152.966902,-27.44921,Glenquarie Pl,Waterworks Rd,The Gap,Ashgrove,Intersection - T-Junction,Operating traffic lights,60 km/h,Sealed - Dry,Daylight,Curved - view open,Veh'S Opposite Approach: Thru-Right,Opposing vehicles turning,0,0,0,1,1,2,0,0,0,0,0,0
285184,Medical treatment,2015,23,Rear-end,Multi-Vehicle,153.029326,-27.44808795,Bowen Bridge Rd,,Bowen Hills,Brisbane Central,No Roadway Feature,No traffic control,60 km/h,Sealed - Dry,Darkness - Lighted,Straight,Veh'S Same Direction: Rear End,Rear-end,0,0,2,0,2,3,0,0,0,0,0,0
285185,Hospitalisation,2015,2,Angle,Multi-Vehicle,152.991508,-27.502211,Carawa St,,St Lucia,Indooroopilly,No Roadway Feature,No traffic control,0 - 50 km/h,Sealed - Dry,Daylight,Straight,Veh'S Opposite Approach: Head On,Head-on,0,1,0,0,1,2,0,0,0,0,0,0
285191,Medical treatment,2015,2,Angle,Multi-Vehicle,153.030368,-27.442719,Bowen Bridge Rd,Lutwyche Rd,Windsor,Brisbane Central,Intersection - Interchange,Operating traffic lights,60 km/h,Sealed - Dry,Darkness - Lighted,Straight,Veh'S Adjacent Approach: Thru-Right,Intersection from adjacent approaches,0,0,2,0,2,2,0,0,0,0,0,0
285192,Medical treatment,2015,11,Rear-end,Multi-Vehicle,153.0690899,-27.43800799,Kingsford Smith Dr,,Hamilton,Clayfield,No Roadway Feature,No traffic control,60 km/h,Sealed - Dry,Daylight,Straight,Veh'S Same Direction: Rear End,Rear-end,0,0,2,0,2,3,0,0,0,0,0,0
285193,Hospitalisation,2015,9,Hit object,Single Vehicle,153.0593606,-27.38995066,Sandgate Sub-Arterial Rd,,Nundah,Clayfield,No Roadway Feature,No traffic control,60 km/h,Sealed - Dry,Daylight,Straight,Off Path-Straight: Mounts Traffic Island,Off carriageway on straight hit object,0,1,0,0,1,1,0,0,0,0,0,0
285194,Medical treatment,2015,19,Hit parked vehicle,Single Vehicle,152.9147324,-27.41591377,Cedar Creek Rd,,Upper Kedron,Ferny Grove,No Roadway Feature,No traffic control,0 - 50 km/h,Sealed - Dry,Darkness - Not lighted,Straight,Off Path-Straight: Left Off Cway Hit Obj,Off carriageway on straight hit object,0,0,1,0,1,2,0,0,0,0,0,0
285213,Hospitalisation,2015,8,Fall from vehicle,Single Vehicle,152.9912509,-27.44591723,Memorial Ave,Waterworks Rd,Ashgrove,Ashgrove,No Roadway Feature,No traffic control,60 km/h,Sealed - Dry,Daylight,Straight,Off Path-Curve: Out Of Control On Cway,Out of control on curve,0,1,0,0,1,0,1,0,0,0,0,0
285215,Hospitalisation,2015,9,Rear-end,Multi-Vehicle,152.999972,-27.478212,Coronation Dr,,Auchenflower,Mount Coot-tha,No Roadway Feature,No traffic control,60 km/h,Sealed - Dry,Daylight,Straight,Veh'S Same Direction: Rear End,Rear-end,0,1,1,0,2,3,0,0,0,0,0,0
285217,Hospitalisation,2015,1,Hit parked vehicle,Single Vehicle,153.011883,-27.387752,Maundrell Tce,,Chermside West,Stafford,No Roadway Feature,No traffic control,60 km/h,Sealed - Dry,Darkness - Lighted,Straight,Off Path-Straight: Left Off Cway Hit Obj,Off carriageway on straight hit object,0,1,0,0,1,2,0,0,0,0,0,0
285218,Minor injury,2015,17,Angle,Multi-Vehicle,153.036808,-27.366822,Murphy Rd,Robinson Rd W,Geebung,Nudgee,Intersection - Cross,Operating traffic lights,60 km/h,Sealed - Dry,Dawn/Dusk,Straight,Veh'S Opposite Approach: Thru-Right,Opposing vehicles turning,0,0,0,1,1,2,0,0,0,0,0,0
285224,Minor injury,2015,16,Angle,Multi-Vehicle,153.0082679,-27.43652289,Newmarket Rd,,Newmarket,Brisbane Central,No Roadway Feature,Operating traffic lights,60 km/h,Sealed - Dry,Daylight,Straight,Veh'S Manoeuvring: Leaving Driveway,Vehicle leaving driveway,0,0,0,1,1,1,1,0,0,0,0,0
285245,Medical treatment,2015,23,Hit object,Single Vehicle,152.876606,-27.425857,Mount Nebo Rd,,Enoggera Reservoir,Ashgrove,No Roadway Feature,No traffic control,80 - 90 km/h,Sealed - Dry,Darkness - Not lighted,Curved - view obscured,Off Path-Curve: Off Cway Rt Bend Hit Obj,Off carriageway on curve hit object,0,0,1,1,2,1,0,0,0,0,0,0
285246,Medical treatment,2015,17,Rear-end,Multi-Vehicle,153.022071,-27.469437,Ann St,George St,Brisbane City,Brisbane Central,Intersection - Cross,Operating traffic lights,0 - 50 km/h,Sealed - Dry,Daylight,Straight,Veh'S Same Direction: Rear End,Rear-end,0,0,1,0,1,1,1,0,0,0,0,0
285249,Hospitalisation,2015,17,Rear-end,Multi-Vehicle,152.966536,-27.488538,Western Arterial Rd,,Taringa,Indooroopilly,No Roadway Feature,No traffic control,80 - 90 km/h,Sealed - Dry,Dawn/Dusk,Straight,Veh'S Same Direction: Rear End,Rear-end,0,1,1,0,2,2,0,0,0,0,0,0
285255,Medical treatment,2015,15,Angle,Multi-Vehicle,153.030054,-27.437954,Newmarket Rd,Rosemount Tce,Windsor,Brisbane Central,Intersection - Cross,Give way sign,60 km/h,Sealed - Dry,Daylight,Straight,Veh'S Adjacent Approach: Thru-Right,Intersection from adjacent approaches,0,0,1,0,1,2,0,0,0,0,0,0
285256,Medical treatment,2015,7,Angle,Multi-Vehicle,153.006102,-27.43475,Enoggera Rd,Wickham St,Newmarket,Stafford,Intersection - T-Junction,No traffic control,60 km/h,Sealed - Dry,Daylight,Straight,Veh'S Opposite Approach: Thru-Right,Opposing vehicles turning,0,0,1,0,1,1,1,0,0,0,0,0
285270,Medical treatment,2015,15,Hit pedestrian,Hit pedestrian,152.998082,-27.466143,Baroona Rd,Bayswater St,Paddington,Mount Coot-tha,Intersection - T-Junction,Pedestrian crossing sign,0 - 50 km/h,Sealed - Dry,Daylight,Straight,Ped'N: Near Side Vehicle Hit From Right,Pedestrian,0,0,1,0,1,1,0,0,0,0,1,0
285271,Medical treatment,2015,17,Rear-end,Multi-Vehicle,153.024848,-27.4752,South East Arterial Rd,,Brisbane City,Brisbane Central,Bridge/Causeway,No traffic control,70 km/h,Sealed - Dry,Dawn/Dusk,Straight,Veh'S Same Direction: Rear End,Rear-end,0,0,1,0,1,2,0,0,0,0,0,0
285272,Medical treatment,2015,17,Hit pedestrian,Hit pedestrian,153.035651,-27.455454,Constance St,Wickham St,Fortitude Valley,Brisbane Central,Intersection - Cross,Operating traffic lights,60 km/h,Sealed - Dry,Dawn/Dusk,Straight,Ped'N: Near Side Vehicle Hit From Right,Pedestrian,0,0,2,0,2,0,1,0,0,0,1,0
285276,Hospitalisation,2015,11,Hit pedestrian,Hit pedestrian,153.0108548,-27.32418633,Wakefield St,,Bald Hills,Aspley,No Roadway Feature,No traffic control,0 - 50 km/h,Sealed - Dry,Daylight,Straight,Ped'N: Play; Work; Stand; Lie On C'Way,Pedestrian,0,1,1,0,2,1,1,0,0,0,1,0
285277,Minor injury,2015,9,Sideswipe,Multi-Vehicle,153.013251,-27.317839,Gympie Arterial Rd,Strathpine Sub-Arterial Rd,Bald Hills,Aspley,Bridge/Causeway,Operating traffic lights,60 km/h,Sealed - Dry,Daylight,Straight,Veh'S Same Direction: Right Turn S/Swipe,Parallel lanes turning,0,0,0,1,1,1,0,1,0,0,0,0
285282,Hospitalisation,2015,20,Angle,Multi-Vehicle,153.015645,-27.363957,Albany Creek Sub-Arterial Rd,Maundrell Tce,Aspley,Aspley,Intersection - Cross,Operating traffic lights,60 km/h,Sealed - Dry,Darkness - Lighted,Curved - view open,Veh'S Adjacent Approach: Thru-Thru,Intersection from adjacent approaches,0,1,0,0,1,2,0,0,0,0,0,0
285290,Medical treatment,2015,18,Angle,Multi-Vehicle,153.076916,-27.37514825,Royal Pde,,Banyo,Nudgee,Intersection - T-Junction,Give way sign,60 km/h,Sealed - Dry,Darkness - Lighted,Straight,Veh'S Opposite Approach: Thru-Right,Opposing vehicles turning,0,0,1,0,1,2,0,0,0,0,0,0
285291,Medical treatment,2015,13,Rear-end,Multi-Vehicle,152.982302,-27.386703,Queens Rd,,Everton Park,Everton,No Roadway Feature,No traffic control,60 km/h,Sealed - Dry,Daylight,Curved - view open,Veh'S Same Direction: Right Rear,Rear-end,0,0,1,0,1,2,0,0,0,0,0,0
285327,Medical treatment,2015,7,Sideswipe,Multi-Vehicle,153.017245,-27.362715,Gympie Arterial Rd,,Aspley,Aspley,No Roadway Feature,No traffic control,70 km/h,Sealed - Dry,Daylight,Straight,Veh'S Same Direction: Lane Change Left,Lane changes,0,0,1,0,1,2,0,0,0,0,0,0
285332,Medical treatment,2015,16,Rear-end,Multi-Vehicle,153.073041,-27.423595,Nudgee Rd,,Hendra,Clayfield,No Roadway Feature,No traffic control,0 - 50 km/h,Sealed - Wet,Daylight,Straight,Veh'S Same Direction: Rear End,Rear-end,0,0,1,0,1,2,0,0,0,0,0,0
285354,Medical treatment,2015,14,Rear-end,Multi-Vehicle,153.0114551,-27.46126507,Hale St,,Paddington,Mount Coot-tha,No Roadway Feature,No traffic control,60 km/h,Sealed - Dry,Daylight,Straight,Veh'S Same Direction: Rear End,Rear-end,0,0,3,0,3,2,0,0,0,0,0,0
285355,Hospitalisation,2015,15,Hit pedestrian,Hit pedestrian,153.0291634,-27.45287072,Brunswick St,,Fortitude Valley,Brisbane Central,No Roadway Feature,No traffic control,0 - 50 km/h,Sealed - Dry,Daylight,Straight,Ped'N: Near Side Vehicle Hit From Right,Pedestrian,0,1,0,0,1,1,0,0,0,0,1,0
285356,Hospitalisation,2015,14,Rear-end,Multi-Vehicle,153.0291573,-27.44844763,Bowen Bridge Rd,,Herston,Brisbane Central,No Roadway Feature,No traffic control,60 km/h,Sealed - Dry,Daylight,Straight,Veh'S Same Direction: Rear End,Rear-end,0,2,0,2,4,4,0,0,0,0,0,0
285360,Hospitalisation,2015,16,Rear-end,Multi-Vehicle,153.051507,-27.326055,Gateway Arterial Rd,,Deagon,Sandgate,Intersection - Interchange,No traffic control,100 - 110 km/h,Sealed - Dry,Daylight,Straight,Veh'S Same Direction: Rear End,Rear-end,0,1,0,0,1,1,0,1,0,0,0,1
285362,Medical treatment,2015,14,Rear-end,Multi-Vehicle,153.02997,-27.381481,Gympie Arterial Rd,,Chermside,Nudgee,No Roadway Feature,No traffic control,60 km/h,Sealed - Dry,Daylight,Straight,Veh'S Same Direction: Rear End,Rear-end,0,0,1,0,1,3,0,0,0,0,0,0
285368,Medical treatment,2015,23,Angle,Multi-Vehicle,153.033683,-27.412582,East - West Arterial Rd,Gympie Arterial Rd,Kedron,Clayfield,Intersection - T-Junction,Operating traffic lights,60 km/h,Sealed - Dry,Darkness - Lighted,Curved - view open,Veh'S Opposite Approach: Thru-Right,Opposing vehicles turning,0,0,1,0,1,2,0,0,0,0,0,0
285369,Hospitalisation,2015,8,Rear-end,Multi-Vehicle,152.964145,-27.411407,Dundal St,Samford Sub-Arterial Rd,Keperra,Everton,Intersection - T-Junction,No traffic control,0 - 50 km/h,Sealed - Dry,Daylight,Curved - view obscured,Veh'S Same Direction: Right Rear,Rear-end,0,2,5,0,7,3,0,0,0,0,0,0
285386,Minor injury,2015,16,Rear-end,Multi-Vehicle,152.98761,-27.466997,Western Arterial Rd,,Bardon,Mount Coot-tha,No Roadway Feature,Pedestrian crossing sign,60 km/h,Sealed - Dry,Daylight,Curved - view open,Veh'S Same Direction: Rear End,Rear-end,0,0,0,2,2,2,0,0,0,0,0,0
285387,Medical treatment,2015,11,Hit object,Single Vehicle,152.924399,-27.43476,Mount Nebo Rd,,Enoggera Reservoir,Ashgrove,No Roadway Feature,No traffic control,70 km/h,Sealed - Dry,Daylight,Curved - view open,Off Path-Curve: Off Cway Rt Bend Hit Obj,Off carriageway on curve hit object,0,0,1,0,1,0,1,0,0,0,0,0
285388,Hospitalisation,2015,16,Angle,Multi-Vehicle,153.028622,-27.46702,Creek St,Queen St,Brisbane City,Brisbane Central,Intersection - Cross,Operating traffic lights,0 - 50 km/h,Sealed - Dry,Daylight,Straight,Veh'S Opposite Approach: Thru-Right,Opposing vehicles turning,0,1,0,0,1,1,0,0,0,1,0,0
285389,Hospitalisation,2015,18,Hit pedestrian,Hit pedestrian,152.997003,-27.466249,Baroona Rd,Nash St,Paddington,Mount Coot-tha,Intersection - T-Junction,No traffic control,0 - 50 km/h,Sealed - Dry,Darkness - Lighted,Straight,Ped'N: Near Side Vehicle Hit From Right,Pedestrian,0,1,0,0,1,1,0,0,0,0,1,0
285390,Hospitalisation,2015,22,Hit pedestrian,Hit pedestrian,153.004163,-27.469808,Park Rd,Railway Tce,Milton,Mount Coot-tha,Intersection - T-Junction,Give way sign,60 km/h,Sealed - Dry,Darkness - Lighted,Straight,Ped'N: Near Side Vehicle Hit From Right,Pedestrian,0,1,0,0,1,1,0,0,0,0,1,0
285396,Minor injury,2015,17,Rear-end,Multi-Vehicle,153.010827,-27.317557,Bald Hills Rd,Strathpine Sub-Arterial Rd,Bald Hills,Aspley,Intersection - Cross,Operating traffic lights,60 km/h,Sealed - Dry,Daylight,Straight,Veh'S Same Direction: Rear End,Rear-end,0,0,0,1,1,2,0,0,0,0,0,0
285398,Hospitalisation,2015,19,Hit pedestrian,Hit pedestrian,153.031324,-27.398615,Gympie Arterial Rd,,Kedron,Stafford,No Roadway Feature,No traffic control,60 km/h,Sealed - Dry,Darkness - Lighted,Straight,Ped'N: Play; Work; Stand; Lie On C'Way,Pedestrian,0,1,0,0,1,1,0,0,0,0,1,0
285408,Hospitalisation,2015,6,Angle,Multi-Vehicle,153.035762,-27.418023,Lutwyche Rd,Norman Ave,Lutwyche,Stafford,Intersection - Cross,Operating traffic lights,60 km/h,Sealed - Dry,Dawn/Dusk,Straight,Veh'S Opposite Approach: Thru-Right,Opposing vehicles turning,0,1,0,0,1,2,0,0,0,0,0,0
285423,Minor injury,2015,16,Angle,Multi-Vehicle,153.040324,-27.457063,Doggett St,James St,Fortitude Valley,Brisbane Central,Intersection - Cross,Stop sign,60 km/h,Sealed - Dry,Daylight,Straight,Veh'S Adjacent Approach: Thru-Thru,Intersection from adjacent approaches,0,0,0,1,1,1,1,0,0,0,0,0
285424,Medical treatment,2015,6,Hit object,Single Vehicle,153.032795,-27.451505,Clem 7,,Bowen Hills,Brisbane Central,No Roadway Feature,No traffic control,80 - 90 km/h,Sealed - Dry,Darkness - Lighted,Straight,Off Path-Straight:Right Off Cway Hit Obj,Off carriageway on straight hit object,0,0,1,0,1,1,0,0,0,0,0,0
285429,Minor injury,2015,21,Angle,Multi-Vehicle,153.049195,-27.439964,Cooksley St,Kingsford Smith Dr,Hamilton,Clayfield,Intersection - T-Junction,Operating traffic lights,60 km/h,Sealed - Dry,Darkness - Lighted,Straight,Veh'S Opposite Approach: Thru-Right,Opposing vehicles turning,0,0,0,1,1,2,0,0,0,0,0,0
285430,Hospitalisation,2015,17,Hit object,Single Vehicle,153.096679,-27.4379,Gateway Arterial Rd,,Eagle Farm,Clayfield,Bridge/Causeway,No traffic control,80 - 90 km/h,Sealed - Dry,Darkness - Lighted,Straight,Off Path-Straight: Left Off Cway Hit Obj,Off carriageway on straight hit object,0,1,1,0,2,1,0,0,0,0,0,0
285455,Minor injury,2015,2,Rear-end,Multi-Vehicle,153.031363,-27.455593,Brunswick St,,Fortitude Valley,Brisbane Central,No Roadway Feature,No traffic control,60 km/h,Sealed - Dry,Darkness - Lighted,Straight,Veh'S Same Direction: Rear End,Rear-end,0,0,0,1,1,3,0,0,0,0,0,0
285465,Medical treatment,2015,12,Hit object,Single Vehicle,153.079065,-27.400357,Gateway Arterial Rd,Southern Cross Wy Ramp Td,Northgate,Clayfield,Intersection - Roundabout,No traffic control,60 km/h,Sealed - Wet,Daylight,Straight,Off Path-Straight:Right Off Cway Hit Obj,Off carriageway on straight hit object,0,0,2,0,2,1,0,0,0,0,0,0
285491,Medical treatment,2015,10,Rear-end,Multi-Vehicle,153.062372,-27.37472927,Pritchard Rd,Sandgate Sub-Arterial Rd,Virginia,Nudgee,Intersection - T-Junction,Operating traffic lights,60 km/h,Sealed - Dry,Daylight,Straight,Veh'S Same Direction: Rear End,Rear-end,0,0,1,0,1,1,0,0,0,0,0,1
285495,Medical treatment,2015,18,Angle,Multi-Vehicle,152.806559,-27.552635,College Rd,Mount Crosby Rd,Karana Downs,Moggill,Intersection - T-Junction,No traffic control,60 km/h,Sealed - Dry,Dawn/Dusk,Straight,Veh'S Opposite Approach: Thru-Right,Opposing vehicles turning,0,0,1,0,1,3,0,0,0,0,0,0
285502,Medical treatment,2015,9,Angle,Multi-Vehicle,153.106021,-27.405054,Airport Dr On Ramp,Lobelia Crct,Brisbane Airport,Clayfield,Intersection - T-Junction,Stop sign,0 - 50 km/h,Sealed - Dry,Daylight,Curved - view open,Veh'S Adjacent Approach: Right-Thru,Intersection from adjacent approaches,0,0,1,0,1,2,0,0,0,0,0,0
285527,Medical treatment,2015,8,Sideswipe,Multi-Vehicle,152.9765565,-27.459359,Simpsons Rd,,Bardon,Mount Coot-tha,No Roadway Feature,No traffic control,60 km/h,Sealed - Dry,Daylight,Straight,Veh'S Manoeuvring: Entering From Footway,Vehicle leaving driveway,0,0,1,0,1,2,0,0,0,0,0,0
285530,Hospitalisation,2015,8,Angle,Multi-Vehicle,153.025595,-27.329422,Norris Rd,,Bracken Ridge,Sandgate,Intersection - T-Junction,Operating traffic lights,60 km/h,Sealed - Dry,Daylight,Straight,Veh'S Opposite Approach: Thru-Right,Opposing vehicles turning,0,1,1,0,2,2,0,0,0,0,0,0
285538,Medical treatment,2015,8,Angle,Multi-Vehicle,153.0512208,-27.41642589,Morrison Rd,Norman Pde,Clayfield,Clayfield,Intersection - T-Junction,Give way sign,0 - 50 km/h,Sealed - Dry,Daylight,Straight,Veh'S Adjacent Approach: Thru-Right,Intersection from adjacent approaches,0,0,1,0,1,3,0,0,0,0,0,0
285539,Hospitalisation,2015,20,Hit pedestrian,Hit pedestrian,153.036718,-27.42183323,Chalk St,Laura St,Lutwyche,Clayfield,Intersection - T-Junction,No traffic control,60 km/h,Sealed - Dry,Darkness - Lighted,Straight,Veh'S Manoeuvring: Other,Other,0,1,0,0,1,1,0,0,0,0,1,0
285540,Medical treatment,2015,13,Rear-end,Multi-Vehicle,153.075138,-27.397864,Fraser Rd,Nudgee Rd,Northgate,Nudgee,Intersection - T-Junction,No traffic control,60 km/h,Sealed - Dry,Daylight,Straight,Veh'S Same Direction: Right Rear,Rear-end,0,0,1,0,1,1,0,1,0,0,0,0
285541,Medical treatment,2015,11,Hit object,Single Vehicle,153.083826,-27.413856,Airport Dr On Ramp,,Brisbane Airport,Clayfield,Intersection - Interchange,No traffic control,60 km/h,Sealed - Dry,Darkness - Lighted,Curved - view open,Off Path-Curve: Off Cway Lt Bend Hit Obj,Off carriageway on curve hit object,0,0,1,0,1,1,0,0,0,0,0,0
285561,Medical treatment,2015,15,Angle,Multi-Vehicle,153.000345,-27.38948,Cilento St,Rode Rd,Mcdowall,Stafford,Intersection - T-Junction,Give way sign,60 km/h,Sealed - Dry,Daylight,Straight,Veh'S Opposite Approach: Thru-Right,Opposing vehicles turning,0,0,1,0,1,2,0,0,0,0,0,0
285567,Medical treatment,2015,7,Rear-end,Multi-Vehicle,153.019291,-27.426625,Days Rd,,Grange,Stafford,No Roadway Feature,No traffic control,0 - 50 km/h,Sealed - Dry,Daylight,Straight,Veh'S Same Direction: Rear End,Rear-end,0,0,1,0,1,1,0,0,0,1,0,0
285568,Hospitalisation,2015,6,Rear-end,Multi-Vehicle,153.054374,-27.419504,Bayview Tce,Sandgate Rd,Clayfield,Clayfield,Intersection - Cross,Operating traffic lights,60 km/h,Sealed - Dry,Daylight,Straight,Veh'S Same Direction: Rear End,Rear-end,0,1,0,0,1,1,1,0,0,0,0,0
285569,Medical treatment,2015,18,Rear-end,Multi-Vehicle,153.076742,-27.37535,Royal Pde,,Banyo,Nudgee,No Roadway Feature,No traffic control,60 km/h,Sealed - Dry,Darkness - Lighted,Straight,Veh'S Same Direction: Rear End,Rear-end,0,0,1,0,1,2,0,0,0,0,0,0
285588,Medical treatment,2015,9,Hit pedestrian,Hit pedestrian,153.03574,-27.459051,Brunswick St,Mclachlan St,Fortitude Valley,Brisbane Central,Intersection - Cross,Operating traffic lights,60 km/h,Sealed - Dry,Daylight,Straight,Ped'N: Far Side Vehicle Hit From Left,Pedestrian,0,0,1,0,1,1,0,0,0,0,1,0
285589,Minor injury,2015,19,Rear-end,Multi-Vehicle,153.032971,-27.458236,Wickham St,,Fortitude Valley,Brisbane Central,No Roadway Feature,No traffic control,60 km/h,Sealed - Dry,Darkness - Lighted,Straight,Veh'S Same Direction: Rear End,Rear-end,0,0,0,1,1,4,0,0,0,0,0,0
285590,Medical treatment,2015,17,Angle,Multi-Vehicle,152.993741,-27.481496,Sylvan Rd,,Toowong,Mount Coot-tha,No Roadway Feature,No traffic control,60 km/h,Sealed - Dry,Daylight,Straight,Veh'S Manoeuvring: Entering From Footway,Vehicle leaving driveway,0,0,1,0,1,1,1,0,0,0,0,0
285592,Medical treatment,2015,23,Hit parked vehicle,Single Vehicle,153.026795,-27.415842,Richmond St,,Gordon Park,Stafford,No Roadway Feature,No traffic control,0 - 50 km/h,Sealed - Dry,Darkness - Lighted,Straight,Off Path-Straight: Left Off Cway Hit Obj,Off carriageway on straight hit object,0,0,1,0,1,2,0,0,0,0,0,0
285594,Hospitalisation,2015,21,Angle,Multi-Vehicle,153.017247,-27.363882,Gympie Arterial Rd,Robinson Rd W,Aspley,Aspley,Intersection - Cross,Operating traffic lights,60 km/h,Sealed - Dry,Darkness - Lighted,Straight,Veh'S Adjacent Approach: Thru-Thru,Intersection from adjacent approaches,0,1,0,0,1,2,0,0,0,0,0,0
285595,Medical treatment,2015,5,Rear-end,Multi-Vehicle,153.058056,-27.337237,Gateway Arterial Rd,,Boondall,Nudgee,No Roadway Feature,No traffic control,100 - 110 km/h,Sealed - Dry,Darkness - Lighted,Straight,Veh'S Same Direction: Rear End,Rear-end,0,0,2,0,2,2,0,0,0,0,0,0
285623,Medical treatment,2015,5,Fall from vehicle,Single Vehicle,153.02223,-27.466537,Albert St,,Brisbane City,Brisbane Central,No Roadway Feature,No traffic control,0 - 50 km/h,Sealed - Wet,Dawn/Dusk,Straight,Off Path-Straight:Out Of Control On Cway,Out of control on straight,0,0,1,0,1,1,1,0,0,0,0,0
285624,Medical treatment,2015,15,Rear-end,Multi-Vehicle,153.010959,-27.463307,Caxton St,Hale St On Ramp,Milton,Mount Coot-tha,Intersection - Interchange,Operating traffic lights,60 km/h,Sealed - Wet,Daylight,Straight,Veh'S Same Direction: Left Rear,Rear-end,0,0,1,0,1,2,0,0,0,0,0,0
285625,Hospitalisation,2015,14,Rear-end,Multi-Vehicle,153.029804,-27.444622,Bowen Bridge Rd,,Herston,Brisbane Central,No Roadway Feature,No traffic control,60 km/h,Sealed - Wet,Daylight,Straight,Veh'S Same Direction: Rear End,Rear-end,0,1,0,0,1,1,1,0,0,0,0,0
285626,Medical treatment,2015,15,Fall from vehicle,Single Vehicle,153.036224,-27.454876,Bridge St,Wickham St,Fortitude Valley,Brisbane Central,Intersection - T-Junction,No traffic control,60 km/h,Sealed - Wet,Daylight,Straight,Off Path-Straight:Out Of Control On Cway,Out of control on straight,0,0,1,0,1,0,1,0,0,0,0,0
285627,Hospitalisation,2015,15,Hit object,Single Vehicle,152.993905,-27.484615,Coronation Dr,,Toowong,Mount Coot-tha,No Roadway Feature,No traffic control,60 km/h,Sealed - Wet,Daylight,Straight,Off Path-Straight: Left Off Cway Hit Obj,Off carriageway on straight hit object,0,1,0,0,1,1,0,0,0,0,0,0
285628,Hospitalisation,2015,16,Angle,Multi-Vehicle,152.990062,-27.487626,Jephson St,Kensington Tce,Toowong,Mount Coot-tha,Intersection - T-Junction,No traffic control,60 km/h,Sealed - Dry,Daylight,Straight,Veh'S Manoeuvring: Entering From Footway,Vehicle leaving driveway,0,1,0,0,1,1,1,0,0,0,0,0
285631,Medical treatment,2015,17,Rear-end,Multi-Vehicle,153.059239,-27.340369,Sandgate Sub-Arterial Rd,,Boondall,Nudgee,No Roadway Feature,No traffic control,60 km/h,Sealed - Dry,Dawn/Dusk,Straight,Veh'S Same Direction: Rear End,Rear-end,0,0,1,0,1,2,0,0,0,0,0,0
285647,Hospitalisation,2015,11,Hit object,Single Vehicle,152.980751,-27.396072,South Pine Rd,,Everton Park,Everton,No Roadway Feature,No traffic control,60 km/h,Sealed - Wet,Daylight,Curved - view obscured,Off Path-Curve: Off Cway Lt Bend Hit Obj,Off carriageway on curve hit object,0,1,0,0,1,1,0,0,0,0,0,0
285675,Medical treatment,2015,7,Rear-end,Multi-Vehicle,152.9879911,-27.43863572,Frasers Rd,Western Arterial Rd,Ashgrove,Ashgrove,Intersection - T-Junction,Operating traffic lights,60 km/h,Sealed - Wet,Daylight,Curved - view open,Veh'S Same Direction: Rear End,Rear-end,0,0,1,0,1,2,0,0,0,0,0,0
285676,Minor injury,2015,4,Hit pedestrian,Hit pedestrian,153.026349,-27.462254,Henry St,Leichhardt St,Spring Hill,Brisbane Central,Intersection - T-Junction,Road/Rail worker,0 - 50 km/h,Sealed - Dry,Daylight,Straight,Ped'N: Play; Work; Stand; Lie On C'Way,Pedestrian,0,0,0,1,1,1,0,0,0,0,1,0
285677,Hospitalisation,2015,7,Angle,Multi-Vehicle,153.03574,-27.459051,Brunswick St,Mclachlan St,Fortitude Valley,Brisbane Central,Intersection - Cross,Operating traffic lights,60 km/h,Sealed - Wet,Daylight,Straight,Veh'S Adjacent Approach: Thru-Thru,Intersection from adjacent approaches,0,1,0,0,1,3,0,0,0,0,0,0
285679,Medical treatment,2015,15,Rear-end,Multi-Vehicle,152.98482,-27.478617,Milton Rd,Western Arterial Rd,Toowong,Mount Coot-tha,Intersection - Roundabout,Give way sign,60 km/h,Sealed - Dry,Daylight,Straight,Veh'S Same Direction: Rear End,Rear-end,0,0,1,0,1,2,0,0,0,0,0,0
285685,Minor injury,2015,9,Rear-end,Multi-Vehicle,153.077397,-27.412448,East - West Arterial Rd,Gateway Arterial Rd,Hendra,Clayfield,Intersection - Interchange,Operating traffic lights,60 km/h,Sealed - Dry,Daylight,Straight,Veh'S Same Direction: Rear End,Rear-end,0,0,0,1,1,2,0,0,0,0,0,0