Crash_Ref_Number,Severity,Year,Hour,Crash_Nature,Crash_Type,Longitude,Latitude,Street,Street_Intersecting,Suburb,Loc_State_Electorate,Crash_Roadway_Feature,Crash_Traffic_Control,Crash_Speed_Limit,Crash_Road_Surface_Condition,Crash_Lighting_Condition,Crash_Road_Horiz_Align,Crash_DCA_Description,Crash_DCA_Group_Description,Count_Casualty_Fatality,Count_Casualty_Hospitalised,Count_Casualty_MedicallyTreated,Count_Casualty_MinorInjury,Count_Casualty_Total,Count_Unit_Car,Count_Unit_Motorcycle_Moped,Count_Unit_Truck,Count_Unit_Bus,Count_Unit_Bicycle,Count_Unit_Pedestrian,Count_Unit_Other
285703,Medical treatment,2015,4,Hit object,Single Vehicle,153.0162872,-27.30083033,Gateway Arterial Rd,,Bald Hills,Aspley,Intersection - Interchange,No traffic control,100 - 110 km/h,Sealed - Dry,Darkness - Lighted,Curved - view open,Off Path-Curve: Off Cway Rt Bend Hit Obj,Off carriageway on curve hit object,0,0,2,0,2,1,0,0,0,0,0,0
285705,Medical treatment,2015,11,Angle,Multi-Vehicle,153.012611,-27.355043,Hawbridge St,,Carseldine,Aspley,No Roadway Feature,No traffic control,0 - 50 km/h,Sealed - Dry,Daylight,Straight,Veh'S Opposite Approach: Thru-Right,Opposing vehicles turning,0,0,1,0,1,2,0,0,0,0,0,0
285706,Hospitalisation,2015,19,Rear-end,Multi-Vehicle,153.015239,-27.370115,Horn Rd,Maundrell Tce,Aspley,Aspley,Intersection - T-Junction,Operating traffic lights,60 km/h,Sealed - Dry,Darkness - Lighted,Straight,Veh'S Same Direction: Rear End,Rear-end,0,1,2,0,3,2,0,0,0,0,0,0
285710,Medical treatment,2015,11,Rear-end,Multi-Vehicle,153.063002,-27.381904,Sandgate Rd,Sandgate Sub-Arterial Rd,Virginia,Nudgee,Intersection - Interchange,Give way sign,60 km/h,Sealed - Dry,Daylight,Curved - view open,Veh'S Same Direction: Rear End,Rear-end,0,0,1,0,1,2,0,0,0,0,0,0
285732,Hospitalisation,2015,8,Hit pedestrian,Hit pedestrian,153.018354,-27.460941,Gregory Tce,Wickham Tce,Brisbane City,Brisbane Central,Intersection - Cross,Operating traffic lights,60 km/h,Sealed - Dry,Daylight,Straight,Ped'N: Far Side Vehicle Hit From Left,Pedestrian,0,1,0,0,1,1,0,0,0,0,1,0
285733,Hospitalisation,2015,7,Hit parked vehicle,Single Vehicle,152.948773,-27.51915307,Kersley Rd,,Kenmore,Moggill,No Roadway Feature,No traffic control,0 - 50 km/h,Sealed - Dry,Daylight,Straight,Veh'S On Path: Parked,Hit parked vehicle,0,1,0,0,1,1,0,0,0,1,0,0
285734,Hospitalisation,2015,18,Rear-end,Multi-Vehicle,152.9969955,-27.48172935,Coronation Dr,,Toowong,Mount Coot-tha,No Roadway Feature,No traffic control,60 km/h,Sealed - Dry,Darkness - Lighted,Straight,Veh'S Same Direction: Rear End,Rear-end,0,1,0,0,1,1,1,0,0,0,0,0
285744,Medical treatment,2015,17,Rear-end,Multi-Vehicle,153.033574,-27.423348,Lutwyche Rd,,Lutwyche,Stafford,No Roadway Feature,No traffic control,0 - 50 km/h,Sealed - Dry,Daylight,Straight,Veh'S Same Direction: Rear End,Rear-end,0,0,1,0,1,2,0,0,0,0,0,0
285766,Medical treatment,2015,13,Angle,Multi-Vehicle,153.013431,-27.453208,Blamey St,School St,Kelvin Grove,Brisbane Central,Intersection - T-Junction,No traffic control,60 km/h,Sealed - Dry,Daylight,Curved - view open,Veh'S Adjacent Approach: Right-Right,Intersection from adjacent approaches,0,0,1,0,1,2,0,0,0,0,0,0
285767,Hospitalisation,2015,8,Hit pedestrian,Hit pedestrian,153.034324,-27.456801,Warner St,Wickham St,Fortitude Valley,Brisbane Central,Intersection - T-Junction,Stop sign,60 km/h,Sealed - Dry,Daylight,Straight,Ped'N: Near Side Vehicle Hit From Right,Pedestrian,0,1,0,0,1,1,0,0,0,0,1,0
285772,Medical treatment,2015,14,Angle,Multi-Vehicle,153.0487709,-27.36439632,Newman Rd,,Geebung,Nudgee,No Roadway Feature,No traffic control,60 km/h,Sealed - Dry,Daylight,Straight,Veh'S Manoeuvring: Leaving Driveway,Vehicle leaving driveway,0,0,1,0,1,2,0,0,0,0,0,0
285773,Hospitalisation,2015,12,Rear-end,Multi-Vehicle,153.031574,-27.401373,Gympie Arterial Rd,,Kedron,Nudgee,No Roadway Feature,No traffic control,60 km/h,Sealed - Dry,Daylight,Straight,Veh'S Same Direction: Rear End,Rear-end,0,1,0,1,2,1,1,0,0,0,0,0
285778,Hospitalisation,2015,7,Hit object,Single Vehicle,153.042491,-27.425787,Hudson Rd,Madden St,Albion,Clayfield,Intersection - T-Junction,No traffic control,60 km/h,Sealed - Dry,Daylight,Straight,Off Path-Straight: Left Off Cway Hit Obj,Off carriageway on straight hit object,0,1,0,0,1,1,0,0,0,0,0,0
285797,Medical treatment,2015,7,Angle,Multi-Vehicle,153.019273,-27.467688,Herschel St,,Brisbane City,Brisbane Central,No Roadway Feature,No traffic control,0 - 50 km/h,Sealed - Dry,Daylight,Straight,Veh'S Manoeuvring: Leaving Driveway,Vehicle leaving driveway,0,0,1,0,1,1,0,0,0,1,0,0
285798,Medical treatment,2015,8,Rear-end,Multi-Vehicle,153.026291,-27.461067,Boundary St,,Spring Hill,Brisbane Central,No Roadway Feature,No traffic control,60 km/h,Sealed - Dry,Daylight,Straight,Veh'S Same Direction: Rear End,Rear-end,0,0,1,0,1,2,0,0,0,0,0,0
285800,Hospitalisation,2015,7,Rear-end,Multi-Vehicle,153.038216,-27.456515,Mclachlan St,,Fortitude Valley,Brisbane Central,No Roadway Feature,No traffic control,60 km/h,Sealed - Dry,Daylight,Straight,Veh'S On Path: Parked,Hit parked vehicle,0,1,0,0,1,2,0,0,0,1,0,0
285835,Medical treatment,2015,10,Angle,Multi-Vehicle,153.008035,-27.469668,Cribb St,Mcdougall St,Milton,Mount Coot-tha,Intersection - T-Junction,Stop sign,0 - 50 km/h,Sealed - Dry,Daylight,Straight,Veh'S Adjacent Approach: Thru-Right,Intersection from adjacent approaches,0,0,1,0,1,0,1,1,0,0,0,0
285837,Hospitalisation,2015,12,Fall from vehicle,Single Vehicle,153.047197,-27.313824,Gateway Arterial Rd,,Sandgate,Sandgate,No Roadway Feature,No traffic control,100 - 110 km/h,Sealed - Dry,Daylight,Curved - view open,Veh'S Same Direction: Lane Side Swipe,Lane changes,0,1,0,0,1,1,1,0,0,0,0,0
285869,Hospitalisation,2015,14,Angle,Multi-Vehicle,153.044627,-27.453535,Wyandra St,,Teneriffe,Brisbane Central,No Roadway Feature,No traffic control,0 - 50 km/h,Sealed - Dry,Daylight,Straight,Veh'S Manoeuvring: Entering From Footway,Vehicle leaving driveway,0,1,0,0,1,1,0,0,1,0,0,0
285870,Hospitalisation,2015,16,Angle,Multi-Vehicle,153.031684,-27.461778,Ann St,Boundary St,Fortitude Valley,Brisbane Central,Intersection - Y-Junction,No traffic control,60 km/h,Sealed - Dry,Daylight,Straight,Veh'S Adjacent Approach: Other,Intersection from adjacent approaches,0,1,0,0,1,2,0,0,0,0,0,0
285871,Minor injury,2015,16,Angle,Multi-Vehicle,153.036224,-27.454876,Bridge St,Wickham St,Fortitude Valley,Brisbane Central,No Roadway Feature,No traffic control,60 km/h,Sealed - Dry,Daylight,Straight,Veh'S Same Direction: Lane Change Right,Lane changes,0,0,0,1,1,2,0,0,0,0,0,0
285872,Hospitalisation,2015,4,Hit object,Single Vehicle,153.03707,-27.457777,Mclachlan St,,Fortitude Valley,Brisbane Central,No Roadway Feature,No traffic control,60 km/h,Sealed - Wet,Darkness - Lighted,Straight,Off Path-Straight:Right Off Cway Hit Obj,Off carriageway on straight hit object,0,2,0,0,2,1,0,0,0,0,0,0
285874,Medical treatment,2015,7,Angle,Multi-Vehicle,153.0239294,-27.32336144,Barbour Rd,Caulfield St,Bracken Ridge,Sandgate,Intersection - T-Junction,Give way sign,0 - 50 km/h,Sealed - Wet,Daylight,Straight,Veh'S Adjacent Approach: Thru-Right,Intersection from adjacent approaches,0,0,1,0,1,2,0,0,0,0,0,0
285875,Hospitalisation,2015,15,Rear-end,Multi-Vehicle,153.020686,-27.30362,Gateway Arterial Rd,,Bald Hills,Sandgate,No Roadway Feature,No traffic control,100 - 110 km/h,Sealed - Dry,Daylight,Straight,Veh'S Same Direction: Rear End,Rear-end,0,1,0,0,1,2,0,1,0,0,0,0
285889,Medical treatment,2015,16,Rear-end,Multi-Vehicle,153.0816561,-27.43346273,Kingsford Smith Dr,,Eagle Farm,Clayfield,No Roadway Feature,No traffic control,60 km/h,Sealed - Dry,Daylight,Straight,Veh'S Same Direction: Left Rear,Rear-end,0,0,1,0,1,3,0,0,0,0,0,0
285890,Hospitalisation,2015,10,Hit object,Single Vehicle,152.980318,-27.415727,Prospect Rd,,Mitchelton,Everton,No Roadway Feature,No traffic control,0 - 50 km/h,Sealed - Wet,Daylight,Straight,Off Path-Straight: Left Off Cway Hit Obj,Off carriageway on straight hit object,0,1,0,0,1,1,0,0,0,0,0,0
285926,Medical treatment,2015,17,Angle,Multi-Vehicle,153.009311,-27.336122,Gympie Arterial Rd,Roghan Rd,Carseldine,Aspley,Intersection - T-Junction,Give way sign,60 km/h,Sealed - Dry,Darkness - Lighted,Curved - view open,Veh'S Opposite Approach: Thru-Right,Opposing vehicles turning,0,0,2,0,2,2,0,0,0,0,0,0
285948,Medical treatment,2015,9,Rear-end,Multi-Vehicle,153.027413,-27.450295,Gilchrist Ave,Inner City Bypass,Herston,Brisbane Central,Intersection - Roundabout,Give way sign,0 - 50 km/h,Sealed - Dry,Daylight,Curved - view open,Veh'S Same Direction: Rear End,Rear-end,0,0,1,0,1,2,0,0,0,0,0,0
285949,Minor injury,2015,12,Angle,Multi-Vehicle,153.0306519,-27.45700416,Gipps St,St Pauls Tce,Fortitude Valley,Brisbane Central,Intersection - Cross,Operating traffic lights,60 km/h,Sealed - Dry,Daylight,Straight,Veh'S Opposite Approach: Thru-Right,Opposing vehicles turning,0,0,0,1,1,1,1,0,0,0,0,0
285951,Hospitalisation,2015,4,Hit object,Single Vehicle,153.005075,-27.405724,Kanangra St,,Stafford,Stafford,No Roadway Feature,No traffic control,0 - 50 km/h,Sealed - Wet,Darkness - Not lighted,Straight,Off Path-Straight: Left Off Cway Hit Obj,Off carriageway on straight hit object,0,1,0,0,1,1,0,0,0,0,0,0
285952,Minor injury,2015,17,Rear-end,Multi-Vehicle,153.030809,-27.385929,Gympie Arterial Rd,Hamilton Rd,Chermside,Stafford,Intersection - Cross,No traffic control,60 km/h,Sealed - Dry,Daylight,Straight,Veh'S Same Direction: Rear End,Rear-end,0,0,0,1,1,2,0,0,0,0,0,0
285958,Hospitalisation,2015,21,Hit pedestrian,Hit pedestrian,153.033477,-27.424281,Chapel St,Lutwyche Rd,Lutwyche,Stafford,Intersection - T-Junction,Pedestrian operated lights,60 km/h,Sealed - Dry,Darkness - Lighted,Straight,Ped'N: Far Side Vehicle Hit From Left,Pedestrian,0,1,0,0,1,1,0,0,0,0,1,0
285977,Medical treatment,2015,8,Rear-end,Multi-Vehicle,152.976254,-27.448289,Glory St,Waterworks Rd,Ashgrove,Ashgrove,Intersection - T-Junction,Operating traffic lights,0 - 50 km/h,Sealed - Dry,Daylight,Straight,Veh'S Same Direction: Rear End,Rear-end,0,0,1,0,1,2,0,0,0,0,0,0
285978,Hospitalisation,2015,22,Hit parked vehicle,Single Vehicle,153.039497,-27.463508,Bowen Tce,,New Farm,Brisbane Central,No Roadway Feature,No traffic control,0 - 50 km/h,Sealed - Dry,Darkness - Lighted,Straight,Off Path-Straight:Out Of Control On Cway,Out of control on straight,0,1,0,0,1,1,1,0,0,0,0,0
285981,Minor injury,2015,12,Hit object,Single Vehicle,153.007487,-27.410487,Shand St,,Stafford,Stafford,No Roadway Feature,No traffic control,60 km/h,Sealed - Dry,Daylight,Straight,Off Path-Straight: Left Off Cway Hit Obj,Off carriageway on straight hit object,0,0,0,1,1,2,0,0,0,0,0,0
285984,Medical treatment,2015,17,Hit pedestrian,Hit pedestrian,153.027671,-27.338988,Roghan Rd,,Fitzgibbon,Sandgate,No Roadway Feature,No traffic control,0 - 50 km/h,Sealed - Dry,Daylight,Straight,Ped'N: Play; Work; Stand; Lie On C'Way,Pedestrian,0,0,1,0,1,1,0,0,0,0,1,0
286003,Medical treatment,2015,8,Rear-end,Multi-Vehicle,153.028961,-27.458726,Quarry St,St Pauls Tce,Spring Hill,Brisbane Central,Intersection - T-Junction,No traffic control,60 km/h,Sealed - Dry,Daylight,Straight,Veh'S Same Direction: Rear End,Rear-end,0,0,1,0,1,1,1,0,0,0,0,0
286007,Hospitalisation,2015,6,Sideswipe,Multi-Vehicle,153.0265,-27.331235,Telegraph Rd,,Fitzgibbon,Sandgate,Median Opening,No traffic control,60 km/h,Sealed - Dry,Daylight,Straight,Veh'S Same Direction: Lane Change Right,Lane changes,0,1,0,0,1,1,1,0,0,0,0,0
286012,Medical treatment,2015,7,Angle,Multi-Vehicle,153.042695,-27.421858,Bridge St,Fraser St,Wooloowin,Clayfield,Intersection - Cross,Stop sign,60 km/h,Sealed - Dry,Daylight,Straight,Veh'S Manoeuvring: Entering From Footway,Vehicle leaving driveway,0,0,1,0,1,1,0,0,0,1,0,0
286013,Minor injury,2015,11,Angle,Multi-Vehicle,153.082179,-27.371979,Red Hill Rd,St Vincents Rd,Nudgee,Nudgee,Intersection - Cross,Stop sign,60 km/h,Sealed - Dry,Daylight,Straight,Veh'S Adjacent Approach: Thru-Thru,Intersection from adjacent approaches,0,0,0,2,2,2,0,0,0,0,0,0
286035,Medical treatment,2015,17,Rear-end,Multi-Vehicle,152.952854,-27.508149,Chapel Hill Rd,Moggill Sub-Arterial Rd,Chapel Hill,Moggill,Intersection - T-Junction,Operating traffic lights,60 km/h,Sealed - Dry,Daylight,Straight,Veh'S Same Direction: Rear End,Rear-end,0,0,2,0,2,3,0,0,0,0,0,0
286039,Medical treatment,2015,8,Rear-end,Multi-Vehicle,153.011094,-27.341341,Gympie Arterial Rd,,Carseldine,Aspley,No Roadway Feature,No traffic control,70 km/h,Sealed - Dry,Daylight,Straight,Veh'S Same Direction: Rear End,Rear-end,0,0,1,0,1,2,0,0,0,0,0,0
286050,Hospitalisation,2015,11,Hit object,Single Vehicle,153.058997,-27.41235,East - West Arterial Rd,,Clayfield,Clayfield,No Roadway Feature,No traffic control,60 km/h,Sealed - Dry,Daylight,Straight,Veh'S Same Direction: Lane Change Left,Lane changes,0,1,1,0,2,2,0,0,0,0,0,0
286068,Hospitalisation,2015,1,Hit animal,Other,152.9189934,-27.52530945,Moggill Sub-Arterial Rd,,Pinjarra Hills,Moggill,No Roadway Feature,No traffic control,60 km/h,Sealed - Wet,Darkness - Lighted,Straight,Pass & Misc: Hit Animal,Hit animal,0,1,0,0,1,0,1,0,0,0,0,0
286069,Medical treatment,2015,10,Angle,Multi-Vehicle,153.0079747,-27.40836844,Teevan St,,Stafford,Stafford,Intersection - T-Junction,Give way sign,60 km/h,Sealed - Dry,Daylight,Straight,Veh'S Adjacent Approach: Thru-Right,Intersection from adjacent approaches,0,0,1,0,1,1,0,0,0,0,0,1
286090,Medical treatment,2015,23,Angle,Multi-Vehicle,153.0271062,-27.47356702,Margaret St,,Brisbane City,Brisbane Central,No Roadway Feature,No traffic control,0 - 50 km/h,Sealed - Dry,Darkness - Lighted,Straight,Veh'S Manoeuvring: Parking,Hit parked vehicle,0,0,1,0,1,1,0,0,0,1,0,0
286092,Medical treatment,2015,17,Angle,Multi-Vehicle,153.0374158,-27.45996336,Robertson St,,Fortitude Valley,Brisbane Central,No Roadway Feature,No traffic control,0 - 50 km/h,Sealed - Dry,Darkness - Lighted,Straight,Veh'S Manoeuvring: Leaving Driveway,Vehicle leaving driveway,0,0,1,0,1,2,0,0,0,0,0,0
286093,Medical treatment,2015,16,Angle,Multi-Vehicle,153.038533,-27.454904,Ann St,Church St,Fortitude Valley,Brisbane Central,Intersection - T-Junction,No traffic control,60 km/h,Sealed - Dry,Daylight,Straight,Veh'S Same Direction: Right Turn S/Swipe,Parallel lanes turning,0,0,1,0,1,1,1,0,0,0,0,0
286095,Hospitalisation,2015,15,Hit pedestrian,Hit pedestrian,153.0210369,-27.35674171,Zillmere Rd,,Aspley,Aspley,No Roadway Feature,No traffic control,0 - 50 km/h,Sealed - Dry,Daylight,Straight,Ped'N: Hit Emerging Behind Vehicle,Pedestrian,0,1,0,0,1,1,0,0,0,0,1,0
286096,Hospitalisation,2015,7,Hit object,Single Vehicle,153.044758,-27.353924,Kilpatrick St,,Zillmere,Nudgee,No Roadway Feature,No traffic control,0 - 50 km/h,Sealed - Dry,Daylight,Straight,Off Path-Straight: Left Off Cway Hit Obj,Off carriageway on straight hit object,0,1,0,0,1,1,0,0,0,0,0,0
286130,Medical treatment,2015,6,Angle,Multi-Vehicle,153.029381,-27.453616,Brunswick St,,Fortitude Valley,Brisbane Central,No Roadway Feature,No traffic control,60 km/h,Sealed - Dry,Daylight,Curved - view open,Veh'S Opposite Approach: Head On,Head-on,0,0,1,0,1,2,0,0,0,0,0,0
286132,Minor injury,2015,9,Angle,Multi-Vehicle,153.030197,-27.41982,Shamrock St,Thistle St,Gordon Park,Stafford,Intersection - Roundabout,Give way sign,0 - 50 km/h,Sealed - Dry,Daylight,Straight,Veh'S Adjacant Approach: Thru-Left,Intersection from adjacent approaches,0,0,0,1,1,1,0,0,0,1,0,0
286136,Medical treatment,2015,15,Rear-end,Multi-Vehicle,153.030809,-27.385929,Gympie Arterial Rd,Hamilton Rd,Chermside,Stafford,Intersection - Cross,Operating traffic lights,60 km/h,Sealed - Dry,Daylight,Straight,Veh'S Same Direction: Right Rear,Rear-end,0,0,1,1,2,2,0,0,0,0,0,0
286160,Medical treatment,2015,16,Angle,Multi-Vehicle,152.968549,-27.501287,Finney Rd,Woodville St,Indooroopilly,Indooroopilly,Intersection - T-Junction,Stop sign,0 - 50 km/h,Sealed - Dry,Daylight,Curved - view obscured,Veh'S Adjacent Approach: Thru-Right,Intersection from adjacent approaches,0,0,1,0,1,2,0,0,0,0,0,0
286161,Medical treatment,2015,15,Angle,Multi-Vehicle,152.966315,-27.500589,Moggill Rd,Russell Tce,Indooroopilly,Indooroopilly,Intersection - T-Junction,Operating traffic lights,60 km/h,Sealed - Dry,Daylight,Straight,Veh'S Opposite Approach: Thru-Right,Opposing vehicles turning,0,0,1,1,2,2,0,0,0,0,0,0
286169,Medical treatment,2015,10,Angle,Multi-Vehicle,153.04892,-27.439514,Cooksley St,Yulestar St,Hamilton,Clayfield,No Roadway Feature,No traffic control,0 - 50 km/h,Sealed - Dry,Daylight,Curved - view obscured,Veh'S Manoeuvring: Leaving Driveway,Vehicle leaving driveway,0,0,1,0,1,2,0,0,0,0,0,0
286182,Medical treatment,2015,7,Fall from vehicle,Single Vehicle,153.02279,-27.462126,Birley St,Leichhardt St,Spring Hill,Brisbane Central,Intersection - T-Junction,Give way sign,60 km/h,Sealed - Dry,Daylight,Curved - view open,Veh'S Adjacant Approach: Thru-Left,Intersection from adjacent approaches,0,0,1,0,1,1,1,0,0,0,0,0
286185,Hospitalisation,2015,18,Angle,Multi-Vehicle,153.025595,-27.329422,Norris Rd,,Bracken Ridge,Sandgate,No Roadway Feature,Operating traffic lights,60 km/h,Sealed - Dry,Darkness - Lighted,Straight,Veh'S Manoeuvring: Leaving Driveway,Vehicle leaving driveway,0,1,1,0,2,2,0,0,0,0,0,0
286188,Hospitalisation,2015,17,Rear-end,Multi-Vehicle,153.028525,-27.373204,Boulter St,Ellison Rd,Aspley,Aspley,No Roadway Feature,No traffic control,60 km/h,Sealed - Wet,Dawn/Dusk,Straight,Veh'S Same Direction: Right Rear,Rear-end,0,2,0,0,2,2,0,0,0,0,0,0
286189,Medical treatment,2015,9,Angle,Multi-Vehicle,153.022628,-27.392878,Rode Rd,,Chermside,Stafford,No Roadway Feature,No traffic control,60 km/h,Sealed - Dry,Daylight,Curved - view open,Veh'S Same Direction: U-Turn,U-turn,0,0,2,0,2,2,0,0,0,0,0,0
286211,Medical treatment,2015,17,Angle,Multi-Vehicle,153.029914,-27.465317,Rich La,Wharf St,Brisbane City,Brisbane Central,Intersection - T-Junction,Give way sign,0 - 50 km/h,Sealed - Dry,Dawn/Dusk,Straight,Veh'S Adjacent Approach: Thru-Right,Intersection from adjacent approaches,0,0,1,0,1,1,0,0,0,1,0,0
286214,Medical treatment,2015,11,Rear-end,Multi-Vehicle,152.9899793,-27.47819607,Milton Rd,,Toowong,Mount Coot-tha,No Roadway Feature,No traffic control,60 km/h,Sealed - Dry,Daylight,Straight,Veh'S Same Direction: Rear End,Rear-end,0,0,1,0,1,3,0,0,0,0,0,0
286219,Hospitalisation,2015,20,Angle,Multi-Vehicle,153.043506,-27.350809,Bartholomew St,Beams Rd,Taigum,Sandgate,Intersection - T-Junction,No traffic control,60 km/h,Sealed - Dry,Darkness - Lighted,Straight,Veh'S Opposite Approach: Thru-Right,Opposing vehicles turning,0,1,0,0,1,1,1,0,0,0,0,0
286225,Medical treatment,2015,10,Angle,Multi-Vehicle,153.032986,-27.425407,Lutwyche Rd,Truro St,Lutwyche,Brisbane Central,Intersection - T-Junction,No traffic control,60 km/h,Sealed - Dry,Daylight,Straight,Veh'S Opposite Approach: U-Turn,U-turn,0,0,1,0,1,1,1,0,0,0,0,0
286241,Hospitalisation,2015,8,Head-on,Multi-Vehicle,153.011724,-27.468682,Bicentennial Bikeway,,Brisbane City,Brisbane Central,Bikeway,No traffic control,0 - 50 km/h,Sealed - Dry,Daylight,Curved - view open,Veh'S Manoeuvring: Other,Other,0,2,0,0,2,0,0,0,0,3,0,0
286242,Minor injury,2015,18,Angle,Multi-Vehicle,153.043035,-27.470458,Merthyr Rd,Moray St,New Farm,Brisbane Central,Intersection - Roundabout,Give way sign,60 km/h,Sealed - Dry,Dawn/Dusk,Straight,Veh'S Adjacent Approach: Thru-Thru,Intersection from adjacent approaches,0,0,0,1,1,1,0,0,0,1,0,0
286244,Minor injury,2015,6,Angle,Multi-Vehicle,153.016692,-27.332433,Lacey Rd,Linkfield Rd,Bald Hills,Aspley,Intersection - Cross,Operating traffic lights,60 km/h,Sealed - Dry,Daylight,Curved - view open,Veh'S Adjacent Approach: Thru-Thru,Intersection from adjacent approaches,0,0,0,1,1,2,0,0,0,0,0,0
286258,Medical treatment,2015,12,Angle,Multi-Vehicle,152.997969,-27.424145,Railway St,Samford Rd,Alderley,Ashgrove,Intersection - T-Junction,Operating traffic lights,60 km/h,Sealed - Dry,Daylight,Straight,Veh'S Opposite Approach: Thru-Right,Opposing vehicles turning,0,0,1,0,1,3,0,0,0,0,0,0
286259,Minor injury,2015,12,Angle,Multi-Vehicle,152.997969,-27.424145,Railway St,Samford Rd,Alderley,Ashgrove,Intersection - T-Junction,Operating traffic lights,60 km/h,Sealed - Dry,Daylight,Straight,Veh'S Adjacent Approach: Left-Right,Intersection from adjacent approaches,0,0,0,1,1,2,0,0,0,0,0,0
286285,Medical treatment,2015,17,Rear-end,Multi-Vehicle,152.9787266,-27.44906453,Waterworks Rd,,Ashgrove,Ashgrove,No Roadway Feature,No traffic control,60 km/h,Sealed - Dry,Darkness - Lighted,Straight,Veh'S Same Direction: Rear End,Rear-end,0,0,1,0,1,2,0,0,0,0,0,0
286286,Minor injury,2015,11,Angle,Multi-Vehicle,153.0024987,-27.46808214,Baroona Rd,,Milton,Mount Coot-tha,No Roadway Feature,No traffic control,0 - 50 km/h,Sealed - Dry,Daylight,Straight,Veh'S Manoeuvring: Leaving Driveway,Vehicle leaving driveway,0,0,0,1,1,1,1,0,0,0,0,0
286287,Medical treatment,2015,17,Rear-end,Multi-Vehicle,152.964836,-27.506975,Kate St,Witton Rd,Indooroopilly,Indooroopilly,Intersection - T-Junction,Give way sign,60 km/h,Sealed - Dry,Daylight,Curved - view open,Veh'S Same Direction: Right Rear,Rear-end,0,0,1,0,1,1,0,0,0,1,0,0
286288,Hospitalisation,2015,8,Rear-end,Multi-Vehicle,152.9833,-27.478183,Western Arterial Rd,,Toowong,Mount Coot-tha,No Roadway Feature,No traffic control,60 km/h,Sealed - Dry,Daylight,Curved - view open,Veh'S Same Direction: Lane Change Right,Lane changes,0,2,0,0,2,4,0,0,0,0,0,0
286289,Hospitalisation,2015,10,Angle,Multi-Vehicle,153.003839,-27.317332,Lobe St,,Bald Hills,Aspley,No Roadway Feature,No traffic control,0 - 50 km/h,Sealed - Dry,Daylight,Straight,Veh'S Manoeuvring: Leaving Driveway,Vehicle leaving driveway,0,1,0,0,1,1,1,0,0,0,0,0
286292,Minor injury,2015,7,Fall from vehicle,Single Vehicle,153.067079,-27.438504,Kingsford Smith Dr,,Hamilton,Clayfield,No Roadway Feature,No traffic control,60 km/h,Sealed - Dry,Daylight,Straight,Off Path-Straight:Out Of Control On Cway,Out of control on straight,0,0,0,1,1,0,2,0,0,0,0,0
286310,Medical treatment,2015,11,Hit pedestrian,Hit pedestrian,153.026254,-27.470637,Albert St,,Brisbane City,Brisbane Central,No Roadway Feature,No traffic control,0 - 50 km/h,Sealed - Dry,Daylight,Straight,Ped'N: Play; Work; Stand; Lie On C'Way,Pedestrian,0,0,1,0,1,2,0,0,0,0,1,0
286311,Minor injury,2015,11,Hit parked vehicle,Single Vehicle,153.006828,-27.454985,Musgrave Rd,,Red Hill,Mount Coot-tha,No Roadway Feature,No traffic control,60 km/h,Sealed - Dry,Daylight,Straight,Veh'S On Path: Car Door,Hit parked vehicle,0,0,0,1,1,2,1,0,0,0,0,0
286312,Hospitalisation,2015,15,Angle,Multi-Vehicle,153.008144,-27.317161,Attley St,Strathpine Sub-Arterial Rd,Bald Hills,Aspley,Intersection - T-Junction,No traffic control,60 km/h,Sealed - Dry,Daylight,Straight,Veh'S Manoeuvring: Entering From Footway,Vehicle leaving driveway,0,1,0,0,1,1,1,0,0,0,0,0
286314,Medical treatment,2015,8,Rear-end,Multi-Vehicle,153.0460466,-27.3792238,Newman Rd,,Geebung,Nudgee,No Roadway Feature,No traffic control,60 km/h,Sealed - Dry,Daylight,Straight,Veh'S Same Direction: Rear End,Rear-end,0,0,2,0,2,2,0,0,0,0,0,0
286328,Medical treatment,2015,10,Angle,Multi-Vehicle,152.9980318,-27.42002578,Pickering St,,Enoggera,Ashgrove,No Roadway Feature,No traffic control,60 km/h,Sealed - Dry,Daylight,Straight,Veh'S Manoeuvring: Leaving Driveway,Vehicle leaving driveway,0,0,1,0,1,2,0,0,0,0,0,0
286350,Minor injury,2015,3,Angle,Multi-Vehicle,153.034966,-27.457277,Warner St,,Fortitude Valley,Brisbane Central,No Roadway Feature,No traffic control,0 - 50 km/h,Sealed - Dry,Darkness - Lighted,Straight,Veh'S Opposite Approach: U-Turn,U-turn,0,0,0,1,1,2,0,0,0,0,0,0
286353,Hospitalisation,2015,6,Fall from vehicle,Single Vehicle,153.059239,-27.340648,Sandgate Sub-Arterial Rd,,Boondall,Nudgee,No Roadway Feature,No traffic control,60 km/h,Sealed - Wet,Daylight,Straight,Veh'S Manoeuvring: Other,Other,0,1,0,0,1,1,0,0,0,1,0,0
286360,Minor injury,2015,14,Angle,Multi-Vehicle,153.064585,-27.403991,Buckland Rd,Melton Rd,Nundah,Nudgee,Intersection - Roundabout,Give way sign,0 - 50 km/h,Sealed - Dry,Daylight,Straight,Veh'S Opposite Approach: Thru-Right,Opposing vehicles turning,0,0,0,1,1,1,1,0,0,0,0,0