Crash_Ref_Number,Severity,Year,Hour,Crash_Nature,Crash_Type,Longitude,Latitude,Street,Street_Intersecting,Suburb,Loc_State_Electorate,Crash_Roadway_Feature,Crash_Traffic_Control,Crash_Speed_Limit,Crash_Road_Surface_Condition,Crash_Lighting_Condition,Crash_Road_Horiz_Align,Crash_DCA_Description,Crash_DCA_Group_Description,Count_Casualty_Fatality,Count_Casualty_Hospitalised,Count_Casualty_MedicallyTreated,Count_Casualty_MinorInjury,Count_Casualty_Total,Count_Unit_Car,Count_Unit_Motorcycle_Moped,Count_Unit_Truck,Count_Unit_Bus,Count_Unit_Bicycle,Count_Unit_Pedestrian,Count_Unit_Other
286383,Minor injury,2015,14,Angle,Multi-Vehicle,152.892551,-27.432634,Mount Nebo Rd,,Enoggera Reservoir,Ashgrove,No Roadway Feature,No traffic control,80 - 90 km/h,Sealed - Dry,Daylight,Curved - view obscured,Off Path-Curve: Off Cway Lt Bend Hit Obj,Off carriageway on curve hit object,0,0,0,1,1,0,1,0,0,0,0,0
286405,Medical treatment,2015,16,Rear-end,Multi-Vehicle,152.998305,-27.45199,Arthur Tce,Vowles St,Red Hill,Mount Coot-tha,Intersection - T-Junction,No traffic control,60 km/h,Sealed - Dry,Daylight,Straight,Veh'S Same Direction: Right Rear,Rear-end,0,0,1,0,1,2,0,0,0,0,0,0
286406,Minor injury,2015,16,Rear-end,Multi-Vehicle,153.011542,-27.453051,Kelvin Grove Rd,,Kelvin Grove,Brisbane Central,No Roadway Feature,No traffic control,60 km/h,Sealed - Dry,Daylight,Straight,Veh'S Same Direction: Left Rear,Rear-end,0,0,0,1,1,2,0,0,0,0,0,0
286407,Minor injury,2015,7,Rear-end,Multi-Vehicle,153.018439,-27.2943873,Gympie Arterial Rd,,Bald Hills,Sandgate,No Roadway Feature,No traffic control,100 - 110 km/h,Sealed - Dry,Daylight,Straight,Veh'S Same Direction: Rear End,Rear-end,0,0,0,1,1,3,0,0,0,0,0,0
286409,Medical treatment,2015,11,Hit pedestrian,Hit pedestrian,153.03103,-27.381863,Banfield St,,Chermside,Nudgee,No Roadway Feature,No traffic control,0 - 50 km/h,Sealed - Dry,Daylight,Straight,Ped'N: Far Side Vehicle Hit From Left,Pedestrian,0,0,1,0,1,1,0,0,0,0,1,0
286411,Medical treatment,2015,7,Hit object,Single Vehicle,153.0738951,-27.41856233,Nudgee Rd,,Hendra,Clayfield,No Roadway Feature,No traffic control,60 km/h,Sealed - Dry,Daylight,Straight,Off Path-Straight: Left Off Cway Hit Obj,Off carriageway on straight hit object,0,0,1,0,1,1,0,0,0,0,0,0
286431,Medical treatment,2015,11,Angle,Multi-Vehicle,153.025803,-27.474541,Margaret St,William St,Brisbane City,Brisbane Central,Intersection - Cross,Operating traffic lights,0 - 50 km/h,Sealed - Dry,Daylight,Curved - view open,Veh'S Adjacent Approach: Thru-Thru,Intersection from adjacent approaches,0,0,1,0,1,2,0,0,0,0,0,0
286436,Hospitalisation,2015,16,Angle,Multi-Vehicle,152.98425,-27.378896,Hamilton Rd,Streisand Dr,Mcdowall,Aspley,Intersection - T-Junction,No traffic control,60 km/h,Sealed - Dry,Dawn/Dusk,Straight,Veh'S Opposite Approach: Thru-Right,Opposing vehicles turning,0,1,0,1,2,1,0,0,0,1,0,0
286442,Medical treatment,2015,15,Hit object,Single Vehicle,153.0325391,-27.42608099,Lutwyche Rd,,Windsor,Brisbane Central,No Roadway Feature,No traffic control,60 km/h,Sealed - Dry,Daylight,Curved - view open,Off Path-Curve: Off Cway Lt Bend Hit Obj,Off carriageway on curve hit object,0,0,2,0,2,2,0,0,0,0,0,0
286443,Hospitalisation,2015,6,Angle,Multi-Vehicle,153.059309,-27.394366,Northgate Rd,Sandgate Sub-Arterial Rd,Nundah,Clayfield,Intersection - T-Junction,Give way sign,60 km/h,Sealed - Dry,Daylight,Straight,Veh'S Manoeuvring: Entering From Footway,Vehicle leaving driveway,0,1,0,0,1,1,0,0,0,1,0,0
286444,Medical treatment,2015,15,Hit pedestrian,Hit pedestrian,152.991763,-27.417145,Hurdcotte St,South Pine Rd,Enoggera,Ashgrove,Intersection - Cross,Pedestrian operated lights,60 km/h,Sealed - Dry,Daylight,Straight,Ped'N: Near Side Vehicle Hit From Right,Pedestrian,0,0,1,0,1,1,0,0,0,0,1,0
286468,Hospitalisation,2015,8,Hit object,Single Vehicle,153.078448,-27.439324,Barcham St,Curtin Ave W,Hamilton,Clayfield,Intersection - T-Junction,No traffic control,60 km/h,Sealed - Dry,Daylight,Straight,Off Path-Straight: Left Off Cway Hit Obj,Off carriageway on straight hit object,0,2,0,0,2,1,0,0,0,0,0,0
286497,Hospitalisation,2015,13,Hit object,Single Vehicle,153.021545,-27.470857,South East Arterial Rd,,Brisbane City,Brisbane Central,Intersection - Interchange,No traffic control,60 km/h,Sealed - Wet,Daylight,Curved - view open,Ped'N: Hit Other,Other,0,1,1,0,2,3,0,0,0,0,1,0
286499,Minor injury,2015,10,Angle,Multi-Vehicle,152.987763,-27.484903,Little Maryvale St,Sherwood Rd,Toowong,Mount Coot-tha,Intersection - T-Junction,Give way sign,60 km/h,Sealed - Wet,Daylight,Straight,Veh'S Adjacent Approach: Thru-Right,Intersection from adjacent approaches,0,0,0,1,1,2,0,0,0,0,0,0
286501,Medical treatment,2015,8,Rear-end,Multi-Vehicle,153.065126,-27.32093261,Rainbow St,,Sandgate,Sandgate,No Roadway Feature,No traffic control,60 km/h,Sealed - Wet,Daylight,Straight,Veh'S Same Direction: Rear End,Rear-end,0,0,1,0,1,2,0,0,0,0,0,0
286519,Hospitalisation,2015,7,Rear-end,Multi-Vehicle,153.047204,-27.44136,Kingsford Smith Dr,,Albion,Clayfield,No Roadway Feature,No traffic control,60 km/h,Sealed - Wet,Daylight,Curved - view open,Veh'S Same Direction: Rear End,Rear-end,0,1,0,1,2,2,0,0,0,0,0,0
286534,Medical treatment,2015,18,Rear-end,Multi-Vehicle,152.994656,-27.445553,Waterworks Rd,,Ashgrove,Ashgrove,No Roadway Feature,No traffic control,60 km/h,Sealed - Dry,Dawn/Dusk,Straight,Veh'S Same Direction: Rear End,Rear-end,0,0,2,0,2,2,0,0,0,0,0,0
286535,Medical treatment,2015,8,Rear-end,Multi-Vehicle,153.011333,-27.462413,Hale St,,Paddington,Mount Coot-tha,No Roadway Feature,No traffic control,60 km/h,Sealed - Dry,Daylight,Straight,Veh'S Same Direction: Rear End,Rear-end,0,0,1,0,1,2,0,0,0,0,0,0
286536,Hospitalisation,2015,15,Hit parked vehicle,Single Vehicle,153.042318,-27.459689,Kent St,,New Farm,Brisbane Central,No Roadway Feature,No traffic control,0 - 50 km/h,Sealed - Wet,Daylight,Straight,Off Path-Straight: Left Off Cway Hit Obj,Off carriageway on straight hit object,0,1,0,0,1,3,0,0,0,0,0,0
286538,Minor injury,2015,8,Rear-end,Multi-Vehicle,153.050673,-27.3223053,Gateway Arterial Rd,,Deagon,Sandgate,No Roadway Feature,No traffic control,100 - 110 km/h,Sealed - Dry,Daylight,Straight,Veh'S Same Direction: Rear End,Rear-end,0,0,0,1,1,1,0,1,0,0,0,0
286540,Medical treatment,2015,10,Angle,Multi-Vehicle,153.022508,-27.384345,Hamilton Rd,Webster Rd,Chermside,Stafford,Intersection - Roundabout,No traffic control,60 km/h,Unsealed - Dry,Daylight,Curved - view open,Veh'S Same Direction: Left Turn S/Swipe,Parallel lanes turning,0,0,1,0,1,1,1,0,0,0,0,0
286566,Hospitalisation,2015,17,Hit object,Single Vehicle,152.999815,-27.448753,Waterworks Rd,,Ashgrove,Ashgrove,Bridge/Causeway,No traffic control,60 km/h,Sealed - Dry,Daylight,Curved - view open,Off Path-Curve: Off Cway Rt Bend Hit Obj,Off carriageway on curve hit object,0,1,0,0,1,0,1,0,0,0,0,0
286567,Hospitalisation,2015,13,Fall from vehicle,Single Vehicle,153.019898,-27.457237,Inner City Bypass,,Herston,Brisbane Central,No Roadway Feature,No traffic control,70 km/h,Sealed - Dry,Daylight,Straight,Off Path-Straight:Out Of Control On Cway,Out of control on straight,0,1,0,0,1,1,1,0,0,0,0,0
286570,Medical treatment,2015,21,Rear-end,Multi-Vehicle,153.017072,-27.3639,Albany Creek Sub-Arterial Rd,Gympie Arterial Rd,Aspley,Aspley,Intersection - T-Junction,Give way sign,60 km/h,Sealed - Dry,Daylight,Curved - view open,Veh'S Same Direction: Left Rear,Rear-end,0,0,1,0,1,2,0,0,0,0,0,0
286575,Hospitalisation,2015,16,Angle,Multi-Vehicle,153.048073,-27.440932,Hunt St,Kingsford Smith Dr,Hamilton,Clayfield,Intersection - T-Junction,No traffic control,60 km/h,Sealed - Dry,Daylight,Curved - view open,Veh'S Same Direction: Left Turn S/Swipe,Parallel lanes turning,0,1,0,0,1,1,1,0,0,0,0,0
286599,Medical treatment,2015,15,Rear-end,Multi-Vehicle,153.022364,-27.471902,South East Arterial Rd,,Brisbane City,Brisbane Central,Intersection - Interchange,No traffic control,70 km/h,Sealed - Dry,Daylight,Straight,Veh'S Same Direction: Rear End,Rear-end,0,0,1,1,2,2,0,0,0,0,0,0
286627,Minor injury,2015,7,Rear-end,Multi-Vehicle,153.007002,-27.4718712,Coronation Dr,,Milton,Mount Coot-tha,No Roadway Feature,No traffic control,60 km/h,Sealed - Wet,Daylight,Straight,Veh'S Same Direction: Rear End,Rear-end,0,0,0,1,1,2,0,0,0,0,0,0
286628,Medical treatment,2015,13,Fall from vehicle,Single Vehicle,153.02622,-27.476677,Pacific Hwy,South East Arterial Rd,Brisbane City,Brisbane Central,Intersection - Interchange,No traffic control,70 km/h,Sealed - Dry,Daylight,Straight,Veh'S Same Direction: Rear End,Rear-end,0,0,1,0,1,2,1,0,0,0,0,0
286631,Hospitalisation,2015,15,Hit object,Single Vehicle,153.039229,-27.353673,Handford Rd,,Zillmere,Nudgee,No Roadway Feature,No traffic control,60 km/h,Sealed - Dry,Daylight,Straight,Off Path-Straight: Left Off Cway Hit Obj,Off carriageway on straight hit object,0,1,0,0,1,1,0,0,0,0,0,0
286659,Medical treatment,2015,7,Rear-end,Multi-Vehicle,153.0396831,-27.44007116,Inner City Bypass Off Ramp,,Bowen Hills,Brisbane Central,Intersection - Interchange,No traffic control,70 km/h,Sealed - Dry,Daylight,Curved - view open,Veh'S Same Direction: Rear End,Rear-end,0,0,1,0,1,3,0,0,0,0,0,0
286664,Medical treatment,2015,10,Rear-end,Multi-Vehicle,152.983341,-27.383139,Everton Park - Albany Creek Rd,,Mcdowall,Aspley,No Roadway Feature,No traffic control,70 km/h,Sealed - Dry,Daylight,Straight,Veh'S Same Direction: Rear End,Rear-end,0,0,1,0,1,2,0,0,0,0,0,0
286668,Hospitalisation,2015,7,Sideswipe,Multi-Vehicle,153.096909,-27.4381,Gateway Arterial Rd,,Eagle Farm,Clayfield,No Roadway Feature,No traffic control,80 - 90 km/h,Sealed - Dry,Daylight,Straight,Veh'S Same Direction: Lane Change Left,Lane changes,0,2,0,0,2,1,0,1,0,0,0,0
286689,Hospitalisation,2015,8,Sideswipe,Multi-Vehicle,153.002967,-27.468498,Baroona Rd,,Milton,Mount Coot-tha,No Roadway Feature,No traffic control,60 km/h,Sealed - Dry,Daylight,Straight,Veh'S Same Direction: Lane Side Swipe,Lane changes,0,1,0,0,1,1,0,0,0,1,0,0
286690,Hospitalisation,2015,8,Rear-end,Multi-Vehicle,153.011118,-27.468454,Boomerang St,Coronation Dr,Brisbane City,Brisbane Central,Intersection - Cross,Operating traffic lights,60 km/h,Sealed - Dry,Daylight,Curved - view open,Veh'S Same Direction: Right Rear,Rear-end,0,1,0,0,1,0,1,1,0,0,0,0
286691,Medical treatment,2015,23,Angle,Multi-Vehicle,153.044218,-27.443062,Breakfast Ck Rd,Newstead Ave,Newstead,Brisbane Central,Intersection - Cross,Operating traffic lights,0 - 50 km/h,Sealed - Dry,Darkness - Lighted,Straight,Veh'S Opposite Approach: Thru-Right,Opposing vehicles turning,0,0,1,0,1,2,0,0,0,0,0,0
286697,Medical treatment,2015,17,Rear-end,Multi-Vehicle,153.03774,-27.386913,Hamilton Rd,,Chermside,Nudgee,No Roadway Feature,No traffic control,60 km/h,Sealed - Dry,Daylight,Straight,Veh'S Same Direction: Rear End,Rear-end,0,0,1,0,1,2,0,0,0,0,0,0
286702,Hospitalisation,2015,6,Rear-end,Multi-Vehicle,153.104096,-27.421336,Lomandra Dr,,Brisbane Airport,Clayfield,No Roadway Feature,No traffic control,60 km/h,Sealed - Dry,Dawn/Dusk,Straight,Veh'S Same Direction: Rear End,Rear-end,0,1,0,0,1,1,0,0,0,0,0,1
286728,Medical treatment,2015,4,Hit pedestrian,Hit pedestrian,153.031636,-27.455987,Brunswick St,St Pauls Tce,Fortitude Valley,Brisbane Central,No Roadway Feature,Pedestrian operated lights,60 km/h,Sealed - Dry,Darkness - Lighted,Curved - view open,Ped'N: Near Side Vehicle Hit From Right,Pedestrian,0,0,1,0,1,1,0,0,0,0,1,0
286729,Medical treatment,2015,17,Rear-end,Multi-Vehicle,153.013147,-27.319285,Gympie Arterial Rd,,Bald Hills,Aspley,No Roadway Feature,No traffic control,100 - 110 km/h,Sealed - Dry,Dawn/Dusk,Straight,Veh'S Same Direction: Rear End,Rear-end,0,0,1,0,1,2,0,0,0,0,0,0
286736,Hospitalisation,2015,13,Rear-end,Multi-Vehicle,153.016911,-27.426273,Days Rd,Lanham Ave,Grange,Stafford,Intersection - T-Junction,Operating traffic lights,60 km/h,Sealed - Dry,Daylight,Straight,Veh'S Same Direction: Rear End,Rear-end,0,1,0,1,2,3,0,0,0,0,0,0
286750,Medical treatment,2015,16,Angle,Multi-Vehicle,153.011805,-27.45452,Kelvin Grove Rd,Rusden St,Kelvin Grove,Mount Coot-tha,Intersection - Cross,Give way sign,0 - 50 km/h,Sealed - Wet,Daylight,Curved - view obscured,Veh'S Adjacent Approach: Thru-Thru,Intersection from adjacent approaches,0,0,1,0,1,2,0,0,0,0,0,0
286751,Minor injury,2015,14,Angle,Multi-Vehicle,153.004309,-27.470152,Park Rd,,Milton,Mount Coot-tha,No Roadway Feature,No traffic control,0 - 50 km/h,Sealed - Dry,Daylight,Straight,Veh'S Opposite Approach: U-Turn,U-turn,0,0,0,1,1,2,0,0,0,0,0,0
286752,Medical treatment,2015,22,Fall from vehicle,Single Vehicle,153.0320489,-27.45614998,Brunswick St,,Fortitude Valley,Brisbane Central,No Roadway Feature,No traffic control,0 - 50 km/h,Sealed - Dry,Darkness - Lighted,Straight,Pass & Misc: Fell In/From Vehicle,Other,0,0,1,0,1,1,0,0,0,0,0,0
286755,Hospitalisation,2015,6,Hit object,Single Vehicle,153.030974,-27.309135,Gateway Arterial Rd,,Bald Hills,Sandgate,No Roadway Feature,No traffic control,100 - 110 km/h,Sealed - Dry,Daylight,Curved - view open,Off Path-Curve: Off Cway Lt Bend Hit Obj,Off carriageway on curve hit object,0,1,0,0,1,0,0,1,0,0,0,0
286761,Minor injury,2015,18,Rear-end,Multi-Vehicle,153.063173,-27.381049,Sandgate Rd,Sandgate Sub-Arterial Rd,Virginia,Nudgee,Intersection - Roundabout,Give way sign,60 km/h,Sealed - Dry,Dawn/Dusk,Curved - view obscured,Veh'S Same Direction: Right Rear,Rear-end,0,0,0,1,1,2,0,0,0,0,0,0
286782,Hospitalisation,2015,18,Hit object,Single Vehicle,153.030706,-27.39439,Gympie Arterial Rd,,Kedron,Stafford,No Roadway Feature,No traffic control,60 km/h,Sealed - Dry,Darkness - Lighted,Straight,Off Path-Straight: Left Off Cway Hit Obj,Off carriageway on straight hit object,0,1,1,0,2,0,0,0,0,0,0,1
286807,Hospitalisation,2015,9,Angle,Multi-Vehicle,152.974419,-27.496992,Moggill Rd,,Indooroopilly,Indooroopilly,Intersection - Roundabout,Give way sign,60 km/h,Sealed - Dry,Daylight,Curved - view open,Veh'S Adjacent Approach: Thru-Thru,Intersection from adjacent approaches,0,1,0,0,1,1,0,1,0,0,0,0
286809,Hospitalisation,2015,8,Rear-end,Multi-Vehicle,153.063163,-27.2844228,Brighton - Redcliffe Rd,,Brighton,Sandgate,Bridge/Causeway,No traffic control,80 - 90 km/h,Sealed - Dry,Daylight,Straight,Veh'S Same Direction: Rear End,Rear-end,0,1,0,0,1,2,0,0,0,0,0,0
286810,Hospitalisation,2015,17,Hit object,Single Vehicle,153.04719,-27.313835,Gateway Arterial Rd,,Sandgate,Sandgate,No Roadway Feature,No traffic control,100 - 110 km/h,Sealed - Dry,Dawn/Dusk,Curved - view open,Off Path-Curve: Off Cway Lt Bend Hit Obj,Off carriageway on curve hit object,0,2,0,0,2,1,0,0,0,0,0,0
286812,Medical treatment,2015,19,Rear-end,Multi-Vehicle,152.995292,-27.353258,Bridgeman Rd,,Bridgeman Downs,Aspley,No Roadway Feature,No traffic control,70 km/h,Sealed - Wet,Darkness - Lighted,Straight,Veh'S Same Direction: Right Rear,Rear-end,0,0,4,1,5,4,0,0,0,0,0,0
286817,Medical treatment,2015,23,Hit object,Single Vehicle,152.948262,-27.42792,Settlement Rd,,The Gap,Ferny Grove,No Roadway Feature,No traffic control,60 km/h,Sealed - Dry,Darkness - Not lighted,Curved - view obscured,Off Path-Curve: Off Cway Lt Bend Hit Obj,Off carriageway on curve hit object,0,0,2,0,2,1,0,0,0,0,0,0
286847,Hospitalisation,2015,17,Hit object,Single Vehicle,153.027618,-27.376822,Gympie Arterial Rd,,Chermside,Stafford,No Roadway Feature,No traffic control,70 km/h,Sealed - Dry,Darkness - Lighted,Straight,Off Path-Straight: Left Off Cway Hit Obj,Off carriageway on straight hit object,0,1,0,0,1,1,0,0,0,0,0,0
286852,Medical treatment,2015,1,Angle,Multi-Vehicle,153.063887,-27.416721,Junction Rd,,Clayfield,Clayfield,No Roadway Feature,No traffic control,0 - 50 km/h,Sealed - Dry,Daylight,Straight,Veh'S Same Direction: Right Turn S/Swipe,Parallel lanes turning,0,0,3,0,3,2,0,0,0,0,0,0
286853,Hospitalisation,2015,11,Struck by external load,Other,153.057388,-27.439199,Grays Rd,Kingsford Smith Dr,Hamilton,Clayfield,Intersection - T-Junction,No traffic control,60 km/h,Sealed - Dry,Daylight,Curved - view open,Pass & Misc: Load Hit Vehicle,Other,0,1,0,0,1,1,0,1,0,0,0,0
286876,Minor injury,2015,17,Rear-end,Multi-Vehicle,153.015441,-27.467449,Coronation Dr,,Brisbane City,Brisbane Central,No Roadway Feature,No traffic control,60 km/h,Sealed - Dry,Dawn/Dusk,Straight,Veh'S Same Direction: Rear End,Rear-end,0,0,0,1,1,1,0,0,1,0,0,0
286878,Hospitalisation,2015,15,Fall from vehicle,Single Vehicle,152.998874,-27.473537,Eagle Tce,,Auchenflower,Mount Coot-tha,No Roadway Feature,No traffic control,0 - 50 km/h,Sealed - Wet,Daylight,Straight,Off Path-Straight:Out Of Control On Cway,Out of control on straight,0,1,0,0,1,1,1,0,0,0,0,0
286879,Medical treatment,2015,22,Hit object,Single Vehicle,152.92631,-27.516012,Moggill Sub-Arterial Rd,,Kenmore,Moggill,No Roadway Feature,No traffic control,70 km/h,Sealed - Dry,Darkness - Lighted,Straight,Off Path-Straight: Left Off Cway Hit Obj,Off carriageway on straight hit object,0,0,1,0,1,1,0,0,0,0,0,0
286906,Medical treatment,2015,15,Hit pedestrian,Hit pedestrian,153.0259243,-27.46472832,Wickham Tce,,Spring Hill,Brisbane Central,No Roadway Feature,No traffic control,0 - 50 km/h,Sealed - Dry,Daylight,Straight,Ped'N: Far Side Vehicle Hit From Left,Pedestrian,0,0,1,0,1,1,0,0,0,0,1,0
286907,Hospitalisation,2015,16,Sideswipe,Multi-Vehicle,153.02296,-27.472818,South East Arterial Rd,,Brisbane City,Brisbane Central,No Roadway Feature,No traffic control,70 km/h,Sealed - Dry,Daylight,Straight,Veh'S Same Direction: Lane Change Left,Lane changes,0,1,0,0,1,1,1,0,0,0,0,0
286911,Hospitalisation,2015,14,Angle,Multi-Vehicle,153.042715,-27.358568,Ardill St,Halcomb St,Zillmere,Nudgee,Intersection - Cross,Give way sign,0 - 50 km/h,Sealed - Dry,Daylight,Straight,Veh'S Adjacent Approach: Thru-Thru,Intersection from adjacent approaches,0,1,0,0,1,1,1,0,0,0,0,0
286912,Medical treatment,2015,6,Hit parked vehicle,Single Vehicle,153.0037557,-27.37672634,Stringybark Dr,,Chermside West,Aspley,No Roadway Feature,No traffic control,0 - 50 km/h,Sealed - Dry,Daylight,Straight,Veh'S On Path: Car Door,Hit parked vehicle,0,0,1,0,1,1,0,0,0,1,0,0
286913,Hospitalisation,2015,14,Angle,Multi-Vehicle,153.061745,-27.364064,Sandgate Sub-Arterial Rd,,Boondall,Nudgee,No Roadway Feature,No traffic control,70 km/h,Sealed - Dry,Daylight,Straight,Veh'S Same Direction: Left Turn S/Swipe,Parallel lanes turning,0,1,0,0,1,1,1,0,0,0,0,0
286920,Medical treatment,2015,7,Angle,Multi-Vehicle,153.031185,-27.437494,Cartwright St,Lutwyche Rd,Windsor,Brisbane Central,Intersection - T-Junction,Give way sign,60 km/h,Sealed - Dry,Daylight,Straight,Veh'S Adjacant Approach: Thru-Left,Intersection from adjacent approaches,0,0,1,0,1,1,0,1,0,0,0,0
286921,Hospitalisation,2015,17,Angle,Multi-Vehicle,153.031856,-27.430774,Harris St,Lutwyche Rd,Windsor,Brisbane Central,Intersection - T-Junction,Operating traffic lights,60 km/h,Sealed - Dry,Daylight,Straight,Veh'S Adjacent Approach: Thru-Right,Intersection from adjacent approaches,0,1,0,0,1,1,1,0,0,0,0,0
286936,Medical treatment,2015,16,Rear-end,Multi-Vehicle,152.988288,-27.46515,Boundary Rd,Hebe St,Bardon,Mount Coot-tha,Intersection - Roundabout,Stop sign,0 - 50 km/h,Sealed - Dry,Daylight,Straight,Veh'S Same Direction: Rear End,Rear-end,0,0,1,0,1,2,0,0,0,0,0,0
286937,Hospitalisation,2015,12,Hit pedestrian,Hit pedestrian,153.0300523,-27.47040783,Felix St,,Brisbane City,Brisbane Central,No Roadway Feature,No traffic control,0 - 50 km/h,Sealed - Dry,Daylight,Straight,Ped'N: On Ftway Hit By Vehicle On Ftway,Pedestrian,0,1,0,0,1,0,0,0,0,1,1,0
286938,Hospitalisation,2015,7,Sideswipe,Multi-Vehicle,153.019853,-27.467149,George St,Herschel St,Brisbane City,Brisbane Central,Intersection - Cross,Operating traffic lights,0 - 50 km/h,Sealed - Dry,Daylight,Straight,Veh'S Same Direction: Left Turn S/Swipe,Parallel lanes turning,0,1,0,0,1,1,0,1,0,0,0,0
286939,Medical treatment,2015,21,Angle,Multi-Vehicle,153.035937,-27.455165,Wickham St,,Fortitude Valley,Brisbane Central,No Roadway Feature,No traffic control,60 km/h,Sealed - Dry,Darkness - Lighted,Straight,Veh'S Same Direction: Lane Change Right,Lane changes,0,0,1,0,1,2,0,0,0,0,0,0
286940,Medical treatment,2015,6,Rear-end,Multi-Vehicle,153.0240276,-27.41141823,East - West Arterial Rd,,Gordon Park,Stafford,No Roadway Feature,No traffic control,60 km/h,Sealed - Dry,Darkness - Lighted,Straight,Veh'S Same Direction: Rear End,Rear-end,0,0,2,0,2,3,0,0,0,0,0,0
286942,Medical treatment,2015,15,Rear-end,Multi-Vehicle,153.019671,-27.370682,Gympie Arterial Rd,,Aspley,Aspley,No Roadway Feature,No traffic control,70 km/h,Sealed - Dry,Daylight,Straight,Veh'S Same Direction: Rear End,Rear-end,0,0,1,0,1,2,0,0,0,0,0,0
286975,Medical treatment,2015,11,Overturned,Single Vehicle,153.0105873,-27.41978122,Blandford St,,Grange,Stafford,No Roadway Feature,No traffic control,0 - 50 km/h,Sealed - Dry,Daylight,Curved - view open,Off Path-Curve: Out Of Control On Cway,Out of control on curve,0,0,2,0,2,1,0,0,0,0,0,0
286985,Medical treatment,2015,13,Rear-end,Multi-Vehicle,153.097036,-27.373524,Gateway Arterial Rd,Nudgee Rd,Nudgee,Nudgee,Intersection - Interchange,Stop sign,60 km/h,Sealed - Dry,Daylight,Straight,Veh'S Same Direction: Left Rear,Rear-end,0,0,1,0,1,2,0,0,0,0,0,0
287010,Hospitalisation,2015,19,Hit object,Single Vehicle,153.031246,-27.457314,Barry Pde,Gipps St,Fortitude Valley,Brisbane Central,Intersection - Cross,No traffic control,60 km/h,Sealed - Dry,Dawn/Dusk,Curved - view open,Ped'N: Hit Other,Other,0,1,0,0,1,1,0,0,0,0,1,0
287011,Medical treatment,2015,18,Rear-end,Multi-Vehicle,153.06492,-27.311755,Wakefield St,,Sandgate,Sandgate,No Roadway Feature,No traffic control,0 - 50 km/h,Sealed - Dry,Dawn/Dusk,Straight,Veh'S Same Direction: Rear End,Rear-end,0,0,1,0,1,2,0,0,0,0,0,0
287018,Medical treatment,2015,11,Rear-end,Multi-Vehicle,153.0531697,-27.43929789,Kingsford Smith Dr,,Hamilton,Clayfield,No Roadway Feature,No traffic control,60 km/h,Sealed - Dry,Daylight,Curved - view open,Veh'S Same Direction: Lane Change Right,Lane changes,0,0,1,0,1,1,0,2,0,0,0,0
287041,Hospitalisation,2015,17,Rear-end,Multi-Vehicle,153.021908,-27.384564,Hamilton Rd,Webster Rd,Chermside,Stafford,Intersection - Roundabout,No traffic control,60 km/h,Sealed - Dry,Dawn/Dusk,Straight,Veh'S Same Direction: Rear End,Rear-end,0,1,0,0,1,1,1,0,0,0,0,0
287042,Minor injury,2015,6,Hit object,Single Vehicle,153.012838,-27.347396,Gympie Arterial Rd,,Carseldine,Aspley,No Roadway Feature,No traffic control,70 km/h,Sealed - Dry,Daylight,Straight,Off Path-Straight: Left Off Cway Hit Obj,Off carriageway on straight hit object,0,0,0,1,1,1,0,0,0,0,0,0
287046,Minor injury,2015,10,Fall from vehicle,Single Vehicle,153.094855,-27.377607,Gateway Arterial Rd,,Banyo,Nudgee,No Roadway Feature,No traffic control,80 - 90 km/h,Sealed - Dry,Daylight,Curved - view open,Off Path-Curve: Out Of Control On Cway,Out of control on curve,0,0,0,1,1,0,1,0,0,0,0,0
287078,Minor injury,2015,9,Angle,Multi-Vehicle,153.059338,-27.397095,Robinson Rd,Sandgate Sub-Arterial Rd,Nundah,Clayfield,Intersection - T-Junction,Give way sign,60 km/h,Sealed - Dry,Daylight,Curved - view open,Veh'S Adjacant Approach: Thru-Left,Intersection from adjacent approaches,0,0,0,1,1,1,0,0,0,1,0,0
287107,Medical treatment,2015,6,Sideswipe,Multi-Vehicle,153.026522,-27.467336,Adelaide St,,Brisbane City,Brisbane Central,No Roadway Feature,No traffic control,0 - 50 km/h,Sealed - Dry,Daylight,Straight,Veh'S Same Direction: Lane Side Swipe,Lane changes,0,0,1,0,1,1,0,0,0,1,0,0
287108,Medical treatment,2015,21,Angle,Multi-Vehicle,153.023017,-27.467386,Albert St,Turbot St,Brisbane City,Brisbane Central,Intersection - 5+ way,Operating traffic lights,60 km/h,Sealed - Dry,Darkness - Lighted,Straight,Veh'S Adjacant Approach: Thru-Left,Intersection from adjacent approaches,0,0,1,0,1,1,0,0,0,1,0,0
287116,Medical treatment,2015,10,Angle,Multi-Vehicle,153.013759,-27.410096,East - West Arterial Rd,,Stafford,Stafford,No Roadway Feature,Operating traffic lights,60 km/h,Sealed - Dry,Daylight,Straight,Veh'S Manoeuvring: Leaving Driveway,Vehicle leaving driveway,0,0,1,0,1,2,0,0,0,0,0,0
287118,Hospitalisation,2015,14,Hit object,Single Vehicle,153.0278998,-27.37681793,Gympie Arterial Rd,,Aspley,Aspley,No Roadway Feature,No traffic control,70 km/h,Sealed - Dry,Daylight,Curved - view open,Off Path-Curve: Off Cway Rt Bend Hit Obj,Off carriageway on curve hit object,0,1,0,0,1,1,0,0,0,0,0,0