Crash_Ref_Number,Severity,Year,Hour,Crash_Nature,Crash_Type,Longitude,Latitude,Street,Street_Intersecting,Suburb,Loc_State_Electorate,Crash_Roadway_Feature,Crash_Traffic_Control,Crash_Speed_Limit,Crash_Road_Surface_Condition,Crash_Lighting_Condition,Crash_Road_Horiz_Align,Crash_DCA_Description,Crash_DCA_Group_Description,Count_Casualty_Fatality,Count_Casualty_Hospitalised,Count_Casualty_MedicallyTreated,Count_Casualty_MinorInjury,Count_Casualty_Total,Count_Unit_Car,Count_Unit_Motorcycle_Moped,Count_Unit_Truck,Count_Unit_Bus,Count_Unit_Bicycle,Count_Unit_Pedestrian,Count_Unit_Other
287126,Minor injury,2015,10,Angle,Multi-Vehicle,153.0462829,-27.39395815,Spence Rd,,Wavell Heights,Clayfield,Intersection - T-Junction,Give way sign,60 km/h,Sealed - Dry,Daylight,Straight,Veh'S Adjacant Approach: Thru-Left,Intersection from adjacent approaches,0,0,0,1,1,2,0,0,0,0,0,0
287127,Medical treatment,2015,7,Angle,Multi-Vehicle,152.983673,-27.402295,Barton St,Pullen Rd,Everton Park,Everton,Intersection - T-Junction,Give way sign,60 km/h,Sealed - Wet,Daylight,Straight,Veh'S Adjacent Approach: Thru-Right,Intersection from adjacent approaches,0,0,1,0,1,2,0,0,0,0,0,0
287148,Medical treatment,2015,8,Hit pedestrian,Hit pedestrian,153.039962,-27.457391,Robertson St,,Fortitude Valley,Brisbane Central,No Roadway Feature,No traffic control,0 - 50 km/h,Sealed - Dry,Daylight,Straight,Ped'N: Play; Work; Stand; Lie On C'Way,Pedestrian,0,0,1,0,1,2,0,0,0,0,1,0
287151,Hospitalisation,2015,11,Angle,Multi-Vehicle,153.017247,-27.363882,Gympie Arterial Rd,Robinson Rd W,Aspley,Aspley,Intersection - Cross,Operating traffic lights,70 km/h,Sealed - Dry,Daylight,Straight,Veh'S Adjacent Approach: Thru-Right,Intersection from adjacent approaches,0,1,1,0,2,2,0,0,0,0,0,0
287159,Hospitalisation,2015,17,Rear-end,Multi-Vehicle,153.03163,-27.402295,Gympie Arterial Rd,,Kedron,Clayfield,No Roadway Feature,No traffic control,60 km/h,Sealed - Dry,Dawn/Dusk,Straight,Veh'S Same Direction: Rear End,Rear-end,0,1,0,0,1,3,0,0,0,0,0,0
287177,Medical treatment,2015,8,Rear-end,Multi-Vehicle,152.982555,-27.478429,Dean St,Western Arterial Rd,Toowong,Mount Coot-tha,Intersection - T-Junction,Give way sign,60 km/h,Sealed - Dry,Daylight,Straight,Veh'S Same Direction: Left Rear,Rear-end,0,0,1,0,1,2,0,0,0,0,0,0
287178,Hospitalisation,2015,8,Rear-end,Multi-Vehicle,153.019273,-27.291729,Gympie Arterial Rd,,Bald Hills,Sandgate,Bridge/Causeway,No traffic control,100 - 110 km/h,Sealed - Dry,Daylight,Straight,Veh'S Same Direction: Rear End,Rear-end,0,1,0,1,2,3,0,0,0,0,0,1
287180,Medical treatment,2015,21,Hit object,Single Vehicle,152.985018,-27.386477,Everton Park - Albany Creek Rd,,Mcdowall,Everton,No Roadway Feature,No traffic control,60 km/h,Sealed - Wet,Darkness - Lighted,Curved - view open,Off Path-Curve: Off Cway Lt Bend Hit Obj,Off carriageway on curve hit object,0,0,1,0,1,1,0,0,0,0,0,0
287188,Hospitalisation,2015,23,Hit object,Single Vehicle,153.025649,-27.44084,Green Tce,,Windsor,Brisbane Central,No Roadway Feature,No traffic control,60 km/h,Sealed - Wet,Darkness - Lighted,Curved - view open,Off Path-Curve: Off Cway Rt Bend Hit Obj,Off carriageway on curve hit object,0,1,0,0,1,1,0,0,0,0,0,0
287189,Medical treatment,2015,19,Rear-end,Multi-Vehicle,153.005033,-27.432445,Enoggera Rd,,Newmarket,Stafford,No Roadway Feature,No traffic control,60 km/h,Sealed - Dry,Darkness - Lighted,Straight,Veh'S Same Direction: Rear End,Rear-end,0,0,2,0,2,2,0,0,0,0,0,0
287190,Hospitalisation,2015,6,Angle,Multi-Vehicle,152.985437,-27.393648,Everton Park - Albany Creek Rd,Flockton St,Everton Park,Everton,Intersection - T-Junction,No traffic control,60 km/h,Sealed - Dry,Daylight,Straight,Veh'S Opposite Approach: Thru-Right,Opposing vehicles turning,0,1,0,0,1,1,1,0,0,0,0,0
287216,Medical treatment,2015,14,Rear-end,Multi-Vehicle,153.015896,-27.465325,Countess St,,Petrie Terrace,Brisbane Central,No Roadway Feature,No traffic control,0 - 50 km/h,Sealed - Dry,Daylight,Straight,Veh'S Same Direction: Rear End,Rear-end,0,0,1,0,1,2,0,0,0,0,0,0
287217,Hospitalisation,2015,23,Hit object,Single Vehicle,153.029073,-27.458622,St Pauls Tce,Warren St,Fortitude Valley,Brisbane Central,Intersection - T-Junction,No traffic control,0 - 50 km/h,Sealed - Dry,Darkness - Lighted,Straight,Off Path-Straight:Right Off Cway Hit Obj,Off carriageway on straight hit object,0,1,0,0,1,2,0,0,0,0,0,0
287218,Hospitalisation,2015,16,Angle,Multi-Vehicle,152.965371,-27.465605,Sir Samuel Griffith Dr,,Mount Coot-tha,Mount Coot-tha,Intersection - T-Junction,Give way sign,0 - 50 km/h,Sealed - Dry,Daylight,Straight,Veh'S Opposite Approach: Thru-Right,Opposing vehicles turning,0,1,0,0,1,1,0,0,0,1,0,0
287223,Medical treatment,2015,5,Angle,Multi-Vehicle,153.0123869,-27.34592598,Beams Rd,Gympie Arterial Rd,Carseldine,Aspley,Intersection - Cross,Operating traffic lights,80 - 90 km/h,Sealed - Wet,Daylight,Straight,Veh'S Adjacent Approach: Thru-Thru,Intersection from adjacent approaches,0,0,1,1,2,3,0,0,0,0,0,0
287248,Hospitalisation,2015,14,Angle,Multi-Vehicle,153.035452,-27.460721,Bradfield Hwy,,Fortitude Valley,Brisbane Central,Intersection - Interchange,No traffic control,60 km/h,Sealed - Dry,Daylight,Curved - view open,Veh'S Same Direction: Lane Change Right,Lane changes,0,1,0,0,1,1,1,0,0,0,0,0
287252,Fatal,2015,2,Hit object,Single Vehicle,153.039791,-27.350806,Handford Rd,,Zillmere,Nudgee,No Roadway Feature,No traffic control,60 km/h,Sealed - Dry,Darkness - Lighted,Straight,Off Path-Straight: Mounts Traffic Island,Off carriageway on straight hit object,1,0,0,0,1,1,0,0,0,0,0,0
287257,Medical treatment,2015,11,Sideswipe,Multi-Vehicle,153.0149712,-27.42194141,Grange Rd,,Grange,Stafford,No Roadway Feature,No traffic control,60 km/h,Sealed - Dry,Daylight,Straight,Veh'S Same Direction: Lane Change Left,Lane changes,0,0,1,0,1,2,0,0,0,0,0,0
287258,Hospitalisation,2015,23,Hit object,Single Vehicle,153.01227,-27.422059,Raymont Rd,,Grange,Stafford,No Roadway Feature,No traffic control,60 km/h,Sealed - Dry,Darkness - Lighted,Straight,Off Path-Straight:Right Off Cway Hit Obj,Off carriageway on straight hit object,0,4,0,0,4,1,0,0,0,0,0,0
287271,Hospitalisation,2015,5,Hit object,Single Vehicle,153.011839,-27.459153,Hale St,,Red Hill,Mount Coot-tha,Intersection - Interchange,No traffic control,60 km/h,Sealed - Dry,Daylight,Curved - view open,Off Path-Curve: Off Cway Rt Bend Hit Obj,Off carriageway on curve hit object,0,1,0,0,1,1,0,0,0,0,0,0
287274,Hospitalisation,2015,17,Rear-end,Multi-Vehicle,152.988695,-27.480565,Kate St,Sylvan Rd,Toowong,Mount Coot-tha,Intersection - T-Junction,Pedestrian crossing sign,60 km/h,Sealed - Dry,Dawn/Dusk,Straight,Veh'S Same Direction: Rear End,Rear-end,0,1,0,0,1,1,1,0,0,0,0,0
287275,Hospitalisation,2015,12,Angle,Multi-Vehicle,152.984771,-27.47849,Milton Rd,Miskin St,Toowong,Mount Coot-tha,Intersection - Roundabout,Give way sign,60 km/h,Sealed - Dry,Daylight,Curved - view open,Veh'S Adjacent Approach: Thru-Right,Intersection from adjacent approaches,0,2,0,0,2,2,0,0,0,0,0,0
287296,Hospitalisation,2015,8,Fall from vehicle,Single Vehicle,153.029818,-27.467932,Creek St,Eagle St,Brisbane City,Brisbane Central,Intersection - T-Junction,Operating traffic lights,0 - 50 km/h,Sealed - Dry,Daylight,Straight,Veh'S On Path: Car Door,Hit parked vehicle,0,1,0,0,1,1,1,0,0,0,0,0
287310,Medical treatment,2015,16,Angle,Multi-Vehicle,153.062693,-27.4067012,Atthow Pde,Hows Rd,Nundah,Nudgee,Intersection - Cross,Stop sign,0 - 50 km/h,Sealed - Dry,Daylight,Straight,Veh'S Adjacent Approach: Thru-Thru,Intersection from adjacent approaches,0,0,1,0,1,2,0,0,0,0,0,0
287329,Medical treatment,2015,17,Sideswipe,Multi-Vehicle,153.024645,-27.467444,Ann St,,Brisbane City,Brisbane Central,No Roadway Feature,No traffic control,0 - 50 km/h,Sealed - Wet,Daylight,Straight,Veh'S Same Direction: Lane Change Left,Lane changes,0,0,1,0,1,2,0,0,0,0,0,0
287330,Medical treatment,2015,16,Hit pedestrian,Hit pedestrian,153.03888,-27.454552,Ann St,Wandoo St,Fortitude Valley,Brisbane Central,Intersection - T-Junction,Give way sign,0 - 50 km/h,Sealed - Dry,Daylight,Straight,Ped'N: Near Side Vehicle Hit From Right,Pedestrian,0,0,1,0,1,1,0,0,0,0,1,0
287331,Hospitalisation,2015,7,Overturned,Single Vehicle,153.029072,-27.452607,Bowen Bridge Rd,Gregory Tce,Spring Hill,Brisbane Central,Intersection - Cross,Operating traffic lights,60 km/h,Sealed - Dry,Daylight,Straight,Off Path-Straight: Right Turn,Off carriageway on straight,0,1,0,0,1,0,0,1,0,0,0,0
287332,Hospitalisation,2015,22,Sideswipe,Multi-Vehicle,153.03168,-27.460616,Warren St,Wickham St,Fortitude Valley,Brisbane Central,Intersection - T-Junction,No traffic control,60 km/h,Sealed - Dry,Darkness - Lighted,Curved - view open,Veh'S Same Direction: Lane Change Right,Lane changes,0,1,0,0,1,1,1,0,0,0,0,0
287340,Hospitalisation,2015,6,Rear-end,Multi-Vehicle,152.986242,-27.39912,Everton Park - Albany Creek Rd,,Everton Park,Everton,No Roadway Feature,No traffic control,60 km/h,Sealed - Dry,Daylight,Curved - view open,Veh'S Same Direction: Rear End,Rear-end,0,1,0,0,1,1,1,0,0,0,0,0
287365,Medical treatment,2015,18,Hit pedestrian,Hit pedestrian,153.029159,-27.470615,Edward St,Mary St,Brisbane City,Brisbane Central,Intersection - Cross,Operating traffic lights,0 - 50 km/h,Sealed - Dry,Darkness - Lighted,Straight,Ped'N: Near Side Vehicle Hit From Right,Pedestrian,0,0,1,0,1,1,0,0,0,0,1,0
287366,Minor injury,2015,17,Rear-end,Multi-Vehicle,153.024332,-27.466378,Turbot St,,Brisbane City,Brisbane Central,No Roadway Feature,No traffic control,0 - 50 km/h,Sealed - Dry,Daylight,Straight,Veh'S Same Direction: Rear End,Rear-end,0,0,0,4,4,3,0,0,0,0,0,0
287369,Hospitalisation,2015,1,Hit object,Single Vehicle,152.910231,-27.53032,Moggill Sub-Arterial Rd,,Pinjarra Hills,Moggill,No Roadway Feature,No traffic control,70 km/h,Sealed - Dry,Darkness - Lighted,Curved - view open,Off Path-Curve: Off Cway Rt Bend Hit Obj,Off carriageway on curve hit object,0,1,0,0,1,1,0,0,0,0,0,0
287370,Medical treatment,2015,7,Rear-end,Multi-Vehicle,153.0311217,-27.39314812,Gympie Arterial Rd,,Chermside,Nudgee,No Roadway Feature,No traffic control,60 km/h,Sealed - Dry,Daylight,Straight,Veh'S Same Direction: Rear End,Rear-end,0,0,1,0,1,4,0,0,0,0,0,0
287374,Medical treatment,2015,8,Rear-end,Multi-Vehicle,153.032275,-27.405814,Gympie Arterial Rd,Seabrook St,Kedron,Clayfield,No Roadway Feature,No traffic control,60 km/h,Sealed - Wet,Daylight,Straight,Veh'S Same Direction: Lane Change Left,Lane changes,0,0,1,0,1,0,2,0,0,0,0,0
287375,Medical treatment,2015,9,Sideswipe,Multi-Vehicle,153.095207,-27.386944,Gateway Arterial Rd,,Banyo,Clayfield,No Roadway Feature,No traffic control,80 - 90 km/h,Sealed - Wet,Daylight,Curved - view open,Veh'S Same Direction: Lane Change Left,Lane changes,0,0,1,1,2,1,0,1,0,0,0,0
287396,Hospitalisation,2015,6,Rear-end,Multi-Vehicle,153.076112,-27.396878,Nudgee Rd,Toombul Rd,Northgate,Nudgee,Intersection - T-Junction,No traffic control,60 km/h,Sealed - Dry,Daylight,Straight,Veh'S Same Direction: Left Rear,Rear-end,0,1,0,0,1,2,0,0,0,0,0,0
287397,Hospitalisation,2015,20,Head-on,Multi-Vehicle,153.098982,-27.402872,Moreton Dr,,Brisbane Airport,Clayfield,No Roadway Feature,No traffic control,80 - 90 km/h,Sealed - Dry,Darkness - Lighted,Straight,Veh'S Opposite Approach: Head On,Head-on,0,2,1,0,3,1,0,0,1,0,0,0
287398,Medical treatment,2015,6,Rear-end,Multi-Vehicle,152.990502,-27.40575,Everton Park - Albany Creek Rd,,Everton Park,Everton,No Roadway Feature,No traffic control,60 km/h,Sealed - Dry,Daylight,Curved - view open,Veh'S Same Direction: Rear End,Rear-end,0,0,1,0,1,2,0,0,0,0,0,0
287421,Hospitalisation,2015,6,Angle,Multi-Vehicle,153.012784,-27.458703,Hale St,Musgrave Rd,Petrie Terrace,Mount Coot-tha,Intersection - T-Junction,Operating traffic lights,60 km/h,Sealed - Dry,Daylight,Straight,Veh'S Opposite Approach: Thru-Right,Opposing vehicles turning,0,1,0,0,1,2,0,0,0,0,0,0
287422,Hospitalisation,2015,13,Angle,Multi-Vehicle,153.031276,-27.457723,Barry Pde,Gipps St,Fortitude Valley,Brisbane Central,No Roadway Feature,Operating traffic lights,0 - 50 km/h,Sealed - Dry,Daylight,Curved - view open,Veh'S Opposite Approach: Thru-Right,Opposing vehicles turning,0,1,1,0,2,2,0,0,0,0,0,0
287423,Hospitalisation,2015,8,Rear-end,Multi-Vehicle,153.040287,-27.442558,Edmondstone Rd,Thompson St,Bowen Hills,Brisbane Central,Intersection - T-Junction,Give way sign,60 km/h,Sealed - Dry,Daylight,Straight,Veh'S Same Direction: Left Rear,Rear-end,0,1,0,0,1,1,1,0,0,0,0,0
287429,Medical treatment,2015,15,Rear-end,Multi-Vehicle,153.021582,-27.385262,Hamilton Rd,Webster Rd,Chermside West,Stafford,Intersection - Roundabout,Give way sign,60 km/h,Sealed - Dry,Daylight,Straight,Veh'S Same Direction: Rear End,Rear-end,0,0,1,0,1,2,0,0,0,0,0,0
287430,Medical treatment,2015,10,Rear-end,Multi-Vehicle,153.01322,-27.38087,Maundrell Tce,,Chermside West,Aspley,No Roadway Feature,No traffic control,60 km/h,Sealed - Dry,Daylight,Straight,Veh'S Same Direction: Right Rear,Rear-end,0,0,2,0,2,2,0,0,0,0,0,0
287464,Hospitalisation,2015,1,Hit pedestrian,Hit pedestrian,153.031135,-27.465103,Queen St,,Brisbane City,Brisbane Central,No Roadway Feature,No traffic control,0 - 50 km/h,Sealed - Dry,Darkness - Lighted,Curved - view open,Ped'N: Near Side Vehicle Hit From Right,Pedestrian,0,1,0,0,1,1,0,0,0,0,1,0
287465,Hospitalisation,2015,17,Sideswipe,Multi-Vehicle,153.035015,-27.458477,Ann St,Brunswick St,Fortitude Valley,Brisbane Central,Intersection - T-Junction,Operating traffic lights,60 km/h,Sealed - Dry,Daylight,Straight,Veh'S Same Direction: Left Turn S/Swipe,Parallel lanes turning,0,1,0,0,1,1,1,0,0,0,0,0
287468,Minor injury,2015,15,Rear-end,Multi-Vehicle,153.008683,-27.330948,Gympie Rd,Linkfield Connection Rd,Bald Hills,Aspley,Intersection - T-Junction,No traffic control,60 km/h,Sealed - Dry,Daylight,Straight,Veh'S Same Direction: Left Rear,Rear-end,0,0,0,1,1,2,0,0,0,0,0,0
287471,Medical treatment,2015,3,Rear-end,Multi-Vehicle,153.017072,-27.3639,Albany Creek Sub-Arterial Rd,Gympie Arterial Rd,Aspley,Aspley,Intersection - Cross,Operating traffic lights,70 km/h,Sealed - Dry,Darkness - Lighted,Straight,Veh'S Same Direction: Rear End,Rear-end,0,0,2,0,2,2,0,0,0,0,0,0
287475,Medical treatment,2015,20,Angle,Multi-Vehicle,153.06045,-27.403429,Buckland Rd,Sandgate Sub-Arterial Rd,Nundah,Clayfield,Intersection - Cross,Operating traffic lights,0 - 50 km/h,Sealed - Dry,Darkness - Lighted,Straight,Veh'S Opposite Approach: Thru-Right,Opposing vehicles turning,0,0,1,0,1,2,0,0,0,0,0,0
287476,Medical treatment,2015,12,Rear-end,Multi-Vehicle,152.962563,-27.410435,Dawson Pde,,Keperra,Everton,No Roadway Feature,No traffic control,60 km/h,Sealed - Dry,Daylight,Straight,Veh'S Same Direction: Rear End,Rear-end,0,0,1,0,1,2,0,0,0,0,0,0
287501,Hospitalisation,2015,11,Angle,Multi-Vehicle,153.027149,-27.465513,Ann St,Creek St,Brisbane City,Brisbane Central,Intersection - Cross,Operating traffic lights,60 km/h,Sealed - Dry,Daylight,Straight,Veh'S Adjacent Approach: Thru-Thru,Intersection from adjacent approaches,0,1,0,0,1,2,0,0,0,0,0,0
287502,Minor injury,2015,9,Fall from vehicle,Single Vehicle,153.031464,-27.448187,O'Connell Tce,,Bowen Hills,Brisbane Central,No Roadway Feature,No traffic control,60 km/h,Sealed - Dry,Daylight,Straight,Off Path-Straight:Out Of Control On Cway,Out of control on straight,0,0,0,1,1,1,1,0,0,0,0,0
287503,Hospitalisation,2015,2,Hit object,Single Vehicle,152.975426,-27.496173,Moggill Rd,,Indooroopilly,Indooroopilly,Intersection - Roundabout,Operating traffic lights,60 km/h,Sealed - Dry,Darkness - Lighted,Curved - view open,Off Path-Curve: Mounts Traffic Island,Off carriageway on curve hit object,0,1,0,0,1,1,0,0,0,0,0,0
287511,Hospitalisation,2015,17,Angle,Multi-Vehicle,153.071734,-27.4254838,Mein St,,Hendra,Clayfield,No Roadway Feature,No traffic control,0 - 50 km/h,Sealed - Dry,Daylight,Straight,Veh'S Manoeuvring: Leaving Driveway,Vehicle leaving driveway,0,1,1,0,2,2,0,0,0,0,0,0
287531,Medical treatment,2015,0,Angle,Multi-Vehicle,153.01109,-27.468529,Boomerang St,Coronation Dr,Brisbane City,Brisbane Central,Intersection - Cross,Operating traffic lights,60 km/h,Sealed - Dry,Darkness - Lighted,Straight,Veh'S Adjacent Approach: Thru-Thru,Intersection from adjacent approaches,0,0,2,1,3,2,0,0,0,0,0,0
287534,Medical treatment,2015,18,Angle,Multi-Vehicle,152.949324,-27.5072095,Moggill Sub-Arterial Rd,,Kenmore,Moggill,No Roadway Feature,Operating traffic lights,60 km/h,Sealed - Dry,Dawn/Dusk,Straight,Veh'S Opposite Approach: Thru-Right,Opposing vehicles turning,0,0,2,0,2,2,0,0,0,0,0,0
287535,Medical treatment,2015,8,Rear-end,Multi-Vehicle,153.017147,-27.298815,Gympie Arterial Rd,,Bald Hills,Sandgate,No Roadway Feature,No traffic control,100 - 110 km/h,Sealed - Dry,Daylight,Straight,Veh'S Same Direction: Rear End,Rear-end,0,0,1,0,1,2,0,0,0,0,0,0
287551,Medical treatment,2015,17,Hit pedestrian,Hit pedestrian,153.010197,-27.448043,Kelvin Grove Rd,Moy St,Kelvin Grove,Mount Coot-tha,Intersection - T-Junction,Pedestrian operated lights,60 km/h,Sealed - Dry,Daylight,Straight,Ped'N: Far Side Vehicle Hit From Left,Pedestrian,0,0,1,0,1,0,0,0,1,0,1,0
287552,Hospitalisation,2015,22,Angle,Multi-Vehicle,152.975797,-27.500213,Allwood St,Coonan St,Indooroopilly,Indooroopilly,Intersection - Cross,Operating traffic lights,60 km/h,Sealed - Dry,Darkness - Lighted,Straight,Veh'S Opposite Approach: Thru-Right,Opposing vehicles turning,0,1,0,0,1,2,0,0,0,0,0,0
287553,Medical treatment,2015,8,Rear-end,Multi-Vehicle,152.966579,-27.486026,Western Arterial Rd,,Mount Coot-tha,Mount Coot-tha,No Roadway Feature,No traffic control,60 km/h,Sealed - Dry,Daylight,Curved - view open,Veh'S Same Direction: Rear End,Rear-end,0,0,3,0,3,4,0,0,0,0,0,0
287559,Medical treatment,2015,16,Rear-end,Multi-Vehicle,153.059834,-27.345114,Sandgate Sub-Arterial Rd,,Boondall,Nudgee,No Roadway Feature,No traffic control,70 km/h,Sealed - Dry,Daylight,Straight,Veh'S Same Direction: Rear End,Rear-end,0,0,1,0,1,3,0,0,0,0,0,0
287565,Medical treatment,2015,9,Head-on,Multi-Vehicle,152.979051,-27.418033,Gizerah St,,Gaythorne,Ashgrove,No Roadway Feature,No traffic control,0 - 50 km/h,Sealed - Dry,Daylight,Straight,Veh'S Opposite Approach: Head On,Head-on,0,0,2,0,2,2,0,0,0,0,0,0
287566,Medical treatment,2015,9,Rear-end,Multi-Vehicle,153.002759,-27.420584,Raymont Rd,Royal Pde,Alderley,Stafford,Intersection - Cross,No traffic control,60 km/h,Sealed - Dry,Daylight,Straight,Veh'S Same Direction: Right Rear,Rear-end,0,0,1,0,1,2,0,0,0,0,0,0
287567,Medical treatment,2015,18,Rear-end,Multi-Vehicle,152.9932502,-27.42317623,Samford Rd,,Enoggera,Ashgrove,No Roadway Feature,No traffic control,60 km/h,Sealed - Dry,Darkness - Lighted,Straight,Veh'S Same Direction: Rear End,Rear-end,0,0,1,0,1,2,0,0,0,0,0,0
287587,Hospitalisation,2015,11,Head-on,Multi-Vehicle,153.005555,-27.453248,Cochrane St,Musgrave Rd,Red Hill,Mount Coot-tha,No Roadway Feature,No traffic control,60 km/h,Sealed - Dry,Daylight,Curved - view open,Veh'S Opposite Approach: Head On,Head-on,0,3,0,0,3,2,0,0,0,0,0,0
287589,Hospitalisation,2015,18,Angle,Multi-Vehicle,153.02082,-27.448572,Aberleigh Rd,,Herston,Brisbane Central,No Roadway Feature,No traffic control,0 - 50 km/h,Sealed - Dry,Dawn/Dusk,Straight,Veh'S Same Direction: Right Turn S/Swipe,Parallel lanes turning,0,1,0,0,1,1,0,0,0,1,0,0
287591,Medical treatment,2015,6,Angle,Multi-Vehicle,152.91249,-27.493257,Brookfield Rd,,Brookfield,Moggill,No Roadway Feature,No traffic control,60 km/h,Sealed - Dry,Daylight,Straight,Veh'S Manoeuvring: Entering From Footway,Vehicle leaving driveway,0,0,1,0,1,2,0,0,0,0,0,0
287604,Medical treatment,2015,10,Angle,Multi-Vehicle,152.957679,-27.407092,Madsen St,Pearse St,Keperra,Ferny Grove,Intersection - Roundabout,Give way sign,0 - 50 km/h,Sealed - Dry,Daylight,Straight,Veh'S Adjacent Approach: Thru-Thru,Intersection from adjacent approaches,0,0,1,0,1,2,0,0,0,0,0,0
287605,Minor injury,2015,15,Angle,Multi-Vehicle,153.007317,-27.436811,Newmarket Rd,Saleyards La,Newmarket,Stafford,Intersection - T-Junction,No traffic control,60 km/h,Sealed - Dry,Daylight,Straight,Veh'S Opposite Approach: Thru-Right,Opposing vehicles turning,0,0,0,1,1,0,1,0,0,0,0,1
287625,Minor injury,2015,8,Angle,Multi-Vehicle,153.013208,-27.464947,Caxton St,Petrie Tce,Petrie Terrace,Mount Coot-tha,Intersection - T-Junction,Operating traffic lights,60 km/h,Sealed - Dry,Daylight,Straight,Veh'S Overtaking: Overtake-Right Turn,Overtaking same direction,0,0,0,1,1,0,1,0,0,1,0,0
287632,Hospitalisation,2015,11,Angle,Multi-Vehicle,153.0487582,-27.36425409,Invalid Street From Police,,Geebung,Nudgee,No Roadway Feature,No traffic control,60 km/h,Sealed - Dry,Daylight,Straight,Veh'S Manoeuvring: Leaving Driveway,Vehicle leaving driveway,0,1,0,0,1,2,0,0,0,0,0,0
287641,Hospitalisation,2015,10,Fall from vehicle,Single Vehicle,153.042651,-27.431819,Gore St,Sandgate Rd,Albion,Clayfield,Intersection - T-Junction,No traffic control,60 km/h,Sealed - Dry,Daylight,Curved - view open,Pass & Misc: Other,Other,0,1,0,0,1,1,1,0,0,0,0,0
287642,Hospitalisation,2015,19,Angle,Multi-Vehicle,152.924809,-27.409861,Cemetery Rd,Upper Kedron Rd,Ferny Grove,Ferny Grove,Intersection - T-Junction,No traffic control,60 km/h,Sealed - Dry,Darkness - Lighted,Straight,Veh'S Adjacent Approach: Thru-Right,Intersection from adjacent approaches,0,1,0,0,1,1,0,0,0,1,0,0
287674,Medical treatment,2015,7,Rear-end,Multi-Vehicle,152.99112,-27.480533,Croydon St,,Toowong,Mount Coot-tha,No Roadway Feature,No traffic control,60 km/h,Sealed - Dry,Daylight,Straight,Veh'S Same Direction: Rear End,Rear-end,0,0,1,0,1,2,0,0,0,0,0,0
287675,Medical treatment,2015,9,Rear-end,Multi-Vehicle,152.985615,-27.497655,Swann Rd,Whitmore St,Taringa,Indooroopilly,Intersection - T-Junction,No traffic control,60 km/h,Sealed - Dry,Daylight,Straight,Veh'S Same Direction: Rear End,Rear-end,0,0,1,0,1,2,0,0,0,0,0,0
287688,Hospitalisation,2015,7,Rear-end,Multi-Vehicle,153.03406,-27.412314,Gympie Arterial Rd,,Kedron,Clayfield,Intersection - 5+ way,Operating traffic lights,60 km/h,Sealed - Dry,Daylight,Curved - view obscured,Veh'S Same Direction: Rear End,Rear-end,0,1,0,0,1,1,1,0,0,0,0,0
287689,Medical treatment,2015,12,Angle,Multi-Vehicle,153.011733,-27.435359,Newmarket Rd,Wilston Rd,Newmarket,Stafford,Intersection - T-Junction,Operating traffic lights,60 km/h,Sealed - Dry,Daylight,Curved - view open,Veh'S Same Direction: Lane Change Left,Lane changes,0,0,1,0,1,1,1,0,0,0,0,0
287711,Medical treatment,2015,16,Angle,Multi-Vehicle,152.991704,-27.444788,Harry St,Stewart Rd,Ashgrove,Ashgrove,Intersection - Cross,No traffic control,60 km/h,Sealed - Dry,Daylight,Straight,Veh'S Opposite Approach: Thru-Right,Opposing vehicles turning,0,0,2,0,2,2,0,0,0,0,0,0
287713,Medical treatment,2015,14,Angle,Multi-Vehicle,153.023591,-27.472302,Elizabeth St,William St,Brisbane City,Brisbane Central,Intersection - Interchange,Operating traffic lights,0 - 50 km/h,Sealed - Dry,Daylight,Straight,Veh'S Opposite Approach: Thru-Right,Opposing vehicles turning,0,0,1,0,1,2,0,0,0,0,0,0
287714,Medical treatment,2015,10,Angle,Multi-Vehicle,153.050091,-27.460876,Hastings St,Macquarie St,Teneriffe,Brisbane Central,Intersection - T-Junction,No traffic control,60 km/h,Sealed - Dry,Daylight,Straight,Veh'S Opposite Approach: Thru-Right,Opposing vehicles turning,0,0,1,0,1,1,1,0,0,0,0,0
287715,Medical treatment,2015,19,Angle,Multi-Vehicle,153.023952,-27.453462,Inner City Bypass,,Herston,Brisbane Central,No Roadway Feature,No traffic control,70 km/h,Sealed - Wet,Darkness - Lighted,Curved - view open,Veh'S Same Direction: Lane Change Right,Lane changes,0,0,1,0,1,2,0,0,0,0,0,0
287739,Medical treatment,2015,15,Rear-end,Multi-Vehicle,152.962965,-27.502896,Moggill Sub-Arterial Rd,Western Arterial Rd,Indooroopilly,Indooroopilly,Intersection - Interchange,Operating traffic lights,60 km/h,Sealed - Dry,Daylight,Curved - view open,Veh'S Same Direction: Right Rear,Rear-end,0,0,1,0,1,2,0,0,0,0,0,0
287758,Medical treatment,2015,11,Sideswipe,Multi-Vehicle,152.9494575,-27.44492486,Waterworks Rd,,The Gap,Ashgrove,No Roadway Feature,No traffic control,60 km/h,Sealed - Dry,Daylight,Straight,Veh'S Same Direction: Lane Change Right,Lane changes,0,0,1,0,1,1,1,0,0,0,0,0