Crash_Ref_Number,Severity,Year,Hour,Crash_Nature,Crash_Type,Longitude,Latitude,Street,Street_Intersecting,Suburb,Loc_State_Electorate,Crash_Roadway_Feature,Crash_Traffic_Control,Crash_Speed_Limit,Crash_Road_Surface_Condition,Crash_Lighting_Condition,Crash_Road_Horiz_Align,Crash_DCA_Description,Crash_DCA_Group_Description,Count_Casualty_Fatality,Count_Casualty_Hospitalised,Count_Casualty_MedicallyTreated,Count_Casualty_MinorInjury,Count_Casualty_Total,Count_Unit_Car,Count_Unit_Motorcycle_Moped,Count_Unit_Truck,Count_Unit_Bus,Count_Unit_Bicycle,Count_Unit_Pedestrian,Count_Unit_Other
287759,Medical treatment,2015,14,Fall from vehicle,Single Vehicle,153.023338,-27.46976,Adelaide St,,Brisbane City,Brisbane Central,No Roadway Feature,No traffic control,0 - 50 km/h,Sealed - Dry,Daylight,Straight,Pass & Misc: Fell In/From Vehicle,Other,0,0,1,0,1,0,0,0,1,0,0,0
287762,Medical treatment,2015,13,Hit parked vehicle,Single Vehicle,152.9989588,-27.50377084,Hawken Dr,,St Lucia,Indooroopilly,No Roadway Feature,No traffic control,0 - 50 km/h,Sealed - Dry,Daylight,Straight,Veh'S On Path: Parked,Hit parked vehicle,0,0,1,0,1,1,0,1,0,0,0,0
287763,Medical treatment,2015,15,Angle,Multi-Vehicle,153.022661,-27.41123,East - West Arterial Rd,Lennon St,Stafford,Stafford,Intersection - T-Junction,No traffic control,60 km/h,Sealed - Dry,Daylight,Straight,Veh'S Opposite Approach: Thru-Right,Opposing vehicles turning,0,0,1,0,1,0,1,0,1,0,0,0
287764,Minor injury,2015,16,Sideswipe,Multi-Vehicle,152.9850505,-27.38613057,Beckett Rd,Everton Park - Albany Creek Rd,Mcdowall,Everton,Intersection - Roundabout,Give way sign,60 km/h,Sealed - Dry,Daylight,Curved - view open,Veh'S Same Direction: Right Turn S/Swipe,Parallel lanes turning,0,0,0,1,1,2,0,0,0,0,0,0
287790,Hospitalisation,2015,5,Hit object,Single Vehicle,152.98931,-27.43927,Dixon St,Western Arterial Rd,Ashgrove,Ashgrove,Intersection - T-Junction,No traffic control,60 km/h,Sealed - Dry,Daylight,Curved - view open,Veh'S Opposite Approach: Head On,Head-on,0,2,0,0,2,2,0,0,0,0,0,0
287791,Medical treatment,2015,16,Rear-end,Multi-Vehicle,152.986494,-27.490118,Moggill Rd,,Taringa,Mount Coot-tha,No Roadway Feature,No traffic control,60 km/h,Sealed - Wet,Daylight,Straight,Veh'S Same Direction: Rear End,Rear-end,0,0,1,0,1,2,0,0,0,0,0,0
287794,Medical treatment,2015,9,Angle,Multi-Vehicle,153.043945,-27.355849,Duffy St,,Zillmere,Nudgee,No Roadway Feature,No traffic control,0 - 50 km/h,Sealed - Dry,Daylight,Straight,Veh'S Opposite Approach: Thru-Right,Opposing vehicles turning,0,0,1,0,1,1,1,0,0,0,0,0
287807,Hospitalisation,2015,9,Hit pedestrian,Hit pedestrian,153.059956,-27.40778,Sandgate Sub-Arterial Rd,Union St,Nundah,Nudgee,Intersection - T-Junction,Pedestrian crossing sign,0 - 50 km/h,Sealed - Dry,Daylight,Straight,Ped'N: Near Side Vehicle Hit From Right,Pedestrian,0,1,0,0,1,1,0,0,0,0,1,0
287808,Medical treatment,2015,14,Angle,Multi-Vehicle,153.002759,-27.420584,Raymont Rd,Royal Pde,Alderley,Stafford,Intersection - Cross,Give way sign,60 km/h,Sealed - Dry,Daylight,Straight,Veh'S Adjacent Approach: Thru-Right,Intersection from adjacent approaches,0,0,2,0,2,1,0,0,1,0,0,0
287837,Medical treatment,2015,14,Hit pedestrian,Hit pedestrian,153.060349,-27.401682,Station St,,Nundah,Clayfield,No Roadway Feature,No traffic control,0 - 50 km/h,Sealed - Wet,Daylight,Straight,Ped'N: Near Side Vehicle Hit From Right,Pedestrian,0,0,1,0,1,1,0,0,0,0,1,0
287838,Hospitalisation,2015,19,Angle,Multi-Vehicle,153.047282,-27.388325,Hamilton Rd,Spence Rd,Wavell Heights,Nudgee,Intersection - T-Junction,No traffic control,60 km/h,Sealed - Wet,Darkness - Lighted,Curved - view open,Veh'S Adjacant Approach: Thru-Left,Intersection from adjacent approaches,0,1,0,0,1,0,0,0,1,1,0,0
287839,Medical treatment,2015,15,Rear-end,Multi-Vehicle,153.031348,-27.436116,Lutwyche Rd,,Windsor,Brisbane Central,No Roadway Feature,No traffic control,60 km/h,Sealed - Wet,Daylight,Straight,Veh'S Same Direction: Lane Side Swipe,Lane changes,0,0,1,0,1,1,0,0,0,0,0,1
287840,Medical treatment,2015,7,Rear-end,Multi-Vehicle,153.0472686,-27.40637133,Shaw Rd,,Wavell Heights,Clayfield,No Roadway Feature,No traffic control,60 km/h,Sealed - Dry,Daylight,Straight,Veh'S Same Direction: Rear End,Rear-end,0,0,1,0,1,3,0,0,0,0,0,0
287841,Hospitalisation,2015,19,Fall from vehicle,Single Vehicle,152.999436,-27.419902,Raymont Rd,Sicklefield Rd,Enoggera,Ashgrove,Intersection - T-Junction,No traffic control,60 km/h,Sealed - Wet,Dawn/Dusk,Straight,Off Path-Straight:Out Of Control On Cway,Out of control on straight,0,1,0,0,1,1,1,0,0,0,0,0
287865,Medical treatment,2015,15,Rear-end,Multi-Vehicle,152.990029,-27.478104,Milton Rd,,Toowong,Mount Coot-tha,No Roadway Feature,No traffic control,60 km/h,Sealed - Dry,Daylight,Straight,Veh'S Same Direction: Rear End,Rear-end,0,0,1,0,1,3,0,0,0,0,0,0
287867,Medical treatment,2015,7,Rear-end,Multi-Vehicle,153.021908,-27.384564,Hamilton Rd,Webster Rd,Chermside,Stafford,Intersection - Roundabout,Give way sign,60 km/h,Sealed - Dry,Daylight,Straight,Veh'S Same Direction: Left Rear,Rear-end,0,0,1,0,1,2,0,0,0,0,0,0
287874,Medical treatment,2015,8,Angle,Multi-Vehicle,153.042638,-27.42185,Bridge St,Fraser St,Wooloowin,Clayfield,Intersection - Cross,Stop sign,0 - 50 km/h,Sealed - Wet,Daylight,Straight,Veh'S Adjacent Approach: Thru-Thru,Intersection from adjacent approaches,0,0,1,0,1,1,1,0,0,0,0,0
287875,Hospitalisation,2015,20,Angle,Multi-Vehicle,153.034051,-27.421379,Chalk St,Lutwyche Rd,Lutwyche,Clayfield,Intersection - T-Junction,Operating traffic lights,60 km/h,Sealed - Dry,Darkness - Lighted,Straight,Veh'S Opposite Approach: Thru-Right,Opposing vehicles turning,0,1,0,0,1,2,0,0,0,0,0,0
287876,Medical treatment,2015,13,Angle,Multi-Vehicle,153.031536,-27.435277,Legeyt St,Lutwyche Rd,Windsor,Brisbane Central,Intersection - Cross,Operating traffic lights,60 km/h,Sealed - Wet,Daylight,Straight,Veh'S Adjacent Approach: Thru-Thru,Intersection from adjacent approaches,0,0,2,0,2,2,0,0,0,0,0,0
287903,Hospitalisation,2015,23,Hit object,Single Vehicle,153.0000484,-27.40805961,East - West Arterial Rd,,Stafford,Stafford,No Roadway Feature,No traffic control,60 km/h,Sealed - Dry,Darkness - Lighted,Curved - view open,Off Path-Curve: Off Cway Rt Bend Hit Obj,Off carriageway on curve hit object,0,1,0,0,1,1,0,0,0,0,0,0
287932,Minor injury,2015,1,Hit pedestrian,Hit pedestrian,153.035015,-27.458477,Ann St,Brunswick St,Fortitude Valley,Brisbane Central,Intersection - T-Junction,Operating traffic lights,0 - 50 km/h,Sealed - Dry,Darkness - Lighted,Straight,Ped'N: Hit While Boarding/Alighting,Pedestrian,0,0,0,1,1,1,0,0,0,0,1,0
287934,Hospitalisation,2015,11,Angle,Multi-Vehicle,153.023602,-27.372494,Ellison Rd,Webster Rd,Aspley,Aspley,Intersection - T-Junction,Give way sign,60 km/h,Sealed - Dry,Daylight,Straight,Veh'S Adjacent Approach: Thru-Right,Intersection from adjacent approaches,0,1,0,1,2,2,0,0,0,0,0,0
287941,Hospitalisation,2015,19,Hit pedestrian,Hit pedestrian,153.059751,-27.435087,Eldernell Tce,Windermere Rd,Hamilton,Clayfield,No Roadway Feature,No traffic control,0 - 50 km/h,Sealed - Dry,Darkness - Not lighted,Straight,Ped'N: Far Side Vehicle Hit From Left,Pedestrian,0,1,0,0,1,1,0,0,0,0,1,0
287942,Hospitalisation,2015,8,Angle,Multi-Vehicle,153.0655548,-27.43898389,Harbour Rd,Kingsford Smith Dr,Hamilton,Clayfield,Intersection - T-Junction,Operating traffic lights,60 km/h,Sealed - Dry,Darkness - Lighted,Straight,Veh'S Opposite Approach: Thru-Right,Opposing vehicles turning,0,1,0,0,1,1,1,0,0,0,0,0
287943,Hospitalisation,2015,9,Sideswipe,Multi-Vehicle,153.0340758,-27.41283053,Gympie Arterial Rd,,Kedron,Clayfield,No Roadway Feature,No traffic control,60 km/h,Sealed - Dry,Daylight,Straight,Veh'S Same Direction: Lane Side Swipe,Lane changes,0,2,0,1,3,1,1,1,0,0,0,0
287965,Hospitalisation,2015,13,Hit parked vehicle,Single Vehicle,153.021242,-27.30539,Sirocco Pl,,Bald Hills,Sandgate,No Roadway Feature,No traffic control,0 - 50 km/h,Sealed - Dry,Daylight,Straight,Veh'S Manoeuvring: Other,Other,0,1,0,0,1,3,0,0,0,0,0,0
287973,Medical treatment,2015,13,Angle,Multi-Vehicle,153.062671,-27.415407,Gellibrand St,Widdop St,Clayfield,Clayfield,Intersection - Roundabout,Give way sign,0 - 50 km/h,Sealed - Dry,Daylight,Straight,Veh'S Adjacent Approach: Thru-Thru,Intersection from adjacent approaches,0,0,1,0,1,1,1,0,0,0,0,0
287994,Medical treatment,2015,16,Sideswipe,Multi-Vehicle,153.031242,-27.392586,Gympie Arterial Rd,Pilba St,Chermside,Nudgee,Intersection - T-Junction,No traffic control,60 km/h,Sealed - Dry,Daylight,Straight,Veh'S Same Direction: Lane Change Right,Lane changes,0,0,1,0,1,1,1,0,0,0,0,0
287995,Hospitalisation,2015,6,Hit parked vehicle,Single Vehicle,152.9818174,-27.37845228,Hamilton Rd,,Mcdowall,Aspley,No Roadway Feature,No traffic control,60 km/h,Sealed - Dry,Daylight,Straight,Veh'S On Path: Parked,Hit parked vehicle,0,1,0,0,1,0,0,0,0,1,0,1
288003,Medical treatment,2015,17,Hit object,Single Vehicle,152.9923771,-27.41629205,Laurel St,,Enoggera,Ashgrove,No Roadway Feature,No traffic control,60 km/h,Sealed - Dry,Dawn/Dusk,Straight,Pass & Misc: Other,Other,0,0,1,0,1,0,1,0,0,0,0,0
288004,Medical treatment,2015,6,Rear-end,Multi-Vehicle,152.9802286,-27.4017807,Pullen Rd,,Everton Park,Everton,No Roadway Feature,No traffic control,60 km/h,Sealed - Dry,Daylight,Straight,Veh'S Same Direction: Rear End,Rear-end,0,0,1,0,1,3,0,0,0,0,0,0
288024,Medical treatment,2015,10,Angle,Multi-Vehicle,152.943846,-27.445337,Illowra St,Riaweena St,The Gap,Ashgrove,Intersection - Cross,Give way sign,0 - 50 km/h,Sealed - Dry,Daylight,Straight,Veh'S Adjacent Approach: Thru-Right,Intersection from adjacent approaches,0,0,1,0,1,2,0,0,0,0,0,0
288025,Medical treatment,2015,20,Hit pedestrian,Hit pedestrian,153.040944,-27.457555,James St,,Fortitude Valley,Brisbane Central,No Roadway Feature,No traffic control,0 - 50 km/h,Sealed - Wet,Darkness - Lighted,Straight,Ped'N: Near Side Vehicle Hit From Right,Pedestrian,0,0,1,0,1,1,0,0,0,0,1,0
288029,Fatal,2015,11,Fall from vehicle,Single Vehicle,152.956129,-27.463538,Sir Samuel Griffith Dr,,Mount Coot-tha,Mount Coot-tha,No Roadway Feature,No traffic control,0 - 50 km/h,Sealed - Dry,Daylight,Curved - view obscured,Off Path-Curve: Out Of Control On Cway,Out of control on curve,1,0,0,0,1,0,1,0,0,0,0,0
288030,Minor injury,2015,16,Sideswipe,Multi-Vehicle,152.992033,-27.486285,High St,,Toowong,Mount Coot-tha,No Roadway Feature,No traffic control,60 km/h,Sealed - Dry,Daylight,Curved - view obscured,Veh'S Same Direction: Lane Change Right,Lane changes,0,0,0,1,1,1,0,1,0,0,0,0
288031,Medical treatment,2015,8,Head-on,Multi-Vehicle,152.89759,-27.544088,Pinjarra Rd,Vyner St,Pinjarra Hills,Moggill,Intersection - T-Junction,Stop sign,60 km/h,Sealed - Dry,Daylight,Curved - view open,Veh'S Adjacent Approach: Left-Right,Intersection from adjacent approaches,0,0,1,0,1,1,1,0,0,0,0,0
288032,Hospitalisation,2015,18,Angle,Multi-Vehicle,153.059591,-27.353229,Beams Rd,Jalomy St,Boondall,Nudgee,Intersection - T-Junction,Give way sign,60 km/h,Sealed - Dry,Darkness - Lighted,Straight,Veh'S Adjacent Approach: Thru-Right,Intersection from adjacent approaches,0,1,1,0,2,2,0,0,1,0,0,0
288033,Hospitalisation,2015,21,Rear-end,Multi-Vehicle,153.029422,-27.379051,Gympie Arterial Rd,Murphy Rd,Chermside,Aspley,Intersection - T-Junction,Operating traffic lights,60 km/h,Sealed - Dry,Darkness - Lighted,Curved - view open,Veh'S Same Direction: Rear End,Rear-end,0,1,0,0,1,2,0,0,0,0,0,0
288039,Medical treatment,2015,8,Fall from vehicle,Single Vehicle,152.955722,-27.407931,Dash St,Duggan St,Keperra,Ferny Grove,Intersection - T-Junction,No traffic control,0 - 50 km/h,Sealed - Dry,Daylight,Straight,Off Path-Straight:Out Of Control On Cway,Out of control on straight,0,0,0,0,0,0,0,0,0,1,0,0
288061,Medical treatment,2015,14,Angle,Multi-Vehicle,153.0244631,-27.46087344,Boundary St,Water St,Spring Hill,Brisbane Central,Intersection - Cross,Operating traffic lights,60 km/h,Sealed - Dry,Daylight,Straight,Veh'S Adjacent Approach: Thru-Thru,Intersection from adjacent approaches,0,0,1,0,1,2,0,0,0,0,0,0
288062,Medical treatment,2015,13,Angle,Multi-Vehicle,153.046212,-27.299819,Lascelles St,,Brighton,Sandgate,No Roadway Feature,No traffic control,60 km/h,Sealed - Dry,Daylight,Curved - view obscured,Veh'S Manoeuvring: Entering From Footway,Vehicle leaving driveway,0,0,1,0,1,2,0,0,0,0,0,0
288065,Hospitalisation,2015,9,Rear-end,Multi-Vehicle,153.062559,-27.374188,Sandgate Sub-Arterial Rd,,Virginia,Nudgee,No Roadway Feature,No traffic control,60 km/h,Sealed - Dry,Daylight,Straight,Veh'S Same Direction: Rear End,Rear-end,0,1,0,0,1,2,0,0,0,0,0,0
288066,Medical treatment,2015,1,Hit object,Single Vehicle,153.033331,-27.339929,Odense St,Roghan Rd,Fitzgibbon,Sandgate,Intersection - T-Junction,No traffic control,60 km/h,Sealed - Dry,Darkness - Lighted,Straight,Off Path-Straight: Left Off Cway Hit Obj,Off carriageway on straight hit object,0,0,1,0,1,0,0,0,1,0,0,0
288071,Medical treatment,2015,20,Rear-end,Multi-Vehicle,153.054232,-27.419596,Bayview Tce,Sandgate Rd,Clayfield,Clayfield,Intersection - Cross,Operating traffic lights,60 km/h,Sealed - Dry,Dawn/Dusk,Straight,Veh'S Same Direction: Rear End,Rear-end,0,0,1,0,1,1,1,0,0,0,0,0
288072,Medical treatment,2015,13,Hit parked vehicle,Single Vehicle,153.050145,-27.396369,Rode Rd,,Wavell Heights,Clayfield,No Roadway Feature,No traffic control,60 km/h,Sealed - Dry,Daylight,Straight,Veh'S On Path: Parked,Hit parked vehicle,0,0,2,0,2,3,0,0,0,0,0,0
288094,Medical treatment,2015,17,Rear-end,Multi-Vehicle,153.012548,-27.32673,Gympie Arterial Rd,,Bald Hills,Aspley,No Roadway Feature,No traffic control,100 - 110 km/h,Sealed - Dry,Daylight,Straight,Veh'S Same Direction: Rear End,Rear-end,0,0,1,0,1,3,0,0,0,0,0,0
288098,Medical treatment,2015,13,Rear-end,Multi-Vehicle,153.0044617,-27.3512628,Ridley Rd,,Bridgeman Downs,Aspley,No Roadway Feature,No traffic control,0 - 50 km/h,Sealed - Dry,Daylight,Straight,Veh'S Same Direction: Rear End,Rear-end,0,0,1,0,1,3,0,0,0,0,0,0
288099,Hospitalisation,2015,20,Rear-end,Multi-Vehicle,153.02531,-27.392564,Rode Rd,,Chermside,Stafford,No Roadway Feature,No traffic control,60 km/h,Sealed - Dry,Darkness - Lighted,Straight,Veh'S Same Direction: Right Rear,Rear-end,0,1,1,0,2,1,0,0,1,0,0,0
288100,Medical treatment,2015,8,Hit pedestrian,Hit pedestrian,153.031335,-27.389797,Gympie Arterial Rd,Wallace St,Chermside,Stafford,Intersection - Cross,Operating traffic lights,60 km/h,Sealed - Dry,Daylight,Straight,Ped'N: Far Side Vehicle Hit From Left,Pedestrian,0,0,1,0,1,1,0,0,0,0,1,0
288101,Medical treatment,2015,19,Angle,Multi-Vehicle,153.032144,-27.378354,Kittyhawk Dr,Murphy Rd,Chermside,Nudgee,Intersection - T-Junction,Operating traffic lights,60 km/h,Sealed - Dry,Darkness - Lighted,Curved - view open,Veh'S Opposite Approach: Thru-Right,Opposing vehicles turning,0,0,1,1,2,2,0,0,0,0,0,0
288105,Hospitalisation,2015,21,Angle,Multi-Vehicle,152.974061,-27.413333,Blackwood St,Samford Sub-Arterial Rd,Mitchelton,Everton,Intersection - Cross,Operating traffic lights,60 km/h,Sealed - Wet,Darkness - Lighted,Straight,Veh'S Adjacent Approach: Right-Thru,Intersection from adjacent approaches,0,1,0,0,1,2,0,0,0,0,0,0
288106,Medical treatment,2015,7,Rear-end,Multi-Vehicle,153.007317,-27.436811,Newmarket Rd,Saleyards La,Newmarket,Stafford,Intersection - T-Junction,No traffic control,60 km/h,Sealed - Dry,Daylight,Straight,Veh'S Same Direction: Left Rear,Rear-end,0,0,1,0,1,1,1,0,0,0,0,0
288166,Medical treatment,2015,11,Rear-end,Multi-Vehicle,153.015572,-27.463959,Countess St,Secombe St,Petrie Terrace,Brisbane Central,Intersection - T-Junction,Operating traffic lights,60 km/h,Sealed - Dry,Daylight,Straight,Veh'S Same Direction: Other,Other,0,0,1,0,1,2,0,0,0,0,0,0
288174,Medical treatment,2015,13,Sideswipe,Multi-Vehicle,153.0480859,-27.44095488,Hunt St,Kingsford Smith Dr,Hamilton,Clayfield,Intersection - T-Junction,No traffic control,60 km/h,Sealed - Dry,Daylight,Curved - view open,Veh'S Same Direction: Lane Change Left,Lane changes,0,0,1,1,2,2,0,0,0,0,0,0
288204,Hospitalisation,2015,11,Fall from vehicle,Single Vehicle,153.021069,-27.470253,South East Arterial Rd,,Brisbane City,Brisbane Central,Intersection - Interchange,No traffic control,0 - 50 km/h,Sealed - Wet,Daylight,Curved - view open,Pass & Misc: Fell In/From Vehicle,Other,0,1,0,0,1,1,0,0,0,0,0,0
288209,Medical treatment,2015,16,Angle,Multi-Vehicle,153.073868,-27.418323,Bulli St,Nudgee Rd,Hendra,Clayfield,Intersection - T-Junction,No traffic control,0 - 50 km/h,Sealed - Dry,Daylight,Straight,Veh'S Opposite Approach: Thru-Right,Opposing vehicles turning,0,0,1,0,1,2,0,0,0,0,0,0
288210,Medical treatment,2015,18,Rear-end,Multi-Vehicle,153.033996,-27.412783,Gympie Arterial Rd,,Kedron,Clayfield,No Roadway Feature,No traffic control,60 km/h,Sealed - Dry,Dawn/Dusk,Curved - view open,Veh'S Same Direction: Rear End,Rear-end,0,0,1,0,1,2,0,0,0,0,0,0
288229,Medical treatment,2015,16,Sideswipe,Multi-Vehicle,152.974648,-27.497374,Coonan St,Moggill Rd,Indooroopilly,Indooroopilly,Intersection - Roundabout,Give way sign,60 km/h,Sealed - Dry,Daylight,Curved - view open,Veh'S Same Direction: Right Turn S/Swipe,Parallel lanes turning,0,0,1,0,1,2,0,0,0,0,0,0
288230,Medical treatment,2015,8,Rear-end,Multi-Vehicle,153.0164041,-27.30137766,Gympie Arterial Rd,,Bald Hills,Sandgate,No Roadway Feature,No traffic control,100 - 110 km/h,Sealed - Dry,Daylight,Straight,Veh'S Same Direction: Rear End,Rear-end,0,0,1,0,1,4,0,0,0,0,0,0
288232,Hospitalisation,2015,8,Angle,Multi-Vehicle,153.041559,-27.341078,Handford Rd,Roghan Rd,Taigum,Sandgate,Intersection - Cross,Operating traffic lights,60 km/h,Sealed - Dry,Daylight,Straight,Veh'S Adjacent Approach: Thru-Thru,Intersection from adjacent approaches,0,1,0,0,1,2,0,0,0,0,0,0
288259,Medical treatment,2015,6,Sideswipe,Multi-Vehicle,153.029545,-27.464934,Adelaide St,Wharf St,Brisbane City,Brisbane Central,No Roadway Feature,Operating traffic lights,0 - 50 km/h,Sealed - Dry,Daylight,Straight,Veh'S Same Direction: Right Turn S/Swipe,Parallel lanes turning,0,0,1,0,1,1,0,0,0,1,0,0
288260,Medical treatment,2015,16,Rear-end,Multi-Vehicle,153.0226749,-27.46739841,Roma St,,Brisbane City,Brisbane Central,Intersection - Interchange,No traffic control,60 km/h,Sealed - Dry,Daylight,Straight,Veh'S Same Direction: Left Rear,Rear-end,0,0,1,0,1,3,0,0,0,0,0,0
288283,Hospitalisation,2015,17,Rear-end,Multi-Vehicle,153.038734,-27.311911,Gateway Arterial Rd,,Bracken Ridge,Sandgate,No Roadway Feature,No traffic control,100 - 110 km/h,Sealed - Dry,Daylight,Straight,Veh'S Same Direction: Rear End,Rear-end,0,1,1,0,2,2,0,0,0,0,0,0
288291,Medical treatment,2015,9,Rear-end,Multi-Vehicle,153.048972,-27.396118,Rode Rd,Shaw Rd,Wavell Heights,Clayfield,Intersection - T-Junction,No traffic control,60 km/h,Sealed - Dry,Daylight,Straight,Veh'S Same Direction: Left Rear,Rear-end,0,0,1,0,1,2,0,0,0,0,0,0
288312,Minor injury,2015,9,Rear-end,Multi-Vehicle,153.030146,-27.454615,Brunswick St,,Fortitude Valley,Brisbane Central,No Roadway Feature,No traffic control,0 - 50 km/h,Sealed - Dry,Daylight,Straight,Veh'S Same Direction: Rear End,Rear-end,0,0,0,1,1,1,0,0,0,0,0,1
288313,Medical treatment,2015,17,Sideswipe,Multi-Vehicle,152.978158,-27.503761,Central Ave,Lambert Rd,Indooroopilly,Indooroopilly,Intersection - T-Junction,No traffic control,0 - 50 km/h,Sealed - Dry,Daylight,Straight,Veh'S Same Direction: Left Turn S/Swipe,Parallel lanes turning,0,0,1,0,1,1,1,0,0,0,0,0
288314,Medical treatment,2015,20,Sideswipe,Multi-Vehicle,153.029789,-27.399683,Glentanna St,Kitchener Rd,Kedron,Stafford,Intersection - T-Junction,No traffic control,60 km/h,Sealed - Dry,Darkness - Lighted,Straight,Veh'S Same Direction: Right Turn S/Swipe,Parallel lanes turning,0,0,1,0,1,2,0,0,0,0,0,0
288317,Hospitalisation,2015,14,Rear-end,Multi-Vehicle,153.03084,-27.385571,Gympie Arterial Rd,,Chermside,Nudgee,No Roadway Feature,No traffic control,60 km/h,Sealed - Dry,Daylight,Straight,Veh'S Same Direction: Right Rear,Rear-end,0,1,0,0,1,0,1,1,0,0,0,0
288318,Medical treatment,2015,19,Rear-end,Multi-Vehicle,153.06072,-27.353351,Sandgate Sub-Arterial Rd,Stanworth Rd,Boondall,Nudgee,Intersection - T-Junction,Give way sign,70 km/h,Sealed - Dry,Darkness - Lighted,Curved - view open,Veh'S Same Direction: Left Rear,Rear-end,0,0,2,0,2,2,0,0,0,0,0,0
288321,Medical treatment,2015,17,Rear-end,Multi-Vehicle,153.0910486,-27.35754082,Gateway Arterial Rd,,Nudgee Beach,Nudgee,No Roadway Feature,No traffic control,80 - 90 km/h,Sealed - Dry,Daylight,Curved - view open,Veh'S Same Direction: Rear End,Rear-end,0,0,1,0,1,2,0,0,0,0,0,0
288337,Hospitalisation,2015,16,Rear-end,Multi-Vehicle,152.983313,-27.459722,Greer St,Simpsons Rd,Bardon,Mount Coot-tha,Intersection - T-Junction,Stop sign,0 - 50 km/h,Sealed - Dry,Daylight,Curved - view open,Veh'S Same Direction: Right Rear,Rear-end,0,1,0,0,1,2,0,0,0,0,0,0
288338,Medical treatment,2015,8,Rear-end,Multi-Vehicle,152.943667,-27.439354,Settlement Rd,,The Gap,Ashgrove,No Roadway Feature,No traffic control,60 km/h,Sealed - Dry,Daylight,Straight,Veh'S Same Direction: Rear End,Rear-end,0,0,1,0,1,3,0,0,0,0,0,0
288343,Medical treatment,2015,15,Angle,Multi-Vehicle,153.033433,-27.386303,Charlotte St,Hamilton Rd,Chermside,Nudgee,Intersection - T-Junction,Operating traffic lights,60 km/h,Sealed - Dry,Daylight,Straight,Veh'S Manoeuvring: Leaving Driveway,Vehicle leaving driveway,0,0,1,0,1,2,0,0,0,0,0,0
288375,Medical treatment,2015,10,Hit object,Single Vehicle,152.979924,-27.462544,Boundary Rd,Simpsons Rd,Bardon,Mount Coot-tha,Intersection - T-Junction,No traffic control,0 - 50 km/h,Sealed - Wet,Daylight,Curved - view obscured,Off Path-Curve: Off Cway Rt Bend Hit Obj,Off carriageway on curve hit object,0,0,1,0,1,1,0,0,0,0,0,0
288383,Medical treatment,2015,19,Hit object,Single Vehicle,153.0333561,-27.42505222,Lutwyche Rd,,Lutwyche,Stafford,No Roadway Feature,No traffic control,60 km/h,Sealed - Wet,Darkness - Lighted,Curved - view open,Off Path-Curve: Off Cway Rt Bend Hit Obj,Off carriageway on curve hit object,0,0,1,0,1,1,0,0,0,0,0,0
288401,Minor injury,2015,12,Rear-end,Multi-Vehicle,152.99967,-27.448164,Mossvale St,Waterworks Rd,Ashgrove,Ashgrove,Intersection - T-Junction,No traffic control,60 km/h,Sealed - Dry,Daylight,Curved - view open,Veh'S Same Direction: Right Rear,Rear-end,0,0,0,2,2,2,0,0,0,0,0,0
288403,Medical treatment,2015,17,Rear-end,Multi-Vehicle,152.951536,-27.494955,Chapel Hill Rd,Fleming Rd,Chapel Hill,Moggill,Intersection - T-Junction,Stop sign,0 - 50 km/h,Sealed - Dry,Dawn/Dusk,Straight,Veh'S Same Direction: Rear End,Rear-end,0,0,1,0,1,1,1,0,0,0,0,0
288405,Fatal,2015,11,Hit object,Single Vehicle,153.021451,-27.303763,Gateway Arterial Rd,,Bald Hills,Sandgate,No Roadway Feature,No traffic control,100 - 110 km/h,Sealed - Dry,Daylight,Straight,Off Path-Straight: Left Off Cway Hit Obj,Off carriageway on straight hit object,1,0,0,0,1,0,1,0,0,0,0,0
288421,Hospitalisation,2015,18,Angle,Multi-Vehicle,152.988004,-27.43863,Frasers Rd,Western Arterial Rd,Ashgrove,Ashgrove,Intersection - T-Junction,Operating traffic lights,60 km/h,Sealed - Dry,Darkness - Lighted,Curved - view open,Veh'S Opposite Approach: Thru-Right,Opposing vehicles turning,0,1,0,0,1,2,0,0,0,0,0,0
288423,Medical treatment,2015,21,Hit parked vehicle,Single Vehicle,153.007337,-27.462324,Campbell St,,Paddington,Mount Coot-tha,No Roadway Feature,No traffic control,0 - 50 km/h,Sealed - Dry,Darkness - Lighted,Straight,Veh'S On Path: Parked,Hit parked vehicle,0,0,1,0,1,2,0,0,0,0,0,0
288424,Minor injury,2015,17,Rear-end,Multi-Vehicle,153.036708,-27.4563,Constance St,,Fortitude Valley,Brisbane Central,No Roadway Feature,No traffic control,0 - 50 km/h,Sealed - Dry,Daylight,Straight,Veh'S Same Direction: Rear End,Rear-end,0,0,0,1,1,3,0,0,0,0,0,0
288425,Hospitalisation,2015,10,Angle,Multi-Vehicle,153.025269,-27.44959,Bramston Tce,Herston Rd,Herston,Brisbane Central,Intersection - T-Junction,Operating traffic lights,60 km/h,Sealed - Dry,Daylight,Straight,Veh'S Opposite Approach: Thru-Right,Opposing vehicles turning,0,1,1,0,2,1,1,0,0,0,0,0
288432,Hospitalisation,2015,15,Rear-end,Multi-Vehicle,153.005125,-27.431472,Enoggera Rd,Garden Tce,Newmarket,Stafford,Intersection - T-Junction,No traffic control,60 km/h,Sealed - Dry,Daylight,Curved - view open,Veh'S Same Direction: Rear End,Rear-end,0,1,0,0,1,1,1,0,0,0,0,0