Crash_Ref_Number,Severity,Year,Hour,Crash_Nature,Crash_Type,Longitude,Latitude,Street,Street_Intersecting,Suburb,Loc_State_Electorate,Crash_Roadway_Feature,Crash_Traffic_Control,Crash_Speed_Limit,Crash_Road_Surface_Condition,Crash_Lighting_Condition,Crash_Road_Horiz_Align,Crash_DCA_Description,Crash_DCA_Group_Description,Count_Casualty_Fatality,Count_Casualty_Hospitalised,Count_Casualty_MedicallyTreated,Count_Casualty_MinorInjury,Count_Casualty_Total,Count_Unit_Car,Count_Unit_Motorcycle_Moped,Count_Unit_Truck,Count_Unit_Bus,Count_Unit_Bicycle,Count_Unit_Pedestrian,Count_Unit_Other
288453,Hospitalisation,2015,18,Angle,Multi-Vehicle,153.0349819,-27.44865702,Hamilton Pl,O'Connell Tce,Bowen Hills,Brisbane Central,Intersection - T-Junction,Operating traffic lights,60 km/h,Sealed - Dry,Dawn/Dusk,Straight,Veh'S Opposite Approach: Thru-Right,Opposing vehicles turning,0,1,0,0,1,1,0,0,0,1,0,0
288455,Hospitalisation,2015,14,Hit parked vehicle,Single Vehicle,153.060137,-27.355947,Floramy St,,Boondall,Nudgee,No Roadway Feature,No traffic control,60 km/h,Sealed - Dry,Daylight,Straight,Veh'S On Path: Parked,Hit parked vehicle,0,1,0,0,1,2,0,0,0,0,0,0
288456,Medical treatment,2015,13,Rear-end,Multi-Vehicle,153.036808,-27.366822,Murphy Rd,Robinson Rd W,Geebung,Nudgee,Intersection - Cross,Operating traffic lights,60 km/h,Sealed - Dry,Daylight,Straight,Veh'S Same Direction: Rear End,Rear-end,0,0,1,0,1,3,0,0,0,0,0,0
288457,Hospitalisation,2015,14,Sideswipe,Multi-Vehicle,153.029777,-27.380649,Gympie Arterial Rd,,Chermside,Nudgee,No Roadway Feature,No traffic control,60 km/h,Sealed - Dry,Daylight,Straight,Veh'S Same Direction: Lane Change Left,Lane changes,0,1,0,0,1,1,0,1,0,0,0,0
288461,Hospitalisation,2015,10,Hit object,Single Vehicle,153.111127,-27.39084,Moreton Dr,,Brisbane Airport,Clayfield,No Roadway Feature,No traffic control,80 - 90 km/h,Sealed - Dry,Daylight,Curved - view open,Off Path-Curve: Off Cway Lt Bend Hit Obj,Off carriageway on curve hit object,0,1,0,0,1,1,0,0,0,0,0,0
288480,Hospitalisation,2015,15,Fall from vehicle,Single Vehicle,153.0250692,-27.4663974,Edward St,,Brisbane City,Brisbane Central,No Roadway Feature,No traffic control,0 - 50 km/h,Sealed - Dry,Daylight,Curved - view open,Veh'S Same Direction: Right Rear,Rear-end,0,1,0,0,1,1,1,0,0,0,0,0
288481,Medical treatment,2015,18,Rear-end,Multi-Vehicle,153.021919,-27.471585,South East Arterial Rd,,Brisbane City,Brisbane Central,No Roadway Feature,No traffic control,60 km/h,Sealed - Dry,Dawn/Dusk,Straight,Veh'S Same Direction: Rear End,Rear-end,0,0,1,0,1,2,0,0,0,0,0,0
288482,Medical treatment,2015,7,Angle,Multi-Vehicle,153.029701,-27.44532,Bowen Bridge Rd,,Herston,Brisbane Central,No Roadway Feature,No traffic control,0 - 50 km/h,Sealed - Dry,Daylight,Straight,Veh'S Manoeuvring: Other,Other,0,0,1,0,1,1,0,0,0,1,0,0
288483,Medical treatment,2015,8,Rear-end,Multi-Vehicle,152.963794,-27.500244,Russell Tce,,Indooroopilly,Indooroopilly,No Roadway Feature,No traffic control,0 - 50 km/h,Sealed - Dry,Daylight,Straight,Veh'S Same Direction: Right Rear,Rear-end,0,0,1,0,1,2,0,0,0,0,0,0
288484,Medical treatment,2015,16,Sideswipe,Multi-Vehicle,152.965034,-27.494804,Western Arterial Rd,,Indooroopilly,Indooroopilly,No Roadway Feature,No traffic control,80 - 90 km/h,Sealed - Dry,Daylight,Straight,Veh'S Same Direction: Lane Change Right,Lane changes,0,0,1,0,1,1,1,0,0,0,0,0
288486,Medical treatment,2015,7,Sideswipe,Multi-Vehicle,153.0127494,-27.32634053,Gympie Arterial Rd,,Bald Hills,Aspley,No Roadway Feature,No traffic control,100 - 110 km/h,Sealed - Dry,Daylight,Straight,Veh'S Same Direction: Lane Change Left,Lane changes,0,0,1,0,1,2,1,0,0,0,0,0
288488,Hospitalisation,2015,15,Rear-end,Multi-Vehicle,153.01939,-27.397332,Webster Rd,,Stafford Heights,Stafford,No Roadway Feature,No traffic control,60 km/h,Sealed - Dry,Daylight,Straight,Veh'S Same Direction: Rear End,Rear-end,0,1,0,0,1,2,0,0,1,0,0,0
288490,Hospitalisation,2015,7,Rear-end,Multi-Vehicle,153.044924,-27.375645,Ellison Rd,Marmont St,Geebung,Nudgee,Intersection - T-Junction,No traffic control,60 km/h,Sealed - Dry,Daylight,Straight,Veh'S Same Direction: Rear End,Rear-end,0,1,0,0,1,2,0,0,0,0,0,0
288498,Minor injury,2015,8,Angle,Multi-Vehicle,153.0549364,-27.39815774,Evans St,,Nundah,Clayfield,No Roadway Feature,No traffic control,0 - 50 km/h,Sealed - Dry,Daylight,Straight,Veh'S Manoeuvring: Leaving Driveway,Vehicle leaving driveway,0,0,0,1,1,2,0,0,0,0,0,0
288513,Minor injury,2015,19,Rear-end,Multi-Vehicle,152.944652,-27.448662,Illowra St,Payne Rd,The Gap,Ashgrove,Intersection - T-Junction,Give way sign,60 km/h,Sealed - Dry,Darkness - Lighted,Straight,Veh'S Same Direction: Left Rear,Rear-end,0,0,0,1,1,2,0,0,0,0,0,0
288514,Hospitalisation,2015,15,Angle,Multi-Vehicle,153.030639,-27.456987,Kennigo St,St Pauls Tce,Fortitude Valley,Brisbane Central,Intersection - Cross,Operating traffic lights,60 km/h,Sealed - Dry,Daylight,Straight,Veh'S Opposite Approach: Thru-Right,Opposing vehicles turning,0,1,0,0,1,1,1,0,0,0,0,0
288515,Minor injury,2015,8,Rear-end,Multi-Vehicle,153.041101,-27.440046,Allison St,,Bowen Hills,Brisbane Central,Intersection - T-Junction,No traffic control,60 km/h,Sealed - Dry,Daylight,Straight,Veh'S Same Direction: Rear End,Rear-end,0,0,0,2,2,3,0,0,0,0,0,0
288516,Medical treatment,2015,8,Angle,Multi-Vehicle,153.040926,-27.434436,Burrows St,Taylor St,Bowen Hills,Brisbane Central,Intersection - T-Junction,Give way sign,60 km/h,Sealed - Dry,Daylight,Straight,Veh'S Adjacent Approach: Thru-Right,Intersection from adjacent approaches,0,0,1,0,1,2,0,0,0,0,0,0
288519,Minor injury,2015,16,Angle,Multi-Vehicle,153.065176,-27.311743,Brighton Tce,Wakefield St,Sandgate,Sandgate,Intersection - Cross,Stop sign,60 km/h,Sealed - Dry,Daylight,Straight,Veh'S Adjacent Approach: Thru-Thru,Intersection from adjacent approaches,0,0,0,1,1,2,0,0,0,0,0,0
288532,Hospitalisation,2015,9,Angle,Multi-Vehicle,153.016999,-27.436092,Lamont Rd,Newmarket Rd,Wilston,Brisbane Central,Intersection - T-Junction,Stop sign,60 km/h,Sealed - Dry,Daylight,Straight,Veh'S Adjacent Approach: Thru-Right,Intersection from adjacent approaches,0,1,2,0,3,2,0,0,0,0,0,0
288533,Medical treatment,2015,13,Hit object,Single Vehicle,153.086414,-27.434482,Gateway Arterial Rd,,Eagle Farm,Clayfield,No Roadway Feature,No traffic control,60 km/h,Sealed - Dry,Daylight,Straight,Ped'N: Hit Other,Other,0,0,1,0,1,0,0,0,1,0,1,0
288556,Hospitalisation,2015,13,Hit parked vehicle,Single Vehicle,153.0157717,-27.46536648,Countess St,,Petrie Terrace,Brisbane Central,No Roadway Feature,No traffic control,60 km/h,Sealed - Dry,Daylight,Straight,Veh'S On Path: Accident Or Broken Down,Hit parked vehicle,0,2,0,0,2,2,0,0,0,0,0,0
288557,Minor injury,2015,18,Rear-end,Multi-Vehicle,153.013817,-27.464532,Menzies St,Petrie Tce,Petrie Terrace,Mount Coot-tha,Intersection - T-Junction,No traffic control,60 km/h,Sealed - Dry,Darkness - Lighted,Straight,Veh'S Same Direction: Rear End,Rear-end,0,0,0,1,1,2,0,0,0,0,0,0
288560,Hospitalisation,2015,15,Rear-end,Multi-Vehicle,153.053418,-27.336526,Gateway Arterial Rd,,Taigum,Sandgate,Intersection - Interchange,No traffic control,80 - 90 km/h,Sealed - Dry,Daylight,Curved - view open,Veh'S Same Direction: Rear End,Rear-end,0,1,0,0,1,1,1,1,0,0,0,0
288570,Medical treatment,2015,3,Hit object,Single Vehicle,153.033477,-27.424281,Chapel St,Lutwyche Rd,Lutwyche,Stafford,Intersection - T-Junction,No traffic control,60 km/h,Sealed - Dry,Darkness - Lighted,Straight,Off Path-Straight: Left Off Cway Hit Obj,Off carriageway on straight hit object,0,0,1,2,3,1,0,0,0,0,0,0
288571,Medical treatment,2015,14,Rear-end,Multi-Vehicle,152.980277,-27.401763,Pullen Rd,,Everton Park,Everton,No Roadway Feature,No traffic control,60 km/h,Sealed - Dry,Daylight,Straight,Veh'S Same Direction: Right Rear,Rear-end,0,0,1,0,1,2,0,0,0,0,0,0
288595,Hospitalisation,2015,1,Hit pedestrian,Hit pedestrian,153.031183,-27.46376256,Adelaide St,Queen St,Brisbane City,Brisbane Central,Intersection - Cross,Operating traffic lights,60 km/h,Sealed - Dry,Darkness - Lighted,Straight,Ped'N: Near Side Vehicle Hit From Right,Pedestrian,0,1,0,0,1,1,0,0,0,0,1,0
288597,Hospitalisation,2015,14,Hit object,Single Vehicle,152.9828414,-27.507621,Marston Ave,,Indooroopilly,Indooroopilly,No Roadway Feature,No traffic control,0 - 50 km/h,Sealed - Dry,Daylight,Straight,Veh'S Manoeuvring: Rev Into Fixed Object,Other,0,1,0,0,1,1,0,0,0,0,0,0
288608,Medical treatment,2015,13,Rear-end,Multi-Vehicle,153.0340304,-27.42093534,Lutwyche Rd,,Lutwyche,Stafford,No Roadway Feature,No traffic control,60 km/h,Sealed - Dry,Daylight,Straight,Veh'S Same Direction: Rear End,Rear-end,0,0,1,1,2,3,0,0,0,0,0,0
288609,Medical treatment,2015,16,Angle,Multi-Vehicle,152.98708,-27.40276644,Everton Park - Albany Creek Rd,Pullen Rd,Everton Park,Everton,Intersection - T-Junction,Operating traffic lights,60 km/h,Sealed - Dry,Daylight,Curved - view open,Veh'S Opposite Approach: Thru-Right,Opposing vehicles turning,0,0,4,0,4,2,0,0,0,0,0,0
288610,Medical treatment,2015,8,Fall from vehicle,Single Vehicle,152.769252,-27.351124,Mount Nebo Rd,Samford - Mt Glorious Rd,Banks Creek,Moggill,Intersection - T-Junction,No traffic control,70 km/h,Sealed - Dry,Daylight,Curved - view open,Off Path-Curve: Off Cway Right Bend,Off carriageway on curve,0,0,1,0,1,0,1,0,0,0,0,0
288630,Hospitalisation,2015,5,Hit object,Single Vehicle,153.031348,-27.455697,Brunswick St,,Fortitude Valley,Brisbane Central,No Roadway Feature,No traffic control,60 km/h,Sealed - Dry,Dawn/Dusk,Curved - view open,Off Path-Curve: Off Cway Lt Bend Hit Obj,Off carriageway on curve hit object,0,1,0,0,1,1,0,0,0,0,0,0
288637,Minor injury,2015,14,Angle,Multi-Vehicle,153.084704,-27.383766,Alverstone St,Bilambil St,Banyo,Nudgee,Intersection - Cross,No traffic control,60 km/h,Sealed - Dry,Daylight,Straight,Veh'S Opposite Approach: Thru-Right,Opposing vehicles turning,0,0,0,1,1,2,0,0,0,0,0,0
288661,Medical treatment,2015,16,Angle,Multi-Vehicle,152.997495,-27.459,Ellena St,Latrobe Tce,Paddington,Mount Coot-tha,Intersection - T-Junction,No traffic control,60 km/h,Sealed - Dry,Daylight,Straight,Veh'S Manoeuvring: Entering From Footway,Vehicle leaving driveway,0,0,1,0,1,1,0,0,0,1,0,0
288662,Minor injury,2015,8,Fall from vehicle,Single Vehicle,153.044447,-27.453712,Commercial Rd,Wyandra St,Teneriffe,Brisbane Central,No Roadway Feature,No traffic control,60 km/h,Sealed - Dry,Daylight,Straight,Veh'S Same Direction: Lane Side Swipe,Lane changes,0,0,0,1,1,1,0,0,0,1,0,0
288663,Medical treatment,2015,15,Hit object,Single Vehicle,152.953152,-27.499038,Tucker St,,Chapel Hill,Moggill,No Roadway Feature,No traffic control,0 - 50 km/h,Sealed - Dry,Daylight,Curved - view open,Off Path-Curve: Off Cway Lt Bend Hit Obj,Off carriageway on curve hit object,0,0,1,0,1,1,0,0,0,0,0,0
288674,Hospitalisation,2015,9,Angle,Multi-Vehicle,153.1033,-27.429112,Kingsford Smith Dr,Sugarmill Rd,Pinkenba,Clayfield,Intersection - T-Junction,Operating traffic lights,60 km/h,Sealed - Dry,Daylight,Straight,Veh'S Adjacent Approach: Thru-Right,Intersection from adjacent approaches,0,1,0,0,1,2,0,0,0,0,0,0
288675,Medical treatment,2015,12,Angle,Multi-Vehicle,153.031067,-27.438096,Lutwyche Rd,Newmarket Rd,Windsor,Brisbane Central,Intersection - T-Junction,Operating traffic lights,60 km/h,Sealed - Dry,Daylight,Straight,Veh'S Manoeuvring: Entering From Footway,Vehicle leaving driveway,0,0,1,0,1,1,1,0,0,0,0,0
288703,Medical treatment,2015,17,Angle,Multi-Vehicle,153.021938,-27.470851,Adelaide St,North Quay,Brisbane City,Brisbane Central,Intersection - T-Junction,Operating traffic lights,0 - 50 km/h,Sealed - Dry,Dawn/Dusk,Straight,Veh'S Same Direction: Right Turn S/Swipe,Parallel lanes turning,0,0,1,0,1,1,0,0,1,0,0,0
288704,Medical treatment,2015,18,Rear-end,Multi-Vehicle,153.022648,-27.470301,Adelaide St,,Brisbane City,Brisbane Central,No Roadway Feature,No traffic control,0 - 50 km/h,Sealed - Dry,Darkness - Lighted,Straight,Veh'S Same Direction: Rear End,Rear-end,0,0,2,0,2,3,0,0,0,0,0,0
288705,Hospitalisation,2015,5,Hit parked vehicle,Single Vehicle,153.029604,-27.45622,Kennigo St,,Spring Hill,Brisbane Central,No Roadway Feature,No traffic control,0 - 50 km/h,Sealed - Dry,Daylight,Straight,Veh'S On Path: Car Door,Hit parked vehicle,0,1,0,0,1,2,0,0,0,0,0,0
288710,Medical treatment,2015,19,Angle,Multi-Vehicle,153.030809,-27.385929,Gympie Arterial Rd,Hamilton Rd,Chermside,Stafford,Intersection - Cross,Operating traffic lights,60 km/h,Sealed - Dry,Darkness - Lighted,Straight,Veh'S Opposite Approach: Thru-Right,Opposing vehicles turning,0,0,1,0,1,2,0,0,0,0,0,0
288718,Medical treatment,2015,16,Angle,Multi-Vehicle,153.09264,-27.378017,Nudgee Rd,,Banyo,Nudgee,Intersection - T-Junction,No traffic control,60 km/h,Sealed - Dry,Daylight,Straight,Veh'S Opposite Approach: Thru-Right,Opposing vehicles turning,0,0,3,0,3,2,0,0,0,0,0,0
288739,Hospitalisation,2015,16,Angle,Multi-Vehicle,152.888749,-27.55264,Moggill Sub-Arterial Rd,Riversleigh Rd,Bellbowrie,Moggill,Intersection - T-Junction,Give way sign,60 km/h,Sealed - Dry,Daylight,Straight,Veh'S Adjacent Approach: Thru-Right,Intersection from adjacent approaches,0,2,0,0,2,3,0,0,0,0,0,0
288742,Minor injury,2015,18,Angle,Multi-Vehicle,153.031029,-27.39647,Gympie Arterial Rd,Lawley St,Kedron,Stafford,Intersection - T-Junction,Give way sign,60 km/h,Sealed - Dry,Darkness - Lighted,Straight,Veh'S Adjacent Approach: Thru-Right,Intersection from adjacent approaches,0,0,0,2,2,2,0,0,0,0,0,0
288743,Medical treatment,2015,21,Hit object,Single Vehicle,153.071811,-27.34731,Bicentennial Rd,Melaleuca Dr,Boondall,Nudgee,Intersection - Roundabout,Give way sign,60 km/h,Sealed - Dry,Darkness - Lighted,Curved - view open,Off Path-Curve: Off Cway Rt Bend Hit Obj,Off carriageway on curve hit object,0,0,1,0,1,1,0,0,0,0,0,0
288744,Medical treatment,2015,14,Rear-end,Multi-Vehicle,153.059954,-27.346868,Sandgate Sub-Arterial Rd,,Boondall,Nudgee,No Roadway Feature,No traffic control,70 km/h,Sealed - Dry,Daylight,Straight,Veh'S Same Direction: Rear End,Rear-end,0,0,3,1,4,4,0,0,0,0,0,0
288745,Medical treatment,2015,18,Angle,Multi-Vehicle,152.994292,-27.354911,Albany Creek Sub-Arterial Rd,Beckett Rd,Bridgeman Downs,Aspley,Intersection - Cross,Operating traffic lights,70 km/h,Sealed - Dry,Darkness - Lighted,Straight,Veh'S Opposite Approach: Thru-Right,Opposing vehicles turning,0,0,1,0,1,2,0,0,0,0,0,0
288769,Medical treatment,2015,6,Hit parked vehicle,Single Vehicle,153.031516,-27.463925,Queen St,,Brisbane City,Brisbane Central,No Roadway Feature,No traffic control,0 - 50 km/h,Sealed - Dry,Daylight,Straight,Off Path-Straight: Left Off Cway Hit Obj,Off carriageway on straight hit object,0,0,1,0,1,1,0,0,0,1,0,0
288771,Medical treatment,2015,9,Rear-end,Multi-Vehicle,153.038067,-27.455376,Ann St,East St,Fortitude Valley,Brisbane Central,Intersection - Cross,Operating traffic lights,60 km/h,Sealed - Dry,Daylight,Straight,Veh'S Same Direction: Right Rear,Rear-end,0,0,1,0,1,2,0,0,0,0,0,0
288772,Medical treatment,2015,13,Rear-end,Multi-Vehicle,153.022401,-27.456175,Inner City Bypass,,Herston,Brisbane Central,Intersection - Interchange,No traffic control,80 - 90 km/h,Sealed - Dry,Daylight,Curved - view open,Veh'S Same Direction: Rear End,Rear-end,0,0,1,0,1,1,0,1,0,0,0,0
288774,Medical treatment,2015,15,Rear-end,Multi-Vehicle,152.962996,-27.502463,Moggill Sub-Arterial Rd,,Indooroopilly,Indooroopilly,No Roadway Feature,No traffic control,60 km/h,Sealed - Dry,Daylight,Straight,Veh'S Same Direction: Rear End,Rear-end,0,0,1,0,1,3,0,0,0,0,0,0
288775,Minor injury,2015,12,Angle,Multi-Vehicle,153.008507,-27.330973,Gympie Rd,Linkfield Connection Rd,Bald Hills,Aspley,Intersection - Cross,Operating traffic lights,60 km/h,Sealed - Dry,Daylight,Straight,Veh'S Adjacent Approach: Thru-Thru,Intersection from adjacent approaches,0,0,0,1,1,2,0,0,0,0,0,0
288776,Minor injury,2015,16,Angle,Multi-Vehicle,153.031091,-27.405961,Cremorne Rd,Nieppe St,Kedron,Stafford,Intersection - T-Junction,Give way sign,0 - 50 km/h,Sealed - Dry,Daylight,Straight,Veh'S Adjacent Approach: Right-Thru,Intersection from adjacent approaches,0,0,0,3,3,2,0,0,0,0,0,0
288777,Medical treatment,2015,20,Rear-end,Multi-Vehicle,153.01211,-27.34499867,Gympie Arterial Rd,,Carseldine,Aspley,No Roadway Feature,No traffic control,70 km/h,Sealed - Dry,Darkness - Lighted,Straight,Veh'S Same Direction: Rear End,Rear-end,0,0,1,1,2,4,0,0,0,0,0,0
288780,Hospitalisation,2015,16,Hit object,Single Vehicle,152.7828958,-27.54915827,Allawah Rd,,Chuwar,Ipswich West,No Roadway Feature,No traffic control,60 km/h,Sealed - Dry,Daylight,Curved - view open,Off Path-Curve: Off Cway Lt Bend Hit Obj,Off carriageway on curve hit object,0,1,0,0,1,1,0,0,0,0,0,0
288809,Medical treatment,2015,8,Angle,Multi-Vehicle,152.991704,-27.444788,Harry St,Stewart Rd,Ashgrove,Ashgrove,Intersection - Cross,Give way sign,60 km/h,Sealed - Dry,Daylight,Straight,Veh'S Adjacant Approach: Thru-Left,Intersection from adjacent approaches,0,0,1,0,1,2,0,0,0,0,0,0
288810,Medical treatment,2015,13,Hit object,Single Vehicle,152.997204,-27.476089,Chasely St,Lang Pde,Auchenflower,Mount Coot-tha,Intersection - T-Junction,No traffic control,0 - 50 km/h,Sealed - Dry,Daylight,Straight,Veh'S Adjacent Approach: Right-Right,Intersection from adjacent approaches,0,0,2,0,2,2,0,0,0,0,0,0
288813,Medical treatment,2015,19,Angle,Multi-Vehicle,153.012752,-27.331681,Gympie Arterial Rd,Linkfield Rd,Bald Hills,Aspley,Intersection - Interchange,No traffic control,60 km/h,Sealed - Dry,Darkness - Lighted,Straight,Veh'S Opposite Approach: Thru-Right,Opposing vehicles turning,0,0,2,0,2,3,0,0,0,0,0,0
288814,Medical treatment,2015,16,Rear-end,Multi-Vehicle,153.050736,-27.331537,Gateway Arterial Rd,,Deagon,Sandgate,No Roadway Feature,No traffic control,100 - 110 km/h,Sealed - Dry,Daylight,Straight,Veh'S Same Direction: Rear End,Rear-end,0,0,1,0,1,1,0,1,0,0,0,0
288817,Medical treatment,2015,18,Rear-end,Multi-Vehicle,153.030931,-27.386323,Gympie Arterial Rd,,Chermside,Stafford,No Roadway Feature,No traffic control,70 km/h,Sealed - Dry,Darkness - Lighted,Curved - view open,Veh'S Same Direction: Rear End,Rear-end,0,0,2,0,2,2,0,0,0,0,0,0
288829,Hospitalisation,2015,8,Hit object,Single Vehicle,153.005358,-27.429994,Alderson St,Enoggera Rd,Alderley,Stafford,Intersection - T-Junction,Operating traffic lights,60 km/h,Sealed - Dry,Daylight,Curved - view open,Veh'S On Path: Temporary Object On C'Way,Other,0,1,0,0,1,0,1,0,0,0,0,0
288856,Medical treatment,2015,13,Rear-end,Multi-Vehicle,153.018512,-27.468677,South East Arterial Rd,,Brisbane City,Brisbane Central,No Roadway Feature,No traffic control,70 km/h,Sealed - Dry,Daylight,Straight,Veh'S Same Direction: Rear End,Rear-end,0,0,1,0,1,2,0,0,0,0,0,0
288862,Hospitalisation,2015,19,Hit parked vehicle,Single Vehicle,153.0616723,-27.34365983,Carlyle Rd,,Boondall,Nudgee,No Roadway Feature,No traffic control,0 - 50 km/h,Sealed - Dry,Darkness - Lighted,Straight,Veh'S On Path: Parked,Hit parked vehicle,0,1,0,0,1,2,0,0,0,0,0,0
288863,Medical treatment,2015,3,Hit parked vehicle,Single Vehicle,153.0243103,-27.34796288,Beams Rd,,Carseldine,Aspley,No Roadway Feature,No traffic control,60 km/h,Sealed - Dry,Darkness - Lighted,Straight,Veh'S On Path: Parked,Hit parked vehicle,0,0,1,0,1,2,0,0,0,0,0,0
288871,Medical treatment,2015,4,Hit object,Single Vehicle,153.0388669,-27.42203089,Chalk St,Willmington St,Wooloowin,Clayfield,Intersection - T-Junction,No traffic control,60 km/h,Sealed - Dry,Darkness - Lighted,Straight,Off Path-Straight: Left Off Cway Hit Obj,Off carriageway on straight hit object,0,0,1,0,1,1,0,0,0,0,0,0
288896,Medical treatment,2015,11,Rear-end,Multi-Vehicle,152.991986,-27.465446,Baroona Rd,Rainworth Rd,Paddington,Mount Coot-tha,Intersection - Cross,Stop sign,0 - 50 km/h,Sealed - Dry,Darkness - Lighted,Curved - view open,Veh'S Same Direction: Rear End,Rear-end,0,0,1,0,1,2,0,0,0,0,0,0
288897,Medical treatment,2015,23,Rear-end,Multi-Vehicle,153.010423,-27.466935,Milton Rd,,Petrie Terrace,Mount Coot-tha,No Roadway Feature,No traffic control,60 km/h,Sealed - Dry,Darkness - Lighted,Straight,Off Path-Straight: Left Off Cway Hit Obj,Off carriageway on straight hit object,0,0,1,0,1,2,0,0,0,0,0,0
288898,Medical treatment,2015,14,Rear-end,Multi-Vehicle,153.021489,-27.471171,South East Arterial Rd,,Brisbane City,Brisbane Central,No Roadway Feature,No traffic control,70 km/h,Sealed - Dry,Daylight,Straight,Veh'S Same Direction: Rear End,Rear-end,0,0,1,0,1,2,0,0,0,0,0,0
288899,Medical treatment,2015,1,Hit pedestrian,Hit pedestrian,153.0334391,-27.4572289,Brunswick St,,Fortitude Valley,Brisbane Central,No Roadway Feature,No traffic control,0 - 50 km/h,Sealed - Dry,Darkness - Lighted,Straight,Ped'N: Far Side Vehicle Hit From Left,Pedestrian,0,0,1,0,1,1,0,0,0,0,1,0
288900,Hospitalisation,2015,15,Hit animal,Other,153.036129,-27.31545,Enid St,,Bracken Ridge,Sandgate,No Roadway Feature,No traffic control,0 - 50 km/h,Sealed - Dry,Daylight,Straight,Pass & Misc: Hit Animal,Hit animal,0,1,0,0,1,0,1,0,0,0,0,0
288904,Medical treatment,2015,15,Rear-end,Multi-Vehicle,153.116979,-27.386385,Alpinia Dr,,Brisbane Airport,Clayfield,Merge Lane,No traffic control,60 km/h,Sealed - Dry,Daylight,Straight,Veh'S Same Direction: Rear End,Rear-end,0,0,1,0,1,1,0,0,1,0,0,0
288925,Minor injury,2015,6,Rear-end,Multi-Vehicle,152.989767,-27.439621,Mclean Pde,Western Arterial Rd,Ashgrove,Ashgrove,Intersection - T-Junction,Operating traffic lights,60 km/h,Sealed - Dry,Daylight,Curved - view open,Veh'S Same Direction: Rear End,Rear-end,0,0,0,1,1,2,0,0,0,0,0,0
288927,Hospitalisation,2015,8,Rear-end,Multi-Vehicle,152.949577,-27.507154,Moggill Sub-Arterial Rd,,Kenmore,Moggill,No Roadway Feature,No traffic control,60 km/h,Sealed - Dry,Daylight,Straight,Veh'S Manoeuvring: Other,Other,0,1,0,0,1,2,0,0,0,0,0,0
288929,Hospitalisation,2015,17,Angle,Multi-Vehicle,153.043702,-27.320579,Denham St,,Bracken Ridge,Sandgate,No Roadway Feature,No traffic control,60 km/h,Sealed - Dry,Daylight,Straight,Veh'S Manoeuvring: Leaving Driveway,Vehicle leaving driveway,0,1,0,0,1,2,0,0,0,0,0,0
288933,Medical treatment,2015,7,Angle,Multi-Vehicle,153.005619,-27.374806,Martindale St,Stringybark Dr,Aspley,Aspley,Intersection - Roundabout,Give way sign,0 - 50 km/h,Sealed - Dry,Daylight,Straight,Veh'S Adjacent Approach: Thru-Thru,Intersection from adjacent approaches,0,0,1,0,1,1,0,0,0,1,0,0
288938,Medical treatment,2015,16,Hit pedestrian,Hit pedestrian,153.033963,-27.421895,Lutwyche Rd,,Lutwyche,Clayfield,No Roadway Feature,No traffic control,60 km/h,Sealed - Dry,Daylight,Straight,Ped'N: Far Side Vehicle Hit From Left,Pedestrian,0,0,1,0,1,1,0,0,0,0,1,0
288939,Fatal,2015,15,Overturned,Single Vehicle,153.087696,-27.434453,Links Ave North,,Eagle Farm,Clayfield,No Roadway Feature,No traffic control,60 km/h,Sealed - Dry,Daylight,Curved - view open,Off Path-Curve: Out Of Control On Cway,Out of control on curve,1,0,0,0,1,0,0,1,0,0,0,0
288967,Hospitalisation,2015,9,Fall from vehicle,Single Vehicle,152.986263,-27.438531,Frasers Rd,,Ashgrove,Ashgrove,No Roadway Feature,No traffic control,60 km/h,Sealed - Dry,Daylight,Straight,Off Path-Straight:Out Of Control On Cway,Out of control on straight,0,1,0,0,1,0,1,0,0,0,0,0
288979,Medical treatment,2015,15,Angle,Multi-Vehicle,153.059338,-27.396302,Cameron St,Sandgate Sub-Arterial Rd,Nundah,Clayfield,Intersection - T-Junction,No traffic control,60 km/h,Sealed - Dry,Daylight,Straight,Veh'S Opposite Approach: Thru-Right,Opposing vehicles turning,0,0,2,0,2,2,0,0,0,0,0,0
288994,Hospitalisation,2015,5,Fall from vehicle,Single Vehicle,152.985961,-27.456797,Western Arterial Rd,,Bardon,Ashgrove,No Roadway Feature,No traffic control,60 km/h,Sealed - Wet,Dawn/Dusk,Curved - view obscured,Off Path-Curve: Out Of Control On Cway,Out of control on curve,0,1,0,0,1,1,1,0,0,0,0,0
288995,Medical treatment,2015,18,Angle,Multi-Vehicle,153.0208542,-27.46032044,Boundary St,Bradley St,Spring Hill,Brisbane Central,Intersection - Cross,Give way sign,60 km/h,Sealed - Dry,Daylight,Straight,Veh'S Adjacent Approach: Thru-Thru,Intersection from adjacent approaches,0,0,3,0,3,2,0,0,0,0,0,0