Crash_Ref_Number,Severity,Year,Hour,Crash_Nature,Crash_Type,Longitude,Latitude,Street,Street_Intersecting,Suburb,Loc_State_Electorate,Crash_Roadway_Feature,Crash_Traffic_Control,Crash_Speed_Limit,Crash_Road_Surface_Condition,Crash_Lighting_Condition,Crash_Road_Horiz_Align,Crash_DCA_Description,Crash_DCA_Group_Description,Count_Casualty_Fatality,Count_Casualty_Hospitalised,Count_Casualty_MedicallyTreated,Count_Casualty_MinorInjury,Count_Casualty_Total,Count_Unit_Car,Count_Unit_Motorcycle_Moped,Count_Unit_Truck,Count_Unit_Bus,Count_Unit_Bicycle,Count_Unit_Pedestrian,Count_Unit_Other
288996,Minor injury,2015,9,Angle,Multi-Vehicle,153.042402,-27.434376,Abbotsford Rd,Taylor St,Bowen Hills,Brisbane Central,Intersection - T-Junction,No traffic control,60 km/h,Sealed - Dry,Daylight,Curved - view open,Veh'S Opposite Approach: Thru-Right,Opposing vehicles turning,0,0,0,1,1,2,0,0,0,0,0,0
288998,Hospitalisation,2015,17,Angle,Multi-Vehicle,153.024021,-27.31082,Bracken Ridge Rd,Hoyland St,Bracken Ridge,Sandgate,Intersection - T-Junction,Operating traffic lights,60 km/h,Sealed - Dry,Dawn/Dusk,Curved - view open,Veh'S Opposite Approach: Thru-Right,Opposing vehicles turning,0,1,0,0,1,2,0,0,0,0,0,0
288999,Hospitalisation,2015,5,Overturned,Single Vehicle,153.01346,-27.331745,Linkfield Rd,,Bald Hills,Aspley,No Roadway Feature,No traffic control,60 km/h,Sealed - Dry,Daylight,Straight,Off Path-Straight:Out Of Control On Cway,Out of control on straight,0,1,0,0,1,0,0,0,0,1,0,0
289002,Hospitalisation,2015,11,Angle,Multi-Vehicle,153.017247,-27.363882,Gympie Arterial Rd,Robinson Rd W,Aspley,Aspley,Intersection - Cross,Operating traffic lights,70 km/h,Sealed - Dry,Daylight,Straight,Veh'S Adjacent Approach: Thru-Thru,Intersection from adjacent approaches,0,1,1,1,3,3,0,0,0,0,0,0
289005,Medical treatment,2015,5,Angle,Multi-Vehicle,153.051313,-27.39664,Bilsen Rd,Rode Rd,Wavell Heights,Clayfield,Intersection - Roundabout,Give way sign,60 km/h,Sealed - Wet,Daylight,Straight,Veh'S Adjacent Approach: Thru-Thru,Intersection from adjacent approaches,0,0,1,0,1,1,0,0,0,1,0,0
289006,Medical treatment,2015,6,Angle,Multi-Vehicle,152.98708,-27.402755,Everton Park - Albany Creek Rd,Pullen Rd,Everton Park,Everton,Intersection - T-Junction,Operating traffic lights,60 km/h,Sealed - Wet,Daylight,Curved - view obscured,Veh'S Opposite Approach: Thru-Right,Opposing vehicles turning,0,0,1,0,1,2,0,0,0,0,0,0
289029,Medical treatment,2015,21,Rear-end,Multi-Vehicle,153.011628,-27.44893,Lorimer Tce,,Kelvin Grove,Brisbane Central,No Roadway Feature,No traffic control,0 - 50 km/h,Sealed - Dry,Darkness - Lighted,Straight,Veh'S Same Direction: Rear End,Rear-end,0,0,3,0,3,2,0,0,0,0,0,0
289030,Medical treatment,2015,8,Rear-end,Multi-Vehicle,153.023259,-27.458241,Fortescue St,Gregory Tce,Spring Hill,Brisbane Central,Intersection - T-Junction,Operating traffic lights,60 km/h,Sealed - Wet,Daylight,Straight,Veh'S Same Direction: Right Rear,Rear-end,0,0,1,0,1,2,0,0,0,0,0,0
289031,Hospitalisation,2015,14,Angle,Multi-Vehicle,152.997323,-27.4589,Latrobe Tce,Morris St,Paddington,Mount Coot-tha,Intersection - T-Junction,No traffic control,60 km/h,Sealed - Dry,Daylight,Straight,Veh'S Manoeuvring: Entering From Footway,Vehicle leaving driveway,0,1,0,0,1,1,0,0,0,1,0,0
289033,Hospitalisation,2015,15,Fall from vehicle,Single Vehicle,153.0344522,-27.45904088,Ann St,,Fortitude Valley,Brisbane Central,No Roadway Feature,No traffic control,60 km/h,Sealed - Dry,Daylight,Straight,Off Path-Straight:Out Of Control On Cway,Out of control on straight,0,1,0,0,1,0,1,0,0,0,0,0
289043,Medical treatment,2015,6,Sideswipe,Multi-Vehicle,153.1002522,-27.44423052,Gateway Arterial Rd,,Eagle Farm,Clayfield,Bridge/Causeway,No traffic control,80 - 90 km/h,Sealed - Wet,Dawn/Dusk,Straight,Veh'S Same Direction: Lane Change Left,Lane changes,0,0,1,0,1,1,0,1,0,0,0,0
289065,Medical treatment,2015,18,Rear-end,Multi-Vehicle,152.967989,-27.448808,Greenlanes Rd,Waterworks Rd,The Gap,Ashgrove,Intersection - Cross,Operating traffic lights,60 km/h,Sealed - Dry,Daylight,Straight,Veh'S Same Direction: Rear End,Rear-end,0,0,1,0,1,1,1,0,0,0,0,0
289066,Medical treatment,2015,8,Rear-end,Multi-Vehicle,153.011079,-27.449164,Kelvin Grove Rd,Lorimer Tce,Kelvin Grove,Brisbane Central,Intersection - Cross,Operating traffic lights,0 - 50 km/h,Sealed - Dry,Daylight,Curved - view open,Veh'S Same Direction: Left Rear,Rear-end,0,0,1,0,1,2,0,0,0,0,0,0
289067,Hospitalisation,2015,16,Angle,Multi-Vehicle,153.040435,-27.441552,Murray St,Thompson St,Bowen Hills,Brisbane Central,Intersection - Cross,Give way sign,60 km/h,Sealed - Dry,Daylight,Straight,Veh'S Adjacant Approach: Thru-Left,Intersection from adjacent approaches,0,1,0,0,1,1,1,0,0,0,0,0
289068,Hospitalisation,2015,0,Rear-end,Multi-Vehicle,152.996035,-27.483442,Coronation Dr,,Toowong,Mount Coot-tha,No Roadway Feature,No traffic control,60 km/h,Sealed - Dry,Darkness - Lighted,Curved - view open,Veh'S Same Direction: Rear End,Rear-end,0,1,0,0,1,2,0,0,0,0,0,0
289102,Hospitalisation,2015,23,Hit object,Single Vehicle,152.995782,-27.514599,Meiers Rd,,Indooroopilly,Indooroopilly,No Roadway Feature,No traffic control,60 km/h,Sealed - Dry,Darkness - Lighted,Curved - view open,Off Path-Curve: Off Cway Rt Bend Hit Obj,Off carriageway on curve hit object,0,1,0,0,1,1,0,0,0,0,0,0
289103,Medical treatment,2015,11,Rear-end,Multi-Vehicle,153.031794,-27.404264,Gympie Arterial Rd,,Kedron,Stafford,No Roadway Feature,No traffic control,60 km/h,Sealed - Dry,Daylight,Straight,Veh'S Same Direction: Rear End,Rear-end,0,0,1,0,1,2,0,0,0,0,0,0
289112,Hospitalisation,2015,10,Hit object,Single Vehicle,153.032505,-27.429186,Lutwyche Rd,,Windsor,Brisbane Central,No Roadway Feature,No traffic control,60 km/h,Sealed - Dry,Darkness - Lighted,Curved - view open,Veh'S On Path: Temporary Object On C'Way,Other,0,1,0,0,1,0,1,0,0,0,0,0
289130,Minor injury,2015,10,Rear-end,Multi-Vehicle,153.01866,-27.36957,Gympie Arterial Rd,,Aspley,Aspley,No Roadway Feature,No traffic control,70 km/h,Sealed - Dry,Daylight,Straight,Veh'S Same Direction: Rear End,Rear-end,0,0,0,1,1,3,0,0,0,0,0,0
289156,Hospitalisation,2015,15,Angle,Multi-Vehicle,153.0090241,-27.32774703,Fairway St,,Bald Hills,Aspley,No Roadway Feature,No traffic control,0 - 50 km/h,Sealed - Dry,Daylight,Straight,Veh'S Manoeuvring: Other,Other,0,1,0,0,1,1,0,0,0,1,0,0
289163,Medical treatment,2015,12,Hit object,Single Vehicle,152.98885,-27.404777,Everton Park - Albany Creek Rd,White St,Everton Park,Everton,No Roadway Feature,No traffic control,60 km/h,Sealed - Dry,Daylight,Straight,Off Path-Straight: Left Off Cway Hit Obj,Off carriageway on straight hit object,0,0,1,0,1,0,0,1,0,0,0,0
289192,Medical treatment,2015,21,Rear-end,Multi-Vehicle,153.012924,-27.46468,Caxton St,Judge St,Petrie Terrace,Mount Coot-tha,Intersection - T-Junction,No traffic control,60 km/h,Sealed - Dry,Darkness - Lighted,Straight,Veh'S Same Direction: Rear End,Rear-end,0,0,1,0,1,2,0,0,0,0,0,0
289193,Medical treatment,2015,16,Sideswipe,Multi-Vehicle,153.010797,-27.464456,Hale St,,Milton,Mount Coot-tha,No Roadway Feature,No traffic control,60 km/h,Sealed - Dry,Daylight,Straight,Veh'S Same Direction: Lane Change Left,Lane changes,0,0,1,1,2,2,0,0,0,0,0,0
289194,Medical treatment,2015,6,Angle,Multi-Vehicle,152.996628,-27.474631,Grimes St,,Auchenflower,Mount Coot-tha,No Roadway Feature,No traffic control,0 - 50 km/h,Sealed - Dry,Daylight,Straight,Veh'S Opposite Approach: U-Turn,U-turn,0,0,1,0,1,1,1,0,0,0,0,0
289197,Medical treatment,2015,16,Rear-end,Multi-Vehicle,153.010215,-27.338898,Gympie Arterial Rd,,Carseldine,Aspley,No Roadway Feature,No traffic control,70 km/h,Sealed - Dry,Daylight,Curved - view open,Veh'S Same Direction: Rear End,Rear-end,0,0,1,0,1,2,0,0,0,0,0,0
289204,Medical treatment,2015,6,Angle,Multi-Vehicle,153.074883,-27.4092,Nudgee Rd,,Hendra,Clayfield,No Roadway Feature,No traffic control,60 km/h,Sealed - Dry,Daylight,Straight,Veh'S Opposite Approach: Thru-Right,Opposing vehicles turning,0,0,1,0,1,1,0,0,0,1,0,0
289205,Medical treatment,2015,5,Rear-end,Multi-Vehicle,153.094107,-27.378886,Gateway Arterial Rd,,Banyo,Nudgee,No Roadway Feature,No traffic control,80 - 90 km/h,Sealed - Dry,Daylight,Curved - view open,Veh'S Same Direction: Rear End,Rear-end,0,0,1,0,1,1,0,1,0,0,0,0
289227,Hospitalisation,2015,15,Angle,Multi-Vehicle,153.064279,-27.311953,Brighton Rd,Wakefield St,Sandgate,Sandgate,Intersection - Cross,Stop sign,0 - 50 km/h,Sealed - Dry,Daylight,Straight,Veh'S Adjacent Approach: Thru-Thru,Intersection from adjacent approaches,0,1,1,0,2,1,1,0,0,0,0,0
289228,Hospitalisation,2015,1,Hit parked vehicle,Single Vehicle,153.057651,-27.313761,Bracken Ridge Rd,,Sandgate,Sandgate,No Roadway Feature,No traffic control,60 km/h,Sealed - Dry,Darkness - Lighted,Straight,Veh'S On Path: Parked,Hit parked vehicle,0,1,0,0,1,3,0,0,0,0,0,0
289233,Medical treatment,2015,15,Rear-end,Multi-Vehicle,153.021289,-27.384273,Hamilton Rd,Webster Rd,Chermside West,Aspley,Intersection - Roundabout,Give way sign,60 km/h,Sealed - Dry,Daylight,Straight,Veh'S Same Direction: Rear End,Rear-end,0,0,1,0,1,3,0,0,0,0,0,0
289234,Minor injury,2015,14,Sideswipe,Multi-Vehicle,153.060146,-27.348658,Roscommon Rd,Sandgate Sub-Arterial Rd,Boondall,Nudgee,Intersection - Cross,Operating traffic lights,70 km/h,Sealed - Dry,Daylight,Straight,Veh'S Manoeuvring: Entering From Footway,Vehicle leaving driveway,0,0,0,1,1,1,0,0,0,1,0,0
289240,Medical treatment,2015,12,Angle,Multi-Vehicle,153.105993,-27.405067,Qantas Dr,,Brisbane Airport,Clayfield,Intersection - T-Junction,Stop sign,0 - 50 km/h,Sealed - Dry,Daylight,Straight,Veh'S Manoeuvring: Leaving Driveway,Vehicle leaving driveway,0,0,1,0,1,2,0,0,0,0,0,0
289241,Medical treatment,2015,10,Angle,Multi-Vehicle,153.117812,-27.382279,Dryandra Rd,Moreton Dr,Brisbane Airport,Clayfield,Intersection - Cross,Operating traffic lights,60 km/h,Sealed - Dry,Daylight,Straight,Veh'S Adjacent Approach: Thru-Thru,Intersection from adjacent approaches,0,0,1,0,1,2,0,0,0,0,0,0
289242,Medical treatment,2015,8,Rear-end,Multi-Vehicle,152.976989,-27.413152,Osborne Rd,,Mitchelton,Everton,No Roadway Feature,Operating traffic lights,60 km/h,Sealed - Dry,Daylight,Straight,Veh'S Same Direction: Rear End,Rear-end,0,0,1,0,1,2,0,0,0,0,0,0
289256,Medical treatment,2015,7,Hit object,Single Vehicle,153.010453,-27.448368,Kelvin Grove Rd,,Kelvin Grove,Mount Coot-tha,No Roadway Feature,No traffic control,60 km/h,Sealed - Dry,Daylight,Straight,Off Path-Straight: Left Off Cway Hit Obj,Off carriageway on straight hit object,0,0,1,0,1,1,0,0,0,0,0,0
289258,Minor injury,2015,17,Rear-end,Multi-Vehicle,153.031276,-27.457723,Barry Pde,Gipps St,Fortitude Valley,Brisbane Central,Intersection - T-Junction,No traffic control,0 - 50 km/h,Sealed - Dry,Dawn/Dusk,Straight,Veh'S Same Direction: Left Rear,Rear-end,0,0,0,1,1,2,0,0,0,0,0,0
289259,Hospitalisation,2015,15,Sideswipe,Multi-Vehicle,153.031908,-27.446941,Campbell St,,Bowen Hills,Brisbane Central,No Roadway Feature,No traffic control,0 - 50 km/h,Sealed - Dry,Daylight,Curved - view obscured,Veh'S Manoeuvring: Leaving Parking,Vehicle leaving driveway,0,1,0,0,1,1,0,0,0,1,0,0
289260,Hospitalisation,2015,20,Rear-end,Multi-Vehicle,153.032464,-27.458711,Gipps St,Wickham St,Fortitude Valley,Brisbane Central,Intersection - Cross,Operating traffic lights,60 km/h,Sealed - Wet,Darkness - Lighted,Straight,Veh'S Same Direction: Rear End,Rear-end,0,3,0,0,3,4,0,0,0,0,0,0
289261,Medical treatment,2015,20,Angle,Multi-Vehicle,152.975797,-27.500213,Belgrave Rd,Coonan St,Indooroopilly,Indooroopilly,Intersection - Cross,Operating traffic lights,60 km/h,Sealed - Dry,Darkness - Lighted,Straight,Veh'S Opposite Approach: Thru-Right,Opposing vehicles turning,0,0,1,0,1,2,0,0,0,0,0,0
289262,Medical treatment,2015,14,Rear-end,Multi-Vehicle,152.963514,-27.502785,Western Arterial Rd,Western Fwy,Indooroopilly,Indooroopilly,Intersection - Interchange,Give way sign,60 km/h,Sealed - Dry,Daylight,Straight,Veh'S Same Direction: Left Rear,Rear-end,0,0,1,0,1,2,0,0,0,0,0,0
289263,Medical treatment,2015,5,Rear-end,Multi-Vehicle,153.019328,-27.291595,Gympie Arterial Rd,,Bald Hills,Sandgate,Bridge/Causeway,No traffic control,80 - 90 km/h,Sealed - Dry,Daylight,Straight,Veh'S Same Direction: Rear End,Rear-end,0,0,1,0,1,2,0,0,0,0,0,0
289268,Medical treatment,2015,10,Hit pedestrian,Hit pedestrian,153.030977,-27.387494,Gympie Arterial Rd,Sparkes St,Chermside,Stafford,Intersection - T-Junction,Give way sign,60 km/h,Sealed - Dry,Daylight,Straight,Ped'N: Near Side Vehicle Hit From Right,Pedestrian,0,0,1,1,2,1,0,0,0,0,2,0
289269,Medical treatment,2015,17,Rear-end,Multi-Vehicle,152.989046,-27.379708,Beckett Rd,,Mcdowall,Aspley,Intersection - Cross,Give way sign,60 km/h,Sealed - Dry,Daylight,Straight,Veh'S Same Direction: Rear End,Rear-end,0,0,1,0,1,2,0,0,0,0,0,0
289283,Hospitalisation,2015,23,Hit object,Single Vehicle,152.961421,-27.412881,Gilston St,Samford Sub-Arterial Rd,Keperra,Ashgrove,Intersection - T-Junction,No traffic control,60 km/h,Sealed - Dry,Darkness - Lighted,Curved - view open,Off Path-Curve: Mounts Traffic Island,Off carriageway on curve hit object,0,1,0,0,1,1,0,0,0,0,0,0
289301,Medical treatment,2015,13,Rear-end,Multi-Vehicle,153.028938,-27.473442,Albert St,Alice St,Brisbane City,Brisbane Central,Intersection - T-Junction,Operating traffic lights,0 - 50 km/h,Sealed - Dry,Daylight,Straight,Veh'S Same Direction: Rear End,Rear-end,0,0,2,0,2,2,0,0,0,0,0,0
289305,Minor injury,2015,6,Rear-end,Multi-Vehicle,153.035314,-27.3104072,Gateway Arterial Rd,,Bracken Ridge,Sandgate,Intersection - Interchange,No traffic control,100 - 110 km/h,Sealed - Dry,Daylight,Curved - view open,Veh'S Same Direction: Rear End,Rear-end,0,0,0,1,1,2,0,0,0,0,0,0
289315,Medical treatment,2015,17,Angle,Multi-Vehicle,153.062487,-27.439662,Kingsford Smith Dr,Riverview Tce,Hamilton,Clayfield,Intersection - T-Junction,Operating traffic lights,60 km/h,Sealed - Dry,Dawn/Dusk,Straight,Veh'S Opposite Approach: Thru-Right,Opposing vehicles turning,0,0,1,0,1,2,0,0,0,0,0,0
289341,Hospitalisation,2015,17,Angle,Multi-Vehicle,153.0467982,-27.31327308,Gateway Arterial Rd,,Sandgate,Sandgate,No Roadway Feature,No traffic control,80 - 90 km/h,Sealed - Wet,Daylight,Curved - view open,Off Path-Curve: Off Cway Rt Bend Hit Obj,Off carriageway on curve hit object,0,1,1,0,2,4,0,0,0,0,0,0
289352,Medical treatment,2015,13,Rear-end,Multi-Vehicle,153.062964,-27.381335,Sandgate Sub-Arterial Rd,,Virginia,Nudgee,No Roadway Feature,No traffic control,60 km/h,Sealed - Dry,Daylight,Curved - view open,Veh'S Same Direction: Rear End,Rear-end,0,0,1,0,1,2,0,0,0,0,0,0
289353,Medical treatment,2015,14,Angle,Multi-Vehicle,153.007115,-27.4369,Enoggera Rd,Newmarket Rd,Newmarket,Brisbane Central,Intersection - T-Junction,Operating traffic lights,60 km/h,Sealed - Wet,Daylight,Straight,Veh'S Adjacent Approach: Right-Right,Intersection from adjacent approaches,0,0,1,0,1,2,0,0,0,0,0,0
289382,Medical treatment,2015,8,Hit object,Single Vehicle,152.996126,-27.483276,Coronation Dr,,Toowong,Mount Coot-tha,No Roadway Feature,No traffic control,60 km/h,Sealed - Wet,Daylight,Curved - view open,Off Path-Curve: Off Cway Lt Bend Hit Obj,Off carriageway on curve hit object,0,0,1,0,1,1,0,0,0,0,0,0
289385,Minor injury,2015,11,Sideswipe,Multi-Vehicle,153.0179992,-27.36398949,Robinson Rd W,,Aspley,Aspley,No Roadway Feature,No traffic control,60 km/h,Sealed - Dry,Daylight,Straight,Veh'S Same Direction: Lane Side Swipe,Lane changes,0,0,0,1,1,2,0,0,0,0,0,0
289424,Hospitalisation,2015,16,Rear-end,Multi-Vehicle,153.07511,-27.37669,St Vincents Rd,,Banyo,Nudgee,No Roadway Feature,No traffic control,60 km/h,Sealed - Dry,Daylight,Straight,Veh'S Same Direction: Rear End,Rear-end,0,1,0,0,1,2,0,0,0,0,0,0
289425,Medical treatment,2015,12,Rear-end,Multi-Vehicle,153.059579,-27.408447,Sandgate Sub-Arterial Rd,,Nundah,Nudgee,No Roadway Feature,No traffic control,60 km/h,Sealed - Dry,Daylight,Straight,Veh'S Same Direction: Rear End,Rear-end,0,0,1,0,1,2,0,0,0,0,0,0
289448,Medical treatment,2015,7,Angle,Multi-Vehicle,153.020859,-27.463199,Wickham Tce,,Spring Hill,Brisbane Central,No Roadway Feature,No traffic control,0 - 50 km/h,Sealed - Dry,Daylight,Straight,Veh'S Manoeuvring: Entering From Footway,Vehicle leaving driveway,0,0,1,0,1,1,0,0,0,1,0,0
289449,Medical treatment,2015,16,Hit object,Single Vehicle,153.00433,-27.331212,Linkfield Connection Rd,,Bald Hills,Aspley,No Roadway Feature,No traffic control,70 km/h,Sealed - Dry,Daylight,Curved - view open,Veh'S Manoeuvring: Other,Other,0,0,1,0,1,1,1,0,0,0,0,0
289452,Hospitalisation,2015,14,Rear-end,Multi-Vehicle,152.991555,-27.364696,Beckett Rd,Saturn Cres,Bridgeman Downs,Aspley,Intersection - Cross,Operating traffic lights,70 km/h,Sealed - Dry,Daylight,Straight,Veh'S Same Direction: Rear End,Rear-end,0,1,0,0,1,1,1,0,0,0,0,0
289479,Hospitalisation,2015,5,Hit object,Single Vehicle,153.059631,-27.336373,Sandgate Sub-Arterial Rd,,Boondall,Nudgee,No Roadway Feature,No traffic control,60 km/h,Sealed - Dry,Daylight,Straight,Veh'S Same Direction: Rear End,Rear-end,0,1,0,0,1,0,0,1,0,1,0,0
289486,Hospitalisation,2015,19,Angle,Multi-Vehicle,153.000539,-27.424411,Alderley Ave,South Pine Rd,Alderley,Stafford,Intersection - T-Junction,Give way sign,0 - 50 km/h,Sealed - Dry,Darkness - Lighted,Straight,Veh'S Manoeuvring: Entering From Footway,Vehicle leaving driveway,0,1,0,0,1,2,0,0,0,0,0,0
289496,Minor injury,2015,18,Sideswipe,Multi-Vehicle,153.021938,-27.470851,Adelaide St,North Quay,Brisbane City,Brisbane Central,Intersection - T-Junction,Operating traffic lights,70 km/h,Sealed - Dry,Dawn/Dusk,Straight,Veh'S Adjacant Approach: Thru-Left,Intersection from adjacent approaches,0,0,0,1,1,2,0,0,1,0,0,0
289499,Hospitalisation,2015,11,Angle,Multi-Vehicle,152.950678,-27.507636,Moggill Sub-Arterial Rd,Sutling St,Chapel Hill,Moggill,Intersection - Cross,Give way sign,0 - 50 km/h,Sealed - Dry,Daylight,Straight,Veh'S Adjacent Approach: Thru-Thru,Intersection from adjacent approaches,0,1,0,0,1,1,0,0,0,1,0,0
289500,Medical treatment,2015,9,Rear-end,Multi-Vehicle,153.0335089,-27.30982341,Gateway Arterial Rd,,Bald Hills,Sandgate,No Roadway Feature,No traffic control,100 - 110 km/h,Sealed - Dry,Daylight,Straight,Veh'S Same Direction: Rear End,Rear-end,0,0,1,0,1,2,0,0,0,0,0,0
289508,Medical treatment,2015,8,Head-on,Multi-Vehicle,153.124429,-27.415977,Main Myrtletown Rd,,Pinkenba,Clayfield,No Roadway Feature,No traffic control,60 km/h,Sealed - Dry,Daylight,Straight,Veh'S Opposite Approach: Head On,Head-on,0,0,1,0,1,2,0,1,0,0,0,0
289509,Medical treatment,2015,7,Sideswipe,Multi-Vehicle,153.07849,-27.412114,Airport Dr,Gateway Arterial Rd,Hendra,Clayfield,Intersection - Interchange,Operating traffic lights,70 km/h,Sealed - Dry,Daylight,Curved - view open,Veh'S Same Direction: Lane Side Swipe,Lane changes,0,0,1,0,1,2,0,0,0,0,0,0
289510,Hospitalisation,2015,19,Angle,Multi-Vehicle,152.986462,-27.400662,Everton Park - Albany Creek Rd,South Pine Rd,Everton Park,Everton,Intersection - Cross,No traffic control,60 km/h,Sealed - Dry,Darkness - Lighted,Curved - view open,Veh'S Opposite Approach: Thru-Right,Opposing vehicles turning,0,2,0,0,2,1,1,0,0,0,0,0
289532,Minor injury,2015,16,Angle,Multi-Vehicle,152.989767,-27.439621,Mclean Pde,Western Arterial Rd,Ashgrove,Ashgrove,Intersection - T-Junction,Operating traffic lights,60 km/h,Sealed - Dry,Daylight,Curved - view open,Veh'S Adjacent Approach: Thru-Right,Intersection from adjacent approaches,0,0,0,2,2,2,0,0,0,0,0,0
289533,Hospitalisation,2015,19,Fall from vehicle,Single Vehicle,153.001094,-27.458121,Enoggera Tce,,Paddington,Mount Coot-tha,No Roadway Feature,No traffic control,0 - 50 km/h,Sealed - Dry,Darkness - Lighted,Curved - view open,Off Path-Straight:Out Of Control On Cway,Out of control on straight,0,1,0,0,1,0,1,0,0,0,0,0
289534,Medical treatment,2015,18,Rear-end,Multi-Vehicle,153.0230099,-27.47248342,South East Arterial Rd,,Brisbane City,Brisbane Central,Intersection - Interchange,No traffic control,60 km/h,Sealed - Dry,Daylight,Curved - view open,Veh'S Same Direction: Rear End,Rear-end,0,0,1,0,1,3,0,0,0,0,0,0
289535,Medical treatment,2015,11,Rear-end,Multi-Vehicle,152.985713,-27.457154,Western Arterial Rd,,Bardon,Mount Coot-tha,No Roadway Feature,No traffic control,60 km/h,Sealed - Dry,Daylight,Curved - view open,Veh'S Same Direction: Rear End,Rear-end,0,0,1,0,1,1,0,1,0,0,0,0
289538,Hospitalisation,2015,23,Hit parked vehicle,Single Vehicle,153.032377,-27.326987,Phillips St,,Bracken Ridge,Sandgate,No Roadway Feature,No traffic control,0 - 50 km/h,Sealed - Dry,Darkness - Lighted,Straight,Off Path-Straight:Right Off Cway Hit Obj,Off carriageway on straight hit object,0,1,0,0,1,2,0,0,0,0,0,0
289542,Medical treatment,2015,8,Rear-end,Multi-Vehicle,153.025034,-27.372706,Ellison Rd,Kirby Rd,Aspley,Aspley,Intersection - T-Junction,No traffic control,60 km/h,Sealed - Dry,Daylight,Straight,Veh'S Same Direction: Right Rear,Rear-end,0,0,1,0,1,2,0,0,0,0,0,0
289543,Minor injury,2015,15,Sideswipe,Multi-Vehicle,153.0133991,-27.34892684,Gympie Arterial Rd,,Carseldine,Aspley,No Roadway Feature,No traffic control,70 km/h,Sealed - Dry,Daylight,Straight,Veh'S Same Direction: Lane Change Right,Lane changes,0,0,0,1,1,1,0,1,0,0,0,0
289549,Medical treatment,2015,20,Angle,Multi-Vehicle,153.0523658,-27.39108533,Bilsen Rd,Hamilton Rd,Wavell Heights,Clayfield,Intersection - Cross,Operating traffic lights,60 km/h,Sealed - Dry,Daylight,Curved - view open,Veh'S Opposite Approach: Thru-Right,Opposing vehicles turning,0,0,1,0,1,2,0,0,0,0,0,0
289550,Hospitalisation,2015,16,Angle,Multi-Vehicle,153.00719,-27.438318,Ashgrove Ave,Enoggera Rd,Newmarket,Ashgrove,Intersection - Cross,Operating traffic lights,60 km/h,Sealed - Dry,Daylight,Straight,Veh'S Adjacent Approach: Thru-Thru,Intersection from adjacent approaches,0,1,0,0,1,3,0,0,0,0,0,0
289573,Medical treatment,2015,16,Rear-end,Multi-Vehicle,152.986946,-27.458053,Western Arterial Rd,,Bardon,Mount Coot-tha,No Roadway Feature,No traffic control,60 km/h,Sealed - Dry,Daylight,Curved - view open,Veh'S Same Direction: Rear End,Rear-end,0,0,1,0,1,2,0,0,0,0,0,0
289602,Hospitalisation,2015,1,Hit object,Single Vehicle,152.99751,-27.446245,Fulcher Rd,Waterworks Rd,Ashgrove,Ashgrove,Intersection - T-Junction,Operating traffic lights,60 km/h,Sealed - Dry,Darkness - Lighted,Straight,Off Path-Straight: Mounts Traffic Island,Off carriageway on straight hit object,0,1,0,0,1,1,0,0,0,0,0,0
289603,Medical treatment,2015,20,Angle,Multi-Vehicle,153.017154,-27.466161,Roma St,,Brisbane City,Brisbane Central,Intersection - T-Junction,Operating traffic lights,60 km/h,Sealed - Dry,Darkness - Lighted,Straight,Veh'S Manoeuvring: Leaving Driveway,Vehicle leaving driveway,0,0,2,0,2,1,0,0,0,0,0,1
289604,Medical treatment,2015,17,Angle,Multi-Vehicle,152.944689,-27.513634,Belsize St,Gilruth Rd,Kenmore,Moggill,Intersection - Cross,Give way sign,0 - 50 km/h,Sealed - Dry,Daylight,Straight,Veh'S Adjacent Approach: Thru-Thru,Intersection from adjacent approaches,0,0,1,0,1,2,0,0,0,0,0,0
289605,Hospitalisation,2015,16,Rear-end,Multi-Vehicle,153.062177,-27.291538,Beaconsfield Tce,Hornibrook Hwy,Brighton,Sandgate,Intersection - T-Junction,No traffic control,60 km/h,Sealed - Dry,Daylight,Straight,Veh'S Same Direction: Rear End,Rear-end,0,1,1,0,2,2,0,0,0,0,0,0
289613,Medical treatment,2015,0,Hit object,Single Vehicle,153.078751,-27.399214,Gateway Arterial Rd,Southern Cross Wy Ramp Td,Northgate,Nudgee,Intersection - Roundabout,Give way sign,60 km/h,Sealed - Dry,Darkness - Lighted,Straight,Off Path-Straight: Mounts Traffic Island,Off carriageway on straight hit object,0,0,1,0,1,1,0,0,0,0,0,0
289631,Hospitalisation,2015,10,Sideswipe,Multi-Vehicle,153.000752,-27.401544,Lalor St,Redwood St,Stafford Heights,Stafford,Intersection - T-Junction,No traffic control,0 - 50 km/h,Sealed - Dry,Daylight,Straight,Veh'S Same Direction: Right Turn S/Swipe,Parallel lanes turning,0,1,0,0,1,2,0,0,0,0,0,0
289640,Hospitalisation,2015,19,Angle,Multi-Vehicle,153.1111329,-27.39087377,Moreton Dr,,Brisbane Airport,Clayfield,No Roadway Feature,No traffic control,0 - 50 km/h,Sealed - Dry,Darkness - Lighted,Curved - view obscured,Veh'S Manoeuvring: Entering From Footway,Vehicle leaving driveway,0,1,0,0,1,2,0,0,0,0,0,0