Crash_Ref_Number,Severity,Year,Hour,Crash_Nature,Crash_Type,Longitude,Latitude,Street,Street_Intersecting,Suburb,Loc_State_Electorate,Crash_Roadway_Feature,Crash_Traffic_Control,Crash_Speed_Limit,Crash_Road_Surface_Condition,Crash_Lighting_Condition,Crash_Road_Horiz_Align,Crash_DCA_Description,Crash_DCA_Group_Description,Count_Casualty_Fatality,Count_Casualty_Hospitalised,Count_Casualty_MedicallyTreated,Count_Casualty_MinorInjury,Count_Casualty_Total,Count_Unit_Car,Count_Unit_Motorcycle_Moped,Count_Unit_Truck,Count_Unit_Bus,Count_Unit_Bicycle,Count_Unit_Pedestrian,Count_Unit_Other
289641,Hospitalisation,2015,10,Rear-end,Multi-Vehicle,153.059368,-27.395921,Sandgate Sub-Arterial Rd,,Nundah,Clayfield,No Roadway Feature,No traffic control,60 km/h,Sealed - Dry,Daylight,Straight,Veh'S Same Direction: Rear End,Rear-end,0,1,2,0,3,3,0,0,0,0,0,0
289642,Hospitalisation,2015,22,Angle,Multi-Vehicle,152.991763,-27.417145,South Pine Rd,Western Arterial Rd,Enoggera,Ashgrove,Intersection - Cross,Operating traffic lights,60 km/h,Sealed - Dry,Darkness - Lighted,Straight,Veh'S Adjacent Approach: Thru-Right,Intersection from adjacent approaches,0,1,0,0,1,2,0,0,0,0,0,0
289661,Medical treatment,2015,14,Rear-end,Multi-Vehicle,153.015733,-27.337117,Lacey Rd,Raynbird Pl,Carseldine,Aspley,Intersection - T-Junction,No traffic control,70 km/h,Sealed - Dry,Daylight,Straight,Veh'S Same Direction: Right Rear,Rear-end,0,0,1,1,2,2,0,0,0,0,0,0
289663,Hospitalisation,2015,15,Rear-end,Multi-Vehicle,153.072266,-27.338077,Gateway Arterial Rd,,Boondall,Nudgee,No Roadway Feature,No traffic control,100 - 110 km/h,Sealed - Dry,Daylight,Curved - view open,Veh'S Same Direction: Rear End,Rear-end,0,1,0,0,1,1,1,0,0,0,0,0
289682,Hospitalisation,2015,9,Head-on,Multi-Vehicle,153.0112434,-27.46339727,Caxton St,Hale St,Petrie Terrace,Mount Coot-tha,Intersection - Interchange,Operating traffic lights,60 km/h,Sealed - Dry,Daylight,Straight,Veh'S Opposite Approach: Thru-Right,Opposing vehicles turning,0,2,0,0,2,1,0,0,1,0,0,0
289683,Hospitalisation,2015,6,Hit object,Single Vehicle,152.985794,-27.478493,Milton Rd,,Toowong,Mount Coot-tha,No Roadway Feature,No traffic control,60 km/h,Sealed - Dry,Daylight,Curved - view open,Off Path-Curve: Off Cway Lt Bend Hit Obj,Off carriageway on curve hit object,0,1,0,0,1,0,0,0,1,0,0,0
289687,Hospitalisation,2015,18,Rear-end,Multi-Vehicle,153.0415049,-27.331836,Denham St,Telegraph Rd,Fitzgibbon,Sandgate,Intersection - T-Junction,Operating traffic lights,60 km/h,Sealed - Dry,Darkness - Lighted,Straight,Veh'S Same Direction: Right Rear,Rear-end,0,1,0,0,1,2,0,0,0,0,0,0
289709,Hospitalisation,2015,15,Sideswipe,Multi-Vehicle,152.952507,-27.449386,Payne Rd,,The Gap,Ashgrove,No Roadway Feature,No traffic control,0 - 50 km/h,Sealed - Wet,Daylight,Straight,Veh'S Opposite Approach: Head On,Head-on,0,1,0,0,1,2,0,0,0,0,0,0
289711,Medical treatment,2015,21,Sideswipe,Multi-Vehicle,152.954692,-27.517387,Western Arterial Rd,,Fig Tree Pocket,Moggill,No Roadway Feature,No traffic control,80 - 90 km/h,Sealed - Dry,Darkness - Not lighted,Curved - view open,Veh'S Same Direction: Lane Side Swipe,Lane changes,0,0,1,0,1,2,0,0,0,0,0,0
289713,Medical treatment,2015,18,Angle,Multi-Vehicle,153.041492,-27.331836,Denham St,Telegraph Rd,Fitzgibbon,Sandgate,Intersection - Cross,Operating traffic lights,60 km/h,Sealed - Dry,Daylight,Straight,Veh'S Opposite Approach: Thru-Right,Opposing vehicles turning,0,0,1,0,1,2,0,0,0,0,0,0
289721,Hospitalisation,2015,5,Angle,Multi-Vehicle,153.08282,-27.433124,Fison Ave W,Kingsford Smith Dr,Eagle Farm,Clayfield,Intersection - Interchange,Operating traffic lights,60 km/h,Sealed - Dry,Daylight,Straight,Veh'S Opposite Approach: Thru-Right,Opposing vehicles turning,0,1,0,0,1,2,0,0,0,0,0,0
289740,Medical treatment,2015,11,Rear-end,Multi-Vehicle,153.027939,-27.4791603,South East Arterial Rd,,Brisbane City,Brisbane Central,Bridge/Causeway,No traffic control,80 - 90 km/h,Sealed - Dry,Daylight,Straight,Veh'S Same Direction: Rear End,Rear-end,0,0,2,0,2,2,0,0,0,0,0,0
289757,Medical treatment,2015,3,Hit object,Single Vehicle,153.067747,-27.352045,Eton Ave,,Boondall,Nudgee,No Roadway Feature,No traffic control,0 - 50 km/h,Sealed - Dry,Darkness - Lighted,Curved - view open,Off Path-Curve: Off Cway Rt Bend Hit Obj,Off carriageway on curve hit object,0,0,1,0,1,3,0,0,0,0,0,0
289779,Medical treatment,2015,10,Angle,Multi-Vehicle,153.0073143,-27.46794434,Cribb St,Milton Rd,Milton,Mount Coot-tha,Intersection - T-Junction,Operating traffic lights,60 km/h,Sealed - Dry,Daylight,Straight,Veh'S Opposite Approach: Thru-Right,Opposing vehicles turning,0,0,2,0,2,2,0,0,0,0,0,0
289780,Medical treatment,2015,1,Hit pedestrian,Hit pedestrian,153.031636,-27.455987,Barry Pde,Brunswick St,Fortitude Valley,Brisbane Central,Intersection - Cross,Operating traffic lights,60 km/h,Sealed - Dry,Darkness - Lighted,Straight,Ped'N: Far Side Vehicle Hit From Left,Pedestrian,0,0,1,0,1,1,0,0,0,0,1,0
289788,Medical treatment,2015,7,Angle,Multi-Vehicle,153.041688,-27.43067,Albion Overpass,Sandgate Rd,Albion,Clayfield,Intersection - T-Junction,Operating traffic lights,60 km/h,Sealed - Dry,Daylight,Curved - view obscured,Veh'S Adjacent Approach: Thru-Right,Intersection from adjacent approaches,0,0,1,1,2,2,0,0,0,0,0,0
289804,Hospitalisation,2015,23,Angle,Multi-Vehicle,153.03117,-27.462339,Ann St,Queen St,Brisbane City,Brisbane Central,Intersection - Cross,Operating traffic lights,60 km/h,Sealed - Dry,Darkness - Lighted,Straight,Veh'S Adjacent Approach: Thru-Thru,Intersection from adjacent approaches,0,3,0,0,3,2,0,0,0,0,0,0
289806,Hospitalisation,2015,11,Angle,Multi-Vehicle,152.991945,-27.416171,Laurel St,Western Arterial Rd,Enoggera,Ashgrove,Intersection - T-Junction,Give way sign,60 km/h,Sealed - Dry,Daylight,Straight,Veh'S Adjacent Approach: Thru-Right,Intersection from adjacent approaches,0,1,0,0,1,2,0,0,0,0,0,0
289814,Hospitalisation,2015,15,Hit pedestrian,Hit pedestrian,153.02232,-27.471312,North Quay,,Brisbane City,Brisbane Central,No Roadway Feature,No traffic control,0 - 50 km/h,Sealed - Dry,Daylight,Straight,Ped'N: Near Side Vehicle Hit From Right,Pedestrian,0,1,0,0,1,0,0,0,1,0,1,0
289815,Hospitalisation,2015,10,Angle,Multi-Vehicle,153.010958,-27.463191,Caxton St,Hale St On Ramp,Paddington,Mount Coot-tha,Intersection - Interchange,Operating traffic lights,60 km/h,Sealed - Dry,Daylight,Straight,Veh'S Opposite Approach: Thru-Right,Opposing vehicles turning,0,1,0,0,1,2,0,0,0,0,0,0
289836,Medical treatment,2015,14,Angle,Multi-Vehicle,153.01087,-27.465337,Hale St,Sexton St,Petrie Terrace,Mount Coot-tha,Intersection - T-Junction,Stop sign,0 - 50 km/h,Sealed - Dry,Daylight,Straight,Veh'S Manoeuvring: Entering From Footway,Vehicle leaving driveway,0,0,1,0,1,1,0,0,0,1,0,0
289837,Medical treatment,2015,17,Head-on,Multi-Vehicle,152.993035,-27.46411191,Murruba St,,Paddington,Mount Coot-tha,No Roadway Feature,No traffic control,0 - 50 km/h,Sealed - Dry,Daylight,Straight,Veh'S Opposite Approach: U-Turn,U-turn,0,0,1,0,1,1,1,0,0,0,0,0
289839,Hospitalisation,2015,15,Hit pedestrian,Hit pedestrian,153.068505,-27.318916,Brighton Rd,Fourth Ave,Sandgate,Sandgate,Intersection - T-Junction,Pedestrian crossing sign,0 - 50 km/h,Sealed - Dry,Daylight,Straight,Ped'N: Near Side Vehicle Hit From Right,Pedestrian,0,1,0,0,1,1,0,0,0,0,1,0
289840,Medical treatment,2015,11,Rear-end,Multi-Vehicle,153.028126,-27.377162,Gympie Arterial Rd,,Aspley,Aspley,No Roadway Feature,No traffic control,60 km/h,Sealed - Dry,Daylight,Curved - view open,Veh'S Same Direction: Rear End,Rear-end,0,0,1,0,1,3,0,0,0,0,0,0
289861,Medical treatment,2015,18,Rear-end,Multi-Vehicle,152.9379113,-27.51018289,Moggill Sub-Arterial Rd,,Kenmore,Moggill,No Roadway Feature,No traffic control,60 km/h,Sealed - Dry,Daylight,Straight,Veh'S Same Direction: Rear End,Rear-end,0,0,1,0,1,1,0,0,1,0,0,0
289868,Hospitalisation,2015,12,Head-on,Multi-Vehicle,152.949096,-27.425616,Settlement Rd,,Keperra,Ferny Grove,No Roadway Feature,No traffic control,60 km/h,Sealed - Dry,Daylight,Straight,Veh'S Opposite Approach: Head On,Head-on,0,1,2,0,3,3,0,0,0,0,0,0
289883,Hospitalisation,2016,3,Angle,Multi-Vehicle,153.029545,-27.464934,Adelaide St,Wharf St,Brisbane City,Brisbane Central,Intersection - Cross,Operating traffic lights,0 - 50 km/h,Sealed - Dry,Daylight,Straight,Veh'S Adjacent Approach: Thru-Thru,Intersection from adjacent approaches,0,1,0,0,1,2,0,0,0,0,0,0
289884,Medical treatment,2016,13,Angle,Multi-Vehicle,153.041625,-27.44986599,Montpelier Rd,Wickham St,Bowen Hills,Brisbane Central,Intersection - 5+ way,Operating traffic lights,60 km/h,Sealed - Dry,Daylight,Straight,Veh'S Adjacent Approach: Thru-Thru,Intersection from adjacent approaches,0,0,2,0,2,2,0,0,0,0,0,0
289885,Medical treatment,2016,2,Angle,Multi-Vehicle,152.974399,-27.496984,Moggill Rd,,Indooroopilly,Indooroopilly,Intersection - Roundabout,Give way sign,60 km/h,Sealed - Dry,Darkness - Lighted,Curved - view open,Veh'S Adjacent Approach: Other,Intersection from adjacent approaches,0,0,1,0,1,2,0,0,0,0,0,0
289905,Hospitalisation,2016,15,Angle,Multi-Vehicle,153.0096327,-27.46092158,Charlotte St,,Paddington,Mount Coot-tha,No Roadway Feature,No traffic control,0 - 50 km/h,Sealed - Dry,Daylight,Straight,Veh'S Opposite Approach: Thru-Right,Opposing vehicles turning,0,1,0,0,1,1,1,0,0,0,0,0
289906,Hospitalisation,2016,20,Angle,Multi-Vehicle,153.012509,-27.317753,Gympie Arterial Rd,Strathpine Sub-Arterial Rd,Bald Hills,Aspley,Intersection - Interchange,Operating traffic lights,60 km/h,Sealed - Dry,Darkness - Lighted,Straight,Veh'S Opposite Approach: Thru-Right,Opposing vehicles turning,0,2,0,0,2,2,0,0,0,0,0,0
289925,Hospitalisation,2016,6,Hit object,Single Vehicle,153.042569,-27.448887,Breakfast Ck Rd,,Bowen Hills,Brisbane Central,No Roadway Feature,No traffic control,60 km/h,Sealed - Dry,Daylight,Curved - view open,Off Path-Curve: Mounts Traffic Island,Off carriageway on curve hit object,0,1,0,0,1,0,1,0,0,0,0,0
289926,Hospitalisation,2016,18,Hit pedestrian,Hit pedestrian,153.032445,-27.455143,St Pauls Tce,,Fortitude Valley,Brisbane Central,No Roadway Feature,No traffic control,60 km/h,Sealed - Wet,Darkness - Lighted,Straight,Ped'N: Hit Other,Other,0,1,0,0,1,1,0,0,0,0,1,0
289928,Minor injury,2016,17,Rear-end,Multi-Vehicle,153.016335,-27.356092,Gympie Arterial Rd,,Aspley,Aspley,No Roadway Feature,No traffic control,70 km/h,Sealed - Dry,Daylight,Curved - view open,Veh'S Same Direction: Rear End,Rear-end,0,0,0,1,1,3,0,0,0,0,0,0
289932,Medical treatment,2016,15,Angle,Multi-Vehicle,153.070638,-27.431788,Lancaster Rd,Norman St,Ascot,Clayfield,Intersection - T-Junction,Give way sign,0 - 50 km/h,Sealed - Dry,Daylight,Straight,Veh'S Manoeuvring: Entering From Footway,Vehicle leaving driveway,0,0,2,0,2,1,0,0,0,3,0,0
289977,Hospitalisation,2016,3,Hit object,Single Vehicle,152.988903,-27.459666,Latrobe Tce,,Paddington,Mount Coot-tha,No Roadway Feature,No traffic control,0 - 50 km/h,Sealed - Dry,Darkness - Lighted,Straight,Off Path-Straight: Mounts Traffic Island,Off carriageway on straight hit object,0,1,0,0,1,1,0,0,0,0,0,0
289978,Medical treatment,2016,12,Hit parked vehicle,Single Vehicle,152.980774,-27.496352,Swann Rd,,Taringa,Indooroopilly,No Roadway Feature,No traffic control,0 - 50 km/h,Sealed - Wet,Daylight,Curved - view open,Veh'S On Path: Parked,Hit parked vehicle,0,0,1,0,1,2,0,0,0,0,0,0
289979,Medical treatment,2016,6,Hit object,Single Vehicle,152.994948,-27.335156,Roghan Rd,,Bridgeman Downs,Aspley,Bridge/Causeway,No traffic control,60 km/h,Sealed - Wet,Daylight,Straight,Off Path-Straight:Out Of Control On Cway,Out of control on straight,0,0,1,0,1,1,0,0,0,0,0,0
289980,Minor injury,2016,18,Hit object,Single Vehicle,153.047386,-27.31378,Gateway Arterial Rd,,Sandgate,Sandgate,Bridge/Causeway,No traffic control,80 - 90 km/h,Sealed - Wet,Dawn/Dusk,Curved - view obscured,Off Path-Curve: Off Cway Rt Bend Hit Obj,Off carriageway on curve hit object,0,0,0,1,1,1,0,0,0,0,0,0
289983,Medical treatment,2016,17,Sideswipe,Multi-Vehicle,152.805383,-27.556376,Mount Crosby Rd,,Mount Crosby,Moggill,No Roadway Feature,No traffic control,60 km/h,Sealed - Wet,Daylight,Curved - view obscured,Veh'S Opposite Approach: Head On,Head-on,0,0,2,0,2,2,0,0,0,0,0,0
290002,Medical treatment,2016,17,Angle,Multi-Vehicle,153.008598,-27.46904,Little Cribb St,,Milton,Mount Coot-tha,Intersection - Roundabout,Give way sign,0 - 50 km/h,Sealed - Dry,Daylight,Straight,Veh'S Manoeuvring: Leaving Driveway,Vehicle leaving driveway,0,0,1,0,1,1,0,0,0,1,0,0
290005,Hospitalisation,2016,0,Fall from vehicle,Single Vehicle,153.012828,-27.39795,Normanton St,Ringrose St,Stafford Heights,Stafford,Intersection - T-Junction,No traffic control,60 km/h,Sealed - Wet,Darkness - Lighted,Straight,Off Path-Straight: Left Turn,Off carriageway on straight,0,1,0,0,1,0,1,0,0,0,0,0
290010,Hospitalisation,2016,9,Hit pedestrian,Hit pedestrian,153.059936,-27.407774,Sandgate Sub-Arterial Rd,Union St,Nundah,Nudgee,Intersection - T-Junction,Pedestrian crossing sign,0 - 50 km/h,Sealed - Dry,Daylight,Curved - view open,Ped'N: Near Side Vehicle Hit From Right,Pedestrian,0,1,0,0,1,0,0,0,1,0,1,0
290030,Medical treatment,2016,16,Angle,Multi-Vehicle,153.026378,-27.461691,Leichhardt St,Wharf St,Spring Hill,Brisbane Central,Intersection - T-Junction,Operating traffic lights,60 km/h,Sealed - Dry,Daylight,Straight,Veh'S Adjacent Approach: Thru-Right,Intersection from adjacent approaches,0,0,1,0,1,2,1,0,0,0,0,0
290033,Hospitalisation,2016,6,Angle,Multi-Vehicle,152.965401,-27.465562,Sir Samuel Griffith Dr,,Mount Coot-tha,Mount Coot-tha,Intersection - T-Junction,No traffic control,0 - 50 km/h,Sealed - Dry,Daylight,Curved - view obscured,Veh'S Adjacent Approach: Thru-Right,Intersection from adjacent approaches,0,1,0,0,1,1,0,0,0,1,0,0
290034,Hospitalisation,2016,12,Fall from vehicle,Single Vehicle,152.990954,-27.482999,Augustus St,Jephson St,Toowong,Mount Coot-tha,Intersection - Cross,No traffic control,60 km/h,Sealed - Dry,Daylight,Straight,Off Path-Straight:Out Of Control On Cway,Out of control on straight,0,1,0,0,1,0,1,0,0,0,0,0
290035,Hospitalisation,2016,6,Hit object,Single Vehicle,153.007552,-27.410146,Byth St,Shand St,Stafford,Stafford,Intersection - T-Junction,No traffic control,60 km/h,Sealed - Dry,Daylight,Straight,Off Path-Straight: Left Off Cway Hit Obj,Off carriageway on straight hit object,0,1,0,0,1,0,1,0,0,0,0,0
290059,Medical treatment,2016,22,Rear-end,Multi-Vehicle,153.036033,-27.45205,Brookes St,,Fortitude Valley,Brisbane Central,No Roadway Feature,No traffic control,60 km/h,Sealed - Dry,Darkness - Lighted,Straight,Veh'S Same Direction: Rear End,Rear-end,0,0,1,0,1,1,1,0,0,0,0,0
290060,Hospitalisation,2016,14,Rear-end,Multi-Vehicle,153.06208,-27.285326,Redcliffe Sub-Arterial Rd,,Brighton,Sandgate,No Roadway Feature,No traffic control,80 - 90 km/h,Sealed - Dry,Daylight,Straight,Veh'S Same Direction: Rear End,Rear-end,0,1,0,0,1,2,0,0,0,0,0,0
290085,Hospitalisation,2016,3,Rear-end,Multi-Vehicle,152.980069,-27.463387,Boundary Rd,Stuartholme Rd,Bardon,Mount Coot-tha,Intersection - T-Junction,No traffic control,0 - 50 km/h,Sealed - Dry,Daylight,Curved - view open,Veh'S Same Direction: Rear End,Rear-end,0,1,0,0,1,1,1,0,0,0,0,0
290111,Medical treatment,2016,0,Hit pedestrian,Hit pedestrian,153.035493,-27.458077,Ann St,,Fortitude Valley,Brisbane Central,No Roadway Feature,No traffic control,0 - 50 km/h,Sealed - Dry,Darkness - Lighted,Straight,Ped'N: Play; Work; Stand; Lie On C'Way,Pedestrian,0,0,1,0,1,1,0,0,0,0,1,0
290114,Medical treatment,2016,13,Hit pedestrian,Hit pedestrian,153.039201,-27.354044,Battersby St,Handford Rd,Zillmere,Nudgee,Intersection - T-Junction,No traffic control,60 km/h,Sealed - Dry,Daylight,Straight,Ped'N: Near Side Vehicle Hit From Right,Pedestrian,0,0,1,0,1,1,0,0,0,0,1,0
290116,Hospitalisation,2016,23,Rear-end,Multi-Vehicle,153.0517719,-27.42195162,Sandgate Rd,,Clayfield,Clayfield,No Roadway Feature,No traffic control,60 km/h,Sealed - Dry,Darkness - Lighted,Straight,Veh'S Same Direction: Rear End,Rear-end,0,2,0,0,2,3,0,0,0,0,0,0
290159,Hospitalisation,2016,13,Fall from vehicle,Single Vehicle,153.029545,-27.464934,Adelaide St,Wharf St,Brisbane City,Brisbane Central,Intersection - Cross,Operating traffic lights,0 - 50 km/h,Sealed - Dry,Daylight,Straight,Off Path-Straight:Out Of Control On Cway,Out of control on straight,0,1,0,0,1,1,1,0,0,0,0,0
290161,Hospitalisation,2016,11,Angle,Multi-Vehicle,153.040926,-27.434436,Burrows St,Taylor St,Bowen Hills,Brisbane Central,Intersection - T-Junction,Give way sign,60 km/h,Sealed - Dry,Daylight,Curved - view open,Veh'S Adjacent Approach: Right-Thru,Intersection from adjacent approaches,0,1,0,0,1,2,0,0,0,0,0,0
290162,Medical treatment,2016,10,Rear-end,Multi-Vehicle,153.018016,-27.404902,Webster Rd,,Stafford,Stafford,No Roadway Feature,No traffic control,60 km/h,Sealed - Dry,Daylight,Straight,Veh'S Same Direction: Rear End,Rear-end,0,0,2,0,2,2,0,0,0,0,0,0
290170,Medical treatment,2016,5,Angle,Multi-Vehicle,153.082839,-27.433127,Fison Ave W,Kingsford Smith Dr,Eagle Farm,Clayfield,Intersection - Interchange,Operating traffic lights,60 km/h,Sealed - Dry,Daylight,Straight,Veh'S Opposite Approach: Thru-Right,Opposing vehicles turning,0,0,1,0,1,1,0,1,0,0,0,0
290189,Medical treatment,2016,23,Rear-end,Multi-Vehicle,153.040537,-27.452722,Ann St,Commercial Rd,Fortitude Valley,Brisbane Central,Intersection - T-Junction,No traffic control,60 km/h,Sealed - Dry,Darkness - Lighted,Straight,Veh'S Same Direction: Left Rear,Rear-end,0,0,1,0,1,2,0,0,0,0,0,0
290191,Medical treatment,2016,16,Rear-end,Multi-Vehicle,153.0318891,-27.40469538,Gympie Arterial Rd,,Kedron,Stafford,No Roadway Feature,No traffic control,60 km/h,Sealed - Dry,Daylight,Straight,Veh'S Same Direction: Rear End,Rear-end,0,0,1,0,1,2,0,0,0,0,0,0
290192,Medical treatment,2016,17,Rear-end,Multi-Vehicle,153.033467,-27.41148,Gympie Arterial Rd,Leckie Rd,Kedron,Stafford,Intersection - T-Junction,Give way sign,60 km/h,Sealed - Dry,Dawn/Dusk,Curved - view open,Veh'S Same Direction: Left Rear,Rear-end,0,0,1,0,1,1,0,0,1,0,0,0
290198,Medical treatment,2016,6,Fall from vehicle,Single Vehicle,153.023014,-27.435438,Eildon Rd,Silvester St,Wilston,Stafford,Intersection - T-Junction,No traffic control,0 - 50 km/h,Sealed - Dry,Daylight,Curved - view open,Pass & Misc: Fell In/From Vehicle,Other,0,0,1,0,1,0,0,0,0,1,0,0
290221,Medical treatment,2016,7,Rear-end,Multi-Vehicle,153.009537,-27.400882,Appleby Rd,Wilgarning St,Stafford Heights,Stafford,Intersection - Roundabout,Give way sign,60 km/h,Sealed - Dry,Daylight,Straight,Veh'S Same Direction: Rear End,Rear-end,0,0,1,0,1,2,0,0,0,0,0,0
290222,Hospitalisation,2016,20,Angle,Multi-Vehicle,153.0474155,-27.35140018,Beams Rd,,Zillmere,Sandgate,No Roadway Feature,No traffic control,60 km/h,Sealed - Dry,Darkness - Lighted,Straight,Veh'S Opposite Approach: Thru-Right,Opposing vehicles turning,0,2,0,0,2,2,0,0,0,0,0,0
290223,Hospitalisation,2016,17,Angle,Multi-Vehicle,153.0236342,-27.37251833,Ellison Rd,Webster Rd,Aspley,Aspley,Intersection - T-Junction,Give way sign,60 km/h,Sealed - Dry,Daylight,Straight,Veh'S Opposite Approach: Thru-Right,Opposing vehicles turning,0,1,1,0,2,2,0,0,0,0,0,0
290224,Medical treatment,2016,9,Angle,Multi-Vehicle,153.039384,-27.359608,Zillmere Rd,,Zillmere,Nudgee,No Roadway Feature,No traffic control,60 km/h,Sealed - Dry,Daylight,Straight,Veh'S Opposite Approach: Thru-Right,Opposing vehicles turning,0,0,1,0,1,1,1,0,0,0,0,0
290225,Hospitalisation,2016,21,Angle,Multi-Vehicle,153.029422,-27.379051,Gympie Arterial Rd,Murphy Rd,Chermside,Aspley,Intersection - T-Junction,Operating traffic lights,60 km/h,Sealed - Dry,Darkness - Lighted,Straight,Veh'S Adjacent Approach: Thru-Right,Intersection from adjacent approaches,0,1,0,0,1,1,0,1,0,0,0,0
290232,Medical treatment,2016,12,Fall from vehicle,Single Vehicle,153.0311369,-27.43718545,Lutwyche Rd,,Windsor,Brisbane Central,No Roadway Feature,No traffic control,60 km/h,Sealed - Dry,Daylight,Straight,Off Path-Straight:Out Of Control On Cway,Out of control on straight,0,0,1,0,1,1,1,0,0,0,0,0
290265,Hospitalisation,2016,9,Angle,Multi-Vehicle,152.996028,-27.450842,Arthur Tce,Fairfax St,Red Hill,Mount Coot-tha,Intersection - T-Junction,Stop sign,0 - 50 km/h,Sealed - Dry,Daylight,Straight,Veh'S Adjacent Approach: Thru-Right,Intersection from adjacent approaches,0,2,0,0,2,2,0,0,0,0,0,0
290266,Medical treatment,2016,18,Rear-end,Multi-Vehicle,153.028211,-27.463559,Turbot St,Wharf St,Spring Hill,Brisbane Central,Intersection - Cross,Operating traffic lights,60 km/h,Sealed - Dry,Dawn/Dusk,Straight,Veh'S Same Direction: Rear End,Rear-end,0,0,1,0,1,2,0,0,0,0,0,0
290267,Fatal,2016,18,Hit object,Single Vehicle,152.871878,-27.553425,Sugars Rd,,Anstead,Moggill,No Roadway Feature,No traffic control,60 km/h,Sealed - Dry,Daylight,Straight,Off Path-Straight:Right Off Cway Hit Obj,Off carriageway on straight hit object,1,1,0,0,2,1,0,0,0,0,0,0
290271,Hospitalisation,2016,6,Angle,Multi-Vehicle,153.035457,-27.374156,Ellison Rd,Murphy Rd,Geebung,Nudgee,Intersection - Roundabout,Give way sign,60 km/h,Sealed - Dry,Daylight,Straight,Veh'S Adjacent Approach: Thru-Thru,Intersection from adjacent approaches,0,1,0,0,1,2,0,0,0,0,0,0
290272,Minor injury,2016,15,Rear-end,Multi-Vehicle,153.026437,-27.365258,Kirby Rd,Robinson Rd W,Aspley,Nudgee,Intersection - Roundabout,Give way sign,60 km/h,Sealed - Dry,Daylight,Straight,Veh'S Same Direction: Rear End,Rear-end,0,0,0,1,1,2,0,0,0,0,0,0
290273,Medical treatment,2016,17,Rear-end,Multi-Vehicle,153.020328,-27.37124087,Gympie Arterial Rd,,Aspley,Aspley,No Roadway Feature,Operating traffic lights,60 km/h,Sealed - Dry,Daylight,Straight,Veh'S Same Direction: Rear End,Rear-end,0,0,1,0,1,2,0,0,0,0,0,0
290281,Medical treatment,2016,17,Rear-end,Multi-Vehicle,153.096439,-27.37328,Gateway Arterial Rd,,Nudgee,Nudgee,No Roadway Feature,No traffic control,100 - 110 km/h,Sealed - Dry,Daylight,Straight,Veh'S Same Direction: Rear End,Rear-end,0,0,1,0,1,2,0,0,0,0,0,0
290306,Medical treatment,2016,6,Hit object,Single Vehicle,153.040564,-27.312773,Gateway Arterial Rd,,Bracken Ridge,Sandgate,Bridge/Causeway,No traffic control,100 - 110 km/h,Sealed - Dry,Daylight,Curved - view obscured,Off Path-Curve: Out Of Control On Cway,Out of control on curve,0,0,1,0,1,1,0,0,0,0,0,0
290308,Hospitalisation,2016,8,Rear-end,Multi-Vehicle,153.028343,-27.377338,Gympie Arterial Rd,,Aspley,Aspley,No Roadway Feature,No traffic control,70 km/h,Sealed - Wet,Daylight,Straight,Veh'S Same Direction: Rear End,Rear-end,0,1,2,0,3,4,0,0,0,0,0,0
290312,Medical treatment,2016,22,Rear-end,Multi-Vehicle,153.03283,-27.428738,Albion Rd,Lutwyche Rd,Windsor,Brisbane Central,Intersection - T-Junction,Operating traffic lights,60 km/h,Sealed - Dry,Darkness - Lighted,Curved - view open,Veh'S Same Direction: Rear End,Rear-end,0,0,1,0,1,2,0,0,0,0,0,0
290313,Minor injury,2016,19,Rear-end,Multi-Vehicle,153.0706138,-27.4392202,Remora Rd,,Hamilton,Clayfield,No Roadway Feature,No traffic control,60 km/h,Sealed - Dry,Daylight,Straight,Veh'S Same Direction: Rear End,Rear-end,0,0,0,1,1,2,0,0,0,0,0,0
290314,Medical treatment,2016,9,Rear-end,Multi-Vehicle,153.031668,-27.402202,Gympie Arterial Rd,,Kedron,Clayfield,No Roadway Feature,No traffic control,60 km/h,Sealed - Dry,Daylight,Straight,Veh'S Same Direction: Rear End,Rear-end,0,0,1,0,1,3,0,0,0,0,0,0
290336,Medical treatment,2016,12,Angle,Multi-Vehicle,153.031458,-27.398308,Childers St,Gympie Arterial Rd,Kedron,Nudgee,Intersection - T-Junction,No traffic control,60 km/h,Sealed - Dry,Daylight,Straight,Veh'S Opposite Approach: Thru-Right,Opposing vehicles turning,0,0,2,0,2,2,0,0,0,0,0,0
290337,Medical treatment,2016,10,Angle,Multi-Vehicle,152.9911076,-27.34894239,Bronson St,,Bridgeman Downs,Aspley,No Roadway Feature,No traffic control,60 km/h,Sealed - Dry,Daylight,Straight,Veh'S Manoeuvring: Entering From Footway,Vehicle leaving driveway,0,0,1,0,1,2,0,0,0,0,0,0
290357,Hospitalisation,2016,8,Angle,Multi-Vehicle,153.02644,-27.463357,Astor Tce,Cousins St,Spring Hill,Brisbane Central,Intersection - T-Junction,No traffic control,0 - 50 km/h,Sealed - Dry,Daylight,Straight,Veh'S Same Direction: Right Turn S/Swipe,Parallel lanes turning,0,1,0,0,1,2,1,0,0,0,0,0