Crash_Ref_Number,Severity,Year,Hour,Crash_Nature,Crash_Type,Longitude,Latitude,Street,Street_Intersecting,Suburb,Loc_State_Electorate,Crash_Roadway_Feature,Crash_Traffic_Control,Crash_Speed_Limit,Crash_Road_Surface_Condition,Crash_Lighting_Condition,Crash_Road_Horiz_Align,Crash_DCA_Description,Crash_DCA_Group_Description,Count_Casualty_Fatality,Count_Casualty_Hospitalised,Count_Casualty_MedicallyTreated,Count_Casualty_MinorInjury,Count_Casualty_Total,Count_Unit_Car,Count_Unit_Motorcycle_Moped,Count_Unit_Truck,Count_Unit_Bus,Count_Unit_Bicycle,Count_Unit_Pedestrian,Count_Unit_Other
290358,Medical treatment,2016,15,Rear-end,Multi-Vehicle,152.953495,-27.508312,Moggill Sub-Arterial Rd,,Chapel Hill,Moggill,No Roadway Feature,No traffic control,60 km/h,Sealed - Dry,Daylight,Curved - view open,Veh'S Same Direction: Rear End,Rear-end,0,0,1,0,1,3,0,0,0,0,0,0
290359,Minor injury,2016,8,Angle,Multi-Vehicle,153.031444,-27.401852,Edinburgh Castle Rd,Gympie Arterial Rd,Kedron,Stafford,Intersection - T-Junction,Give way sign,60 km/h,Sealed - Dry,Daylight,Straight,Veh'S Adjacant Approach: Thru-Left,Intersection from adjacent approaches,0,0,0,1,1,1,1,0,0,0,0,0
290379,Medical treatment,2016,6,Head-on,Multi-Vehicle,152.974911,-27.449434,Atthow Ave,,Ashgrove,Ashgrove,No Roadway Feature,No traffic control,0 - 50 km/h,Sealed - Dry,Daylight,Curved - view open,Veh'S Opposite Approach: Head On,Head-on,0,0,1,0,1,1,0,0,0,1,0,0
290380,Medical treatment,2016,9,Angle,Multi-Vehicle,152.9875122,-27.46715364,Runic St,Western Arterial Rd,Bardon,Mount Coot-tha,Intersection - Roundabout,Give way sign,60 km/h,Sealed - Dry,Daylight,Curved - view open,Veh'S Adjacant Approach: Thru-Left,Intersection from adjacent approaches,0,0,1,0,1,2,0,0,0,0,0,0
290381,Medical treatment,2016,7,Hit pedestrian,Hit pedestrian,153.006398,-27.461881,Given Tce,Guthrie St,Paddington,Mount Coot-tha,Intersection - T-Junction,Operating traffic lights,0 - 50 km/h,Sealed - Dry,Daylight,Straight,Ped'N: Near Side Vehicle Hit From Right,Pedestrian,0,0,1,0,1,1,0,0,0,0,1,0
290382,Medical treatment,2016,9,Rear-end,Multi-Vehicle,153.0154019,-27.46320634,Countess St,,Petrie Terrace,Brisbane Central,No Roadway Feature,No traffic control,60 km/h,Sealed - Dry,Daylight,Straight,Veh'S Same Direction: Rear End,Rear-end,0,0,1,0,1,3,0,0,0,0,0,0
290383,Minor injury,2016,17,Rear-end,Multi-Vehicle,153.028211,-27.463559,Turbot St,Wharf St,Spring Hill,Brisbane Central,Intersection - Cross,Operating traffic lights,60 km/h,Sealed - Dry,Daylight,Straight,Veh'S Same Direction: Rear End,Rear-end,0,0,0,1,1,1,1,0,0,0,0,0
290384,Medical treatment,2016,15,Sideswipe,Multi-Vehicle,153.020927,-27.463014,Twine St,Wickham Tce,Brisbane City,Brisbane Central,Intersection - T-Junction,No traffic control,60 km/h,Sealed - Dry,Daylight,Straight,Veh'S Overtaking: Overtake-Right Turn,Overtaking same direction,0,0,1,0,1,1,1,0,0,0,0,0
290392,Medical treatment,2016,17,Angle,Multi-Vehicle,153.047478,-27.405052,Shaw Rd,,Wavell Heights,Clayfield,No Roadway Feature,No traffic control,0 - 50 km/h,Sealed - Dry,Daylight,Straight,Off Path-Straight: Other,Other,0,0,1,0,1,1,0,0,0,1,0,0
290418,Hospitalisation,2016,8,Hit pedestrian,Hit pedestrian,153.042661,-27.464466,Annie St,Brunswick St,New Farm,Brisbane Central,Intersection - Cross,Operating traffic lights,0 - 50 km/h,Sealed - Dry,Daylight,Straight,Ped'N: Near Side Vehicle Hit From Right,Pedestrian,0,1,0,0,1,1,0,0,0,0,1,0
290419,Medical treatment,2016,2,Hit object,Single Vehicle,153.039397,-27.312782,Bracken Ridge Rd,Bracken St,Bracken Ridge,Sandgate,Intersection - T-Junction,Operating traffic lights,60 km/h,Sealed - Dry,Darkness - Lighted,Straight,Off Path-Straight: Left Off Cway Hit Obj,Off carriageway on straight hit object,0,0,1,0,1,1,0,0,0,0,0,0
290420,Medical treatment,2016,3,Rear-end,Multi-Vehicle,153.045969,-27.330729,Telegraph Rd,,Deagon,Sandgate,No Roadway Feature,No traffic control,60 km/h,Sealed - Dry,Daylight,Straight,Veh'S Same Direction: Rear End,Rear-end,0,0,2,0,2,2,0,0,0,0,0,0
290421,Hospitalisation,2016,20,Angle,Multi-Vehicle,153.016932,-27.410534,East - West Arterial Rd,Webster Rd,Stafford,Stafford,Intersection - Cross,Operating traffic lights,60 km/h,Sealed - Dry,Darkness - Lighted,Straight,Veh'S Opposite Approach: Thru-Right,Opposing vehicles turning,0,1,0,0,1,2,0,0,0,0,0,0
290424,Minor injury,2016,15,Rear-end,Multi-Vehicle,153.023408,-27.37594,Pie St,Webster Rd,Aspley,Aspley,Intersection - Cross,Operating traffic lights,60 km/h,Sealed - Dry,Daylight,Straight,Veh'S Same Direction: Rear End,Rear-end,0,0,0,1,1,2,0,0,0,0,0,0
290425,Medical treatment,2016,16,Rear-end,Multi-Vehicle,153.059425,-27.343762,Roghan Rd,,Boondall,Nudgee,No Roadway Feature,No traffic control,60 km/h,Sealed - Dry,Daylight,Straight,Veh'S Same Direction: Right Rear,Rear-end,0,0,1,0,1,2,0,0,0,0,0,0
290431,Medical treatment,2016,16,Rear-end,Multi-Vehicle,153.070324,-27.43760937,Kingsford Smith Dr,,Hamilton,Clayfield,No Roadway Feature,No traffic control,60 km/h,Sealed - Dry,Daylight,Straight,Veh'S Same Direction: Rear End,Rear-end,0,0,1,0,1,2,0,0,0,0,0,0
290449,Hospitalisation,2016,11,Rear-end,Multi-Vehicle,152.9903874,-27.44233616,Dalmore St,Western Arterial Rd,Ashgrove,Ashgrove,Intersection - T-Junction,No traffic control,60 km/h,Sealed - Dry,Daylight,Straight,Veh'S Same Direction: Rear End,Rear-end,0,1,1,0,2,3,0,1,0,0,0,0
290450,Medical treatment,2016,22,Hit object,Single Vehicle,152.922314,-27.43511,Mount Nebo Rd,,Enoggera Reservoir,Ashgrove,No Roadway Feature,No traffic control,70 km/h,Sealed - Dry,Darkness - Not lighted,Curved - view obscured,Off Path-Curve: Out Of Control On Cway,Out of control on curve,0,0,1,0,1,1,0,0,0,0,0,0
290452,Medical treatment,2016,17,Rear-end,Multi-Vehicle,152.954619,-27.515625,Fig Tree Pocket Rd,,Chapel Hill,Moggill,No Roadway Feature,No traffic control,60 km/h,Sealed - Dry,Daylight,Straight,Veh'S Same Direction: Rear End,Rear-end,0,0,1,0,1,3,0,0,0,0,0,0
290454,Medical treatment,2016,6,Angle,Multi-Vehicle,153.044158,-27.338191,Lemke Rd,Taigum Pl,Taigum,Sandgate,Intersection - T-Junction,No traffic control,60 km/h,Sealed - Dry,Daylight,Straight,Veh'S Adjacent Approach: Thru-Right,Intersection from adjacent approaches,0,0,3,0,3,2,0,0,0,0,0,0
290462,Medical treatment,2016,9,Angle,Multi-Vehicle,153.045228,-27.428015,Ford St,Sandgate Rd,Clayfield,Clayfield,Intersection - T-Junction,Stop sign,60 km/h,Sealed - Dry,Daylight,Straight,Veh'S Adjacent Approach: Thru-Right,Intersection from adjacent approaches,0,0,1,1,2,2,0,0,0,0,0,0
290491,Hospitalisation,2016,20,Fall from vehicle,Single Vehicle,153.038559,-27.44395,Abbotsford Rd,Folkestone St,Bowen Hills,Brisbane Central,Intersection - T-Junction,Operating traffic lights,60 km/h,Sealed - Dry,Darkness - Lighted,Straight,Veh'S Same Direction: Left Rear,Rear-end,0,1,0,0,1,1,1,0,0,0,0,0
290493,Hospitalisation,2016,0,Hit object,Single Vehicle,153.0289665,-27.3110983,Bracken Ridge Rd,Norris Rd,Bracken Ridge,Sandgate,Intersection - T-Junction,Operating traffic lights,60 km/h,Sealed - Dry,Darkness - Lighted,Straight,Off Path-Straight: Right Turn,Off carriageway on straight,0,1,1,0,2,1,0,0,0,0,0,0
290497,Minor injury,2016,17,Rear-end,Multi-Vehicle,153.0594164,-27.34215354,Sandgate Sub-Arterial Rd,,Boondall,Nudgee,No Roadway Feature,No traffic control,60 km/h,Sealed - Dry,Daylight,Straight,Veh'S Same Direction: Rear End,Rear-end,0,0,0,1,1,2,0,0,0,0,0,0
290505,Medical treatment,2016,7,Angle,Multi-Vehicle,153.04106,-27.430572,Albion Overpass,Hudson Rd,Albion,Clayfield,Intersection - Cross,Operating traffic lights,60 km/h,Sealed - Dry,Daylight,Straight,Veh'S Opposite Approach: Thru-Right,Opposing vehicles turning,0,0,3,0,3,2,0,0,0,0,0,0
290506,Medical treatment,2016,16,Rear-end,Multi-Vehicle,153.063298,-27.381129,Sandgate Sub-Arterial Rd,,Virginia,Nudgee,No Roadway Feature,No traffic control,60 km/h,Sealed - Dry,Daylight,Straight,Veh'S Same Direction: Rear End,Rear-end,0,0,1,0,1,4,0,0,0,0,0,0
290531,Medical treatment,2016,4,Hit parked vehicle,Single Vehicle,152.962684,-27.491862,Blackstone St,Carinya St,Indooroopilly,Indooroopilly,No Roadway Feature,No traffic control,0 - 50 km/h,Sealed - Dry,Daylight,Straight,Veh'S On Path: Parked,Hit parked vehicle,0,0,1,0,1,2,0,0,0,0,0,0
290533,Hospitalisation,2016,9,Angle,Multi-Vehicle,153.01132,-27.409682,East - West Arterial Rd,Windorah St,Stafford,Stafford,Intersection - T-Junction,Operating traffic lights,60 km/h,Sealed - Dry,Daylight,Straight,Veh'S Opposite Approach: Thru-Right,Opposing vehicles turning,0,1,0,0,1,3,0,0,0,0,0,0
290534,Medical treatment,2016,12,Fall from vehicle,Single Vehicle,153.027107,-27.411781,East - West Arterial Rd,Glenfern Ave,Kedron,Stafford,Intersection - T-Junction,Give way sign,60 km/h,Sealed - Dry,Daylight,Straight,Veh'S Same Direction: Rear End,Rear-end,0,0,1,0,1,1,1,0,0,0,0,0
290540,Hospitalisation,2016,16,Hit pedestrian,Hit pedestrian,153.027272,-27.43209,Jessop St,,Windsor,Brisbane Central,No Roadway Feature,No traffic control,0 - 50 km/h,Sealed - Dry,Daylight,Straight,Pass & Misc: Parked Car Ran Away,Other,0,2,0,0,2,1,0,0,0,0,2,0
290567,Hospitalisation,2016,17,Hit pedestrian,Hit pedestrian,152.990882,-27.407475,Griffith St,Western Arterial Rd,Everton Park,Everton,Intersection - Cross,Operating traffic lights,60 km/h,Sealed - Dry,Daylight,Straight,Ped'N: Far Side Vehicle Hit From Left,Pedestrian,0,1,0,0,1,1,0,0,0,0,1,0
290586,Hospitalisation,2016,16,Sideswipe,Multi-Vehicle,153.02673,-27.46985486,Elizabeth St,,Brisbane City,Brisbane Central,No Roadway Feature,No traffic control,0 - 50 km/h,Sealed - Dry,Daylight,Straight,Veh'S Same Direction: Lane Change Left,Lane changes,0,1,0,0,1,1,1,0,0,0,0,0
290616,Minor injury,2016,14,Angle,Multi-Vehicle,152.990769,-27.443173,Globe St,Western Arterial Rd,Ashgrove,Ashgrove,Intersection - T-Junction,Give way sign,60 km/h,Sealed - Wet,Daylight,Straight,Veh'S Adjacant Approach: Thru-Left,Intersection from adjacent approaches,0,0,0,1,1,1,1,0,0,0,0,0
290617,Minor injury,2016,0,Rear-end,Multi-Vehicle,153.035443,-27.457614,Warner St,,Fortitude Valley,Brisbane Central,No Roadway Feature,No traffic control,0 - 50 km/h,Sealed - Wet,Daylight,Straight,Veh'S Same Direction: Left Rear,Rear-end,0,0,0,1,1,2,0,0,0,0,0,0
290619,Hospitalisation,2016,12,Hit object,Single Vehicle,152.9931816,-27.35670099,Beckett Rd,,Bridgeman Downs,Aspley,No Roadway Feature,No traffic control,70 km/h,Sealed - Dry,Daylight,Curved - view obscured,Off Path-Curve: Mounts Traffic Island,Off carriageway on curve hit object,0,1,0,0,1,0,1,0,0,0,0,0
290622,Medical treatment,2016,2,Hit object,Single Vehicle,153.081241,-27.379666,Earnshaw Rd,Tufnell Rd,Banyo,Nudgee,Intersection - Roundabout,Give way sign,0 - 50 km/h,Sealed - Wet,Darkness - Lighted,Straight,Off Path-Straight: Left Off Cway Hit Obj,Off carriageway on straight hit object,0,0,1,0,1,1,0,0,0,0,0,0
290623,Medical treatment,2016,11,Rear-end,Multi-Vehicle,153.064299,-27.439294,Kingsford Smith Dr,Racecourse Rd,Hamilton,Clayfield,Intersection - Cross,Operating traffic lights,60 km/h,Sealed - Wet,Daylight,Straight,Veh'S Same Direction: Rear End,Rear-end,0,0,1,0,1,3,0,0,0,0,0,0
290643,Medical treatment,2016,20,Angle,Multi-Vehicle,153.036758,-27.459193,Berwick St,Brunswick St,Fortitude Valley,Brisbane Central,No Roadway Feature,No traffic control,0 - 50 km/h,Sealed - Dry,Darkness - Lighted,Straight,Veh'S Manoeuvring: Other,Other,0,0,1,0,1,1,0,0,0,1,0,0
290644,Medical treatment,2016,5,Rear-end,Multi-Vehicle,153.026958,-27.4512392,Inner City Bypass,,Herston,Brisbane Central,No Roadway Feature,No traffic control,80 - 90 km/h,Sealed - Dry,Dawn/Dusk,Straight,Veh'S Same Direction: Lane Change Right,Lane changes,0,0,1,0,1,2,0,0,0,0,0,0
290645,Medical treatment,2016,20,Hit object,Single Vehicle,152.965944,-27.501024,Moggill Rd,,Indooroopilly,Indooroopilly,No Roadway Feature,No traffic control,60 km/h,Sealed - Dry,Darkness - Lighted,Curved - view obscured,Off Path-Curve: Mounts Traffic Island,Off carriageway on curve hit object,0,0,1,0,1,1,0,0,0,0,0,0
290647,Hospitalisation,2016,9,Overturned,Single Vehicle,153.071811,-27.34731,Bicentennial Rd,Melaleuca Dr,Boondall,Nudgee,Intersection - Roundabout,No traffic control,60 km/h,Sealed - Dry,Daylight,Curved - view open,Off Path-Curve: Out Of Control On Cway,Out of control on curve,0,1,0,0,1,0,0,1,0,0,0,0
290648,Hospitalisation,2016,7,Rear-end,Multi-Vehicle,153.0613,-27.36054,Sandgate Sub-Arterial Rd,,Boondall,Nudgee,No Roadway Feature,No traffic control,70 km/h,Sealed - Dry,Daylight,Straight,Veh'S Same Direction: Rear End,Rear-end,0,1,0,0,1,2,0,0,0,0,0,0
290649,Medical treatment,2016,17,Angle,Multi-Vehicle,153.048016,-27.401819,Buckland Rd,Shaw Rd,Wavell Heights,Clayfield,Intersection - Cross,Operating traffic lights,60 km/h,Sealed - Dry,Daylight,Straight,Veh'S Opposite Approach: Thru-Right,Opposing vehicles turning,0,0,1,0,1,2,0,0,0,0,0,0
290650,Fatal,2016,14,Hit parked vehicle,Single Vehicle,153.100711,-27.443659,Gateway Arterial Rd,,Eagle Farm,Clayfield,Bridge/Causeway,No traffic control,80 - 90 km/h,Sealed - Dry,Daylight,Straight,Veh'S On Path: Accident Or Broken Down,Hit parked vehicle,1,0,0,0,1,1,0,1,0,0,0,0
290676,Medical treatment,2016,8,Angle,Multi-Vehicle,153.028034,-27.461369,Boundary St,,Spring Hill,Brisbane Central,No Roadway Feature,No traffic control,60 km/h,Sealed - Dry,Daylight,Straight,Veh'S Opposite Approach: U-Turn,U-turn,0,0,1,0,1,1,1,0,0,0,0,0
290678,Medical treatment,2016,7,Hit parked vehicle,Single Vehicle,152.947554,-27.514762,Euree St,,Kenmore,Moggill,No Roadway Feature,No traffic control,0 - 50 km/h,Sealed - Dry,Daylight,Straight,Veh'S On Path: Parked,Hit parked vehicle,0,0,1,0,1,4,0,0,0,0,0,0
290681,Medical treatment,2016,17,Rear-end,Multi-Vehicle,153.013369,-27.321328,Gympie Arterial Rd,Strathpine Rd,Bald Hills,Aspley,Intersection - Interchange,No traffic control,100 - 110 km/h,Sealed - Dry,Daylight,Curved - view open,Veh'S Same Direction: Rear End,Rear-end,0,0,1,0,1,2,0,0,0,0,0,0
290709,Medical treatment,2016,16,Rear-end,Multi-Vehicle,152.996329,-27.482917,Coronation Dr,Landsborough Tce,Toowong,Mount Coot-tha,Intersection - T-Junction,No traffic control,60 km/h,Sealed - Wet,Daylight,Straight,Veh'S Same Direction: Rear End,Rear-end,0,0,1,0,1,2,0,0,0,0,0,0
290717,Hospitalisation,2016,14,Rear-end,Multi-Vehicle,153.053337,-27.420423,Sandgate Rd,,Clayfield,Clayfield,No Roadway Feature,No traffic control,60 km/h,Sealed - Dry,Daylight,Straight,Veh'S Same Direction: Rear End,Rear-end,0,1,0,0,1,1,0,1,0,0,0,0
290718,Hospitalisation,2016,8,Angle,Multi-Vehicle,152.98708,-27.402755,Everton Park - Albany Creek Rd,Pullen Rd,Everton Park,Everton,Intersection - T-Junction,Operating traffic lights,60 km/h,Sealed - Dry,Daylight,Curved - view open,Veh'S Opposite Approach: Thru-Right,Opposing vehicles turning,0,1,0,0,1,2,0,0,0,0,0,0
290742,Medical treatment,2016,12,Sideswipe,Multi-Vehicle,153.011589,-27.457655,Musgrave Rd,,Red Hill,Mount Coot-tha,No Roadway Feature,No traffic control,60 km/h,Sealed - Wet,Daylight,Straight,Veh'S Same Direction: Lane Change Left,Lane changes,0,0,1,0,1,2,0,0,0,0,0,0
290743,Hospitalisation,2016,19,Angle,Multi-Vehicle,153.04201,-27.45839,Harcourt St,James St,New Farm,Brisbane Central,Intersection - Cross,Stop sign,0 - 50 km/h,Sealed - Wet,Darkness - Lighted,Straight,Veh'S Adjacent Approach: Thru-Thru,Intersection from adjacent approaches,0,1,0,0,1,1,1,0,0,0,0,0
290744,Hospitalisation,2016,5,Fall from vehicle,Single Vehicle,152.913941,-27.51963,Pullenvale Rd,,Pullenvale,Moggill,No Roadway Feature,No traffic control,60 km/h,Sealed - Dry,Daylight,Curved - view open,Off Path-Curve: Out Of Control On Cway,Out of control on curve,0,1,0,0,1,0,1,0,0,0,0,0
290745,Hospitalisation,2016,11,Angle,Multi-Vehicle,152.949307,-27.507299,Moggill Sub-Arterial Rd,,Kenmore,Moggill,Intersection - T-Junction,Operating traffic lights,60 km/h,Sealed - Dry,Daylight,Straight,Veh'S Opposite Approach: Thru-Right,Opposing vehicles turning,0,2,0,0,2,1,0,1,0,0,0,0
290746,Hospitalisation,2016,10,Rear-end,Multi-Vehicle,153.029016,-27.331616,Telegraph Rd,,Fitzgibbon,Sandgate,No Roadway Feature,No traffic control,60 km/h,Sealed - Dry,Daylight,Straight,Veh'S Same Direction: Rear End,Rear-end,0,1,0,0,1,2,0,0,0,0,0,0
290751,Hospitalisation,2016,9,Angle,Multi-Vehicle,152.936971,-27.401856,Arbor St,Samford Sub-Arterial Rd,Ferny Grove,Ferny Grove,Intersection - T-Junction,Operating traffic lights,60 km/h,Sealed - Dry,Daylight,Straight,Veh'S Opposite Approach: Thru-Right,Opposing vehicles turning,0,1,0,1,2,2,0,0,0,0,0,0
290774,Medical treatment,2016,10,Angle,Multi-Vehicle,153.027859,-27.466239,Adelaide St,Creek St,Brisbane City,Brisbane Central,Intersection - Cross,Operating traffic lights,0 - 50 km/h,Sealed - Dry,Daylight,Straight,Veh'S Adjacent Approach: Thru-Thru,Intersection from adjacent approaches,0,0,2,0,2,2,0,0,0,0,0,0
290775,Medical treatment,2016,16,Rear-end,Multi-Vehicle,153.029177,-27.473291,Alice St,,Brisbane City,Brisbane Central,No Roadway Feature,No traffic control,0 - 50 km/h,Sealed - Dry,Daylight,Straight,Veh'S Same Direction: Rear End,Rear-end,0,0,1,0,1,2,0,0,0,0,0,0
290776,Minor injury,2016,10,Rear-end,Multi-Vehicle,153.029368,-27.467787,Creek St,Elizabeth St,Brisbane City,Brisbane Central,Intersection - Cross,Operating traffic lights,0 - 50 km/h,Sealed - Dry,Daylight,Straight,Veh'S Same Direction: Right Rear,Rear-end,0,0,0,1,1,2,0,0,0,0,0,0
290777,Hospitalisation,2016,8,Angle,Multi-Vehicle,153.041896,-27.47185629,Griffith St,,New Farm,Brisbane Central,No Roadway Feature,No traffic control,0 - 50 km/h,Sealed - Dry,Daylight,Straight,Veh'S Manoeuvring: Entering From Footway,Vehicle leaving driveway,0,1,0,0,1,1,0,0,0,1,0,0
290780,Medical treatment,2016,16,Rear-end,Multi-Vehicle,153.016656,-27.356299,Gympie Arterial Rd,Zillmere Rd,Aspley,Aspley,Merge Lane,Give way sign,60 km/h,Sealed - Dry,Daylight,Curved - view obscured,Veh'S Same Direction: Left Rear,Rear-end,0,0,1,0,1,2,0,0,0,0,0,0
290781,Hospitalisation,2016,14,Angle,Multi-Vehicle,153.059676,-27.343788,Roghan Rd,Sandgate Sub-Arterial Rd,Boondall,Nudgee,Intersection - Cross,Operating traffic lights,70 km/h,Sealed - Dry,Daylight,Straight,Veh'S Adjacent Approach: Thru-Thru,Intersection from adjacent approaches,0,1,0,0,1,3,0,0,0,0,0,0
290803,Medical treatment,2016,15,Angle,Multi-Vehicle,152.978683,-27.492917,Moggill Rd,Moorak St,Taringa,Indooroopilly,Intersection - T-Junction,Operating traffic lights,0 - 50 km/h,Sealed - Dry,Daylight,Straight,Veh'S Adjacent Approach: Right-Right,Intersection from adjacent approaches,0,0,2,0,2,1,0,1,0,0,0,0
290804,Medical treatment,2016,8,Sideswipe,Multi-Vehicle,152.989395,-27.488533,Moggill Rd,,Toowong,Mount Coot-tha,No Roadway Feature,No traffic control,60 km/h,Sealed - Dry,Daylight,Straight,Veh'S Same Direction: Lane Change Left,Lane changes,0,0,1,0,1,1,0,1,0,0,0,0
290808,Medical treatment,2016,10,Rear-end,Multi-Vehicle,153.008227,-27.331123,Invalid Street From Police,,Bridgeman Downs,Aspley,Intersection - T-Junction,Give way sign,60 km/h,Sealed - Dry,Daylight,Straight,Veh'S Same Direction: Left Rear,Rear-end,0,0,1,0,1,2,0,0,0,0,0,0
290810,Hospitalisation,2016,8,Angle,Multi-Vehicle,153.008504,-27.406286,Appleby Rd,Pateena St,Stafford,Stafford,Intersection - T-Junction,No traffic control,60 km/h,Sealed - Dry,Daylight,Straight,Veh'S Opposite Approach: Thru-Right,Opposing vehicles turning,0,1,0,0,1,1,0,0,0,1,0,0
290812,Medical treatment,2016,14,Rear-end,Multi-Vehicle,153.012941,-27.383219,Hamilton Rd,Maundrell Tce,Chermside West,Aspley,Intersection - Cross,Operating traffic lights,60 km/h,Sealed - Dry,Daylight,Straight,Veh'S Same Direction: Rear End,Rear-end,0,0,1,0,1,2,0,0,0,0,0,0
290816,Medical treatment,2016,13,Rear-end,Multi-Vehicle,153.088164,-27.431886,Kingsford Smith Dr,Links Ave North,Eagle Farm,Clayfield,Intersection - Cross,Operating traffic lights,60 km/h,Sealed - Dry,Daylight,Straight,Veh'S Same Direction: Rear End,Rear-end,0,0,1,0,1,1,0,1,0,0,0,0
290817,Medical treatment,2016,13,Rear-end,Multi-Vehicle,153.033836,-27.412485,East - West Arterial Rd,Gympie Arterial Rd,Kedron,Clayfield,Intersection - T-Junction,Operating traffic lights,60 km/h,Sealed - Dry,Daylight,Curved - view open,Veh'S Same Direction: Right Rear,Rear-end,0,0,1,0,1,3,0,0,0,0,0,0
290836,Hospitalisation,2016,14,Angle,Multi-Vehicle,153.023564,-27.468224,Ann St,Roma St,Brisbane City,Brisbane Central,Intersection - T-Junction,Operating traffic lights,0 - 50 km/h,Sealed - Dry,Daylight,Straight,Veh'S Same Direction: Lane Change Right,Lane changes,0,1,0,0,1,1,1,0,0,0,0,0
290837,Hospitalisation,2016,10,Angle,Multi-Vehicle,153.049026,-27.453723,Vernon Tce,,Teneriffe,Brisbane Central,No Roadway Feature,No traffic control,0 - 50 km/h,Sealed - Dry,Daylight,Straight,Veh'S Manoeuvring: Leaving Parking,Vehicle leaving driveway,0,1,1,0,2,2,0,0,0,0,0,0
290839,Hospitalisation,2016,9,Rear-end,Multi-Vehicle,153.047461,-27.313948,Gateway Arterial Rd,,Sandgate,Sandgate,Bridge/Causeway,No traffic control,100 - 110 km/h,Sealed - Dry,Daylight,Curved - view open,Veh'S Same Direction: Rear End,Rear-end,0,1,1,0,2,3,0,0,0,0,0,0
290840,Medical treatment,2016,5,Rear-end,Multi-Vehicle,153.047826,-27.3146964,Gateway Arterial Rd,,Sandgate,Sandgate,No Roadway Feature,No traffic control,100 - 110 km/h,Sealed - Dry,Dawn/Dusk,Curved - view open,Veh'S Same Direction: Rear End,Rear-end,0,0,1,0,1,1,0,1,0,0,0,0
290847,Medical treatment,2016,8,Angle,Multi-Vehicle,153.043107,-27.432954,Collingwood St,Sandgate Rd,Albion,Clayfield,Intersection - T-Junction,Give way sign,60 km/h,Sealed - Dry,Daylight,Straight,Veh'S Adjacent Approach: Thru-Right,Intersection from adjacent approaches,0,0,1,0,1,1,1,0,0,0,0,0
290868,Hospitalisation,2016,15,Hit object,Single Vehicle,152.872552,-27.417125,Camp Mountain Rd,,Enoggera Reservoir,Ashgrove,No Roadway Feature,No traffic control,0 - 50 km/h,Sealed - Dry,Daylight,Curved - view open,Off Path-Curve: Other,Other,0,1,1,0,2,1,0,0,0,0,0,0
290869,Hospitalisation,2016,19,Hit pedestrian,Hit pedestrian,153.022071,-27.469437,Ann St,George St,Brisbane City,Brisbane Central,Intersection - Cross,Operating traffic lights,0 - 50 km/h,Sealed - Wet,Darkness - Lighted,Straight,Ped'N: Near Side Vehicle Hit From Right,Pedestrian,0,1,0,0,1,1,0,0,0,0,1,0
290870,Hospitalisation,2016,7,Angle,Multi-Vehicle,153.021717,-27.4714089,South East Arterial Rd,Turbot St,Brisbane City,Brisbane Central,Intersection - Interchange,No traffic control,80 - 90 km/h,Sealed - Dry,Daylight,Straight,Veh'S Same Direction: Rear End,Rear-end,0,1,0,0,1,1,0,1,0,0,0,0
290872,Hospitalisation,2016,10,Angle,Multi-Vehicle,153.018034,-27.34689,Beams Rd,Cowie Rd,Carseldine,Aspley,Intersection - T-Junction,No traffic control,60 km/h,Sealed - Dry,Daylight,Straight,Veh'S Same Direction: Right Turn S/Swipe,Parallel lanes turning,0,2,0,0,2,2,0,0,0,0,0,0
290880,Minor injury,2016,12,Angle,Multi-Vehicle,153.031074,-27.437477,Cartwright St,Lutwyche Rd,Windsor,Brisbane Central,Intersection - T-Junction,Operating traffic lights,60 km/h,Sealed - Dry,Daylight,Straight,Veh'S Adjacent Approach: Thru-Right,Intersection from adjacent approaches,0,0,0,1,1,2,0,0,0,0,0,0
290903,Hospitalisation,2016,12,Sideswipe,Multi-Vehicle,153.018479,-27.468229,Herschel St,North Quay,Brisbane City,Brisbane Central,Intersection - Interchange,Operating traffic lights,0 - 50 km/h,Sealed - Wet,Daylight,Straight,Veh'S Adjacent Approach: Thru-Thru,Intersection from adjacent approaches,0,1,0,0,1,2,0,0,0,0,0,0
290904,Medical treatment,2016,14,Angle,Multi-Vehicle,153.007874,-27.469284,Cribb St,Little Cribb St,Milton,Mount Coot-tha,Intersection - T-Junction,No traffic control,60 km/h,Sealed - Dry,Daylight,Straight,Veh'S Adjacent Approach: Thru-Right,Intersection from adjacent approaches,0,0,1,0,1,2,0,0,0,0,0,0
290911,Medical treatment,2016,14,Angle,Multi-Vehicle,152.996936,-27.395351,Flockton St,Heflin St,Everton Park,Everton,Intersection - T-Junction,Give way sign,60 km/h,Sealed - Wet,Daylight,Straight,Veh'S Manoeuvring: Leaving Driveway,Vehicle leaving driveway,0,0,1,1,2,2,0,0,0,0,0,0
290916,Hospitalisation,2016,7,Angle,Multi-Vehicle,153.048073,-27.440932,Hunt St,Kingsford Smith Dr,Hamilton,Clayfield,Intersection - T-Junction,No traffic control,60 km/h,Sealed - Dry,Daylight,Straight,Veh'S Same Direction: Other,Other,0,1,0,0,1,1,1,0,0,0,0,0