Crash_Ref_Number,Severity,Year,Hour,Crash_Nature,Crash_Type,Longitude,Latitude,Street,Street_Intersecting,Suburb,Loc_State_Electorate,Crash_Roadway_Feature,Crash_Traffic_Control,Crash_Speed_Limit,Crash_Road_Surface_Condition,Crash_Lighting_Condition,Crash_Road_Horiz_Align,Crash_DCA_Description,Crash_DCA_Group_Description,Count_Casualty_Fatality,Count_Casualty_Hospitalised,Count_Casualty_MedicallyTreated,Count_Casualty_MinorInjury,Count_Casualty_Total,Count_Unit_Car,Count_Unit_Motorcycle_Moped,Count_Unit_Truck,Count_Unit_Bus,Count_Unit_Bicycle,Count_Unit_Pedestrian,Count_Unit_Other
290931,Medical treatment,2016,16,Sideswipe,Multi-Vehicle,153.015544,-27.463958,Countess St,,Petrie Terrace,Mount Coot-tha,No Roadway Feature,No traffic control,0 - 50 km/h,Sealed - Dry,Daylight,Straight,Veh'S Same Direction: Lane Change Left,Lane changes,0,0,1,0,1,2,0,0,0,0,0,0
290932,Hospitalisation,2016,16,Rear-end,Multi-Vehicle,153.021769,-27.471468,South East Arterial Rd,,Brisbane City,Brisbane Central,No Roadway Feature,No traffic control,60 km/h,Sealed - Dry,Dawn/Dusk,Straight,Veh'S Same Direction: Rear End,Rear-end,0,1,1,0,2,2,0,0,0,0,0,0
290963,Hospitalisation,2016,7,Angle,Multi-Vehicle,152.980079,-27.503856,Harts Rd,Lambert Rd,Indooroopilly,Indooroopilly,Intersection - Roundabout,Give way sign,0 - 50 km/h,Sealed - Wet,Daylight,Straight,Veh'S Adjacant Approach: Thru-Left,Intersection from adjacent approaches,0,1,0,0,1,1,0,0,0,1,0,0
290968,Medical treatment,2016,17,Angle,Multi-Vehicle,153.001246,-27.389615,Parton St,Rode Rd,Mcdowall,Stafford,Intersection - T-Junction,Operating traffic lights,60 km/h,Sealed - Dry,Daylight,Straight,Veh'S Adjacent Approach: Thru-Right,Intersection from adjacent approaches,0,0,1,0,1,2,0,0,0,0,0,0
290971,Hospitalisation,2016,19,Angle,Multi-Vehicle,153.047165,-27.414454,Dawson St,East - West Arterial Rd,Wooloowin,Clayfield,Intersection - Cross,Operating traffic lights,60 km/h,Sealed - Wet,Darkness - Lighted,Straight,Veh'S Opposite Approach: Thru-Right,Opposing vehicles turning,0,1,1,0,2,2,0,0,0,0,0,0
290972,Hospitalisation,2016,0,Hit object,Single Vehicle,152.948039,-27.417883,Settlement Rd,,Keperra,Ferny Grove,No Roadway Feature,No traffic control,60 km/h,Sealed - Dry,Darkness - Lighted,Curved - view obscured,Off Path-Curve: Out Of Control On Cway,Out of control on curve,0,1,1,0,2,1,0,0,0,0,0,0
290993,Hospitalisation,2016,12,Hit object,Single Vehicle,152.89737,-27.431573,Mount Nebo Rd,,Enoggera Reservoir,Ashgrove,No Roadway Feature,No traffic control,70 km/h,Sealed - Dry,Daylight,Curved - view obscured,Off Path-Curve: Off Cway Rt Bend Hit Obj,Off carriageway on curve hit object,0,1,0,0,1,1,0,0,0,0,0,0
290994,Medical treatment,2016,6,Rear-end,Multi-Vehicle,153.02759,-27.450573,Inner City Bypass,,Herston,Brisbane Central,Intersection - Interchange,No traffic control,0 - 50 km/h,Sealed - Dry,Daylight,Curved - view open,Veh'S Same Direction: Rear End,Rear-end,0,0,1,0,1,2,0,0,0,0,0,0
290995,Hospitalisation,2016,12,Hit object,Single Vehicle,153.021144,-27.303608,Gateway Arterial Rd,,Bald Hills,Sandgate,No Roadway Feature,No traffic control,100 - 110 km/h,Sealed - Dry,Daylight,Straight,Off Path-Straight: Left Off Cway Hit Obj,Off carriageway on straight hit object,0,1,0,0,1,1,0,0,0,0,0,0
291014,Hospitalisation,2016,8,Rear-end,Multi-Vehicle,153.012837,-27.455836,Kelvin Grove Rd,Musk Ave,Kelvin Grove,Brisbane Central,Intersection - T-Junction,Operating traffic lights,60 km/h,Sealed - Dry,Daylight,Straight,Veh'S Same Direction: Rear End,Rear-end,0,1,0,0,1,2,0,0,0,0,0,0
291016,Hospitalisation,2016,16,Angle,Multi-Vehicle,153.036224,-27.454876,Bridge St,Wickham St,Fortitude Valley,Brisbane Central,Intersection - Cross,Give way sign,60 km/h,Sealed - Dry,Daylight,Straight,Veh'S Adjacent Approach: Thru-Thru,Intersection from adjacent approaches,0,1,0,0,1,2,0,0,0,0,0,0
291017,Medical treatment,2016,6,Rear-end,Multi-Vehicle,153.0503566,-27.32087139,Gateway Arterial Rd,,Deagon,Sandgate,No Roadway Feature,No traffic control,100 - 110 km/h,Sealed - Dry,Daylight,Straight,Veh'S Same Direction: Rear End,Rear-end,0,0,1,0,1,2,0,0,0,0,0,0
291019,Hospitalisation,2016,17,Rear-end,Multi-Vehicle,153.0599858,-27.34478011,Sandgate Sub-Arterial Rd,,Boondall,Nudgee,No Roadway Feature,No traffic control,70 km/h,Sealed - Dry,Daylight,Straight,Veh'S Same Direction: Rear End,Rear-end,0,1,0,0,1,2,1,0,0,0,0,0
291020,Hospitalisation,2016,17,Fall from vehicle,Single Vehicle,153.08596,-27.356259,Gateway Arterial Rd,,Boondall,Nudgee,No Roadway Feature,No traffic control,80 - 90 km/h,Sealed - Dry,Daylight,Straight,Veh'S Same Direction: Rear End,Rear-end,0,1,0,0,1,1,1,0,0,0,0,0
291053,Medical treatment,2016,15,Sideswipe,Multi-Vehicle,153.010885,-27.451178,Kelvin Grove Rd,Prospect Tce,Kelvin Grove,Mount Coot-tha,Intersection - T-Junction,Operating traffic lights,60 km/h,Sealed - Dry,Daylight,Curved - view open,Veh'S Same Direction: Lane Change Right,Lane changes,0,0,1,0,1,2,0,0,0,0,0,0
291054,Medical treatment,2016,17,Sideswipe,Multi-Vehicle,153.0411019,-27.43555404,Burrows St,,Bowen Hills,Brisbane Central,No Roadway Feature,No traffic control,60 km/h,Sealed - Dry,Daylight,Straight,Veh'S Same Direction: Left Turn S/Swipe,Parallel lanes turning,0,0,1,0,1,1,1,0,0,0,0,0
291057,Minor injury,2016,17,Fall from vehicle,Single Vehicle,152.999099,-27.503914,Hawken Dr,Tenth Ave,St Lucia,Indooroopilly,Intersection - T-Junction,No traffic control,0 - 50 km/h,Sealed - Dry,Dawn/Dusk,Straight,Off Path-Straight: Left Turn,Off carriageway on straight,0,0,0,1,1,0,1,0,0,0,0,1
291058,Hospitalisation,2016,8,Angle,Multi-Vehicle,153.065176,-27.311743,Brighton Tce,Wakefield St,Sandgate,Sandgate,Intersection - Cross,Stop sign,60 km/h,Sealed - Dry,Daylight,Straight,Veh'S Adjacent Approach: Thru-Right,Intersection from adjacent approaches,0,1,0,1,2,3,0,0,0,0,0,0
291060,Minor injury,2016,17,Sideswipe,Multi-Vehicle,152.985,-27.3859,Old Northern Rd,Rode Rd,Mcdowall,Aspley,Intersection - Roundabout,Give way sign,60 km/h,Sealed - Dry,Daylight,Curved - view open,Veh'S Same Direction: Lane Side Swipe,Lane changes,0,0,0,1,1,1,1,0,0,0,0,0
291066,Medical treatment,2016,10,Rear-end,Multi-Vehicle,153.077073,-27.395012,Cooper Rd,Nudgee Rd,Northgate,Nudgee,Intersection - T-Junction,No traffic control,60 km/h,Sealed - Dry,Daylight,Straight,Veh'S Same Direction: Right Rear,Rear-end,0,0,1,1,2,1,0,1,0,0,0,0
291067,Medical treatment,2016,7,Hit pedestrian,Hit pedestrian,153.030752,-27.439871,Gallway St,Lutwyche Rd,Windsor,Brisbane Central,Intersection - T-Junction,Operating traffic lights,60 km/h,Sealed - Dry,Daylight,Straight,Ped'N: Near Side Vehicle Hit From Right,Pedestrian,0,0,1,0,1,1,0,0,0,0,1,0
291068,Hospitalisation,2016,13,Angle,Multi-Vehicle,152.9589543,-27.4100026,Crampton St,,Keperra,Ferny Grove,No Roadway Feature,No traffic control,0 - 50 km/h,Sealed - Dry,Daylight,Curved - view open,Pass & Misc: Parked Car Ran Away,Other,0,1,1,0,2,2,0,0,0,0,1,0
291087,Medical treatment,2016,16,Angle,Multi-Vehicle,152.984282,-27.451064,Alexandra St,Lewin St,Bardon,Ashgrove,Intersection - Cross,Give way sign,0 - 50 km/h,Sealed - Dry,Daylight,Straight,Veh'S Adjacent Approach: Thru-Thru,Intersection from adjacent approaches,0,0,1,0,1,2,0,0,0,0,0,0
291088,Medical treatment,2016,17,Hit pedestrian,Hit pedestrian,153.024133,-27.467885,Ann St,,Brisbane City,Brisbane Central,No Roadway Feature,No traffic control,0 - 50 km/h,Sealed - Dry,Daylight,Straight,Ped'N: Far Side Vehicle Hit From Left,Pedestrian,0,0,2,0,2,0,1,0,0,0,1,0
291090,Hospitalisation,2016,8,Angle,Multi-Vehicle,152.960578,-27.5061884,Witton Rd,,Indooroopilly,Indooroopilly,No Roadway Feature,No traffic control,0 - 50 km/h,Sealed - Dry,Daylight,Straight,Veh'S Opposite Approach: Thru-Right,Opposing vehicles turning,0,1,0,0,1,1,1,0,0,0,0,0
291091,Medical treatment,2016,15,Angle,Multi-Vehicle,153.0012705,-27.39038003,Parton St,,Stafford Heights,Stafford,No Roadway Feature,No traffic control,60 km/h,Sealed - Dry,Daylight,Straight,Veh'S Opposite Approach: Thru-Right,Opposing vehicles turning,0,0,1,1,2,2,0,0,0,0,0,0
291095,Medical treatment,2016,5,Hit object,Single Vehicle,152.993022,-27.356679,Beckett Rd,,Bridgeman Downs,Aspley,No Roadway Feature,No traffic control,70 km/h,Sealed - Dry,Daylight,Curved - view open,Veh'S Opposite Approach: Head On,Head-on,0,0,2,0,2,2,0,0,0,0,0,0
291111,Medical treatment,2016,8,Angle,Multi-Vehicle,152.974265,-27.448067,Gresham St,Waterworks Rd,Ashgrove,Ashgrove,Intersection - T-Junction,Operating traffic lights,60 km/h,Sealed - Dry,Daylight,Straight,Veh'S Opposite Approach: Thru-Right,Opposing vehicles turning,0,0,1,0,1,2,0,0,0,0,0,0
291113,Medical treatment,2016,17,Rear-end,Multi-Vehicle,152.974382,-27.504245,Coonan St,Riverview Tce,Indooroopilly,Indooroopilly,Intersection - T-Junction,No traffic control,60 km/h,Sealed - Dry,Daylight,Straight,Veh'S Same Direction: Rear End,Rear-end,0,0,1,0,1,3,0,0,0,0,0,0
291116,Hospitalisation,2016,14,Angle,Multi-Vehicle,153.031029,-27.39647,Gympie Arterial Rd,Lawley St,Kedron,Stafford,Intersection - T-Junction,Give way sign,60 km/h,Sealed - Dry,Daylight,Straight,Veh'S Manoeuvring: Entering From Footway,Vehicle leaving driveway,0,1,0,0,1,1,0,0,0,1,0,0
291120,Medical treatment,2016,12,Rear-end,Multi-Vehicle,153.012602,-27.345965,Beams Rd,Gympie Arterial Rd,Carseldine,Aspley,Intersection - Cross,Operating traffic lights,70 km/h,Sealed - Dry,Daylight,Straight,Veh'S Same Direction: Rear End,Rear-end,0,0,1,0,1,0,0,1,0,0,0,1
291121,Medical treatment,2016,16,Rear-end,Multi-Vehicle,153.0601269,-27.34836382,Sandgate Sub-Arterial Rd,,Boondall,Nudgee,No Roadway Feature,No traffic control,70 km/h,Sealed - Dry,Daylight,Straight,Veh'S Same Direction: Rear End,Rear-end,0,0,1,0,1,3,0,0,0,0,0,0
291125,Medical treatment,2016,16,Rear-end,Multi-Vehicle,153.0429616,-27.43194317,Frodsham St,,Albion,Clayfield,No Roadway Feature,No traffic control,60 km/h,Sealed - Dry,Daylight,Straight,Veh'S Same Direction: Rear End,Rear-end,0,0,1,0,1,2,0,0,0,0,0,0
291126,Minor injury,2016,7,Angle,Multi-Vehicle,152.984152,-27.3994673,Barton St,South Pine Rd,Everton Park,Everton,Intersection - T-Junction,Give way sign,60 km/h,Sealed - Dry,Daylight,Straight,Veh'S Adjacent Approach: Left-Left,Intersection from adjacent approaches,0,0,0,1,1,2,0,0,0,0,0,0
291144,Fatal,2016,4,Hit object,Single Vehicle,153.011072,-27.468838,Go Between Bikeway,,Milton,Mount Coot-tha,Bikeway,No traffic control,0 - 50 km/h,Sealed - Dry,Dawn/Dusk,Curved - view obscured,Veh'S Manoeuvring: Other,Other,1,0,0,0,1,0,0,0,0,1,0,0
291145,Medical treatment,2016,17,Rear-end,Multi-Vehicle,153.035658,-27.457825,Ann St,Warner St,Fortitude Valley,Brisbane Central,Intersection - T-Junction,Operating traffic lights,60 km/h,Unsealed - Dry,Dawn/Dusk,Straight,Veh'S Same Direction: Rear End,Rear-end,0,0,1,0,1,2,0,0,0,0,0,0
291146,Hospitalisation,2016,8,Angle,Multi-Vehicle,153.04201,-27.45839,Harcourt St,James St,New Farm,Brisbane Central,Intersection - Cross,Stop sign,60 km/h,Sealed - Dry,Daylight,Straight,Veh'S Adjacent Approach: Thru-Thru,Intersection from adjacent approaches,0,1,0,0,1,2,0,0,0,0,0,0
291148,Medical treatment,2016,8,Angle,Multi-Vehicle,152.990504,-27.485324,Jephson St,Sherwood Rd,Toowong,Mount Coot-tha,Intersection - Cross,Operating traffic lights,60 km/h,Sealed - Dry,Daylight,Straight,Veh'S Adjacent Approach: Thru-Thru,Intersection from adjacent approaches,0,0,1,0,1,2,0,0,0,0,0,0
291150,Hospitalisation,2016,8,Angle,Multi-Vehicle,153.065109,-27.311802,Brighton Tce,Wakefield St,Sandgate,Sandgate,Intersection - Cross,Stop sign,0 - 50 km/h,Sealed - Dry,Daylight,Straight,Veh'S Adjacent Approach: Thru-Thru,Intersection from adjacent approaches,0,1,0,0,1,2,0,0,0,0,0,0
291151,Medical treatment,2016,13,Angle,Multi-Vehicle,153.063794,-27.283704,Brighton - Redcliffe Rd,,Brighton,Sandgate,No Roadway Feature,No traffic control,80 - 90 km/h,Sealed - Dry,Daylight,Straight,Veh'S Same Direction: Other,Other,0,0,2,1,3,3,0,0,0,0,0,0
291159,Minor injury,2016,15,Rear-end,Multi-Vehicle,153.032346,-27.426627,Lutwyche Rd,,Windsor,Brisbane Central,No Roadway Feature,No traffic control,60 km/h,Sealed - Dry,Daylight,Curved - view open,Veh'S Same Direction: Rear End,Rear-end,0,0,0,1,1,2,0,0,0,0,0,0
291183,Medical treatment,2016,10,Rear-end,Multi-Vehicle,152.949651,-27.444943,Pammay St,Waterworks Rd,The Gap,Ashgrove,No Roadway Feature,Operating traffic lights,60 km/h,Sealed - Dry,Daylight,Straight,Veh'S Same Direction: Rear End,Rear-end,0,0,1,0,1,1,1,0,0,0,0,0
291184,Hospitalisation,2016,19,Hit parked vehicle,Single Vehicle,153.037873,-27.349977,Beams Rd,,Zillmere,Sandgate,No Roadway Feature,No traffic control,60 km/h,Sealed - Dry,Darkness - Lighted,Straight,Veh'S On Path: Parked,Hit parked vehicle,0,3,0,0,3,3,0,0,0,0,0,0
291209,Medical treatment,2016,14,Angle,Multi-Vehicle,153.041203,-27.437127,Abbotsford Rd,,Bowen Hills,Brisbane Central,No Roadway Feature,No traffic control,60 km/h,Sealed - Dry,Daylight,Straight,Veh'S Opposite Approach: U-Turn,U-turn,0,0,1,0,1,1,1,0,0,0,0,0
291239,Medical treatment,2016,8,Angle,Multi-Vehicle,153.018927,-27.459967,Boundary St,Gregory Tce,Spring Hill,Brisbane Central,Intersection - Cross,Operating traffic lights,0 - 50 km/h,Sealed - Dry,Daylight,Curved - view open,Veh'S Opposite Approach: Thru-Right,Opposing vehicles turning,0,0,3,0,3,2,0,0,0,0,0,0
291268,Medical treatment,2016,7,Rear-end,Multi-Vehicle,153.0276309,-27.46008528,Rogers St,St Pauls Tce,Spring Hill,Brisbane Central,Intersection - T-Junction,No traffic control,0 - 50 km/h,Sealed - Dry,Daylight,Straight,Veh'S Same Direction: Rear End,Rear-end,0,0,1,0,1,2,0,0,0,0,0,0
291269,Medical treatment,2016,16,Head-on,Multi-Vehicle,153.004183,-27.469854,Park Rd,Railway Tce,Milton,Mount Coot-tha,Intersection - T-Junction,No traffic control,60 km/h,Sealed - Dry,Daylight,Straight,Veh'S Opposite Approach: Thru-Right,Opposing vehicles turning,0,0,1,0,1,1,0,0,0,1,0,0
291271,Medical treatment,2016,18,Angle,Multi-Vehicle,153.039978,-27.45342,Ann St,Chester St,Fortitude Valley,Brisbane Central,Intersection - T-Junction,No traffic control,0 - 50 km/h,Sealed - Dry,Dawn/Dusk,Straight,Veh'S Manoeuvring: Leaving Driveway,Vehicle leaving driveway,0,0,1,0,1,2,0,0,0,0,0,0
291285,Medical treatment,2016,14,Rear-end,Multi-Vehicle,153.066891,-27.438613,Kingsford Smith Dr,,Hamilton,Clayfield,No Roadway Feature,No traffic control,60 km/h,Sealed - Dry,Daylight,Straight,Veh'S Same Direction: Rear End,Rear-end,0,0,1,0,1,3,0,0,0,0,0,0
291286,Hospitalisation,2016,20,Rear-end,Multi-Vehicle,152.988469,-27.404391,Everton Park - Albany Creek Rd,,Everton Park,Everton,No Roadway Feature,No traffic control,60 km/h,Sealed - Dry,Darkness - Lighted,Straight,Veh'S Same Direction: Left Rear,Rear-end,0,1,0,0,1,1,1,0,0,0,0,0
291302,Minor injury,2016,6,Angle,Multi-Vehicle,152.9779063,-27.459542,Chiswick Rd,Simpsons Rd,Bardon,Mount Coot-tha,Intersection - T-Junction,Give way sign,60 km/h,Sealed - Dry,Daylight,Straight,Veh'S Adjacent Approach: Thru-Thru,Intersection from adjacent approaches,0,0,0,1,1,1,0,0,0,1,0,0
291303,Hospitalisation,2016,8,Angle,Multi-Vehicle,152.979699,-27.452284,Coopers Camp Rd,Fletcher Pde,Bardon,Ashgrove,Intersection - T-Junction,Give way sign,60 km/h,Sealed - Dry,Daylight,Straight,Veh'S Adjacent Approach: Thru-Right,Intersection from adjacent approaches,0,1,0,0,1,1,1,0,0,0,0,0
291305,Hospitalisation,2016,8,Overturned,Single Vehicle,152.9847976,-27.47906484,Miskin St,,Toowong,Mount Coot-tha,No Roadway Feature,No traffic control,0 - 50 km/h,Sealed - Dry,Daylight,Straight,Off Path-Straight:Out Of Control On Cway,Out of control on straight,0,1,0,0,1,0,0,1,0,0,0,0
291310,Hospitalisation,2016,6,Hit object,Single Vehicle,153.060146,-27.348658,Roscommon Rd,Sandgate Sub-Arterial Rd,Boondall,Nudgee,Intersection - Cross,Operating traffic lights,60 km/h,Sealed - Dry,Daylight,Straight,Off Path-Straight: Mounts Traffic Island,Off carriageway on straight hit object,0,1,0,0,1,1,0,0,0,0,0,0
291316,Hospitalisation,2016,9,Sideswipe,Multi-Vehicle,153.034158,-27.412851,Airport Link On Ramp,,Kedron,Clayfield,Merge Lane,No traffic control,60 km/h,Sealed - Dry,Darkness - Lighted,Straight,Veh'S Same Direction: Lane Change Left,Lane changes,0,1,0,0,1,1,0,1,0,0,0,0
291334,Medical treatment,2016,8,Rear-end,Multi-Vehicle,153.023501,-27.458145,Gregory Tce,,Spring Hill,Brisbane Central,No Roadway Feature,No traffic control,60 km/h,Sealed - Dry,Daylight,Curved - view open,Veh'S Same Direction: Rear End,Rear-end,0,0,1,0,1,3,0,0,0,0,0,0
291336,Hospitalisation,2016,7,Hit pedestrian,Hit pedestrian,153.068505,-27.318916,Brighton Rd,Fourth Ave,Sandgate,Sandgate,Intersection - T-Junction,Pedestrian crossing sign,0 - 50 km/h,Sealed - Dry,Daylight,Straight,Ped'N: Far Side Vehicle Hit From Left,Pedestrian,0,1,0,0,1,1,0,0,0,0,1,0
291340,Hospitalisation,2016,5,Angle,Multi-Vehicle,153.041195,-27.354335,Battersby St,Birdwood St,Zillmere,Nudgee,Intersection - Cross,Give way sign,0 - 50 km/h,Sealed - Dry,Daylight,Straight,Veh'S Adjacent Approach: Thru-Right,Intersection from adjacent approaches,0,1,0,0,1,2,0,0,0,0,0,0
291341,Hospitalisation,2016,15,Rear-end,Multi-Vehicle,153.038226,-27.38699,Hamilton Rd,,Chermside,Nudgee,No Roadway Feature,No traffic control,60 km/h,Sealed - Dry,Daylight,Straight,Veh'S Same Direction: Rear End,Rear-end,0,1,1,1,3,4,0,0,0,0,0,0
291342,Medical treatment,2016,17,Rear-end,Multi-Vehicle,153.044948,-27.388009,Hamilton Rd,,Wavell Heights,Nudgee,No Roadway Feature,No traffic control,60 km/h,Sealed - Dry,Daylight,Straight,Veh'S Same Direction: Rear End,Rear-end,0,0,1,0,1,2,0,0,0,0,0,0
291354,Minor injury,2016,4,Hit object,Single Vehicle,152.980968,-27.447867,Myagah Rd,Waterworks Rd,Ashgrove,Ashgrove,No Roadway Feature,No traffic control,60 km/h,Sealed - Dry,Dawn/Dusk,Curved - view open,Off Path-Curve: Off Cway Lt Bend Hit Obj,Off carriageway on curve hit object,0,0,0,1,1,1,0,0,0,0,0,0
291356,Medical treatment,2016,22,Hit pedestrian,Hit pedestrian,153.0354415,-27.45880405,Brunswick St,,Fortitude Valley,Brisbane Central,No Roadway Feature,No traffic control,0 - 50 km/h,Sealed - Dry,Darkness - Lighted,Straight,Ped'N: Far Side Vehicle Hit From Left,Pedestrian,0,0,1,0,1,1,0,0,0,0,1,0
291357,Hospitalisation,2016,8,Hit object,Single Vehicle,153.0372511,-27.45752025,Mclachlan St,,Fortitude Valley,Brisbane Central,No Roadway Feature,No traffic control,0 - 50 km/h,Sealed - Dry,Daylight,Straight,Veh'S On Path: Parked,Hit parked vehicle,0,1,0,0,1,2,0,0,0,0,0,0
291358,Hospitalisation,2016,15,Rear-end,Multi-Vehicle,152.9855439,-27.47510221,Western Arterial Rd,,Toowong,Mount Coot-tha,No Roadway Feature,No traffic control,60 km/h,Sealed - Dry,Daylight,Straight,Veh'S Same Direction: Rear End,Rear-end,0,1,1,0,2,2,1,1,0,0,0,0
291362,Hospitalisation,2016,17,Fall from vehicle,Single Vehicle,153.031334,-27.390572,Abarth St,Gympie Arterial Rd,Chermside,Stafford,Intersection - T-Junction,No traffic control,60 km/h,Sealed - Dry,Daylight,Straight,Veh'S Same Direction: Rear End,Rear-end,0,1,0,0,1,1,1,0,0,0,0,0
291385,Hospitalisation,2016,8,Rear-end,Multi-Vehicle,153.053969,-27.328752,Depot Rd,,Deagon,Sandgate,Intersection - T-Junction,Operating traffic lights,0 - 50 km/h,Sealed - Dry,Daylight,Straight,Veh'S Same Direction: Rear End,Rear-end,0,1,0,0,1,2,0,0,0,0,0,0
291413,Minor injury,2016,9,Angle,Multi-Vehicle,153.025803,-27.474541,Margaret St,William St,Brisbane City,Brisbane Central,Intersection - Cross,Operating traffic lights,0 - 50 km/h,Sealed - Dry,Daylight,Straight,Veh'S Adjacent Approach: Thru-Thru,Intersection from adjacent approaches,0,0,0,2,2,2,0,0,0,0,0,0
291414,Medical treatment,2016,17,Rear-end,Multi-Vehicle,153.000917,-27.450829,Lintern St,Waterworks Rd,Red Hill,Mount Coot-tha,Intersection - T-Junction,Operating traffic lights,60 km/h,Sealed - Dry,Daylight,Curved - view open,Veh'S Same Direction: Rear End,Rear-end,0,0,1,0,1,2,0,0,0,0,0,0
291447,Medical treatment,2016,15,Rear-end,Multi-Vehicle,152.953547,-27.508434,Bredden St,Moggill Sub-Arterial Rd,Chapel Hill,Moggill,Intersection - T-Junction,No traffic control,60 km/h,Sealed - Dry,Daylight,Curved - view obscured,Veh'S Same Direction: Rear End,Rear-end,0,0,1,0,1,2,0,0,0,0,0,0
291478,Medical treatment,2016,15,Rear-end,Multi-Vehicle,153.011333,-27.46248,Hale St,,Paddington,Mount Coot-tha,No Roadway Feature,No traffic control,60 km/h,Sealed - Dry,Daylight,Straight,Veh'S Same Direction: Rear End,Rear-end,0,0,2,0,2,2,0,0,0,0,0,0
291479,Medical treatment,2016,17,Sideswipe,Multi-Vehicle,153.04246,-27.443567,Edmund St,Ross St,Newstead,Brisbane Central,Intersection - T-Junction,No traffic control,0 - 50 km/h,Sealed - Dry,Daylight,Curved - view open,Veh'S Same Direction: Left Turn S/Swipe,Parallel lanes turning,0,0,1,0,1,1,0,0,0,1,0,0
291480,Medical treatment,2016,17,Rear-end,Multi-Vehicle,152.963446,-27.504418,Western Arterial Rd,,Indooroopilly,Indooroopilly,No Roadway Feature,No traffic control,80 - 90 km/h,Sealed - Dry,Daylight,Curved - view open,Veh'S Same Direction: Rear End,Rear-end,0,0,2,0,2,2,0,0,0,0,0,0
291483,Medical treatment,2016,8,Hit pedestrian,Hit pedestrian,153.050103,-27.347484,Durham Pl,Haywal St,Taigum,Sandgate,Intersection - T-Junction,No traffic control,0 - 50 km/h,Sealed - Dry,Dawn/Dusk,Straight,Ped'N: Far Side Vehicle Hit From Left,Pedestrian,0,0,1,0,1,1,0,0,0,1,0,0
291510,Medical treatment,2016,12,Angle,Multi-Vehicle,153.0264099,-27.46167735,Leichhardt St,Wharf St,Spring Hill,Brisbane Central,Intersection - T-Junction,Operating traffic lights,60 km/h,Sealed - Dry,Daylight,Straight,Veh'S Opposite Approach: Thru-Right,Opposing vehicles turning,0,0,1,0,1,2,0,0,0,0,0,0
291512,Hospitalisation,2016,10,Angle,Multi-Vehicle,153.029579,-27.446014,Bowen Bridge Rd,Butterfield St,Herston,Brisbane Central,Intersection - T-Junction,Operating traffic lights,60 km/h,Sealed - Dry,Daylight,Straight,Veh'S Opposite Approach: Thru-Right,Opposing vehicles turning,0,1,0,0,1,2,0,0,0,0,0,0
291515,Hospitalisation,2016,5,Angle,Multi-Vehicle,152.995335,-27.482016,Land St,Sylvan Rd,Toowong,Mount Coot-tha,Intersection - T-Junction,Operating traffic lights,60 km/h,Sealed - Dry,Daylight,Straight,Veh'S Opposite Approach: Thru-Right,Opposing vehicles turning,0,1,0,0,1,1,0,0,0,1,0,0
291523,Medical treatment,2016,14,Angle,Multi-Vehicle,153.042357,-27.38984,Gumbrae St,Pfingst Rd,Wavell Heights,Clayfield,Intersection - Cross,Give way sign,60 km/h,Sealed - Dry,Daylight,Straight,Veh'S Adjacent Approach: Right-Thru,Intersection from adjacent approaches,0,0,1,0,1,2,0,0,0,0,0,0
291553,Medical treatment,2016,19,Angle,Multi-Vehicle,152.974399,-27.496984,Moggill Rd,,Indooroopilly,Indooroopilly,Intersection - Roundabout,Give way sign,60 km/h,Sealed - Dry,Darkness - Lighted,Straight,Veh'S Adjacent Approach: Other,Intersection from adjacent approaches,0,0,1,0,1,2,0,0,0,0,0,0
291556,Hospitalisation,2016,16,Sideswipe,Multi-Vehicle,153.010179,-27.328596,Telegraph Rd,Wakefield St,Bald Hills,Aspley,Intersection - Roundabout,Give way sign,0 - 50 km/h,Sealed - Dry,Daylight,Straight,Veh'S Adjacent Approach: Right-Right,Intersection from adjacent approaches,0,1,0,0,1,1,1,0,0,0,0,0
291557,Minor injury,2016,12,Rear-end,Multi-Vehicle,153.02817,-27.341843,Carselgrove Ave,Warrumbungle Pde,Fitzgibbon,Sandgate,Intersection - Roundabout,Give way sign,0 - 50 km/h,Sealed - Dry,Daylight,Straight,Veh'S Opposite Approach: Thru-Right,Opposing vehicles turning,0,0,0,1,1,2,0,0,0,0,0,0
291561,Hospitalisation,2016,7,Fall from vehicle,Single Vehicle,153.0950161,-27.38755537,Gateway Arterial Rd,,Banyo,Clayfield,Merge Lane,No traffic control,80 - 90 km/h,Sealed - Dry,Daylight,Straight,Off Path-Straight:Out Of Control On Cway,Out of control on straight,0,1,0,0,1,0,1,0,0,0,0,0
291582,Medical treatment,2016,16,Rear-end,Multi-Vehicle,153.0109775,-27.46479853,Hale St,,Petrie Terrace,Mount Coot-tha,No Roadway Feature,No traffic control,60 km/h,Sealed - Dry,Daylight,Straight,Veh'S Same Direction: Rear End,Rear-end,0,0,1,0,1,2,0,0,0,0,0,0
291583,Medical treatment,2016,17,Rear-end,Multi-Vehicle,153.0387568,-27.31625788,Bracken St,Gawain Rd,Bracken Ridge,Sandgate,Intersection - T-Junction,No traffic control,60 km/h,Sealed - Dry,Daylight,Straight,Veh'S Same Direction: Right Rear,Rear-end,0,0,2,0,2,2,0,0,0,0,0,0