Crash_Ref_Number,Severity,Year,Hour,Crash_Nature,Crash_Type,Longitude,Latitude,Street,Street_Intersecting,Suburb,Loc_State_Electorate,Crash_Roadway_Feature,Crash_Traffic_Control,Crash_Speed_Limit,Crash_Road_Surface_Condition,Crash_Lighting_Condition,Crash_Road_Horiz_Align,Crash_DCA_Description,Crash_DCA_Group_Description,Count_Casualty_Fatality,Count_Casualty_Hospitalised,Count_Casualty_MedicallyTreated,Count_Casualty_MinorInjury,Count_Casualty_Total,Count_Unit_Car,Count_Unit_Motorcycle_Moped,Count_Unit_Truck,Count_Unit_Bus,Count_Unit_Bicycle,Count_Unit_Pedestrian,Count_Unit_Other
291590,Hospitalisation,2016,9,Angle,Multi-Vehicle,153.036427,-27.415468,Airport Link,East - West Arterial Rd,Lutwyche,Stafford,Intersection - T-Junction,Operating traffic lights,60 km/h,Sealed - Dry,Daylight,Curved - view open,Veh'S Opposite Approach: Thru-Right,Opposing vehicles turning,0,1,0,0,1,2,0,0,0,0,0,0
291591,Hospitalisation,2016,9,Hit object,Single Vehicle,152.943263,-27.427398,Settlement Rd,,Keperra,Ferny Grove,No Roadway Feature,No traffic control,60 km/h,Sealed - Dry,Daylight,Curved - view open,Off Path-Curve: Out Of Control On Cway,Out of control on curve,0,1,0,0,1,1,0,0,0,0,0,0
291609,Minor injury,2016,1,Hit object,Single Vehicle,153.007213,-27.46694,Black St,,Milton,Mount Coot-tha,No Roadway Feature,No traffic control,0 - 50 km/h,Sealed - Dry,Darkness - Lighted,Straight,Off Path-Straight: Left Off Cway Hit Obj,Off carriageway on straight hit object,0,0,0,1,1,1,0,0,0,0,0,0
291610,Minor injury,2016,19,Rear-end,Multi-Vehicle,153.0218254,-27.47206487,Victoria Bridge,,Brisbane City,Brisbane Central,Bridge/Causeway,No traffic control,0 - 50 km/h,Sealed - Dry,Darkness - Lighted,Straight,Veh'S Same Direction: Rear End,Rear-end,0,0,0,1,1,3,0,0,1,0,0,0
291648,Hospitalisation,2016,15,Hit pedestrian,Hit pedestrian,153.013477,-27.466479,Petrie Tce,Upper Roma St,Brisbane City,Brisbane Central,No Roadway Feature,No traffic control,0 - 50 km/h,Sealed - Dry,Daylight,Straight,Ped'N: On Ftway Hit By Vehicle On Ftway,Pedestrian,0,1,0,0,1,1,0,0,0,0,1,0
291650,Hospitalisation,2016,12,Angle,Multi-Vehicle,152.987886,-27.480533,Quinn St,Sylvan Rd,Toowong,Mount Coot-tha,Intersection - Cross,Stop sign,0 - 50 km/h,Sealed - Dry,Daylight,Straight,Veh'S Adjacent Approach: Thru-Thru,Intersection from adjacent approaches,0,1,0,0,1,1,0,0,0,1,0,0
291686,Medical treatment,2016,8,Angle,Multi-Vehicle,153.044649,-27.3358475,Lemke Rd,,Taigum,Sandgate,No Roadway Feature,No traffic control,60 km/h,Sealed - Dry,Darkness - Lighted,Straight,Veh'S Manoeuvring: Entering From Footway,Vehicle leaving driveway,0,0,1,0,1,2,0,0,0,0,0,0
291694,Hospitalisation,2016,9,Angle,Multi-Vehicle,153.0746696,-27.41156056,East - West Arterial Rd,Nudgee Rd,Hendra,Clayfield,Intersection - Interchange,Operating traffic lights,60 km/h,Sealed - Dry,Daylight,Straight,Veh'S Adjacent Approach: Thru-Right,Intersection from adjacent approaches,0,1,0,0,1,2,0,0,0,0,0,0
291695,Medical treatment,2016,6,Angle,Multi-Vehicle,152.942254,-27.411487,Samford Sub-Arterial Rd,Warrong St,Ferny Grove,Ferny Grove,Intersection - T-Junction,Give way sign,60 km/h,Sealed - Dry,Daylight,Straight,Veh'S Adjacant Approach: Thru-Left,Intersection from adjacent approaches,0,0,1,0,1,2,0,0,0,0,0,0
291727,Medical treatment,2016,20,Hit object,Single Vehicle,152.9553187,-27.48388862,Sir Samuel Griffith Dr,,Mount Coot-tha,Mount Coot-tha,No Roadway Feature,No traffic control,0 - 50 km/h,Sealed - Wet,Darkness - Not lighted,Curved - view open,Off Path-Curve: Other,Other,0,0,1,0,1,1,0,0,0,0,0,0
291739,Hospitalisation,2016,15,Hit pedestrian,Hit pedestrian,153.051312,-27.415843,Morrison Rd,,Clayfield,Clayfield,No Roadway Feature,Pedestrian crossing sign,0 - 50 km/h,Sealed - Dry,Daylight,Straight,Ped'N: Near Side Vehicle Hit From Right,Pedestrian,0,1,0,0,1,1,0,0,0,0,1,0
291740,Medical treatment,2016,9,Rear-end,Multi-Vehicle,153.063673,-27.38036,Sandgate Sub-Arterial Rd,Toombul Rd,Virginia,Nudgee,Intersection - Roundabout,Give way sign,60 km/h,Sealed - Dry,Daylight,Straight,Veh'S Same Direction: Rear End,Rear-end,0,0,1,0,1,2,0,0,0,0,0,0
291777,Medical treatment,2016,17,Fall from vehicle,Single Vehicle,152.975633,-27.496901,Moggill Rd,,Indooroopilly,Indooroopilly,No Roadway Feature,No traffic control,60 km/h,Sealed - Dry,Daylight,Straight,Off Path-Straight:Out Of Control On Cway,Out of control on straight,0,0,1,0,1,1,1,0,0,0,0,0
291778,Medical treatment,2016,15,Rear-end,Multi-Vehicle,152.948118,-27.52280763,Western Arterial Rd,,Fig Tree Pocket,Indooroopilly,No Roadway Feature,No traffic control,80 - 90 km/h,Sealed - Dry,Daylight,Straight,Veh'S Same Direction: Rear End,Rear-end,0,0,1,0,1,3,0,0,0,0,0,0
291781,Medical treatment,2016,15,Rear-end,Multi-Vehicle,153.021908,-27.384564,Hamilton Rd,Webster Rd,Chermside,Stafford,Intersection - Roundabout,Give way sign,60 km/h,Sealed - Dry,Daylight,Straight,Veh'S Same Direction: Left Rear,Rear-end,0,0,1,0,1,2,0,0,0,0,0,0
291786,Minor injury,2016,6,Rear-end,Multi-Vehicle,153.0589178,-27.40020726,Sandgate Sub-Arterial Rd,,Nundah,Clayfield,No Roadway Feature,No traffic control,60 km/h,Sealed - Wet,Daylight,Straight,Veh'S Same Direction: Rear End,Rear-end,0,0,0,1,1,3,0,0,0,0,0,0
291787,Hospitalisation,2016,22,Hit object,Single Vehicle,153.083361,-27.433371,Gateway Arterial Rd,,Eagle Farm,Clayfield,Bridge/Causeway,No traffic control,80 - 90 km/h,Sealed - Dry,Darkness - Lighted,Curved - view obscured,Off Path-Curve: Out Of Control On Cway,Out of control on curve,0,1,0,0,1,1,0,0,0,0,0,0
291789,Medical treatment,2016,18,Angle,Multi-Vehicle,152.991324,-27.419054,Pickering St,Western Arterial Rd,Enoggera,Ashgrove,Intersection - T-Junction,Operating traffic lights,60 km/h,Sealed - Wet,Darkness - Lighted,Straight,Veh'S Opposite Approach: Thru-Right,Opposing vehicles turning,0,0,1,0,1,2,0,0,0,0,0,0
291811,Medical treatment,2016,15,Sideswipe,Multi-Vehicle,153.011127,-27.468217,Coronation Dr,,Brisbane City,Brisbane Central,No Roadway Feature,No traffic control,60 km/h,Sealed - Dry,Daylight,Straight,Veh'S Same Direction: Lane Side Swipe,Lane changes,0,0,1,0,1,1,0,2,0,0,0,0
291812,Medical treatment,2016,17,Angle,Multi-Vehicle,152.982531,-27.502632,Carnarvon Rd,Lambert Rd,Indooroopilly,Indooroopilly,Intersection - T-Junction,Give way sign,60 km/h,Sealed - Dry,Daylight,Straight,Veh'S Adjacent Approach: Thru-Right,Intersection from adjacent approaches,0,0,1,0,1,1,0,0,0,1,0,0
291813,Medical treatment,2016,19,Angle,Multi-Vehicle,152.991305,-27.48077,Jephson St,Sylvan Rd,Toowong,Mount Coot-tha,Intersection - Cross,Operating traffic lights,60 km/h,Sealed - Dry,Darkness - Lighted,Curved - view open,Veh'S Opposite Approach: Thru-Right,Opposing vehicles turning,0,0,1,0,1,2,0,0,0,0,0,0
291814,Medical treatment,2016,7,Rear-end,Multi-Vehicle,152.936789,-27.510504,Moggill Sub-Arterial Rd,,Kenmore,Moggill,No Roadway Feature,No traffic control,60 km/h,Sealed - Dry,Daylight,Straight,Veh'S Same Direction: Rear End,Rear-end,0,0,1,0,1,2,0,0,0,0,0,0
291819,Hospitalisation,2016,16,Hit object,Single Vehicle,153.053321,-27.348115,Muller Rd,,Taigum,Sandgate,No Roadway Feature,No traffic control,60 km/h,Sealed - Dry,Daylight,Straight,Off Path-Straight: Left Off Cway Hit Obj,Off carriageway on straight hit object,0,1,0,0,1,1,0,0,0,0,0,0
291825,Hospitalisation,2016,8,Angle,Multi-Vehicle,152.942215,-27.411493,Samford Sub-Arterial Rd,Warrong St,Ferny Grove,Ferny Grove,Intersection - T-Junction,No traffic control,60 km/h,Sealed - Dry,Daylight,Straight,Veh'S Manoeuvring: Entering From Footway,Vehicle leaving driveway,0,1,0,0,1,1,1,0,0,0,0,0
291843,Medical treatment,2016,18,Hit pedestrian,Hit pedestrian,153.031145,-27.387887,Gympie Arterial Rd,,Chermside,Stafford,No Roadway Feature,Pedestrian operated lights,60 km/h,Sealed - Dry,Darkness - Lighted,Straight,Ped'N: Hit Emerging Behind Vehicle,Pedestrian,0,0,1,0,1,1,0,0,0,0,1,0
291851,Hospitalisation,2016,14,Sideswipe,Multi-Vehicle,152.96272,-27.411954,Dawson Pde,Samford Sub-Arterial Rd,Keperra,Everton,No Roadway Feature,No traffic control,60 km/h,Sealed - Dry,Daylight,Straight,Veh'S Same Direction: Lane Change Left,Lane changes,0,1,0,0,1,1,0,1,0,0,0,0
291852,Medical treatment,2016,1,Rear-end,Multi-Vehicle,152.990239,-27.424972,Western Arterial Rd,,Enoggera,Ashgrove,No Roadway Feature,No traffic control,60 km/h,Sealed - Dry,Daylight,Straight,Veh'S Same Direction: Rear End,Rear-end,0,0,1,1,2,2,0,0,0,0,0,0
291853,Medical treatment,2016,15,Rear-end,Multi-Vehicle,152.9906039,-27.42295057,Western Arterial Rd,,Enoggera,Ashgrove,No Roadway Feature,No traffic control,60 km/h,Sealed - Dry,Daylight,Straight,Veh'S Same Direction: Rear End,Rear-end,0,0,1,0,1,2,0,0,0,0,0,0
291879,Hospitalisation,2016,9,Hit pedestrian,Hit pedestrian,152.978514,-27.492951,Moggill Rd,,Taringa,Indooroopilly,No Roadway Feature,No traffic control,60 km/h,Sealed - Dry,Daylight,Straight,Ped'N: Near Side Vehicle Hit From Right,Pedestrian,0,2,0,0,2,0,1,0,0,0,1,0
291880,Hospitalisation,2016,11,Rear-end,Multi-Vehicle,152.9470789,-27.52694534,Western Arterial Rd,,Kenmore,Moggill,Bridge/Causeway,No traffic control,80 - 90 km/h,Sealed - Dry,Daylight,Straight,Veh'S Same Direction: Rear End,Rear-end,0,1,1,0,2,5,0,0,0,0,0,0
291882,Medical treatment,2016,6,Angle,Multi-Vehicle,153.031005,-27.385931,Gympie Arterial Rd,Hamilton Rd,Chermside,Nudgee,Intersection - Cross,Operating traffic lights,60 km/h,Sealed - Dry,Daylight,Straight,Veh'S Adjacent Approach: Thru-Thru,Intersection from adjacent approaches,0,0,1,0,1,2,0,0,0,0,0,0
291887,Minor injury,2016,15,Rear-end,Multi-Vehicle,153.030834,-27.439841,Gallway St,Lutwyche Rd,Windsor,Brisbane Central,Intersection - T-Junction,Operating traffic lights,60 km/h,Sealed - Dry,Daylight,Straight,Veh'S Same Direction: Rear End,Rear-end,0,0,0,1,1,3,0,0,0,0,0,0
291907,Minor injury,2016,18,Fall from vehicle,Single Vehicle,152.9925675,-27.47255733,Munro St,,Auchenflower,Mount Coot-tha,No Roadway Feature,No traffic control,0 - 50 km/h,Sealed - Dry,Darkness - Lighted,Curved - view obscured,Off Path-Curve: Out Of Control On Cway,Out of control on curve,0,0,0,1,1,0,1,0,0,0,0,0
291908,Medical treatment,2016,23,Rear-end,Multi-Vehicle,152.975373,-27.503047,Coonan St,,Indooroopilly,Indooroopilly,No Roadway Feature,No traffic control,60 km/h,Sealed - Wet,Darkness - Lighted,Straight,Veh'S Same Direction: Rear End,Rear-end,0,0,1,0,1,3,0,0,0,0,0,0
291909,Hospitalisation,2016,22,Angle,Multi-Vehicle,152.96319,-27.502382,Moggill Sub-Arterial Rd,Western Arterial Rd,Indooroopilly,Indooroopilly,Intersection - Interchange,Operating traffic lights,60 km/h,Sealed - Dry,Darkness - Lighted,Curved - view open,Veh'S Adjacent Approach: Thru-Right,Intersection from adjacent approaches,0,2,0,0,2,2,0,0,0,0,0,0
291929,Hospitalisation,2016,16,Angle,Multi-Vehicle,152.989487,-27.447398,Bryant St,Western Arterial Rd,Ashgrove,Ashgrove,Intersection - T-Junction,No traffic control,60 km/h,Sealed - Dry,Daylight,Straight,Veh'S Opposite Approach: Thru-Right,Opposing vehicles turning,0,1,0,0,1,1,1,0,0,0,0,0
291935,Hospitalisation,2016,7,Angle,Multi-Vehicle,153.059299,-27.370131,Robinson Rd E,,Virginia,Nudgee,No Roadway Feature,No traffic control,60 km/h,Sealed - Dry,Daylight,Straight,Veh'S Opposite Approach: Thru-Right,Opposing vehicles turning,0,1,0,0,1,1,1,0,0,0,0,0
291958,Medical treatment,2016,15,Rear-end,Multi-Vehicle,152.992205,-27.445627,Stewart Rd,Waterworks Rd,Ashgrove,Ashgrove,Intersection - T-Junction,Operating traffic lights,60 km/h,Sealed - Dry,Daylight,Straight,Veh'S Same Direction: Rear End,Rear-end,0,0,1,0,1,2,0,0,0,0,0,0
291960,Hospitalisation,2016,18,Angle,Multi-Vehicle,153.007874,-27.469284,Cribb St,Little Cribb St,Milton,Mount Coot-tha,Intersection - T-Junction,No traffic control,60 km/h,Sealed - Dry,Darkness - Lighted,Straight,Veh'S Adjacent Approach: Thru-Right,Intersection from adjacent approaches,0,1,0,1,2,2,0,0,0,0,0,0
291961,Medical treatment,2016,17,Rear-end,Multi-Vehicle,153.031394,-27.445644,Lutwyche Rd,,Bowen Hills,Brisbane Central,Intersection - Interchange,No traffic control,80 - 90 km/h,Sealed - Dry,Daylight,Straight,Veh'S Same Direction: Rear End,Rear-end,0,0,1,1,2,3,0,0,0,0,0,0
291964,Medical treatment,2016,8,Fall from vehicle,Single Vehicle,153.0117734,-27.41988043,Blandford St,,Grange,Stafford,No Roadway Feature,No traffic control,0 - 50 km/h,Sealed - Wet,Daylight,Curved - view open,Off Path-Curve: Out Of Control On Cway,Out of control on curve,0,0,1,0,1,0,1,0,0,0,0,0
291965,Minor injury,2016,8,Angle,Multi-Vehicle,153.005132,-27.409784,Byth St,Macnaughton St,Stafford,Stafford,Intersection - Cross,Give way sign,0 - 50 km/h,Sealed - Wet,Daylight,Straight,Veh'S Adjacent Approach: Thru-Thru,Intersection from adjacent approaches,0,0,0,1,1,4,0,0,0,0,0,0
291967,Hospitalisation,2016,6,Angle,Multi-Vehicle,153.0182,-27.370561,Alexis St,Cara St,Aspley,Aspley,Intersection - T-Junction,No traffic control,0 - 50 km/h,Sealed - Dry,Daylight,Curved - view open,Veh'S Adjacent Approach: Thru-Right,Intersection from adjacent approaches,0,1,0,1,2,1,0,0,0,1,0,0
291968,Hospitalisation,2016,22,Head-on,Multi-Vehicle,153.051293,-27.376594,Beau-Vista St,Ellison Rd,Geebung,Nudgee,Intersection - T-Junction,Give way sign,60 km/h,Sealed - Wet,Darkness - Lighted,Straight,Veh'S Adjacent Approach: Thru-Right,Intersection from adjacent approaches,0,1,1,0,2,2,0,0,0,0,0,0
291972,Hospitalisation,2016,10,Angle,Multi-Vehicle,153.069178,-27.38796,Northgate Rd,Toombul Rd,Northgate,Nudgee,Intersection - Cross,Operating traffic lights,60 km/h,Sealed - Wet,Daylight,Straight,Veh'S Adjacent Approach: Thru-Thru,Intersection from adjacent approaches,0,1,0,0,1,1,0,1,0,0,0,0
291994,Medical treatment,2016,20,Angle,Multi-Vehicle,153.029545,-27.464934,Adelaide St,Wharf St,Brisbane City,Brisbane Central,Intersection - Cross,Operating traffic lights,0 - 50 km/h,Sealed - Dry,Darkness - Lighted,Straight,Veh'S Opposite Approach: Thru-Right,Opposing vehicles turning,0,0,1,2,3,2,0,0,0,0,0,0
291995,Hospitalisation,2016,17,Hit pedestrian,Hit pedestrian,153.03758,-27.45511683,East St,,Fortitude Valley,Brisbane Central,No Roadway Feature,No traffic control,60 km/h,Sealed - Wet,Daylight,Straight,Ped'N: Near Side Vehicle Hit From Right,Pedestrian,0,1,0,0,1,1,0,0,0,0,1,0
291996,Hospitalisation,2016,10,Head-on,Multi-Vehicle,152.921717,-27.511153,Kailua St,Winrock St,Brookfield,Moggill,No Roadway Feature,No traffic control,0 - 50 km/h,Sealed - Wet,Daylight,Curved - view open,Veh'S Opposite Approach: Head On,Head-on,0,1,0,0,1,2,0,0,0,0,0,0
291997,Hospitalisation,2016,16,Rear-end,Multi-Vehicle,153.009618,-27.40027,Appleby Rd,,Stafford Heights,Stafford,No Roadway Feature,No traffic control,0 - 50 km/h,Sealed - Dry,Daylight,Straight,Veh'S Same Direction: Rear End,Rear-end,0,1,0,0,1,2,0,0,0,0,0,0
291998,Hospitalisation,2016,2,Hit parked vehicle,Single Vehicle,153.011422,-27.402992,Barbigal St,,Stafford,Stafford,No Roadway Feature,No traffic control,0 - 50 km/h,Sealed - Wet,Darkness - Lighted,Straight,Veh'S On Path: Parked,Hit parked vehicle,0,1,0,0,1,2,0,0,0,0,0,0
291999,Medical treatment,2016,15,Angle,Multi-Vehicle,153.032144,-27.378354,Kittyhawk Dr,Murphy Rd,Chermside,Nudgee,Intersection - T-Junction,Operating traffic lights,60 km/h,Sealed - Dry,Daylight,Straight,Veh'S Opposite Approach: Thru-Right,Opposing vehicles turning,0,0,1,1,2,2,0,0,0,0,0,0
292000,Medical treatment,2016,17,Rear-end,Multi-Vehicle,153.0766803,-27.34423429,Gateway Arterial Rd,,Boondall,Nudgee,No Roadway Feature,No traffic control,80 - 90 km/h,Sealed - Dry,Daylight,Straight,Veh'S Same Direction: Rear End,Rear-end,0,0,1,0,1,2,0,0,0,0,0,0
292001,Hospitalisation,2016,22,Hit object,Single Vehicle,153.001041,-27.358891,Albany Creek Sub-Arterial Rd,Bangalow St,Bridgeman Downs,Aspley,Intersection - T-Junction,No traffic control,70 km/h,Sealed - Wet,Darkness - Lighted,Curved - view open,Off Path-Curve: Off Cway Lt Bend Hit Obj,Off carriageway on curve hit object,0,1,0,0,1,1,0,0,0,0,0,0
292028,Medical treatment,2016,12,Angle,Multi-Vehicle,153.014884,-27.459927,Kelvin Grove Rd,Musgrave Rd,Kelvin Grove,Brisbane Central,Intersection - Cross,Operating traffic lights,60 km/h,Sealed - Dry,Daylight,Curved - view open,Veh'S Adjacent Approach: Thru-Thru,Intersection from adjacent approaches,0,0,2,0,2,2,0,0,0,0,0,0
292029,Medical treatment,2016,7,Sideswipe,Multi-Vehicle,153.003962,-27.451929,Waterworks Rd,,Red Hill,Mount Coot-tha,No Roadway Feature,No traffic control,60 km/h,Sealed - Dry,Daylight,Curved - view open,Veh'S Same Direction: Lane Change Left,Lane changes,0,0,2,0,2,1,1,0,0,0,0,0
292033,Medical treatment,2016,10,Hit pedestrian,Hit pedestrian,152.938228,-27.506923,Brookfield Rd,,Kenmore,Moggill,No Roadway Feature,Stop sign,0 - 50 km/h,Sealed - Dry,Daylight,Straight,Ped'N: Hit By Vehicle Enter/Leave D'Way,Pedestrian,0,0,1,0,1,1,0,0,0,0,1,0
292034,Medical treatment,2016,15,Rear-end,Multi-Vehicle,152.97121,-27.498836,Station Rd,,Indooroopilly,Indooroopilly,No Roadway Feature,No traffic control,60 km/h,Sealed - Dry,Daylight,Curved - view open,Veh'S Manoeuvring: Reversing,Hit parked vehicle,0,0,1,0,1,1,0,1,0,0,0,0
292035,Medical treatment,2016,11,Rear-end,Multi-Vehicle,153.024435,-27.411481,Alva Tce,East - West Arterial Rd,Kedron,Stafford,Intersection - Cross,No traffic control,60 km/h,Sealed - Dry,Daylight,Straight,Veh'S Same Direction: Rear End,Rear-end,0,0,1,1,2,4,0,0,0,0,0,0
292039,Hospitalisation,2016,5,Angle,Multi-Vehicle,153.012732,-27.345867,Beams Rd,Gympie Arterial Rd,Carseldine,Aspley,Intersection - T-Junction,Give way sign,60 km/h,Sealed - Dry,Daylight,Straight,Veh'S Opposite Approach: Right-Left,Opposing vehicles turning,0,1,0,0,1,2,0,0,0,0,0,0
292058,Hospitalisation,2016,4,Hit pedestrian,Hit pedestrian,153.015982,-27.465978,Countess St,Roma St,Brisbane City,Brisbane Central,Intersection - Cross,Operating traffic lights,60 km/h,Sealed - Wet,Darkness - Lighted,Straight,Ped'N: Near Side Vehicle Hit From Right,Pedestrian,0,1,0,0,1,1,0,0,0,0,1,0
292059,Medical treatment,2016,8,Rear-end,Multi-Vehicle,153.008907,-27.44602954,Kelvin Grove Rd,,Kelvin Grove,Brisbane Central,No Roadway Feature,No traffic control,60 km/h,Sealed - Dry,Daylight,Straight,Veh'S Same Direction: Rear End,Rear-end,0,0,1,0,1,2,0,0,0,0,0,0
292060,Medical treatment,2016,15,Rear-end,Multi-Vehicle,152.999786,-27.470625,Milton Rd,Torwood St,Auchenflower,Mount Coot-tha,Intersection - Cross,Operating traffic lights,60 km/h,Sealed - Wet,Daylight,Straight,Veh'S Same Direction: Rear End,Rear-end,0,0,1,0,1,2,0,0,0,0,0,0
292063,Medical treatment,2016,10,Angle,Multi-Vehicle,153.00428,-27.316741,Gympie Rd,Strathpine Sub-Arterial Rd,Bald Hills,Aspley,Intersection - T-Junction,Operating traffic lights,60 km/h,Sealed - Dry,Daylight,Straight,Veh'S Opposite Approach: Thru-Right,Opposing vehicles turning,0,0,1,0,1,2,0,0,0,0,0,0
292067,Medical treatment,2016,8,Rear-end,Multi-Vehicle,153.025665,-27.369308,Ailsa St,Kirby Rd,Aspley,Aspley,Intersection - T-Junction,No traffic control,60 km/h,Sealed - Dry,Daylight,Straight,Veh'S Same Direction: Right Rear,Rear-end,0,0,1,0,1,2,0,0,0,0,0,0
292099,Medical treatment,2016,14,Rear-end,Multi-Vehicle,152.9819683,-27.49173575,Moggill Rd,,Taringa,Indooroopilly,No Roadway Feature,No traffic control,60 km/h,Sealed - Dry,Daylight,Straight,Veh'S Same Direction: Rear End,Rear-end,0,0,2,0,2,2,0,0,0,0,0,0
292100,Hospitalisation,2016,7,Hit parked vehicle,Single Vehicle,153.008918,-27.390825,Glenrowen St,Rode Rd,Chermside West,Stafford,Intersection - Cross,No traffic control,60 km/h,Sealed - Dry,Daylight,Straight,Off Path-Straight: Left Off Cway Hit Obj,Off carriageway on straight hit object,0,1,0,0,1,3,0,0,0,0,0,0
292102,Hospitalisation,2016,15,Angle,Multi-Vehicle,153.031661,-27.400965,Gympie Arterial Rd,Nundah St,Kedron,Nudgee,Intersection - T-Junction,Give way sign,60 km/h,Sealed - Dry,Daylight,Straight,Veh'S Manoeuvring: Entering From Footway,Vehicle leaving driveway,0,1,0,0,1,1,0,0,0,1,0,0
292108,Medical treatment,2016,7,Sideswipe,Multi-Vehicle,153.092518,-27.41119,Airport Dr,,Brisbane Airport,Clayfield,No Roadway Feature,No traffic control,0 - 50 km/h,Sealed - Dry,Daylight,Curved - view open,Veh'S Same Direction: Lane Change Left,Lane changes,0,0,1,0,1,2,0,0,0,0,0,0
292133,Hospitalisation,2016,11,Hit object,Single Vehicle,153.039397,-27.312782,Bracken Ridge Rd,Bracken St,Bracken Ridge,Sandgate,Intersection - T-Junction,Operating traffic lights,60 km/h,Sealed - Wet,Daylight,Curved - view open,Off Path-Curve: Off Cway Lt Bend Hit Obj,Off carriageway on curve hit object,0,1,0,0,1,1,0,0,0,0,0,0
292144,Medical treatment,2016,22,Angle,Multi-Vehicle,153.036672,-27.415469,East - West Arterial Rd,Kedron Park Rd,Kedron,Clayfield,Intersection - T-Junction,Operating traffic lights,70 km/h,Sealed - Dry,Darkness - Lighted,Curved - view open,Veh'S Adjacent Approach: Thru-Right,Intersection from adjacent approaches,0,0,1,0,1,2,0,0,0,0,0,0
292145,Medical treatment,2016,9,Rear-end,Multi-Vehicle,152.978504,-27.4044393,Osborne Rd,,Everton Park,Everton,No Roadway Feature,No traffic control,60 km/h,Sealed - Wet,Daylight,Straight,Veh'S Same Direction: Rear End,Rear-end,0,0,1,2,3,4,0,0,0,0,0,0
292146,Medical treatment,2016,11,Angle,Multi-Vehicle,152.991504,-27.4102841,Western Arterial Rd,,Everton Park,Everton,No Roadway Feature,Operating traffic lights,60 km/h,Sealed - Wet,Daylight,Straight,Veh'S Opposite Approach: Thru-Right,Opposing vehicles turning,0,0,3,0,3,3,0,0,0,0,0,0
292167,Medical treatment,2016,13,Angle,Multi-Vehicle,153.005493,-27.465137,Finchley St,Heussler Tce,Milton,Mount Coot-tha,Intersection - T-Junction,No traffic control,0 - 50 km/h,Sealed - Dry,Daylight,Straight,Veh'S Opposite Approach: Thru-Right,Opposing vehicles turning,0,0,1,0,1,3,0,0,0,0,0,0
292168,Medical treatment,2016,15,Rear-end,Multi-Vehicle,152.992201,-27.485846,Sherwood Rd,,Toowong,Mount Coot-tha,No Roadway Feature,No traffic control,0 - 50 km/h,Sealed - Dry,Daylight,Straight,Veh'S Same Direction: Right Rear,Rear-end,0,0,1,0,1,2,0,0,0,0,0,0
292169,Hospitalisation,2016,1,Hit object,Single Vehicle,153.046738,-27.312909,Gateway Arterial Rd,,Bracken Ridge,Sandgate,Intersection - Interchange,No traffic control,100 - 110 km/h,Sealed - Wet,Darkness - Lighted,Curved - view open,Off Path-Curve: Off Cway Lt Bend Hit Obj,Off carriageway on curve hit object,0,1,0,0,1,1,0,0,0,0,0,0
292173,Hospitalisation,2016,16,Hit pedestrian,Hit pedestrian,153.034987,-27.421546,Chalk St,,Lutwyche,Clayfield,No Roadway Feature,No traffic control,0 - 50 km/h,Sealed - Dry,Daylight,Straight,Ped'N: Hit By Vehicle Enter/Leave D'Way,Pedestrian,0,1,0,0,1,1,0,0,0,0,1,0
292174,Medical treatment,2016,15,Head-on,Multi-Vehicle,153.059885,-27.4050268,Sandgate Sub-Arterial Rd,,Nundah,Clayfield,No Roadway Feature,No traffic control,60 km/h,Sealed - Dry,Daylight,Straight,Veh'S Opposite Approach: Head On,Head-on,0,0,1,0,1,2,0,0,0,0,0,0
292175,Hospitalisation,2016,23,Hit object,Single Vehicle,152.90477,-27.406587,Lochinvar Rd,,Upper Kedron,Ferny Grove,No Roadway Feature,No traffic control,60 km/h,Sealed - Dry,Darkness - Not lighted,Curved - view obscured,Veh'S On Path: Permanent Obstruction,Hit permanent obstruction on carriageway,0,1,0,0,1,0,1,0,0,0,0,0
292201,Medical treatment,2016,15,Rear-end,Multi-Vehicle,153.0231773,-27.46570077,Bartley St,Wickham Tce,Spring Hill,Brisbane Central,Intersection - T-Junction,No traffic control,0 - 50 km/h,Sealed - Dry,Daylight,Curved - view open,Veh'S Same Direction: Right Rear,Rear-end,0,0,1,0,1,2,0,0,0,0,0,0
292202,Hospitalisation,2016,19,Rear-end,Multi-Vehicle,153.031137,-27.447902,Inner City Bypass,,Bowen Hills,Brisbane Central,Merge Lane,No traffic control,70 km/h,Sealed - Dry,Darkness - Lighted,Curved - view open,Veh'S Same Direction: Rear End,Rear-end,0,1,0,0,1,4,1,1,0,0,0,0
292204,Minor injury,2016,17,Sideswipe,Multi-Vehicle,152.997358,-27.343815,Beams Rd,Bridgeman Rd,Bridgeman Downs,Aspley,Intersection - Cross,Operating traffic lights,70 km/h,Sealed - Dry,Daylight,Straight,Veh'S Opposite Approach: Head On,Head-on,0,0,0,1,1,2,0,0,0,0,0,0
292213,Hospitalisation,2016,7,Angle,Multi-Vehicle,153.0633685,-27.41134687,Widdop St,,Nundah,Clayfield,Bikeway,No traffic control,0 - 50 km/h,Sealed - Dry,Daylight,Straight,Veh'S Manoeuvring: Entering From Footway,Vehicle leaving driveway,0,1,0,0,1,1,0,0,0,1,0,0