Crash_Ref_Number,Severity,Year,Hour,Crash_Nature,Crash_Type,Longitude,Latitude,Street,Street_Intersecting,Suburb,Loc_State_Electorate,Crash_Roadway_Feature,Crash_Traffic_Control,Crash_Speed_Limit,Crash_Road_Surface_Condition,Crash_Lighting_Condition,Crash_Road_Horiz_Align,Crash_DCA_Description,Crash_DCA_Group_Description,Count_Casualty_Fatality,Count_Casualty_Hospitalised,Count_Casualty_MedicallyTreated,Count_Casualty_MinorInjury,Count_Casualty_Total,Count_Unit_Car,Count_Unit_Motorcycle_Moped,Count_Unit_Truck,Count_Unit_Bus,Count_Unit_Bicycle,Count_Unit_Pedestrian,Count_Unit_Other
292235,Medical treatment,2016,8,Rear-end,Multi-Vehicle,153.041862,-27.449898,Breakfast Ck Rd,Skyring Tce,Newstead,Brisbane Central,Intersection - Cross,Operating traffic lights,0 - 50 km/h,Sealed - Dry,Daylight,Straight,Veh'S Same Direction: Rear End,Rear-end,0,0,1,0,1,2,0,0,0,0,0,0
292236,Hospitalisation,2016,6,Fall from vehicle,Single Vehicle,152.996437,-27.4787,Dixon St,Patrick La,Auchenflower,Mount Coot-tha,Intersection - Roundabout,Give way sign,0 - 50 km/h,Sealed - Wet,Daylight,Straight,Off Path-Straight:Out Of Control On Cway,Out of control on straight,0,1,0,0,1,1,0,0,0,1,0,0
292237,Medical treatment,2016,8,Rear-end,Multi-Vehicle,152.890951,-27.542415,Moggill Rd,Moggill Sub-Arterial Rd,Pinjarra Hills,Moggill,Intersection - T-Junction,No traffic control,60 km/h,Sealed - Dry,Daylight,Curved - view open,Veh'S Same Direction: Left Rear,Rear-end,0,0,1,0,1,2,0,0,0,0,0,0
292239,Medical treatment,2016,6,Rear-end,Multi-Vehicle,153.030999,-27.385905,Gympie Arterial Rd,Hamilton Rd,Chermside,Nudgee,Intersection - Cross,Operating traffic lights,60 km/h,Sealed - Dry,Daylight,Straight,Veh'S Same Direction: Rear End,Rear-end,0,0,1,0,1,2,0,0,0,0,0,0
292246,Medical treatment,2016,19,Rear-end,Multi-Vehicle,153.118654,-27.382757,Stradbroke Wy,,Brisbane Airport,Clayfield,No Roadway Feature,No traffic control,0 - 50 km/h,Sealed - Dry,Darkness - Lighted,Straight,Veh'S Same Direction: Rear End,Rear-end,0,0,1,0,1,2,0,0,0,0,0,0
292247,Hospitalisation,2016,20,Angle,Multi-Vehicle,153.034051,-27.421379,Chalk St,Lutwyche Rd,Lutwyche,Clayfield,Intersection - T-Junction,Operating traffic lights,60 km/h,Sealed - Dry,Darkness - Lighted,Straight,Veh'S Opposite Approach: Thru-Right,Opposing vehicles turning,0,1,0,0,1,2,0,0,0,0,0,0
292271,Hospitalisation,2016,7,Angle,Multi-Vehicle,153.026086,-27.411687,Bradley Ave,East - West Arterial Rd,Kedron,Stafford,Intersection - T-Junction,Give way sign,60 km/h,Sealed - Dry,Daylight,Straight,Veh'S Opposite Approach: Thru-Right,Opposing vehicles turning,0,1,0,0,1,2,0,0,0,0,0,0
292274,Medical treatment,2016,15,Rear-end,Multi-Vehicle,153.014081,-27.376138,Maundrell Tce,,Aspley,Aspley,No Roadway Feature,No traffic control,60 km/h,Sealed - Dry,Daylight,Straight,Veh'S Same Direction: Rear End,Rear-end,0,0,1,0,1,3,0,0,0,0,0,0
292312,Minor injury,2016,7,Hit pedestrian,Hit pedestrian,153.028793,-27.464193,Ann St,Wharf St,Brisbane City,Brisbane Central,Intersection - Cross,Operating traffic lights,0 - 50 km/h,Sealed - Dry,Daylight,Straight,Ped'N: Near Side Vehicle Hit From Right,Pedestrian,0,0,0,1,1,0,0,0,1,0,1,0
292313,Medical treatment,2016,11,Sideswipe,Multi-Vehicle,153.023591,-27.472302,Elizabeth St,William St,Brisbane City,Brisbane Central,Intersection - Cross,Operating traffic lights,0 - 50 km/h,Sealed - Dry,Daylight,Straight,Veh'S Same Direction: Left Turn S/Swipe,Parallel lanes turning,0,0,1,0,1,1,0,0,1,0,0,0
292314,Medical treatment,2016,23,Rear-end,Multi-Vehicle,153.014701,-27.466183,Upper Roma St,,Brisbane City,Brisbane Central,Intersection - T-Junction,Operating traffic lights,0 - 50 km/h,Sealed - Wet,Darkness - Lighted,Curved - view open,Veh'S Same Direction: Right Rear,Rear-end,0,0,1,0,1,2,0,0,0,0,0,0
292315,Hospitalisation,2016,19,Angle,Multi-Vehicle,153.003718,-27.46912,Baroona Rd,Milton Rd,Milton,Mount Coot-tha,Intersection - Cross,Operating traffic lights,60 km/h,Sealed - Dry,Darkness - Lighted,Straight,Veh'S Opposite Approach: Thru-Right,Opposing vehicles turning,0,1,0,0,1,2,0,0,0,0,0,0
292316,Medical treatment,2016,16,Sideswipe,Multi-Vehicle,153.011336,-27.46261,Caxton St,Hale St,Paddington,Mount Coot-tha,Intersection - Interchange,No traffic control,60 km/h,Sealed - Dry,Daylight,Straight,Veh'S Same Direction: Lane Change Left,Lane changes,0,0,1,0,1,1,1,0,0,0,0,0
292317,Hospitalisation,2016,15,Hit pedestrian,Hit pedestrian,153.028211,-27.463559,Turbot St,Wharf St,Spring Hill,Brisbane Central,Intersection - Cross,Operating traffic lights,60 km/h,Sealed - Dry,Daylight,Straight,Ped'N: Far Side Vehicle Hit From Left,Pedestrian,0,1,0,0,1,1,0,0,0,0,1,0
292320,Medical treatment,2016,15,Rear-end,Multi-Vehicle,152.952777,-27.508113,Chapel Hill Rd,Moggill Sub-Arterial Rd,Chapel Hill,Moggill,Intersection - T-Junction,Operating traffic lights,60 km/h,Sealed - Dry,Daylight,Straight,Veh'S Same Direction: Rear End,Rear-end,0,0,3,0,3,3,0,0,0,0,0,0
292331,Medical treatment,2016,5,Angle,Multi-Vehicle,153.007362,-27.43855,Enoggera Rd,,Newmarket,Brisbane Central,Intersection - T-Junction,Give way sign,60 km/h,Sealed - Dry,Daylight,Curved - view open,Veh'S Adjacent Approach: Left-Left,Intersection from adjacent approaches,0,0,1,0,1,1,0,1,0,0,0,0
292355,Medical treatment,2016,14,Rear-end,Multi-Vehicle,152.994414,-27.445518,Waterworks Rd,,Ashgrove,Ashgrove,No Roadway Feature,No traffic control,60 km/h,Sealed - Dry,Daylight,Straight,Veh'S Same Direction: Rear End,Rear-end,0,0,1,0,1,4,0,0,0,0,0,0
292356,Medical treatment,2016,1,Hit object,Single Vehicle,152.97097,-27.497805,Moggill Rd,Stanley St,Indooroopilly,Indooroopilly,Intersection - T-Junction,No traffic control,60 km/h,Sealed - Wet,Darkness - Lighted,Straight,Off Path-Straight: Left Off Cway Hit Obj,Off carriageway on straight hit object,0,0,1,0,1,1,0,0,0,0,0,0
292357,Medical treatment,2016,8,Sideswipe,Multi-Vehicle,153.0727173,-27.31835844,Flinders Pde,,Sandgate,Sandgate,Intersection - Roundabout,Give way sign,0 - 50 km/h,Sealed - Dry,Daylight,Straight,Veh'S Manoeuvring: Entering From Footway,Vehicle leaving driveway,0,0,1,0,1,1,0,0,0,1,0,0
292358,Hospitalisation,2016,6,Angle,Multi-Vehicle,153.0133,-27.317949,Gympie Arterial Rd,Strathpine Sub-Arterial Rd,Bald Hills,Aspley,Intersection - Interchange,Operating traffic lights,60 km/h,Sealed - Dry,Dawn/Dusk,Straight,Veh'S Opposite Approach: Thru-Right,Opposing vehicles turning,0,1,1,0,2,1,1,0,0,0,0,0
292368,Medical treatment,2016,4,Hit object,Single Vehicle,153.057982,-27.433,Abbott St,Massey St,Ascot,Clayfield,Intersection - T-Junction,No traffic control,0 - 50 km/h,Sealed - Wet,Darkness - Lighted,Straight,Off Path-Straight: Left Off Cway Hit Obj,Off carriageway on straight hit object,0,0,1,0,1,1,0,0,0,0,0,0
292369,Medical treatment,2016,21,Rear-end,Multi-Vehicle,152.983388,-27.417985,Pickering St,Samford Sub-Arterial Rd,Gaythorne,Ashgrove,Intersection - T-Junction,Operating traffic lights,60 km/h,Sealed - Dry,Darkness - Lighted,Curved - view open,Veh'S Same Direction: Rear End,Rear-end,0,0,1,0,1,2,0,0,0,0,0,0
292396,Medical treatment,2016,12,Rear-end,Multi-Vehicle,153.030883,-27.393433,Gympie Arterial Rd,Rode Rd,Chermside,Stafford,Intersection - Cross,Operating traffic lights,60 km/h,Sealed - Dry,Daylight,Straight,Veh'S Same Direction: Rear End,Rear-end,0,0,2,0,2,2,0,0,0,0,0,0
292397,Medical treatment,2016,21,Rear-end,Multi-Vehicle,153.072521,-27.338188,Gateway Arterial Rd,,Boondall,Nudgee,No Roadway Feature,No traffic control,0 - 50 km/h,Sealed - Dry,Darkness - Lighted,Curved - view open,Veh'S Same Direction: Rear End,Rear-end,0,0,1,0,1,2,0,0,0,0,0,0
292400,Medical treatment,2016,19,Rear-end,Multi-Vehicle,153.114363,-27.391011,Airport Dr,,Brisbane Airport,Clayfield,No Roadway Feature,No traffic control,70 km/h,Sealed - Dry,Dawn/Dusk,Straight,Veh'S Same Direction: Rear End,Rear-end,0,0,1,0,1,2,0,0,0,0,0,0
292401,Medical treatment,2016,19,Hit object,Single Vehicle,152.993332,-27.407044,Cutbush Rd,East - West Arterial Rd,Everton Park,Everton,Intersection - T-Junction,Operating traffic lights,60 km/h,Sealed - Dry,Darkness - Lighted,Straight,Off Path-Straight: Mounts Traffic Island,Off carriageway on straight hit object,0,0,1,0,1,1,0,0,0,0,0,0
292427,Medical treatment,2016,18,Head-on,Multi-Vehicle,153.057573,-27.362589,Bilsen Rd,,Geebung,Nudgee,No Roadway Feature,No traffic control,60 km/h,Sealed - Dry,Dawn/Dusk,Straight,Veh'S Opposite Approach: Thru-Left,Opposing vehicles turning,0,0,2,0,2,2,0,0,0,0,0,0
292428,Hospitalisation,2016,11,Rear-end,Multi-Vehicle,153.037012,-27.365977,Murphy Rd,,Zillmere,Nudgee,No Roadway Feature,No traffic control,60 km/h,Sealed - Dry,Daylight,Straight,Veh'S Same Direction: Rear End,Rear-end,0,1,0,0,1,3,0,0,0,0,0,0
292429,Medical treatment,2016,15,Rear-end,Multi-Vehicle,153.0216487,-27.37235728,Gympie Arterial Rd,,Aspley,Aspley,No Roadway Feature,No traffic control,70 km/h,Sealed - Dry,Daylight,Straight,Veh'S Same Direction: Rear End,Rear-end,0,0,1,0,1,2,0,0,0,0,0,0
292437,Medical treatment,2016,13,Angle,Multi-Vehicle,153.043107,-27.432954,Collingwood St,Sandgate Rd,Albion,Clayfield,Intersection - T-Junction,No traffic control,60 km/h,Sealed - Dry,Daylight,Straight,Veh'S Opposite Approach: Thru-Right,Opposing vehicles turning,0,0,1,0,1,1,0,0,1,0,0,0
292438,Hospitalisation,2016,12,Sideswipe,Multi-Vehicle,153.0812346,-27.37960157,Earnshaw Rd,Tufnell Rd,Banyo,Nudgee,Intersection - Roundabout,Give way sign,60 km/h,Sealed - Wet,Daylight,Straight,Veh'S Adjacent Approach: Thru-Thru,Intersection from adjacent approaches,0,1,1,0,2,2,0,0,0,0,0,0
292460,Minor injury,2016,16,Rear-end,Multi-Vehicle,153.012789,-27.325157,Gympie Arterial Rd,,Bald Hills,Aspley,No Roadway Feature,No traffic control,100 - 110 km/h,Sealed - Dry,Daylight,Straight,Veh'S Same Direction: Rear End,Rear-end,0,0,0,1,1,3,0,0,0,0,0,0
292470,Medical treatment,2016,15,Angle,Multi-Vehicle,153.06596,-27.389984,Northgate Rd,Ridge St,Northgate,Nudgee,Intersection - Cross,Stop sign,60 km/h,Sealed - Dry,Daylight,Straight,Veh'S Adjacent Approach: Thru-Thru,Intersection from adjacent approaches,0,0,1,0,1,2,0,0,0,0,0,0
292491,Medical treatment,2016,18,Angle,Multi-Vehicle,152.9978307,-27.45908647,Latrobe Tce,,Paddington,Mount Coot-tha,No Roadway Feature,No traffic control,0 - 50 km/h,Sealed - Dry,Daylight,Straight,Veh'S Manoeuvring: Entering From Footway,Vehicle leaving driveway,0,0,1,0,1,0,1,0,0,1,0,0
292492,Hospitalisation,2016,13,Fall from vehicle,Single Vehicle,153.0410531,-27.43926285,Allison St,,Bowen Hills,Brisbane Central,No Roadway Feature,No traffic control,0 - 50 km/h,Sealed - Dry,Daylight,Straight,Veh'S Manoeuvring: Other,Other,0,1,0,0,1,0,1,0,0,0,0,0
292493,Hospitalisation,2016,8,Rear-end,Multi-Vehicle,153.0279,-27.45108,Inner City Bypass,,Herston,Brisbane Central,No Roadway Feature,No traffic control,70 km/h,Sealed - Dry,Daylight,Straight,Veh'S Same Direction: Rear End,Rear-end,0,1,0,0,1,3,0,0,0,0,0,0
292494,Hospitalisation,2016,17,Angle,Multi-Vehicle,152.986734,-27.492006,Alpha St,Whitmore St,Taringa,Indooroopilly,Intersection - Roundabout,Give way sign,0 - 50 km/h,Sealed - Dry,Dawn/Dusk,Straight,Veh'S Adjacent Approach: Right-Thru,Intersection from adjacent approaches,0,1,0,0,1,1,1,0,0,0,0,0
292495,Medical treatment,2016,17,Angle,Multi-Vehicle,152.981775,-27.491674,Harrys Rd,Moggill Rd,Taringa,Indooroopilly,Intersection - T-Junction,Stop sign,60 km/h,Sealed - Dry,Daylight,Straight,Veh'S Adjacant Approach: Thru-Left,Intersection from adjacent approaches,0,0,2,0,2,2,0,0,0,0,0,0
292505,Medical treatment,2016,12,Rear-end,Multi-Vehicle,153.059693,-27.408825,Sandgate Rd,Sandgate Sub-Arterial Rd,Nundah,Nudgee,Intersection - T-Junction,Operating traffic lights,60 km/h,Sealed - Dry,Daylight,Straight,Veh'S Same Direction: Rear End,Rear-end,0,0,2,0,2,2,0,0,0,0,0,0
292523,Medical treatment,2016,12,Rear-end,Multi-Vehicle,153.0076544,-27.44449,Kelvin Grove Rd,,Kelvin Grove,Brisbane Central,No Roadway Feature,No traffic control,60 km/h,Sealed - Dry,Daylight,Straight,Veh'S Same Direction: Rear End,Rear-end,0,0,1,0,1,2,0,0,0,0,0,0
292525,Minor injury,2016,13,Rear-end,Multi-Vehicle,153.018514,-27.293247,Gympie Arterial Rd,,Bald Hills,Aspley,No Roadway Feature,No traffic control,100 - 110 km/h,Sealed - Dry,Daylight,Straight,Veh'S Same Direction: Rear End,Rear-end,0,0,0,1,1,2,0,0,0,0,0,0
292528,Hospitalisation,2016,15,Angle,Multi-Vehicle,153.032052,-27.386056,Hamilton Rd,Thomas St,Chermside,Nudgee,Intersection - Cross,Operating traffic lights,60 km/h,Sealed - Dry,Daylight,Straight,Veh'S Opposite Approach: Thru-Right,Opposing vehicles turning,0,1,1,0,2,2,0,0,0,0,0,0
292533,Medical treatment,2016,16,Hit pedestrian,Hit pedestrian,153.031857,-27.432597,Constitution Rd,Lutwyche Rd,Windsor,Brisbane Central,Intersection - T-Junction,Operating traffic lights,60 km/h,Sealed - Dry,Daylight,Straight,Ped'N: Near Side Vehicle Hit From Right,Pedestrian,0,0,1,0,1,1,0,0,0,0,1,0
292556,Hospitalisation,2016,11,Sideswipe,Multi-Vehicle,153.013208,-27.464947,Caxton St,Petrie Tce,Petrie Terrace,Mount Coot-tha,Intersection - T-Junction,Operating traffic lights,60 km/h,Sealed - Dry,Daylight,Straight,Veh'S Overtaking: Overtake-Right Turn,Overtaking same direction,0,1,0,1,2,2,0,0,0,0,0,0
292557,Hospitalisation,2016,18,Hit object,Single Vehicle,152.9630818,-27.50617426,Western Arterial Rd,,Indooroopilly,Indooroopilly,No Roadway Feature,No traffic control,80 - 90 km/h,Sealed - Dry,Darkness - Lighted,Curved - view open,Off Path-Curve: Out Of Control On Cway,Out of control on curve,0,1,0,0,1,1,0,0,0,0,0,0
292582,Hospitalisation,2016,18,Hit pedestrian,Hit pedestrian,153.0342589,-27.45961378,Kemp Pl,,Fortitude Valley,Brisbane Central,Intersection - Interchange,No traffic control,60 km/h,Sealed - Dry,Darkness - Lighted,Curved - view open,Ped'N: Far Side Vehicle Hit From Left,Pedestrian,0,1,0,0,1,1,0,0,0,0,1,0
292583,Hospitalisation,2016,23,Hit object,Single Vehicle,153.0347744,-27.31010719,Gateway Arterial Rd,,Bracken Ridge,Sandgate,No Roadway Feature,No traffic control,100 - 110 km/h,Sealed - Wet,Darkness - Not lighted,Straight,Off Path-Straight: Left Off Cway Hit Obj,Off carriageway on straight hit object,0,5,0,0,5,1,0,0,0,0,0,0
292585,Minor injury,2016,8,Rear-end,Multi-Vehicle,153.022111,-27.347516,Beams Rd,Dorville Rd,Carseldine,Aspley,Intersection - Roundabout,Give way sign,60 km/h,Sealed - Dry,Daylight,Straight,Veh'S Same Direction: Right Rear,Rear-end,0,0,0,3,3,2,0,0,0,0,0,0
292586,Medical treatment,2016,17,Rear-end,Multi-Vehicle,153.015819,-27.355275,Graham Rd,Gympie Arterial Rd,Carseldine,Aspley,Intersection - T-Junction,Operating traffic lights,60 km/h,Sealed - Dry,Daylight,Straight,Veh'S Same Direction: Rear End,Rear-end,0,0,1,0,1,2,0,0,0,0,0,0
292608,Medical treatment,2016,1,Rear-end,Multi-Vehicle,153.0311879,-27.46180404,Boundary St,Wickham St,Brisbane City,Brisbane Central,Intersection - Cross,Operating traffic lights,60 km/h,Sealed - Dry,Darkness - Lighted,Straight,Veh'S Same Direction: Rear End,Rear-end,0,0,1,0,1,2,0,0,0,0,0,0
292609,Medical treatment,2016,2,Hit object,Single Vehicle,153.021722,-27.362076,Navua Ave,Windrest Ave,Aspley,Aspley,Intersection - T-Junction,Stop sign,0 - 50 km/h,Sealed - Wet,Darkness - Not lighted,Straight,Off Path-Straight: Other,Other,0,0,1,0,1,1,0,0,0,0,0,0
292638,Medical treatment,2016,14,Angle,Multi-Vehicle,153.036808,-27.366822,Murphy Rd,Robinson Rd W,Geebung,Nudgee,Intersection - Cross,Operating traffic lights,60 km/h,Sealed - Dry,Daylight,Straight,Veh'S Opposite Approach: Thru-Right,Opposing vehicles turning,0,0,1,0,1,2,0,0,0,0,0,0
292641,Minor injury,2016,3,Rear-end,Multi-Vehicle,153.078827,-27.399164,Gateway Arterial Rd,Southern Cross Wy Ramp Td,Northgate,Nudgee,Intersection - Roundabout,Give way sign,60 km/h,Sealed - Dry,Darkness - Lighted,Straight,Veh'S Same Direction: Left Rear,Rear-end,0,0,0,1,1,2,0,0,0,0,0,0
292652,Medical treatment,2016,10,Hit object,Single Vehicle,153.004091,-27.461045,Given Tce,,Paddington,Mount Coot-tha,No Roadway Feature,No traffic control,60 km/h,Sealed - Dry,Darkness - Lighted,Straight,Off Path-Straight: Left Off Cway Hit Obj,Off carriageway on straight hit object,0,0,1,0,1,1,0,0,0,0,0,0
292653,Hospitalisation,2016,8,Rear-end,Multi-Vehicle,153.013349,-27.318289,Gympie Arterial Rd,,Bald Hills,Aspley,Intersection - Interchange,No traffic control,60 km/h,Sealed - Dry,Daylight,Straight,Veh'S Same Direction: Left Rear,Rear-end,0,1,0,0,1,2,0,0,0,0,0,0
292654,Minor injury,2016,6,Rear-end,Multi-Vehicle,153.008507,-27.330973,Gympie Rd,Linkfield Connection Rd,Bald Hills,Aspley,Intersection - T-Junction,Give way sign,60 km/h,Sealed - Dry,Daylight,Straight,Veh'S Same Direction: Left Rear,Rear-end,0,0,0,1,1,2,0,0,0,0,0,0
292657,Hospitalisation,2016,17,Hit object,Single Vehicle,153.027449,-27.3730536,Ellison Rd,,Aspley,Aspley,No Roadway Feature,No traffic control,60 km/h,Sealed - Dry,Dawn/Dusk,Straight,Off Path-Straight:Right Off Cway Hit Obj,Off carriageway on straight hit object,0,1,0,0,1,1,0,0,0,0,0,0
292658,Hospitalisation,2016,13,Hit object,Single Vehicle,153.066211,-27.350283,Bicentennial Rd,Holme Ave,Boondall,Nudgee,Intersection - Roundabout,No traffic control,60 km/h,Sealed - Dry,Daylight,Straight,Off Path-Straight: Mounts Traffic Island,Off carriageway on straight hit object,0,1,0,0,1,1,0,0,0,0,0,0
292659,Hospitalisation,2016,1,Hit object,Single Vehicle,153.023129,-27.373477,Gympie Arterial Rd,Webster Rd,Aspley,Aspley,Intersection - Cross,Operating traffic lights,60 km/h,Sealed - Dry,Darkness - Lighted,Straight,Off Path-Straight:Out Of Control On Cway,Out of control on straight,0,1,0,0,1,1,0,0,0,0,0,0
292664,Medical treatment,2016,12,Rear-end,Multi-Vehicle,153.0341434,-27.42085226,Lutwyche Rd,,Lutwyche,Clayfield,No Roadway Feature,No traffic control,60 km/h,Sealed - Dry,Daylight,Straight,Veh'S Same Direction: Rear End,Rear-end,0,0,1,0,1,3,0,0,0,0,0,1
292665,Medical treatment,2016,18,Angle,Multi-Vehicle,152.977273,-27.420349,Grays Rd,,Gaythorne,Ashgrove,No Roadway Feature,No traffic control,0 - 50 km/h,Sealed - Dry,Darkness - Lighted,Straight,Pass & Misc: Parked Car Ran Away,Other,0,0,1,0,1,2,0,0,0,0,0,0
292666,Medical treatment,2016,15,Rear-end,Multi-Vehicle,152.9299538,-27.4105836,Upper Kedron Rd,,Upper Kedron,Ferny Grove,No Roadway Feature,No traffic control,60 km/h,Sealed - Dry,Daylight,Straight,Veh'S Same Direction: Rear End,Rear-end,0,0,1,0,1,2,0,0,0,0,0,0
292681,Medical treatment,2016,9,Angle,Multi-Vehicle,153.0277982,-27.47177811,Mary St,,Brisbane City,Brisbane Central,No Roadway Feature,No traffic control,0 - 50 km/h,Sealed - Dry,Daylight,Straight,Veh'S Manoeuvring: Entering From Footway,Vehicle leaving driveway,0,0,1,0,1,1,0,0,0,1,0,0
292682,Hospitalisation,2016,9,Angle,Multi-Vehicle,153.02652,-27.475278,South East Arterial Rd,William St,Brisbane City,Brisbane Central,Intersection - T-Junction,Operating traffic lights,0 - 50 km/h,Sealed - Dry,Daylight,Straight,Veh'S Adjacent Approach: Right-Thru,Intersection from adjacent approaches,0,1,1,0,2,0,1,0,1,0,0,0
292690,Medical treatment,2016,8,Angle,Multi-Vehicle,153.0522708,-27.41654245,Armagh St,Norman Pde,Clayfield,Clayfield,Intersection - T-Junction,Stop sign,0 - 50 km/h,Sealed - Dry,Daylight,Straight,Veh'S Adjacent Approach: Right-Right,Intersection from adjacent approaches,0,0,1,0,1,2,0,0,0,0,0,0
292691,Medical treatment,2016,10,Angle,Multi-Vehicle,152.989534,-27.418798,Pickering St,Tunba St,Enoggera,Ashgrove,Intersection - T-Junction,No traffic control,60 km/h,Sealed - Dry,Daylight,Straight,Veh'S Adjacent Approach: Thru-Right,Intersection from adjacent approaches,0,0,1,0,1,2,0,0,0,0,0,0
292707,Medical treatment,2016,7,Rear-end,Multi-Vehicle,153.010526,-27.467238,Boomerang St,,Petrie Terrace,Brisbane Central,No Roadway Feature,No traffic control,60 km/h,Sealed - Dry,Daylight,Curved - view obscured,Veh'S Same Direction: Rear End,Rear-end,0,0,1,0,1,2,0,0,0,0,0,0
292711,Medical treatment,2016,11,Angle,Multi-Vehicle,152.994226,-27.481652,Bennett St,Sylvan Rd,Toowong,Mount Coot-tha,Intersection - T-Junction,Give way sign,60 km/h,Sealed - Dry,Daylight,Straight,Veh'S Manoeuvring: Entering From Footway,Vehicle leaving driveway,0,0,1,0,1,1,0,0,0,1,0,0
292712,Hospitalisation,2016,5,Fall from vehicle,Single Vehicle,153.019406,-27.303004,Gateway Arterial Rd,,Bald Hills,Sandgate,No Roadway Feature,No traffic control,100 - 110 km/h,Sealed - Dry,Dawn/Dusk,Curved - view open,Off Path-Curve: Out Of Control On Cway,Out of control on curve,0,1,0,0,1,0,1,0,0,0,0,0
292716,Medical treatment,2016,15,Hit object,Single Vehicle,153.0388714,-27.36565927,Bulwer St,Norbiton St,Zillmere,Nudgee,Intersection - T-Junction,No traffic control,0 - 50 km/h,Sealed - Dry,Daylight,Straight,Off Path-Straight:Right Off Cway Hit Obj,Off carriageway on straight hit object,0,0,1,0,1,1,0,0,0,0,0,0
292717,Minor injury,2016,14,Rear-end,Multi-Vehicle,153.017042,-27.360827,Gayford St,,Aspley,Aspley,No Roadway Feature,No traffic control,60 km/h,Sealed - Dry,Daylight,Straight,Veh'S Same Direction: Right Rear,Rear-end,0,0,0,1,1,2,0,0,0,0,0,0
292718,Fatal,2016,14,Hit object,Single Vehicle,153.059101,-27.33862,Gateway Art Rd Ramp Xp,,Boondall,Nudgee,Intersection - Interchange,No traffic control,70 km/h,Sealed - Dry,Daylight,Curved - view open,Off Path-Curve: Mounts Traffic Island,Off carriageway on curve hit object,1,0,0,0,1,0,1,0,0,0,0,0
292738,Minor injury,2016,15,Angle,Multi-Vehicle,153.024295,-27.45116962,Gilchrist Ave,,Herston,Brisbane Central,No Roadway Feature,No traffic control,0 - 50 km/h,Sealed - Dry,Daylight,Curved - view obscured,Veh'S Same Direction: Right Turn S/Swipe,Parallel lanes turning,0,0,0,2,2,1,1,0,0,0,0,0
292740,Hospitalisation,2016,19,Hit parked vehicle,Single Vehicle,152.983129,-27.48733799,Miskin St,,Toowong,Mount Coot-tha,No Roadway Feature,No traffic control,0 - 50 km/h,Sealed - Dry,Darkness - Lighted,Straight,Off Path-Straight: Left Off Cway Hit Obj,Off carriageway on straight hit object,0,1,0,0,1,2,0,0,0,0,0,0
292741,Medical treatment,2016,15,Rear-end,Multi-Vehicle,153.027634,-27.307148,Gateway Arterial Rd,,Bald Hills,Sandgate,No Roadway Feature,No traffic control,100 - 110 km/h,Sealed - Dry,Daylight,Straight,Veh'S Same Direction: Rear End,Rear-end,0,0,1,0,1,2,0,1,0,0,0,0
292772,Hospitalisation,2016,16,Hit parked vehicle,Single Vehicle,152.998755,-27.494317,Sir Fred Schonell Dr,,St Lucia,Indooroopilly,No Roadway Feature,No traffic control,60 km/h,Sealed - Dry,Dawn/Dusk,Straight,Veh'S On Path: Parked,Hit parked vehicle,0,1,0,0,1,2,0,0,0,0,0,0
292775,Medical treatment,2016,16,Rear-end,Multi-Vehicle,153.074976,-27.341767,Bicentennial Rd,Gateway Arterial Rd,Boondall,Nudgee,Intersection - Roundabout,Give way sign,60 km/h,Sealed - Dry,Daylight,Straight,Veh'S Same Direction: Right Rear,Rear-end,0,0,1,0,1,2,0,0,0,0,0,0
292776,Medical treatment,2016,14,Rear-end,Multi-Vehicle,153.031077,-27.38635016,Gympie Arterial Rd,,Chermside,Nudgee,No Roadway Feature,No traffic control,60 km/h,Sealed - Dry,Daylight,Straight,Veh'S Same Direction: Rear End,Rear-end,0,0,1,0,1,2,0,0,0,0,0,0
292781,Medical treatment,2016,10,Hit parked vehicle,Single Vehicle,153.0472843,-27.39917121,Vale St,,Wavell Heights,Clayfield,No Roadway Feature,No traffic control,0 - 50 km/h,Sealed - Dry,Daylight,Straight,Veh'S On Path: Parked,Hit parked vehicle,0,0,1,0,1,2,0,0,0,0,0,0
292782,Hospitalisation,2016,9,Rear-end,Multi-Vehicle,152.961829,-27.404413,Dawson Pde,,Keperra,Everton,No Roadway Feature,No traffic control,60 km/h,Sealed - Dry,Daylight,Straight,Veh'S Same Direction: Rear End,Rear-end,0,1,0,0,1,2,0,0,0,1,0,0
292783,Hospitalisation,2016,7,Hit object,Single Vehicle,152.948413,-27.427772,Settlement Rd,,Keperra,Ferny Grove,No Roadway Feature,No traffic control,60 km/h,Sealed - Dry,Daylight,Curved - view open,Off Path-Curve: Off Cway Lt Bend Hit Obj,Off carriageway on curve hit object,0,1,0,0,1,0,1,0,0,0,0,0
292794,Hospitalisation,2016,21,Hit object,Single Vehicle,152.990224,-27.440944,Western Arterial Rd,,Ashgrove,Ashgrove,No Roadway Feature,No traffic control,60 km/h,Sealed - Dry,Darkness - Lighted,Straight,Off Path-Straight:Right Off Cway Hit Obj,Off carriageway on straight hit object,0,2,0,0,2,1,0,0,0,0,0,0
292797,Hospitalisation,2016,0,Sideswipe,Multi-Vehicle,153.081676,-27.3555476,Gateway Arterial Rd,,Boondall,Nudgee,No Roadway Feature,No traffic control,80 - 90 km/h,Sealed - Dry,Darkness - Lighted,Curved - view open,Veh'S Same Direction: Lane Change Left,Lane changes,0,1,0,2,3,2,0,0,0,0,0,0