Crash_Ref_Number,Severity,Year,Hour,Crash_Nature,Crash_Type,Longitude,Latitude,Street,Street_Intersecting,Suburb,Loc_State_Electorate,Crash_Roadway_Feature,Crash_Traffic_Control,Crash_Speed_Limit,Crash_Road_Surface_Condition,Crash_Lighting_Condition,Crash_Road_Horiz_Align,Crash_DCA_Description,Crash_DCA_Group_Description,Count_Casualty_Fatality,Count_Casualty_Hospitalised,Count_Casualty_MedicallyTreated,Count_Casualty_MinorInjury,Count_Casualty_Total,Count_Unit_Car,Count_Unit_Motorcycle_Moped,Count_Unit_Truck,Count_Unit_Bus,Count_Unit_Bicycle,Count_Unit_Pedestrian,Count_Unit_Other
292803,Hospitalisation,2016,10,Angle,Multi-Vehicle,153.027076,-27.437526,Green Tce,Newmarket Rd,Windsor,Brisbane Central,Intersection - Cross,Operating traffic lights,0 - 50 km/h,Sealed - Dry,Daylight,Straight,Veh'S Opposite Approach: Thru-Right,Opposing vehicles turning,0,1,0,1,2,2,0,0,0,0,0,0
292824,Hospitalisation,2016,18,Hit pedestrian,Hit pedestrian,153.0412678,-27.4500959,Wickham St,,Fortitude Valley,Brisbane Central,No Roadway Feature,No traffic control,60 km/h,Sealed - Dry,Darkness - Lighted,Straight,Ped'N: Near Side Vehicle Hit From Right,Pedestrian,0,1,0,0,1,1,0,0,0,0,1,0
292827,Medical treatment,2016,6,Rear-end,Multi-Vehicle,153.061402,-27.285796,Redcliffe Sub-Arterial Rd,,Brighton,Sandgate,No Roadway Feature,No traffic control,80 - 90 km/h,Sealed - Dry,Daylight,Straight,Veh'S Same Direction: Rear End,Rear-end,0,0,1,0,1,2,0,0,0,0,0,0
292828,Medical treatment,2016,12,Rear-end,Multi-Vehicle,153.016937,-27.364016,Albany Creek Sub-Arterial Rd,Gympie Arterial Rd,Aspley,Aspley,Intersection - T-Junction,Pedestrian crossing sign,60 km/h,Sealed - Dry,Daylight,Straight,Veh'S Same Direction: Left Rear,Rear-end,0,0,1,0,1,2,0,0,0,0,0,0
292863,Medical treatment,2016,7,Fall from vehicle,Single Vehicle,153.0254074,-27.47412926,William St,,Brisbane City,Brisbane Central,No Roadway Feature,No traffic control,0 - 50 km/h,Sealed - Dry,Daylight,Straight,Pass & Misc: Fell In/From Vehicle,Other,0,0,1,0,1,0,0,0,1,0,0,0
292864,Medical treatment,2016,7,Angle,Multi-Vehicle,153.02652,-27.475278,South East Arterial Rd,William St,Brisbane City,Brisbane Central,Intersection - Interchange,Operating traffic lights,0 - 50 km/h,Sealed - Dry,Daylight,Straight,Veh'S Adjacent Approach: Right-Thru,Intersection from adjacent approaches,0,0,1,0,1,1,0,1,0,0,0,0
292865,Medical treatment,2016,8,Rear-end,Multi-Vehicle,153.012949,-27.45607573,Kelvin Grove Rd,,Kelvin Grove,Brisbane Central,No Roadway Feature,No traffic control,60 km/h,Sealed - Dry,Daylight,Straight,Veh'S Same Direction: Rear End,Rear-end,0,0,2,0,2,3,0,0,0,0,0,0
292871,Hospitalisation,2016,9,Angle,Multi-Vehicle,153.055211,-27.361972,Groth Rd,Zillmere Rd,Boondall,Nudgee,Intersection - T-Junction,Give way sign,60 km/h,Sealed - Dry,Daylight,Straight,Veh'S Adjacent Approach: Thru-Right,Intersection from adjacent approaches,0,1,0,0,1,1,1,0,0,0,0,0
292879,Medical treatment,2016,22,Angle,Multi-Vehicle,153.0369691,-27.4293208,Albion Rd,Mclennan St,Albion,Brisbane Central,Intersection - T-Junction,Operating traffic lights,60 km/h,Sealed - Dry,Darkness - Lighted,Curved - view open,Veh'S Opposite Approach: Thru-Right,Opposing vehicles turning,0,0,1,0,1,2,0,0,0,0,0,0
292880,Hospitalisation,2016,9,Angle,Multi-Vehicle,153.048972,-27.396118,Rode Rd,Shaw Rd,Wavell Heights,Clayfield,Intersection - T-Junction,No traffic control,60 km/h,Sealed - Dry,Daylight,Straight,Veh'S Opposite Approach: Thru-Right,Opposing vehicles turning,0,1,0,0,1,2,0,0,0,0,0,0
292881,Medical treatment,2016,13,Rear-end,Multi-Vehicle,153.0427658,-27.43267104,Sandgate Rd,,Albion,Clayfield,Intersection - T-Junction,Operating traffic lights,60 km/h,Sealed - Dry,Daylight,Curved - view open,Veh'S Same Direction: Rear End,Rear-end,0,0,2,0,2,2,0,0,0,0,0,0
292882,Medical treatment,2016,17,Fall from vehicle,Single Vehicle,152.972558,-27.412576,Hoben St,Samford Sub-Arterial Rd,Mitchelton,Everton,Intersection - T-Junction,No traffic control,60 km/h,Sealed - Dry,Dawn/Dusk,Straight,Pass & Misc: Fell In/From Vehicle,Other,0,0,1,0,1,0,0,0,0,1,0,0
292908,Hospitalisation,2016,15,Angle,Multi-Vehicle,153.008544,-27.445718,Herston Rd,Kelvin Grove Rd,Kelvin Grove,Brisbane Central,Intersection - T-Junction,Operating traffic lights,60 km/h,Sealed - Dry,Daylight,Straight,Veh'S Opposite Approach: Thru-Right,Opposing vehicles turning,0,1,0,0,1,1,1,0,0,0,0,0
292909,Hospitalisation,2016,22,Angle,Multi-Vehicle,153.006594,-27.49819,Carmody Rd,Coldridge St,St Lucia,Indooroopilly,Intersection - Cross,Give way sign,60 km/h,Sealed - Dry,Darkness - Lighted,Straight,Veh'S Adjacent Approach: Thru-Thru,Intersection from adjacent approaches,0,1,0,0,1,1,0,0,0,1,0,0
292920,Medical treatment,2016,6,Rear-end,Multi-Vehicle,153.095639,-27.362319,Gateway Arterial Rd,,Nudgee Beach,Nudgee,No Roadway Feature,No traffic control,80 - 90 km/h,Sealed - Dry,Daylight,Straight,Veh'S Same Direction: Rear End,Rear-end,0,0,1,0,1,2,1,0,0,0,0,0
292921,Medical treatment,2016,10,Rear-end,Multi-Vehicle,152.9850293,-27.38961906,Everton Park - Albany Creek Rd,,Everton Park,Everton,No Roadway Feature,No traffic control,60 km/h,Sealed - Dry,Daylight,Straight,Veh'S Same Direction: Rear End,Rear-end,0,0,2,0,2,4,0,0,0,0,0,0
292938,Medical treatment,2016,8,Rear-end,Multi-Vehicle,152.999747,-27.458751,Enoggera Tce,Latrobe Tce,Paddington,Mount Coot-tha,Intersection - T-Junction,Stop sign,0 - 50 km/h,Sealed - Dry,Daylight,Straight,Veh'S Same Direction: Left Rear,Rear-end,0,0,1,0,1,2,0,0,0,0,0,0
292942,Hospitalisation,2016,5,Sideswipe,Multi-Vehicle,153.017061,-27.363996,Albany Creek Sub-Arterial Rd,Gympie Arterial Rd,Aspley,Aspley,Intersection - Cross,Operating traffic lights,60 km/h,Sealed - Dry,Dawn/Dusk,Straight,Veh'S Same Direction: Lane Side Swipe,Lane changes,0,1,0,0,1,1,1,0,0,0,0,0
292951,Minor injury,2016,20,Sideswipe,Multi-Vehicle,153.096878,-27.370979,Gateway Arterial Rd,,Nudgee,Nudgee,Intersection - Interchange,No traffic control,0 - 50 km/h,Sealed - Dry,Darkness - Lighted,Straight,Veh'S Same Direction: Other,Other,0,0,0,1,1,1,1,0,0,0,0,0
292952,Medical treatment,2016,19,Angle,Multi-Vehicle,153.059309,-27.394366,Northgate Rd,Sandgate Sub-Arterial Rd,Nundah,Clayfield,Intersection - T-Junction,No traffic control,60 km/h,Sealed - Dry,Darkness - Lighted,Straight,Veh'S Opposite Approach: Thru-Right,Opposing vehicles turning,0,0,2,1,3,2,0,0,0,0,0,0
292953,Medical treatment,2016,16,Sideswipe,Multi-Vehicle,153.032623,-27.427641,Lutwyche Rd,,Windsor,Brisbane Central,No Roadway Feature,No traffic control,70 km/h,Sealed - Dry,Daylight,Straight,Veh'S Same Direction: Lane Change Left,Lane changes,0,0,2,0,2,2,0,0,0,0,0,0
292954,Minor injury,2016,18,Hit pedestrian,Hit pedestrian,152.969533,-27.404909,Blaker Rd,,Mitchelton,Everton,No Roadway Feature,No traffic control,0 - 50 km/h,Sealed - Dry,Dawn/Dusk,Curved - view open,Ped'N: Play; Work; Stand; Lie On C'Way,Pedestrian,0,0,0,1,1,1,0,0,0,0,1,0
292981,Hospitalisation,2016,15,Rear-end,Multi-Vehicle,153.013674,-27.459082,Musgrave Rd,,Red Hill,Mount Coot-tha,No Roadway Feature,No traffic control,60 km/h,Sealed - Dry,Daylight,Straight,Veh'S Same Direction: Rear End,Rear-end,0,1,0,0,1,1,1,0,0,0,0,0
292982,Medical treatment,2016,15,Sideswipe,Multi-Vehicle,153.025985,-27.465272,Turbot St,,Brisbane City,Brisbane Central,No Roadway Feature,No traffic control,60 km/h,Sealed - Dry,Daylight,Straight,Veh'S Manoeuvring: Leaving Driveway,Vehicle leaving driveway,0,0,1,0,1,1,1,0,0,0,0,0
292983,Medical treatment,2016,13,Rear-end,Multi-Vehicle,153.023191,-27.47306,South East Arterial Rd,,Brisbane City,Brisbane Central,No Roadway Feature,No traffic control,60 km/h,Sealed - Dry,Daylight,Straight,Veh'S Same Direction: Rear End,Rear-end,0,0,2,0,2,3,0,1,0,0,0,0
292984,Hospitalisation,2016,15,Angle,Multi-Vehicle,153.043907,-27.448369,Byres St,Waterloo St,Newstead,Brisbane Central,Intersection - Cross,Give way sign,0 - 50 km/h,Sealed - Dry,Daylight,Straight,Veh'S Adjacant Approach: Thru-Left,Intersection from adjacent approaches,0,1,0,0,1,2,0,0,0,0,0,0
292985,Medical treatment,2016,20,Hit object,Single Vehicle,153.040926,-27.434436,Burrows St,Taylor St,Bowen Hills,Brisbane Central,Intersection - T-Junction,No traffic control,60 km/h,Sealed - Dry,Darkness - Lighted,Straight,Off Path-Straight: Left Off Cway Hit Obj,Off carriageway on straight hit object,0,0,2,0,2,1,0,0,0,0,0,0
292986,Medical treatment,2016,21,Fall from vehicle,Single Vehicle,153.041128,-27.456313,Doggett St,Wandoo St,Fortitude Valley,Brisbane Central,Intersection - T-Junction,No traffic control,60 km/h,Sealed - Dry,Darkness - Not lighted,Straight,Off Path-Straight:Out Of Control On Cway,Out of control on straight,0,0,1,0,1,0,1,0,0,0,0,0
292988,Medical treatment,2016,17,Rear-end,Multi-Vehicle,153.00569,-27.503958,The Esplanade,,St Lucia,Indooroopilly,No Roadway Feature,No traffic control,0 - 50 km/h,Sealed - Dry,Dawn/Dusk,Curved - view open,Veh'S Same Direction: Rear End,Rear-end,0,0,1,0,1,2,0,0,0,0,0,0
292991,Hospitalisation,2016,6,Hit parked vehicle,Single Vehicle,153.062277,-27.3011411,Beaconsfield Tce,,Brighton,Sandgate,No Roadway Feature,No traffic control,60 km/h,Sealed - Dry,Daylight,Straight,Veh'S On Path: Parked,Hit parked vehicle,0,1,0,0,1,2,0,0,0,0,0,0
292992,Medical treatment,2016,12,Angle,Multi-Vehicle,153.0289618,-27.31123598,Bracken Ridge Rd,Norris Rd,Bracken Ridge,Sandgate,Intersection - T-Junction,Operating traffic lights,60 km/h,Sealed - Dry,Daylight,Straight,Veh'S Same Direction: Lane Side Swipe,Lane changes,0,0,1,0,1,1,1,0,0,0,0,0
292994,Medical treatment,2016,11,Rear-end,Multi-Vehicle,153.039798,-27.350586,Handford Rd,,Zillmere,Nudgee,No Roadway Feature,No traffic control,60 km/h,Sealed - Dry,Daylight,Straight,Veh'S Same Direction: Rear End,Rear-end,0,0,1,0,1,2,0,0,0,0,0,0
292995,Hospitalisation,2016,9,Rear-end,Multi-Vehicle,153.017239,-27.362788,Gympie Arterial Rd,,Aspley,Aspley,No Roadway Feature,Pedestrian operated lights,60 km/h,Sealed - Dry,Daylight,Straight,Veh'S Same Direction: Rear End,Rear-end,0,2,0,0,2,2,0,0,0,0,0,0
292996,Medical treatment,2016,12,Angle,Multi-Vehicle,152.989895,-27.379783,Hamilton Rd,,Mcdowall,Aspley,No Roadway Feature,No traffic control,60 km/h,Sealed - Dry,Daylight,Straight,Veh'S Manoeuvring: Leaving Driveway,Vehicle leaving driveway,0,0,1,0,1,2,0,0,0,0,0,0
292998,Hospitalisation,2016,12,Angle,Multi-Vehicle,153.0828583,-27.43313989,Fison Ave W,Gateway Arterial Rd,Eagle Farm,Clayfield,Intersection - Cross,Operating traffic lights,60 km/h,Sealed - Dry,Daylight,Straight,Veh'S Adjacent Approach: Thru-Thru,Intersection from adjacent approaches,0,6,1,0,7,1,0,0,0,0,0,1
293033,Hospitalisation,2016,16,Head-on,Multi-Vehicle,153.072791,-27.402881,Nudgee Rd,,Nundah,Nudgee,No Roadway Feature,No traffic control,60 km/h,Sealed - Dry,Daylight,Straight,Veh'S Opposite Approach: Head On,Head-on,0,2,0,0,2,2,0,0,0,0,0,0
293060,Medical treatment,2016,8,Angle,Multi-Vehicle,153.019853,-27.467149,George St,Herschel St,Brisbane City,Brisbane Central,Intersection - Cross,Operating traffic lights,0 - 50 km/h,Sealed - Dry,Daylight,Straight,Veh'S Adjacent Approach: Thru-Thru,Intersection from adjacent approaches,0,0,1,0,1,1,0,0,1,0,0,0
293061,Minor injury,2016,17,Angle,Multi-Vehicle,153.000002,-27.462804,Given Tce,Herbert St,Paddington,Mount Coot-tha,Intersection - T-Junction,Stop sign,0 - 50 km/h,Sealed - Dry,Daylight,Straight,Veh'S Adjacent Approach: Thru-Right,Intersection from adjacent approaches,0,0,0,1,1,2,0,0,0,0,0,0
293062,Medical treatment,2016,9,Angle,Multi-Vehicle,153.004571,-27.461252,Given Tce,Great George St,Paddington,Mount Coot-tha,Intersection - T-Junction,No traffic control,60 km/h,Unsealed - Dry,Daylight,Curved - view open,Veh'S Opposite Approach: Thru-Right,Opposing vehicles turning,0,0,1,0,1,1,0,0,0,1,0,0
293063,Minor injury,2016,17,Angle,Multi-Vehicle,153.044961,-27.467873,Bowen Tce,,New Farm,Brisbane Central,No Roadway Feature,No traffic control,0 - 50 km/h,Sealed - Dry,Darkness - Lighted,Straight,Veh'S Manoeuvring: Leaving Parking,Vehicle leaving driveway,0,0,0,1,1,3,0,0,0,0,0,0
293064,Hospitalisation,2016,2,Hit object,Single Vehicle,152.963534,-27.49763,Western Arterial Rd,,Indooroopilly,Indooroopilly,No Roadway Feature,No traffic control,80 - 90 km/h,Sealed - Dry,Darkness - Lighted,Straight,Off Path-Straight: Left Off Cway Hit Obj,Off carriageway on straight hit object,0,1,0,0,1,1,0,0,0,0,0,0
293066,Medical treatment,2016,9,Hit object,Single Vehicle,152.985028,-27.387974,Everton Park - Albany Creek Rd,,Mcdowall,Everton,Intersection - Interchange,No traffic control,60 km/h,Sealed - Dry,Daylight,Straight,Off Path-Straight:Right Off Cway Hit Obj,Off carriageway on straight hit object,0,0,1,0,1,1,0,0,0,0,0,0
293093,Medical treatment,2016,10,Rear-end,Multi-Vehicle,153.033799,-27.459679,Ann St,Gipps St,Fortitude Valley,Brisbane Central,Intersection - Cross,Operating traffic lights,60 km/h,Sealed - Dry,Daylight,Straight,Veh'S Same Direction: Rear End,Rear-end,0,0,1,0,1,2,0,0,0,0,0,0
293095,Medical treatment,2016,8,Angle,Multi-Vehicle,153.026423,-27.389076,Farnell St,Wallace St,Chermside,Stafford,Intersection - Cross,Stop sign,0 - 50 km/h,Sealed - Dry,Daylight,Straight,Veh'S Adjacent Approach: Right-Thru,Intersection from adjacent approaches,0,0,1,0,1,2,0,0,0,0,0,0
293096,Medical treatment,2016,8,Rear-end,Multi-Vehicle,153.022222,-27.383914,Hamilton Rd,Webster Rd,Chermside,Stafford,Intersection - Roundabout,Give way sign,60 km/h,Sealed - Dry,Daylight,Straight,Veh'S Same Direction: Left Rear,Rear-end,0,0,1,0,1,2,0,0,0,0,0,0
293097,Medical treatment,2016,16,Sideswipe,Multi-Vehicle,153.062134,-27.370177,Sandgate Sub-Arterial Rd,,Virginia,Nudgee,No Roadway Feature,No traffic control,70 km/h,Sealed - Dry,Daylight,Straight,Veh'S Same Direction: Lane Change Right,Lane changes,0,0,1,0,1,2,0,0,0,0,0,0
293105,Medical treatment,2016,13,Rear-end,Multi-Vehicle,153.076155,-27.396435,Nudgee Rd,,Northgate,Nudgee,No Roadway Feature,No traffic control,60 km/h,Sealed - Dry,Daylight,Straight,Veh'S Same Direction: Rear End,Rear-end,0,0,1,0,1,2,0,0,0,0,0,0
293106,Hospitalisation,2016,16,Hit object,Single Vehicle,152.865269,-27.419817,Mount Nebo Rd,,Enoggera Reservoir,Ashgrove,No Roadway Feature,No traffic control,70 km/h,Sealed - Dry,Daylight,Curved - view obscured,Off Path-Curve: Off Cway Rt Bend Hit Obj,Off carriageway on curve hit object,0,2,0,0,2,1,0,0,0,0,0,0
293129,Hospitalisation,2016,14,Angle,Multi-Vehicle,152.991564,-27.44582,Trout St,Waterworks Rd,Ashgrove,Ashgrove,Intersection - T-Junction,Give way sign,60 km/h,Sealed - Dry,Daylight,Curved - view open,Veh'S Same Direction: Left Rear,Rear-end,0,1,0,0,1,2,0,0,0,0,0,0
293130,Hospitalisation,2016,12,Hit pedestrian,Hit pedestrian,153.041023,-27.450427,Wickham St,,Fortitude Valley,Brisbane Central,No Roadway Feature,No traffic control,60 km/h,Sealed - Dry,Daylight,Straight,Ped'N: Far Side Vehicle Hit From Left,Pedestrian,0,1,0,0,1,0,0,0,0,0,1,1
293131,Hospitalisation,2016,6,Sideswipe,Multi-Vehicle,152.976899,-27.502019,Westminster Rd,,Indooroopilly,Indooroopilly,No Roadway Feature,No traffic control,0 - 50 km/h,Sealed - Dry,Daylight,Straight,Veh'S Same Direction: Lane Side Swipe,Lane changes,0,1,0,0,1,3,0,0,0,1,0,0
293132,Medical treatment,2016,18,Angle,Multi-Vehicle,153.024021,-27.31082,Bracken Ridge Rd,Hoyland St,Bracken Ridge,Sandgate,Intersection - T-Junction,Operating traffic lights,60 km/h,Sealed - Dry,Darkness - Lighted,Straight,Veh'S Opposite Approach: Thru-Right,Opposing vehicles turning,0,0,1,0,1,2,0,0,0,0,0,0
293134,Medical treatment,2016,18,Sideswipe,Multi-Vehicle,153.008089,-27.408339,Appleby Rd,Teevan St,Stafford,Stafford,Intersection - T-Junction,No traffic control,60 km/h,Sealed - Dry,Darkness - Lighted,Curved - view open,Veh'S Same Direction: Left Turn S/Swipe,Parallel lanes turning,0,0,1,0,1,1,0,0,0,1,0,0
293137,Medical treatment,2016,18,Rear-end,Multi-Vehicle,153.075184,-27.41196,East - West Arterial Rd,,Hendra,Clayfield,No Roadway Feature,No traffic control,60 km/h,Sealed - Dry,Darkness - Lighted,Curved - view open,Veh'S Same Direction: Rear End,Rear-end,0,0,1,0,1,2,0,0,0,0,0,0
293160,Medical treatment,2016,8,Rear-end,Multi-Vehicle,153.027812,-27.4510858,Inner City Bypass,,Herston,Brisbane Central,No Roadway Feature,No traffic control,70 km/h,Sealed - Dry,Daylight,Straight,Veh'S Same Direction: Rear End,Rear-end,0,0,1,0,1,1,0,0,0,0,0,1
293163,Medical treatment,2016,8,Sideswipe,Multi-Vehicle,153.0061003,-27.49387735,Coldridge St,Sir Fred Schonell Dr,St Lucia,Indooroopilly,Intersection - T-Junction,Operating traffic lights,60 km/h,Sealed - Dry,Daylight,Straight,Veh'S Same Direction: Right Turn S/Swipe,Parallel lanes turning,0,0,1,0,1,1,1,0,1,0,0,0
293164,Medical treatment,2016,18,Rear-end,Multi-Vehicle,152.982722,-27.478346,Dean St,Western Arterial Rd,Toowong,Mount Coot-tha,Intersection - T-Junction,Give way sign,60 km/h,Sealed - Dry,Darkness - Lighted,Straight,Veh'S Same Direction: Left Rear,Rear-end,0,0,1,0,1,2,0,0,0,0,0,0
293165,Hospitalisation,2016,7,Rear-end,Multi-Vehicle,152.9473166,-27.52587919,Western Arterial Rd,,Kenmore,Moggill,No Roadway Feature,No traffic control,80 - 90 km/h,Sealed - Dry,Daylight,Straight,Veh'S Same Direction: Rear End,Rear-end,0,1,0,0,1,2,0,0,0,0,0,0
293167,Hospitalisation,2016,12,Hit object,Single Vehicle,153.0095204,-27.40051068,Appleby Rd,,Stafford Heights,Stafford,No Roadway Feature,No traffic control,60 km/h,Sealed - Wet,Daylight,Straight,Off Path-Straight: Left Off Cway Hit Obj,Off carriageway on straight hit object,0,1,0,0,1,1,0,0,0,0,0,0
293177,Medical treatment,2016,10,Sideswipe,Multi-Vehicle,153.042908,-27.432316,Crosby Rd,Frodsham St,Albion,Clayfield,Intersection - 5+ way,Operating traffic lights,0 - 50 km/h,Sealed - Dry,Daylight,Straight,Veh'S Same Direction: Left Turn S/Swipe,Parallel lanes turning,0,0,1,0,1,1,0,1,0,0,0,0
293196,Medical treatment,2016,21,Angle,Multi-Vehicle,153.003718,-27.46912,Milton Rd,Park Rd,Milton,Mount Coot-tha,Intersection - Cross,Operating traffic lights,0 - 50 km/h,Sealed - Wet,Darkness - Lighted,Straight,Veh'S Opposite Approach: Thru-Right,Opposing vehicles turning,0,0,1,0,1,2,0,0,0,0,0,0
293197,Hospitalisation,2016,11,Hit object,Single Vehicle,153.008414,-27.47053,Coronation Dr,Cribb St,Milton,Mount Coot-tha,Intersection - T-Junction,Operating traffic lights,60 km/h,Sealed - Dry,Daylight,Straight,Off Path-Straight: Other,Other,0,1,0,0,1,2,0,0,0,0,0,0
293198,Medical treatment,2016,14,Angle,Multi-Vehicle,153.014149,-27.458425,Kelvin Grove Rd,,Kelvin Grove,Mount Coot-tha,Intersection - T-Junction,Operating traffic lights,60 km/h,Sealed - Dry,Daylight,Straight,Veh'S Adjacent Approach: Thru-Right,Intersection from adjacent approaches,0,0,2,0,2,2,0,0,0,0,0,0
293199,Medical treatment,2016,10,Rear-end,Multi-Vehicle,153.018061,-27.467917,North Quay,,Brisbane City,Brisbane Central,No Roadway Feature,No traffic control,70 km/h,Sealed - Dry,Daylight,Straight,Veh'S Same Direction: Rear End,Rear-end,0,0,1,0,1,2,0,0,0,0,0,0
293200,Medical treatment,2016,16,Rear-end,Multi-Vehicle,152.958268,-27.511069,Moggill Rd,Western Arterial Rd,Indooroopilly,Moggill,Intersection - Interchange,No traffic control,60 km/h,Sealed - Dry,Daylight,Straight,Veh'S Same Direction: Rear End,Rear-end,0,0,1,0,1,2,0,0,0,0,0,0
293203,Medical treatment,2016,11,Angle,Multi-Vehicle,153.03817,-27.395945,Taylor St,Telopia Ave,Wavell Heights,Nudgee,Intersection - Cross,Give way sign,60 km/h,Sealed - Dry,Daylight,Straight,Veh'S Adjacent Approach: Thru-Thru,Intersection from adjacent approaches,0,0,1,0,1,2,0,0,0,0,0,0
293204,Hospitalisation,2016,6,Hit pedestrian,Hit pedestrian,153.031499,-27.389839,Gympie Arterial Rd,Kuran St,Chermside,Nudgee,Intersection - Cross,Operating traffic lights,60 km/h,Sealed - Dry,Daylight,Straight,Ped'N: Far Side Vehicle Hit From Left,Pedestrian,0,1,0,0,1,1,0,0,0,0,1,0
293209,Hospitalisation,2016,8,Sideswipe,Multi-Vehicle,153.08973,-27.412069,Airport Dr,,Brisbane Airport,Clayfield,Intersection - Interchange,No traffic control,80 - 90 km/h,Sealed - Wet,Daylight,Straight,Veh'S Same Direction: Lane Change Left,Lane changes,0,1,0,1,2,1,0,0,1,0,0,0
293252,Medical treatment,2016,16,Rear-end,Multi-Vehicle,152.96273,-27.411553,Dawson Pde,,Keperra,Everton,No Roadway Feature,No traffic control,60 km/h,Sealed - Dry,Daylight,Straight,Veh'S Same Direction: Rear End,Rear-end,0,0,1,0,1,3,0,0,0,0,0,0
293274,Medical treatment,2016,15,Rear-end,Multi-Vehicle,153.038756,-27.461391,Brunswick St,,Fortitude Valley,Brisbane Central,No Roadway Feature,No traffic control,60 km/h,Sealed - Dry,Daylight,Straight,Veh'S Same Direction: Rear End,Rear-end,0,0,3,0,3,3,0,0,0,0,0,0
293275,Medical treatment,2016,12,Rear-end,Multi-Vehicle,152.980561,-27.492642,Morrow St,,Taringa,Indooroopilly,No Roadway Feature,No traffic control,60 km/h,Sealed - Dry,Daylight,Straight,Veh'S Same Direction: Rear End,Rear-end,0,0,1,0,1,2,0,0,0,0,0,0
293277,Medical treatment,2016,10,Angle,Multi-Vehicle,153.022335,-27.400954,Bayview St,Glenhaven St,Stafford Heights,Stafford,Intersection - Cross,No traffic control,0 - 50 km/h,Sealed - Dry,Daylight,Straight,Veh'S Opposite Approach: Thru-Right,Opposing vehicles turning,0,0,2,0,2,2,0,0,0,0,0,0
293281,Hospitalisation,2016,9,Hit pedestrian,Hit pedestrian,153.059962,-27.407789,Sandgate Sub-Arterial Rd,Union St,Nundah,Nudgee,Intersection - T-Junction,Pedestrian crossing sign,60 km/h,Sealed - Dry,Daylight,Curved - view open,Ped'N: Near Side Vehicle Hit From Right,Pedestrian,0,1,0,0,1,1,0,0,0,0,1,0
293282,Medical treatment,2016,17,Angle,Multi-Vehicle,152.984988,-27.38918399,Everton Park - Albany Creek Rd,Rogers Pde E,Everton Park,Everton,Intersection - T-Junction,Operating traffic lights,60 km/h,Sealed - Dry,Darkness - Lighted,Straight,Veh'S Opposite Approach: Thru-Right,Opposing vehicles turning,0,0,1,0,1,2,0,0,0,0,0,0
293295,Medical treatment,2016,19,Angle,Multi-Vehicle,153.012602,-27.345965,Beams Rd,Gympie Arterial Rd,Carseldine,Aspley,Intersection - Cross,Operating traffic lights,60 km/h,Sealed - Dry,Darkness - Lighted,Straight,Veh'S Opposite Approach: Thru-Right,Opposing vehicles turning,0,0,1,0,1,2,0,0,0,0,0,0
293297,Medical treatment,2016,21,Rear-end,Multi-Vehicle,153.059217,-27.411295,East - West Arterial Rd,Sandgate Rd,Clayfield,Clayfield,Intersection - Interchange,Give way sign,60 km/h,Sealed - Dry,Darkness - Lighted,Straight,Veh'S Same Direction: Left Rear,Rear-end,0,0,1,0,1,2,0,0,0,0,0,0
293298,Hospitalisation,2016,19,Hit object,Single Vehicle,152.990537,-27.405781,Everton Park - Albany Creek Rd,,Everton Park,Everton,No Roadway Feature,No traffic control,60 km/h,Sealed - Dry,Darkness - Lighted,Straight,Off Path-Straight: Left Off Cway Hit Obj,Off carriageway on straight hit object,0,1,0,0,1,1,0,0,0,0,0,0
293313,Medical treatment,2016,8,Rear-end,Multi-Vehicle,153.0270863,-27.45761986,Water St,,Spring Hill,Brisbane Central,No Roadway Feature,No traffic control,0 - 50 km/h,Sealed - Dry,Daylight,Straight,Veh'S Same Direction: Rear End,Rear-end,0,0,1,1,2,3,0,0,0,0,0,0
293314,Medical treatment,2016,17,Rear-end,Multi-Vehicle,153.024713,-27.465548,Edward St,,Brisbane City,Brisbane Central,No Roadway Feature,No traffic control,0 - 50 km/h,Sealed - Dry,Dawn/Dusk,Curved - view open,Veh'S Same Direction: Rear End,Rear-end,0,0,1,0,1,1,0,0,0,1,0,0
293315,Medical treatment,2016,7,Rear-end,Multi-Vehicle,153.015687,-27.457617,Inner City Bypass,,Kelvin Grove,Brisbane Central,No Roadway Feature,No traffic control,60 km/h,Sealed - Dry,Daylight,Curved - view open,Veh'S Same Direction: Rear End,Rear-end,0,0,2,0,2,2,0,0,0,0,0,0
293316,Hospitalisation,2016,15,Hit object,Single Vehicle,153.035625,-27.461544,Bradfield Hwy,Mclachlan St,Fortitude Valley,Brisbane Central,Intersection - Interchange,No traffic control,60 km/h,Sealed - Dry,Daylight,Curved - view open,Off Path-Curve: Out Of Control On Cway,Out of control on curve,0,1,0,0,1,1,0,0,0,0,0,0
293318,Medical treatment,2016,13,Hit object,Single Vehicle,153.0441443,-27.31290485,Gateway Arterial Rd,,Bracken Ridge,Sandgate,No Roadway Feature,No traffic control,80 - 90 km/h,Sealed - Dry,Daylight,Curved - view open,Veh'S Same Direction: Lane Side Swipe,Lane changes,0,0,1,0,1,1,0,1,0,0,0,0