Crash_Ref_Number,Severity,Year,Hour,Crash_Nature,Crash_Type,Longitude,Latitude,Street,Street_Intersecting,Suburb,Loc_State_Electorate,Crash_Roadway_Feature,Crash_Traffic_Control,Crash_Speed_Limit,Crash_Road_Surface_Condition,Crash_Lighting_Condition,Crash_Road_Horiz_Align,Crash_DCA_Description,Crash_DCA_Group_Description,Count_Casualty_Fatality,Count_Casualty_Hospitalised,Count_Casualty_MedicallyTreated,Count_Casualty_MinorInjury,Count_Casualty_Total,Count_Unit_Car,Count_Unit_Motorcycle_Moped,Count_Unit_Truck,Count_Unit_Bus,Count_Unit_Bicycle,Count_Unit_Pedestrian,Count_Unit_Other
293325,Minor injury,2016,10,Rear-end,Multi-Vehicle,153.0646634,-27.43921291,Kingsford Smith Dr,,Hamilton,Clayfield,No Roadway Feature,No traffic control,60 km/h,Sealed - Dry,Daylight,Straight,Veh'S Same Direction: Rear End,Rear-end,0,0,0,1,1,0,0,2,0,0,0,0
293326,Hospitalisation,2016,8,Angle,Multi-Vehicle,153.030211,-27.442581,Lutwyche Rd,Northey St,Windsor,Brisbane Central,Intersection - Interchange,Operating traffic lights,60 km/h,Sealed - Dry,Daylight,Straight,Veh'S Adjacent Approach: Thru-Right,Intersection from adjacent approaches,0,1,0,0,1,2,0,0,0,0,0,0
293327,Hospitalisation,2016,10,Hit object,Single Vehicle,153.065806,-27.383021,St Vincents Rd,,Virginia,Nudgee,No Roadway Feature,No traffic control,60 km/h,Sealed - Dry,Daylight,Straight,Off Path-Straight: Left Off Cway Hit Obj,Off carriageway on straight hit object,0,1,0,0,1,1,0,0,0,0,0,0
293328,Hospitalisation,2016,7,Angle,Multi-Vehicle,152.98332,-27.418057,Pickering St,Samford Sub-Arterial Rd,Gaythorne,Ashgrove,Intersection - T-Junction,Operating traffic lights,60 km/h,Sealed - Dry,Daylight,Straight,Veh'S Opposite Approach: Thru-Right,Opposing vehicles turning,0,1,0,0,1,1,1,0,0,0,0,0
293329,Medical treatment,2016,18,Rear-end,Multi-Vehicle,152.990775,-27.406576,Everton Park - Albany Creek Rd,Gordon Pde,Everton Park,Everton,Intersection - T-Junction,No traffic control,60 km/h,Sealed - Dry,Darkness - Lighted,Straight,Veh'S Same Direction: Rear End,Rear-end,0,0,1,0,1,2,0,0,0,0,0,0
293350,Minor injury,2016,18,Sideswipe,Multi-Vehicle,153.031519,-27.463267,Adelaide St,Queen St,Brisbane City,Brisbane Central,Intersection - T-Junction,No traffic control,0 - 50 km/h,Sealed - Dry,Dawn/Dusk,Curved - view open,Veh'S Adjacant Approach: Thru-Left,Intersection from adjacent approaches,0,0,0,2,2,2,0,0,0,0,0,0
293361,Medical treatment,2016,17,Fall from vehicle,Single Vehicle,153.005012,-27.429794,Enoggera Rd,,Alderley,Ashgrove,No Roadway Feature,No traffic control,60 km/h,Sealed - Dry,Darkness - Lighted,Curved - view obscured,Off Path-Curve: Out Of Control On Cway,Out of control on curve,0,0,1,0,1,0,1,0,0,0,0,0
293383,Minor injury,2016,18,Rear-end,Multi-Vehicle,152.989288,-27.446102,Western Arterial Rd,,Ashgrove,Ashgrove,No Roadway Feature,No traffic control,60 km/h,Sealed - Dry,Dawn/Dusk,Straight,Veh'S Same Direction: Rear End,Rear-end,0,0,0,1,1,2,0,0,0,0,0,0
293384,Minor injury,2016,9,Hit pedestrian,Hit pedestrian,153.027859,-27.466239,Adelaide St,Creek St,Brisbane City,Brisbane Central,Intersection - Cross,Operating traffic lights,0 - 50 km/h,Sealed - Dry,Daylight,Straight,Ped'N: Far Side Vehicle Hit From Left,Pedestrian,0,0,0,1,1,0,0,0,1,0,1,0
293385,Hospitalisation,2016,9,Angle,Multi-Vehicle,153.030354,-27.461726,Boundary St,Turbot St,Spring Hill,Brisbane Central,Intersection - Cross,Operating traffic lights,60 km/h,Sealed - Dry,Daylight,Straight,Veh'S Adjacent Approach: Thru-Thru,Intersection from adjacent approaches,0,1,0,0,1,3,0,0,0,0,0,0
293386,Medical treatment,2016,17,Angle,Multi-Vehicle,153.028961,-27.458726,Quarry St,St Pauls Tce,Spring Hill,Brisbane Central,Intersection - T-Junction,No traffic control,60 km/h,Sealed - Dry,Daylight,Straight,Veh'S Opposite Approach: Thru-Right,Opposing vehicles turning,0,0,1,0,1,1,1,0,0,0,0,0
293387,Medical treatment,2016,20,Sideswipe,Multi-Vehicle,153.032248,-27.455366,Amelia St,St Pauls Tce,Fortitude Valley,Brisbane Central,Intersection - T-Junction,No traffic control,60 km/h,Sealed - Dry,Darkness - Lighted,Straight,Veh'S Overtaking: Overtake-Right Turn,Overtaking same direction,0,0,2,0,2,2,0,0,0,0,0,0
293390,Medical treatment,2016,16,Angle,Multi-Vehicle,153.0403783,-27.32832416,Phillips St,Tomah Rd,Bracken Ridge,Sandgate,Intersection - T-Junction,No traffic control,60 km/h,Sealed - Dry,Daylight,Straight,Veh'S Opposite Approach: Thru-Right,Opposing vehicles turning,0,0,2,0,2,2,0,0,0,0,0,0
293422,Hospitalisation,2016,17,Angle,Multi-Vehicle,152.990647,-27.480661,Sylvan Rd,,Toowong,Mount Coot-tha,No Roadway Feature,No traffic control,0 - 50 km/h,Sealed - Dry,Dawn/Dusk,Straight,Veh'S Manoeuvring: Other,Other,0,1,0,0,1,1,0,0,0,1,0,0
293425,Minor injury,2016,6,Rear-end,Multi-Vehicle,153.04653,-27.330501,Depot Rd,Quinlan St,Deagon,Sandgate,Intersection - T-Junction,No traffic control,60 km/h,Sealed - Dry,Daylight,Straight,Veh'S Same Direction: Rear End,Rear-end,0,0,0,1,1,2,0,0,0,0,0,0
293426,Medical treatment,2016,19,Head-on,Multi-Vehicle,153.000449,-27.416273,Shand St,,Alderley,Ashgrove,No Roadway Feature,No traffic control,60 km/h,Sealed - Dry,Darkness - Not lighted,Curved - view open,Veh'S Opposite Approach: Head On,Head-on,0,0,2,0,2,2,0,0,0,0,0,0
293434,Hospitalisation,2016,15,Hit parked vehicle,Single Vehicle,153.0885125,-27.40887009,Gateway Arterial Rd,,Brisbane Airport,Clayfield,No Roadway Feature,No traffic control,80 - 90 km/h,Sealed - Dry,Daylight,Curved - view open,Off Path-Curve: Off Cway Lt Bend Hit Obj,Off carriageway on curve hit object,0,1,0,0,1,1,0,1,0,0,0,0
293435,Medical treatment,2016,17,Rear-end,Multi-Vehicle,153.0883969,-27.35676498,Gateway Arterial Rd,,Nudgee Beach,Nudgee,No Roadway Feature,No traffic control,80 - 90 km/h,Sealed - Dry,Daylight,Straight,Veh'S Same Direction: Rear End,Rear-end,0,0,1,0,1,2,0,0,0,0,0,0
293436,Medical treatment,2016,10,Overturned,Single Vehicle,153.007454,-27.438378,Enoggera Rd,,Newmarket,Brisbane Central,No Roadway Feature,Pedestrian crossing sign,60 km/h,Sealed - Dry,Daylight,Curved - view open,Veh'S Manoeuvring: Other,Other,0,0,1,0,1,0,0,0,0,0,0,1
293463,Hospitalisation,2016,9,Rear-end,Multi-Vehicle,152.988792,-27.451715,Alexandra St,Western Arterial Rd,Bardon,Ashgrove,Intersection - T-Junction,No traffic control,60 km/h,Sealed - Dry,Daylight,Straight,Veh'S Same Direction: Right Rear,Rear-end,0,1,1,0,2,1,0,1,0,0,0,0
293464,Medical treatment,2016,18,Hit parked vehicle,Single Vehicle,153.028635,-27.469688,Charlotte St,,Brisbane City,Brisbane Central,No Roadway Feature,No traffic control,0 - 50 km/h,Sealed - Dry,Darkness - Lighted,Straight,Veh'S Manoeuvring: Parking Veh'S Only,Other,0,0,1,0,1,2,0,0,0,0,0,0
293465,Hospitalisation,2016,8,Hit pedestrian,Hit pedestrian,153.03574,-27.459051,Brunswick St,Mclachlan St,Fortitude Valley,Brisbane Central,Intersection - Cross,Operating traffic lights,0 - 50 km/h,Sealed - Dry,Daylight,Straight,Ped'N: Far Side Vehicle Hit From Left,Pedestrian,0,1,0,0,1,1,0,0,0,0,1,0
293468,Medical treatment,2016,17,Angle,Multi-Vehicle,153.0678183,-27.32133832,Hancock St,Rainbow St,Sandgate,Sandgate,Intersection - T-Junction,Give way sign,60 km/h,Sealed - Dry,Daylight,Straight,Veh'S Adjacent Approach: Thru-Right,Intersection from adjacent approaches,0,0,1,0,1,2,0,0,0,0,0,0
293471,Medical treatment,2016,14,Rear-end,Multi-Vehicle,153.022464,-27.384873,Hamilton Rd,Webster Rd,Chermside,Stafford,Intersection - Roundabout,Give way sign,60 km/h,Sealed - Dry,Daylight,Curved - view open,Veh'S Same Direction: Rear End,Rear-end,0,0,1,0,1,2,0,0,0,0,0,0
293472,Medical treatment,2016,16,Sideswipe,Multi-Vehicle,153.013056,-27.381749,Maundrell Tce,,Chermside West,Aspley,No Roadway Feature,No traffic control,60 km/h,Sealed - Dry,Daylight,Straight,Veh'S Same Direction: Lane Change Right,Lane changes,0,0,1,0,1,1,0,1,0,0,0,0
293482,Medical treatment,2016,7,Angle,Multi-Vehicle,153.019526,-27.431996,Fifth Ave,Kedron Brook Rd,Wilston,Stafford,Intersection - T-Junction,No traffic control,0 - 50 km/h,Sealed - Dry,Daylight,Straight,Veh'S Manoeuvring: Entering From Footway,Vehicle leaving driveway,0,0,1,0,1,1,0,0,0,1,0,0
293483,Medical treatment,2016,16,Angle,Multi-Vehicle,153.062487,-27.439662,Kingsford Smith Dr,Riverview Tce,Hamilton,Clayfield,Intersection - T-Junction,Operating traffic lights,0 - 50 km/h,Sealed - Dry,Daylight,Straight,Veh'S Opposite Approach: Thru-Right,Opposing vehicles turning,0,0,1,0,1,2,0,0,0,0,0,0
293484,Hospitalisation,2016,10,Angle,Multi-Vehicle,153.074597,-27.413902,Hedley Ave,Nudgee Rd,Hendra,Clayfield,Intersection - Cross,Operating traffic lights,60 km/h,Sealed - Dry,Daylight,Straight,Veh'S Adjacent Approach: Thru-Thru,Intersection from adjacent approaches,0,1,0,0,1,2,0,0,0,0,0,0
293485,Hospitalisation,2016,9,Sideswipe,Multi-Vehicle,153.048073,-27.440932,Hunt St,Kingsford Smith Dr,Hamilton,Clayfield,Intersection - T-Junction,No traffic control,60 km/h,Sealed - Dry,Daylight,Straight,Veh'S Same Direction: Lane Change Left,Lane changes,0,1,0,0,1,1,1,0,0,0,0,0
293486,Medical treatment,2016,16,Rear-end,Multi-Vehicle,153.091975,-27.38129,Nudgee Rd,,Banyo,Nudgee,No Roadway Feature,No traffic control,60 km/h,Sealed - Dry,Daylight,Curved - view open,Veh'S Same Direction: Rear End,Rear-end,0,0,1,0,1,1,0,1,0,0,0,0
293509,Hospitalisation,2016,11,Hit pedestrian,Hit pedestrian,153.03447,-27.420023,Lutwyche Rd,,Lutwyche,Clayfield,No Roadway Feature,No traffic control,60 km/h,Sealed - Dry,Daylight,Straight,Ped'N: Far Side Vehicle Hit From Left,Pedestrian,0,1,0,0,1,1,0,0,0,0,1,0
293529,Medical treatment,2016,0,Sideswipe,Multi-Vehicle,153.0295248,-27.44640606,Bowen Bridge Rd,,Herston,Brisbane Central,No Roadway Feature,No traffic control,60 km/h,Sealed - Dry,Darkness - Lighted,Straight,Veh'S Same Direction: Lane Change Right,Lane changes,0,0,1,0,1,2,0,0,0,0,0,0
293535,Hospitalisation,2016,10,Rear-end,Multi-Vehicle,153.0369589,-27.36606016,Murphy Rd,,Zillmere,Nudgee,No Roadway Feature,No traffic control,60 km/h,Sealed - Dry,Daylight,Straight,Veh'S Same Direction: Rear End,Rear-end,0,1,0,0,1,2,0,0,0,0,0,0
293558,Medical treatment,2016,3,Hit object,Single Vehicle,153.00636,-27.454206,Musgrave Rd,,Red Hill,Mount Coot-tha,No Roadway Feature,No traffic control,60 km/h,Sealed - Dry,Darkness - Lighted,Straight,Off Path-Straight:Out Of Control On Cway,Out of control on straight,0,0,1,0,1,1,0,0,0,0,0,0
293559,Minor injury,2016,21,Fall from vehicle,Single Vehicle,153.03574,-27.459051,Brunswick St,Mclachlan St,Fortitude Valley,Brisbane Central,Intersection - Cross,Operating traffic lights,0 - 50 km/h,Sealed - Wet,Darkness - Lighted,Straight,Veh'S Same Direction: Rear End,Rear-end,0,0,0,1,1,1,1,0,0,0,0,0
293560,Medical treatment,2016,11,Angle,Multi-Vehicle,153.03574,-27.459051,Brunswick St,Mclachlan St,Fortitude Valley,Brisbane Central,Intersection - Cross,Operating traffic lights,60 km/h,Sealed - Dry,Daylight,Straight,Veh'S Adjacant Approach: Thru-Left,Intersection from adjacent approaches,0,0,4,0,4,4,0,0,0,0,0,0
293572,Hospitalisation,2016,18,Rear-end,Multi-Vehicle,153.032215,-27.40551,Gympie Arterial Rd,,Kedron,Clayfield,No Roadway Feature,No traffic control,60 km/h,Sealed - Dry,Darkness - Lighted,Straight,Veh'S Same Direction: Rear End,Rear-end,0,1,1,0,2,3,0,0,0,0,0,0
293593,Medical treatment,2016,12,Fall from vehicle,Single Vehicle,152.986762,-27.446094,Oleander Dr,Waterworks Rd,Ashgrove,Ashgrove,Intersection - Cross,Give way sign,60 km/h,Sealed - Dry,Daylight,Curved - view open,Veh'S Adjacent Approach: Thru-Right,Intersection from adjacent approaches,0,0,1,0,1,1,1,0,0,0,0,0
293594,Medical treatment,2016,1,Hit pedestrian,Hit pedestrian,153.0287111,-27.46965531,Charlotte St,,Brisbane City,Brisbane Central,No Roadway Feature,No traffic control,0 - 50 km/h,Sealed - Dry,Darkness - Lighted,Straight,Ped'N: Play; Work; Stand; Lie On C'Way,Pedestrian,0,0,1,0,1,1,0,0,0,0,1,0
293596,Medical treatment,2016,18,Rear-end,Multi-Vehicle,153.016795,-27.410831,Webster Rd,,Stafford,Stafford,No Roadway Feature,No traffic control,60 km/h,Sealed - Dry,Daylight,Straight,Veh'S Same Direction: Rear End,Rear-end,0,0,1,0,1,2,0,0,0,0,0,0
293603,Minor injury,2016,8,Sideswipe,Multi-Vehicle,153.034092,-27.42046,Bradshaw St,Lutwyche Rd,Lutwyche,Stafford,Intersection - T-Junction,Operating traffic lights,60 km/h,Sealed - Dry,Daylight,Straight,Veh'S Same Direction: Lane Change Right,Lane changes,0,0,0,1,1,2,1,0,0,0,0,0
293604,Medical treatment,2016,14,Hit object,Single Vehicle,153.005895,-27.43453257,Enoggera Rd,,Newmarket,Stafford,No Roadway Feature,No traffic control,60 km/h,Sealed - Dry,Daylight,Straight,Off Path-Straight: Mounts Traffic Island,Off carriageway on straight hit object,0,0,1,0,1,0,1,0,0,0,0,0
293623,Medical treatment,2016,15,Rear-end,Multi-Vehicle,152.939996,-27.442317,School Rd,Waterworks Rd,The Gap,Ashgrove,Intersection - T-Junction,No traffic control,60 km/h,Sealed - Dry,Daylight,Curved - view open,Veh'S Same Direction: Right Rear,Rear-end,0,0,2,0,2,2,0,0,0,0,0,0
293624,Medical treatment,2016,21,Sideswipe,Multi-Vehicle,153.0304156,-27.46564601,Queen St,,Brisbane City,Brisbane Central,No Roadway Feature,No traffic control,0 - 50 km/h,Sealed - Dry,Darkness - Lighted,Straight,Veh'S Same Direction: Lane Change Left,Lane changes,0,0,1,0,1,3,0,0,0,0,0,0
293632,Medical treatment,2016,6,Rear-end,Multi-Vehicle,153.06243,-27.374536,Pritchard Rd,Sandgate Sub-Arterial Rd,Virginia,Nudgee,Intersection - T-Junction,Operating traffic lights,70 km/h,Sealed - Dry,Daylight,Straight,Veh'S Same Direction: Rear End,Rear-end,0,0,1,0,1,2,0,0,0,0,0,0
293633,Hospitalisation,2016,19,Angle,Multi-Vehicle,152.994292,-27.354911,Albany Creek Sub-Arterial Rd,Beckett Rd,Bridgeman Downs,Aspley,Intersection - Cross,Operating traffic lights,60 km/h,Sealed - Dry,Darkness - Lighted,Straight,Veh'S Opposite Approach: Thru-Right,Opposing vehicles turning,0,2,1,0,3,2,0,0,0,0,0,0
293642,Medical treatment,2016,11,Angle,Multi-Vehicle,153.034092,-27.42046,Bradshaw St,Lutwyche Rd,Lutwyche,Stafford,Intersection - T-Junction,Operating traffic lights,60 km/h,Sealed - Dry,Daylight,Curved - view open,Veh'S Adjacent Approach: Thru-Right,Intersection from adjacent approaches,0,0,1,0,1,2,0,1,0,0,0,0
293643,Medical treatment,2016,19,Hit object,Single Vehicle,153.031699,-27.435195,Legeyt St,Lutwyche Rd,Windsor,Brisbane Central,Intersection - T-Junction,Operating traffic lights,60 km/h,Sealed - Dry,Darkness - Lighted,Straight,Off Path-Straight: Left Off Cway Hit Obj,Off carriageway on straight hit object,0,0,1,0,1,1,0,0,0,0,0,0
293663,Medical treatment,2016,22,Fall from vehicle,Single Vehicle,153.026202,-27.470695,Albert St,,Brisbane City,Brisbane Central,No Roadway Feature,No traffic control,0 - 50 km/h,Sealed - Dry,Darkness - Lighted,Straight,Pass & Misc: Fell In/From Vehicle,Other,0,0,1,0,1,1,0,0,0,0,0,0
293664,Medical treatment,2016,20,Rear-end,Multi-Vehicle,153.024304,-27.471731,Elizabeth St,George St,Brisbane City,Brisbane Central,Intersection - Cross,Operating traffic lights,0 - 50 km/h,Sealed - Dry,Darkness - Lighted,Straight,Veh'S Same Direction: Rear End,Rear-end,0,0,1,0,1,2,0,0,0,0,0,0
293665,Hospitalisation,2016,12,Hit object,Single Vehicle,153.012449,-27.458662,Inner City Bypass On Ramp,,Petrie Terrace,Mount Coot-tha,No Roadway Feature,No traffic control,0 - 50 km/h,Sealed - Dry,Daylight,Curved - view open,Veh'S On Path: Temporary Object On C'Way,Other,0,1,0,0,1,0,1,0,0,0,0,0
293667,Medical treatment,2016,5,Rear-end,Multi-Vehicle,153.0483485,-27.31594174,Gateway Arterial Rd,,Sandgate,Sandgate,No Roadway Feature,No traffic control,100 - 110 km/h,Sealed - Dry,Dawn/Dusk,Straight,Veh'S Same Direction: Rear End,Rear-end,0,0,1,0,1,2,0,1,0,0,0,0
293669,Minor injury,2016,18,Rear-end,Multi-Vehicle,153.0301358,-27.3826528,Gympie Arterial Rd,,Chermside,Nudgee,No Roadway Feature,No traffic control,60 km/h,Sealed - Dry,Darkness - Lighted,Straight,Veh'S Same Direction: Rear End,Rear-end,0,0,0,1,1,4,0,0,0,0,0,0
293680,Hospitalisation,2016,17,Fall from vehicle,Single Vehicle,153.114741,-27.427842,Eagle Farm Rd,Orsova St,Pinkenba,Clayfield,Intersection - T-Junction,Give way sign,60 km/h,Sealed - Dry,Darkness - Lighted,Straight,Off Path-Straight: Right Turn,Off carriageway on straight,0,1,0,0,1,0,1,0,0,0,0,0
293681,Minor injury,2016,15,Angle,Multi-Vehicle,153.0952429,-27.37641661,Gateway Arterial Rd,Nudgee Rd,Banyo,Nudgee,No Roadway Feature,Stop sign,60 km/h,Sealed - Dry,Daylight,Straight,Veh'S Manoeuvring: Leaving Driveway,Vehicle leaving driveway,0,0,0,1,1,2,0,0,0,0,0,0
293709,Hospitalisation,2016,14,Hit object,Single Vehicle,153.020204,-27.470219,South East Arterial Rd,,Brisbane City,Brisbane Central,Intersection - Interchange,No traffic control,0 - 50 km/h,Sealed - Wet,Daylight,Curved - view open,Off Path-Curve: Off Cway Rt Bend Hit Obj,Off carriageway on curve hit object,0,1,0,0,1,1,0,0,0,0,0,0
293712,Medical treatment,2016,9,Hit object,Single Vehicle,152.9632793,-27.50012266,Russell Tce,,Indooroopilly,Indooroopilly,No Roadway Feature,No traffic control,60 km/h,Sealed - Wet,Daylight,Straight,Off Path-Straight: Left Off Cway Hit Obj,Off carriageway on straight hit object,0,0,1,0,1,1,0,0,0,0,0,0
293729,Medical treatment,2016,20,Angle,Multi-Vehicle,153.036636,-27.415522,Kedron Park Rd,Lutwyche Rd,Lutwyche,Clayfield,Intersection - Interchange,Operating traffic lights,70 km/h,Sealed - Wet,Darkness - Lighted,Curved - view open,Veh'S Adjacent Approach: Thru-Right,Intersection from adjacent approaches,0,0,1,0,1,2,0,0,0,0,0,0
293751,Medical treatment,2016,17,Hit object,Single Vehicle,153.079081,-27.392154,Nudgee Rd,Oates Pde,Northgate,Nudgee,Intersection - T-Junction,Give way sign,60 km/h,Sealed - Wet,Dawn/Dusk,Curved - view open,Off Path-Curve: Other,Other,0,0,1,0,1,1,0,0,0,0,0,0
293752,Hospitalisation,2016,10,Fall from vehicle,Single Vehicle,153.094773,-27.377753,Gateway Arterial Rd,,Banyo,Nudgee,Merge Lane,No traffic control,80 - 90 km/h,Sealed - Dry,Daylight,Curved - view open,Off Path-Curve: Out Of Control On Cway,Out of control on curve,0,1,0,0,1,0,1,0,0,0,0,0
293772,Minor injury,2016,0,Hit pedestrian,Hit pedestrian,153.034876,-27.458704,Ann St,,Fortitude Valley,Brisbane Central,No Roadway Feature,No traffic control,60 km/h,Sealed - Wet,Darkness - Lighted,Straight,Ped'N: Far Side Vehicle Hit From Left,Pedestrian,0,0,0,1,1,1,0,0,0,0,1,0
293773,Hospitalisation,2016,10,Rear-end,Multi-Vehicle,153.029591,-27.445904,Bowen Bridge Rd,Butterfield St,Herston,Brisbane Central,Intersection - T-Junction,Operating traffic lights,60 km/h,Sealed - Wet,Daylight,Straight,Veh'S Same Direction: Rear End,Rear-end,0,1,0,0,1,2,0,0,0,0,0,0
293778,Medical treatment,2016,5,Hit parked vehicle,Single Vehicle,153.031262,-27.38832,Gympie Arterial Rd,,Chermside,Nudgee,No Roadway Feature,No traffic control,70 km/h,Sealed - Wet,Dawn/Dusk,Straight,Veh'S On Path: Car Door,Hit parked vehicle,0,0,1,0,1,1,0,0,0,1,0,0
293783,Hospitalisation,2016,17,Hit pedestrian,Hit pedestrian,153.0321229,-27.43640561,Grantson St,,Windsor,Brisbane Central,No Roadway Feature,No traffic control,0 - 50 km/h,Sealed - Dry,Dawn/Dusk,Straight,Ped'N: Near Side Vehicle Hit From Right,Pedestrian,0,1,0,0,1,1,0,0,0,0,1,0
293784,Medical treatment,2016,12,Hit object,Single Vehicle,152.99258,-27.406924,East - West Arterial Rd,,Everton Park,Everton,No Roadway Feature,No traffic control,60 km/h,Sealed - Wet,Daylight,Curved - view open,Veh'S Opposite Approach: Head On,Head-on,0,0,1,0,1,2,0,0,0,0,0,0
293801,Medical treatment,2016,16,Hit pedestrian,Hit pedestrian,152.974674,-27.502135,Station Rd,,Indooroopilly,Indooroopilly,No Roadway Feature,No traffic control,0 - 50 km/h,Sealed - Dry,Daylight,Curved - view open,Ped'N: Near Side Vehicle Hit From Right,Pedestrian,0,0,1,0,1,1,0,0,0,0,1,0
293819,Medical treatment,2016,13,Hit pedestrian,Hit pedestrian,153.016145,-27.452907,Blamey St,Victoria Pk Rd,Kelvin Grove,Brisbane Central,Intersection - T-Junction,Stop sign,0 - 50 km/h,Sealed - Dry,Daylight,Curved - view open,Ped'N: Near Side Vehicle Hit From Right,Pedestrian,0,0,1,0,1,1,0,0,0,0,1,0
293820,Medical treatment,2016,17,Rear-end,Multi-Vehicle,153.00566,-27.472784,Coronation Dr,Park Rd,Milton,Mount Coot-tha,Intersection - T-Junction,Operating traffic lights,60 km/h,Sealed - Dry,Dawn/Dusk,Straight,Veh'S Same Direction: Rear End,Rear-end,0,0,1,0,1,2,0,0,0,0,0,0
293822,Medical treatment,2016,10,Rear-end,Multi-Vehicle,152.963461,-27.502646,Moggill Sub-Arterial Rd,Western Arterial Rd,Indooroopilly,Indooroopilly,Intersection - Interchange,Give way sign,60 km/h,Sealed - Dry,Daylight,Curved - view open,Veh'S Same Direction: Rear End,Rear-end,0,0,1,0,1,2,0,0,0,0,0,0
293836,Medical treatment,2016,13,Angle,Multi-Vehicle,153.0319575,-27.43202979,Lutwyche Rd,,Windsor,Brisbane Central,No Roadway Feature,No traffic control,60 km/h,Sealed - Dry,Daylight,Curved - view open,Veh'S Manoeuvring: Other,Other,0,0,1,0,1,1,0,0,0,1,0,0
293855,Minor injury,2016,18,Sideswipe,Multi-Vehicle,153.015466,-27.460134,College Rd,,Spring Hill,Brisbane Central,No Roadway Feature,No traffic control,60 km/h,Sealed - Dry,Darkness - Lighted,Curved - view open,Veh'S Same Direction: Lane Change Right,Lane changes,0,0,0,1,1,2,0,0,0,0,0,0
293856,Hospitalisation,2016,7,Hit pedestrian,Hit pedestrian,153.005883,-27.502338,Hawken Dr,,St Lucia,Indooroopilly,No Roadway Feature,Pedestrian crossing sign,0 - 50 km/h,Sealed - Dry,Daylight,Straight,Ped'N: Near Side Vehicle Hit From Right,Pedestrian,0,1,0,0,1,1,0,0,0,0,1,0
293857,Hospitalisation,2016,12,Angle,Multi-Vehicle,152.949325,-27.507197,Moggill Sub-Arterial Rd,,Kenmore,Moggill,Intersection - T-Junction,Operating traffic lights,60 km/h,Sealed - Dry,Daylight,Straight,Veh'S Opposite Approach: Thru-Right,Opposing vehicles turning,0,1,0,0,1,0,1,0,1,0,0,0
293861,Minor injury,2016,5,Angle,Multi-Vehicle,153.056335,-27.369638,Bilsen Rd,Robinson Rd E,Geebung,Nudgee,Intersection - Roundabout,Give way sign,60 km/h,Sealed - Dry,Darkness - Lighted,Straight,Veh'S Adjacent Approach: Thru-Thru,Intersection from adjacent approaches,0,0,0,1,1,2,0,0,0,0,0,0
293888,Medical treatment,2016,18,Hit pedestrian,Hit pedestrian,153.046138,-27.467156,Brunswick St,Merthyr Rd,New Farm,Brisbane Central,Intersection - Cross,Operating traffic lights,60 km/h,Sealed - Dry,Darkness - Lighted,Straight,Ped'N: Near Side Vehicle Hit From Right,Pedestrian,0,0,1,0,1,1,0,0,0,0,1,0
293889,Hospitalisation,2016,13,Angle,Multi-Vehicle,153.008849,-27.334587,Gympie Rd,,Bridgeman Downs,Aspley,No Roadway Feature,Operating traffic lights,60 km/h,Sealed - Dry,Daylight,Straight,Veh'S Manoeuvring: Leaving Driveway,Vehicle leaving driveway,0,1,1,0,2,2,0,0,0,0,0,0
293890,Medical treatment,2016,16,Hit pedestrian,Hit pedestrian,153.008675,-27.405424,Appleby Rd,Minimine St,Stafford,Stafford,Intersection - T-Junction,Operating traffic lights,60 km/h,Sealed - Dry,Dawn/Dusk,Straight,Ped'N: Near Side Vehicle Hit From Right,Pedestrian,0,0,1,0,1,1,0,0,0,0,2,0
293894,Hospitalisation,2016,7,Hit parked vehicle,Single Vehicle,153.053962,-27.348606,Colthorpe St,,Boondall,Nudgee,No Roadway Feature,No traffic control,0 - 50 km/h,Sealed - Dry,Daylight,Straight,Veh'S On Path: Car Door,Hit parked vehicle,0,1,0,0,1,1,0,0,0,0,0,1
293902,Medical treatment,2016,19,Rear-end,Multi-Vehicle,153.031086,-27.437724,Lutwyche Rd,,Windsor,Brisbane Central,No Roadway Feature,No traffic control,60 km/h,Sealed - Dry,Darkness - Lighted,Straight,Veh'S Same Direction: Right Rear,Rear-end,0,0,1,0,1,3,0,0,0,0,0,0
293903,Hospitalisation,2016,17,Hit pedestrian,Hit pedestrian,153.025362,-27.437317,Newmarket Rd,,Windsor,Brisbane Central,No Roadway Feature,No traffic control,60 km/h,Sealed - Dry,Darkness - Lighted,Straight,Ped'N: Far Side Vehicle Hit From Left,Pedestrian,0,1,0,0,1,1,0,0,0,0,1,0
293904,Minor injury,2016,16,Rear-end,Multi-Vehicle,153.0585019,-27.4151398,East - West Arterial Rd,,Clayfield,Clayfield,No Roadway Feature,No traffic control,60 km/h,Sealed - Dry,Daylight,Straight,Veh'S Same Direction: Rear End,Rear-end,0,0,0,1,1,3,0,0,0,0,0,0
293905,Medical treatment,2016,8,Angle,Multi-Vehicle,153.090495,-27.415545,Lomandra Dr,Qantas Dr,Brisbane Airport,Clayfield,Intersection - T-Junction,Operating traffic lights,60 km/h,Sealed - Dry,Daylight,Straight,Veh'S Opposite Approach: Thru-Right,Opposing vehicles turning,0,0,2,0,2,0,0,1,1,0,0,0