Crash_Ref_Number,Severity,Year,Hour,Crash_Nature,Crash_Type,Longitude,Latitude,Street,Street_Intersecting,Suburb,Loc_State_Electorate,Crash_Roadway_Feature,Crash_Traffic_Control,Crash_Speed_Limit,Crash_Road_Surface_Condition,Crash_Lighting_Condition,Crash_Road_Horiz_Align,Crash_DCA_Description,Crash_DCA_Group_Description,Count_Casualty_Fatality,Count_Casualty_Hospitalised,Count_Casualty_MedicallyTreated,Count_Casualty_MinorInjury,Count_Casualty_Total,Count_Unit_Car,Count_Unit_Motorcycle_Moped,Count_Unit_Truck,Count_Unit_Bus,Count_Unit_Bicycle,Count_Unit_Pedestrian,Count_Unit_Other
293906,Minor injury,2016,12,Angle,Multi-Vehicle,153.075525,-27.438372,Cullen Ave W,Curtin Ave W,Eagle Farm,Clayfield,Intersection - T-Junction,Give way sign,60 km/h,Sealed - Dry,Daylight,Straight,Veh'S Adjacent Approach: Thru-Right,Intersection from adjacent approaches,0,0,0,1,1,1,0,1,0,0,0,0
293928,Hospitalisation,2016,11,Angle,Multi-Vehicle,153.0288573,-27.46547822,Adelaide St,,Brisbane City,Brisbane Central,No Roadway Feature,No traffic control,0 - 50 km/h,Sealed - Dry,Daylight,Straight,Veh'S Same Direction: Lane Change Left,Lane changes,0,1,0,0,1,1,0,0,0,1,0,0
293929,Medical treatment,2016,8,Sideswipe,Multi-Vehicle,153.015281,-27.466766,Saul St,Skew St,Brisbane City,Brisbane Central,Intersection - T-Junction,No traffic control,0 - 50 km/h,Sealed - Dry,Daylight,Curved - view open,Veh'S Same Direction: Lane Change Left,Lane changes,0,0,1,0,1,2,0,0,0,0,0,0
293930,Medical treatment,2016,16,Angle,Multi-Vehicle,153.031188,-27.461804,Boundary St,Queen St,Brisbane City,Brisbane Central,Intersection - Cross,Operating traffic lights,60 km/h,Sealed - Dry,Daylight,Straight,Veh'S Adjacent Approach: Thru-Thru,Intersection from adjacent approaches,0,0,1,0,1,2,0,0,0,0,0,0
293931,Medical treatment,2016,13,Hit parked vehicle,Single Vehicle,152.9787589,-27.50381618,Lambert Rd,,Indooroopilly,Indooroopilly,No Roadway Feature,No traffic control,0 - 50 km/h,Sealed - Dry,Daylight,Straight,Veh'S On Path: Car Door,Hit parked vehicle,0,0,1,0,1,1,0,0,0,1,0,0
293971,Medical treatment,2016,17,Angle,Multi-Vehicle,152.997332,-27.446,Waterworks Rd,,Ashgrove,Ashgrove,No Roadway Feature,No traffic control,60 km/h,Sealed - Dry,Daylight,Straight,Veh'S Same Direction: Left Turn S/Swipe,Parallel lanes turning,0,0,1,0,1,2,0,0,0,0,0,0
293972,Hospitalisation,2016,4,Angle,Multi-Vehicle,153.040324,-27.457063,Doggett St,James St,Fortitude Valley,Brisbane Central,Intersection - Cross,No traffic control,0 - 50 km/h,Sealed - Dry,Darkness - Lighted,Straight,Veh'S Opposite Approach: Thru-Right,Opposing vehicles turning,0,1,0,0,1,1,0,0,0,1,0,0
293973,Hospitalisation,2016,20,Hit object,Single Vehicle,152.968,-27.489574,Equinox St,Taringa Pde,Taringa,Indooroopilly,Intersection - T-Junction,No traffic control,0 - 50 km/h,Sealed - Dry,Darkness - Lighted,Curved - view open,Off Path-Curve: Out Of Control On Cway,Out of control on curve,0,1,0,0,1,0,1,0,0,0,0,0
293974,Medical treatment,2016,13,Angle,Multi-Vehicle,152.881966,-27.555001,Sugars Rd,,Bellbowrie,Moggill,No Roadway Feature,No traffic control,60 km/h,Sealed - Dry,Daylight,Straight,Veh'S Opposite Approach: U-Turn,U-turn,0,0,1,0,1,2,0,0,0,0,0,0
293975,Hospitalisation,2016,12,Hit object,Single Vehicle,153.050712,-27.330864,Invalid Street From Police,,Deagon,Sandgate,Intersection - Interchange,No traffic control,60 km/h,Sealed - Dry,Daylight,Straight,Off Path-Straight:Right Off Cway Hit Obj,Off carriageway on straight hit object,0,1,0,0,1,0,1,0,0,0,0,0
294001,Minor injury,2016,2,Rear-end,Multi-Vehicle,153.01109,-27.468529,Boomerang St,Coronation Dr,Brisbane City,Brisbane Central,Intersection - Cross,Operating traffic lights,60 km/h,Sealed - Dry,Darkness - Lighted,Straight,Veh'S Same Direction: Rear End,Rear-end,0,0,0,1,1,2,0,0,0,0,0,0
294009,Medical treatment,2016,9,Rear-end,Multi-Vehicle,153.059309,-27.394366,Northgate Rd,Sandgate Sub-Arterial Rd,Nundah,Clayfield,Intersection - T-Junction,Give way sign,0 - 50 km/h,Sealed - Dry,Daylight,Straight,Veh'S Same Direction: Left Rear,Rear-end,0,0,1,0,1,2,0,0,0,0,0,0
294010,Medical treatment,2016,23,Hit parked vehicle,Single Vehicle,153.089445,-27.384417,Armada Pl,Nudgee Rd,Banyo,Nudgee,Intersection - T-Junction,No traffic control,60 km/h,Sealed - Wet,Darkness - Lighted,Straight,Veh'S On Path: Parked,Hit parked vehicle,0,0,1,0,1,2,0,0,0,0,0,0
294028,Medical treatment,2016,11,Hit pedestrian,Hit pedestrian,152.993878,-27.445198,Ashgrove Ave,,Ashgrove,Ashgrove,No Roadway Feature,No traffic control,60 km/h,Sealed - Dry,Daylight,Straight,Ped'N: Far Side Vehicle Hit From Left,Pedestrian,0,0,1,0,1,1,0,0,0,0,1,0
294030,Hospitalisation,2016,17,Rear-end,Multi-Vehicle,153.025504,-27.329895,Norris Rd,,Bracken Ridge,Sandgate,No Roadway Feature,No traffic control,60 km/h,Sealed - Dry,Dawn/Dusk,Straight,Veh'S Same Direction: Rear End,Rear-end,0,1,0,0,1,3,0,0,0,0,0,0
294033,Hospitalisation,2016,4,Hit parked vehicle,Single Vehicle,153.0532784,-27.3654714,Basalt St,,Geebung,Nudgee,No Roadway Feature,No traffic control,0 - 50 km/h,Sealed - Wet,Dawn/Dusk,Straight,Veh'S Opposite Approach: Other,Other,0,1,0,0,1,2,0,0,0,0,0,0
294041,Medical treatment,2016,22,Sideswipe,Multi-Vehicle,152.999424,-27.420587,South Pine Rd,,Enoggera,Ashgrove,No Roadway Feature,No traffic control,60 km/h,Sealed - Dry,Darkness - Lighted,Straight,Veh'S Same Direction: Lane Change Left,Lane changes,0,0,1,0,1,1,1,0,0,0,0,0
294057,Medical treatment,2016,15,Angle,Multi-Vehicle,152.988438,-27.460613,Fernberg Rd,Western Arterial Rd,Bardon,Mount Coot-tha,Intersection - T-Junction,Stop sign,0 - 50 km/h,Sealed - Dry,Daylight,Curved - view open,Veh'S Adjacent Approach: Thru-Right,Intersection from adjacent approaches,0,0,1,0,1,1,1,0,0,0,0,0
294058,Medical treatment,2016,15,Rear-end,Multi-Vehicle,153.014926,-27.466194,Upper Roma St,,Brisbane City,Brisbane Central,Intersection - T-Junction,Operating traffic lights,0 - 50 km/h,Sealed - Dry,Daylight,Straight,Veh'S Same Direction: Rear End,Rear-end,0,0,2,0,2,2,0,0,0,0,0,0
294059,Hospitalisation,2016,6,Angle,Multi-Vehicle,153.02845,-27.45295,Gregory Tce,,Spring Hill,Brisbane Central,No Roadway Feature,No traffic control,60 km/h,Sealed - Dry,Daylight,Straight,Veh'S Manoeuvring: Leaving Driveway,Vehicle leaving driveway,0,1,0,0,1,1,1,0,0,0,0,0
294063,Hospitalisation,2016,17,Hit pedestrian,Hit pedestrian,153.011304,-27.391592,Appleby Rd,,Stafford Heights,Stafford,No Roadway Feature,No traffic control,60 km/h,Sealed - Dry,Darkness - Lighted,Straight,Ped'N: Near Side Vehicle Hit From Right,Pedestrian,0,1,0,0,1,1,0,0,0,0,1,0
294065,Medical treatment,2016,8,Rear-end,Multi-Vehicle,153.031335,-27.389797,Gympie Arterial Rd,Kuran St,Chermside,Stafford,Intersection - Cross,Operating traffic lights,60 km/h,Sealed - Dry,Daylight,Straight,Veh'S Same Direction: Rear End,Rear-end,0,0,1,0,1,2,0,0,0,0,0,0
294087,Medical treatment,2016,15,Angle,Multi-Vehicle,152.984922,-27.478308,Milton Rd,Western Arterial Rd,Toowong,Mount Coot-tha,Intersection - Roundabout,Give way sign,60 km/h,Sealed - Dry,Daylight,Straight,Veh'S Adjacent Approach: Thru-Thru,Intersection from adjacent approaches,0,0,1,0,1,1,1,0,0,0,0,0
294088,Hospitalisation,2016,6,Rear-end,Multi-Vehicle,153.044586,-27.302356,Redcliffe Sub-Arterial Rd,,Brighton,Sandgate,No Roadway Feature,No traffic control,80 - 90 km/h,Sealed - Dry,Daylight,Straight,Veh'S Same Direction: Rear End,Rear-end,0,1,0,0,1,2,0,0,0,0,0,0
294089,Hospitalisation,2016,18,Hit object,Single Vehicle,153.044547,-27.336008,Lemke Rd,,Taigum,Sandgate,No Roadway Feature,No traffic control,60 km/h,Sealed - Dry,Darkness - Lighted,Straight,Ped'N: Hit Other,Other,0,2,0,0,2,1,0,0,0,0,1,0
294098,Hospitalisation,2016,12,Angle,Multi-Vehicle,153.0506445,-27.41489846,East - West Arterial Rd,Park Ave,Clayfield,Clayfield,Intersection - T-Junction,No traffic control,0 - 50 km/h,Sealed - Dry,Daylight,Straight,Veh'S Opposite Approach: Thru-Right,Opposing vehicles turning,0,1,0,0,1,1,1,0,0,0,0,0
294099,Medical treatment,2016,15,Angle,Multi-Vehicle,153.076006,-27.438391,Cullen Ave W,,Hamilton,Clayfield,Intersection - T-Junction,Give way sign,60 km/h,Sealed - Dry,Daylight,Curved - view obscured,Veh'S Adjacent Approach: Thru-Right,Intersection from adjacent approaches,0,0,1,0,1,1,0,1,0,0,0,0
294100,Medical treatment,2016,16,Sideswipe,Multi-Vehicle,152.977043,-27.414905,Samford Sub-Arterial Rd,Tel El Kebir St,Mitchelton,Ashgrove,Intersection - T-Junction,No traffic control,60 km/h,Sealed - Dry,Daylight,Straight,Veh'S Same Direction: Lane Change Left,Lane changes,0,0,1,0,1,2,0,0,0,0,0,0
294120,Minor injury,2016,15,Hit object,Single Vehicle,152.972227,-27.498306,Musgrave Rd,,Indooroopilly,Indooroopilly,No Roadway Feature,No traffic control,60 km/h,Sealed - Dry,Daylight,Straight,Veh'S Manoeuvring: Other,Other,0,0,0,1,1,1,0,0,0,0,0,0
294122,Medical treatment,2016,21,Angle,Multi-Vehicle,153.061033,-27.356615,Northumbria Rd,Sandgate Sub-Arterial Rd,Boondall,Nudgee,Intersection - Cross,Operating traffic lights,70 km/h,Sealed - Dry,Darkness - Lighted,Straight,Veh'S Opposite Approach: Thru-Right,Opposing vehicles turning,0,0,1,0,1,2,0,0,0,0,0,0
294129,Hospitalisation,2016,13,Fall from vehicle,Single Vehicle,153.0364583,-27.41560293,Lutwyche Rd,,Lutwyche,Stafford,No Roadway Feature,No traffic control,60 km/h,Sealed - Dry,Daylight,Curved - view open,Veh'S Same Direction: Rear End,Rear-end,0,1,0,0,1,1,1,0,0,0,0,0
294154,Hospitalisation,2016,18,Angle,Multi-Vehicle,152.984329,-27.447112,Waterworks Rd,,Ashgrove,Ashgrove,No Roadway Feature,No traffic control,60 km/h,Sealed - Dry,Darkness - Lighted,Curved - view open,Veh'S Manoeuvring: Entering From Footway,Vehicle leaving driveway,0,1,0,0,1,1,1,0,0,0,0,0
294156,Medical treatment,2016,11,Hit pedestrian,Hit pedestrian,153.028793,-27.464193,Ann St,Wharf St,Brisbane City,Brisbane Central,Intersection - Cross,Operating traffic lights,0 - 50 km/h,Sealed - Dry,Daylight,Straight,Ped'N: Far Side Vehicle Hit From Left,Pedestrian,0,0,1,0,1,1,0,0,0,0,1,0
294157,Hospitalisation,2016,20,Hit pedestrian,Hit pedestrian,153.038858,-27.442173,Abbotsford Rd,Edmondstone Rd,Bowen Hills,Brisbane Central,Intersection - Cross,Operating traffic lights,60 km/h,Sealed - Dry,Darkness - Lighted,Straight,Ped'N: Far Side Vehicle Hit From Left,Pedestrian,0,1,0,0,1,1,0,0,0,0,1,0
294160,Medical treatment,2016,18,Angle,Multi-Vehicle,153.056548,-27.326752,Board St,Sandgate Sub-Arterial Rd,Deagon,Sandgate,Intersection - T-Junction,Operating traffic lights,60 km/h,Sealed - Dry,Darkness - Lighted,Straight,Veh'S Opposite Approach: Thru-Right,Opposing vehicles turning,0,0,2,0,2,2,0,0,0,0,0,0
294161,Minor injury,2016,10,Angle,Multi-Vehicle,153.062506,-27.285081,Hornibrook Hwy,Redcliffe Sub-Arterial Rd,Brighton,Sandgate,Intersection - Cross,Operating traffic lights,80 - 90 km/h,Sealed - Dry,Daylight,Straight,Veh'S Adjacent Approach: Right-Thru,Intersection from adjacent approaches,0,0,0,1,1,2,0,0,0,0,0,0
294166,Medical treatment,2016,10,Angle,Multi-Vehicle,153.038552,-27.35004,Beams Rd,,Taigum,Sandgate,Median Opening,No traffic control,0 - 50 km/h,Sealed - Dry,Daylight,Straight,Off Path-Straight: Other,Other,0,0,1,0,1,1,1,0,0,0,0,0
294167,Hospitalisation,2016,23,Hit object,Single Vehicle,153.048207,-27.354034,Tedman St,,Zillmere,Nudgee,No Roadway Feature,No traffic control,0 - 50 km/h,Sealed - Dry,Darkness - Lighted,Straight,Off Path-Straight: Left Off Cway Hit Obj,Off carriageway on straight hit object,0,2,0,1,3,1,0,0,0,0,0,0
294168,Medical treatment,2016,14,Angle,Multi-Vehicle,153.021908,-27.384564,Hamilton Rd,Webster Rd,Chermside,Stafford,Intersection - Roundabout,Give way sign,60 km/h,Sealed - Dry,Daylight,Curved - view open,Veh'S Adjacent Approach: Right-Thru,Intersection from adjacent approaches,0,0,1,0,1,2,0,0,0,0,0,0
294169,Hospitalisation,2016,14,Rear-end,Multi-Vehicle,153.015999,-27.355461,Graham Rd,Gympie Arterial Rd,Carseldine,Aspley,No Roadway Feature,No traffic control,70 km/h,Sealed - Dry,Daylight,Straight,Veh'S Same Direction: Rear End,Rear-end,0,1,0,0,1,2,0,0,0,0,0,0
294170,Medical treatment,2016,8,Angle,Multi-Vehicle,153.024945,-27.374568,Gympie Arterial Rd,Webster Rd,Chermside,Stafford,Intersection - Cross,Operating traffic lights,70 km/h,Sealed - Dry,Daylight,Curved - view open,Veh'S Opposite Approach: Thru-Right,Opposing vehicles turning,0,0,1,0,1,3,0,0,0,0,0,0
294171,Medical treatment,2016,21,Rear-end,Multi-Vehicle,153.0170694,-27.36537904,Gympie Arterial Rd,,Aspley,Aspley,No Roadway Feature,No traffic control,70 km/h,Sealed - Dry,Darkness - Lighted,Straight,Veh'S Same Direction: Rear End,Rear-end,0,0,1,0,1,2,0,0,0,0,0,0
294176,Hospitalisation,2016,8,Angle,Multi-Vehicle,153.047864,-27.402721,Huet St,Shaw Rd,Wavell Heights,Clayfield,Intersection - Cross,No traffic control,60 km/h,Sealed - Dry,Daylight,Straight,Veh'S Opposite Approach: Thru-Right,Opposing vehicles turning,0,1,0,0,1,1,0,0,0,1,0,0
294177,Hospitalisation,2016,5,Rear-end,Multi-Vehicle,153.033939,-27.42199,Lutwyche Rd,,Lutwyche,Clayfield,No Roadway Feature,No traffic control,60 km/h,Sealed - Dry,Dawn/Dusk,Straight,Veh'S Same Direction: Rear End,Rear-end,0,1,0,0,1,2,0,0,0,0,0,0
294178,Hospitalisation,2016,16,Rear-end,Multi-Vehicle,153.076768,-27.413117,Gateway Arterial Rd,,Hendra,Clayfield,No Roadway Feature,No traffic control,80 - 90 km/h,Sealed - Dry,Daylight,Straight,Veh'S Same Direction: Rear End,Rear-end,0,1,0,0,1,3,0,0,0,0,0,0
294204,Hospitalisation,2016,1,Hit object,Single Vehicle,152.862769,-27.475307,Upper Brookfield Rd,,Upper Brookfield,Moggill,Bridge/Causeway,No traffic control,60 km/h,Sealed - Dry,Darkness - Not lighted,Curved - view open,Off Path-Curve: Off Cway Rt Bend Hit Obj,Off carriageway on curve hit object,0,1,0,0,1,1,0,0,0,0,0,0
294215,Hospitalisation,2016,8,Angle,Multi-Vehicle,153.063654,-27.409691,Widdop St,,Nundah,Nudgee,No Roadway Feature,No traffic control,0 - 50 km/h,Sealed - Dry,Daylight,Straight,Veh'S Manoeuvring: Leaving Driveway,Vehicle leaving driveway,0,1,0,0,1,1,0,0,0,1,0,0
294235,Minor injury,2016,18,Angle,Multi-Vehicle,153.0490126,-27.46389225,James St,,New Farm,Brisbane Central,No Roadway Feature,No traffic control,0 - 50 km/h,Sealed - Dry,Darkness - Lighted,Straight,Veh'S Same Direction: Lane Change Left,Lane changes,0,0,0,1,1,2,0,0,0,0,0,0
294236,Hospitalisation,2016,12,Angle,Multi-Vehicle,152.994188,-27.492026,Gailey Rd,Sir Fred Schonell Dr,St Lucia,Indooroopilly,Intersection - T-Junction,Operating traffic lights,60 km/h,Sealed - Dry,Daylight,Straight,Veh'S Opposite Approach: Thru-Right,Opposing vehicles turning,0,1,0,0,1,2,0,0,0,0,0,0
294237,Hospitalisation,2016,10,Fall from vehicle,Single Vehicle,152.996302,-27.473256,Milton Rd,,Auchenflower,Mount Coot-tha,No Roadway Feature,No traffic control,60 km/h,Sealed - Dry,Daylight,Straight,Veh'S Same Direction: Rear End,Rear-end,0,1,0,0,1,1,1,0,0,0,0,0
294242,Medical treatment,2016,10,Rear-end,Multi-Vehicle,153.048671,-27.351598,Beams Rd,Tedman St,Zillmere,Sandgate,Intersection - T-Junction,Operating traffic lights,60 km/h,Sealed - Dry,Daylight,Straight,Veh'S Same Direction: Rear End,Rear-end,0,0,1,0,1,2,0,0,0,0,0,0
294248,Medical treatment,2016,15,Rear-end,Multi-Vehicle,153.070572,-27.437515,Kingsford Smith Dr,,Hamilton,Clayfield,No Roadway Feature,No traffic control,0 - 50 km/h,Sealed - Dry,Daylight,Straight,Veh'S Same Direction: Rear End,Rear-end,0,0,2,0,2,2,0,0,0,0,0,0
294267,Medical treatment,2016,20,Rear-end,Multi-Vehicle,152.9804326,-27.49236762,Moggill Rd,,Taringa,Indooroopilly,No Roadway Feature,Pedestrian operated lights,60 km/h,Sealed - Dry,Daylight,Curved - view open,Veh'S Same Direction: Rear End,Rear-end,0,0,2,0,2,2,0,0,0,0,0,0
294271,Hospitalisation,2016,7,Rear-end,Multi-Vehicle,152.980409,-27.375257,Everton Park - Albany Creek Rd,,Mcdowall,Aspley,No Roadway Feature,No traffic control,80 - 90 km/h,Sealed - Dry,Daylight,Straight,Veh'S Same Direction: Rear End,Rear-end,0,1,0,0,1,3,1,0,0,0,0,0
294302,Medical treatment,2016,9,Rear-end,Multi-Vehicle,153.005027,-27.471809,Fort La,Park Rd,Milton,Mount Coot-tha,Intersection - T-Junction,No traffic control,0 - 50 km/h,Sealed - Dry,Daylight,Straight,Veh'S Same Direction: Right Rear,Rear-end,0,0,1,0,1,1,0,1,0,0,0,0
294303,Medical treatment,2016,16,Angle,Multi-Vehicle,153.0083538,-27.46758372,Granzella St,Milton Rd,Milton,Mount Coot-tha,Intersection - T-Junction,Give way sign,60 km/h,Sealed - Dry,Daylight,Straight,Veh'S Adjacant Approach: Thru-Left,Intersection from adjacent approaches,0,0,1,0,1,2,0,0,0,0,0,1
294310,Medical treatment,2016,16,Rear-end,Multi-Vehicle,153.017078,-27.3632932,Gympie Arterial Rd,,Aspley,Aspley,No Roadway Feature,No traffic control,60 km/h,Sealed - Dry,Daylight,Straight,Veh'S Same Direction: Rear End,Rear-end,0,0,1,0,1,2,0,0,0,0,0,0
294313,Hospitalisation,2016,5,Angle,Multi-Vehicle,153.062283,-27.439653,Kingsford Smith Dr,Riverview Tce,Hamilton,Clayfield,Intersection - T-Junction,No traffic control,60 km/h,Sealed - Dry,Dawn/Dusk,Curved - view obscured,Veh'S Manoeuvring: Entering From Footway,Vehicle leaving driveway,0,1,0,1,2,3,0,0,0,0,0,0
294335,Medical treatment,2016,18,Angle,Multi-Vehicle,153.010099,-27.460986,Charlotte St,Moreton St,Paddington,Mount Coot-tha,Intersection - Cross,Give way sign,0 - 50 km/h,Sealed - Dry,Darkness - Lighted,Straight,Veh'S Adjacent Approach: Thru-Thru,Intersection from adjacent approaches,0,0,2,0,2,2,0,0,0,0,0,0
294344,Medical treatment,2016,7,Angle,Multi-Vehicle,153.019033,-27.42656,Days Rd,Kedron Brook Rd,Grange,Stafford,Intersection - Roundabout,Give way sign,60 km/h,Sealed - Dry,Daylight,Straight,Veh'S Adjacent Approach: Right-Thru,Intersection from adjacent approaches,0,0,1,0,1,1,0,0,0,1,0,0
294345,Hospitalisation,2016,8,Rear-end,Multi-Vehicle,153.031825,-27.433632,Lutwyche Rd,,Windsor,Brisbane Central,No Roadway Feature,No traffic control,60 km/h,Sealed - Dry,Daylight,Straight,Veh'S Same Direction: Rear End,Rear-end,0,1,0,0,1,1,0,0,0,1,0,0
294373,Medical treatment,2016,9,Hit pedestrian,Hit pedestrian,153.024582,-27.468947,Albert St,,Brisbane City,Brisbane Central,No Roadway Feature,No traffic control,0 - 50 km/h,Sealed - Dry,Daylight,Straight,Ped'N: Hit Walking With Traffic,Pedestrian,0,0,1,0,1,1,0,0,0,0,1,0
294375,Medical treatment,2016,8,Rear-end,Multi-Vehicle,152.992474,-27.486136,High St,,Toowong,Mount Coot-tha,No Roadway Feature,No traffic control,0 - 50 km/h,Sealed - Dry,Daylight,Straight,Veh'S Same Direction: Rear End,Rear-end,0,0,1,0,1,2,0,0,0,0,0,0
294379,Hospitalisation,2016,7,Rear-end,Multi-Vehicle,152.985316,-27.385678,Beckett Rd,Rode Rd,Mcdowall,Aspley,Intersection - Roundabout,Give way sign,60 km/h,Sealed - Dry,Daylight,Straight,Veh'S Same Direction: Rear End,Rear-end,0,1,0,0,1,2,0,0,0,0,0,0
294389,Medical treatment,2016,15,Rear-end,Multi-Vehicle,153.062255,-27.383412,Sandgate Sub-Arterial Rd,,Virginia,Nudgee,No Roadway Feature,No traffic control,60 km/h,Sealed - Dry,Daylight,Straight,Veh'S Same Direction: Rear End,Rear-end,0,0,1,0,1,2,0,0,0,0,0,0
294390,Hospitalisation,2016,7,Angle,Multi-Vehicle,152.979312,-27.415972,Heliopolis Pde,Samford Sub-Arterial Rd,Mitchelton,Everton,Intersection - T-Junction,No traffic control,60 km/h,Sealed - Dry,Daylight,Straight,Veh'S Opposite Approach: Thru-Right,Opposing vehicles turning,0,1,0,0,1,1,0,0,0,1,0,0
294391,Medical treatment,2016,7,Angle,Multi-Vehicle,152.98334,-27.402244,Kambala St,Pullen Rd,Everton Park,Everton,Intersection - T-Junction,Give way sign,60 km/h,Sealed - Dry,Daylight,Straight,Veh'S Adjacent Approach: Right-Right,Intersection from adjacent approaches,0,0,1,0,1,1,0,0,0,1,0,0
294409,Medical treatment,2016,14,Hit pedestrian,Hit pedestrian,152.985033,-27.457462,Northam Ave,,Bardon,Mount Coot-tha,No Roadway Feature,No traffic control,0 - 50 km/h,Sealed - Dry,Daylight,Straight,Ped'N: Hit Other,Other,0,0,1,0,1,1,0,0,0,0,1,0
294410,Hospitalisation,2016,12,Hit pedestrian,Hit pedestrian,153.028211,-27.463559,Turbot St,Wharf St,Spring Hill,Brisbane Central,Intersection - Cross,Operating traffic lights,0 - 50 km/h,Sealed - Dry,Daylight,Straight,Ped'N: Near Side Vehicle Hit From Right,Pedestrian,0,1,0,0,1,1,0,0,0,0,1,0
294411,Medical treatment,2016,8,Hit pedestrian,Hit pedestrian,153.036119,-27.45935,Brunswick St,Ivory St,Fortitude Valley,Brisbane Central,Intersection - T-Junction,No traffic control,0 - 50 km/h,Sealed - Dry,Darkness - Lighted,Straight,Ped'N: Hit While Boarding/Alighting,Pedestrian,0,0,1,0,1,1,0,0,0,0,1,0
294412,Medical treatment,2016,11,Rear-end,Multi-Vehicle,153.041206,-27.436767,Abbotsford Rd,Burrows St,Bowen Hills,Brisbane Central,Intersection - T-Junction,Operating traffic lights,60 km/h,Sealed - Dry,Darkness - Lighted,Straight,Veh'S Same Direction: Rear End,Rear-end,0,0,1,0,1,2,0,0,0,0,0,0
294415,Hospitalisation,2016,17,Hit pedestrian,Hit pedestrian,152.936881,-27.50671,Bingham St,Brookfield Rd,Kenmore,Moggill,Intersection - T-Junction,Give way sign,0 - 50 km/h,Sealed - Dry,Dawn/Dusk,Straight,Ped'N: Near Side Vehicle Hit From Right,Pedestrian,0,1,0,0,1,2,0,0,0,0,1,0
294419,Hospitalisation,2016,5,Angle,Multi-Vehicle,153.056401,-27.373691,Pritchard Rd,,Virginia,Nudgee,No Roadway Feature,No traffic control,0 - 50 km/h,Sealed - Dry,Darkness - Lighted,Straight,Veh'S Manoeuvring: Entering From Footway,Vehicle leaving driveway,0,1,0,0,1,1,1,0,0,0,0,0
294420,Medical treatment,2016,16,Rear-end,Multi-Vehicle,153.060146,-27.348658,Roscommon Rd,Sandgate Sub-Arterial Rd,Boondall,Nudgee,Intersection - Cross,Operating traffic lights,60 km/h,Sealed - Dry,Daylight,Straight,Veh'S Same Direction: Rear End,Rear-end,0,0,1,0,1,2,0,0,0,0,0,0
294426,Medical treatment,2016,7,Rear-end,Multi-Vehicle,153.031126,-27.437794,Lutwyche Rd,,Windsor,Brisbane Central,No Roadway Feature,No traffic control,60 km/h,Sealed - Dry,Daylight,Straight,Veh'S Same Direction: Rear End,Rear-end,0,0,1,0,1,2,0,0,0,0,0,0
294458,Medical treatment,2016,19,Rear-end,Multi-Vehicle,153.034381,-27.384467,Playfield St,Way St,Chermside,Nudgee,Intersection - T-Junction,Give way sign,0 - 50 km/h,Sealed - Dry,Darkness - Lighted,Straight,Veh'S Same Direction: Left Rear,Rear-end,0,0,1,0,1,2,0,0,0,0,0,0
294467,Medical treatment,2016,3,Hit object,Single Vehicle,153.0816087,-27.37934403,Earnshaw Rd,,Banyo,Nudgee,No Roadway Feature,No traffic control,0 - 50 km/h,Sealed - Dry,Darkness - Lighted,Straight,Off Path-Straight: Left Off Cway Hit Obj,Off carriageway on straight hit object,0,0,1,0,1,1,0,0,0,0,0,0
294484,Hospitalisation,2016,19,Angle,Multi-Vehicle,153.003718,-27.46912,Baroona Rd,Milton Rd,Milton,Mount Coot-tha,Intersection - Cross,Operating traffic lights,60 km/h,Sealed - Dry,Darkness - Lighted,Straight,Veh'S Opposite Approach: Thru-Right,Opposing vehicles turning,0,1,0,0,1,1,1,0,0,0,0,0
294485,Hospitalisation,2016,3,Hit object,Single Vehicle,152.948081,-27.50748,Cedarleigh Rd,Marshall La,Kenmore,Moggill,Intersection - Cross,Operating traffic lights,60 km/h,Sealed - Dry,Darkness - Lighted,Curved - view open,Off Path-Curve: Mounts Traffic Island,Off carriageway on curve hit object,0,1,1,0,2,1,0,0,0,0,0,0
294486,Medical treatment,2016,18,Rear-end,Multi-Vehicle,152.903797,-27.532824,Moggill Sub-Arterial Rd,,Pinjarra Hills,Moggill,No Roadway Feature,No traffic control,60 km/h,Sealed - Dry,Dawn/Dusk,Straight,Veh'S Same Direction: Right Rear,Rear-end,0,0,1,0,1,2,0,0,0,0,0,0
294494,Medical treatment,2016,11,Rear-end,Multi-Vehicle,153.059056,-27.399131,Bridge St,Sandgate Sub-Arterial Rd,Nundah,Clayfield,Intersection - T-Junction,No traffic control,60 km/h,Sealed - Dry,Daylight,Straight,Veh'S Same Direction: Left Rear,Rear-end,0,0,1,0,1,2,0,0,0,0,1,0
294495,Hospitalisation,2016,19,Rear-end,Multi-Vehicle,153.0411063,-27.41459322,Airport Link,,Wooloowin,Clayfield,No Roadway Feature,No traffic control,80 - 90 km/h,Sealed - Dry,Darkness - Lighted,Straight,Veh'S Same Direction: Rear End,Rear-end,0,3,0,0,3,2,0,0,0,0,0,0
294510,Medical treatment,2016,8,Angle,Multi-Vehicle,153.018355,-27.46089297,College Rd,Wickham Tce,Brisbane City,Brisbane Central,Intersection - Cross,Operating traffic lights,0 - 50 km/h,Sealed - Dry,Daylight,Curved - view open,Veh'S Same Direction: Right Turn S/Swipe,Parallel lanes turning,0,0,1,0,1,1,0,1,0,0,0,0