Crash_Ref_Number,Severity,Year,Hour,Crash_Nature,Crash_Type,Longitude,Latitude,Street,Street_Intersecting,Suburb,Loc_State_Electorate,Crash_Roadway_Feature,Crash_Traffic_Control,Crash_Speed_Limit,Crash_Road_Surface_Condition,Crash_Lighting_Condition,Crash_Road_Horiz_Align,Crash_DCA_Description,Crash_DCA_Group_Description,Count_Casualty_Fatality,Count_Casualty_Hospitalised,Count_Casualty_MedicallyTreated,Count_Casualty_MinorInjury,Count_Casualty_Total,Count_Unit_Car,Count_Unit_Motorcycle_Moped,Count_Unit_Truck,Count_Unit_Bus,Count_Unit_Bicycle,Count_Unit_Pedestrian,Count_Unit_Other
294511,Hospitalisation,2016,17,Angle,Multi-Vehicle,153.0299218,-27.47137772,Edward St,Margaret St,Brisbane City,Brisbane Central,Intersection - Cross,Operating traffic lights,0 - 50 km/h,Sealed - Dry,Darkness - Lighted,Straight,Veh'S Same Direction: Left Turn S/Swipe,Parallel lanes turning,0,1,0,0,1,1,1,0,0,0,0,0
294512,Medical treatment,2016,16,Hit pedestrian,Hit pedestrian,153.011227,-27.450781,L'Estrange Tce,School St,Kelvin Grove,Brisbane Central,Intersection - T-Junction,Pedestrian crossing sign,0 - 50 km/h,Sealed - Dry,Daylight,Curved - view open,Ped'N: Far Side Vehicle Hit From Left,Pedestrian,0,0,1,0,1,1,0,0,0,0,1,0
294513,Medical treatment,2016,5,Hit pedestrian,Hit pedestrian,153.046184,-27.454143,Commercial Rd,Harcourt St,Teneriffe,Brisbane Central,Intersection - T-Junction,No traffic control,0 - 50 km/h,Sealed - Dry,Darkness - Lighted,Straight,Ped'N: Play; Work; Stand; Lie On C'Way,Pedestrian,0,0,1,0,1,1,0,0,0,0,1,0
294514,Hospitalisation,2016,13,Angle,Multi-Vehicle,152.991247,-27.480825,Jephson St,Sylvan Rd,Toowong,Mount Coot-tha,Intersection - Cross,Operating traffic lights,60 km/h,Sealed - Dry,Daylight,Curved - view open,Veh'S Opposite Approach: Thru-Right,Opposing vehicles turning,0,1,0,0,1,2,0,0,0,0,0,0
294521,Hospitalisation,2016,17,Rear-end,Multi-Vehicle,153.063122,-27.381798,Sandgate Rd,Sandgate Sub-Arterial Rd,Virginia,Nudgee,Intersection - Interchange,Give way sign,60 km/h,Sealed - Dry,Darkness - Lighted,Curved - view obscured,Veh'S Same Direction: Left Rear,Rear-end,0,1,0,0,1,2,0,0,0,0,0,0
294522,Hospitalisation,2016,20,Angle,Multi-Vehicle,153.076921,-27.412271,East - West Arterial Rd,Gateway Arterial Rd,Hendra,Clayfield,Intersection - Interchange,Operating traffic lights,60 km/h,Sealed - Dry,Darkness - Lighted,Curved - view open,Veh'S Adjacent Approach: Other,Intersection from adjacent approaches,0,1,1,0,2,2,0,0,0,0,0,0
294523,Medical treatment,2016,7,Angle,Multi-Vehicle,153.07744,-27.412776,Gateway Arterial Rd,Southern Cross Wy Ramp Xe,Hendra,Clayfield,Intersection - Interchange,Give way sign,60 km/h,Sealed - Dry,Daylight,Curved - view open,Veh'S Adjacant Approach: Thru-Left,Intersection from adjacent approaches,0,0,1,0,1,2,0,0,0,0,0,0
294524,Medical treatment,2016,15,Rear-end,Multi-Vehicle,153.094581,-27.388218,Gateway Arterial Rd,,Banyo,Nudgee,Intersection - Interchange,No traffic control,80 - 90 km/h,Sealed - Dry,Daylight,Straight,Veh'S Same Direction: Rear End,Rear-end,0,0,1,0,1,2,0,0,0,0,0,0
294525,Hospitalisation,2016,16,Hit object,Single Vehicle,152.992534,-27.413589,Elkhorn St,Western Arterial Rd,Enoggera,Ashgrove,Intersection - T-Junction,No traffic control,60 km/h,Sealed - Dry,Daylight,Straight,Off Path-Straight: Left Off Cway Hit Obj,Off carriageway on straight hit object,0,1,0,0,1,1,0,0,0,0,0,0
294549,Medical treatment,2016,15,Hit pedestrian,Hit pedestrian,153.025468,-27.466817,Ann St,Edward St,Brisbane City,Brisbane Central,Intersection - Cross,Operating traffic lights,0 - 50 km/h,Sealed - Dry,Daylight,Straight,Ped'N: Near Side Vehicle Hit From Right,Pedestrian,0,0,1,0,1,1,0,0,0,0,1,0
294557,Medical treatment,2016,16,Rear-end,Multi-Vehicle,153.021908,-27.384564,Hamilton Rd,Webster Rd,Chermside,Stafford,Intersection - Roundabout,Give way sign,60 km/h,Sealed - Dry,Daylight,Straight,Veh'S Same Direction: Rear End,Rear-end,0,0,1,0,1,2,0,0,0,0,0,0
294563,Hospitalisation,2016,22,Head-on,Multi-Vehicle,153.0769023,-27.40217019,Gateway Arterial Rd,,Nundah,Clayfield,Intersection - Interchange,No traffic control,80 - 90 km/h,Sealed - Dry,Darkness - Lighted,Straight,Veh'S Opposite Approach: Head On,Head-on,0,1,1,0,2,2,0,0,0,0,0,0
294583,Medical treatment,2016,17,Rear-end,Multi-Vehicle,153.0098382,-27.44754272,Kelvin Grove Rd,,Kelvin Grove,Mount Coot-tha,No Roadway Feature,No traffic control,60 km/h,Sealed - Dry,Daylight,Straight,Veh'S Same Direction: Rear End,Rear-end,0,0,1,0,1,3,0,0,0,0,0,0
294584,Hospitalisation,2016,16,Angle,Multi-Vehicle,153.010645,-27.456942,Musgrave Rd,Scott St,Red Hill,Mount Coot-tha,Intersection - T-Junction,No traffic control,60 km/h,Sealed - Dry,Dawn/Dusk,Curved - view open,Veh'S Opposite Approach: Thru-Right,Opposing vehicles turning,0,1,0,0,1,1,1,0,0,0,0,0
294585,Medical treatment,2016,8,Fall from vehicle,Single Vehicle,153.004697,-27.494009,Sir Fred Schonell Dr,,St Lucia,Indooroopilly,No Roadway Feature,No traffic control,0 - 50 km/h,Sealed - Dry,Daylight,Straight,Off Path-Straight:Out Of Control On Cway,Out of control on straight,0,0,1,0,1,1,1,0,0,0,0,0
294586,Hospitalisation,2016,9,Hit object,Single Vehicle,152.990079,-27.503617,Indooroopilly Rd,Lambert Rd,Indooroopilly,Indooroopilly,Intersection - Roundabout,Give way sign,60 km/h,Sealed - Dry,Daylight,Curved - view open,Veh'S Adjacent Approach: Left-Thru,Intersection from adjacent approaches,0,1,1,0,2,2,0,0,0,0,0,0
294588,Medical treatment,2016,11,Rear-end,Multi-Vehicle,153.0304322,-27.38439967,Gympie Arterial Rd,,Chermside,Nudgee,No Roadway Feature,No traffic control,60 km/h,Sealed - Dry,Daylight,Straight,Veh'S Same Direction: Rear End,Rear-end,0,0,2,0,2,2,0,0,0,0,0,0
294595,Medical treatment,2016,16,Fall from vehicle,Single Vehicle,153.032682,-27.428719,Albion Rd,Lutwyche Rd,Windsor,Brisbane Central,Intersection - T-Junction,Operating traffic lights,60 km/h,Sealed - Dry,Daylight,Straight,Off Path-Straight:Out Of Control On Cway,Out of control on straight,0,0,1,0,1,0,1,0,0,0,0,1
294596,Hospitalisation,2016,15,Head-on,Multi-Vehicle,152.761894,-27.370607,Mount Nebo Rd,,Banks Creek,Moggill,No Roadway Feature,No traffic control,60 km/h,Sealed - Dry,Daylight,Curved - view obscured,Veh'S Opposite Approach: Head On,Head-on,0,1,0,0,1,1,1,0,0,0,0,0
294627,Hospitalisation,2016,8,Hit pedestrian,Hit pedestrian,152.987968,-27.445789,Waterworks Rd,,Ashgrove,Ashgrove,No Roadway Feature,Pedestrian operated lights,60 km/h,Sealed - Dry,Daylight,Straight,Ped'N: Far Side Vehicle Hit From Left,Pedestrian,0,1,0,0,1,1,0,0,0,0,1,0
294628,Minor injury,2016,17,Hit pedestrian,Hit pedestrian,153.019703,-27.466961,George St,,Brisbane City,Brisbane Central,No Roadway Feature,No traffic control,0 - 50 km/h,Sealed - Dry,Daylight,Straight,Ped'N: Hit Emerging Behind Vehicle,Pedestrian,0,0,0,1,1,1,0,0,0,0,1,0
294629,Medical treatment,2016,9,Angle,Multi-Vehicle,153.020882,-27.467087,Parkland Blvd,Roma St,Brisbane City,Brisbane Central,Intersection - T-Junction,Operating traffic lights,0 - 50 km/h,Sealed - Dry,Daylight,Straight,Veh'S Opposite Approach: Thru-Right,Opposing vehicles turning,0,0,1,1,2,2,0,0,0,0,0,0
294630,Hospitalisation,2016,12,Angle,Multi-Vehicle,153.024733,-27.462709,Hope St,Leichhardt St,Spring Hill,Brisbane Central,Intersection - T-Junction,Stop sign,60 km/h,Sealed - Dry,Daylight,Straight,Veh'S Adjacent Approach: Thru-Right,Intersection from adjacent approaches,0,1,1,0,2,2,0,0,0,0,0,0
294633,Hospitalisation,2016,8,Rear-end,Multi-Vehicle,153.027966,-27.451026,Inner City Bypass,,Herston,Brisbane Central,No Roadway Feature,No traffic control,60 km/h,Sealed - Dry,Daylight,Straight,Veh'S Same Direction: Rear End,Rear-end,0,1,0,0,1,4,0,0,0,0,0,0
294636,Medical treatment,2016,16,Rear-end,Multi-Vehicle,153.008422,-27.331096,Linkfield Connection Rd,,Bald Hills,Aspley,No Roadway Feature,No traffic control,60 km/h,Sealed - Dry,Daylight,Straight,Veh'S Same Direction: Rear End,Rear-end,0,0,1,0,1,3,0,0,0,0,0,0
294638,Medical treatment,2016,13,Angle,Multi-Vehicle,153.021937,-27.347555,Beams Rd,Dorville Rd,Carseldine,Aspley,Intersection - Roundabout,Give way sign,60 km/h,Sealed - Dry,Daylight,Straight,Veh'S Same Direction: Left Turn S/Swipe,Parallel lanes turning,0,0,1,0,1,1,1,0,0,0,0,0
294651,Minor injury,2016,7,Hit pedestrian,Hit pedestrian,153.030282,-27.434047,Hooker St,,Windsor,Brisbane Central,Intersection - T-Junction,No traffic control,0 - 50 km/h,Sealed - Dry,Daylight,Curved - view open,Ped'N: Play; Work; Stand; Lie On C'Way,Pedestrian,0,0,0,1,1,1,0,0,0,0,1,0
294674,Hospitalisation,2016,21,Angle,Multi-Vehicle,152.988004,-27.43863,Frasers Rd,Western Arterial Rd,Ashgrove,Ashgrove,Intersection - T-Junction,Operating traffic lights,60 km/h,Sealed - Dry,Darkness - Lighted,Curved - view open,Veh'S Opposite Approach: Thru-Right,Opposing vehicles turning,0,1,1,0,2,2,0,0,0,0,0,0
294676,Medical treatment,2016,16,Angle,Multi-Vehicle,153.007874,-27.469284,Cribb St,Little Cribb St,Milton,Mount Coot-tha,Intersection - T-Junction,Give way sign,60 km/h,Sealed - Dry,Daylight,Straight,Veh'S Adjacent Approach: Thru-Right,Intersection from adjacent approaches,0,0,1,0,1,1,1,0,0,0,0,0
294678,Medical treatment,2016,18,Rear-end,Multi-Vehicle,153.048407,-27.316407,Gateway Arterial Rd,,Sandgate,Sandgate,No Roadway Feature,No traffic control,100 - 110 km/h,Sealed - Dry,Darkness - Lighted,Straight,Veh'S Same Direction: Rear End,Rear-end,0,0,1,0,1,2,0,1,0,0,0,0
294691,Medical treatment,2016,20,Rear-end,Multi-Vehicle,152.948892,-27.41445,Samford Sub-Arterial Rd,Settlement Rd,Keperra,Ferny Grove,Intersection - T-Junction,Operating traffic lights,70 km/h,Sealed - Dry,Daylight,Straight,Veh'S Same Direction: Right Rear,Rear-end,0,0,1,0,1,2,0,0,0,0,0,0
294731,Hospitalisation,2016,9,Angle,Multi-Vehicle,153.045681,-27.381467,Benyon St,Newman Rd,Wavell Heights,Nudgee,Intersection - T-Junction,No traffic control,60 km/h,Sealed - Dry,Daylight,Straight,Veh'S Opposite Approach: Thru-Right,Opposing vehicles turning,0,3,0,0,3,2,0,0,0,0,0,0
294752,Hospitalisation,2016,8,Fall from vehicle,Single Vehicle,152.9428552,-27.44313741,Waterworks Rd,,The Gap,Ashgrove,No Roadway Feature,No traffic control,60 km/h,Sealed - Dry,Daylight,Straight,Off Path-Straight:Out Of Control On Cway,Out of control on straight,0,1,0,0,1,0,1,0,0,0,0,0
294756,Hospitalisation,2016,8,Angle,Multi-Vehicle,153.032052,-27.386056,Hamilton Rd,Thomas St,Chermside,Nudgee,Intersection - T-Junction,Operating traffic lights,60 km/h,Sealed - Dry,Daylight,Straight,Veh'S Opposite Approach: Thru-Right,Opposing vehicles turning,0,1,0,0,1,1,1,0,0,0,0,0
294761,Medical treatment,2016,10,Hit pedestrian,Hit pedestrian,153.059255,-27.397853,Rode Rd,Sandgate Sub-Arterial Rd,Nundah,Clayfield,Intersection - T-Junction,Stop sign,0 - 50 km/h,Sealed - Dry,Daylight,Straight,Ped'N: Near Side Vehicle Hit From Right,Pedestrian,0,0,1,0,1,1,0,0,0,0,1,0
294783,Medical treatment,2016,9,Head-on,Multi-Vehicle,153.041128,-27.456313,Doggett St,Wandoo St,Fortitude Valley,Brisbane Central,Intersection - Cross,No traffic control,0 - 50 km/h,Sealed - Dry,Daylight,Straight,Veh'S Opposite Approach: Thru-Right,Opposing vehicles turning,0,0,1,0,1,2,0,0,0,0,0,0
294784,Medical treatment,2016,7,Fall from vehicle,Single Vehicle,153.04201,-27.45839,Harcourt St,James St,New Farm,Brisbane Central,Intersection - T-Junction,Stop sign,0 - 50 km/h,Sealed - Dry,Daylight,Straight,Veh'S Adjacent Approach: Thru-Thru,Intersection from adjacent approaches,0,0,1,0,1,2,0,0,0,1,0,0
294785,Minor injury,2016,8,Rear-end,Multi-Vehicle,153.022466,-27.304297,Gateway Arterial Rd,,Bald Hills,Sandgate,No Roadway Feature,No traffic control,100 - 110 km/h,Sealed - Dry,Darkness - Lighted,Straight,Veh'S Same Direction: Rear End,Rear-end,0,0,0,1,1,2,0,0,0,0,0,0
294789,Medical treatment,2016,14,Angle,Multi-Vehicle,153.035603,-27.402289,Colac St,Edinburgh Castle Rd,Kedron,Clayfield,Intersection - Roundabout,Give way sign,0 - 50 km/h,Sealed - Dry,Daylight,Straight,Veh'S Adjacent Approach: Thru-Thru,Intersection from adjacent approaches,0,0,1,0,1,2,0,0,0,0,0,0
294795,Hospitalisation,2016,9,Hit pedestrian,Hit pedestrian,153.059188,-27.398277,Henchman St,Sandgate Sub-Arterial Rd,Nundah,Clayfield,Intersection - Cross,Give way sign,60 km/h,Sealed - Dry,Daylight,Straight,Ped'N: Near Side Vehicle Hit From Right,Pedestrian,0,1,0,0,1,1,0,0,0,0,1,0
294817,Hospitalisation,2016,7,Hit object,Single Vehicle,152.969152,-27.497766,Gordon Tce,,Indooroopilly,Indooroopilly,No Roadway Feature,No traffic control,0 - 50 km/h,Sealed - Wet,Daylight,Straight,Off Path-Straight:Right Off Cway Hit Obj,Off carriageway on straight hit object,0,1,0,0,1,1,0,0,0,0,0,0
294818,Medical treatment,2016,16,Rear-end,Multi-Vehicle,152.968806,-27.498795,Moggill Rd,Rylatt St,Indooroopilly,Indooroopilly,Intersection - T-Junction,No traffic control,60 km/h,Sealed - Dry,Daylight,Straight,Veh'S Same Direction: Rear End,Rear-end,0,0,1,0,1,2,0,0,0,0,0,0
294825,Medical treatment,2016,15,Rear-end,Multi-Vehicle,153.05227,-27.421498,Sandgate Rd,,Clayfield,Clayfield,No Roadway Feature,No traffic control,60 km/h,Sealed - Dry,Daylight,Straight,Veh'S Same Direction: Rear End,Rear-end,0,0,1,1,2,1,0,0,1,0,0,0
294826,Medical treatment,2016,8,Rear-end,Multi-Vehicle,153.047393,-27.441328,Inner City Bypass,,Albion,Clayfield,No Roadway Feature,No traffic control,60 km/h,Sealed - Dry,Daylight,Curved - view open,Veh'S Same Direction: Other,Other,0,0,1,1,2,2,0,0,0,0,0,0
294827,Minor injury,2016,15,Rear-end,Multi-Vehicle,153.096598,-27.373261,Gateway Arterial Rd,,Nudgee,Nudgee,No Roadway Feature,No traffic control,80 - 90 km/h,Sealed - Dry,Daylight,Curved - view open,Veh'S Same Direction: Rear End,Rear-end,0,0,0,1,1,2,0,0,0,0,0,0
294845,Hospitalisation,2016,8,Hit parked vehicle,Single Vehicle,153.047447,-27.465776,Merthyr Rd,,New Farm,Brisbane Central,No Roadway Feature,No traffic control,0 - 50 km/h,Sealed - Dry,Daylight,Straight,Veh'S Manoeuvring: Other,Other,0,1,0,0,1,1,0,0,0,1,0,0
294846,Hospitalisation,2016,19,Angle,Multi-Vehicle,153.042995,-27.470382,Merthyr Rd,Moray St,New Farm,Brisbane Central,Intersection - Roundabout,Give way sign,60 km/h,Sealed - Dry,Darkness - Lighted,Straight,Veh'S Opposite Approach: Thru-Right,Opposing vehicles turning,0,1,0,0,1,1,0,0,0,1,0,0
294847,Medical treatment,2016,15,Rear-end,Multi-Vehicle,153.034582,-27.45301,King St,St Pauls Tce,Fortitude Valley,Brisbane Central,Intersection - T-Junction,No traffic control,60 km/h,Sealed - Dry,Daylight,Straight,Veh'S Same Direction: Right Rear,Rear-end,0,0,1,0,1,1,0,1,0,0,0,0
294849,Hospitalisation,2016,7,Fall from vehicle,Single Vehicle,152.99354,-27.488399,Brisbane St,Glen Rd,Toowong,Mount Coot-tha,Intersection - T-Junction,Stop sign,0 - 50 km/h,Sealed - Dry,Daylight,Straight,Veh'S Adjacent Approach: Thru-Right,Intersection from adjacent approaches,0,1,0,0,1,1,1,0,0,0,0,0
294850,Medical treatment,2016,15,Rear-end,Multi-Vehicle,152.914857,-27.493932,Brookfield Rd,,Brookfield,Moggill,No Roadway Feature,No traffic control,60 km/h,Sealed - Dry,Daylight,Curved - view obscured,Veh'S Same Direction: Rear End,Rear-end,0,0,2,0,2,3,0,0,0,0,0,0
294851,Hospitalisation,2016,17,Hit object,Single Vehicle,153.014639,-27.3051165,Gympie Arterial Rd,,Bald Hills,Sandgate,No Roadway Feature,No traffic control,100 - 110 km/h,Sealed - Dry,Darkness - Lighted,Curved - view open,Off Path-Curve: Off Cway Rt Bend Hit Obj,Off carriageway on curve hit object,0,1,0,0,1,1,0,0,0,0,0,0
294852,Medical treatment,2016,17,Rear-end,Multi-Vehicle,153.011084,-27.333044,Gympie Arterial Rd,,Bald Hills,Aspley,No Roadway Feature,No traffic control,100 - 110 km/h,Sealed - Dry,Dawn/Dusk,Straight,Veh'S Same Direction: Rear End,Rear-end,0,0,1,1,2,3,0,0,0,0,0,0
294853,Medical treatment,2016,13,Rear-end,Multi-Vehicle,153.030867,-27.393659,Gympie Arterial Rd,,Kedron,Stafford,No Roadway Feature,No traffic control,60 km/h,Sealed - Dry,Daylight,Straight,Veh'S Same Direction: Rear End,Rear-end,0,0,1,0,1,2,0,0,0,0,0,0
294856,Medical treatment,2016,9,Rear-end,Multi-Vehicle,153.02224,-27.372619,Gympie Arterial Rd,,Aspley,Aspley,No Roadway Feature,No traffic control,70 km/h,Sealed - Dry,Daylight,Straight,Veh'S Same Direction: Rear End,Rear-end,0,0,1,0,1,2,0,0,0,0,0,0
294864,Hospitalisation,2016,17,Rear-end,Multi-Vehicle,153.078918,-27.434302,Kingsford Smith Dr,,Eagle Farm,Clayfield,No Roadway Feature,No traffic control,0 - 50 km/h,Sealed - Dry,Daylight,Straight,Veh'S Same Direction: Rear End,Rear-end,0,1,0,0,1,1,1,0,0,0,0,0
294865,Hospitalisation,2016,22,Angle,Multi-Vehicle,153.050534,-27.426505,Oriel Rd,Sandgate Rd,Clayfield,Clayfield,Intersection - T-Junction,Operating traffic lights,60 km/h,Sealed - Dry,Darkness - Lighted,Curved - view open,Veh'S Opposite Approach: Thru-Right,Opposing vehicles turning,0,1,0,0,1,1,1,0,0,0,0,0
294888,Hospitalisation,2016,13,Angle,Multi-Vehicle,153.009292,-27.500102,Hawken Dr,Picardy St,St Lucia,Indooroopilly,Intersection - Cross,No traffic control,0 - 50 km/h,Sealed - Dry,Daylight,Straight,Veh'S Adjacent Approach: Right-Thru,Intersection from adjacent approaches,0,2,0,0,2,2,0,0,0,0,0,0
294890,Minor injury,2016,12,Angle,Multi-Vehicle,153.047861,-27.311533,Bracken Ridge Rd,Gateway Arterial Rd,Sandgate,Sandgate,Intersection - T-Junction,Give way sign,60 km/h,Sealed - Wet,Daylight,Curved - view open,Veh'S Adjacent Approach: Right-Thru,Intersection from adjacent approaches,0,0,0,1,1,1,0,1,0,0,0,0
294891,Hospitalisation,2016,9,Sideswipe,Multi-Vehicle,153.040379,-27.312858,Gateway Arterial Rd,,Bracken Ridge,Sandgate,No Roadway Feature,No traffic control,100 - 110 km/h,Sealed - Dry,Daylight,Curved - view open,Veh'S Same Direction: Lane Change Left,Lane changes,0,1,0,0,1,1,0,1,0,0,0,0
294895,Hospitalisation,2016,17,Hit object,Single Vehicle,153.005684,-27.361092,Albany Creek Sub-Arterial Rd,,Aspley,Aspley,No Roadway Feature,No traffic control,70 km/h,Sealed - Wet,Darkness - Lighted,Straight,Off Path-Straight: Mounts Traffic Island,Off carriageway on straight hit object,0,1,0,0,1,1,0,0,0,0,0,0
294897,Hospitalisation,2016,15,Angle,Multi-Vehicle,152.986763,-27.387126,Pleshette Pl,Rode Rd,Mcdowall,Everton,Intersection - T-Junction,No traffic control,60 km/h,Sealed - Dry,Daylight,Straight,Veh'S Opposite Approach: Thru-Right,Opposing vehicles turning,0,1,0,0,1,3,0,0,0,0,0,0
294899,Hospitalisation,2016,6,Rear-end,Multi-Vehicle,152.980511,-27.3750042,Everton Park - Albany Creek Rd,,Mcdowall,Aspley,No Roadway Feature,No traffic control,80 - 90 km/h,Sealed - Dry,Daylight,Straight,Veh'S Same Direction: Rear End,Rear-end,0,1,1,0,2,3,0,0,0,0,0,0
294907,Hospitalisation,2016,8,Hit parked vehicle,Single Vehicle,153.019762,-27.432378,Kedron Brook Rd,Macgregor St,Wilston,Stafford,Intersection - T-Junction,No traffic control,0 - 50 km/h,Sealed - Wet,Daylight,Straight,Veh'S On Path: Car Door,Hit parked vehicle,0,1,0,0,1,2,0,0,0,1,0,0
294908,Hospitalisation,2016,17,Hit object,Single Vehicle,152.990966,-27.40738,East - West Arterial Rd,Western Arterial Rd,Everton Park,Everton,Intersection - Cross,Operating traffic lights,0 - 50 km/h,Sealed - Wet,Darkness - Lighted,Straight,Off Path-Straight: Left Off Cway Hit Obj,Off carriageway on straight hit object,0,1,0,0,1,1,0,0,0,0,0,0
294941,Medical treatment,2016,16,Angle,Multi-Vehicle,153.04114,-27.457703,Arthur St,James St,Fortitude Valley,Brisbane Central,Intersection - Cross,Stop sign,0 - 50 km/h,Sealed - Dry,Dawn/Dusk,Straight,Veh'S Adjacent Approach: Thru-Thru,Intersection from adjacent approaches,0,0,1,0,1,2,0,0,0,0,0,0
294942,Medical treatment,2016,19,Angle,Multi-Vehicle,153.043761,-27.456608,Chester St,Harcourt St,Teneriffe,Brisbane Central,Intersection - Cross,Stop sign,0 - 50 km/h,Sealed - Wet,Darkness - Lighted,Straight,Veh'S Adjacent Approach: Thru-Thru,Intersection from adjacent approaches,0,0,1,0,1,3,0,0,0,0,0,0
294943,Medical treatment,2016,17,Hit parked vehicle,Single Vehicle,153.042479,-27.462864,Heal St,,New Farm,Brisbane Central,No Roadway Feature,No traffic control,0 - 50 km/h,Sealed - Dry,Dawn/Dusk,Straight,Veh'S On Path: Car Door,Hit parked vehicle,0,0,1,0,1,1,0,0,0,1,0,0
294948,Medical treatment,2016,16,Rear-end,Multi-Vehicle,153.013981,-27.350835,Gympie Arterial Rd,,Carseldine,Aspley,No Roadway Feature,No traffic control,70 km/h,Sealed - Dry,Daylight,Straight,Veh'S Same Direction: Rear End,Rear-end,0,0,1,0,1,2,0,0,0,0,0,0
294956,Hospitalisation,2016,15,Angle,Multi-Vehicle,153.031536,-27.435277,Eildon Rd,Lutwyche Rd,Windsor,Brisbane Central,No Roadway Feature,Operating traffic lights,60 km/h,Sealed - Dry,Daylight,Straight,Veh'S Manoeuvring: Entering From Footway,Vehicle leaving driveway,0,1,0,0,1,1,0,0,0,1,0,0
294976,Medical treatment,2016,7,Hit pedestrian,Hit pedestrian,153.0220839,-27.46944844,Ann St,George St,Brisbane City,Brisbane Central,Intersection - Cross,Operating traffic lights,0 - 50 km/h,Sealed - Wet,Darkness - Lighted,Straight,Ped'N: Near Side Vehicle Hit From Right,Pedestrian,0,0,1,0,1,1,0,0,0,0,1,0
294977,Hospitalisation,2016,14,Fall from vehicle,Single Vehicle,152.99871,-27.468476,Bayswater St,Haig Rd,Milton,Mount Coot-tha,Intersection - Roundabout,Give way sign,0 - 50 km/h,Sealed - Dry,Daylight,Straight,Off Path-Straight: Right Turn,Off carriageway on straight,0,1,0,0,1,1,0,0,0,1,0,0
294978,Medical treatment,2016,15,Rear-end,Multi-Vehicle,153.010606,-27.468094,Boomerang St,Hale St On Ramp,Milton,Mount Coot-tha,Intersection - Interchange,No traffic control,60 km/h,Sealed - Dry,Daylight,Curved - view open,Veh'S Manoeuvring: Other,Other,0,0,2,0,2,2,0,0,0,0,0,0
294979,Medical treatment,2016,21,Hit object,Single Vehicle,152.9642644,-27.47948579,Sir Samuel Griffith Dr,,Mount Coot-tha,Mount Coot-tha,No Roadway Feature,No traffic control,0 - 50 km/h,Sealed - Wet,Darkness - Lighted,Curved - view open,Off Path-Curve: Off Cway Rt Bend Hit Obj,Off carriageway on curve hit object,0,0,1,0,1,1,0,0,0,0,0,0
294981,Medical treatment,2016,11,Angle,Multi-Vehicle,153.013873,-27.363509,Albany Creek Sub-Arterial Rd,,Aspley,Aspley,No Roadway Feature,Operating traffic lights,60 km/h,Sealed - Wet,Daylight,Curved - view open,Veh'S Opposite Approach: Thru-Right,Opposing vehicles turning,0,0,1,0,1,2,0,0,0,0,0,0
294990,Medical treatment,2016,17,Rear-end,Multi-Vehicle,152.990899,-27.408014,Western Arterial Rd,,Everton Park,Everton,No Roadway Feature,No traffic control,60 km/h,Sealed - Wet,Darkness - Lighted,Straight,Veh'S Same Direction: Rear End,Rear-end,0,0,1,0,1,2,0,0,0,0,0,0
295017,Medical treatment,2016,11,Angle,Multi-Vehicle,153.024414,-27.46126,Little Edward St,,Spring Hill,Brisbane Central,No Roadway Feature,No traffic control,60 km/h,Sealed - Dry,Daylight,Straight,Veh'S Manoeuvring: Leaving Driveway,Vehicle leaving driveway,0,0,1,0,1,2,0,0,0,0,0,0
295022,Medical treatment,2016,12,Angle,Multi-Vehicle,153.006313,-27.435511,Enoggera Rd,Willmington St,Newmarket,Stafford,Intersection - T-Junction,No traffic control,60 km/h,Sealed - Dry,Daylight,Straight,Veh'S Adjacent Approach: Thru-Right,Intersection from adjacent approaches,0,0,1,1,2,2,0,0,0,0,0,0
295039,Medical treatment,2016,8,Sideswipe,Multi-Vehicle,153.035625,-27.461544,Bradfield Hwy,Mclachlan St,Fortitude Valley,Brisbane Central,Intersection - Interchange,No traffic control,60 km/h,Sealed - Dry,Daylight,Curved - view open,Veh'S Same Direction: Lane Side Swipe,Lane changes,0,0,1,0,1,1,1,0,0,0,0,0
295042,Hospitalisation,2016,16,Hit pedestrian,Hit pedestrian,153.001234,-27.49759,Brisbane St,Carmody Rd,St Lucia,Indooroopilly,Intersection - T-Junction,No traffic control,0 - 50 km/h,Sealed - Dry,Daylight,Straight,Ped'N: Near Side Vehicle Hit From Right,Pedestrian,0,1,0,0,1,1,0,0,0,0,1,0
295069,Medical treatment,2016,6,Fall from vehicle,Single Vehicle,153.049198,-27.464035,James St,Lamington St,New Farm,Brisbane Central,Intersection - Cross,No traffic control,60 km/h,Sealed - Dry,Daylight,Straight,Off Path-Straight:Out Of Control On Cway,Out of control on straight,0,0,1,0,1,0,0,0,1,1,0,0
295073,Minor injury,2016,7,Hit pedestrian,Hit pedestrian,153.058424,-27.289664,Jill St,,Brighton,Sandgate,No Roadway Feature,No traffic control,0 - 50 km/h,Sealed - Dry,Daylight,Curved - view open,Ped'N: Far Side Vehicle Hit From Left,Pedestrian,0,0,0,1,1,1,0,0,0,0,1,0