Crash_Ref_Number,Severity,Year,Hour,Crash_Nature,Crash_Type,Longitude,Latitude,Street,Street_Intersecting,Suburb,Loc_State_Electorate,Crash_Roadway_Feature,Crash_Traffic_Control,Crash_Speed_Limit,Crash_Road_Surface_Condition,Crash_Lighting_Condition,Crash_Road_Horiz_Align,Crash_DCA_Description,Crash_DCA_Group_Description,Count_Casualty_Fatality,Count_Casualty_Hospitalised,Count_Casualty_MedicallyTreated,Count_Casualty_MinorInjury,Count_Casualty_Total,Count_Unit_Car,Count_Unit_Motorcycle_Moped,Count_Unit_Truck,Count_Unit_Bus,Count_Unit_Bicycle,Count_Unit_Pedestrian,Count_Unit_Other
295077,Medical treatment,2016,9,Rear-end,Multi-Vehicle,153.045605,-27.381454,Benyon St,Newman Rd,Wavell Heights,Nudgee,Intersection - T-Junction,No traffic control,60 km/h,Sealed - Dry,Daylight,Straight,Veh'S Same Direction: Right Rear,Rear-end,0,0,1,0,1,2,0,0,0,0,0,0
295084,Hospitalisation,2016,18,Rear-end,Multi-Vehicle,153.034689,-27.419568,Lutwyche Rd,,Lutwyche,Stafford,Intersection - T-Junction,No traffic control,60 km/h,Sealed - Dry,Darkness - Lighted,Straight,Veh'S Same Direction: Rear End,Rear-end,0,1,0,0,1,3,0,0,0,0,0,0
295085,Minor injury,2016,10,Fall from vehicle,Single Vehicle,152.994732,-27.417585,South Pine Rd,,Enoggera,Ashgrove,No Roadway Feature,No traffic control,60 km/h,Sealed - Dry,Daylight,Straight,Off Path-Straight:Out Of Control On Cway,Out of control on straight,0,0,0,1,1,0,1,0,0,0,0,0
295108,Medical treatment,2016,22,Hit parked vehicle,Single Vehicle,153.031278,-27.46439,Queen St,,Brisbane City,Brisbane Central,No Roadway Feature,No traffic control,0 - 50 km/h,Sealed - Dry,Darkness - Lighted,Straight,Veh'S On Path: Parked,Hit parked vehicle,0,0,1,0,1,1,0,0,0,1,0,0
295109,Minor injury,2016,10,Angle,Multi-Vehicle,153.010472,-27.466866,Hale St,Milton Rd,Petrie Terrace,Mount Coot-tha,Intersection - T-Junction,Operating traffic lights,60 km/h,Sealed - Dry,Daylight,Straight,Veh'S Same Direction: Lane Side Swipe,Lane changes,0,0,0,1,1,2,0,0,0,0,0,0
295111,Medical treatment,2016,17,Angle,Multi-Vehicle,152.95483,-27.525531,Kenmore Rd,Pylara St,Fig Tree Pocket,Indooroopilly,Intersection - T-Junction,Give way sign,0 - 50 km/h,Sealed - Dry,Darkness - Not lighted,Curved - view open,Veh'S Manoeuvring: Entering From Footway,Vehicle leaving driveway,0,0,1,0,1,1,0,0,0,1,0,0
295112,Medical treatment,2016,15,Rear-end,Multi-Vehicle,152.9724435,-27.5016989,Station Rd,,Indooroopilly,Indooroopilly,No Roadway Feature,No traffic control,0 - 50 km/h,Sealed - Dry,Daylight,Straight,Veh'S Same Direction: Rear End,Rear-end,0,0,1,0,1,2,0,0,0,0,0,0
295113,Medical treatment,2016,21,Angle,Multi-Vehicle,152.995335,-27.482016,Land St,Sylvan Rd,Toowong,Mount Coot-tha,Intersection - T-Junction,Operating traffic lights,60 km/h,Sealed - Dry,Darkness - Lighted,Straight,Veh'S Opposite Approach: Thru-Right,Opposing vehicles turning,0,0,1,2,3,2,0,0,0,0,0,0
295116,Medical treatment,2016,15,Hit parked vehicle,Single Vehicle,153.064847,-27.311163,Brighton Tce,,Sandgate,Sandgate,No Roadway Feature,No traffic control,60 km/h,Sealed - Dry,Daylight,Straight,Veh'S On Path: Parked,Hit parked vehicle,0,0,1,0,1,2,0,0,0,0,0,0
295123,Medical treatment,2016,12,Angle,Multi-Vehicle,153.05923,-27.396305,Cameron St,Sandgate Sub-Arterial Rd,Nundah,Clayfield,Intersection - T-Junction,Give way sign,60 km/h,Sealed - Dry,Daylight,Straight,Veh'S Adjacent Approach: Thru-Right,Intersection from adjacent approaches,0,0,1,0,1,2,0,0,0,0,0,0
295124,Medical treatment,2016,12,Rear-end,Multi-Vehicle,153.050859,-27.425051,Sandgate Rd,,Clayfield,Clayfield,No Roadway Feature,No traffic control,60 km/h,Sealed - Dry,Daylight,Straight,Veh'S Same Direction: Rear End,Rear-end,0,0,1,0,1,2,0,0,0,0,0,0
295143,Hospitalisation,2016,17,Rear-end,Multi-Vehicle,153.00747,-27.471253,Coronation Dr,,Milton,Mount Coot-tha,No Roadway Feature,No traffic control,60 km/h,Sealed - Dry,Daylight,Straight,Veh'S Same Direction: Rear End,Rear-end,0,2,0,0,2,1,0,0,2,0,0,0
295144,Hospitalisation,2016,22,Angle,Multi-Vehicle,153.03979,-27.462234,Brunswick St,Kent St,New Farm,Brisbane Central,Intersection - Cross,Operating traffic lights,60 km/h,Sealed - Dry,Dawn/Dusk,Straight,Veh'S Adjacent Approach: Thru-Thru,Intersection from adjacent approaches,0,1,0,1,2,2,0,0,0,0,0,0
295145,Medical treatment,2016,17,Angle,Multi-Vehicle,153.039388,-27.448885,Montpelier Rd,,Bowen Hills,Brisbane Central,No Roadway Feature,No traffic control,60 km/h,Sealed - Dry,Darkness - Lighted,Straight,Veh'S Opposite Approach: Thru-Right,Opposing vehicles turning,0,0,1,0,1,1,1,0,0,0,0,0
295146,Minor injury,2016,8,Rear-end,Multi-Vehicle,152.953759,-27.518138,Western Arterial Rd,,Kenmore,Moggill,No Roadway Feature,No traffic control,80 - 90 km/h,Sealed - Dry,Daylight,Curved - view open,Veh'S Same Direction: Rear End,Rear-end,0,0,0,1,1,2,0,0,0,0,0,0
295148,Hospitalisation,2016,13,Hit pedestrian,Hit pedestrian,153.032303,-27.387264,Thomas St,,Chermside,Nudgee,No Roadway Feature,No traffic control,0 - 50 km/h,Sealed - Dry,Daylight,Straight,Pass & Misc: Parked Car Ran Away,Other,0,1,0,0,1,2,0,0,1,0,1,0
295157,Hospitalisation,2016,16,Hit pedestrian,Hit pedestrian,152.990574,-27.422865,Invalid Street From Police,,Enoggera,Ashgrove,No Roadway Feature,No traffic control,60 km/h,Sealed - Dry,Daylight,Straight,Ped'N: Hit Emerging Behind Vehicle,Pedestrian,0,1,0,0,1,2,1,0,0,0,1,0
295181,Medical treatment,2016,16,Rear-end,Multi-Vehicle,153.02903,-27.467439,Creek St,Eagle La,Brisbane City,Brisbane Central,Intersection - T-Junction,Give way sign,0 - 50 km/h,Sealed - Dry,Daylight,Straight,Veh'S Same Direction: Right Rear,Rear-end,0,0,1,0,1,2,0,0,0,0,0,0
295182,Hospitalisation,2016,21,Angle,Multi-Vehicle,153.0380817,-27.45668015,Mclachlan St,,Fortitude Valley,Brisbane Central,No Roadway Feature,No traffic control,0 - 50 km/h,Sealed - Dry,Darkness - Lighted,Straight,Veh'S Same Direction: Lane Change Right,Lane changes,0,1,0,0,1,2,0,0,0,0,0,0
295187,Minor injury,2016,20,Sideswipe,Multi-Vehicle,153.0553019,-27.31950388,Agnew St,Kempster St,Deagon,Sandgate,Intersection - T-Junction,No traffic control,0 - 50 km/h,Sealed - Dry,Darkness - Not lighted,Curved - view obscured,Veh'S Same Direction: Right Turn S/Swipe,Parallel lanes turning,0,0,0,1,1,1,0,0,0,1,0,0
295189,Hospitalisation,2016,9,Sideswipe,Multi-Vehicle,153.068258,-27.337439,Gateway Arterial Rd,,Boondall,Nudgee,No Roadway Feature,No traffic control,80 - 90 km/h,Sealed - Dry,Daylight,Straight,Veh'S Same Direction: Lane Side Swipe,Lane changes,0,1,0,0,1,0,0,1,0,0,0,1
295202,Medical treatment,2016,17,Rear-end,Multi-Vehicle,153.0592749,-27.39140324,Sandgate Sub-Arterial Rd,,Nundah,Clayfield,No Roadway Feature,No traffic control,60 km/h,Sealed - Dry,Darkness - Lighted,Straight,Veh'S Same Direction: Rear End,Rear-end,0,0,1,0,1,3,0,0,0,0,0,0
295235,Medical treatment,2016,4,Hit object,Single Vehicle,153.084419,-27.390935,Raubers Rd,,Banyo,Nudgee,No Roadway Feature,No traffic control,0 - 50 km/h,Sealed - Dry,Darkness - Not lighted,Straight,Veh'S On Path: Temporary Object On C'Way,Other,0,0,1,0,1,1,0,0,0,0,0,0
295236,Medical treatment,2016,17,Rear-end,Multi-Vehicle,153.0479664,-27.43276188,Crosby Rd,Lapraik St,Albion,Clayfield,Intersection - T-Junction,No traffic control,60 km/h,Sealed - Dry,Darkness - Lighted,Straight,Veh'S Same Direction: Right Rear,Rear-end,0,0,2,0,2,3,0,0,0,0,0,0
295237,Hospitalisation,2016,23,Head-on,Multi-Vehicle,153.0502589,-27.42703241,Sandgate Rd,,Clayfield,Clayfield,No Roadway Feature,No traffic control,60 km/h,Sealed - Dry,Darkness - Lighted,Curved - view open,Veh'S Opposite Approach: Head On,Head-on,0,1,1,0,2,3,0,0,0,0,0,0
295238,Medical treatment,2016,13,Angle,Multi-Vehicle,153.006102,-27.43475,Enoggera Rd,Wickham St,Newmarket,Stafford,Intersection - T-Junction,No traffic control,60 km/h,Sealed - Dry,Daylight,Straight,Veh'S Opposite Approach: Thru-Right,Opposing vehicles turning,0,0,1,0,1,2,0,0,0,0,0,0
295253,Medical treatment,2016,4,Angle,Multi-Vehicle,153.027149,-27.465513,Ann St,Creek St,Brisbane City,Brisbane Central,Intersection - Cross,Operating traffic lights,60 km/h,Sealed - Dry,Darkness - Lighted,Straight,Veh'S Adjacent Approach: Thru-Thru,Intersection from adjacent approaches,0,0,2,0,2,2,0,0,0,0,0,0
295254,Medical treatment,2016,11,Angle,Multi-Vehicle,153.046765,-27.454216,Commercial Rd,Florence St,Teneriffe,Brisbane Central,Intersection - T-Junction,No traffic control,60 km/h,Sealed - Dry,Daylight,Curved - view open,Veh'S Opposite Approach: Thru-Right,Opposing vehicles turning,0,0,1,0,1,2,0,0,0,0,0,0
295288,Minor injury,2016,9,Rear-end,Multi-Vehicle,152.9979175,-27.45911906,Latrobe Tce,,Paddington,Mount Coot-tha,No Roadway Feature,Pedestrian crossing sign,0 - 50 km/h,Sealed - Dry,Daylight,Straight,Veh'S Same Direction: Rear End,Rear-end,0,0,0,1,1,2,0,0,0,0,0,0
295289,Medical treatment,2016,5,Rear-end,Multi-Vehicle,153.0131666,-27.46792793,Coronation Dr,,Brisbane City,Brisbane Central,No Roadway Feature,No traffic control,60 km/h,Sealed - Dry,Daylight,Straight,Veh'S Same Direction: Rear End,Rear-end,0,0,1,0,1,2,0,0,0,0,0,0
295290,Medical treatment,2016,7,Hit object,Single Vehicle,153.022878,-27.471528,Queen St,William St,Brisbane City,Brisbane Central,Intersection - 5+ way,Operating traffic lights,60 km/h,Sealed - Dry,Daylight,Curved - view open,Off Path-Curve: Off Cway Rt Bend Hit Obj,Off carriageway on curve hit object,0,0,2,0,2,0,0,0,1,0,0,0
295296,Medical treatment,2016,7,Angle,Multi-Vehicle,152.988861,-27.379557,Beckett Rd,Hamilton Rd,Mcdowall,Aspley,Intersection - Cross,Operating traffic lights,70 km/h,Sealed - Dry,Daylight,Straight,Veh'S Opposite Approach: Thru-Right,Opposing vehicles turning,0,0,2,0,2,2,0,0,0,0,0,0
295303,Medical treatment,2016,7,Angle,Multi-Vehicle,153.032762,-27.429105,Lutwyche Rd,,Windsor,Brisbane Central,Intersection - T-Junction,Give way sign,60 km/h,Sealed - Wet,Daylight,Curved - view open,Veh'S Adjacant Approach: Thru-Left,Intersection from adjacent approaches,0,0,1,0,1,1,1,0,0,0,0,0
295304,Medical treatment,2016,10,Rear-end,Multi-Vehicle,153.03365,-27.412429,East - West Arterial Rd,Gympie Arterial Rd,Kedron,Clayfield,Intersection - 5+ way,Operating traffic lights,60 km/h,Sealed - Dry,Daylight,Curved - view open,Veh'S Same Direction: Rear End,Rear-end,0,0,1,0,1,1,0,1,0,0,0,0
295326,Minor injury,2016,7,Rear-end,Multi-Vehicle,152.987691,-27.458252,Rockbourne Tce,Western Arterial Rd,Bardon,Mount Coot-tha,Intersection - T-Junction,No traffic control,60 km/h,Sealed - Wet,Daylight,Curved - view open,Veh'S Same Direction: Right Rear,Rear-end,0,0,0,1,1,2,0,0,0,0,0,0
295327,Medical treatment,2016,12,Angle,Multi-Vehicle,153.033375,-27.462172,Boundary St,Ivory St,Brisbane City,Brisbane Central,Intersection - T-Junction,Operating traffic lights,60 km/h,Sealed - Dry,Daylight,Curved - view open,Veh'S Same Direction: Other,Other,0,0,1,0,1,1,0,1,0,0,0,0
295343,Medical treatment,2016,0,Sideswipe,Multi-Vehicle,152.99077,-27.422536,Samford Rd,Western Arterial Rd,Enoggera,Ashgrove,Intersection - Cross,Operating traffic lights,60 km/h,Sealed - Dry,Daylight,Straight,Veh'S Same Direction: Lane Change Left,Lane changes,0,0,1,0,1,3,0,0,0,0,0,0
295364,Medical treatment,2016,11,Rear-end,Multi-Vehicle,153.034895,-27.456217,Alden St,Ballow St,Fortitude Valley,Brisbane Central,Intersection - Cross,No traffic control,60 km/h,Sealed - Wet,Daylight,Straight,Veh'S Same Direction: Left Rear,Rear-end,0,0,1,0,1,1,0,1,0,0,0,0
295368,Hospitalisation,2016,15,Angle,Multi-Vehicle,152.8897308,-27.56446807,Ghost Gum St,Sugarwood St,Bellbowrie,Moggill,Intersection - Roundabout,Give way sign,0 - 50 km/h,Sealed - Dry,Daylight,Straight,Veh'S Opposite Approach: Thru-Right,Opposing vehicles turning,0,1,0,1,2,2,0,0,0,0,0,0
295370,Medical treatment,2016,18,Angle,Multi-Vehicle,153.020342,-27.392597,Rode Rd,Webster Rd,Chermside West,Stafford,Intersection - Cross,Operating traffic lights,60 km/h,Sealed - Dry,Darkness - Lighted,Straight,Veh'S Opposite Approach: Thru-Right,Opposing vehicles turning,0,0,1,0,1,2,0,0,0,0,0,0
295378,Medical treatment,2016,7,Rear-end,Multi-Vehicle,153.0596977,-27.40883694,Sandgate Rd,Sandgate Sub-Arterial Rd,Nundah,Nudgee,No Roadway Feature,Operating traffic lights,60 km/h,Sealed - Dry,Daylight,Straight,Veh'S Same Direction: Rear End,Rear-end,0,0,1,0,1,2,0,0,0,0,0,0
295402,Medical treatment,2016,17,Rear-end,Multi-Vehicle,153.051039,-27.333892,Gateway Arterial Rd,,Taigum,Sandgate,No Roadway Feature,No traffic control,80 - 90 km/h,Sealed - Wet,Daylight,Straight,Veh'S Same Direction: Rear End,Rear-end,0,0,1,0,1,3,0,0,0,0,0,0
295407,Hospitalisation,2016,8,Rear-end,Multi-Vehicle,153.050872,-27.424569,Botany St,Sandgate Rd,Clayfield,Clayfield,Intersection - T-Junction,No traffic control,60 km/h,Sealed - Dry,Daylight,Straight,Veh'S Same Direction: Right Rear,Rear-end,0,1,0,0,1,1,0,0,1,0,0,0
295427,Medical treatment,2016,16,Rear-end,Multi-Vehicle,153.028211,-27.463559,Turbot St,Wharf St,Spring Hill,Brisbane Central,Intersection - T-Junction,Operating traffic lights,60 km/h,Sealed - Dry,Daylight,Straight,Veh'S Same Direction: Right Rear,Rear-end,0,0,1,0,1,1,1,0,0,0,0,0
295428,Hospitalisation,2016,12,Angle,Multi-Vehicle,152.963356,-27.502525,Moggill Sub-Arterial Rd,Western Arterial Rd,Indooroopilly,Indooroopilly,Intersection - Cross,Operating traffic lights,60 km/h,Sealed - Dry,Daylight,Straight,Veh'S Opposite Approach: Thru-Right,Opposing vehicles turning,0,1,0,1,2,1,1,0,0,0,0,0
295429,Medical treatment,2016,12,Rear-end,Multi-Vehicle,153.0513133,-27.32744376,Gateway Arterial Rd,,Deagon,Sandgate,No Roadway Feature,No traffic control,80 - 90 km/h,Sealed - Dry,Daylight,Straight,Veh'S Same Direction: Rear End,Rear-end,0,0,3,0,3,3,0,1,0,0,0,0
295440,Hospitalisation,2016,21,Head-on,Multi-Vehicle,153.027076,-27.437526,Cox Rd,Newmarket Rd,Windsor,Brisbane Central,Intersection - Cross,Operating traffic lights,60 km/h,Sealed - Dry,Darkness - Lighted,Straight,Veh'S Opposite Approach: Thru-Right,Opposing vehicles turning,0,3,1,0,4,2,1,0,0,0,0,0
295441,Hospitalisation,2016,8,Rear-end,Multi-Vehicle,153.03099,-27.439024,Lutwyche Rd,,Windsor,Brisbane Central,No Roadway Feature,No traffic control,60 km/h,Sealed - Dry,Daylight,Straight,Veh'S Same Direction: Rear End,Rear-end,0,1,0,0,1,3,0,0,0,0,0,0
295463,Medical treatment,2016,10,Rear-end,Multi-Vehicle,153.014306,-27.458509,Countess St,,Kelvin Grove,Brisbane Central,Intersection - Interchange,Operating traffic lights,60 km/h,Sealed - Dry,Daylight,Straight,Veh'S Same Direction: Rear End,Rear-end,0,0,1,0,1,2,0,0,0,0,0,0
295465,Hospitalisation,2016,15,Hit pedestrian,Hit pedestrian,153.035015,-27.458477,Ann St,Brunswick St,Fortitude Valley,Brisbane Central,Intersection - T-Junction,Operating traffic lights,60 km/h,Sealed - Dry,Daylight,Straight,Ped'N: Near Side Vehicle Hit From Right,Pedestrian,0,1,0,0,1,1,0,0,0,0,1,0
295466,Hospitalisation,2016,7,Sideswipe,Multi-Vehicle,152.963502,-27.49824,Western Arterial Rd,,Indooroopilly,Indooroopilly,No Roadway Feature,No traffic control,80 - 90 km/h,Sealed - Dry,Daylight,Straight,Veh'S Same Direction: Lane Change Left,Lane changes,0,2,0,0,2,1,0,1,0,0,0,0
295474,Medical treatment,2016,3,Hit object,Single Vehicle,153.057283,-27.369849,Lisgar St,Robinson Rd E,Virginia,Nudgee,Intersection - T-Junction,No traffic control,60 km/h,Sealed - Dry,Darkness - Lighted,Straight,Off Path-Straight: Left Off Cway Hit Obj,Off carriageway on straight hit object,0,0,1,0,1,1,0,0,0,0,0,0
295475,Hospitalisation,2016,19,Hit object,Single Vehicle,153.0453556,-27.36046658,Zillmere Rd,,Zillmere,Nudgee,No Roadway Feature,No traffic control,60 km/h,Sealed - Dry,Darkness - Lighted,Straight,Off Path-Straight: Left Off Cway Hit Obj,Off carriageway on straight hit object,0,1,0,0,1,1,0,0,0,0,0,0
295478,Hospitalisation,2016,10,Rear-end,Multi-Vehicle,152.947595,-27.418832,Settlement Rd,,Keperra,Ferny Grove,No Roadway Feature,No traffic control,60 km/h,Sealed - Dry,Daylight,Curved - view open,Veh'S Same Direction: Rear End,Rear-end,0,1,0,0,1,2,0,0,0,0,0,0
295499,Medical treatment,2016,18,Angle,Multi-Vehicle,153.041176,-27.429902,Albion Rd,Hudson Rd,Albion,Clayfield,Intersection - Cross,Stop sign,60 km/h,Sealed - Dry,Daylight,Straight,Veh'S Adjacent Approach: Thru-Thru,Intersection from adjacent approaches,0,0,1,0,1,2,0,0,0,0,0,0
295512,Medical treatment,2016,16,Rear-end,Multi-Vehicle,152.957502,-27.512823,Western Arterial Rd,,Indooroopilly,Indooroopilly,No Roadway Feature,No traffic control,80 - 90 km/h,Sealed - Dry,Daylight,Straight,Veh'S Same Direction: Rear End,Rear-end,0,0,1,0,1,3,0,0,0,0,0,0
295516,Medical treatment,2016,13,Rear-end,Multi-Vehicle,152.98884,-27.379752,Beckett Rd,Hamilton Rd,Mcdowall,Aspley,Intersection - T-Junction,No traffic control,60 km/h,Sealed - Dry,Daylight,Curved - view open,Veh'S Same Direction: Left Rear,Rear-end,0,0,1,0,1,2,0,0,0,0,0,0
295522,Hospitalisation,2016,11,Head-on,Multi-Vehicle,153.052863,-27.433536,Crosby Rd,,Ascot,Clayfield,No Roadway Feature,Road/Rail worker,0 - 50 km/h,Sealed - Dry,Daylight,Curved - view obscured,Veh'S Opposite Approach: Head On,Head-on,0,1,0,0,1,1,1,0,0,0,0,0
295523,Medical treatment,2016,11,Angle,Multi-Vehicle,153.067963,-27.434605,Dobson St,Seymour Rd,Ascot,Clayfield,Intersection - Cross,Stop sign,0 - 50 km/h,Sealed - Dry,Daylight,Straight,Veh'S Adjacent Approach: Thru-Thru,Intersection from adjacent approaches,0,0,1,0,1,2,0,0,0,0,0,0
295524,Medical treatment,2016,8,Rear-end,Multi-Vehicle,152.935175,-27.405783,Glenariff St,Mcginn Rd,Ferny Grove,Ferny Grove,Intersection - T-Junction,Give way sign,0 - 50 km/h,Sealed - Dry,Daylight,Straight,Veh'S Same Direction: Left Rear,Rear-end,0,0,1,0,1,2,0,0,0,0,0,0
295550,Medical treatment,2016,19,Rear-end,Multi-Vehicle,153.013307,-27.467844,Coronation Dr,,Brisbane City,Brisbane Central,No Roadway Feature,No traffic control,60 km/h,Sealed - Dry,Dawn/Dusk,Curved - view open,Veh'S Same Direction: Rear End,Rear-end,0,0,1,0,1,2,0,0,0,0,0,0
295551,Medical treatment,2016,11,Angle,Multi-Vehicle,153.032784,-27.45625,Alfred St,,Fortitude Valley,Brisbane Central,No Roadway Feature,No traffic control,0 - 50 km/h,Sealed - Dry,Daylight,Straight,Veh'S Manoeuvring: Reversing,Hit parked vehicle,0,0,2,1,3,2,0,0,0,0,0,0
295552,Hospitalisation,2016,14,Hit object,Single Vehicle,153.029528,-27.454078,Brunswick St,Water St,Fortitude Valley,Brisbane Central,Intersection - Cross,Operating traffic lights,60 km/h,Sealed - Dry,Daylight,Curved - view open,Off Path-Curve: Off Cway Rt Bend Hit Obj,Off carriageway on curve hit object,0,1,0,0,1,0,1,0,0,0,0,0
295564,Minor injury,2016,15,Rear-end,Multi-Vehicle,153.058746,-27.413592,East - West Arterial Rd,,Clayfield,Clayfield,No Roadway Feature,No traffic control,60 km/h,Sealed - Dry,Daylight,Straight,Veh'S Same Direction: Rear End,Rear-end,0,0,0,1,1,2,0,1,0,0,0,0
295579,Medical treatment,2016,17,Rear-end,Multi-Vehicle,153.027089,-27.465315,Creek St,,Brisbane City,Brisbane Central,No Roadway Feature,No traffic control,0 - 50 km/h,Sealed - Dry,Darkness - Lighted,Straight,Veh'S Same Direction: Rear End,Rear-end,0,0,1,0,1,1,1,0,0,0,0,0
295580,Minor injury,2016,17,Rear-end,Multi-Vehicle,153.025813,-27.476134,South East Arterial Rd,,Brisbane City,Brisbane Central,Bridge/Causeway,No traffic control,60 km/h,Sealed - Dry,Darkness - Lighted,Straight,Veh'S Same Direction: Rear End,Rear-end,0,0,0,2,2,2,0,0,0,0,0,0
295581,Hospitalisation,2016,12,Fall from vehicle,Single Vehicle,153.05012,-27.46475,Lamington St,Welsby St,New Farm,Brisbane Central,Intersection - Cross,Stop sign,0 - 50 km/h,Sealed - Dry,Daylight,Straight,Off Path-Straight:Out Of Control On Cway,Out of control on straight,0,1,0,0,1,1,1,0,0,0,0,0
295582,Hospitalisation,2016,11,Hit pedestrian,Hit pedestrian,153.0350414,-27.45608211,Wickham St,,Fortitude Valley,Brisbane Central,No Roadway Feature,No traffic control,60 km/h,Sealed - Dry,Daylight,Straight,Ped'N: Hit Other,Other,0,1,0,0,1,1,0,0,0,0,1,0
295584,Hospitalisation,2016,16,Sideswipe,Multi-Vehicle,153.012908,-27.324308,Gympie Arterial Rd,,Bald Hills,Aspley,No Roadway Feature,No traffic control,100 - 110 km/h,Sealed - Dry,Daylight,Straight,Off Path-Straight: Left Off Cway Hit Obj,Off carriageway on straight hit object,0,1,0,0,1,1,1,0,0,0,0,0
295590,Hospitalisation,2016,0,Hit object,Single Vehicle,153.0457125,-27.39564591,Rode Rd,,Wavell Heights,Clayfield,No Roadway Feature,No traffic control,60 km/h,Sealed - Dry,Darkness - Lighted,Straight,Off Path-Straight: Other,Other,0,1,0,0,1,1,0,0,0,0,0,0
295591,Hospitalisation,2016,6,Angle,Multi-Vehicle,153.036585,-27.415316,East - West Arterial Rd,Kedron Park Rd,Kedron,Clayfield,Intersection - 5+ way,Operating traffic lights,60 km/h,Sealed - Dry,Daylight,Curved - view open,Veh'S Adjacent Approach: Thru-Right,Intersection from adjacent approaches,0,1,2,0,3,2,0,0,0,0,0,0
295611,Medical treatment,2016,20,Rear-end,Multi-Vehicle,152.987547,-27.467104,Western Arterial Rd,,Bardon,Mount Coot-tha,Intersection - Roundabout,No traffic control,60 km/h,Sealed - Dry,Darkness - Lighted,Curved - view obscured,Veh'S Same Direction: Rear End,Rear-end,0,0,2,0,2,2,0,0,0,0,0,0
295613,Medical treatment,2016,22,Angle,Multi-Vehicle,153.039188,-27.461766,Brunswick St,,New Farm,Brisbane Central,No Roadway Feature,No traffic control,0 - 50 km/h,Sealed - Dry,Darkness - Lighted,Straight,Veh'S Same Direction: Lane Change Right,Lane changes,0,0,1,0,1,1,1,0,0,0,0,0
295614,Hospitalisation,2016,16,Angle,Multi-Vehicle,152.979182,-27.490759,Marmion Pde,Moorak St,Taringa,Indooroopilly,Intersection - Cross,Give way sign,0 - 50 km/h,Sealed - Dry,Daylight,Straight,Veh'S Adjacent Approach: Thru-Thru,Intersection from adjacent approaches,0,1,1,0,2,3,0,0,0,0,0,0
295615,Hospitalisation,2016,16,Angle,Multi-Vehicle,152.987763,-27.484903,Little Maryvale St,Sherwood Rd,Toowong,Mount Coot-tha,Intersection - T-Junction,Give way sign,60 km/h,Sealed - Dry,Daylight,Straight,Veh'S Adjacent Approach: Right-Thru,Intersection from adjacent approaches,0,1,0,3,4,3,0,0,0,0,0,0
295616,Minor injury,2016,9,Rear-end,Multi-Vehicle,153.013349,-27.318289,Gympie Arterial Rd,,Bald Hills,Aspley,Intersection - T-Junction,No traffic control,60 km/h,Sealed - Dry,Daylight,Straight,Veh'S Same Direction: Left Rear,Rear-end,0,0,0,2,2,2,0,0,0,0,0,0
295618,Hospitalisation,2016,10,Rear-end,Multi-Vehicle,153.025505,-27.392604,Rode Rd,Valente Cl,Chermside,Stafford,Intersection - T-Junction,No traffic control,60 km/h,Sealed - Dry,Daylight,Straight,Veh'S Same Direction: Right Rear,Rear-end,0,1,0,0,1,3,0,0,0,0,0,0
295645,Minor injury,2016,11,Hit parked vehicle,Single Vehicle,152.982856,-27.491723,Morrow St,,Taringa,Indooroopilly,No Roadway Feature,No traffic control,0 - 50 km/h,Sealed - Dry,Daylight,Straight,Off Path-Straight: Left Off Cway Hit Obj,Off carriageway on straight hit object,0,0,0,1,1,4,0,0,0,0,0,0
295648,Medical treatment,2016,7,Rear-end,Multi-Vehicle,153.025476,-27.330602,Norris Rd,,Bracken Ridge,Sandgate,No Roadway Feature,No traffic control,60 km/h,Sealed - Dry,Daylight,Straight,Veh'S Same Direction: Rear End,Rear-end,0,0,2,0,2,3,0,0,0,0,0,0
295680,Medical treatment,2016,7,Angle,Multi-Vehicle,153.001106,-27.358993,Bangalow St,,Bridgeman Downs,Aspley,Intersection - T-Junction,No traffic control,70 km/h,Sealed - Dry,Dawn/Dusk,Curved - view open,Veh'S Adjacant Approach: Thru-Left,Intersection from adjacent approaches,0,0,1,0,1,1,0,0,0,1,0,0
295687,Medical treatment,2016,8,Angle,Multi-Vehicle,153.092789,-27.430142,Kingsford Smith Dr,,Eagle Farm,Clayfield,Intersection - Interchange,Operating traffic lights,60 km/h,Sealed - Dry,Daylight,Straight,Veh'S Adjacent Approach: Right-Thru,Intersection from adjacent approaches,0,0,1,0,1,2,0,0,0,0,0,0
295688,Hospitalisation,2016,22,Rear-end,Multi-Vehicle,153.099579,-27.44184,Gateway Arterial Rd,,Eagle Farm,Clayfield,Bridge/Causeway,No traffic control,80 - 90 km/h,Sealed - Dry,Darkness - Lighted,Straight,Veh'S Same Direction: Rear End,Rear-end,0,1,1,0,2,2,0,0,0,0,0,0
295711,Medical treatment,2016,10,Angle,Multi-Vehicle,153.040219,-27.462581,Brunswick St,,New Farm,Brisbane Central,No Roadway Feature,No traffic control,60 km/h,Unsealed - Dry,Daylight,Straight,Veh'S Same Direction: Left Turn S/Swipe,Parallel lanes turning,0,0,1,0,1,2,0,0,0,0,0,0