Crash_Ref_Number,Severity,Year,Hour,Crash_Nature,Crash_Type,Longitude,Latitude,Street,Street_Intersecting,Suburb,Loc_State_Electorate,Crash_Roadway_Feature,Crash_Traffic_Control,Crash_Speed_Limit,Crash_Road_Surface_Condition,Crash_Lighting_Condition,Crash_Road_Horiz_Align,Crash_DCA_Description,Crash_DCA_Group_Description,Count_Casualty_Fatality,Count_Casualty_Hospitalised,Count_Casualty_MedicallyTreated,Count_Casualty_MinorInjury,Count_Casualty_Total,Count_Unit_Car,Count_Unit_Motorcycle_Moped,Count_Unit_Truck,Count_Unit_Bus,Count_Unit_Bicycle,Count_Unit_Pedestrian,Count_Unit_Other
295712,Medical treatment,2016,17,Rear-end,Multi-Vehicle,152.8626884,-27.47507789,Upper Brookfield Rd,,Upper Brookfield,Moggill,No Roadway Feature,No traffic control,0 - 50 km/h,Sealed - Dry,Dawn/Dusk,Curved - view open,Veh'S Same Direction: Rear End,Rear-end,0,0,1,0,1,0,0,0,0,1,0,1
295713,Medical treatment,2016,16,Angle,Multi-Vehicle,153.01446,-27.391864,Belfort St,Rode Rd,Chermside West,Stafford,Intersection - T-Junction,No traffic control,0 - 50 km/h,Sealed - Dry,Daylight,Straight,Veh'S Adjacent Approach: Left-Left,Intersection from adjacent approaches,0,0,1,1,2,2,0,0,0,0,0,0
295714,Hospitalisation,2016,12,Rear-end,Multi-Vehicle,153.022307,-27.372732,Gympie Arterial Rd,,Aspley,Aspley,No Roadway Feature,No traffic control,60 km/h,Sealed - Dry,Daylight,Straight,Veh'S Same Direction: Rear End,Rear-end,0,1,0,0,1,3,0,0,0,0,0,0
295715,Minor injury,2016,17,Rear-end,Multi-Vehicle,153.031149,-27.392978,Gympie Arterial Rd,,Chermside,Nudgee,No Roadway Feature,No traffic control,60 km/h,Sealed - Dry,Dawn/Dusk,Straight,Veh'S Same Direction: Rear End,Rear-end,0,0,0,3,3,4,0,0,0,0,0,0
295720,Hospitalisation,2016,5,Head-on,Multi-Vehicle,153.032407,-27.430622,Roblane St,,Windsor,Brisbane Central,No Roadway Feature,No traffic control,60 km/h,Sealed - Dry,Darkness - Lighted,Straight,Veh'S Opposite Approach: Head On,Head-on,0,1,2,0,3,4,0,0,0,0,0,0
295738,Medical treatment,2016,13,Rear-end,Multi-Vehicle,153.0295981,-27.46159827,Boundary St,,Spring Hill,Brisbane Central,No Roadway Feature,No traffic control,0 - 50 km/h,Sealed - Dry,Daylight,Straight,Veh'S Same Direction: Rear End,Rear-end,0,0,1,0,1,2,0,0,0,0,0,0
295739,Hospitalisation,2016,9,Rear-end,Multi-Vehicle,153.01976,-27.448671,Herston Rd,,Herston,Brisbane Central,No Roadway Feature,No traffic control,60 km/h,Sealed - Wet,Daylight,Straight,Veh'S Same Direction: Rear End,Rear-end,0,2,0,0,2,3,0,0,0,0,0,0
295758,Hospitalisation,2016,13,Rear-end,Multi-Vehicle,152.994626,-27.44552,Waterworks Rd,,Ashgrove,Ashgrove,No Roadway Feature,No traffic control,60 km/h,Sealed - Dry,Daylight,Curved - view obscured,Veh'S Same Direction: Rear End,Rear-end,0,1,1,0,2,4,0,0,0,0,0,0
295760,Hospitalisation,2016,5,Fall from vehicle,Single Vehicle,153.041214,-27.436547,Abbotsford Rd,Burrows St,Bowen Hills,Brisbane Central,Intersection - T-Junction,Operating traffic lights,0 - 50 km/h,Sealed - Dry,Daylight,Curved - view open,Pass & Misc: Fell In/From Vehicle,Other,0,1,0,0,1,0,1,0,0,0,0,0
295761,Medical treatment,2016,14,Angle,Multi-Vehicle,153.039981,-27.439798,Abbotsford Rd,Allison St,Bowen Hills,Brisbane Central,Intersection - Interchange,Operating traffic lights,60 km/h,Sealed - Dry,Daylight,Curved - view open,Veh'S Opposite Approach: Thru-Right,Opposing vehicles turning,0,0,1,0,1,2,0,0,0,0,0,0
295762,Medical treatment,2016,11,Sideswipe,Multi-Vehicle,153.038781,-27.441725,Inner City Bypass,Inner City Bypass On Ramp,Bowen Hills,Brisbane Central,Intersection - Interchange,No traffic control,70 km/h,Sealed - Dry,Daylight,Straight,Veh'S Same Direction: Other,Other,0,0,1,0,1,2,0,0,0,0,0,0
295764,Minor injury,2016,17,Rear-end,Multi-Vehicle,153.003309,-27.49425,Laurence St,Sir Fred Schonell Dr,St Lucia,Indooroopilly,Intersection - T-Junction,Operating traffic lights,0 - 50 km/h,Sealed - Dry,Daylight,Straight,Veh'S Same Direction: Rear End,Rear-end,0,0,0,1,1,2,0,0,0,0,0,0
295768,Hospitalisation,2016,6,Sideswipe,Multi-Vehicle,153.013742,-27.349486,Gympie Arterial Rd,,Carseldine,Aspley,No Roadway Feature,No traffic control,80 - 90 km/h,Sealed - Dry,Daylight,Straight,Off Path-Straight: Left Off Cway Hit Obj,Off carriageway on straight hit object,0,1,0,0,1,1,1,0,0,0,0,0
295776,Medical treatment,2016,14,Angle,Multi-Vehicle,153.085044,-27.432442,Kingsford Smith Dr,,Eagle Farm,Clayfield,No Roadway Feature,No traffic control,0 - 50 km/h,Sealed - Dry,Daylight,Straight,Veh'S Manoeuvring: Other,Other,0,0,1,0,1,1,0,0,0,1,0,0
295796,Medical treatment,2016,10,Rear-end,Multi-Vehicle,153.0143041,-27.45853198,Kelvin Grove Rd,,Kelvin Grove,Brisbane Central,Intersection - Interchange,Operating traffic lights,60 km/h,Sealed - Dry,Daylight,Straight,Veh'S Same Direction: Rear End,Rear-end,0,0,1,1,2,2,0,0,0,0,0,0
295797,Medical treatment,2016,15,Rear-end,Multi-Vehicle,153.0246207,-27.4748547,South East Arterial Rd,,Brisbane City,Brisbane Central,No Roadway Feature,No traffic control,60 km/h,Sealed - Dry,Daylight,Straight,Veh'S Same Direction: Rear End,Rear-end,0,0,1,0,1,4,0,0,0,0,0,0
295799,Medical treatment,2016,14,Angle,Multi-Vehicle,153.042995,-27.470382,Merthyr Rd,Moray St,New Farm,Brisbane Central,Intersection - Roundabout,Give way sign,0 - 50 km/h,Sealed - Dry,Daylight,Straight,Veh'S Manoeuvring: Entering From Footway,Vehicle leaving driveway,0,0,1,0,1,1,0,0,0,1,0,0
295801,Medical treatment,2016,8,Angle,Multi-Vehicle,152.9930887,-27.48127369,Sylvan Rd,,Toowong,Mount Coot-tha,No Roadway Feature,No traffic control,60 km/h,Sealed - Dry,Daylight,Straight,Off Path-Straight: Other,Other,0,0,1,0,1,1,0,0,0,1,0,0
295805,Hospitalisation,2016,7,Sideswipe,Multi-Vehicle,153.011587,-27.39014,Maundrell Tce,Risdon St,Chermside West,Stafford,Intersection - T-Junction,No traffic control,60 km/h,Sealed - Dry,Daylight,Straight,Veh'S Same Direction: Left Turn S/Swipe,Parallel lanes turning,0,1,0,0,1,1,1,0,0,0,0,0
295810,Hospitalisation,2016,15,Angle,Multi-Vehicle,153.0952368,-27.37639635,Gateway Arterial Rd,Nudgee Rd,Banyo,Nudgee,No Roadway Feature,Stop sign,60 km/h,Sealed - Dry,Daylight,Curved - view open,Veh'S Manoeuvring: Leaving Driveway,Vehicle leaving driveway,0,2,0,0,2,3,0,0,0,0,0,0
295835,Medical treatment,2016,11,Angle,Multi-Vehicle,152.991564,-27.44582,Trout St,Waterworks Rd,Ashgrove,Ashgrove,Intersection - T-Junction,No traffic control,60 km/h,Sealed - Dry,Daylight,Curved - view open,Veh'S Opposite Approach: U-Turn,U-turn,0,0,1,0,1,2,0,0,0,0,0,0
295836,Medical treatment,2016,19,Hit object,Single Vehicle,152.94753,-27.444445,Waterworks Rd,,The Gap,Ashgrove,No Roadway Feature,No traffic control,60 km/h,Sealed - Dry,Darkness - Lighted,Curved - view open,Off Path-Curve: Off Cway Rt Bend Hit Obj,Off carriageway on curve hit object,0,0,2,0,2,1,0,0,0,0,0,0
295837,Medical treatment,2016,11,Rear-end,Multi-Vehicle,153.024707,-27.468663,Adelaide St,,Brisbane City,Brisbane Central,No Roadway Feature,No traffic control,0 - 50 km/h,Sealed - Dry,Daylight,Straight,Veh'S Manoeuvring: Entering From Footway,Vehicle leaving driveway,0,0,1,0,1,0,0,0,1,1,0,0
295838,Hospitalisation,2016,3,Hit object,Single Vehicle,152.909942,-27.495624,Rafting Ground Rd,,Brookfield,Moggill,No Roadway Feature,No traffic control,60 km/h,Sealed - Dry,Darkness - Not lighted,Straight,Off Path-Straight: Left Off Cway Hit Obj,Off carriageway on straight hit object,0,1,0,0,1,1,0,0,0,0,0,0
295839,Medical treatment,2016,9,Angle,Multi-Vehicle,152.949333,-27.5072024,Moggill Sub-Arterial Rd,,Kenmore,Moggill,No Roadway Feature,Operating traffic lights,60 km/h,Sealed - Dry,Daylight,Curved - view open,Veh'S Opposite Approach: Thru-Right,Opposing vehicles turning,0,0,1,0,1,2,0,0,0,0,0,0
295840,Hospitalisation,2016,17,Rear-end,Multi-Vehicle,153.013072,-27.323498,Gympie Arterial Rd,,Bald Hills,Aspley,No Roadway Feature,No traffic control,100 - 110 km/h,Sealed - Dry,Darkness - Lighted,Straight,Veh'S Same Direction: Rear End,Rear-end,0,1,0,0,1,3,0,0,0,0,0,0
295844,Hospitalisation,2016,14,Hit pedestrian,Hit pedestrian,153.033608,-27.400366,Sport St,,Kedron,Nudgee,No Roadway Feature,No traffic control,0 - 50 km/h,Sealed - Dry,Daylight,Straight,Ped'N: Near Side Vehicle Hit From Right,Pedestrian,0,1,0,0,1,1,0,0,0,0,1,0
295851,Medical treatment,2016,16,Rear-end,Multi-Vehicle,153.033597,-27.412436,East - West Arterial Rd,Gympie Arterial Rd,Kedron,Clayfield,Intersection - Cross,Operating traffic lights,60 km/h,Sealed - Dry,Daylight,Curved - view open,Veh'S Same Direction: Rear End,Rear-end,0,0,1,0,1,3,0,0,0,0,0,0
295871,Medical treatment,2016,15,Sideswipe,Multi-Vehicle,153.022326,-27.469213,Ann St,,Brisbane City,Brisbane Central,No Roadway Feature,No traffic control,60 km/h,Sealed - Dry,Daylight,Straight,Veh'S Same Direction: Lane Change Right,Lane changes,0,0,1,0,1,1,1,0,0,0,0,0
295872,Medical treatment,2016,15,Rear-end,Multi-Vehicle,153.0217099,-27.47153938,South East Arterial Rd,,Brisbane City,Brisbane Central,Intersection - Interchange,No traffic control,80 - 90 km/h,Sealed - Dry,Daylight,Straight,Veh'S Same Direction: Rear End,Rear-end,0,0,1,0,1,2,0,0,0,0,0,0
295879,Hospitalisation,2016,17,Hit pedestrian,Hit pedestrian,153.010252,-27.345516,Beams Rd,,Carseldine,Aspley,No Roadway Feature,No traffic control,60 km/h,Sealed - Dry,Dawn/Dusk,Straight,Ped'N: Hit By Vehicle Enter/Leave D'Way,Pedestrian,0,1,1,0,2,1,0,0,0,0,2,0
295880,Medical treatment,2016,13,Angle,Multi-Vehicle,153.049003,-27.36323631,Newman Rd,,Geebung,Nudgee,No Roadway Feature,No traffic control,60 km/h,Sealed - Dry,Daylight,Straight,Veh'S Manoeuvring: Leaving Parking,Vehicle leaving driveway,0,0,1,0,1,2,0,0,0,0,0,0
295881,Minor injury,2016,11,Angle,Multi-Vehicle,153.061465,-27.374421,Pritchard Rd,,Virginia,Nudgee,No Roadway Feature,No traffic control,60 km/h,Sealed - Dry,Daylight,Straight,Veh'S Manoeuvring: Leaving Driveway,Vehicle leaving driveway,0,0,0,1,1,2,0,0,0,0,0,0
295887,Hospitalisation,2016,17,Rear-end,Multi-Vehicle,153.078601,-27.442444,Macarthur Ave,,Hamilton,Clayfield,No Roadway Feature,No traffic control,0 - 50 km/h,Sealed - Dry,Darkness - Lighted,Straight,Veh'S Same Direction: Rear End,Rear-end,0,1,0,0,1,0,1,0,1,0,0,0
295907,Medical treatment,2016,9,Rear-end,Multi-Vehicle,153.0033503,-27.475068,Coronation Dr,,Milton,Mount Coot-tha,No Roadway Feature,No traffic control,60 km/h,Sealed - Dry,Daylight,Straight,Veh'S Same Direction: Rear End,Rear-end,0,0,1,0,1,2,0,0,0,0,0,0
295909,Hospitalisation,2016,20,Angle,Multi-Vehicle,153.0308121,-27.39349743,Gympie Arterial Rd,Rode Rd,Chermside,Stafford,Intersection - Cross,Operating traffic lights,60 km/h,Sealed - Dry,Darkness - Lighted,Straight,Veh'S Opposite Approach: Thru-Right,Opposing vehicles turning,0,1,0,0,1,1,1,0,0,0,0,0
295941,Medical treatment,2016,15,Angle,Multi-Vehicle,153.008406,-27.445786,Herston Rd,Kelvin Grove Rd,Kelvin Grove,Brisbane Central,Intersection - T-Junction,Operating traffic lights,60 km/h,Sealed - Dry,Daylight,Curved - view open,Veh'S Opposite Approach: Thru-Right,Opposing vehicles turning,0,0,2,0,2,2,0,0,0,0,0,0
295942,Medical treatment,2016,19,Hit pedestrian,Hit pedestrian,153.042425,-27.464281,Brunswick St,,New Farm,Brisbane Central,No Roadway Feature,No traffic control,0 - 50 km/h,Sealed - Dry,Darkness - Lighted,Straight,Ped'N: Near Side Vehicle Hit From Right,Pedestrian,0,0,1,0,1,1,0,0,0,0,1,0
295943,Hospitalisation,2016,2,Angle,Multi-Vehicle,152.983365,-27.491377,Beatrice St,Moggill Rd,Taringa,Indooroopilly,Intersection - T-Junction,Give way sign,60 km/h,Sealed - Dry,Darkness - Lighted,Straight,Veh'S Adjacent Approach: Thru-Right,Intersection from adjacent approaches,0,1,0,0,1,2,0,0,0,0,0,0
295947,Minor injury,2016,11,Angle,Multi-Vehicle,153.06196,-27.369425,Matheson St,Sandgate Sub-Arterial Rd,Virginia,Nudgee,Intersection - T-Junction,No traffic control,0 - 50 km/h,Sealed - Dry,Daylight,Straight,Veh'S Manoeuvring: Entering From Footway,Vehicle leaving driveway,0,0,0,1,1,1,0,0,0,1,0,0
295949,Medical treatment,2016,12,Angle,Multi-Vehicle,152.804516,-27.540031,Mount Crosby Rd,Stumers Rd,Mount Crosby,Moggill,Intersection - Cross,Give way sign,60 km/h,Sealed - Dry,Daylight,Curved - view open,Veh'S Adjacant Approach: Thru-Left,Intersection from adjacent approaches,0,0,1,0,1,2,0,0,0,0,0,0
295968,Medical treatment,2016,15,Rear-end,Multi-Vehicle,153.0227924,-27.4725889,South East Arterial Rd,,Brisbane City,Brisbane Central,No Roadway Feature,No traffic control,60 km/h,Sealed - Dry,Daylight,Straight,Veh'S Same Direction: Rear End,Rear-end,0,0,1,0,1,3,0,0,0,0,0,0
296000,Hospitalisation,2016,8,Sideswipe,Multi-Vehicle,153.02578,-27.466576,Ann St,,Brisbane City,Brisbane Central,No Roadway Feature,No traffic control,0 - 50 km/h,Sealed - Wet,Daylight,Straight,Veh'S Same Direction: Lane Change Left,Lane changes,0,1,0,0,1,1,1,0,0,0,0,0
296001,Hospitalisation,2016,12,Hit pedestrian,Hit pedestrian,153.0251477,-27.4670564,Ann St,,Brisbane City,Brisbane Central,No Roadway Feature,No traffic control,0 - 50 km/h,Sealed - Wet,Daylight,Straight,Ped'N: Near Side Vehicle Hit From Right,Pedestrian,0,1,0,0,1,0,0,0,1,0,1,0
296002,Medical treatment,2016,7,Angle,Multi-Vehicle,153.011193,-27.468484,Boomerang St,Coronation Dr,Brisbane City,Brisbane Central,Intersection - Cross,Operating traffic lights,60 km/h,Sealed - Wet,Daylight,Straight,Veh'S Opposite Approach: Thru-Right,Opposing vehicles turning,0,0,1,0,1,1,0,1,0,0,0,0
296005,Hospitalisation,2016,11,Angle,Multi-Vehicle,152.886755,-27.561961,Birkin Rd,Moggill Sub-Arterial Rd,Bellbowrie,Moggill,Intersection - T-Junction,Operating traffic lights,60 km/h,Sealed - Wet,Daylight,Straight,Veh'S Adjacent Approach: Thru-Right,Intersection from adjacent approaches,0,1,0,0,1,1,0,1,0,0,0,0
296009,Hospitalisation,2016,6,Angle,Multi-Vehicle,153.044753,-27.358837,Ardill St,Church Rd,Zillmere,Nudgee,Intersection - T-Junction,No traffic control,0 - 50 km/h,Sealed - Wet,Dawn/Dusk,Straight,Veh'S Overtaking: Overtake-Right Turn,Overtaking same direction,0,1,0,0,1,1,1,0,0,0,0,0
296016,Minor injury,2016,17,Rear-end,Multi-Vehicle,153.04722,-27.407442,Henry St,Shaw Rd,Wooloowin,Clayfield,Intersection - T-Junction,Operating traffic lights,0 - 50 km/h,Sealed - Dry,Daylight,Straight,Veh'S Same Direction: Right Rear,Rear-end,0,0,0,1,1,2,0,0,0,0,0,0
296017,Hospitalisation,2016,9,Angle,Multi-Vehicle,153.014854,-27.422355,Grange Rd,Raymont Rd,Grange,Stafford,Intersection - T-Junction,Operating traffic lights,60 km/h,Sealed - Wet,Daylight,Straight,Veh'S Opposite Approach: Thru-Right,Opposing vehicles turning,0,1,0,0,1,1,0,1,0,0,0,0
296036,Medical treatment,2016,1,Hit object,Single Vehicle,153.03059,-27.309008,Gateway Arterial Rd,,Bald Hills,Sandgate,No Roadway Feature,No traffic control,100 - 110 km/h,Sealed - Dry,Darkness - Lighted,Curved - view open,Off Path-Curve: Off Cway Lt Bend Hit Obj,Off carriageway on curve hit object,0,0,1,0,1,1,0,0,0,0,0,0
296037,Medical treatment,2016,15,Rear-end,Multi-Vehicle,153.014315,-27.3519396,Gympie Arterial Rd,,Carseldine,Aspley,No Roadway Feature,No traffic control,70 km/h,Sealed - Dry,Daylight,Straight,Veh'S Same Direction: Rear End,Rear-end,0,0,1,0,1,2,0,0,0,0,0,0
296044,Hospitalisation,2016,16,Rear-end,Multi-Vehicle,153.0337948,-27.41267177,Gympie Arterial Rd,,Kedron,Clayfield,No Roadway Feature,No traffic control,0 - 50 km/h,Sealed - Dry,Dawn/Dusk,Straight,Veh'S Same Direction: Rear End,Rear-end,0,1,0,1,2,3,0,0,0,0,0,0
296045,Hospitalisation,2016,9,Hit pedestrian,Hit pedestrian,152.974488,-27.410876,Blackwood St,Grovely Tce,Mitchelton,Everton,Intersection - T-Junction,Give way sign,0 - 50 km/h,Sealed - Dry,Daylight,Straight,Ped'N: Near Side Vehicle Hit From Right,Pedestrian,0,1,0,0,1,1,0,0,0,0,1,0
296065,Hospitalisation,2016,16,Hit pedestrian,Hit pedestrian,153.024177,-27.462563,Leichhardt St,Upper Edward St,Spring Hill,Brisbane Central,Intersection - Cross,Operating traffic lights,0 - 50 km/h,Sealed - Dry,Daylight,Straight,Ped'N: Near Side Vehicle Hit From Right,Pedestrian,0,1,0,0,1,0,1,0,0,0,1,0
296075,Minor injury,2016,18,Rear-end,Multi-Vehicle,153.058364,-27.41596,East - West Arterial Rd,Sandgate Rd,Clayfield,Clayfield,Intersection - Cross,Operating traffic lights,0 - 50 km/h,Sealed - Dry,Dawn/Dusk,Straight,Veh'S Same Direction: Rear End,Rear-end,0,0,0,1,1,2,0,0,0,0,0,0
296076,Hospitalisation,2016,15,Sideswipe,Multi-Vehicle,153.010631,-27.43575,Lanham Cres,Newmarket Rd,Newmarket,Stafford,Intersection - T-Junction,No traffic control,60 km/h,Sealed - Dry,Daylight,Straight,Veh'S Same Direction: Lane Change Left,Lane changes,0,1,0,0,1,3,0,0,0,0,0,0
296097,Medical treatment,2016,16,Rear-end,Multi-Vehicle,153.0267541,-27.46096622,St Pauls Tce,,Spring Hill,Brisbane Central,No Roadway Feature,No traffic control,0 - 50 km/h,Sealed - Dry,Daylight,Straight,Veh'S Same Direction: Rear End,Rear-end,0,0,1,0,1,2,0,0,0,0,0,0
296099,Medical treatment,2016,17,Rear-end,Multi-Vehicle,152.888125,-27.555939,Lather Rd,Moggill Sub-Arterial Rd,Bellbowrie,Moggill,Intersection - Cross,No traffic control,70 km/h,Sealed - Dry,Darkness - Lighted,Straight,Veh'S Same Direction: Right Rear,Rear-end,0,0,1,0,1,2,0,0,0,0,0,0
296137,Medical treatment,2016,19,Rear-end,Multi-Vehicle,153.029159,-27.470615,Edward St,Mary St,Brisbane City,Brisbane Central,Intersection - Cross,Operating traffic lights,0 - 50 km/h,Sealed - Dry,Darkness - Lighted,Straight,Veh'S Same Direction: Left Rear,Rear-end,0,0,1,0,1,2,0,0,0,0,0,0
296138,Medical treatment,2016,17,Hit parked vehicle,Single Vehicle,153.0051801,-27.46146739,Given Tce,,Paddington,Mount Coot-tha,No Roadway Feature,No traffic control,0 - 50 km/h,Sealed - Dry,Darkness - Lighted,Straight,Veh'S On Path: Parked,Hit parked vehicle,0,0,1,0,1,2,0,0,0,0,0,0
296139,Medical treatment,2016,22,Angle,Multi-Vehicle,153.009011,-27.462396,Castlemaine St,Caxton St,Paddington,Mount Coot-tha,Intersection - Cross,Operating traffic lights,60 km/h,Sealed - Dry,Darkness - Lighted,Straight,Veh'S Opposite Approach: Thru-Right,Opposing vehicles turning,0,0,1,0,1,2,0,0,0,0,0,0
296140,Medical treatment,2016,10,Hit parked vehicle,Single Vehicle,153.047786,-27.473804,Oxlade Dr,,New Farm,Brisbane Central,No Roadway Feature,No traffic control,0 - 50 km/h,Sealed - Dry,Daylight,Straight,Veh'S On Path: Car Door,Hit parked vehicle,0,0,1,0,1,1,0,0,0,1,0,0
296141,Hospitalisation,2016,7,Angle,Multi-Vehicle,153.040254,-27.439708,Abbotsford Rd,Allison St,Bowen Hills,Brisbane Central,Intersection - Cross,Operating traffic lights,60 km/h,Sealed - Dry,Daylight,Straight,Veh'S Opposite Approach: Thru-Right,Opposing vehicles turning,0,1,0,0,1,2,0,0,0,0,0,0
296142,Medical treatment,2016,13,Hit parked vehicle,Single Vehicle,153.0485067,-27.45294331,Vernon Tce,,Teneriffe,Brisbane Central,No Roadway Feature,No traffic control,60 km/h,Sealed - Dry,Daylight,Straight,Veh'S Manoeuvring: Other,Other,0,0,1,0,1,1,0,0,0,1,0,0
296178,Hospitalisation,2016,14,Fall from vehicle,Single Vehicle,153.0738092,-27.436273,Kingsford Smith Dr,,Hamilton,Clayfield,No Roadway Feature,No traffic control,0 - 50 km/h,Sealed - Dry,Daylight,Straight,Pass & Misc: Fell In/From Vehicle,Other,0,1,0,0,1,0,1,0,0,0,0,0
296179,Hospitalisation,2016,16,Hit pedestrian,Hit pedestrian,153.031894,-27.433306,Bowen St,Lutwyche Rd,Windsor,Brisbane Central,Intersection - T-Junction,Operating traffic lights,60 km/h,Sealed - Dry,Daylight,Straight,Ped'N: Near Side Vehicle Hit From Right,Pedestrian,0,1,0,0,1,1,0,0,0,0,1,0
296196,Medical treatment,2016,20,Rear-end,Multi-Vehicle,153.032022,-27.462679,Adelaide St,Macrossan St,Brisbane City,Brisbane Central,Intersection - Cross,Operating traffic lights,0 - 50 km/h,Sealed - Dry,Darkness - Lighted,Straight,Veh'S Same Direction: Left Rear,Rear-end,0,0,1,0,1,2,0,0,0,0,0,0
296197,Minor injury,2016,1,Angle,Multi-Vehicle,152.96319,-27.502382,Moggill Sub-Arterial Rd,Western Arterial Rd,Indooroopilly,Indooroopilly,Intersection - Interchange,Operating traffic lights,60 km/h,Sealed - Dry,Darkness - Lighted,Curved - view open,Veh'S Adjacent Approach: Thru-Right,Intersection from adjacent approaches,0,0,0,1,1,2,0,0,0,0,0,0
296198,Medical treatment,2016,5,Sideswipe,Multi-Vehicle,152.96323,-27.505834,Western Arterial Rd,Western Fwy,Indooroopilly,Indooroopilly,Intersection - Interchange,No traffic control,80 - 90 km/h,Sealed - Dry,Darkness - Not lighted,Straight,Veh'S Same Direction: Other,Other,0,0,1,0,1,1,1,0,0,0,0,0
296202,Medical treatment,2016,20,Angle,Multi-Vehicle,153.0426343,-27.4327779,Abbotsford Rd,Sandgate Rd,Albion,Clayfield,Intersection - T-Junction,Operating traffic lights,60 km/h,Sealed - Dry,Darkness - Lighted,Curved - view open,Veh'S Opposite Approach: Thru-Right,Opposing vehicles turning,0,0,1,0,1,1,1,0,0,0,0,0
296203,Hospitalisation,2016,8,Rear-end,Multi-Vehicle,153.035867,-27.4144403,Airport Link,,Kedron,Clayfield,No Roadway Feature,No traffic control,80 - 90 km/h,Sealed - Dry,Darkness - Lighted,Straight,Veh'S Same Direction: Rear End,Rear-end,0,1,0,0,1,2,0,0,0,0,0,0
296205,Medical treatment,2016,11,Hit object,Single Vehicle,152.768556,-27.350876,Mount Nebo Rd,,Banks Creek,Moggill,No Roadway Feature,No traffic control,70 km/h,Sealed - Wet,Daylight,Curved - view open,Off Path-Curve: Off Cway Rt Bend Hit Obj,Off carriageway on curve hit object,0,0,1,0,1,1,0,0,0,0,0,0
296231,Hospitalisation,2016,16,Head-on,Multi-Vehicle,152.9427232,-27.43249733,Settlement Rd,,The Gap,Ashgrove,No Roadway Feature,No traffic control,60 km/h,Sealed - Dry,Darkness - Lighted,Curved - view open,Veh'S Opposite Approach: Head On,Head-on,0,2,0,0,2,3,0,0,0,0,0,0
296233,Medical treatment,2016,12,Angle,Multi-Vehicle,153.006999,-27.462026,Given Tce,Princess St,Paddington,Mount Coot-tha,Intersection - T-Junction,No traffic control,0 - 50 km/h,Sealed - Dry,Daylight,Straight,Veh'S Manoeuvring: Leaving Driveway,Vehicle leaving driveway,0,0,1,0,1,1,1,0,0,0,0,0
296234,Hospitalisation,2016,20,Angle,Multi-Vehicle,153.006081,-27.493858,Coldridge St,Sir Fred Schonell Dr,St Lucia,Indooroopilly,Intersection - T-Junction,Operating traffic lights,60 km/h,Sealed - Dry,Darkness - Lighted,Straight,Veh'S Opposite Approach: Thru-Right,Opposing vehicles turning,0,1,0,0,1,2,0,0,0,0,0,0
296236,Medical treatment,2016,15,Rear-end,Multi-Vehicle,153.0035648,-27.31648251,Strathpine Sub-Arterial Rd,,Bald Hills,Aspley,No Roadway Feature,No traffic control,70 km/h,Sealed - Dry,Daylight,Straight,Veh'S Same Direction: Rear End,Rear-end,0,0,1,0,1,2,0,0,0,0,0,0
296240,Medical treatment,2016,11,Overturned,Single Vehicle,153.046172,-27.351202,Beams Rd,Church Rd,Taigum,Sandgate,Intersection - Cross,Operating traffic lights,0 - 50 km/h,Sealed - Dry,Daylight,Straight,Veh'S Manoeuvring: Other,Other,0,0,1,0,1,0,0,0,0,0,0,1
296241,Medical treatment,2016,19,Hit parked vehicle,Single Vehicle,153.0080022,-27.35477491,Graham Rd,,Carseldine,Aspley,No Roadway Feature,No traffic control,60 km/h,Sealed - Dry,Darkness - Lighted,Straight,Veh'S On Path: Parked,Hit parked vehicle,0,0,1,0,1,3,0,0,0,0,0,0
296242,Medical treatment,2016,18,Rear-end,Multi-Vehicle,153.022858,-27.379517,Ronmack St,Webster Rd,Chermside,Stafford,Intersection - T-Junction,No traffic control,60 km/h,Sealed - Dry,Darkness - Lighted,Straight,Veh'S Same Direction: U-Turn,U-turn,0,0,1,0,1,1,0,1,0,0,0,0
296243,Medical treatment,2016,14,Rear-end,Multi-Vehicle,153.051781,-27.361468,Zillmere Rd,,Boondall,Nudgee,No Roadway Feature,No traffic control,60 km/h,Sealed - Dry,Daylight,Straight,Veh'S Same Direction: Rear End,Rear-end,0,0,2,0,2,3,0,0,0,0,0,0
296244,Medical treatment,2016,10,Rear-end,Multi-Vehicle,153.0235596,-27.37382693,Gympie Arterial Rd,,Aspley,Stafford,No Roadway Feature,No traffic control,60 km/h,Sealed - Dry,Daylight,Straight,Veh'S Same Direction: Rear End,Rear-end,0,0,1,0,1,2,0,0,0,0,0,0
296272,Medical treatment,2016,12,Rear-end,Multi-Vehicle,153.024304,-27.471731,Elizabeth St,George St,Brisbane City,Brisbane Central,Intersection - Cross,Operating traffic lights,0 - 50 km/h,Sealed - Dry,Daylight,Straight,Veh'S Same Direction: Rear End,Rear-end,0,0,1,0,1,0,0,0,1,1,0,0
296273,Minor injury,2016,11,Sideswipe,Multi-Vehicle,153.015259,-27.466811,Saul St,Skew St,Brisbane City,Brisbane Central,Intersection - T-Junction,No traffic control,0 - 50 km/h,Sealed - Dry,Daylight,Curved - view open,Veh'S Same Direction: Lane Change Left,Lane changes,0,0,0,1,1,1,1,0,0,0,0,0