Crash_Ref_Number,Severity,Year,Hour,Crash_Nature,Crash_Type,Longitude,Latitude,Street,Street_Intersecting,Suburb,Loc_State_Electorate,Crash_Roadway_Feature,Crash_Traffic_Control,Crash_Speed_Limit,Crash_Road_Surface_Condition,Crash_Lighting_Condition,Crash_Road_Horiz_Align,Crash_DCA_Description,Crash_DCA_Group_Description,Count_Casualty_Fatality,Count_Casualty_Hospitalised,Count_Casualty_MedicallyTreated,Count_Casualty_MinorInjury,Count_Casualty_Total,Count_Unit_Car,Count_Unit_Motorcycle_Moped,Count_Unit_Truck,Count_Unit_Bus,Count_Unit_Bicycle,Count_Unit_Pedestrian,Count_Unit_Other
296274,Medical treatment,2016,17,Rear-end,Multi-Vehicle,153.0266932,-27.47762102,South East Arterial Rd,,Brisbane City,Brisbane Central,No Roadway Feature,No traffic control,70 km/h,Sealed - Dry,Daylight,Straight,Veh'S Same Direction: Rear End,Rear-end,0,0,1,0,1,2,0,0,0,0,0,0
296275,Minor injury,2016,17,Sideswipe,Multi-Vehicle,153.038283,-27.447811,Cintra Rd,Montpelier Rd,Bowen Hills,Brisbane Central,Intersection - T-Junction,No traffic control,60 km/h,Sealed - Dry,Dawn/Dusk,Curved - view open,Veh'S Same Direction: Lane Side Swipe,Lane changes,0,0,0,1,1,0,1,0,0,0,0,1
296279,Medical treatment,2016,21,Angle,Multi-Vehicle,153.011308,-27.409766,East - West Arterial Rd,Windorah St,Stafford,Stafford,Intersection - T-Junction,Operating traffic lights,60 km/h,Sealed - Dry,Darkness - Lighted,Straight,Veh'S Opposite Approach: Thru-Right,Opposing vehicles turning,0,0,1,0,1,1,1,0,0,0,0,0
296280,Medical treatment,2016,15,Hit parked vehicle,Single Vehicle,153.016597,-27.391476,Blenheim St,,Chermside West,Stafford,No Roadway Feature,No traffic control,0 - 50 km/h,Sealed - Dry,Daylight,Straight,Veh'S On Path: Parked,Hit parked vehicle,0,0,1,0,1,2,0,0,0,0,0,0
296281,Medical treatment,2016,0,Hit object,Single Vehicle,153.03925,-27.374804,Ellison Rd,Piccadilly St,Geebung,Nudgee,Intersection - T-Junction,No traffic control,60 km/h,Sealed - Dry,Darkness - Lighted,Straight,Off Path-Straight: Mounts Traffic Island,Off carriageway on straight hit object,0,0,1,0,1,1,0,0,0,0,0,0
296306,Hospitalisation,2016,17,Rear-end,Multi-Vehicle,153.0282191,-27.47399802,Alice St,,Brisbane City,Brisbane Central,No Roadway Feature,No traffic control,0 - 50 km/h,Sealed - Dry,Darkness - Lighted,Straight,Veh'S Same Direction: Rear End,Rear-end,0,1,0,0,1,2,0,0,0,0,0,0
296307,Medical treatment,2016,14,Hit pedestrian,Hit pedestrian,153.0251335,-27.46706477,Ann St,,Brisbane City,Brisbane Central,No Roadway Feature,No traffic control,0 - 50 km/h,Sealed - Dry,Daylight,Straight,Ped'N: Hit Emerging Behind Vehicle,Pedestrian,0,0,1,0,1,1,0,0,0,0,1,0
296308,Medical treatment,2016,7,Rear-end,Multi-Vehicle,153.010857,-27.464859,Hale St,,Petrie Terrace,Mount Coot-tha,No Roadway Feature,No traffic control,60 km/h,Sealed - Dry,Daylight,Straight,Veh'S Same Direction: Rear End,Rear-end,0,0,1,0,1,2,0,0,0,0,0,0
296311,Hospitalisation,2016,5,Hit object,Single Vehicle,152.995052,-27.329722,Linkfield Connection Rd,,Bald Hills,Aspley,Bridge/Causeway,No traffic control,70 km/h,Sealed - Dry,Darkness - Not lighted,Curved - view open,Veh'S Opposite Approach: Head On,Head-on,0,1,0,1,2,1,0,1,0,0,0,0
296317,Medical treatment,2016,13,Angle,Multi-Vehicle,153.0659729,-27.38999689,Northgate Rd,Ridge St,Northgate,Nudgee,Intersection - Cross,Stop sign,60 km/h,Sealed - Dry,Daylight,Straight,Veh'S Adjacent Approach: Thru-Thru,Intersection from adjacent approaches,0,0,1,1,2,3,0,0,0,0,0,0
296319,Minor injury,2016,6,Rear-end,Multi-Vehicle,152.946563,-27.414001,Cobalt St,Samford Sub-Arterial Rd,Keperra,Ferny Grove,Intersection - T-Junction,No traffic control,60 km/h,Sealed - Dry,Daylight,Straight,Veh'S Same Direction: Rear End,Rear-end,0,0,0,1,1,3,0,0,0,0,0,0
296343,Hospitalisation,2016,8,Fall from vehicle,Single Vehicle,152.998493,-27.43905,Ashgrove Ave,Gailey St,Ashgrove,Ashgrove,Intersection - Cross,No traffic control,60 km/h,Sealed - Dry,Daylight,Straight,Off Path-Straight:Out Of Control On Cway,Out of control on straight,0,1,0,0,1,0,1,0,0,0,0,0
296345,Medical treatment,2016,17,Sideswipe,Multi-Vehicle,152.965165,-27.494627,Western Arterial Rd,,Indooroopilly,Indooroopilly,No Roadway Feature,No traffic control,60 km/h,Sealed - Dry,Dawn/Dusk,Straight,Veh'S Same Direction: Lane Side Swipe,Lane changes,0,0,1,0,1,3,0,0,0,0,0,0
296383,Medical treatment,2016,17,Hit object,Single Vehicle,152.984388,-27.459151,Simpsons Rd,,Bardon,Mount Coot-tha,No Roadway Feature,No traffic control,60 km/h,Sealed - Wet,Darkness - Lighted,Straight,Off Path-Straight:Right Off Cway Hit Obj,Off carriageway on straight hit object,0,0,1,0,1,1,0,0,0,0,0,0
296385,Minor injury,2016,19,Hit parked vehicle,Single Vehicle,153.047351,-27.45358,Commercial Rd,,Teneriffe,Brisbane Central,No Roadway Feature,No traffic control,0 - 50 km/h,Sealed - Dry,Darkness - Lighted,Straight,Veh'S Manoeuvring: Other,Other,0,0,0,1,1,1,0,0,0,1,0,0
296387,Medical treatment,2016,18,Hit object,Single Vehicle,153.021908,-27.384564,Hamilton Rd,Webster Rd,Chermside,Stafford,Intersection - Roundabout,Give way sign,60 km/h,Sealed - Wet,Darkness - Lighted,Curved - view open,Off Path-Straight:Right Off Cway Hit Obj,Off carriageway on straight hit object,0,0,1,0,1,1,0,0,0,0,0,0
296392,Hospitalisation,2016,19,Sideswipe,Multi-Vehicle,153.07035,-27.437595,Kingsford Smith Dr,,Hamilton,Clayfield,No Roadway Feature,No traffic control,60 km/h,Sealed - Wet,Darkness - Lighted,Straight,Veh'S Same Direction: Lane Side Swipe,Lane changes,0,1,0,0,1,3,0,0,0,0,0,0
296417,Medical treatment,2016,23,Hit object,Single Vehicle,153.0014455,-27.43749154,Ashgrove Ave,,Ashgrove,Ashgrove,No Roadway Feature,No traffic control,60 km/h,Sealed - Wet,Darkness - Not lighted,Curved - view open,Off Path-Curve: Off Cway Rt Bend Hit Obj,Off carriageway on curve hit object,0,0,1,0,1,1,0,0,0,0,0,0
296420,Medical treatment,2016,6,Rear-end,Multi-Vehicle,153.024256,-27.304982,Gateway Arterial Rd,,Bald Hills,Sandgate,No Roadway Feature,No traffic control,100 - 110 km/h,Sealed - Dry,Daylight,Straight,Veh'S Same Direction: Rear End,Rear-end,0,0,1,0,1,3,0,0,0,0,0,0
296422,Minor injury,2016,3,Rear-end,Multi-Vehicle,153.059474,-27.342759,Invalid Street From Police,,Boondall,Nudgee,No Roadway Feature,No traffic control,60 km/h,Sealed - Wet,Darkness - Lighted,Straight,Veh'S Same Direction: Rear End,Rear-end,0,0,0,3,3,2,0,0,0,0,0,0
296423,Medical treatment,2016,10,Rear-end,Multi-Vehicle,153.0401239,-27.35031652,Beams Rd,,Zillmere,Sandgate,No Roadway Feature,No traffic control,60 km/h,Sealed - Dry,Daylight,Straight,Veh'S Same Direction: Rear End,Rear-end,0,0,1,0,1,2,0,0,0,0,0,0
296424,Hospitalisation,2016,12,Rear-end,Multi-Vehicle,152.986385,-27.383857,Beckett Rd,,Mcdowall,Aspley,No Roadway Feature,No traffic control,60 km/h,Sealed - Dry,Daylight,Curved - view open,Veh'S Same Direction: Rear End,Rear-end,0,1,0,0,1,1,1,0,0,0,0,0
296426,Medical treatment,2016,3,Rear-end,Multi-Vehicle,153.0588758,-27.41289701,East - West Arterial Rd,,Clayfield,Clayfield,No Roadway Feature,No traffic control,0 - 50 km/h,Sealed - Wet,Darkness - Lighted,Straight,Veh'S Same Direction: Rear End,Rear-end,0,0,1,0,1,2,0,0,0,0,0,0
296427,Hospitalisation,2016,15,Hit pedestrian,Hit pedestrian,153.0341231,-27.42098414,Lutwyche Rd,,Lutwyche,Clayfield,No Roadway Feature,No traffic control,60 km/h,Sealed - Dry,Daylight,Straight,Ped'N: Far Side Vehicle Hit From Left,Pedestrian,0,1,0,0,1,1,0,0,0,0,1,0
296456,Hospitalisation,2016,9,Angle,Multi-Vehicle,153.002759,-27.420584,Raymont Rd,Royal Pde,Alderley,Stafford,Intersection - Cross,Give way sign,60 km/h,Sealed - Dry,Daylight,Straight,Veh'S Adjacent Approach: Thru-Thru,Intersection from adjacent approaches,0,1,0,1,2,2,0,0,0,0,0,0
296476,Hospitalisation,2016,22,Angle,Multi-Vehicle,153.009035,-27.403536,Allowrie St,Appleby Rd,Stafford,Stafford,Intersection - T-Junction,Give way sign,60 km/h,Sealed - Dry,Darkness - Lighted,Straight,Veh'S Adjacent Approach: Other,Intersection from adjacent approaches,0,3,1,0,4,2,0,0,0,0,0,0
296489,Hospitalisation,2016,12,Hit pedestrian,Hit pedestrian,153.042485,-27.432953,Abbotsford Rd,,Albion,Clayfield,No Roadway Feature,No traffic control,60 km/h,Sealed - Dry,Daylight,Straight,Ped'N: Hit Emerging Behind Vehicle,Pedestrian,0,1,0,0,1,1,0,0,0,0,1,0
296490,Minor injury,2016,16,Rear-end,Multi-Vehicle,153.0068553,-27.44083758,Enoggera Rd,,Newmarket,Mount Coot-tha,No Roadway Feature,No traffic control,60 km/h,Sealed - Dry,Daylight,Straight,Veh'S Same Direction: Rear End,Rear-end,0,0,0,1,1,3,0,0,0,0,0,0
296517,Medical treatment,2016,6,Angle,Multi-Vehicle,152.996677,-27.445604,Waterworks Rd,Woodland St,Ashgrove,Ashgrove,No Roadway Feature,No traffic control,60 km/h,Sealed - Dry,Dawn/Dusk,Curved - view open,Veh'S Manoeuvring: Other,Other,0,0,1,0,1,1,0,0,0,1,0,0
296520,Medical treatment,2016,9,Hit pedestrian,Hit pedestrian,153.0254573,-27.46984774,Albert St,,Brisbane City,Brisbane Central,No Roadway Feature,No traffic control,0 - 50 km/h,Sealed - Dry,Daylight,Straight,Ped'N: Hit Other,Other,0,0,1,0,1,1,0,0,0,0,1,0
296522,Medical treatment,2016,16,Hit pedestrian,Hit pedestrian,153.031794,-27.458055,Gipps St,,Fortitude Valley,Brisbane Central,No Roadway Feature,No traffic control,60 km/h,Sealed - Dry,Dawn/Dusk,Curved - view obscured,Ped'N: Near Side Vehicle Hit From Right,Pedestrian,0,0,1,0,1,1,0,0,0,0,1,0
296524,Hospitalisation,2016,1,Hit object,Single Vehicle,152.964985,-27.479125,Sir Samuel Griffith Dr,,Mount Coot-tha,Mount Coot-tha,No Roadway Feature,No traffic control,0 - 50 km/h,Sealed - Dry,Darkness - Not lighted,Curved - view obscured,Off Path-Curve: Out Of Control On Cway,Out of control on curve,0,1,1,0,2,1,0,0,0,0,0,0
296533,Hospitalisation,2016,16,Angle,Multi-Vehicle,153.032869,-27.355689,Cambewarra St,Pineapple St,Zillmere,Nudgee,Intersection - T-Junction,No traffic control,0 - 50 km/h,Sealed - Dry,Daylight,Straight,Veh'S Opposite Approach: Thru-Right,Opposing vehicles turning,0,1,0,0,1,0,1,0,1,0,0,0
296534,Hospitalisation,2016,8,Hit object,Single Vehicle,152.9978288,-27.38077867,Hamilton Rd,,Mcdowall,Aspley,Bridge/Causeway,No traffic control,60 km/h,Sealed - Dry,Daylight,Straight,Off Path-Straight: Left Off Cway Hit Obj,Off carriageway on straight hit object,0,1,0,0,1,1,0,0,0,0,0,0
296540,Medical treatment,2016,5,Rear-end,Multi-Vehicle,153.030517,-27.441939,Lutwyche Rd,,Windsor,Brisbane Central,No Roadway Feature,No traffic control,60 km/h,Sealed - Dry,Darkness - Lighted,Straight,Veh'S Same Direction: Rear End,Rear-end,0,0,1,0,1,3,0,0,0,0,0,0
296541,Medical treatment,2016,14,Rear-end,Multi-Vehicle,153.031124,-27.437179,Lutwyche Rd,,Windsor,Brisbane Central,No Roadway Feature,No traffic control,60 km/h,Sealed - Dry,Daylight,Straight,Veh'S Same Direction: Rear End,Rear-end,0,0,1,0,1,3,0,0,0,0,0,0
296542,Medical treatment,2016,15,Rear-end,Multi-Vehicle,153.058627,-27.414353,East - West Arterial Rd,,Clayfield,Clayfield,No Roadway Feature,No traffic control,60 km/h,Sealed - Dry,Daylight,Straight,Veh'S Same Direction: Rear End,Rear-end,0,0,1,0,1,1,0,0,0,0,0,1
296558,Hospitalisation,2016,5,Angle,Multi-Vehicle,153.014884,-27.459927,College Rd,Musgrave Rd,Kelvin Grove,Brisbane Central,Intersection - 5+ way,Operating traffic lights,60 km/h,Sealed - Dry,Dawn/Dusk,Straight,Veh'S Opposite Approach: Thru-Right,Opposing vehicles turning,0,1,0,0,1,1,1,0,0,0,0,0
296559,Minor injury,2016,18,Rear-end,Multi-Vehicle,153.0093864,-27.45664843,Musgrave Rd,,Red Hill,Mount Coot-tha,No Roadway Feature,No traffic control,60 km/h,Sealed - Dry,Darkness - Lighted,Straight,Veh'S Same Direction: Rear End,Rear-end,0,0,0,1,1,3,0,0,0,0,0,0
296560,Hospitalisation,2016,10,Hit pedestrian,Hit pedestrian,153.029538,-27.446577,Bowen Bridge Rd,Campbell St,Bowen Hills,Brisbane Central,Intersection - T-Junction,Operating traffic lights,0 - 50 km/h,Sealed - Dry,Daylight,Straight,Ped'N: Near Side Vehicle Hit From Right,Pedestrian,0,1,0,0,1,1,0,0,0,0,1,0
296561,Hospitalisation,2016,8,Fall from vehicle,Single Vehicle,153.036169,-27.458634,Mclachlan St,,Fortitude Valley,Brisbane Central,No Roadway Feature,No traffic control,60 km/h,Sealed - Dry,Daylight,Straight,Pass & Misc: Other,Other,0,1,0,0,1,2,1,1,0,0,0,0
296562,Medical treatment,2016,8,Angle,Multi-Vehicle,153.065098,-27.311738,Brighton Tce,Wakefield St,Sandgate,Sandgate,Intersection - Cross,No traffic control,60 km/h,Sealed - Dry,Daylight,Straight,Veh'S Opposite Approach: Thru-Right,Opposing vehicles turning,0,0,1,0,1,2,0,0,0,0,0,0
296575,Hospitalisation,2016,8,Head-on,Multi-Vehicle,152.915954,-27.410025,Honeybee Pl,Thomas Pl,Upper Kedron,Ferny Grove,No Roadway Feature,No traffic control,0 - 50 km/h,Sealed - Dry,Daylight,Curved - view obscured,Veh'S Opposite Approach: Head On,Head-on,0,1,0,0,1,1,0,0,0,1,0,0
296595,Medical treatment,2016,14,Rear-end,Multi-Vehicle,153.0280896,-27.47925818,South East Arterial Rd,,Brisbane City,Brisbane Central,Bridge/Causeway,No traffic control,60 km/h,Sealed - Dry,Daylight,Straight,Veh'S Same Direction: Rear End,Rear-end,0,0,1,0,1,1,0,0,1,0,0,0
296596,Medical treatment,2016,9,Hit object,Single Vehicle,153.035196,-27.455913,Wickham St,,Fortitude Valley,Brisbane Central,No Roadway Feature,Operating traffic lights,60 km/h,Sealed - Dry,Daylight,Straight,Veh'S On Path: Permanent Obstruction,Hit permanent obstruction on carriageway,0,0,1,0,1,0,0,1,0,0,1,0
296606,Medical treatment,2016,16,Sideswipe,Multi-Vehicle,153.0521215,-27.41713788,Armagh St,,Clayfield,Clayfield,No Roadway Feature,No traffic control,0 - 50 km/h,Sealed - Dry,Dawn/Dusk,Straight,Veh'S Same Direction: Right Turn S/Swipe,Parallel lanes turning,0,0,1,0,1,1,0,0,0,1,0,0
296607,Medical treatment,2016,16,Angle,Multi-Vehicle,153.052159,-27.416962,Armagh St,Brentwood St,Clayfield,Clayfield,No Roadway Feature,No traffic control,0 - 50 km/h,Sealed - Dry,Dawn/Dusk,Straight,Veh'S Same Direction: Right Turn S/Swipe,Parallel lanes turning,0,0,1,0,1,1,0,0,0,1,0,0
296608,Medical treatment,2016,7,Angle,Multi-Vehicle,152.980225,-27.416441,Prospect Rd,Samford Sub-Arterial Rd,Gaythorne,Everton,Intersection - Cross,Operating traffic lights,60 km/h,Sealed - Dry,Daylight,Straight,Veh'S Opposite Approach: Thru-Right,Opposing vehicles turning,0,0,1,0,1,2,0,0,0,0,0,0
296629,Medical treatment,2016,14,Angle,Multi-Vehicle,153.011059,-27.450866,Kelvin Grove Rd,School St,Kelvin Grove,Brisbane Central,Intersection - T-Junction,Stop sign,60 km/h,Sealed - Dry,Daylight,Straight,Veh'S Adjacant Approach: Thru-Left,Intersection from adjacent approaches,0,0,1,0,1,1,0,1,0,0,1,0
296630,Medical treatment,2016,14,Angle,Multi-Vehicle,153.001772,-27.46983,Milton Rd,,Milton,Mount Coot-tha,No Roadway Feature,No traffic control,60 km/h,Sealed - Dry,Daylight,Straight,Veh'S Same Direction: Lane Change Left,Lane changes,0,0,3,0,3,3,1,1,0,0,0,0
296636,Medical treatment,2016,11,Rear-end,Multi-Vehicle,153.072235,-27.428449,Hampden St,Nudgee Rd,Ascot,Clayfield,Intersection - T-Junction,No traffic control,0 - 50 km/h,Sealed - Dry,Daylight,Straight,Veh'S Same Direction: Rear End,Rear-end,0,0,1,0,1,2,0,0,0,0,0,0
296654,Minor injury,2016,17,Rear-end,Multi-Vehicle,153.0271955,-27.47214966,Mary St,,Brisbane City,Brisbane Central,No Roadway Feature,No traffic control,0 - 50 km/h,Sealed - Dry,Dawn/Dusk,Straight,Veh'S Manoeuvring: Parking Veh'S Only,Other,0,0,0,2,2,2,0,0,0,0,0,0
296659,Medical treatment,2016,9,Angle,Multi-Vehicle,153.076536,-27.43139177,Lamington Ave,,Ascot,Clayfield,No Roadway Feature,No traffic control,60 km/h,Sealed - Dry,Daylight,Straight,Veh'S Manoeuvring: Leaving Driveway,Vehicle leaving driveway,0,0,1,0,1,2,0,0,0,0,0,0
296660,Hospitalisation,2016,16,Hit pedestrian,Hit pedestrian,153.022803,-27.436921,Newmarket Rd,Silvester St,Wilston,Brisbane Central,Intersection - Cross,Operating traffic lights,60 km/h,Sealed - Dry,Daylight,Straight,Ped'N: Far Side Vehicle Hit From Left,Pedestrian,0,1,0,0,1,1,0,0,0,0,1,0
296661,Medical treatment,2016,19,Rear-end,Multi-Vehicle,153.09673,-27.4046568,Moreton Dr,,Brisbane Airport,Clayfield,Intersection - Interchange,No traffic control,80 - 90 km/h,Sealed - Dry,Darkness - Lighted,Straight,Veh'S Same Direction: Rear End,Rear-end,0,0,1,0,1,2,0,0,0,0,0,0
296683,Hospitalisation,2016,22,Sideswipe,Multi-Vehicle,153.0276098,-27.470523,Charlotte St,,Brisbane City,Brisbane Central,No Roadway Feature,No traffic control,0 - 50 km/h,Sealed - Dry,Darkness - Lighted,Straight,Veh'S On Path: Car Door,Hit parked vehicle,0,1,0,0,1,1,0,0,0,1,0,0
296685,Hospitalisation,2016,11,Hit object,Single Vehicle,152.994073,-27.498173,Carmody Rd,Swann Rd,St Lucia,Indooroopilly,Intersection - T-Junction,Give way sign,60 km/h,Sealed - Dry,Daylight,Curved - view open,Off Path-Curve: Off Cway Lt Bend Hit Obj,Off carriageway on curve hit object,0,1,0,0,1,1,0,0,0,0,0,0
296687,Hospitalisation,2016,15,Hit object,Single Vehicle,153.030737,-27.318639,Pangarinda St,Pituri St,Bracken Ridge,Sandgate,Intersection - T-Junction,No traffic control,0 - 50 km/h,Sealed - Dry,Daylight,Curved - view open,Off Path-Curve: Off Cway Rt Bend Hit Obj,Off carriageway on curve hit object,0,1,0,0,1,1,0,0,0,0,0,0
296696,Medical treatment,2016,15,Rear-end,Multi-Vehicle,152.968095,-27.410315,Samford Sub-Arterial Rd,,Mitchelton,Everton,No Roadway Feature,No traffic control,60 km/h,Sealed - Dry,Daylight,Straight,Veh'S Same Direction: Rear End,Rear-end,0,0,1,1,2,4,0,0,0,0,0,0
296712,Medical treatment,2016,8,Angle,Multi-Vehicle,153.041128,-27.456313,Doggett St,Wandoo St,Fortitude Valley,Brisbane Central,Intersection - Cross,Give way sign,60 km/h,Sealed - Dry,Daylight,Straight,Veh'S Adjacant Approach: Thru-Left,Intersection from adjacent approaches,0,0,1,1,2,2,0,0,0,0,0,0
296736,Medical treatment,2016,16,Rear-end,Multi-Vehicle,152.991704,-27.444788,Harry St,Stewart Rd,Ashgrove,Ashgrove,Intersection - T-Junction,Give way sign,60 km/h,Sealed - Dry,Daylight,Straight,Veh'S Adjacant Approach: Thru-Left,Intersection from adjacent approaches,0,0,1,0,1,1,1,0,0,0,0,0
296737,Minor injury,2016,7,Rear-end,Multi-Vehicle,153.010938,-27.464648,Hale St,,Petrie Terrace,Mount Coot-tha,No Roadway Feature,No traffic control,60 km/h,Sealed - Dry,Daylight,Straight,Veh'S Same Direction: Rear End,Rear-end,0,0,0,1,1,2,0,0,0,0,0,0
296738,Medical treatment,2016,12,Angle,Multi-Vehicle,153.027349,-27.464417,Turbot St,,Spring Hill,Brisbane Central,Intersection - T-Junction,No traffic control,60 km/h,Sealed - Dry,Daylight,Straight,Veh'S Adjacant Approach: Thru-Left,Intersection from adjacent approaches,0,0,1,0,1,1,1,0,0,0,0,0
296739,Medical treatment,2016,14,Rear-end,Multi-Vehicle,153.0228829,-27.47270144,South East Arterial Rd,,Brisbane City,Brisbane Central,No Roadway Feature,No traffic control,70 km/h,Sealed - Dry,Daylight,Straight,Veh'S Same Direction: Rear End,Rear-end,0,0,1,1,2,3,0,0,0,0,0,0
296743,Hospitalisation,2016,9,Rear-end,Multi-Vehicle,153.009791,-27.390916,Rode Rd,,Chermside West,Stafford,No Roadway Feature,No traffic control,60 km/h,Sealed - Dry,Daylight,Straight,Veh'S Same Direction: Rear End,Rear-end,0,1,1,0,2,2,0,0,0,0,0,0
296746,Hospitalisation,2016,16,Angle,Multi-Vehicle,153.03318,-27.420288,Bradshaw St,Lucas St,Lutwyche,Stafford,Intersection - Cross,No traffic control,60 km/h,Sealed - Dry,Daylight,Straight,Veh'S Opposite Approach: Thru-Right,Opposing vehicles turning,0,1,1,0,2,2,0,0,0,0,0,0
296747,Medical treatment,2016,18,Rear-end,Multi-Vehicle,153.055509,-27.397314,Kinmond Ave,Rode Rd,Wavell Heights,Clayfield,Intersection - T-Junction,No traffic control,60 km/h,Sealed - Dry,Darkness - Lighted,Straight,Veh'S Same Direction: Rear End,Rear-end,0,0,1,0,1,2,0,0,0,0,0,0
296748,Medical treatment,2016,6,Rear-end,Multi-Vehicle,153.006973,-27.436922,Enoggera Rd,Newmarket Rd,Newmarket,Stafford,Intersection - T-Junction,Operating traffic lights,60 km/h,Sealed - Dry,Daylight,Straight,Veh'S Same Direction: Rear End,Rear-end,0,0,1,0,1,2,0,0,0,0,0,0
296783,Medical treatment,2016,18,Angle,Multi-Vehicle,153.03356,-27.376818,Invalid Street From Police,,Aspley,Aspley,Intersection - Roundabout,Give way sign,60 km/h,Sealed - Dry,Darkness - Lighted,Straight,Veh'S Adjacent Approach: Other,Intersection from adjacent approaches,0,0,1,0,1,1,1,0,0,0,0,0
296784,Hospitalisation,2016,11,Angle,Multi-Vehicle,153.011392,-27.391236,Appleby Rd,Rode Rd,Chermside West,Stafford,Intersection - Cross,Operating traffic lights,60 km/h,Sealed - Dry,Daylight,Straight,Veh'S Opposite Approach: Thru-Right,Opposing vehicles turning,0,2,0,0,2,3,0,0,0,0,0,0
296821,Medical treatment,2016,16,Rear-end,Multi-Vehicle,153.022926,-27.47275,South East Arterial Rd,,Brisbane City,Brisbane Central,No Roadway Feature,No traffic control,70 km/h,Sealed - Dry,Daylight,Straight,Veh'S Same Direction: Rear End,Rear-end,0,0,1,0,1,2,0,0,0,0,0,0
296825,Medical treatment,2016,11,Angle,Multi-Vehicle,153.008144,-27.317161,Attley St,Strathpine Sub-Arterial Rd,Bald Hills,Aspley,Intersection - T-Junction,Give way sign,60 km/h,Sealed - Dry,Daylight,Straight,Veh'S Adjacent Approach: Thru-Right,Intersection from adjacent approaches,0,0,2,0,2,2,0,0,0,0,0,0
296827,Minor injury,2016,15,Angle,Multi-Vehicle,153.0214793,-27.35679961,Zillmere Rd,,Aspley,Aspley,No Roadway Feature,No traffic control,0 - 50 km/h,Sealed - Dry,Daylight,Straight,Veh'S Manoeuvring: Leaving Driveway,Vehicle leaving driveway,0,0,0,1,1,2,0,0,0,0,0,0
296828,Medical treatment,2016,17,Rear-end,Multi-Vehicle,153.05927,-27.340555,Sandgate Sub-Arterial Rd,,Boondall,Nudgee,No Roadway Feature,No traffic control,70 km/h,Sealed - Dry,Dawn/Dusk,Straight,Veh'S Same Direction: Rear End,Rear-end,0,0,1,0,1,3,0,0,0,0,0,0
296829,Hospitalisation,2016,17,Sideswipe,Multi-Vehicle,153.059303,-27.337312,Gateway Arterial Rd,Sandgate Sub-Arterial Rd,Boondall,Nudgee,No Roadway Feature,No traffic control,80 - 90 km/h,Sealed - Dry,Darkness - Lighted,Straight,Veh'S Same Direction: Lane Side Swipe,Lane changes,0,1,0,0,1,0,1,2,0,0,0,0
296838,Medical treatment,2016,19,Rear-end,Multi-Vehicle,153.034046,-27.412831,Gympie Arterial Rd,,Kedron,Clayfield,No Roadway Feature,No traffic control,60 km/h,Sealed - Dry,Darkness - Lighted,Straight,Veh'S Same Direction: Rear End,Rear-end,0,0,1,0,1,3,0,0,0,0,0,0
296857,Medical treatment,2016,10,Angle,Multi-Vehicle,153.0249783,-27.47128883,Elizabeth St,,Brisbane City,Brisbane Central,No Roadway Feature,No traffic control,0 - 50 km/h,Sealed - Dry,Darkness - Lighted,Straight,Veh'S Manoeuvring: Parking Veh'S Only,Other,0,0,1,0,1,2,0,0,0,0,0,0
296858,Hospitalisation,2016,14,Rear-end,Multi-Vehicle,153.023191,-27.472792,South East Arterial Rd,,Brisbane City,Brisbane Central,No Roadway Feature,No traffic control,70 km/h,Sealed - Dry,Daylight,Straight,Veh'S Same Direction: Rear End,Rear-end,0,1,0,0,1,2,0,0,0,0,0,0
296864,Hospitalisation,2016,0,Hit pedestrian,Hit pedestrian,152.828211,-27.545689,College Rd,,Karana Downs,Moggill,No Roadway Feature,No traffic control,0 - 50 km/h,Sealed - Dry,Darkness - Lighted,Curved - view open,Ped'N: Hit By Vehicle Enter/Leave D'Way,Pedestrian,0,1,0,0,1,1,0,0,0,0,1,0
296870,Hospitalisation,2016,18,Rear-end,Multi-Vehicle,153.0313858,-27.43601514,Lutwyche Rd,,Windsor,Brisbane Central,No Roadway Feature,No traffic control,60 km/h,Sealed - Dry,Darkness - Lighted,Straight,Veh'S Same Direction: Rear End,Rear-end,0,1,0,0,1,3,0,0,0,0,0,0
296871,Medical treatment,2016,11,Rear-end,Multi-Vehicle,153.005125,-27.431472,Enoggera Rd,Garden Tce,Newmarket,Stafford,Intersection - T-Junction,No traffic control,60 km/h,Sealed - Dry,Daylight,Straight,Veh'S Same Direction: Rear End,Rear-end,0,0,1,0,1,2,0,0,0,0,0,0
296898,Medical treatment,2016,17,Angle,Multi-Vehicle,152.994166,-27.354831,Albany Creek Sub-Arterial Rd,Beckett Rd,Bridgeman Downs,Aspley,Intersection - Cross,Operating traffic lights,70 km/h,Sealed - Dry,Darkness - Lighted,Straight,Veh'S Opposite Approach: Thru-Right,Opposing vehicles turning,0,0,1,0,1,2,0,0,0,0,0,0
296932,Medical treatment,2016,13,Hit pedestrian,Hit pedestrian,153.030938,-27.459066,Barry Pde,Gotha St,Fortitude Valley,Brisbane Central,Intersection - Cross,No traffic control,60 km/h,Sealed - Dry,Daylight,Curved - view open,Ped'N: Far Side Vehicle Hit From Left,Pedestrian,0,0,1,0,1,1,0,0,0,0,1,0
296934,Medical treatment,2016,15,Rear-end,Multi-Vehicle,152.980407,-27.492658,Morrow St,,Taringa,Indooroopilly,No Roadway Feature,No traffic control,60 km/h,Sealed - Dry,Daylight,Straight,Veh'S Same Direction: Rear End,Rear-end,0,0,1,0,1,2,0,0,0,0,0,0