Crash_Ref_Number,Severity,Year,Hour,Crash_Nature,Crash_Type,Longitude,Latitude,Street,Street_Intersecting,Suburb,Loc_State_Electorate,Crash_Roadway_Feature,Crash_Traffic_Control,Crash_Speed_Limit,Crash_Road_Surface_Condition,Crash_Lighting_Condition,Crash_Road_Horiz_Align,Crash_DCA_Description,Crash_DCA_Group_Description,Count_Casualty_Fatality,Count_Casualty_Hospitalised,Count_Casualty_MedicallyTreated,Count_Casualty_MinorInjury,Count_Casualty_Total,Count_Unit_Car,Count_Unit_Motorcycle_Moped,Count_Unit_Truck,Count_Unit_Bus,Count_Unit_Bicycle,Count_Unit_Pedestrian,Count_Unit_Other
296939,Medical treatment,2016,17,Hit pedestrian,Hit pedestrian,153.059169,-27.338601,Holroyd St,Sandgate Sub-Arterial Rd,Boondall,Nudgee,Intersection - T-Junction,No traffic control,70 km/h,Sealed - Dry,Dawn/Dusk,Straight,Ped'N: Far Side Vehicle Hit From Left,Pedestrian,0,0,1,0,1,1,0,0,0,0,1,0
296969,Medical treatment,2016,8,Fall from vehicle,Single Vehicle,153.0252347,-27.4710619,Elizabeth St,,Brisbane City,Brisbane Central,No Roadway Feature,No traffic control,0 - 50 km/h,Sealed - Dry,Daylight,Straight,Pass & Misc: Fell In/From Vehicle,Other,0,0,1,0,1,0,0,0,1,0,0,0
296970,Hospitalisation,2016,20,Angle,Multi-Vehicle,153.04264,-27.445318,Breakfast Ck Rd,Edmondstone Rd,Newstead,Brisbane Central,Intersection - T-Junction,Operating traffic lights,60 km/h,Sealed - Dry,Darkness - Lighted,Straight,Veh'S Adjacent Approach: Thru-Right,Intersection from adjacent approaches,0,1,0,0,1,2,0,0,0,0,0,0
296971,Minor injury,2016,17,Rear-end,Multi-Vehicle,152.987763,-27.484903,Little Maryvale St,Sherwood Rd,Toowong,Mount Coot-tha,Intersection - T-Junction,No traffic control,0 - 50 km/h,Sealed - Wet,Dawn/Dusk,Straight,Veh'S Same Direction: Rear End,Rear-end,0,0,0,1,1,2,0,0,0,0,0,0
296972,Medical treatment,2016,8,Rear-end,Multi-Vehicle,153.043491,-27.331101,Telegraph Rd,,Bracken Ridge,Sandgate,No Roadway Feature,No traffic control,60 km/h,Sealed - Dry,Daylight,Straight,Veh'S Same Direction: Rear End,Rear-end,0,0,1,0,1,1,0,1,0,0,0,0
297006,Medical treatment,2016,6,Angle,Multi-Vehicle,153.002088,-27.460038,Cochrane St,Latrobe Tce,Paddington,Mount Coot-tha,Intersection - T-Junction,Give way sign,60 km/h,Sealed - Dry,Daylight,Straight,Veh'S Adjacent Approach: Thru-Right,Intersection from adjacent approaches,0,0,1,0,1,2,0,0,0,0,0,0
297007,Medical treatment,2016,6,Rear-end,Multi-Vehicle,153.0158466,-27.4650813,Countess St,,Petrie Terrace,Brisbane Central,No Roadway Feature,No traffic control,60 km/h,Sealed - Wet,Dawn/Dusk,Straight,Veh'S Same Direction: Rear End,Rear-end,0,0,1,0,1,3,0,0,0,0,0,0
297008,Medical treatment,2016,15,Rear-end,Multi-Vehicle,152.942357,-27.507315,Bielby Rd,Cedarleigh Rd,Kenmore,Moggill,Intersection - T-Junction,No traffic control,0 - 50 km/h,Sealed - Dry,Daylight,Straight,Veh'S Same Direction: Right Rear,Rear-end,0,0,1,0,1,2,0,0,0,0,0,0
297011,Medical treatment,2016,6,Rear-end,Multi-Vehicle,153.018292,-27.295043,Gympie Arterial Rd,,Bald Hills,Sandgate,No Roadway Feature,No traffic control,100 - 110 km/h,Sealed - Dry,Daylight,Straight,Veh'S Same Direction: Rear End,Rear-end,0,0,2,0,2,3,0,0,0,0,0,0
297023,Hospitalisation,2016,14,Angle,Multi-Vehicle,153.040425,-27.40054,Edinburgh Castle Rd,Pfingst Rd,Wavell Heights,Clayfield,Intersection - Cross,Operating traffic lights,60 km/h,Sealed - Dry,Daylight,Straight,Veh'S Opposite Approach: Thru-Right,Opposing vehicles turning,0,1,1,0,2,2,0,0,0,0,0,0
297052,Medical treatment,2016,8,Rear-end,Multi-Vehicle,152.96266,-27.411663,Dawson Pde,,Keperra,Ferny Grove,No Roadway Feature,No traffic control,60 km/h,Sealed - Dry,Daylight,Straight,Veh'S Same Direction: Rear End,Rear-end,0,0,1,0,1,2,0,0,0,0,0,0
297075,Hospitalisation,2016,17,Hit object,Single Vehicle,152.755253,-27.53435,Kholo Rd,,Kholo,Moggill,No Roadway Feature,No traffic control,80 - 90 km/h,Sealed - Dry,Dawn/Dusk,Curved - view obscured,Off Path-Curve: Off Cway Lt Bend Hit Obj,Off carriageway on curve hit object,0,1,0,1,2,1,0,0,0,0,0,0
297079,Hospitalisation,2016,18,Rear-end,Multi-Vehicle,153.0511628,-27.42289534,Creswick St,Sandgate Rd,Clayfield,Clayfield,Intersection - Cross,No traffic control,0 - 50 km/h,Sealed - Dry,Darkness - Lighted,Curved - view open,Veh'S Same Direction: Right Rear,Rear-end,0,1,0,0,1,1,1,0,0,0,0,0
297099,Hospitalisation,2016,11,Rear-end,Multi-Vehicle,153.0153416,-27.46767969,William Jolly Bridge,,Brisbane City,Brisbane Central,Bridge/Causeway,No traffic control,60 km/h,Sealed - Dry,Daylight,Straight,Veh'S Same Direction: Rear End,Rear-end,0,1,0,0,1,2,0,0,0,0,0,0
297100,Hospitalisation,2016,9,Angle,Multi-Vehicle,153.043461,-27.453466,Commercial Rd,Doggett St,Newstead,Brisbane Central,Intersection - Cross,Give way sign,60 km/h,Sealed - Dry,Daylight,Straight,Veh'S Manoeuvring: Entering From Footway,Vehicle leaving driveway,0,1,0,0,1,1,0,0,0,1,0,0
297101,Hospitalisation,2016,3,Hit object,Single Vehicle,152.953899,-27.480694,Sir Samuel Griffith Dr,,Mount Coot-tha,Mount Coot-tha,No Roadway Feature,No traffic control,0 - 50 km/h,Sealed - Dry,Darkness - Not lighted,Curved - view open,Off Path-Curve: Off Cway Rt Bend Hit Obj,Off carriageway on curve hit object,0,1,0,0,1,1,0,0,0,0,0,0
297106,Hospitalisation,2016,1,Hit object,Single Vehicle,152.80475,-27.503968,Lake Manchester Rd,,Kholo,Moggill,No Roadway Feature,No traffic control,60 km/h,Sealed - Dry,Daylight,Curved - view open,Off Path-Curve: Off Cway Rt Bend Hit Obj,Off carriageway on curve hit object,0,1,0,0,1,0,1,0,0,0,0,0
297109,Hospitalisation,2016,10,Head-on,Multi-Vehicle,153.067919,-27.395772,Melton Rd,,Northgate,Nudgee,No Roadway Feature,No traffic control,60 km/h,Sealed - Dry,Daylight,Curved - view open,Off Path-Curve: Off Cway Lt Bend Hit Obj,Off carriageway on curve hit object,0,1,0,0,1,1,0,0,0,0,0,0
297110,Hospitalisation,2016,17,Hit object,Single Vehicle,153.094092,-27.379277,Gateway Arterial Rd,,Banyo,Nudgee,No Roadway Feature,No traffic control,80 - 90 km/h,Sealed - Dry,Darkness - Lighted,Curved - view open,Off Path-Curve: Off Cway Lt Bend Hit Obj,Off carriageway on curve hit object,0,1,0,0,1,1,0,0,0,0,0,0
297111,Medical treatment,2016,9,Sideswipe,Multi-Vehicle,152.963141,-27.4118471,Samford Sub-Arterial Rd,,Mitchelton,Ashgrove,No Roadway Feature,No traffic control,60 km/h,Sealed - Dry,Daylight,Straight,Veh'S Same Direction: Lane Change Left,Lane changes,0,0,1,0,1,1,1,0,0,0,0,0
297134,Medical treatment,2016,12,Rear-end,Multi-Vehicle,153.0194457,-27.4695324,South East Arterial Rd,,Brisbane City,Brisbane Central,No Roadway Feature,No traffic control,70 km/h,Sealed - Dry,Daylight,Straight,Veh'S Same Direction: Rear End,Rear-end,0,0,1,1,2,2,0,0,0,0,0,0
297137,Hospitalisation,2016,15,Hit pedestrian,Hit pedestrian,153.026563,-27.396358,Allan St,Parkdale St,Kedron,Stafford,Intersection - T-Junction,No traffic control,0 - 50 km/h,Sealed - Dry,Daylight,Straight,Ped'N: Near Side Vehicle Hit From Right,Pedestrian,0,1,0,0,1,1,0,0,0,0,1,0
297139,Medical treatment,2016,6,Hit object,Single Vehicle,152.985863,-27.360526,Wendon Way,,Bridgeman Downs,Aspley,No Roadway Feature,No traffic control,0 - 50 km/h,Sealed - Dry,Dawn/Dusk,Curved - view open,Off Path-Curve: Out Of Control On Cway,Out of control on curve,0,0,1,0,1,1,0,0,0,0,0,0
297153,Hospitalisation,2016,20,Angle,Multi-Vehicle,153.032464,-27.458711,Gipps St,Wickham St,Fortitude Valley,Brisbane Central,Intersection - Cross,Operating traffic lights,60 km/h,Sealed - Dry,Darkness - Lighted,Straight,Veh'S Adjacent Approach: Thru-Thru,Intersection from adjacent approaches,0,4,0,0,4,3,0,0,0,0,0,0
297154,Minor injury,2016,8,Rear-end,Multi-Vehicle,153.031672,-27.459621,Gotha St,Wickham St,Fortitude Valley,Brisbane Central,Intersection - Cross,Operating traffic lights,60 km/h,Sealed - Dry,Daylight,Straight,Veh'S Same Direction: Rear End,Rear-end,0,0,0,1,1,2,0,0,0,0,0,0
297155,Hospitalisation,2016,17,Fall from vehicle,Single Vehicle,153.02085,-27.456852,Inner City Bypass,,Herston,Brisbane Central,No Roadway Feature,No traffic control,80 - 90 km/h,Sealed - Dry,Darkness - Lighted,Curved - view open,Off Path-Curve: Out Of Control On Cway,Out of control on curve,0,1,0,0,1,0,1,0,0,0,0,0
297156,Hospitalisation,2016,16,Rear-end,Multi-Vehicle,152.989624,-27.488372,Moggill Rd,,Toowong,Mount Coot-tha,No Roadway Feature,No traffic control,60 km/h,Sealed - Dry,Daylight,Straight,Veh'S Same Direction: Rear End,Rear-end,0,1,0,0,1,3,0,0,0,0,0,0
297157,Medical treatment,2016,19,Sideswipe,Multi-Vehicle,152.979845,-27.477898,Mt Coot-Tha Rd,Western Arterial Rd,Mount Coot-tha,Mount Coot-tha,Intersection - Interchange,No traffic control,60 km/h,Sealed - Dry,Darkness - Lighted,Curved - view open,Veh'S Same Direction: Lane Change Left,Lane changes,0,0,1,0,1,2,0,0,0,0,0,0
297158,Medical treatment,2016,16,Hit pedestrian,Hit pedestrian,153.029377,-27.415894,Rentoul St,Rose La,Gordon Park,Stafford,Intersection - T-Junction,No traffic control,0 - 50 km/h,Sealed - Dry,Daylight,Straight,Ped'N: Hit Other,Other,0,0,1,0,1,0,0,1,0,0,1,0
297163,Medical treatment,2016,18,Angle,Multi-Vehicle,153.062405,-27.41651,Junction Rd,Widdop St,Clayfield,Clayfield,Intersection - Cross,Stop sign,60 km/h,Sealed - Dry,Darkness - Lighted,Straight,Veh'S Adjacent Approach: Thru-Right,Intersection from adjacent approaches,0,0,1,0,1,1,1,0,0,0,0,0
297182,Medical treatment,2016,17,Rear-end,Multi-Vehicle,153.019096,-27.291251,Gympie Arterial Rd,,Bald Hills,Aspley,Bridge/Causeway,No traffic control,100 - 110 km/h,Sealed - Dry,Darkness - Lighted,Straight,Veh'S Same Direction: Rear End,Rear-end,0,0,2,0,2,3,0,0,0,0,0,0
297188,Minor injury,2016,6,Rear-end,Multi-Vehicle,153.077174,-27.412397,East - West Arterial Rd,Gateway Arterial Rd,Hendra,Clayfield,Intersection - Interchange,Operating traffic lights,60 km/h,Sealed - Dry,Daylight,Curved - view open,Veh'S Same Direction: Left Rear,Rear-end,0,0,0,1,1,1,0,1,0,0,0,0
297189,Hospitalisation,2016,21,Hit parked vehicle,Single Vehicle,153.009208,-27.433151,Erneton St,,Newmarket,Stafford,No Roadway Feature,No traffic control,0 - 50 km/h,Sealed - Dry,Darkness - Lighted,Straight,Veh'S On Path: Parked,Hit parked vehicle,0,2,0,0,2,2,0,0,0,0,0,0
297211,Hospitalisation,2016,8,Rear-end,Multi-Vehicle,152.949328,-27.507168,Moggill Sub-Arterial Rd,,Kenmore,Moggill,Median Opening,Operating traffic lights,60 km/h,Sealed - Dry,Dawn/Dusk,Curved - view open,Veh'S Opposite Approach: Thru-Right,Opposing vehicles turning,0,1,0,0,1,1,0,0,0,1,0,0
297223,Hospitalisation,2016,15,Angle,Multi-Vehicle,153.077814,-27.369251,Keswick St,Ludgate St,Banyo,Nudgee,Intersection - T-Junction,No traffic control,0 - 50 km/h,Sealed - Dry,Daylight,Straight,Veh'S Adjacent Approach: Left-Thru,Intersection from adjacent approaches,0,1,0,0,1,1,0,0,0,1,0,0
297224,Hospitalisation,2016,5,Hit object,Single Vehicle,153.0479118,-27.44122527,Kingsford Smith Dr,,Hamilton,Clayfield,No Roadway Feature,No traffic control,60 km/h,Sealed - Dry,Dawn/Dusk,Curved - view open,Veh'S Opposite Approach: Head On,Head-on,0,1,0,0,1,2,0,0,0,0,0,0
297244,Minor injury,2016,7,Hit pedestrian,Hit pedestrian,153.027054,-27.472156,Mary St,,Brisbane City,Brisbane Central,No Roadway Feature,No traffic control,0 - 50 km/h,Sealed - Dry,Daylight,Straight,Ped'N: Hit By Vehicle Enter/Leave D'Way,Pedestrian,0,0,0,1,1,1,0,0,0,0,1,0
297245,Minor injury,2016,8,Rear-end,Multi-Vehicle,152.975888,-27.501971,Coonan St,Westminster Rd,Indooroopilly,Indooroopilly,Intersection - T-Junction,Give way sign,60 km/h,Sealed - Dry,Daylight,Straight,Veh'S Same Direction: Left Rear,Rear-end,0,0,0,1,1,2,0,0,0,0,0,0
297246,Medical treatment,2016,16,Rear-end,Multi-Vehicle,152.9549902,-27.51588138,Western Arterial Rd,,Indooroopilly,Moggill,Intersection - Interchange,No traffic control,60 km/h,Sealed - Dry,Daylight,Curved - view open,Veh'S Same Direction: Left Rear,Rear-end,0,0,1,0,1,2,0,0,0,0,0,0
297247,Medical treatment,2016,20,Hit object,Single Vehicle,153.062867,-27.28558067,Hornibrook Hwy,,Brighton,Sandgate,No Roadway Feature,No traffic control,60 km/h,Sealed - Wet,Darkness - Lighted,Curved - view open,Off Path-Curve: Off Cway Rt Bend Hit Obj,Off carriageway on curve hit object,0,0,1,0,1,1,0,0,0,0,0,0
297276,Minor injury,2016,10,Rear-end,Multi-Vehicle,153.02281,-27.468929,Ann St,,Brisbane City,Brisbane Central,Intersection - T-Junction,No traffic control,0 - 50 km/h,Sealed - Wet,Daylight,Straight,Veh'S Same Direction: Rear End,Rear-end,0,0,0,1,1,1,1,0,0,0,0,0
297277,Medical treatment,2016,16,Angle,Multi-Vehicle,153.028427,-27.469865,Charlotte St,Edward St,Brisbane City,Brisbane Central,Intersection - Cross,Operating traffic lights,0 - 50 km/h,Sealed - Dry,Daylight,Straight,Veh'S Same Direction: Right Turn S/Swipe,Parallel lanes turning,0,0,1,0,1,1,0,0,0,1,0,0
297278,Hospitalisation,2016,14,Hit parked vehicle,Single Vehicle,153.025708,-27.462474,Leichhardt St,,Spring Hill,Brisbane Central,No Roadway Feature,No traffic control,0 - 50 km/h,Sealed - Dry,Daylight,Straight,Veh'S On Path: Car Door,Hit parked vehicle,0,1,0,0,1,1,0,0,0,1,0,0
297306,Hospitalisation,2016,7,Angle,Multi-Vehicle,153.04201,-27.45839,Harcourt St,James St,New Farm,Brisbane Central,Intersection - Cross,Stop sign,0 - 50 km/h,Sealed - Dry,Daylight,Straight,Veh'S Adjacent Approach: Thru-Thru,Intersection from adjacent approaches,0,1,1,0,2,2,0,0,0,0,0,0
297308,Hospitalisation,2016,23,Angle,Multi-Vehicle,153.007764,-27.409218,East - West Arterial Rd,Shand St,Stafford,Stafford,Intersection - Cross,Operating traffic lights,60 km/h,Sealed - Dry,Darkness - Lighted,Straight,Veh'S Opposite Approach: Thru-Right,Opposing vehicles turning,0,1,0,0,1,2,0,0,0,0,0,0
297309,Medical treatment,2016,14,Angle,Multi-Vehicle,153.032362,-27.406876,Gympie Arterial Rd,Sadlier St,Kedron,Stafford,Intersection - T-Junction,Operating traffic lights,60 km/h,Sealed - Dry,Daylight,Straight,Veh'S Adjacent Approach: Thru-Right,Intersection from adjacent approaches,0,0,2,0,2,2,0,0,0,0,0,0
297314,Medical treatment,2016,21,Rear-end,Multi-Vehicle,153.01278,-27.346332,Beams Rd,Gympie Arterial Rd,Carseldine,Aspley,Intersection - T-Junction,No traffic control,60 km/h,Sealed - Dry,Darkness - Lighted,Curved - view open,Veh'S Same Direction: Left Rear,Rear-end,0,0,1,0,1,2,0,0,0,0,0,0
297315,Hospitalisation,2016,15,Fall from vehicle,Single Vehicle,153.01593,-27.366389,Janelle St,Maundrell Tce,Aspley,Aspley,Intersection - T-Junction,No traffic control,60 km/h,Sealed - Dry,Daylight,Straight,Off Path-Straight:Out Of Control On Cway,Out of control on straight,0,1,0,0,1,0,1,0,0,0,0,0
297316,Medical treatment,2016,11,Angle,Multi-Vehicle,153.028287,-27.39303,Rode Rd,,Chermside,Stafford,No Roadway Feature,No traffic control,60 km/h,Sealed - Dry,Daylight,Straight,Veh'S Opposite Approach: Thru-Right,Opposing vehicles turning,0,0,1,0,1,2,0,0,0,0,0,0
297323,Medical treatment,2016,17,Hit parked vehicle,Single Vehicle,152.9830029,-27.41887289,Grays Rd,,Gaythorne,Ashgrove,No Roadway Feature,No traffic control,0 - 50 km/h,Sealed - Dry,Dawn/Dusk,Straight,Veh'S On Path: Parked,Hit parked vehicle,0,0,1,0,1,3,0,0,0,0,0,0
297346,Hospitalisation,2016,15,Angle,Multi-Vehicle,153.0405371,-27.45272195,Ann St,Commercial Rd,Fortitude Valley,Brisbane Central,Intersection - Cross,Operating traffic lights,60 km/h,Sealed - Dry,Daylight,Straight,Veh'S Adjacent Approach: Thru-Thru,Intersection from adjacent approaches,0,1,0,0,1,2,0,0,0,0,0,0
297352,Medical treatment,2016,11,Angle,Multi-Vehicle,153.095706,-27.373554,Childs Rd,,Nudgee,Nudgee,No Roadway Feature,No traffic control,60 km/h,Sealed - Dry,Daylight,Straight,Veh'S Manoeuvring: Entering From Footway,Vehicle leaving driveway,0,0,1,1,2,2,0,0,0,0,0,0
297371,Medical treatment,2016,16,Rear-end,Multi-Vehicle,153.037542,-27.447534,Abbotsford Rd,Campbell St,Bowen Hills,Brisbane Central,Intersection - T-Junction,Give way sign,60 km/h,Sealed - Dry,Daylight,Straight,Veh'S Same Direction: Left Rear,Rear-end,0,0,1,0,1,2,0,0,0,0,0,0
297374,Medical treatment,2016,14,Angle,Multi-Vehicle,152.998645,-27.395613,Flockton St,Trouts Rd,Stafford Heights,Stafford,Intersection - Roundabout,Give way sign,60 km/h,Sealed - Dry,Daylight,Straight,Veh'S Adjacent Approach: Thru-Thru,Intersection from adjacent approaches,0,0,1,0,1,1,1,0,0,0,0,0
297382,Medical treatment,2016,16,Rear-end,Multi-Vehicle,153.048073,-27.440932,Hunt St,Kingsford Smith Dr,Hamilton,Clayfield,Intersection - T-Junction,No traffic control,60 km/h,Sealed - Dry,Daylight,Curved - view open,Veh'S Same Direction: Rear End,Rear-end,0,0,1,0,1,1,1,0,0,0,0,0
297383,Hospitalisation,2016,6,Angle,Multi-Vehicle,152.983673,-27.402295,Barton St,Pullen Rd,Everton Park,Everton,Intersection - T-Junction,Give way sign,60 km/h,Sealed - Wet,Daylight,Straight,Veh'S Adjacent Approach: Thru-Right,Intersection from adjacent approaches,0,1,0,1,2,2,0,0,0,0,0,0
297415,Medical treatment,2016,15,Hit parked vehicle,Single Vehicle,153.0352466,-27.39679579,Bristol Rd,,Kedron,Nudgee,No Roadway Feature,No traffic control,60 km/h,Sealed - Dry,Daylight,Straight,Veh'S On Path: Parked,Hit parked vehicle,0,0,1,0,1,2,0,0,0,0,0,0
297420,Medical treatment,2016,8,Rear-end,Multi-Vehicle,153.063184,-27.380996,Sandgate Rd,Sandgate Sub-Arterial Rd,Virginia,Nudgee,Intersection - Roundabout,Give way sign,0 - 50 km/h,Sealed - Dry,Daylight,Straight,Veh'S Same Direction: Rear End,Rear-end,0,0,1,0,1,1,1,0,0,0,0,0
297443,Medical treatment,2016,7,Hit pedestrian,Hit pedestrian,152.999447,-27.463635,Fernberg Rd,Given Tce,Paddington,Mount Coot-tha,Intersection - T-Junction,Pedestrian operated lights,60 km/h,Sealed - Dry,Daylight,Curved - view open,Ped'N: Near Side Vehicle Hit From Right,Pedestrian,0,0,1,0,1,1,0,0,0,0,1,0
297444,Medical treatment,2016,22,Head-on,Multi-Vehicle,153.0232783,-27.45824745,Fortescue St,Gregory Tce,Spring Hill,Brisbane Central,Intersection - T-Junction,Operating traffic lights,60 km/h,Sealed - Dry,Darkness - Lighted,Curved - view open,Veh'S Opposite Approach: Head On,Head-on,0,0,1,0,1,2,0,0,0,0,0,0
297445,Medical treatment,2016,17,Hit pedestrian,Hit pedestrian,153.024962,-27.456412,Gregory Tce,Rogers St,Spring Hill,Brisbane Central,Intersection - T-Junction,Operating traffic lights,60 km/h,Sealed - Dry,Darkness - Lighted,Curved - view open,Ped'N: Far Side Vehicle Hit From Left,Pedestrian,0,0,1,0,1,1,0,0,0,0,1,0
297446,Medical treatment,2016,14,Rear-end,Multi-Vehicle,153.0201655,-27.47009399,South East Arterial Rd,,Brisbane City,Brisbane Central,No Roadway Feature,No traffic control,60 km/h,Sealed - Dry,Daylight,Straight,Veh'S Same Direction: Rear End,Rear-end,0,0,1,0,1,3,0,0,0,0,0,0
297449,Hospitalisation,2016,17,Hit pedestrian,Hit pedestrian,152.980729,-27.501388,Fairley St,,Indooroopilly,Indooroopilly,No Roadway Feature,No traffic control,0 - 50 km/h,Sealed - Dry,Darkness - Lighted,Straight,Ped'N: Hit Walking With Traffic,Pedestrian,0,1,0,0,1,1,0,0,0,0,1,0
297450,Medical treatment,2016,17,Rear-end,Multi-Vehicle,152.989156,-27.478548,Milton Rd,Morley St,Toowong,Mount Coot-tha,Intersection - Cross,Operating traffic lights,60 km/h,Sealed - Dry,Darkness - Lighted,Curved - view open,Veh'S Same Direction: Rear End,Rear-end,0,0,1,0,1,2,1,0,0,0,0,0
297452,Medical treatment,2016,8,Rear-end,Multi-Vehicle,153.0108552,-27.3344672,Gympie Arterial Rd,,Carseldine,Aspley,No Roadway Feature,No traffic control,80 - 90 km/h,Sealed - Dry,Daylight,Straight,Veh'S Same Direction: Rear End,Rear-end,0,0,1,0,1,2,0,0,0,0,0,1
297463,Medical treatment,2016,4,Hit parked vehicle,Single Vehicle,153.1198865,-27.38450846,Macleay Wy,,Brisbane Airport,Clayfield,No Roadway Feature,No traffic control,0 - 50 km/h,Sealed - Dry,Darkness - Lighted,Straight,Veh'S On Path: Parked,Hit parked vehicle,0,0,1,0,1,2,0,0,0,0,0,0
297465,Hospitalisation,2016,17,Sideswipe,Multi-Vehicle,153.006283,-27.435896,Enoggera Rd,,Newmarket,Ashgrove,No Roadway Feature,No traffic control,60 km/h,Sealed - Dry,Dawn/Dusk,Straight,Veh'S Same Direction: Lane Change Right,Lane changes,0,1,0,0,1,1,0,0,1,1,0,0
297466,Medical treatment,2016,18,Angle,Multi-Vehicle,153.0082124,-27.43651946,Newmarket Rd,,Newmarket,Stafford,No Roadway Feature,Operating traffic lights,60 km/h,Sealed - Dry,Dawn/Dusk,Straight,Veh'S Opposite Approach: Thru-Right,Opposing vehicles turning,0,0,1,0,1,1,1,0,0,0,0,0
297484,Hospitalisation,2016,8,Rear-end,Multi-Vehicle,153.026035,-27.47436,Margaret St,,Brisbane City,Brisbane Central,No Roadway Feature,No traffic control,0 - 50 km/h,Sealed - Dry,Daylight,Straight,Veh'S Same Direction: Rear End,Rear-end,0,1,0,0,1,0,1,0,0,1,0,0
297485,Medical treatment,2016,13,Rear-end,Multi-Vehicle,153.0009265,-27.450829,Lintern St,Waterworks Rd,Red Hill,Mount Coot-tha,Intersection - T-Junction,Operating traffic lights,60 km/h,Sealed - Dry,Daylight,Straight,Veh'S Same Direction: Right Rear,Rear-end,0,0,1,0,1,2,0,0,0,0,0,0
297492,Hospitalisation,2016,17,Angle,Multi-Vehicle,153.047861,-27.311533,Bracken Ridge Rd,Gateway Arterial Rd,Sandgate,Sandgate,Intersection - Interchange,Give way sign,60 km/h,Sealed - Dry,Darkness - Lighted,Curved - view open,Veh'S Adjacent Approach: Thru-Right,Intersection from adjacent approaches,0,1,0,0,1,1,1,0,0,0,0,0
297495,Hospitalisation,2016,8,Angle,Multi-Vehicle,153.05638,-27.369218,Bilsen Rd,,Geebung,Nudgee,No Roadway Feature,No traffic control,60 km/h,Sealed - Wet,Daylight,Straight,Off Path-Straight: Other,Other,0,1,0,0,1,1,1,0,0,0,0,0
297496,Hospitalisation,2016,8,Angle,Multi-Vehicle,153.041577,-27.341079,Handford Rd,Roghan Rd,Taigum,Sandgate,Intersection - Cross,Operating traffic lights,60 km/h,Sealed - Wet,Daylight,Curved - view open,Veh'S Opposite Approach: Thru-Right,Opposing vehicles turning,0,2,0,0,2,2,0,0,0,0,0,0
297501,Hospitalisation,2016,22,Angle,Multi-Vehicle,153.036585,-27.415316,East - West Arterial Rd,Kedron Park Rd,Kedron,Clayfield,Intersection - Interchange,Operating traffic lights,60 km/h,Sealed - Dry,Darkness - Lighted,Straight,Veh'S Opposite Approach: Thru-Right,Opposing vehicles turning,0,1,0,0,1,2,0,0,0,0,0,0
297502,Medical treatment,2016,18,Hit object,Single Vehicle,153.0744862,-27.40584554,Gateway Arterial Rd,,Nundah,Nudgee,No Roadway Feature,No traffic control,80 - 90 km/h,Sealed - Dry,Darkness - Lighted,Curved - view open,Off Path-Curve: Out Of Control On Cway,Out of control on curve,0,0,1,0,1,1,0,0,0,0,0,0
297503,Hospitalisation,2016,8,Angle,Multi-Vehicle,152.984585,-27.386066,Beckett Rd,Everton Park - Albany Creek Rd,Everton Park,Everton,Intersection - Roundabout,Give way sign,60 km/h,Sealed - Wet,Daylight,Curved - view obscured,Veh'S Adjacent Approach: Other,Intersection from adjacent approaches,0,2,0,0,2,2,0,0,0,0,0,0
297531,Medical treatment,2016,21,Angle,Multi-Vehicle,153.026932,-27.445558,Butterfield St,Garrick Tce,Herston,Brisbane Central,Intersection - Roundabout,Give way sign,0 - 50 km/h,Sealed - Dry,Darkness - Lighted,Curved - view open,Veh'S Manoeuvring: Leaving Driveway,Vehicle leaving driveway,0,0,1,0,1,1,0,0,0,1,0,0
297532,Hospitalisation,2016,19,Fall from vehicle,Single Vehicle,153.03427,-27.459217,Ann St,Marshall St,Fortitude Valley,Brisbane Central,Intersection - T-Junction,No traffic control,0 - 50 km/h,Sealed - Dry,Darkness - Lighted,Straight,Veh'S Same Direction: Rear End,Rear-end,0,1,0,0,1,1,1,0,0,0,0,0
297533,Minor injury,2016,15,Sideswipe,Multi-Vehicle,153.03292,-27.4583474,Wickham St,,Fortitude Valley,Brisbane Central,No Roadway Feature,No traffic control,0 - 50 km/h,Sealed - Dry,Daylight,Straight,Veh'S Same Direction: Lane Change Left,Lane changes,0,0,0,1,1,2,0,0,0,0,0,0
297536,Hospitalisation,2016,15,Angle,Multi-Vehicle,153.013548,-27.349498,Gympie Arterial Rd,Hawbridge St,Carseldine,Aspley,Intersection - T-Junction,Give way sign,60 km/h,Sealed - Dry,Daylight,Straight,Veh'S Adjacant Approach: Thru-Left,Intersection from adjacent approaches,0,1,0,0,1,1,1,0,0,0,0,0
297548,Hospitalisation,2016,23,Hit object,Single Vehicle,153.059251,-27.395278,Sandgate Sub-Arterial Rd,,Nundah,Clayfield,No Roadway Feature,No traffic control,60 km/h,Sealed - Dry,Darkness - Lighted,Straight,Off Path-Straight:Right Off Cway Hit Obj,Off carriageway on straight hit object,0,1,1,0,2,1,0,0,0,0,0,0
297549,Medical treatment,2016,10,Hit object,Single Vehicle,152.987049,-27.397607,Dargie St,Everton Park - Albany Creek Rd,Everton Park,Everton,Intersection - T-Junction,Operating traffic lights,60 km/h,Sealed - Dry,Daylight,Curved - view obscured,Veh'S Opposite Approach: Thru-Right,Opposing vehicles turning,0,0,1,0,1,1,1,0,0,0,0,0