Crash_Ref_Number,Severity,Year,Hour,Crash_Nature,Crash_Type,Longitude,Latitude,Street,Street_Intersecting,Suburb,Loc_State_Electorate,Crash_Roadway_Feature,Crash_Traffic_Control,Crash_Speed_Limit,Crash_Road_Surface_Condition,Crash_Lighting_Condition,Crash_Road_Horiz_Align,Crash_DCA_Description,Crash_DCA_Group_Description,Count_Casualty_Fatality,Count_Casualty_Hospitalised,Count_Casualty_MedicallyTreated,Count_Casualty_MinorInjury,Count_Casualty_Total,Count_Unit_Car,Count_Unit_Motorcycle_Moped,Count_Unit_Truck,Count_Unit_Bus,Count_Unit_Bicycle,Count_Unit_Pedestrian,Count_Unit_Other
297572,Fatal,2016,19,Hit pedestrian,Hit pedestrian,153.010309,-27.462989,Caxton St,,Milton,Mount Coot-tha,No Roadway Feature,No traffic control,0 - 50 km/h,Sealed - Dry,Darkness - Lighted,Straight,Ped'N: Play; Work; Stand; Lie On C'Way,Pedestrian,1,0,0,0,1,1,0,0,0,0,1,0
297573,Medical treatment,2016,14,Rear-end,Multi-Vehicle,153.011079,-27.449164,Kelvin Grove Rd,Lorimer Tce,Kelvin Grove,Brisbane Central,Intersection - Cross,Operating traffic lights,60 km/h,Sealed - Dry,Daylight,Straight,Veh'S Same Direction: Right Rear,Rear-end,0,0,1,0,1,2,0,0,0,0,0,0
297574,Medical treatment,2016,20,Hit pedestrian,Hit pedestrian,153.031636,-27.455987,Brunswick St,St Pauls Tce,Fortitude Valley,Brisbane Central,Intersection - 5+ way,Operating traffic lights,0 - 50 km/h,Sealed - Dry,Darkness - Lighted,Straight,Ped'N: Far Side Vehicle Hit From Left,Pedestrian,0,0,1,0,1,1,0,0,0,0,1,0
297575,Hospitalisation,2016,15,Hit pedestrian,Hit pedestrian,153.032822,-27.460654,Ann St,,Fortitude Valley,Brisbane Central,Intersection - T-Junction,Operating traffic lights,60 km/h,Sealed - Wet,Daylight,Straight,Ped'N: Near Side Vehicle Hit From Right,Pedestrian,0,2,0,0,2,1,0,0,0,0,2,0
297576,Hospitalisation,2016,7,Hit object,Single Vehicle,153.036922,-27.459981,Brunswick St,Martin St,Fortitude Valley,Brisbane Central,Intersection - T-Junction,No traffic control,60 km/h,Sealed - Dry,Daylight,Straight,Off Path-Straight:Right Off Cway Hit Obj,Off carriageway on straight hit object,0,1,0,0,1,1,0,0,0,0,0,0
297577,Medical treatment,2016,9,Angle,Multi-Vehicle,153.031636,-27.455987,Brunswick St,St Pauls Tce,Fortitude Valley,Brisbane Central,Intersection - 5+ way,Operating traffic lights,60 km/h,Sealed - Dry,Daylight,Straight,Veh'S Adjacent Approach: Thru-Thru,Intersection from adjacent approaches,0,0,1,0,1,2,0,0,0,0,0,0
297580,Minor injury,2016,14,Rear-end,Multi-Vehicle,153.0133754,-27.41006823,East - West Arterial Rd,,Stafford,Stafford,No Roadway Feature,No traffic control,0 - 50 km/h,Sealed - Dry,Daylight,Straight,Veh'S Manoeuvring: Other,Other,0,0,0,1,1,2,0,0,0,0,0,0
297581,Medical treatment,2016,11,Angle,Multi-Vehicle,153.015706,-27.417495,Billabong St,Webster Rd,Stafford,Stafford,Intersection - Cross,Operating traffic lights,0 - 50 km/h,Sealed - Dry,Daylight,Straight,Veh'S Opposite Approach: Thru-Right,Opposing vehicles turning,0,0,1,0,1,1,0,0,0,1,0,0
297616,Hospitalisation,2016,0,Hit pedestrian,Hit pedestrian,153.030643,-27.465454,Queen St,,Brisbane City,Brisbane Central,No Roadway Feature,No traffic control,0 - 50 km/h,Sealed - Dry,Darkness - Lighted,Curved - view open,Ped'N: Far Side Vehicle Hit From Left,Pedestrian,0,1,0,0,1,1,0,0,0,0,1,0
297646,Medical treatment,2016,8,Rear-end,Multi-Vehicle,152.9689655,-27.44840757,Waterworks Rd,,Ashgrove,Ashgrove,No Roadway Feature,No traffic control,60 km/h,Sealed - Dry,Daylight,Straight,Veh'S Same Direction: Rear End,Rear-end,0,0,1,0,1,2,0,0,0,0,0,0
297676,Medical treatment,2016,13,Hit parked vehicle,Single Vehicle,152.987923,-27.469361,Western Arterial Rd,,Bardon,Mount Coot-tha,No Roadway Feature,No traffic control,60 km/h,Sealed - Dry,Daylight,Curved - view open,Off Path-Curve: Off Cway Rt Bend Hit Obj,Off carriageway on curve hit object,0,0,1,0,1,3,0,0,0,0,0,0
297678,Medical treatment,2016,9,Hit pedestrian,Hit pedestrian,153.029368,-27.467787,Creek St,Elizabeth St,Brisbane City,Brisbane Central,Intersection - Cross,Operating traffic lights,0 - 50 km/h,Sealed - Dry,Daylight,Straight,Ped'N: Near Side Vehicle Hit From Right,Pedestrian,0,0,1,0,1,1,0,0,0,0,1,0
297680,Medical treatment,2016,8,Angle,Multi-Vehicle,153.0117634,-27.40874615,Harold St,,Stafford,Stafford,No Roadway Feature,No traffic control,0 - 50 km/h,Sealed - Dry,Daylight,Straight,Veh'S Overtaking: Overtake-Right Turn,Overtaking same direction,0,0,1,0,1,2,0,0,0,0,0,0
297681,Medical treatment,2016,11,Rear-end,Multi-Vehicle,153.00084,-27.391658,Karloff Dr,Parton St,Stafford Heights,Stafford,Intersection - T-Junction,No traffic control,60 km/h,Sealed - Dry,Daylight,Straight,Veh'S Same Direction: Right Rear,Rear-end,0,0,1,0,1,2,0,0,0,0,0,0
297684,Medical treatment,2016,14,Rear-end,Multi-Vehicle,153.033138,-27.366268,Croker St,Robinson Rd W,Aspley,Nudgee,Intersection - T-Junction,Supervised school crossing,0 - 50 km/h,Sealed - Dry,Daylight,Straight,Veh'S Same Direction: Right Rear,Rear-end,0,0,1,0,1,2,0,0,0,0,0,0
297685,Hospitalisation,2016,12,Sideswipe,Multi-Vehicle,153.016078,-27.365597,Maundrell Tce,Valis St,Aspley,Aspley,Intersection - T-Junction,No traffic control,60 km/h,Sealed - Dry,Daylight,Straight,Veh'S Same Direction: Right Turn S/Swipe,Parallel lanes turning,0,1,0,0,1,2,0,0,0,0,0,0
297693,Medical treatment,2016,10,Rear-end,Multi-Vehicle,153.070763,-27.437463,Kingsford Smith Dr,Nudgee Rd,Hamilton,Clayfield,Intersection - Cross,Operating traffic lights,0 - 50 km/h,Sealed - Dry,Daylight,Straight,Veh'S Same Direction: Rear End,Rear-end,0,0,1,0,1,1,0,1,0,0,0,0
297709,Hospitalisation,2016,8,Angle,Multi-Vehicle,152.999614,-27.447856,Eagar St,Waterworks Rd,Ashgrove,Ashgrove,Intersection - T-Junction,No traffic control,60 km/h,Sealed - Wet,Daylight,Straight,Veh'S Opposite Approach: Thru-Right,Opposing vehicles turning,0,2,0,0,2,2,0,0,0,0,0,0
297710,Minor injury,2016,16,Hit object,Single Vehicle,152.946141,-27.427823,Settlement Rd,,Keperra,Ferny Grove,No Roadway Feature,No traffic control,60 km/h,Sealed - Wet,Daylight,Curved - view open,Veh'S Opposite Approach: Head On,Head-on,0,0,0,1,1,2,0,0,0,0,0,0
297717,Hospitalisation,2016,17,Angle,Multi-Vehicle,153.018244,-27.36402,Centre St,Robinson Rd W,Aspley,Aspley,Intersection - T-Junction,Give way sign,60 km/h,Sealed - Wet,Darkness - Lighted,Straight,Veh'S Adjacent Approach: Thru-Right,Intersection from adjacent approaches,0,1,0,0,1,2,0,0,0,0,0,0
297723,Minor injury,2016,13,Hit object,Single Vehicle,152.990869,-27.407269,East - West Arterial Rd,Everton Park - Albany Creek Rd,Everton Park,Everton,Intersection - Cross,Operating traffic lights,60 km/h,Sealed - Wet,Dawn/Dusk,Straight,Veh'S Same Direction: Right Rear,Rear-end,0,0,0,1,1,2,0,0,0,0,0,0
297749,Medical treatment,2016,7,Angle,Multi-Vehicle,153.021995,-27.40256,Bayview St,Clifford St,Stafford Heights,Stafford,Intersection - Cross,Stop sign,0 - 50 km/h,Sealed - Dry,Daylight,Straight,Veh'S Adjacent Approach: Thru-Right,Intersection from adjacent approaches,0,0,1,0,1,1,1,0,0,0,0,0
297751,Medical treatment,2016,15,Rear-end,Multi-Vehicle,153.030522,-27.384531,Bouchard St,Gympie Arterial Rd,Chermside,Nudgee,Intersection - Cross,Operating traffic lights,60 km/h,Sealed - Dry,Daylight,Straight,Veh'S Same Direction: Rear End,Rear-end,0,0,1,0,1,2,0,0,0,0,0,0
297752,Medical treatment,2016,15,Rear-end,Multi-Vehicle,153.034339,-27.386757,Kingsmill St,,Chermside,Nudgee,No Roadway Feature,No traffic control,60 km/h,Sealed - Dry,Daylight,Straight,Veh'S Same Direction: Rear End,Rear-end,0,0,1,0,1,2,0,0,0,0,0,0
297753,Minor injury,2016,9,Rear-end,Multi-Vehicle,153.0347731,-27.38614732,Kittyhawk Dr,,Chermside,Nudgee,No Roadway Feature,No traffic control,60 km/h,Sealed - Dry,Daylight,Straight,Veh'S Same Direction: Rear End,Rear-end,0,0,0,1,1,2,0,0,0,0,0,0
297756,Medical treatment,2016,17,Rear-end,Multi-Vehicle,153.068465,-27.411486,East - West Arterial Rd,,Hendra,Clayfield,No Roadway Feature,No traffic control,70 km/h,Sealed - Dry,Dawn/Dusk,Straight,Veh'S Same Direction: Rear End,Rear-end,0,0,1,0,1,2,0,0,0,0,0,0
297757,Medical treatment,2016,7,Rear-end,Multi-Vehicle,152.991763,-27.417145,Hurdcotte St,South Pine Rd,Enoggera,Ashgrove,Intersection - Cross,Operating traffic lights,0 - 50 km/h,Sealed - Dry,Daylight,Straight,Veh'S Same Direction: Rear End,Rear-end,0,0,1,0,1,2,0,0,0,0,0,0
297787,Medical treatment,2016,17,Rear-end,Multi-Vehicle,152.998331,-27.424338,Samford Rd,,Alderley,Ashgrove,No Roadway Feature,No traffic control,60 km/h,Sealed - Dry,Dawn/Dusk,Straight,Veh'S Same Direction: Rear End,Rear-end,0,0,2,0,2,3,0,0,0,0,0,0
297812,Medical treatment,2016,0,Hit object,Single Vehicle,153.018039,-27.379912,Kanofski St,Marban St,Chermside West,Aspley,Intersection - T-Junction,No traffic control,0 - 50 km/h,Sealed - Dry,Darkness - Lighted,Curved - view open,Off Path-Curve: Off Cway Rt Bend Hit Obj,Off carriageway on curve hit object,0,0,2,0,2,1,0,0,0,0,0,0
297813,Medical treatment,2016,16,Hit pedestrian,Hit pedestrian,153.043089,-27.355443,Maher St,,Zillmere,Nudgee,No Roadway Feature,No traffic control,0 - 50 km/h,Sealed - Dry,Daylight,Straight,Ped'N: Far Side Vehicle Hit From Left,Pedestrian,0,0,1,0,1,1,0,0,0,0,1,0
297814,Minor injury,2016,18,Angle,Multi-Vehicle,153.039879,-27.350281,Beams Rd,Handford Rd,Zillmere,Sandgate,Intersection - Cross,Operating traffic lights,60 km/h,Sealed - Dry,Darkness - Lighted,Straight,Veh'S Adjacent Approach: Left-Right,Intersection from adjacent approaches,0,0,0,1,1,2,0,0,0,0,0,0
297815,Hospitalisation,2016,12,Rear-end,Multi-Vehicle,153.038744,-27.367106,Robinson Rd W,,Geebung,Nudgee,No Roadway Feature,No traffic control,60 km/h,Sealed - Dry,Daylight,Straight,Veh'S Same Direction: Rear End,Rear-end,0,1,0,2,3,3,0,0,0,0,0,0
297816,Medical treatment,2016,14,Rear-end,Multi-Vehicle,153.030883,-27.3855101,Gympie Arterial Rd,,Chermside,Nudgee,No Roadway Feature,No traffic control,60 km/h,Sealed - Dry,Daylight,Straight,Veh'S Same Direction: Rear End,Rear-end,0,0,1,0,1,2,0,0,0,0,0,0
297820,Medical treatment,2016,11,Angle,Multi-Vehicle,153.014854,-27.422355,Grange Rd,Raymont Rd,Grange,Stafford,Intersection - T-Junction,Operating traffic lights,60 km/h,Sealed - Dry,Daylight,Straight,Veh'S Opposite Approach: Thru-Right,Opposing vehicles turning,0,0,1,0,1,2,0,0,0,0,0,0
297839,Medical treatment,2016,14,Head-on,Multi-Vehicle,153.028211,-27.463559,Turbot St,Wharf St,Spring Hill,Brisbane Central,Intersection - Cross,Operating traffic lights,60 km/h,Sealed - Dry,Daylight,Straight,Veh'S Adjacent Approach: Left-Thru,Intersection from adjacent approaches,0,0,1,0,1,2,0,0,0,0,0,0
297841,Medical treatment,2016,15,Angle,Multi-Vehicle,152.99082,-27.50215,Carawa St,Indooroopilly Rd,Taringa,Indooroopilly,Intersection - Roundabout,Give way sign,60 km/h,Sealed - Dry,Daylight,Straight,Veh'S Adjacent Approach: Thru-Thru,Intersection from adjacent approaches,0,0,1,0,1,3,0,0,0,0,0,0
297842,Hospitalisation,2016,17,Rear-end,Multi-Vehicle,153.0434494,-27.31276649,Gateway Arterial Rd,,Bracken Ridge,Sandgate,Intersection - Interchange,No traffic control,100 - 110 km/h,Sealed - Wet,Daylight,Straight,Veh'S Same Direction: Rear End,Rear-end,0,2,0,1,3,2,0,0,0,0,0,0
297843,Minor injury,2016,14,Rear-end,Multi-Vehicle,153.011308,-27.409766,East - West Arterial Rd,Windorah St,Stafford,Stafford,Intersection - T-Junction,Operating traffic lights,60 km/h,Sealed - Dry,Daylight,Straight,Veh'S Same Direction: Rear End,Rear-end,0,0,0,1,1,2,0,0,0,0,0,0
297844,Hospitalisation,2016,7,Angle,Multi-Vehicle,153.012122,-27.386667,Kinnerton St,Maundrell Tce,Chermside West,Stafford,Intersection - Cross,Stop sign,60 km/h,Sealed - Dry,Daylight,Straight,Veh'S Adjacent Approach: Right-Thru,Intersection from adjacent approaches,0,1,1,0,2,2,0,0,0,0,0,0
297852,Hospitalisation,2016,19,Hit pedestrian,Hit pedestrian,153.0686949,-27.39171866,Gympie St,Toombul St,Northgate,Nudgee,Intersection - T-Junction,No traffic control,0 - 50 km/h,Sealed - Dry,Darkness - Lighted,Straight,Ped'N: Near Side Vehicle Hit From Right,Pedestrian,0,1,0,0,1,1,0,0,0,0,1,0
297853,Hospitalisation,2016,8,Fall from vehicle,Single Vehicle,152.800084,-27.400318,Mount Nebo Rd,,Enoggera Reservoir,Ashgrove,No Roadway Feature,No traffic control,70 km/h,Sealed - Dry,Daylight,Curved - view obscured,Off Path-Curve: Out Of Control On Cway,Out of control on curve,0,1,0,0,1,0,1,0,0,0,0,0
297872,Minor injury,2016,15,Rear-end,Multi-Vehicle,153.0219039,-27.47159475,South East Arterial Rd,,Brisbane City,Brisbane Central,No Roadway Feature,No traffic control,60 km/h,Sealed - Dry,Daylight,Straight,Veh'S Same Direction: Lane Side Swipe,Lane changes,0,0,0,1,1,2,0,0,0,0,0,0
297875,Hospitalisation,2016,8,Hit pedestrian,Hit pedestrian,152.977664,-27.4997984,Clarence Rd,,Indooroopilly,Indooroopilly,No Roadway Feature,Pedestrian crossing sign,0 - 50 km/h,Sealed - Dry,Daylight,Straight,Ped'N: Near Side Vehicle Hit From Right,Pedestrian,0,1,0,0,1,1,0,0,0,0,1,0
297878,Hospitalisation,2016,9,Rear-end,Multi-Vehicle,153.02134,-27.303733,Gateway Arterial Rd,,Bald Hills,Sandgate,No Roadway Feature,No traffic control,100 - 110 km/h,Sealed - Dry,Daylight,Curved - view open,Veh'S Same Direction: Rear End,Rear-end,0,1,0,0,1,5,0,0,0,0,0,0
297879,Hospitalisation,2016,7,Angle,Multi-Vehicle,153.037888,-27.394415,Barker St,Rode Rd,Wavell Heights,Nudgee,Intersection - T-Junction,Give way sign,60 km/h,Sealed - Dry,Daylight,Straight,Veh'S Adjacant Approach: Thru-Left,Intersection from adjacent approaches,0,1,0,0,1,2,0,0,1,0,0,0
297880,Medical treatment,2016,15,Rear-end,Multi-Vehicle,153.0317823,-27.39355679,Rode Rd,,Chermside,Nudgee,No Roadway Feature,No traffic control,60 km/h,Sealed - Dry,Daylight,Straight,Veh'S Same Direction: Rear End,Rear-end,0,0,1,0,1,2,0,0,0,0,0,0
297888,Medical treatment,2016,18,Sideswipe,Multi-Vehicle,153.0304113,-27.44143407,Lutwyche Rd,,Windsor,Brisbane Central,No Roadway Feature,No traffic control,60 km/h,Sealed - Dry,Darkness - Lighted,Straight,Veh'S Same Direction: Lane Change Right,Lane changes,0,0,1,0,1,1,1,0,0,0,0,0
297920,Medical treatment,2016,21,Angle,Multi-Vehicle,153.04106,-27.430572,Albion Overpass,Hudson Rd,Albion,Clayfield,Intersection - Cross,Operating traffic lights,0 - 50 km/h,Sealed - Dry,Darkness - Lighted,Straight,Veh'S Adjacent Approach: Thru-Thru,Intersection from adjacent approaches,0,0,1,0,1,2,0,0,0,0,0,0
297935,Minor injury,2016,7,Rear-end,Multi-Vehicle,153.015638,-27.457629,Inner City Bypass,,Kelvin Grove,Brisbane Central,No Roadway Feature,No traffic control,80 - 90 km/h,Sealed - Dry,Daylight,Straight,Veh'S Same Direction: Rear End,Rear-end,0,0,0,1,1,2,0,0,0,0,0,0
297937,Hospitalisation,2016,7,Hit pedestrian,Hit pedestrian,152.9473147,-27.51113757,Marshall La,,Kenmore,Moggill,No Roadway Feature,No traffic control,0 - 50 km/h,Sealed - Dry,Daylight,Straight,Ped'N: Near Side Vehicle Hit From Right,Pedestrian,0,1,0,0,1,1,0,0,0,0,1,0
297938,Medical treatment,2016,8,Angle,Multi-Vehicle,152.919586,-27.496901,Brookfield Rd,Jacaranda Ave,Kenmore Hills,Moggill,Intersection - T-Junction,No traffic control,60 km/h,Sealed - Dry,Daylight,Curved - view obscured,Veh'S Adjacent Approach: Thru-Right,Intersection from adjacent approaches,0,0,1,0,1,2,0,0,0,0,0,0
297942,Medical treatment,2016,6,Sideswipe,Multi-Vehicle,153.032064,-27.404824,Gympie Arterial Rd,Howell St,Kedron,Clayfield,Intersection - T-Junction,Give way sign,60 km/h,Sealed - Dry,Daylight,Straight,Veh'S Adjacent Approach: Right-Thru,Intersection from adjacent approaches,0,0,1,1,2,2,0,0,0,0,0,0
297956,Medical treatment,2016,1,Rear-end,Multi-Vehicle,153.0118461,-27.45827538,Kensington Pde,,Red Hill,Mount Coot-tha,No Roadway Feature,No traffic control,60 km/h,Sealed - Dry,Daylight,Curved - view open,Veh'S Same Direction: Rear End,Rear-end,0,0,1,0,1,2,0,0,0,0,0,0
297957,Medical treatment,2016,16,Angle,Multi-Vehicle,153.043519,-27.447009,Evelyn St,,Newstead,Brisbane Central,No Roadway Feature,No traffic control,0 - 50 km/h,Sealed - Dry,Daylight,Straight,Veh'S Manoeuvring: Leaving Parking,Vehicle leaving driveway,0,0,1,0,1,1,1,0,0,0,0,0
297958,Medical treatment,2016,8,Angle,Multi-Vehicle,153.03574,-27.459051,Brunswick St,Mclachlan St,Fortitude Valley,Brisbane Central,Intersection - Cross,Operating traffic lights,60 km/h,Sealed - Dry,Daylight,Straight,Veh'S Opposite Approach: Thru-Right,Opposing vehicles turning,0,0,1,0,1,2,0,0,0,0,0,0
297959,Hospitalisation,2016,11,Angle,Multi-Vehicle,152.938932,-27.493961,Dillingen St,Mukurta St,Chapel Hill,Moggill,Intersection - T-Junction,No traffic control,60 km/h,Sealed - Dry,Daylight,Curved - view open,Veh'S Adjacent Approach: Thru-Right,Intersection from adjacent approaches,0,1,0,0,1,2,0,0,0,0,0,0
297960,Hospitalisation,2016,15,Angle,Multi-Vehicle,153.014689,-27.417346,Stone St,Wolverhampton St,Stafford,Stafford,Intersection - T-Junction,No traffic control,0 - 50 km/h,Sealed - Dry,Daylight,Straight,Veh'S Adjacent Approach: Thru-Right,Intersection from adjacent approaches,0,1,0,0,1,1,1,0,0,0,0,0
297961,Medical treatment,2016,8,Rear-end,Multi-Vehicle,153.019373,-27.398075,Kitchener Rd,Webster Rd,Kedron,Stafford,Intersection - Cross,Operating traffic lights,60 km/h,Sealed - Dry,Daylight,Straight,Veh'S Same Direction: Rear End,Rear-end,0,0,1,0,1,2,0,0,0,0,0,0
297975,Fatal,2016,19,Hit object,Single Vehicle,152.984848,-27.392179,Everton Park - Albany Creek Rd,,Everton Park,Everton,No Roadway Feature,No traffic control,60 km/h,Sealed - Dry,Darkness - Lighted,Curved - view open,Veh'S Opposite Approach: Head On,Head-on,1,0,1,0,2,2,0,0,0,0,0,0
297994,Minor injury,2016,8,Hit pedestrian,Hit pedestrian,153.03574,-27.459051,Brunswick St,Mclachlan St,Fortitude Valley,Brisbane Central,Intersection - Cross,Operating traffic lights,0 - 50 km/h,Sealed - Dry,Daylight,Straight,Ped'N: Near Side Vehicle Hit From Right,Pedestrian,0,0,0,1,1,1,0,0,0,0,1,0
297995,Medical treatment,2016,14,Rear-end,Multi-Vehicle,152.998883,-27.477827,Chasely St,Dunmore Tce,Auchenflower,Mount Coot-tha,Intersection - T-Junction,No traffic control,0 - 50 km/h,Sealed - Dry,Daylight,Straight,Veh'S Manoeuvring: Parking,Hit parked vehicle,0,0,1,0,1,1,1,0,0,0,0,0
297996,Hospitalisation,2016,11,Angle,Multi-Vehicle,153.0084303,-27.33258166,Gympie Rd,,Bald Hills,Aspley,No Roadway Feature,Operating traffic lights,60 km/h,Sealed - Dry,Daylight,Straight,Veh'S Opposite Approach: Thru-Right,Opposing vehicles turning,0,1,0,0,1,2,0,0,0,0,0,0
297999,Fatal,2016,20,Hit pedestrian,Hit pedestrian,153.044511,-27.336811,Lemke Rd,,Taigum,Sandgate,No Roadway Feature,No traffic control,60 km/h,Sealed - Dry,Darkness - Lighted,Straight,Ped'N: Far Side Vehicle Hit From Left,Pedestrian,1,0,0,0,1,1,0,0,0,0,1,0
298000,Minor injury,2016,14,Sideswipe,Multi-Vehicle,153.010862,-27.341028,Gympie Arterial Rd,,Carseldine,Aspley,No Roadway Feature,No traffic control,80 - 90 km/h,Sealed - Dry,Daylight,Straight,Veh'S Manoeuvring: Other,Other,0,0,0,1,1,2,0,0,0,0,0,0
298006,Medical treatment,2016,6,Fall from vehicle,Single Vehicle,152.981742,-27.417193,Burdekin St,Samford Sub-Arterial Rd,Gaythorne,Everton,Intersection - T-Junction,No traffic control,60 km/h,Sealed - Dry,Daylight,Straight,Off Path-Straight:Out Of Control On Cway,Out of control on straight,0,0,1,0,1,0,1,0,0,0,0,0
298041,Minor injury,2016,11,Rear-end,Multi-Vehicle,153.0356152,-27.46316733,Story Bridge,,Fortitude Valley,Brisbane Central,Bridge/Causeway,No traffic control,60 km/h,Sealed - Dry,Daylight,Straight,Veh'S Same Direction: Rear End,Rear-end,0,0,0,1,1,2,0,0,0,0,0,0
298042,Medical treatment,2016,15,Rear-end,Multi-Vehicle,152.963514,-27.502785,Western Arterial Rd,Western Fwy,Indooroopilly,Indooroopilly,Intersection - Interchange,Give way sign,60 km/h,Sealed - Dry,Daylight,Straight,Veh'S Same Direction: Left Rear,Rear-end,0,0,2,0,2,2,0,0,0,0,0,0
298079,Medical treatment,2016,12,Angle,Multi-Vehicle,153.028211,-27.463559,Turbot St,Wharf St,Spring Hill,Brisbane Central,Intersection - Cross,Operating traffic lights,60 km/h,Sealed - Dry,Daylight,Straight,Veh'S Adjacent Approach: Thru-Thru,Intersection from adjacent approaches,0,0,2,0,2,2,0,0,0,0,0,0
298080,Medical treatment,2016,21,Rear-end,Multi-Vehicle,153.035239,-27.460501,Bradfield Hwy,,Fortitude Valley,Brisbane Central,Intersection - Interchange,No traffic control,60 km/h,Sealed - Dry,Darkness - Lighted,Curved - view obscured,Veh'S Same Direction: Other,Other,0,0,1,0,1,2,0,0,0,0,0,0
298085,Medical treatment,2016,11,Angle,Multi-Vehicle,152.99047,-27.423949,Audrey St,Western Arterial Rd,Enoggera,Ashgrove,Intersection - T-Junction,No traffic control,60 km/h,Sealed - Dry,Daylight,Straight,Veh'S Opposite Approach: Thru-Right,Opposing vehicles turning,0,0,1,0,1,2,0,0,0,0,0,0
298099,Medical treatment,2016,8,Rear-end,Multi-Vehicle,153.026741,-27.471181,Albert St,Charlotte St,Brisbane City,Brisbane Central,Intersection - Cross,Operating traffic lights,0 - 50 km/h,Sealed - Dry,Daylight,Straight,Veh'S Same Direction: Rear End,Rear-end,0,0,2,0,2,2,0,0,0,0,0,0
298130,Medical treatment,2016,20,Angle,Multi-Vehicle,153.06531,-27.399676,Melton Rd,Nellie St,Nundah,Nudgee,Intersection - T-Junction,Stop sign,0 - 50 km/h,Sealed - Dry,Daylight,Straight,Veh'S Adjacent Approach: Thru-Thru,Intersection from adjacent approaches,0,0,1,0,1,2,0,0,0,0,0,0
298131,Medical treatment,2016,17,Rear-end,Multi-Vehicle,152.949018,-27.42569,Settlement Rd,,Keperra,Ferny Grove,No Roadway Feature,No traffic control,60 km/h,Sealed - Dry,Dawn/Dusk,Curved - view obscured,Veh'S Same Direction: Rear End,Rear-end,0,0,1,1,2,2,0,0,0,0,0,0
298144,Medical treatment,2016,7,Rear-end,Multi-Vehicle,153.011664,-27.460876,Hale St,,Paddington,Mount Coot-tha,No Roadway Feature,No traffic control,70 km/h,Sealed - Dry,Daylight,Straight,Veh'S Same Direction: Rear End,Rear-end,0,0,1,0,1,2,0,0,0,0,0,0
298145,Minor injury,2016,9,Rear-end,Multi-Vehicle,153.0107983,-27.49448178,Sir Fred Schonell Dr,,St Lucia,Indooroopilly,No Roadway Feature,Pedestrian crossing sign,0 - 50 km/h,Sealed - Wet,Daylight,Straight,Veh'S Same Direction: Rear End,Rear-end,0,0,0,1,1,2,0,0,0,0,0,0
298149,Medical treatment,2016,6,Angle,Multi-Vehicle,153.055789,-27.372481,Bilsen Rd,,Geebung,Nudgee,No Roadway Feature,No traffic control,60 km/h,Sealed - Dry,Daylight,Straight,Veh'S Manoeuvring: Entering From Footway,Vehicle leaving driveway,0,0,1,0,1,1,1,0,0,0,0,0
298157,Medical treatment,2016,16,Angle,Multi-Vehicle,153.040828,-27.432025,Hudson Rd,Mill St,Albion,Clayfield,Intersection - T-Junction,No traffic control,60 km/h,Sealed - Dry,Daylight,Straight,Veh'S Opposite Approach: Thru-Right,Opposing vehicles turning,0,0,1,0,1,2,0,0,0,0,0,0
298158,Hospitalisation,2016,16,Rear-end,Multi-Vehicle,153.035853,-27.418053,Lutwyche Rd,Norman St,Lutwyche,Clayfield,Intersection - Cross,Operating traffic lights,60 km/h,Sealed - Dry,Daylight,Straight,Veh'S Same Direction: Left Rear,Rear-end,0,1,1,0,2,2,0,0,0,0,1,0
298176,Medical treatment,2016,9,Fall from vehicle,Single Vehicle,153.015966,-27.454251,Carraway St,Victoria Pk Rd,Kelvin Grove,Brisbane Central,Intersection - T-Junction,No traffic control,0 - 50 km/h,Sealed - Dry,Daylight,Curved - view open,Off Path-Curve: Out Of Control On Cway,Out of control on curve,0,0,1,0,1,1,1,0,0,0,0,0
298177,Minor injury,2016,19,Angle,Multi-Vehicle,153.034463,-27.454513,Alfred St,Constance St,Fortitude Valley,Brisbane Central,Intersection - Cross,Stop sign,0 - 50 km/h,Sealed - Dry,Dawn/Dusk,Straight,Veh'S Adjacent Approach: Right-Thru,Intersection from adjacent approaches,0,0,0,1,1,2,0,0,0,0,0,0
298178,Hospitalisation,2016,17,Angle,Multi-Vehicle,153.04057,-27.440779,Thompson St,,Bowen Hills,Brisbane Central,No Roadway Feature,No traffic control,0 - 50 km/h,Sealed - Dry,Dawn/Dusk,Straight,Veh'S Manoeuvring: Leaving Driveway,Vehicle leaving driveway,0,1,0,0,1,1,1,0,0,0,0,0
298179,Medical treatment,2016,8,Angle,Multi-Vehicle,152.9439436,-27.51904934,Kersley Rd,,Kenmore,Moggill,No Roadway Feature,No traffic control,0 - 50 km/h,Sealed - Dry,Daylight,Curved - view open,Veh'S Opposite Approach: Thru-Right,Opposing vehicles turning,0,0,1,0,1,1,0,0,0,1,0,0