Crash_Ref_Number,Severity,Year,Hour,Crash_Nature,Crash_Type,Longitude,Latitude,Street,Street_Intersecting,Suburb,Loc_State_Electorate,Crash_Roadway_Feature,Crash_Traffic_Control,Crash_Speed_Limit,Crash_Road_Surface_Condition,Crash_Lighting_Condition,Crash_Road_Horiz_Align,Crash_DCA_Description,Crash_DCA_Group_Description,Count_Casualty_Fatality,Count_Casualty_Hospitalised,Count_Casualty_MedicallyTreated,Count_Casualty_MinorInjury,Count_Casualty_Total,Count_Unit_Car,Count_Unit_Motorcycle_Moped,Count_Unit_Truck,Count_Unit_Bus,Count_Unit_Bicycle,Count_Unit_Pedestrian,Count_Unit_Other
298180,Medical treatment,2016,15,Rear-end,Multi-Vehicle,152.975733,-27.49783,Coonan St,Keating St,Indooroopilly,Indooroopilly,No Roadway Feature,No traffic control,60 km/h,Sealed - Dry,Daylight,Straight,Veh'S Same Direction: Rear End,Rear-end,0,0,1,0,1,2,0,0,0,0,0,0
298181,Hospitalisation,2016,22,Hit object,Single Vehicle,153.044747,-27.30719,Barfoot St,,Brighton,Sandgate,No Roadway Feature,No traffic control,60 km/h,Sealed - Dry,Darkness - Lighted,Curved - view open,Off Path-Curve: Off Cway Rt Bend Hit Obj,Off carriageway on curve hit object,0,1,0,0,1,1,0,0,0,0,0,0
298182,Hospitalisation,2016,18,Angle,Multi-Vehicle,153.0322608,-27.4090189,Gympie Arterial Rd,,Kedron,Stafford,No Roadway Feature,No traffic control,0 - 50 km/h,Sealed - Dry,Daylight,Straight,Veh'S Manoeuvring: Other,Other,0,1,0,0,1,1,0,0,0,1,0,0
298185,Hospitalisation,2016,11,Rear-end,Multi-Vehicle,153.03144,-27.391464,Gympie Arterial Rd,,Chermside,Nudgee,No Roadway Feature,No traffic control,60 km/h,Sealed - Dry,Daylight,Straight,Veh'S Same Direction: Rear End,Rear-end,0,1,0,0,1,3,0,0,0,0,0,0
298186,Medical treatment,2016,14,Rear-end,Multi-Vehicle,153.012314,-27.345177,Gympie Arterial Rd,,Carseldine,Aspley,No Roadway Feature,No traffic control,70 km/h,Sealed - Dry,Daylight,Straight,Veh'S Same Direction: Rear End,Rear-end,0,0,1,0,1,4,0,0,0,0,0,0
298215,Medical treatment,2016,8,Rear-end,Multi-Vehicle,152.984678,-27.478245,Milton Rd,Western Arterial Rd,Toowong,Mount Coot-tha,Intersection - Roundabout,Give way sign,60 km/h,Sealed - Wet,Darkness - Lighted,Curved - view open,Veh'S Same Direction: Rear End,Rear-end,0,0,1,0,1,2,0,0,0,0,0,0
298220,Medical treatment,2016,8,Rear-end,Multi-Vehicle,153.039345,-27.353257,Handford Rd,,Zillmere,Nudgee,No Roadway Feature,No traffic control,70 km/h,Sealed - Dry,Daylight,Straight,Veh'S Same Direction: Rear End,Rear-end,0,0,1,0,1,2,0,0,0,0,0,0
298221,Medical treatment,2016,8,Angle,Multi-Vehicle,153.019894,-27.370859,Gympie Arterial Rd,Kildonan St,Aspley,Aspley,Intersection - T-Junction,Give way sign,70 km/h,Sealed - Dry,Daylight,Straight,Veh'S Adjacant Approach: Thru-Left,Intersection from adjacent approaches,0,0,1,1,2,2,0,0,0,0,0,0
298225,Medical treatment,2016,9,Rear-end,Multi-Vehicle,153.042638,-27.42185,Bridge St,Fraser St,Wooloowin,Clayfield,Intersection - Cross,No traffic control,0 - 50 km/h,Sealed - Dry,Daylight,Straight,Veh'S Same Direction: Rear End,Rear-end,0,0,1,0,1,2,0,0,0,0,0,0
298226,Medical treatment,2016,23,Hit object,Single Vehicle,153.0871586,-27.43201858,Kingsford Smith Dr,,Eagle Farm,Clayfield,No Roadway Feature,No traffic control,60 km/h,Sealed - Wet,Darkness - Lighted,Straight,Off Path-Straight: Left Off Cway Hit Obj,Off carriageway on straight hit object,0,0,1,0,1,1,0,0,0,0,0,1
298250,Hospitalisation,2016,8,Sideswipe,Multi-Vehicle,152.9692638,-27.44829671,Waterworks Rd,,Ashgrove,Ashgrove,No Roadway Feature,No traffic control,60 km/h,Sealed - Dry,Daylight,Straight,Veh'S Same Direction: Lane Side Swipe,Lane changes,0,1,0,0,1,1,0,0,0,1,0,0
298251,Medical treatment,2016,20,Angle,Multi-Vehicle,153.005443,-27.472843,Coronation Dr,Park Rd,Milton,Mount Coot-tha,Intersection - T-Junction,Operating traffic lights,60 km/h,Sealed - Dry,Darkness - Lighted,Straight,Veh'S Opposite Approach: Thru-Right,Opposing vehicles turning,0,0,1,0,1,2,0,0,0,0,0,0
298252,Hospitalisation,2016,15,Head-on,Multi-Vehicle,153.0022643,-27.49457411,Sir Fred Schonell Dr,,St Lucia,Indooroopilly,No Roadway Feature,No traffic control,60 km/h,Sealed - Wet,Daylight,Curved - view open,Veh'S Opposite Approach: Head On,Head-on,0,1,1,1,3,2,0,0,0,0,0,0
298278,Medical treatment,2016,16,Angle,Multi-Vehicle,152.964836,-27.506975,Kate St,Witton Rd,Indooroopilly,Indooroopilly,Intersection - Cross,Give way sign,0 - 50 km/h,Sealed - Dry,Daylight,Straight,Veh'S Adjacent Approach: Thru-Right,Intersection from adjacent approaches,0,0,2,0,2,2,0,0,0,0,0,0
298283,Medical treatment,2016,9,Sideswipe,Multi-Vehicle,152.9654768,-27.40352195,Railway Pde,,Mitchelton,Everton,No Roadway Feature,No traffic control,0 - 50 km/h,Sealed - Dry,Daylight,Straight,Veh'S Same Direction: Right Turn S/Swipe,Parallel lanes turning,0,0,1,0,1,2,0,0,0,0,0,0
298302,Hospitalisation,2016,11,Sideswipe,Multi-Vehicle,153.0629179,-27.43966602,Kingsford Smith Dr,Riverview Tce,Hamilton,Clayfield,Intersection - T-Junction,No traffic control,0 - 50 km/h,Sealed - Dry,Daylight,Straight,Veh'S Same Direction: Lane Change Left,Lane changes,0,1,0,0,1,1,0,1,0,0,0,0
298303,Medical treatment,2016,5,Rear-end,Multi-Vehicle,153.08825,-27.431495,Kingsford Smith Dr,Links Ave North,Eagle Farm,Clayfield,Intersection - Cross,Operating traffic lights,60 km/h,Sealed - Dry,Daylight,Straight,Veh'S Same Direction: Rear End,Rear-end,0,0,1,0,1,2,0,0,0,0,0,0
298304,Medical treatment,2016,12,Rear-end,Multi-Vehicle,153.00706,-27.439491,Enoggera Rd,,Newmarket,Brisbane Central,No Roadway Feature,No traffic control,0 - 50 km/h,Sealed - Dry,Daylight,Straight,Veh'S Same Direction: Rear End,Rear-end,0,0,1,0,1,3,0,0,0,0,0,0
298337,Hospitalisation,2016,5,Angle,Multi-Vehicle,153.064508,-27.438077,Racecourse Rd,Rossiter Pde,Hamilton,Clayfield,Intersection - T-Junction,Give way sign,0 - 50 km/h,Sealed - Dry,Dawn/Dusk,Straight,Veh'S Adjacent Approach: Right-Thru,Intersection from adjacent approaches,0,1,0,0,1,1,0,0,0,1,0,0
298338,Medical treatment,2016,10,Rear-end,Multi-Vehicle,153.064299,-27.439294,Kingsford Smith Dr,Racecourse Rd,Hamilton,Clayfield,Intersection - Cross,Operating traffic lights,0 - 50 km/h,Sealed - Dry,Daylight,Straight,Veh'S Same Direction: Rear End,Rear-end,0,0,1,0,1,2,0,0,0,0,0,0
298355,Minor injury,2016,9,Rear-end,Multi-Vehicle,153.030354,-27.461726,Boundary St,Turbot St,Spring Hill,Brisbane Central,Intersection - Cross,Operating traffic lights,60 km/h,Sealed - Dry,Daylight,Straight,Veh'S Same Direction: Right Rear,Rear-end,0,0,0,1,1,2,0,0,0,0,0,0
298388,Hospitalisation,2016,6,Angle,Multi-Vehicle,153.029159,-27.470615,Edward St,Mary St,Brisbane City,Brisbane Central,Intersection - Cross,Operating traffic lights,0 - 50 km/h,Sealed - Dry,Daylight,Straight,Veh'S Same Direction: Lane Change Right,Lane changes,0,1,0,0,1,2,0,0,0,0,0,0
298389,Medical treatment,2016,13,Sideswipe,Multi-Vehicle,153.0271585,-27.46550669,Ann St,Creek St,Brisbane City,Brisbane Central,Intersection - Cross,Operating traffic lights,0 - 50 km/h,Sealed - Dry,Daylight,Straight,Veh'S Same Direction: Right Turn S/Swipe,Parallel lanes turning,0,0,2,1,3,1,0,0,0,0,0,1
298390,Medical treatment,2016,11,Rear-end,Multi-Vehicle,153.007295,-27.467925,Cribb St,Milton Rd,Milton,Mount Coot-tha,Intersection - T-Junction,Operating traffic lights,0 - 50 km/h,Sealed - Dry,Daylight,Straight,Veh'S Same Direction: Left Rear,Rear-end,0,0,1,0,1,3,0,0,0,0,0,0
298391,Medical treatment,2016,19,Rear-end,Multi-Vehicle,153.0383872,-27.44443011,Abbotsford Rd,,Bowen Hills,Brisbane Central,No Roadway Feature,No traffic control,60 km/h,Sealed - Wet,Darkness - Lighted,Straight,Veh'S Same Direction: Rear End,Rear-end,0,0,2,0,2,3,0,0,0,0,0,0
298392,Medical treatment,2016,8,Rear-end,Multi-Vehicle,152.9761632,-27.47918207,Western Arterial Rd,,Mount Coot-tha,Mount Coot-tha,No Roadway Feature,No traffic control,60 km/h,Sealed - Dry,Darkness - Lighted,Straight,Veh'S Same Direction: Rear End,Rear-end,0,0,1,0,1,2,0,0,0,0,0,0
298397,Hospitalisation,2016,18,Fall from vehicle,Single Vehicle,153.0290106,-27.41217102,East - West Arterial Rd,,Gordon Park,Stafford,No Roadway Feature,No traffic control,60 km/h,Sealed - Wet,Darkness - Lighted,Straight,Pass & Misc: Other,Other,0,1,0,0,1,1,0,0,0,1,0,0
298409,Medical treatment,2016,16,Rear-end,Multi-Vehicle,153.070002,-27.394276,Melton Rd,,Northgate,Nudgee,No Roadway Feature,Pedestrian crossing sign,60 km/h,Sealed - Wet,Daylight,Straight,Veh'S Same Direction: Rear End,Rear-end,0,0,2,0,2,2,0,0,0,0,0,0
298410,Hospitalisation,2016,13,Angle,Multi-Vehicle,153.058927,-27.41259,East - West Arterial Rd,Kedron St,Clayfield,Clayfield,Intersection - T-Junction,No traffic control,60 km/h,Sealed - Dry,Daylight,Straight,Veh'S Opposite Approach: Thru-Right,Opposing vehicles turning,0,1,2,0,3,2,0,0,0,0,0,0
298411,Hospitalisation,2016,8,Angle,Multi-Vehicle,152.952907,-27.414829,Keperra St,Samford Sub-Arterial Rd,Keperra,Ferny Grove,Intersection - T-Junction,Give way sign,70 km/h,Sealed - Dry,Daylight,Curved - view obscured,Veh'S Adjacent Approach: Thru-Right,Intersection from adjacent approaches,0,1,1,0,2,2,0,0,0,0,0,0
298432,Hospitalisation,2016,14,Angle,Multi-Vehicle,152.989487,-27.447398,Bryant St,Western Arterial Rd,Ashgrove,Ashgrove,Intersection - T-Junction,No traffic control,60 km/h,Sealed - Dry,Daylight,Straight,Veh'S Opposite Approach: Thru-Right,Opposing vehicles turning,0,1,0,0,1,1,1,0,0,0,0,0
298436,Medical treatment,2016,13,Angle,Multi-Vehicle,153.030098,-27.362487,Brassington St,Weston St,Zillmere,Nudgee,Intersection - T-Junction,No traffic control,0 - 50 km/h,Sealed - Dry,Daylight,Straight,Veh'S Adjacent Approach: Thru-Right,Intersection from adjacent approaches,0,0,1,0,1,2,0,0,0,0,0,0
298441,Hospitalisation,2016,22,Angle,Multi-Vehicle,153.059932,-27.401894,Sandgate Rd,Station St,Nundah,Clayfield,Intersection - Cross,Operating traffic lights,0 - 50 km/h,Sealed - Dry,Darkness - Lighted,Straight,Veh'S Opposite Approach: Thru-Right,Opposing vehicles turning,0,1,0,0,1,1,1,0,0,0,0,0
298442,Hospitalisation,2016,9,Angle,Multi-Vehicle,153.087214,-27.368587,Hayden St,St Vincents Rd,Nudgee,Nudgee,Intersection - T-Junction,No traffic control,60 km/h,Sealed - Dry,Daylight,Straight,Veh'S Opposite Approach: Thru-Right,Opposing vehicles turning,0,1,0,0,1,1,1,0,0,0,0,0
298443,Medical treatment,2016,8,Sideswipe,Multi-Vehicle,153.0324258,-27.42726104,Lutwyche Rd,,Windsor,Brisbane Central,No Roadway Feature,No traffic control,60 km/h,Sealed - Dry,Daylight,Curved - view open,Veh'S Same Direction: Lane Change Left,Lane changes,0,0,1,0,1,0,2,0,0,0,0,0
298444,Minor injury,2016,5,Rear-end,Multi-Vehicle,152.987049,-27.397607,Dargie St,Everton Park - Albany Creek Rd,Everton Park,Everton,Intersection - Cross,Operating traffic lights,0 - 50 km/h,Sealed - Dry,Daylight,Straight,Veh'S Same Direction: Right Rear,Rear-end,0,0,0,1,1,2,0,0,0,0,0,0
298445,Hospitalisation,2016,17,Sideswipe,Multi-Vehicle,152.986312,-27.402654,Pullen Rd,,Everton Park,Everton,No Roadway Feature,No traffic control,60 km/h,Sealed - Dry,Daylight,Straight,Veh'S Same Direction: Rear End,Rear-end,0,1,0,0,1,2,1,0,0,0,0,0
298446,Hospitalisation,2016,22,Hit object,Single Vehicle,152.999436,-27.419771,Sicklefield Rd,,Enoggera,Ashgrove,No Roadway Feature,No traffic control,60 km/h,Sealed - Dry,Darkness - Lighted,Straight,Off Path-Straight: Left Off Cway Hit Obj,Off carriageway on straight hit object,0,1,0,0,1,0,1,0,0,0,0,0
298475,Hospitalisation,2016,9,Angle,Multi-Vehicle,152.948864,-27.414539,Samford Sub-Arterial Rd,Settlement Rd,Keperra,Ferny Grove,Intersection - T-Junction,Operating traffic lights,70 km/h,Sealed - Dry,Daylight,Straight,Veh'S Opposite Approach: Thru-Right,Opposing vehicles turning,0,1,0,1,2,2,0,0,0,0,0,0
298496,Hospitalisation,2016,5,Angle,Multi-Vehicle,153.037834,-27.453423,Brookes St,Wickham St,Fortitude Valley,Brisbane Central,Intersection - Cross,Operating traffic lights,60 km/h,Sealed - Wet,Darkness - Lighted,Straight,Veh'S Adjacent Approach: Thru-Thru,Intersection from adjacent approaches,0,1,0,1,2,2,0,0,0,0,0,0
298498,Medical treatment,2016,19,Head-on,Multi-Vehicle,152.96332,-27.5025284,Moggill Sub-Arterial Rd,Western Arterial Rd,Indooroopilly,Indooroopilly,Intersection - Interchange,Operating traffic lights,60 km/h,Sealed - Wet,Darkness - Lighted,Curved - view open,Veh'S Opposite Approach: Thru-Right,Opposing vehicles turning,0,0,2,0,2,2,0,0,0,0,0,0
298504,Hospitalisation,2016,16,Angle,Multi-Vehicle,152.974805,-27.409358,Blackwood St,Ruby Rd,Mitchelton,Everton,Intersection - Roundabout,Give way sign,0 - 50 km/h,Sealed - Dry,Daylight,Curved - view open,Veh'S Adjacent Approach: Thru-Thru,Intersection from adjacent approaches,0,1,0,0,1,1,0,0,0,1,0,0
298505,Medical treatment,2016,12,Hit object,Single Vehicle,152.990971,-27.407301,East - West Arterial Rd,Western Arterial Rd,Everton Park,Everton,Intersection - Cross,Operating traffic lights,60 km/h,Sealed - Wet,Daylight,Straight,Veh'S On Path: Temporary Object On C'Way,Other,0,0,1,0,1,1,0,0,0,0,0,0
298526,Hospitalisation,2016,20,Hit object,Single Vehicle,153.031444,-27.401852,Edinburgh Castle Rd,Gympie Arterial Rd,Kedron,Stafford,Intersection - T-Junction,Give way sign,60 km/h,Sealed - Dry,Darkness - Lighted,Straight,Off Path-Straight: Left Off Cway Hit Obj,Off carriageway on straight hit object,0,1,0,1,2,1,0,0,0,0,0,0
298535,Hospitalisation,2016,15,Angle,Multi-Vehicle,153.0828761,-27.37154043,St Vincents Rd,,Nudgee,Nudgee,No Roadway Feature,No traffic control,60 km/h,Sealed - Dry,Daylight,Straight,Veh'S Manoeuvring: Leaving Driveway,Vehicle leaving driveway,0,0,0,0,0,1,1,0,0,0,0,0
298536,Medical treatment,2016,13,Rear-end,Multi-Vehicle,152.9683273,-27.41046333,Samford Sub-Arterial Rd,,Mitchelton,Ashgrove,No Roadway Feature,No traffic control,60 km/h,Sealed - Dry,Daylight,Straight,Veh'S Same Direction: Rear End,Rear-end,0,0,1,0,1,3,0,0,0,0,0,0
298554,Medical treatment,2016,8,Rear-end,Multi-Vehicle,153.02164,-27.471338,South East Arterial Rd,Turbot St,Brisbane City,Brisbane Central,Intersection - Interchange,No traffic control,80 - 90 km/h,Sealed - Dry,Daylight,Straight,Veh'S Same Direction: Rear End,Rear-end,0,0,1,0,1,3,0,0,0,0,0,0
298556,Medical treatment,2016,19,Rear-end,Multi-Vehicle,153.01597,-27.355194,Graham Rd,Gympie Arterial Rd,Carseldine,Aspley,Intersection - T-Junction,Operating traffic lights,70 km/h,Sealed - Dry,Darkness - Lighted,Straight,Veh'S Same Direction: Rear End,Rear-end,0,0,1,0,1,2,0,0,0,0,0,0
298561,Hospitalisation,2016,15,Rear-end,Multi-Vehicle,153.0318206,-27.40361282,Gympie Arterial Rd,,Kedron,Clayfield,No Roadway Feature,No traffic control,60 km/h,Sealed - Dry,Daylight,Straight,Veh'S Same Direction: Rear End,Rear-end,0,1,0,0,1,4,0,0,0,0,0,0
298562,Medical treatment,2016,16,Angle,Multi-Vehicle,152.9996337,-27.42213621,South Pine Rd,,Enoggera,Stafford,Railway Crossing,Railway - lights and boom gate,60 km/h,Sealed - Dry,Daylight,Curved - view open,Pass & Misc: Hit Train,Train,0,0,1,0,1,0,0,0,1,0,0,1
298581,Medical treatment,2016,6,Sideswipe,Multi-Vehicle,153.0374041,-27.46036075,Brunswick St,,Fortitude Valley,Brisbane Central,No Roadway Feature,No traffic control,0 - 50 km/h,Sealed - Dry,Daylight,Straight,Veh'S Same Direction: Lane Change Right,Lane changes,0,0,1,0,1,3,0,0,0,0,0,0
298585,Minor injury,2016,6,Rear-end,Multi-Vehicle,153.008716,-27.330948,Gympie Rd,Linkfield Connection Rd,Bald Hills,Aspley,Intersection - T-Junction,Give way sign,60 km/h,Sealed - Dry,Dawn/Dusk,Straight,Veh'S Same Direction: Left Rear,Rear-end,0,0,0,1,1,2,0,0,0,0,0,0
298588,Medical treatment,2016,16,Rear-end,Multi-Vehicle,153.0598024,-27.3447476,Sandgate Sub-Arterial Rd,,Boondall,Nudgee,No Roadway Feature,No traffic control,60 km/h,Sealed - Wet,Dawn/Dusk,Straight,Veh'S Same Direction: Rear End,Rear-end,0,0,1,0,1,1,0,1,0,0,0,0
298594,Medical treatment,2016,13,Hit pedestrian,Hit pedestrian,153.034573,-27.419881,Lutwyche Rd,,Lutwyche,Clayfield,No Roadway Feature,No traffic control,60 km/h,Sealed - Wet,Daylight,Straight,Ped'N: Far Side Vehicle Hit From Left,Pedestrian,0,0,1,0,1,1,0,0,0,0,1,0
298606,Medical treatment,2016,11,Hit pedestrian,Hit pedestrian,153.027108,-27.471554,Albert St,,Brisbane City,Brisbane Central,No Roadway Feature,No traffic control,0 - 50 km/h,Sealed - Dry,Daylight,Straight,Ped'N: Near Side Vehicle Hit From Right,Pedestrian,0,0,2,0,2,1,1,0,0,0,2,0
298607,Hospitalisation,2016,11,Hit pedestrian,Hit pedestrian,152.9859348,-27.45693637,Belleview Pde,Western Arterial Rd,Bardon,Mount Coot-tha,Intersection - T-Junction,Give way sign,60 km/h,Sealed - Dry,Daylight,Straight,Ped'N: Far Side Vehicle Hit From Left,Pedestrian,0,1,0,0,1,1,0,0,0,0,1,0
298608,Minor injury,2016,16,Angle,Multi-Vehicle,153.04289,-27.459097,James St,Kent St,New Farm,Brisbane Central,Intersection - Roundabout,Give way sign,0 - 50 km/h,Sealed - Dry,Daylight,Straight,Veh'S Opposite Approach: Right-Right,Opposing vehicles turning,0,0,0,1,1,1,0,0,0,1,0,0
298609,Medical treatment,2016,19,Angle,Multi-Vehicle,152.955657,-27.517899,Fig Tree Pocket Rd,Western Arterial Rd,Fig Tree Pocket,Indooroopilly,Intersection - Interchange,Operating traffic lights,60 km/h,Sealed - Dry,Darkness - Lighted,Straight,Veh'S Opposite Approach: Thru-Right,Opposing vehicles turning,0,0,2,0,2,2,0,0,0,0,0,0
298612,Hospitalisation,2016,19,Hit parked vehicle,Single Vehicle,153.0643726,-27.31234121,Brighton Rd,,Sandgate,Sandgate,No Roadway Feature,No traffic control,60 km/h,Sealed - Dry,Darkness - Lighted,Straight,Veh'S On Path: Parked,Hit parked vehicle,0,1,0,0,1,2,0,0,0,0,0,0
298617,Medical treatment,2016,12,Rear-end,Multi-Vehicle,153.037273,-27.34984,Beams Rd,,Taigum,Sandgate,No Roadway Feature,No traffic control,60 km/h,Sealed - Dry,Daylight,Straight,Veh'S Same Direction: Rear End,Rear-end,0,0,1,0,1,2,0,0,0,0,0,0
298618,Medical treatment,2016,16,Rear-end,Multi-Vehicle,153.031594,-27.399197,Gympie Arterial Rd,Kedron St,Kedron,Nudgee,Intersection - T-Junction,No traffic control,60 km/h,Sealed - Dry,Daylight,Straight,Veh'S Same Direction: Rear End,Rear-end,0,0,1,0,1,2,0,0,0,0,0,0
298619,Medical treatment,2016,7,Sideswipe,Multi-Vehicle,153.051039,-27.333892,Gateway Arterial Rd,,Taigum,Sandgate,No Roadway Feature,No traffic control,80 - 90 km/h,Sealed - Dry,Daylight,Curved - view open,Veh'S Same Direction: Lane Change Left,Lane changes,0,0,1,0,1,3,0,0,0,0,0,0
298625,Minor injury,2016,16,Rear-end,Multi-Vehicle,153.0767842,-27.41706811,Gateway Arterial Rd,,Hendra,Clayfield,Intersection - Interchange,No traffic control,100 - 110 km/h,Sealed - Dry,Daylight,Curved - view open,Veh'S Same Direction: Rear End,Rear-end,0,0,0,1,1,1,1,0,0,0,0,0
298626,Hospitalisation,2016,15,Angle,Multi-Vehicle,153.002243,-27.42711,Enoggera Rd,Lloyd St,Alderley,Ashgrove,Intersection - T-Junction,Give way sign,60 km/h,Sealed - Dry,Daylight,Straight,Veh'S Adjacent Approach: Thru-Right,Intersection from adjacent approaches,0,1,0,0,1,2,0,0,0,0,0,0
298646,Medical treatment,2016,17,Hit pedestrian,Hit pedestrian,153.0253921,-27.46816729,Adelaide St,,Brisbane City,Brisbane Central,No Roadway Feature,No traffic control,0 - 50 km/h,Sealed - Dry,Dawn/Dusk,Straight,Ped'N: Far Side Vehicle Hit From Left,Pedestrian,0,0,1,0,1,1,0,0,0,0,1,0
298647,Medical treatment,2016,8,Rear-end,Multi-Vehicle,153.013208,-27.464947,Caxton St,Petrie Tce,Petrie Terrace,Mount Coot-tha,Intersection - T-Junction,Operating traffic lights,0 - 50 km/h,Sealed - Dry,Daylight,Straight,Veh'S Same Direction: Rear End,Rear-end,0,0,1,0,1,2,0,0,0,0,0,0
298648,Hospitalisation,2016,12,Rear-end,Multi-Vehicle,153.031289,-27.39805,Gympie Arterial Rd,,Kedron,Stafford,No Roadway Feature,No traffic control,60 km/h,Sealed - Dry,Daylight,Straight,Veh'S Same Direction: Rear End,Rear-end,0,2,0,0,2,4,0,0,0,0,0,0
298658,Medical treatment,2016,12,Angle,Multi-Vehicle,153.044431,-27.387904,Hamilton Rd,Newman Rd,Wavell Heights,Nudgee,Intersection - T-Junction,Operating traffic lights,60 km/h,Sealed - Dry,Daylight,Straight,Veh'S Opposite Approach: Thru-Right,Opposing vehicles turning,0,0,1,0,1,2,0,0,0,0,0,0
298680,Medical treatment,2016,16,Rear-end,Multi-Vehicle,153.013216,-27.380808,Maundrell Tce,,Chermside West,Aspley,No Roadway Feature,No traffic control,60 km/h,Sealed - Wet,Daylight,Straight,Veh'S Same Direction: Right Rear,Rear-end,0,0,1,3,4,2,0,0,0,0,0,0
298707,Medical treatment,2016,20,Angle,Multi-Vehicle,152.945826,-27.443626,Kullaroo St,Waterworks Rd,The Gap,Ashgrove,Intersection - T-Junction,No traffic control,60 km/h,Sealed - Dry,Darkness - Lighted,Straight,Veh'S Same Direction: Right Turn S/Swipe,Parallel lanes turning,0,0,1,0,1,2,0,0,0,0,0,0
298708,Medical treatment,2016,15,Angle,Multi-Vehicle,153.020371,-27.356691,Dorville Rd,Zillmere Rd,Aspley,Aspley,Intersection - T-Junction,Operating traffic lights,60 km/h,Sealed - Wet,Daylight,Straight,Veh'S Opposite Approach: Thru-Right,Opposing vehicles turning,0,0,2,0,2,2,0,0,0,0,1,0
298713,Hospitalisation,2016,21,Head-on,Multi-Vehicle,153.042615,-27.432707,Abbotsford Rd,Sandgate Rd,Albion,Clayfield,Intersection - T-Junction,Operating traffic lights,60 km/h,Sealed - Dry,Darkness - Lighted,Straight,Veh'S Opposite Approach: Head On,Head-on,0,1,0,0,1,2,0,0,0,0,0,0
298734,Hospitalisation,2016,14,Angle,Multi-Vehicle,153.03574,-27.459051,Brunswick St,Mclachlan St,Fortitude Valley,Brisbane Central,Intersection - Cross,Operating traffic lights,60 km/h,Sealed - Dry,Daylight,Straight,Veh'S Adjacent Approach: Thru-Thru,Intersection from adjacent approaches,0,2,0,0,2,2,0,0,0,0,0,0
298737,Medical treatment,2016,21,Overturned,Single Vehicle,152.9680613,-27.4741809,Sir Samuel Griffith Dr,,Mount Coot-tha,Mount Coot-tha,No Roadway Feature,No traffic control,0 - 50 km/h,Sealed - Dry,Darkness - Not lighted,Curved - view obscured,Off Path-Curve: Off Cway Right Bend,Off carriageway on curve,0,0,1,0,1,1,1,0,0,0,0,0
298739,Medical treatment,2016,18,Rear-end,Multi-Vehicle,153.022489,-27.38485,Hamilton Rd,Webster Rd,Chermside,Stafford,Intersection - Roundabout,No traffic control,60 km/h,Sealed - Dry,Dawn/Dusk,Straight,Veh'S Same Direction: Rear End,Rear-end,0,0,2,0,2,2,0,0,0,0,0,0
298740,Medical treatment,2016,17,Rear-end,Multi-Vehicle,153.054323,-27.343009,Muller Rd,Roghan Rd,Taigum,Nudgee,Intersection - Cross,Operating traffic lights,60 km/h,Sealed - Dry,Dawn/Dusk,Straight,Veh'S Same Direction: Rear End,Rear-end,0,0,1,0,1,2,0,0,0,0,0,0
298744,Medical treatment,2016,14,Angle,Multi-Vehicle,153.062671,-27.406677,Atthow Pde,Hows Rd,Nundah,Nudgee,Intersection - Cross,Stop sign,60 km/h,Sealed - Dry,Daylight,Straight,Veh'S Adjacent Approach: Right-Thru,Intersection from adjacent approaches,0,0,1,0,1,3,0,0,0,0,0,0
298769,Hospitalisation,2016,7,Hit object,Single Vehicle,153.055671,-27.2895426,Redcliffe Sub-Arterial Rd,,Brighton,Sandgate,No Roadway Feature,No traffic control,80 - 90 km/h,Sealed - Dry,Daylight,Straight,Off Path-Straight: Left Off Cway Hit Obj,Off carriageway on straight hit object,0,1,0,0,1,1,0,0,0,0,0,0
298772,Medical treatment,2016,12,Rear-end,Multi-Vehicle,153.008632,-27.336017,Roghan Rd,,Bridgeman Downs,Aspley,No Roadway Feature,No traffic control,60 km/h,Sealed - Dry,Daylight,Straight,Veh'S Same Direction: Rear End,Rear-end,0,0,1,0,1,3,0,0,0,0,0,0
298773,Minor injury,2016,11,Rear-end,Multi-Vehicle,153.052181,-27.361505,Zillmere Rd,,Boondall,Nudgee,No Roadway Feature,No traffic control,60 km/h,Sealed - Dry,Daylight,Straight,Veh'S Same Direction: Rear End,Rear-end,0,0,0,1,1,3,0,0,0,0,0,0
298774,Minor injury,2016,8,Rear-end,Multi-Vehicle,152.994544,-27.355054,Albany Creek Rd,Albany Creek Sub-Arterial Rd,Bridgeman Downs,Aspley,Intersection - T-Junction,Give way sign,70 km/h,Sealed - Dry,Daylight,Straight,Veh'S Same Direction: Left Rear,Rear-end,0,0,0,1,1,2,0,0,0,0,0,0
298793,Medical treatment,2016,18,Angle,Multi-Vehicle,152.990363,-27.442198,Amarina Ave,Western Arterial Rd,Ashgrove,Ashgrove,Intersection - Cross,No traffic control,60 km/h,Sealed - Dry,Dawn/Dusk,Straight,Veh'S Opposite Approach: Thru-Right,Opposing vehicles turning,0,0,1,0,1,2,0,0,0,0,0,0
298795,Hospitalisation,2016,11,Rear-end,Multi-Vehicle,152.9990102,-27.47124493,Milton Rd,,Auchenflower,Mount Coot-tha,No Roadway Feature,No traffic control,60 km/h,Sealed - Dry,Daylight,Straight,Veh'S Same Direction: Rear End,Rear-end,0,1,1,0,2,3,0,0,0,0,0,0
298799,Medical treatment,2016,11,Rear-end,Multi-Vehicle,153.01142,-27.3422932,Gympie Arterial Rd,,Carseldine,Aspley,No Roadway Feature,No traffic control,60 km/h,Sealed - Dry,Daylight,Straight,Veh'S Same Direction: Rear End,Rear-end,0,0,1,0,1,3,0,0,0,0,0,0