Crash_Ref_Number,Severity,Year,Hour,Crash_Nature,Crash_Type,Longitude,Latitude,Street,Street_Intersecting,Suburb,Loc_State_Electorate,Crash_Roadway_Feature,Crash_Traffic_Control,Crash_Speed_Limit,Crash_Road_Surface_Condition,Crash_Lighting_Condition,Crash_Road_Horiz_Align,Crash_DCA_Description,Crash_DCA_Group_Description,Count_Casualty_Fatality,Count_Casualty_Hospitalised,Count_Casualty_MedicallyTreated,Count_Casualty_MinorInjury,Count_Casualty_Total,Count_Unit_Car,Count_Unit_Motorcycle_Moped,Count_Unit_Truck,Count_Unit_Bus,Count_Unit_Bicycle,Count_Unit_Pedestrian,Count_Unit_Other
298804,Medical treatment,2016,20,Sideswipe,Multi-Vehicle,152.9903353,-27.43790422,Dorrington Dr,,Ashgrove,Ashgrove,No Roadway Feature,No traffic control,60 km/h,Sealed - Dry,Darkness - Lighted,Curved - view open,Veh'S Same Direction: Lane Side Swipe,Lane changes,0,0,1,0,1,1,0,0,0,1,0,0
298829,Medical treatment,2016,9,Hit object,Single Vehicle,153.0667199,-27.4376753,Allen St,,Hamilton,Clayfield,No Roadway Feature,No traffic control,0 - 50 km/h,Sealed - Wet,Daylight,Straight,Veh'S On Path: Parked,Hit parked vehicle,0,0,1,0,1,3,0,0,0,0,0,0
298830,Medical treatment,2016,7,Angle,Multi-Vehicle,153.043107,-27.432954,Collingwood St,Sandgate Rd,Albion,Clayfield,Intersection - T-Junction,No traffic control,0 - 50 km/h,Sealed - Dry,Daylight,Straight,Veh'S Adjacent Approach: Left-Thru,Intersection from adjacent approaches,0,0,1,0,1,2,0,0,0,0,0,0
298846,Hospitalisation,2016,21,Hit pedestrian,Hit pedestrian,152.968435,-27.448648,Baileys Rd,Waterworks Rd,Ashgrove,Ashgrove,Intersection - T-Junction,Operating traffic lights,60 km/h,Sealed - Dry,Darkness - Lighted,Straight,Ped'N: Far Side Vehicle Hit From Left,Pedestrian,0,1,0,0,1,1,0,0,0,0,1,0
298850,Medical treatment,2016,16,Rear-end,Multi-Vehicle,153.031613,-27.456236,Barry Pde,Brunswick St,Fortitude Valley,Brisbane Central,Intersection - 5+ way,Operating traffic lights,60 km/h,Sealed - Dry,Daylight,Straight,Veh'S Same Direction: Rear End,Rear-end,0,0,2,0,2,1,1,0,0,0,0,0
298851,Medical treatment,2016,9,Rear-end,Multi-Vehicle,153.033352,-27.454241,Misterton St,St Pauls Tce,Fortitude Valley,Brisbane Central,Intersection - T-Junction,No traffic control,60 km/h,Sealed - Dry,Daylight,Straight,Veh'S Same Direction: Right Rear,Rear-end,0,0,1,0,1,2,0,0,0,0,0,0
298855,Medical treatment,2016,11,Rear-end,Multi-Vehicle,153.037047,-27.365901,Murphy Rd,,Zillmere,Nudgee,No Roadway Feature,No traffic control,60 km/h,Sealed - Dry,Daylight,Straight,Veh'S Same Direction: Rear End,Rear-end,0,0,2,0,2,3,0,0,0,0,0,0
298858,Medical treatment,2016,8,Sideswipe,Multi-Vehicle,153.059327,-27.390303,Sandgate Sub-Arterial Rd,,Nundah,Clayfield,No Roadway Feature,No traffic control,60 km/h,Sealed - Dry,Daylight,Straight,Veh'S Same Direction: Lane Change Right,Lane changes,0,0,1,0,1,0,1,1,0,0,0,0
298859,Hospitalisation,2016,10,Rear-end,Multi-Vehicle,153.007012,-27.441288,Enoggera Rd,,Newmarket,Brisbane Central,No Roadway Feature,No traffic control,60 km/h,Sealed - Dry,Daylight,Straight,Veh'S Same Direction: Rear End,Rear-end,0,1,1,0,2,2,0,0,0,0,0,0
298888,Medical treatment,2016,17,Rear-end,Multi-Vehicle,153.030881,-27.439721,Gallway St,Lutwyche Rd,Windsor,Brisbane Central,Intersection - T-Junction,Operating traffic lights,60 km/h,Sealed - Dry,Dawn/Dusk,Straight,Veh'S Same Direction: Rear End,Rear-end,0,0,1,0,1,2,0,0,0,0,0,0
298911,Hospitalisation,2016,23,Sideswipe,Multi-Vehicle,153.029591,-27.445904,Bowen Bridge Rd,Butterfield St,Herston,Brisbane Central,Intersection - T-Junction,Operating traffic lights,60 km/h,Sealed - Dry,Darkness - Lighted,Straight,Veh'S Same Direction: Lane Change Right,Lane changes,0,1,0,1,2,2,0,0,0,0,0,0
298912,Hospitalisation,2016,20,Sideswipe,Multi-Vehicle,152.980907,-27.491782,Moggill Rd,,Taringa,Indooroopilly,No Roadway Feature,No traffic control,60 km/h,Sealed - Dry,Darkness - Lighted,Straight,Veh'S Same Direction: Lane Change Right,Lane changes,0,1,0,0,1,1,1,0,0,0,0,0
298917,Hospitalisation,2016,19,Hit object,Single Vehicle,153.015347,-27.369217,Maundrell Tce,,Aspley,Aspley,No Roadway Feature,No traffic control,60 km/h,Sealed - Dry,Darkness - Lighted,Straight,Off Path-Straight: Left Off Cway Hit Obj,Off carriageway on straight hit object,0,1,0,0,1,1,0,0,0,0,0,0
298947,Medical treatment,2016,18,Rear-end,Multi-Vehicle,153.031986,-27.42678309,Maygar St,,Windsor,Brisbane Central,Intersection - T-Junction,Operating traffic lights,60 km/h,Sealed - Wet,Dawn/Dusk,Straight,Veh'S Same Direction: Right Rear,Rear-end,0,0,1,0,1,2,0,0,0,0,0,0
298948,Minor injury,2016,19,Hit object,Single Vehicle,152.9869003,-27.40172417,Everton Park - Albany Creek Rd,,Everton Park,Everton,No Roadway Feature,No traffic control,60 km/h,Sealed - Wet,Darkness - Lighted,Curved - view open,Veh'S Opposite Approach: Head On,Head-on,0,0,0,1,1,2,0,0,0,0,0,0
298971,Medical treatment,2016,14,Rear-end,Multi-Vehicle,153.018479,-27.468229,Herschel St,North Quay,Brisbane City,Brisbane Central,Intersection - T-Junction,Operating traffic lights,60 km/h,Sealed - Dry,Daylight,Straight,Veh'S Same Direction: Rear End,Rear-end,0,0,1,0,1,2,0,0,0,0,0,0
298972,Hospitalisation,2016,13,Hit parked vehicle,Single Vehicle,153.032553,-27.447267,Clem 7,,Bowen Hills,Brisbane Central,No Roadway Feature,No traffic control,80 - 90 km/h,Sealed - Dry,Daylight,Straight,Off Path-Straight: Left Off Cway Hit Obj,Off carriageway on straight hit object,0,1,0,0,1,2,0,0,0,0,0,0
298975,Hospitalisation,2016,20,Hit animal,Other,152.886412,-27.489028,Upper Brookfield Rd,,Upper Brookfield,Moggill,No Roadway Feature,No traffic control,60 km/h,Sealed - Dry,Darkness - Not lighted,Curved - view open,Pass & Misc: Hit Animal,Hit animal,0,1,0,0,1,0,1,0,0,0,0,0
298976,Medical treatment,2016,15,Rear-end,Multi-Vehicle,153.003869,-27.331211,Invalid Street From Police,,Bald Hills,Aspley,Intersection - T-Junction,Operating traffic lights,60 km/h,Sealed - Dry,Daylight,Straight,Veh'S Same Direction: Rear End,Rear-end,0,0,1,0,1,2,0,0,0,0,0,0
298977,Hospitalisation,2016,12,Rear-end,Multi-Vehicle,153.017203,-27.300085,Gateway Arterial Rd,,Bald Hills,Sandgate,No Roadway Feature,No traffic control,100 - 110 km/h,Sealed - Dry,Daylight,Curved - view open,Veh'S Same Direction: Rear End,Rear-end,0,5,4,0,9,8,0,2,0,0,0,0
298979,Medical treatment,2016,12,Angle,Multi-Vehicle,153.019214,-27.3642706,Robinson Rd W,,Aspley,Aspley,No Roadway Feature,Stop sign,60 km/h,Sealed - Dry,Daylight,Straight,Veh'S Manoeuvring: Other,Other,0,0,1,0,1,1,0,0,0,1,0,0
299019,Medical treatment,2016,12,Rear-end,Multi-Vehicle,153.03137,-27.463524,Adelaide St,Queen St,Brisbane City,Brisbane Central,Intersection - Cross,Operating traffic lights,0 - 50 km/h,Sealed - Dry,Daylight,Curved - view open,Veh'S Same Direction: Rear End,Rear-end,0,0,1,0,1,2,0,0,0,0,0,0
299020,Hospitalisation,2016,10,Hit pedestrian,Hit pedestrian,153.022071,-27.469437,Ann St,George St,Brisbane City,Brisbane Central,Intersection - Cross,Operating traffic lights,0 - 50 km/h,Sealed - Dry,Daylight,Straight,Ped'N: Far Side Vehicle Hit From Left,Pedestrian,0,1,0,0,1,0,0,0,1,0,1,0
299022,Medical treatment,2016,10,Rear-end,Multi-Vehicle,153.029038,-27.449699,Bowen Bridge Rd,Gilchrist Ave,Bowen Hills,Brisbane Central,Intersection - T-Junction,Operating traffic lights,60 km/h,Sealed - Dry,Daylight,Straight,Veh'S Same Direction: Right Rear,Rear-end,0,0,1,0,1,2,0,0,0,0,0,0
299023,Minor injury,2016,15,Rear-end,Multi-Vehicle,152.957515,-27.512811,Western Arterial Rd,,Indooroopilly,Indooroopilly,No Roadway Feature,No traffic control,80 - 90 km/h,Sealed - Dry,Daylight,Straight,Veh'S Same Direction: Rear End,Rear-end,0,0,0,1,1,3,0,0,0,0,0,0
299029,Hospitalisation,2016,5,Sideswipe,Multi-Vehicle,153.044471,-27.360373,Church Rd,Zillmere Rd,Zillmere,Nudgee,Intersection - T-Junction,Operating traffic lights,60 km/h,Sealed - Dry,Daylight,Straight,Veh'S Same Direction: Lane Side Swipe,Lane changes,0,1,0,0,1,1,0,0,0,1,0,0
299030,Hospitalisation,2016,8,Angle,Multi-Vehicle,153.048536,-27.365599,Delta St,Newman Rd,Geebung,Nudgee,Intersection - Cross,Give way sign,60 km/h,Sealed - Dry,Daylight,Straight,Veh'S Adjacent Approach: Thru-Right,Intersection from adjacent approaches,0,2,0,0,2,1,0,1,0,0,0,0
299038,Medical treatment,2016,8,Angle,Multi-Vehicle,153.016999,-27.436092,Lamont Rd,Newmarket Rd,Wilston,Brisbane Central,Intersection - T-Junction,Stop sign,60 km/h,Sealed - Dry,Daylight,Straight,Veh'S Adjacent Approach: Thru-Right,Intersection from adjacent approaches,0,0,1,0,1,2,0,0,0,0,0,0
299039,Minor injury,2016,8,Angle,Multi-Vehicle,153.0486041,-27.39826324,Shaw Rd,,Wavell Heights,Clayfield,No Roadway Feature,No traffic control,60 km/h,Sealed - Dry,Daylight,Straight,Veh'S Manoeuvring: Leaving Driveway,Vehicle leaving driveway,0,0,0,1,1,2,0,0,0,0,0,0
299040,Minor injury,2016,13,Rear-end,Multi-Vehicle,152.986937,-27.396977,Everton Park - Albany Creek Rd,,Everton Park,Everton,No Roadway Feature,No traffic control,60 km/h,Sealed - Dry,Daylight,Straight,Veh'S Same Direction: Rear End,Rear-end,0,0,0,1,1,2,0,0,0,0,0,0
299065,Medical treatment,2016,14,Fall from vehicle,Single Vehicle,153.0347428,-27.46005869,Mclachlan St,,Fortitude Valley,Brisbane Central,Intersection - Interchange,No traffic control,60 km/h,Sealed - Dry,Daylight,Curved - view open,Off Path-Curve: Out Of Control On Cway,Out of control on curve,0,0,1,0,1,0,1,0,0,0,0,0
299067,Medical treatment,2016,8,Rear-end,Multi-Vehicle,152.990397,-27.497648,Gailey Rd,Swann Rd,Taringa,Indooroopilly,Intersection - Roundabout,Give way sign,60 km/h,Sealed - Dry,Daylight,Curved - view open,Veh'S Manoeuvring: Entering From Footway,Vehicle leaving driveway,0,0,1,0,1,1,0,0,0,1,0,0
299079,Minor injury,2016,10,Rear-end,Multi-Vehicle,153.0214666,-27.43673125,Newmarket Rd,,Wilston,Brisbane Central,No Roadway Feature,No traffic control,60 km/h,Sealed - Dry,Daylight,Straight,Veh'S Same Direction: Right Rear,Rear-end,0,0,0,1,1,1,0,0,0,0,0,1
299107,Hospitalisation,2016,1,Hit pedestrian,Hit pedestrian,153.026664,-27.471117,Albert St,Charlotte St,Brisbane City,Brisbane Central,Intersection - Cross,Pedestrian operated lights,0 - 50 km/h,Sealed - Dry,Darkness - Lighted,Straight,Ped'N: Far Side Vehicle Hit From Left,Pedestrian,0,1,0,0,1,1,0,0,0,0,1,0
299108,Minor injury,2016,11,Rear-end,Multi-Vehicle,153.0152338,-27.46691949,Skew St,,Brisbane City,Brisbane Central,No Roadway Feature,No traffic control,60 km/h,Sealed - Dry,Daylight,Curved - view open,Veh'S Same Direction: Rear End,Rear-end,0,0,0,1,1,1,0,1,0,0,0,0
299109,Medical treatment,2016,13,Rear-end,Multi-Vehicle,153.004448,-27.316578,Gympie Rd,Strathpine Sub-Arterial Rd,Bald Hills,Aspley,Intersection - T-Junction,Operating traffic lights,60 km/h,Sealed - Dry,Daylight,Straight,Veh'S Same Direction: Rear End,Rear-end,0,0,1,0,1,2,0,1,0,0,0,0
299145,Hospitalisation,2016,9,Hit object,Single Vehicle,152.920803,-27.496991,Brookfield Rd,,Kenmore Hills,Moggill,No Roadway Feature,No traffic control,60 km/h,Sealed - Dry,Daylight,Curved - view open,Off Path-Curve: Off Cway Rt Bend Hit Obj,Off carriageway on curve hit object,0,1,0,0,1,1,0,0,0,0,0,0
299146,Hospitalisation,2016,18,Angle,Multi-Vehicle,152.888125,-27.555939,Lather Rd,Moggill Sub-Arterial Rd,Bellbowrie,Moggill,Intersection - Cross,Stop sign,60 km/h,Sealed - Dry,Darkness - Lighted,Straight,Veh'S Adjacent Approach: Thru-Thru,Intersection from adjacent approaches,0,1,0,0,1,0,1,0,0,0,0,1
299147,Medical treatment,2016,20,Rear-end,Multi-Vehicle,152.999491,-27.420079,Raymont Rd,,Enoggera,Stafford,Intersection - Cross,Operating traffic lights,60 km/h,Sealed - Dry,Darkness - Lighted,Straight,Veh'S Same Direction: Rear End,Rear-end,0,0,2,0,2,2,0,0,0,0,0,0
299150,Minor injury,2016,23,Fall from vehicle,Single Vehicle,153.0368669,-27.36657513,Invalid Street From Police,,Zillmere,Nudgee,No Roadway Feature,No traffic control,60 km/h,Sealed - Dry,Darkness - Lighted,Straight,Pass & Misc: Fell In/From Vehicle,Other,0,0,0,1,1,1,0,0,0,0,0,0
299154,Medical treatment,2016,13,Angle,Multi-Vehicle,153.033684,-27.4291711,Albion Rd,,Windsor,Brisbane Central,No Roadway Feature,No traffic control,60 km/h,Sealed - Dry,Daylight,Straight,Veh'S Manoeuvring: Leaving Driveway,Vehicle leaving driveway,0,0,1,1,2,2,0,0,0,0,0,0
299170,Hospitalisation,2016,12,Hit object,Single Vehicle,152.928616,-27.444149,Mount Nebo Rd,,The Gap,Ashgrove,No Roadway Feature,No traffic control,60 km/h,Sealed - Dry,Daylight,Curved - view open,Veh'S On Path: Other,Other,0,1,0,0,1,0,1,0,0,0,0,0
299171,Minor injury,2016,15,Sideswipe,Multi-Vehicle,153.037692,-27.455721,Ann St,,Fortitude Valley,Brisbane Central,No Roadway Feature,No traffic control,60 km/h,Sealed - Dry,Daylight,Straight,Veh'S Same Direction: Lane Change Right,Lane changes,0,0,0,2,2,1,1,0,0,0,0,0
299173,Medical treatment,2016,20,Angle,Multi-Vehicle,153.0585151,-27.31384456,Deagon St,Nash St,Sandgate,Sandgate,Intersection - Roundabout,Give way sign,60 km/h,Sealed - Dry,Darkness - Lighted,Straight,Veh'S Adjacant Approach: Thru-Left,Intersection from adjacent approaches,0,0,1,0,1,2,0,0,0,0,0,0
299175,Hospitalisation,2016,7,Angle,Multi-Vehicle,153.035284,-27.399738,Colac St,Kedron St,Kedron,Nudgee,No Roadway Feature,No traffic control,0 - 50 km/h,Sealed - Dry,Daylight,Curved - view obscured,Veh'S Opposite Approach: Thru-Right,Opposing vehicles turning,0,1,0,0,1,1,0,0,0,1,0,0
299181,Hospitalisation,2016,2,Hit object,Single Vehicle,153.051313,-27.39664,Bilsen Rd,Rode Rd,Wavell Heights,Clayfield,Intersection - Roundabout,Give way sign,60 km/h,Sealed - Dry,Darkness - Lighted,Straight,Off Path-Straight:Out Of Control On Cway,Out of control on straight,0,1,0,0,1,0,1,0,0,0,0,0
299211,Hospitalisation,2016,18,Rear-end,Multi-Vehicle,153.020785,-27.470551,South East Arterial Rd,,Brisbane City,Brisbane Central,Bridge/Causeway,No traffic control,70 km/h,Sealed - Dry,Darkness - Lighted,Straight,Veh'S Same Direction: Rear End,Rear-end,0,1,0,0,1,2,0,0,0,0,0,0
299212,Hospitalisation,2016,17,Rear-end,Multi-Vehicle,153.031194,-27.447232,Inner City Bypass Off Ramp,,Bowen Hills,Brisbane Central,No Roadway Feature,No traffic control,60 km/h,Sealed - Dry,Daylight,Curved - view open,Veh'S Same Direction: Rear End,Rear-end,0,1,1,0,2,3,0,0,0,0,0,0
299214,Minor injury,2016,14,Fall from vehicle,Single Vehicle,153.066429,-27.307222,Flinders Pde,Tenth Ave,Brighton,Sandgate,Intersection - T-Junction,No traffic control,0 - 50 km/h,Sealed - Dry,Daylight,Curved - view open,Off Path-Curve: Out Of Control On Cway,Out of control on curve,0,0,0,1,1,0,1,0,0,0,0,0
299252,Minor injury,2016,8,Rear-end,Multi-Vehicle,153.026433,-27.455154,Gregory Tce,,Spring Hill,Brisbane Central,No Roadway Feature,No traffic control,0 - 50 km/h,Sealed - Dry,Daylight,Straight,Veh'S Same Direction: Rear End,Rear-end,0,0,0,1,1,2,0,0,0,0,0,0
299253,Hospitalisation,2016,13,Angle,Multi-Vehicle,153.045973,-27.467373,Merthyr Rd,,New Farm,Brisbane Central,No Roadway Feature,No traffic control,0 - 50 km/h,Sealed - Dry,Daylight,Straight,Veh'S Manoeuvring: Leaving Parking,Vehicle leaving driveway,0,1,0,0,1,2,0,0,0,0,0,0
299254,Medical treatment,2016,8,Fall from vehicle,Single Vehicle,153.018301,-27.457273,Inner City Bypass,,Kelvin Grove,Brisbane Central,No Roadway Feature,No traffic control,60 km/h,Sealed - Dry,Daylight,Straight,Veh'S Same Direction: Rear End,Rear-end,0,0,1,0,1,1,1,0,0,0,0,0
299262,Medical treatment,2016,18,Angle,Multi-Vehicle,153.041176,-27.429902,Albion Rd,Hudson Rd,Albion,Clayfield,Intersection - T-Junction,No traffic control,60 km/h,Sealed - Dry,Daylight,Straight,Veh'S Adjacent Approach: Right-Thru,Intersection from adjacent approaches,0,0,1,0,1,1,1,0,0,0,0,0
299263,Hospitalisation,2016,10,Rear-end,Multi-Vehicle,153.059165,-27.398527,Sandgate Sub-Arterial Rd,,Nundah,Clayfield,No Roadway Feature,No traffic control,60 km/h,Sealed - Dry,Daylight,Straight,Veh'S Same Direction: Rear End,Rear-end,0,1,0,0,1,2,0,0,0,0,0,0
299284,Medical treatment,2016,16,Rear-end,Multi-Vehicle,152.9946555,-27.44556066,Waterworks Rd,,Ashgrove,Ashgrove,No Roadway Feature,No traffic control,60 km/h,Sealed - Dry,Daylight,Straight,Veh'S Same Direction: Rear End,Rear-end,0,0,1,0,1,3,0,0,0,0,0,0
299285,Medical treatment,2016,8,Angle,Multi-Vehicle,153.0507295,-27.46393631,Gray St,,New Farm,Brisbane Central,No Roadway Feature,No traffic control,0 - 50 km/h,Sealed - Dry,Daylight,Curved - view obscured,Veh'S Manoeuvring: Other,Other,0,0,1,0,1,1,0,0,0,1,0,0
299286,Hospitalisation,2016,11,Angle,Multi-Vehicle,153.035773,-27.451745,Brookes St,St Pauls Tce,Bowen Hills,Brisbane Central,Intersection - Cross,Operating traffic lights,60 km/h,Sealed - Dry,Daylight,Straight,Veh'S Adjacent Approach: Thru-Thru,Intersection from adjacent approaches,0,1,0,0,1,1,1,0,0,0,0,0
299293,Medical treatment,2016,9,Rear-end,Multi-Vehicle,153.017247,-27.363882,Gympie Arterial Rd,Robinson Rd W,Aspley,Aspley,Intersection - Cross,Operating traffic lights,70 km/h,Sealed - Dry,Daylight,Curved - view open,Veh'S Same Direction: Left Rear,Rear-end,0,0,1,0,1,2,0,0,0,0,0,0
299298,Medical treatment,2016,6,Sideswipe,Multi-Vehicle,153.042058,-27.42486,Bridge St,Merehaye St,Wooloowin,Clayfield,Intersection - T-Junction,No traffic control,0 - 50 km/h,Sealed - Dry,Daylight,Straight,Veh'S Same Direction: Lane Side Swipe,Lane changes,0,0,1,0,1,1,0,0,0,1,0,0
299299,Medical treatment,2016,11,Angle,Multi-Vehicle,153.070159,-27.422829,Manson Rd,Newmarket St,Hendra,Clayfield,Intersection - Cross,Stop sign,0 - 50 km/h,Sealed - Dry,Daylight,Straight,Veh'S Adjacent Approach: Thru-Thru,Intersection from adjacent approaches,0,0,1,0,1,2,0,0,0,0,0,0
299300,Medical treatment,2016,17,Rear-end,Multi-Vehicle,152.984579,-27.386028,Beckett Rd,Everton Park - Albany Creek Rd,Everton Park,Everton,Intersection - Roundabout,Give way sign,60 km/h,Sealed - Dry,Daylight,Straight,Veh'S Same Direction: Rear End,Rear-end,0,0,2,0,2,1,0,1,0,0,0,0
299301,Hospitalisation,2016,9,Rear-end,Multi-Vehicle,152.990021,-27.426094,Western Arterial Rd,,Enoggera,Ashgrove,No Roadway Feature,No traffic control,60 km/h,Sealed - Dry,Daylight,Straight,Veh'S Same Direction: Rear End,Rear-end,0,1,0,0,1,3,0,0,0,0,0,0
299318,Medical treatment,2016,9,Angle,Multi-Vehicle,153.056103,-27.319567,Kempster St,,Sandgate,Sandgate,No Roadway Feature,No traffic control,0 - 50 km/h,Sealed - Dry,Daylight,Straight,Veh'S Same Direction: Right Turn S/Swipe,Parallel lanes turning,0,0,1,0,1,3,0,0,0,0,0,0
299319,Hospitalisation,2016,7,Sideswipe,Multi-Vehicle,153.0270607,-27.32116008,Norris Rd,,Bracken Ridge,Sandgate,No Roadway Feature,No traffic control,60 km/h,Sealed - Dry,Daylight,Straight,Veh'S Same Direction: Lane Side Swipe,Lane changes,0,1,0,0,1,1,0,0,0,1,0,0
299323,Minor injury,2016,8,Rear-end,Multi-Vehicle,153.019658,-27.392408,Rode Rd,,Chermside West,Stafford,No Roadway Feature,No traffic control,60 km/h,Sealed - Dry,Daylight,Straight,Veh'S Same Direction: Rear End,Rear-end,0,0,0,2,2,2,0,0,0,0,0,0
299324,Minor injury,2016,12,Sideswipe,Multi-Vehicle,153.032144,-27.378354,Kittyhawk Dr,Murphy Rd,Chermside,Nudgee,Intersection - T-Junction,Operating traffic lights,60 km/h,Sealed - Dry,Daylight,Straight,Veh'S Manoeuvring: Entering From Footway,Vehicle leaving driveway,0,0,0,1,1,0,1,1,0,0,0,0
299325,Medical treatment,2016,4,Angle,Multi-Vehicle,153.06069,-27.353362,Beams Rd,Sandgate Sub-Arterial Rd,Boondall,Nudgee,Intersection - Cross,Operating traffic lights,70 km/h,Sealed - Dry,Dawn/Dusk,Straight,Veh'S Adjacent Approach: Thru-Right,Intersection from adjacent approaches,0,0,1,1,2,2,0,0,0,0,0,0
299332,Minor injury,2016,19,Rear-end,Multi-Vehicle,153.027076,-27.437526,Green Tce,Newmarket Rd,Windsor,Brisbane Central,Intersection - Cross,Operating traffic lights,60 km/h,Sealed - Dry,Darkness - Lighted,Straight,Veh'S Same Direction: Right Rear,Rear-end,0,0,0,1,1,2,0,0,0,0,0,0
299333,Minor injury,2016,10,Angle,Multi-Vehicle,152.9570927,-27.41428089,Gralton St,Samford Sub-Arterial Rd,Keperra,Ferny Grove,Intersection - T-Junction,Give way sign,70 km/h,Sealed - Dry,Daylight,Curved - view open,Veh'S Adjacent Approach: Thru-Right,Intersection from adjacent approaches,0,0,0,1,1,2,0,0,0,1,0,0
299352,Medical treatment,2016,11,Angle,Multi-Vehicle,153.015273,-27.4673,North Quay,William Jolly Bridge,Brisbane City,Brisbane Central,Bridge/Causeway,Operating traffic lights,60 km/h,Sealed - Dry,Daylight,Straight,Veh'S Adjacent Approach: Thru-Right,Intersection from adjacent approaches,0,0,2,0,2,2,0,0,0,0,0,0
299353,Medical treatment,2016,19,Sideswipe,Multi-Vehicle,153.035802,-27.4475,Campbell St,Mayne Rd,Bowen Hills,Brisbane Central,Intersection - Cross,Operating traffic lights,60 km/h,Sealed - Dry,Darkness - Lighted,Straight,Veh'S Same Direction: Left Turn S/Swipe,Parallel lanes turning,0,0,1,0,1,1,1,0,0,0,0,0
299354,Minor injury,2016,19,Hit parked vehicle,Single Vehicle,153.0395708,-27.44898086,Montpelier Rd,,Bowen Hills,Brisbane Central,No Roadway Feature,No traffic control,60 km/h,Sealed - Dry,Darkness - Lighted,Curved - view open,Veh'S On Path: Parked,Hit parked vehicle,0,0,0,1,1,2,0,0,0,0,0,0
299357,Hospitalisation,2016,16,Hit pedestrian,Hit pedestrian,153.031714,-27.403915,Gympie Arterial Rd,Strathmore St,Kedron,Stafford,Intersection - Cross,Operating traffic lights,60 km/h,Sealed - Dry,Daylight,Straight,Ped'N: Near Side Vehicle Hit From Right,Pedestrian,0,2,1,0,3,0,1,0,0,0,1,0
299386,Medical treatment,2016,17,Angle,Multi-Vehicle,153.021365,-27.384944,Hamilton Rd,Webster Rd,Chermside West,Stafford,Intersection - Roundabout,Give way sign,60 km/h,Sealed - Dry,Daylight,Straight,Veh'S Same Direction: Left Turn S/Swipe,Parallel lanes turning,0,0,1,0,1,2,0,0,0,0,0,0
299392,Medical treatment,2016,15,Hit object,Single Vehicle,153.0320485,-27.42978449,Lutwyche Rd,,Windsor,Brisbane Central,No Roadway Feature,No traffic control,60 km/h,Sealed - Dry,Daylight,Curved - view open,Off Path-Curve: Off Cway Rt Bend Hit Obj,Off carriageway on curve hit object,0,0,1,0,1,1,0,0,0,0,0,0
299393,Medical treatment,2016,8,Sideswipe,Multi-Vehicle,153.059973,-27.407424,Sandgate Sub-Arterial Rd,Union St,Nundah,Nudgee,Intersection - Interchange,No traffic control,60 km/h,Sealed - Dry,Daylight,Straight,Veh'S Same Direction: Left Turn S/Swipe,Parallel lanes turning,0,0,1,0,1,1,0,0,0,1,0,0
299411,Minor injury,2016,8,Angle,Multi-Vehicle,153.00411,-27.4696247,Park Rd,,Milton,Mount Coot-tha,No Roadway Feature,No traffic control,0 - 50 km/h,Sealed - Dry,Daylight,Straight,Veh'S Same Direction: Right Turn S/Swipe,Parallel lanes turning,0,0,0,1,1,2,0,0,0,0,0,0
299412,Medical treatment,2016,14,Angle,Multi-Vehicle,153.007552,-27.410146,Invalid Street From Police,,Stafford,Stafford,Intersection - Cross,No traffic control,60 km/h,Sealed - Dry,Daylight,Straight,Veh'S Opposite Approach: Thru-Right,Opposing vehicles turning,0,0,1,0,1,2,0,0,0,0,0,0
299422,Hospitalisation,2016,11,Angle,Multi-Vehicle,152.970788,-27.411686,Ellworthy St,Samford Sub-Arterial Rd,Mitchelton,Everton,Intersection - Cross,Operating traffic lights,60 km/h,Sealed - Dry,Daylight,Straight,Veh'S Opposite Approach: Thru-Right,Opposing vehicles turning,0,1,0,1,2,2,1,0,0,0,0,0
299448,Hospitalisation,2016,13,Angle,Multi-Vehicle,152.974265,-27.448067,Gresham St,Waterworks Rd,Ashgrove,Ashgrove,Intersection - T-Junction,Operating traffic lights,60 km/h,Sealed - Dry,Daylight,Straight,Veh'S Opposite Approach: Thru-Right,Opposing vehicles turning,0,1,0,0,1,3,0,0,0,0,0,0
299450,Medical treatment,2016,14,Rear-end,Multi-Vehicle,152.9385558,-27.50835386,Moggill Sub-Arterial Rd,,Kenmore,Moggill,No Roadway Feature,No traffic control,60 km/h,Sealed - Dry,Daylight,Straight,Veh'S Same Direction: Rear End,Rear-end,0,0,1,0,1,3,0,0,0,0,0,0
299451,Medical treatment,2016,7,Rear-end,Multi-Vehicle,153.0369223,-27.31095249,Gateway Arterial Rd,,Bracken Ridge,Sandgate,No Roadway Feature,No traffic control,100 - 110 km/h,Sealed - Dry,Daylight,Straight,Veh'S Same Direction: Rear End,Rear-end,0,0,1,0,1,2,0,0,0,0,0,0
299452,Medical treatment,2016,15,Rear-end,Multi-Vehicle,153.059834,-27.343788,Invalid Street From Police,,Boondall,Nudgee,Intersection - Cross,Operating traffic lights,70 km/h,Sealed - Dry,Daylight,Straight,Veh'S Same Direction: Right Rear,Rear-end,0,0,1,0,1,2,0,0,0,0,0,0