Crash_Ref_Number,Severity,Year,Hour,Crash_Nature,Crash_Type,Longitude,Latitude,Street,Street_Intersecting,Suburb,Loc_State_Electorate,Crash_Roadway_Feature,Crash_Traffic_Control,Crash_Speed_Limit,Crash_Road_Surface_Condition,Crash_Lighting_Condition,Crash_Road_Horiz_Align,Crash_DCA_Description,Crash_DCA_Group_Description,Count_Casualty_Fatality,Count_Casualty_Hospitalised,Count_Casualty_MedicallyTreated,Count_Casualty_MinorInjury,Count_Casualty_Total,Count_Unit_Car,Count_Unit_Motorcycle_Moped,Count_Unit_Truck,Count_Unit_Bus,Count_Unit_Bicycle,Count_Unit_Pedestrian,Count_Unit_Other
299476,Medical treatment,2016,13,Rear-end,Multi-Vehicle,152.9880005,-27.46822654,Western Arterial Rd,,Bardon,Mount Coot-tha,No Roadway Feature,No traffic control,0 - 50 km/h,Sealed - Dry,Daylight,Straight,Veh'S Same Direction: Rear End,Rear-end,0,0,1,0,1,2,0,0,0,0,0,0
299477,Minor injury,2016,11,Rear-end,Multi-Vehicle,152.991919,-27.465491,Baroona Rd,Rainworth Rd,Paddington,Mount Coot-tha,Intersection - Cross,Stop sign,60 km/h,Sealed - Dry,Daylight,Straight,Veh'S Same Direction: Rear End,Rear-end,0,0,0,2,2,1,0,1,0,0,0,0
299478,Minor injury,2016,14,Angle,Multi-Vehicle,153.029368,-27.467787,Creek St,Elizabeth St,Brisbane City,Brisbane Central,Intersection - Cross,Operating traffic lights,0 - 50 km/h,Sealed - Dry,Daylight,Straight,Veh'S Adjacent Approach: Thru-Thru,Intersection from adjacent approaches,0,0,0,1,1,2,0,0,0,0,0,0
299479,Hospitalisation,2016,9,Angle,Multi-Vehicle,153.008219,-27.445365,Kelvin Grove Rd,,Kelvin Grove,Brisbane Central,No Roadway Feature,No traffic control,60 km/h,Sealed - Dry,Daylight,Straight,Veh'S Same Direction: Left Rear,Rear-end,0,1,0,0,1,1,0,1,1,0,0,0
299480,Medical treatment,2016,7,Angle,Multi-Vehicle,152.988516,-27.460615,Soudan St,Western Arterial Rd,Bardon,Mount Coot-tha,Intersection - T-Junction,Stop sign,60 km/h,Sealed - Dry,Daylight,Straight,Veh'S Adjacant Approach: Thru-Left,Intersection from adjacent approaches,0,0,1,0,1,0,2,0,0,0,0,0
299481,Minor injury,2016,13,Sideswipe,Multi-Vehicle,153.038533,-27.454904,Ann St,Church St,Fortitude Valley,Brisbane Central,Intersection - T-Junction,No traffic control,60 km/h,Sealed - Dry,Daylight,Straight,Veh'S Same Direction: Right Turn S/Swipe,Parallel lanes turning,0,0,0,1,1,1,1,0,0,0,0,0
299482,Minor injury,2016,9,Rear-end,Multi-Vehicle,153.029072,-27.452607,Bowen Bridge Rd,Brunswick St,Spring Hill,Brisbane Central,Intersection - T-Junction,Give way sign,60 km/h,Sealed - Dry,Daylight,Straight,Veh'S Same Direction: Left Rear,Rear-end,0,0,0,1,1,2,0,0,0,0,0,0
299483,Hospitalisation,2016,8,Hit object,Single Vehicle,152.9648,-27.506784,Kate St,Witton Rd,Indooroopilly,Indooroopilly,Intersection - T-Junction,No traffic control,0 - 50 km/h,Sealed - Dry,Daylight,Curved - view open,Veh'S Adjacent Approach: Thru-Right,Intersection from adjacent approaches,0,1,0,0,1,3,0,0,0,0,0,0
299484,Medical treatment,2016,10,Angle,Multi-Vehicle,152.97559,-27.502843,Coonan St,Station Rd,Indooroopilly,Indooroopilly,Intersection - T-Junction,Operating traffic lights,60 km/h,Sealed - Dry,Daylight,Straight,Veh'S Adjacent Approach: Right-Thru,Intersection from adjacent approaches,0,0,1,0,1,2,0,0,0,0,0,0
299485,Hospitalisation,2016,16,Angle,Multi-Vehicle,152.966398,-27.500607,Moggill Rd,Russell Tce,Indooroopilly,Indooroopilly,Intersection - T-Junction,Operating traffic lights,60 km/h,Sealed - Dry,Daylight,Curved - view obscured,Veh'S Opposite Approach: Thru-Right,Opposing vehicles turning,0,1,0,0,1,2,0,0,0,0,0,0
299488,Minor injury,2016,9,Rear-end,Multi-Vehicle,153.032257,-27.408829,Gympie Arterial Rd,,Kedron,Stafford,No Roadway Feature,No traffic control,60 km/h,Sealed - Dry,Daylight,Straight,Veh'S Same Direction: Rear End,Rear-end,0,0,0,1,1,1,0,0,0,0,0,1
299494,Hospitalisation,2016,13,Hit parked vehicle,Single Vehicle,153.068434,-27.41852,Burilda St,Gerler Rd,Hendra,Clayfield,Intersection - T-Junction,No traffic control,0 - 50 km/h,Sealed - Dry,Daylight,Straight,Off Path-Straight:Right Off Cway Hit Obj,Off carriageway on straight hit object,0,1,0,0,1,2,0,0,0,0,0,0
299495,Hospitalisation,2016,15,Angle,Multi-Vehicle,153.080252,-27.41704,The Boulevard,The Circuit,Brisbane Airport,Clayfield,Intersection - T-Junction,No traffic control,60 km/h,Sealed - Dry,Daylight,Straight,Veh'S Opposite Approach: Thru-Right,Opposing vehicles turning,0,1,0,0,1,2,0,0,0,0,0,0
299514,Minor injury,2016,17,Rear-end,Multi-Vehicle,153.004756,-27.46246,Guthrie St,,Paddington,Mount Coot-tha,No Roadway Feature,No traffic control,0 - 50 km/h,Sealed - Dry,Daylight,Straight,Veh'S Same Direction: Right Rear,Rear-end,0,0,0,1,1,2,0,0,0,0,0,0
299515,Hospitalisation,2016,19,Angle,Multi-Vehicle,153.042039,-27.455245,Chester St,Doggett St,Teneriffe,Brisbane Central,Intersection - Cross,No traffic control,60 km/h,Sealed - Dry,Darkness - Lighted,Straight,Veh'S Opposite Approach: Thru-Right,Opposing vehicles turning,0,1,0,0,1,1,1,0,0,0,0,0
299518,Medical treatment,2016,8,Rear-end,Multi-Vehicle,153.036559,-27.401916,Edinburgh Castle Rd,,Wavell Heights,Nudgee,No Roadway Feature,No traffic control,60 km/h,Sealed - Dry,Daylight,Straight,Veh'S Same Direction: Rear End,Rear-end,0,0,2,0,2,2,0,0,0,0,0,0
299522,Medical treatment,2016,16,Rear-end,Multi-Vehicle,153.096561,-27.372024,Gateway Arterial Rd,,Nudgee,Nudgee,No Roadway Feature,No traffic control,80 - 90 km/h,Sealed - Dry,Daylight,Straight,Veh'S Same Direction: Rear End,Rear-end,0,0,1,0,1,2,0,0,0,0,0,0
299547,Medical treatment,2016,20,Fall from vehicle,Single Vehicle,152.9865492,-27.4701499,Western Arterial Rd,,Bardon,Mount Coot-tha,No Roadway Feature,No traffic control,60 km/h,Sealed - Dry,Darkness - Lighted,Curved - view open,Off Path-Curve: Out Of Control On Cway,Out of control on curve,0,0,1,0,1,0,1,0,0,0,0,0
299548,Minor injury,2016,11,Rear-end,Multi-Vehicle,153.006965,-27.454962,Musgrave Rd,,Red Hill,Mount Coot-tha,No Roadway Feature,No traffic control,60 km/h,Sealed - Dry,Daylight,Straight,Veh'S Same Direction: Rear End,Rear-end,0,0,0,1,1,2,0,0,0,0,0,0
299549,Medical treatment,2016,14,Hit pedestrian,Hit pedestrian,153.040169,-27.453217,Ann St,,Fortitude Valley,Brisbane Central,No Roadway Feature,No traffic control,60 km/h,Sealed - Dry,Daylight,Straight,Ped'N: Far Side Vehicle Hit From Left,Pedestrian,0,0,1,0,1,1,0,0,0,0,1,0
299552,Fatal,2016,5,Hit object,Single Vehicle,153.012,-27.314484,Kluver St,Taragon St,Bald Hills,Aspley,Intersection - T-Junction,Stop sign,60 km/h,Sealed - Dry,Dawn/Dusk,Curved - view open,Off Path-Curve: Off Cway Lt Bend Hit Obj,Off carriageway on curve hit object,1,0,0,0,1,1,1,0,0,0,0,0
299555,Minor injury,2016,8,Rear-end,Multi-Vehicle,153.016872,-27.3568,Gympie Arterial Rd,Gympie Rd,Aspley,Aspley,Intersection - T-Junction,Give way sign,60 km/h,Sealed - Dry,Daylight,Curved - view open,Veh'S Same Direction: Left Rear,Rear-end,0,0,0,1,1,2,0,0,0,0,0,0
299556,Medical treatment,2016,8,Angle,Multi-Vehicle,152.990025,-27.387888,Foambark St,Rode Rd,Mcdowall,Aspley,Intersection - T-Junction,Operating traffic lights,0 - 50 km/h,Sealed - Dry,Daylight,Straight,Veh'S Manoeuvring: Entering From Footway,Vehicle leaving driveway,0,0,1,0,1,1,1,0,0,0,0,0
299587,Hospitalisation,2016,15,Rear-end,Multi-Vehicle,152.978294,-27.44822,Glory St,,Ashgrove,Ashgrove,Merge Lane,No traffic control,60 km/h,Sealed - Dry,Daylight,Straight,Veh'S Same Direction: Rear End,Rear-end,0,1,0,0,1,1,1,0,0,0,0,0
299588,Medical treatment,2016,7,Angle,Multi-Vehicle,153.005027,-27.471809,Fort La,Park Rd,Milton,Mount Coot-tha,Intersection - T-Junction,No traffic control,60 km/h,Sealed - Dry,Daylight,Straight,Veh'S Opposite Approach: Thru-Right,Opposing vehicles turning,0,0,1,0,1,2,0,0,0,0,0,0
299590,Medical treatment,2016,7,Fall from vehicle,Single Vehicle,153.0391459,-27.45207106,Wickham St,,Fortitude Valley,Brisbane Central,No Roadway Feature,No traffic control,60 km/h,Sealed - Dry,Daylight,Straight,Off Path-Straight:Out Of Control On Cway,Out of control on straight,0,0,1,0,1,1,1,0,0,0,0,0
299596,Minor injury,2016,8,Rear-end,Multi-Vehicle,153.017534,-27.363965,Robinson Rd W,,Aspley,Aspley,No Roadway Feature,No traffic control,60 km/h,Sealed - Dry,Daylight,Straight,Veh'S Same Direction: Rear End,Rear-end,0,0,0,1,1,2,0,0,0,0,0,0
299597,Hospitalisation,2016,15,Hit pedestrian,Hit pedestrian,153.0212761,-27.38818156,Webster Rd,,Chermside,Stafford,No Roadway Feature,No traffic control,60 km/h,Sealed - Dry,Daylight,Straight,Ped'N: Near Side Vehicle Hit From Right,Pedestrian,0,1,0,0,1,1,0,0,0,0,1,0
299601,Medical treatment,2016,18,Angle,Multi-Vehicle,153.045989,-27.395672,Deloraine St,Rode Rd,Wavell Heights,Clayfield,Intersection - T-Junction,No traffic control,60 km/h,Sealed - Dry,Darkness - Lighted,Straight,Veh'S Opposite Approach: Thru-Right,Opposing vehicles turning,0,0,4,0,4,2,0,0,0,0,0,0
299602,Hospitalisation,2016,15,Angle,Multi-Vehicle,153.002189,-27.427063,Enoggera Rd,Lloyd St,Alderley,Ashgrove,Intersection - T-Junction,No traffic control,60 km/h,Sealed - Dry,Daylight,Straight,Veh'S Opposite Approach: Thru-Right,Opposing vehicles turning,0,1,0,0,1,1,1,0,0,0,0,0
299619,Fatal,2016,8,Angle,Multi-Vehicle,152.989088,-27.45011,Arthur Tce,Western Arterial Rd,Bardon,Mount Coot-tha,Intersection - Cross,Operating traffic lights,60 km/h,Sealed - Dry,Daylight,Straight,Veh'S Opposite Approach: Thru-Right,Opposing vehicles turning,1,0,0,0,1,1,1,0,0,0,0,0
299621,Medical treatment,2016,23,Rear-end,Multi-Vehicle,153.022071,-27.469437,Ann St,George St,Brisbane City,Brisbane Central,Intersection - Cross,Operating traffic lights,60 km/h,Sealed - Wet,Darkness - Lighted,Straight,Veh'S Same Direction: Rear End,Rear-end,0,0,1,0,1,2,0,0,0,0,0,0
299623,Medical treatment,2016,13,Rear-end,Multi-Vehicle,153.029354,-27.453715,Brunswick St,,Fortitude Valley,Brisbane Central,No Roadway Feature,No traffic control,0 - 50 km/h,Sealed - Dry,Daylight,Straight,Veh'S Same Direction: Rear End,Rear-end,0,0,1,0,1,2,0,0,0,0,0,0
299627,Medical treatment,2016,14,Sideswipe,Multi-Vehicle,153.070981,-27.337903,Gateway Arterial Rd,,Boondall,Nudgee,No Roadway Feature,No traffic control,80 - 90 km/h,Sealed - Dry,Daylight,Straight,Veh'S Same Direction: Lane Change Right,Lane changes,0,0,1,1,2,2,0,0,0,0,0,0
299636,Hospitalisation,2016,18,Head-on,Multi-Vehicle,153.0716854,-27.43189156,Lancaster Rd,Nudgee Rd,Ascot,Clayfield,Intersection - T-Junction,Operating traffic lights,60 km/h,Sealed - Dry,Darkness - Lighted,Straight,Veh'S Opposite Approach: Thru-Right,Opposing vehicles turning,0,1,0,0,1,2,0,0,0,0,0,0
299637,Medical treatment,2016,17,Sideswipe,Multi-Vehicle,153.047661,-27.441415,Inner City Bypass,Kingsford Smith Dr,Hamilton,Clayfield,Intersection - Interchange,No traffic control,60 km/h,Sealed - Dry,Dawn/Dusk,Curved - view open,Veh'S Same Direction: Lane Change Left,Lane changes,0,0,1,0,1,1,0,0,0,0,0,0
299638,Medical treatment,2016,10,Rear-end,Multi-Vehicle,152.978734,-27.403872,Osborne Rd,,Everton Park,Everton,No Roadway Feature,No traffic control,60 km/h,Sealed - Dry,Daylight,Straight,Veh'S Same Direction: Rear End,Rear-end,0,0,3,0,3,3,0,0,0,0,0,0
299676,Medical treatment,2016,15,Rear-end,Multi-Vehicle,152.9387983,-27.44206757,Waterworks Rd,,The Gap,Ashgrove,No Roadway Feature,No traffic control,60 km/h,Sealed - Dry,Daylight,Curved - view open,Veh'S Same Direction: Rear End,Rear-end,0,0,1,0,1,3,0,0,0,0,0,0
299677,Minor injury,2016,19,Sideswipe,Multi-Vehicle,153.01756,-27.466244,Garrick St,Roma St,Brisbane City,Brisbane Central,Intersection - T-Junction,No traffic control,60 km/h,Sealed - Dry,Daylight,Straight,Veh'S Same Direction: Lane Change Left,Lane changes,0,0,0,1,1,1,1,0,0,0,0,0
299687,Minor injury,2016,16,Angle,Multi-Vehicle,153.082928,-27.433297,Fison Ave W,Kingsford Smith Dr,Eagle Farm,Clayfield,Intersection - Cross,Operating traffic lights,60 km/h,Sealed - Dry,Daylight,Straight,Veh'S Manoeuvring: Entering From Footway,Vehicle leaving driveway,0,0,0,1,1,0,0,1,0,1,0,0
299688,Minor injury,2016,20,Angle,Multi-Vehicle,152.990687,-27.422433,Samford Rd,Western Arterial Rd,Enoggera,Ashgrove,Intersection - Cross,Operating traffic lights,60 km/h,Sealed - Dry,Darkness - Lighted,Straight,Veh'S Opposite Approach: Thru-Right,Opposing vehicles turning,0,0,0,1,1,2,0,0,0,0,0,0
299689,Medical treatment,2016,7,Sideswipe,Multi-Vehicle,152.9860872,-27.39511209,Everton Park - Albany Creek Rd,,Everton Park,Everton,No Roadway Feature,No traffic control,60 km/h,Sealed - Dry,Daylight,Straight,Veh'S Same Direction: Lane Change Left,Lane changes,0,0,1,0,1,1,1,0,0,0,0,0
299710,Minor injury,2016,14,Rear-end,Multi-Vehicle,153.010991,-27.448866,Gibb St,Kelvin Grove Rd,Kelvin Grove,Brisbane Central,No Roadway Feature,No traffic control,60 km/h,Sealed - Dry,Daylight,Straight,Veh'S Same Direction: Rear End,Rear-end,0,0,0,1,1,3,0,0,0,0,0,0
299711,Medical treatment,2016,16,Rear-end,Multi-Vehicle,152.986096,-27.47865,Milton Rd,Sylvan Rd,Toowong,Mount Coot-tha,Intersection - T-Junction,No traffic control,60 km/h,Sealed - Dry,Daylight,Straight,Veh'S Same Direction: Rear End,Rear-end,0,0,1,0,1,2,0,0,0,0,0,0
299712,Medical treatment,2016,15,Rear-end,Multi-Vehicle,152.9553014,-27.51685107,Western Arterial Rd,,Indooroopilly,Moggill,No Roadway Feature,No traffic control,80 - 90 km/h,Sealed - Dry,Daylight,Straight,Veh'S Same Direction: Rear End,Rear-end,0,0,1,0,1,2,0,0,0,0,0,0
299714,Hospitalisation,2016,9,Sideswipe,Multi-Vehicle,153.0488149,-27.31724267,Gateway Arterial Rd,,Sandgate,Sandgate,No Roadway Feature,No traffic control,80 - 90 km/h,Sealed - Dry,Daylight,Straight,Veh'S Same Direction: Lane Change Left,Lane changes,0,1,0,0,1,1,1,0,0,0,0,0
299715,Medical treatment,2016,12,Rear-end,Multi-Vehicle,153.051526,-27.325785,Gateway Arterial Rd,,Deagon,Sandgate,Intersection - Interchange,No traffic control,80 - 90 km/h,Sealed - Dry,Daylight,Straight,Veh'S Same Direction: Rear End,Rear-end,0,0,2,0,2,1,0,1,0,0,0,0
299716,Medical treatment,2016,6,Angle,Multi-Vehicle,153.062206,-27.370592,Sandgate Sub-Arterial Rd,Vauxhall St,Virginia,Nudgee,Intersection - Cross,Operating traffic lights,70 km/h,Sealed - Dry,Daylight,Straight,Veh'S Opposite Approach: Thru-Right,Opposing vehicles turning,0,0,1,0,1,2,0,0,0,0,0,0
299723,Medical treatment,2016,9,Angle,Multi-Vehicle,153.040715,-27.432425,Hudson Rd,,Albion,Clayfield,No Roadway Feature,No traffic control,60 km/h,Sealed - Dry,Daylight,Straight,Veh'S Manoeuvring: Leaving Driveway,Vehicle leaving driveway,0,0,1,0,1,2,0,0,0,0,0,0
299751,Medical treatment,2016,8,Rear-end,Multi-Vehicle,153.0142907,-27.46411394,Petrie Tce,,Petrie Terrace,Mount Coot-tha,No Roadway Feature,No traffic control,60 km/h,Sealed - Dry,Daylight,Straight,Veh'S Same Direction: Rear End,Rear-end,0,0,1,0,1,1,1,0,0,0,0,0
299754,Medical treatment,2016,6,Angle,Multi-Vehicle,152.997561,-27.480972,Coronation Dr,Patrick La,Toowong,Mount Coot-tha,Intersection - Cross,Operating traffic lights,60 km/h,Sealed - Dry,Daylight,Straight,Veh'S Opposite Approach: Right-Left,Opposing vehicles turning,0,0,1,0,1,1,1,0,0,0,0,0
299756,Hospitalisation,2016,19,Angle,Multi-Vehicle,153.0182858,-27.36921861,Darwin St,Gympie Arterial Rd,Aspley,Aspley,Intersection - Cross,Operating traffic lights,70 km/h,Sealed - Dry,Darkness - Lighted,Straight,Veh'S Opposite Approach: Thru-Right,Opposing vehicles turning,0,1,0,1,2,2,0,0,0,0,0,0
299757,Medical treatment,2016,14,Rear-end,Multi-Vehicle,153.077172,-27.347217,Gateway Arterial Rd,,Boondall,Nudgee,No Roadway Feature,No traffic control,80 - 90 km/h,Sealed - Dry,Daylight,Straight,Veh'S Same Direction: Lane Change Left,Lane changes,0,0,1,0,1,2,0,0,0,0,0,0
299770,Hospitalisation,2016,22,Hit parked vehicle,Single Vehicle,152.98033,-27.397341,Kurrajong St,,Everton Park,Everton,No Roadway Feature,No traffic control,0 - 50 km/h,Sealed - Dry,Darkness - Not lighted,Straight,Veh'S On Path: Parked,Hit parked vehicle,0,1,0,0,1,2,0,0,0,0,0,0
299771,Minor injury,2016,17,Rear-end,Multi-Vehicle,153.0049528,-27.42981376,Enoggera Rd,,Alderley,Ashgrove,No Roadway Feature,No traffic control,60 km/h,Sealed - Dry,Dawn/Dusk,Curved - view open,Veh'S Same Direction: Left Rear,Rear-end,0,0,0,1,1,1,1,0,0,0,0,0
299825,Medical treatment,2016,18,Rear-end,Multi-Vehicle,152.98855,-27.459348,Western Arterial Rd,,Bardon,Mount Coot-tha,No Roadway Feature,No traffic control,0 - 50 km/h,Sealed - Dry,Dawn/Dusk,Straight,Veh'S Same Direction: Rear End,Rear-end,0,0,1,0,1,2,0,0,0,0,0,0
299826,Medical treatment,2016,8,Rear-end,Multi-Vehicle,153.01934,-27.457295,Inner City Bypass,,Herston,Brisbane Central,No Roadway Feature,No traffic control,60 km/h,Sealed - Dry,Daylight,Curved - view open,Veh'S Same Direction: Rear End,Rear-end,0,0,2,0,2,3,0,0,0,0,0,0
299827,Hospitalisation,2016,11,Rear-end,Multi-Vehicle,153.004905,-27.3172387,Gympie Rd,,Bald Hills,Aspley,No Roadway Feature,No traffic control,60 km/h,Sealed - Dry,Daylight,Curved - view open,Veh'S Same Direction: Rear End,Rear-end,0,2,0,0,2,5,0,0,0,0,0,0
299829,Medical treatment,2016,8,Rear-end,Multi-Vehicle,153.031035,-27.393452,Gympie Arterial Rd,Rode Rd,Chermside,Nudgee,Intersection - Cross,Operating traffic lights,60 km/h,Sealed - Dry,Daylight,Straight,Veh'S Same Direction: Rear End,Rear-end,0,0,1,0,1,2,0,0,0,0,0,0
299864,Medical treatment,2016,18,Fall from vehicle,Single Vehicle,153.004436,-27.470452,Gordon St,Park Rd,Milton,Mount Coot-tha,Intersection - T-Junction,No traffic control,0 - 50 km/h,Sealed - Dry,Daylight,Straight,Off Path-Straight:Out Of Control On Cway,Out of control on straight,0,0,1,0,1,2,1,0,0,0,0,0
299865,Medical treatment,2016,20,Angle,Multi-Vehicle,153.008391,-27.3309689,Gympie Rd,Linkfield Connection Rd,Bald Hills,Aspley,Intersection - Cross,Operating traffic lights,60 km/h,Sealed - Dry,Darkness - Lighted,Straight,Veh'S Adjacent Approach: Thru-Thru,Intersection from adjacent approaches,0,0,2,0,2,2,0,0,0,0,0,0
299870,Medical treatment,2016,22,Hit object,Single Vehicle,153.005333,-27.346163,Invalid Street From Police,,Bridgeman Downs,Aspley,No Roadway Feature,No traffic control,0 - 50 km/h,Sealed - Dry,Darkness - Lighted,Straight,Off Path-Straight: Left Off Cway Hit Obj,Off carriageway on straight hit object,0,0,1,0,1,1,0,0,0,0,0,0
299871,Hospitalisation,2016,19,Hit object,Single Vehicle,152.992428,-27.388188,Rode Rd,,Mcdowall,Aspley,No Roadway Feature,No traffic control,60 km/h,Sealed - Dry,Darkness - Lighted,Straight,Off Path-Straight: Left Off Cway Hit Obj,Off carriageway on straight hit object,0,3,1,0,4,1,0,0,0,0,0,0
299880,Minor injury,2016,11,Rear-end,Multi-Vehicle,153.031027,-27.437609,Lutwyche Rd,,Windsor,Brisbane Central,No Roadway Feature,No traffic control,60 km/h,Sealed - Dry,Daylight,Straight,Veh'S Same Direction: Rear End,Rear-end,0,0,0,1,1,2,0,0,0,0,0,0
299906,Hospitalisation,2016,13,Angle,Multi-Vehicle,153.018831,-27.459941,Boundary St,,Spring Hill,Brisbane Central,Intersection - T-Junction,Operating traffic lights,60 km/h,Sealed - Dry,Daylight,Straight,Veh'S Opposite Approach: Thru-Right,Opposing vehicles turning,0,1,1,0,2,2,0,0,0,0,0,0
299907,Hospitalisation,2016,16,Angle,Multi-Vehicle,153.011111,-27.392979,Appleby Rd,,Stafford Heights,Stafford,No Roadway Feature,No traffic control,60 km/h,Sealed - Dry,Daylight,Straight,Veh'S Opposite Approach: Thru-Right,Opposing vehicles turning,0,1,0,0,1,1,1,0,0,0,0,0
299909,Hospitalisation,2016,16,Rear-end,Multi-Vehicle,153.012688,-27.345834,Beams Rd,Gympie Arterial Rd,Carseldine,Aspley,Intersection - T-Junction,Give way sign,70 km/h,Sealed - Dry,Daylight,Straight,Veh'S Same Direction: Left Rear,Rear-end,0,1,1,0,2,2,0,0,0,0,0,0
299918,Medical treatment,2016,20,Angle,Multi-Vehicle,152.990254,-27.425378,Lloyd St,Western Arterial Rd,Enoggera,Ashgrove,Intersection - Cross,Operating traffic lights,60 km/h,Sealed - Dry,Darkness - Lighted,Straight,Veh'S Opposite Approach: Thru-Right,Opposing vehicles turning,0,0,1,0,1,2,0,0,0,0,0,0
299937,Medical treatment,2016,10,Angle,Multi-Vehicle,153.025038,-27.456292,Gregory Tce,Rogers St,Spring Hill,Brisbane Central,Intersection - Cross,Operating traffic lights,60 km/h,Sealed - Dry,Daylight,Straight,Veh'S Opposite Approach: Thru-Right,Opposing vehicles turning,0,0,1,0,1,2,0,0,0,0,0,0
299938,Hospitalisation,2016,9,Angle,Multi-Vehicle,153.0298306,-27.44534548,Bowen Bridge Rd,,Bowen Hills,Brisbane Central,No Roadway Feature,No traffic control,60 km/h,Sealed - Dry,Daylight,Straight,Veh'S Same Direction: Right Rear,Rear-end,0,1,0,0,1,1,1,0,0,0,0,0
299940,Medical treatment,2016,11,Hit object,Single Vehicle,152.88662,-27.523109,Grandview Rd,,Pullenvale,Moggill,No Roadway Feature,No traffic control,60 km/h,Sealed - Dry,Daylight,Curved - view open,Off Path-Curve: Off Cway Rt Bend Hit Obj,Off carriageway on curve hit object,0,0,1,0,1,1,0,0,0,0,0,0
299943,Hospitalisation,2016,16,Sideswipe,Multi-Vehicle,153.017107,-27.363423,Gympie Arterial Rd,,Aspley,Aspley,No Roadway Feature,No traffic control,70 km/h,Sealed - Dry,Daylight,Straight,Veh'S Same Direction: Lane Change Right,Lane changes,0,1,0,1,2,0,2,0,0,0,0,0
299944,Hospitalisation,2016,4,Hit object,Single Vehicle,153.010217,-27.338258,Gympie Arterial Rd,,Carseldine,Aspley,No Roadway Feature,No traffic control,80 - 90 km/h,Sealed - Dry,Darkness - Lighted,Curved - view open,Off Path-Curve: Mounts Traffic Island,Off carriageway on curve hit object,0,1,0,0,1,1,0,0,0,0,0,0
299948,Hospitalisation,2016,19,Hit object,Single Vehicle,152.865301,-27.41992,Mount Nebo Rd,,Enoggera Reservoir,Ashgrove,No Roadway Feature,No traffic control,70 km/h,Sealed - Wet,Darkness - Not lighted,Curved - view obscured,Veh'S On Path: Temporary Object On C'Way,Other,0,1,0,0,1,0,1,0,0,0,0,0
299974,Medical treatment,2016,16,Sideswipe,Multi-Vehicle,153.00566,-27.472784,Coronation Dr,Park Rd,Milton,Mount Coot-tha,Intersection - T-Junction,Operating traffic lights,60 km/h,Sealed - Dry,Daylight,Straight,Veh'S Same Direction: Right Turn S/Swipe,Parallel lanes turning,0,0,1,0,1,0,1,1,0,0,0,0
299975,Medical treatment,2016,17,Rear-end,Multi-Vehicle,152.999506,-27.478333,Coronation Dr,,Auchenflower,Mount Coot-tha,No Roadway Feature,No traffic control,60 km/h,Sealed - Dry,Dawn/Dusk,Straight,Veh'S Same Direction: Rear End,Rear-end,0,0,1,0,1,1,1,0,0,0,0,0
299976,Medical treatment,2016,14,Angle,Multi-Vehicle,153.047253,-27.372487,Newman Rd,Wetherby St,Geebung,Nudgee,Intersection - T-Junction,Give way sign,0 - 50 km/h,Sealed - Wet,Daylight,Straight,Veh'S Adjacent Approach: Thru-Right,Intersection from adjacent approaches,0,0,1,0,1,2,0,0,0,0,0,0
299985,Hospitalisation,2016,15,Angle,Multi-Vehicle,153.059338,-27.396302,Cameron St,Sandgate Sub-Arterial Rd,Nundah,Clayfield,Intersection - T-Junction,No traffic control,60 km/h,Sealed - Dry,Daylight,Straight,Veh'S Opposite Approach: Thru-Right,Opposing vehicles turning,0,1,0,0,1,2,0,0,0,0,0,0
299986,Hospitalisation,2016,15,Angle,Multi-Vehicle,153.045989,-27.395672,Deloraine St,Rode Rd,Wavell Heights,Clayfield,Intersection - Cross,Stop sign,60 km/h,Sealed - Dry,Daylight,Straight,Veh'S Adjacent Approach: Thru-Thru,Intersection from adjacent approaches,0,1,0,0,1,1,1,0,0,0,0,0
300013,Medical treatment,2016,16,Hit parked vehicle,Single Vehicle,153.004038,-27.453049,Enoggera Tce,,Red Hill,Mount Coot-tha,No Roadway Feature,No traffic control,60 km/h,Sealed - Dry,Daylight,Straight,Veh'S On Path: Car Door,Hit parked vehicle,0,0,1,0,1,1,0,0,0,1,0,0
300015,Medical treatment,2016,7,Angle,Multi-Vehicle,153.029371,-27.453791,Brunswick St,,Fortitude Valley,Brisbane Central,No Roadway Feature,No traffic control,60 km/h,Sealed - Dry,Daylight,Straight,Veh'S Same Direction: Rear End,Rear-end,0,0,1,0,1,2,0,0,0,0,0,0
300016,Medical treatment,2016,14,Hit parked vehicle,Single Vehicle,152.95875,-27.485085,Sir Samuel Griffith Dr,,Mount Coot-tha,Mount Coot-tha,No Roadway Feature,No traffic control,0 - 50 km/h,Sealed - Dry,Daylight,Straight,Pass & Misc: Other,Other,0,0,1,0,1,0,0,0,2,0,0,0
300020,Medical treatment,2016,6,Rear-end,Multi-Vehicle,153.0586968,-27.4017503,Sandgate Sub-Arterial Rd,,Nundah,Clayfield,No Roadway Feature,No traffic control,60 km/h,Sealed - Dry,Daylight,Curved - view open,Veh'S Same Direction: Rear End,Rear-end,0,0,1,0,1,2,0,0,0,0,0,0