Crash_Ref_Number,Severity,Year,Hour,Crash_Nature,Crash_Type,Longitude,Latitude,Street,Street_Intersecting,Suburb,Loc_State_Electorate,Crash_Roadway_Feature,Crash_Traffic_Control,Crash_Speed_Limit,Crash_Road_Surface_Condition,Crash_Lighting_Condition,Crash_Road_Horiz_Align,Crash_DCA_Description,Crash_DCA_Group_Description,Count_Casualty_Fatality,Count_Casualty_Hospitalised,Count_Casualty_MedicallyTreated,Count_Casualty_MinorInjury,Count_Casualty_Total,Count_Unit_Car,Count_Unit_Motorcycle_Moped,Count_Unit_Truck,Count_Unit_Bus,Count_Unit_Bicycle,Count_Unit_Pedestrian,Count_Unit_Other
300040,Medical treatment,2016,1,Hit pedestrian,Hit pedestrian,153.030177,-27.465115,Rich La,Wharf St,Brisbane City,Brisbane Central,No Roadway Feature,No traffic control,0 - 50 km/h,Sealed - Dry,Darkness - Lighted,Straight,Ped'N: Play; Work; Stand; Lie On C'Way,Pedestrian,0,0,1,0,1,1,0,0,0,0,1,0
300041,Medical treatment,2016,6,Angle,Multi-Vehicle,152.99389,-27.489759,Brisbane St,Herbert St,Toowong,Mount Coot-tha,No Roadway Feature,Operating traffic lights,60 km/h,Sealed - Dry,Daylight,Curved - view open,Veh'S Manoeuvring: Leaving Driveway,Vehicle leaving driveway,0,0,1,0,1,2,0,1,0,0,0,0
300042,Hospitalisation,2016,21,Hit object,Single Vehicle,152.9648009,-27.51867228,Jesmond Rd,,Fig Tree Pocket,Indooroopilly,No Roadway Feature,No traffic control,60 km/h,Sealed - Dry,Darkness - Not lighted,Straight,Off Path-Straight:Right Off Cway Hit Obj,Off carriageway on straight hit object,0,1,0,0,1,1,0,0,0,0,0,0
300043,Medical treatment,2016,11,Rear-end,Multi-Vehicle,152.9794266,-27.49556708,Swann Rd,,Taringa,Indooroopilly,No Roadway Feature,No traffic control,60 km/h,Sealed - Dry,Daylight,Curved - view obscured,Veh'S Same Direction: Right Rear,Rear-end,0,0,1,0,1,1,1,0,0,0,0,0
300055,Medical treatment,2016,6,Rear-end,Multi-Vehicle,153.073221,-27.422262,Long St,Nudgee Rd,Hendra,Clayfield,Intersection - T-Junction,No traffic control,0 - 50 km/h,Sealed - Dry,Daylight,Straight,Veh'S Same Direction: Rear End,Rear-end,0,0,1,0,1,2,0,0,0,0,0,0
300056,Medical treatment,2016,17,Hit object,Single Vehicle,153.0746,-27.410996,Nudgee Rd,,Hendra,Clayfield,Merge Lane,No traffic control,60 km/h,Sealed - Dry,Dawn/Dusk,Straight,Off Path-Straight:Out Of Control On Cway,Out of control on straight,0,0,1,0,1,1,0,0,0,0,0,0
300057,Hospitalisation,2016,19,Angle,Multi-Vehicle,152.998641,-27.424442,Musgrave Tce,Samford Rd,Alderley,Ashgrove,Intersection - T-Junction,No traffic control,0 - 50 km/h,Sealed - Dry,Darkness - Lighted,Straight,Veh'S Opposite Approach: Thru-Right,Opposing vehicles turning,0,1,1,0,2,2,0,0,0,0,0,0
300078,Hospitalisation,2016,12,Hit pedestrian,Hit pedestrian,153.024041,-27.469212,Adelaide St,,Brisbane City,Brisbane Central,No Roadway Feature,No traffic control,0 - 50 km/h,Sealed - Dry,Daylight,Straight,Ped'N: Near Side Vehicle Hit From Right,Pedestrian,0,1,0,1,2,0,0,0,0,1,1,0
300079,Hospitalisation,2016,10,Angle,Multi-Vehicle,153.041862,-27.449898,Ann St,Montpelier Rd,Newstead,Brisbane Central,Intersection - Cross,Operating traffic lights,60 km/h,Sealed - Dry,Daylight,Straight,Veh'S Adjacent Approach: Thru-Thru,Intersection from adjacent approaches,0,1,0,0,1,3,0,0,0,0,0,0
300080,Medical treatment,2016,11,Rear-end,Multi-Vehicle,153.040287,-27.442558,Edmondstone Rd,Thompson St,Bowen Hills,Brisbane Central,Intersection - T-Junction,No traffic control,60 km/h,Sealed - Dry,Daylight,Curved - view open,Veh'S Same Direction: Right Rear,Rear-end,0,0,1,0,1,2,0,0,0,0,0,0
300081,Medical treatment,2016,22,Hit object,Single Vehicle,153.028666,-27.455414,Kennigo St,Water St,Spring Hill,Brisbane Central,Intersection - Cross,No traffic control,60 km/h,Sealed - Dry,Darkness - Lighted,Curved - view open,Veh'S Adjacent Approach: Left-Thru,Intersection from adjacent approaches,0,0,2,0,2,2,0,0,0,0,0,0
300086,Medical treatment,2016,22,Angle,Multi-Vehicle,152.994166,-27.354831,Albany Creek Sub-Arterial Rd,Beckett Rd,Bridgeman Downs,Aspley,Intersection - Cross,Operating traffic lights,60 km/h,Sealed - Dry,Darkness - Lighted,Straight,Veh'S Adjacent Approach: Thru-Thru,Intersection from adjacent approaches,0,0,1,1,2,2,0,0,0,0,0,0
300095,Medical treatment,2016,13,Rear-end,Multi-Vehicle,153.035128,-27.404123,Leckie Rd,Twelfth Ave,Kedron,Clayfield,Intersection - T-Junction,No traffic control,60 km/h,Sealed - Dry,Daylight,Straight,Veh'S Same Direction: Right Rear,Rear-end,0,0,1,0,1,2,0,0,0,0,0,0
300121,Hospitalisation,2016,21,Hit object,Single Vehicle,152.8975692,-27.43177034,Mount Nebo Rd,,Enoggera Reservoir,Ashgrove,No Roadway Feature,No traffic control,70 km/h,Sealed - Dry,Darkness - Not lighted,Curved - view obscured,Off Path-Curve: Out Of Control On Cway,Out of control on curve,0,2,0,0,2,1,0,0,0,0,0,0
300122,Hospitalisation,2016,5,Fall from vehicle,Single Vehicle,153.015281,-27.466766,Saul St,Skew St,Brisbane City,Brisbane Central,No Roadway Feature,No traffic control,60 km/h,Sealed - Dry,Daylight,Curved - view open,Veh'S Same Direction: Rear End,Rear-end,0,1,0,0,1,1,1,0,0,0,0,0
300125,Minor injury,2016,15,Rear-end,Multi-Vehicle,153.039738,-27.350934,Handford Rd,,Zillmere,Nudgee,No Roadway Feature,No traffic control,60 km/h,Sealed - Dry,Daylight,Straight,Veh'S Same Direction: Rear End,Rear-end,0,0,0,1,1,4,0,0,0,0,0,0
300128,Minor injury,2016,13,Fall from vehicle,Single Vehicle,153.030881,-27.439721,Gallway St,Lutwyche Rd,Windsor,Brisbane Central,Intersection - T-Junction,Operating traffic lights,60 km/h,Sealed - Dry,Daylight,Straight,Pass & Misc: Fell In/From Vehicle,Other,0,0,0,2,2,0,0,0,1,0,0,0
300158,Hospitalisation,2016,6,Angle,Multi-Vehicle,152.9913,-27.50212,Carawa St,,St Lucia,Indooroopilly,No Roadway Feature,No traffic control,60 km/h,Sealed - Dry,Daylight,Curved - view open,Veh'S Opposite Approach: Thru-Right,Opposing vehicles turning,0,1,0,0,1,1,0,0,0,1,0,0
300159,Medical treatment,2016,11,Rear-end,Multi-Vehicle,153.0095,-27.409433,East - West Arterial Rd,,Stafford,Stafford,No Roadway Feature,No traffic control,60 km/h,Sealed - Dry,Daylight,Straight,Veh'S Same Direction: Rear End,Rear-end,0,0,1,0,1,2,0,0,0,0,0,0
300167,Hospitalisation,2016,9,Angle,Multi-Vehicle,153.0641905,-27.41845323,Zillman Rd,,Hendra,Clayfield,No Roadway Feature,No traffic control,60 km/h,Sealed - Dry,Daylight,Straight,Off Path-Straight: Other,Other,0,1,0,0,1,1,0,0,0,1,0,0
300186,Medical treatment,2016,11,Sideswipe,Multi-Vehicle,153.039288,-27.452016,Murri Wy,Wickham St,Fortitude Valley,Brisbane Central,Intersection - T-Junction,No traffic control,60 km/h,Sealed - Dry,Daylight,Straight,Veh'S Same Direction: Lane Side Swipe,Lane changes,0,0,1,0,1,1,1,0,0,0,0,0
300187,Medical treatment,2016,17,Angle,Multi-Vehicle,153.061587,-27.374408,Pritchard Rd,,Virginia,Nudgee,No Roadway Feature,No traffic control,60 km/h,Sealed - Dry,Daylight,Straight,Veh'S Manoeuvring: Leaving Driveway,Vehicle leaving driveway,0,0,4,0,4,2,0,1,0,0,0,0
300195,Hospitalisation,2016,8,Fall from vehicle,Single Vehicle,153.053411,-27.385447,Bilsen Rd,Goss Rd,Wavell Heights,Nudgee,Intersection - Cross,Give way sign,60 km/h,Sealed - Dry,Daylight,Straight,Off Path-Straight: Right Turn,Off carriageway on straight,0,1,0,0,1,1,1,0,0,0,0,0
300196,Hospitalisation,2016,8,Sideswipe,Multi-Vehicle,153.100204,-27.443726,Gateway Arterial Rd,,Eagle Farm,Clayfield,Bridge/Causeway,No traffic control,80 - 90 km/h,Sealed - Dry,Daylight,Straight,Veh'S Same Direction: Lane Side Swipe,Lane changes,0,1,0,0,1,1,0,1,0,0,0,0
300197,Minor injury,2016,10,Angle,Multi-Vehicle,152.9626339,-27.41120564,Dawson Pde,,Keperra,Everton,No Roadway Feature,No traffic control,0 - 50 km/h,Sealed - Dry,Daylight,Straight,Veh'S Manoeuvring: Other,Other,0,0,0,1,1,1,1,0,0,0,0,0
300212,Hospitalisation,2016,11,Angle,Multi-Vehicle,153.0231747,-27.46725261,Turbot St,,Brisbane City,Brisbane Central,No Roadway Feature,No traffic control,60 km/h,Sealed - Dry,Daylight,Straight,Veh'S Manoeuvring: Leaving Parking,Vehicle leaving driveway,0,1,0,1,2,3,0,0,0,0,0,0
300214,Hospitalisation,2016,19,Fall from vehicle,Single Vehicle,153.0420757,-27.4640104,Brunswick St,,New Farm,Brisbane Central,No Roadway Feature,No traffic control,0 - 50 km/h,Sealed - Wet,Darkness - Lighted,Straight,Pass & Misc: Other,Other,0,1,0,0,1,1,0,0,0,1,0,1
300215,Medical treatment,2016,7,Fall from vehicle,Single Vehicle,152.998229,-27.471828,Beard St,Milton Rd,Auchenflower,Mount Coot-tha,Intersection - T-Junction,Give way sign,60 km/h,Sealed - Dry,Daylight,Straight,Off Path-Straight:Out Of Control On Cway,Out of control on straight,0,0,1,0,1,1,1,0,0,0,0,0
300218,Medical treatment,2016,16,Rear-end,Multi-Vehicle,153.0127343,-27.3249282,Gympie Arterial Rd,,Bald Hills,Aspley,No Roadway Feature,No traffic control,100 - 110 km/h,Sealed - Dry,Daylight,Straight,Veh'S Same Direction: Rear End,Rear-end,0,0,1,0,1,4,0,0,0,0,0,0
300235,Medical treatment,2016,7,Rear-end,Multi-Vehicle,152.98708,-27.402755,Everton Park - Albany Creek Rd,Pullen Rd,Everton Park,Everton,Intersection - T-Junction,Operating traffic lights,60 km/h,Sealed - Dry,Daylight,Straight,Veh'S Same Direction: Rear End,Rear-end,0,0,1,0,1,2,0,0,0,0,0,0
300256,Hospitalisation,2016,18,Fall from vehicle,Single Vehicle,153.027149,-27.465513,Ann St,Creek St,Brisbane City,Brisbane Central,Intersection - Cross,Operating traffic lights,60 km/h,Sealed - Dry,Dawn/Dusk,Straight,Off Path-Straight:Out Of Control On Cway,Out of control on straight,0,1,0,0,1,1,1,0,0,0,0,0
300259,Minor injury,2016,11,Angle,Multi-Vehicle,152.94816,-27.494461,Fleming Rd,Marmindie St,Chapel Hill,Moggill,Intersection - T-Junction,No traffic control,0 - 50 km/h,Sealed - Dry,Daylight,Straight,Veh'S Opposite Approach: Thru-Right,Opposing vehicles turning,0,0,0,1,1,2,0,0,0,0,0,0
300279,Hospitalisation,2016,12,Sideswipe,Multi-Vehicle,153.027941,-27.47965,Goodwill Bdge,,Brisbane City,Brisbane Central,Bikeway,No traffic control,0 - 50 km/h,Sealed - Dry,Daylight,Straight,Veh'S Manoeuvring: Other,Other,0,1,0,0,1,0,0,0,0,2,0,0
300281,Hospitalisation,2016,18,Angle,Multi-Vehicle,153.049198,-27.464035,James St,Lamington St,New Farm,Brisbane Central,Intersection - Cross,Operating traffic lights,0 - 50 km/h,Sealed - Dry,Daylight,Straight,Veh'S Opposite Approach: Thru-Right,Opposing vehicles turning,0,1,0,0,1,1,1,0,0,0,0,0
300283,Hospitalisation,2016,2,Hit object,Single Vehicle,152.966554,-27.500629,Moggill Rd,Russell Tce,Indooroopilly,Indooroopilly,Intersection - T-Junction,Operating traffic lights,60 km/h,Sealed - Wet,Darkness - Lighted,Curved - view open,Off Path-Curve: Off Cway Rt Bend Hit Obj,Off carriageway on curve hit object,0,1,0,0,1,1,0,0,0,0,0,0
300294,Medical treatment,2016,20,Rear-end,Multi-Vehicle,153.01279,-27.346216,Beams Rd,Gympie Arterial Rd,Carseldine,Aspley,Intersection - T-Junction,Give way sign,70 km/h,Sealed - Dry,Darkness - Lighted,Straight,Veh'S Same Direction: Left Rear,Rear-end,0,0,1,1,2,2,0,0,0,0,0,0
300330,Hospitalisation,2016,22,Angle,Multi-Vehicle,153.0108749,-27.46323099,Caxton St,Hale St,Paddington,Mount Coot-tha,Intersection - Cross,Operating traffic lights,0 - 50 km/h,Sealed - Dry,Darkness - Lighted,Straight,Veh'S Opposite Approach: Thru-Right,Opposing vehicles turning,0,1,0,0,1,1,1,0,0,0,0,0
300331,Hospitalisation,2016,9,Rear-end,Multi-Vehicle,153.012057,-27.454072,Kelvin Grove Rd,,Kelvin Grove,Brisbane Central,No Roadway Feature,No traffic control,60 km/h,Sealed - Dry,Daylight,Straight,Veh'S Same Direction: Rear End,Rear-end,0,1,0,0,1,2,0,0,0,0,0,0
300332,Hospitalisation,2016,13,Rear-end,Multi-Vehicle,153.031036,-27.447794,Inner City Bypass,,Bowen Hills,Brisbane Central,No Roadway Feature,No traffic control,60 km/h,Sealed - Dry,Daylight,Straight,Veh'S Same Direction: Rear End,Rear-end,0,1,0,0,1,1,1,0,0,0,0,0
300342,Hospitalisation,2016,19,Hit object,Single Vehicle,153.074304,-27.393508,Day Rd,,Northgate,Nudgee,No Roadway Feature,No traffic control,0 - 50 km/h,Sealed - Dry,Darkness - Not lighted,Straight,Off Path-Straight:Out Of Control On Cway,Out of control on straight,0,1,0,0,1,1,0,0,0,0,0,0
300343,Minor injury,2016,19,Angle,Multi-Vehicle,153.036636,-27.415522,Kedron Park Rd,Lutwyche Rd,Lutwyche,Clayfield,Intersection - Cross,Operating traffic lights,60 km/h,Sealed - Dry,Dawn/Dusk,Curved - view open,Veh'S Adjacent Approach: Thru-Right,Intersection from adjacent approaches,0,0,0,1,1,2,0,0,0,0,0,0
300370,Hospitalisation,2016,11,Angle,Multi-Vehicle,152.990221,-27.441806,Amarina Ave,Western Arterial Rd,Ashgrove,Ashgrove,Intersection - T-Junction,Give way sign,0 - 50 km/h,Sealed - Dry,Daylight,Straight,Veh'S Manoeuvring: Entering From Footway,Vehicle leaving driveway,0,1,0,0,1,1,0,0,0,1,0,0
300371,Medical treatment,2016,15,Angle,Multi-Vehicle,153.004939,-27.45442,Broadway St,Cochrane St,Red Hill,Mount Coot-tha,Intersection - Cross,Give way sign,0 - 50 km/h,Sealed - Dry,Daylight,Straight,Veh'S Adjacent Approach: Thru-Thru,Intersection from adjacent approaches,0,0,1,0,1,2,0,0,0,0,0,0
300372,Hospitalisation,2016,3,Head-on,Multi-Vehicle,153.026243,-27.462234,Henry St,Leichhardt St,Spring Hill,Brisbane Central,Intersection - T-Junction,No traffic control,60 km/h,Sealed - Dry,Darkness - Lighted,Curved - view obscured,Veh'S Opposite Approach: Head On,Head-on,0,1,0,0,1,1,1,0,0,0,0,0
300373,Hospitalisation,2016,1,Hit pedestrian,Hit pedestrian,153.036235,-27.457239,Ann St,Ballow St,Fortitude Valley,Brisbane Central,Intersection - T-Junction,Operating traffic lights,0 - 50 km/h,Sealed - Dry,Darkness - Lighted,Straight,Ped'N: Far Side Vehicle Hit From Left,Pedestrian,0,2,0,0,2,0,0,0,1,0,2,0
300374,Minor injury,2016,13,Rear-end,Multi-Vehicle,152.975237,-27.497491,Moggill Rd,,Indooroopilly,Indooroopilly,Intersection - Roundabout,Give way sign,60 km/h,Sealed - Dry,Daylight,Straight,Veh'S Same Direction: Left Rear,Rear-end,0,0,0,1,1,1,0,1,0,0,0,0
300382,Medical treatment,2016,10,Angle,Multi-Vehicle,153.036636,-27.415522,Kedron Park Rd,Lutwyche Rd,Lutwyche,Clayfield,Intersection - T-Junction,Operating traffic lights,60 km/h,Sealed - Dry,Daylight,Curved - view open,Veh'S Adjacent Approach: Thru-Right,Intersection from adjacent approaches,0,0,2,1,3,3,0,0,0,0,0,0
300403,Medical treatment,2016,15,Angle,Multi-Vehicle,153.023181,-27.373594,Gympie Arterial Rd,Webster Rd,Aspley,Aspley,Intersection - Cross,No traffic control,70 km/h,Sealed - Wet,Daylight,Straight,Veh'S Adjacent Approach: Thru-Thru,Intersection from adjacent approaches,0,0,1,0,1,2,0,0,0,0,0,0
300409,Hospitalisation,2016,13,Hit object,Single Vehicle,153.077134,-27.417957,Gateway Arterial Rd,,Hendra,Clayfield,No Roadway Feature,No traffic control,80 - 90 km/h,Sealed - Dry,Daylight,Curved - view open,Off Path-Curve: Off Cway Rt Bend Hit Obj,Off carriageway on curve hit object,0,1,0,1,2,1,0,0,0,0,0,0
300425,Medical treatment,2016,17,Rear-end,Multi-Vehicle,153.024482,-27.468866,Adelaide St,Albert St,Brisbane City,Brisbane Central,Intersection - T-Junction,Operating traffic lights,0 - 50 km/h,Sealed - Dry,Daylight,Straight,Veh'S Same Direction: Rear End,Rear-end,0,0,1,0,1,2,0,0,0,0,0,0
300442,Hospitalisation,2016,19,Fall from vehicle,Single Vehicle,153.034092,-27.42046,Bradshaw St,Lutwyche Rd,Lutwyche,Stafford,Intersection - Cross,Operating traffic lights,60 km/h,Sealed - Dry,Darkness - Lighted,Straight,Pass & Misc: Vehicle Movements Not Known,Other,0,1,0,0,1,0,1,0,0,0,0,0
300443,Medical treatment,2016,11,Sideswipe,Multi-Vehicle,153.0601071,-27.41620139,Junction Rd,,Clayfield,Clayfield,No Roadway Feature,No traffic control,60 km/h,Sealed - Dry,Daylight,Straight,Veh'S Manoeuvring: Leaving Parking,Vehicle leaving driveway,0,0,1,0,1,2,0,0,0,0,0,0
300444,Medical treatment,2016,18,Rear-end,Multi-Vehicle,153.1052149,-27.39650864,Moreton Dr,,Brisbane Airport,Clayfield,No Roadway Feature,No traffic control,60 km/h,Sealed - Dry,Darkness - Lighted,Straight,Veh'S Same Direction: Rear End,Rear-end,0,0,1,0,1,2,0,0,0,0,0,0
300463,Medical treatment,2016,17,Rear-end,Multi-Vehicle,153.041199,-27.4370115,Abbotsford Rd,,Bowen Hills,Brisbane Central,No Roadway Feature,No traffic control,60 km/h,Sealed - Dry,Daylight,Straight,Veh'S Same Direction: Rear End,Rear-end,0,0,1,0,1,1,1,0,0,0,0,0
300464,Medical treatment,2016,5,Angle,Multi-Vehicle,153.031537,-27.457959,Barry Pde,Gipps St,Fortitude Valley,Brisbane Central,Intersection - T-Junction,Operating traffic lights,60 km/h,Sealed - Dry,Daylight,Curved - view open,Veh'S Opposite Approach: Thru-Right,Opposing vehicles turning,0,0,1,0,1,2,0,0,0,0,0,0
300467,Hospitalisation,2016,6,Angle,Multi-Vehicle,153.0543211,-27.29748607,Queens Pde,,Brighton,Sandgate,No Roadway Feature,No traffic control,0 - 50 km/h,Sealed - Dry,Daylight,Straight,Veh'S Same Direction: Right Turn S/Swipe,Parallel lanes turning,0,2,0,0,2,1,0,0,0,2,0,0
300468,Medical treatment,2016,11,Angle,Multi-Vehicle,153.028267,-27.412923,Haig St,Khartoum St,Gordon Park,Stafford,Intersection - Cross,No traffic control,0 - 50 km/h,Sealed - Dry,Daylight,Straight,Veh'S Adjacent Approach: Right-Right,Intersection from adjacent approaches,0,0,1,0,1,2,0,0,0,0,0,0
300476,Hospitalisation,2016,16,Angle,Multi-Vehicle,152.984869,-27.38587,Beckett Rd,Rode Rd,Mcdowall,Everton,Intersection - Roundabout,Give way sign,60 km/h,Sealed - Dry,Daylight,Straight,Veh'S Adjacent Approach: Thru-Thru,Intersection from adjacent approaches,0,1,0,1,2,2,0,0,0,0,0,0
300477,Hospitalisation,2016,8,Hit object,Single Vehicle,152.96201,-27.406419,Dawson Pde,Kane St,Keperra,Everton,Intersection - Cross,No traffic control,60 km/h,Sealed - Dry,Daylight,Curved - view open,Off Path-Straight: Mounts Traffic Island,Off carriageway on straight hit object,0,1,0,0,1,0,1,0,0,0,0,0
300502,Hospitalisation,2016,14,Hit pedestrian,Hit pedestrian,153.024482,-27.468866,Adelaide St,Albert St,Brisbane City,Brisbane Central,Intersection - T-Junction,Operating traffic lights,0 - 50 km/h,Sealed - Dry,Daylight,Straight,Ped'N: Near Side Vehicle Hit From Right,Pedestrian,0,1,0,0,1,0,0,0,1,0,1,0
300503,Medical treatment,2016,15,Rear-end,Multi-Vehicle,153.044311,-27.453678,Commercial Rd,Masters St,Teneriffe,Brisbane Central,No Roadway Feature,No traffic control,0 - 50 km/h,Sealed - Dry,Daylight,Straight,Veh'S Same Direction: Right Rear,Rear-end,0,0,1,0,1,2,0,0,0,0,0,0
300504,Medical treatment,2016,7,Angle,Multi-Vehicle,153.030365,-27.45193,Anderson St,Gregory Tce,Bowen Hills,Brisbane Central,Intersection - T-Junction,Stop sign,60 km/h,Sealed - Dry,Daylight,Straight,Veh'S Adjacant Approach: Thru-Left,Intersection from adjacent approaches,0,0,1,0,1,2,0,0,0,0,0,0
300505,Hospitalisation,2016,5,Angle,Multi-Vehicle,153.0473461,-27.45134544,Skyring Tce,,Teneriffe,Brisbane Central,No Roadway Feature,No traffic control,60 km/h,Sealed - Dry,Daylight,Straight,Off Path-Straight: Other,Other,0,1,0,0,1,1,0,0,0,1,0,0
300511,Hospitalisation,2016,4,Hit object,Single Vehicle,153.042431,-27.360074,Halcomb St,Zillmere Rd,Zillmere,Nudgee,Intersection - T-Junction,No traffic control,60 km/h,Sealed - Dry,Dawn/Dusk,Straight,Off Path-Straight: Left Off Cway Hit Obj,Off carriageway on straight hit object,0,1,0,0,1,1,0,0,0,0,0,0
300519,Medical treatment,2016,8,Rear-end,Multi-Vehicle,153.071679,-27.431903,Lancaster Rd,Nudgee Rd,Ascot,Clayfield,Intersection - T-Junction,Operating traffic lights,0 - 50 km/h,Sealed - Dry,Daylight,Straight,Veh'S Same Direction: Right Rear,Rear-end,0,0,1,0,1,2,0,0,0,0,0,0
300520,Medical treatment,2016,7,Angle,Multi-Vehicle,153.029265,-27.44243,Northey St,Victoria St,Windsor,Brisbane Central,Intersection - Cross,Give way sign,60 km/h,Sealed - Dry,Daylight,Straight,Veh'S Adjacent Approach: Right-Thru,Intersection from adjacent approaches,0,0,1,0,1,2,0,0,0,0,0,0
300521,Medical treatment,2016,10,Fall from vehicle,Single Vehicle,152.984202,-27.416647,Dunkirk St,Lade St,Gaythorne,Everton,Intersection - T-Junction,No traffic control,0 - 50 km/h,Sealed - Dry,Daylight,Straight,Off Path-Straight:Out Of Control On Cway,Out of control on straight,0,0,1,0,1,1,1,0,0,0,0,0
300522,Medical treatment,2016,13,Rear-end,Multi-Vehicle,152.990254,-27.425378,Lloyd St,Western Arterial Rd,Enoggera,Ashgrove,Intersection - Cross,Operating traffic lights,60 km/h,Sealed - Dry,Daylight,Straight,Veh'S Same Direction: Rear End,Rear-end,0,0,1,0,1,2,0,0,0,0,0,0
300548,Hospitalisation,2016,13,Hit object,Single Vehicle,153.0320643,-27.45838369,Gipps St,,Fortitude Valley,Brisbane Central,No Roadway Feature,No traffic control,60 km/h,Sealed - Dry,Daylight,Curved - view open,Off Path-Curve: Mounts Traffic Island,Off carriageway on curve hit object,0,1,0,0,1,1,0,0,0,0,0,0
300549,Minor injury,2016,11,Rear-end,Multi-Vehicle,153.033555,-27.454077,St Pauls Tce,,Fortitude Valley,Brisbane Central,No Roadway Feature,No traffic control,60 km/h,Sealed - Dry,Daylight,Straight,Veh'S Same Direction: Rear End,Rear-end,0,0,0,4,4,4,0,0,0,0,0,0
300568,Medical treatment,2016,5,Sideswipe,Multi-Vehicle,153.080374,-27.423528,Gateway Arterial Rd,,Hendra,Clayfield,No Roadway Feature,No traffic control,80 - 90 km/h,Sealed - Wet,Dawn/Dusk,Straight,Off Path-Straight:Right Off Cway Hit Obj,Off carriageway on straight hit object,0,0,1,0,1,2,0,0,0,0,0,0
300592,Hospitalisation,2016,12,Hit object,Single Vehicle,152.924497,-27.434781,Mount Nebo Rd,,Enoggera Reservoir,Ashgrove,No Roadway Feature,No traffic control,70 km/h,Sealed - Dry,Daylight,Curved - view open,Off Path-Curve: Off Cway Rt Bend Hit Obj,Off carriageway on curve hit object,0,1,0,0,1,0,1,0,0,0,0,0
300594,Hospitalisation,2016,8,Angle,Multi-Vehicle,153.012786,-27.45871,Hale St,Musgrave Rd,Petrie Terrace,Mount Coot-tha,Intersection - Interchange,Operating traffic lights,60 km/h,Sealed - Dry,Daylight,Straight,Veh'S Opposite Approach: Thru-Right,Opposing vehicles turning,0,1,0,0,1,2,0,0,0,0,0,0
300598,Medical treatment,2016,15,Hit parked vehicle,Single Vehicle,153.047608,-27.314483,Gateway Arterial Rd,,Sandgate,Sandgate,No Roadway Feature,No traffic control,80 - 90 km/h,Sealed - Dry,Daylight,Straight,Veh'S On Path: Accident Or Broken Down,Hit parked vehicle,0,0,1,0,1,1,1,0,0,0,0,0
300609,Medical treatment,2016,7,Rear-end,Multi-Vehicle,153.047416,-27.428204,Highlands St,Sandgate Rd,Albion,Clayfield,Intersection - T-Junction,No traffic control,60 km/h,Sealed - Dry,Daylight,Curved - view open,Veh'S Same Direction: Rear End,Rear-end,0,0,1,0,1,2,0,0,0,0,0,0
300610,Hospitalisation,2016,16,Rear-end,Multi-Vehicle,152.9624046,-27.40932691,Dawson Pde,,Keperra,Everton,No Roadway Feature,No traffic control,0 - 50 km/h,Sealed - Dry,Daylight,Straight,Veh'S Same Direction: Rear End,Rear-end,0,1,0,0,1,3,0,0,0,0,0,0
300632,Hospitalisation,2016,13,Sideswipe,Multi-Vehicle,153.013854,-27.42222,Chermside St,Raymont Rd,Grange,Stafford,Intersection - Cross,No traffic control,60 km/h,Sealed - Dry,Daylight,Straight,Veh'S Same Direction: Left Turn S/Swipe,Parallel lanes turning,0,1,0,0,1,2,0,0,0,0,0,0
300663,Medical treatment,2016,10,Angle,Multi-Vehicle,153.04101,-27.34442,Handford Rd,,Taigum,Sandgate,No Roadway Feature,No traffic control,60 km/h,Sealed - Dry,Daylight,Straight,Veh'S Opposite Approach: Thru-Right,Opposing vehicles turning,0,0,1,0,1,1,1,0,0,0,0,0
300668,Medical treatment,2016,13,Angle,Multi-Vehicle,152.992037,-27.419164,Pickering St,Western Art Rd On/Off Ramp,Enoggera,Ashgrove,Intersection - T-Junction,Stop sign,60 km/h,Sealed - Dry,Daylight,Straight,Veh'S Adjacent Approach: Right-Right,Intersection from adjacent approaches,0,0,2,0,2,2,0,0,0,0,0,0
300686,Minor injury,2016,15,Angle,Multi-Vehicle,153.020716,-27.464951,Albert St,,Brisbane City,Brisbane Central,No Roadway Feature,No traffic control,0 - 50 km/h,Sealed - Dry,Daylight,Curved - view open,Veh'S Same Direction: Right Turn S/Swipe,Parallel lanes turning,0,0,0,1,1,2,0,0,0,0,0,0
300687,Minor injury,2016,16,Hit pedestrian,Hit pedestrian,153.021251,-27.462527,Wickham Tce,,Spring Hill,Brisbane Central,No Roadway Feature,No traffic control,0 - 50 km/h,Sealed - Dry,Daylight,Straight,Ped'N: Hit By Vehicle Enter/Leave D'Way,Pedestrian,0,0,0,1,1,1,0,0,0,0,1,0
300689,Medical treatment,2016,15,Angle,Multi-Vehicle,152.984922,-27.478308,Miskin St,Western Arterial Rd,Toowong,Mount Coot-tha,Intersection - Roundabout,Give way sign,0 - 50 km/h,Sealed - Dry,Daylight,Curved - view open,Veh'S Adjacent Approach: Thru-Thru,Intersection from adjacent approaches,0,0,1,0,1,2,0,0,0,0,0,0