Crash_Ref_Number,Severity,Year,Hour,Crash_Nature,Crash_Type,Longitude,Latitude,Street,Street_Intersecting,Suburb,Loc_State_Electorate,Crash_Roadway_Feature,Crash_Traffic_Control,Crash_Speed_Limit,Crash_Road_Surface_Condition,Crash_Lighting_Condition,Crash_Road_Horiz_Align,Crash_DCA_Description,Crash_DCA_Group_Description,Count_Casualty_Fatality,Count_Casualty_Hospitalised,Count_Casualty_MedicallyTreated,Count_Casualty_MinorInjury,Count_Casualty_Total,Count_Unit_Car,Count_Unit_Motorcycle_Moped,Count_Unit_Truck,Count_Unit_Bus,Count_Unit_Bicycle,Count_Unit_Pedestrian,Count_Unit_Other
300692,Hospitalisation,2016,5,Hit object,Single Vehicle,152.9854618,-27.38608906,Beckett Rd,Queens Rd,Mcdowall,Aspley,Intersection - Roundabout,Give way sign,60 km/h,Sealed - Dry,Daylight,Straight,Off Path-Straight: Left Off Cway Hit Obj,Off carriageway on straight hit object,0,1,0,0,1,0,0,1,0,0,0,0
300700,Medical treatment,2016,17,Fall from vehicle,Single Vehicle,153.08991,-27.366769,Boonal St,St Vincents Rd,Nudgee,Nudgee,Intersection - T-Junction,Give way sign,60 km/h,Sealed - Dry,Daylight,Straight,Off Path-Straight:Out Of Control On Cway,Out of control on straight,0,0,1,0,1,1,1,0,0,0,0,0
300737,Hospitalisation,2016,16,Rear-end,Multi-Vehicle,153.013387,-27.321596,Gympie Arterial Rd,,Bald Hills,Aspley,No Roadway Feature,No traffic control,100 - 110 km/h,Sealed - Dry,Daylight,Curved - view open,Veh'S Same Direction: Rear End,Rear-end,0,1,0,0,1,3,0,0,0,0,0,0
300738,Minor injury,2016,14,Sideswipe,Multi-Vehicle,153.031922,-27.404844,Gympie Arterial Rd,Howell St,Kedron,Stafford,Intersection - T-Junction,Operating traffic lights,60 km/h,Sealed - Dry,Daylight,Straight,Veh'S Same Direction: Lane Change Left,Lane changes,0,0,0,1,1,1,1,0,0,0,0,0
300743,Hospitalisation,2016,12,Hit object,Single Vehicle,153.051132,-27.439728,Kingsford Smith Dr,Toorak Rd,Hamilton,Clayfield,Intersection - T-Junction,No traffic control,60 km/h,Sealed - Dry,Daylight,Curved - view open,Off Path-Curve: Off Cway Lt Bend Hit Obj,Off carriageway on curve hit object,0,1,0,0,1,0,1,0,0,0,0,0
300758,Medical treatment,2016,16,Rear-end,Multi-Vehicle,153.0275073,-27.47848497,South East Arterial Rd,,Brisbane City,Brisbane Central,Bridge/Causeway,No traffic control,70 km/h,Sealed - Dry,Daylight,Straight,Veh'S Same Direction: Rear End,Rear-end,0,0,1,0,1,2,0,0,0,0,0,0
300760,Medical treatment,2016,17,Head-on,Multi-Vehicle,152.9805545,-27.47714788,Invalid Street From Police,,Mount Coot-tha,Mount Coot-tha,No Roadway Feature,No traffic control,0 - 50 km/h,Sealed - Dry,Daylight,Straight,Veh'S Manoeuvring: Other,Other,0,0,1,0,1,0,0,0,0,2,0,0
300762,Fatal,2016,17,Rear-end,Multi-Vehicle,153.06431,-27.2837648,Brighton - Redcliffe Rd,,Brighton,Sandgate,Bridge/Causeway,No traffic control,80 - 90 km/h,Sealed - Dry,Daylight,Straight,Veh'S Same Direction: Rear End,Rear-end,1,0,0,1,2,2,1,0,0,0,0,0
300769,Medical treatment,2016,10,Fall from vehicle,Single Vehicle,152.997969,-27.424145,Railway St,Samford Rd,Alderley,Ashgrove,Intersection - T-Junction,Operating traffic lights,60 km/h,Sealed - Dry,Daylight,Straight,Off Path-Straight:Out Of Control On Cway,Out of control on straight,0,0,1,0,1,1,1,0,0,0,0,0
300798,Medical treatment,2016,15,Rear-end,Multi-Vehicle,153.036317,-27.349757,Beams Rd,,Zillmere,Nudgee,No Roadway Feature,No traffic control,0 - 50 km/h,Sealed - Dry,Daylight,Straight,Veh'S Same Direction: Rear End,Rear-end,0,0,1,0,1,2,0,0,0,0,0,0
300799,Medical treatment,2016,19,Angle,Multi-Vehicle,153.020354,-27.392541,Rode Rd,Webster Rd,Chermside West,Stafford,Intersection - Cross,Operating traffic lights,60 km/h,Sealed - Dry,Darkness - Lighted,Straight,Veh'S Opposite Approach: Thru-Right,Opposing vehicles turning,0,0,1,0,1,2,0,0,0,0,0,0
300801,Hospitalisation,2016,8,Hit pedestrian,Hit pedestrian,153.059949,-27.407802,Sandgate Sub-Arterial Rd,Union St,Nundah,Nudgee,Intersection - T-Junction,Pedestrian crossing sign,0 - 50 km/h,Sealed - Dry,Daylight,Curved - view open,Ped'N: Near Side Vehicle Hit From Right,Pedestrian,0,1,0,0,1,1,0,0,0,0,1,0
300802,Medical treatment,2016,13,Rear-end,Multi-Vehicle,152.991645,-27.417855,Wardell St,Western Arterial Rd,Enoggera,Ashgrove,Merge Lane,Stop sign,0 - 50 km/h,Sealed - Dry,Daylight,Straight,Veh'S Same Direction: Rear End,Rear-end,0,0,1,0,1,2,0,0,0,0,0,0
300826,Medical treatment,2016,16,Angle,Multi-Vehicle,153.021131,-27.462599,Wickham Tce,,Spring Hill,Brisbane Central,No Roadway Feature,No traffic control,0 - 50 km/h,Sealed - Dry,Daylight,Straight,Veh'S Manoeuvring: Leaving Driveway,Vehicle leaving driveway,0,0,1,1,2,2,0,0,0,0,0,0
300827,Medical treatment,2016,4,Rear-end,Multi-Vehicle,152.97437,-27.504244,Coonan St,Riverview Tce,Indooroopilly,Indooroopilly,Intersection - T-Junction,No traffic control,0 - 50 km/h,Sealed - Dry,Darkness - Lighted,Straight,Veh'S Same Direction: Rear End,Rear-end,0,0,1,0,1,2,0,0,0,0,0,0
300829,Fatal,2016,6,Angle,Multi-Vehicle,153.024021,-27.31082,Bracken Ridge Rd,Hoyland St,Bracken Ridge,Sandgate,Intersection - T-Junction,Operating traffic lights,60 km/h,Sealed - Dry,Daylight,Straight,Veh'S Opposite Approach: Thru-Right,Opposing vehicles turning,1,2,0,0,3,2,0,0,0,0,0,0
300830,Medical treatment,2016,13,Angle,Multi-Vehicle,153.024021,-27.31082,Bracken Ridge Rd,Hoyland St,Bracken Ridge,Sandgate,Intersection - T-Junction,Operating traffic lights,60 km/h,Sealed - Dry,Daylight,Straight,Veh'S Opposite Approach: Thru-Right,Opposing vehicles turning,0,0,2,0,2,1,0,1,0,0,0,0
300833,Medical treatment,2016,7,Rear-end,Multi-Vehicle,153.0221979,-27.38394871,Hamilton Rd,Webster Rd,Chermside,Stafford,Intersection - Roundabout,Give way sign,60 km/h,Sealed - Dry,Daylight,Curved - view obscured,Veh'S Same Direction: Rear End,Rear-end,0,0,1,0,1,1,0,0,0,0,0,1
300845,Hospitalisation,2016,22,Hit object,Single Vehicle,152.98832,-27.435761,Western Arterial Rd,,Ashgrove,Ashgrove,No Roadway Feature,No traffic control,60 km/h,Sealed - Dry,Darkness - Not lighted,Straight,Off Path-Straight:Right Off Cway Hit Obj,Off carriageway on straight hit object,0,1,0,0,1,2,0,0,0,0,0,0
300865,Minor injury,2016,20,Angle,Multi-Vehicle,153.014593,-27.459815,Musgrave Rd,Petrie Tce,Petrie Terrace,Mount Coot-tha,Intersection - Cross,Operating traffic lights,60 km/h,Sealed - Dry,Darkness - Lighted,Straight,Veh'S Adjacent Approach: Thru-Thru,Intersection from adjacent approaches,0,0,0,1,1,2,0,0,0,0,0,0
300868,Minor injury,2016,4,Overturned,Single Vehicle,152.880293,-27.486051,Upper Brookfield Rd,,Upper Brookfield,Moggill,No Roadway Feature,No traffic control,60 km/h,Sealed - Dry,Dawn/Dusk,Curved - view obscured,Off Path-Curve: Off Cway Lt Bend Hit Obj,Off carriageway on curve hit object,0,0,0,1,1,1,0,0,0,0,0,0
300870,Minor injury,2016,19,Angle,Multi-Vehicle,153.030809,-27.385929,Gympie Arterial Rd,Hamilton Rd,Chermside,Stafford,Intersection - Cross,Operating traffic lights,60 km/h,Sealed - Wet,Darkness - Lighted,Straight,Veh'S Opposite Approach: Thru-Right,Opposing vehicles turning,0,0,0,1,1,2,0,0,0,0,0,0
300901,Medical treatment,2016,5,Hit object,Single Vehicle,152.990622,-27.442975,Western Arterial Rd,,Ashgrove,Ashgrove,No Roadway Feature,No traffic control,60 km/h,Sealed - Dry,Daylight,Straight,Off Path-Straight: Left Off Cway Hit Obj,Off carriageway on straight hit object,0,0,1,0,1,1,0,0,0,0,0,0
300933,Hospitalisation,2016,16,Hit object,Single Vehicle,152.9813032,-27.45544768,Cecil Rd,,Bardon,Mount Coot-tha,No Roadway Feature,No traffic control,0 - 50 km/h,Sealed - Dry,Daylight,Curved - view open,Veh'S Opposite Approach: Head On,Head-on,0,1,0,0,1,2,0,0,0,0,0,0
300935,Minor injury,2016,11,Rear-end,Multi-Vehicle,152.993207,-27.486004,Benson St,High St,Toowong,Mount Coot-tha,Intersection - T-Junction,Operating traffic lights,60 km/h,Sealed - Dry,Daylight,Straight,Veh'S Same Direction: Rear End,Rear-end,0,0,0,1,1,2,0,0,0,0,0,0
300936,Minor injury,2016,18,Hit pedestrian,Hit pedestrian,153.0427828,-27.33061754,Callum Pl,,Bracken Ridge,Sandgate,No Roadway Feature,No traffic control,0 - 50 km/h,Sealed - Dry,Dawn/Dusk,Straight,Ped'N: Play; Work; Stand; Lie On C'Way,Pedestrian,0,0,0,1,1,1,0,0,0,0,1,0
300940,Medical treatment,2016,7,Rear-end,Multi-Vehicle,153.011655,-27.391138,Invalid Street From Police,,Chermside West,Stafford,Intersection - Cross,Give way sign,60 km/h,Sealed - Dry,Daylight,Straight,Veh'S Same Direction: Left Rear,Rear-end,0,0,1,0,1,1,1,0,0,0,0,0
300941,Minor injury,2016,18,Rear-end,Multi-Vehicle,153.050157,-27.342375,Roghan Rd,,Taigum,Sandgate,No Roadway Feature,No traffic control,60 km/h,Sealed - Dry,Dawn/Dusk,Straight,Veh'S Same Direction: Rear End,Rear-end,0,0,0,1,1,2,0,0,0,0,0,0
300944,Medical treatment,2016,8,Rear-end,Multi-Vehicle,153.063002,-27.381904,Sandgate Rd,Sandgate Sub-Arterial Rd,Virginia,Nudgee,Intersection - Interchange,No traffic control,0 - 50 km/h,Sealed - Dry,Daylight,Curved - view open,Veh'S Same Direction: Left Rear,Rear-end,0,0,1,0,1,2,0,0,0,0,0,0
300945,Medical treatment,2016,19,Angle,Multi-Vehicle,153.014854,-27.422355,Grange Rd,Raymont Rd,Grange,Stafford,Intersection - Cross,Operating traffic lights,60 km/h,Sealed - Dry,Darkness - Lighted,Curved - view open,Veh'S Opposite Approach: Thru-Right,Opposing vehicles turning,0,0,2,1,3,2,0,0,0,0,0,0
300946,Minor injury,2016,8,Sideswipe,Multi-Vehicle,152.9771994,-27.41191699,Osborne Rd,,Mitchelton,Everton,No Roadway Feature,No traffic control,60 km/h,Sealed - Dry,Daylight,Straight,Veh'S Same Direction: Lane Change Left,Lane changes,0,0,0,1,1,2,0,0,0,0,0,0
300962,Hospitalisation,2016,21,Fall from vehicle,Single Vehicle,153.023278,-27.462289,Fortescue St,Leichhardt St,Spring Hill,Brisbane Central,Intersection - Cross,No traffic control,60 km/h,Sealed - Dry,Darkness - Lighted,Curved - view open,Off Path-Curve: Out Of Control On Cway,Out of control on curve,0,1,0,0,1,0,1,0,0,0,0,0
300965,Medical treatment,2016,9,Rear-end,Multi-Vehicle,152.9403687,-27.51339914,Gilruth Rd,,Kenmore,Moggill,No Roadway Feature,No traffic control,0 - 50 km/h,Sealed - Dry,Daylight,Straight,Veh'S Same Direction: Lane Side Swipe,Lane changes,0,0,1,0,1,2,0,1,0,0,0,0
300966,Minor injury,2016,16,Rear-end,Multi-Vehicle,152.9560739,-27.51570778,Western Arterial Rd,,Indooroopilly,Indooroopilly,No Roadway Feature,No traffic control,80 - 90 km/h,Sealed - Dry,Daylight,Straight,Veh'S Same Direction: Rear End,Rear-end,0,0,0,1,1,3,0,0,0,0,0,0
300968,Medical treatment,2016,12,Angle,Multi-Vehicle,153.077744,-27.32343,Palm Ave,Rainbow St,Sandgate,Sandgate,Intersection - Cross,Stop sign,60 km/h,Sealed - Dry,Daylight,Curved - view open,Veh'S Adjacent Approach: Thru-Thru,Intersection from adjacent approaches,0,0,1,1,2,2,0,0,0,0,0,0
300969,Medical treatment,2016,15,Rear-end,Multi-Vehicle,153.008416,-27.331373,Gympie Rd,,Bald Hills,Aspley,No Roadway Feature,No traffic control,60 km/h,Sealed - Dry,Daylight,Straight,Veh'S Same Direction: Right Rear,Rear-end,0,0,1,0,1,3,0,0,0,0,0,0
300974,Medical treatment,2016,18,Rear-end,Multi-Vehicle,153.052693,-27.389293,Bilsen Rd,,Wavell Heights,Nudgee,No Roadway Feature,No traffic control,0 - 50 km/h,Sealed - Dry,Darkness - Lighted,Straight,Veh'S Same Direction: Rear End,Rear-end,0,0,1,0,1,2,0,0,0,0,0,0
300975,Hospitalisation,2016,20,Rear-end,Multi-Vehicle,152.9359504,-27.40095465,Samford Rd,Samford Sub-Arterial Rd,Ferny Grove,Ferny Grove,Intersection - T-Junction,Operating traffic lights,60 km/h,Sealed - Dry,Darkness - Lighted,Straight,Veh'S Same Direction: Rear End,Rear-end,0,1,0,0,1,1,0,1,0,0,0,0
300990,Hospitalisation,2016,16,Fall from vehicle,Single Vehicle,153.020857,-27.448772,Aberleigh Rd,Herston Rd,Herston,Brisbane Central,Intersection - T-Junction,Stop sign,60 km/h,Sealed - Wet,Daylight,Straight,Veh'S Adjacent Approach: Thru-Right,Intersection from adjacent approaches,0,1,0,0,1,1,1,0,0,0,0,0
300991,Hospitalisation,2016,16,Hit parked vehicle,Single Vehicle,153.057969,-27.374983,Yarraman Pl,,Virginia,Nudgee,No Roadway Feature,No traffic control,60 km/h,Sealed - Wet,Daylight,Curved - view obscured,Veh'S On Path: Parked,Hit parked vehicle,0,1,0,0,1,4,0,0,0,0,0,0
301028,Hospitalisation,2016,17,Rear-end,Multi-Vehicle,153.0284805,-27.45073121,Inner City Bypass,,Herston,Brisbane Central,No Roadway Feature,No traffic control,80 - 90 km/h,Sealed - Dry,Daylight,Straight,Veh'S Same Direction: Rear End,Rear-end,0,1,0,0,1,1,0,1,0,0,0,0
301030,Hospitalisation,2016,19,Fall from vehicle,Single Vehicle,153.016677,-27.41061,Stafford Rd,,Stafford,Stafford,No Roadway Feature,Pedestrian crossing sign,60 km/h,Sealed - Dry,Darkness - Lighted,Curved - view open,Off Path-Curve: Out Of Control On Cway,Out of control on curve,0,1,0,0,1,0,1,0,0,0,0,0
301031,Medical treatment,2016,15,Angle,Multi-Vehicle,153.031029,-27.39647,Gympie Arterial Rd,Lawley St,Kedron,Stafford,Intersection - T-Junction,No traffic control,60 km/h,Sealed - Dry,Daylight,Straight,Veh'S Opposite Approach: Thru-Right,Opposing vehicles turning,0,0,1,0,1,1,1,0,0,0,0,0
301035,Hospitalisation,2016,7,Rear-end,Multi-Vehicle,153.0350138,-27.3844723,Kittyhawk Dr,,Chermside,Nudgee,No Roadway Feature,No traffic control,0 - 50 km/h,Sealed - Dry,Daylight,Straight,Veh'S Same Direction: Rear End,Rear-end,0,1,1,0,2,3,0,0,0,0,0,0
301036,Medical treatment,2016,17,Rear-end,Multi-Vehicle,153.0151497,-27.3638011,Albany Creek Rd,,Aspley,Aspley,No Roadway Feature,No traffic control,60 km/h,Sealed - Dry,Daylight,Straight,Veh'S Same Direction: Rear End,Rear-end,0,0,1,0,1,3,0,0,0,0,0,0
301037,Minor injury,2016,17,Rear-end,Multi-Vehicle,153.022479,-27.384823,Hamilton Rd,Webster Rd,Chermside,Stafford,Intersection - Roundabout,Give way sign,60 km/h,Sealed - Dry,Daylight,Straight,Veh'S Same Direction: Rear End,Rear-end,0,0,0,1,1,2,0,0,0,0,0,0
301044,Hospitalisation,2016,19,Hit object,Single Vehicle,153.031596,-27.401844,Edinburgh Castle Rd,Gympie Arterial Rd,Kedron,Clayfield,Intersection - T-Junction,No traffic control,60 km/h,Sealed - Dry,Darkness - Lighted,Straight,Veh'S On Path: Temporary Object On C'Way,Other,0,1,0,0,1,0,1,0,0,0,0,0
301069,Medical treatment,2016,14,Rear-end,Multi-Vehicle,153.0318887,-27.45573842,St Pauls Tce,,Fortitude Valley,Brisbane Central,No Roadway Feature,No traffic control,60 km/h,Sealed - Dry,Daylight,Straight,Veh'S Same Direction: Rear End,Rear-end,0,0,1,0,1,2,0,0,0,0,0,0
301070,Medical treatment,2016,7,Angle,Multi-Vehicle,152.979116,-27.499704,Central Ave,Ward St,Indooroopilly,Indooroopilly,Intersection - Cross,Stop sign,60 km/h,Sealed - Dry,Daylight,Straight,Veh'S Adjacent Approach: Thru-Thru,Intersection from adjacent approaches,0,0,1,0,1,1,0,0,0,1,0,0
301071,Minor injury,2016,15,Rear-end,Multi-Vehicle,152.992197,-27.476374,Milton Rd,,Auchenflower,Mount Coot-tha,No Roadway Feature,No traffic control,60 km/h,Sealed - Dry,Daylight,Straight,Veh'S Same Direction: Rear End,Rear-end,0,0,0,1,1,2,0,0,0,0,0,0
301076,Medical treatment,2016,17,Rear-end,Multi-Vehicle,153.0175997,-27.36393289,Robinson Rd W,,Aspley,Aspley,No Roadway Feature,No traffic control,60 km/h,Sealed - Dry,Daylight,Straight,Veh'S Same Direction: Rear End,Rear-end,0,0,1,0,1,2,0,0,0,0,0,0
301082,Minor injury,2016,13,Rear-end,Multi-Vehicle,152.994384,-27.407222,East - West Arterial Rd,,Everton Park,Everton,No Roadway Feature,No traffic control,60 km/h,Sealed - Dry,Daylight,Straight,Veh'S Same Direction: Rear End,Rear-end,0,0,0,2,2,2,0,0,0,0,0,0
301099,Hospitalisation,2016,8,Hit object,Single Vehicle,152.9871,-27.351824,Albany Creek Sub-Arterial Rd,,Bridgeman Downs,Aspley,No Roadway Feature,No traffic control,70 km/h,Sealed - Wet,Darkness - Not lighted,Straight,Off Path-Curve: Off Cway Rt Bend Hit Obj,Off carriageway on curve hit object,0,1,0,0,1,1,0,0,0,0,0,1
301129,Medical treatment,2016,9,Angle,Multi-Vehicle,153.026525,-27.474008,George St,Margaret St,Brisbane City,Brisbane Central,Intersection - Cross,Operating traffic lights,0 - 50 km/h,Sealed - Dry,Daylight,Straight,Veh'S Adjacent Approach: Thru-Thru,Intersection from adjacent approaches,0,0,3,0,3,2,0,0,0,0,0,0
301130,Medical treatment,2016,11,Rear-end,Multi-Vehicle,153.023959,-27.467955,Ann St,,Brisbane City,Brisbane Central,Intersection - Cross,Operating traffic lights,60 km/h,Sealed - Dry,Daylight,Straight,Veh'S Same Direction: Rear End,Rear-end,0,0,1,0,1,2,0,1,0,0,0,0
301139,Hospitalisation,2016,13,Angle,Multi-Vehicle,153.041176,-27.429902,Albion Rd,Hudson Rd,Albion,Clayfield,Intersection - Cross,Operating traffic lights,60 km/h,Sealed - Dry,Daylight,Straight,Veh'S Adjacent Approach: Thru-Thru,Intersection from adjacent approaches,0,3,0,0,3,4,0,0,0,0,0,0
301160,Medical treatment,2016,7,Rear-end,Multi-Vehicle,152.974399,-27.496984,Coonan St,Moggill Rd,Indooroopilly,Indooroopilly,Intersection - Roundabout,Give way sign,60 km/h,Sealed - Dry,Daylight,Curved - view open,Veh'S Same Direction: Rear End,Rear-end,0,0,1,0,1,2,0,0,0,0,0,0
301169,Medical treatment,2016,7,Angle,Multi-Vehicle,153.04175,-27.428202,Birkbeck St,Hudson Rd,Albion,Clayfield,Intersection - T-Junction,Stop sign,0 - 50 km/h,Sealed - Dry,Daylight,Straight,Veh'S Adjacant Approach: Thru-Left,Intersection from adjacent approaches,0,0,1,0,1,1,1,0,0,0,0,0
301186,Hospitalisation,2016,7,Hit pedestrian,Hit pedestrian,153.013477,-27.467769,Coronation Dr,,Brisbane City,Brisbane Central,No Roadway Feature,No traffic control,60 km/h,Sealed - Dry,Daylight,Curved - view open,Ped'N: Far Side Vehicle Hit From Left,Pedestrian,0,1,0,0,1,0,0,1,0,0,1,0
301187,Hospitalisation,2016,10,Sideswipe,Multi-Vehicle,153.004215,-27.452419,Enoggera Tce,Musgrave Rd,Red Hill,Mount Coot-tha,Intersection - Cross,Operating traffic lights,60 km/h,Sealed - Dry,Daylight,Curved - view open,Veh'S Same Direction: Lane Change Left,Lane changes,0,1,0,0,1,0,1,0,0,0,0,1
301188,Medical treatment,2016,21,Rear-end,Multi-Vehicle,153.009299,-27.467284,Milton Rd,,Milton,Mount Coot-tha,Intersection - Cross,No traffic control,60 km/h,Sealed - Dry,Darkness - Lighted,Straight,Veh'S Same Direction: Rear End,Rear-end,0,0,2,0,2,1,1,0,0,0,0,0
301190,Medical treatment,2016,17,Rear-end,Multi-Vehicle,153.04187,-27.453067,Commercial Rd,Leopold St,Newstead,Brisbane Central,Intersection - T-Junction,Give way sign,0 - 50 km/h,Sealed - Dry,Daylight,Straight,Veh'S Opposite Approach: Thru-Right,Opposing vehicles turning,0,0,1,0,1,2,0,0,0,0,0,0
301191,Hospitalisation,2016,11,Angle,Multi-Vehicle,153.044104,-27.457871,Kent St,,New Farm,Brisbane Central,No Roadway Feature,No traffic control,0 - 50 km/h,Sealed - Dry,Daylight,Straight,Veh'S Manoeuvring: Parking,Hit parked vehicle,0,2,0,0,2,2,0,0,0,0,0,0
301192,Medical treatment,2016,18,Sideswipe,Multi-Vehicle,153.031514,-27.456549,Barry Pde,,Fortitude Valley,Brisbane Central,No Roadway Feature,No traffic control,60 km/h,Sealed - Dry,Daylight,Straight,Veh'S Same Direction: Lane Change Right,Lane changes,0,0,1,0,1,2,0,0,0,0,0,0
301193,Hospitalisation,2016,10,Fall from vehicle,Single Vehicle,152.8792,-27.50895,White Cedar Rd,,Pullenvale,Moggill,No Roadway Feature,No traffic control,0 - 50 km/h,Sealed - Dry,Daylight,Curved - view open,Pass & Misc: Fell In/From Vehicle,Other,0,1,0,0,1,1,0,0,0,0,0,0
301194,Medical treatment,2016,17,Rear-end,Multi-Vehicle,153.023216,-27.392821,Rode Rd,,Chermside,Stafford,No Roadway Feature,No traffic control,60 km/h,Sealed - Dry,Daylight,Curved - view open,Veh'S Same Direction: Rear End,Rear-end,0,0,1,0,1,2,0,0,0,0,0,0
301196,Medical treatment,2016,22,Hit pedestrian,Hit pedestrian,153.059347,-27.3386,Holroyd St,Sandgate Sub-Arterial Rd,Boondall,Nudgee,Intersection - T-Junction,Road/Rail worker,0 - 50 km/h,Sealed - Dry,Darkness - Lighted,Straight,Ped'N: Play; Work; Stand; Lie On C'Way,Pedestrian,0,0,1,0,1,0,1,0,0,0,1,0
301201,Medical treatment,2016,21,Angle,Multi-Vehicle,152.979871,-27.388499,Queens Rd,,Everton Park,Everton,No Roadway Feature,No traffic control,60 km/h,Sealed - Dry,Daylight,Straight,Veh'S Same Direction: Right Turn S/Swipe,Parallel lanes turning,0,0,1,0,1,1,1,0,0,0,0,0
301221,Hospitalisation,2016,22,Angle,Multi-Vehicle,153.017313,-27.466907,Garrick St,May St,Brisbane City,Brisbane Central,No Roadway Feature,No traffic control,0 - 50 km/h,Sealed - Wet,Darkness - Lighted,Curved - view open,Veh'S Manoeuvring: Leaving Driveway,Vehicle leaving driveway,0,1,0,0,1,1,1,0,0,0,0,0
301222,Hospitalisation,2016,3,Hit object,Single Vehicle,152.992996,-27.464651,Murruba St,,Paddington,Mount Coot-tha,Intersection - T-Junction,No traffic control,0 - 50 km/h,Sealed - Wet,Darkness - Lighted,Curved - view open,Off Path-Curve: Mounts Traffic Island,Off carriageway on curve hit object,0,1,0,0,1,1,0,0,0,0,0,0
301223,Medical treatment,2016,15,Rear-end,Multi-Vehicle,153.035695,-27.463545,Story Bridge,,Fortitude Valley,Brisbane Central,Bridge/Causeway,No traffic control,60 km/h,Sealed - Dry,Daylight,Straight,Veh'S Same Direction: Rear End,Rear-end,0,0,1,0,1,2,0,0,0,0,0,0
301224,Medical treatment,2016,13,Angle,Multi-Vehicle,152.978964,-27.495222,Clarence Rd,Swann Rd,Taringa,Indooroopilly,Intersection - Cross,Stop sign,60 km/h,Sealed - Dry,Daylight,Straight,Veh'S Opposite Approach: Thru-Right,Opposing vehicles turning,0,0,1,0,1,2,0,0,0,0,0,0
301258,Hospitalisation,2016,9,Hit pedestrian,Hit pedestrian,153.022671,-27.467179,Invalid Street From Police,,Brisbane City,Brisbane Central,No Roadway Feature,No traffic control,0 - 50 km/h,Sealed - Dry,Daylight,Straight,Ped'N: Near Side Vehicle Hit From Right,Pedestrian,0,1,0,0,1,0,0,0,1,0,1,0
301259,Hospitalisation,2016,18,Sideswipe,Multi-Vehicle,153.024263,-27.474175,Pacific Hwy,South East Arterial Rd,Brisbane City,Brisbane Central,Intersection - Interchange,No traffic control,70 km/h,Sealed - Wet,Dawn/Dusk,Straight,Veh'S Same Direction: Lane Change Left,Lane changes,0,1,0,0,1,2,0,0,0,0,0,0
301265,Hospitalisation,2016,7,Angle,Multi-Vehicle,153.016137,-27.365341,Maundrell Tce,,Aspley,Aspley,No Roadway Feature,No traffic control,60 km/h,Sealed - Dry,Daylight,Straight,Veh'S Opposite Approach: Thru-Right,Opposing vehicles turning,0,1,0,0,1,1,1,0,0,0,0,0
301266,Hospitalisation,2016,19,Angle,Multi-Vehicle,153.04175,-27.428202,Birkbeck St,Hudson Rd,Albion,Clayfield,Intersection - T-Junction,Stop sign,60 km/h,Sealed - Wet,Darkness - Lighted,Curved - view open,Veh'S Adjacent Approach: Thru-Right,Intersection from adjacent approaches,0,1,0,0,1,2,0,0,0,0,0,0
301267,Medical treatment,2016,6,Angle,Multi-Vehicle,152.982758,-27.417699,Bere St,Samford Sub-Arterial Rd,Gaythorne,Everton,Intersection - Cross,No traffic control,60 km/h,Sealed - Dry,Daylight,Straight,Veh'S Opposite Approach: Thru-Right,Opposing vehicles turning,0,0,1,0,1,1,1,0,0,0,0,0
301268,Medical treatment,2016,16,Rear-end,Multi-Vehicle,152.96197,-27.406122,Dawson Pde,,Keperra,Ferny Grove,No Roadway Feature,No traffic control,60 km/h,Sealed - Dry,Daylight,Straight,Veh'S Same Direction: Rear End,Rear-end,0,0,1,0,1,1,1,0,0,0,0,0
301297,Medical treatment,2016,18,Rear-end,Multi-Vehicle,153.021512,-27.385178,Hamilton Rd,Webster Rd,Chermside West,Stafford,Intersection - Roundabout,Give way sign,60 km/h,Sealed - Dry,Dawn/Dusk,Curved - view obscured,Veh'S Same Direction: Rear End,Rear-end,0,0,1,0,1,1,1,0,0,0,0,0
301303,Medical treatment,2016,16,Rear-end,Multi-Vehicle,153.007344,-27.438455,Edmondstone St,Enoggera Rd,Newmarket,Brisbane Central,Intersection - T-Junction,No traffic control,60 km/h,Sealed - Dry,Daylight,Curved - view open,Veh'S Same Direction: Left Rear,Rear-end,0,0,1,0,1,2,0,0,0,0,0,0
301304,Medical treatment,2016,17,Rear-end,Multi-Vehicle,153.007355,-27.438312,Edmondstone St,Enoggera Rd,Newmarket,Brisbane Central,Intersection - Cross,Operating traffic lights,60 km/h,Sealed - Dry,Daylight,Curved - view open,Veh'S Same Direction: Rear End,Rear-end,0,0,1,0,1,2,0,0,0,0,0,0
301321,Medical treatment,2016,12,Rear-end,Multi-Vehicle,153.000447,-27.464857,Fernberg Rd,,Paddington,Mount Coot-tha,No Roadway Feature,No traffic control,0 - 50 km/h,Sealed - Dry,Daylight,Straight,Veh'S Same Direction: Rear End,Rear-end,0,0,1,0,1,3,0,0,0,0,0,0
301322,Minor injury,2016,15,Sideswipe,Multi-Vehicle,153.033915,-27.453669,St Pauls Tce,,Fortitude Valley,Brisbane Central,No Roadway Feature,No traffic control,60 km/h,Sealed - Dry,Daylight,Straight,Veh'S Same Direction: Left Turn S/Swipe,Parallel lanes turning,0,0,0,1,1,1,1,0,0,0,0,0
301325,Hospitalisation,2016,7,Angle,Multi-Vehicle,153.016999,-27.436092,Lamont Rd,Newmarket Rd,Wilston,Brisbane Central,Intersection - T-Junction,Stop sign,60 km/h,Sealed - Dry,Daylight,Straight,Veh'S Adjacent Approach: Thru-Right,Intersection from adjacent approaches,0,1,0,0,1,2,0,0,0,0,0,0