Crash_Ref_Number,Severity,Year,Hour,Crash_Nature,Crash_Type,Longitude,Latitude,Street,Street_Intersecting,Suburb,Loc_State_Electorate,Crash_Roadway_Feature,Crash_Traffic_Control,Crash_Speed_Limit,Crash_Road_Surface_Condition,Crash_Lighting_Condition,Crash_Road_Horiz_Align,Crash_DCA_Description,Crash_DCA_Group_Description,Count_Casualty_Fatality,Count_Casualty_Hospitalised,Count_Casualty_MedicallyTreated,Count_Casualty_MinorInjury,Count_Casualty_Total,Count_Unit_Car,Count_Unit_Motorcycle_Moped,Count_Unit_Truck,Count_Unit_Bus,Count_Unit_Bicycle,Count_Unit_Pedestrian,Count_Unit_Other
301343,Minor injury,2016,11,Rear-end,Multi-Vehicle,152.994436,-27.445489,Waterworks Rd,,Ashgrove,Ashgrove,No Roadway Feature,No traffic control,60 km/h,Sealed - Dry,Daylight,Straight,Veh'S Same Direction: Rear End,Rear-end,0,0,0,1,1,4,0,0,0,0,0,0
301350,Hospitalisation,2016,8,Angle,Multi-Vehicle,153.030809,-27.385929,Gympie Arterial Rd,Hamilton Rd,Chermside,Stafford,Intersection - Cross,Operating traffic lights,60 km/h,Sealed - Dry,Daylight,Straight,Veh'S Adjacent Approach: Thru-Thru,Intersection from adjacent approaches,0,1,0,0,1,2,0,0,0,0,0,0
301351,Medical treatment,2016,22,Hit object,Single Vehicle,153.001641,-27.359185,Albany Creek Sub-Arterial Rd,,Bridgeman Downs,Aspley,No Roadway Feature,No traffic control,60 km/h,Sealed - Dry,Darkness - Lighted,Curved - view obscured,Off Path-Curve: Off Cway Lt Bend Hit Obj,Off carriageway on curve hit object,0,0,1,0,1,0,0,0,0,0,0,1
301378,Hospitalisation,2016,11,Rear-end,Multi-Vehicle,153.031991,-27.44827,O'Connell Tce,Sneyd St,Bowen Hills,Brisbane Central,Intersection - T-Junction,Give way sign,0 - 50 km/h,Sealed - Dry,Daylight,Straight,Veh'S Same Direction: Left Rear,Rear-end,0,1,0,0,1,1,0,1,0,0,0,0
301379,Hospitalisation,2016,17,Head-on,Multi-Vehicle,153.045611,-27.441513,Breakfast Ck Rd,,Albion,Clayfield,Bridge/Causeway,No traffic control,60 km/h,Sealed - Dry,Daylight,Curved - view open,Veh'S Opposite Approach: Head On,Head-on,0,2,0,0,2,2,0,0,0,0,0,0
301380,Medical treatment,2016,9,Rear-end,Multi-Vehicle,153.049451,-27.31839,Gateway Arterial Rd,,Sandgate,Sandgate,Intersection - Interchange,No traffic control,60 km/h,Sealed - Dry,Daylight,Straight,Veh'S Same Direction: Rear End,Rear-end,0,0,3,0,3,1,0,0,1,0,0,0
301381,Hospitalisation,2016,19,Rear-end,Multi-Vehicle,153.008422,-27.331096,Gympie Rd,Linkfield Connection Rd,Bald Hills,Aspley,Intersection - Cross,Operating traffic lights,60 km/h,Sealed - Dry,Darkness - Lighted,Straight,Veh'S Same Direction: Rear End,Rear-end,0,1,1,0,2,3,0,0,0,0,0,0
301382,Hospitalisation,2016,14,Sideswipe,Multi-Vehicle,153.017554,-27.332473,Linkfield Rd,,Bald Hills,Aspley,No Roadway Feature,No traffic control,60 km/h,Sealed - Dry,Daylight,Straight,Veh'S Same Direction: Lane Side Swipe,Lane changes,0,1,0,0,1,1,1,0,0,0,0,0
301412,Medical treatment,2016,22,Angle,Multi-Vehicle,153.030823,-27.459022,Barry Pde,Gotha St,Fortitude Valley,Brisbane Central,Intersection - Cross,Stop sign,0 - 50 km/h,Sealed - Dry,Darkness - Lighted,Straight,Veh'S Manoeuvring: Entering From Footway,Vehicle leaving driveway,0,0,1,0,1,1,0,0,0,1,0,0
301413,Medical treatment,2016,15,Angle,Multi-Vehicle,152.990694,-27.484322,Jephson St,Maryvale St,Toowong,Mount Coot-tha,Intersection - T-Junction,No traffic control,60 km/h,Sealed - Dry,Daylight,Straight,Veh'S Same Direction: Right Turn S/Swipe,Parallel lanes turning,0,0,1,0,1,1,1,0,0,0,0,0
301415,Hospitalisation,2016,16,Overturned,Single Vehicle,153.0022407,-27.41460811,Shand St,,Stafford,Stafford,No Roadway Feature,No traffic control,70 km/h,Sealed - Dry,Daylight,Straight,Veh'S Opposite Approach: Head On,Head-on,0,1,0,0,1,2,0,0,0,0,0,0
301419,Medical treatment,2016,16,Hit pedestrian,Hit pedestrian,153.0123099,-27.38312863,Hamilton Rd,,Chermside West,Aspley,No Roadway Feature,No traffic control,60 km/h,Sealed - Dry,Daylight,Straight,Ped'N: Far Side Vehicle Hit From Left,Pedestrian,0,0,1,0,1,1,0,0,0,0,1,0
301420,Medical treatment,2016,13,Sideswipe,Multi-Vehicle,153.014582,-27.36373,Albany Creek Sub-Arterial Rd,,Aspley,Aspley,No Roadway Feature,No traffic control,60 km/h,Sealed - Dry,Daylight,Curved - view open,Veh'S Same Direction: Lane Change Left,Lane changes,0,0,1,0,1,2,0,0,0,0,0,0
301421,Minor injury,2016,16,Sideswipe,Multi-Vehicle,152.994951,-27.353963,Bridgeman Rd,,Bridgeman Downs,Aspley,No Roadway Feature,No traffic control,70 km/h,Sealed - Dry,Daylight,Straight,Veh'S Same Direction: Lane Change Left,Lane changes,0,0,0,1,1,2,0,0,0,0,0,0
301429,Minor injury,2016,13,Rear-end,Multi-Vehicle,153.00719,-27.438318,Ashgrove Ave,Enoggera Rd,Newmarket,Ashgrove,Intersection - Cross,Operating traffic lights,60 km/h,Sealed - Dry,Daylight,Straight,Veh'S Same Direction: Rear End,Rear-end,0,0,0,1,1,2,0,0,0,0,0,0
301430,Medical treatment,2016,17,Rear-end,Multi-Vehicle,152.989066,-27.431586,Banks St,Western Arterial Rd,Ashgrove,Ashgrove,Intersection - T-Junction,Stop sign,60 km/h,Sealed - Dry,Daylight,Straight,Veh'S Same Direction: Right Rear,Rear-end,0,0,1,0,1,1,1,0,0,0,0,0
301431,Medical treatment,2016,15,Rear-end,Multi-Vehicle,152.975351,-27.413973,Kedron Ave,Samford Sub-Arterial Rd,Mitchelton,Everton,Intersection - T-Junction,Operating traffic lights,60 km/h,Sealed - Dry,Daylight,Straight,Veh'S Same Direction: Rear End,Rear-end,0,0,1,0,1,2,0,0,0,0,0,0
301450,Hospitalisation,2016,11,Fall from vehicle,Single Vehicle,153.0092535,-27.4566486,Musgrave Rd,,Red Hill,Mount Coot-tha,No Roadway Feature,No traffic control,60 km/h,Sealed - Dry,Daylight,Curved - view obscured,Off Path-Curve: Out Of Control On Cway,Out of control on curve,0,1,0,0,1,0,1,0,0,0,0,0
301452,Medical treatment,2016,16,Angle,Multi-Vehicle,152.888125,-27.555939,Lather Rd,Moggill Sub-Arterial Rd,Bellbowrie,Moggill,Intersection - Cross,Operating traffic lights,60 km/h,Sealed - Dry,Daylight,Straight,Veh'S Manoeuvring: Entering From Footway,Vehicle leaving driveway,0,0,1,0,1,1,0,0,0,1,0,0
301453,Medical treatment,2016,15,Rear-end,Multi-Vehicle,152.94729,-27.525785,Western Arterial Rd,,Kenmore,Moggill,No Roadway Feature,No traffic control,80 - 90 km/h,Sealed - Dry,Daylight,Straight,Veh'S Same Direction: Rear End,Rear-end,0,0,1,0,1,1,0,1,0,0,0,0
301454,Hospitalisation,2016,13,Angle,Multi-Vehicle,153.065002,-27.314146,Brighton Rd,Deagon St,Sandgate,Sandgate,Intersection - T-Junction,No traffic control,60 km/h,Sealed - Dry,Daylight,Straight,Veh'S Opposite Approach: Thru-Right,Opposing vehicles turning,0,1,0,0,1,2,0,0,0,0,0,0
301458,Hospitalisation,2016,8,Angle,Multi-Vehicle,153.029999,-27.38174,Banfield St,Gympie Arterial Rd,Chermside,Nudgee,Intersection - T-Junction,Operating traffic lights,60 km/h,Sealed - Dry,Daylight,Straight,Veh'S Opposite Approach: Thru-Right,Opposing vehicles turning,0,1,0,0,1,1,1,0,0,0,0,0
301459,Medical treatment,2016,20,Fall from vehicle,Single Vehicle,153.0383767,-27.35856912,Handford Rd,,Zillmere,Nudgee,No Roadway Feature,No traffic control,60 km/h,Sealed - Dry,Daylight,Straight,Pass & Misc: Fell In/From Vehicle,Other,0,0,2,1,3,0,0,0,1,0,0,0
301460,Medical treatment,2016,15,Rear-end,Multi-Vehicle,153.028902,-27.393119,Rode Rd,,Chermside,Stafford,No Roadway Feature,No traffic control,60 km/h,Sealed - Dry,Daylight,Straight,Veh'S Same Direction: Rear End,Rear-end,0,0,2,0,2,3,0,1,0,0,0,0
301468,Minor injury,2016,10,Fall from vehicle,Single Vehicle,153.023409,-27.43705895,Newmarket Rd,,Windsor,Brisbane Central,No Roadway Feature,Give way sign,0 - 50 km/h,Sealed - Wet,Daylight,Straight,Off Path-Straight:Out Of Control On Cway,Out of control on straight,0,0,0,1,1,1,1,0,0,0,0,0
301501,Medical treatment,2016,8,Rear-end,Multi-Vehicle,153.025034,-27.372706,Ellison Rd,Kirby Rd,Aspley,Aspley,Intersection - T-Junction,No traffic control,60 km/h,Sealed - Dry,Daylight,Straight,Veh'S Same Direction: Right Rear,Rear-end,0,0,2,0,2,2,0,0,0,0,0,0
301502,Medical treatment,2016,14,Rear-end,Multi-Vehicle,153.033808,-27.386363,Hamilton Rd,,Chermside,Nudgee,No Roadway Feature,No traffic control,60 km/h,Sealed - Dry,Daylight,Straight,Veh'S Same Direction: Rear End,Rear-end,0,0,1,0,1,2,0,0,0,0,0,0
301508,Medical treatment,2016,7,Rear-end,Multi-Vehicle,153.082179,-27.371979,Red Hill Rd,St Vincents Rd,Nudgee,Nudgee,Intersection - Cross,Give way sign,0 - 50 km/h,Sealed - Dry,Daylight,Straight,Veh'S Same Direction: Left Rear,Rear-end,0,0,1,0,1,2,0,0,0,0,0,0
301509,Hospitalisation,2016,19,Head-on,Multi-Vehicle,153.08512,-27.414611,Lakeside Dr,,Brisbane Airport,Clayfield,No Roadway Feature,No traffic control,60 km/h,Sealed - Dry,Daylight,Curved - view open,Veh'S Opposite Approach: Head On,Head-on,0,1,0,0,1,2,0,0,0,0,0,0
301529,Hospitalisation,2016,6,Head-on,Multi-Vehicle,153.039247,-27.448745,Montpelier Rd,,Bowen Hills,Brisbane Central,No Roadway Feature,No traffic control,60 km/h,Sealed - Dry,Daylight,Curved - view open,Veh'S Opposite Approach: Head On,Head-on,0,2,0,0,2,2,0,0,0,0,0,0
301530,Medical treatment,2016,17,Angle,Multi-Vehicle,152.98609,-27.478574,Milton Rd,Sylvan Rd,Toowong,Mount Coot-tha,Intersection - T-Junction,No traffic control,60 km/h,Sealed - Dry,Daylight,Straight,Veh'S Same Direction: Right Turn S/Swipe,Parallel lanes turning,0,0,1,0,1,2,0,0,0,0,0,0
301536,Hospitalisation,2016,12,Angle,Multi-Vehicle,153.055687,-27.391562,Hamilton Rd,Pedley St,Wavell Heights,Nudgee,Intersection - T-Junction,Give way sign,0 - 50 km/h,Sealed - Dry,Daylight,Straight,Veh'S Adjacent Approach: Thru-Right,Intersection from adjacent approaches,0,1,0,0,1,2,0,0,0,0,0,0
301537,Medical treatment,2016,6,Rear-end,Multi-Vehicle,153.0427312,-27.4319536,Sandgate Rd,,Albion,Clayfield,No Roadway Feature,No traffic control,0 - 50 km/h,Sealed - Dry,Daylight,Straight,Veh'S Same Direction: Rear End,Rear-end,0,0,1,0,1,3,0,0,0,0,0,0
301538,Medical treatment,2016,11,Angle,Multi-Vehicle,153.027076,-27.437526,Cox Rd,Newmarket Rd,Windsor,Brisbane Central,Intersection - Cross,Operating traffic lights,60 km/h,Sealed - Dry,Daylight,Straight,Veh'S Opposite Approach: Thru-Right,Opposing vehicles turning,0,0,1,0,1,2,0,0,0,0,0,0
301564,Medical treatment,2016,14,Rear-end,Multi-Vehicle,153.01417,-27.37589,Maundrell Tce,Pie St,Aspley,Aspley,Intersection - T-Junction,No traffic control,60 km/h,Sealed - Dry,Daylight,Straight,Veh'S Same Direction: Rear End,Rear-end,0,0,1,0,1,3,0,0,0,0,0,0
301571,Medical treatment,2016,8,Angle,Multi-Vehicle,153.059616,-27.403344,Buckland Rd,,Nundah,Clayfield,No Roadway Feature,No traffic control,60 km/h,Sealed - Dry,Daylight,Straight,Veh'S Manoeuvring: Leaving Driveway,Vehicle leaving driveway,0,0,1,0,1,2,0,0,0,0,0,0
301572,Medical treatment,2016,12,Rear-end,Multi-Vehicle,153.032512,-27.40688,Gympie Arterial Rd,Sadlier St,Kedron,Clayfield,Intersection - T-Junction,Operating traffic lights,60 km/h,Sealed - Dry,Daylight,Straight,Veh'S Same Direction: Lane Change Right,Lane changes,0,0,1,0,1,2,0,0,0,0,0,0
301594,Hospitalisation,2016,8,Angle,Multi-Vehicle,153.046654,-27.450335,Skyring Tce,,Newstead,Brisbane Central,No Roadway Feature,No traffic control,0 - 50 km/h,Sealed - Dry,Daylight,Straight,Veh'S Manoeuvring: Other,Other,0,1,0,0,1,1,0,0,0,1,0,0
301599,Medical treatment,2016,15,Rear-end,Multi-Vehicle,153.034052,-27.412365,East - West Arterial Rd,Gympie Arterial Rd,Kedron,Clayfield,Intersection - T-Junction,Operating traffic lights,0 - 50 km/h,Sealed - Wet,Daylight,Straight,Veh'S Same Direction: Rear End,Rear-end,0,0,1,0,1,2,0,0,0,0,0,0
301600,Hospitalisation,2016,19,Hit object,Single Vehicle,152.960504,-27.413747,Samford Sub-Arterial Rd,,Keperra,Ferny Grove,No Roadway Feature,No traffic control,70 km/h,Sealed - Dry,Darkness - Lighted,Curved - view open,Off Path-Curve: Off Cway Lt Bend Hit Obj,Off carriageway on curve hit object,0,1,0,0,1,0,0,1,0,0,0,0
301620,Minor injury,2016,8,Hit object,Single Vehicle,152.9960626,-27.4428166,Bott St,,Ashgrove,Ashgrove,No Roadway Feature,No traffic control,0 - 50 km/h,Sealed - Dry,Daylight,Straight,Off Path-Straight: Mounts Traffic Island,Off carriageway on straight hit object,0,0,0,1,1,2,0,0,0,0,0,0
301622,Hospitalisation,2016,5,Overturned,Single Vehicle,152.979182,-27.490759,Marmion Pde,Moorak St,Taringa,Indooroopilly,Intersection - Cross,Give way sign,0 - 50 km/h,Sealed - Dry,Dawn/Dusk,Straight,Veh'S Adjacent Approach: Thru-Thru,Intersection from adjacent approaches,0,1,2,0,3,2,0,0,0,0,0,0
301623,Medical treatment,2016,9,Angle,Multi-Vehicle,153.011308,-27.409766,East - West Arterial Rd,Windorah St,Stafford,Stafford,Intersection - T-Junction,Operating traffic lights,60 km/h,Sealed - Dry,Daylight,Straight,Veh'S Opposite Approach: Thru-Right,Opposing vehicles turning,0,0,1,0,1,4,0,0,0,0,0,0
301624,Minor injury,2016,12,Rear-end,Multi-Vehicle,153.031508,-27.39998,Gympie Arterial Rd,Kitchener Rd,Kedron,Stafford,Intersection - T-Junction,Give way sign,60 km/h,Sealed - Dry,Daylight,Straight,Veh'S Same Direction: Left Rear,Rear-end,0,0,0,1,1,2,0,0,0,0,0,0
301625,Hospitalisation,2016,9,Angle,Multi-Vehicle,153.060459,-27.352338,Sandgate Sub-Arterial Rd,,Boondall,Nudgee,No Roadway Feature,No traffic control,60 km/h,Sealed - Dry,Daylight,Straight,Veh'S Manoeuvring: Leaving Driveway,Vehicle leaving driveway,0,1,0,0,1,1,1,0,0,0,0,0
301626,Medical treatment,2016,14,Rear-end,Multi-Vehicle,153.062346,-27.37383,Sandgate Sub-Arterial Rd,,Virginia,Nudgee,No Roadway Feature,No traffic control,60 km/h,Sealed - Dry,Daylight,Straight,Veh'S Same Direction: Rear End,Rear-end,0,0,1,0,1,3,0,1,0,0,0,0
301632,Medical treatment,2016,8,Rear-end,Multi-Vehicle,153.090818,-27.382904,Buchanan Rd,Nudgee Rd,Banyo,Nudgee,Intersection - Cross,Operating traffic lights,0 - 50 km/h,Sealed - Dry,Daylight,Straight,Veh'S Same Direction: Left Rear,Rear-end,0,0,1,0,1,2,0,0,0,0,0,0
301633,Hospitalisation,2016,21,Overturned,Single Vehicle,152.94379,-27.427446,Settlement Rd,,Keperra,Ferny Grove,No Roadway Feature,Police,0 - 50 km/h,Sealed - Dry,Darkness - Lighted,Curved - view obscured,Off Path-Curve: Out Of Control On Cway,Out of control on curve,0,1,0,0,1,1,0,0,0,0,0,0
301634,Hospitalisation,2016,16,Angle,Multi-Vehicle,152.986462,-27.400662,Everton Park - Albany Creek Rd,South Pine Rd,Everton Park,Everton,Intersection - Cross,Give way sign,60 km/h,Sealed - Dry,Daylight,Curved - view open,Veh'S Opposite Approach: Thru-Right,Opposing vehicles turning,0,1,0,0,1,1,1,0,0,0,0,0
301659,Hospitalisation,2016,17,Angle,Multi-Vehicle,153.008201,-27.332224,Gympie Rd,Millar Rd,Bridgeman Downs,Aspley,Intersection - T-Junction,Operating traffic lights,60 km/h,Sealed - Dry,Daylight,Straight,Veh'S Opposite Approach: Thru-Right,Opposing vehicles turning,0,1,1,0,2,1,1,0,0,0,0,0
301669,Medical treatment,2016,17,Rear-end,Multi-Vehicle,153.006853,-27.441764,Enoggera Rd,,Newmarket,Mount Coot-tha,No Roadway Feature,No traffic control,60 km/h,Sealed - Dry,Daylight,Straight,Veh'S Same Direction: Rear End,Rear-end,0,0,1,0,1,2,0,0,0,0,0,1
301685,Hospitalisation,2016,15,Hit pedestrian,Hit pedestrian,153.030802,-27.394051,Bromilow St,Gympie Arterial Rd,Kedron,Stafford,Intersection - T-Junction,No traffic control,60 km/h,Sealed - Dry,Daylight,Straight,Ped'N: Near Side Vehicle Hit From Right,Pedestrian,0,1,0,0,1,1,0,0,0,0,1,0
301688,Medical treatment,2016,7,Angle,Multi-Vehicle,152.990645,-27.364477,Canopus St,Saturn Cres,Bridgeman Downs,Aspley,Intersection - Roundabout,Give way sign,0 - 50 km/h,Sealed - Dry,Daylight,Curved - view open,Veh'S Adjacant Approach: Thru-Left,Intersection from adjacent approaches,0,0,1,0,1,1,0,0,0,1,0,0
301701,Medical treatment,2016,16,Angle,Multi-Vehicle,153.014405,-27.425043,Evelyn St,Grange Rd,Grange,Stafford,Intersection - Cross,Give way sign,60 km/h,Sealed - Wet,Daylight,Straight,Veh'S Adjacant Approach: Thru-Left,Intersection from adjacent approaches,0,0,1,0,1,2,0,0,0,0,0,0
301702,Medical treatment,2016,5,Fall from vehicle,Single Vehicle,152.983608,-27.418407,Grays Rd,Samford Sub-Arterial Rd,Gaythorne,Ashgrove,Intersection - T-Junction,No traffic control,60 km/h,Sealed - Dry,Daylight,Straight,Off Path-Straight:Out Of Control On Cway,Out of control on straight,0,0,2,0,2,0,1,0,0,1,0,0
301704,Medical treatment,2016,22,Rear-end,Multi-Vehicle,152.999637,-27.422321,South Pine Rd,,Alderley,Ashgrove,Railway Crossing,Railway - lights and boom gate,60 km/h,Sealed - Dry,Darkness - Lighted,Straight,Veh'S Same Direction: Rear End,Rear-end,0,0,1,0,1,2,0,0,0,0,0,0
301724,Hospitalisation,2016,18,Angle,Multi-Vehicle,152.989845,-27.379777,Hamilton Rd,,Mcdowall,Aspley,No Roadway Feature,No traffic control,60 km/h,Sealed - Dry,Dawn/Dusk,Straight,Veh'S Manoeuvring: Leaving Driveway,Vehicle leaving driveway,0,1,0,0,1,1,1,0,0,0,0,0
301731,Hospitalisation,2016,11,Hit pedestrian,Hit pedestrian,153.058573,-27.430212,Abbott St,Lancaster Rd,Ascot,Clayfield,No Roadway Feature,Pedestrian crossing sign,0 - 50 km/h,Sealed - Dry,Daylight,Straight,Ped'N: Near Side Vehicle Hit From Right,Pedestrian,0,1,0,0,1,1,0,0,0,0,1,0
301732,Medical treatment,2016,20,Angle,Multi-Vehicle,153.062671,-27.406677,Atthow Pde,Hows Rd,Nundah,Nudgee,Intersection - Cross,Stop sign,60 km/h,Sealed - Dry,Darkness - Lighted,Straight,Veh'S Adjacent Approach: Thru-Thru,Intersection from adjacent approaches,0,0,2,0,2,2,0,0,0,0,0,0
301733,Hospitalisation,2016,16,Rear-end,Multi-Vehicle,153.031904,-27.432939,Lutwyche Rd,,Windsor,Brisbane Central,No Roadway Feature,No traffic control,60 km/h,Sealed - Dry,Daylight,Straight,Veh'S Same Direction: Rear End,Rear-end,0,1,0,0,1,3,0,0,0,0,0,0
301734,Hospitalisation,2016,16,Hit object,Single Vehicle,153.105218,-27.3515118,Nudgee Rd,,Nudgee Beach,Clayfield,No Roadway Feature,No traffic control,60 km/h,Sealed - Dry,Daylight,Straight,Off Path-Straight:Right Off Cway Hit Obj,Off carriageway on straight hit object,0,1,0,0,1,1,0,0,0,0,0,0
301735,Hospitalisation,2016,11,Hit object,Single Vehicle,153.087514,-27.417929,Gateway Arterial Rd,,Eagle Farm,Clayfield,No Roadway Feature,No traffic control,100 - 110 km/h,Sealed - Dry,Daylight,Curved - view open,Off Path-Curve: Off Cway Lt Bend Hit Obj,Off carriageway on curve hit object,0,1,0,0,1,0,0,1,0,0,0,0
301736,Medical treatment,2016,16,Rear-end,Multi-Vehicle,152.99828,-27.404358,Page St,Trouts Rd,Everton Park,Stafford,Intersection - T-Junction,No traffic control,60 km/h,Sealed - Dry,Daylight,Curved - view open,Veh'S Same Direction: Rear End,Rear-end,0,0,4,0,4,3,0,0,0,0,0,0
301762,Medical treatment,2016,15,Angle,Multi-Vehicle,153.031894,-27.433306,Bowen St,Lutwyche Rd,Windsor,Brisbane Central,Intersection - T-Junction,Operating traffic lights,60 km/h,Sealed - Dry,Daylight,Straight,Veh'S Adjacent Approach: Thru-Right,Intersection from adjacent approaches,0,0,2,0,2,2,0,0,0,0,0,0
301777,Hospitalisation,2016,0,Rear-end,Multi-Vehicle,153.012173,-27.463923,Caxton St,,Petrie Terrace,Mount Coot-tha,No Roadway Feature,No traffic control,0 - 50 km/h,Sealed - Dry,Darkness - Lighted,Straight,Veh'S Same Direction: Rear End,Rear-end,0,1,0,0,1,3,0,0,0,0,0,0
301778,Hospitalisation,2016,14,Hit object,Single Vehicle,152.941178,-27.517133,Glen Frew St,,Kenmore,Moggill,No Roadway Feature,No traffic control,0 - 50 km/h,Sealed - Dry,Daylight,Straight,Off Path-Straight: Left Off Cway Hit Obj,Off carriageway on straight hit object,0,1,0,0,1,1,0,0,0,0,0,0
301782,Medical treatment,2016,7,Rear-end,Multi-Vehicle,153.025614,-27.348191,Beams Rd,,Carseldine,Aspley,No Roadway Feature,No traffic control,60 km/h,Sealed - Dry,Daylight,Straight,Veh'S Same Direction: Rear End,Rear-end,0,0,1,0,1,2,0,0,0,0,0,0
301783,Medical treatment,2016,20,Angle,Multi-Vehicle,153.023221,-27.373426,Gympie Arterial Rd,Webster Rd,Aspley,Aspley,Intersection - Cross,Operating traffic lights,60 km/h,Sealed - Dry,Darkness - Lighted,Straight,Veh'S Opposite Approach: Thru-Right,Opposing vehicles turning,0,0,3,0,3,2,0,0,0,0,0,0
301784,Medical treatment,2016,19,Rear-end,Multi-Vehicle,153.017072,-27.363815,Albany Creek Sub-Arterial Rd,Gympie Arterial Rd,Aspley,Aspley,Intersection - T-Junction,No traffic control,70 km/h,Sealed - Dry,Darkness - Lighted,Curved - view open,Veh'S Same Direction: Left Rear,Rear-end,0,0,1,0,1,2,0,0,0,0,0,0
301803,Minor injury,2016,11,Rear-end,Multi-Vehicle,152.9857923,-27.47378793,Western Arterial Rd,,Toowong,Mount Coot-tha,No Roadway Feature,No traffic control,60 km/h,Sealed - Wet,Daylight,Straight,Veh'S Same Direction: Rear End,Rear-end,0,0,0,1,1,2,0,0,0,0,0,0
301840,Medical treatment,2016,12,Rear-end,Multi-Vehicle,153.0509871,-27.324199,Gateway Arterial Rd,,Deagon,Sandgate,No Roadway Feature,No traffic control,100 - 110 km/h,Sealed - Dry,Daylight,Straight,Veh'S Same Direction: Rear End,Rear-end,0,0,1,0,1,3,0,0,0,0,0,0
301882,Medical treatment,2016,10,Rear-end,Multi-Vehicle,153.053808,-27.415359,East - West Arterial Rd,Thomas St,Clayfield,Clayfield,Intersection - T-Junction,No traffic control,0 - 50 km/h,Sealed - Dry,Daylight,Straight,Veh'S Same Direction: Right Rear,Rear-end,0,0,4,0,4,3,0,0,0,0,0,0
301883,Medical treatment,2016,14,Angle,Multi-Vehicle,153.042921,-27.43219,Frodsham St,,Albion,Clayfield,Intersection - 5+ way,Operating traffic lights,60 km/h,Sealed - Dry,Daylight,Straight,Veh'S Adjacent Approach: Other,Intersection from adjacent approaches,0,0,2,0,2,2,0,0,0,0,0,0
301899,Hospitalisation,2016,14,Hit object,Single Vehicle,152.9995267,-27.49899322,Fifth Ave,,St Lucia,Indooroopilly,No Roadway Feature,No traffic control,0 - 50 km/h,Unsealed - Dry,Daylight,Curved - view open,Veh'S Manoeuvring: Other,Other,0,1,0,0,1,0,1,0,0,0,0,0
301900,Medical treatment,2016,11,Rear-end,Multi-Vehicle,153.033004,-27.309869,Gateway Arterial Rd,,Bald Hills,Sandgate,No Roadway Feature,No traffic control,100 - 110 km/h,Sealed - Dry,Daylight,Straight,Veh'S Same Direction: Rear End,Rear-end,0,0,1,0,1,2,0,0,0,0,0,0
301908,Medical treatment,2016,16,Angle,Multi-Vehicle,153.0912623,-27.43655845,Fison Ave W,,Eagle Farm,Clayfield,No Roadway Feature,No traffic control,60 km/h,Sealed - Dry,Daylight,Straight,Veh'S Manoeuvring: Entering From Footway,Vehicle leaving driveway,0,0,1,0,1,1,1,0,0,0,0,0
301909,Medical treatment,2016,8,Angle,Multi-Vehicle,152.974061,-27.413333,Blackwood St,Samford Sub-Arterial Rd,Mitchelton,Everton,Intersection - Cross,Operating traffic lights,60 km/h,Sealed - Dry,Daylight,Straight,Veh'S Opposite Approach: Thru-Right,Opposing vehicles turning,0,0,1,0,1,2,0,0,0,0,0,0
301921,Minor injury,2016,15,Angle,Multi-Vehicle,153.033674,-27.453915,Constance St,St Pauls Tce,Fortitude Valley,Brisbane Central,Intersection - Cross,Operating traffic lights,60 km/h,Sealed - Dry,Daylight,Straight,Veh'S Adjacent Approach: Thru-Thru,Intersection from adjacent approaches,0,0,0,1,1,2,0,0,0,0,0,0
301923,Hospitalisation,2016,13,Sideswipe,Multi-Vehicle,153.019072,-27.292412,Gympie Arterial Rd,,Bald Hills,Sandgate,Bridge/Causeway,No traffic control,100 - 110 km/h,Sealed - Dry,Daylight,Straight,Veh'S Same Direction: Lane Side Swipe,Lane changes,0,1,0,0,1,2,0,0,0,0,0,0
301941,Hospitalisation,2016,10,Angle,Multi-Vehicle,153.03994,-27.453476,Ann St,Chester St,Fortitude Valley,Brisbane Central,Intersection - Cross,No traffic control,0 - 50 km/h,Sealed - Dry,Daylight,Straight,Veh'S Same Direction: Right Turn S/Swipe,Parallel lanes turning,0,1,0,0,1,1,1,0,0,0,0,0
301946,Medical treatment,2016,12,Rear-end,Multi-Vehicle,152.805795,-27.546387,Mount Crosby Rd,,Mount Crosby,Moggill,No Roadway Feature,No traffic control,60 km/h,Sealed - Dry,Daylight,Curved - view open,Veh'S Same Direction: Rear End,Rear-end,0,0,1,0,1,1,1,0,0,0,0,0
252911,Medical treatment,2013,16,Angle,Multi-Vehicle,153.107122,-27.455453,Gateway Arterial Rd,Port Of Brisbane Rd,Murarrie,Bulimba,Intersection - Interchange,Operating traffic lights,60 km/h,Sealed - Dry,Daylight,Straight,Veh'S Adjacent Approach: Thru-Right,Intersection from adjacent approaches,0,0,1,1,2,2,0,0,0,0,0,0
252912,Medical treatment,2013,12,Hit object,Single Vehicle,153.1146274,-27.45151886,Port Of Brisbane Mwy,,Murarrie,Bulimba,Intersection - Interchange,No traffic control,80 - 90 km/h,Sealed - Dry,Daylight,Curved - view open,Off Path-Curve: Off Cway Rt Bend Hit Obj,Off carriageway on curve hit object,0,0,1,0,1,1,0,0,0,0,0,0