Crash_Ref_Number,Severity,Year,Hour,Crash_Nature,Crash_Type,Longitude,Latitude,Street,Street_Intersecting,Suburb,Loc_State_Electorate,Crash_Roadway_Feature,Crash_Traffic_Control,Crash_Speed_Limit,Crash_Road_Surface_Condition,Crash_Lighting_Condition,Crash_Road_Horiz_Align,Crash_DCA_Description,Crash_DCA_Group_Description,Count_Casualty_Fatality,Count_Casualty_Hospitalised,Count_Casualty_MedicallyTreated,Count_Casualty_MinorInjury,Count_Casualty_Total,Count_Unit_Car,Count_Unit_Motorcycle_Moped,Count_Unit_Truck,Count_Unit_Bus,Count_Unit_Bicycle,Count_Unit_Pedestrian,Count_Unit_Other
252914,Medical treatment,2013,11,Angle,Multi-Vehicle,153.037309,-27.475401,O'Connell St,Shafston Ave,Kangaroo Point,South Brisbane,Intersection - T-Junction,Operating traffic lights,60 km/h,Sealed - Dry,Daylight,Straight,Veh'S Adjacent Approach: Thru-Right,Intersection from adjacent approaches,0,0,2,0,2,2,0,0,0,0,0,0
252915,Medical treatment,2013,8,Angle,Multi-Vehicle,153.157969,-27.436499,Selina St,Wynnum North Rd,Wynnum,Lytton,Intersection - Roundabout,Give way sign,60 km/h,Sealed - Dry,Daylight,Straight,Veh'S Adjacant Approach: Thru-Left,Intersection from adjacent approaches,0,0,1,0,1,1,0,0,0,1,0,0
252930,Hospitalisation,2013,8,Angle,Multi-Vehicle,152.9453971,-27.59755608,Progress Rd,Western Art Rd Off Ramp,Richlands,Inala,Intersection - Interchange,Operating traffic lights,60 km/h,Sealed - Dry,Daylight,Curved - view open,Veh'S Adjacent Approach: Thru-Right,Intersection from adjacent approaches,0,1,1,0,2,2,0,0,0,0,0,0
252950,Medical treatment,2013,6,Hit object,Single Vehicle,153.095581,-27.481643,Creek Rd,,Carina,Bulimba,No Roadway Feature,No traffic control,60 km/h,Sealed - Dry,Daylight,Curved - view obscured,Off Path-Curve: Off Cway Rt Bend Hit Obj,Off carriageway on curve hit object,0,0,1,0,1,1,0,0,0,0,0,0
252955,Medical treatment,2013,5,Angle,Multi-Vehicle,153.075672,-27.573544,Mccullough St,,Macgregor,Sunnybank,No Roadway Feature,Operating traffic lights,60 km/h,Sealed - Dry,Dawn/Dusk,Straight,Veh'S Manoeuvring: Entering From Footway,Vehicle leaving driveway,0,0,1,0,1,1,0,0,0,1,0,0
252956,Medical treatment,2013,16,Angle,Multi-Vehicle,153.07893,-27.610889,Gateway Arterial Rd,Persse Rd,Runcorn,Stretton,Intersection - Interchange,No traffic control,60 km/h,Sealed - Dry,Daylight,Straight,Veh'S Opposite Approach: Thru-Right,Opposing vehicles turning,0,0,1,0,1,2,0,0,0,0,0,0
252957,Medical treatment,2013,12,Sideswipe,Multi-Vehicle,153.170445,-27.450842,Pine St,,Wynnum,Lytton,No Roadway Feature,No traffic control,60 km/h,Sealed - Dry,Daylight,Straight,Veh'S Same Direction: Right Turn S/Swipe,Parallel lanes turning,0,0,1,0,1,2,0,0,0,0,0,0
252978,Medical treatment,2013,10,Angle,Multi-Vehicle,153.046398,-27.524229,Toohey Rd,Weller Rd,Tarragindi,Yeerongpilly,Intersection - Cross,Operating traffic lights,60 km/h,Sealed - Dry,Daylight,Straight,Veh'S Opposite Approach: Thru-Right,Opposing vehicles turning,0,0,2,0,2,1,1,0,0,0,0,0
253009,Hospitalisation,2013,15,Angle,Multi-Vehicle,153.0230719,-27.59281949,Limerick St,,Acacia Ridge,Sunnybank,No Roadway Feature,No traffic control,0 - 50 km/h,Sealed - Dry,Daylight,Straight,Veh'S Manoeuvring: Leaving Driveway,Vehicle leaving driveway,0,1,0,0,1,1,1,0,0,0,0,0
253013,Medical treatment,2013,16,Rear-end,Multi-Vehicle,152.979082,-27.553529,Cook St,Oxley Rd,Oxley,Mount Ommaney,Intersection - T-Junction,No traffic control,60 km/h,Sealed - Dry,Daylight,Straight,Veh'S Same Direction: Left Rear,Rear-end,0,0,2,0,2,2,0,0,0,0,0,0
253015,Hospitalisation,2013,21,Hit object,Single Vehicle,153.0623132,-27.58087217,Mains Rd,,Sunnybank,Sunnybank,Bridge/Causeway,No traffic control,60 km/h,Sealed - Dry,Darkness - Lighted,Straight,Veh'S Opposite Approach: Head On,Head-on,0,1,0,1,2,2,0,0,0,0,0,0
253016,Medical treatment,2013,14,Rear-end,Multi-Vehicle,153.0890992,-27.56122363,Newnham Rd,,Upper Mount Gravatt,Mansfield,No Roadway Feature,No traffic control,60 km/h,Sealed - Dry,Daylight,Straight,Veh'S Same Direction: Rear End,Rear-end,0,0,1,0,1,1,0,0,1,0,0,0
253033,Hospitalisation,2013,14,Hit object,Single Vehicle,153.0551395,-27.60744917,Calam Rd,,Sunnybank Hills,Stretton,No Roadway Feature,No traffic control,60 km/h,Sealed - Dry,Daylight,Straight,Off Path-Straight: Left Off Cway Hit Obj,Off carriageway on straight hit object,0,1,0,0,1,1,0,0,0,0,0,0
253036,Medical treatment,2013,16,Rear-end,Multi-Vehicle,153.064553,-27.568826,Cosmic St,Mains Rd,Macgregor,Sunnybank,Intersection - Cross,Operating traffic lights,60 km/h,Sealed - Dry,Daylight,Straight,Veh'S Same Direction: Right Rear,Rear-end,0,0,1,0,1,2,0,0,0,0,0,0
253056,Hospitalisation,2013,16,Rear-end,Multi-Vehicle,153.0636453,-27.60257913,Gowan Rd,,Sunnybank Hills,Stretton,No Roadway Feature,No traffic control,60 km/h,Sealed - Dry,Daylight,Straight,Veh'S Same Direction: Rear End,Rear-end,0,1,0,1,2,3,0,0,0,0,0,0
253057,Medical treatment,2013,18,Angle,Multi-Vehicle,153.040332,-27.558939,Griffith Arterial Rd,Orange Grove Rd,Salisbury,Sunnybank,Intersection - Cross,Operating traffic lights,60 km/h,Sealed - Dry,Darkness - Lighted,Straight,Veh'S Opposite Approach: Thru-Right,Opposing vehicles turning,0,0,1,0,1,2,0,0,0,0,0,0
253058,Medical treatment,2013,16,Rear-end,Multi-Vehicle,153.100595,-27.577109,South East Arterial Rd,,Rochedale,Mansfield,No Roadway Feature,No traffic control,100 - 110 km/h,Sealed - Dry,Daylight,Straight,Veh'S Same Direction: Rear End,Rear-end,0,0,1,0,1,2,0,0,0,0,0,0
253059,Medical treatment,2013,16,Rear-end,Multi-Vehicle,153.157947,-27.437227,Cameron Pde,Wynnum North Rd,Wynnum,Lytton,No Roadway Feature,Railway - lights and boom gate,60 km/h,Sealed - Dry,Daylight,Straight,Veh'S Same Direction: Rear End,Rear-end,0,0,2,0,2,2,0,0,0,0,0,0
253060,Hospitalisation,2013,17,Angle,Multi-Vehicle,153.1135976,-27.47283991,Murarrie Rd,Wynnum Rd,Tingalpa,Chatsworth,Intersection - T-Junction,No traffic control,60 km/h,Sealed - Dry,Daylight,Straight,Veh'S Manoeuvring: Entering From Footway,Vehicle leaving driveway,0,1,0,0,1,1,1,0,0,0,0,0
253079,Medical treatment,2013,16,Rear-end,Multi-Vehicle,153.100882,-27.49898,Creek Rd,Old Cleveland Rd,Carindale,Chatsworth,Intersection - T-Junction,No traffic control,60 km/h,Sealed - Dry,Daylight,Curved - view open,Veh'S Same Direction: Left Rear,Rear-end,0,0,1,0,1,2,0,0,0,0,0,0
253103,Minor injury,2013,22,Hit parked vehicle,Single Vehicle,153.046111,-27.572485,Bland St,,Coopers Plains,Sunnybank,No Roadway Feature,No traffic control,0 - 50 km/h,Sealed - Dry,Darkness - Not lighted,Straight,Veh'S Opposite Approach: Other,Other,0,0,0,1,1,1,1,0,0,0,0,0
253124,Medical treatment,2013,7,Rear-end,Multi-Vehicle,153.0270387,-27.58811936,Beaudesert Rd,Mt Lindesay Art. Rd,Acacia Ridge,Sunnybank,Intersection - T-Junction,No traffic control,80 - 90 km/h,Sealed - Dry,Daylight,Straight,Veh'S Same Direction: Left Rear,Rear-end,0,0,1,1,2,2,0,0,0,0,0,0
253127,Hospitalisation,2013,23,Fall from vehicle,Single Vehicle,153.01706,-27.47216765,Grey St,Peel St,South Brisbane,South Brisbane,Intersection - Cross,Operating traffic lights,60 km/h,Sealed - Wet,Darkness - Lighted,Straight,Off Path-Straight: Left Turn,Off carriageway on straight,0,1,0,0,1,0,1,0,0,0,0,0
253128,Hospitalisation,2013,1,Hit object,Single Vehicle,153.1110085,-27.46473395,Murarrie Rd,,Tingalpa,Chatsworth,No Roadway Feature,No traffic control,60 km/h,Sealed - Dry,Darkness - Lighted,Curved - view open,Off Path-Curve: Off Cway Rt Bend Hit Obj,Off carriageway on curve hit object,0,1,0,0,1,0,1,0,0,0,0,0
253129,Medical treatment,2013,10,Hit pedestrian,Hit pedestrian,153.170849,-27.44515,Tingal Rd,,Wynnum,Lytton,No Roadway Feature,No traffic control,60 km/h,Sealed - Dry,Daylight,Straight,Ped'N: Near Side Vehicle Hit From Right,Pedestrian,0,0,1,0,1,1,0,0,0,0,1,0
253151,Medical treatment,2013,12,Rear-end,Multi-Vehicle,153.099714,-27.505371,Creek Rd,Winstanley St,Carindale,Chatsworth,Intersection - T-Junction,No traffic control,60 km/h,Sealed - Dry,Daylight,Straight,Veh'S Same Direction: Left Rear,Rear-end,0,0,1,0,1,2,0,0,0,0,0,0
253154,Minor injury,2013,16,Rear-end,Multi-Vehicle,153.087726,-27.56583,Logan Sub-Arterial Rd,,Upper Mount Gravatt,Mansfield,No Roadway Feature,No traffic control,60 km/h,Sealed - Dry,Daylight,Straight,Veh'S Same Direction: Rear End,Rear-end,0,0,0,1,1,1,0,0,0,0,0,1
253155,Minor injury,2013,15,Hit pedestrian,Hit pedestrian,153.166507,-27.452632,Haig St,West Ave,Wynnum,Lytton,Intersection - T-Junction,No traffic control,60 km/h,Sealed - Dry,Daylight,Straight,Ped'N: Far Side Vehicle Hit From Left,Pedestrian,0,0,0,1,1,1,0,0,0,0,1,0
253188,Hospitalisation,2013,16,Fall from vehicle,Single Vehicle,152.9834093,-27.56753978,Cunningham Art Rd Ramp Je,,Oxley,Inala,Intersection - Interchange,No traffic control,80 - 90 km/h,Sealed - Dry,Daylight,Curved - view open,Off Path-Curve: Out Of Control On Cway,Out of control on curve,0,1,0,0,1,0,1,0,0,0,0,0
253189,Medical treatment,2013,10,Angle,Multi-Vehicle,153.057115,-27.494518,Harries Rd,Holdsworth St,Coorparoo,Greenslopes,Intersection - Cross,Give way sign,60 km/h,Sealed - Dry,Daylight,Straight,Veh'S Adjacent Approach: Thru-Thru,Intersection from adjacent approaches,0,0,1,0,1,2,0,0,0,0,0,0
253191,Hospitalisation,2013,14,Rear-end,Multi-Vehicle,152.976651,-27.52287786,Honour Ave,,Graceville,Indooroopilly,No Roadway Feature,No traffic control,60 km/h,Sealed - Dry,Daylight,Straight,Veh'S Same Direction: Rear End,Rear-end,0,1,0,1,2,3,0,0,0,0,0,0
253192,Hospitalisation,2013,17,Hit parked vehicle,Single Vehicle,153.0440537,-27.48986639,Longlands St,,East Brisbane,South Brisbane,No Roadway Feature,No traffic control,0 - 50 km/h,Sealed - Dry,Daylight,Straight,Veh'S On Path: Parked,Hit parked vehicle,0,1,0,0,1,3,0,0,0,0,0,0
253193,Hospitalisation,2013,15,Rear-end,Multi-Vehicle,153.1270365,-27.48758582,Belmont Rd,,Belmont,Chatsworth,No Roadway Feature,No traffic control,60 km/h,Sealed - Dry,Daylight,Straight,Veh'S Same Direction: Right Rear,Rear-end,0,1,0,0,1,2,0,0,0,0,0,0
253197,Hospitalisation,2013,8,Angle,Multi-Vehicle,153.1455893,-27.50904069,Cleveland Sub-Arterial Rd,Ring Rd,Chandler,Chatsworth,Intersection - T-Junction,Give way sign,80 - 90 km/h,Sealed - Dry,Daylight,Straight,Veh'S Opposite Approach: Thru-Right,Opposing vehicles turning,0,1,0,0,1,1,0,0,0,1,0,0
253214,Medical treatment,2013,19,Hit pedestrian,Hit pedestrian,153.0990191,-27.46896033,Oliphant St,,Murarrie,Bulimba,No Roadway Feature,No traffic control,0 - 50 km/h,Sealed - Dry,Darkness - Lighted,Straight,Ped'N: Hit Facing Traffic,Pedestrian,0,0,1,0,1,1,0,0,0,0,1,0
253215,Hospitalisation,2013,4,Hit object,Single Vehicle,152.9946791,-27.56197471,Cunningham Art Rd Ramp Ic,Cunningham Arterial Rd,Rocklea,Sunnybank,Intersection - Interchange,No traffic control,80 - 90 km/h,Sealed - Dry,Dawn/Dusk,Straight,Off Path-Straight: Mounts Traffic Island,Off carriageway on straight hit object,0,2,0,0,2,1,0,0,0,0,0,0
253217,Medical treatment,2013,17,Hit pedestrian,Hit pedestrian,153.035657,-27.476423,Main St,River Tce,Kangaroo Point,South Brisbane,Intersection - T-Junction,Operating traffic lights,60 km/h,Sealed - Dry,Daylight,Straight,Ped'N: Far Side Vehicle Hit From Left,Pedestrian,0,0,2,0,2,1,0,0,0,0,1,0
253221,Hospitalisation,2013,5,Overturned,Single Vehicle,153.1719,-27.51605456,Brisbane - Redland Rd,,Chandler,Chatsworth,No Roadway Feature,No traffic control,80 - 90 km/h,Sealed - Dry,Dawn/Dusk,Curved - view open,Off Path-Curve: Other,Other,0,1,0,0,1,1,0,0,0,0,0,0
253243,Hospitalisation,2013,17,Hit object,Single Vehicle,153.0654735,-27.62729512,Gateway Arterial Rd,,Stretton,Stretton,No Roadway Feature,No traffic control,100 - 110 km/h,Sealed - Dry,Daylight,Straight,Off Path-Straight: Left Off Cway Hit Obj,Off carriageway on straight hit object,0,1,0,0,1,1,0,0,0,0,0,0
253244,Medical treatment,2013,17,Rear-end,Multi-Vehicle,153.060752,-27.587721,Beenleigh Rd,Mains Rd,Sunnybank,Sunnybank,Intersection - Cross,Operating traffic lights,60 km/h,Sealed - Wet,Darkness - Lighted,Straight,Veh'S Same Direction: Rear End,Rear-end,0,0,1,1,2,2,0,0,0,0,0,0
253245,Medical treatment,2013,19,Angle,Multi-Vehicle,153.015518,-27.475534,Cordelia St,Melbourne St,South Brisbane,South Brisbane,Intersection - Cross,Operating traffic lights,60 km/h,Sealed - Dry,Darkness - Lighted,Straight,Veh'S Adjacent Approach: Thru-Thru,Intersection from adjacent approaches,0,0,1,0,1,1,1,0,0,0,0,0
253246,Minor injury,2013,10,Rear-end,Multi-Vehicle,153.043128,-27.47922,Geelong St,Lytton Rd,East Brisbane,South Brisbane,Intersection - T-Junction,No traffic control,60 km/h,Sealed - Dry,Daylight,Straight,Veh'S Same Direction: Rear End,Rear-end,0,0,0,1,1,3,0,0,0,0,0,0
253274,Medical treatment,2013,21,Angle,Multi-Vehicle,152.948444,-27.536304,Goggs Rd,Seventeen Mile Rocks Rd,Sinnamon Park,Mount Ommaney,Intersection - Roundabout,Give way sign,60 km/h,Sealed - Dry,Darkness - Lighted,Straight,Veh'S Adjacent Approach: Thru-Thru,Intersection from adjacent approaches,0,0,1,0,1,2,0,0,0,0,0,0
253275,Medical treatment,2013,6,Rear-end,Multi-Vehicle,152.986699,-27.613027,Blunder Rd,Crossacres St,Doolandella,Algester,Intersection - T-Junction,No traffic control,70 km/h,Sealed - Dry,Daylight,Straight,Veh'S Same Direction: Left Rear,Rear-end,0,0,1,0,1,2,0,0,0,0,0,0
253276,Medical treatment,2013,16,Angle,Multi-Vehicle,153.061927,-27.453813,Eton St,Hawthorne Rd,Bulimba,Bulimba,Intersection - T-Junction,No traffic control,60 km/h,Sealed - Dry,Daylight,Straight,Veh'S Same Direction: Right Rear,Rear-end,0,0,1,0,1,1,1,0,0,0,0,0
253277,Medical treatment,2013,17,Head-on,Multi-Vehicle,153.1131065,-27.46654293,Murarrie Rd,,Tingalpa,Chatsworth,No Roadway Feature,No traffic control,60 km/h,Sealed - Wet,Daylight,Curved - view open,Veh'S Opposite Approach: Head On,Head-on,0,0,1,0,1,2,0,0,0,0,0,0
253312,Medical treatment,2013,15,Angle,Multi-Vehicle,153.056275,-27.515263,Birdwood Rd,Logan Rd,Holland Park West,Greenslopes,Intersection - T-Junction,Operating traffic lights,60 km/h,Sealed - Dry,Daylight,Straight,Veh'S Opposite Approach: Thru-Right,Opposing vehicles turning,0,0,1,0,1,2,0,0,0,0,0,0
253313,Medical treatment,2013,7,Angle,Multi-Vehicle,153.057329,-27.473363,Wendell St,Wynnum Rd,Norman Park,Bulimba,Intersection - T-Junction,Stop sign,60 km/h,Sealed - Dry,Daylight,Straight,Veh'S Adjacant Approach: Thru-Left,Intersection from adjacent approaches,0,0,1,0,1,1,0,0,0,1,0,0
253317,Medical treatment,2013,13,Rear-end,Multi-Vehicle,153.1837683,-27.55902868,Redland Sub-Arterial Rd,Wildsoet St,Burbank,Mansfield,Intersection - T-Junction,No traffic control,80 - 90 km/h,Sealed - Dry,Daylight,Straight,Veh'S Same Direction: Right Rear,Rear-end,0,0,1,1,2,2,0,0,0,0,0,0
253337,Minor injury,2013,17,Rear-end,Multi-Vehicle,153.0466977,-27.63073181,Mt Lindesay Art. Rd,,Calamvale,Stretton,No Roadway Feature,No traffic control,80 - 90 km/h,Sealed - Dry,Daylight,Straight,Veh'S Same Direction: Rear End,Rear-end,0,0,0,1,1,2,0,0,0,0,0,0
253339,Medical treatment,2013,16,Hit object,Single Vehicle,152.923874,-27.555064,Horizon Dr,Riverhills Rd,Middle Park,Mount Ommaney,Intersection - T-Junction,No traffic control,60 km/h,Sealed - Dry,Daylight,Curved - view open,Off Path-Curve: Off Cway Rt Bend Hit Obj,Off carriageway on curve hit object,0,0,1,0,1,3,0,0,0,0,0,0
253342,Medical treatment,2013,14,Rear-end,Multi-Vehicle,153.098176,-27.512453,Creek Rd,Gallipoli Rd,Carina Heights,Chatsworth,No Roadway Feature,Operating traffic lights,70 km/h,Sealed - Dry,Daylight,Straight,Veh'S Same Direction: Rear End,Rear-end,0,0,1,0,1,1,0,1,0,0,0,0
253345,Hospitalisation,2013,7,Hit parked vehicle,Single Vehicle,153.0574909,-27.53064924,South East Arterial Rd,,Holland Park West,Greenslopes,No Roadway Feature,No traffic control,100 - 110 km/h,Sealed - Dry,Daylight,Straight,Veh'S On Path: Accident Or Broken Down,Hit parked vehicle,0,1,0,0,1,2,0,0,0,0,0,0
253346,Medical treatment,2013,10,Angle,Multi-Vehicle,152.9680777,-27.58749286,Deodar St,,Inala,Inala,Other,No traffic control,0 - 50 km/h,Sealed - Dry,Daylight,Straight,Veh'S Manoeuvring: Other,Other,0,0,1,0,1,1,1,0,0,0,0,0
253347,Medical treatment,2013,14,Rear-end,Multi-Vehicle,153.021107,-27.543394,Beaudesert Rd,Evans Rd,Salisbury,Yeerongpilly,Intersection - T-Junction,Give way sign,60 km/h,Sealed - Dry,Daylight,Straight,Veh'S Same Direction: Left Rear,Rear-end,0,0,1,0,1,2,0,0,0,0,0,0
253366,Medical treatment,2013,12,Hit pedestrian,Hit pedestrian,153.020024,-27.473081,Invalid Street From Police,,South Brisbane,South Brisbane,Bikeway,No traffic control,0 - 50 km/h,Sealed - Dry,Daylight,Straight,Ped'N: Hit Other,Other,0,0,2,0,2,0,0,0,0,1,2,0
253367,Hospitalisation,2013,6,Angle,Multi-Vehicle,153.1258565,-27.48913382,Rechner St,Twynam St,Belmont,Chatsworth,Intersection - T-Junction,No traffic control,0 - 50 km/h,Sealed - Dry,Dawn/Dusk,Straight,Veh'S Adjacent Approach: Thru-Right,Intersection from adjacent approaches,0,1,0,0,1,2,0,0,0,1,0,0
253389,Hospitalisation,2013,9,Angle,Multi-Vehicle,152.9594495,-27.55290395,Duporth Rd,Seventeen Mile Rocks Rd,Oxley,Mount Ommaney,Intersection - Cross,Stop sign,60 km/h,Sealed - Dry,Daylight,Straight,Veh'S Adjacent Approach: Thru-Right,Intersection from adjacent approaches,0,1,0,0,1,2,0,0,0,0,0,0
253390,Hospitalisation,2013,10,Angle,Multi-Vehicle,153.1019161,-27.51819398,Pine Mountain Rd,,Carindale,Chatsworth,No Roadway Feature,No traffic control,60 km/h,Sealed - Dry,Daylight,Straight,Veh'S Same Direction: Right Turn S/Swipe,Parallel lanes turning,0,1,0,0,1,2,0,0,0,0,0,0
253393,Medical treatment,2013,22,Angle,Multi-Vehicle,153.092212,-27.575831,Logan Sub-Arterial Rd,Miles Platting Rd,Eight Mile Plains,Sunnybank,Intersection - Cross,Operating traffic lights,70 km/h,Sealed - Wet,Darkness - Not lighted,Straight,Veh'S Opposite Approach: Thru-Right,Opposing vehicles turning,0,0,2,0,2,1,0,0,0,0,0,1
253450,Medical treatment,2013,17,Rear-end,Multi-Vehicle,153.062494,-27.534864,Bapaume Rd,Gaza Rd,Holland Park West,Greenslopes,Intersection - Roundabout,No traffic control,0 - 50 km/h,Sealed - Wet,Daylight,Straight,Veh'S Same Direction: Rear End,Rear-end,0,0,1,0,1,3,0,0,0,0,0,0
253451,Minor injury,2013,13,Angle,Multi-Vehicle,152.97487,-27.581696,Delorme St,Rosemary St,Inala,Inala,Intersection - T-Junction,No traffic control,0 - 50 km/h,Sealed - Dry,Daylight,Straight,Veh'S Adjacant Approach: Thru-Left,Intersection from adjacent approaches,0,0,0,1,1,1,0,0,0,1,0,0
253453,Hospitalisation,2013,8,Rear-end,Multi-Vehicle,153.0693859,-27.55340516,South East Arterial Rd,,Upper Mount Gravatt,Yeerongpilly,No Roadway Feature,No traffic control,100 - 110 km/h,Sealed - Dry,Daylight,Straight,Veh'S Same Direction: Rear End,Rear-end,0,1,0,1,2,3,0,0,0,0,0,0
253457,Hospitalisation,2013,17,Rear-end,Multi-Vehicle,153.1254727,-27.51759282,Gateway Arterial Rd,,Belmont,Chatsworth,No Roadway Feature,No traffic control,100 - 110 km/h,Sealed - Wet,Daylight,Straight,Veh'S Same Direction: Rear End,Rear-end,0,1,0,1,2,5,0,0,0,0,0,0
253482,Medical treatment,2013,7,Rear-end,Multi-Vehicle,153.060171,-27.647486,Logan Mwy,,Drewvale,Stretton,Intersection - Interchange,No traffic control,100 - 110 km/h,Sealed - Dry,Daylight,Straight,Veh'S Same Direction: Rear End,Rear-end,0,0,1,0,1,2,0,0,0,0,0,0
253483,Minor injury,2013,12,Hit object,Single Vehicle,152.9752356,-27.56743965,Invalid Street From Police,,Oxley,Inala,No Roadway Feature,No traffic control,80 - 90 km/h,Sealed - Wet,Daylight,Straight,Off Path-Straight:Right Off Cway Hit Obj,Off carriageway on straight hit object,0,0,0,1,1,1,0,0,0,0,0,0
253484,Medical treatment,2013,12,Rear-end,Multi-Vehicle,153.054343,-27.611242,Calam Rd,Compton Rd,Sunnybank Hills,Stretton,Intersection - Cross,Operating traffic lights,60 km/h,Sealed - Wet,Daylight,Straight,Veh'S Same Direction: Right Rear,Rear-end,0,0,1,0,1,2,0,0,0,0,0,0
253485,Hospitalisation,2013,17,Sideswipe,Multi-Vehicle,153.0459709,-27.50521433,Juliette St,Vera St,Greenslopes,South Brisbane,Intersection - T-Junction,No traffic control,60 km/h,Sealed - Dry,Daylight,Straight,Veh'S Same Direction: Right Turn S/Swipe,Parallel lanes turning,0,1,0,0,1,2,0,0,0,0,0,0
253487,Medical treatment,2013,15,Rear-end,Multi-Vehicle,153.006006,-27.594632,Invalid Street From Police,,Willawong,Sunnybank,No Roadway Feature,No traffic control,0 - 50 km/h,Sealed - Dry,Daylight,Straight,Veh'S Same Direction: Rear End,Rear-end,0,0,1,0,1,4,0,0,0,0,0,0
253497,Medical treatment,2013,16,Rear-end,Multi-Vehicle,153.172894,-27.52541735,Mt Gravatt - Capalaba Rd,,Chandler,Chatsworth,No Roadway Feature,No traffic control,60 km/h,Sealed - Dry,Daylight,Straight,Veh'S Same Direction: Rear End,Rear-end,0,0,1,0,1,3,0,0,0,0,0,0
253499,Medical treatment,2013,12,Hit object,Single Vehicle,153.169175,-27.559388,Redland Sub-Arterial Rd,,Burbank,Mansfield,No Roadway Feature,No traffic control,70 km/h,Sealed - Wet,Daylight,Curved - view open,Off Path-Curve: Off Cway Rt Bend Hit Obj,Off carriageway on curve hit object,0,0,1,0,1,1,0,0,0,0,0,0
253525,Hospitalisation,2013,14,Rear-end,Multi-Vehicle,153.0124957,-27.54150652,Ipswich Rd On Ramp,Muriel Ave,Moorooka,Yeerongpilly,Intersection - T-Junction,No traffic control,60 km/h,Sealed - Dry,Daylight,Straight,Veh'S Same Direction: Rear End,Rear-end,0,1,0,0,1,2,0,0,0,0,0,0
253526,Medical treatment,2013,17,Rear-end,Multi-Vehicle,153.077512,-27.466902,Beverley St,Wynnum Rd,Morningside,Bulimba,Intersection - T-Junction,No traffic control,60 km/h,Sealed - Dry,Daylight,Straight,Veh'S Same Direction: Rear End,Rear-end,0,0,1,0,1,1,1,0,0,0,0,0
253527,Hospitalisation,2013,8,Angle,Multi-Vehicle,152.9816191,-27.53980079,Nelson St,Oxley Rd,Corinda,Mount Ommaney,Intersection - Cross,Operating traffic lights,60 km/h,Sealed - Dry,Daylight,Straight,Veh'S Opposite Approach: Thru-Right,Opposing vehicles turning,0,1,0,0,1,1,0,0,1,0,0,0
253528,Medical treatment,2013,15,Rear-end,Multi-Vehicle,153.067939,-27.550681,South East Arterial Rd,,Upper Mount Gravatt,Mansfield,No Roadway Feature,No traffic control,60 km/h,Sealed - Dry,Daylight,Curved - view open,Veh'S Same Direction: Rear End,Rear-end,0,0,3,0,3,2,0,0,0,0,0,0
253529,Medical treatment,2013,15,Sideswipe,Multi-Vehicle,153.018619,-27.489488,Beaconsfield St,Gladstone Rd,Highgate Hill,South Brisbane,Intersection - T-Junction,No traffic control,60 km/h,Sealed - Dry,Daylight,Straight,Veh'S Opposite Approach: Head On,Head-on,0,0,1,0,1,2,0,0,0,0,0,0
253530,Medical treatment,2013,14,Angle,Multi-Vehicle,153.0139507,-27.48740001,Colton St,Dornoch Tce,Highgate Hill,South Brisbane,Intersection - Cross,Stop sign,60 km/h,Sealed - Wet,Daylight,Curved - view open,Veh'S Adjacent Approach: Thru-Right,Intersection from adjacent approaches,0,0,1,0,1,1,0,0,0,1,0,0
253563,Medical treatment,2013,23,Hit object,Single Vehicle,153.031941,-27.611822,Ridgewood Rd,,Algester,Algester,No Roadway Feature,No traffic control,60 km/h,Sealed - Dry,Darkness - Lighted,Curved - view open,Off Path-Curve: Off Cway Lt Bend Hit Obj,Off carriageway on curve hit object,0,0,2,0,2,1,0,0,0,0,0,0
253564,Minor injury,2013,9,Rear-end,Multi-Vehicle,153.058629,-27.599156,Pinelands Rd,,Sunnybank Hills,Stretton,No Roadway Feature,No traffic control,70 km/h,Sealed - Dry,Daylight,Straight,Veh'S Same Direction: Rear End,Rear-end,0,0,0,1,1,2,0,0,0,0,0,0
253565,Hospitalisation,2013,15,Angle,Multi-Vehicle,153.0590205,-27.49059027,French St,,Coorparoo,Greenslopes,No Roadway Feature,No traffic control,0 - 50 km/h,Sealed - Wet,Daylight,Straight,Veh'S Manoeuvring: Leaving Driveway,Vehicle leaving driveway,0,1,0,0,1,1,1,0,0,0,0,0
253566,Hospitalisation,2013,21,Rear-end,Multi-Vehicle,153.0397539,-27.50177039,South East Arterial Rd,,Greenslopes,South Brisbane,No Roadway Feature,No traffic control,100 - 110 km/h,Sealed - Wet,Darkness - Lighted,Straight,Veh'S Same Direction: Rear End,Rear-end,0,1,0,0,1,3,0,0,0,0,0,0
253567,Medical treatment,2013,20,Angle,Multi-Vehicle,152.973749,-27.589439,Azalea St,Tallow St,Inala,Inala,Intersection - Cross,Stop sign,60 km/h,Sealed - Wet,Darkness - Lighted,Straight,Veh'S Adjacent Approach: Thru-Thru,Intersection from adjacent approaches,0,0,1,0,1,2,0,0,0,0,0,0
253568,Medical treatment,2013,21,Angle,Multi-Vehicle,153.048313,-27.571592,Mccullough St,Troughton Rd,Sunnybank,Sunnybank,Intersection - Cross,Operating traffic lights,60 km/h,Sealed - Wet,Darkness - Lighted,Straight,Veh'S Opposite Approach: Thru-Right,Opposing vehicles turning,0,0,2,0,2,2,0,0,0,0,0,0