Crash_Ref_Number,Severity,Year,Hour,Crash_Nature,Crash_Type,Longitude,Latitude,Street,Street_Intersecting,Suburb,Loc_State_Electorate,Crash_Roadway_Feature,Crash_Traffic_Control,Crash_Speed_Limit,Crash_Road_Surface_Condition,Crash_Lighting_Condition,Crash_Road_Horiz_Align,Crash_DCA_Description,Crash_DCA_Group_Description,Count_Casualty_Fatality,Count_Casualty_Hospitalised,Count_Casualty_MedicallyTreated,Count_Casualty_MinorInjury,Count_Casualty_Total,Count_Unit_Car,Count_Unit_Motorcycle_Moped,Count_Unit_Truck,Count_Unit_Bus,Count_Unit_Bicycle,Count_Unit_Pedestrian,Count_Unit_Other
253569,Medical treatment,2013,15,Hit object,Single Vehicle,153.0892256,-27.56059198,Newnham Rd,,Upper Mount Gravatt,Mansfield,No Roadway Feature,No traffic control,60 km/h,Sealed - Dry,Daylight,Straight,Veh'S Same Direction: Rear End,Rear-end,0,0,1,0,1,2,0,0,0,0,0,0
253570,Medical treatment,2013,16,Rear-end,Multi-Vehicle,153.087742,-27.566198,Logan Sub-Arterial Rd,Macgregor St,Upper Mount Gravatt,Mansfield,Intersection - Cross,Operating traffic lights,60 km/h,Sealed - Wet,Daylight,Straight,Veh'S Same Direction: Right Rear,Rear-end,0,0,1,0,1,2,0,0,0,0,0,0
253571,Medical treatment,2013,20,Rear-end,Multi-Vehicle,153.039195,-27.490055,Logan Rd,Wellington Rd,Woolloongabba,South Brisbane,Intersection - Cross,Operating traffic lights,60 km/h,Sealed - Wet,Darkness - Lighted,Straight,Veh'S Same Direction: Right Rear,Rear-end,0,0,1,0,1,2,0,0,0,0,0,0
253606,Medical treatment,2013,16,Sideswipe,Multi-Vehicle,152.9215194,-27.56398168,Wacol Station Rd,,Sumner,Mount Ommaney,No Roadway Feature,No traffic control,60 km/h,Sealed - Wet,Daylight,Straight,Veh'S Overtaking: Other,Other,0,0,1,0,1,1,1,0,0,0,0,0
253607,Medical treatment,2013,19,Hit object,Single Vehicle,152.940606,-27.561221,Western Arterial Rd,,Darra,Mount Ommaney,Intersection - Multiple Road,No traffic control,100 - 110 km/h,Sealed - Dry,Darkness - Lighted,Straight,Veh'S Same Direction: Lane Side Swipe,Lane changes,0,0,1,0,1,1,0,0,0,0,0,1
253608,Medical treatment,2013,18,Angle,Multi-Vehicle,153.037371,-27.589573,Bradman St,Murdoch Crct,Acacia Ridge,Sunnybank,Intersection - T-Junction,No traffic control,60 km/h,Sealed - Wet,Dawn/Dusk,Straight,Veh'S Adjacent Approach: Thru-Right,Intersection from adjacent approaches,0,0,1,0,1,1,0,1,0,0,0,0
253609,Medical treatment,2013,15,Rear-end,Multi-Vehicle,153.047941,-27.60836,Mt Lindesay Art. Rd,,Sunnybank Hills,Stretton,No Roadway Feature,No traffic control,80 - 90 km/h,Sealed - Wet,Daylight,Straight,Veh'S Same Direction: Rear End,Rear-end,0,0,1,0,1,3,0,0,0,0,0,0
253611,Medical treatment,2013,15,Rear-end,Multi-Vehicle,152.998685,-27.6402764,Logan Mwy,,Larapinta,Algester,No Roadway Feature,No traffic control,80 - 90 km/h,Sealed - Wet,Daylight,Curved - view open,Veh'S Same Direction: Rear End,Rear-end,0,0,1,1,2,2,0,0,0,0,0,0
253612,Minor injury,2013,13,Rear-end,Multi-Vehicle,153.064369,-27.483193,Bennetts Rd,Macrossan Ave,Norman Park,Greenslopes,Intersection - Cross,Operating traffic lights,60 km/h,Sealed - Dry,Daylight,Straight,Veh'S Same Direction: Right Rear,Rear-end,0,0,0,2,2,2,0,0,0,0,0,0
253614,Medical treatment,2013,16,Angle,Multi-Vehicle,153.039518,-27.488566,Nile St,Wellington Rd,East Brisbane,South Brisbane,Intersection - T-Junction,Give way sign,60 km/h,Sealed - Wet,Daylight,Straight,Veh'S Adjacent Approach: Thru-Right,Intersection from adjacent approaches,0,0,1,0,1,2,0,0,0,0,0,0
253659,Medical treatment,2013,20,Rear-end,Multi-Vehicle,153.064878,-27.590091,Beenleigh Rd,Gowan Rd,Sunnybank Hills,Stretton,Intersection - T-Junction,Give way sign,60 km/h,Sealed - Wet,Darkness - Lighted,Straight,Veh'S Same Direction: Left Rear,Rear-end,0,0,1,0,1,2,0,0,0,0,0,0
253663,Medical treatment,2013,0,Angle,Multi-Vehicle,153.063934,-27.571936,Mains Rd,Mccullough St,Sunnybank,Sunnybank,Intersection - Cross,Operating traffic lights,60 km/h,Sealed - Wet,Darkness - Lighted,Straight,Veh'S Adjacent Approach: Thru-Thru,Intersection from adjacent approaches,0,0,3,0,3,2,0,0,0,0,0,0
253664,Minor injury,2013,14,Rear-end,Multi-Vehicle,153.055785,-27.570778,Mccullough St,Station Rd,Sunnybank,Sunnybank,Intersection - T-Junction,Operating traffic lights,60 km/h,Sealed - Wet,Daylight,Straight,Veh'S Same Direction: Rear End,Rear-end,0,0,0,3,3,2,0,0,0,0,0,0
253665,Hospitalisation,2013,10,Rear-end,Multi-Vehicle,153.0918865,-27.54635404,Newnham Rd,,Upper Mount Gravatt,Mansfield,No Roadway Feature,No traffic control,60 km/h,Sealed - Wet,Daylight,Straight,Veh'S Same Direction: Rear End,Rear-end,0,1,5,0,6,3,0,0,0,0,0,0
253666,Hospitalisation,2013,23,Angle,Multi-Vehicle,153.0810687,-27.55987807,Logan Sub-Arterial Rd,Redland Sub-Arterial Rd,Upper Mount Gravatt,Mansfield,Intersection - Cross,Operating traffic lights,60 km/h,Sealed - Wet,Darkness - Lighted,Straight,Veh'S Adjacent Approach: Right-Thru,Intersection from adjacent approaches,0,1,0,0,1,2,0,0,0,0,0,0
253667,Medical treatment,2013,20,Angle,Multi-Vehicle,153.15646,-27.453106,Preston Rd,Wynnum Rd,Wynnum West,Lytton,Intersection - Cross,Operating traffic lights,60 km/h,Sealed - Wet,Darkness - Lighted,Curved - view open,Veh'S Opposite Approach: Thru-Right,Opposing vehicles turning,0,0,1,2,3,2,0,0,0,0,0,0
253668,Hospitalisation,2013,19,Hit object,Single Vehicle,153.145051,-27.4635087,Kianawah Rd,Wynnum Rd,Wynnum West,Lytton,Intersection - T-Junction,No traffic control,80 - 90 km/h,Sealed - Wet,Darkness - Lighted,Straight,Off Path-Straight: Other,Other,0,1,0,0,1,2,0,0,0,0,0,0
253706,Hospitalisation,2013,17,Hit object,Single Vehicle,153.0444215,-27.58623229,Landseer St,Weranga St,Sunnybank Hills,Sunnybank,Intersection - T-Junction,No traffic control,0 - 50 km/h,Sealed - Wet,Daylight,Straight,Off Path-Straight:Right Off Cway Hit Obj,Off carriageway on straight hit object,0,1,0,0,1,1,0,0,0,0,0,0
253707,Medical treatment,2013,11,Rear-end,Multi-Vehicle,153.115524,-27.502175,Old Cleveland Rd,,Carindale,Chatsworth,No Roadway Feature,No traffic control,70 km/h,Sealed - Wet,Daylight,Straight,Veh'S Same Direction: Rear End,Rear-end,0,0,2,0,2,2,0,0,0,0,0,0
253708,Hospitalisation,2013,10,Hit object,Single Vehicle,153.038824,-27.50689639,South East Arterial Rd,,Greenslopes,South Brisbane,No Roadway Feature,No traffic control,100 - 110 km/h,Sealed - Wet,Daylight,Straight,Off Path-Straight: Left Off Cway Hit Obj,Off carriageway on straight hit object,0,1,0,0,1,1,0,0,0,0,0,0
253709,Hospitalisation,2013,9,Rear-end,Multi-Vehicle,153.0984726,-27.58338399,Logan Sub-Arterial Rd,,Eight Mile Plains,Stretton,No Roadway Feature,No traffic control,80 - 90 km/h,Sealed - Wet,Daylight,Straight,Veh'S Same Direction: Rear End,Rear-end,0,1,1,0,2,2,0,0,0,0,0,0
253710,Minor injury,2013,0,Angle,Multi-Vehicle,153.04017,-27.485183,Vulture St,Wellington Rd,East Brisbane,South Brisbane,Intersection - Cross,Operating traffic lights,60 km/h,Sealed - Wet,Darkness - Lighted,Straight,Veh'S Adjacent Approach: Thru-Thru,Intersection from adjacent approaches,0,0,0,1,1,2,0,0,0,0,0,0
253730,Medical treatment,2013,22,Angle,Multi-Vehicle,153.0398867,-27.59906632,Learoyd Rd,Mt Lindesay Hwy,Acacia Ridge,Sunnybank,Intersection - Cross,Operating traffic lights,70 km/h,Sealed - Wet,Darkness - Lighted,Straight,Veh'S Adjacent Approach: Thru-Thru,Intersection from adjacent approaches,0,0,1,0,1,2,0,0,0,0,0,0
253732,Medical treatment,2013,10,Rear-end,Multi-Vehicle,152.950215,-27.607355,Forest Lake Blvd,,Forest Lake,Inala,No Roadway Feature,No traffic control,60 km/h,Sealed - Wet,Daylight,Curved - view open,Veh'S Same Direction: Rear End,Rear-end,0,0,2,0,2,2,0,0,0,0,0,0
253735,Medical treatment,2013,3,Angle,Multi-Vehicle,153.068635,-27.473069,Jack Flynn Memorial Dr,Waminda St,Morningside,Bulimba,Intersection - T-Junction,Give way sign,60 km/h,Sealed - Dry,Darkness - Lighted,Straight,Veh'S Adjacent Approach: Thru-Right,Intersection from adjacent approaches,0,0,1,1,2,2,0,0,0,0,0,0
253736,Medical treatment,2013,11,Angle,Multi-Vehicle,153.07044,-27.572805,Granadilla St,Mccullough St,Macgregor,Sunnybank,Intersection - Cross,No traffic control,60 km/h,Sealed - Wet,Daylight,Straight,Veh'S Adjacent Approach: Thru-Thru,Intersection from adjacent approaches,0,0,1,0,1,2,0,0,0,0,0,0
253737,Hospitalisation,2013,5,Angle,Multi-Vehicle,153.0358988,-27.48454948,Main St,Vulture St,Woolloongabba,South Brisbane,Intersection - Cross,No traffic control,60 km/h,Sealed - Wet,Dawn/Dusk,Straight,Veh'S Adjacent Approach: Thru-Thru,Intersection from adjacent approaches,0,1,0,0,1,2,0,0,0,0,0,0
253738,Minor injury,2013,9,Angle,Multi-Vehicle,153.12014,-27.474426,Boundary St,Wynnum Rd,Tingalpa,Chatsworth,Intersection - T-Junction,Miscellaneous,60 km/h,Sealed - Wet,Daylight,Straight,Veh'S Adjacent Approach: Thru-Right,Intersection from adjacent approaches,0,0,0,1,1,2,0,0,0,0,0,0
253758,Minor injury,2013,18,Rear-end,Multi-Vehicle,153.016805,-27.557991,Beatty Rd,Griffith Arterial Rd,Archerfield,Sunnybank,Intersection - T-Junction,Operating traffic lights,0 - 50 km/h,Sealed - Dry,Daylight,Straight,Veh'S Same Direction: Rear End,Rear-end,0,0,0,1,1,1,0,1,0,0,0,0
253760,Hospitalisation,2013,8,Angle,Multi-Vehicle,152.9871735,-27.59655372,Blunder Rd,Inala Ave,Durack,Sunnybank,Intersection - Cross,No traffic control,70 km/h,Sealed - Dry,Daylight,Straight,Veh'S Adjacent Approach: Thru-Thru,Intersection from adjacent approaches,0,1,0,0,1,2,0,0,0,0,0,0
253762,Medical treatment,2013,16,Rear-end,Multi-Vehicle,153.08538,-27.587744,Oakleaf St,Warrigal Rd,Eight Mile Plains,Stretton,Intersection - T-Junction,Operating traffic lights,0 - 50 km/h,Sealed - Dry,Daylight,Straight,Veh'S Same Direction: Rear End,Rear-end,0,0,1,0,1,2,0,0,0,0,0,0
253763,Hospitalisation,2013,15,Hit pedestrian,Hit pedestrian,153.0958276,-27.57630598,Miles Platting Rd,,Eight Mile Plains,Sunnybank,No Roadway Feature,No traffic control,60 km/h,Sealed - Dry,Daylight,Straight,Ped'N: Near Side Vehicle Hit From Right,Pedestrian,0,1,0,0,1,0,0,1,0,0,1,0
253764,Hospitalisation,2013,14,Angle,Multi-Vehicle,153.1231782,-27.44514286,Port Of Brisbane Rd,Violet St,Hemmant,Lytton,Intersection - T-Junction,No traffic control,60 km/h,Sealed - Dry,Daylight,Straight,Veh'S Opposite Approach: Thru-Right,Opposing vehicles turning,0,1,0,0,1,0,1,0,0,0,0,1
253787,Medical treatment,2013,11,Angle,Multi-Vehicle,153.044739,-27.638344,Illaweena St,Mt Lindesay Art. Rd,Parkinson,Algester,Intersection - Cross,No traffic control,80 - 90 km/h,Sealed - Dry,Daylight,Straight,Veh'S Adjacent Approach: Thru-Right,Intersection from adjacent approaches,0,0,1,0,1,2,0,0,0,0,0,0
253788,Hospitalisation,2013,17,Hit pedestrian,Hit pedestrian,152.9818811,-27.53842479,Oxley Rd,,Corinda,Mount Ommaney,No Roadway Feature,No traffic control,60 km/h,Sealed - Dry,Daylight,Straight,Ped'N: Far Side Vehicle Hit From Left,Pedestrian,0,1,0,0,1,1,0,0,0,0,1,0
253789,Medical treatment,2013,8,Angle,Multi-Vehicle,153.007322,-27.480498,Hardgrave Rd,Vulture St,West End,South Brisbane,Intersection - Cross,No traffic control,60 km/h,Sealed - Dry,Daylight,Straight,Veh'S Adjacent Approach: Thru-Thru,Intersection from adjacent approaches,0,0,1,0,1,2,0,0,0,0,0,0
253790,Hospitalisation,2013,7,Angle,Multi-Vehicle,153.1614575,-27.4315566,Wassell St,Wynnum North Rd,Wynnum,Lytton,Intersection - T-Junction,No traffic control,60 km/h,Sealed - Wet,Daylight,Straight,Veh'S Adjacant Approach: Thru-Left,Intersection from adjacent approaches,0,1,0,0,1,1,0,0,0,1,0,0
253822,Medical treatment,2013,11,Sideswipe,Multi-Vehicle,152.933715,-27.5373194,Arrabri Ave,Mukine St,Jindalee,Mount Ommaney,Intersection - T-Junction,No traffic control,60 km/h,Sealed - Dry,Daylight,Curved - view open,Veh'S Manoeuvring: Entering From Footway,Vehicle leaving driveway,0,0,1,0,1,2,0,0,0,0,0,0
253826,Minor injury,2013,17,Fall from vehicle,Single Vehicle,153.028222,-27.53151168,Koala Rd,,Moorooka,Yeerongpilly,No Roadway Feature,No traffic control,0 - 50 km/h,Sealed - Dry,Daylight,Straight,Off Path-Straight:Out Of Control On Cway,Out of control on straight,0,0,0,1,1,0,1,0,0,0,0,0
253827,Medical treatment,2013,8,Rear-end,Multi-Vehicle,153.023688,-27.494482,Gladstone Rd,Pope St,Dutton Park,South Brisbane,Intersection - T-Junction,No traffic control,60 km/h,Sealed - Dry,Daylight,Curved - view open,Veh'S Same Direction: Rear End,Rear-end,0,0,1,0,1,2,0,0,0,0,0,0
253852,Hospitalisation,2013,5,Hit parked vehicle,Single Vehicle,153.0417076,-27.58896531,Ingram Rd,,Acacia Ridge,Sunnybank,No Roadway Feature,No traffic control,60 km/h,Sealed - Wet,Darkness - Not lighted,Straight,Veh'S Opposite Approach: Other,Other,0,1,0,0,1,1,0,0,0,0,0,1
253854,Medical treatment,2013,11,Angle,Multi-Vehicle,153.054769,-27.525996,Kogarah St,Marshall Rd,Tarragindi,Yeerongpilly,Intersection - T-Junction,No traffic control,60 km/h,Sealed - Dry,Daylight,Straight,Veh'S Same Direction: Right Turn S/Swipe,Parallel lanes turning,0,0,1,0,1,0,1,1,0,0,0,0
253856,Hospitalisation,2013,17,Angle,Multi-Vehicle,153.0357568,-27.4792495,Bell St,Main St,Kangaroo Point,South Brisbane,Intersection - Cross,Operating traffic lights,60 km/h,Sealed - Dry,Daylight,Straight,Veh'S Opposite Approach: Thru-Right,Opposing vehicles turning,0,1,0,0,1,2,0,0,0,0,0,0
253857,Medical treatment,2013,20,Angle,Multi-Vehicle,153.140721,-27.475927,Manly Rd,New Cleveland Rd,Tingalpa,Chatsworth,Intersection - T-Junction,Operating traffic lights,60 km/h,Sealed - Dry,Daylight,Straight,Veh'S Opposite Approach: Thru-Right,Opposing vehicles turning,0,0,2,0,2,2,1,0,0,0,0,0
253858,Minor injury,2013,14,Rear-end,Multi-Vehicle,153.117127,-27.475294,Gateway Art Rd Ramp U,,Tingalpa,Chatsworth,Intersection - Interchange,No traffic control,60 km/h,Sealed - Dry,Daylight,Straight,Veh'S Same Direction: Rear End,Rear-end,0,0,0,2,2,3,0,0,0,0,0,0
253883,Hospitalisation,2013,15,Angle,Multi-Vehicle,153.0411379,-27.50194938,Cornwall St,Earl St,Greenslopes,South Brisbane,Intersection - Cross,Operating traffic lights,60 km/h,Sealed - Dry,Daylight,Straight,Veh'S Adjacent Approach: Thru-Thru,Intersection from adjacent approaches,0,1,0,0,1,2,0,0,0,0,0,0
253884,Minor injury,2013,12,Rear-end,Multi-Vehicle,153.056828,-27.486166,Stanley St East,,Coorparoo,Greenslopes,Railway Crossing,Railway - lights and boom gate,60 km/h,Sealed - Dry,Daylight,Straight,Veh'S Same Direction: Rear End,Rear-end,0,0,0,2,2,2,0,0,0,0,0,0
253885,Hospitalisation,2013,13,Rear-end,Multi-Vehicle,152.9763124,-27.56692384,Cunningham Arterial Rd,,Oxley,Mount Ommaney,No Roadway Feature,No traffic control,80 - 90 km/h,Sealed - Dry,Daylight,Straight,Veh'S Same Direction: Rear End,Rear-end,0,1,0,1,2,2,0,0,0,0,0,0
253886,Hospitalisation,2013,20,Angle,Multi-Vehicle,153.0418439,-27.49793538,Junction St,O'Keefe St,Woolloongabba,South Brisbane,Intersection - T-Junction,No traffic control,0 - 50 km/h,Sealed - Dry,Darkness - Lighted,Straight,Veh'S Same Direction: Left Turn S/Swipe,Parallel lanes turning,0,1,0,0,1,1,1,0,0,0,0,0
253908,Medical treatment,2013,8,Angle,Multi-Vehicle,153.062842,-27.611408,Compton Rd,,Stretton,Stretton,No Roadway Feature,No traffic control,60 km/h,Sealed - Dry,Daylight,Straight,Veh'S Same Direction: Lane Change Right,Lane changes,0,0,1,0,1,1,0,1,0,0,0,0
253930,Minor injury,2013,8,Rear-end,Multi-Vehicle,153.064444,-27.491679,Bennetts Rd,,Camp Hill,Bulimba,No Roadway Feature,No traffic control,60 km/h,Sealed - Dry,Daylight,Straight,Veh'S Same Direction: Rear End,Rear-end,0,0,0,1,1,3,0,0,0,0,0,0
253934,Hospitalisation,2013,14,Rear-end,Multi-Vehicle,152.9877315,-27.59631772,Inala Ave,,Durack,Sunnybank,No Roadway Feature,No traffic control,60 km/h,Sealed - Dry,Daylight,Curved - view open,Veh'S Same Direction: Rear End,Rear-end,0,1,0,0,1,1,0,1,0,0,0,0
253935,Medical treatment,2013,15,Rear-end,Multi-Vehicle,152.9798556,-27.54942474,Oxley Rd,,Oxley,Mount Ommaney,No Roadway Feature,No traffic control,60 km/h,Sealed - Dry,Daylight,Straight,Veh'S Same Direction: Rear End,Rear-end,0,0,1,0,1,4,0,0,0,0,0,0
253936,Minor injury,2013,9,Sideswipe,Multi-Vehicle,153.01625,-27.472779,Hope St,Peel St,South Brisbane,South Brisbane,Intersection - Cross,No traffic control,0 - 50 km/h,Sealed - Dry,Daylight,Straight,Veh'S Same Direction: Left Turn S/Swipe,Parallel lanes turning,0,0,0,1,1,1,0,1,0,0,0,0
253966,Minor injury,2013,8,Rear-end,Multi-Vehicle,152.98077,-27.570897,Blunder Rd,Boundary Rd,Oxley,Inala,Intersection - T-Junction,No traffic control,60 km/h,Sealed - Dry,Daylight,Straight,Veh'S Same Direction: Left Rear,Rear-end,0,0,0,1,1,2,0,0,0,0,0,0
253967,Minor injury,2013,6,Sideswipe,Multi-Vehicle,153.096631,-27.469667,Wynnum Rd,,Cannon Hill,Bulimba,No Roadway Feature,No traffic control,60 km/h,Sealed - Dry,Daylight,Straight,Veh'S Manoeuvring: Entering From Footway,Vehicle leaving driveway,0,0,0,1,1,1,0,0,0,1,0,0
253970,Medical treatment,2013,18,Rear-end,Multi-Vehicle,153.086375,-27.567701,South East Arterial Rd,,Macgregor,Mansfield,No Roadway Feature,No traffic control,60 km/h,Sealed - Wet,Dawn/Dusk,Straight,Veh'S Same Direction: Rear End,Rear-end,0,0,1,0,1,3,0,0,0,0,0,0
253971,Medical treatment,2013,9,Rear-end,Multi-Vehicle,153.1236362,-27.52798405,Gateway Arterial Rd,,Belmont,Mansfield,No Roadway Feature,No traffic control,100 - 110 km/h,Sealed - Dry,Daylight,Straight,Veh'S Same Direction: Rear End,Rear-end,0,0,1,0,1,2,0,0,0,0,0,0
253994,Medical treatment,2013,17,Hit parked vehicle,Single Vehicle,152.923265,-27.556227,Riverhills Rd,,Middle Park,Mount Ommaney,No Roadway Feature,No traffic control,0 - 50 km/h,Sealed - Dry,Daylight,Curved - view open,Veh'S On Path: Parked,Hit parked vehicle,0,0,1,0,1,2,0,0,0,0,0,0
253995,Medical treatment,2013,8,Angle,Multi-Vehicle,152.959559,-27.571065,Harcourt Rd,Ipswich Mwy,Darra,Mount Ommaney,Intersection - T-Junction,Give way sign,60 km/h,Sealed - Dry,Daylight,Straight,Veh'S Adjacent Approach: Thru-Right,Intersection from adjacent approaches,0,0,1,0,1,2,0,0,0,0,0,0
253996,Hospitalisation,2013,8,Angle,Multi-Vehicle,153.04021,-27.50706038,Earl St,Victoria Tce,Greenslopes,South Brisbane,Intersection - T-Junction,Give way sign,60 km/h,Sealed - Dry,Daylight,Straight,Veh'S Adjacent Approach: Thru-Thru,Intersection from adjacent approaches,0,1,0,1,2,2,0,0,0,0,0,0
253997,Medical treatment,2013,20,Angle,Multi-Vehicle,153.053952,-27.497398,Nicklin St,Old Cleveland Rd,Coorparoo,South Brisbane,Intersection - Cross,Operating traffic lights,60 km/h,Sealed - Dry,Darkness - Lighted,Straight,Veh'S Adjacent Approach: Thru-Right,Intersection from adjacent approaches,0,0,1,0,1,3,0,0,0,0,0,0
253998,Medical treatment,2013,17,Head-on,Multi-Vehicle,152.995699,-27.583088,Bowhill Rd,,Willawong,Sunnybank,No Roadway Feature,No traffic control,60 km/h,Sealed - Dry,Daylight,Curved - view open,Veh'S Opposite Approach: Head On,Head-on,0,0,1,0,1,2,0,0,0,0,0,0
254001,Medical treatment,2013,16,Angle,Multi-Vehicle,153.0358598,-27.48283148,Main St,Princess St,Kangaroo Point,South Brisbane,Intersection - Cross,Operating traffic lights,60 km/h,Sealed - Dry,Daylight,Straight,Veh'S Opposite Approach: Thru-Right,Opposing vehicles turning,0,0,1,1,2,2,0,0,0,0,0,0
254034,Hospitalisation,2013,17,Rear-end,Multi-Vehicle,153.0575706,-27.49197329,Cavendish Rd,,Coorparoo,Greenslopes,No Roadway Feature,No traffic control,60 km/h,Sealed - Dry,Daylight,Straight,Veh'S Same Direction: Rear End,Rear-end,0,1,1,1,3,2,0,0,0,0,0,0
254036,Minor injury,2013,11,Angle,Multi-Vehicle,153.070274,-27.468378,Thynne Rd,,Morningside,Bulimba,Intersection - T-Junction,No traffic control,60 km/h,Sealed - Wet,Daylight,Straight,Veh'S Adjacent Approach: Thru-Right,Intersection from adjacent approaches,0,0,0,1,1,2,0,0,0,0,0,0
254061,Hospitalisation,2013,17,Overturned,Single Vehicle,152.9268003,-27.58894221,Cunningham Arterial Rd,,Wacol,Inala,No Roadway Feature,No traffic control,100 - 110 km/h,Sealed - Dry,Daylight,Straight,Off Path-Straight:Out Of Control On Cway,Out of control on straight,0,1,0,0,1,1,0,0,0,0,0,0
254062,Hospitalisation,2013,16,Angle,Multi-Vehicle,153.0209599,-27.58855551,Elizabeth St,Kilkenny St,Acacia Ridge,Sunnybank,Intersection - Cross,Stop sign,0 - 50 km/h,Sealed - Dry,Daylight,Straight,Veh'S Adjacent Approach: Thru-Thru,Intersection from adjacent approaches,0,2,0,2,4,1,0,0,1,0,0,0
254063,Medical treatment,2013,15,Angle,Multi-Vehicle,153.09822,-27.543734,Cresthaven Dr,Dirkala St,Mansfield,Mansfield,Intersection - Cross,Stop sign,0 - 50 km/h,Sealed - Dry,Daylight,Straight,Veh'S Adjacent Approach: Thru-Thru,Intersection from adjacent approaches,0,0,3,1,4,2,0,0,0,0,0,0
254066,Hospitalisation,2013,19,Hit object,Single Vehicle,153.0349789,-27.48947847,Wilton St,,Woolloongabba,South Brisbane,No Roadway Feature,No traffic control,0 - 50 km/h,Sealed - Dry,Darkness - Not lighted,Straight,Off Path-Straight:Right Off Cway Hit Obj,Off carriageway on straight hit object,0,1,0,0,1,1,0,0,0,0,0,0
254092,Hospitalisation,2013,11,Angle,Multi-Vehicle,152.9665217,-27.59080589,Azalea St,Eugenia St,Inala,Inala,Intersection - Cross,Give way sign,0 - 50 km/h,Sealed - Dry,Daylight,Straight,Veh'S Adjacent Approach: Thru-Thru,Intersection from adjacent approaches,0,1,1,0,2,2,0,0,0,0,0,0
254120,Medical treatment,2013,16,Sideswipe,Multi-Vehicle,153.0953054,-27.47515242,Creek Rd,,Carina,Bulimba,No Roadway Feature,No traffic control,60 km/h,Sealed - Dry,Daylight,Straight,Veh'S Same Direction: Lane Side Swipe,Lane changes,0,0,1,0,1,3,0,0,0,0,0,0
254146,Hospitalisation,2013,15,Angle,Multi-Vehicle,153.0179404,-27.51600153,Fairfield Rd,Kadumba St,Yeronga,Yeerongpilly,Intersection - T-Junction,Operating traffic lights,60 km/h,Sealed - Dry,Daylight,Straight,Veh'S Same Direction: Lane Side Swipe,Lane changes,0,1,0,0,1,1,1,0,0,0,0,0
254147,Medical treatment,2013,15,Angle,Multi-Vehicle,153.031622,-27.512231,Ipswich Rd,,Annerley,Yeerongpilly,No Roadway Feature,No traffic control,60 km/h,Sealed - Dry,Daylight,Straight,Veh'S Same Direction: Lane Change Left,Lane changes,0,0,1,0,1,1,1,0,0,0,0,0
254153,Hospitalisation,2013,8,Hit pedestrian,Hit pedestrian,153.014925,-27.47116666,Montague Rd,,South Brisbane,South Brisbane,No Roadway Feature,Pedestrian crossing sign,0 - 50 km/h,Sealed - Dry,Daylight,Straight,Ped'N: Far Side Vehicle Hit From Left,Pedestrian,0,1,0,0,1,0,0,0,0,0,1,1
254154,Medical treatment,2013,15,Sideswipe,Multi-Vehicle,153.116801,-27.468869,Gateway Arterial Rd,,Tingalpa,Chatsworth,No Roadway Feature,No traffic control,100 - 110 km/h,Sealed - Dry,Daylight,Straight,Veh'S Same Direction: Other,Other,0,0,1,0,1,1,0,1,0,0,0,0
254182,Medical treatment,2013,10,Sideswipe,Multi-Vehicle,153.074793,-27.596418,Beenleigh Rd,,Runcorn,Sunnybank,No Roadway Feature,No traffic control,60 km/h,Sealed - Dry,Daylight,Straight,Veh'S Same Direction: Lane Change Right,Lane changes,0,0,1,0,1,1,0,1,0,0,0,0
254183,Medical treatment,2013,5,Angle,Multi-Vehicle,153.078827,-27.610888,Gateway Arterial Rd,Persse Rd,Runcorn,Stretton,Intersection - Interchange,Give way sign,60 km/h,Sealed - Dry,Daylight,Straight,Veh'S Opposite Approach: Thru-Right,Opposing vehicles turning,0,0,1,0,1,2,0,0,0,0,0,0
254185,Medical treatment,2013,7,Rear-end,Multi-Vehicle,153.046298,-27.516065,South East Arterial Rd,,Greenslopes,Yeerongpilly,No Roadway Feature,No traffic control,100 - 110 km/h,Sealed - Dry,Daylight,Straight,Veh'S Same Direction: Rear End,Rear-end,0,0,1,0,1,1,0,1,0,0,0,0
254186,Hospitalisation,2013,18,Hit object,Single Vehicle,152.9865366,-27.60642971,Brushtail Cr,Wallaroo Way,Doolandella,Inala,Intersection - T-Junction,No traffic control,0 - 50 km/h,Sealed - Dry,Daylight,Straight,Off Path-Straight: Left Off Cway Hit Obj,Off carriageway on straight hit object,0,1,0,0,1,1,0,0,0,0,0,0
254187,Hospitalisation,2013,5,Sideswipe,Multi-Vehicle,152.9822077,-27.61243475,Crossacres St,,Doolandella,Algester,No Roadway Feature,No traffic control,60 km/h,Sealed - Dry,Dawn/Dusk,Straight,Veh'S Same Direction: Lane Side Swipe,Lane changes,0,1,0,0,1,1,0,0,0,1,0,0
254188,Medical treatment,2013,8,Hit pedestrian,Hit pedestrian,153.040001,-27.560651,Orange Grove Rd,,Salisbury,Sunnybank,No Roadway Feature,No traffic control,60 km/h,Sealed - Dry,Daylight,Straight,Ped'N: Hit Emerging Behind Vehicle,Pedestrian,0,0,1,0,1,1,0,0,0,0,1,0
254189,Medical treatment,2013,7,Rear-end,Multi-Vehicle,153.071391,-27.470558,Richmond Rd,,Morningside,Bulimba,No Roadway Feature,No traffic control,60 km/h,Sealed - Dry,Daylight,Straight,Veh'S Same Direction: Rear End,Rear-end,0,0,1,0,1,3,0,0,0,0,0,0