Crash_Ref_Number,Severity,Year,Hour,Crash_Nature,Crash_Type,Longitude,Latitude,Street,Street_Intersecting,Suburb,Loc_State_Electorate,Crash_Roadway_Feature,Crash_Traffic_Control,Crash_Speed_Limit,Crash_Road_Surface_Condition,Crash_Lighting_Condition,Crash_Road_Horiz_Align,Crash_DCA_Description,Crash_DCA_Group_Description,Count_Casualty_Fatality,Count_Casualty_Hospitalised,Count_Casualty_MedicallyTreated,Count_Casualty_MinorInjury,Count_Casualty_Total,Count_Unit_Car,Count_Unit_Motorcycle_Moped,Count_Unit_Truck,Count_Unit_Bus,Count_Unit_Bicycle,Count_Unit_Pedestrian,Count_Unit_Other
254191,Medical treatment,2013,16,Rear-end,Multi-Vehicle,153.0663127,-27.56005228,Nathan Connection Arterial Rd,,Macgregor,Yeerongpilly,No Roadway Feature,No traffic control,60 km/h,Sealed - Dry,Daylight,Straight,Veh'S Same Direction: Rear End,Rear-end,0,0,1,0,1,3,0,0,0,0,0,0
254192,Hospitalisation,2013,17,Angle,Multi-Vehicle,153.0417029,-27.49706339,Cowley St,Logan Rd,Woolloongabba,South Brisbane,Intersection - T-Junction,No traffic control,60 km/h,Sealed - Dry,Daylight,Straight,Veh'S Opposite Approach: Thru-Right,Opposing vehicles turning,0,1,0,1,2,2,0,0,0,0,0,0
254193,Hospitalisation,2013,17,Rear-end,Multi-Vehicle,153.018337,-27.47400565,Grey St,Melbourne St,South Brisbane,South Brisbane,Intersection - T-Junction,Operating traffic lights,60 km/h,Sealed - Dry,Daylight,Straight,Veh'S Same Direction: Left Rear,Rear-end,0,1,0,0,1,1,0,0,0,1,0,0
254194,Minor injury,2013,16,Angle,Multi-Vehicle,153.1720917,-27.44960733,Dibar St,Pine St,Wynnum,Lytton,Intersection - Cross,Give way sign,60 km/h,Sealed - Dry,Daylight,Straight,Veh'S Adjacent Approach: Thru-Thru,Intersection from adjacent approaches,0,0,0,1,1,1,1,0,0,0,0,0
254195,Medical treatment,2013,15,Rear-end,Multi-Vehicle,153.121976,-27.48808,Gateway Arterial Rd,,Belmont,Chatsworth,No Roadway Feature,No traffic control,100 - 110 km/h,Sealed - Dry,Daylight,Straight,Veh'S Same Direction: Rear End,Rear-end,0,0,1,1,2,2,0,0,0,0,0,0
254225,Medical treatment,2013,9,Angle,Multi-Vehicle,152.945735,-27.534163,Seventeen Mile Rocks Rd,Western Arterial Rd,Jindalee,Mount Ommaney,Intersection - Interchange,Give way sign,60 km/h,Sealed - Dry,Daylight,Straight,Veh'S Adjacent Approach: Left-Thru,Intersection from adjacent approaches,0,0,1,0,1,2,0,0,0,0,0,0
254226,Minor injury,2013,8,Rear-end,Multi-Vehicle,152.94136,-27.549265,Western Arterial Rd,,Mount Ommaney,Mount Ommaney,No Roadway Feature,No traffic control,100 - 110 km/h,Sealed - Dry,Daylight,Straight,Veh'S Same Direction: Rear End,Rear-end,0,0,0,1,1,2,0,0,0,0,0,0
254227,Hospitalisation,2013,9,Hit object,Single Vehicle,153.0375791,-27.51795038,Ekibin Rd E,,Tarragindi,Yeerongpilly,No Roadway Feature,No traffic control,60 km/h,Sealed - Wet,Daylight,Curved - view open,Off Path-Curve: Off Cway Rt Bend Hit Obj,Off carriageway on curve hit object,0,1,0,0,1,1,0,0,0,0,0,0
254233,Minor injury,2013,15,Rear-end,Multi-Vehicle,153.1199921,-27.53689824,Gateway Arterial Rd,,Mackenzie,Mansfield,No Roadway Feature,No traffic control,100 - 110 km/h,Sealed - Dry,Daylight,Straight,Veh'S Same Direction: Rear End,Rear-end,0,0,0,1,1,2,0,0,0,0,0,0
254234,Medical treatment,2013,18,Angle,Multi-Vehicle,153.015097,-27.471084,Hope St,Montague Rd,South Brisbane,South Brisbane,Intersection - T-Junction,No traffic control,0 - 50 km/h,Sealed - Dry,Daylight,Straight,Veh'S Opposite Approach: Thru-Right,Opposing vehicles turning,0,0,1,0,1,2,0,0,0,0,0,0
254266,Medical treatment,2013,2,Hit object,Single Vehicle,152.934235,-27.553681,Dandenong Rd,,Jamboree Heights,Mount Ommaney,No Roadway Feature,No traffic control,60 km/h,Sealed - Dry,Darkness - Lighted,Straight,Off Path-Straight: Left Off Cway Hit Obj,Off carriageway on straight hit object,0,0,1,0,1,1,0,0,0,0,0,0
254267,Minor injury,2013,9,Rear-end,Multi-Vehicle,153.115907,-27.502218,Old Cleveland Rd,Scrub Rd,Carindale,Chatsworth,Intersection - Cross,Operating traffic lights,70 km/h,Sealed - Dry,Daylight,Straight,Veh'S Same Direction: Rear End,Rear-end,0,0,0,1,1,2,0,0,0,0,0,0
254268,Medical treatment,2013,17,Hit pedestrian,Hit pedestrian,153.054457,-27.487269,Cavendish Rd,Stanley St East,Coorparoo,Greenslopes,Intersection - T-Junction,Operating traffic lights,60 km/h,Sealed - Dry,Dawn/Dusk,Curved - view open,Ped'N: Far Side Vehicle Hit From Left,Pedestrian,0,0,1,0,1,1,0,0,0,0,1,0
254272,Medical treatment,2013,9,Rear-end,Multi-Vehicle,153.078022,-27.536782,Logan Rd,Shire Rd,Mount Gravatt,Greenslopes,Intersection - T-Junction,Operating traffic lights,60 km/h,Sealed - Dry,Daylight,Straight,Veh'S Same Direction: Rear End,Rear-end,0,0,1,0,1,2,0,0,0,0,0,0
254279,Hospitalisation,2013,16,Rear-end,Multi-Vehicle,152.9797893,-27.56605481,Cunningham Art Rd Service Rd,Oxley Rd,Oxley,Mount Ommaney,Intersection - Interchange,Give way sign,60 km/h,Sealed - Dry,Daylight,Straight,Veh'S Same Direction: Rear End,Rear-end,0,1,0,0,1,1,0,1,0,0,0,0
254309,Medical treatment,2013,1,Angle,Multi-Vehicle,152.925368,-27.588709,Akenside St,Wacol Station Rd,Wacol,Inala,Intersection - Cross,Operating traffic lights,0 - 50 km/h,Sealed - Dry,Daylight,Straight,Veh'S Adjacent Approach: Thru-Thru,Intersection from adjacent approaches,0,0,1,0,1,2,0,0,0,0,0,0
254310,Medical treatment,2013,15,Rear-end,Multi-Vehicle,153.021283,-27.559799,Beaudesert Rd,Mt Lindesay Art. Rd,Archerfield,Sunnybank,No Roadway Feature,No traffic control,70 km/h,Sealed - Wet,Daylight,Straight,Veh'S Same Direction: Lane Change Left,Lane changes,0,0,1,0,1,1,1,0,0,0,0,0
254312,Medical treatment,2013,19,Angle,Multi-Vehicle,152.959463,-27.591924,Archerfield Rd,Azalea St,Inala,Inala,Intersection - Cross,Stop sign,60 km/h,Sealed - Wet,Darkness - Lighted,Straight,Veh'S Adjacent Approach: Thru-Thru,Intersection from adjacent approaches,0,0,1,0,1,2,0,0,0,0,0,0
254315,Minor injury,2013,18,Rear-end,Multi-Vehicle,153.0795554,-27.5633595,South East Arterial Rd,,Macgregor,Mansfield,No Roadway Feature,No traffic control,100 - 110 km/h,Sealed - Wet,Darkness - Lighted,Straight,Veh'S Same Direction: Rear End,Rear-end,0,0,0,1,1,2,0,0,0,0,0,0
254316,Medical treatment,2013,14,Sideswipe,Multi-Vehicle,153.021981,-27.493482,Gladstone Rd,,Dutton Park,South Brisbane,No Roadway Feature,No traffic control,0 - 50 km/h,Sealed - Wet,Daylight,Straight,Veh'S Same Direction: Lane Change Left,Lane changes,0,0,1,0,1,1,0,1,0,0,0,0
254317,Medical treatment,2013,14,Rear-end,Multi-Vehicle,153.029971,-27.48369,Vulture St,,South Brisbane,South Brisbane,No Roadway Feature,No traffic control,60 km/h,Sealed - Wet,Daylight,Straight,Veh'S Same Direction: Rear End,Rear-end,0,0,1,0,1,2,0,0,0,0,0,0
254345,Medical treatment,2013,9,Rear-end,Multi-Vehicle,152.983025,-27.53203,Oxley Rd,,Sherwood,Indooroopilly,Other,No traffic control,60 km/h,Sealed - Wet,Daylight,Straight,Veh'S Same Direction: Left Rear,Rear-end,0,0,1,1,2,2,0,0,0,0,0,0
254346,Minor injury,2013,17,Sideswipe,Multi-Vehicle,153.086868,-27.579885,Warrigal Rd,,Eight Mile Plains,Stretton,No Roadway Feature,No traffic control,60 km/h,Sealed - Dry,Daylight,Straight,Veh'S Same Direction: Lane Side Swipe,Lane changes,0,0,0,1,1,2,0,0,0,0,0,0
254347,Minor injury,2013,17,Hit pedestrian,Hit pedestrian,153.035515,-27.499783,Ipswich Rd,,Woolloongabba,South Brisbane,No Roadway Feature,No traffic control,60 km/h,Sealed - Wet,Dawn/Dusk,Straight,Ped'N: Near Side Vehicle Hit From Right,Pedestrian,0,0,0,1,1,1,0,0,0,0,1,0
254369,Hospitalisation,2013,23,Hit object,Single Vehicle,153.0781852,-27.61332005,Compton Rd,Persse Rd,Runcorn,Stretton,Intersection - T-Junction,Operating traffic lights,70 km/h,Sealed - Wet,Darkness - Lighted,Straight,Off Path-Straight: Mounts Traffic Island,Off carriageway on straight hit object,0,1,0,0,1,1,0,0,0,0,0,0
254370,Hospitalisation,2013,16,Hit object,Single Vehicle,153.0279808,-27.58953743,Elizabeth St,Mt Lindesay Art. Rd,Acacia Ridge,Sunnybank,Intersection - Cross,Operating traffic lights,70 km/h,Sealed - Dry,Daylight,Curved - view open,Off Path-Curve: Mounts Traffic Island,Off carriageway on curve hit object,0,1,1,0,2,2,0,0,0,0,0,0
254371,Hospitalisation,2013,13,Angle,Multi-Vehicle,153.0610045,-27.49345527,French St,Old Cleveland Rd,Coorparoo,Greenslopes,Intersection - T-Junction,Operating traffic lights,60 km/h,Sealed - Wet,Daylight,Straight,Veh'S Opposite Approach: Thru-Right,Opposing vehicles turning,0,1,0,1,2,2,0,0,0,0,0,0
254372,Medical treatment,2013,9,Angle,Multi-Vehicle,153.158615,-27.455493,Duval St,Randall Rd,Wynnum West,Lytton,Intersection - T-Junction,Give way sign,0 - 50 km/h,Sealed - Dry,Daylight,Straight,Veh'S Manoeuvring: Entering From Footway,Vehicle leaving driveway,0,0,1,0,1,1,0,0,0,1,0,0
254399,Medical treatment,2013,5,Angle,Multi-Vehicle,153.015159,-27.567012,Beatty Rd,Boundary Rd,Archerfield,Sunnybank,Intersection - T-Junction,Operating traffic lights,60 km/h,Sealed - Dry,Daylight,Straight,Veh'S Same Direction: Lane Change Left,Lane changes,0,0,1,0,1,1,0,1,0,0,0,0
254400,Minor injury,2013,13,Rear-end,Multi-Vehicle,153.114675,-27.508773,Scrub Rd,Winstanley St,Carindale,Chatsworth,Intersection - T-Junction,Operating traffic lights,60 km/h,Sealed - Wet,Daylight,Straight,Veh'S Same Direction: Rear End,Rear-end,0,0,0,1,1,2,0,0,0,0,0,0
254401,Hospitalisation,2013,5,Sideswipe,Multi-Vehicle,153.1239065,-27.49144784,Gateway Arterial Rd,,Belmont,Chatsworth,No Roadway Feature,No traffic control,100 - 110 km/h,Sealed - Wet,Dawn/Dusk,Straight,Veh'S Same Direction: Lane Change Left,Lane changes,0,1,1,0,2,1,0,1,0,0,0,0
254402,Medical treatment,2013,16,Rear-end,Multi-Vehicle,153.07043,-27.527888,Logan Rd,Pickthorne St,Holland Park West,Greenslopes,Intersection - T-Junction,No traffic control,60 km/h,Sealed - Wet,Daylight,Straight,Veh'S Same Direction: Right Rear,Rear-end,0,0,2,0,2,2,0,0,0,0,0,0
254403,Minor injury,2013,15,Rear-end,Multi-Vehicle,152.955147,-27.624413,Woogaroo St,,Ellen Grove,Algester,No Roadway Feature,No traffic control,60 km/h,Sealed - Wet,Daylight,Straight,Veh'S Same Direction: Rear End,Rear-end,0,0,0,1,1,3,0,0,0,0,0,0
254404,Medical treatment,2013,9,Rear-end,Multi-Vehicle,153.069532,-27.471722,Horsington St,Waminda St,Morningside,Bulimba,Intersection - T-Junction,No traffic control,60 km/h,Sealed - Wet,Daylight,Straight,Veh'S Same Direction: Right Rear,Rear-end,0,0,1,0,1,1,0,1,0,0,0,0
254405,Medical treatment,2013,16,Angle,Multi-Vehicle,153.0884803,-27.468269,Wynnum Rd,,Cannon Hill,Bulimba,No Roadway Feature,No traffic control,60 km/h,Sealed - Wet,Daylight,Straight,Veh'S Same Direction: Rear End,Rear-end,0,0,1,0,1,2,0,0,0,0,0,0
254407,Medical treatment,2013,15,Angle,Multi-Vehicle,153.064921,-27.56683,Mains Rd,Musgrave Rd,Macgregor,Sunnybank,Intersection - T-Junction,No traffic control,60 km/h,Sealed - Wet,Daylight,Straight,Veh'S Manoeuvring: Entering From Footway,Vehicle leaving driveway,0,0,1,0,1,1,0,0,0,1,0,0
254408,Hospitalisation,2013,21,Angle,Multi-Vehicle,153.0328849,-27.48408151,Leopard St,Vulture St,Kangaroo Point,South Brisbane,Intersection - Cross,Operating traffic lights,60 km/h,Sealed - Wet,Darkness - Lighted,Straight,Veh'S Adjacent Approach: Thru-Thru,Intersection from adjacent approaches,0,1,0,0,1,2,0,0,0,0,0,0
254449,Hospitalisation,2013,11,Angle,Multi-Vehicle,153.0398837,-27.59906233,Learoyd Rd,Mt Lindesay Art. Rd,Acacia Ridge,Sunnybank,Intersection - Cross,Operating traffic lights,80 - 90 km/h,Sealed - Wet,Daylight,Straight,Veh'S Opposite Approach: Thru-Right,Opposing vehicles turning,0,1,0,0,1,2,0,0,0,0,0,0
254452,Medical treatment,2013,9,Hit parked vehicle,Single Vehicle,152.9593789,-27.61063392,Forest Lake Blvd,,Forest Lake,Inala,No Roadway Feature,No traffic control,60 km/h,Sealed - Wet,Daylight,Straight,Veh'S On Path: Accident Or Broken Down,Hit parked vehicle,0,0,1,0,1,2,0,0,0,0,0,0
254456,Minor injury,2013,18,Angle,Multi-Vehicle,152.983243,-27.531007,Hall St,Oxley Rd,Sherwood,Indooroopilly,Intersection - T-Junction,No traffic control,60 km/h,Sealed - Wet,Dawn/Dusk,Straight,Veh'S Adjacent Approach: Thru-Right,Intersection from adjacent approaches,0,0,0,1,1,2,0,0,0,0,0,0
254457,Medical treatment,2013,17,Angle,Multi-Vehicle,153.088688,-27.563379,Link St,Newnham Rd,Upper Mount Gravatt,Mansfield,Intersection - T-Junction,No traffic control,60 km/h,Sealed - Wet,Dawn/Dusk,Straight,Veh'S Adjacant Approach: Thru-Left,Intersection from adjacent approaches,0,0,1,1,2,2,0,0,0,0,0,0
254467,Hospitalisation,2013,10,Rear-end,Multi-Vehicle,153.1829842,-27.55889145,Redland Sub-Arterial Rd,,Burbank,Mansfield,No Roadway Feature,No traffic control,80 - 90 km/h,Sealed - Wet,Daylight,Straight,Veh'S Same Direction: Left Rear,Rear-end,0,1,1,0,2,1,0,1,0,0,0,0
254496,Medical treatment,2013,8,Rear-end,Multi-Vehicle,152.920682,-27.545456,Bulan St,Westlake Dr,Westlake,Mount Ommaney,Intersection - T-Junction,No traffic control,0 - 50 km/h,Sealed - Wet,Daylight,Straight,Veh'S Same Direction: Right Rear,Rear-end,0,0,1,0,1,2,0,0,0,0,0,0
254498,Medical treatment,2013,12,Angle,Multi-Vehicle,153.071869,-27.529232,Logan Rd,Nursery Rd,Holland Park West,Greenslopes,Intersection - Cross,Operating traffic lights,60 km/h,Sealed - Wet,Daylight,Straight,Veh'S Adjacent Approach: Thru-Thru,Intersection from adjacent approaches,0,0,1,0,1,2,0,0,0,0,0,0
254499,Hospitalisation,2013,12,Angle,Multi-Vehicle,153.0205866,-27.54288147,Muriel Ave Service Rd,,Moorooka,Yeerongpilly,No Roadway Feature,No traffic control,0 - 50 km/h,Sealed - Dry,Daylight,Straight,Veh'S Same Direction: Right Turn S/Swipe,Parallel lanes turning,0,1,0,0,1,1,1,0,0,0,0,0
254501,Medical treatment,2013,18,Rear-end,Multi-Vehicle,153.156222,-27.453003,Preston Rd,Randall Rd,Wynnum West,Lytton,Intersection - Cross,Operating traffic lights,60 km/h,Sealed - Dry,Dawn/Dusk,Curved - view open,Veh'S Same Direction: Right Rear,Rear-end,0,0,1,0,1,2,0,0,0,0,0,0
254502,Hospitalisation,2013,12,Sideswipe,Multi-Vehicle,153.1618358,-27.46780261,Radford Rd,,Manly West,Lytton,No Roadway Feature,No traffic control,60 km/h,Sealed - Dry,Daylight,Straight,Veh'S Same Direction: Lane Side Swipe,Lane changes,0,1,0,0,1,1,0,0,1,0,0,0
254520,Hospitalisation,2013,14,Head-on,Multi-Vehicle,153.0320731,-27.50641644,Annerley Rd,,Annerley,South Brisbane,No Roadway Feature,No traffic control,60 km/h,Sealed - Wet,Daylight,Curved - view open,Veh'S Opposite Approach: Head On,Head-on,0,2,0,0,2,2,0,0,0,0,0,0
254521,Hospitalisation,2013,21,Hit object,Single Vehicle,153.035,-27.50102943,Cornwall St,Ipswich Rd,Annerley,South Brisbane,Intersection - Cross,Operating traffic lights,60 km/h,Sealed - Dry,Darkness - Lighted,Straight,Off Path-Straight: Other,Other,0,3,0,0,3,1,0,0,0,0,0,0
254522,Hospitalisation,2013,8,Angle,Multi-Vehicle,153.0678355,-27.4975452,Martha St,Newman Ave,Camp Hill,Greenslopes,Intersection - T-Junction,No traffic control,60 km/h,Sealed - Dry,Daylight,Straight,Veh'S Overtaking: Overtake-Right Turn,Overtaking same direction,0,1,0,0,1,1,0,0,0,1,0,0
254525,Minor injury,2013,15,Angle,Multi-Vehicle,152.987893,-27.599452,Blunder Rd,,Durack,Sunnybank,No Roadway Feature,No traffic control,70 km/h,Sealed - Dry,Daylight,Straight,Veh'S Same Direction: Lane Change Right,Lane changes,0,0,0,1,1,1,0,1,0,0,0,0
254528,Medical treatment,2013,14,Angle,Multi-Vehicle,153.071441,-27.556183,Tora St,Worrell St,Macgregor,Yeerongpilly,Intersection - Cross,Stop sign,0 - 50 km/h,Sealed - Wet,Daylight,Straight,Veh'S Adjacent Approach: Thru-Thru,Intersection from adjacent approaches,0,0,1,0,1,2,0,0,0,0,0,0
254529,Hospitalisation,2013,10,Hit object,Single Vehicle,153.014949,-27.47264768,Merivale St,,South Brisbane,South Brisbane,No Roadway Feature,No traffic control,0 - 50 km/h,Sealed - Dry,Daylight,Straight,Off Path-Straight: Left Off Cway Hit Obj,Off carriageway on straight hit object,0,1,0,0,1,2,0,0,0,0,0,0
254530,Medical treatment,2013,17,Rear-end,Multi-Vehicle,153.035621,-27.472344,Main St,,Kangaroo Point,South Brisbane,No Roadway Feature,No traffic control,60 km/h,Sealed - Wet,Darkness - Lighted,Straight,Veh'S Same Direction: Rear End,Rear-end,0,0,2,0,2,4,0,0,0,0,0,0
254531,Medical treatment,2013,21,Head-on,Multi-Vehicle,153.129517,-27.474234,Wynnum Rd,,Tingalpa,Lytton,No Roadway Feature,No traffic control,60 km/h,Sealed - Dry,Darkness - Lighted,Curved - view open,Veh'S Opposite Approach: Head On,Head-on,0,0,1,0,1,2,0,0,0,0,0,0
254557,Medical treatment,2013,8,Rear-end,Multi-Vehicle,153.051612,-27.648023,Gateway Arterial Rd,,Drewvale,Stretton,Intersection - Interchange,No traffic control,80 - 90 km/h,Sealed - Dry,Daylight,Straight,Veh'S Same Direction: Rear End,Rear-end,0,0,1,0,1,2,0,0,0,0,0,0
254558,Medical treatment,2013,17,Rear-end,Multi-Vehicle,153.046123,-27.647257,Logan Mwy Ramp De,,Drewvale,Stretton,Intersection - Interchange,No traffic control,100 - 110 km/h,Sealed - Wet,Dawn/Dusk,Straight,Veh'S Same Direction: Rear End,Rear-end,0,0,1,0,1,1,0,2,0,0,0,0
254559,Medical treatment,2013,6,Rear-end,Multi-Vehicle,152.946553,-27.5303437,Western Arterial Rd,,Jindalee,Mount Ommaney,No Roadway Feature,No traffic control,100 - 110 km/h,Sealed - Dry,Daylight,Straight,Veh'S Same Direction: Rear End,Rear-end,0,0,1,0,1,1,0,1,0,0,0,0
254564,Medical treatment,2013,15,Angle,Multi-Vehicle,153.016825,-27.557891,Beatty Rd,Griffith Arterial Rd,Rocklea,Yeerongpilly,Intersection - Cross,Operating traffic lights,0 - 50 km/h,Sealed - Dry,Daylight,Straight,Veh'S Opposite Approach: Thru-Right,Opposing vehicles turning,0,0,1,0,1,2,0,0,0,0,0,0
254565,Medical treatment,2013,8,Rear-end,Multi-Vehicle,153.077508,-27.485244,Oateson Skyline Dr,Ursus St,Seven Hills,Bulimba,Intersection - T-Junction,Give way sign,0 - 50 km/h,Sealed - Dry,Daylight,Straight,Veh'S Same Direction: Left Rear,Rear-end,0,0,1,0,1,2,0,0,0,0,0,0
254566,Medical treatment,2013,17,Rear-end,Multi-Vehicle,153.052167,-27.47567,Wynnum Rd,,Norman Park,Bulimba,No Roadway Feature,No traffic control,60 km/h,Sealed - Dry,Daylight,Straight,Veh'S Same Direction: Rear End,Rear-end,0,0,1,1,2,3,0,0,0,0,0,0
254598,Hospitalisation,2013,7,Angle,Multi-Vehicle,153.0575759,-27.53385623,Bapaume Rd,Monash Rd,Tarragindi,Yeerongpilly,Intersection - T-Junction,Give way sign,0 - 50 km/h,Sealed - Dry,Daylight,Straight,Veh'S Manoeuvring: Entering From Footway,Vehicle leaving driveway,0,1,0,0,1,1,0,0,0,1,0,0
254602,Hospitalisation,2013,8,Angle,Multi-Vehicle,153.028738,-27.48775652,Annerley Rd,Clarence St,Woolloongabba,South Brisbane,Intersection - Cross,No traffic control,60 km/h,Sealed - Dry,Daylight,Straight,Veh'S Same Direction: Left Turn S/Swipe,Parallel lanes turning,0,1,0,0,1,1,0,0,0,1,0,0
254603,Hospitalisation,2013,16,Angle,Multi-Vehicle,153.0155311,-27.47551967,Cordelia St,Melbourne St,South Brisbane,South Brisbane,Intersection - Cross,Operating traffic lights,60 km/h,Sealed - Dry,Daylight,Straight,Veh'S Adjacent Approach: Thru-Thru,Intersection from adjacent approaches,0,3,1,0,4,3,0,0,1,0,0,0
254627,Minor injury,2013,10,Angle,Multi-Vehicle,153.050822,-27.58264,Beenleigh Rd,Stones Rd,Sunnybank,Sunnybank,Intersection - Cross,Operating traffic lights,60 km/h,Sealed - Wet,Daylight,Straight,Veh'S Adjacent Approach: Thru-Thru,Intersection from adjacent approaches,0,0,0,3,3,2,0,0,0,0,0,0
254628,Medical treatment,2013,15,Fall from vehicle,Single Vehicle,153.069248,-27.512854,Cavendish Rd,Newbolt St,Coorparoo,Greenslopes,Intersection - T-Junction,Stop sign,60 km/h,Sealed - Dry,Daylight,Straight,Off Path-Straight:Out Of Control On Cway,Out of control on straight,0,0,1,0,1,1,1,0,0,0,0,0
254630,Minor injury,2013,15,Angle,Multi-Vehicle,153.035454,-27.473176,Main St,,Kangaroo Point,South Brisbane,Other,Stop sign,60 km/h,Sealed - Dry,Daylight,Straight,Veh'S Manoeuvring: Leaving Driveway,Vehicle leaving driveway,0,0,0,1,1,1,0,0,0,1,0,0
254655,Minor injury,2013,14,Sideswipe,Multi-Vehicle,153.02075,-27.543463,Beaudesert Rd,Evans Rd,Salisbury,Yeerongpilly,Intersection - Cross,Operating traffic lights,70 km/h,Sealed - Wet,Daylight,Straight,Veh'S Same Direction: Lane Change Left,Lane changes,0,0,0,1,1,0,1,0,0,0,0,1
254656,Minor injury,2013,17,Rear-end,Multi-Vehicle,153.068784,-27.472769,Jack Flynn Memorial Dr,Waminda St,Morningside,Bulimba,Intersection - T-Junction,Give way sign,0 - 50 km/h,Sealed - Wet,Daylight,Straight,Veh'S Same Direction: Left Rear,Rear-end,0,0,0,2,2,2,0,0,0,0,0,0
254657,Minor injury,2013,20,Angle,Multi-Vehicle,153.078912,-27.611016,Gateway Arterial Rd,Persse Rd,Runcorn,Stretton,Intersection - Interchange,No traffic control,60 km/h,Sealed - Wet,Darkness - Not lighted,Straight,Veh'S Opposite Approach: Thru-Right,Opposing vehicles turning,0,0,0,1,1,2,0,0,0,0,0,0
254658,Medical treatment,2013,14,Rear-end,Multi-Vehicle,153.098028,-27.582933,Logan Sub-Arterial Rd,,Eight Mile Plains,Stretton,No Roadway Feature,No traffic control,80 - 90 km/h,Sealed - Wet,Daylight,Straight,Veh'S Same Direction: Rear End,Rear-end,0,0,1,0,1,3,0,0,0,0,0,0
254687,Minor injury,2013,12,Rear-end,Multi-Vehicle,153.051142,-27.611345,Compton Rd,Mt Lindesay Art. Rd,Calamvale,Stretton,Intersection - T-Junction,Operating traffic lights,80 - 90 km/h,Sealed - Wet,Daylight,Straight,Veh'S Same Direction: Rear End,Rear-end,0,0,0,2,2,2,0,0,0,0,0,0
254688,Hospitalisation,2013,6,Hit object,Single Vehicle,153.0395761,-27.64612027,Logan Mwy,,Parkinson,Algester,No Roadway Feature,No traffic control,100 - 110 km/h,Sealed - Wet,Dawn/Dusk,Curved - view open,Off Path-Straight: Other,Other,0,1,0,0,1,0,1,0,0,0,0,0
254690,Medical treatment,2013,17,Rear-end,Multi-Vehicle,153.060891,-27.587802,Beenleigh Rd,Mains Rd,Sunnybank,Sunnybank,Intersection - Cross,Operating traffic lights,70 km/h,Sealed - Wet,Dawn/Dusk,Straight,Veh'S Same Direction: Rear End,Rear-end,0,0,1,0,1,2,0,0,0,0,0,0
254694,Medical treatment,2013,20,Hit object,Single Vehicle,152.942959,-27.609467,Clendon St,Waterford Rd,Forest Lake,Inala,Intersection - T-Junction,Give way sign,60 km/h,Sealed - Wet,Darkness - Lighted,Straight,Veh'S Same Direction: Rear End,Rear-end,0,0,1,0,1,2,0,0,0,0,0,0
254696,Medical treatment,2013,5,Angle,Multi-Vehicle,153.005181,-27.538785,Golf Links Rd,Sherwood Rd,Rocklea,Yeerongpilly,Intersection - Cross,No traffic control,60 km/h,Sealed - Wet,Dawn/Dusk,Straight,Veh'S Adjacent Approach: Thru-Right,Intersection from adjacent approaches,0,0,1,0,1,1,0,1,0,0,0,0
254697,Medical treatment,2013,15,Angle,Multi-Vehicle,152.981246,-27.541961,Oxley Rd,,Corinda,Mount Ommaney,Other,No traffic control,60 km/h,Sealed - Wet,Daylight,Straight,Veh'S Opposite Approach: Thru-Right,Opposing vehicles turning,0,0,2,0,2,1,1,0,0,0,0,0
254698,Minor injury,2013,6,Angle,Multi-Vehicle,152.998758,-27.559432,Ipswich Rd,Suscatand St,Rocklea,Yeerongpilly,Intersection - Interchange,Stop sign,60 km/h,Sealed - Wet,Daylight,Curved - view obscured,Veh'S Adjacent Approach: Thru-Right,Intersection from adjacent approaches,0,0,0,1,1,1,0,0,0,0,0,1
254699,Medical treatment,2013,9,Rear-end,Multi-Vehicle,153.106649,-27.549917,Likala St,Redland Sub-Arterial Rd,Wishart,Mansfield,Intersection - Cross,Operating traffic lights,60 km/h,Sealed - Wet,Daylight,Straight,Veh'S Same Direction: Right Rear,Rear-end,0,0,1,0,1,2,0,0,0,0,0,0
254725,Medical treatment,2013,13,Rear-end,Multi-Vehicle,153.051261,-27.611499,Mt Lindesay Art. Rd,,Calamvale,Stretton,No Roadway Feature,No traffic control,70 km/h,Sealed - Wet,Daylight,Curved - view open,Veh'S Same Direction: Right Rear,Rear-end,0,0,1,0,1,2,0,0,0,0,0,0
254726,Hospitalisation,2013,23,Hit object,Single Vehicle,153.0258566,-27.57061646,Postle St,,Coopers Plains,Sunnybank,No Roadway Feature,No traffic control,0 - 50 km/h,Sealed - Wet,Darkness - Lighted,Straight,Off Path-Straight:Right Off Cway Hit Obj,Off carriageway on straight hit object,0,2,0,0,2,1,0,0,0,0,0,0
254728,Minor injury,2013,7,Angle,Multi-Vehicle,153.057564,-27.533871,Bapaume Rd,Monash Rd,Tarragindi,Yeerongpilly,Intersection - T-Junction,Stop sign,60 km/h,Sealed - Wet,Daylight,Straight,Veh'S Opposite Approach: Thru-Right,Opposing vehicles turning,0,0,0,1,1,2,0,0,0,0,0,0
254729,Hospitalisation,2013,10,Hit pedestrian,Hit pedestrian,153.0815406,-27.54193711,Broadwater Rd,Logan Rd,Mount Gravatt,Mansfield,Intersection - T-Junction,Operating traffic lights,60 km/h,Sealed - Dry,Daylight,Straight,Ped'N: Far Side Vehicle Hit From Left,Pedestrian,0,1,0,0,1,1,0,0,0,0,1,0