Crash_Ref_Number,Severity,Year,Hour,Crash_Nature,Crash_Type,Longitude,Latitude,Street,Street_Intersecting,Suburb,Loc_State_Electorate,Crash_Roadway_Feature,Crash_Traffic_Control,Crash_Speed_Limit,Crash_Road_Surface_Condition,Crash_Lighting_Condition,Crash_Road_Horiz_Align,Crash_DCA_Description,Crash_DCA_Group_Description,Count_Casualty_Fatality,Count_Casualty_Hospitalised,Count_Casualty_MedicallyTreated,Count_Casualty_MinorInjury,Count_Casualty_Total,Count_Unit_Car,Count_Unit_Motorcycle_Moped,Count_Unit_Truck,Count_Unit_Bus,Count_Unit_Bicycle,Count_Unit_Pedestrian,Count_Unit_Other
254730,Medical treatment,2013,12,Angle,Multi-Vehicle,152.97571,-27.597609,Corsair Ave,Inala Ave,Inala,Inala,Intersection - T-Junction,Operating traffic lights,60 km/h,Sealed - Wet,Daylight,Straight,Veh'S Adjacent Approach: Right-Thru,Intersection from adjacent approaches,0,0,1,0,1,2,0,0,0,0,0,0
254731,Hospitalisation,2013,1,Fall from vehicle,Single Vehicle,153.0105707,-27.54600656,Ipswich Rd Service Rd,,Rocklea,Yeerongpilly,No Roadway Feature,No traffic control,60 km/h,Sealed - Wet,Darkness - Lighted,Straight,Pass & Misc: Fell In/From Vehicle,Other,0,1,0,0,1,0,0,1,0,0,0,0
254732,Medical treatment,2013,7,Hit pedestrian,Hit pedestrian,153.07134,-27.462905,Grosvenor St,Thynne Rd,Morningside,Bulimba,Intersection - T-Junction,No traffic control,0 - 50 km/h,Sealed - Dry,Daylight,Straight,Ped'N: Hit Other,Other,0,0,1,0,1,1,0,0,0,0,1,0
254733,Medical treatment,2013,12,Hit pedestrian,Hit pedestrian,153.0679257,-27.47036012,Wynnum Rd,,Morningside,Bulimba,No Roadway Feature,No traffic control,60 km/h,Sealed - Dry,Daylight,Straight,Ped'N: Play; Work; Stand; Lie On C'Way,Pedestrian,0,0,1,0,1,1,0,0,0,0,1,0
254734,Hospitalisation,2013,7,Angle,Multi-Vehicle,153.0446318,-27.4922304,Deshon St,Norman St,Woolloongabba,South Brisbane,Intersection - T-Junction,No traffic control,60 km/h,Sealed - Wet,Daylight,Straight,Veh'S Opposite Approach: Thru-Right,Opposing vehicles turning,0,1,0,0,1,1,0,0,0,1,0,0
254735,Hospitalisation,2013,20,Hit pedestrian,Hit pedestrian,153.0358408,-27.48220149,Main St,,Kangaroo Point,South Brisbane,No Roadway Feature,No traffic control,60 km/h,Sealed - Wet,Darkness - Lighted,Straight,Ped'N: Far Side Vehicle Hit From Left,Pedestrian,0,1,0,0,1,1,0,0,0,0,1,0
254761,Hospitalisation,2013,8,Rear-end,Multi-Vehicle,152.9804633,-27.56625981,Cunningham Arterial Rd,,Oxley,Inala,No Roadway Feature,No traffic control,80 - 90 km/h,Sealed - Wet,Daylight,Straight,Veh'S Same Direction: Rear End,Rear-end,0,3,0,0,3,1,0,2,0,0,0,0
254762,Medical treatment,2013,7,Rear-end,Multi-Vehicle,153.087996,-27.495895,Old Cleveland Rd,,Carina,Chatsworth,No Roadway Feature,No traffic control,60 km/h,Sealed - Dry,Dawn/Dusk,Curved - view open,Veh'S Same Direction: Rear End,Rear-end,0,0,1,0,1,5,0,0,0,0,0,0
254765,Medical treatment,2013,7,Rear-end,Multi-Vehicle,153.044233,-27.50245,Cornwall St,,Greenslopes,South Brisbane,No Roadway Feature,No traffic control,60 km/h,Sealed - Wet,Daylight,Straight,Veh'S Same Direction: Rear End,Rear-end,0,0,2,0,2,2,0,0,0,0,0,0
254766,Medical treatment,2013,20,Hit object,Single Vehicle,153.044665,-27.533823,Toohey Rd,,Tarragindi,Yeerongpilly,No Roadway Feature,No traffic control,60 km/h,Sealed - Dry,Darkness - Lighted,Straight,Off Path-Straight: Left Off Cway Hit Obj,Off carriageway on straight hit object,0,0,1,0,1,1,0,0,0,0,0,0
254796,Medical treatment,2013,16,Hit object,Single Vehicle,153.018189,-27.530612,Ipswich Rd,Lyon St,Moorooka,Yeerongpilly,Intersection - T-Junction,Give way sign,0 - 50 km/h,Sealed - Dry,Daylight,Straight,Veh'S Same Direction: Rear End,Rear-end,0,0,1,0,1,2,0,0,0,0,0,0
254797,Minor injury,2013,13,Rear-end,Multi-Vehicle,153.040292,-27.559458,Orange Grove Rd,,Coopers Plains,Sunnybank,No Roadway Feature,No traffic control,60 km/h,Sealed - Dry,Daylight,Straight,Veh'S Same Direction: Rear End,Rear-end,0,0,0,2,2,2,0,0,0,0,0,0
254798,Medical treatment,2013,17,Hit object,Single Vehicle,153.060256,-27.541696,South East Arterial Rd,,Mount Gravatt,Mansfield,No Roadway Feature,No traffic control,100 - 110 km/h,Sealed - Wet,Daylight,Curved - view open,Off Path-Curve: Off Cway Left Bend,Off carriageway on curve,0,0,1,0,1,1,0,0,0,0,0,0
254799,Hospitalisation,2013,7,Hit object,Single Vehicle,153.0434567,-27.48236842,Latrobe St,,East Brisbane,South Brisbane,No Roadway Feature,No traffic control,0 - 50 km/h,Sealed - Dry,Daylight,Straight,Veh'S On Path: Parked,Hit parked vehicle,0,1,0,0,1,3,0,0,0,0,0,0
254837,Hospitalisation,2013,5,Hit parked vehicle,Single Vehicle,153.0598346,-27.62325614,Gowan Rd,,Calamvale,Stretton,No Roadway Feature,No traffic control,60 km/h,Sealed - Dry,Dawn/Dusk,Straight,Off Path-Straight: Left Off Cway Hit Obj,Off carriageway on straight hit object,0,1,0,0,1,2,0,0,0,0,0,0
254838,Minor injury,2013,15,Angle,Multi-Vehicle,153.051232,-27.611341,Mt Lindesay Art. Rd,,Calamvale,Stretton,Intersection - T-Junction,Operating traffic lights,80 - 90 km/h,Sealed - Dry,Daylight,Straight,Veh'S Same Direction: Lane Change Right,Lane changes,0,0,0,1,1,3,0,0,0,0,0,0
254840,Medical treatment,2013,16,Rear-end,Multi-Vehicle,153.017242,-27.558038,Griffith Arterial Rd,,Archerfield,Sunnybank,No Roadway Feature,No traffic control,60 km/h,Sealed - Wet,Daylight,Straight,Veh'S Same Direction: Rear End,Rear-end,0,0,1,0,1,2,0,0,0,0,0,0
254841,Medical treatment,2013,14,Hit object,Single Vehicle,153.086162,-27.467901,Stanton St,Wynnum Rd,Cannon Hill,Bulimba,Intersection - T-Junction,No traffic control,60 km/h,Sealed - Wet,Daylight,Straight,Off Path-Straight: Right Off Cway,Off carriageway on straight,0,0,1,0,1,0,0,0,1,0,0,0
254842,Hospitalisation,2013,14,Angle,Multi-Vehicle,153.0403564,-27.55894235,Griffith Arterial Rd,Orange Grove Rd,Coopers Plains,Sunnybank,Intersection - Cross,No traffic control,70 km/h,Sealed - Wet,Daylight,Straight,Veh'S Adjacent Approach: Thru-Thru,Intersection from adjacent approaches,0,1,2,0,3,2,0,0,0,0,0,0
254869,Medical treatment,2013,11,Rear-end,Multi-Vehicle,152.940435,-27.554754,Western Arterial Rd,,Jamboree Heights,Mount Ommaney,No Roadway Feature,No traffic control,100 - 110 km/h,Sealed - Wet,Daylight,Straight,Veh'S Same Direction: Rear End,Rear-end,0,0,1,0,1,2,0,0,0,0,0,0
254889,Hospitalisation,2013,11,Hit object,Single Vehicle,153.0241043,-27.50902549,Home St,,Fairfield,Yeerongpilly,No Roadway Feature,No traffic control,60 km/h,Sealed - Dry,Daylight,Curved - view open,Off Path-Curve: Mounts Traffic Island,Off carriageway on curve hit object,0,1,0,0,1,1,0,0,0,0,0,0
254891,Medical treatment,2013,8,Angle,Multi-Vehicle,153.058141,-27.505453,Chatsworth Rd,Lade St,Coorparoo,Greenslopes,Intersection - T-Junction,No traffic control,60 km/h,Sealed - Wet,Daylight,Straight,Veh'S Opposite Approach: Thru-Right,Opposing vehicles turning,0,0,1,0,1,1,0,0,0,1,0,0
254892,Medical treatment,2013,11,Rear-end,Multi-Vehicle,153.0905769,-27.53406479,Creek Rd,,Mount Gravatt East,Mansfield,No Roadway Feature,No traffic control,60 km/h,Sealed - Dry,Daylight,Curved - view open,Veh'S Same Direction: Rear End,Rear-end,0,0,1,0,1,2,0,0,0,0,0,0
254894,Hospitalisation,2013,8,Rear-end,Multi-Vehicle,153.1167071,-27.54530089,Gateway Art Rd Ramp Xj,,Rochedale,Mansfield,Intersection - Interchange,No traffic control,80 - 90 km/h,Sealed - Wet,Daylight,Curved - view open,Veh'S Same Direction: Rear End,Rear-end,0,1,0,0,1,3,0,0,0,0,0,0
254916,Hospitalisation,2013,16,Hit object,Single Vehicle,152.9730805,-27.57390285,Rudd St,,Oxley,Inala,No Roadway Feature,No traffic control,60 km/h,Sealed - Wet,Daylight,Straight,Off Path-Straight: Other,Other,0,1,0,0,1,1,0,0,0,0,0,0
254918,Hospitalisation,2013,17,Hit pedestrian,Hit pedestrian,152.9629958,-27.59761893,Mira St,Poinsettia St,Inala,Inala,Intersection - T-Junction,Operating traffic lights,60 km/h,Sealed - Dry,Dawn/Dusk,Straight,Ped'N: Far Side Vehicle Hit From Left,Pedestrian,0,1,0,0,1,1,0,0,0,0,1,0
254919,Hospitalisation,2013,9,Hit object,Single Vehicle,152.9874845,-27.5973917,Blunder Rd,,Durack,Sunnybank,No Roadway Feature,No traffic control,70 km/h,Sealed - Wet,Daylight,Straight,Off Path-Straight: Mounts Traffic Island,Off carriageway on straight hit object,0,1,0,0,1,1,0,0,0,0,0,0
254920,Hospitalisation,2013,8,Angle,Multi-Vehicle,153.0589864,-27.47047931,Hawthorne Rd,,Hawthorne,Bulimba,No Roadway Feature,No traffic control,0 - 50 km/h,Sealed - Dry,Daylight,Straight,Off Path-Straight: Other,Other,0,1,0,0,1,1,0,0,0,1,0,0
254921,Hospitalisation,2013,9,Angle,Multi-Vehicle,153.0589733,-27.47059131,Allwood St,Coonan St,Hawthorne,Bulimba,Intersection - Cross,Operating traffic lights,0 - 50 km/h,Sealed - Dry,Daylight,Straight,Veh'S Opposite Approach: Thru-Right,Opposing vehicles turning,0,1,0,0,1,2,0,0,0,0,0,0
254922,Medical treatment,2013,13,Hit object,Single Vehicle,153.076959,-27.485305,Ferguson Rd,,Seven Hills,Bulimba,No Roadway Feature,No traffic control,0 - 50 km/h,Sealed - Dry,Daylight,Curved - view open,Off Path-Curve: Off Cway Lt Bend Hit Obj,Off carriageway on curve hit object,0,0,1,0,1,1,0,0,0,0,0,0
254923,Medical treatment,2013,10,Head-on,Multi-Vehicle,153.035968,-27.486534,Ipswich Rd,Stanley St,Woolloongabba,South Brisbane,Intersection - Cross,Operating traffic lights,60 km/h,Sealed - Wet,Daylight,Straight,Veh'S Opposite Approach: Thru-Right,Opposing vehicles turning,0,0,1,0,1,2,0,0,0,0,0,0
254960,Medical treatment,2013,8,Rear-end,Multi-Vehicle,153.002366,-27.593992,King Ave,,Willawong,Sunnybank,No Roadway Feature,No traffic control,60 km/h,Sealed - Dry,Daylight,Straight,Veh'S Same Direction: Rear End,Rear-end,0,0,1,0,1,2,0,0,0,0,0,0
254961,Medical treatment,2013,22,Rear-end,Multi-Vehicle,152.948104,-27.62371,Roxwell St,,Ellen Grove,Inala,No Roadway Feature,No traffic control,60 km/h,Sealed - Dry,Darkness - Lighted,Straight,Veh'S Same Direction: Rear End,Rear-end,0,0,2,0,2,2,0,0,0,0,0,0
254965,Medical treatment,2013,16,Angle,Multi-Vehicle,152.9763124,-27.55745168,Englefield Rd,Mabel St,Oxley,Mount Ommaney,Intersection - T-Junction,No traffic control,60 km/h,Sealed - Dry,Daylight,Straight,Veh'S Adjacent Approach: Thru-Thru,Intersection from adjacent approaches,0,0,1,0,1,2,0,0,0,0,0,0
254966,Hospitalisation,2013,18,Angle,Multi-Vehicle,153.0406854,-27.56338636,Musgrave Rd,,Coopers Plains,Sunnybank,No Roadway Feature,No traffic control,60 km/h,Sealed - Wet,Darkness - Lighted,Straight,Veh'S Manoeuvring: Leaving Parking,Vehicle leaving driveway,0,1,0,1,2,4,0,0,0,0,0,0
254967,Medical treatment,2013,8,Rear-end,Multi-Vehicle,153.0922574,-27.54436691,Newnham Rd,,Upper Mount Gravatt,Mansfield,No Roadway Feature,No traffic control,60 km/h,Sealed - Dry,Daylight,Straight,Veh'S Same Direction: Rear End,Rear-end,0,0,1,0,1,2,0,0,0,0,0,0
254968,Medical treatment,2013,10,Rear-end,Multi-Vehicle,153.090153,-27.57127,Logan Sub-Arterial Rd,South East Arterial Rd,Eight Mile Plains,Sunnybank,Intersection - Interchange,Operating traffic lights,60 km/h,Sealed - Dry,Daylight,Straight,Veh'S Same Direction: U-Turn,U-turn,0,0,1,0,1,2,0,0,0,0,0,0
254969,Hospitalisation,2013,8,Rear-end,Multi-Vehicle,153.027873,-27.48904552,Annerley Rd,Gloucester St,Woolloongabba,South Brisbane,Intersection - T-Junction,No traffic control,60 km/h,Sealed - Dry,Daylight,Straight,Veh'S Same Direction: Right Rear,Rear-end,0,1,0,0,1,2,0,0,0,0,0,0
254970,Hospitalisation,2013,8,Sideswipe,Multi-Vehicle,153.1435431,-27.46433171,Wynnum Rd,,Wynnum West,Lytton,No Roadway Feature,No traffic control,80 - 90 km/h,Sealed - Dry,Daylight,Straight,Veh'S Same Direction: Lane Side Swipe,Lane changes,0,1,0,0,1,2,0,0,0,0,0,0
255003,Medical treatment,2013,8,Rear-end,Multi-Vehicle,153.032509,-27.51012,Ipswich Rd,,Annerley,Yeerongpilly,No Roadway Feature,Operating traffic lights,60 km/h,Sealed - Dry,Daylight,Straight,Veh'S Same Direction: Rear End,Rear-end,0,0,2,0,2,2,0,0,0,0,0,0
255006,Medical treatment,2013,21,Hit parked vehicle,Single Vehicle,153.048952,-27.503271,Cornwall St,,Greenslopes,South Brisbane,No Roadway Feature,No traffic control,60 km/h,Sealed - Dry,Darkness - Lighted,Straight,Veh'S On Path: Parked,Hit parked vehicle,0,0,1,0,1,3,0,0,0,0,0,0
255008,Hospitalisation,2013,11,Angle,Multi-Vehicle,153.0590739,-27.53448023,Gaza Rd,Messines Ridge Rd,Holland Park West,Greenslopes,Intersection - T-Junction,Operating traffic lights,60 km/h,Sealed - Dry,Daylight,Straight,Veh'S Opposite Approach: Thru-Right,Opposing vehicles turning,0,1,0,1,2,2,0,0,0,0,0,0
255010,Hospitalisation,2013,12,Hit object,Single Vehicle,152.979034,-27.52924982,Honour Ave,Jordan St,Sherwood,Indooroopilly,Intersection - T-Junction,No traffic control,0 - 50 km/h,Sealed - Dry,Daylight,Straight,Off Path-Straight: Left Off Cway Hit Obj,Off carriageway on straight hit object,0,1,0,0,1,1,0,0,0,0,0,0
255011,Hospitalisation,2013,21,Angle,Multi-Vehicle,153.0635851,-27.57376018,Elva St,Mains Rd,Sunnybank,Sunnybank,Intersection - T-Junction,No traffic control,60 km/h,Sealed - Wet,Darkness - Lighted,Straight,Veh'S Opposite Approach: Thru-Right,Opposing vehicles turning,0,3,0,0,3,2,0,0,0,0,0,0
255012,Minor injury,2013,6,Angle,Multi-Vehicle,153.002079,-27.489704,Morry St,Orleigh St,West End,South Brisbane,Intersection - T-Junction,No traffic control,60 km/h,Sealed - Dry,Daylight,Straight,Veh'S Same Direction: Right Turn S/Swipe,Parallel lanes turning,0,0,0,1,1,1,0,0,0,1,0,0
255038,Medical treatment,2013,6,Fall from vehicle,Single Vehicle,153.051198,-27.611171,Compton Rd,Mt Lindesay Art. Rd,Calamvale,Stretton,Intersection - T-Junction,Operating traffic lights,80 - 90 km/h,Sealed - Wet,Dawn/Dusk,Straight,Off Path-Straight: Right Turn,Off carriageway on straight,0,0,1,0,1,0,1,0,0,0,0,0
255039,Hospitalisation,2013,22,Hit object,Single Vehicle,152.9288974,-27.5961212,Industrial Ave,,Wacol,Inala,No Roadway Feature,No traffic control,60 km/h,Sealed - Wet,Darkness - Not lighted,Straight,Off Path-Straight: Mounts Traffic Island,Off carriageway on straight hit object,0,2,0,0,2,1,0,0,0,0,0,0
255040,Medical treatment,2013,17,Rear-end,Multi-Vehicle,153.078143,-27.518771,Cavendish Rd,Seville Rd,Holland Park,Greenslopes,Intersection - T-Junction,No traffic control,60 km/h,Sealed - Wet,Daylight,Straight,Veh'S Same Direction: Right Rear,Rear-end,0,0,1,0,1,2,0,0,0,0,0,0
255042,Minor injury,2013,16,Rear-end,Multi-Vehicle,153.02427,-27.568389,Boundary Rd,Mt Lindesay Art. Rd,Coopers Plains,Sunnybank,Intersection - Cross,Operating traffic lights,70 km/h,Sealed - Wet,Daylight,Straight,Veh'S Same Direction: Rear End,Rear-end,0,0,0,1,1,1,1,0,0,0,0,0
255066,Medical treatment,2013,8,Fall from vehicle,Single Vehicle,153.042703,-27.6440656,Mt Lindesay Art. Rd,,Drewvale,Stretton,No Roadway Feature,No traffic control,70 km/h,Sealed - Dry,Daylight,Straight,Veh'S Same Direction: Rear End,Rear-end,0,0,1,0,1,1,1,0,0,0,0,0
255067,Fatal,2013,14,Rear-end,Multi-Vehicle,153.0447739,-27.63817323,Mt Lindesay Art. Rd,,Calamvale,Algester,No Roadway Feature,No traffic control,80 - 90 km/h,Sealed - Dry,Daylight,Curved - view open,Veh'S Same Direction: Rear End,Rear-end,1,0,0,0,1,0,1,1,0,0,0,0
255068,Medical treatment,2013,5,Sideswipe,Multi-Vehicle,152.934399,-27.592793,Boundary Rd,Progress Rd,Wacol,Inala,Intersection - Cross,Operating traffic lights,60 km/h,Sealed - Dry,Dawn/Dusk,Straight,Veh'S Same Direction: Right Turn S/Swipe,Parallel lanes turning,0,0,1,0,1,1,0,0,0,1,0,0
255070,Hospitalisation,2013,8,Sideswipe,Multi-Vehicle,152.981999,-27.52724981,Oxley Rd,,Sherwood,Indooroopilly,No Roadway Feature,No traffic control,60 km/h,Sealed - Dry,Daylight,Straight,Veh'S Same Direction: Lane Change Left,Lane changes,0,2,0,0,2,1,1,0,0,0,0,0
255071,Medical treatment,2013,13,Rear-end,Multi-Vehicle,153.117678,-27.545126,Gateway Art Rd Ramp Xi,,Mackenzie,Mansfield,Intersection - Interchange,Operating traffic lights,60 km/h,Sealed - Dry,Daylight,Straight,Veh'S Same Direction: Rear End,Rear-end,0,0,1,0,1,1,1,0,0,0,0,0
255072,Medical treatment,2013,8,Rear-end,Multi-Vehicle,153.006913,-27.47794,Montague Rd,,West End,South Brisbane,No Roadway Feature,No traffic control,60 km/h,Sealed - Dry,Daylight,Straight,Veh'S Same Direction: Rear End,Rear-end,0,0,1,0,1,2,0,0,0,0,0,0
255099,Minor injury,2013,9,Rear-end,Multi-Vehicle,153.044739,-27.638344,Illaweena St,Mt Lindesay Art. Rd,Parkinson,Algester,Intersection - Cross,Operating traffic lights,80 - 90 km/h,Sealed - Wet,Daylight,Straight,Veh'S Same Direction: Right Rear,Rear-end,0,0,0,1,1,2,0,0,0,0,0,0
255103,Medical treatment,2013,18,Rear-end,Multi-Vehicle,153.0329807,-27.48886764,South East Arterial Rd,,Woolloongabba,South Brisbane,No Roadway Feature,No traffic control,0 - 50 km/h,Sealed - Wet,Dawn/Dusk,Straight,Veh'S Same Direction: Rear End,Rear-end,0,0,1,0,1,1,0,0,1,0,0,0
255125,Medical treatment,2013,7,Sideswipe,Multi-Vehicle,152.965951,-27.590919,Azalea St,,Inala,Inala,No Roadway Feature,No traffic control,0 - 50 km/h,Sealed - Wet,Dawn/Dusk,Curved - view obscured,Veh'S Manoeuvring: Leaving Driveway,Vehicle leaving driveway,0,0,1,0,1,2,0,0,0,0,0,0
255126,Hospitalisation,2013,9,Hit parked vehicle,Single Vehicle,152.9556651,-27.60962498,Forest Lake Blvd,,Forest Lake,Inala,No Roadway Feature,No traffic control,60 km/h,Sealed - Dry,Daylight,Straight,Veh'S On Path: Parked,Hit parked vehicle,0,2,0,0,2,2,0,0,0,0,0,0
255127,Hospitalisation,2013,2,Hit object,Single Vehicle,153.0191357,-27.55633049,Marshall Rd,,Rocklea,Yeerongpilly,No Roadway Feature,No traffic control,0 - 50 km/h,Sealed - Wet,Darkness - Lighted,Straight,Off Path-Straight: Mounts Traffic Island,Off carriageway on straight hit object,0,1,0,0,1,1,0,0,0,0,0,0
255128,Medical treatment,2013,12,Rear-end,Multi-Vehicle,153.02075,-27.543463,Beaudesert Rd,Evans Rd,Salisbury,Yeerongpilly,Intersection - T-Junction,No traffic control,60 km/h,Sealed - Dry,Daylight,Straight,Veh'S Same Direction: Left Rear,Rear-end,0,0,1,0,1,2,0,0,0,0,0,0
255158,Medical treatment,2013,15,Rear-end,Multi-Vehicle,152.986728,-27.594134,Blunder Rd,,Durack,Sunnybank,No Roadway Feature,No traffic control,70 km/h,Sealed - Dry,Daylight,Straight,Veh'S Same Direction: Rear End,Rear-end,0,0,1,0,1,2,0,0,0,0,0,0
255160,Hospitalisation,2013,18,Sideswipe,Multi-Vehicle,153.0023689,-27.55909665,Cunningham Arterial Rd,,Rocklea,Sunnybank,No Roadway Feature,No traffic control,80 - 90 km/h,Sealed - Dry,Darkness - Lighted,Curved - view open,Veh'S Manoeuvring: Other,Other,0,1,2,0,3,2,0,0,0,0,0,0
255161,Hospitalisation,2013,17,Hit pedestrian,Hit pedestrian,153.0358568,-27.48290648,Anglesey St,Main St,Kangaroo Point,South Brisbane,Intersection - Cross,Operating traffic lights,60 km/h,Sealed - Dry,Daylight,Straight,Ped'N: Far Side Vehicle Hit From Left,Pedestrian,0,1,0,0,1,1,0,0,0,0,1,0
255188,Medical treatment,2013,10,Rear-end,Multi-Vehicle,152.9825589,-27.56598432,Ipswich Rd,,Oxley,Inala,Intersection - Interchange,No traffic control,60 km/h,Sealed - Dry,Daylight,Straight,Veh'S Same Direction: Rear End,Rear-end,0,0,1,1,2,2,0,0,0,0,0,0
255189,Medical treatment,2013,17,Rear-end,Multi-Vehicle,153.063474,-27.603497,Gowan Rd,Nemies Rd,Sunnybank Hills,Stretton,Intersection - T-Junction,Operating traffic lights,60 km/h,Sealed - Dry,Dawn/Dusk,Straight,Veh'S Same Direction: Rear End,Rear-end,0,0,1,1,2,2,0,0,0,0,0,0
255190,Medical treatment,2013,16,Angle,Multi-Vehicle,153.095264,-27.475002,Creek Rd,Richmond Rd,Cannon Hill,Bulimba,Intersection - T-Junction,Operating traffic lights,60 km/h,Sealed - Dry,Daylight,Straight,Veh'S Adjacent Approach: Thru-Right,Intersection from adjacent approaches,0,0,1,0,1,1,1,0,0,0,0,0
255195,Medical treatment,2013,14,Sideswipe,Multi-Vehicle,153.042262,-27.497945,Logan Rd,O'Keefe St,Woolloongabba,South Brisbane,Intersection - Roundabout,No traffic control,60 km/h,Sealed - Dry,Daylight,Straight,Veh'S Same Direction: Right Turn S/Swipe,Parallel lanes turning,0,0,1,0,1,1,1,0,0,0,0,0
255228,Medical treatment,2013,8,Rear-end,Multi-Vehicle,153.080246,-27.539598,Logan Rd,,Mount Gravatt,Mansfield,No Roadway Feature,No traffic control,60 km/h,Sealed - Dry,Daylight,Straight,Veh'S Same Direction: Rear End,Rear-end,0,0,2,0,2,3,0,0,0,0,0,0
255230,Medical treatment,2013,9,Rear-end,Multi-Vehicle,153.044927,-27.532495,Marshall Rd,Monash Rd,Tarragindi,Yeerongpilly,Intersection - T-Junction,Operating traffic lights,60 km/h,Sealed - Dry,Daylight,Curved - view open,Veh'S Same Direction: Left Rear,Rear-end,0,0,1,0,1,2,0,0,0,0,0,0
255231,Hospitalisation,2013,9,Rear-end,Multi-Vehicle,153.07321,-27.45482021,Lytton Rd,Thynne Rd,Morningside,Bulimba,Intersection - T-Junction,No traffic control,60 km/h,Sealed - Dry,Daylight,Curved - view open,Veh'S Same Direction: Rear End,Rear-end,0,1,1,0,2,2,0,0,0,0,0,0
255232,Minor injury,2013,18,Rear-end,Multi-Vehicle,153.082476,-27.47299,Richmond Rd,,Morningside,Bulimba,No Roadway Feature,No traffic control,60 km/h,Unsealed - Dry,Darkness - Lighted,Straight,Veh'S Same Direction: Rear End,Rear-end,0,0,0,1,1,1,0,0,1,0,0,0
255233,Hospitalisation,2013,5,Sideswipe,Multi-Vehicle,153.0563534,-27.47386833,Wynnum Rd,,Norman Park,Bulimba,No Roadway Feature,No traffic control,60 km/h,Sealed - Dry,Daylight,Straight,Veh'S Same Direction: Lane Side Swipe,Lane changes,0,1,0,0,1,1,0,0,0,1,0,0
255234,Medical treatment,2013,16,Rear-end,Multi-Vehicle,152.980207,-27.54922,Cliveden Ave,,Corinda,Mount Ommaney,No Roadway Feature,No traffic control,60 km/h,Sealed - Dry,Daylight,Straight,Veh'S Same Direction: Rear End,Rear-end,0,0,1,0,1,2,0,0,0,0,0,0
255235,Hospitalisation,2013,8,Angle,Multi-Vehicle,152.97998,-27.52230284,Evadne St,Oxley Rd,Graceville,Indooroopilly,Intersection - T-Junction,No traffic control,60 km/h,Sealed - Dry,Daylight,Straight,Veh'S Opposite Approach: Thru-Right,Opposing vehicles turning,0,2,0,0,2,2,0,0,0,0,0,0
255237,Hospitalisation,2013,17,Sideswipe,Multi-Vehicle,153.0358798,-27.48366648,Linton St,Main St,Kangaroo Point,South Brisbane,Intersection - T-Junction,No traffic control,60 km/h,Sealed - Dry,Dawn/Dusk,Straight,Veh'S Same Direction: Left Turn S/Swipe,Parallel lanes turning,0,1,0,0,1,1,1,0,0,0,0,0
255238,Medical treatment,2013,8,Angle,Multi-Vehicle,153.160103,-27.467555,Hargreaves Rd,Radford Rd,Manly West,Lytton,Intersection - T-Junction,Stop sign,60 km/h,Sealed - Dry,Daylight,Straight,Veh'S Adjacent Approach: Thru-Thru,Intersection from adjacent approaches,0,0,1,0,1,2,0,0,0,0,0,0
255267,Medical treatment,2013,19,Hit object,Single Vehicle,152.951968,-27.550589,Edenbrooke Dr,,Sinnamon Park,Mount Ommaney,Intersection - T-Junction,No traffic control,0 - 50 km/h,Sealed - Dry,Darkness - Lighted,Curved - view open,Off Path-Curve: Off Cway Lt Bend Hit Obj,Off carriageway on curve hit object,0,0,1,0,1,1,0,0,0,0,0,0
255268,Medical treatment,2013,10,Rear-end,Multi-Vehicle,152.945788,-27.534297,Seventeen Mile Rocks Rd,Western Arterial Rd,Jindalee,Mount Ommaney,Intersection - Interchange,Give way sign,60 km/h,Sealed - Dry,Daylight,Curved - view open,Veh'S Same Direction: Left Rear,Rear-end,0,0,1,0,1,2,0,0,0,0,0,0
255270,Medical treatment,2013,13,Angle,Multi-Vehicle,153.020243,-27.629309,Paradise Rd,,Larapinta,Algester,No Roadway Feature,No traffic control,70 km/h,Sealed - Dry,Daylight,Curved - view open,Veh'S Opposite Approach: Head On,Head-on,0,0,1,0,1,2,0,0,0,0,0,0
255273,Medical treatment,2013,23,Angle,Multi-Vehicle,153.063375,-27.575689,Mains Rd,Turton St,Sunnybank,Sunnybank,Intersection - T-Junction,Operating traffic lights,60 km/h,Sealed - Dry,Darkness - Lighted,Straight,Veh'S Adjacent Approach: Thru-Thru,Intersection from adjacent approaches,0,0,1,0,1,3,0,0,0,0,0,0
255274,Medical treatment,2013,10,Rear-end,Multi-Vehicle,153.092355,-27.544022,Newnham Rd,,Upper Mount Gravatt,Mansfield,No Roadway Feature,No traffic control,60 km/h,Sealed - Dry,Daylight,Straight,Veh'S Same Direction: Rear End,Rear-end,0,0,1,0,1,2,0,0,0,0,0,0
255275,Medical treatment,2013,18,Rear-end,Multi-Vehicle,153.082518,-27.565238,South East Arterial Rd,,Macgregor,Mansfield,No Roadway Feature,No traffic control,100 - 110 km/h,Sealed - Dry,Darkness - Lighted,Straight,Veh'S Same Direction: Rear End,Rear-end,0,0,1,0,1,3,0,0,0,0,0,0
255276,Medical treatment,2013,19,Rear-end,Multi-Vehicle,153.0481157,-27.47804034,Lytton Rd,Walter Ave,East Brisbane,South Brisbane,Intersection - T-Junction,No traffic control,60 km/h,Sealed - Dry,Darkness - Lighted,Straight,Veh'S Same Direction: Right Rear,Rear-end,0,0,2,0,2,2,0,0,0,0,0,0