Crash_Ref_Number,Severity,Year,Hour,Crash_Nature,Crash_Type,Longitude,Latitude,Street,Street_Intersecting,Suburb,Loc_State_Electorate,Crash_Roadway_Feature,Crash_Traffic_Control,Crash_Speed_Limit,Crash_Road_Surface_Condition,Crash_Lighting_Condition,Crash_Road_Horiz_Align,Crash_DCA_Description,Crash_DCA_Group_Description,Count_Casualty_Fatality,Count_Casualty_Hospitalised,Count_Casualty_MedicallyTreated,Count_Casualty_MinorInjury,Count_Casualty_Total,Count_Unit_Car,Count_Unit_Motorcycle_Moped,Count_Unit_Truck,Count_Unit_Bus,Count_Unit_Bicycle,Count_Unit_Pedestrian,Count_Unit_Other
255308,Hospitalisation,2013,19,Angle,Multi-Vehicle,153.0168177,-27.55797452,Beatty Rd,Griffith Arterial Rd,Archerfield,Sunnybank,Intersection - Cross,Operating traffic lights,60 km/h,Sealed - Dry,Darkness - Lighted,Straight,Veh'S Opposite Approach: Thru-Right,Opposing vehicles turning,0,2,0,0,2,2,0,0,0,0,0,0
255310,Minor injury,2013,6,Angle,Multi-Vehicle,153.17652,-27.459381,Manly Rd,Preston Rd,Manly West,Lytton,Intersection - Roundabout,Give way sign,60 km/h,Sealed - Dry,Dawn/Dusk,Straight,Veh'S Adjacent Approach: Thru-Thru,Intersection from adjacent approaches,0,0,0,1,1,2,0,0,0,0,0,0
255337,Medical treatment,2013,9,Rear-end,Multi-Vehicle,153.058444,-27.599461,Hellawell Rd,Pinelands Rd,Sunnybank Hills,Sunnybank,Intersection - Cross,Operating traffic lights,60 km/h,Sealed - Dry,Daylight,Straight,Veh'S Same Direction: Rear End,Rear-end,0,0,1,0,1,2,0,0,0,0,0,0
255338,Medical treatment,2013,13,Rear-end,Multi-Vehicle,153.12325,-27.503682,Cleveland Sub-Arterial Rd,Old Cleveland Rd,Carindale,Chatsworth,Intersection - T-Junction,No traffic control,60 km/h,Sealed - Dry,Daylight,Curved - view open,Veh'S Same Direction: Left Rear,Rear-end,0,0,1,0,1,2,0,0,0,0,0,0
255340,Medical treatment,2013,17,Hit object,Single Vehicle,153.09635,-27.60668,Beenleigh Rd,,Kuraby,Stretton,No Roadway Feature,No traffic control,60 km/h,Sealed - Dry,Daylight,Straight,Veh'S Manoeuvring: Other,Other,0,0,1,0,1,2,0,0,0,0,0,0
255341,Medical treatment,2013,11,Angle,Multi-Vehicle,153.065956,-27.561044,Griffith Arterial Rd,Mains Rd,Macgregor,Sunnybank,Intersection - Cross,Operating traffic lights,60 km/h,Sealed - Dry,Daylight,Straight,Veh'S Opposite Approach: Thru-Right,Opposing vehicles turning,0,0,1,1,2,2,0,0,0,0,0,0
255342,Hospitalisation,2013,11,Angle,Multi-Vehicle,153.1167811,-27.54502388,Redland Sub-Arterial Rd,Weedon St W,Mackenzie,Mansfield,Intersection - T-Junction,Operating traffic lights,60 km/h,Sealed - Dry,Daylight,Straight,Veh'S Adjacent Approach: Thru-Right,Intersection from adjacent approaches,0,1,0,0,1,2,0,0,0,0,0,0
255347,Hospitalisation,2013,0,Hit parked vehicle,Single Vehicle,153.1316485,-27.50490179,Cleveland Sub-Arterial Rd,,Belmont,Chatsworth,No Roadway Feature,No traffic control,80 - 90 km/h,Sealed - Dry,Darkness - Not lighted,Straight,Veh'S Same Direction: Other,Other,0,1,0,0,1,2,0,0,0,0,0,0
255378,Medical treatment,2013,9,Rear-end,Multi-Vehicle,152.982426,-27.576495,Blunder Rd,,Durack,Inala,Intersection - T-Junction,Operating traffic lights,60 km/h,Sealed - Dry,Daylight,Straight,Veh'S Same Direction: Left Rear,Rear-end,0,0,1,0,1,1,0,1,0,0,0,0
255379,Medical treatment,2013,12,Angle,Multi-Vehicle,152.924276,-27.588205,Wacol Station Rd,Wilruna St,Wacol,Inala,Intersection - T-Junction,Give way sign,60 km/h,Sealed - Dry,Daylight,Straight,Veh'S Adjacent Approach: Right-Right,Intersection from adjacent approaches,0,0,1,0,1,1,1,0,0,0,0,0
255384,Hospitalisation,2013,17,Hit parked vehicle,Single Vehicle,153.0321625,-27.56219441,Musgrave Rd,,Coopers Plains,Sunnybank,No Roadway Feature,No traffic control,60 km/h,Sealed - Dry,Daylight,Curved - view open,Veh'S On Path: Parked,Hit parked vehicle,0,1,0,0,1,1,0,1,0,0,0,0
255385,Hospitalisation,2013,22,Hit parked vehicle,Single Vehicle,153.0622913,-27.46505029,Dutton St,,Hawthorne,Bulimba,No Roadway Feature,No traffic control,0 - 50 km/h,Sealed - Dry,Darkness - Not lighted,Straight,Veh'S On Path: Parked,Hit parked vehicle,0,1,0,0,1,3,0,0,0,0,0,0
255414,Minor injury,2013,16,Rear-end,Multi-Vehicle,153.04659,-27.631057,Mt Lindesay Art. Rd,,Calamvale,Stretton,No Roadway Feature,No traffic control,80 - 90 km/h,Sealed - Dry,Daylight,Straight,Veh'S Same Direction: Rear End,Rear-end,0,0,0,1,1,2,0,0,0,0,0,0
255415,Medical treatment,2013,15,Rear-end,Multi-Vehicle,152.9270098,-27.58765024,Cunningham Arterial Rd,Progress Rd,Wacol,Inala,Intersection - Interchange,No traffic control,60 km/h,Sealed - Dry,Daylight,Straight,Veh'S Same Direction: Left Rear,Rear-end,0,0,1,0,1,3,0,0,0,0,0,0
255419,Medical treatment,2013,7,Sideswipe,Multi-Vehicle,153.116334,-27.545244,Gateway Art Rd Ramp Xj,Gateway Art Rd Ramp Xk,Wishart,Mansfield,Intersection - Interchange,Give way sign,60 km/h,Sealed - Wet,Daylight,Straight,Veh'S Adjacant Approach: Thru-Left,Intersection from adjacent approaches,0,0,1,0,1,1,1,0,0,0,0,0
255420,Medical treatment,2013,16,Rear-end,Multi-Vehicle,153.1077,-27.571191,Gateway Arterial Rd,,Rochedale,Mansfield,No Roadway Feature,No traffic control,100 - 110 km/h,Sealed - Dry,Daylight,Straight,Veh'S Same Direction: Rear End,Rear-end,0,0,2,0,2,3,0,0,0,0,0,0
255421,Medical treatment,2013,17,Fall from vehicle,Single Vehicle,153.012055,-27.480976,Boundary St,Vulture St,West End,South Brisbane,Intersection - Cross,Operating traffic lights,0 - 50 km/h,Sealed - Dry,Dawn/Dusk,Straight,Veh'S Same Direction: Lane Side Swipe,Lane changes,0,0,1,0,1,1,0,0,0,0,0,1
255422,Medical treatment,2013,13,Rear-end,Multi-Vehicle,153.0490214,-27.47703459,Lytton Rd,,East Brisbane,South Brisbane,Other,No traffic control,60 km/h,Sealed - Dry,Daylight,Curved - view open,Ped'N: Far Side Vehicle Hit From Left,Pedestrian,0,0,1,0,1,2,0,0,0,0,0,0
255454,Hospitalisation,2013,20,Fall from vehicle,Single Vehicle,152.9434159,-27.57828407,Cunningham Art Rd Off Ramp,,Darra,Inala,Intersection - Interchange,No traffic control,60 km/h,Sealed - Dry,Darkness - Lighted,Curved - view open,Off Path-Curve: Out Of Control On Cway,Out of control on curve,0,1,0,0,1,0,1,0,0,0,0,0
255456,Hospitalisation,2013,7,Sideswipe,Multi-Vehicle,153.0539527,-27.49739029,Nicklin St,Old Cleveland Rd,Coorparoo,South Brisbane,Intersection - Cross,Operating traffic lights,60 km/h,Sealed - Wet,Daylight,Straight,Veh'S Same Direction: Left Turn S/Swipe,Parallel lanes turning,0,1,0,0,1,1,1,0,0,0,0,0
255458,Minor injury,2013,14,Angle,Multi-Vehicle,152.98715,-27.596444,Blunder Rd,Inala Ave,Durack,Sunnybank,Intersection - Cross,Operating traffic lights,60 km/h,Sealed - Dry,Daylight,Straight,Veh'S Opposite Approach: Thru-Right,Opposing vehicles turning,0,0,0,1,1,2,0,0,0,0,0,0
255460,Medical treatment,2013,11,Rear-end,Multi-Vehicle,153.08128,-27.559962,Logan Rd,Redland Sub-Arterial Rd,Upper Mount Gravatt,Mansfield,Intersection - Cross,Operating traffic lights,60 km/h,Sealed - Dry,Daylight,Straight,Veh'S Same Direction: Rear End,Rear-end,0,0,1,0,1,2,0,0,0,0,0,0
255461,Medical treatment,2013,14,Angle,Multi-Vehicle,153.099959,-27.584476,Gateway Arterial Rd,Logan Sub-Arterial Rd,Eight Mile Plains,Stretton,Intersection - Interchange,Operating traffic lights,60 km/h,Sealed - Dry,Daylight,Straight,Veh'S Adjacent Approach: Thru-Right,Intersection from adjacent approaches,0,0,2,0,2,2,0,0,0,0,0,0
255462,Medical treatment,2013,18,Rear-end,Multi-Vehicle,153.106598,-27.574924,Gateway Arterial Rd,,Rochedale,Mansfield,No Roadway Feature,No traffic control,100 - 110 km/h,Sealed - Wet,Darkness - Lighted,Straight,Veh'S Same Direction: Rear End,Rear-end,0,0,1,0,1,4,0,0,0,0,0,0
255463,Minor injury,2013,14,Rear-end,Multi-Vehicle,153.153087,-27.436446,Clare Ave,Sandy Camp Rd,Wynnum West,Lytton,Intersection - T-Junction,No traffic control,60 km/h,Sealed - Dry,Daylight,Straight,Veh'S Same Direction: Rear End,Rear-end,0,0,0,1,1,2,0,0,0,0,0,0
255502,Minor injury,2013,16,Angle,Multi-Vehicle,153.044665,-27.621894,Hamish St,Klim St,Calamvale,Stretton,Intersection - T-Junction,No traffic control,0 - 50 km/h,Sealed - Wet,Daylight,Straight,Veh'S Same Direction: Right Turn S/Swipe,Parallel lanes turning,0,0,0,1,1,2,0,0,0,0,0,0
255503,Medical treatment,2013,12,Angle,Multi-Vehicle,152.98376,-27.566641,Factory Rd,,Oxley,Inala,Other,Give way sign,60 km/h,Sealed - Dry,Daylight,Straight,Veh'S Manoeuvring: Leaving Driveway,Vehicle leaving driveway,0,0,1,0,1,2,0,0,0,0,0,0
255504,Medical treatment,2013,16,Sideswipe,Multi-Vehicle,152.926031,-27.562226,Brumby Crct,Sumners Rd,Middle Park,Mount Ommaney,Intersection - T-Junction,No traffic control,60 km/h,Sealed - Wet,Daylight,Straight,Veh'S Same Direction: Lane Change Right,Lane changes,0,0,1,0,1,2,0,0,0,0,0,0
255505,Medical treatment,2013,17,Rear-end,Multi-Vehicle,152.9412,-27.563202,Western Arterial Rd,,Sumner,Mount Ommaney,No Roadway Feature,No traffic control,100 - 110 km/h,Sealed - Wet,Dawn/Dusk,Straight,Veh'S Same Direction: Rear End,Rear-end,0,0,1,0,1,2,0,0,0,0,0,1
255512,Hospitalisation,2013,15,Hit pedestrian,Hit pedestrian,152.9809171,-27.5435848,Lynne Grove Ave,Oxley Rd,Corinda,Mount Ommaney,Intersection - Cross,Operating traffic lights,60 km/h,Sealed - Dry,Daylight,Straight,Ped'N: Far Side Vehicle Hit From Left,Pedestrian,0,2,0,0,2,1,0,0,0,0,2,0
255521,Medical treatment,2013,7,Hit object,Single Vehicle,153.1301,-27.50469203,Cleveland Sub-Arterial Rd,,Belmont,Chatsworth,No Roadway Feature,No traffic control,80 - 90 km/h,Sealed - Dry,Daylight,Straight,Off Path-Straight: Left Off Cway Hit Obj,Off carriageway on straight hit object,0,0,1,0,1,1,0,0,0,0,0,0
255550,Hospitalisation,2013,7,Angle,Multi-Vehicle,153.0445969,-27.63996422,Mt Lindesay Art. Rd,,Parkinson,Algester,No Roadway Feature,No traffic control,60 km/h,Sealed - Dry,Daylight,Straight,Off Path-Straight: Left Off Cway Hit Obj,Off carriageway on straight hit object,0,1,0,0,1,1,1,0,0,0,0,0
255551,Medical treatment,2013,9,Hit object,Single Vehicle,152.9451448,-27.55323056,Carissa St,,Sinnamon Park,Mount Ommaney,No Roadway Feature,No traffic control,60 km/h,Sealed - Dry,Daylight,Straight,Veh'S Manoeuvring: Rev Into Fixed Object,Other,0,0,1,0,1,1,0,0,0,0,0,0
255552,Minor injury,2013,16,Angle,Multi-Vehicle,153.094391,-27.489044,Dickenson St,Stanley Rd,Carina,Chatsworth,Intersection - T-Junction,Give way sign,0 - 50 km/h,Sealed - Dry,Daylight,Straight,Veh'S Adjacent Approach: Thru-Right,Intersection from adjacent approaches,0,0,0,1,1,2,0,0,0,0,0,0
255559,Medical treatment,2013,14,Angle,Multi-Vehicle,153.079155,-27.560474,Griffith Arterial Rd,Macgregor St,Upper Mount Gravatt,Mansfield,Intersection - T-Junction,Operating traffic lights,60 km/h,Sealed - Dry,Daylight,Straight,Veh'S Opposite Approach: Thru-Right,Opposing vehicles turning,0,0,1,0,1,2,0,0,0,0,0,0
255588,Minor injury,2013,12,Rear-end,Multi-Vehicle,152.955462,-27.624871,Grand Ave,,Forest Lake,Algester,No Roadway Feature,No traffic control,0 - 50 km/h,Sealed - Dry,Daylight,Straight,Veh'S Same Direction: Right Rear,Rear-end,0,0,0,1,1,2,0,0,0,0,0,0
255608,Hospitalisation,2013,10,Hit pedestrian,Hit pedestrian,153.0448418,-27.49904035,Logan Rd,,Greenslopes,South Brisbane,No Roadway Feature,No traffic control,0 - 50 km/h,Sealed - Dry,Daylight,Straight,Ped'N: Hit Other,Other,0,1,0,0,1,1,0,0,0,0,1,0
255610,Hospitalisation,2013,17,Hit parked vehicle,Single Vehicle,153.1003533,-27.540275,Liamena St,Tandanya St,Mansfield,Mansfield,Intersection - T-Junction,No traffic control,0 - 50 km/h,Sealed - Dry,Darkness - Lighted,Straight,Veh'S On Path: Parked,Hit parked vehicle,0,1,0,0,1,2,0,0,0,0,0,0
255637,Hospitalisation,2013,12,Fall from vehicle,Single Vehicle,153.0594766,-27.62523413,Gowan Rd,Kameruka St,Stretton,Stretton,Intersection - Cross,Operating traffic lights,60 km/h,Sealed - Dry,Daylight,Straight,Off Path-Straight:Out Of Control On Cway,Out of control on straight,0,1,0,0,1,0,1,0,0,0,0,0
255640,Minor injury,2013,16,Rear-end,Multi-Vehicle,153.078143,-27.518771,Cavendish Rd,Seville Rd,Holland Park,Greenslopes,Intersection - T-Junction,No traffic control,60 km/h,Sealed - Dry,Daylight,Curved - view open,Veh'S Same Direction: Right Rear,Rear-end,0,0,0,1,1,2,0,0,0,0,0,0
255641,Hospitalisation,2013,8,Angle,Multi-Vehicle,153.077954,-27.46417917,Baringa St,Beverley St,Morningside,Bulimba,Intersection - Roundabout,Give way sign,0 - 50 km/h,Sealed - Dry,Daylight,Straight,Veh'S Adjacent Approach: Thru-Right,Intersection from adjacent approaches,0,1,0,0,1,1,0,0,0,1,0,0
255642,Hospitalisation,2013,14,Hit object,Single Vehicle,152.9705331,-27.51953292,Laurel Ave,Verney Rd W,Graceville,Indooroopilly,Intersection - T-Junction,Give way sign,0 - 50 km/h,Sealed - Dry,Daylight,Straight,Off Path-Straight:Right Off Cway Hit Obj,Off carriageway on straight hit object,0,1,0,0,1,1,0,0,0,0,0,0
255643,Medical treatment,2013,15,Rear-end,Multi-Vehicle,153.0986746,-27.57492398,South East Arterial Rd,,Eight Mile Plains,Mansfield,No Roadway Feature,No traffic control,100 - 110 km/h,Sealed - Dry,Daylight,Straight,Veh'S Same Direction: Rear End,Rear-end,0,0,1,1,2,2,0,0,0,0,0,0
255644,Hospitalisation,2013,9,Hit parked vehicle,Single Vehicle,153.027453,-27.49285152,Annerley Rd,,Dutton Park,South Brisbane,Bikeway,No traffic control,60 km/h,Sealed - Dry,Daylight,Straight,Veh'S Same Direction: Lane Side Swipe,Lane changes,0,1,0,0,1,1,0,1,0,1,0,0
255673,Hospitalisation,2013,21,Hit pedestrian,Hit pedestrian,153.0642111,-27.57195418,Mains Rd,Mccullough St,Sunnybank,Sunnybank,Intersection - Cross,Operating traffic lights,60 km/h,Sealed - Dry,Darkness - Lighted,Straight,Ped'N: Far Side Vehicle Hit From Left,Pedestrian,0,1,0,0,1,1,0,0,0,0,1,0
255674,Medical treatment,2013,18,Sideswipe,Multi-Vehicle,153.018524,-27.474364,Grey St,,South Brisbane,South Brisbane,No Roadway Feature,No traffic control,60 km/h,Sealed - Dry,Darkness - Lighted,Straight,Off Path-Straight: Left Off Cway Hit Obj,Off carriageway on straight hit object,0,0,1,0,1,1,0,0,0,1,0,0
255711,Hospitalisation,2013,21,Angle,Multi-Vehicle,153.0344935,-27.56985641,Boundary Rd,Halt St,Coopers Plains,Sunnybank,Intersection - T-Junction,Operating traffic lights,60 km/h,Sealed - Dry,Darkness - Lighted,Straight,Veh'S Opposite Approach: Thru-Right,Opposing vehicles turning,0,2,0,0,2,2,0,0,0,0,0,0
255714,Medical treatment,2013,15,Rear-end,Multi-Vehicle,153.104364,-27.583381,South East Arterial Rd,,Eight Mile Plains,Stretton,No Roadway Feature,No traffic control,80 - 90 km/h,Sealed - Dry,Daylight,Straight,Veh'S Same Direction: Rear End,Rear-end,0,0,1,0,1,3,0,0,0,0,0,0
255715,Hospitalisation,2013,15,Hit pedestrian,Hit pedestrian,153.028112,-27.48477155,Raymond Tce,Stanley St,South Brisbane,South Brisbane,Intersection - T-Junction,Operating traffic lights,0 - 50 km/h,Sealed - Dry,Daylight,Straight,Ped'N: Near Side Vehicle Hit From Right,Pedestrian,0,1,0,0,1,1,0,0,0,0,1,0
255720,Minor injury,2013,14,Angle,Multi-Vehicle,153.1257115,-27.50417677,Cleveland Sub-Arterial Rd,,Belmont,Chatsworth,Median Opening,No traffic control,60 km/h,Sealed - Dry,Daylight,Straight,Veh'S Opposite Approach: Thru-Right,Opposing vehicles turning,0,0,0,1,1,2,0,0,0,0,0,0
255749,Minor injury,2013,15,Sideswipe,Multi-Vehicle,153.0669,-27.491726,Old Cleveland Rd,,Camp Hill,Bulimba,No Roadway Feature,No traffic control,60 km/h,Sealed - Dry,Daylight,Straight,Veh'S Manoeuvring: Leaving Driveway,Vehicle leaving driveway,0,0,0,1,1,1,0,0,1,0,0,0
255751,Medical treatment,2013,7,Angle,Multi-Vehicle,153.049711,-27.50098,Jubilee St,Knowsley St,Greenslopes,South Brisbane,Intersection - Roundabout,Give way sign,0 - 50 km/h,Sealed - Wet,Daylight,Straight,Veh'S Adjacent Approach: Thru-Thru,Intersection from adjacent approaches,0,0,1,0,1,1,0,0,0,1,0,0
255756,Hospitalisation,2013,14,Angle,Multi-Vehicle,153.0077527,-27.54006256,Sherwood Rd,,Rocklea,Yeerongpilly,No Roadway Feature,No traffic control,60 km/h,Sealed - Dry,Daylight,Straight,Veh'S Same Direction: Left Turn S/Swipe,Parallel lanes turning,0,1,0,0,1,2,0,0,0,0,0,0
255757,Medical treatment,2013,15,Hit pedestrian,Hit pedestrian,153.079134,-27.56203,Macgregor St,,Upper Mount Gravatt,Mansfield,No Roadway Feature,Pedestrian crossing sign,0 - 50 km/h,Sealed - Dry,Daylight,Straight,Ped'N: Far Side Vehicle Hit From Left,Pedestrian,0,0,1,0,1,1,0,0,0,0,1,0
255790,Hospitalisation,2013,12,Hit object,Single Vehicle,153.0394559,-27.63222828,Lakewood Ave,,Parkinson,Algester,No Roadway Feature,No traffic control,0 - 50 km/h,Sealed - Dry,Daylight,Curved - view open,Off Path-Curve: Out Of Control On Cway,Out of control on curve,0,1,0,0,1,1,0,0,0,0,0,0
255791,Minor injury,2013,19,Hit parked vehicle,Single Vehicle,153.038626,-27.48004534,Rawlins St,Sinclair St,Kangaroo Point,South Brisbane,Intersection - T-Junction,No traffic control,0 - 50 km/h,Sealed - Dry,Darkness - Lighted,Straight,Veh'S On Path: Parked,Hit parked vehicle,0,0,0,1,1,2,0,0,0,0,0,0
255819,Medical treatment,2013,14,Angle,Multi-Vehicle,153.092437,-27.543569,Broadwater Rd,Newnham Rd,Mount Gravatt East,Mansfield,Intersection - Cross,Operating traffic lights,60 km/h,Sealed - Dry,Daylight,Straight,Veh'S Opposite Approach: Thru-Right,Opposing vehicles turning,0,0,2,1,3,3,0,0,0,0,0,0
255820,Hospitalisation,2013,20,Hit object,Single Vehicle,153.0081797,-27.54028255,Sherwood Rd,,Rocklea,Yeerongpilly,No Roadway Feature,No traffic control,60 km/h,Sealed - Wet,Darkness - Lighted,Straight,Off Path-Straight: Left Off Cway Hit Obj,Off carriageway on straight hit object,0,2,0,0,2,1,0,0,0,0,0,0
255822,Medical treatment,2013,6,Hit pedestrian,Hit pedestrian,153.188193,-27.4683444,Railway Tce,,Lota,Lytton,No Roadway Feature,No traffic control,0 - 50 km/h,Sealed - Dry,Daylight,Straight,Ped'N: Play; Work; Stand; Lie On C'Way,Pedestrian,0,0,1,0,1,1,0,0,0,0,1,0
255846,Hospitalisation,2013,9,Angle,Multi-Vehicle,153.0036504,-27.48887271,Hoogley St,Ryan St,West End,South Brisbane,Intersection - Cross,Stop sign,60 km/h,Sealed - Dry,Daylight,Straight,Veh'S Adjacent Approach: Thru-Thru,Intersection from adjacent approaches,0,1,0,0,1,1,0,0,0,1,0,0
255847,Hospitalisation,2013,21,Hit pedestrian,Hit pedestrian,153.035557,-27.49950443,Ipswich Rd,,Woolloongabba,South Brisbane,No Roadway Feature,Operating traffic lights,60 km/h,Sealed - Dry,Darkness - Lighted,Curved - view open,Ped'N: Far Side Vehicle Hit From Left,Pedestrian,0,1,0,0,1,1,0,0,0,0,1,0
255868,Minor injury,2013,15,Angle,Multi-Vehicle,153.056102,-27.525484,Cannes St,Marshall Rd,Holland Park West,Greenslopes,Intersection - Interchange,Operating traffic lights,60 km/h,Sealed - Dry,Daylight,Straight,Veh'S Adjacent Approach: Thru-Thru,Intersection from adjacent approaches,0,0,0,1,1,2,0,0,0,0,0,0
255869,Medical treatment,2013,10,Hit object,Single Vehicle,152.957117,-27.63009,Centennial Wy,,Forest Lake,Algester,No Roadway Feature,No traffic control,0 - 50 km/h,Sealed - Dry,Daylight,Straight,Off Path-Straight: Left Off Cway Hit Obj,Off carriageway on straight hit object,0,0,1,0,1,1,0,0,0,0,0,0
255888,Hospitalisation,2013,16,Angle,Multi-Vehicle,153.0644402,-27.58965715,Agnes St,Beenleigh Rd,Sunnybank,Sunnybank,Intersection - T-Junction,No traffic control,60 km/h,Sealed - Dry,Daylight,Straight,Veh'S Opposite Approach: Thru-Right,Opposing vehicles turning,0,1,0,0,1,1,0,0,0,1,0,0
255889,Hospitalisation,2013,11,Angle,Multi-Vehicle,153.0548815,-27.60881618,Calam Rd,Honeywood St,Sunnybank Hills,Stretton,Intersection - T-Junction,Operating traffic lights,70 km/h,Sealed - Dry,Daylight,Straight,Veh'S Adjacant Approach: Thru-Left,Intersection from adjacent approaches,0,2,0,0,2,2,0,0,0,0,0,0
255890,Medical treatment,2013,15,Rear-end,Multi-Vehicle,153.056047,-27.489678,Cavendish Rd,Jellicoe St,Coorparoo,Greenslopes,Intersection - Cross,Stop sign,60 km/h,Sealed - Dry,Daylight,Straight,Veh'S Same Direction: Right Rear,Rear-end,0,0,1,0,1,2,0,0,0,0,0,0
255892,Minor injury,2013,7,Sideswipe,Multi-Vehicle,152.9798468,-27.52180841,Graceville Ave,Oxley Rd,Graceville,Indooroopilly,Intersection - T-Junction,Operating traffic lights,60 km/h,Sealed - Dry,Daylight,Straight,Veh'S Adjacent Approach: Thru-Right,Intersection from adjacent approaches,0,0,0,1,1,2,0,0,0,0,0,0
255914,Medical treatment,2013,19,Rear-end,Multi-Vehicle,153.048432,-27.623682,Kameruka St,Mt Lindesay Art. Rd,Calamvale,Stretton,Intersection - Cross,Operating traffic lights,80 - 90 km/h,Sealed - Dry,Darkness - Lighted,Straight,Veh'S Same Direction: Rear End,Rear-end,0,0,2,0,2,2,0,0,0,0,0,0
255915,Medical treatment,2013,16,Sideswipe,Multi-Vehicle,153.039749,-27.598661,Mt Lindesay Art. Rd,,Acacia Ridge,Sunnybank,No Roadway Feature,No traffic control,80 - 90 km/h,Sealed - Dry,Daylight,Straight,Veh'S Same Direction: Lane Change Left,Lane changes,0,0,1,0,1,1,1,0,0,0,0,0
255917,Medical treatment,2013,20,Angle,Multi-Vehicle,152.958084,-27.611104,Woogaroo St,,Forest Lake,Inala,No Roadway Feature,No traffic control,0 - 50 km/h,Sealed - Dry,Darkness - Not lighted,Straight,Veh'S Manoeuvring: Leaving Driveway,Vehicle leaving driveway,0,0,1,0,1,1,1,0,0,0,0,0
255918,Medical treatment,2013,13,Angle,Multi-Vehicle,153.021332,-27.526836,Colebrook Ave,Ipswich Rd,Moorooka,Yeerongpilly,Intersection - Cross,Operating traffic lights,60 km/h,Sealed - Dry,Daylight,Straight,Veh'S Opposite Approach: Thru-Right,Opposing vehicles turning,0,0,1,0,1,2,0,0,0,0,0,0
255919,Hospitalisation,2013,19,Angle,Multi-Vehicle,153.0244385,-27.53450345,Beaudesert Rd,Dora St,Moorooka,Yeerongpilly,Intersection - T-Junction,No traffic control,60 km/h,Sealed - Dry,Darkness - Lighted,Straight,Veh'S Same Direction: Right Turn S/Swipe,Parallel lanes turning,0,1,0,0,1,2,0,0,0,0,0,0
255920,Minor injury,2013,14,Angle,Multi-Vehicle,153.046908,-27.56248,Hammersmith St,Mandarin St,Coopers Plains,Sunnybank,Intersection - Cross,Give way sign,0 - 50 km/h,Sealed - Dry,Daylight,Straight,Veh'S Adjacent Approach: Thru-Thru,Intersection from adjacent approaches,0,0,0,1,1,2,0,0,0,0,0,0
255921,Hospitalisation,2013,12,Overturned,Single Vehicle,153.0467466,-27.4795444,Lytton Rd,,East Brisbane,South Brisbane,No Roadway Feature,No traffic control,60 km/h,Sealed - Dry,Daylight,Curved - view open,Veh'S Opposite Approach: Head On,Head-on,0,1,3,0,4,4,0,1,0,0,0,0
255955,Hospitalisation,2013,23,Angle,Multi-Vehicle,153.0771881,-27.59749807,Beenleigh Rd,Nursery Ave,Runcorn,Sunnybank,Intersection - T-Junction,Give way sign,60 km/h,Sealed - Wet,Darkness - Lighted,Straight,Veh'S Adjacent Approach: Thru-Right,Intersection from adjacent approaches,0,1,0,0,1,2,0,0,0,0,0,0
255956,Hospitalisation,2013,5,Rear-end,Multi-Vehicle,153.0243007,-27.56921447,Mt Lindesay Art. Rd,,Coopers Plains,Sunnybank,No Roadway Feature,No traffic control,70 km/h,Sealed - Dry,Daylight,Straight,Veh'S Same Direction: Rear End,Rear-end,0,1,0,0,1,1,1,0,0,0,0,0
255957,Hospitalisation,2013,17,Angle,Multi-Vehicle,153.0155854,-27.51249555,Eversley Tce,Hyde Rd,Yeronga,Yeerongpilly,Intersection - T-Junction,No traffic control,60 km/h,Sealed - Dry,Daylight,Straight,Veh'S Opposite Approach: Thru-Right,Opposing vehicles turning,0,1,0,0,1,1,1,0,0,0,0,0
255960,Minor injury,2013,17,Rear-end,Multi-Vehicle,153.0951311,-27.5795912,Logan Sub-Arterial Rd,,Eight Mile Plains,Stretton,No Roadway Feature,No traffic control,70 km/h,Sealed - Dry,Dawn/Dusk,Straight,Veh'S Same Direction: Rear End,Rear-end,0,0,0,1,1,2,0,0,0,0,0,0
255961,Minor injury,2013,8,Rear-end,Multi-Vehicle,153.129441,-27.47496,Belmont Rd,Manly Rd,Tingalpa,Chatsworth,Intersection - Cross,Operating traffic lights,60 km/h,Sealed - Dry,Daylight,Straight,Veh'S Same Direction: Left Rear,Rear-end,0,0,0,2,2,2,0,0,0,0,0,0
255988,Medical treatment,2013,13,Rear-end,Multi-Vehicle,153.0586658,-27.53737641,South East Arterial Rd,,Holland Park West,Yeerongpilly,No Roadway Feature,No traffic control,100 - 110 km/h,Sealed - Dry,Daylight,Straight,Veh'S Same Direction: Rear End,Rear-end,0,0,1,0,1,2,0,0,0,0,0,0
255991,Medical treatment,2013,22,Hit object,Single Vehicle,153.175096,-27.440743,Wynnum Esp,,Wynnum,Lytton,No Roadway Feature,No traffic control,0 - 50 km/h,Sealed - Wet,Darkness - Lighted,Straight,Off Path-Straight: Left Off Cway Hit Obj,Off carriageway on straight hit object,0,0,1,0,1,2,0,0,0,0,0,1
256024,Medical treatment,2013,15,Hit parked vehicle,Single Vehicle,152.920701,-27.54546234,Madura Cl,Westlake Dr,Westlake,Mount Ommaney,Intersection - T-Junction,No traffic control,0 - 50 km/h,Sealed - Dry,Daylight,Curved - view open,Off Path-Curve: Off Cway Lt Bend Hit Obj,Off carriageway on curve hit object,0,0,1,0,1,2,0,0,0,0,0,0