Crash_Ref_Number,Severity,Year,Hour,Crash_Nature,Crash_Type,Longitude,Latitude,Street,Street_Intersecting,Suburb,Loc_State_Electorate,Crash_Roadway_Feature,Crash_Traffic_Control,Crash_Speed_Limit,Crash_Road_Surface_Condition,Crash_Lighting_Condition,Crash_Road_Horiz_Align,Crash_DCA_Description,Crash_DCA_Group_Description,Count_Casualty_Fatality,Count_Casualty_Hospitalised,Count_Casualty_MedicallyTreated,Count_Casualty_MinorInjury,Count_Casualty_Total,Count_Unit_Car,Count_Unit_Motorcycle_Moped,Count_Unit_Truck,Count_Unit_Bus,Count_Unit_Bicycle,Count_Unit_Pedestrian,Count_Unit_Other
256025,Hospitalisation,2013,21,Rear-end,Multi-Vehicle,152.9138912,-27.55868629,Horizon Dr,Tigris St,Riverhills,Mount Ommaney,Intersection - T-Junction,No traffic control,60 km/h,Sealed - Dry,Darkness - Lighted,Straight,Veh'S Same Direction: Right Rear,Rear-end,0,1,0,0,1,2,0,0,0,0,0,0
256026,Hospitalisation,2013,12,Angle,Multi-Vehicle,153.0972422,-27.517312,Creek Rd,,Carina Heights,Chatsworth,No Roadway Feature,No traffic control,60 km/h,Sealed - Dry,Daylight,Straight,Veh'S Manoeuvring: Entering From Footway,Vehicle leaving driveway,0,1,0,0,1,1,1,0,0,0,0,0
256029,Medical treatment,2013,13,Angle,Multi-Vehicle,152.971901,-27.591415,Balsa St,Lavender St,Inala,Inala,Intersection - T-Junction,No traffic control,0 - 50 km/h,Sealed - Dry,Daylight,Straight,Veh'S Manoeuvring: Entering From Footway,Vehicle leaving driveway,0,0,1,0,1,1,0,0,0,1,0,0
256031,Medical treatment,2013,19,Rear-end,Multi-Vehicle,153.035948,-27.486053,Main St,,Woolloongabba,South Brisbane,No Roadway Feature,No traffic control,60 km/h,Sealed - Wet,Darkness - Lighted,Straight,Veh'S Same Direction: Lane Side Swipe,Lane changes,0,0,1,0,1,1,0,0,0,0,0,1
256032,Minor injury,2013,19,Rear-end,Multi-Vehicle,153.035405,-27.49949,Ipswich Rd,,Woolloongabba,South Brisbane,No Roadway Feature,Operating traffic lights,60 km/h,Sealed - Wet,Darkness - Lighted,Straight,Veh'S Same Direction: Rear End,Rear-end,0,0,0,1,1,2,0,0,0,0,0,0
256058,Medical treatment,2013,6,Angle,Multi-Vehicle,153.07401,-27.612283,Compton Rd,Piccadilly Way,Stretton,Stretton,Intersection - T-Junction,Operating traffic lights,70 km/h,Sealed - Wet,Daylight,Straight,Veh'S Adjacent Approach: Thru-Right,Intersection from adjacent approaches,0,0,1,0,1,2,0,0,0,0,0,0
256059,Hospitalisation,2013,13,Hit object,Single Vehicle,152.9434482,-27.60579708,Clendon St,Tile St,Wacol,Inala,Intersection - T-Junction,No traffic control,60 km/h,Sealed - Dry,Daylight,Straight,Off Path-Straight:Right Off Cway Hit Obj,Off carriageway on straight hit object,0,1,0,0,1,1,0,0,0,0,0,0
256075,Minor injury,2013,20,Angle,Multi-Vehicle,152.942938,-27.533281,Looranah St,Yallambee Rd,Jindalee,Mount Ommaney,Intersection - T-Junction,No traffic control,60 km/h,Sealed - Dry,Darkness - Lighted,Curved - view open,Veh'S Opposite Approach: Thru-Right,Opposing vehicles turning,0,0,0,2,2,3,0,0,0,0,0,0
256076,Minor injury,2013,7,Sideswipe,Multi-Vehicle,153.059204,-27.49445,Cavendish Rd,Old Cleveland Rd,Coorparoo,Greenslopes,Intersection - Cross,Operating traffic lights,60 km/h,Sealed - Dry,Daylight,Straight,Veh'S Same Direction: Lane Side Swipe,Lane changes,0,0,0,1,1,1,0,0,0,1,0,0
256079,Minor injury,2013,13,Rear-end,Multi-Vehicle,153.11059,-27.450356,Port Of Brisbane Rd,,Murarrie,Bulimba,No Roadway Feature,No traffic control,60 km/h,Sealed - Wet,Daylight,Straight,Veh'S Same Direction: Right Rear,Rear-end,0,0,0,1,1,2,0,0,0,0,0,0
256080,Medical treatment,2013,7,Angle,Multi-Vehicle,153.078912,-27.611047,Gateway Arterial Rd,Persse Rd,Runcorn,Stretton,Intersection - Interchange,No traffic control,60 km/h,Sealed - Dry,Daylight,Straight,Veh'S Opposite Approach: Thru-Right,Opposing vehicles turning,0,0,1,0,1,1,0,1,0,0,0,0
256081,Medical treatment,2013,16,Fall from vehicle,Single Vehicle,153.028573,-27.4845207,South East Busway,,South Brisbane,South Brisbane,No Roadway Feature,No traffic control,0 - 50 km/h,Sealed - Dry,Daylight,Straight,Pass & Misc: Fell In/From Vehicle,Other,0,0,1,0,1,0,0,0,1,0,0,0
256082,Hospitalisation,2013,11,Angle,Multi-Vehicle,153.1565168,-27.45169263,New Lindum Rd,Wynnum Rd,Wynnum West,Lytton,Intersection - T-Junction,Operating traffic lights,60 km/h,Sealed - Wet,Daylight,Straight,Veh'S Adjacent Approach: Thru-Right,Intersection from adjacent approaches,0,2,0,0,2,2,0,0,0,0,0,0
256108,Medical treatment,2013,13,Angle,Multi-Vehicle,152.958878,-27.55092872,Carlyle St,Seventeen Mile Rocks Rd,Seventeen Mile Rocks,Mount Ommaney,Intersection - Roundabout,Give way sign,60 km/h,Sealed - Dry,Daylight,Curved - view open,Veh'S Opposite Approach: Thru-Right,Opposing vehicles turning,0,0,1,0,1,2,0,0,0,0,0,0
256113,Medical treatment,2013,17,Rear-end,Multi-Vehicle,153.080135,-27.539186,Creek Rd,Logan Rd,Mount Gravatt,Mansfield,Intersection - T-Junction,No traffic control,0 - 50 km/h,Sealed - Dry,Dawn/Dusk,Straight,Veh'S Same Direction: Left Rear,Rear-end,0,0,1,0,1,2,0,0,0,0,0,0
256114,Hospitalisation,2013,20,Rear-end,Multi-Vehicle,153.0081848,-27.55594759,Cunningham Arterial Rd,,Rocklea,Yeerongpilly,No Roadway Feature,No traffic control,70 km/h,Sealed - Dry,Darkness - Lighted,Straight,Veh'S Same Direction: Rear End,Rear-end,0,1,0,1,2,2,0,0,0,0,0,0
256115,Medical treatment,2013,6,Rear-end,Multi-Vehicle,153.106562,-27.589282,Logan Sub-Arterial Rd,Millers Rd,Eight Mile Plains,Stretton,Intersection - T-Junction,Give way sign,60 km/h,Sealed - Dry,Daylight,Straight,Veh'S Same Direction: Left Rear,Rear-end,0,0,1,0,1,2,0,0,0,0,0,0
256116,Hospitalisation,2013,18,Angle,Multi-Vehicle,153.0789412,-27.61087505,Gateway Art Rd On Ramp,Persse Rd,Runcorn,Stretton,Intersection - Interchange,Give way sign,60 km/h,Sealed - Dry,Darkness - Lighted,Straight,Veh'S Opposite Approach: Thru-Right,Opposing vehicles turning,0,3,0,0,3,2,0,0,0,0,0,0
256117,Hospitalisation,2013,9,Angle,Multi-Vehicle,153.0412939,-27.50094839,Junction St,Myrtle St,Woolloongabba,South Brisbane,Intersection - Cross,No traffic control,60 km/h,Sealed - Dry,Daylight,Straight,Veh'S Same Direction: Right Turn S/Swipe,Parallel lanes turning,0,1,0,0,1,1,1,0,0,0,0,0
256118,Medical treatment,2013,8,Rear-end,Multi-Vehicle,153.037031,-27.475401,Shafston Ave,,Kangaroo Point,South Brisbane,No Roadway Feature,No traffic control,60 km/h,Sealed - Dry,Daylight,Straight,Veh'S Same Direction: Rear End,Rear-end,0,0,1,0,1,3,0,0,0,0,0,0
256139,Medical treatment,2013,7,Angle,Multi-Vehicle,152.942208,-27.536301,Yallambee Rd,,Jindalee,Mount Ommaney,Intersection - T-Junction,Give way sign,60 km/h,Sealed - Dry,Daylight,Curved - view open,Veh'S Adjacant Approach: Thru-Left,Intersection from adjacent approaches,0,0,1,0,1,1,0,0,0,1,0,0
256140,Medical treatment,2013,16,Sideswipe,Multi-Vehicle,153.034736,-27.501725,Brisbane St,Ipswich Rd,Annerley,South Brisbane,Intersection - T-Junction,No traffic control,60 km/h,Sealed - Dry,Daylight,Straight,Veh'S Same Direction: Lane Change Left,Lane changes,0,0,1,0,1,2,1,0,0,0,0,0
256143,Minor injury,2013,15,Rear-end,Multi-Vehicle,153.101382,-27.499271,Creek Rd,Old Cleveland Rd,Carindale,Chatsworth,Intersection - T-Junction,No traffic control,60 km/h,Sealed - Dry,Daylight,Straight,Veh'S Same Direction: Left Rear,Rear-end,0,0,0,1,1,2,0,0,0,0,0,0
256146,Medical treatment,2013,8,Rear-end,Multi-Vehicle,153.049903,-27.495644,Eighth Ave,Main Ave,Greenslopes,South Brisbane,Intersection - T-Junction,Operating traffic lights,0 - 50 km/h,Sealed - Dry,Daylight,Straight,Veh'S Same Direction: Rear End,Rear-end,0,0,1,0,1,2,0,0,0,0,0,0
256147,Hospitalisation,2013,22,Hit parked vehicle,Single Vehicle,153.0553752,-27.45144335,Love St,,Bulimba,Bulimba,No Roadway Feature,No traffic control,0 - 50 km/h,Sealed - Dry,Darkness - Lighted,Straight,Veh'S On Path: Parked,Hit parked vehicle,0,1,0,0,1,2,0,0,0,0,0,0
256148,Hospitalisation,2013,16,Head-on,Multi-Vehicle,153.1031626,-27.45628699,Lytton Rd,,Murarrie,Bulimba,No Roadway Feature,No traffic control,60 km/h,Sealed - Wet,Daylight,Curved - view obscured,Veh'S Opposite Approach: Head On,Head-on,0,3,0,0,3,2,0,0,0,0,0,0
256151,Hospitalisation,2013,17,Rear-end,Multi-Vehicle,153.1180201,-27.54514888,Gateway Art Rd Ramp Xi,Redland Sub-Arterial Rd,Mackenzie,Mansfield,Intersection - Interchange,Give way sign,0 - 50 km/h,Sealed - Dry,Dawn/Dusk,Curved - view open,Veh'S Same Direction: Left Rear,Rear-end,0,2,0,0,2,1,0,1,0,0,0,0
256152,Medical treatment,2013,10,Sideswipe,Multi-Vehicle,153.015518,-27.475534,Cordelia St,Melbourne St,South Brisbane,South Brisbane,Intersection - Cross,Operating traffic lights,60 km/h,Sealed - Dry,Daylight,Straight,Veh'S Same Direction: Lane Change Left,Lane changes,0,0,1,0,1,2,0,0,0,0,0,0
256182,Medical treatment,2013,6,Angle,Multi-Vehicle,153.06207,-27.49896,Cavendish Rd,York St,Coorparoo,Greenslopes,Intersection - T-Junction,Give way sign,60 km/h,Sealed - Wet,Daylight,Straight,Veh'S Adjacent Approach: Thru-Right,Intersection from adjacent approaches,0,0,2,0,2,2,0,0,0,0,0,0
256183,Minor injury,2013,21,Hit pedestrian,Hit pedestrian,153.082102,-27.519938,Oates Ave,,Holland Park,Greenslopes,No Roadway Feature,Police,0 - 50 km/h,Sealed - Dry,Darkness - Lighted,Straight,Ped'N: Play; Work; Stand; Lie On C'Way,Pedestrian,0,0,0,1,1,1,0,0,0,0,1,1
256184,Medical treatment,2013,18,Rear-end,Multi-Vehicle,153.073668,-27.46684,Burrai St,Wynnum Rd,Morningside,Bulimba,Intersection - T-Junction,Give way sign,0 - 50 km/h,Sealed - Dry,Darkness - Lighted,Curved - view open,Veh'S Same Direction: Left Rear,Rear-end,0,0,1,0,1,2,0,0,0,0,0,0
256185,Hospitalisation,2013,17,Angle,Multi-Vehicle,153.1085045,-27.57813593,Miles Platting Rd,School Rd,Rochedale,Mansfield,Intersection - T-Junction,No traffic control,60 km/h,Sealed - Dry,Dawn/Dusk,Straight,Veh'S Opposite Approach: Thru-Right,Opposing vehicles turning,0,1,0,0,1,3,0,0,0,0,0,0
256186,Hospitalisation,2013,12,Angle,Multi-Vehicle,153.0385554,-27.56852537,Orange Grove Rd,,Coopers Plains,Sunnybank,No Roadway Feature,No traffic control,60 km/h,Sealed - Dry,Daylight,Straight,Veh'S Same Direction: Right Turn S/Swipe,Parallel lanes turning,0,1,0,0,1,2,0,0,0,0,0,0
256196,Hospitalisation,2013,8,Rear-end,Multi-Vehicle,153.1357325,-27.50568276,Cleveland Sub-Arterial Rd,,Belmont,Chatsworth,No Roadway Feature,No traffic control,80 - 90 km/h,Sealed - Dry,Daylight,Straight,Veh'S Same Direction: Rear End,Rear-end,0,4,0,0,4,3,0,0,0,0,0,0
256228,Hospitalisation,2013,17,Angle,Multi-Vehicle,153.0769035,-27.65199303,Pagewood St,Springwood Connection Rd,Karawatha,Stretton,Intersection - T-Junction,Operating traffic lights,60 km/h,Sealed - Dry,Darkness - Lighted,Curved - view obscured,Veh'S Opposite Approach: Thru-Right,Opposing vehicles turning,0,2,0,0,2,2,0,0,0,0,0,0
256229,Minor injury,2013,5,Rear-end,Multi-Vehicle,152.927677,-27.5893,Cunningham Arterial Rd,Progress Rd,Wacol,Inala,Intersection - Interchange,No traffic control,60 km/h,Sealed - Dry,Dawn/Dusk,Curved - view open,Veh'S Same Direction: Left Rear,Rear-end,0,0,0,1,1,2,0,0,0,0,0,0
256237,Minor injury,2013,11,Sideswipe,Multi-Vehicle,153.038746,-27.546214,Evans Rd,,Salisbury,Yeerongpilly,No Roadway Feature,No traffic control,60 km/h,Sealed - Wet,Daylight,Curved - view open,Veh'S Same Direction: Right Turn S/Swipe,Parallel lanes turning,0,0,0,1,1,2,0,0,0,0,0,0
256239,Medical treatment,2013,12,Rear-end,Multi-Vehicle,153.116513,-27.545261,Gateway Art Rd Ramp Xj,Gateway Art Rd Ramp Xk,Mackenzie,Mansfield,Intersection - Interchange,Give way sign,60 km/h,Sealed - Dry,Daylight,Curved - view open,Veh'S Manoeuvring: Reversing,Hit parked vehicle,0,0,1,0,1,2,0,0,0,0,0,0
256240,Hospitalisation,2013,21,Hit pedestrian,Hit pedestrian,153.018353,-27.47388166,Grey St,South East Busway,South Brisbane,South Brisbane,Intersection - Cross,Operating traffic lights,60 km/h,Sealed - Wet,Darkness - Lighted,Straight,Ped'N: Near Side Vehicle Hit From Right,Pedestrian,0,1,0,0,1,0,0,0,1,0,1,0
256241,Fatal,2013,4,Head-on,Multi-Vehicle,153.0356717,-27.4644395,Story Bridge,,Kangaroo Point,South Brisbane,Bridge/Causeway,No traffic control,60 km/h,Sealed - Dry,Darkness - Lighted,Straight,Veh'S Opposite Approach: Head On,Head-on,1,3,0,0,4,2,0,0,0,0,0,0
256272,Hospitalisation,2013,5,Rear-end,Multi-Vehicle,153.0465228,-27.63035523,Mt Lindesay Art. Rd,Nottingham Rd,Calamvale,Stretton,Intersection - Cross,Operating traffic lights,80 - 90 km/h,Sealed - Dry,Dawn/Dusk,Straight,Veh'S Same Direction: Lane Change Left,Lane changes,0,1,0,0,1,1,1,0,0,0,0,0
256273,Medical treatment,2013,15,Rear-end,Multi-Vehicle,153.115267,-27.5021,Old Cleveland Rd,,Carindale,Chatsworth,No Roadway Feature,No traffic control,60 km/h,Sealed - Wet,Daylight,Straight,Veh'S Same Direction: Rear End,Rear-end,0,0,1,0,1,3,0,0,0,0,0,0
256274,Medical treatment,2013,14,Angle,Multi-Vehicle,153.060165,-27.495978,Cavendish Rd,Halstead St,Coorparoo,Greenslopes,Intersection - T-Junction,No traffic control,60 km/h,Sealed - Wet,Daylight,Straight,Veh'S Opposite Approach: Thru-Right,Opposing vehicles turning,0,0,1,1,2,2,0,0,0,0,0,0
256275,Hospitalisation,2013,16,Angle,Multi-Vehicle,153.0531488,-27.51236027,Logan Rd,Nicholson St,Greenslopes,South Brisbane,Intersection - T-Junction,Operating traffic lights,60 km/h,Sealed - Wet,Daylight,Straight,Veh'S Adjacent Approach: Thru-Right,Intersection from adjacent approaches,0,1,0,0,1,1,1,0,0,0,0,0
256277,Medical treatment,2013,11,Angle,Multi-Vehicle,153.070979,-27.464684,Burrai St,Pashen St,Morningside,Bulimba,Intersection - Roundabout,Give way sign,0 - 50 km/h,Sealed - Wet,Daylight,Straight,Veh'S Adjacent Approach: Thru-Thru,Intersection from adjacent approaches,0,0,1,0,1,2,0,0,0,0,0,0
256278,Hospitalisation,2013,20,Angle,Multi-Vehicle,153.066022,-27.56102317,Griffith Arterial Rd,Mains Rd,Macgregor,Sunnybank,Intersection - Cross,Operating traffic lights,60 km/h,Sealed - Wet,Darkness - Lighted,Straight,Veh'S Adjacent Approach: Thru-Thru,Intersection from adjacent approaches,0,1,1,1,3,2,0,0,0,0,0,0
256279,Medical treatment,2013,4,Hit parked vehicle,Single Vehicle,153.033867,-27.482211,Lockerbie St,,Kangaroo Point,South Brisbane,No Roadway Feature,No traffic control,0 - 50 km/h,Sealed - Dry,Darkness - Lighted,Straight,Veh'S Opposite Approach: Other,Other,0,0,1,0,1,2,0,0,0,0,0,0
256280,Medical treatment,2013,5,Angle,Multi-Vehicle,153.035845,-27.482847,Main St,Princess St,Kangaroo Point,South Brisbane,Intersection - Cross,Operating traffic lights,60 km/h,Sealed - Wet,Darkness - Lighted,Straight,Veh'S Opposite Approach: Thru-Right,Opposing vehicles turning,0,0,1,0,1,2,0,0,0,0,0,0
256281,Hospitalisation,2013,3,Hit object,Single Vehicle,153.1467088,-27.44160869,Sibley Rd,,Wynnum West,Lytton,No Roadway Feature,No traffic control,60 km/h,Sealed - Wet,Darkness - Lighted,Curved - view open,Off Path-Curve: Off Cway Lt Bend Hit Obj,Off carriageway on curve hit object,0,1,0,0,1,1,0,0,0,0,0,0
256314,Medical treatment,2013,7,Rear-end,Multi-Vehicle,153.048638,-27.62337,Mt Lindesay Art. Rd,,Calamvale,Stretton,No Roadway Feature,No traffic control,60 km/h,Sealed - Wet,Dawn/Dusk,Straight,Veh'S Same Direction: Rear End,Rear-end,0,0,1,0,1,2,0,0,1,0,0,0
256317,Medical treatment,2013,11,Rear-end,Multi-Vehicle,153.035486,-27.499066,Ipswich Rd,,Woolloongabba,South Brisbane,No Roadway Feature,No traffic control,60 km/h,Sealed - Wet,Daylight,Curved - view obscured,Veh'S Same Direction: Rear End,Rear-end,0,0,1,0,1,2,0,0,0,0,0,0
256340,Medical treatment,2013,10,Angle,Multi-Vehicle,153.058608,-27.493556,Cavendish Rd,Kitchener St,Coorparoo,Greenslopes,Intersection - T-Junction,No traffic control,60 km/h,Sealed - Dry,Daylight,Straight,Veh'S Opposite Approach: Thru-Right,Opposing vehicles turning,0,0,1,0,1,2,0,0,0,0,0,0
256341,Medical treatment,2013,19,Rear-end,Multi-Vehicle,153.067564,-27.518327,Holland Rd,,Holland Park,Greenslopes,No Roadway Feature,No traffic control,60 km/h,Sealed - Dry,Darkness - Lighted,Straight,Veh'S Same Direction: Rear End,Rear-end,0,0,1,0,1,3,0,0,0,0,0,0
256342,Hospitalisation,2013,7,Hit pedestrian,Hit pedestrian,152.961906,-27.61881692,Lochwood Ave,,Forest Lake,Inala,No Roadway Feature,No traffic control,60 km/h,Sealed - Dry,Daylight,Straight,Ped'N: Hit While Boarding/Alighting,Pedestrian,0,2,0,0,2,1,0,0,0,0,2,0
256345,Minor injury,2013,6,Angle,Multi-Vehicle,153.105836,-27.593184,Millers Rd,Underwood Rd,Eight Mile Plains,Stretton,Intersection - Cross,Give way sign,60 km/h,Sealed - Dry,Daylight,Straight,Veh'S Adjacent Approach: Thru-Thru,Intersection from adjacent approaches,0,0,0,1,1,2,0,0,0,0,0,0
256346,Medical treatment,2013,8,Angle,Multi-Vehicle,153.034836,-27.49579868,Harrogate St,Ipswich Rd,Woolloongabba,South Brisbane,Intersection - T-Junction,Stop sign,60 km/h,Sealed - Dry,Daylight,Straight,Veh'S Manoeuvring: Entering From Footway,Vehicle leaving driveway,0,0,1,0,1,1,0,0,0,1,0,0
256368,Hospitalisation,2013,10,Fall from vehicle,Single Vehicle,153.0290201,-27.62769541,Algester Rd,Nottingham Rd,Parkinson,Algester,Intersection - Roundabout,No traffic control,60 km/h,Sealed - Dry,Daylight,Straight,Off Path-Straight: Left Turn,Off carriageway on straight,0,1,0,0,1,0,1,0,0,0,0,0
256373,Medical treatment,2013,14,Rear-end,Multi-Vehicle,153.004886,-27.594318,King Ave,Sherbrooke Rd,Willawong,Sunnybank,Intersection - Cross,Operating traffic lights,60 km/h,Sealed - Dry,Daylight,Straight,Veh'S Same Direction: Rear End,Rear-end,0,0,2,0,2,1,0,0,1,0,0,0
256375,Medical treatment,2013,15,Angle,Multi-Vehicle,153.085915,-27.458216,Junction Rd,,Morningside,Bulimba,No Roadway Feature,No traffic control,60 km/h,Sealed - Wet,Daylight,Curved - view open,Veh'S Manoeuvring: Entering From Footway,Vehicle leaving driveway,0,0,2,0,2,0,1,0,0,1,0,0
256376,Minor injury,2013,14,Sideswipe,Multi-Vehicle,153.122077,-27.580124,Miles Platting Rd,,Rochedale,Mansfield,No Roadway Feature,No traffic control,60 km/h,Sealed - Dry,Darkness - Lighted,Straight,Veh'S Same Direction: Lane Side Swipe,Lane changes,0,0,0,1,1,1,0,0,0,1,0,0
256377,Medical treatment,2013,17,Rear-end,Multi-Vehicle,153.088136,-27.566702,Logan Sub-Arterial Rd,,Upper Mount Gravatt,Mansfield,No Roadway Feature,No traffic control,60 km/h,Sealed - Dry,Darkness - Lighted,Straight,Veh'S Same Direction: Rear End,Rear-end,0,0,1,0,1,3,0,0,0,0,0,0
256378,Medical treatment,2013,14,Angle,Multi-Vehicle,153.152826,-27.42428,Port Of Brisbane Mwy,,Lytton,Lytton,Intersection - Interchange,No traffic control,60 km/h,Sealed - Dry,Daylight,Curved - view open,Veh'S Same Direction: Right Turn S/Swipe,Parallel lanes turning,0,0,1,0,1,1,1,0,0,0,0,0
256387,Medical treatment,2013,16,Rear-end,Multi-Vehicle,153.125651,-27.50174,Gateway Art Rd Ramp Vf,,Belmont,Chatsworth,No Roadway Feature,No traffic control,60 km/h,Sealed - Wet,Dawn/Dusk,Straight,Veh'S Same Direction: Rear End,Rear-end,0,0,1,0,1,2,0,0,0,0,0,0
256415,Medical treatment,2013,17,Rear-end,Multi-Vehicle,153.04477,-27.597525,Hellawell Rd,,Sunnybank Hills,Stretton,No Roadway Feature,No traffic control,60 km/h,Sealed - Dry,Dawn/Dusk,Straight,Veh'S Same Direction: Rear End,Rear-end,0,0,1,0,1,2,0,0,0,0,0,0
256420,Hospitalisation,2013,12,Sideswipe,Multi-Vehicle,153.0408039,-27.50384038,Earl St,,Greenslopes,South Brisbane,No Roadway Feature,No traffic control,60 km/h,Sealed - Dry,Daylight,Straight,Veh'S Same Direction: Lane Change Left,Lane changes,0,1,0,0,1,1,1,0,0,0,0,0
256421,Medical treatment,2013,20,Rear-end,Multi-Vehicle,153.083724,-27.521248,Cavendish Rd,,Holland Park,Greenslopes,No Roadway Feature,No traffic control,60 km/h,Sealed - Wet,Darkness - Lighted,Straight,Veh'S Same Direction: Rear End,Rear-end,0,0,1,0,1,2,0,0,0,0,0,0
256422,Minor injury,2013,7,Rear-end,Multi-Vehicle,153.045091,-27.515691,South East Arterial Rd,,Greenslopes,Yeerongpilly,No Roadway Feature,No traffic control,100 - 110 km/h,Sealed - Dry,Daylight,Straight,Veh'S Same Direction: Rear End,Rear-end,0,0,0,1,1,1,0,1,0,0,0,0
256427,Medical treatment,2013,14,Angle,Multi-Vehicle,153.028682,-27.48784,Annerley Rd,Catherine St,Woolloongabba,South Brisbane,Intersection - T-Junction,No traffic control,60 km/h,Sealed - Dry,Daylight,Straight,Veh'S Adjacent Approach: Thru-Thru,Intersection from adjacent approaches,0,0,1,0,1,1,0,0,0,1,0,0
256433,Hospitalisation,2013,16,Rear-end,Multi-Vehicle,153.1808747,-27.48659051,Chelsea Rd,Rickertt Rd,Ransome,Chatsworth,Intersection - Cross,No traffic control,80 - 90 km/h,Sealed - Dry,Daylight,Straight,Veh'S Same Direction: Right Rear,Rear-end,0,1,0,0,1,3,0,0,0,0,0,0
256464,Medical treatment,2013,8,Rear-end,Multi-Vehicle,152.944481,-27.575671,Cunningham Arterial Rd,Ipswich Mwy,Darra,Inala,No Roadway Feature,No traffic control,100 - 110 km/h,Sealed - Dry,Daylight,Curved - view open,Veh'S Same Direction: Rear End,Rear-end,0,0,1,0,1,3,0,0,0,0,0,0
256466,Minor injury,2013,9,Rear-end,Multi-Vehicle,153.096193,-27.513541,Bendena Tce,,Carina Heights,Chatsworth,No Roadway Feature,No traffic control,0 - 50 km/h,Sealed - Dry,Daylight,Straight,Veh'S Manoeuvring: Reversing,Hit parked vehicle,0,0,0,1,1,2,0,0,0,0,0,0
256503,Hospitalisation,2013,11,Angle,Multi-Vehicle,152.9559956,-27.55731498,Cardiff Rd,,Darra,Mount Ommaney,No Roadway Feature,No traffic control,60 km/h,Sealed - Dry,Daylight,Straight,Veh'S Manoeuvring: Entering From Footway,Vehicle leaving driveway,0,1,0,0,1,2,0,0,0,0,0,0
256504,Medical treatment,2013,23,Angle,Multi-Vehicle,153.088695,-27.495791,Jones Rd,Old Cleveland Rd,Carina,Chatsworth,Intersection - Cross,Operating traffic lights,60 km/h,Sealed - Dry,Darkness - Lighted,Straight,Veh'S Opposite Approach: Thru-Right,Opposing vehicles turning,0,0,1,0,1,2,0,0,0,0,0,0
256508,Medical treatment,2013,15,Hit pedestrian,Hit pedestrian,153.043485,-27.498279,Logan Rd,,Greenslopes,South Brisbane,No Roadway Feature,Pedestrian operated lights,60 km/h,Sealed - Dry,Daylight,Straight,Ped'N: Near Side Vehicle Hit From Right,Pedestrian,0,0,1,0,1,1,0,0,0,0,1,0
256509,Medical treatment,2013,17,Rear-end,Multi-Vehicle,152.969058,-27.627449,Forest Lake Village Access,Grand Ave,Forest Lake,Algester,Intersection - Roundabout,Give way sign,0 - 50 km/h,Sealed - Dry,Daylight,Straight,Veh'S Same Direction: Rear End,Rear-end,0,0,1,0,1,2,0,0,0,0,0,0
256511,Medical treatment,2013,12,Head-on,Multi-Vehicle,153.020853,-27.558177,Beaudesert Rd,,Rocklea,Yeerongpilly,No Roadway Feature,No traffic control,70 km/h,Sealed - Dry,Daylight,Straight,Veh'S Opposite Approach: Head On,Head-on,0,0,2,0,2,2,0,0,0,0,0,0
256512,Medical treatment,2013,7,Overturned,Single Vehicle,153.054757,-27.47478,Norman Ave,Wynnum Rd,Norman Park,Bulimba,Intersection - T-Junction,Operating traffic lights,60 km/h,Sealed - Dry,Daylight,Straight,Off Path-Straight:Out Of Control On Cway,Out of control on straight,0,0,1,0,1,2,0,0,0,0,0,0
256513,Hospitalisation,2013,14,Angle,Multi-Vehicle,153.0729471,-27.47085819,Richmond Rd,Wickham St,Morningside,Bulimba,Intersection - T-Junction,Give way sign,60 km/h,Sealed - Dry,Daylight,Straight,Veh'S Adjacent Approach: Thru-Right,Intersection from adjacent approaches,0,1,0,0,1,1,1,0,0,0,0,0
256515,Minor injury,2013,7,Hit object,Single Vehicle,153.0116415,-27.52348746,King Arthur Tce,,Yeerongpilly,Yeerongpilly,No Roadway Feature,No traffic control,0 - 50 km/h,Sealed - Dry,Daylight,Curved - view open,Off Path-Curve: Mounts Traffic Island,Off carriageway on curve hit object,0,0,0,1,1,1,0,0,0,1,0,0
256516,Hospitalisation,2013,11,Head-on,Multi-Vehicle,152.982226,-27.53663279,Oxley Rd,,Sherwood,Indooroopilly,No Roadway Feature,No traffic control,60 km/h,Sealed - Dry,Daylight,Straight,Veh'S Opposite Approach: Head On,Head-on,0,2,0,0,2,2,0,0,0,0,0,0
256518,Minor injury,2013,7,Angle,Multi-Vehicle,153.100726,-27.592444,Levington Rd,Underwood Rd,Eight Mile Plains,Stretton,Intersection - Cross,Stop sign,60 km/h,Sealed - Dry,Daylight,Straight,Veh'S Adjacent Approach: Thru-Right,Intersection from adjacent approaches,0,0,0,1,1,2,0,0,0,0,0,0
256519,Medical treatment,2013,18,Angle,Multi-Vehicle,153.091734,-27.547184,Newnham Rd,Wishart Rd,Upper Mount Gravatt,Mansfield,Intersection - Cross,Operating traffic lights,60 km/h,Sealed - Dry,Dawn/Dusk,Straight,Veh'S Opposite Approach: Thru-Right,Opposing vehicles turning,0,0,2,0,2,3,0,0,0,0,0,0