Crash_Ref_Number,Severity,Year,Hour,Crash_Nature,Crash_Type,Longitude,Latitude,Street,Street_Intersecting,Suburb,Loc_State_Electorate,Crash_Roadway_Feature,Crash_Traffic_Control,Crash_Speed_Limit,Crash_Road_Surface_Condition,Crash_Lighting_Condition,Crash_Road_Horiz_Align,Crash_DCA_Description,Crash_DCA_Group_Description,Count_Casualty_Fatality,Count_Casualty_Hospitalised,Count_Casualty_MedicallyTreated,Count_Casualty_MinorInjury,Count_Casualty_Total,Count_Unit_Car,Count_Unit_Motorcycle_Moped,Count_Unit_Truck,Count_Unit_Bus,Count_Unit_Bicycle,Count_Unit_Pedestrian,Count_Unit_Other
256553,Medical treatment,2013,16,Angle,Multi-Vehicle,152.928802,-27.59655,Campbell Ave,Industrial Ave,Wacol,Inala,Intersection - Cross,Give way sign,60 km/h,Sealed - Dry,Dawn/Dusk,Straight,Veh'S Adjacent Approach: Thru-Thru,Intersection from adjacent approaches,0,0,1,0,1,2,0,0,0,0,0,0
256557,Medical treatment,2013,17,Angle,Multi-Vehicle,153.074333,-27.482433,Ferguson Rd,Oateson Skyline Dr,Seven Hills,Bulimba,Intersection - Cross,Give way sign,60 km/h,Sealed - Dry,Dawn/Dusk,Straight,Veh'S Adjacent Approach: Thru-Thru,Intersection from adjacent approaches,0,0,1,0,1,2,0,0,0,0,0,0
256558,Hospitalisation,2013,9,Hit parked vehicle,Single Vehicle,153.0751431,-27.46671819,Wynnum Rd,,Morningside,Bulimba,No Roadway Feature,No traffic control,60 km/h,Sealed - Dry,Daylight,Curved - view open,Off Path-Curve: Off Cway Rt Bend Hit Obj,Off carriageway on curve hit object,0,1,0,0,1,1,1,0,0,0,0,0
256559,Medical treatment,2013,12,Rear-end,Multi-Vehicle,153.090008,-27.571011,South East Arterial Rd,,Eight Mile Plains,Sunnybank,No Roadway Feature,No traffic control,100 - 110 km/h,Sealed - Dry,Daylight,Straight,Veh'S Same Direction: Rear End,Rear-end,0,0,1,0,1,2,0,0,0,0,0,0
256560,Minor injury,2013,12,Rear-end,Multi-Vehicle,153.108637,-27.589757,South East Arterial Rd,,Rochedale,Mansfield,No Roadway Feature,No traffic control,100 - 110 km/h,Sealed - Dry,Daylight,Straight,Veh'S Same Direction: Rear End,Rear-end,0,0,0,1,1,1,0,0,0,0,0,2
256561,Medical treatment,2013,16,Angle,Multi-Vehicle,153.161053,-27.4920048,Feathertail Pl,New Cleveland Rd,Gumdale,Chatsworth,Intersection - T-Junction,Give way sign,70 km/h,Sealed - Dry,Dawn/Dusk,Straight,Veh'S Adjacent Approach: Thru-Right,Intersection from adjacent approaches,0,0,2,0,2,2,0,0,0,0,0,0
256567,Hospitalisation,2013,8,Angle,Multi-Vehicle,153.1251336,-27.50408882,Gateway Art Rd Ramp Vg,Gateway Art Rd Ramp Xc,Belmont,Chatsworth,Intersection - Interchange,Operating traffic lights,60 km/h,Sealed - Dry,Daylight,Straight,Veh'S Adjacent Approach: Thru-Thru,Intersection from adjacent approaches,0,1,1,0,2,2,0,0,0,0,0,0
256584,Hospitalisation,2013,6,Angle,Multi-Vehicle,153.1240116,-27.50385984,Cleveland Sub-Arterial Rd,Gateway Art Rd Ramp Vc,Belmont,Chatsworth,Intersection - Interchange,Operating traffic lights,0 - 50 km/h,Sealed - Dry,Dawn/Dusk,Straight,Veh'S Adjacent Approach: Thru-Thru,Intersection from adjacent approaches,0,1,0,0,1,2,0,0,0,0,0,0
256621,Medical treatment,2013,7,Rear-end,Multi-Vehicle,153.062576,-27.579242,Lister St,Mains Rd,Sunnybank,Sunnybank,Intersection - Cross,Operating traffic lights,60 km/h,Sealed - Dry,Daylight,Straight,Veh'S Same Direction: Rear End,Rear-end,0,0,1,0,1,2,0,0,0,0,0,0
256622,Hospitalisation,2013,15,Rear-end,Multi-Vehicle,153.1081664,-27.56855393,Gateway Arterial Rd,,Rochedale,Mansfield,No Roadway Feature,No traffic control,100 - 110 km/h,Sealed - Dry,Daylight,Curved - view open,Veh'S Same Direction: Rear End,Rear-end,0,1,0,0,1,2,0,1,0,0,0,0
256623,Medical treatment,2013,14,Rear-end,Multi-Vehicle,153.039798,-27.487133,Stanley St,Wellington Rd,East Brisbane,South Brisbane,Intersection - Cross,Operating traffic lights,60 km/h,Sealed - Dry,Daylight,Straight,Veh'S Same Direction: Rear End,Rear-end,0,0,1,0,1,2,0,0,0,0,0,0
256624,Hospitalisation,2013,15,Sideswipe,Multi-Vehicle,153.1673723,-27.41448854,Tanker St,,Port Of Brisbane,Lytton,Merge Lane,No traffic control,80 - 90 km/h,Sealed - Dry,Daylight,Straight,Veh'S Same Direction: Other,Other,0,3,0,0,3,1,0,1,0,0,0,0
256655,Hospitalisation,2013,20,Angle,Multi-Vehicle,153.0607673,-27.58770417,Beenleigh Rd,Mains Rd,Sunnybank,Sunnybank,Intersection - Cross,Operating traffic lights,60 km/h,Sealed - Dry,Darkness - Lighted,Straight,Veh'S Opposite Approach: Thru-Right,Opposing vehicles turning,0,1,1,0,2,2,0,0,0,0,0,0
256659,Hospitalisation,2013,15,Angle,Multi-Vehicle,153.0924494,-27.54355404,Broadwater Rd,Newnham Rd,Mount Gravatt East,Mansfield,Intersection - Cross,Operating traffic lights,60 km/h,Sealed - Dry,Daylight,Straight,Veh'S Opposite Approach: Thru-Right,Opposing vehicles turning,0,3,0,0,3,2,0,0,0,0,0,0
256660,Hospitalisation,2013,6,Sideswipe,Multi-Vehicle,153.0754326,-27.53398415,Logan Rd,,Mount Gravatt,Greenslopes,No Roadway Feature,No traffic control,60 km/h,Sealed - Dry,Daylight,Straight,Veh'S Manoeuvring: Leaving Parking,Vehicle leaving driveway,0,1,0,0,1,2,0,0,0,0,0,0
256663,Hospitalisation,2013,17,Rear-end,Multi-Vehicle,153.1174631,-27.54545188,Gateway Arterial Rd,,Rochedale,Mansfield,No Roadway Feature,No traffic control,100 - 110 km/h,Sealed - Dry,Darkness - Lighted,Straight,Veh'S Same Direction: Rear End,Rear-end,0,1,0,0,1,3,0,0,0,0,0,0
256664,Hospitalisation,2013,15,Rear-end,Multi-Vehicle,153.0185531,-27.4888136,Gladstone Rd,,Highgate Hill,South Brisbane,No Roadway Feature,No traffic control,60 km/h,Sealed - Dry,Daylight,Curved - view open,Veh'S Same Direction: Rear End,Rear-end,0,1,0,0,1,0,0,0,1,1,0,0
256694,Minor injury,2013,18,Sideswipe,Multi-Vehicle,152.972134,-27.569901,Douglas St,Ipswich Mwy,Oxley,Inala,Intersection - Roundabout,Give way sign,60 km/h,Sealed - Dry,Darkness - Lighted,Curved - view open,Veh'S Opposite Approach: U-Turn,U-turn,0,0,0,1,1,1,0,0,0,1,0,0
256695,Medical treatment,2013,7,Angle,Multi-Vehicle,153.071156,-27.49163323,Old Cleveland Rd,,Camp Hill,Greenslopes,No Roadway Feature,No traffic control,60 km/h,Sealed - Dry,Daylight,Straight,Off Path-Straight: Left Off Cway Hit Obj,Off carriageway on straight hit object,0,0,1,0,1,1,0,0,0,1,0,0
256699,Hospitalisation,2013,7,Angle,Multi-Vehicle,153.0660741,-27.57220917,Mccullough St,,Sunnybank,Sunnybank,No Roadway Feature,Operating traffic lights,60 km/h,Sealed - Dry,Daylight,Straight,Veh'S Manoeuvring: Entering From Footway,Vehicle leaving driveway,0,1,0,0,1,1,0,0,0,0,0,1
256700,Hospitalisation,2013,17,Hit pedestrian,Hit pedestrian,153.020485,-27.47754763,Glenelg St,,South Brisbane,South Brisbane,No Roadway Feature,No traffic control,0 - 50 km/h,Sealed - Dry,Dawn/Dusk,Curved - view open,Ped'N: Hit Other,Other,0,1,0,0,1,1,0,0,0,0,1,0
256733,Minor injury,2013,7,Rear-end,Multi-Vehicle,153.04106,-27.64861263,Mt Lindesay Art. Rd,,Parkinson,Algester,No Roadway Feature,No traffic control,80 - 90 km/h,Sealed - Dry,Daylight,Straight,Veh'S Same Direction: Rear End,Rear-end,0,0,0,1,1,2,0,0,0,0,0,0
256735,Hospitalisation,2013,13,Angle,Multi-Vehicle,153.0573123,-27.5858172,Beenleigh Rd,Woff St,Sunnybank,Sunnybank,Intersection - Cross,Operating traffic lights,60 km/h,Sealed - Dry,Daylight,Straight,Veh'S Opposite Approach: Thru-Right,Opposing vehicles turning,0,1,0,0,1,1,1,0,0,0,0,0
256736,Hospitalisation,2013,0,Hit parked vehicle,Single Vehicle,153.0136335,-27.51537755,Kadumba St,,Yeronga,Yeerongpilly,No Roadway Feature,No traffic control,0 - 50 km/h,Sealed - Dry,Darkness - Lighted,Straight,Veh'S On Path: Parked,Hit parked vehicle,0,1,0,0,1,2,0,0,0,0,0,0
256738,Hospitalisation,2013,14,Angle,Multi-Vehicle,152.9665227,-27.59080589,Azalea St,Eugenia St,Inala,Inala,Intersection - Cross,Give way sign,60 km/h,Sealed - Dry,Daylight,Straight,Veh'S Adjacent Approach: Thru-Thru,Intersection from adjacent approaches,0,3,0,0,3,2,0,0,0,0,0,0
256739,Hospitalisation,2013,9,Angle,Multi-Vehicle,153.0035087,-27.65576455,Johnson Rd,Paradise Rd,Larapinta,Algester,Intersection - Cross,Operating traffic lights,60 km/h,Sealed - Dry,Daylight,Straight,Veh'S Opposite Approach: Thru-Right,Opposing vehicles turning,0,1,0,0,1,1,1,0,0,0,0,0
256766,Medical treatment,2013,14,Hit object,Single Vehicle,153.057264,-27.585963,Beenleigh Rd,Wynne St,Sunnybank,Sunnybank,Intersection - Cross,Operating traffic lights,60 km/h,Sealed - Dry,Daylight,Straight,Off Path-Straight: Mounts Traffic Island,Off carriageway on straight hit object,0,0,1,0,1,1,0,0,0,0,0,0
256769,Medical treatment,2013,6,Rear-end,Multi-Vehicle,153.065956,-27.561044,Griffith Arterial Rd,Mains Rd,Macgregor,Sunnybank,Intersection - Cross,Operating traffic lights,60 km/h,Sealed - Dry,Daylight,Straight,Veh'S Same Direction: Rear End,Rear-end,0,0,1,0,1,2,0,0,0,0,0,0
256770,Minor injury,2013,18,Rear-end,Multi-Vehicle,153.0640809,-27.5470202,Pacific Hwy,,Upper Mount Gravatt,Mansfield,No Roadway Feature,No traffic control,100 - 110 km/h,Sealed - Dry,Darkness - Lighted,Straight,Veh'S Same Direction: Rear End,Rear-end,0,0,0,1,1,5,1,0,0,0,0,0
256771,Medical treatment,2013,7,Angle,Multi-Vehicle,153.156783,-27.463016,Network Dr,Randall Rd,Wynnum West,Lytton,Intersection - T-Junction,Give way sign,0 - 50 km/h,Sealed - Dry,Daylight,Straight,Veh'S Adjacent Approach: Thru-Right,Intersection from adjacent approaches,0,0,1,0,1,2,0,0,0,0,0,0
256782,Hospitalisation,2013,15,Rear-end,Multi-Vehicle,153.0283274,-27.65878133,Johnson Rd,,Parkinson,Algester,No Roadway Feature,No traffic control,60 km/h,Sealed - Dry,Daylight,Straight,Veh'S Same Direction: Rear End,Rear-end,0,1,0,0,1,3,0,0,0,0,0,0
256807,Hospitalisation,2013,16,Angle,Multi-Vehicle,153.0532985,-27.5985562,Borella Rd,,Sunnybank Hills,Sunnybank,No Roadway Feature,No traffic control,60 km/h,Sealed - Dry,Daylight,Straight,Veh'S Manoeuvring: Entering From Footway,Vehicle leaving driveway,0,1,0,0,1,1,0,0,0,1,0,0
256808,Medical treatment,2013,8,Sideswipe,Multi-Vehicle,153.099616,-27.504613,Creek Rd,,Carina Heights,Chatsworth,No Roadway Feature,No traffic control,60 km/h,Sealed - Dry,Daylight,Straight,Veh'S Same Direction: Left Turn S/Swipe,Parallel lanes turning,0,0,1,0,1,1,0,0,0,1,0,0
256809,Fatal,2013,3,Fall from vehicle,Single Vehicle,153.089937,-27.48837107,Stanley Rd,,Carina,Chatsworth,No Roadway Feature,No traffic control,60 km/h,Sealed - Dry,Darkness - Lighted,Straight,Off Path-Straight:Out Of Control On Cway,Out of control on straight,1,0,0,0,1,0,1,0,0,0,0,0
256810,Medical treatment,2013,14,Angle,Multi-Vehicle,153.07998,-27.539226,Creek Rd,Logan Rd,Mount Gravatt,Mansfield,Intersection - T-Junction,Operating traffic lights,60 km/h,Sealed - Dry,Daylight,Straight,Veh'S Opposite Approach: Thru-Right,Opposing vehicles turning,0,0,2,1,3,2,0,0,0,0,0,0
256813,Hospitalisation,2013,22,Sideswipe,Multi-Vehicle,153.0478027,-27.48632338,Didsbury St,Vulture St East,East Brisbane,South Brisbane,Intersection - T-Junction,No traffic control,60 km/h,Sealed - Dry,Darkness - Lighted,Straight,Veh'S Same Direction: Right Turn S/Swipe,Parallel lanes turning,0,1,0,0,1,2,0,0,0,0,0,0
256838,Hospitalisation,2013,10,Angle,Multi-Vehicle,153.0887061,-27.49577707,Jones Rd,Old Cleveland Rd,Carina,Chatsworth,Intersection - T-Junction,Operating traffic lights,60 km/h,Sealed - Dry,Daylight,Straight,Veh'S Opposite Approach: Thru-Right,Opposing vehicles turning,0,1,0,0,1,3,0,0,0,0,0,0
256839,Medical treatment,2013,21,Hit object,Single Vehicle,153.041796,-27.498225,Junction St,,Woolloongabba,South Brisbane,No Roadway Feature,No traffic control,0 - 50 km/h,Sealed - Dry,Darkness - Lighted,Straight,Off Path-Straight:Right Off Cway Hit Obj,Off carriageway on straight hit object,0,0,1,0,1,1,0,0,0,0,0,0
256840,Medical treatment,2013,19,Rear-end,Multi-Vehicle,153.061309,-27.497827,Cavendish Rd,Eastleigh La,Coorparoo,Greenslopes,Intersection - T-Junction,No traffic control,60 km/h,Sealed - Dry,Darkness - Lighted,Straight,Veh'S Same Direction: Right Rear,Rear-end,0,0,1,0,1,2,0,0,0,0,0,0
256841,Medical treatment,2013,16,Angle,Multi-Vehicle,153.0246847,-27.53953402,Blomfield St,Currey Ave,Moorooka,Yeerongpilly,Intersection - Cross,Give way sign,0 - 50 km/h,Sealed - Dry,Daylight,Straight,Veh'S Adjacent Approach: Thru-Thru,Intersection from adjacent approaches,0,0,1,0,1,2,0,0,0,0,0,0
256863,Medical treatment,2013,12,Angle,Multi-Vehicle,152.945161,-27.597549,Progress Rd,Western Arterial Rd,Richlands,Inala,Intersection - Interchange,Operating traffic lights,60 km/h,Sealed - Dry,Daylight,Straight,Veh'S Adjacent Approach: Thru-Right,Intersection from adjacent approaches,0,0,1,0,1,2,0,0,0,0,0,0
256870,Medical treatment,2013,8,Rear-end,Multi-Vehicle,153.157275,-27.50888,Bacton Rd,Cleveland Sub-Arterial Rd,Chandler,Chatsworth,Intersection - T-Junction,No traffic control,80 - 90 km/h,Sealed - Dry,Daylight,Straight,Veh'S Same Direction: Rear End,Rear-end,0,0,1,0,1,1,0,1,0,0,0,0
256897,Hospitalisation,2013,17,Rear-end,Multi-Vehicle,153.0604718,-27.52274623,Balis St,Marshall Rd,Holland Park West,Greenslopes,Intersection - T-Junction,No traffic control,60 km/h,Sealed - Dry,Daylight,Straight,Veh'S Same Direction: Lane Change Left,Lane changes,0,1,0,0,1,3,0,0,0,0,0,0
256899,Medical treatment,2013,18,Rear-end,Multi-Vehicle,153.039798,-27.487133,Stanley St,Wellington Rd,East Brisbane,South Brisbane,Intersection - Cross,Operating traffic lights,60 km/h,Sealed - Dry,Daylight,Straight,Veh'S Same Direction: Rear End,Rear-end,0,0,1,0,1,2,0,0,0,0,0,0
256900,Minor injury,2013,16,Rear-end,Multi-Vehicle,153.038817,-27.490154,Balaclava St,,Woolloongabba,South Brisbane,No Roadway Feature,No traffic control,60 km/h,Sealed - Dry,Daylight,Straight,Veh'S Same Direction: Rear End,Rear-end,0,0,0,1,1,2,1,0,0,0,0,0
256928,Hospitalisation,2013,13,Hit object,Single Vehicle,152.9665364,-27.55430091,Seventeen Mile Rocks Rd,,Oxley,Mount Ommaney,No Roadway Feature,No traffic control,60 km/h,Sealed - Dry,Daylight,Straight,Off Path-Straight: Left Off Cway Hit Obj,Off carriageway on straight hit object,0,2,1,0,3,1,0,0,0,0,0,0
256929,Hospitalisation,2013,16,Angle,Multi-Vehicle,153.1133804,-27.57883191,Miles Platting Rd,,Rochedale,Mansfield,No Roadway Feature,No traffic control,60 km/h,Sealed - Dry,Daylight,Straight,Veh'S Overtaking: Overtake-Right Turn,Overtaking same direction,0,1,0,0,1,1,1,0,0,0,0,0
256930,Hospitalisation,2013,13,Hit pedestrian,Hit pedestrian,153.0080752,-27.47855172,Bank St,Jane St,West End,South Brisbane,Intersection - T-Junction,No traffic control,0 - 50 km/h,Sealed - Dry,Daylight,Straight,Ped'N: Far Side Vehicle Hit From Left,Pedestrian,0,1,0,0,1,1,0,0,0,0,1,0
256931,Medical treatment,2013,8,Angle,Multi-Vehicle,153.04017,-27.485183,Vulture St,Wellington Rd,East Brisbane,South Brisbane,Intersection - Cross,Operating traffic lights,60 km/h,Sealed - Dry,Daylight,Straight,Veh'S Adjacent Approach: Thru-Thru,Intersection from adjacent approaches,0,0,1,0,1,3,0,0,0,0,0,0
256932,Hospitalisation,2013,13,Non-collision - miscellaneous,Other,153.1553988,-27.45381964,Wynnum Rd,,Wynnum West,Lytton,No Roadway Feature,No traffic control,0 - 50 km/h,Sealed - Dry,Daylight,Straight,Pass & Misc: Fell In/From Vehicle,Other,0,1,0,0,1,0,0,0,1,0,0,0
256964,Hospitalisation,2013,8,Angle,Multi-Vehicle,153.0430089,-27.62982426,Nottingham Rd,,Calamvale,Stretton,No Roadway Feature,No traffic control,60 km/h,Sealed - Dry,Daylight,Straight,Veh'S Same Direction: Left Turn S/Swipe,Parallel lanes turning,0,1,0,0,1,0,1,1,0,0,0,0
256965,Hospitalisation,2013,8,Hit object,Single Vehicle,153.042106,-27.64613925,Mt Lindesay Art. Rd,,Drewvale,Stretton,No Roadway Feature,No traffic control,80 - 90 km/h,Sealed - Dry,Daylight,Straight,Off Path-Straight: Left Off Cway Hit Obj,Off carriageway on straight hit object,0,1,0,0,1,0,0,0,1,0,0,0
256970,Medical treatment,2013,14,Rear-end,Multi-Vehicle,153.154201,-27.475917,Manly Rd,,Wakerley,Chatsworth,No Roadway Feature,No traffic control,60 km/h,Sealed - Dry,Daylight,Curved - view open,Veh'S Same Direction: Rear End,Rear-end,0,0,1,0,1,2,0,0,0,0,0,0
256971,Hospitalisation,2013,14,Angle,Multi-Vehicle,153.1407312,-27.47591272,Manly Rd,New Cleveland Rd,Tingalpa,Chatsworth,Intersection - T-Junction,Operating traffic lights,70 km/h,Sealed - Dry,Daylight,Straight,Veh'S Opposite Approach: Thru-Right,Opposing vehicles turning,0,1,0,0,1,2,1,0,0,0,0,0
257013,Medical treatment,2013,8,Angle,Multi-Vehicle,153.043502,-27.629963,Appleby St,Nottingham Rd,Calamvale,Stretton,Intersection - T-Junction,Give way sign,60 km/h,Sealed - Dry,Daylight,Straight,Veh'S Adjacent Approach: Thru-Right,Intersection from adjacent approaches,0,0,1,0,1,2,0,0,0,0,0,0
257017,Hospitalisation,2013,17,Angle,Multi-Vehicle,153.0807906,-27.53998611,Cortis St,Logan Rd,Mount Gravatt,Mansfield,Intersection - Cross,Give way sign,60 km/h,Sealed - Dry,Dawn/Dusk,Straight,Veh'S Adjacent Approach: Thru-Right,Intersection from adjacent approaches,0,1,0,0,1,1,1,0,0,0,0,0
257018,Hospitalisation,2013,17,Angle,Multi-Vehicle,153.0815496,-27.5424491,Logan Rd,Rover St,Mount Gravatt,Mansfield,Intersection - T-Junction,No traffic control,60 km/h,Sealed - Dry,Dawn/Dusk,Straight,Veh'S Opposite Approach: Thru-Right,Opposing vehicles turning,0,2,0,0,2,1,1,0,0,0,0,0
257020,Hospitalisation,2013,6,Angle,Multi-Vehicle,153.0089336,-27.52461558,King Arthur Tce,,Yeerongpilly,Yeerongpilly,Intersection - Roundabout,Give way sign,60 km/h,Sealed - Dry,Dawn/Dusk,Curved - view open,Veh'S Manoeuvring: Leaving Driveway,Vehicle leaving driveway,0,1,0,0,1,1,0,0,0,1,0,0
257021,Hospitalisation,2013,10,Sideswipe,Multi-Vehicle,153.0477117,-27.48830436,Stanley St East,,East Brisbane,South Brisbane,No Roadway Feature,No traffic control,60 km/h,Sealed - Dry,Daylight,Curved - view open,Veh'S Same Direction: Lane Change Right,Lane changes,0,1,0,0,1,1,1,0,0,0,0,0
257022,Medical treatment,2013,15,Angle,Multi-Vehicle,153.172079,-27.449601,Dibar St,Pine St,Wynnum,Lytton,Intersection - Cross,Give way sign,60 km/h,Sealed - Dry,Daylight,Straight,Veh'S Adjacent Approach: Thru-Thru,Intersection from adjacent approaches,0,0,1,0,1,2,0,0,0,0,0,0
257062,Medical treatment,2013,18,Rear-end,Multi-Vehicle,153.023304,-27.494301,Deighton Rd,Gladstone Rd,Dutton Park,South Brisbane,Intersection - T-Junction,No traffic control,60 km/h,Sealed - Dry,Darkness - Lighted,Straight,Veh'S Same Direction: Rear End,Rear-end,0,0,1,0,1,3,0,0,0,0,0,0
257089,Hospitalisation,2013,16,Angle,Multi-Vehicle,152.9207584,-27.58658123,Cromarty Dr,Wacol Station Rd,Wacol,Inala,Intersection - Cross,Stop sign,60 km/h,Sealed - Dry,Dawn/Dusk,Straight,Veh'S Adjacent Approach: Thru-Thru,Intersection from adjacent approaches,0,1,0,0,1,1,1,0,0,0,0,0
257092,Hospitalisation,2013,10,Rear-end,Multi-Vehicle,152.983073,-27.53191879,Oxley Rd,,Sherwood,Indooroopilly,No Roadway Feature,No traffic control,60 km/h,Sealed - Dry,Daylight,Straight,Veh'S Same Direction: Rear End,Rear-end,0,1,0,0,1,3,0,0,0,0,0,0
257093,Medical treatment,2013,17,Rear-end,Multi-Vehicle,153.107366,-27.592036,Logan Sub-Arterial Rd,,Eight Mile Plains,Stretton,No Roadway Feature,No traffic control,80 - 90 km/h,Sealed - Dry,Darkness - Lighted,Straight,Veh'S Same Direction: Rear End,Rear-end,0,0,1,0,1,3,0,0,0,0,0,0
257094,Hospitalisation,2013,18,Angle,Multi-Vehicle,153.0274241,-27.4975605,Annerley Rd,Gladstone Rd,Dutton Park,South Brisbane,Intersection - Cross,Operating traffic lights,60 km/h,Sealed - Dry,Darkness - Lighted,Straight,Veh'S Manoeuvring: Entering From Footway,Vehicle leaving driveway,0,1,0,0,1,1,0,0,0,1,0,0
257095,Medical treatment,2013,14,Angle,Multi-Vehicle,153.140721,-27.475927,Manly Rd,New Cleveland Rd,Tingalpa,Chatsworth,Intersection - T-Junction,Operating traffic lights,70 km/h,Sealed - Wet,Daylight,Straight,Veh'S Opposite Approach: Thru-Right,Opposing vehicles turning,0,0,1,2,3,2,0,0,0,0,0,0
257113,Hospitalisation,2013,16,Angle,Multi-Vehicle,153.0512326,-27.61102219,Compton Rd,Mt Lindesay Art. Rd,Calamvale,Stretton,Intersection - T-Junction,Operating traffic lights,70 km/h,Sealed - Dry,Daylight,Straight,Veh'S Opposite Approach: Thru-Right,Opposing vehicles turning,0,1,0,0,1,2,0,0,0,0,0,0
257115,Medical treatment,2013,16,Rear-end,Multi-Vehicle,153.021246,-27.558455,Griffith Arterial Rd,Mt Lindesay Art. Rd,Rocklea,Yeerongpilly,Intersection - T-Junction,No traffic control,60 km/h,Sealed - Dry,Daylight,Straight,Veh'S Same Direction: Left Rear,Rear-end,0,0,1,0,1,2,0,0,0,0,0,0
257136,Hospitalisation,2013,18,Angle,Multi-Vehicle,153.0586236,-27.49354128,Cavendish Rd,Kitchener St,Coorparoo,Greenslopes,Intersection - Cross,No traffic control,60 km/h,Sealed - Dry,Darkness - Lighted,Straight,Veh'S Opposite Approach: Thru-Right,Opposing vehicles turning,0,1,0,0,1,3,0,0,0,0,0,0
257137,Hospitalisation,2013,14,Hit object,Single Vehicle,153.0209707,-27.55843849,Beaudesert Rd,Griffith Arterial Rd,Rocklea,Yeerongpilly,Intersection - Cross,Operating traffic lights,60 km/h,Sealed - Dry,Daylight,Straight,Veh'S Same Direction: Other,Other,0,1,0,0,1,2,0,0,0,0,0,0
257138,Hospitalisation,2013,13,Angle,Multi-Vehicle,153.1405381,-27.46659873,Bognor St,Wynnum Rd,Tingalpa,Lytton,Intersection - T-Junction,Operating traffic lights,80 - 90 km/h,Sealed - Dry,Daylight,Straight,Veh'S Adjacent Approach: Thru-Right,Intersection from adjacent approaches,0,2,0,0,2,2,0,0,0,0,0,0
257175,Hospitalisation,2013,11,Angle,Multi-Vehicle,153.046417,-27.5242083,Toohey Rd,Weller Rd,Tarragindi,Yeerongpilly,Intersection - Cross,Operating traffic lights,60 km/h,Sealed - Dry,Daylight,Straight,Veh'S Opposite Approach: Thru-Right,Opposing vehicles turning,0,1,0,0,1,2,0,0,0,0,0,0
257177,Medical treatment,2013,10,Angle,Multi-Vehicle,153.107122,-27.455453,Gateway Arterial Rd,Lytton Rd,Murarrie,Bulimba,Intersection - Interchange,Operating traffic lights,60 km/h,Sealed - Dry,Daylight,Straight,Veh'S Adjacent Approach: Thru-Right,Intersection from adjacent approaches,0,0,3,0,3,2,0,0,0,0,0,0
257179,Medical treatment,2013,18,Hit parked vehicle,Single Vehicle,152.9847298,-27.52546466,Long St E,,Graceville,Indooroopilly,No Roadway Feature,No traffic control,0 - 50 km/h,Sealed - Dry,Darkness - Not lighted,Straight,Veh'S On Path: Parked,Hit parked vehicle,0,0,1,1,2,2,0,0,0,0,0,0
257180,Medical treatment,2013,17,Rear-end,Multi-Vehicle,153.065918,-27.55027,Mains Rd,South East Arterial Rd,Upper Mount Gravatt,Yeerongpilly,Intersection - Interchange,Operating traffic lights,60 km/h,Sealed - Dry,Daylight,Straight,Veh'S Same Direction: Rear End,Rear-end,0,0,1,0,1,2,0,0,0,0,0,0
257181,Medical treatment,2013,18,Rear-end,Multi-Vehicle,153.1214397,-27.54568256,Redland Sub-Arterial Rd,,Mackenzie,Mansfield,No Roadway Feature,No traffic control,60 km/h,Sealed - Dry,Darkness - Lighted,Straight,Veh'S Same Direction: Rear End,Rear-end,0,0,1,2,3,3,0,0,0,0,0,0
257182,Medical treatment,2013,17,Rear-end,Multi-Vehicle,153.1034189,-27.5864176,Logan Sub-Arterial Rd,,Eight Mile Plains,Stretton,No Roadway Feature,No traffic control,70 km/h,Sealed - Wet,Dawn/Dusk,Curved - view open,Veh'S Same Direction: Rear End,Rear-end,0,0,1,0,1,2,0,0,0,0,0,0
257206,Medical treatment,2013,8,Rear-end,Multi-Vehicle,153.01239,-27.557398,Balham Rd,Griffith Arterial Rd,Archerfield,Sunnybank,Intersection - T-Junction,Give way sign,0 - 50 km/h,Sealed - Dry,Daylight,Straight,Veh'S Same Direction: Left Rear,Rear-end,0,0,1,0,1,2,0,0,0,0,0,0
257210,Hospitalisation,2013,8,Hit object,Single Vehicle,153.0821929,-27.46167314,Junction Rd,,Morningside,Bulimba,No Roadway Feature,No traffic control,60 km/h,Sealed - Dry,Daylight,Straight,Off Path-Straight: Left Off Cway Hit Obj,Off carriageway on straight hit object,0,1,0,0,1,1,0,0,0,0,0,0
257211,Hospitalisation,2013,17,Hit pedestrian,Hit pedestrian,153.0928497,-27.57590099,Meadow St,Miles Platting Rd,Eight Mile Plains,Sunnybank,Intersection - T-Junction,Give way sign,0 - 50 km/h,Sealed - Dry,Dawn/Dusk,Straight,Ped'N: Near Side Vehicle Hit From Right,Pedestrian,0,1,0,0,1,1,0,0,0,0,1,0
257212,Hospitalisation,2013,12,Angle,Multi-Vehicle,153.0420018,-27.48745642,Lisburn St,Stanley St East,East Brisbane,South Brisbane,Intersection - Cross,Operating traffic lights,60 km/h,Sealed - Dry,Daylight,Straight,Veh'S Adjacent Approach: Thru-Thru,Intersection from adjacent approaches,0,1,0,0,1,3,0,0,0,0,0,0
257213,Medical treatment,2013,10,Rear-end,Multi-Vehicle,153.165403,-27.476277,Greencamp Rd,Manly Rd,Wakerley,Chatsworth,Intersection - T-Junction,Operating traffic lights,60 km/h,Sealed - Dry,Daylight,Curved - view open,Veh'S Same Direction: Rear End,Rear-end,0,0,2,0,2,2,0,0,0,0,0,0