Crash_Ref_Number,Severity,Year,Hour,Crash_Nature,Crash_Type,Longitude,Latitude,Street,Street_Intersecting,Suburb,Loc_State_Electorate,Crash_Roadway_Feature,Crash_Traffic_Control,Crash_Speed_Limit,Crash_Road_Surface_Condition,Crash_Lighting_Condition,Crash_Road_Horiz_Align,Crash_DCA_Description,Crash_DCA_Group_Description,Count_Casualty_Fatality,Count_Casualty_Hospitalised,Count_Casualty_MedicallyTreated,Count_Casualty_MinorInjury,Count_Casualty_Total,Count_Unit_Car,Count_Unit_Motorcycle_Moped,Count_Unit_Truck,Count_Unit_Bus,Count_Unit_Bicycle,Count_Unit_Pedestrian,Count_Unit_Other
257243,Medical treatment,2013,9,Rear-end,Multi-Vehicle,152.938923,-27.5593751,Centenary Hwy,Sumners Rd,Sumner,Mount Ommaney,Intersection - Roundabout,Give way sign,60 km/h,Sealed - Dry,Daylight,Straight,Veh'S Same Direction: Right Rear,Rear-end,0,0,1,0,1,1,0,0,0,0,0,1
257244,Medical treatment,2013,6,Angle,Multi-Vehicle,153.056349,-27.60265,Pinelands Rd,,Sunnybank Hills,Stretton,No Roadway Feature,No traffic control,70 km/h,Sealed - Dry,Daylight,Straight,Veh'S Opposite Approach: Thru-Right,Opposing vehicles turning,0,0,4,0,4,2,0,0,0,0,0,0
257245,Hospitalisation,2013,16,Hit pedestrian,Hit pedestrian,153.0379991,-27.51339537,Ekibin Rd,Lewisham St,Annerley,Yeerongpilly,Intersection - Roundabout,Give way sign,60 km/h,Sealed - Dry,Daylight,Straight,Ped'N: Far Side Vehicle Hit From Left,Pedestrian,0,1,0,0,1,1,0,0,0,0,1,0
257250,Medical treatment,2013,15,Angle,Multi-Vehicle,153.064459,-27.46687,Riding Rd,,Hawthorne,Bulimba,No Roadway Feature,No traffic control,60 km/h,Sealed - Dry,Daylight,Straight,Veh'S Manoeuvring: Leaving Driveway,Vehicle leaving driveway,0,0,1,0,1,1,0,0,0,1,0,0
257252,Medical treatment,2013,18,Angle,Multi-Vehicle,153.0852937,-27.58828868,Daw Rd,Warrigal Rd,Eight Mile Plains,Stretton,Intersection - T-Junction,Operating traffic lights,60 km/h,Sealed - Dry,Darkness - Lighted,Straight,Veh'S Opposite Approach: Thru-Right,Opposing vehicles turning,0,0,1,0,1,2,0,0,0,0,0,0
257253,Medical treatment,2013,7,Rear-end,Multi-Vehicle,153.028896,-27.4865536,Annerley Rd,,South Brisbane,South Brisbane,No Roadway Feature,No traffic control,0 - 50 km/h,Sealed - Dry,Daylight,Straight,Veh'S Same Direction: Rear End,Rear-end,0,0,1,0,1,2,0,0,0,0,0,0
257254,Medical treatment,2013,16,Angle,Multi-Vehicle,153.137441,-27.477978,Honiara St,Solomon Cres,Tingalpa,Chatsworth,Intersection - T-Junction,No traffic control,0 - 50 km/h,Sealed - Dry,Daylight,Straight,Veh'S Adjacent Approach: Thru-Thru,Intersection from adjacent approaches,0,0,1,0,1,1,0,0,0,1,0,0
257288,Hospitalisation,2013,20,Overturned,Single Vehicle,153.0559765,-27.60349417,Calam Rd,,Sunnybank Hills,Stretton,No Roadway Feature,No traffic control,70 km/h,Sealed - Wet,Darkness - Lighted,Curved - view open,Off Path-Curve: Out Of Control On Cway,Out of control on curve,0,1,0,0,1,1,0,0,0,0,0,0
257289,Medical treatment,2013,13,Rear-end,Multi-Vehicle,153.030987,-27.513902,Ipswich Rd,Waterton St,Annerley,Yeerongpilly,Intersection - Cross,Operating traffic lights,60 km/h,Sealed - Wet,Daylight,Straight,Veh'S Same Direction: Rear End,Rear-end,0,0,1,0,1,1,0,1,0,0,0,0
257290,Medical treatment,2013,9,Angle,Multi-Vehicle,153.093205,-27.49549704,Dickenson St,Old Cleveland Rd,Carina,Chatsworth,Intersection - Cross,No traffic control,60 km/h,Sealed - Dry,Daylight,Straight,Veh'S Opposite Approach: Thru-Right,Opposing vehicles turning,0,0,1,0,1,1,0,0,0,1,0,0
257292,Hospitalisation,2013,5,Hit object,Single Vehicle,152.9845994,-27.58542975,Blunder Rd,Glenala Rd,Durack,Sunnybank,Intersection - T-Junction,Operating traffic lights,60 km/h,Sealed - Dry,Dawn/Dusk,Straight,Off Path-Straight: Other,Other,0,1,0,0,1,1,0,0,0,0,0,0
257294,Medical treatment,2013,15,Sideswipe,Multi-Vehicle,153.044785,-27.532765,Toohey Rd,,Tarragindi,Yeerongpilly,No Roadway Feature,No traffic control,60 km/h,Sealed - Wet,Daylight,Straight,Veh'S Opposite Approach: Head On,Head-on,0,0,1,0,1,2,0,0,0,0,0,0
257333,Hospitalisation,2013,18,Rear-end,Multi-Vehicle,153.0565544,-27.47376833,Norman Cres,Wynnum Rd,Norman Park,Bulimba,Intersection - T-Junction,No traffic control,60 km/h,Sealed - Dry,Darkness - Lighted,Straight,Veh'S Same Direction: Right Rear,Rear-end,0,1,0,0,1,2,0,0,0,0,0,0
257335,Hospitalisation,2013,18,Angle,Multi-Vehicle,153.0403414,-27.55894135,Griffith Arterial Rd,Orange Grove Rd,Salisbury,Sunnybank,Intersection - Cross,Operating traffic lights,70 km/h,Sealed - Wet,Darkness - Lighted,Curved - view obscured,Veh'S Adjacent Approach: Thru-Thru,Intersection from adjacent approaches,0,1,1,0,2,2,0,0,0,0,0,0
257352,Hospitalisation,2013,17,Rear-end,Multi-Vehicle,153.0761233,-27.49861516,Boundary Rd,,Camp Hill,Greenslopes,No Roadway Feature,No traffic control,60 km/h,Sealed - Dry,Daylight,Straight,Veh'S Same Direction: Rear End,Rear-end,0,1,0,0,1,1,1,0,0,0,0,0
257354,Medical treatment,2013,19,Angle,Multi-Vehicle,153.055981,-27.525537,Marshall Rd,South East Arterial Rd,Holland Park West,Greenslopes,Intersection - T-Junction,Operating traffic lights,60 km/h,Sealed - Dry,Darkness - Lighted,Straight,Veh'S Adjacent Approach: Thru-Thru,Intersection from adjacent approaches,0,0,1,0,1,2,0,0,0,0,0,0
257355,Hospitalisation,2013,11,Angle,Multi-Vehicle,153.0545473,-27.57811823,Lister St,Station Rd,Sunnybank,Sunnybank,Intersection - Cross,Stop sign,60 km/h,Sealed - Dry,Daylight,Straight,Veh'S Adjacent Approach: Thru-Thru,Intersection from adjacent approaches,0,1,1,0,2,2,0,0,0,0,0,0
257356,Medical treatment,2013,14,Rear-end,Multi-Vehicle,153.1086497,-27.58976968,South East Arterial Rd,,Rochedale,Mansfield,No Roadway Feature,No traffic control,100 - 110 km/h,Sealed - Dry,Daylight,Straight,Veh'S Same Direction: Rear End,Rear-end,0,0,1,0,1,2,0,0,0,0,0,0
257357,Minor injury,2013,7,Rear-end,Multi-Vehicle,153.050018,-27.476399,Wynnum Rd,,East Brisbane,South Brisbane,Bridge/Causeway,No traffic control,60 km/h,Sealed - Wet,Daylight,Straight,Veh'S Same Direction: Lane Change Left,Lane changes,0,0,0,1,1,2,0,0,0,0,0,0
257381,Medical treatment,2013,6,Rear-end,Multi-Vehicle,153.048202,-27.623779,Mt Lindesay Art. Rd,,Calamvale,Stretton,No Roadway Feature,No traffic control,80 - 90 km/h,Sealed - Wet,Dawn/Dusk,Straight,Veh'S Same Direction: Rear End,Rear-end,0,0,2,0,2,3,0,0,0,0,0,0
257383,Medical treatment,2013,14,Rear-end,Multi-Vehicle,153.0147077,-27.55768168,Griffith Arterial Rd,,Archerfield,Sunnybank,No Roadway Feature,No traffic control,60 km/h,Sealed - Dry,Daylight,Straight,Veh'S Same Direction: Rear End,Rear-end,0,0,1,0,1,2,0,0,0,0,0,0
257384,Medical treatment,2013,7,Rear-end,Multi-Vehicle,153.092398,-27.495601,Old Cleveland Rd,,Carina,Chatsworth,No Roadway Feature,No traffic control,60 km/h,Sealed - Wet,Daylight,Straight,Veh'S Same Direction: Rear End,Rear-end,0,0,1,0,1,3,0,0,0,0,0,0
257386,Medical treatment,2013,10,Sideswipe,Multi-Vehicle,153.038808,-27.508373,South East Arterial Rd,,Greenslopes,South Brisbane,No Roadway Feature,No traffic control,100 - 110 km/h,Sealed - Wet,Daylight,Straight,Veh'S Same Direction: Lane Side Swipe,Lane changes,0,0,1,1,2,2,0,0,0,0,0,0
257388,Medical treatment,2013,19,Angle,Multi-Vehicle,152.959463,-27.591924,Archerfield Rd,Azalea St,Inala,Inala,Intersection - Cross,Stop sign,60 km/h,Sealed - Dry,Darkness - Not lighted,Straight,Veh'S Opposite Approach: Thru-Right,Opposing vehicles turning,0,0,2,0,2,2,0,0,0,0,0,0
257389,Medical treatment,2013,12,Angle,Multi-Vehicle,153.042104,-27.563701,Barham St,Musgrave Rd,Coopers Plains,Sunnybank,Intersection - T-Junction,No traffic control,60 km/h,Sealed - Dry,Daylight,Straight,Veh'S Manoeuvring: Entering From Footway,Vehicle leaving driveway,0,0,1,0,1,1,0,0,0,1,0,0
257390,Medical treatment,2013,7,Rear-end,Multi-Vehicle,153.040912,-27.555889,Lillian Ave,Orange Grove Rd,Salisbury,Yeerongpilly,Intersection - T-Junction,No traffic control,60 km/h,Sealed - Wet,Daylight,Straight,Veh'S Same Direction: Rear End,Rear-end,0,0,1,0,1,2,0,0,0,0,0,0
257426,Medical treatment,2013,17,Hit object,Single Vehicle,153.05914,-27.468737,Hawthorne Rd,Virginia Ave,Hawthorne,Bulimba,No Roadway Feature,No traffic control,60 km/h,Sealed - Dry,Darkness - Lighted,Curved - view open,Off Path-Curve: Out Of Control On Cway,Out of control on curve,0,0,1,0,1,0,1,0,0,0,0,0
257427,Minor injury,2013,6,Sideswipe,Multi-Vehicle,152.9857117,-27.52261168,Graceville Ave,,Graceville,Indooroopilly,No Roadway Feature,No traffic control,60 km/h,Sealed - Dry,Dawn/Dusk,Straight,Veh'S Same Direction: Lane Side Swipe,Lane changes,0,0,0,1,1,1,0,0,0,1,0,0
257466,Minor injury,2013,7,Rear-end,Multi-Vehicle,152.946818,-27.528331,Western Arterial Rd,,Jindalee,Mount Ommaney,Bridge/Causeway,No traffic control,80 - 90 km/h,Sealed - Dry,Daylight,Straight,Veh'S Same Direction: Rear End,Rear-end,0,0,0,1,1,4,0,0,0,0,0,0
257467,Medical treatment,2013,5,Angle,Multi-Vehicle,153.014305,-27.57136,Beatty Rd,Kerry Rd,Archerfield,Sunnybank,Intersection - T-Junction,No traffic control,60 km/h,Sealed - Dry,Darkness - Lighted,Straight,Veh'S Adjacent Approach: Right-Right,Intersection from adjacent approaches,0,0,2,0,2,2,0,0,0,0,0,0
257468,Hospitalisation,2013,9,Hit pedestrian,Hit pedestrian,153.037828,-27.50146541,Cornwall St,,Woolloongabba,South Brisbane,No Roadway Feature,No traffic control,60 km/h,Sealed - Dry,Daylight,Straight,Ped'N: Far Side Vehicle Hit From Left,Pedestrian,0,1,0,0,1,1,0,0,0,0,1,0
257470,Minor injury,2013,18,Rear-end,Multi-Vehicle,152.942874,-27.623017,Logan Mwy,Western Arterial Rd,Forest Lake,Inala,No Roadway Feature,No traffic control,80 - 90 km/h,Sealed - Dry,Darkness - Lighted,Straight,Veh'S Same Direction: Rear End,Rear-end,0,0,0,1,1,2,0,0,0,0,0,0
257471,Hospitalisation,2013,7,Fall from vehicle,Single Vehicle,153.0963548,-27.46895104,Creek Rd,,Cannon Hill,Bulimba,No Roadway Feature,No traffic control,60 km/h,Sealed - Dry,Daylight,Straight,Off Path-Straight:Out Of Control On Cway,Out of control on straight,0,1,0,0,1,0,1,0,0,0,0,0
257472,Minor injury,2013,18,Rear-end,Multi-Vehicle,153.030076,-27.481762,South East Arterial Rd,,Kangaroo Point,South Brisbane,Bridge/Causeway,No traffic control,80 - 90 km/h,Sealed - Wet,Darkness - Lighted,Straight,Veh'S Same Direction: Rear End,Rear-end,0,0,0,2,2,2,0,0,0,0,0,0
257510,Minor injury,2013,12,Rear-end,Multi-Vehicle,153.01673,-27.558534,Beatty Rd,Gladstone St,Archerfield,Sunnybank,Intersection - T-Junction,No traffic control,60 km/h,Sealed - Dry,Daylight,Straight,Veh'S Same Direction: Right Rear,Rear-end,0,0,0,1,1,2,0,0,0,0,0,0
257513,Hospitalisation,2013,9,Angle,Multi-Vehicle,153.0406614,-27.55724635,Kessels Rd,Orange Grove Rd,Salisbury,Yeerongpilly,Intersection - T-Junction,Operating traffic lights,0 - 50 km/h,Sealed - Dry,Daylight,Straight,Veh'S Adjacent Approach: Thru-Right,Intersection from adjacent approaches,0,1,0,1,2,2,0,0,0,0,0,0
257514,Hospitalisation,2013,20,Angle,Multi-Vehicle,153.1654178,-27.4762626,Greencamp Rd,Manly Rd,Wakerley,Chatsworth,Intersection - T-Junction,Operating traffic lights,60 km/h,Sealed - Dry,Darkness - Lighted,Curved - view open,Veh'S Opposite Approach: Thru-Right,Opposing vehicles turning,0,1,0,0,1,2,0,0,0,0,0,0
257551,Hospitalisation,2013,5,Hit parked vehicle,Single Vehicle,153.039122,-27.50932238,South East Arterial Rd,,Greenslopes,South Brisbane,Bridge/Causeway,No traffic control,100 - 110 km/h,Sealed - Dry,Darkness - Lighted,Curved - view obscured,Veh'S On Path: Accident Or Broken Down,Hit parked vehicle,0,1,0,0,1,2,0,0,0,0,1,0
257552,Minor injury,2013,8,Rear-end,Multi-Vehicle,153.09262,-27.53016,Cavendish Rd,,Mount Gravatt East,Mansfield,No Roadway Feature,No traffic control,60 km/h,Sealed - Dry,Daylight,Straight,Veh'S Same Direction: Right Rear,Rear-end,0,0,0,1,1,2,0,0,0,0,0,0
257553,Medical treatment,2013,14,Angle,Multi-Vehicle,152.968435,-27.596635,Clipper St,Poinsettia St,Inala,Inala,Intersection - T-Junction,Give way sign,60 km/h,Sealed - Dry,Daylight,Straight,Veh'S Adjacent Approach: Thru-Right,Intersection from adjacent approaches,0,0,1,0,1,2,0,0,0,0,0,0
257555,Hospitalisation,2013,9,Hit object,Single Vehicle,153.0073393,-27.4872677,Dornoch Tce,,West End,South Brisbane,No Roadway Feature,No traffic control,0 - 50 km/h,Sealed - Dry,Daylight,Curved - view open,Off Path-Curve: Other,Other,0,1,0,0,1,0,0,0,0,1,0,0
257556,Hospitalisation,2013,18,Head-on,Multi-Vehicle,153.0466656,-27.4796094,Heidelberg St,Lytton Rd,East Brisbane,South Brisbane,Intersection - Cross,Operating traffic lights,60 km/h,Sealed - Dry,Darkness - Lighted,Curved - view open,Veh'S Opposite Approach: Head On,Head-on,0,2,2,1,5,4,0,0,0,0,0,0
257584,Hospitalisation,2013,11,Angle,Multi-Vehicle,152.9460346,-27.53939808,Western Arterial Rd,,Sinnamon Park,Mount Ommaney,No Roadway Feature,No traffic control,100 - 110 km/h,Sealed - Dry,Daylight,Straight,Veh'S Manoeuvring: Entering From Footway,Vehicle leaving driveway,0,1,0,0,1,5,0,0,0,0,0,0
257587,Medical treatment,2013,9,Rear-end,Multi-Vehicle,152.9484045,-27.59431877,Garden Rd,,Richlands,Inala,No Roadway Feature,No traffic control,60 km/h,Sealed - Dry,Daylight,Straight,Veh'S Same Direction: Rear End,Rear-end,0,0,1,1,2,4,0,0,0,0,0,0
257588,Minor injury,2013,9,Rear-end,Multi-Vehicle,153.011611,-27.541427,Fairfield Rd,Sherwood Rd,Rocklea,Yeerongpilly,Intersection - T-Junction,No traffic control,60 km/h,Sealed - Dry,Daylight,Straight,Veh'S Same Direction: Left Rear,Rear-end,0,0,0,3,3,2,0,0,0,0,0,0
257590,Hospitalisation,2013,14,Rear-end,Multi-Vehicle,153.0709159,-27.55479815,South East Arterial Rd,,Upper Mount Gravatt,Mansfield,No Roadway Feature,No traffic control,100 - 110 km/h,Sealed - Dry,Daylight,Straight,Veh'S Same Direction: Rear End,Rear-end,0,1,1,0,2,3,0,0,0,0,0,0
257591,Minor injury,2013,8,Hit object,Single Vehicle,153.0195953,-27.48493196,Gladstone Rd,,Highgate Hill,South Brisbane,No Roadway Feature,No traffic control,60 km/h,Sealed - Dry,Daylight,Straight,Veh'S Manoeuvring: Other,Other,0,0,0,1,1,1,0,0,0,1,0,0
257622,Medical treatment,2013,12,Rear-end,Multi-Vehicle,153.0511873,-27.64779704,Logan Mwy,,Drewvale,Stretton,No Roadway Feature,No traffic control,100 - 110 km/h,Sealed - Dry,Daylight,Straight,Veh'S Same Direction: Rear End,Rear-end,0,0,1,0,1,1,0,1,0,0,0,0
257625,Medical treatment,2013,19,Angle,Multi-Vehicle,152.9594693,-27.59193034,Archerfield Rd,Pine Rd,Inala,Inala,Intersection - Cross,Give way sign,60 km/h,Sealed - Dry,Dawn/Dusk,Straight,Veh'S Adjacent Approach: Thru-Thru,Intersection from adjacent approaches,0,0,1,0,1,2,0,0,0,0,0,0
257629,Medical treatment,2013,18,Angle,Multi-Vehicle,153.0635713,-27.57377634,Elva St,Mains Rd,Sunnybank,Sunnybank,Intersection - T-Junction,No traffic control,60 km/h,Sealed - Dry,Darkness - Lighted,Straight,Veh'S Opposite Approach: Thru-Right,Opposing vehicles turning,0,0,2,0,2,2,0,0,0,0,0,0
257630,Hospitalisation,2013,17,Sideswipe,Multi-Vehicle,153.0406027,-27.48301644,Mowbray Tce,Wellington Rd,East Brisbane,South Brisbane,Intersection - T-Junction,No traffic control,60 km/h,Sealed - Dry,Darkness - Lighted,Straight,Veh'S Same Direction: Right Turn S/Swipe,Parallel lanes turning,0,1,0,0,1,1,1,0,0,0,0,0
257664,Medical treatment,2013,9,Angle,Multi-Vehicle,153.054117,-27.450609,Oxford St,,Bulimba,Bulimba,Intersection - Cross,Give way sign,0 - 50 km/h,Sealed - Dry,Daylight,Straight,Veh'S Adjacent Approach: Thru-Right,Intersection from adjacent approaches,0,0,1,0,1,2,0,0,0,0,0,0
257666,Medical treatment,2013,18,Angle,Multi-Vehicle,153.10674,-27.549792,Redland Sub-Arterial Rd,Shillington Pl,Wishart,Mansfield,Intersection - Cross,Operating traffic lights,60 km/h,Sealed - Dry,Darkness - Lighted,Straight,Veh'S Opposite Approach: Thru-Right,Opposing vehicles turning,0,0,1,0,1,2,0,0,0,0,0,0
257667,Medical treatment,2013,16,Rear-end,Multi-Vehicle,153.08061,-27.564054,South East Arterial Rd,,Macgregor,Mansfield,No Roadway Feature,No traffic control,100 - 110 km/h,Sealed - Dry,Daylight,Straight,Veh'S Same Direction: Rear End,Rear-end,0,0,1,1,2,4,0,0,0,0,0,0
257668,Medical treatment,2013,15,Rear-end,Multi-Vehicle,153.16724,-27.474934,Manly Rd,,Manly West,Lytton,No Roadway Feature,No traffic control,60 km/h,Sealed - Dry,Daylight,Straight,Veh'S Same Direction: Rear End,Rear-end,0,0,1,0,1,2,0,0,0,0,0,0
257674,Medical treatment,2013,6,Rear-end,Multi-Vehicle,153.134482,-27.547465,Mt Cotton Rd,,Burbank,Mansfield,No Roadway Feature,No traffic control,60 km/h,Sealed - Dry,Dawn/Dusk,Straight,Veh'S Same Direction: Rear End,Rear-end,0,0,1,0,1,2,0,0,0,0,0,0
257693,Medical treatment,2013,17,Rear-end,Multi-Vehicle,153.035613,-27.595588,Mt Lindesay Art. Rd,,Acacia Ridge,Sunnybank,No Roadway Feature,No traffic control,70 km/h,Sealed - Wet,Dawn/Dusk,Straight,Veh'S Same Direction: Rear End,Rear-end,0,0,1,0,1,2,0,0,0,0,0,0
257694,Medical treatment,2013,17,Rear-end,Multi-Vehicle,153.111465,-27.501698,Old Cleveland Rd,,Carindale,Chatsworth,No Roadway Feature,No traffic control,60 km/h,Sealed - Wet,Darkness - Lighted,Straight,Veh'S Same Direction: Rear End,Rear-end,0,0,1,0,1,2,0,0,0,0,0,0
257695,Hospitalisation,2013,6,Hit object,Single Vehicle,153.1201427,-27.50208286,Gateway Art Rd Ramp Va,Old Cleveland Rd,Carindale,Chatsworth,Intersection - Interchange,No traffic control,70 km/h,Sealed - Dry,Dawn/Dusk,Curved - view open,Off Path-Curve: Mounts Traffic Island,Off carriageway on curve hit object,0,1,0,0,1,1,0,0,0,0,0,0
257697,Hospitalisation,2013,18,Hit parked vehicle,Single Vehicle,153.048021,-27.508129,Henry St,,Greenslopes,South Brisbane,No Roadway Feature,No traffic control,0 - 50 km/h,Sealed - Dry,Daylight,Straight,Veh'S On Path: Parked,Hit parked vehicle,0,1,0,0,1,2,0,0,0,0,0,0
257698,Minor injury,2013,8,Angle,Multi-Vehicle,153.068103,-27.499722,Kelsey St,,Coorparoo,Greenslopes,No Roadway Feature,No traffic control,0 - 50 km/h,Sealed - Dry,Daylight,Straight,Veh'S Manoeuvring: Other,Other,0,0,0,2,2,1,0,0,0,2,0,0
257699,Hospitalisation,2013,20,Angle,Multi-Vehicle,153.0547577,-27.49684229,Old Cleveland Rd,Shakespeare St,Coorparoo,South Brisbane,Intersection - Cross,Give way sign,60 km/h,Sealed - Wet,Darkness - Lighted,Straight,Veh'S Adjacent Approach: Thru-Thru,Intersection from adjacent approaches,0,1,0,0,1,2,0,0,0,0,0,0
257702,Hospitalisation,2013,17,Hit parked vehicle,Single Vehicle,153.0246036,-27.56837147,Boundary Rd,,Coopers Plains,Sunnybank,No Roadway Feature,No traffic control,60 km/h,Sealed - Wet,Dawn/Dusk,Straight,Off Path-Straight: Left Off Cway Hit Obj,Off carriageway on straight hit object,0,1,0,0,1,2,0,0,0,0,0,0
257703,Hospitalisation,2013,5,Angle,Multi-Vehicle,153.1107754,-27.45216695,Port Of Brisbane Rd,,Murarrie,Bulimba,No Roadway Feature,No traffic control,60 km/h,Sealed - Dry,Darkness - Lighted,Straight,Veh'S Manoeuvring: Entering From Footway,Vehicle leaving driveway,0,1,0,0,1,1,0,0,0,1,0,0
257705,Hospitalisation,2013,18,Rear-end,Multi-Vehicle,153.08348,-27.59785903,Bellmead St,Warrigal Rd,Runcorn,Sunnybank,Intersection - Cross,No traffic control,60 km/h,Sealed - Wet,Darkness - Lighted,Straight,Veh'S Same Direction: Right Rear,Rear-end,0,1,0,0,1,2,0,0,0,0,0,0
257706,Medical treatment,2013,15,Hit object,Single Vehicle,153.072172,-27.561862,Griffith Arterial Rd,,Macgregor,Yeerongpilly,No Roadway Feature,No traffic control,60 km/h,Sealed - Wet,Daylight,Straight,Veh'S Same Direction: Rear End,Rear-end,0,0,1,0,1,3,0,0,0,0,0,0
257707,Minor injury,2013,15,Rear-end,Multi-Vehicle,153.0323105,-27.48711583,South East Arterial Rd,,Woolloongabba,South Brisbane,No Roadway Feature,No traffic control,80 - 90 km/h,Sealed - Wet,Daylight,Straight,Veh'S Same Direction: Rear End,Rear-end,0,0,0,2,2,3,0,0,0,0,0,0
257713,Medical treatment,2013,16,Rear-end,Multi-Vehicle,153.172451,-27.5589299,Redland Sub-Arterial Rd,,Burbank,Mansfield,No Roadway Feature,No traffic control,80 - 90 km/h,Sealed - Wet,Daylight,Straight,Veh'S Same Direction: Rear End,Rear-end,0,0,1,0,1,3,0,1,0,0,0,0
257750,Medical treatment,2013,12,Hit object,Single Vehicle,153.041681,-27.647167,Logan Mwy,Mt Lindesay Art. Rd,Drewvale,Stretton,Intersection - Interchange,No traffic control,60 km/h,Sealed - Wet,Daylight,Curved - view open,Veh'S On Path: Temporary Object On C'Way,Other,0,0,1,0,1,1,0,0,0,0,0,0
257751,Hospitalisation,2013,12,Angle,Multi-Vehicle,152.9481117,-27.55809904,Bellwood St,Monier Rd,Darra,Mount Ommaney,Intersection - Cross,Stop sign,60 km/h,Sealed - Wet,Daylight,Straight,Veh'S Adjacent Approach: Thru-Thru,Intersection from adjacent approaches,0,1,0,0,1,3,0,0,0,0,0,0
257752,Hospitalisation,2013,11,Angle,Multi-Vehicle,153.0264648,-27.59072847,Mitchell St,,Acacia Ridge,Sunnybank,No Roadway Feature,No traffic control,0 - 50 km/h,Sealed - Dry,Daylight,Straight,Veh'S Opposite Approach: Thru-Right,Opposing vehicles turning,0,1,0,0,1,1,1,0,0,0,0,0
257753,Medical treatment,2013,13,Angle,Multi-Vehicle,153.034365,-27.57119,Halt St,Lensworth St,Coopers Plains,Sunnybank,Intersection - Cross,Stop sign,60 km/h,Sealed - Dry,Daylight,Straight,Veh'S Adjacent Approach: Thru-Right,Intersection from adjacent approaches,0,0,1,0,1,2,0,0,0,0,0,0
257755,Medical treatment,2013,14,Fall from vehicle,Single Vehicle,153.062717,-27.520178,Logan Rd,,Holland Park West,Greenslopes,No Roadway Feature,No traffic control,0 - 50 km/h,Sealed - Dry,Daylight,Straight,Pass & Misc: Other,Other,0,0,1,0,1,1,0,0,0,1,0,0
257756,Hospitalisation,2013,18,Head-on,Multi-Vehicle,153.0638446,-27.51183321,Geelong Ave,Oxley Dr,Holland Park,Greenslopes,Intersection - T-Junction,No traffic control,0 - 50 km/h,Sealed - Dry,Darkness - Not lighted,Curved - view open,Veh'S Opposite Approach: Head On,Head-on,0,1,0,0,1,2,0,0,0,0,0,0
257757,Hospitalisation,2013,8,Fall from vehicle,Single Vehicle,153.0643886,-27.51092521,Cavendish Rd,,Coorparoo,Greenslopes,No Roadway Feature,No traffic control,60 km/h,Sealed - Wet,Daylight,Curved - view obscured,Off Path-Curve: Out Of Control On Cway,Out of control on curve,0,1,0,0,1,0,1,0,0,0,0,0
257759,Medical treatment,2013,10,Hit pedestrian,Hit pedestrian,153.064863,-27.482281,Bennetts Rd,Morehead Ave,Norman Park,Greenslopes,Intersection - Cross,Operating traffic lights,60 km/h,Sealed - Dry,Daylight,Straight,Ped'N: Hit Emerging Behind Vehicle,Pedestrian,0,0,1,0,1,1,0,0,0,0,1,0
257761,Medical treatment,2013,18,Rear-end,Multi-Vehicle,153.165129,-27.482038,Greencamp Rd,Tilley Rd,Wakerley,Chatsworth,Intersection - T-Junction,Stop sign,60 km/h,Sealed - Dry,Dawn/Dusk,Straight,Veh'S Same Direction: Left Rear,Rear-end,0,0,5,1,6,2,0,0,0,0,0,0
257791,Medical treatment,2013,8,Angle,Multi-Vehicle,152.959522,-27.570868,Harcourt Rd,Ipswich Mwy,Darra,Mount Ommaney,Intersection - Interchange,No traffic control,0 - 50 km/h,Sealed - Dry,Daylight,Straight,Veh'S Opposite Approach: Thru-Right,Opposing vehicles turning,0,0,3,0,3,2,0,0,0,0,0,0
257792,Medical treatment,2013,8,Rear-end,Multi-Vehicle,153.018058,-27.515796,Fairfield Rd,,Yeronga,Yeerongpilly,No Roadway Feature,No traffic control,60 km/h,Sealed - Dry,Daylight,Curved - view open,Veh'S Same Direction: Rear End,Rear-end,0,0,2,0,2,3,0,0,0,0,0,0
257796,Hospitalisation,2013,14,Fall from vehicle,Single Vehicle,153.0560926,-27.48971829,Cavendish Rd,Jellicoe St,Coorparoo,Greenslopes,Intersection - T-Junction,Stop sign,60 km/h,Sealed - Wet,Daylight,Straight,Veh'S Adjacent Approach: Thru-Right,Intersection from adjacent approaches,0,1,0,0,1,1,1,0,0,0,0,0
257797,Medical treatment,2013,9,Angle,Multi-Vehicle,153.0562487,-27.49622299,Old Cleveland Rd,,Coorparoo,South Brisbane,No Roadway Feature,No traffic control,60 km/h,Sealed - Dry,Daylight,Straight,Veh'S Manoeuvring: Leaving Driveway,Vehicle leaving driveway,0,0,1,0,1,1,0,0,1,0,0,0
257800,Medical treatment,2013,13,Angle,Multi-Vehicle,153.041835,-27.497946,Junction St,O'Keefe St,Woolloongabba,South Brisbane,Intersection - T-Junction,Stop sign,60 km/h,Sealed - Wet,Daylight,Straight,Veh'S Adjacent Approach: Thru-Right,Intersection from adjacent approaches,0,0,1,0,1,2,0,0,0,0,0,0
257832,Hospitalisation,2013,16,Rear-end,Multi-Vehicle,153.0408707,-27.60057832,Mt Lindesay Art. Rd,,Algester,Algester,No Roadway Feature,No traffic control,80 - 90 km/h,Sealed - Wet,Daylight,Straight,Veh'S Same Direction: Rear End,Rear-end,0,1,0,0,1,3,0,0,0,0,0,0