Crash_Ref_Number,Severity,Year,Hour,Crash_Nature,Crash_Type,Longitude,Latitude,Street,Street_Intersecting,Suburb,Loc_State_Electorate,Crash_Roadway_Feature,Crash_Traffic_Control,Crash_Speed_Limit,Crash_Road_Surface_Condition,Crash_Lighting_Condition,Crash_Road_Horiz_Align,Crash_DCA_Description,Crash_DCA_Group_Description,Count_Casualty_Fatality,Count_Casualty_Hospitalised,Count_Casualty_MedicallyTreated,Count_Casualty_MinorInjury,Count_Casualty_Total,Count_Unit_Car,Count_Unit_Motorcycle_Moped,Count_Unit_Truck,Count_Unit_Bus,Count_Unit_Bicycle,Count_Unit_Pedestrian,Count_Unit_Other
257833,Minor injury,2013,14,Hit parked vehicle,Single Vehicle,152.909878,-27.562633,Hazelton St,,Riverhills,Mount Ommaney,No Roadway Feature,No traffic control,0 - 50 km/h,Sealed - Wet,Daylight,Curved - view open,Veh'S Opposite Approach: Other,Other,0,0,0,1,1,2,0,0,0,0,0,0
257834,Medical treatment,2013,12,Rear-end,Multi-Vehicle,153.050822,-27.58264,Beenleigh Rd,Stones Rd,Sunnybank,Sunnybank,Intersection - Cross,Operating traffic lights,60 km/h,Sealed - Dry,Daylight,Straight,Veh'S Same Direction: Right Rear,Rear-end,0,0,1,0,1,2,0,0,0,0,0,0
257839,Medical treatment,2013,8,Angle,Multi-Vehicle,153.035488,-27.469236,Main St,Rotherham St,Kangaroo Point,South Brisbane,Intersection - T-Junction,Give way sign,0 - 50 km/h,Sealed - Dry,Daylight,Straight,Veh'S Adjacent Approach: Right-Right,Intersection from adjacent approaches,0,0,1,0,1,1,0,0,0,1,0,0
257867,Hospitalisation,2013,12,Rear-end,Multi-Vehicle,153.0485867,-27.62344522,Mt Lindesay Art. Rd,,Calamvale,Stretton,No Roadway Feature,No traffic control,0 - 50 km/h,Sealed - Dry,Daylight,Straight,Veh'S Same Direction: Rear End,Rear-end,0,1,4,0,5,2,0,0,0,0,0,0
257868,Hospitalisation,2013,16,Head-on,Multi-Vehicle,153.0452646,-27.59144227,Jackson Rd,,Sunnybank Hills,Sunnybank,No Roadway Feature,No traffic control,60 km/h,Sealed - Dry,Daylight,Straight,Veh'S Opposite Approach: Head On,Head-on,0,2,0,0,2,2,0,0,0,0,0,0
257870,Hospitalisation,2013,17,Head-on,Multi-Vehicle,153.0208557,-27.55843249,Griffith Arterial Rd,Mt Lindesay Art. Rd,Rocklea,Yeerongpilly,Intersection - Cross,Operating traffic lights,60 km/h,Sealed - Dry,Darkness - Lighted,Straight,Veh'S Opposite Approach: Thru-Right,Opposing vehicles turning,0,2,0,1,3,2,0,0,0,0,0,0
257872,Hospitalisation,2013,6,Hit pedestrian,Hit pedestrian,153.0128961,-27.47934269,O'Connell St,Russell St,West End,South Brisbane,Intersection - T-Junction,No traffic control,0 - 50 km/h,Sealed - Dry,Dawn/Dusk,Straight,Ped'N: Far Side Vehicle Hit From Left,Pedestrian,0,1,0,0,1,1,0,0,0,0,1,0
257873,Minor injury,2013,8,Rear-end,Multi-Vehicle,153.12014,-27.474426,Boundary St,Wynnum Rd,Tingalpa,Chatsworth,Intersection - Cross,Operating traffic lights,60 km/h,Sealed - Dry,Daylight,Straight,Veh'S Same Direction: Right Rear,Rear-end,0,0,0,1,1,2,0,0,0,0,0,0
257877,Minor injury,2013,12,Hit object,Single Vehicle,153.166756,-27.508857,Cleveland Sub-Arterial Rd,,Chandler,Chatsworth,Merge Lane,No traffic control,80 - 90 km/h,Sealed - Dry,Daylight,Straight,Off Path-Straight: Left Off Cway Hit Obj,Off carriageway on straight hit object,0,0,0,1,1,1,0,0,0,0,0,0
257878,Medical treatment,2013,20,Rear-end,Multi-Vehicle,153.124308,-27.525456,Gateway Arterial Rd,,Belmont,Chatsworth,No Roadway Feature,No traffic control,100 - 110 km/h,Sealed - Dry,Darkness - Lighted,Straight,Veh'S Same Direction: Lane Side Swipe,Lane changes,0,0,1,0,1,2,0,0,0,0,0,0
257905,Hospitalisation,2013,0,Hit object,Single Vehicle,153.0464128,-27.62883222,Mt Lindesay Art. Rd,,Calamvale,Stretton,No Roadway Feature,No traffic control,80 - 90 km/h,Sealed - Dry,Darkness - Lighted,Curved - view open,Off Path-Curve: Mounts Traffic Island,Off carriageway on curve hit object,0,1,0,0,1,1,0,0,0,0,0,0
257906,Hospitalisation,2013,7,Hit object,Single Vehicle,152.9447039,-27.57731606,Western Arterial Rd,,Darra,Inala,No Roadway Feature,No traffic control,100 - 110 km/h,Sealed - Dry,Daylight,Straight,Off Path-Straight: Left Off Cway Hit Obj,Off carriageway on straight hit object,0,1,0,0,1,1,0,0,0,0,0,0
257907,Hospitalisation,2013,5,Hit pedestrian,Hit pedestrian,153.0262953,-27.51224347,Sunbeam St,,Annerley,Yeerongpilly,No Roadway Feature,No traffic control,0 - 50 km/h,Sealed - Dry,Darkness - Lighted,Straight,Ped'N: Hit By Vehicle Enter/Leave D'Way,Pedestrian,0,1,0,0,1,1,0,0,0,0,1,0
257908,Hospitalisation,2013,10,Sideswipe,Multi-Vehicle,153.0322631,-27.50773943,Annerley Rd,Fairfield St,Annerley,South Brisbane,Intersection - T-Junction,No traffic control,60 km/h,Sealed - Dry,Daylight,Straight,Veh'S Opposite Approach: Thru-Right,Opposing vehicles turning,0,1,0,0,1,1,1,0,0,0,0,0
257910,Hospitalisation,2013,7,Angle,Multi-Vehicle,153.0707332,-27.47691821,Agnew St,Paramount Tce,Seven Hills,Bulimba,Intersection - T-Junction,No traffic control,60 km/h,Sealed - Dry,Daylight,Curved - view open,Veh'S Opposite Approach: Thru-Right,Opposing vehicles turning,0,1,0,0,1,1,1,0,0,0,0,0
257911,Medical treatment,2013,8,Rear-end,Multi-Vehicle,153.117756,-27.545389,Gateway Art Rd Ramp Xi,Redland Sub-Arterial Rd,Rochedale,Mansfield,Intersection - Interchange,No traffic control,60 km/h,Sealed - Dry,Daylight,Straight,Veh'S Same Direction: Left Rear,Rear-end,0,0,1,0,1,2,0,0,0,0,0,0
257912,Hospitalisation,2013,14,Hit object,Single Vehicle,153.027373,-27.49174752,Annerley Rd,,Dutton Park,South Brisbane,No Roadway Feature,No traffic control,60 km/h,Sealed - Dry,Daylight,Curved - view open,Veh'S On Path: Permanent Obstruction,Hit permanent obstruction on carriageway,0,1,0,0,1,0,0,1,0,0,0,0
257913,Medical treatment,2013,17,Hit pedestrian,Hit pedestrian,153.034825,-27.495776,Harrogate St,Ipswich Rd,Woolloongabba,South Brisbane,Intersection - T-Junction,Stop sign,60 km/h,Sealed - Dry,Dawn/Dusk,Straight,Ped'N: Near Side Vehicle Hit From Right,Pedestrian,0,0,1,0,1,1,0,0,0,0,1,0
257914,Medical treatment,2013,10,Rear-end,Multi-Vehicle,153.033153,-27.481214,River Tce,,Kangaroo Point,South Brisbane,No Roadway Feature,No traffic control,60 km/h,Sealed - Dry,Daylight,Straight,Veh'S Same Direction: Right Rear,Rear-end,0,0,1,0,1,2,0,0,0,0,0,0
257915,Medical treatment,2013,15,Angle,Multi-Vehicle,153.178335,-27.460968,Kamarin St,Whites Rd,Manly West,Lytton,Intersection - T-Junction,No traffic control,60 km/h,Sealed - Dry,Daylight,Straight,Veh'S Adjacent Approach: Thru-Right,Intersection from adjacent approaches,0,0,2,0,2,2,0,0,0,0,0,0
257945,Hospitalisation,2013,18,Rear-end,Multi-Vehicle,152.9202875,-27.60116926,Cunningham Arterial Rd,,Wacol,Inala,No Roadway Feature,No traffic control,100 - 110 km/h,Sealed - Dry,Darkness - Lighted,Straight,Veh'S Same Direction: Rear End,Rear-end,0,1,0,0,1,2,0,0,0,0,0,0
257946,Minor injury,2013,17,Angle,Multi-Vehicle,153.057264,-27.585963,Beenleigh Rd,Wynne St,Sunnybank,Sunnybank,Intersection - Cross,Operating traffic lights,60 km/h,Sealed - Dry,Daylight,Straight,Veh'S Opposite Approach: Thru-Right,Opposing vehicles turning,0,0,0,1,1,2,0,0,0,0,0,0
257947,Medical treatment,2013,7,Sideswipe,Multi-Vehicle,153.0477677,-27.50988991,Henry St,Ridge St,Greenslopes,South Brisbane,Intersection - T-Junction,No traffic control,60 km/h,Sealed - Dry,Daylight,Straight,Veh'S Same Direction: Left Turn S/Swipe,Parallel lanes turning,0,0,1,0,1,1,0,0,0,1,0,0
257949,Medical treatment,2013,16,Hit object,Single Vehicle,153.040347,-27.559077,Griffith Arterial Rd,Orange Grove Rd,Coopers Plains,Sunnybank,Intersection - Cross,Operating traffic lights,60 km/h,Sealed - Wet,Daylight,Straight,Off Path-Straight: Mounts Traffic Island,Off carriageway on straight hit object,0,0,1,0,1,2,0,0,0,0,0,0
257950,Medical treatment,2013,8,Rear-end,Multi-Vehicle,153.103236,-27.586402,Levington Rd,Logan Sub-Arterial Rd,Eight Mile Plains,Stretton,Intersection - Cross,Operating traffic lights,60 km/h,Sealed - Dry,Daylight,Straight,Veh'S Same Direction: Right Rear,Rear-end,0,0,1,0,1,2,0,0,0,0,0,0
257951,Medical treatment,2013,21,Rear-end,Multi-Vehicle,153.035745,-27.479336,Bell St,Main St,Kangaroo Point,South Brisbane,Intersection - Cross,Operating traffic lights,60 km/h,Sealed - Dry,Darkness - Lighted,Straight,Veh'S Same Direction: Right Rear,Rear-end,0,0,1,0,1,1,0,1,0,0,0,0
257952,Medical treatment,2013,14,Rear-end,Multi-Vehicle,153.11065,-27.472062,Wynnum Rd,,Tingalpa,Chatsworth,No Roadway Feature,No traffic control,70 km/h,Sealed - Wet,Daylight,Straight,Veh'S Same Direction: Rear End,Rear-end,0,0,1,0,1,1,0,1,0,0,0,0
257982,Hospitalisation,2013,15,Sideswipe,Multi-Vehicle,153.0671964,-27.6235891,Gateway Arterial Rd,,Stretton,Stretton,No Roadway Feature,No traffic control,100 - 110 km/h,Sealed - Wet,Daylight,Curved - view open,Veh'S Same Direction: Lane Side Swipe,Lane changes,0,1,1,0,2,2,0,0,0,0,0,0
257983,Medical treatment,2013,9,Angle,Multi-Vehicle,153.033785,-27.50807399,Ipswich Rd,Ponsonby St,Annerley,South Brisbane,Intersection - Cross,No traffic control,60 km/h,Sealed - Dry,Daylight,Straight,Veh'S Opposite Approach: Thru-Right,Opposing vehicles turning,0,0,1,0,1,2,0,0,0,0,0,0
257985,Hospitalisation,2013,6,Angle,Multi-Vehicle,153.112726,-27.51992292,Greendale Way,Scrub Rd,Carindale,Chatsworth,Intersection - Roundabout,Give way sign,60 km/h,Sealed - Wet,Daylight,Straight,Veh'S Adjacent Approach: Thru-Thru,Intersection from adjacent approaches,0,1,0,0,1,1,0,0,0,1,0,0
257987,Minor injury,2013,7,Rear-end,Multi-Vehicle,153.058586,-27.537015,South East Arterial Rd,,Holland Park West,Yeerongpilly,No Roadway Feature,No traffic control,100 - 110 km/h,Sealed - Wet,Daylight,Straight,Veh'S Same Direction: Rear End,Rear-end,0,0,0,1,1,3,0,0,0,0,0,0
257988,Hospitalisation,2013,21,Angle,Multi-Vehicle,152.970121,-27.62991084,Ascot Ave,Elwood St,Forest Lake,Algester,Intersection - T-Junction,No traffic control,0 - 50 km/h,Sealed - Wet,Darkness - Lighted,Straight,Veh'S Adjacent Approach: Thru-Right,Intersection from adjacent approaches,0,1,0,0,1,1,1,0,0,0,0,0
257989,Hospitalisation,2013,21,Hit object,Single Vehicle,153.0603669,-27.54184221,South East Arterial Rd,,Mount Gravatt,Mansfield,No Roadway Feature,No traffic control,100 - 110 km/h,Sealed - Wet,Darkness - Lighted,Curved - view open,Veh'S Same Direction: Other,Other,0,2,0,1,3,2,0,0,0,0,0,0
258015,Minor injury,2013,6,Rear-end,Multi-Vehicle,153.039773,-27.599244,Mt Lindesay Art. Rd,,Algester,Algester,No Roadway Feature,Pedestrian crossing sign,80 - 90 km/h,Sealed - Dry,Dawn/Dusk,Straight,Veh'S Same Direction: Left Rear,Rear-end,0,0,0,1,1,2,0,0,0,0,0,0
258016,Medical treatment,2013,17,Rear-end,Multi-Vehicle,152.939233,-27.5469,Dandenong Rd,Endeavour St,Mount Ommaney,Mount Ommaney,Intersection - T-Junction,Give way sign,60 km/h,Sealed - Dry,Dawn/Dusk,Curved - view open,Veh'S Same Direction: Left Rear,Rear-end,0,0,1,1,2,2,0,0,0,0,0,0
258017,Medical treatment,2013,15,Hit object,Single Vehicle,152.9245201,-27.58022962,Wacol Station Rd,,Wacol,Inala,No Roadway Feature,No traffic control,60 km/h,Sealed - Dry,Daylight,Curved - view open,Off Path-Curve: Off Cway Rt Bend Hit Obj,Off carriageway on curve hit object,0,0,2,0,2,0,0,1,0,0,0,0
258022,Medical treatment,2013,18,Angle,Multi-Vehicle,153.083172,-27.55599,Gurney St,Perkins St,Upper Mount Gravatt,Mansfield,Intersection - Cross,Stop sign,0 - 50 km/h,Sealed - Dry,Darkness - Lighted,Straight,Veh'S Adjacent Approach: Thru-Thru,Intersection from adjacent approaches,0,0,1,0,1,2,0,0,0,0,0,0
258023,Medical treatment,2013,13,Rear-end,Multi-Vehicle,153.1161351,-27.54520064,Redland Sub-Arterial Rd,,Mansfield,Mansfield,No Roadway Feature,No traffic control,60 km/h,Sealed - Wet,Daylight,Straight,Veh'S Same Direction: Rear End,Rear-end,0,0,1,0,1,2,0,0,0,0,0,0
258024,Medical treatment,2013,8,Rear-end,Multi-Vehicle,153.040625,-27.491628,Deshon St,Logan Rd,Woolloongabba,South Brisbane,Intersection - T-Junction,Operating traffic lights,60 km/h,Sealed - Dry,Daylight,Straight,Veh'S Same Direction: Rear End,Rear-end,0,0,1,0,1,2,0,0,0,0,0,0
258025,Medical treatment,2013,15,Rear-end,Multi-Vehicle,153.139118,-27.496324,Grassdale Rd,,Belmont,Chatsworth,No Roadway Feature,No traffic control,60 km/h,Sealed - Wet,Daylight,Straight,Veh'S Same Direction: Rear End,Rear-end,0,0,2,0,2,2,0,0,0,0,0,0
258063,Medical treatment,2013,13,Rear-end,Multi-Vehicle,153.0555236,-27.63997656,Illaweena St,,Drewvale,Stretton,Median Opening,Give way sign,0 - 50 km/h,Sealed - Dry,Daylight,Straight,Veh'S Manoeuvring: Leaving Driveway,Vehicle leaving driveway,0,0,1,0,1,1,0,0,1,0,0,0
258064,Hospitalisation,2013,18,Angle,Multi-Vehicle,153.0757923,-27.50022016,Boundary Rd,Samuel St,Camp Hill,Greenslopes,Intersection - Cross,Operating traffic lights,60 km/h,Sealed - Dry,Darkness - Lighted,Straight,Veh'S Adjacent Approach: Thru-Thru,Intersection from adjacent approaches,0,1,0,0,1,2,0,0,0,0,0,0
258065,Medical treatment,2013,19,Rear-end,Multi-Vehicle,153.039998,-27.502612,Marquis St,,Greenslopes,South Brisbane,No Roadway Feature,No traffic control,60 km/h,Sealed - Wet,Darkness - Lighted,Straight,Veh'S Same Direction: Rear End,Rear-end,0,0,1,0,1,3,0,0,0,0,0,0
258066,Medical treatment,2013,16,Sideswipe,Multi-Vehicle,153.009464,-27.551535,Ipswich Mwy,,Rocklea,Yeerongpilly,No Roadway Feature,No traffic control,80 - 90 km/h,Sealed - Dry,Daylight,Straight,Veh'S Same Direction: Lane Change Right,Lane changes,0,0,1,0,1,2,1,0,0,0,0,0
258067,Medical treatment,2013,13,Angle,Multi-Vehicle,153.01552,-27.47554,Cordelia St,Melbourne St,South Brisbane,South Brisbane,Intersection - Cross,Operating traffic lights,60 km/h,Sealed - Dry,Daylight,Straight,Veh'S Adjacent Approach: Thru-Thru,Intersection from adjacent approaches,0,0,1,0,1,1,0,1,0,0,0,0
258068,Medical treatment,2013,15,Rear-end,Multi-Vehicle,153.03221,-27.4864333,South East Arterial Rd,,Woolloongabba,South Brisbane,No Roadway Feature,No traffic control,80 - 90 km/h,Sealed - Dry,Daylight,Straight,Veh'S Same Direction: Rear End,Rear-end,0,0,1,0,1,3,0,0,0,0,0,0
258101,Medical treatment,2013,12,Hit object,Single Vehicle,153.06553,-27.649272,Gateway Arterial Rd,Logan Mwy,Drewvale,Stretton,Intersection - Interchange,No traffic control,100 - 110 km/h,Sealed - Wet,Daylight,Straight,Veh'S Same Direction: Other,Other,0,0,1,0,1,1,0,1,0,0,0,0
258102,Hospitalisation,2013,19,Hit pedestrian,Hit pedestrian,153.0603013,-27.58906117,Lumphanan St,Pinelands Rd,Sunnybank Hills,Sunnybank,Intersection - T-Junction,Operating traffic lights,70 km/h,Sealed - Dry,Darkness - Lighted,Straight,Ped'N: Far Side Vehicle Hit From Left,Pedestrian,0,2,0,0,2,1,0,0,0,0,1,0
258104,Hospitalisation,2013,22,Angle,Multi-Vehicle,152.9492701,-27.59735604,Garden Rd,Progress Rd,Richlands,Inala,Intersection - Cross,Operating traffic lights,60 km/h,Sealed - Dry,Darkness - Lighted,Straight,Veh'S Opposite Approach: Thru-Right,Opposing vehicles turning,0,1,0,0,1,2,0,0,0,0,0,0
258106,Medical treatment,2013,21,Hit object,Single Vehicle,152.978196,-27.557778,Oxley Rd,Oxley Station Rd,Oxley,Mount Ommaney,Intersection - Roundabout,Give way sign,60 km/h,Sealed - Dry,Darkness - Lighted,Straight,Off Path-Straight: Left Off Cway Hit Obj,Off carriageway on straight hit object,0,0,1,0,1,1,0,0,0,0,0,0
258107,Hospitalisation,2013,3,Hit object,Single Vehicle,153.1025958,-27.60707795,Beenleigh Rd,,Kuraby,Stretton,No Roadway Feature,No traffic control,60 km/h,Sealed - Wet,Darkness - Lighted,Straight,Off Path-Straight: Left Off Cway Hit Obj,Off carriageway on straight hit object,0,1,0,0,1,1,0,0,0,0,0,0
258136,Medical treatment,2013,20,Rear-end,Multi-Vehicle,153.029468,-27.625787,Algester Rd,Ridgewood Rd,Algester,Algester,Intersection - T-Junction,Operating traffic lights,60 km/h,Sealed - Dry,Darkness - Lighted,Straight,Veh'S Same Direction: Left Rear,Rear-end,0,0,1,0,1,2,0,0,0,0,0,0
258138,Hospitalisation,2013,16,Angle,Multi-Vehicle,153.0560656,-27.49875628,Milton La,Shakespeare St,Coorparoo,Greenslopes,Intersection - T-Junction,No traffic control,0 - 50 km/h,Sealed - Dry,Daylight,Straight,Veh'S Adjacent Approach: Thru-Right,Intersection from adjacent approaches,0,1,0,0,1,1,1,0,0,0,0,0
258140,Hospitalisation,2013,12,Hit parked vehicle,Single Vehicle,153.0930735,-27.55418903,Garie St,,Wishart,Mansfield,No Roadway Feature,No traffic control,0 - 50 km/h,Sealed - Dry,Daylight,Curved - view open,Veh'S On Path: Parked,Hit parked vehicle,0,1,0,0,1,1,1,0,0,0,0,0
258141,Minor injury,2013,8,Rear-end,Multi-Vehicle,153.081659,-27.541953,Broadwater Rd,Logan Rd,Mount Gravatt,Mansfield,Intersection - T-Junction,Operating traffic lights,60 km/h,Sealed - Dry,Daylight,Straight,Veh'S Same Direction: Rear End,Rear-end,0,0,0,2,2,2,0,0,0,0,0,0
258142,Hospitalisation,2013,1,Hit object,Single Vehicle,153.0640891,-27.57235718,Mains Rd,,Sunnybank,Sunnybank,No Roadway Feature,No traffic control,60 km/h,Sealed - Dry,Darkness - Lighted,Straight,Off Path-Straight: Left Off Cway Hit Obj,Off carriageway on straight hit object,0,1,0,0,1,1,0,0,0,0,0,0
258143,Minor injury,2013,19,Angle,Multi-Vehicle,153.092212,-27.575831,Logan Sub-Arterial Rd,Miles Platting Rd,Eight Mile Plains,Sunnybank,Intersection - Cross,Operating traffic lights,60 km/h,Sealed - Dry,Darkness - Lighted,Straight,Veh'S Adjacent Approach: Thru-Thru,Intersection from adjacent approaches,0,0,0,1,1,2,0,0,0,0,0,0
258144,Minor injury,2013,15,Hit parked vehicle,Single Vehicle,153.184378,-27.458642,Ernest St,School La,Manly,Lytton,Intersection - T-Junction,No traffic control,0 - 50 km/h,Sealed - Wet,Daylight,Curved - view open,Veh'S On Path: Parked,Hit parked vehicle,0,0,0,1,1,2,0,0,0,0,0,0
258146,Medical treatment,2013,18,Angle,Multi-Vehicle,152.934844,-27.612343,John St,Skepper St,Ellen Grove,Inala,Intersection - Cross,Stop sign,0 - 50 km/h,Sealed - Dry,Dawn/Dusk,Straight,Veh'S Adjacent Approach: Thru-Right,Intersection from adjacent approaches,0,0,2,0,2,2,0,0,0,0,0,0
258165,Medical treatment,2013,8,Rear-end,Multi-Vehicle,153.100882,-27.49898,Creek Rd,Old Cleveland Rd,Carindale,Chatsworth,Intersection - Cross,Operating traffic lights,60 km/h,Sealed - Dry,Daylight,Straight,Veh'S Same Direction: Rear End,Rear-end,0,0,1,0,1,2,0,0,0,0,0,0
258171,Hospitalisation,2013,21,Rear-end,Multi-Vehicle,152.9435484,-27.62718608,Logan Mwy,,Forest Lake,Inala,No Roadway Feature,No traffic control,0 - 50 km/h,Sealed - Dry,Darkness - Lighted,Straight,Veh'S Same Direction: Lane Change Left,Lane changes,0,1,0,0,1,1,0,1,0,0,0,0
258172,Hospitalisation,2013,19,Hit object,Single Vehicle,152.95997,-27.61101494,Forest Lake Blvd,,Forest Lake,Inala,No Roadway Feature,No traffic control,60 km/h,Sealed - Dry,Darkness - Lighted,Straight,Off Path-Straight: Mounts Traffic Island,Off carriageway on straight hit object,0,1,0,0,1,0,1,0,0,0,0,0
258174,Medical treatment,2013,17,Rear-end,Multi-Vehicle,153.0205214,-27.54420326,Beaudesert Rd,,Salisbury,Yeerongpilly,No Roadway Feature,No traffic control,60 km/h,Sealed - Dry,Darkness - Lighted,Straight,Veh'S Same Direction: Rear End,Rear-end,0,0,1,0,1,2,0,0,0,0,0,0
258175,Medical treatment,2013,6,Sideswipe,Multi-Vehicle,153.104942,-27.452708,Gateway Arterial Rd,,Murarrie,Bulimba,Bridge/Causeway,No traffic control,80 - 90 km/h,Sealed - Dry,Daylight,Straight,Veh'S Same Direction: Lane Change Left,Lane changes,0,0,1,0,1,1,0,1,0,0,0,0
258176,Medical treatment,2013,8,Rear-end,Multi-Vehicle,152.981999,-27.537694,Oxley Rd,,Corinda,Indooroopilly,No Roadway Feature,No traffic control,70 km/h,Sealed - Dry,Daylight,Straight,Veh'S Same Direction: Rear End,Rear-end,0,0,1,0,1,2,0,0,0,0,0,0
258178,Medical treatment,2013,7,Rear-end,Multi-Vehicle,153.140388,-27.475875,Manly Rd,,Tingalpa,Lytton,No Roadway Feature,No traffic control,60 km/h,Sealed - Dry,Daylight,Straight,Veh'S Same Direction: Rear End,Rear-end,0,0,2,0,2,3,0,1,0,0,0,0
258179,Medical treatment,2013,15,Angle,Multi-Vehicle,153.154341,-27.466636,Radford Rd,Wondall Rd,Tingalpa,Lytton,Intersection - T-Junction,Operating traffic lights,60 km/h,Sealed - Dry,Daylight,Straight,Veh'S Opposite Approach: Thru-Right,Opposing vehicles turning,0,0,1,0,1,2,0,0,0,0,0,0
258181,Hospitalisation,2013,17,Angle,Multi-Vehicle,153.1519022,-27.49829967,Grassdale Rd,Tilley Rd,Gumdale,Chatsworth,Intersection - Cross,Stop sign,70 km/h,Sealed - Dry,Dawn/Dusk,Straight,Veh'S Adjacent Approach: Thru-Thru,Intersection from adjacent approaches,0,1,3,0,4,2,0,0,0,0,0,0
258205,Hospitalisation,2013,4,Hit object,Single Vehicle,153.0789832,-27.61554904,Gateway Arterial Rd,,Stretton,Stretton,No Roadway Feature,No traffic control,100 - 110 km/h,Sealed - Dry,Darkness - Not lighted,Curved - view open,Off Path-Curve: Other,Other,0,1,0,0,1,0,0,1,0,0,0,0
258207,Medical treatment,2013,7,Hit pedestrian,Hit pedestrian,153.108044,-27.496148,Cadogan St,,Carindale,Chatsworth,No Roadway Feature,No traffic control,0 - 50 km/h,Sealed - Dry,Daylight,Straight,Ped'N: Hit While Boarding/Alighting,Pedestrian,0,0,1,0,1,1,0,0,0,0,1,0
258212,Medical treatment,2013,16,Rear-end,Multi-Vehicle,153.094126,-27.571926,South East Arterial Rd,,Eight Mile Plains,Mansfield,Merge Lane,No traffic control,80 - 90 km/h,Sealed - Dry,Daylight,Straight,Veh'S Same Direction: Rear End,Rear-end,0,0,1,1,2,4,0,0,0,0,0,0
258213,Hospitalisation,2013,12,Angle,Multi-Vehicle,153.1514119,-27.45895566,Plaza St,Wynnum Rd,Wynnum West,Lytton,Intersection - T-Junction,Give way sign,60 km/h,Sealed - Dry,Daylight,Straight,Veh'S Adjacent Approach: Right-Thru,Intersection from adjacent approaches,0,1,0,0,1,2,0,0,0,0,0,0
258247,Medical treatment,2013,12,Angle,Multi-Vehicle,153.025294,-27.5798,Mortimer Rd,Mt Lindesay Art. Rd,Acacia Ridge,Sunnybank,No Roadway Feature,No traffic control,60 km/h,Sealed - Dry,Daylight,Curved - view obscured,Veh'S Manoeuvring: Leaving Driveway,Vehicle leaving driveway,0,0,1,0,1,1,0,1,0,0,0,0
258249,Medical treatment,2013,13,Hit pedestrian,Hit pedestrian,152.94585,-27.623365,Roxwell St,,Ellen Grove,Inala,No Roadway Feature,No traffic control,60 km/h,Sealed - Dry,Daylight,Straight,Ped'N: Hit Walking With Traffic,Pedestrian,0,0,1,0,1,1,0,0,0,0,1,0
258251,Medical treatment,2013,22,Rear-end,Multi-Vehicle,153.072273,-27.55643,South East Arterial Rd,,Upper Mount Gravatt,Mansfield,No Roadway Feature,No traffic control,100 - 110 km/h,Sealed - Dry,Darkness - Lighted,Straight,Veh'S Same Direction: Rear End,Rear-end,0,0,2,0,2,2,0,0,0,0,0,0
258252,Medical treatment,2013,8,Rear-end,Multi-Vehicle,153.039636,-27.501239,South East Arterial Rd,,Woolloongabba,South Brisbane,No Roadway Feature,No traffic control,80 - 90 km/h,Sealed - Dry,Daylight,Straight,Veh'S Same Direction: Rear End,Rear-end,0,0,1,0,1,2,0,0,0,0,0,0
258282,Fatal,2013,17,Hit pedestrian,Hit pedestrian,153.0398887,-27.59906933,Hellawell Rd,Mt Lindesay Art. Rd,Acacia Ridge,Sunnybank,Intersection - Cross,Operating traffic lights,80 - 90 km/h,Sealed - Dry,Darkness - Lighted,Straight,Ped'N: Near Side Vehicle Hit From Right,Pedestrian,1,0,0,0,1,1,0,0,0,0,1,0
258283,Medical treatment,2013,16,Fall from vehicle,Single Vehicle,153.039516,-27.598787,Hellawell Rd,Mt Lindesay Art. Rd,Acacia Ridge,Sunnybank,Intersection - T-Junction,No traffic control,80 - 90 km/h,Sealed - Dry,Daylight,Straight,Veh'S Adjacant Approach: Thru-Left,Intersection from adjacent approaches,0,0,1,0,1,1,1,0,0,0,0,0
258284,Medical treatment,2013,18,Rear-end,Multi-Vehicle,153.099527,-27.505172,Creek Rd,Winstanley St,Carina Heights,Chatsworth,Intersection - Cross,Operating traffic lights,60 km/h,Sealed - Dry,Daylight,Straight,Veh'S Same Direction: Right Rear,Rear-end,0,0,1,0,1,2,0,0,0,0,0,0
258288,Hospitalisation,2013,18,Angle,Multi-Vehicle,153.0033207,-27.52479763,Dexter St,King Arthur Tce,Tennyson,Indooroopilly,Intersection - T-Junction,No traffic control,0 - 50 km/h,Sealed - Dry,Darkness - Not lighted,Curved - view open,Veh'S Manoeuvring: Entering From Footway,Vehicle leaving driveway,0,1,0,0,1,0,0,0,1,1,0,0
258290,Medical treatment,2013,8,Rear-end,Multi-Vehicle,153.076057,-27.56154,Griffith Arterial Rd,,Macgregor,Sunnybank,No Roadway Feature,No traffic control,60 km/h,Sealed - Dry,Darkness - Lighted,Straight,Veh'S Same Direction: Rear End,Rear-end,0,0,1,0,1,2,0,0,0,0,0,0
258291,Medical treatment,2013,15,Rear-end,Multi-Vehicle,153.117211,-27.54501,Gateway Arterial Rd,Redland Sub-Arterial Rd,Mackenzie,Mansfield,Intersection - Cross,Operating traffic lights,60 km/h,Sealed - Dry,Daylight,Straight,Veh'S Same Direction: Rear End,Rear-end,0,0,1,0,1,2,0,0,0,0,0,0