Crash_Ref_Number,Severity,Year,Hour,Crash_Nature,Crash_Type,Longitude,Latitude,Street,Street_Intersecting,Suburb,Loc_State_Electorate,Crash_Roadway_Feature,Crash_Traffic_Control,Crash_Speed_Limit,Crash_Road_Surface_Condition,Crash_Lighting_Condition,Crash_Road_Horiz_Align,Crash_DCA_Description,Crash_DCA_Group_Description,Count_Casualty_Fatality,Count_Casualty_Hospitalised,Count_Casualty_MedicallyTreated,Count_Casualty_MinorInjury,Count_Casualty_Total,Count_Unit_Car,Count_Unit_Motorcycle_Moped,Count_Unit_Truck,Count_Unit_Bus,Count_Unit_Bicycle,Count_Unit_Pedestrian,Count_Unit_Other
258292,Medical treatment,2013,18,Hit pedestrian,Hit pedestrian,153.0043,-27.481661,Beesley St,Montague Rd,West End,South Brisbane,Intersection - T-Junction,No traffic control,0 - 50 km/h,Sealed - Dry,Darkness - Not lighted,Straight,Ped'N: Far Side Vehicle Hit From Left,Pedestrian,0,0,1,0,1,1,0,0,0,0,1,0
258324,Hospitalisation,2013,20,Rear-end,Multi-Vehicle,153.0156657,-27.55781153,Griffith Arterial Rd,,Archerfield,Sunnybank,No Roadway Feature,No traffic control,60 km/h,Sealed - Dry,Darkness - Lighted,Straight,Veh'S Same Direction: Rear End,Rear-end,0,1,0,0,1,2,0,0,0,0,0,0
258326,Hospitalisation,2013,15,Hit pedestrian,Hit pedestrian,152.970114,-27.62370384,Forest Lake Blvd,,Forest Lake,Algester,No Roadway Feature,No traffic control,0 - 50 km/h,Sealed - Dry,Daylight,Straight,Ped'N: Hit Emerging Behind Vehicle,Pedestrian,0,1,0,0,1,1,0,0,0,0,1,0
258327,Hospitalisation,2013,13,Angle,Multi-Vehicle,152.97948,-27.64372177,Moreton St,Noosa St,Heathwood,Algester,Intersection - T-Junction,No traffic control,60 km/h,Sealed - Dry,Daylight,Straight,Veh'S Opposite Approach: Thru-Right,Opposing vehicles turning,0,1,0,0,1,0,1,1,0,0,0,0
258328,Hospitalisation,2013,13,Angle,Multi-Vehicle,153.0223086,-27.53977344,Beaudesert Rd,Fegen Dr,Moorooka,Yeerongpilly,Intersection - T-Junction,Give way sign,60 km/h,Sealed - Dry,Daylight,Straight,Veh'S Adjacant Approach: Thru-Left,Intersection from adjacent approaches,0,4,0,0,4,2,0,0,0,0,0,0
258329,Hospitalisation,2013,9,Angle,Multi-Vehicle,153.0605752,-27.46110331,Hawthorne Rd,Malcolm St,Hawthorne,Bulimba,Intersection - T-Junction,No traffic control,60 km/h,Sealed - Dry,Daylight,Straight,Veh'S Adjacent Approach: Thru-Right,Intersection from adjacent approaches,0,1,0,1,2,2,0,0,0,0,0,0
258330,Minor injury,2013,15,Rear-end,Multi-Vehicle,153.063779,-27.572763,Mains Rd,,Sunnybank,Sunnybank,No Roadway Feature,No traffic control,60 km/h,Sealed - Dry,Daylight,Straight,Veh'S Same Direction: Rear End,Rear-end,0,0,0,1,1,2,0,0,0,0,0,0
258331,Medical treatment,2013,17,Rear-end,Multi-Vehicle,153.020142,-27.491667,Gladstone Rd,,Highgate Hill,South Brisbane,No Roadway Feature,No traffic control,60 km/h,Sealed - Dry,Darkness - Lighted,Straight,Veh'S Same Direction: Rear End,Rear-end,0,0,1,0,1,3,0,0,0,0,0,0
258365,Hospitalisation,2013,23,Angle,Multi-Vehicle,153.0648912,-27.59007815,Beenleigh Rd,Gowan Rd,Sunnybank Hills,Stretton,Intersection - T-Junction,Operating traffic lights,60 km/h,Sealed - Wet,Darkness - Lighted,Straight,Veh'S Adjacent Approach: Thru-Right,Intersection from adjacent approaches,0,1,1,0,2,2,0,0,0,0,0,0
258367,Medical treatment,2013,10,Angle,Multi-Vehicle,153.057701,-27.495388,Harries Rd,Old Cleveland Rd,Coorparoo,Greenslopes,Intersection - Cross,Operating traffic lights,60 km/h,Sealed - Dry,Daylight,Straight,Veh'S Adjacent Approach: Thru-Right,Intersection from adjacent approaches,0,0,1,0,1,2,0,0,0,0,0,0
258368,Minor injury,2013,11,Rear-end,Multi-Vehicle,153.059546,-27.46666,Hawthorne Rd,,Hawthorne,Bulimba,No Roadway Feature,No traffic control,60 km/h,Sealed - Dry,Daylight,Straight,Veh'S Same Direction: Rear End,Rear-end,0,0,0,1,1,2,0,0,0,0,0,0
258370,Medical treatment,2013,8,Hit object,Single Vehicle,153.011631,-27.539215,Fairfield Rd,,Yeerongpilly,Yeerongpilly,No Roadway Feature,No traffic control,60 km/h,Sealed - Dry,Daylight,Straight,Off Path-Straight: Left Off Cway Hit Obj,Off carriageway on straight hit object,0,0,1,0,1,1,0,0,0,0,0,0
258371,Hospitalisation,2013,8,Hit object,Single Vehicle,152.9763144,-27.56691985,Cunningham Arterial Rd,,Oxley,Mount Ommaney,No Roadway Feature,No traffic control,80 - 90 km/h,Sealed - Dry,Daylight,Straight,Off Path-Straight:Out Of Control On Cway,Out of control on straight,0,1,1,0,2,1,0,0,0,0,0,0
258372,Medical treatment,2013,21,Angle,Multi-Vehicle,153.06013,-27.57136,Mccullough St,Woodsiana St,Sunnybank,Sunnybank,Intersection - T-Junction,Operating traffic lights,60 km/h,Sealed - Wet,Darkness - Lighted,Straight,Veh'S Adjacent Approach: Thru-Right,Intersection from adjacent approaches,0,0,1,0,1,3,0,0,0,0,0,0
258373,Hospitalisation,2013,11,Angle,Multi-Vehicle,153.1058486,-27.59316894,Millers Rd,Underwood Rd,Eight Mile Plains,Stretton,Intersection - Cross,Give way sign,60 km/h,Sealed - Dry,Daylight,Straight,Veh'S Adjacent Approach: Thru-Right,Intersection from adjacent approaches,0,1,0,1,2,2,0,0,0,0,0,0
258374,Hospitalisation,2013,11,Rear-end,Multi-Vehicle,153.0419988,-27.48744941,Lisburn St,Stanley St East,East Brisbane,South Brisbane,Intersection - Cross,Operating traffic lights,60 km/h,Sealed - Dry,Daylight,Straight,Veh'S Same Direction: Rear End,Rear-end,0,1,0,0,1,3,0,0,0,0,0,0
258377,Hospitalisation,2013,19,Angle,Multi-Vehicle,153.1526322,-27.49464266,Formosa Rd,Tilley Rd,Gumdale,Chatsworth,Intersection - Cross,Stop sign,70 km/h,Sealed - Wet,Darkness - Lighted,Straight,Veh'S Adjacant Approach: Thru-Left,Intersection from adjacent approaches,0,1,0,1,2,2,0,0,0,0,0,0
258401,Medical treatment,2013,1,Hit object,Single Vehicle,153.084152,-27.49330406,Old Cleveland Rd,,Camp Hill,Greenslopes,No Roadway Feature,No traffic control,60 km/h,Sealed - Wet,Darkness - Lighted,Curved - view open,Off Path-Curve: Off Cway Lt Bend Hit Obj,Off carriageway on curve hit object,0,0,1,0,1,1,0,0,0,0,0,0
258402,Hospitalisation,2013,1,Hit object,Single Vehicle,153.1008327,-27.59972895,Stiller Dr,,Kuraby,Stretton,No Roadway Feature,No traffic control,60 km/h,Sealed - Wet,Darkness - Lighted,Curved - view obscured,Off Path-Curve: Off Cway Lt Bend Hit Obj,Off carriageway on curve hit object,0,1,0,0,1,2,0,0,0,0,0,0
258416,Medical treatment,2013,8,Hit object,Single Vehicle,153.032233,-27.506104,Annerley Rd,Louis St,Annerley,South Brisbane,Intersection - T-Junction,No traffic control,60 km/h,Sealed - Wet,Daylight,Curved - view open,Off Path-Curve: Off Cway Rt Bend Hit Obj,Off carriageway on curve hit object,0,0,1,0,1,1,0,0,0,0,0,0
258417,Hospitalisation,2013,10,Angle,Multi-Vehicle,153.1076819,-27.50694895,Firmiston St,Winstanley St,Carindale,Chatsworth,Intersection - T-Junction,Give way sign,60 km/h,Sealed - Wet,Daylight,Curved - view open,Veh'S Adjacent Approach: Thru-Right,Intersection from adjacent approaches,0,1,0,0,1,2,0,0,0,0,0,0
258418,Hospitalisation,2013,13,Rear-end,Multi-Vehicle,153.0981571,-27.51259901,Creek Rd,,Carina Heights,Chatsworth,No Roadway Feature,No traffic control,70 km/h,Sealed - Wet,Daylight,Straight,Veh'S Same Direction: Rear End,Rear-end,0,3,0,0,3,2,0,1,0,0,0,0
258421,Hospitalisation,2013,14,Rear-end,Multi-Vehicle,152.9427904,-27.62549009,Logan Mwy,,Forest Lake,Inala,No Roadway Feature,No traffic control,80 - 90 km/h,Sealed - Wet,Daylight,Straight,Veh'S Same Direction: Rear End,Rear-end,0,1,0,1,2,2,0,0,0,0,0,0
258424,Medical treatment,2013,14,Hit object,Single Vehicle,152.996541,-27.561098,Cunningham Arterial Rd,,Rocklea,Sunnybank,No Roadway Feature,No traffic control,80 - 90 km/h,Sealed - Wet,Daylight,Straight,Veh'S Same Direction: Rear End,Rear-end,0,0,1,0,1,2,0,0,0,0,0,0
258425,Medical treatment,2013,13,Hit object,Single Vehicle,153.103358,-27.545239,Broadwater Rd,,Mansfield,Mansfield,No Roadway Feature,No traffic control,60 km/h,Sealed - Wet,Daylight,Straight,Veh'S On Path: Parked,Hit parked vehicle,0,0,3,0,3,2,0,0,0,0,0,0
258426,Medical treatment,2013,16,Angle,Multi-Vehicle,153.037026,-27.497237,O'Keefe St,Wolseley St,Woolloongabba,South Brisbane,Intersection - T-Junction,Stop sign,60 km/h,Sealed - Wet,Dawn/Dusk,Straight,Veh'S Adjacent Approach: Thru-Right,Intersection from adjacent approaches,0,0,2,0,2,2,0,0,0,0,0,0
258450,Hospitalisation,2013,21,Hit object,Single Vehicle,153.0405719,-27.63448727,Lakewood Ave,Victoria Cres,Parkinson,Algester,Intersection - Roundabout,Give way sign,0 - 50 km/h,Sealed - Dry,Darkness - Lighted,Curved - view open,Off Path-Curve: Off Cway Lt Bend Hit Obj,Off carriageway on curve hit object,0,1,0,0,1,1,0,0,0,0,0,0
258452,Hospitalisation,2013,13,Angle,Multi-Vehicle,153.0339231,-27.50809541,Ipswich Rd,Junction Tce,Annerley,South Brisbane,Intersection - Cross,No traffic control,60 km/h,Sealed - Dry,Daylight,Straight,Veh'S Opposite Approach: Right-Left,Opposing vehicles turning,0,1,0,1,2,1,1,0,0,0,0,0
258453,Hospitalisation,2013,17,Angle,Multi-Vehicle,153.0562898,-27.51524825,Birdwood Rd,Logan Rd,Holland Park West,Greenslopes,Intersection - T-Junction,Operating traffic lights,60 km/h,Sealed - Dry,Dawn/Dusk,Straight,Veh'S Opposite Approach: Thru-Right,Opposing vehicles turning,0,1,0,1,2,2,0,0,0,0,0,0
258457,Minor injury,2013,17,Angle,Multi-Vehicle,153.022412,-27.493799,Gladstone Rd,Wahcumba St,Dutton Park,South Brisbane,Intersection - T-Junction,No traffic control,60 km/h,Sealed - Dry,Darkness - Lighted,Straight,Veh'S Opposite Approach: Thru-Right,Opposing vehicles turning,0,0,0,3,3,2,0,0,0,0,0,0
258458,Medical treatment,2013,11,Rear-end,Multi-Vehicle,153.165355,-27.481888,Greencamp Rd,Tilley Rd,Wakerley,Chatsworth,Intersection - T-Junction,Stop sign,60 km/h,Sealed - Wet,Daylight,Straight,Veh'S Same Direction: Left Rear,Rear-end,0,0,1,0,1,2,0,0,0,0,0,0
258486,Hospitalisation,2013,21,Hit object,Single Vehicle,153.0258172,-27.50327949,Fairfield Rd,,Fairfield,Yeerongpilly,No Roadway Feature,No traffic control,60 km/h,Sealed - Wet,Darkness - Lighted,Curved - view open,Off Path-Curve: Off Cway Lt Bend Hit Obj,Off carriageway on curve hit object,0,1,0,0,1,0,1,0,0,0,0,0
258487,Hospitalisation,2013,17,Angle,Multi-Vehicle,153.0785492,-27.48685214,Ferguson Rd,Wiles St,Camp Hill,Chatsworth,Intersection - Roundabout,Give way sign,60 km/h,Sealed - Dry,Dawn/Dusk,Straight,Veh'S Adjacent Approach: Right-Thru,Intersection from adjacent approaches,0,1,0,0,1,1,0,0,0,1,0,0
258488,Hospitalisation,2013,13,Sideswipe,Multi-Vehicle,153.03952,-27.50298739,South East Arterial Rd,,Greenslopes,South Brisbane,No Roadway Feature,No traffic control,100 - 110 km/h,Sealed - Wet,Daylight,Straight,Veh'S Same Direction: Lane Side Swipe,Lane changes,0,1,0,0,1,2,0,1,0,0,0,0
258489,Hospitalisation,2013,8,Head-on,Multi-Vehicle,153.0655577,-27.51957521,Glindemann Dr,Holland Rd,Holland Park,Greenslopes,Intersection - Cross,Give way sign,60 km/h,Sealed - Wet,Daylight,Straight,Veh'S Opposite Approach: Thru-Right,Opposing vehicles turning,0,1,0,1,2,2,0,0,0,0,0,0
258490,Minor injury,2013,20,Hit object,Single Vehicle,153.058554,-27.537243,South East Arterial Rd,,Holland Park West,Yeerongpilly,No Roadway Feature,No traffic control,100 - 110 km/h,Sealed - Wet,Darkness - Not lighted,Straight,Veh'S On Path: Temporary Object On C'Way,Other,0,0,0,1,1,1,0,0,0,0,0,0
258493,Medical treatment,2013,13,Rear-end,Multi-Vehicle,152.984555,-27.532664,Sherwood Rd,,Sherwood,Indooroopilly,No Roadway Feature,No traffic control,60 km/h,Sealed - Wet,Daylight,Straight,Veh'S Same Direction: Rear End,Rear-end,0,0,1,0,1,2,0,0,0,0,0,0
258495,Medical treatment,2013,16,Rear-end,Multi-Vehicle,153.0412513,-27.47969034,Wellington Rd,,East Brisbane,South Brisbane,No Roadway Feature,No traffic control,60 km/h,Sealed - Wet,Darkness - Not lighted,Straight,Veh'S Same Direction: Rear End,Rear-end,0,0,1,0,1,2,1,0,0,0,0,0
258517,Medical treatment,2013,13,Rear-end,Multi-Vehicle,152.938914,-27.55945,Centenary Hwy,Sumners Rd,Sumner,Mount Ommaney,Intersection - Roundabout,Give way sign,60 km/h,Sealed - Dry,Daylight,Curved - view open,Veh'S Same Direction: Right Rear,Rear-end,0,0,1,0,1,2,0,0,0,0,0,0
258518,Hospitalisation,2013,17,Angle,Multi-Vehicle,152.9594485,-27.55290895,Duporth Rd,Seventeen Mile Rocks Rd,Oxley,Mount Ommaney,Intersection - Cross,No traffic control,60 km/h,Sealed - Wet,Darkness - Lighted,Straight,Veh'S Opposite Approach: Thru-Right,Opposing vehicles turning,0,1,0,0,1,2,0,0,0,0,0,0
258519,Medical treatment,2013,9,Rear-end,Multi-Vehicle,153.022841,-27.563665,Boyland Ave,Mt Lindesay Art. Rd,Archerfield,Sunnybank,Intersection - T-Junction,No traffic control,60 km/h,Sealed - Dry,Daylight,Straight,Veh'S Same Direction: Rear End,Rear-end,0,0,1,1,2,3,0,0,0,0,0,0
258523,Medical treatment,2013,14,Rear-end,Multi-Vehicle,153.06365,-27.572025,Mains Rd,Mccullough St,Sunnybank,Sunnybank,Intersection - T-Junction,Give way sign,60 km/h,Sealed - Dry,Daylight,Straight,Veh'S Same Direction: Left Rear,Rear-end,0,0,1,0,1,2,0,0,0,0,0,0
258524,Hospitalisation,2013,16,Rear-end,Multi-Vehicle,153.0850027,-27.56681905,South East Arterial Rd,,Macgregor,Mansfield,No Roadway Feature,No traffic control,100 - 110 km/h,Sealed - Dry,Daylight,Straight,Veh'S Same Direction: Rear End,Rear-end,0,1,0,0,1,3,0,0,0,0,0,0
258546,Hospitalisation,2013,15,Angle,Multi-Vehicle,153.0548885,-27.60881618,Calam Rd,Honeywood St,Sunnybank Hills,Stretton,Intersection - T-Junction,Operating traffic lights,60 km/h,Sealed - Dry,Daylight,Straight,Veh'S Adjacent Approach: Thru-Right,Intersection from adjacent approaches,0,1,0,1,2,2,0,0,0,0,0,0
258549,Hospitalisation,2013,13,Hit pedestrian,Hit pedestrian,153.0986491,-27.51770501,Flame Tree Cres,Pine Mountain Rd,Carindale,Chatsworth,Intersection - T-Junction,No traffic control,60 km/h,Sealed - Dry,Daylight,Straight,Ped'N: Near Side Vehicle Hit From Right,Pedestrian,0,1,0,0,1,1,0,0,0,0,1,0
258550,Medical treatment,2013,16,Hit object,Single Vehicle,152.99535,-27.58299,Bowhill Rd,,Willawong,Sunnybank,No Roadway Feature,No traffic control,60 km/h,Sealed - Dry,Daylight,Curved - view obscured,Veh'S On Path: Temporary Object On C'Way,Other,0,0,0,0,0,1,0,0,0,0,0,0
258551,Medical treatment,2013,9,Hit pedestrian,Hit pedestrian,153.064095,-27.464627,Riding Rd,Stephens St,Hawthorne,Bulimba,Intersection - T-Junction,No traffic control,60 km/h,Sealed - Dry,Daylight,Straight,Ped'N: Near Side Vehicle Hit From Right,Pedestrian,0,0,1,0,1,1,0,0,0,0,1,0
258553,Medical treatment,2013,3,Hit object,Single Vehicle,153.0563,-27.570894,Mccullough St,,Sunnybank,Sunnybank,No Roadway Feature,No traffic control,60 km/h,Sealed - Dry,Darkness - Lighted,Straight,Off Path-Straight: Left Off Cway Hit Obj,Off carriageway on straight hit object,0,0,1,0,1,1,0,0,0,0,0,0
258554,Medical treatment,2013,8,Rear-end,Multi-Vehicle,153.041692,-27.478987,Lytton Rd,,East Brisbane,South Brisbane,No Roadway Feature,No traffic control,60 km/h,Sealed - Dry,Daylight,Straight,Veh'S Same Direction: Rear End,Rear-end,0,0,1,0,1,1,1,0,0,0,0,0
258555,Medical treatment,2013,9,Angle,Multi-Vehicle,153.11732,-27.474139,Gateway Art Rd Ramp U,Wynnum Rd,Tingalpa,Chatsworth,Intersection - Cross,Operating traffic lights,60 km/h,Sealed - Dry,Daylight,Straight,Veh'S Opposite Approach: Thru-Right,Opposing vehicles turning,0,0,1,0,1,2,0,0,0,0,0,0
258587,Hospitalisation,2013,15,Sideswipe,Multi-Vehicle,152.9514898,-27.574775,Cunningham Art Rd On Ramp,Cunningham Arterial Rd,Darra,Inala,Intersection - Interchange,No traffic control,80 - 90 km/h,Sealed - Dry,Daylight,Straight,Veh'S Same Direction: Other,Other,0,2,0,0,2,1,0,1,0,0,0,0
258588,Medical treatment,2013,11,Sideswipe,Multi-Vehicle,153.01287,-27.56163,Barton St,,Archerfield,Sunnybank,No Roadway Feature,No traffic control,60 km/h,Sealed - Dry,Daylight,Straight,Veh'S Same Direction: Lane Change Left,Lane changes,0,0,1,0,1,2,0,0,0,0,0,0
258593,Hospitalisation,2013,3,Hit object,Single Vehicle,153.058837,-27.53797724,South East Arterial Rd,,Holland Park West,Yeerongpilly,No Roadway Feature,No traffic control,100 - 110 km/h,Sealed - Dry,Darkness - Lighted,Straight,Off Path-Straight: Left Off Cway Hit Obj,Off carriageway on straight hit object,0,1,0,0,1,1,0,0,0,0,0,0
258596,Hospitalisation,2013,22,Hit object,Single Vehicle,153.057717,-27.55056722,Ring Rd,University Rd,Nathan,Yeerongpilly,Intersection - Roundabout,No traffic control,0 - 50 km/h,Sealed - Dry,Darkness - Lighted,Curved - view open,Off Path-Curve: Off Cway Lt Bend Hit Obj,Off carriageway on curve hit object,0,1,1,0,2,1,0,0,0,0,0,0
258597,Hospitalisation,2013,12,Rear-end,Multi-Vehicle,153.1086655,-27.58975791,South East Arterial Rd,,Rochedale,Mansfield,No Roadway Feature,No traffic control,100 - 110 km/h,Sealed - Dry,Daylight,Straight,Veh'S Same Direction: Rear End,Rear-end,0,2,0,0,2,6,0,0,0,0,0,0
258628,Medical treatment,2013,12,Hit parked vehicle,Single Vehicle,153.0593372,-27.49438031,Cavendish Rd,Old Cleveland Rd,Coorparoo,Greenslopes,Intersection - Cross,Operating traffic lights,60 km/h,Sealed - Dry,Daylight,Straight,Veh'S Manoeuvring: Other,Other,0,0,1,0,1,1,0,0,0,1,0,0
258649,Medical treatment,2013,12,Rear-end,Multi-Vehicle,153.100267,-27.501337,Creek Rd,,Carina Heights,Chatsworth,Intersection - Cross,Operating traffic lights,60 km/h,Sealed - Dry,Daylight,Straight,Veh'S Same Direction: Rear End,Rear-end,0,0,1,0,1,2,0,0,0,0,0,0
258651,Medical treatment,2013,19,Angle,Multi-Vehicle,153.063934,-27.571936,Mains Rd,Mccullough St,Sunnybank,Sunnybank,Intersection - Cross,Operating traffic lights,60 km/h,Sealed - Dry,Darkness - Lighted,Straight,Veh'S Opposite Approach: Thru-Right,Opposing vehicles turning,0,0,1,0,1,1,1,0,0,0,0,0
258652,Hospitalisation,2013,8,Hit parked vehicle,Single Vehicle,153.03517,-27.50054743,Ipswich Rd,,Woolloongabba,South Brisbane,No Roadway Feature,No traffic control,60 km/h,Sealed - Dry,Daylight,Straight,Veh'S Manoeuvring: Other,Other,0,1,0,0,1,1,1,0,0,0,0,0
258653,Medical treatment,2013,13,Hit object,Single Vehicle,153.1726512,-27.46389051,Milfoil St,,Manly West,Lytton,No Roadway Feature,No traffic control,0 - 50 km/h,Sealed - Dry,Daylight,Straight,Off Path-Straight: Left Off Cway Hit Obj,Off carriageway on straight hit object,0,0,1,0,1,1,0,0,0,0,0,0
258687,Medical treatment,2013,12,Angle,Multi-Vehicle,153.058174,-27.492906,Bath St,Cavendish Rd,Coorparoo,Greenslopes,Intersection - T-Junction,No traffic control,60 km/h,Sealed - Dry,Daylight,Straight,Veh'S Adjacant Approach: Thru-Left,Intersection from adjacent approaches,0,0,1,0,1,2,0,0,0,0,0,0
258688,Medical treatment,2013,7,Rear-end,Multi-Vehicle,152.9921033,-27.59359966,Inala Ave,Linacre St,Durack,Sunnybank,Intersection - T-Junction,Flashing amber lights,60 km/h,Sealed - Dry,Daylight,Straight,Veh'S Same Direction: Rear End,Rear-end,0,0,1,0,1,2,0,0,0,0,0,0
258691,Medical treatment,2013,1,Rear-end,Multi-Vehicle,153.0191676,-27.52941569,Ipswich Rd,,Moorooka,Yeerongpilly,No Roadway Feature,No traffic control,60 km/h,Sealed - Dry,Darkness - Lighted,Straight,Veh'S Same Direction: Rear End,Rear-end,0,0,2,0,2,2,0,0,0,0,0,0
258692,Hospitalisation,2013,17,Angle,Multi-Vehicle,153.0424159,-27.49795738,Logan Rd,O'Keefe St,Woolloongabba,South Brisbane,Intersection - Roundabout,Give way sign,60 km/h,Sealed - Dry,Darkness - Lighted,Straight,Veh'S Adjacent Approach: Right-Right,Intersection from adjacent approaches,0,1,0,0,1,1,0,0,0,1,0,0
258693,Medical treatment,2013,17,Rear-end,Multi-Vehicle,153.122417,-27.48856,Gateway Arterial Rd,,Belmont,Chatsworth,No Roadway Feature,No traffic control,100 - 110 km/h,Sealed - Dry,Daylight,Straight,Veh'S Same Direction: Rear End,Rear-end,0,0,1,0,1,2,0,0,0,0,0,0
258697,Hospitalisation,2013,16,Rear-end,Multi-Vehicle,153.1318105,-27.50493678,Cleveland Sub-Arterial Rd,,Belmont,Chatsworth,No Roadway Feature,No traffic control,80 - 90 km/h,Sealed - Dry,Daylight,Straight,Veh'S Same Direction: Rear End,Rear-end,0,1,0,0,1,1,1,0,0,0,0,0
258721,Medical treatment,2013,8,Angle,Multi-Vehicle,152.959562,-27.57092,Harcourt Rd,,Darra,Mount Ommaney,Intersection - Interchange,Give way sign,60 km/h,Sealed - Dry,Daylight,Curved - view open,Veh'S Adjacent Approach: Thru-Right,Intersection from adjacent approaches,0,0,1,0,1,2,0,0,0,0,0,0
258722,Medical treatment,2013,8,Sideswipe,Multi-Vehicle,152.9376184,-27.57988029,Cunningham Arterial Rd,,Wacol,Inala,No Roadway Feature,No traffic control,100 - 110 km/h,Sealed - Dry,Daylight,Straight,Veh'S Same Direction: Lane Change Left,Lane changes,0,0,1,0,1,1,0,1,0,0,0,0
258723,Hospitalisation,2013,17,Sideswipe,Multi-Vehicle,153.0269899,-27.59560945,Mawson St,,Acacia Ridge,Sunnybank,No Roadway Feature,No traffic control,0 - 50 km/h,Sealed - Dry,Dawn/Dusk,Curved - view open,Veh'S Same Direction: Lane Side Swipe,Lane changes,0,1,0,0,1,1,1,0,0,0,0,0
258724,Medical treatment,2013,17,Angle,Multi-Vehicle,153.057264,-27.585963,Beenleigh Rd,Wynne St,Sunnybank,Sunnybank,Intersection - Cross,Operating traffic lights,60 km/h,Sealed - Dry,Darkness - Lighted,Straight,Veh'S Opposite Approach: Thru-Right,Opposing vehicles turning,0,0,1,1,2,2,0,0,0,0,0,0
258726,Hospitalisation,2013,8,Angle,Multi-Vehicle,153.0802505,-27.52393113,Hector Rd,Nursery Rd,Holland Park,Greenslopes,Intersection - Cross,Operating traffic lights,60 km/h,Sealed - Dry,Daylight,Straight,Veh'S Adjacent Approach: Thru-Thru,Intersection from adjacent approaches,0,1,0,0,1,1,0,1,0,0,0,0
258727,Medical treatment,2013,8,Rear-end,Multi-Vehicle,152.97571,-27.597609,Corsair Ave,Inala Ave,Inala,Inala,No Roadway Feature,No traffic control,60 km/h,Sealed - Dry,Daylight,Straight,Veh'S Same Direction: Rear End,Rear-end,0,0,1,0,1,2,0,0,0,0,0,0
258728,Hospitalisation,2013,9,Angle,Multi-Vehicle,153.0285325,-27.5446074,Evans Rd,Industries Rd,Salisbury,Yeerongpilly,Intersection - Cross,No traffic control,60 km/h,Sealed - Dry,Daylight,Straight,Veh'S Opposite Approach: Thru-Right,Opposing vehicles turning,0,1,0,0,1,2,0,0,0,0,0,0
258729,Medical treatment,2013,17,Hit pedestrian,Hit pedestrian,153.090542,-27.468557,Wynnum Rd,,Cannon Hill,Bulimba,No Roadway Feature,No traffic control,60 km/h,Sealed - Dry,Dawn/Dusk,Straight,Ped'N: Hit Other,Other,0,0,2,0,2,0,0,0,0,1,1,0
258730,Medical treatment,2013,15,Rear-end,Multi-Vehicle,153.065224,-27.565371,Mains Rd,,Macgregor,Sunnybank,No Roadway Feature,No traffic control,60 km/h,Sealed - Dry,Daylight,Straight,Veh'S Same Direction: Rear End,Rear-end,0,0,1,0,1,2,0,0,0,0,0,0
258762,Minor injury,2013,15,Rear-end,Multi-Vehicle,153.0701475,-27.49133533,Old Cleveland Rd,,Camp Hill,Greenslopes,No Roadway Feature,No traffic control,60 km/h,Sealed - Dry,Daylight,Straight,Veh'S Same Direction: Rear End,Rear-end,0,0,0,1,1,2,0,0,0,0,0,0
258767,Medical treatment,2013,18,Rear-end,Multi-Vehicle,153.040665,-27.53669859,Toohey Rd,,Salisbury,Yeerongpilly,No Roadway Feature,No traffic control,60 km/h,Sealed - Dry,Darkness - Lighted,Straight,Veh'S Same Direction: Rear End,Rear-end,0,0,1,0,1,2,0,0,0,0,0,0
258768,Medical treatment,2013,15,Angle,Multi-Vehicle,153.108491,-27.57815,Miles Platting Rd,School Rd,Rochedale,Mansfield,Intersection - T-Junction,Give way sign,60 km/h,Sealed - Dry,Daylight,Straight,Veh'S Opposite Approach: Thru-Right,Opposing vehicles turning,0,0,2,0,2,3,0,0,0,0,0,0
258769,Medical treatment,2013,6,Angle,Multi-Vehicle,153.035616,-27.489902,Balaclava St,Ipswich Rd,Woolloongabba,South Brisbane,Intersection - T-Junction,Operating traffic lights,60 km/h,Sealed - Dry,Daylight,Straight,Veh'S Opposite Approach: Thru-Right,Opposing vehicles turning,0,0,1,0,1,2,0,0,0,0,0,0
258770,Medical treatment,2013,6,Rear-end,Multi-Vehicle,153.1916731,-27.46509967,Esplanade,,Lota,Lytton,No Roadway Feature,No traffic control,0 - 50 km/h,Sealed - Dry,Darkness - Lighted,Curved - view open,Veh'S Same Direction: Rear End,Rear-end,0,0,1,0,1,1,0,0,0,2,0,0
258801,Minor injury,2013,7,Rear-end,Multi-Vehicle,153.064768,-27.590123,Beenleigh Rd,Gowan Rd,Sunnybank Hills,Stretton,Intersection - T-Junction,No traffic control,0 - 50 km/h,Sealed - Dry,Daylight,Straight,Veh'S Same Direction: Left Rear,Rear-end,0,0,0,1,1,1,1,0,0,0,0,0
258802,Medical treatment,2013,8,Rear-end,Multi-Vehicle,153.037371,-27.589573,Bradman St,Murdoch Crct,Acacia Ridge,Sunnybank,Intersection - T-Junction,No traffic control,60 km/h,Sealed - Dry,Daylight,Straight,Veh'S Same Direction: Right Rear,Rear-end,0,0,3,0,3,2,0,0,0,0,0,0
258803,Medical treatment,2013,6,Rear-end,Multi-Vehicle,153.036479,-27.596199,Mt Lindesay Art. Rd,,Acacia Ridge,Sunnybank,No Roadway Feature,No traffic control,80 - 90 km/h,Sealed - Wet,Daylight,Straight,Veh'S Same Direction: Rear End,Rear-end,0,0,1,0,1,2,0,0,0,0,0,0