Crash_Ref_Number,Severity,Year,Hour,Crash_Nature,Crash_Type,Longitude,Latitude,Street,Street_Intersecting,Suburb,Loc_State_Electorate,Crash_Roadway_Feature,Crash_Traffic_Control,Crash_Speed_Limit,Crash_Road_Surface_Condition,Crash_Lighting_Condition,Crash_Road_Horiz_Align,Crash_DCA_Description,Crash_DCA_Group_Description,Count_Casualty_Fatality,Count_Casualty_Hospitalised,Count_Casualty_MedicallyTreated,Count_Casualty_MinorInjury,Count_Casualty_Total,Count_Unit_Car,Count_Unit_Motorcycle_Moped,Count_Unit_Truck,Count_Unit_Bus,Count_Unit_Bicycle,Count_Unit_Pedestrian,Count_Unit_Other
258804,Minor injury,2013,19,Hit parked vehicle,Single Vehicle,153.062124,-27.491734,Kitchener St,,Coorparoo,Greenslopes,No Roadway Feature,No traffic control,0 - 50 km/h,Sealed - Wet,Darkness - Lighted,Curved - view open,Veh'S On Path: Parked,Hit parked vehicle,0,0,0,1,1,2,0,0,0,0,0,0
258808,Hospitalisation,2013,10,Rear-end,Multi-Vehicle,153.0168417,-27.55786152,Beatty Rd,Griffith Arterial Rd,Rocklea,Yeerongpilly,Intersection - Cross,Operating traffic lights,60 km/h,Sealed - Wet,Daylight,Straight,Veh'S Same Direction: Rear End,Rear-end,0,1,0,0,1,0,0,1,1,0,0,0
258810,Hospitalisation,2013,20,Hit object,Single Vehicle,153.0639561,-27.57192718,Mains Rd,Mccullough St,Sunnybank,Sunnybank,Intersection - Cross,Operating traffic lights,60 km/h,Sealed - Dry,Darkness - Lighted,Straight,Off Path-Straight: Mounts Traffic Island,Off carriageway on straight hit object,0,1,0,0,1,1,0,0,0,0,0,0
258811,Medical treatment,2013,22,Hit pedestrian,Hit pedestrian,153.012385,-27.479221,Boundary St,Jane St,West End,South Brisbane,Intersection - T-Junction,Pedestrian crossing sign,0 - 50 km/h,Sealed - Dry,Darkness - Lighted,Straight,Ped'N: Near Side Vehicle Hit From Right,Pedestrian,0,0,1,0,1,1,0,0,0,0,1,0
258812,Medical treatment,2013,16,Rear-end,Multi-Vehicle,153.034427,-27.494734,Ipswich Rd,,Woolloongabba,South Brisbane,No Roadway Feature,No traffic control,60 km/h,Sealed - Wet,Daylight,Curved - view open,Veh'S Same Direction: Rear End,Rear-end,0,0,1,0,1,2,0,0,0,0,0,0
258813,Hospitalisation,2013,16,Rear-end,Multi-Vehicle,153.0320389,-27.48588252,South East Arterial Rd,,Woolloongabba,South Brisbane,No Roadway Feature,No traffic control,80 - 90 km/h,Sealed - Wet,Daylight,Straight,Veh'S Same Direction: Rear End,Rear-end,0,2,0,0,2,2,0,0,0,0,0,0
258825,Medical treatment,2013,16,Rear-end,Multi-Vehicle,153.148253,-27.50932,Cleveland Sub-Arterial Rd,,Chandler,Chatsworth,No Roadway Feature,No traffic control,80 - 90 km/h,Sealed - Wet,Dawn/Dusk,Straight,Veh'S Same Direction: Rear End,Rear-end,0,0,1,0,1,2,0,0,0,0,0,0
258862,Medical treatment,2013,13,Rear-end,Multi-Vehicle,153.049449,-27.621463,Mt Lindesay Art. Rd,,Calamvale,Stretton,No Roadway Feature,No traffic control,70 km/h,Sealed - Wet,Daylight,Straight,Veh'S Same Direction: Rear End,Rear-end,0,0,1,0,1,2,0,0,0,0,0,0
258863,Hospitalisation,2013,9,Hit object,Single Vehicle,153.0404671,-27.65265124,Mt Lindesay Art. Rd,,Parkinson,Algester,No Roadway Feature,No traffic control,80 - 90 km/h,Sealed - Wet,Daylight,Straight,Off Path-Straight:Right Off Cway Hit Obj,Off carriageway on straight hit object,0,1,0,0,1,1,0,0,0,0,0,0
258864,Medical treatment,2013,10,Sideswipe,Multi-Vehicle,153.03851,-27.508321,Duke St,South East Arterial Rd,Greenslopes,South Brisbane,Intersection - Interchange,No traffic control,100 - 110 km/h,Sealed - Dry,Daylight,Curved - view open,Veh'S Same Direction: Left Turn S/Swipe,Parallel lanes turning,0,0,1,0,1,2,0,0,0,0,0,0
258867,Medical treatment,2013,19,Angle,Multi-Vehicle,153.04704,-27.502903,Cornwall St,Logan Rd,Greenslopes,South Brisbane,Intersection - Cross,Operating traffic lights,60 km/h,Sealed - Dry,Darkness - Lighted,Straight,Veh'S Adjacent Approach: Thru-Thru,Intersection from adjacent approaches,0,0,2,0,2,2,0,0,0,0,0,0
258868,Medical treatment,2013,23,Fall from vehicle,Single Vehicle,153.0531297,-27.51237066,Logan Rd,Nicholson St,Greenslopes,South Brisbane,Intersection - T-Junction,Operating traffic lights,60 km/h,Sealed - Dry,Darkness - Lighted,Curved - view open,Off Path-Curve: Out Of Control On Cway,Out of control on curve,0,0,1,0,1,1,1,0,0,0,0,0
258871,Medical treatment,2013,8,Rear-end,Multi-Vehicle,153.090809,-27.573061,Bleasby Rd,Logan Sub-Arterial Rd,Eight Mile Plains,Sunnybank,Intersection - T-Junction,Give way sign,60 km/h,Sealed - Dry,Darkness - Lighted,Straight,Veh'S Same Direction: Left Rear,Rear-end,0,0,2,0,2,2,0,0,0,0,0,0
258906,Hospitalisation,2013,8,Angle,Multi-Vehicle,153.0686462,-27.47305524,Jack Flynn Memorial Dr,Waminda St,Morningside,Bulimba,Intersection - T-Junction,Give way sign,0 - 50 km/h,Sealed - Dry,Daylight,Straight,Veh'S Manoeuvring: Entering From Footway,Vehicle leaving driveway,0,1,0,0,1,1,0,0,0,1,0,0
258908,Hospitalisation,2013,0,Hit parked vehicle,Single Vehicle,153.0011119,-27.55484464,Grindle Rd,,Rocklea,Yeerongpilly,No Roadway Feature,No traffic control,60 km/h,Sealed - Dry,Darkness - Not lighted,Straight,Veh'S On Path: Parked,Hit parked vehicle,0,2,0,0,2,1,0,0,0,0,0,1
258909,Hospitalisation,2013,14,Angle,Multi-Vehicle,153.1272575,-27.49597882,Belmont Rd,,Belmont,Chatsworth,No Roadway Feature,No traffic control,60 km/h,Sealed - Dry,Daylight,Straight,Veh'S Same Direction: Right Turn S/Swipe,Parallel lanes turning,0,1,0,0,1,1,1,0,0,0,0,0
258913,Medical treatment,2013,14,Hit object,Single Vehicle,153.134109,-27.547151,Redland Sub-Arterial Rd,,Burbank,Mansfield,Intersection - T-Junction,Give way sign,60 km/h,Sealed - Dry,Daylight,Curved - view open,Off Path-Curve: Mounts Traffic Island,Off carriageway on curve hit object,0,0,1,0,1,0,1,0,0,0,0,0
258929,Hospitalisation,2013,9,Angle,Multi-Vehicle,153.0401689,-27.50181239,Cornwall St,South East Art Rd Ramp T,Greenslopes,South Brisbane,Intersection - Interchange,Operating traffic lights,60 km/h,Sealed - Dry,Daylight,Straight,Veh'S Adjacant Approach: Thru-Left,Intersection from adjacent approaches,0,1,0,1,2,2,0,0,0,0,0,0
258930,Medical treatment,2013,8,Angle,Multi-Vehicle,153.02361,-27.5656,Meadow Ave,Mt Lindesay Art. Rd,Coopers Plains,Sunnybank,Intersection - T-Junction,Stop sign,70 km/h,Sealed - Dry,Daylight,Straight,Veh'S Adjacent Approach: Right-Right,Intersection from adjacent approaches,0,0,1,0,1,2,0,0,0,0,0,0
258931,Hospitalisation,2013,19,Angle,Multi-Vehicle,153.0637121,-27.57378017,Elva St,Mains Rd,Sunnybank,Sunnybank,Intersection - T-Junction,No traffic control,60 km/h,Sealed - Dry,Darkness - Lighted,Straight,Veh'S Opposite Approach: Thru-Right,Opposing vehicles turning,0,5,0,0,5,3,0,0,0,0,0,0
258932,Medical treatment,2013,17,Angle,Multi-Vehicle,153.1577497,-27.44803167,Chandos St,Wynnum Rd,Wynnum West,Lytton,Intersection - Cross,No traffic control,60 km/h,Sealed - Dry,Dawn/Dusk,Straight,Veh'S Same Direction: Left Turn S/Swipe,Parallel lanes turning,0,0,1,0,1,2,0,0,0,0,0,0
258933,Hospitalisation,2013,5,Angle,Multi-Vehicle,153.1651892,-27.40531256,Kite St,Port Dr,Port Of Brisbane,Lytton,Intersection - Roundabout,Give way sign,60 km/h,Sealed - Dry,Darkness - Lighted,Straight,Veh'S Opposite Approach: Thru-Right,Opposing vehicles turning,0,1,0,0,1,1,0,1,0,0,0,0
258958,Hospitalisation,2013,6,Hit object,Single Vehicle,153.0429509,-27.63813325,Algester Rd,,Parkinson,Algester,No Roadway Feature,No traffic control,60 km/h,Sealed - Dry,Daylight,Curved - view obscured,Off Path-Curve: Mounts Traffic Island,Off carriageway on curve hit object,0,1,0,0,1,1,0,0,0,0,0,0
258965,Hospitalisation,2013,13,Fall from vehicle,Single Vehicle,153.0898177,-27.56876902,Holmead Rd,Logan Sub-Arterial Rd,Eight Mile Plains,Mansfield,Intersection - Cross,Operating traffic lights,60 km/h,Sealed - Dry,Daylight,Straight,Off Path-Straight:Out Of Control On Cway,Out of control on straight,0,1,0,0,1,0,1,0,0,0,0,0
258991,Minor injury,2013,17,Rear-end,Multi-Vehicle,153.0371469,-27.66015884,Johnson Rd,,Parkinson,Algester,No Roadway Feature,No traffic control,60 km/h,Sealed - Dry,Darkness - Lighted,Straight,Veh'S Same Direction: Rear End,Rear-end,0,0,0,1,1,4,0,0,0,0,0,0
258999,Hospitalisation,2013,16,Angle,Multi-Vehicle,153.0590769,-27.53448622,Gaza Rd,Messines Ridge Rd,Holland Park West,Greenslopes,Intersection - T-Junction,Operating traffic lights,60 km/h,Sealed - Dry,Daylight,Straight,Veh'S Opposite Approach: Thru-Right,Opposing vehicles turning,0,1,0,0,1,2,0,0,0,0,0,0
259000,Medical treatment,2013,12,Angle,Multi-Vehicle,153.088059,-27.572745,Bleasby Rd,Warrigal Rd,Eight Mile Plains,Sunnybank,Intersection - Cross,Stop sign,0 - 50 km/h,Sealed - Dry,Daylight,Straight,Veh'S Adjacent Approach: Thru-Right,Intersection from adjacent approaches,0,0,1,0,1,2,0,0,0,0,0,0
259001,Hospitalisation,2013,7,Fall from vehicle,Single Vehicle,153.1170375,-27.47400689,Wynnum Rd,,Tingalpa,Chatsworth,No Roadway Feature,No traffic control,60 km/h,Sealed - Dry,Daylight,Straight,Off Path-Straight:Out Of Control On Cway,Out of control on straight,0,1,0,0,1,0,1,0,0,0,0,0
259018,Minor injury,2013,7,Rear-end,Multi-Vehicle,152.934993,-27.611616,John St,Michael St,Ellen Grove,Inala,Intersection - T-Junction,No traffic control,0 - 50 km/h,Sealed - Dry,Darkness - Lighted,Straight,Veh'S Same Direction: Rear End,Rear-end,0,0,0,1,1,1,0,0,0,1,0,0
259035,Hospitalisation,2013,19,Hit pedestrian,Hit pedestrian,153.0604643,-27.58909717,Lumphanan St,Pinelands Rd,Sunnybank Hills,Stretton,Intersection - T-Junction,Operating traffic lights,0 - 50 km/h,Sealed - Dry,Darkness - Lighted,Straight,Ped'N: Far Side Vehicle Hit From Left,Pedestrian,0,1,0,0,1,1,0,0,0,0,1,0
259036,Medical treatment,2013,19,Hit object,Single Vehicle,153.020341,-27.550429,Beaudesert Rd,,Rocklea,Yeerongpilly,Bridge/Causeway,No traffic control,70 km/h,Sealed - Wet,Darkness - Lighted,Straight,Off Path-Straight: Left Off Cway Hit Obj,Off carriageway on straight hit object,0,0,1,0,1,1,0,0,0,0,0,0
259037,Medical treatment,2013,14,Rear-end,Multi-Vehicle,153.070096,-27.469578,Thynne Rd,Wynnum Rd,Morningside,Bulimba,Intersection - T-Junction,No traffic control,60 km/h,Sealed - Wet,Daylight,Straight,Veh'S Same Direction: Left Rear,Rear-end,0,0,2,0,2,1,0,1,0,0,0,0
259039,Medical treatment,2013,18,Angle,Multi-Vehicle,153.080022,-27.556371,Logan Rd,Norton St,Upper Mount Gravatt,Mansfield,Intersection - T-Junction,Operating traffic lights,60 km/h,Sealed - Wet,Darkness - Lighted,Straight,Veh'S Adjacent Approach: Thru-Right,Intersection from adjacent approaches,0,0,4,0,4,2,0,0,0,0,0,0
259040,Minor injury,2013,17,Rear-end,Multi-Vehicle,153.066268,-27.560432,Nathan Connection Arterial Rd,,Macgregor,Yeerongpilly,No Roadway Feature,No traffic control,60 km/h,Sealed - Dry,Dawn/Dusk,Straight,Veh'S Same Direction: Rear End,Rear-end,0,0,0,1,1,2,0,0,0,0,0,0
259041,Hospitalisation,2013,18,Angle,Multi-Vehicle,153.020813,-27.47739663,Grey St,Little Stanley St,South Brisbane,South Brisbane,Intersection - Cross,Operating traffic lights,0 - 50 km/h,Sealed - Dry,Darkness - Lighted,Straight,Veh'S Opposite Approach: Thru-Right,Opposing vehicles turning,0,2,4,0,6,1,0,0,0,0,0,1
259042,Medical treatment,2013,21,Rear-end,Multi-Vehicle,153.048141,-27.478015,Lytton Rd,Walter Ave,East Brisbane,South Brisbane,Intersection - T-Junction,Stop sign,60 km/h,Sealed - Wet,Darkness - Lighted,Straight,Veh'S Adjacent Approach: Right-Thru,Intersection from adjacent approaches,0,0,1,0,1,1,1,0,0,0,0,0
259043,Medical treatment,2013,17,Angle,Multi-Vehicle,153.035915,-27.482993,Main St,Princess St,Kangaroo Point,South Brisbane,Intersection - Cross,Operating traffic lights,60 km/h,Sealed - Wet,Darkness - Lighted,Straight,Veh'S Manoeuvring: Entering From Footway,Vehicle leaving driveway,0,0,1,0,1,1,0,0,0,1,0,0
259078,Hospitalisation,2013,8,Angle,Multi-Vehicle,153.0609591,-27.44846933,Brisbane St,Pine St,Bulimba,Bulimba,Intersection - Cross,Stop sign,0 - 50 km/h,Sealed - Dry,Daylight,Straight,Veh'S Adjacent Approach: Thru-Thru,Intersection from adjacent approaches,0,2,0,0,2,2,0,0,0,0,0,0
259080,Medical treatment,2013,12,Angle,Multi-Vehicle,153.169207,-27.44344099,Berrima St,Tingal Rd,Wynnum,Lytton,Intersection - Roundabout,Give way sign,60 km/h,Sealed - Dry,Daylight,Straight,Veh'S Adjacent Approach: Thru-Thru,Intersection from adjacent approaches,0,0,2,0,2,2,0,0,0,0,0,0
259114,Hospitalisation,2013,18,Angle,Multi-Vehicle,153.0803091,-27.60311504,Persse Rd,Victor St,Runcorn,Stretton,Intersection - T-Junction,Give way sign,60 km/h,Sealed - Wet,Darkness - Lighted,Straight,Veh'S Adjacent Approach: Thru-Right,Intersection from adjacent approaches,0,1,0,0,1,2,0,0,0,0,0,0
259117,Hospitalisation,2013,1,Angle,Multi-Vehicle,153.0356708,-27.4764055,Main St,River Tce,Kangaroo Point,South Brisbane,Intersection - T-Junction,Operating traffic lights,60 km/h,Sealed - Wet,Darkness - Lighted,Straight,Veh'S Opposite Approach: Thru-Right,Opposing vehicles turning,0,1,1,2,4,2,0,0,0,0,0,0
259124,Medical treatment,2013,8,Angle,Multi-Vehicle,153.146374,-27.497499,Grassdale Rd,,Gumdale,Chatsworth,No Roadway Feature,No traffic control,60 km/h,Sealed - Wet,Daylight,Straight,Veh'S Same Direction: Left Turn S/Swipe,Parallel lanes turning,0,0,1,0,1,1,0,0,0,1,0,0
259154,Hospitalisation,2013,14,Rear-end,Multi-Vehicle,153.0941843,-27.53180803,Creek Rd,,Mount Gravatt East,Mansfield,No Roadway Feature,No traffic control,60 km/h,Sealed - Wet,Daylight,Curved - view open,Veh'S Same Direction: Rear End,Rear-end,0,1,0,0,1,2,0,0,0,0,0,0
259156,Medical treatment,2013,6,Hit pedestrian,Hit pedestrian,153.0355908,-27.55918938,Griffith Arterial Rd,,Salisbury,Sunnybank,No Roadway Feature,No traffic control,70 km/h,Sealed - Dry,Darkness - Lighted,Straight,Ped'N: Hit Other,Other,0,0,1,0,1,1,0,0,0,0,1,0
259157,Medical treatment,2013,11,Rear-end,Multi-Vehicle,153.110597,-27.450462,Port Of Brisbane Rd,,Murarrie,Bulimba,No Roadway Feature,No traffic control,70 km/h,Sealed - Wet,Daylight,Curved - view open,Veh'S Same Direction: Rear End,Rear-end,0,0,3,1,4,3,0,0,0,0,0,0
259159,Hospitalisation,2013,16,Hit pedestrian,Hit pedestrian,153.018908,-27.47482565,Grey St,,South Brisbane,South Brisbane,No Roadway Feature,No traffic control,0 - 50 km/h,Sealed - Wet,Daylight,Straight,Ped'N: Hit Emerging Behind Vehicle,Pedestrian,0,1,0,0,1,1,0,0,0,0,1,0
259160,Medical treatment,2013,13,Rear-end,Multi-Vehicle,153.023064,-27.480901,Grey St,Tribune St,South Brisbane,South Brisbane,Intersection - Cross,Operating traffic lights,0 - 50 km/h,Sealed - Wet,Daylight,Straight,Veh'S Same Direction: Rear End,Rear-end,0,0,2,2,4,2,0,0,0,0,0,0
259161,Medical treatment,2013,15,Angle,Multi-Vehicle,153.035053,-27.501022,Cornwall St,Ipswich Rd,Woolloongabba,South Brisbane,Intersection - Cross,Operating traffic lights,60 km/h,Sealed - Wet,Daylight,Straight,Veh'S Adjacent Approach: Thru-Thru,Intersection from adjacent approaches,0,0,2,0,2,2,0,0,0,0,0,0
259187,Medical treatment,2013,6,Rear-end,Multi-Vehicle,153.038856,-27.508807,South East Arterial Rd,,Greenslopes,South Brisbane,No Roadway Feature,Road/Rail worker,100 - 110 km/h,Sealed - Wet,Daylight,Curved - view open,Veh'S On Path: Temporary Roadworks,Other,0,0,2,0,2,2,0,0,0,0,0,0
259189,Hospitalisation,2013,13,Angle,Multi-Vehicle,153.0744152,-27.48241617,Nestor Lane,Oateson Skyline Dr,Seven Hills,Bulimba,Intersection - Cross,Give way sign,60 km/h,Sealed - Wet,Daylight,Curved - view open,Veh'S Adjacent Approach: Thru-Thru,Intersection from adjacent approaches,0,1,0,0,1,2,0,0,0,0,0,0
259192,Medical treatment,2013,11,Angle,Multi-Vehicle,153.066015,-27.561025,Griffith Arterial Rd,Mains Rd,Macgregor,Sunnybank,Intersection - Cross,Operating traffic lights,60 km/h,Sealed - Wet,Daylight,Straight,Veh'S Adjacent Approach: Thru-Thru,Intersection from adjacent approaches,0,0,2,0,2,2,0,0,0,0,0,0
259193,Medical treatment,2013,7,Rear-end,Multi-Vehicle,153.088941,-27.562031,Newnham Rd,Tryon St,Upper Mount Gravatt,Mansfield,Intersection - T-Junction,No traffic control,60 km/h,Sealed - Wet,Daylight,Straight,Veh'S Same Direction: Rear End,Rear-end,0,0,1,0,1,2,0,0,0,0,0,0
259194,Hospitalisation,2013,9,Angle,Multi-Vehicle,153.1177081,-27.54511888,Gateway Art Rd Ramp Xi,Redland Sub-Arterial Rd,Mackenzie,Mansfield,Intersection - Interchange,Operating traffic lights,60 km/h,Sealed - Wet,Daylight,Straight,Veh'S Opposite Approach: Thru-Right,Opposing vehicles turning,0,1,0,0,1,1,0,1,0,0,0,0
259195,Medical treatment,2013,17,Rear-end,Multi-Vehicle,153.0635787,-27.54619822,South East Arterial Rd,,Mount Gravatt,Mansfield,No Roadway Feature,No traffic control,100 - 110 km/h,Sealed - Wet,Darkness - Lighted,Straight,Veh'S Same Direction: Rear End,Rear-end,0,0,1,1,2,2,0,0,0,0,0,0
259196,Medical treatment,2013,19,Sideswipe,Multi-Vehicle,153.08746,-27.568348,South East Arterial Rd,,Macgregor,Mansfield,No Roadway Feature,No traffic control,100 - 110 km/h,Sealed - Dry,Darkness - Not lighted,Straight,Veh'S Same Direction: Lane Change Left,Lane changes,0,0,1,0,1,1,1,0,0,0,0,0
259197,Medical treatment,2013,13,Rear-end,Multi-Vehicle,153.041366,-27.478932,Lytton Rd,Wellington Rd,East Brisbane,South Brisbane,Intersection - Cross,Operating traffic lights,60 km/h,Sealed - Wet,Daylight,Straight,Veh'S Same Direction: Rear End,Rear-end,0,0,1,0,1,2,0,0,0,0,0,0
259198,Minor injury,2013,16,Rear-end,Multi-Vehicle,153.173002,-27.44891267,Andrew St,Pine St,Wynnum,Lytton,Intersection - Cross,Pedestrian crossing sign,60 km/h,Sealed - Wet,Daylight,Straight,Veh'S Same Direction: Rear End,Rear-end,0,0,0,1,1,2,0,0,0,0,0,0
259199,Hospitalisation,2013,10,Head-on,Multi-Vehicle,153.1142715,-27.46864492,Murarrie Rd,,Tingalpa,Chatsworth,No Roadway Feature,No traffic control,60 km/h,Sealed - Wet,Daylight,Curved - view obscured,Veh'S Opposite Approach: Head On,Head-on,0,1,0,0,1,2,0,0,0,0,0,0
259218,Hospitalisation,2013,14,Hit object,Single Vehicle,152.9417977,-27.54871208,Western Art Rd Ramp Bb,,Sinnamon Park,Mount Ommaney,Intersection - Interchange,No traffic control,60 km/h,Sealed - Wet,Daylight,Curved - view open,Off Path-Curve: Off Cway Lt Bend Hit Obj,Off carriageway on curve hit object,0,1,0,0,1,1,0,0,0,0,0,0
259221,Medical treatment,2013,15,Hit object,Single Vehicle,153.095181,-27.612003,Allingham St,,Kuraby,Stretton,No Roadway Feature,No traffic control,60 km/h,Sealed - Dry,Daylight,Curved - view open,Off Path-Curve: Off Cway Rt Bend Hit Obj,Off carriageway on curve hit object,0,0,1,0,1,1,0,0,0,0,0,0
259222,Hospitalisation,2013,17,Angle,Multi-Vehicle,153.0473007,-27.49311036,Deshon St,Turbo Dr,Woolloongabba,South Brisbane,Intersection - Cross,Give way sign,60 km/h,Sealed - Dry,Darkness - Lighted,Curved - view open,Veh'S Adjacent Approach: Thru-Right,Intersection from adjacent approaches,0,1,0,0,1,1,1,0,0,0,0,0
259223,Medical treatment,2013,12,Rear-end,Multi-Vehicle,153.040898,-27.492063,Logan Rd,,Woolloongabba,South Brisbane,No Roadway Feature,No traffic control,60 km/h,Sealed - Dry,Daylight,Curved - view open,Veh'S Same Direction: Rear End,Rear-end,0,0,2,0,2,3,0,0,0,0,0,0
259224,Hospitalisation,2013,15,Hit object,Single Vehicle,153.0435427,-27.47923843,Lytton Rd,,East Brisbane,South Brisbane,No Roadway Feature,No traffic control,60 km/h,Sealed - Dry,Daylight,Straight,Off Path-Straight: Other,Other,0,1,0,0,1,1,0,0,0,0,0,0
259259,Medical treatment,2013,7,Angle,Multi-Vehicle,153.061573,-27.585575,Lampson St,Mains Rd,Sunnybank,Sunnybank,Intersection - T-Junction,Operating traffic lights,60 km/h,Sealed - Dry,Daylight,Straight,Veh'S Adjacent Approach: Thru-Right,Intersection from adjacent approaches,0,0,1,0,1,2,0,0,0,0,0,0
259264,Medical treatment,2013,11,Angle,Multi-Vehicle,153.1071446,-27.45542945,Gateway Arterial Rd,Port Of Brisbane Rd,Murarrie,Bulimba,Intersection - Interchange,Operating traffic lights,60 km/h,Sealed - Dry,Daylight,Straight,Veh'S Adjacent Approach: Thru-Right,Intersection from adjacent approaches,0,0,4,0,4,2,0,0,0,0,0,0
259266,Medical treatment,2013,12,Rear-end,Multi-Vehicle,152.97972,-27.521707,Graceville Ave,Oxley Rd,Graceville,Indooroopilly,Intersection - T-Junction,Operating traffic lights,60 km/h,Sealed - Dry,Daylight,Straight,Veh'S Same Direction: Right Rear,Rear-end,0,0,1,0,1,2,0,0,0,0,0,0
259293,Medical treatment,2013,13,Rear-end,Multi-Vehicle,153.043191,-27.604425,Algester Rd,Mt Lindesay Art. Rd,Calamvale,Stretton,Intersection - T-Junction,Operating traffic lights,60 km/h,Sealed - Dry,Daylight,Straight,Veh'S Same Direction: Rear End,Rear-end,0,0,1,0,1,2,0,0,0,0,0,0
259295,Hospitalisation,2013,15,Hit pedestrian,Hit pedestrian,153.0577136,-27.49537028,Harries Rd,Old Cleveland Rd,Coorparoo,Greenslopes,Intersection - T-Junction,Operating traffic lights,60 km/h,Sealed - Dry,Daylight,Straight,Ped'N: Far Side Vehicle Hit From Left,Pedestrian,0,1,0,0,1,1,0,0,0,0,1,0
259297,Medical treatment,2013,14,Rear-end,Multi-Vehicle,152.98715,-27.596444,Blunder Rd,Inala Ave,Durack,Sunnybank,Intersection - Cross,Operating traffic lights,60 km/h,Sealed - Dry,Daylight,Straight,Veh'S Same Direction: Rear End,Rear-end,0,0,1,0,1,2,0,0,0,0,0,0
259298,Hospitalisation,2013,0,Hit object,Single Vehicle,152.9639547,-27.58050292,Freeman Rd,,Richlands,Inala,No Roadway Feature,No traffic control,60 km/h,Sealed - Wet,Darkness - Lighted,Straight,Off Path-Straight:Right Off Cway Hit Obj,Off carriageway on straight hit object,0,1,0,0,1,1,0,0,0,0,0,0
259300,Medical treatment,2013,17,Rear-end,Multi-Vehicle,153.103403,-27.448962,Gateway Arterial Rd,,Murarrie,Bulimba,Bridge/Causeway,No traffic control,100 - 110 km/h,Sealed - Dry,Dawn/Dusk,Straight,Off Path-Straight:Right Off Cway Hit Obj,Off carriageway on straight hit object,0,0,1,0,1,1,0,1,0,0,0,0
259301,Minor injury,2013,18,Rear-end,Multi-Vehicle,153.0612192,-27.54351457,South East Arterial Rd,,Mount Gravatt,Mansfield,No Roadway Feature,No traffic control,100 - 110 km/h,Sealed - Dry,Darkness - Lighted,Straight,Veh'S Same Direction: Rear End,Rear-end,0,0,0,1,1,3,0,0,0,0,0,0
259336,Medical treatment,2013,16,Rear-end,Multi-Vehicle,153.125033,-27.49294,Gateway Arterial Rd,,Belmont,Chatsworth,No Roadway Feature,No traffic control,100 - 110 km/h,Sealed - Dry,Daylight,Straight,Veh'S Same Direction: Rear End,Rear-end,0,0,1,0,1,2,0,0,0,0,0,0
259337,Medical treatment,2013,20,Angle,Multi-Vehicle,152.975879,-27.586609,Biota St,Rosemary St,Inala,Inala,Intersection - T-Junction,Operating traffic lights,60 km/h,Sealed - Dry,Darkness - Lighted,Straight,Veh'S Adjacent Approach: Thru-Right,Intersection from adjacent approaches,0,0,1,0,1,2,0,0,0,0,0,0
259338,Hospitalisation,2013,17,Angle,Multi-Vehicle,152.9874817,-27.6303207,Blunder Rd,Wadeville St,Heathwood,Algester,Intersection - Cross,Operating traffic lights,70 km/h,Sealed - Dry,Dawn/Dusk,Straight,Veh'S Opposite Approach: Thru-Right,Opposing vehicles turning,0,1,2,0,3,2,0,0,0,0,0,0
259352,Hospitalisation,2013,10,Angle,Multi-Vehicle,152.9307125,-27.61174819,Boundary Rd,Logan Mwy Ramp Bd,Ellen Grove,Inala,Intersection - Interchange,No traffic control,60 km/h,Sealed - Dry,Daylight,Straight,Veh'S Opposite Approach: Thru-Right,Opposing vehicles turning,0,1,0,1,2,2,0,0,0,0,0,0
259365,Medical treatment,2013,6,Rear-end,Multi-Vehicle,152.954728,-27.576445,Archerfield Rd,Bernoulli St,Darra,Inala,Intersection - T-Junction,No traffic control,60 km/h,Sealed - Dry,Dawn/Dusk,Straight,Veh'S Same Direction: Right Rear,Rear-end,0,0,1,0,1,2,0,0,0,0,0,0
259367,Medical treatment,2013,14,Rear-end,Multi-Vehicle,153.078143,-27.518771,Cavendish Rd,Seville Rd,Holland Park,Greenslopes,Intersection - T-Junction,No traffic control,60 km/h,Sealed - Dry,Daylight,Straight,Veh'S Same Direction: Right Rear,Rear-end,0,0,2,0,2,2,0,0,0,0,0,0
259369,Hospitalisation,2013,8,Fall from vehicle,Single Vehicle,153.07678,-27.46702817,Wynnum Rd,,Morningside,Bulimba,No Roadway Feature,No traffic control,60 km/h,Sealed - Dry,Daylight,Curved - view open,Pass & Misc: Fell In/From Vehicle,Other,0,1,0,0,1,0,0,0,0,1,0,0
259370,Medical treatment,2013,10,Sideswipe,Multi-Vehicle,153.091054,-27.575761,Padstow Rd,,Eight Mile Plains,Stretton,No Roadway Feature,No traffic control,60 km/h,Sealed - Dry,Daylight,Straight,Veh'S Same Direction: Lane Change Left,Lane changes,0,0,1,0,1,1,0,1,0,0,0,0
259371,Hospitalisation,2013,15,Hit object,Single Vehicle,153.0378348,-27.48683144,Stanley St,,Woolloongabba,South Brisbane,No Roadway Feature,No traffic control,60 km/h,Sealed - Dry,Daylight,Straight,Off Path-Straight: Left Off Cway Hit Obj,Off carriageway on straight hit object,0,1,0,0,1,0,0,0,0,1,0,0