Crash_Ref_Number,Severity,Year,Hour,Crash_Nature,Crash_Type,Longitude,Latitude,Street,Street_Intersecting,Suburb,Loc_State_Electorate,Crash_Roadway_Feature,Crash_Traffic_Control,Crash_Speed_Limit,Crash_Road_Surface_Condition,Crash_Lighting_Condition,Crash_Road_Horiz_Align,Crash_DCA_Description,Crash_DCA_Group_Description,Count_Casualty_Fatality,Count_Casualty_Hospitalised,Count_Casualty_MedicallyTreated,Count_Casualty_MinorInjury,Count_Casualty_Total,Count_Unit_Car,Count_Unit_Motorcycle_Moped,Count_Unit_Truck,Count_Unit_Bus,Count_Unit_Bicycle,Count_Unit_Pedestrian,Count_Unit_Other
259402,Hospitalisation,2013,15,Sideswipe,Multi-Vehicle,152.9454836,-27.53529108,Seventeen Mile Rocks Rd,,Jindalee,Mount Ommaney,No Roadway Feature,No traffic control,60 km/h,Sealed - Dry,Daylight,Curved - view obscured,Veh'S Opposite Approach: Head On,Head-on,0,1,0,0,1,2,1,0,0,0,0,0
259403,Hospitalisation,2013,8,Angle,Multi-Vehicle,153.0345175,-27.5698824,Boundary Rd,Halt St,Coopers Plains,Sunnybank,Intersection - T-Junction,Operating traffic lights,60 km/h,Sealed - Dry,Daylight,Straight,Veh'S Opposite Approach: Thru-Right,Opposing vehicles turning,0,1,0,0,1,2,0,0,0,0,0,0
259406,Hospitalisation,2013,8,Angle,Multi-Vehicle,153.1288804,-27.47756181,Belmont Rd,,Tingalpa,Chatsworth,No Roadway Feature,No traffic control,60 km/h,Sealed - Dry,Daylight,Straight,Off Path-Straight: Other,Other,0,1,0,0,1,1,0,0,0,1,0,0
259427,Hospitalisation,2013,18,Hit object,Single Vehicle,153.0628906,-27.6409441,Illaweena St,,Karawatha,Stretton,No Roadway Feature,No traffic control,60 km/h,Sealed - Dry,Darkness - Not lighted,Straight,Off Path-Straight: Left Off Cway Hit Obj,Off carriageway on straight hit object,0,1,0,0,1,1,0,0,0,0,0,0
259428,Medical treatment,2013,8,Rear-end,Multi-Vehicle,152.977115,-27.5572893,Englefield Rd,,Oxley,Mount Ommaney,No Roadway Feature,No traffic control,0 - 50 km/h,Sealed - Dry,Daylight,Straight,Veh'S Same Direction: Rear End,Rear-end,0,0,1,0,1,1,0,0,1,0,0,0
259429,Medical treatment,2013,12,Rear-end,Multi-Vehicle,153.10674,-27.549792,Redland Sub-Arterial Rd,Shillington Pl,Wishart,Mansfield,Intersection - Cross,Operating traffic lights,60 km/h,Sealed - Dry,Daylight,Straight,Veh'S Same Direction: Rear End,Rear-end,0,0,1,0,1,1,0,1,0,0,0,0
259468,Medical treatment,2013,8,Rear-end,Multi-Vehicle,152.973828,-27.577577,Rudd St,,Inala,Inala,No Roadway Feature,No traffic control,60 km/h,Sealed - Dry,Daylight,Curved - view open,Veh'S Same Direction: Rear End,Rear-end,0,0,2,0,2,2,0,0,0,0,0,0
259474,Medical treatment,2013,18,Rear-end,Multi-Vehicle,153.016825,-27.557891,Beatty Rd,Griffith Arterial Rd,Rocklea,Yeerongpilly,Intersection - Cross,Operating traffic lights,60 km/h,Sealed - Dry,Darkness - Lighted,Straight,Veh'S Same Direction: Right Rear,Rear-end,0,0,2,0,2,3,0,0,0,0,0,0
259475,Hospitalisation,2013,16,Angle,Multi-Vehicle,153.0547315,-27.47471834,Norman Ave,Wynnum Rd,Norman Park,Bulimba,Intersection - T-Junction,No traffic control,0 - 50 km/h,Sealed - Dry,Daylight,Straight,Off Path-Straight: Other,Other,0,1,0,0,1,1,0,0,0,1,0,0
259476,Medical treatment,2013,7,Sideswipe,Multi-Vehicle,153.039019,-27.570551,Boundary Rd,,Coopers Plains,Sunnybank,No Roadway Feature,No traffic control,60 km/h,Sealed - Dry,Daylight,Straight,Veh'S Same Direction: Lane Change Left,Lane changes,0,0,1,0,1,1,0,1,0,0,0,0
259477,Medical treatment,2013,16,Angle,Multi-Vehicle,153.034638,-27.494586,Ipswich Rd,Reis St,Woolloongabba,South Brisbane,Intersection - T-Junction,Stop sign,60 km/h,Sealed - Dry,Daylight,Straight,Veh'S Manoeuvring: Entering From Footway,Vehicle leaving driveway,0,0,1,0,1,1,0,0,0,0,0,1
259500,Medical treatment,2013,17,Rear-end,Multi-Vehicle,152.984587,-27.565445,Cunningham Arterial Rd,,Oxley,Inala,No Roadway Feature,No traffic control,80 - 90 km/h,Sealed - Dry,Darkness - Lighted,Straight,Veh'S Same Direction: Rear End,Rear-end,0,0,1,3,4,3,0,0,0,0,0,0
259503,Medical treatment,2013,17,Rear-end,Multi-Vehicle,153.090814,-27.457976,Barrack Rd,Lytton Rd,Murarrie,Bulimba,Intersection - T-Junction,Operating traffic lights,60 km/h,Sealed - Wet,Darkness - Lighted,Straight,Veh'S Same Direction: Rear End,Rear-end,0,0,1,0,1,2,0,0,0,0,0,0
259504,Medical treatment,2013,9,Hit object,Single Vehicle,153.104723,-27.452475,Gateway Arterial Rd,,Murarrie,Bulimba,No Roadway Feature,No traffic control,80 - 90 km/h,Sealed - Wet,Daylight,Straight,Veh'S Same Direction: Rear End,Rear-end,0,0,1,0,1,3,0,0,0,0,0,0
259507,Minor injury,2013,16,Angle,Multi-Vehicle,153.013603,-27.47658,Edmondstone St,Melbourne St,South Brisbane,South Brisbane,Intersection - Cross,Operating traffic lights,0 - 50 km/h,Sealed - Dry,Daylight,Straight,Veh'S Opposite Approach: Thru-Right,Opposing vehicles turning,0,0,0,2,2,2,0,0,0,0,0,0
259535,Hospitalisation,2013,13,Hit parked vehicle,Single Vehicle,152.9683127,-27.59046089,Azalea St,,Inala,Inala,No Roadway Feature,No traffic control,0 - 50 km/h,Sealed - Dry,Daylight,Straight,Veh'S On Path: Parked,Hit parked vehicle,0,1,0,0,1,2,0,0,0,0,0,0
259536,Hospitalisation,2013,11,Angle,Multi-Vehicle,153.0869637,-27.56400104,Link St,Logan Sub-Arterial Rd,Upper Mount Gravatt,Mansfield,Intersection - T-Junction,Operating traffic lights,70 km/h,Sealed - Dry,Daylight,Straight,Veh'S Adjacent Approach: Thru-Thru,Intersection from adjacent approaches,0,2,0,0,2,2,0,0,0,0,0,0
259537,Medical treatment,2013,15,Hit pedestrian,Hit pedestrian,153.020132,-27.482197,Cordelia St,Vulture St,South Brisbane,South Brisbane,Intersection - T-Junction,Operating traffic lights,60 km/h,Sealed - Dry,Daylight,Curved - view open,Ped'N: Far Side Vehicle Hit From Left,Pedestrian,0,0,1,0,1,0,0,1,0,0,1,0
259538,Medical treatment,2013,15,Rear-end,Multi-Vehicle,153.04124,-27.479677,Wellington Rd,,East Brisbane,South Brisbane,No Roadway Feature,No traffic control,60 km/h,Sealed - Dry,Daylight,Straight,Veh'S Same Direction: Rear End,Rear-end,0,0,1,0,1,3,0,0,0,0,0,0
259561,Medical treatment,2013,13,Rear-end,Multi-Vehicle,153.046591,-27.630922,Mt Lindesay Art. Rd,,Calamvale,Stretton,No Roadway Feature,No traffic control,60 km/h,Sealed - Dry,Daylight,Straight,Veh'S Same Direction: Rear End,Rear-end,0,0,1,0,1,2,0,0,0,0,0,0
259563,Medical treatment,2013,2,Hit parked vehicle,Single Vehicle,152.967742,-27.586352,Ash St,Deodar St,Inala,Inala,Intersection - T-Junction,No traffic control,0 - 50 km/h,Sealed - Dry,Darkness - Lighted,Straight,Veh'S Opposite Approach: Other,Other,0,0,1,0,1,1,0,1,0,0,0,0
259567,Hospitalisation,2013,12,Rear-end,Multi-Vehicle,153.0075623,-27.48723868,Dornoch Tce,,West End,South Brisbane,No Roadway Feature,No traffic control,0 - 50 km/h,Sealed - Dry,Daylight,Straight,Veh'S Same Direction: Right Rear,Rear-end,0,1,0,0,1,1,0,0,0,1,0,0
259596,Hospitalisation,2013,21,Rear-end,Multi-Vehicle,153.0503087,-27.61980319,Mt Lindesay Art. Rd,,Calamvale,Stretton,No Roadway Feature,No traffic control,80 - 90 km/h,Sealed - Dry,Darkness - Lighted,Straight,Veh'S Same Direction: Right Rear,Rear-end,0,1,1,1,3,3,0,0,0,0,0,0
259597,Medical treatment,2013,12,Rear-end,Multi-Vehicle,153.031262,-27.51284778,Ipswich Rd,,Annerley,Yeerongpilly,No Roadway Feature,No traffic control,60 km/h,Sealed - Dry,Daylight,Straight,Veh'S Same Direction: Rear End,Rear-end,0,0,1,0,1,3,0,0,0,0,0,0
259600,Hospitalisation,2013,16,Angle,Multi-Vehicle,153.0545828,-27.51372226,Logan Rd,Raff Ave,Greenslopes,Greenslopes,Intersection - T-Junction,Give way sign,60 km/h,Sealed - Dry,Daylight,Straight,Veh'S Adjacent Approach: Thru-Right,Intersection from adjacent approaches,0,1,0,0,1,1,0,0,0,1,0,0
259602,Hospitalisation,2013,9,Sideswipe,Multi-Vehicle,153.0631381,-27.57615217,Mains Rd,,Sunnybank,Sunnybank,No Roadway Feature,No traffic control,60 km/h,Sealed - Dry,Daylight,Straight,Veh'S Same Direction: Lane Side Swipe,Lane changes,0,1,0,0,1,1,1,0,0,0,0,0
259633,Hospitalisation,2013,12,Hit object,Single Vehicle,152.9378367,-27.54456312,Debussy Pl,,Mount Ommaney,Mount Ommaney,No Roadway Feature,No traffic control,0 - 50 km/h,Sealed - Dry,Daylight,Curved - view open,Off Path-Curve: Other,Other,0,1,0,0,1,1,0,0,0,0,0,0
259634,Medical treatment,2013,11,Angle,Multi-Vehicle,152.9556709,-27.54150026,Seventeen Mile Rocks Rd,,Seventeen Mile Rocks,Mount Ommaney,No Roadway Feature,No traffic control,60 km/h,Sealed - Dry,Daylight,Straight,Veh'S Opposite Approach: Thru-Right,Opposing vehicles turning,0,0,1,0,1,2,0,0,0,0,0,0
259635,Medical treatment,2013,15,Hit object,Single Vehicle,153.0262717,-27.50142067,Fairfield Rd,,Fairfield,Yeerongpilly,No Roadway Feature,No traffic control,60 km/h,Sealed - Dry,Darkness - Lighted,Straight,Off Path-Straight: Left Off Cway Hit Obj,Off carriageway on straight hit object,0,0,1,0,1,1,0,0,0,0,0,0
259636,Medical treatment,2013,8,Angle,Multi-Vehicle,153.059061,-27.534495,Gaza Rd,Messines Ridge Rd,Holland Park West,Greenslopes,Intersection - T-Junction,Operating traffic lights,60 km/h,Sealed - Wet,Daylight,Straight,Veh'S Opposite Approach: Thru-Right,Opposing vehicles turning,0,0,1,2,3,2,0,0,0,0,0,0
259638,Hospitalisation,2013,7,Angle,Multi-Vehicle,153.0134902,-27.48731964,Dornoch Tce,Sankey St,Highgate Hill,South Brisbane,Intersection - T-Junction,Give way sign,0 - 50 km/h,Sealed - Wet,Daylight,Straight,Veh'S Adjacent Approach: Thru-Right,Intersection from adjacent approaches,0,2,0,0,2,1,0,0,0,2,0,0
259639,Medical treatment,2013,8,Hit object,Single Vehicle,153.033077,-27.4890846,South East Arterial Rd,,Woolloongabba,South Brisbane,No Roadway Feature,No traffic control,80 - 90 km/h,Sealed - Wet,Daylight,Straight,Off Path-Straight:Right Off Cway Hit Obj,Off carriageway on straight hit object,0,0,1,0,1,1,0,0,0,0,0,0
259661,Medical treatment,2013,13,Sideswipe,Multi-Vehicle,153.042616,-27.603553,Mt Lindesay Art. Rd,,Algester,Algester,Intersection - T-Junction,No traffic control,60 km/h,Sealed - Wet,Daylight,Straight,Veh'S Same Direction: Lane Side Swipe,Lane changes,0,0,1,0,1,2,0,0,0,0,0,0
259662,Hospitalisation,2013,12,Hit object,Single Vehicle,152.9460936,-27.53928507,Western Art Rd Ramp Cb,Western Arterial Rd,Sinnamon Park,Mount Ommaney,Intersection - Interchange,No traffic control,0 - 50 km/h,Sealed - Wet,Daylight,Curved - view open,Off Path-Curve: Off Cway Rt Bend Hit Obj,Off carriageway on curve hit object,0,1,0,0,1,1,0,0,0,0,0,0
259663,Hospitalisation,2013,18,Fall from vehicle,Single Vehicle,152.9443969,-27.57148305,Western Arterial Rd,,Darra,Inala,No Roadway Feature,No traffic control,100 - 110 km/h,Sealed - Wet,Darkness - Lighted,Straight,Off Path-Straight:Out Of Control On Cway,Out of control on straight,0,1,0,0,1,0,1,0,0,0,0,0
259664,Medical treatment,2013,6,Overturned,Single Vehicle,153.025308,-27.579774,Mortimer Rd,Mt Lindesay Art. Rd,Acacia Ridge,Sunnybank,Intersection - T-Junction,No traffic control,60 km/h,Sealed - Dry,Dawn/Dusk,Straight,Off Path-Straight: Left Turn,Off carriageway on straight,0,0,1,0,1,0,0,1,0,0,0,0
259666,Medical treatment,2013,14,Angle,Multi-Vehicle,152.973055,-27.605824,Shelduck St,Sittella St,Inala,Inala,Intersection - Cross,Give way sign,0 - 50 km/h,Sealed - Dry,Daylight,Straight,Veh'S Adjacent Approach: Thru-Thru,Intersection from adjacent approaches,0,0,1,0,1,2,0,0,0,0,0,0
259667,Hospitalisation,2013,6,Hit parked vehicle,Single Vehicle,152.9538759,-27.587765,Orchard Rd,,Richlands,Inala,No Roadway Feature,No traffic control,60 km/h,Sealed - Dry,Dawn/Dusk,Curved - view open,Veh'S On Path: Parked,Hit parked vehicle,0,1,0,0,1,1,0,1,0,0,0,0
259668,Hospitalisation,2013,7,Overturned,Single Vehicle,153.1137624,-27.45128593,Port Of Brisbane Mwy Off Ramp,,Murarrie,Bulimba,Intersection - Interchange,No traffic control,60 km/h,Sealed - Dry,Daylight,Curved - view open,Off Path-Curve: Off Cway Left Bend,Off carriageway on curve,0,1,0,0,1,0,0,1,0,0,0,0
259669,Medical treatment,2013,6,Rear-end,Multi-Vehicle,153.089832,-27.568774,Holmead Rd,Logan Sub-Arterial Rd,Eight Mile Plains,Mansfield,Intersection - T-Junction,Give way sign,0 - 50 km/h,Sealed - Dry,Dawn/Dusk,Curved - view open,Veh'S Same Direction: Left Rear,Rear-end,0,0,1,0,1,2,0,0,0,0,0,0
259670,Hospitalisation,2013,16,Angle,Multi-Vehicle,153.0800457,-27.55470209,Archer St,Logan Rd,Upper Mount Gravatt,Mansfield,Intersection - T-Junction,Operating traffic lights,60 km/h,Sealed - Wet,Daylight,Straight,Veh'S Opposite Approach: Thru-Right,Opposing vehicles turning,0,1,0,0,1,1,1,0,0,0,0,0
259671,Medical treatment,2013,0,Hit pedestrian,Hit pedestrian,153.0125182,-27.47849474,Boundary St,,West End,South Brisbane,No Roadway Feature,No traffic control,0 - 50 km/h,Sealed - Dry,Darkness - Lighted,Straight,Ped'N: Near Side Vehicle Hit From Right,Pedestrian,0,0,1,0,1,1,0,0,0,0,1,0
259672,Hospitalisation,2013,11,Rear-end,Multi-Vehicle,153.0491035,-27.4769294,Laidlaw Pde,Lytton Rd,East Brisbane,South Brisbane,Intersection - T-Junction,No traffic control,60 km/h,Sealed - Dry,Daylight,Curved - view open,Veh'S Same Direction: Rear End,Rear-end,0,1,0,0,1,4,0,0,0,0,0,0
259699,Medical treatment,2013,8,Rear-end,Multi-Vehicle,153.035696,-27.477475,Main St,Pearson St,Kangaroo Point,South Brisbane,Intersection - T-Junction,Operating traffic lights,60 km/h,Sealed - Dry,Daylight,Straight,Veh'S Same Direction: Rear End,Rear-end,0,0,1,0,1,2,0,0,0,0,0,0
259705,Medical treatment,2013,8,Rear-end,Multi-Vehicle,153.167332,-27.484987,Rickertt Rd,,Wakerley,Chatsworth,No Roadway Feature,No traffic control,60 km/h,Sealed - Dry,Daylight,Straight,Veh'S Same Direction: Rear End,Rear-end,0,0,1,0,1,2,0,0,0,0,0,0
259737,Hospitalisation,2013,13,Angle,Multi-Vehicle,153.0645064,-27.49160824,Bennetts Rd,,Camp Hill,Bulimba,No Roadway Feature,No traffic control,60 km/h,Sealed - Wet,Daylight,Straight,Veh'S Manoeuvring: Leaving Driveway,Vehicle leaving driveway,0,1,0,0,1,1,0,1,0,0,0,0
259738,Minor injury,2013,14,Rear-end,Multi-Vehicle,153.086695,-27.487956,Coke St,Kennington Rd,Camp Hill,Chatsworth,Intersection - Cross,No traffic control,60 km/h,Sealed - Dry,Daylight,Straight,Veh'S Same Direction: Rear End,Rear-end,0,0,0,1,1,2,0,0,0,0,0,0
259740,Medical treatment,2013,16,Rear-end,Multi-Vehicle,153.0545922,-27.52317811,South East Arterial Rd,,Holland Park West,Greenslopes,No Roadway Feature,No traffic control,100 - 110 km/h,Sealed - Dry,Daylight,Straight,Veh'S Same Direction: Rear End,Rear-end,0,0,1,0,1,1,0,0,1,0,0,0
259749,Hospitalisation,2013,19,Fall from vehicle,Single Vehicle,153.1819182,-27.55872046,Redland Sub-Arterial Rd,,Burbank,Mansfield,No Roadway Feature,No traffic control,80 - 90 km/h,Sealed - Dry,Darkness - Not lighted,Straight,Off Path-Straight:Out Of Control On Cway,Out of control on straight,0,1,0,0,1,0,1,0,0,0,0,0
259775,Medical treatment,2013,7,Sideswipe,Multi-Vehicle,153.050957,-27.6477822,Logan Mwy,,Drewvale,Stretton,No Roadway Feature,No traffic control,100 - 110 km/h,Sealed - Dry,Daylight,Straight,Veh'S Same Direction: Rear End,Rear-end,0,0,1,0,1,2,0,0,0,0,0,0
259776,Medical treatment,2013,9,Angle,Multi-Vehicle,153.05326,-27.598724,Borella Rd,Hellawell Rd,Sunnybank Hills,Sunnybank,Intersection - T-Junction,Give way sign,60 km/h,Sealed - Wet,Daylight,Straight,Veh'S Adjacent Approach: Thru-Right,Intersection from adjacent approaches,0,0,1,0,1,2,0,0,0,0,0,0
259777,Medical treatment,2013,19,Angle,Multi-Vehicle,153.087278,-27.503353,Jones Rd,Winstanley St,Carina Heights,Chatsworth,Intersection - Roundabout,Give way sign,60 km/h,Sealed - Dry,Darkness - Lighted,Straight,Veh'S Adjacent Approach: Thru-Thru,Intersection from adjacent approaches,0,0,2,0,2,2,0,0,0,0,0,0
259780,Hospitalisation,2013,13,Hit pedestrian,Hit pedestrian,152.9691457,-27.58971787,Barberry St,,Inala,Inala,No Roadway Feature,No traffic control,0 - 50 km/h,Sealed - Dry,Daylight,Straight,Ped'N: Hit Other,Other,0,1,0,0,1,1,0,0,0,0,1,0
259783,Hospitalisation,2013,5,Rear-end,Multi-Vehicle,153.1058946,-27.58583994,South East Art Rd Ramp Xt,,Eight Mile Plains,Stretton,Intersection - Interchange,No traffic control,100 - 110 km/h,Sealed - Wet,Darkness - Lighted,Straight,Veh'S Same Direction: Rear End,Rear-end,0,1,2,1,4,4,0,0,0,0,0,0
259784,Hospitalisation,2013,5,Fall from vehicle,Single Vehicle,153.1449982,-27.48949369,Ermelo Rd,New Cleveland Rd,Wakerley,Chatsworth,Intersection - T-Junction,No traffic control,70 km/h,Sealed - Dry,Darkness - Lighted,Curved - view open,Off Path-Curve: Out Of Control On Cway,Out of control on curve,0,1,0,0,1,0,1,0,0,0,0,0
259821,Hospitalisation,2013,19,Angle,Multi-Vehicle,153.0395639,-27.50299639,South East Arterial Rd,,Greenslopes,South Brisbane,No Roadway Feature,No traffic control,80 - 90 km/h,Sealed - Wet,Darkness - Lighted,Straight,Veh'S Same Direction: Lane Side Swipe,Lane changes,0,2,0,0,2,3,0,0,0,0,1,0
259824,Hospitalisation,2013,10,Collision - miscellaneous,Other,153.0194306,-27.54672947,Beaudesert Rd,,Rocklea,Yeerongpilly,No Roadway Feature,No traffic control,80 - 90 km/h,Sealed - Dry,Daylight,Straight,Veh'S On Path: Other,Other,0,1,0,0,1,1,0,0,0,0,0,0
259825,Minor injury,2013,11,Angle,Multi-Vehicle,153.106292,-27.577651,Gateway Art Rd Ramp Ma,South East Art Rd Ramp Xt,Rochedale,Mansfield,Intersection - Interchange,Operating traffic lights,60 km/h,Sealed - Dry,Daylight,Straight,Veh'S Opposite Approach: Thru-Right,Opposing vehicles turning,0,0,0,2,2,2,0,0,0,0,0,0
259826,Hospitalisation,2013,16,Hit object,Single Vehicle,153.017287,-27.47258064,Grey St,,South Brisbane,South Brisbane,No Roadway Feature,No traffic control,60 km/h,Sealed - Dry,Daylight,Straight,Off Path-Straight:Right Off Cway Hit Obj,Off carriageway on straight hit object,0,2,0,0,2,1,0,0,0,0,0,0
259831,Medical treatment,2013,7,Hit object,Single Vehicle,153.155811,-27.557453,Redland Sub-Arterial Rd,,Burbank,Mansfield,No Roadway Feature,No traffic control,80 - 90 km/h,Sealed - Wet,Daylight,Curved - view open,Off Path-Curve: Off Cway Lt Bend Hit Obj,Off carriageway on curve hit object,0,0,1,0,1,1,0,0,0,0,0,0
259860,Medical treatment,2013,17,Angle,Multi-Vehicle,153.090354,-27.554524,Dawson Rd,Newnham Rd,Upper Mount Gravatt,Mansfield,Intersection - Cross,Operating traffic lights,60 km/h,Sealed - Dry,Dawn/Dusk,Straight,Veh'S Opposite Approach: Thru-Right,Opposing vehicles turning,0,0,3,1,4,2,0,0,0,0,0,0
259861,Hospitalisation,2013,6,Hit object,Single Vehicle,153.1575097,-27.44776162,Wynnum Rd,,Wynnum West,Lytton,No Roadway Feature,No traffic control,60 km/h,Sealed - Dry,Daylight,Straight,Off Path-Straight: Other,Other,0,1,1,0,2,1,0,0,0,0,0,0
259905,Hospitalisation,2013,7,Rear-end,Multi-Vehicle,153.0395729,-27.50147739,South East Arterial Rd,,Woolloongabba,South Brisbane,No Roadway Feature,No traffic control,100 - 110 km/h,Sealed - Dry,Daylight,Straight,Veh'S Same Direction: Rear End,Rear-end,0,1,0,0,1,2,0,0,0,0,0,0
259906,Medical treatment,2013,7,Hit object,Single Vehicle,153.039736,-27.499891,South East Arterial Rd,,Woolloongabba,South Brisbane,No Roadway Feature,No traffic control,100 - 110 km/h,Sealed - Dry,Daylight,Curved - view open,Veh'S Same Direction: Lane Side Swipe,Lane changes,0,0,2,0,2,2,0,0,0,0,0,0
259907,Medical treatment,2013,12,Hit parked vehicle,Single Vehicle,153.1533473,-27.44529154,Nemarra St,,Wynnum West,Lytton,No Roadway Feature,No traffic control,0 - 50 km/h,Sealed - Dry,Daylight,Straight,Veh'S Opposite Approach: Other,Other,0,0,1,0,1,2,0,0,0,0,0,0
259908,Hospitalisation,2013,12,Hit object,Single Vehicle,153.1523828,-27.44535567,Orsan St,,Wynnum West,Lytton,No Roadway Feature,No traffic control,0 - 50 km/h,Sealed - Dry,Daylight,Straight,Veh'S Manoeuvring: Other,Other,0,2,0,0,2,1,0,0,0,0,0,0
259944,Medical treatment,2013,17,Angle,Multi-Vehicle,153.057701,-27.495388,Harries Rd,Old Cleveland Rd,Coorparoo,Greenslopes,Intersection - T-Junction,Operating traffic lights,60 km/h,Sealed - Wet,Darkness - Lighted,Straight,Veh'S Opposite Approach: Thru-Right,Opposing vehicles turning,0,0,1,0,1,0,1,0,1,0,0,0
259945,Medical treatment,2013,17,Rear-end,Multi-Vehicle,152.94294,-27.6149,Western Arterial Rd,,Ellen Grove,Inala,No Roadway Feature,No traffic control,80 - 90 km/h,Sealed - Wet,Darkness - Lighted,Straight,Veh'S Same Direction: Rear End,Rear-end,0,0,1,0,1,3,0,0,0,0,0,0
259947,Hospitalisation,2013,18,Hit pedestrian,Hit pedestrian,153.0808708,-27.57441306,Devonlea St,Padstow Rd,Eight Mile Plains,Sunnybank,Intersection - T-Junction,No traffic control,0 - 50 km/h,Sealed - Wet,Darkness - Lighted,Straight,Ped'N: Far Side Vehicle Hit From Left,Pedestrian,0,1,0,0,1,1,0,0,0,0,1,0
259948,Hospitalisation,2013,21,Angle,Multi-Vehicle,153.0601432,-27.5713442,Mccullough St,Woodsiana St,Sunnybank,Sunnybank,Intersection - T-Junction,Operating traffic lights,60 km/h,Sealed - Wet,Darkness - Lighted,Straight,Veh'S Adjacent Approach: Thru-Right,Intersection from adjacent approaches,0,1,0,0,1,2,0,0,0,0,0,0
259949,Minor injury,2013,18,Rear-end,Multi-Vehicle,153.0330887,-27.48133724,River Tce,,Kangaroo Point,South Brisbane,No Roadway Feature,No traffic control,60 km/h,Sealed - Wet,Darkness - Lighted,Straight,Veh'S Same Direction: Rear End,Rear-end,0,0,0,1,1,3,0,0,0,0,0,0
259978,Minor injury,2013,18,Hit pedestrian,Hit pedestrian,153.06052,-27.589194,Lumphanan St,Pinelands Rd,Sunnybank Hills,Stretton,No Roadway Feature,Pedestrian crossing sign,60 km/h,Sealed - Dry,Daylight,Straight,Ped'N: Far Side Vehicle Hit From Left,Pedestrian,0,0,0,1,1,1,0,0,0,0,1,0
259979,Hospitalisation,2013,16,Rear-end,Multi-Vehicle,153.0767471,-27.59982206,Nursery Ave,,Runcorn,Stretton,No Roadway Feature,No traffic control,60 km/h,Sealed - Dry,Daylight,Straight,Veh'S Same Direction: Right Rear,Rear-end,0,1,0,0,1,2,0,0,0,0,0,0
259980,Minor injury,2013,8,Sideswipe,Multi-Vehicle,153.051103,-27.610726,Compton Rd,,Sunnybank Hills,Stretton,No Roadway Feature,No traffic control,80 - 90 km/h,Sealed - Dry,Daylight,Curved - view open,Veh'S Same Direction: Lane Change Left,Lane changes,0,0,0,1,1,1,0,0,0,1,0,0
259982,Hospitalisation,2013,22,Hit object,Single Vehicle,153.0959309,-27.48207503,Creek Rd,,Carina,Bulimba,No Roadway Feature,No traffic control,60 km/h,Sealed - Dry,Darkness - Lighted,Curved - view open,Off Path-Curve: Mounts Traffic Island,Off carriageway on curve hit object,0,1,0,0,1,1,0,0,0,0,0,0
259986,Medical treatment,2013,16,Sideswipe,Multi-Vehicle,153.02029,-27.543574,Evans Rd,,Moorooka,Yeerongpilly,No Roadway Feature,No traffic control,60 km/h,Sealed - Dry,Daylight,Straight,Veh'S Same Direction: Lane Side Swipe,Lane changes,0,0,1,0,1,0,0,1,0,1,0,0
259989,Medical treatment,2013,16,Rear-end,Multi-Vehicle,153.040985,-27.481153,Wellington Rd,,East Brisbane,South Brisbane,No Roadway Feature,No traffic control,60 km/h,Sealed - Dry,Daylight,Straight,Veh'S Same Direction: Rear End,Rear-end,0,0,1,2,3,3,0,0,0,0,0,0
260011,Hospitalisation,2013,5,Hit object,Single Vehicle,153.0333659,-27.60874038,Dalmeny St,,Algester,Algester,No Roadway Feature,No traffic control,0 - 50 km/h,Sealed - Dry,Darkness - Lighted,Straight,Off Path-Straight:Right Off Cway Hit Obj,Off carriageway on straight hit object,0,2,0,0,2,2,0,0,0,0,0,0
260013,Minor injury,2013,8,Rear-end,Multi-Vehicle,153.09281,-27.504175,Gallipoli Rd,Winstanley St,Carina Heights,Chatsworth,Intersection - Roundabout,Give way sign,60 km/h,Sealed - Dry,Daylight,Straight,Veh'S Same Direction: Rear End,Rear-end,0,0,0,1,1,2,0,0,0,0,0,0
260017,Minor injury,2013,18,Rear-end,Multi-Vehicle,153.058985,-27.494618,Old Cleveland Rd,,Coorparoo,Greenslopes,No Roadway Feature,No traffic control,60 km/h,Sealed - Dry,Darkness - Lighted,Straight,Veh'S Same Direction: Rear End,Rear-end,0,0,0,1,1,3,0,0,0,0,0,0
260020,Hospitalisation,2013,0,Hit object,Single Vehicle,153.0643137,-27.5217142,Logan Rd,,Holland Park West,Greenslopes,No Roadway Feature,No traffic control,60 km/h,Sealed - Dry,Darkness - Lighted,Straight,Off Path-Straight: Left Off Cway Hit Obj,Off carriageway on straight hit object,0,1,0,0,1,1,0,0,0,0,0,0
260021,Minor injury,2013,15,Rear-end,Multi-Vehicle,153.063202,-27.520665,Logan Rd,,Holland Park West,Greenslopes,No Roadway Feature,No traffic control,60 km/h,Sealed - Dry,Daylight,Straight,Veh'S Same Direction: Rear End,Rear-end,0,0,0,1,1,2,0,0,0,0,0,0