Crash_Ref_Number,Severity,Year,Hour,Crash_Nature,Crash_Type,Longitude,Latitude,Street,Street_Intersecting,Suburb,Loc_State_Electorate,Crash_Roadway_Feature,Crash_Traffic_Control,Crash_Speed_Limit,Crash_Road_Surface_Condition,Crash_Lighting_Condition,Crash_Road_Horiz_Align,Crash_DCA_Description,Crash_DCA_Group_Description,Count_Casualty_Fatality,Count_Casualty_Hospitalised,Count_Casualty_MedicallyTreated,Count_Casualty_MinorInjury,Count_Casualty_Total,Count_Unit_Car,Count_Unit_Motorcycle_Moped,Count_Unit_Truck,Count_Unit_Bus,Count_Unit_Bicycle,Count_Unit_Pedestrian,Count_Unit_Other
260023,Hospitalisation,2013,13,Angle,Multi-Vehicle,153.0192536,-27.54377248,Gladstone St,Muriel Ave,Moorooka,Yeerongpilly,Intersection - T-Junction,Give way sign,60 km/h,Sealed - Dry,Daylight,Straight,Veh'S Adjacent Approach: Right-Right,Intersection from adjacent approaches,0,1,0,0,1,1,1,0,0,0,0,0
260024,Hospitalisation,2013,21,Fall from vehicle,Single Vehicle,153.0714491,-27.46849321,Wynnum Rd,,Morningside,Bulimba,Median Opening,No traffic control,60 km/h,Sealed - Dry,Darkness - Lighted,Straight,Off Path-Straight:Out Of Control On Cway,Out of control on straight,0,1,0,0,1,0,1,0,0,0,0,0
260057,Medical treatment,2013,7,Rear-end,Multi-Vehicle,153.0497626,-27.56464429,Musgrave Rd,,Coopers Plains,Sunnybank,No Roadway Feature,No traffic control,60 km/h,Sealed - Dry,Daylight,Straight,Veh'S Same Direction: Rear End,Rear-end,0,0,2,0,2,2,0,0,0,0,0,0
260061,Minor injury,2013,13,Rear-end,Multi-Vehicle,153.005343,-27.656101,Johnson Rd,,Larapinta,Algester,No Roadway Feature,No traffic control,70 km/h,Sealed - Dry,Daylight,Straight,Veh'S Same Direction: Rear End,Rear-end,0,0,0,1,1,3,0,0,0,0,0,0
260062,Medical treatment,2013,7,Rear-end,Multi-Vehicle,153.1527539,-27.51046687,Cleveland Sub-Arterial Rd,,Chandler,Chatsworth,No Roadway Feature,No traffic control,80 - 90 km/h,Sealed - Dry,Daylight,Curved - view open,Veh'S Same Direction: Rear End,Rear-end,0,0,1,1,2,2,0,0,0,0,0,0
260073,Minor injury,2013,20,Hit object,Single Vehicle,153.029468,-27.625787,Algester Rd,Ridgewood Rd,Algester,Algester,Intersection - T-Junction,Operating traffic lights,60 km/h,Sealed - Dry,Darkness - Lighted,Straight,Off Path-Straight: Left Off Cway Hit Obj,Off carriageway on straight hit object,0,0,0,1,1,1,0,0,0,0,0,0
260074,Hospitalisation,2013,16,Hit object,Single Vehicle,153.0186943,-27.50554554,Brisbane Corso,,Fairfield,Yeerongpilly,No Roadway Feature,No traffic control,60 km/h,Sealed - Dry,Daylight,Curved - view open,Off Path-Curve: Off Cway Rt Bend Hit Obj,Off carriageway on curve hit object,0,1,0,0,1,1,0,0,0,0,0,0
260075,Medical treatment,2013,9,Rear-end,Multi-Vehicle,153.091559,-27.495496,Birdwood Rd,Old Cleveland Rd,Carina,Chatsworth,Intersection - T-Junction,Give way sign,60 km/h,Sealed - Dry,Daylight,Straight,Veh'S Same Direction: Right Rear,Rear-end,0,0,1,0,1,4,0,0,0,0,0,0
260078,Minor injury,2013,3,Hit object,Single Vehicle,153.0628099,-27.52043739,Logan Rd,,Holland Park West,Greenslopes,No Roadway Feature,No traffic control,60 km/h,Sealed - Dry,Darkness - Lighted,Straight,Veh'S On Path: Temporary Object On C'Way,Other,0,0,0,1,1,1,0,0,0,0,0,0
260080,Medical treatment,2013,16,Angle,Multi-Vehicle,153.106292,-27.577651,Gateway Art Rd Ramp Ma,South East Art Rd Ramp Xt,Rochedale,Mansfield,Intersection - Interchange,Operating traffic lights,60 km/h,Sealed - Dry,Dawn/Dusk,Straight,Veh'S Opposite Approach: Thru-Right,Opposing vehicles turning,0,0,1,0,1,1,0,0,1,0,0,0
260111,Hospitalisation,2013,21,Hit object,Single Vehicle,152.9181756,-27.60300727,Wilruna St,,Wacol,Inala,No Roadway Feature,No traffic control,60 km/h,Sealed - Dry,Darkness - Lighted,Curved - view open,Off Path-Curve: Off Cway Lt Bend Hit Obj,Off carriageway on curve hit object,0,1,0,0,1,1,0,0,0,0,0,0
260114,Hospitalisation,2013,7,Sideswipe,Multi-Vehicle,153.039978,-27.50423237,Juliette St,,Greenslopes,South Brisbane,No Roadway Feature,No traffic control,60 km/h,Sealed - Dry,Daylight,Straight,Veh'S Same Direction: Lane Change Right,Lane changes,0,1,0,0,1,1,1,0,0,0,0,0
260119,Medical treatment,2013,0,Hit object,Single Vehicle,153.0674621,-27.55198052,South East Arterial Rd,,Upper Mount Gravatt,Yeerongpilly,No Roadway Feature,No traffic control,60 km/h,Sealed - Dry,Darkness - Lighted,Curved - view open,Off Path-Curve: Off Cway Lt Bend Hit Obj,Off carriageway on curve hit object,0,0,1,0,1,1,0,0,0,0,0,0
260120,Minor injury,2013,17,Rear-end,Multi-Vehicle,153.016474,-27.474998,Melbourne St,Merivale St,South Brisbane,South Brisbane,Intersection - Cross,Operating traffic lights,60 km/h,Sealed - Dry,Dawn/Dusk,Straight,Veh'S Same Direction: Rear End,Rear-end,0,0,0,1,1,2,0,0,0,0,0,0
260121,Hospitalisation,2013,10,Angle,Multi-Vehicle,153.1531499,-27.45710265,Ropley Rd,Wynnum Rd,Wynnum West,Lytton,Intersection - T-Junction,Operating traffic lights,60 km/h,Sealed - Dry,Daylight,Straight,Veh'S Manoeuvring: Leaving Driveway,Vehicle leaving driveway,0,1,1,0,2,3,0,0,0,0,0,0
260145,Hospitalisation,2013,0,Angle,Multi-Vehicle,153.0361777,-27.59599536,Bradman St,Mt Lindesay Art. Rd,Acacia Ridge,Sunnybank,Intersection - Cross,Operating traffic lights,80 - 90 km/h,Sealed - Dry,Darkness - Lighted,Straight,Veh'S Adjacent Approach: Thru-Thru,Intersection from adjacent approaches,0,2,0,0,2,2,0,0,0,0,0,0
260146,Hospitalisation,2013,18,Fall from vehicle,Single Vehicle,153.0618546,-27.50183824,Cavendish Rd,Emlyn St,Coorparoo,Greenslopes,Intersection - T-Junction,Give way sign,60 km/h,Sealed - Dry,Darkness - Lighted,Straight,Veh'S Adjacent Approach: Thru-Right,Intersection from adjacent approaches,0,1,0,0,1,1,1,0,0,0,0,0
260149,Medical treatment,2013,21,Angle,Multi-Vehicle,153.11654,-27.544327,Gateway Art Rd Ramp Xh,Weedon St W,Mackenzie,Mansfield,Intersection - Interchange,Operating traffic lights,60 km/h,Sealed - Wet,Darkness - Lighted,Straight,Veh'S Opposite Approach: Thru-Right,Opposing vehicles turning,0,0,1,2,3,2,0,0,0,0,0,0
260152,Hospitalisation,2013,15,Angle,Multi-Vehicle,153.1058546,-27.59317694,Millers Rd,Underwood Rd,Eight Mile Plains,Stretton,Intersection - Cross,Give way sign,60 km/h,Sealed - Dry,Daylight,Straight,Veh'S Adjacent Approach: Thru-Thru,Intersection from adjacent approaches,0,1,0,0,1,2,0,0,0,0,0,0
260171,Hospitalisation,2013,19,Hit object,Single Vehicle,152.9436006,-27.53929308,Trevi St,,Jindalee,Mount Ommaney,No Roadway Feature,No traffic control,0 - 50 km/h,Sealed - Dry,Darkness - Lighted,Curved - view obscured,Off Path-Curve: Off Cway Lt Bend Hit Obj,Off carriageway on curve hit object,0,1,0,0,1,1,0,0,0,0,0,0
260172,Minor injury,2013,4,Hit pedestrian,Hit pedestrian,152.955727,-27.554434,Hounslow Wy,,Seventeen Mile Rocks,Mount Ommaney,No Roadway Feature,No traffic control,0 - 50 km/h,Sealed - Dry,Darkness - Lighted,Curved - view open,Ped'N: Hit While Boarding/Alighting,Pedestrian,0,0,0,1,1,1,0,0,0,0,1,0
260176,Minor injury,2013,15,Hit pedestrian,Hit pedestrian,153.068375,-27.572527,Marelda St,Mccullough St,Macgregor,Sunnybank,Intersection - T-Junction,No traffic control,0 - 50 km/h,Sealed - Dry,Daylight,Straight,Ped'N: Near Side Vehicle Hit From Right,Pedestrian,0,0,0,2,2,1,0,0,0,0,2,0
260177,Hospitalisation,2013,7,Angle,Multi-Vehicle,153.065417,-27.56509717,Fleetwood St,Mains Rd,Macgregor,Sunnybank,Intersection - T-Junction,Operating traffic lights,60 km/h,Sealed - Dry,Daylight,Straight,Veh'S Adjacent Approach: Thru-Right,Intersection from adjacent approaches,0,1,0,0,1,2,0,0,0,0,0,0
260185,Hospitalisation,2013,8,Angle,Multi-Vehicle,153.1813777,-27.4866635,Rickertt Rd,,Ransome,Chatsworth,No Roadway Feature,No traffic control,80 - 90 km/h,Sealed - Dry,Daylight,Straight,Veh'S Manoeuvring: Entering From Footway,Vehicle leaving driveway,0,1,1,0,2,2,0,0,0,0,0,0
260207,Medical treatment,2013,8,Angle,Multi-Vehicle,153.061719,-27.612935,Gowan Rd,Malmsey St,Calamvale,Stretton,Intersection - T-Junction,No traffic control,60 km/h,Sealed - Dry,Daylight,Straight,Veh'S Opposite Approach: Thru-Right,Opposing vehicles turning,0,0,1,0,1,2,0,0,0,0,0,0
260209,Minor injury,2013,7,Angle,Multi-Vehicle,153.0441178,-27.50431473,Ernest St,,Greenslopes,South Brisbane,No Roadway Feature,No traffic control,0 - 50 km/h,Sealed - Dry,Daylight,Straight,Veh'S Same Direction: Left Turn S/Swipe,Parallel lanes turning,0,0,0,1,1,1,1,0,0,0,0,0
260210,Medical treatment,2013,5,Hit object,Single Vehicle,153.0940761,-27.53442183,Newnham Rd,,Mount Gravatt East,Mansfield,No Roadway Feature,No traffic control,60 km/h,Sealed - Dry,Dawn/Dusk,Straight,Off Path-Straight: Left Off Cway Hit Obj,Off carriageway on straight hit object,0,0,1,0,1,1,0,0,0,0,0,0
260211,Medical treatment,2013,13,Angle,Multi-Vehicle,152.9550094,-27.6249661,Grand Ave,Woogaroo St,Forest Lake,Algester,Intersection - Roundabout,Give way sign,60 km/h,Sealed - Dry,Daylight,Straight,Veh'S Adjacent Approach: Thru-Thru,Intersection from adjacent approaches,0,0,1,0,1,2,0,0,0,0,0,0
260212,Hospitalisation,2013,13,Hit parked vehicle,Single Vehicle,152.9530103,-27.63219999,Logan Mwy,,Forest Lake,Inala,No Roadway Feature,No traffic control,100 - 110 km/h,Sealed - Dry,Daylight,Straight,Off Path-Straight: Left Off Cway Hit Obj,Off carriageway on straight hit object,0,1,1,0,2,2,0,0,0,0,0,0
260213,Medical treatment,2013,18,Rear-end,Multi-Vehicle,153.0132456,-27.5401138,Ipswich Mwy,,Moorooka,Yeerongpilly,Intersection - Interchange,No traffic control,60 km/h,Sealed - Dry,Daylight,Straight,Veh'S Same Direction: Rear End,Rear-end,0,0,1,0,1,2,0,0,0,0,0,0
260214,Hospitalisation,2013,17,Rear-end,Multi-Vehicle,153.0724111,-27.46786322,Wynnum Rd,,Morningside,Bulimba,No Roadway Feature,No traffic control,60 km/h,Sealed - Dry,Darkness - Lighted,Straight,Veh'S Same Direction: Rear End,Rear-end,0,1,0,0,1,1,1,0,0,0,0,0
260215,Medical treatment,2013,20,Angle,Multi-Vehicle,153.0402714,-27.49075427,Logan Rd,,Woolloongabba,South Brisbane,No Roadway Feature,No traffic control,60 km/h,Sealed - Dry,Darkness - Lighted,Curved - view open,Veh'S Opposite Approach: Thru-Right,Opposing vehicles turning,0,0,1,0,1,1,0,0,0,1,0,0
260240,Medical treatment,2013,9,Rear-end,Multi-Vehicle,152.9729889,-27.60086438,Partridge St,Wirraway Pde,Inala,Inala,Intersection - T-Junction,No traffic control,0 - 50 km/h,Sealed - Dry,Daylight,Straight,Veh'S Same Direction: Left Rear,Rear-end,0,0,1,0,1,2,0,0,0,0,0,0
260241,Medical treatment,2013,8,Rear-end,Multi-Vehicle,153.057366,-27.578528,Feltwell St,Lister St,Sunnybank,Sunnybank,Intersection - T-Junction,Pedestrian crossing sign,0 - 50 km/h,Sealed - Dry,Daylight,Straight,Veh'S Same Direction: Rear End,Rear-end,0,0,1,0,1,2,0,0,0,0,0,0
260242,Hospitalisation,2013,17,Angle,Multi-Vehicle,153.1251592,-27.58057083,Miles Platting Rd,Rochedale Rd,Rochedale,Mansfield,Intersection - T-Junction,Operating traffic lights,60 km/h,Sealed - Dry,Darkness - Lighted,Straight,Veh'S Manoeuvring: Entering From Footway,Vehicle leaving driveway,0,1,0,0,1,1,0,0,0,1,0,0
260243,Medical treatment,2013,8,Rear-end,Multi-Vehicle,153.030466,-27.482449,South East Arterial Rd,,Kangaroo Point,South Brisbane,Bridge/Causeway,No traffic control,80 - 90 km/h,Sealed - Dry,Daylight,Straight,Veh'S Same Direction: Rear End,Rear-end,0,0,1,0,1,2,0,0,0,0,0,0
260244,Medical treatment,2013,8,Rear-end,Multi-Vehicle,153.1294436,-27.47461463,Wynnum Rd,,Tingalpa,Lytton,No Roadway Feature,No traffic control,60 km/h,Sealed - Dry,Daylight,Straight,Veh'S Same Direction: Rear End,Rear-end,0,0,1,0,1,3,0,0,0,0,0,0
260283,Medical treatment,2013,8,Rear-end,Multi-Vehicle,153.0594696,-27.62523313,Gowan Rd,Kameruka St,Calamvale,Stretton,Intersection - Cross,Operating traffic lights,60 km/h,Sealed - Dry,Daylight,Straight,Veh'S Same Direction: Rear End,Rear-end,0,0,1,0,1,2,0,0,0,0,0,0
260284,Medical treatment,2013,8,Rear-end,Multi-Vehicle,153.024162,-27.568375,Boundary Rd,Mt Lindesay Art. Rd,Archerfield,Sunnybank,Intersection - T-Junction,No traffic control,60 km/h,Sealed - Dry,Daylight,Straight,Veh'S Same Direction: Left Rear,Rear-end,0,0,1,0,1,2,0,0,0,0,0,0
260285,Hospitalisation,2013,16,Hit pedestrian,Hit pedestrian,153.0666866,-27.5119552,Abbotsleigh St,Cavendish Rd,Coorparoo,Greenslopes,Intersection - Cross,Pedestrian crossing sign,60 km/h,Sealed - Dry,Daylight,Straight,Ped'N: Near Side Vehicle Hit From Right,Pedestrian,0,1,0,0,1,1,0,0,0,0,1,0
260286,Medical treatment,2013,7,Rear-end,Multi-Vehicle,153.0435782,-27.51477583,South East Arterial Rd,,Greenslopes,Yeerongpilly,No Roadway Feature,No traffic control,100 - 110 km/h,Sealed - Dry,Daylight,Straight,Veh'S Same Direction: Rear End,Rear-end,0,0,1,0,1,2,0,0,0,0,0,0
260287,Medical treatment,2013,7,Rear-end,Multi-Vehicle,153.0433768,-27.51468188,South East Arterial Rd,,Greenslopes,Yeerongpilly,No Roadway Feature,No traffic control,100 - 110 km/h,Sealed - Wet,Daylight,Straight,Veh'S Same Direction: Rear End,Rear-end,0,0,1,0,1,2,0,0,0,0,0,0
260289,Medical treatment,2013,13,Angle,Multi-Vehicle,153.030336,-27.485627,Allen St,Stanley St,Woolloongabba,South Brisbane,Intersection - T-Junction,Operating traffic lights,0 - 50 km/h,Sealed - Dry,Daylight,Straight,Veh'S Adjacent Approach: Right-Thru,Intersection from adjacent approaches,0,0,1,0,1,2,0,0,0,0,0,0
260290,Medical treatment,2013,8,Angle,Multi-Vehicle,153.186536,-27.454218,Cambridge Pde,Royal Esp,Manly,Lytton,Intersection - T-Junction,Give way sign,0 - 50 km/h,Sealed - Dry,Daylight,Straight,Veh'S Adjacent Approach: Thru-Right,Intersection from adjacent approaches,0,0,1,0,1,2,0,0,0,0,0,0
260291,Medical treatment,2013,19,Hit object,Single Vehicle,153.1216157,-27.48730802,Gateway Arterial Rd,,Belmont,Chatsworth,No Roadway Feature,No traffic control,100 - 110 km/h,Sealed - Dry,Darkness - Lighted,Straight,Veh'S On Path: Temporary Object On C'Way,Other,0,0,1,0,1,4,0,0,0,0,0,0
260327,Hospitalisation,2013,6,Angle,Multi-Vehicle,152.9275195,-27.60337621,Formation St,Industrial Ave,Wacol,Inala,Intersection - T-Junction,Give way sign,60 km/h,Sealed - Dry,Daylight,Curved - view open,Veh'S Adjacent Approach: Thru-Right,Intersection from adjacent approaches,0,1,0,0,1,2,0,0,0,0,0,0
260328,Hospitalisation,2013,14,Hit object,Single Vehicle,153.0347341,-27.50630042,Ipswich Rd,Victoria Tce,Annerley,South Brisbane,Intersection - T-Junction,No traffic control,60 km/h,Sealed - Dry,Daylight,Curved - view obscured,Off Path-Curve: Off Cway Rt Bend Hit Obj,Off carriageway on curve hit object,0,1,0,0,1,1,0,0,0,0,0,0
260336,Medical treatment,2013,16,Hit pedestrian,Hit pedestrian,153.08908,-27.561124,Newnham Rd,,Upper Mount Gravatt,Mansfield,No Roadway Feature,No traffic control,60 km/h,Sealed - Dry,Daylight,Straight,Ped'N: Hit By Vehicle Enter/Leave D'Way,Pedestrian,0,0,1,1,2,1,0,0,0,0,2,0
260337,Minor injury,2013,18,Rear-end,Multi-Vehicle,153.035866,-27.483682,Linton St,Main St,Kangaroo Point,South Brisbane,Intersection - T-Junction,Operating traffic lights,0 - 50 km/h,Sealed - Dry,Dawn/Dusk,Straight,Veh'S Same Direction: Rear End,Rear-end,0,0,0,2,2,1,0,1,0,0,0,0
260338,Medical treatment,2013,12,Angle,Multi-Vehicle,153.019091,-27.480745,Cordelia St,Ernest St,South Brisbane,South Brisbane,Intersection - Cross,Operating traffic lights,60 km/h,Sealed - Dry,Daylight,Straight,Veh'S Adjacant Approach: Thru-Left,Intersection from adjacent approaches,0,0,1,0,1,1,0,0,0,1,0,0
260339,Medical treatment,2013,15,Rear-end,Multi-Vehicle,153.04065,-27.497846,O'Keefe St,,Woolloongabba,South Brisbane,No Roadway Feature,No traffic control,60 km/h,Sealed - Dry,Daylight,Straight,Veh'S Same Direction: Rear End,Rear-end,0,0,1,0,1,2,0,0,0,0,0,0
260340,Medical treatment,2013,15,Sideswipe,Multi-Vehicle,153.0353672,-27.4997018,Ipswich Rd,,Woolloongabba,South Brisbane,No Roadway Feature,No traffic control,60 km/h,Sealed - Dry,Daylight,Straight,Veh'S Same Direction: Lane Change Left,Lane changes,0,0,1,0,1,1,0,1,0,0,0,0
260341,Hospitalisation,2013,21,Hit parked vehicle,Single Vehicle,153.1633087,-27.4591066,Wondall Rd,,Wynnum West,Lytton,No Roadway Feature,No traffic control,60 km/h,Sealed - Dry,Darkness - Lighted,Straight,Veh'S On Path: Parked,Hit parked vehicle,0,1,0,2,3,4,0,0,0,0,0,0
260351,Minor injury,2013,17,Rear-end,Multi-Vehicle,153.029353,-27.658933,Johnson Rd,,Parkinson,Algester,No Roadway Feature,No traffic control,70 km/h,Sealed - Dry,Darkness - Lighted,Straight,Veh'S Same Direction: Right Rear,Rear-end,0,0,0,1,1,3,0,0,0,0,0,0
260353,Minor injury,2013,12,Sideswipe,Multi-Vehicle,153.124532,-27.502797,Cleveland Sub-Arterial Rd,Gateway Arterial Rd,Belmont,Chatsworth,No Roadway Feature,No traffic control,100 - 110 km/h,Sealed - Dry,Daylight,Straight,Veh'S Same Direction: Lane Side Swipe,Lane changes,0,0,0,1,1,1,0,1,0,0,0,0
260386,Medical treatment,2013,11,Rear-end,Multi-Vehicle,152.972751,-27.572626,Boundary Rd,Rudd St,Oxley,Inala,Intersection - Roundabout,Give way sign,60 km/h,Sealed - Dry,Daylight,Straight,Veh'S Same Direction: Rear End,Rear-end,0,0,1,0,1,1,0,1,0,0,0,0
260387,Hospitalisation,2013,12,Rear-end,Multi-Vehicle,152.9363669,-27.55962212,Sumners Rd,,Jamboree Heights,Mount Ommaney,No Roadway Feature,No traffic control,60 km/h,Sealed - Dry,Daylight,Straight,Veh'S Same Direction: Rear End,Rear-end,0,1,0,0,1,2,0,0,0,0,0,0
260388,Hospitalisation,2013,7,Angle,Multi-Vehicle,152.9380033,-27.60495414,Tile St,,Wacol,Inala,No Roadway Feature,No traffic control,60 km/h,Sealed - Dry,Daylight,Straight,Veh'S Manoeuvring: Entering From Footway,Vehicle leaving driveway,0,1,0,0,1,2,0,0,0,0,0,0
260390,Minor injury,2013,9,Angle,Multi-Vehicle,152.974867,-27.582381,Japonica St,Rosemary St,Inala,Inala,Intersection - T-Junction,No traffic control,60 km/h,Sealed - Dry,Daylight,Straight,Veh'S Adjacent Approach: Right-Thru,Intersection from adjacent approaches,0,0,0,1,1,2,0,0,0,0,0,0
260392,Medical treatment,2013,13,Angle,Multi-Vehicle,153.087883,-27.457564,Junction Rd,Lytton Rd,Morningside,Bulimba,Intersection - Roundabout,Give way sign,60 km/h,Sealed - Dry,Daylight,Curved - view open,Veh'S Adjacent Approach: Thru-Thru,Intersection from adjacent approaches,0,0,1,0,1,2,0,0,0,0,0,0
260393,Hospitalisation,2013,10,Rear-end,Multi-Vehicle,153.0551134,-27.47451734,Wynnum Rd,,Norman Park,Bulimba,No Roadway Feature,No traffic control,60 km/h,Sealed - Dry,Daylight,Straight,Veh'S Same Direction: Rear End,Rear-end,0,1,0,0,1,3,0,0,0,0,0,0
260395,Medical treatment,2013,11,Rear-end,Multi-Vehicle,153.0069907,-27.53961233,Sherwood Rd,,Rocklea,Yeerongpilly,No Roadway Feature,No traffic control,60 km/h,Sealed - Dry,Daylight,Straight,Veh'S Same Direction: Rear End,Rear-end,0,0,1,0,1,2,0,1,0,0,0,0
260397,Medical treatment,2013,20,Rear-end,Multi-Vehicle,153.010921,-27.478936,Jane St,,West End,South Brisbane,No Roadway Feature,No traffic control,60 km/h,Sealed - Dry,Darkness - Not lighted,Straight,Veh'S Manoeuvring: Other,Other,0,0,1,0,1,2,0,0,0,0,0,0
260398,Medical treatment,2013,18,Rear-end,Multi-Vehicle,153.0313842,-27.48352393,South East Arterial Rd,,Kangaroo Point,South Brisbane,Intersection - Interchange,No traffic control,70 km/h,Sealed - Dry,Dawn/Dusk,Straight,Veh'S Same Direction: Rear End,Rear-end,0,0,1,0,1,2,0,0,0,0,0,0
260430,Minor injury,2013,3,Hit parked vehicle,Single Vehicle,153.061726,-27.49841,Cavendish Rd,,Coorparoo,Greenslopes,No Roadway Feature,No traffic control,60 km/h,Sealed - Dry,Darkness - Lighted,Straight,Veh'S On Path: Parked,Hit parked vehicle,0,0,0,1,1,3,0,0,0,0,0,0
260431,Medical treatment,2013,8,Sideswipe,Multi-Vehicle,153.0380975,-27.54612749,Evans Rd,,Salisbury,Yeerongpilly,Median Opening,No traffic control,60 km/h,Sealed - Dry,Daylight,Straight,Veh'S Same Direction: Lane Change Right,Lane changes,0,0,1,0,1,2,0,0,0,0,0,0
260432,Hospitalisation,2013,16,Rear-end,Multi-Vehicle,152.982265,-27.52790681,Oxley Rd,,Sherwood,Indooroopilly,No Roadway Feature,No traffic control,60 km/h,Sealed - Dry,Daylight,Straight,Veh'S Same Direction: Rear End,Rear-end,0,2,0,0,2,1,0,0,0,2,0,0
260461,Medical treatment,2013,10,Angle,Multi-Vehicle,153.058483,-27.611593,Chateau St,Compton Rd,Sunnybank Hills,Stretton,Intersection - Cross,Operating traffic lights,60 km/h,Sealed - Dry,Daylight,Straight,Veh'S Manoeuvring: Leaving Driveway,Vehicle leaving driveway,0,0,2,0,2,2,0,0,0,0,0,0
260467,Hospitalisation,2013,17,Hit pedestrian,Hit pedestrian,152.958394,-27.61035897,Forest Lake Blvd,Woogaroo St,Forest Lake,Inala,Intersection - Cross,Operating traffic lights,60 km/h,Sealed - Dry,Daylight,Straight,Ped'N: Near Side Vehicle Hit From Right,Pedestrian,0,1,0,0,1,1,0,0,0,0,1,0
260469,Medical treatment,2013,7,Angle,Multi-Vehicle,153.019242,-27.543787,Evans Rd,Gladstone St,Moorooka,Yeerongpilly,Intersection - T-Junction,Give way sign,60 km/h,Sealed - Dry,Daylight,Curved - view open,Veh'S Adjacent Approach: Thru-Right,Intersection from adjacent approaches,0,0,1,0,1,1,1,0,0,0,0,0
260502,Medical treatment,2013,17,Sideswipe,Multi-Vehicle,153.0262187,-27.64385135,Logan Mwy,,Parkinson,Algester,No Roadway Feature,No traffic control,80 - 90 km/h,Sealed - Dry,Darkness - Not lighted,Straight,Veh'S Same Direction: Lane Change Left,Lane changes,0,0,1,0,1,1,0,1,0,0,0,0
260504,Medical treatment,2013,8,Rear-end,Multi-Vehicle,152.9377291,-27.5798282,Cunningham Arterial Rd,,Wacol,Inala,No Roadway Feature,No traffic control,100 - 110 km/h,Sealed - Dry,Daylight,Straight,Veh'S Same Direction: Rear End,Rear-end,0,0,1,0,1,2,0,0,0,0,0,0
260505,Medical treatment,2013,18,Angle,Multi-Vehicle,153.054868,-27.60883,Calam Rd,Honeywood St,Sunnybank Hills,Stretton,Intersection - T-Junction,Operating traffic lights,0 - 50 km/h,Sealed - Dry,Darkness - Lighted,Straight,Veh'S Manoeuvring: Entering From Footway,Vehicle leaving driveway,0,0,1,0,1,1,0,0,0,1,0,0
260506,Hospitalisation,2013,15,Angle,Multi-Vehicle,153.0197068,-27.57219451,Kerry Rd,,Archerfield,Sunnybank,No Roadway Feature,No traffic control,60 km/h,Sealed - Dry,Daylight,Straight,Veh'S Manoeuvring: Leaving Driveway,Vehicle leaving driveway,0,1,0,0,1,1,1,0,0,0,0,0
260510,Hospitalisation,2013,8,Fall from vehicle,Single Vehicle,153.0091522,-27.47592771,Montague Rd,,West End,South Brisbane,No Roadway Feature,No traffic control,60 km/h,Sealed - Dry,Daylight,Straight,Off Path-Straight:Out Of Control On Cway,Out of control on straight,0,1,0,0,1,0,1,0,0,0,0,0
260550,Medical treatment,2013,17,Angle,Multi-Vehicle,152.94748,-27.561367,Westcombe St,,Darra,Mount Ommaney,No Roadway Feature,No traffic control,60 km/h,Sealed - Dry,Dawn/Dusk,Straight,Veh'S Same Direction: Right Turn S/Swipe,Parallel lanes turning,0,0,1,0,1,2,0,0,0,0,0,0
260551,Hospitalisation,2013,8,Sideswipe,Multi-Vehicle,152.9466469,-27.57638203,Cunningham Arterial Rd,,Darra,Inala,No Roadway Feature,No traffic control,80 - 90 km/h,Sealed - Dry,Daylight,Straight,Veh'S Same Direction: Lane Change Left,Lane changes,0,1,0,0,1,1,0,1,0,0,0,0
260554,Minor injury,2013,16,Fall from vehicle,Single Vehicle,153.0772258,-27.46696302,Wynnum Rd,,Morningside,Bulimba,Intersection - Cross,No traffic control,60 km/h,Sealed - Dry,Daylight,Curved - view open,Veh'S Same Direction: Left Turn S/Swipe,Parallel lanes turning,0,0,0,1,1,0,0,0,1,1,0,0
260555,Medical treatment,2013,15,Sideswipe,Multi-Vehicle,153.022048,-27.479098,Ernest St,Grey St,South Brisbane,South Brisbane,Bikeway,No traffic control,60 km/h,Sealed - Dry,Daylight,Straight,Off Path-Straight: Left Off Cway Hit Obj,Off carriageway on straight hit object,0,0,1,0,1,1,0,0,0,1,0,0
260590,Hospitalisation,2013,14,Angle,Multi-Vehicle,153.0548574,-27.47489134,Norman Ave,,Norman Park,Bulimba,No Roadway Feature,No traffic control,60 km/h,Sealed - Dry,Daylight,Curved - view open,Veh'S Opposite Approach: U-Turn,U-turn,0,2,0,0,2,2,0,0,0,0,0,0
260591,Medical treatment,2013,17,Hit parked vehicle,Single Vehicle,153.0781171,-27.47221999,Richmond Rd,,Morningside,Bulimba,No Roadway Feature,No traffic control,60 km/h,Sealed - Dry,Daylight,Straight,Veh'S On Path: Parked,Hit parked vehicle,0,0,1,0,1,3,0,1,0,0,0,0
260593,Medical treatment,2013,15,Rear-end,Multi-Vehicle,153.086784,-27.567957,Pacific Hwy,South East Arterial Rd,Macgregor,Mansfield,No Roadway Feature,No traffic control,60 km/h,Sealed - Dry,Dawn/Dusk,Straight,Veh'S Same Direction: Rear End,Rear-end,0,0,1,0,1,3,0,0,0,0,0,0
260594,Hospitalisation,2013,7,Rear-end,Multi-Vehicle,153.084093,-27.59463404,Pine St,Warrigal Rd,Runcorn,Stretton,Intersection - T-Junction,No traffic control,60 km/h,Sealed - Dry,Daylight,Straight,Veh'S Same Direction: Right Rear,Rear-end,0,1,0,0,1,2,0,0,0,0,0,0