Crash_Ref_Number,Severity,Year,Hour,Crash_Nature,Crash_Type,Longitude,Latitude,Street,Street_Intersecting,Suburb,Loc_State_Electorate,Crash_Roadway_Feature,Crash_Traffic_Control,Crash_Speed_Limit,Crash_Road_Surface_Condition,Crash_Lighting_Condition,Crash_Road_Horiz_Align,Crash_DCA_Description,Crash_DCA_Group_Description,Count_Casualty_Fatality,Count_Casualty_Hospitalised,Count_Casualty_MedicallyTreated,Count_Casualty_MinorInjury,Count_Casualty_Total,Count_Unit_Car,Count_Unit_Motorcycle_Moped,Count_Unit_Truck,Count_Unit_Bus,Count_Unit_Bicycle,Count_Unit_Pedestrian,Count_Unit_Other
260629,Medical treatment,2013,20,Rear-end,Multi-Vehicle,153.030768,-27.514119,Ipswich Rd,,Annerley,Yeerongpilly,No Roadway Feature,No traffic control,60 km/h,Sealed - Dry,Darkness - Lighted,Straight,Veh'S Same Direction: Rear End,Rear-end,0,0,1,0,1,3,0,0,0,0,0,0
260630,Medical treatment,2013,7,Angle,Multi-Vehicle,153.078337,-27.487415,Perth St,Wiles St,Camp Hill,Bulimba,Intersection - Cross,Give way sign,60 km/h,Sealed - Dry,Daylight,Straight,Veh'S Adjacent Approach: Thru-Thru,Intersection from adjacent approaches,0,0,1,0,1,2,0,0,0,0,0,0
260633,Medical treatment,2013,15,Angle,Multi-Vehicle,153.098582,-27.533229,Mingera St,Wecker Rd,Mansfield,Mansfield,Intersection - T-Junction,Stop sign,60 km/h,Sealed - Dry,Daylight,Straight,Veh'S Adjacent Approach: Thru-Right,Intersection from adjacent approaches,0,0,2,0,2,2,0,0,0,0,0,0
260635,Medical treatment,2013,17,Angle,Multi-Vehicle,153.04064,-27.557257,Kessels Rd,Orange Grove Rd,Salisbury,Yeerongpilly,Intersection - T-Junction,Operating traffic lights,60 km/h,Sealed - Dry,Daylight,Straight,Veh'S Opposite Approach: Thru-Right,Opposing vehicles turning,0,0,1,0,1,1,1,0,0,0,0,0
260636,Medical treatment,2013,9,Rear-end,Multi-Vehicle,153.100368,-27.470051,Northcliffe St,Wynnum Rd,Murarrie,Bulimba,Intersection - T-Junction,Operating traffic lights,60 km/h,Sealed - Dry,Daylight,Straight,Veh'S Same Direction: Rear End,Rear-end,0,0,2,0,2,2,0,0,0,0,0,0
260637,Medical treatment,2013,15,Angle,Multi-Vehicle,153.093228,-27.468977,Southgate Ave,Wynnum Rd,Cannon Hill,Bulimba,Intersection - Cross,Operating traffic lights,60 km/h,Sealed - Dry,Daylight,Straight,Veh'S Opposite Approach: Thru-Right,Opposing vehicles turning,0,0,2,1,3,1,0,1,0,0,0,0
260638,Hospitalisation,2013,10,Angle,Multi-Vehicle,153.0109917,-27.54342754,Fairfield Rd,,Rocklea,Yeerongpilly,No Roadway Feature,No traffic control,60 km/h,Sealed - Dry,Daylight,Straight,Veh'S Manoeuvring: Leaving Driveway,Vehicle leaving driveway,0,1,0,0,1,1,1,0,0,0,0,0
260639,Medical treatment,2013,7,Angle,Multi-Vehicle,153.013938,-27.487381,Colton St,Dornoch Tce,Highgate Hill,South Brisbane,Intersection - T-Junction,No traffic control,60 km/h,Sealed - Dry,Daylight,Straight,Veh'S Same Direction: Right Turn S/Swipe,Parallel lanes turning,0,0,1,0,1,1,0,0,0,1,0,0
260650,Hospitalisation,2013,18,Angle,Multi-Vehicle,153.0365142,-27.66013026,Johnson Rd,Mt Lindesay Hwy On Ramp,Parkinson,Algester,Intersection - Interchange,Operating traffic lights,60 km/h,Sealed - Dry,Dawn/Dusk,Straight,Veh'S Opposite Approach: Thru-Right,Opposing vehicles turning,0,1,0,0,1,2,0,0,0,0,0,0
260670,Hospitalisation,2013,13,Angle,Multi-Vehicle,152.9288014,-27.59649921,Campbell Ave,Industrial Ave,Wacol,Inala,Intersection - Cross,Give way sign,60 km/h,Sealed - Dry,Daylight,Straight,Veh'S Adjacent Approach: Thru-Thru,Intersection from adjacent approaches,0,2,0,0,2,1,0,1,0,0,0,0
260671,Minor injury,2013,16,Fall from vehicle,Single Vehicle,153.082519,-27.493195,Old Cleveland Rd,,Camp Hill,Greenslopes,No Roadway Feature,No traffic control,60 km/h,Sealed - Dry,Daylight,Straight,Off Path-Straight:Out Of Control On Cway,Out of control on straight,0,0,0,1,1,1,0,0,0,1,0,0
260676,Hospitalisation,2013,13,Rear-end,Multi-Vehicle,153.0747688,-27.56191711,Griffith Arterial Rd,,Macgregor,Sunnybank,No Roadway Feature,No traffic control,60 km/h,Sealed - Dry,Daylight,Straight,Veh'S Same Direction: Rear End,Rear-end,0,1,0,0,1,2,0,0,0,0,0,0
260701,Hospitalisation,2013,13,Angle,Multi-Vehicle,152.9543127,-27.56584298,Manburgh Tce,Railway Pde,Darra,Inala,Intersection - T-Junction,Give way sign,60 km/h,Sealed - Dry,Daylight,Straight,Veh'S Adjacent Approach: Thru-Right,Intersection from adjacent approaches,0,1,1,0,2,2,0,0,0,0,0,0
260704,Medical treatment,2013,20,Angle,Multi-Vehicle,153.039526,-27.563231,Musgrave Rd,Orange Grove Rd,Coopers Plains,Sunnybank,Intersection - Cross,Operating traffic lights,60 km/h,Sealed - Dry,Darkness - Lighted,Straight,Veh'S Opposite Approach: Thru-Right,Opposing vehicles turning,0,0,2,0,2,2,0,0,0,0,0,0
260738,Medical treatment,2013,9,Rear-end,Multi-Vehicle,153.10056,-27.498682,Old Cleveland Rd,,Carina,Chatsworth,No Roadway Feature,No traffic control,60 km/h,Sealed - Dry,Daylight,Straight,Veh'S Same Direction: Rear End,Rear-end,0,0,1,0,1,2,0,0,0,0,0,0
260740,Medical treatment,2013,13,Angle,Multi-Vehicle,153.053952,-27.497398,Fifth Ave,Old Cleveland Rd,Coorparoo,South Brisbane,Intersection - Cross,Operating traffic lights,60 km/h,Sealed - Dry,Daylight,Straight,Veh'S Adjacent Approach: Thru-Right,Intersection from adjacent approaches,0,0,1,0,1,2,0,0,0,0,0,0
260741,Hospitalisation,2013,15,Hit pedestrian,Hit pedestrian,153.0893644,-27.53530407,Creek Rd,,Mount Gravatt East,Mansfield,No Roadway Feature,No traffic control,60 km/h,Sealed - Dry,Daylight,Straight,Ped'N: Near Side Vehicle Hit From Right,Pedestrian,0,1,0,0,1,1,0,0,0,0,1,0
260743,Hospitalisation,2013,15,Rear-end,Multi-Vehicle,153.0724132,-27.4736572,Wickham St,,Morningside,Bulimba,No Roadway Feature,No traffic control,0 - 50 km/h,Sealed - Dry,Daylight,Straight,Veh'S Same Direction: Rear End,Rear-end,0,1,0,0,1,2,0,0,0,0,0,0
260744,Hospitalisation,2013,15,Sideswipe,Multi-Vehicle,153.0692742,-27.47048023,Wynnum Rd,,Morningside,Bulimba,Merge Lane,No traffic control,60 km/h,Sealed - Dry,Daylight,Curved - view open,Veh'S Same Direction: Lane Side Swipe,Lane changes,0,1,0,0,1,0,0,1,0,1,0,0
260772,Hospitalisation,2013,18,Angle,Multi-Vehicle,153.0663314,-27.61094112,Compton Rd,Condamine St,Runcorn,Stretton,Intersection - T-Junction,Give way sign,70 km/h,Sealed - Dry,Darkness - Lighted,Curved - view open,Veh'S Adjacant Approach: Thru-Left,Intersection from adjacent approaches,0,1,1,0,2,2,0,0,0,0,0,0
260773,Medical treatment,2013,8,Angle,Multi-Vehicle,153.124011,-27.503881,Cleveland Sub-Arterial Rd,Gateway Art Rd Ramp Va,Belmont,Chatsworth,Intersection - Interchange,Operating traffic lights,60 km/h,Sealed - Dry,Daylight,Curved - view open,Veh'S Adjacent Approach: Thru-Thru,Intersection from adjacent approaches,0,0,2,0,2,2,0,0,0,0,0,0
260775,Hospitalisation,2013,15,Angle,Multi-Vehicle,152.9716333,-27.55346887,Blackheath Rd,Seventeen Mile Rocks Rd,Oxley,Mount Ommaney,Intersection - T-Junction,Give way sign,60 km/h,Sealed - Dry,Daylight,Straight,Veh'S Adjacent Approach: Thru-Right,Intersection from adjacent approaches,0,1,0,0,1,2,0,0,0,0,0,0
260777,Medical treatment,2013,16,Rear-end,Multi-Vehicle,153.097622,-27.544372,Broadwater Rd,,Mansfield,Mansfield,No Roadway Feature,No traffic control,60 km/h,Sealed - Dry,Daylight,Straight,Veh'S Same Direction: Rear End,Rear-end,0,0,1,0,1,3,0,0,0,0,0,0
260778,Hospitalisation,2013,15,Head-on,Multi-Vehicle,153.122031,-27.53943485,Mt Petrie Rd,,Mackenzie,Mansfield,No Roadway Feature,No traffic control,60 km/h,Sealed - Dry,Daylight,Straight,Veh'S Opposite Approach: Head On,Head-on,0,2,0,0,2,2,0,0,0,0,0,0
260779,Medical treatment,2013,8,Angle,Multi-Vehicle,153.127712,-27.491005,Barada St,Belmont Rd,Belmont,Chatsworth,Intersection - T-Junction,Stop sign,60 km/h,Sealed - Dry,Daylight,Straight,Veh'S Adjacent Approach: Thru-Right,Intersection from adjacent approaches,0,0,1,0,1,2,0,0,0,0,0,0
260804,Hospitalisation,2013,18,Hit pedestrian,Hit pedestrian,153.0492307,-27.62377821,Kameruka St,,Calamvale,Stretton,No Roadway Feature,No traffic control,60 km/h,Sealed - Dry,Darkness - Lighted,Straight,Ped'N: Near Side Vehicle Hit From Right,Pedestrian,0,1,0,0,1,1,0,0,0,0,1,0
260805,Hospitalisation,2013,10,Angle,Multi-Vehicle,153.040718,-27.50433038,Earl St,Juliette St,Greenslopes,South Brisbane,Intersection - Cross,Operating traffic lights,60 km/h,Sealed - Dry,Daylight,Straight,Veh'S Adjacent Approach: Thru-Thru,Intersection from adjacent approaches,0,1,0,0,1,2,0,0,0,0,0,0
260807,Medical treatment,2013,22,Angle,Multi-Vehicle,153.096272,-27.469435,Creek Rd,Wynnum Rd,Cannon Hill,Bulimba,Intersection - Cross,Operating traffic lights,60 km/h,Sealed - Dry,Darkness - Lighted,Straight,Veh'S Adjacent Approach: Thru-Thru,Intersection from adjacent approaches,0,0,1,0,1,2,0,0,0,0,0,0
260808,Hospitalisation,2013,22,Hit object,Single Vehicle,153.1565108,-27.45169163,New Lindum Rd,Wynnum Rd,Wynnum West,Lytton,Intersection - T-Junction,No traffic control,60 km/h,Sealed - Dry,Darkness - Lighted,Straight,Off Path-Straight: Other,Other,0,1,0,0,1,1,0,0,0,0,0,0
260847,Medical treatment,2013,19,Rear-end,Multi-Vehicle,153.028862,-27.518496,Ipswich Rd,,Annerley,Yeerongpilly,No Roadway Feature,No traffic control,60 km/h,Sealed - Dry,Darkness - Lighted,Curved - view open,Veh'S Same Direction: Rear End,Rear-end,0,0,2,0,2,3,0,0,0,0,0,0
260848,Medical treatment,2013,13,Sideswipe,Multi-Vehicle,153.044293,-27.498512,Logan Rd,,Greenslopes,South Brisbane,No Roadway Feature,No traffic control,60 km/h,Sealed - Dry,Daylight,Straight,Veh'S Same Direction: Lane Change Left,Lane changes,0,0,1,0,1,2,0,0,0,0,0,0
260849,Hospitalisation,2013,8,Angle,Multi-Vehicle,153.0493937,-27.49485134,Main Ave,Ninth Ave,Coorparoo,South Brisbane,Intersection - T-Junction,Give way sign,60 km/h,Sealed - Dry,Daylight,Curved - view open,Veh'S Adjacent Approach: Thru-Right,Intersection from adjacent approaches,0,1,0,0,1,2,0,0,0,0,0,0
260852,Hospitalisation,2013,18,Angle,Multi-Vehicle,152.970986,-27.62718584,Forest Lake Blvd,Grand Ave,Forest Lake,Algester,Intersection - Cross,Operating traffic lights,60 km/h,Sealed - Dry,Darkness - Lighted,Straight,Veh'S Opposite Approach: Thru-Right,Opposing vehicles turning,0,1,0,0,1,2,0,0,0,0,0,0
260855,Medical treatment,2013,22,Angle,Multi-Vehicle,153.040348,-27.558825,Griffith Arterial Rd,Orange Grove Rd,Salisbury,Yeerongpilly,Intersection - Cross,Operating traffic lights,60 km/h,Sealed - Dry,Darkness - Lighted,Curved - view open,Veh'S Opposite Approach: Thru-Right,Opposing vehicles turning,0,0,1,0,1,2,0,0,0,0,0,0
260858,Medical treatment,2013,11,Rear-end,Multi-Vehicle,153.090132,-27.555427,Newnham Rd,Redland Sub-Arterial Rd,Upper Mount Gravatt,Mansfield,Intersection - T-Junction,No traffic control,60 km/h,Sealed - Dry,Daylight,Curved - view open,Veh'S Same Direction: Left Rear,Rear-end,0,0,1,0,1,2,0,0,0,0,0,0
260859,Medical treatment,2013,5,Angle,Multi-Vehicle,153.035676,-27.47643567,Main St,River Tce,Kangaroo Point,South Brisbane,Intersection - T-Junction,Operating traffic lights,60 km/h,Sealed - Dry,Dawn/Dusk,Straight,Veh'S Same Direction: Lane Change Left,Lane changes,0,0,1,0,1,1,1,0,0,0,0,0
260883,Medical treatment,2013,14,Rear-end,Multi-Vehicle,153.03468,-27.618512,Algester Rd,Ormskirk St,Calamvale,Stretton,Intersection - T-Junction,No traffic control,60 km/h,Sealed - Dry,Daylight,Straight,Veh'S Same Direction: Left Rear,Rear-end,0,0,1,0,1,2,0,0,0,0,0,0
260884,Medical treatment,2013,17,Angle,Multi-Vehicle,153.061397,-27.6148597,Gowan Rd,,Stretton,Stretton,No Roadway Feature,No traffic control,60 km/h,Sealed - Dry,Dawn/Dusk,Straight,Veh'S Manoeuvring: Other,Other,0,0,1,0,1,1,0,0,0,0,0,1
260885,Hospitalisation,2013,18,Hit pedestrian,Hit pedestrian,153.0137148,-27.55751455,Griffith Arterial Rd,,Archerfield,Sunnybank,No Roadway Feature,No traffic control,60 km/h,Sealed - Dry,Darkness - Lighted,Straight,Ped'N: Far Side Vehicle Hit From Left,Pedestrian,0,1,0,0,1,1,0,0,0,0,1,0
260890,Medical treatment,2013,18,Sideswipe,Multi-Vehicle,153.014567,-27.474147,Cordelia St,,South Brisbane,South Brisbane,No Roadway Feature,No traffic control,60 km/h,Sealed - Dry,Darkness - Lighted,Straight,Veh'S Same Direction: Lane Change Right,Lane changes,0,0,1,0,1,2,0,0,0,0,0,0
260896,Fatal,2013,21,Hit object,Single Vehicle,153.1623045,-27.56858858,Alperton Rd,,Burbank,Mansfield,No Roadway Feature,No traffic control,60 km/h,Sealed - Dry,Darkness - Not lighted,Straight,Off Path-Straight:Right Off Cway Hit Obj,Off carriageway on straight hit object,1,0,0,0,1,1,0,0,0,0,0,0
260927,Minor injury,2013,10,Angle,Multi-Vehicle,152.974004,-27.578222,Freeman Rd,Rudd St,Inala,Inala,Intersection - Roundabout,Give way sign,60 km/h,Sealed - Dry,Daylight,Straight,Veh'S Adjacent Approach: Thru-Thru,Intersection from adjacent approaches,0,0,0,1,1,2,0,0,0,0,0,0
260928,Medical treatment,2013,12,Rear-end,Multi-Vehicle,152.928013,-27.589828,Progress Rd,,Wacol,Inala,No Roadway Feature,No traffic control,60 km/h,Sealed - Dry,Daylight,Straight,Veh'S Same Direction: Rear End,Rear-end,0,0,1,0,1,1,0,1,0,0,0,0
260929,Hospitalisation,2013,11,Rear-end,Multi-Vehicle,153.0318362,-27.51175743,Ipswich Rd,,Annerley,Yeerongpilly,No Roadway Feature,No traffic control,60 km/h,Sealed - Dry,Daylight,Straight,Veh'S Same Direction: Rear End,Rear-end,0,1,0,1,2,3,0,0,0,0,0,0
260931,Medical treatment,2013,13,Angle,Multi-Vehicle,153.04968,-27.564597,Musgrave Rd,Troughton Rd,Coopers Plains,Sunnybank,Intersection - Cross,Operating traffic lights,60 km/h,Sealed - Dry,Daylight,Straight,Veh'S Opposite Approach: Thru-Right,Opposing vehicles turning,0,0,1,0,1,2,0,0,0,0,0,0
260932,Hospitalisation,2013,10,Angle,Multi-Vehicle,153.0002754,-27.48805473,Montague Rd,,West End,South Brisbane,No Roadway Feature,No traffic control,60 km/h,Sealed - Dry,Daylight,Straight,Veh'S Manoeuvring: Leaving Driveway,Vehicle leaving driveway,0,1,0,0,1,2,0,0,0,0,0,0
260933,Fatal,2013,7,Hit object,Single Vehicle,153.027365,-27.49169252,Annerley Rd,Park Rd,Dutton Park,South Brisbane,Intersection - T-Junction,Operating traffic lights,60 km/h,Sealed - Dry,Daylight,Straight,Veh'S Same Direction: Lane Side Swipe,Lane changes,1,0,0,0,1,0,0,1,0,1,0,0
260934,Hospitalisation,2013,10,Angle,Multi-Vehicle,153.1533309,-27.45709566,Ropley Rd,Wynnum Rd,Wynnum West,Lytton,Intersection - T-Junction,Give way sign,0 - 50 km/h,Sealed - Dry,Daylight,Straight,Veh'S Manoeuvring: Entering From Footway,Vehicle leaving driveway,0,1,0,0,1,2,0,0,0,0,1,0
260935,Hospitalisation,2013,14,Angle,Multi-Vehicle,153.1802395,-27.4628445,Whites Rd,,Manly West,Lytton,No Roadway Feature,No traffic control,60 km/h,Sealed - Dry,Daylight,Straight,Veh'S Same Direction: Right Turn S/Swipe,Parallel lanes turning,0,1,0,0,1,2,0,0,0,0,0,0
260940,Hospitalisation,2013,4,Hit object,Single Vehicle,152.9626502,-27.63506191,Johnson Rd,,Forest Lake,Algester,No Roadway Feature,No traffic control,80 - 90 km/h,Sealed - Dry,Darkness - Lighted,Curved - view open,Off Path-Curve: Other,Other,0,1,0,0,1,1,0,0,0,0,0,0
260965,Minor injury,2013,6,Rear-end,Multi-Vehicle,153.062391,-27.611438,Compton Rd,,Stretton,Stretton,No Roadway Feature,No traffic control,60 km/h,Sealed - Dry,Daylight,Straight,Veh'S Same Direction: Rear End,Rear-end,0,0,0,2,2,2,0,0,0,0,0,0
260966,Hospitalisation,2013,7,Hit object,Single Vehicle,152.9260663,-27.58965721,Cunningham Arterial Rd,,Wacol,Inala,No Roadway Feature,No traffic control,100 - 110 km/h,Sealed - Dry,Daylight,Straight,Off Path-Straight: Left Off Cway Hit Obj,Off carriageway on straight hit object,0,1,0,0,1,1,0,0,0,0,0,0
260967,Minor injury,2013,17,Angle,Multi-Vehicle,153.019522,-27.588343,Elizabeth St,Watson Rd,Acacia Ridge,Sunnybank,Intersection - T-Junction,No traffic control,0 - 50 km/h,Sealed - Dry,Darkness - Lighted,Straight,Pass & Misc: Vehicle Movements Not Known,Other,0,0,0,1,1,1,1,0,0,0,0,0
260969,Hospitalisation,2013,19,Angle,Multi-Vehicle,153.1007326,-27.58479498,Gateway Art Rd Off Ramp,Logan Sub-Arterial Rd,Eight Mile Plains,Stretton,Intersection - Interchange,Operating traffic lights,70 km/h,Sealed - Dry,Darkness - Lighted,Straight,Veh'S Adjacent Approach: Thru-Thru,Intersection from adjacent approaches,0,1,0,0,1,2,0,0,0,0,0,0
261000,Hospitalisation,2013,15,Hit object,Single Vehicle,152.958519,-27.61377595,Kauri Pl,,Forest Lake,Inala,No Roadway Feature,No traffic control,0 - 50 km/h,Sealed - Dry,Daylight,Straight,Pass & Misc: Other,Other,0,1,0,0,1,1,0,0,0,0,1,0
261001,Medical treatment,2013,12,Rear-end,Multi-Vehicle,152.969117,-27.596635,Poinsettia St,,Inala,Inala,No Roadway Feature,No traffic control,60 km/h,Sealed - Dry,Daylight,Straight,Veh'S Same Direction: Rear End,Rear-end,0,0,1,0,1,1,0,1,0,0,0,0
261004,Hospitalisation,2013,7,Angle,Multi-Vehicle,153.0702172,-27.46881422,Ison St,Thynne Rd,Morningside,Bulimba,Intersection - T-Junction,Stop sign,60 km/h,Sealed - Dry,Daylight,Straight,Veh'S Adjacent Approach: Thru-Right,Intersection from adjacent approaches,0,1,0,0,1,1,1,0,0,0,0,0
261005,Hospitalisation,2013,15,Sideswipe,Multi-Vehicle,153.1077054,-27.57118194,Gateway Arterial Rd,,Rochedale,Mansfield,No Roadway Feature,No traffic control,100 - 110 km/h,Sealed - Dry,Daylight,Straight,Veh'S Same Direction: Lane Change Left,Lane changes,0,1,0,0,1,1,0,1,0,0,0,0
261024,Hospitalisation,2013,16,Sideswipe,Multi-Vehicle,153.0241957,-27.56836246,Boundary Rd,Mt Lindesay Art. Rd,Coopers Plains,Sunnybank,Intersection - Cross,Operating traffic lights,60 km/h,Sealed - Dry,Daylight,Straight,Veh'S Same Direction: Right Turn S/Swipe,Parallel lanes turning,0,1,0,0,1,1,1,0,0,0,0,0
261025,Hospitalisation,2013,18,Angle,Multi-Vehicle,153.0243172,-27.50569451,Home St,Victoria St,Fairfield,Yeerongpilly,Intersection - Cross,Give way sign,60 km/h,Sealed - Dry,Darkness - Lighted,Straight,Veh'S Adjacent Approach: Right-Thru,Intersection from adjacent approaches,0,1,0,0,1,1,1,0,0,0,0,0
261029,Minor injury,2013,8,Rear-end,Multi-Vehicle,153.052805,-27.52143,South East Arterial Rd,,Holland Park West,Yeerongpilly,No Roadway Feature,No traffic control,100 - 110 km/h,Sealed - Dry,Daylight,Straight,Veh'S Same Direction: Rear End,Rear-end,0,0,0,1,1,2,0,0,0,0,0,0
261038,Medical treatment,2013,8,Angle,Multi-Vehicle,153.180845,-27.48649629,Chelsea Rd,Rickertt Rd,Ransome,Chatsworth,Intersection - Cross,No traffic control,80 - 90 km/h,Sealed - Dry,Daylight,Straight,Veh'S Same Direction: Left Turn S/Swipe,Parallel lanes turning,0,0,1,0,1,1,1,0,0,0,0,0
261078,Hospitalisation,2013,18,Angle,Multi-Vehicle,153.0757983,-27.50022016,Boundary Rd,Samuel St,Camp Hill,Greenslopes,Intersection - Cross,Operating traffic lights,60 km/h,Sealed - Dry,Darkness - Lighted,Straight,Veh'S Opposite Approach: Thru-Right,Opposing vehicles turning,0,1,1,0,2,2,0,0,0,0,0,0
261080,Medical treatment,2013,14,Angle,Multi-Vehicle,153.055294,-27.525777,Birdwood Rd,Marshall Rd,Tarragindi,Yeerongpilly,Intersection - Cross,Operating traffic lights,60 km/h,Sealed - Dry,Daylight,Straight,Veh'S Adjacent Approach: Thru-Thru,Intersection from adjacent approaches,0,0,1,0,1,2,0,0,0,0,0,0
261082,Medical treatment,2013,9,Rear-end,Multi-Vehicle,152.9797514,-27.56610913,Blunder Rd,,Oxley,Mount Ommaney,Intersection - Roundabout,Give way sign,60 km/h,Sealed - Dry,Daylight,Curved - view open,Veh'S Same Direction: Right Rear,Rear-end,0,0,1,0,1,2,0,0,0,0,0,0
261084,Hospitalisation,2013,18,Rear-end,Multi-Vehicle,153.1026558,-27.60708595,Beenleigh Rd,,Kuraby,Stretton,No Roadway Feature,No traffic control,60 km/h,Sealed - Dry,Darkness - Lighted,Straight,Veh'S Same Direction: Rear End,Rear-end,0,1,0,1,2,4,0,0,0,0,0,0
261085,Hospitalisation,2013,7,Hit object,Single Vehicle,153.1637165,-27.42711759,Tingal Rd,Wynnum North Rd,Wynnum,Lytton,Intersection - Roundabout,Give way sign,60 km/h,Sealed - Dry,Daylight,Curved - view open,Off Path-Curve: Mounts Traffic Island,Off carriageway on curve hit object,0,1,0,0,1,0,1,0,0,0,0,0
261114,Medical treatment,2013,19,Hit object,Single Vehicle,152.98619,-27.612949,Crossacres St,,Doolandella,Inala,Intersection - Cross,Operating traffic lights,70 km/h,Sealed - Dry,Darkness - Lighted,Straight,Off Path-Straight:Right Off Cway Hit Obj,Off carriageway on straight hit object,0,0,1,0,1,1,0,0,0,0,0,0
261115,Medical treatment,2013,11,Rear-end,Multi-Vehicle,153.097277,-27.464303,Creek Rd,Edge St,Murarrie,Bulimba,Intersection - Cross,Operating traffic lights,60 km/h,Sealed - Dry,Darkness - Lighted,Straight,Veh'S Same Direction: Right Rear,Rear-end,0,0,2,0,2,1,0,1,0,0,0,0
261118,Medical treatment,2013,15,Angle,Multi-Vehicle,153.065541,-27.563693,Mains Rd,Pickett St,Macgregor,Sunnybank,Intersection - T-Junction,No traffic control,60 km/h,Sealed - Dry,Daylight,Straight,Veh'S Opposite Approach: Thru-Right,Opposing vehicles turning,0,0,1,0,1,3,0,0,0,0,0,0
261119,Medical treatment,2013,11,Head-on,Multi-Vehicle,153.0450715,-27.48349623,Northcote St,,East Brisbane,South Brisbane,No Roadway Feature,No traffic control,0 - 50 km/h,Sealed - Dry,Daylight,Straight,Veh'S Opposite Approach: Head On,Head-on,0,0,1,0,1,2,0,0,0,0,0,0
261120,Hospitalisation,2013,14,Sideswipe,Multi-Vehicle,153.1553828,-27.45409564,Carmichael Ct,Wynnum Rd,Wynnum West,Lytton,Intersection - T-Junction,No traffic control,60 km/h,Sealed - Dry,Daylight,Straight,Veh'S Same Direction: Right Turn S/Swipe,Parallel lanes turning,0,1,0,0,1,1,1,0,0,0,0,0
261121,Hospitalisation,2013,5,Head-on,Multi-Vehicle,153.1136025,-27.47284392,Murarrie Rd,Wynnum Rd,Tingalpa,Chatsworth,Intersection - T-Junction,No traffic control,70 km/h,Sealed - Dry,Darkness - Lighted,Straight,Veh'S Opposite Approach: Thru-Right,Opposing vehicles turning,0,1,0,1,2,1,0,1,0,0,0,0
261150,Medical treatment,2013,13,Rear-end,Multi-Vehicle,153.035909,-27.65558,Sandstone Pl,,Parkinson,Algester,No Roadway Feature,No traffic control,0 - 50 km/h,Sealed - Dry,Daylight,Straight,Veh'S Manoeuvring: Reversing,Hit parked vehicle,0,0,1,0,1,1,0,1,0,0,0,0
261154,Medical treatment,2013,12,Sideswipe,Multi-Vehicle,153.091166,-27.549724,Newnham Rd,,Upper Mount Gravatt,Mansfield,No Roadway Feature,No traffic control,60 km/h,Sealed - Dry,Daylight,Straight,Veh'S Same Direction: Lane Change Left,Lane changes,0,0,1,0,1,1,0,1,0,0,0,0
261155,Medical treatment,2013,17,Rear-end,Multi-Vehicle,153.08295,-27.56552,South East Arterial Rd,,Macgregor,Mansfield,No Roadway Feature,No traffic control,100 - 110 km/h,Sealed - Dry,Dawn/Dusk,Straight,Veh'S Same Direction: Rear End,Rear-end,0,0,2,0,2,2,0,0,0,0,0,0
261192,Hospitalisation,2013,8,Angle,Multi-Vehicle,153.0235639,-27.58796849,Chardean St,Wray St,Acacia Ridge,Sunnybank,Intersection - Cross,Stop sign,60 km/h,Sealed - Dry,Daylight,Straight,Veh'S Adjacent Approach: Thru-Thru,Intersection from adjacent approaches,0,2,0,0,2,1,0,1,0,0,0,0
261193,Hospitalisation,2013,12,Rear-end,Multi-Vehicle,153.0315942,-27.51232644,Ipswich Rd,,Annerley,Yeerongpilly,No Roadway Feature,No traffic control,60 km/h,Sealed - Dry,Daylight,Straight,Veh'S Same Direction: Rear End,Rear-end,0,1,0,0,1,2,0,1,0,0,0,0
261194,Medical treatment,2013,11,Rear-end,Multi-Vehicle,153.123911,-27.493511,Meadowlands Rd,Wright St,Belmont,Chatsworth,No Roadway Feature,No traffic control,60 km/h,Sealed - Dry,Daylight,Straight,Veh'S Same Direction: Rear End,Rear-end,0,0,1,0,1,3,0,0,0,0,0,0
261198,Medical treatment,2013,16,Angle,Multi-Vehicle,153.166348,-27.47462,Amberjack St,,Manly West,Lytton,No Roadway Feature,No traffic control,0 - 50 km/h,Sealed - Dry,Daylight,Curved - view obscured,Veh'S Same Direction: Right Turn S/Swipe,Parallel lanes turning,0,0,2,0,2,2,0,0,0,0,0,0
261240,Hospitalisation,2013,17,Hit object,Single Vehicle,152.9182836,-27.60405426,Cunningham Arterial Rd,,Wacol,Inala,No Roadway Feature,No traffic control,100 - 110 km/h,Sealed - Dry,Darkness - Lighted,Straight,Off Path-Straight:Right Off Cway Hit Obj,Off carriageway on straight hit object,0,1,0,0,1,1,0,0,0,0,0,0
261241,Medical treatment,2013,15,Rear-end,Multi-Vehicle,153.024214,-27.568638,Mt Lindesay Art. Rd,,Coopers Plains,Sunnybank,No Roadway Feature,No traffic control,70 km/h,Sealed - Dry,Daylight,Straight,Veh'S Same Direction: Rear End,Rear-end,0,0,2,0,2,3,0,0,0,0,0,0
261246,Hospitalisation,2013,4,Rear-end,Multi-Vehicle,153.0331799,-27.48950748,South East Arterial Rd,,Woolloongabba,South Brisbane,No Roadway Feature,No traffic control,80 - 90 km/h,Sealed - Dry,Darkness - Lighted,Curved - view open,Veh'S Same Direction: Rear End,Rear-end,0,2,0,0,2,1,1,0,0,0,0,0