Crash_Ref_Number,Severity,Year,Hour,Crash_Nature,Crash_Type,Longitude,Latitude,Street,Street_Intersecting,Suburb,Loc_State_Electorate,Crash_Roadway_Feature,Crash_Traffic_Control,Crash_Speed_Limit,Crash_Road_Surface_Condition,Crash_Lighting_Condition,Crash_Road_Horiz_Align,Crash_DCA_Description,Crash_DCA_Group_Description,Count_Casualty_Fatality,Count_Casualty_Hospitalised,Count_Casualty_MedicallyTreated,Count_Casualty_MinorInjury,Count_Casualty_Total,Count_Unit_Car,Count_Unit_Motorcycle_Moped,Count_Unit_Truck,Count_Unit_Bus,Count_Unit_Bicycle,Count_Unit_Pedestrian,Count_Unit_Other
261266,Medical treatment,2013,15,Angle,Multi-Vehicle,153.081086,-27.598957,Beenleigh Rd,Persse Rd,Runcorn,Sunnybank,Intersection - T-Junction,Operating traffic lights,60 km/h,Sealed - Dry,Daylight,Curved - view open,Veh'S Opposite Approach: Thru-Right,Opposing vehicles turning,0,0,1,0,1,2,0,0,0,0,0,0
261267,Minor injury,2013,19,Angle,Multi-Vehicle,153.0809949,-27.59906154,Beenleigh Rd,Persse Rd,Runcorn,Stretton,Intersection - T-Junction,Operating traffic lights,70 km/h,Sealed - Dry,Darkness - Lighted,Curved - view open,Veh'S Adjacent Approach: Thru-Right,Intersection from adjacent approaches,0,0,0,3,3,2,0,0,0,0,0,0
261269,Medical treatment,2013,17,Rear-end,Multi-Vehicle,152.98917,-27.523122,Graceville Ave,,Graceville,Indooroopilly,No Roadway Feature,No traffic control,60 km/h,Sealed - Dry,Daylight,Straight,Veh'S Same Direction: Rear End,Rear-end,0,0,1,0,1,2,0,0,0,0,0,0
261271,Hospitalisation,2013,16,Rear-end,Multi-Vehicle,153.0427117,-27.47913944,Lytton Rd,,East Brisbane,South Brisbane,No Roadway Feature,No traffic control,60 km/h,Sealed - Dry,Daylight,Straight,Veh'S Same Direction: Rear End,Rear-end,0,1,0,0,1,2,0,0,0,0,0,0
261272,Medical treatment,2013,7,Angle,Multi-Vehicle,153.139466,-27.496394,Grassdale Rd,Stanbrough Rd,Gumdale,Chatsworth,Intersection - Roundabout,Give way sign,60 km/h,Sealed - Dry,Daylight,Straight,Veh'S Adjacent Approach: Thru-Thru,Intersection from adjacent approaches,0,0,1,0,1,1,1,0,0,0,0,0
261293,Medical treatment,2013,6,Rear-end,Multi-Vehicle,153.014902,-27.50601101,Brisbane Corso,Cansdale St,Yeronga,Yeerongpilly,Intersection - T-Junction,No traffic control,60 km/h,Sealed - Dry,Daylight,Straight,Veh'S Same Direction: Right Rear,Rear-end,0,0,2,0,2,1,0,0,0,2,0,0
261295,Medical treatment,2013,17,Rear-end,Multi-Vehicle,153.09128,-27.48861,Sage St,Stanley Rd,Carina,Chatsworth,No Roadway Feature,Pedestrian crossing sign,60 km/h,Sealed - Dry,Daylight,Straight,Veh'S Same Direction: Rear End,Rear-end,0,0,1,0,1,2,0,0,0,0,0,0
261298,Hospitalisation,2013,14,Angle,Multi-Vehicle,153.0615833,-27.4667913,Coventry St,Forbes St,Hawthorne,Bulimba,Intersection - T-Junction,No traffic control,0 - 50 km/h,Sealed - Dry,Daylight,Straight,Veh'S Opposite Approach: Thru-Right,Opposing vehicles turning,0,1,1,0,2,2,0,0,0,0,0,0
261299,Medical treatment,2013,16,Rear-end,Multi-Vehicle,153.086108,-27.567542,South East Arterial Rd,,Macgregor,Mansfield,No Roadway Feature,No traffic control,100 - 110 km/h,Sealed - Dry,Daylight,Straight,Veh'S Same Direction: Rear End,Rear-end,0,0,1,0,1,3,0,0,0,0,0,0
261300,Medical treatment,2013,5,Angle,Multi-Vehicle,153.140519,-27.466651,Bognor St,Wynnum Rd,Tingalpa,Lytton,Intersection - T-Junction,No traffic control,60 km/h,Sealed - Dry,Dawn/Dusk,Straight,Veh'S Adjacant Approach: Thru-Left,Intersection from adjacent approaches,0,0,1,0,1,1,0,0,0,1,0,0
261304,Hospitalisation,2013,19,Angle,Multi-Vehicle,153.1387474,-27.50012374,London Rd,Stanbrough Rd,Belmont,Chatsworth,Intersection - Cross,Stop sign,60 km/h,Sealed - Dry,Darkness - Not lighted,Straight,Veh'S Adjacent Approach: Thru-Thru,Intersection from adjacent approaches,0,1,0,0,1,1,0,1,0,0,0,0
261306,Medical treatment,2013,8,Sideswipe,Multi-Vehicle,153.150965,-27.500868,Tilley Rd,,Gumdale,Chatsworth,No Roadway Feature,No traffic control,70 km/h,Sealed - Dry,Daylight,Straight,Veh'S Same Direction: U-Turn,U-turn,0,0,1,0,1,2,0,0,0,0,0,0
261333,Medical treatment,2013,8,Rear-end,Multi-Vehicle,153.059623,-27.530936,Bapaume Rd,,Holland Park West,Greenslopes,No Roadway Feature,No traffic control,60 km/h,Sealed - Dry,Daylight,Straight,Veh'S Same Direction: Rear End,Rear-end,0,0,1,0,1,2,0,0,0,0,0,0
261334,Medical treatment,2013,14,Angle,Multi-Vehicle,153.068602,-27.47062998,Jack Flynn Memorial Dr,Wynnum Rd,Morningside,Bulimba,Intersection - T-Junction,Operating traffic lights,60 km/h,Sealed - Dry,Daylight,Curved - view open,Veh'S Adjacent Approach: Thru-Right,Intersection from adjacent approaches,0,0,1,0,1,2,0,0,0,0,0,0
261335,Hospitalisation,2013,13,Rear-end,Multi-Vehicle,153.0811067,-27.55969907,Logan Rd,,Upper Mount Gravatt,Mansfield,No Roadway Feature,No traffic control,60 km/h,Sealed - Dry,Daylight,Straight,Veh'S Same Direction: Rear End,Rear-end,0,1,0,0,1,1,1,0,0,0,0,0
261336,Medical treatment,2013,7,Rear-end,Multi-Vehicle,153.01044,-27.47478,Montague Rd,,South Brisbane,South Brisbane,No Roadway Feature,No traffic control,0 - 50 km/h,Sealed - Dry,Daylight,Straight,Veh'S Same Direction: Rear End,Rear-end,0,0,1,1,2,4,0,0,0,0,0,0
261337,Hospitalisation,2013,18,Sideswipe,Multi-Vehicle,153.0356708,-27.4764075,Main St,River Tce,Kangaroo Point,South Brisbane,Intersection - Cross,Operating traffic lights,60 km/h,Sealed - Dry,Dawn/Dusk,Straight,Veh'S Same Direction: Lane Change Left,Lane changes,0,1,0,0,1,2,0,0,0,0,0,0
261375,Hospitalisation,2013,6,Rear-end,Multi-Vehicle,152.9576527,-27.57258497,Cunningham Arterial Rd,,Darra,Inala,No Roadway Feature,No traffic control,80 - 90 km/h,Sealed - Dry,Daylight,Straight,Veh'S Same Direction: Rear End,Rear-end,0,1,0,0,1,4,0,0,0,0,0,0
261376,Medical treatment,2013,19,Hit pedestrian,Hit pedestrian,153.031701,-27.512263,Ipswich Rd,,Annerley,Yeerongpilly,No Roadway Feature,No traffic control,0 - 50 km/h,Sealed - Dry,Darkness - Not lighted,Straight,Ped'N: Hit By Vehicle Enter/Leave D'Way,Pedestrian,0,0,1,0,1,1,0,0,0,0,1,0
261377,Medical treatment,2013,8,Rear-end,Multi-Vehicle,153.115709,-27.50231,Old Cleveland Rd,,Carindale,Chatsworth,No Roadway Feature,No traffic control,0 - 50 km/h,Sealed - Dry,Daylight,Straight,Veh'S Same Direction: Rear End,Rear-end,0,0,1,0,1,2,0,0,0,0,0,0
261378,Medical treatment,2013,9,Rear-end,Multi-Vehicle,153.100613,-27.498774,Old Cleveland Rd,,Carina,Chatsworth,No Roadway Feature,No traffic control,70 km/h,Sealed - Dry,Daylight,Straight,Veh'S Same Direction: Rear End,Rear-end,0,0,1,1,2,3,0,0,0,0,0,0
261383,Hospitalisation,2013,7,Angle,Multi-Vehicle,153.1074955,-27.44945098,Queensport Rd,,Murarrie,Bulimba,No Roadway Feature,No traffic control,0 - 50 km/h,Sealed - Dry,Daylight,Straight,Veh'S Opposite Approach: Thru-Right,Opposing vehicles turning,0,1,0,0,1,2,0,0,0,0,0,0
261384,Medical treatment,2013,7,Sideswipe,Multi-Vehicle,153.0063038,-27.55755789,Cunningham Arterial Rd,,Rocklea,Sunnybank,Merge Lane,No traffic control,80 - 90 km/h,Sealed - Dry,Daylight,Straight,Veh'S Same Direction: Lane Side Swipe,Lane changes,0,0,1,0,1,1,0,1,0,0,0,0
261385,Medical treatment,2013,15,Rear-end,Multi-Vehicle,153.065984,-27.561204,Griffith Arterial Rd,Mains Rd,Macgregor,Sunnybank,Intersection - Cross,Operating traffic lights,60 km/h,Sealed - Dry,Daylight,Straight,Veh'S Same Direction: Rear End,Rear-end,0,0,1,0,1,2,0,0,0,0,0,0
261386,Medical treatment,2013,14,Hit object,Single Vehicle,153.170521,-27.47213,Barramundi St,Manly Rd,Manly West,Lytton,Intersection - T-Junction,No traffic control,60 km/h,Sealed - Dry,Daylight,Straight,Off Path-Straight: Mounts Traffic Island,Off carriageway on straight hit object,0,0,2,0,2,2,0,0,0,0,0,0
261421,Medical treatment,2013,16,Rear-end,Multi-Vehicle,153.048704,-27.62322,Mt Lindesay Art. Rd,,Calamvale,Stretton,No Roadway Feature,No traffic control,70 km/h,Sealed - Dry,Daylight,Straight,Veh'S Same Direction: Rear End,Rear-end,0,0,1,0,1,2,0,0,0,0,0,0
261423,Hospitalisation,2013,12,Hit object,Single Vehicle,152.943547,-27.57836007,Western Art Rd On Ramp,,Darra,Inala,Intersection - Interchange,No traffic control,60 km/h,Sealed - Dry,Daylight,Curved - view open,Veh'S On Path: Temporary Object On C'Way,Other,0,1,0,0,1,0,1,0,0,0,0,0
261424,Medical treatment,2013,12,Sideswipe,Multi-Vehicle,152.950938,-27.575577,Ipswich Mwy,,Darra,Inala,No Roadway Feature,No traffic control,80 - 90 km/h,Sealed - Dry,Daylight,Straight,Veh'S Same Direction: Lane Change Right,Lane changes,0,0,1,0,1,2,0,0,0,0,0,0
261425,Medical treatment,2013,14,Rear-end,Multi-Vehicle,153.0584488,-27.59946576,Hellawell Rd,Pinelands Rd,Sunnybank Hills,Sunnybank,Intersection - Cross,Operating traffic lights,60 km/h,Sealed - Dry,Daylight,Straight,Veh'S Same Direction: Rear End,Rear-end,0,0,1,0,1,1,0,1,0,0,0,0
261426,Medical treatment,2013,14,Angle,Multi-Vehicle,152.9594757,-27.59193668,Archerfield Rd,Pine Rd,Inala,Inala,Intersection - Cross,Stop sign,60 km/h,Sealed - Dry,Daylight,Straight,Veh'S Adjacent Approach: Right-Thru,Intersection from adjacent approaches,0,0,2,0,2,2,0,0,0,0,0,0
261429,Hospitalisation,2013,10,Angle,Multi-Vehicle,153.0480902,-27.54984629,Ring Rd,,Nathan,Yeerongpilly,No Roadway Feature,No traffic control,0 - 50 km/h,Sealed - Dry,Daylight,Straight,Veh'S Manoeuvring: Other,Other,0,1,0,0,1,2,0,0,0,0,0,0
261465,Medical treatment,2013,14,Angle,Multi-Vehicle,153.069627,-27.652755,Logan Mwy,Wembley Rd,Drewvale,Stretton,Intersection - T-Junction,Operating traffic lights,60 km/h,Sealed - Dry,Daylight,Straight,Veh'S Opposite Approach: Thru-Right,Opposing vehicles turning,0,0,2,0,2,1,0,1,0,0,0,0
261468,Medical treatment,2013,1,Hit parked vehicle,Single Vehicle,153.099131,-27.517858,Pine Mountain Rd,,Mansfield,Mansfield,No Roadway Feature,No traffic control,60 km/h,Sealed - Dry,Darkness - Lighted,Straight,Off Path-Straight: Left Off Cway Hit Obj,Off carriageway on straight hit object,0,0,1,0,1,3,0,0,0,0,0,0
261471,Medical treatment,2013,21,Rear-end,Multi-Vehicle,153.066448,-27.558733,Nathan Connection Arterial Rd,,Nathan,Yeerongpilly,No Roadway Feature,No traffic control,0 - 50 km/h,Sealed - Dry,Darkness - Lighted,Straight,Veh'S Same Direction: Rear End,Rear-end,0,0,1,0,1,2,0,0,0,0,0,0
261472,Medical treatment,2013,12,Angle,Multi-Vehicle,153.097651,-27.560864,Delavan St,,Wishart,Mansfield,No Roadway Feature,No traffic control,0 - 50 km/h,Sealed - Dry,Daylight,Curved - view open,Veh'S Same Direction: Right Turn S/Swipe,Parallel lanes turning,0,0,2,0,2,2,0,0,0,0,0,0
261473,Medical treatment,2013,13,Angle,Multi-Vehicle,153.041289,-27.553902,Malvern St,Orange Grove Rd,Salisbury,Yeerongpilly,Intersection - T-Junction,Operating traffic lights,60 km/h,Sealed - Dry,Daylight,Straight,Veh'S Opposite Approach: Thru-Right,Opposing vehicles turning,0,0,1,0,1,2,0,0,0,0,0,0
261474,Hospitalisation,2013,21,Angle,Multi-Vehicle,153.0879687,-27.56633503,Logan Sub-Arterial Rd,Newnham Rd,Upper Mount Gravatt,Mansfield,Intersection - Cross,Operating traffic lights,60 km/h,Sealed - Dry,Darkness - Lighted,Straight,Veh'S Opposite Approach: Thru-Right,Opposing vehicles turning,0,1,1,0,2,2,0,0,0,0,0,0
261475,Hospitalisation,2013,2,Hit object,Single Vehicle,153.0920209,-27.60549399,Beenleigh Rd,,Kuraby,Stretton,No Roadway Feature,No traffic control,70 km/h,Sealed - Dry,Darkness - Lighted,Straight,Off Path-Straight: Left Off Cway Hit Obj,Off carriageway on straight hit object,0,3,0,0,3,1,0,0,0,0,0,0
261476,Medical treatment,2013,13,Rear-end,Multi-Vehicle,153.015354,-27.481498,Vulture St,,West End,South Brisbane,No Roadway Feature,Pedestrian crossing sign,60 km/h,Sealed - Dry,Daylight,Straight,Veh'S Same Direction: Rear End,Rear-end,0,0,1,0,1,2,0,0,0,0,0,0
261477,Hospitalisation,2013,9,Angle,Multi-Vehicle,153.019105,-27.48073163,Cordelia St,Ernest St,South Brisbane,South Brisbane,Intersection - Cross,Operating traffic lights,60 km/h,Sealed - Dry,Daylight,Straight,Veh'S Adjacent Approach: Thru-Thru,Intersection from adjacent approaches,0,1,1,0,2,2,0,0,0,0,0,0
261508,Hospitalisation,2013,0,Hit object,Single Vehicle,153.041615,-27.64567825,Logan Mwy Ramp Dd,,Parkinson,Algester,Intersection - Interchange,No traffic control,80 - 90 km/h,Sealed - Dry,Darkness - Not lighted,Straight,Off Path-Curve: Off Cway Lt Bend Hit Obj,Off carriageway on curve hit object,0,1,0,0,1,0,1,0,0,0,0,0
261509,Medical treatment,2013,9,Rear-end,Multi-Vehicle,152.947733,-27.536334,Seventeen Mile Rocks Rd,,Jindalee,Mount Ommaney,Intersection - T-Junction,Give way sign,60 km/h,Sealed - Dry,Daylight,Straight,Veh'S Same Direction: Left Rear,Rear-end,0,0,1,0,1,2,0,0,0,0,0,0
261532,Hospitalisation,2013,12,Rear-end,Multi-Vehicle,152.9761684,-27.56706584,Cunningham Arterial Rd,,Oxley,Inala,No Roadway Feature,No traffic control,100 - 110 km/h,Sealed - Dry,Daylight,Straight,Veh'S Same Direction: Rear End,Rear-end,0,2,1,0,3,3,1,0,0,0,0,0
261533,Hospitalisation,2013,2,Hit parked vehicle,Single Vehicle,153.0259668,-27.58071447,Mt Lindesay Art. Rd,,Acacia Ridge,Sunnybank,No Roadway Feature,No traffic control,70 km/h,Sealed - Dry,Darkness - Lighted,Straight,Off Path-Straight: Left Off Cway Hit Obj,Off carriageway on straight hit object,0,1,0,0,1,1,0,1,0,0,0,0
261534,Minor injury,2013,16,Fall from vehicle,Single Vehicle,153.088781,-27.468309,Barrack Rd,Wynnum Rd,Cannon Hill,Bulimba,Intersection - Cross,Operating traffic lights,60 km/h,Sealed - Dry,Daylight,Straight,Off Path-Straight:Out Of Control On Cway,Out of control on straight,0,0,0,1,1,0,1,0,0,0,0,1
261536,Hospitalisation,2013,10,Rear-end,Multi-Vehicle,153.0912377,-27.57359401,Logan Sub-Arterial Rd,,Eight Mile Plains,Sunnybank,No Roadway Feature,No traffic control,70 km/h,Sealed - Dry,Daylight,Straight,Veh'S Same Direction: Rear End,Rear-end,0,1,0,0,1,0,1,0,1,0,0,0
261537,Hospitalisation,2013,18,Hit parked vehicle,Single Vehicle,153.0340938,-27.47928051,Bell St,River Tce,Kangaroo Point,South Brisbane,Intersection - T-Junction,No traffic control,60 km/h,Sealed - Dry,Darkness - Lighted,Straight,Veh'S On Path: Car Door,Hit parked vehicle,0,1,0,0,1,1,0,0,0,0,0,1
261542,Medical treatment,2013,5,Hit animal,Other,153.149081,-27.543708,Mt Gravatt - Capalaba Rd,,Burbank,Mansfield,No Roadway Feature,No traffic control,80 - 90 km/h,Sealed - Dry,Dawn/Dusk,Straight,Pass & Misc: Hit Animal,Hit animal,0,0,1,0,1,1,0,0,0,0,0,0
261564,Hospitalisation,2013,8,Hit object,Single Vehicle,153.0242877,-27.56837647,Boundary Rd,Mt Lindesay Art. Rd,Coopers Plains,Sunnybank,Intersection - Cross,Operating traffic lights,70 km/h,Sealed - Wet,Daylight,Straight,Veh'S Adjacent Approach: Right-Right,Intersection from adjacent approaches,0,1,0,0,1,2,0,0,0,0,0,0
261566,Medical treatment,2013,18,Rear-end,Multi-Vehicle,153.094042,-27.531909,Creek Rd,Newnham Rd,Mount Gravatt East,Mansfield,Intersection - T-Junction,No traffic control,60 km/h,Sealed - Dry,Dawn/Dusk,Curved - view open,Veh'S Same Direction: Left Rear,Rear-end,0,0,1,1,2,2,0,0,0,0,0,0
261567,Minor injury,2013,10,Hit object,Single Vehicle,153.058589,-27.517012,Logan Rd,,Holland Park,Greenslopes,Intersection - T-Junction,No traffic control,60 km/h,Sealed - Dry,Daylight,Straight,Off Path-Straight: Left Off Cway Hit Obj,Off carriageway on straight hit object,0,0,0,1,1,0,0,1,0,1,0,0
261568,Medical treatment,2013,15,Angle,Multi-Vehicle,152.986699,-27.613027,Blunder Rd,Crossacres St,Doolandella,Algester,Intersection - Cross,Operating traffic lights,80 - 90 km/h,Sealed - Dry,Daylight,Straight,Veh'S Opposite Approach: Thru-Right,Opposing vehicles turning,0,0,1,1,2,2,0,0,0,0,1,0
261571,Hospitalisation,2013,11,Angle,Multi-Vehicle,153.099655,-27.554661,Greenwood St,Redland Sub-Arterial Rd,Wishart,Mansfield,Intersection - T-Junction,Give way sign,60 km/h,Sealed - Dry,Daylight,Curved - view open,Veh'S Adjacant Approach: Thru-Left,Intersection from adjacent approaches,0,2,0,0,2,2,0,0,0,0,0,0
261572,Minor injury,2013,17,Rear-end,Multi-Vehicle,153.085561,-27.562758,Logan Sub-Arterial Rd,Marada St,Upper Mount Gravatt,Mansfield,Intersection - T-Junction,No traffic control,60 km/h,Sealed - Dry,Dawn/Dusk,Straight,Veh'S Same Direction: Rear End,Rear-end,0,0,0,2,2,2,0,0,0,0,0,0
261577,Medical treatment,2013,5,Rear-end,Multi-Vehicle,153.134202,-27.54724,Mt Gravatt - Capalaba Rd,Redland Sub-Arterial Rd,Burbank,Mansfield,Intersection - T-Junction,Operating traffic lights,60 km/h,Sealed - Wet,Dawn/Dusk,Straight,Veh'S Same Direction: Rear End,Rear-end,0,0,1,0,1,2,0,0,0,0,0,0
261578,Hospitalisation,2013,22,Rear-end,Multi-Vehicle,153.1600121,-27.50858462,Cleveland Sub-Arterial Rd,,Chandler,Chatsworth,No Roadway Feature,No traffic control,80 - 90 km/h,Sealed - Dry,Darkness - Lighted,Straight,Veh'S Same Direction: Rear End,Rear-end,0,1,0,0,1,2,0,0,0,0,0,0
261579,Minor injury,2013,7,Angle,Multi-Vehicle,153.178741,-27.524204,Brisbane - Redland Rd,Moreton Bay Rd,Chandler,Chatsworth,Intersection - Interchange,No traffic control,80 - 90 km/h,Sealed - Dry,Daylight,Straight,Veh'S Same Direction: Lane Side Swipe,Lane changes,0,0,0,1,1,1,0,0,0,1,0,0
261604,Hospitalisation,2013,5,Angle,Multi-Vehicle,153.0517906,-27.61104319,Compton Rd,Mt Lindesay Art. Rd,Sunnybank Hills,Stretton,Intersection - T-Junction,Give way sign,60 km/h,Sealed - Dry,Darkness - Lighted,Curved - view open,Veh'S Adjacant Approach: Thru-Left,Intersection from adjacent approaches,0,1,0,0,1,1,1,0,0,0,0,0
261606,Hospitalisation,2013,15,Hit object,Single Vehicle,152.98025,-27.52296783,Oxley Rd,,Graceville,Indooroopilly,No Roadway Feature,No traffic control,60 km/h,Sealed - Dry,Daylight,Straight,Off Path-Straight: Left Off Cway Hit Obj,Off carriageway on straight hit object,0,1,0,1,2,1,0,0,0,0,0,0
261608,Minor injury,2013,7,Rear-end,Multi-Vehicle,153.099822,-27.58449,Gateway Arterial Rd,Logan Sub-Arterial Rd,Eight Mile Plains,Stretton,Intersection - Interchange,Give way sign,60 km/h,Sealed - Dry,Daylight,Straight,Veh'S Same Direction: Right Rear,Rear-end,0,0,0,1,1,2,0,0,0,0,0,0
261609,Medical treatment,2013,7,Sideswipe,Multi-Vehicle,153.038377,-27.48940634,Logan Rd,Walker St,Woolloongabba,South Brisbane,No Roadway Feature,No traffic control,60 km/h,Sealed - Dry,Daylight,Straight,Veh'S Same Direction: Left Turn S/Swipe,Parallel lanes turning,0,0,1,0,1,1,0,0,0,1,0,0
261610,Hospitalisation,2013,18,Angle,Multi-Vehicle,153.0314859,-27.48597651,South East Art Rd Ramp S,,Woolloongabba,South Brisbane,Intersection - Interchange,No traffic control,60 km/h,Sealed - Dry,Darkness - Lighted,Straight,Veh'S Same Direction: Lane Change Left,Lane changes,0,1,0,0,1,1,1,0,0,0,0,0
261611,Hospitalisation,2013,16,Angle,Multi-Vehicle,153.035019,-27.49695344,Ipswich Rd,O'Keefe St,Woolloongabba,South Brisbane,Intersection - T-Junction,Give way sign,60 km/h,Sealed - Dry,Daylight,Straight,Veh'S Manoeuvring: Other,Other,0,1,0,0,1,0,0,0,1,1,0,0
261639,Minor injury,2013,16,Rear-end,Multi-Vehicle,153.060965,-27.616963,Gowan Rd,,Calamvale,Stretton,No Roadway Feature,No traffic control,60 km/h,Sealed - Dry,Daylight,Straight,Veh'S Same Direction: Rear End,Rear-end,0,0,0,1,1,1,0,0,0,0,0,1
261641,Medical treatment,2013,18,Angle,Multi-Vehicle,153.045322,-27.591097,Jackson Rd,,Sunnybank Hills,Sunnybank,No Roadway Feature,No traffic control,60 km/h,Sealed - Dry,Darkness - Lighted,Straight,Veh'S Opposite Approach: U-Turn,U-turn,0,0,1,0,1,2,0,0,0,0,0,0
261642,Hospitalisation,2013,12,Rear-end,Multi-Vehicle,153.0903181,-27.49553707,Old Cleveland Rd,,Carina,Chatsworth,No Roadway Feature,No traffic control,60 km/h,Sealed - Dry,Daylight,Straight,Veh'S Same Direction: Rear End,Rear-end,0,1,0,0,1,3,0,0,0,0,0,0
261644,Medical treatment,2013,19,Rear-end,Multi-Vehicle,153.0630003,-27.50660666,Cavendish Rd,Kanumbra St,Coorparoo,Greenslopes,Intersection - T-Junction,No traffic control,60 km/h,Sealed - Dry,Darkness - Lighted,Straight,Veh'S Same Direction: Right Rear,Rear-end,0,0,1,0,1,2,0,0,0,0,0,0
261645,Medical treatment,2013,17,Rear-end,Multi-Vehicle,153.07998,-27.539226,Creek Rd,Logan Rd,Mount Gravatt,Mansfield,Intersection - T-Junction,Operating traffic lights,60 km/h,Sealed - Dry,Daylight,Straight,Veh'S Same Direction: Rear End,Rear-end,0,0,1,0,1,2,0,0,0,0,0,0
261648,Medical treatment,2013,7,Rear-end,Multi-Vehicle,152.9755723,-27.56708434,Cunningham Arterial Rd,,Oxley,Mount Ommaney,No Roadway Feature,No traffic control,80 - 90 km/h,Sealed - Dry,Daylight,Straight,Veh'S Same Direction: Rear End,Rear-end,0,0,1,0,1,3,0,0,0,0,0,0
261649,Minor injury,2013,8,Rear-end,Multi-Vehicle,153.060045,-27.541491,South East Arterial Rd,,Mount Gravatt,Yeerongpilly,No Roadway Feature,No traffic control,100 - 110 km/h,Sealed - Dry,Daylight,Straight,Veh'S Same Direction: Rear End,Rear-end,0,0,0,1,1,2,0,0,0,0,0,0
261650,Hospitalisation,2013,8,Fall from vehicle,Single Vehicle,153.1142435,-27.4731699,Wynnum Rd,,Tingalpa,Chatsworth,No Roadway Feature,No traffic control,70 km/h,Sealed - Dry,Daylight,Straight,Off Path-Straight:Out Of Control On Cway,Out of control on straight,0,1,0,0,1,0,1,0,0,0,0,0
261681,Medical treatment,2013,17,Angle,Multi-Vehicle,152.948147,-27.558127,Bellwood St,Monier Rd,Darra,Mount Ommaney,Intersection - Cross,Stop sign,60 km/h,Sealed - Dry,Dawn/Dusk,Straight,Veh'S Adjacent Approach: Thru-Thru,Intersection from adjacent approaches,0,0,1,0,1,1,0,1,0,0,0,0
261682,Hospitalisation,2013,7,Angle,Multi-Vehicle,152.9559086,-27.55691297,Cardiff Rd,Monier Rd,Seventeen Mile Rocks,Mount Ommaney,Intersection - T-Junction,No traffic control,60 km/h,Sealed - Dry,Daylight,Straight,Veh'S Adjacant Approach: Thru-Left,Intersection from adjacent approaches,0,1,0,0,1,1,0,0,0,1,0,0
261687,Hospitalisation,2013,7,Rear-end,Multi-Vehicle,153.0564509,-27.52526325,Cannes St,Marshall Rd,Holland Park West,Greenslopes,Intersection - Interchange,Operating traffic lights,60 km/h,Sealed - Dry,Daylight,Straight,Veh'S Same Direction: Rear End,Rear-end,0,1,0,0,1,1,1,0,0,0,0,0
261688,Hospitalisation,2013,15,Rear-end,Multi-Vehicle,153.0643874,-27.48317625,Bennetts Rd,Macrossan Ave,Norman Park,Bulimba,Intersection - Cross,Operating traffic lights,60 km/h,Sealed - Dry,Daylight,Straight,Veh'S Same Direction: Rear End,Rear-end,0,1,0,0,1,2,0,0,0,0,0,0
261690,Medical treatment,2013,8,Hit pedestrian,Hit pedestrian,153.063087,-27.576403,Mains Rd,,Sunnybank,Sunnybank,No Roadway Feature,No traffic control,60 km/h,Sealed - Dry,Daylight,Straight,Ped'N: Far Side Vehicle Hit From Left,Pedestrian,0,0,1,0,1,1,0,0,0,0,1,0
261691,Hospitalisation,2013,19,Sideswipe,Multi-Vehicle,153.058982,-27.53853022,South East Arterial Rd,,Mount Gravatt,Yeerongpilly,No Roadway Feature,No traffic control,100 - 110 km/h,Sealed - Dry,Darkness - Lighted,Straight,Veh'S Same Direction: Lane Change Right,Lane changes,0,1,0,0,1,1,1,0,0,0,0,0
261692,Hospitalisation,2013,15,Angle,Multi-Vehicle,153.0159831,-27.48582363,Bellevue St,Hampstead Rd,Highgate Hill,South Brisbane,Intersection - T-Junction,Stop sign,60 km/h,Sealed - Dry,Daylight,Curved - view open,Veh'S Adjacent Approach: Thru-Right,Intersection from adjacent approaches,0,1,0,0,1,2,0,0,0,0,0,0
261693,Hospitalisation,2013,23,Rear-end,Multi-Vehicle,153.1166475,-27.47375489,Wynnum Rd,,Tingalpa,Chatsworth,No Roadway Feature,No traffic control,70 km/h,Sealed - Dry,Darkness - Lighted,Straight,Veh'S Same Direction: Rear End,Rear-end,0,1,0,0,1,3,0,0,0,0,0,0
261733,Hospitalisation,2013,11,Rear-end,Multi-Vehicle,153.0484657,-27.62339322,Mt Lindesay Art. Rd,Muirhead St,Calamvale,Stretton,Intersection - Cross,Operating traffic lights,80 - 90 km/h,Sealed - Dry,Daylight,Straight,Veh'S Same Direction: Rear End,Rear-end,0,1,0,0,1,1,1,0,0,0,0,0
261737,Hospitalisation,2013,14,Rear-end,Multi-Vehicle,152.9665638,-27.5971229,Poinsettia St,,Inala,Inala,No Roadway Feature,No traffic control,60 km/h,Sealed - Dry,Daylight,Straight,Veh'S Same Direction: Rear End,Rear-end,0,1,0,0,1,2,0,0,0,0,0,0
261739,Minor injury,2013,20,Hit object,Single Vehicle,152.979409,-27.56514,Oxley Rd,,Oxley,Mount Ommaney,No Roadway Feature,No traffic control,60 km/h,Sealed - Dry,Darkness - Lighted,Curved - view open,Off Path-Curve: Off Cway Lt Bend Hit Obj,Off carriageway on curve hit object,0,0,0,1,1,1,0,0,0,0,0,0
261763,Medical treatment,2013,22,Hit object,Single Vehicle,153.04871,-27.639,Illaweena St,,Drewvale,Stretton,No Roadway Feature,No traffic control,60 km/h,Sealed - Dry,Darkness - Lighted,Straight,Off Path-Straight:Out Of Control On Cway,Out of control on straight,0,0,1,0,1,1,0,0,0,0,0,0