Crash_Ref_Number,Severity,Year,Hour,Crash_Nature,Crash_Type,Longitude,Latitude,Street,Street_Intersecting,Suburb,Loc_State_Electorate,Crash_Roadway_Feature,Crash_Traffic_Control,Crash_Speed_Limit,Crash_Road_Surface_Condition,Crash_Lighting_Condition,Crash_Road_Horiz_Align,Crash_DCA_Description,Crash_DCA_Group_Description,Count_Casualty_Fatality,Count_Casualty_Hospitalised,Count_Casualty_MedicallyTreated,Count_Casualty_MinorInjury,Count_Casualty_Total,Count_Unit_Car,Count_Unit_Motorcycle_Moped,Count_Unit_Truck,Count_Unit_Bus,Count_Unit_Bicycle,Count_Unit_Pedestrian,Count_Unit_Other
261765,Minor injury,2013,8,Angle,Multi-Vehicle,153.044045,-27.479304,Latrobe St,Lytton Rd,East Brisbane,South Brisbane,Intersection - T-Junction,Operating traffic lights,60 km/h,Sealed - Dry,Darkness - Lighted,Straight,Veh'S Opposite Approach: Thru-Right,Opposing vehicles turning,0,0,0,1,1,2,0,0,0,0,0,0
261782,Medical treatment,2013,10,Rear-end,Multi-Vehicle,152.99423,-27.564357,Banting St,Boundary Rd,Rocklea,Sunnybank,Intersection - T-Junction,Give way sign,60 km/h,Sealed - Dry,Daylight,Straight,Veh'S Manoeuvring: Reversing,Hit parked vehicle,0,0,1,0,1,2,0,0,0,0,0,0
261784,Medical treatment,2013,9,Angle,Multi-Vehicle,153.081141,-27.519065,Cavendish Rd,Wyncroft St,Holland Park,Greenslopes,Intersection - T-Junction,Operating traffic lights,60 km/h,Sealed - Dry,Daylight,Straight,Veh'S Adjacent Approach: Thru-Right,Intersection from adjacent approaches,0,0,1,0,1,2,0,0,0,0,0,0
261785,Hospitalisation,2013,7,Hit pedestrian,Hit pedestrian,153.082004,-27.47292113,Blackwood Ave,Richmond Rd,Morningside,Bulimba,Intersection - Cross,Give way sign,60 km/h,Sealed - Dry,Daylight,Straight,Ped'N: Near Side Vehicle Hit From Right,Pedestrian,0,1,0,0,1,1,0,0,0,0,1,0
261786,Minor injury,2013,21,Angle,Multi-Vehicle,153.089777,-27.568781,Logan Sub-Arterial Rd,South East Arterial Rd,Eight Mile Plains,Mansfield,Intersection - Cross,Operating traffic lights,70 km/h,Sealed - Dry,Darkness - Lighted,Straight,Veh'S Adjacent Approach: Right-Thru,Intersection from adjacent approaches,0,0,0,1,1,2,0,0,0,0,0,0
261793,Medical treatment,2013,17,Angle,Multi-Vehicle,153.150177,-27.50579,Boston Rd,Tilley Rd,Chandler,Chatsworth,Intersection - Cross,Give way sign,60 km/h,Sealed - Dry,Dawn/Dusk,Straight,Veh'S Opposite Approach: Thru-Right,Opposing vehicles turning,0,0,2,0,2,2,0,0,0,0,0,0
261810,Medical treatment,2013,16,Rear-end,Multi-Vehicle,152.94181,-27.596035,Progress Rd,,Wacol,Inala,No Roadway Feature,No traffic control,60 km/h,Sealed - Dry,Daylight,Straight,Veh'S Same Direction: Rear End,Rear-end,0,0,1,1,2,2,0,0,0,0,0,0
261811,Minor injury,2013,8,Rear-end,Multi-Vehicle,152.946084,-27.5320378,Western Arterial Rd,,Jindalee,Mount Ommaney,Intersection - Interchange,No traffic control,60 km/h,Sealed - Dry,Daylight,Straight,Veh'S Same Direction: Rear End,Rear-end,0,0,0,2,2,3,0,0,0,0,0,0
261812,Hospitalisation,2013,9,Angle,Multi-Vehicle,153.0546188,-27.51583326,Birdwood Rd,Rolle St,Holland Park West,Greenslopes,Intersection - T-Junction,Stop sign,60 km/h,Sealed - Dry,Daylight,Curved - view obscured,Veh'S Adjacent Approach: Thru-Right,Intersection from adjacent approaches,0,1,0,0,1,2,0,0,0,0,0,0
261816,Hospitalisation,2013,21,Sideswipe,Multi-Vehicle,153.0616529,-27.54409821,South East Arterial Rd,,Mount Gravatt,Mansfield,No Roadway Feature,No traffic control,100 - 110 km/h,Sealed - Dry,Darkness - Lighted,Straight,Veh'S Same Direction: Lane Change Right,Lane changes,0,2,0,0,2,2,0,0,0,0,0,0
261846,Hospitalisation,2013,21,Hit object,Single Vehicle,153.1353769,-27.55940276,Grieve Rd,,Rochedale,Mansfield,No Roadway Feature,No traffic control,60 km/h,Sealed - Dry,Darkness - Not lighted,Curved - view open,Off Path-Curve: Off Cway Rt Bend Hit Obj,Off carriageway on curve hit object,0,1,0,0,1,0,1,0,0,0,0,0
261847,Medical treatment,2013,13,Rear-end,Multi-Vehicle,153.048313,-27.571592,Mccullough St,Troughton Rd,Sunnybank,Sunnybank,Intersection - Cross,Operating traffic lights,60 km/h,Sealed - Dry,Daylight,Straight,Veh'S Same Direction: Rear End,Rear-end,0,0,1,0,1,1,0,1,0,0,0,0
261848,Medical treatment,2013,11,Angle,Multi-Vehicle,153.015518,-27.475534,Cordelia St,Melbourne St,South Brisbane,South Brisbane,No Roadway Feature,No traffic control,60 km/h,Sealed - Dry,Daylight,Straight,Veh'S Manoeuvring: Entering From Footway,Vehicle leaving driveway,0,0,1,0,1,0,0,0,1,1,0,0
261876,Medical treatment,2013,17,Rear-end,Multi-Vehicle,153.049984,-27.503388,Cornwall St,,Greenslopes,South Brisbane,No Roadway Feature,No traffic control,60 km/h,Sealed - Dry,Daylight,Straight,Veh'S Same Direction: Rear End,Rear-end,0,0,1,0,1,3,0,0,0,0,0,0
261877,Minor injury,2013,4,Angle,Multi-Vehicle,153.008143,-27.649929,Distribution St,Paradise Rd,Larapinta,Algester,Intersection - T-Junction,No traffic control,60 km/h,Sealed - Dry,Darkness - Lighted,Straight,Veh'S Opposite Approach: Thru-Right,Opposing vehicles turning,0,0,0,1,1,2,0,0,0,0,0,0
261880,Hospitalisation,2013,18,Angle,Multi-Vehicle,153.0794619,-27.45616717,Beverley St,Lytton Rd,Morningside,Bulimba,Intersection - T-Junction,Give way sign,60 km/h,Sealed - Dry,Darkness - Lighted,Straight,Veh'S Adjacent Approach: Thru-Right,Intersection from adjacent approaches,0,1,0,0,1,2,0,0,0,0,0,0
261881,Medical treatment,2013,8,Angle,Multi-Vehicle,153.103997,-27.549026,Ham Rd,Wishart Rd,Wishart,Mansfield,Intersection - T-Junction,No traffic control,60 km/h,Sealed - Dry,Daylight,Straight,Veh'S Adjacent Approach: Thru-Right,Intersection from adjacent approaches,0,0,1,0,1,2,0,0,0,0,0,0
261882,Medical treatment,2013,13,Hit object,Single Vehicle,153.1238013,-27.52813063,Gateway Arterial Rd,,Belmont,Chatsworth,No Roadway Feature,No traffic control,100 - 110 km/h,Sealed - Dry,Daylight,Straight,Veh'S Same Direction: Rear End,Rear-end,0,0,3,0,3,2,0,0,0,0,0,0
261919,Fatal,2013,22,Hit object,Single Vehicle,153.0967705,-27.56109499,Delavan St,,Wishart,Mansfield,No Roadway Feature,No traffic control,0 - 50 km/h,Sealed - Dry,Darkness - Lighted,Straight,Off Path-Straight: Left Off Cway Hit Obj,Off carriageway on straight hit object,1,0,0,0,1,1,0,0,0,0,0,0
261920,Medical treatment,2013,8,Struck by external load,Other,153.049689,-27.5641468,Troughton Rd,,Coopers Plains,Sunnybank,No Roadway Feature,No traffic control,60 km/h,Sealed - Dry,Daylight,Straight,Pass & Misc: Load Hit Vehicle,Other,0,0,1,0,1,1,0,1,0,0,0,0
261921,Hospitalisation,2013,7,Rear-end,Multi-Vehicle,153.1296503,-27.4750038,Manly Rd,,Tingalpa,Chatsworth,No Roadway Feature,No traffic control,60 km/h,Sealed - Dry,Daylight,Straight,Veh'S Same Direction: Rear End,Rear-end,0,1,0,0,1,3,0,0,0,0,0,0
261952,Hospitalisation,2013,5,Hit parked vehicle,Single Vehicle,153.0370322,-27.65791126,Resource St,Sandstone Pl,Parkinson,Algester,Intersection - T-Junction,No traffic control,60 km/h,Sealed - Dry,Dawn/Dusk,Straight,Veh'S On Path: Parked,Hit parked vehicle,0,1,0,0,1,0,0,2,0,0,0,0
261953,Minor injury,2013,8,Rear-end,Multi-Vehicle,152.961037,-27.5713276,Cunningham Arterial Rd,,Darra,Mount Ommaney,No Roadway Feature,No traffic control,80 - 90 km/h,Sealed - Dry,Daylight,Straight,Veh'S Same Direction: Rear End,Rear-end,0,0,0,1,1,2,0,0,0,0,0,0
261959,Hospitalisation,2013,12,Angle,Multi-Vehicle,153.0210217,-27.55860649,Beaudesert Rd,Griffith Arterial Rd,Coopers Plains,Sunnybank,Intersection - Cross,Operating traffic lights,60 km/h,Sealed - Dry,Daylight,Straight,Veh'S Opposite Approach: Thru-Right,Opposing vehicles turning,0,1,1,0,2,2,0,0,0,0,0,0
261960,Medical treatment,2013,15,Rear-end,Multi-Vehicle,153.064067,-27.483841,Bennetts Rd,,Norman Park,Bulimba,No Roadway Feature,No traffic control,60 km/h,Sealed - Dry,Daylight,Straight,Veh'S Same Direction: Rear End,Rear-end,0,0,1,1,2,2,0,0,0,0,0,0
261961,Minor injury,2013,12,Rear-end,Multi-Vehicle,153.165995,-27.449134,Chandos St,West Ave,Wynnum,Lytton,Intersection - T-Junction,Stop sign,60 km/h,Sealed - Dry,Daylight,Straight,Veh'S Same Direction: Left Rear,Rear-end,0,0,0,1,1,2,0,0,0,0,0,0
261991,Medical treatment,2013,11,Angle,Multi-Vehicle,153.032565,-27.509103,Annerley Rd,,Annerley,Yeerongpilly,No Roadway Feature,No traffic control,60 km/h,Sealed - Dry,Daylight,Curved - view open,Veh'S Manoeuvring: Leaving Parking,Vehicle leaving driveway,0,0,4,0,4,2,0,0,0,0,0,0
261993,Medical treatment,2013,1,Hit object,Single Vehicle,153.048313,-27.571592,Boundary Rd,Troughton Rd,Sunnybank,Sunnybank,Intersection - Cross,Operating traffic lights,60 km/h,Sealed - Dry,Darkness - Lighted,Straight,Off Path-Straight: Mounts Traffic Island,Off carriageway on straight hit object,0,0,1,0,1,1,0,0,0,0,0,0
261994,Hospitalisation,2013,22,Angle,Multi-Vehicle,153.0810657,-27.55989607,Logan Rd,Redland Sub-Arterial Rd,Upper Mount Gravatt,Mansfield,Intersection - Cross,Operating traffic lights,60 km/h,Sealed - Dry,Darkness - Lighted,Curved - view open,Veh'S Opposite Approach: Thru-Right,Opposing vehicles turning,0,1,0,0,1,2,0,0,0,0,0,0
262019,Medical treatment,2013,18,Rear-end,Multi-Vehicle,153.049999,-27.620531,Mt Lindesay Art. Rd,,Calamvale,Stretton,No Roadway Feature,No traffic control,80 - 90 km/h,Sealed - Dry,Dawn/Dusk,Straight,Veh'S Same Direction: Rear End,Rear-end,0,0,1,0,1,3,0,0,0,0,0,0
262020,Hospitalisation,2013,5,Angle,Multi-Vehicle,153.016805,-27.558002,Beatty Rd,Griffith Arterial Rd,Archerfield,Sunnybank,Intersection - Cross,Operating traffic lights,60 km/h,Sealed - Dry,Daylight,Straight,Veh'S Opposite Approach: Thru-Right,Opposing vehicles turning,0,1,0,1,2,2,0,0,0,0,0,0
262021,Medical treatment,2013,11,Angle,Multi-Vehicle,153.036696,-27.503753,Juliette St,King St,Annerley,South Brisbane,Intersection - Cross,Give way sign,60 km/h,Sealed - Wet,Daylight,Straight,Veh'S Adjacent Approach: Thru-Thru,Intersection from adjacent approaches,0,0,1,0,1,2,0,0,0,0,0,0
262023,Medical treatment,2013,8,Angle,Multi-Vehicle,153.099686,-27.505196,Creek Rd,Winstanley St,Carindale,Chatsworth,Intersection - Cross,Operating traffic lights,70 km/h,Sealed - Wet,Daylight,Straight,Veh'S Opposite Approach: Thru-Right,Opposing vehicles turning,0,0,1,0,1,2,0,0,0,0,0,0
262026,Medical treatment,2013,12,Rear-end,Multi-Vehicle,153.080971,-27.559645,Logan Rd,,Upper Mount Gravatt,Mansfield,No Roadway Feature,No traffic control,0 - 50 km/h,Sealed - Dry,Daylight,Straight,Veh'S Same Direction: Right Rear,Rear-end,0,0,1,0,1,2,0,0,0,0,0,0
262027,Hospitalisation,2013,12,Angle,Multi-Vehicle,153.0200731,-27.48212362,Cordelia St,Vulture St,South Brisbane,South Brisbane,Intersection - T-Junction,Operating traffic lights,60 km/h,Sealed - Wet,Daylight,Curved - view open,Veh'S Opposite Approach: Thru-Right,Opposing vehicles turning,0,1,1,0,2,2,0,0,0,0,0,0
262028,Medical treatment,2013,6,Sideswipe,Multi-Vehicle,153.034457,-27.495115,Ipswich Rd,,Woolloongabba,South Brisbane,No Roadway Feature,No traffic control,60 km/h,Sealed - Dry,Daylight,Curved - view open,Veh'S Same Direction: Lane Change Left,Lane changes,0,0,1,0,1,2,0,0,0,0,0,0
262036,Medical treatment,2013,9,Rear-end,Multi-Vehicle,153.150526,-27.509798,Cleveland Sub-Arterial Rd,,Chandler,Chatsworth,No Roadway Feature,No traffic control,70 km/h,Sealed - Wet,Daylight,Straight,Veh'S Same Direction: Rear End,Rear-end,0,0,1,0,1,3,0,0,0,0,0,0
262037,Hospitalisation,2013,11,Rear-end,Multi-Vehicle,153.1797689,-27.5139545,Cleveland Sub-Arterial Rd,,Chandler,Chatsworth,No Roadway Feature,No traffic control,80 - 90 km/h,Sealed - Wet,Daylight,Straight,Veh'S Same Direction: Right Rear,Rear-end,0,1,0,0,1,3,0,0,0,0,0,0
262062,Hospitalisation,2013,10,Hit object,Single Vehicle,153.0485157,-27.62339721,Mt Lindesay Art. Rd,Muirhead St,Calamvale,Stretton,Intersection - T-Junction,No traffic control,60 km/h,Sealed - Wet,Daylight,Straight,Veh'S Adjacent Approach: Left-Thru,Intersection from adjacent approaches,0,1,0,0,1,2,0,1,0,0,0,0
262063,Medical treatment,2013,12,Hit object,Single Vehicle,152.941883,-27.548295,Western Arterial Rd,,Sinnamon Park,Mount Ommaney,Intersection - Interchange,No traffic control,60 km/h,Sealed - Wet,Daylight,Curved - view open,Veh'S On Path: Temporary Object On C'Way,Other,0,0,1,0,1,1,0,0,0,0,0,0
262067,Medical treatment,2013,9,Angle,Multi-Vehicle,153.172233,-27.4465353,Tingal Rd,,Wynnum,Lytton,No Roadway Feature,No traffic control,0 - 50 km/h,Sealed - Dry,Daylight,Straight,Veh'S Manoeuvring: Other,Other,0,0,1,0,1,1,0,0,0,1,0,0
262068,Medical treatment,2013,5,Hit object,Single Vehicle,153.118774,-27.481831,Gateway Arterial Rd,,Tingalpa,Chatsworth,No Roadway Feature,No traffic control,100 - 110 km/h,Sealed - Wet,Daylight,Straight,Veh'S Same Direction: Lane Side Swipe,Lane changes,0,0,2,0,2,2,0,0,0,0,0,0
262093,Minor injury,2013,15,Rear-end,Multi-Vehicle,153.0688658,-27.47064577,Wynnum Rd,,Morningside,Bulimba,No Roadway Feature,No traffic control,60 km/h,Sealed - Dry,Daylight,Curved - view open,Veh'S Same Direction: Rear End,Rear-end,0,0,0,1,1,3,0,0,0,0,0,0
262094,Minor injury,2013,18,Angle,Multi-Vehicle,153.093228,-27.468977,Southgate Ave,Wynnum Rd,Cannon Hill,Bulimba,Intersection - Cross,Operating traffic lights,70 km/h,Sealed - Dry,Darkness - Lighted,Straight,Veh'S Manoeuvring: Entering From Footway,Vehicle leaving driveway,0,0,0,1,1,1,0,0,0,1,0,0
262095,Minor injury,2013,21,Angle,Multi-Vehicle,153.092212,-27.575831,Logan Sub-Arterial Rd,Miles Platting Rd,Eight Mile Plains,Sunnybank,Intersection - Cross,Operating traffic lights,60 km/h,Sealed - Dry,Darkness - Lighted,Straight,Veh'S Adjacent Approach: Thru-Thru,Intersection from adjacent approaches,0,0,0,1,1,2,0,0,0,0,0,0
262134,Hospitalisation,2013,6,Sideswipe,Multi-Vehicle,153.0181068,-27.57865553,Mortimer Rd,,Acacia Ridge,Sunnybank,No Roadway Feature,No traffic control,60 km/h,Sealed - Dry,Daylight,Straight,Veh'S Same Direction: Right Turn S/Swipe,Parallel lanes turning,0,1,0,0,1,1,1,0,0,0,0,0
262135,Hospitalisation,2013,13,Angle,Multi-Vehicle,153.0729254,-27.49770617,Lavington St,Martha St,Camp Hill,Greenslopes,Intersection - T-Junction,Stop sign,0 - 50 km/h,Sealed - Dry,Daylight,Straight,Veh'S Adjacent Approach: Thru-Right,Intersection from adjacent approaches,0,1,0,0,1,2,0,0,0,0,0,0
262136,Hospitalisation,2013,8,Hit parked vehicle,Single Vehicle,153.0730393,-27.49488818,Warilda St,,Camp Hill,Greenslopes,No Roadway Feature,No traffic control,0 - 50 km/h,Sealed - Dry,Daylight,Straight,Veh'S Opposite Approach: Other,Other,0,4,1,0,5,2,0,0,0,0,0,0
262139,Medical treatment,2013,17,Rear-end,Multi-Vehicle,152.945762,-27.597713,Progress Rd,,Richlands,Inala,Bridge/Causeway,No traffic control,60 km/h,Sealed - Dry,Dawn/Dusk,Straight,Veh'S Same Direction: Rear End,Rear-end,0,0,1,0,1,3,0,0,0,0,0,0
262140,Minor injury,2013,19,Rear-end,Multi-Vehicle,153.060384,-27.451502,Jamieson St,Oxford St,Bulimba,Bulimba,Intersection - Cross,Give way sign,0 - 50 km/h,Sealed - Dry,Darkness - Lighted,Straight,Veh'S Manoeuvring: Reversing,Hit parked vehicle,0,0,0,1,1,2,0,0,0,0,0,0
262142,Medical treatment,2013,19,Hit object,Single Vehicle,153.06976,-27.585947,Daw Rd,Nathan Rd,Runcorn,Sunnybank,Intersection - T-Junction,No traffic control,60 km/h,Sealed - Dry,Darkness - Lighted,Curved - view open,Off Path-Curve: Off Cway Lt Bend Hit Obj,Off carriageway on curve hit object,0,0,1,0,1,1,0,0,0,0,0,0
262143,Hospitalisation,2013,12,Angle,Multi-Vehicle,153.0324279,-27.4859835,Leopard St,Stanley St,Woolloongabba,South Brisbane,Intersection - Interchange,Operating traffic lights,60 km/h,Sealed - Dry,Daylight,Straight,Veh'S Adjacent Approach: Thru-Thru,Intersection from adjacent approaches,0,1,0,0,1,2,0,0,0,0,0,0
262149,Medical treatment,2013,8,Angle,Multi-Vehicle,153.125391,-27.503008,Cleveland Sub-Arterial Rd,Gateway Art Rd Ramp Vf,Belmont,Chatsworth,Intersection - Interchange,Operating traffic lights,60 km/h,Sealed - Dry,Daylight,Straight,Veh'S Adjacent Approach: Thru-Thru,Intersection from adjacent approaches,0,0,1,0,1,2,0,0,0,0,0,0
262176,Medical treatment,2013,10,Rear-end,Multi-Vehicle,153.031562,-27.512311,Ekibin Rd,Ipswich Rd,Annerley,Yeerongpilly,Intersection - T-Junction,Operating traffic lights,60 km/h,Sealed - Dry,Daylight,Straight,Veh'S Same Direction: Rear End,Rear-end,0,0,1,0,1,2,0,0,0,0,0,0
262177,Medical treatment,2013,17,Fall from vehicle,Single Vehicle,153.040472,-27.50572167,Earl St,,Greenslopes,South Brisbane,No Roadway Feature,No traffic control,60 km/h,Sealed - Dry,Daylight,Straight,Off Path-Straight:Out Of Control On Cway,Out of control on straight,0,0,1,0,1,1,1,0,0,0,0,0
262182,Hospitalisation,2013,11,Rear-end,Multi-Vehicle,153.0817077,-27.56059508,Logan Sub-Arterial Rd,,Upper Mount Gravatt,Mansfield,No Roadway Feature,No traffic control,0 - 50 km/h,Sealed - Dry,Daylight,Straight,Veh'S Manoeuvring: Other,Other,0,1,1,0,2,2,0,0,0,0,0,0
262183,Medical treatment,2013,17,Rear-end,Multi-Vehicle,153.091962,-27.545919,Newnham Rd,,Upper Mount Gravatt,Mansfield,No Roadway Feature,No traffic control,60 km/h,Sealed - Dry,Daylight,Straight,Veh'S Same Direction: Right Rear,Rear-end,0,0,2,0,2,3,0,0,0,0,0,0
262184,Medical treatment,2013,15,Angle,Multi-Vehicle,153.046788,-27.48618,Vulture St East,Withington St,East Brisbane,South Brisbane,Intersection - T-Junction,No traffic control,60 km/h,Sealed - Dry,Daylight,Straight,Veh'S Same Direction: Lane Change Right,Lane changes,0,0,1,0,1,2,0,0,0,0,0,0
262221,Hospitalisation,2013,10,Hit object,Single Vehicle,153.0502188,-27.50342831,Cornwall St,Rialto St,Greenslopes,South Brisbane,Intersection - Cross,Stop sign,60 km/h,Sealed - Dry,Daylight,Straight,Off Path-Straight: Mounts Traffic Island,Off carriageway on straight hit object,0,1,0,0,1,0,1,0,0,0,0,0
262222,Medical treatment,2013,19,Angle,Multi-Vehicle,153.0660557,-27.56094102,Griffith Arterial Rd,Kessels Rd,Nathan,Yeerongpilly,Intersection - Cross,Operating traffic lights,60 km/h,Sealed - Dry,Darkness - Lighted,Straight,Veh'S Opposite Approach: Thru-Right,Opposing vehicles turning,0,0,1,0,1,2,0,0,0,0,0,0
262223,Medical treatment,2013,15,Rear-end,Multi-Vehicle,153.066711,-27.557962,Nathan Connection Arterial Rd,,Macgregor,Yeerongpilly,No Roadway Feature,No traffic control,60 km/h,Sealed - Dry,Daylight,Straight,Veh'S Same Direction: Rear End,Rear-end,0,0,2,0,2,2,0,0,0,0,0,0
262229,Hospitalisation,2013,9,Angle,Multi-Vehicle,153.0276874,-27.65869333,Johnson Rd,,Parkinson,Algester,No Roadway Feature,No traffic control,60 km/h,Sealed - Dry,Daylight,Straight,Veh'S Manoeuvring: Entering From Footway,Vehicle leaving driveway,0,1,0,0,1,2,0,0,0,0,0,0
262255,Medical treatment,2013,9,Rear-end,Multi-Vehicle,152.945753,-27.534318,Seventeen Mile Rocks Rd,Western Arterial Rd,Jindalee,Mount Ommaney,Intersection - T-Junction,Give way sign,60 km/h,Sealed - Dry,Daylight,Curved - view obscured,Veh'S Same Direction: Left Rear,Rear-end,0,0,1,0,1,2,0,0,0,0,0,0
262256,Minor injury,2013,22,Head-on,Multi-Vehicle,153.081086,-27.598957,Beenleigh Rd,Persse Rd,Runcorn,Sunnybank,Intersection - T-Junction,Operating traffic lights,60 km/h,Sealed - Dry,Darkness - Lighted,Straight,Veh'S Opposite Approach: Thru-Right,Opposing vehicles turning,0,0,0,1,1,2,0,0,0,0,0,0
262257,Hospitalisation,2013,18,Angle,Multi-Vehicle,153.0772302,-27.48559115,Ferguson Rd,Oateson Skyline Dr,Seven Hills,Bulimba,Intersection - Roundabout,Give way sign,60 km/h,Sealed - Dry,Darkness - Not lighted,Curved - view open,Veh'S Opposite Approach: Thru-Right,Opposing vehicles turning,0,1,0,0,1,1,0,0,1,0,0,0
262259,Hospitalisation,2013,9,Head-on,Multi-Vehicle,153.0390297,-27.47615247,Castlebar St,Lambert St,Kangaroo Point,South Brisbane,Intersection - T-Junction,Give way sign,0 - 50 km/h,Sealed - Dry,Daylight,Curved - view open,Veh'S Adjacent Approach: Left-Thru,Intersection from adjacent approaches,0,1,0,0,1,1,0,0,0,1,0,0
262260,Hospitalisation,2013,17,Angle,Multi-Vehicle,153.1565198,-27.45168963,New Lindum Rd,Wynnum Rd,Wynnum West,Lytton,Intersection - Cross,Operating traffic lights,60 km/h,Sealed - Dry,Dawn/Dusk,Straight,Veh'S Opposite Approach: Thru-Right,Opposing vehicles turning,0,1,1,0,2,1,1,0,0,0,0,0
262284,Medical treatment,2013,11,Angle,Multi-Vehicle,153.087979,-27.472,Dahlia St,Muir St,Cannon Hill,Bulimba,Intersection - Cross,Stop sign,0 - 50 km/h,Sealed - Dry,Daylight,Straight,Veh'S Adjacent Approach: Thru-Thru,Intersection from adjacent approaches,0,0,1,0,1,2,0,0,0,0,0,0
262286,Hospitalisation,2013,13,Angle,Multi-Vehicle,153.1167241,-27.54502789,Gateway Art Rd Ramp Xk,Redland Sub-Arterial Rd,Mackenzie,Mansfield,Intersection - Interchange,Operating traffic lights,70 km/h,Sealed - Dry,Daylight,Straight,Veh'S Opposite Approach: Thru-Right,Opposing vehicles turning,0,1,0,0,1,2,0,0,0,0,0,0
262287,Hospitalisation,2013,6,Angle,Multi-Vehicle,153.0155311,-27.47552067,Cordelia St,Melbourne St,South Brisbane,South Brisbane,Intersection - Cross,Operating traffic lights,0 - 50 km/h,Sealed - Dry,Daylight,Straight,Veh'S Adjacent Approach: Thru-Thru,Intersection from adjacent approaches,0,1,0,0,1,1,1,0,0,0,0,0
262321,Medical treatment,2013,16,Rear-end,Multi-Vehicle,153.063936,-27.571965,Mains Rd,Mccullough St,Sunnybank,Sunnybank,Intersection - Cross,Operating traffic lights,60 km/h,Sealed - Dry,Daylight,Straight,Veh'S Same Direction: Rear End,Rear-end,0,0,1,0,1,2,0,0,0,0,0,0
262345,Hospitalisation,2013,10,Angle,Multi-Vehicle,153.0550598,-27.64836215,Logan Mwy,,Drewvale,Stretton,Merge Lane,No traffic control,80 - 90 km/h,Sealed - Dry,Daylight,Curved - view open,Veh'S Same Direction: Lane Change Right,Lane changes,0,1,0,0,1,1,0,1,0,0,0,0
262346,Minor injury,2013,15,Angle,Multi-Vehicle,152.934755,-27.558848,Dandenong Rd,Pennant St,Jamboree Heights,Mount Ommaney,Intersection - T-Junction,No traffic control,60 km/h,Sealed - Dry,Daylight,Straight,Veh'S Opposite Approach: Thru-Right,Opposing vehicles turning,0,0,0,1,1,2,0,0,0,0,0,0
262347,Hospitalisation,2013,9,Hit pedestrian,Hit pedestrian,153.0169685,-27.51972552,Querrin St,,Yeronga,Yeerongpilly,No Roadway Feature,No traffic control,60 km/h,Sealed - Dry,Daylight,Straight,Ped'N: Hit Other,Other,0,1,0,0,1,1,0,0,0,0,1,0
262380,Hospitalisation,2013,19,Head-on,Multi-Vehicle,153.0501107,-27.6238982,Golden Ave,Kameruka St,Calamvale,Stretton,Intersection - T-Junction,No traffic control,60 km/h,Sealed - Dry,Darkness - Lighted,Straight,Veh'S Opposite Approach: Thru-Right,Opposing vehicles turning,0,1,0,1,2,2,0,0,0,0,0,0
262383,Medical treatment,2013,17,Hit parked vehicle,Single Vehicle,153.01856,-27.543712,Muriel Ave,,Moorooka,Yeerongpilly,Intersection - T-Junction,Give way sign,0 - 50 km/h,Sealed - Dry,Dawn/Dusk,Straight,Veh'S On Path: Parked,Hit parked vehicle,0,0,1,0,1,3,0,0,0,0,0,0
262388,Hospitalisation,2013,16,Rear-end,Multi-Vehicle,153.1797169,-27.5139765,Cleveland Sub-Arterial Rd,,Chandler,Chatsworth,No Roadway Feature,No traffic control,70 km/h,Sealed - Dry,Daylight,Straight,Veh'S Same Direction: Right Rear,Rear-end,0,1,0,0,1,3,0,0,0,0,0,0
262417,Hospitalisation,2013,8,Hit object,Single Vehicle,152.97251,-27.51248892,Honour Ave,,Chelmer,Indooroopilly,No Roadway Feature,No traffic control,60 km/h,Sealed - Dry,Daylight,Straight,Off Path-Straight: Left Off Cway Hit Obj,Off carriageway on straight hit object,0,1,0,0,1,1,0,0,0,0,0,0
262418,Hospitalisation,2013,18,Rear-end,Multi-Vehicle,153.071022,-27.56867813,Carnaby St,Granadilla St,Macgregor,Sunnybank,Intersection - T-Junction,Stop sign,0 - 50 km/h,Sealed - Dry,Darkness - Lighted,Straight,Veh'S Same Direction: Left Rear,Rear-end,0,1,0,0,1,1,1,0,0,0,0,0
262419,Minor injury,2013,13,Rear-end,Multi-Vehicle,153.0955306,-27.60636176,Beenleigh Rd,,Kuraby,Stretton,No Roadway Feature,Pedestrian crossing sign,60 km/h,Sealed - Dry,Daylight,Curved - view open,Veh'S Same Direction: Rear End,Rear-end,0,0,0,1,1,2,0,0,0,0,0,0
262420,Medical treatment,2013,16,Rear-end,Multi-Vehicle,153.066506,-27.558176,Nathan Connection Arterial Rd,,Nathan,Yeerongpilly,No Roadway Feature,No traffic control,60 km/h,Sealed - Dry,Daylight,Straight,Veh'S Same Direction: Left Rear,Rear-end,0,0,1,2,3,1,0,0,1,0,0,0
262421,Hospitalisation,2013,6,Angle,Multi-Vehicle,153.0139522,-27.48736565,Dornoch Tce Service Rd,St James St,Highgate Hill,South Brisbane,Intersection - Cross,Give way sign,0 - 50 km/h,Sealed - Dry,Daylight,Curved - view open,Veh'S Manoeuvring: Entering From Footway,Vehicle leaving driveway,0,2,0,0,2,1,0,0,0,2,0,0