Crash_Ref_Number,Severity,Year,Hour,Crash_Nature,Crash_Type,Longitude,Latitude,Street,Street_Intersecting,Suburb,Loc_State_Electorate,Crash_Roadway_Feature,Crash_Traffic_Control,Crash_Speed_Limit,Crash_Road_Surface_Condition,Crash_Lighting_Condition,Crash_Road_Horiz_Align,Crash_DCA_Description,Crash_DCA_Group_Description,Count_Casualty_Fatality,Count_Casualty_Hospitalised,Count_Casualty_MedicallyTreated,Count_Casualty_MinorInjury,Count_Casualty_Total,Count_Unit_Car,Count_Unit_Motorcycle_Moped,Count_Unit_Truck,Count_Unit_Bus,Count_Unit_Bicycle,Count_Unit_Pedestrian,Count_Unit_Other
262422,Medical treatment,2013,21,Head-on,Multi-Vehicle,153.12014,-27.474426,Boundary St,Wynnum Rd,Tingalpa,Chatsworth,Intersection - T-Junction,Operating traffic lights,60 km/h,Sealed - Dry,Darkness - Lighted,Straight,Veh'S Adjacent Approach: Thru-Right,Intersection from adjacent approaches,0,0,2,0,2,3,0,0,0,0,0,0
262445,Hospitalisation,2013,18,Hit pedestrian,Hit pedestrian,152.9304588,-27.54095818,Evans Ct,,Mount Ommaney,Mount Ommaney,No Roadway Feature,No traffic control,0 - 50 km/h,Sealed - Dry,Darkness - Lighted,Curved - view open,Ped'N: Hit Other,Other,0,1,0,0,1,1,0,0,0,0,1,0
262446,Hospitalisation,2013,18,Hit object,Single Vehicle,152.9338341,-27.58207614,Cunningham Arterial Rd,,Wacol,Inala,No Roadway Feature,No traffic control,100 - 110 km/h,Sealed - Dry,Dawn/Dusk,Straight,Off Path-Straight: Left Off Cway Hit Obj,Off carriageway on straight hit object,0,2,0,0,2,1,0,0,0,0,0,0
262447,Medical treatment,2013,11,Rear-end,Multi-Vehicle,153.05838,-27.599329,Pinelands Rd,,Sunnybank Hills,Sunnybank,Intersection - T-Junction,No traffic control,60 km/h,Sealed - Dry,Daylight,Curved - view open,Veh'S Same Direction: Left Rear,Rear-end,0,0,1,0,1,2,0,0,0,0,0,0
262449,Hospitalisation,2013,19,Hit pedestrian,Hit pedestrian,153.0889006,-27.56231703,Newnham Rd,,Upper Mount Gravatt,Mansfield,No Roadway Feature,No traffic control,60 km/h,Sealed - Dry,Darkness - Lighted,Straight,Ped'N: Far Side Vehicle Hit From Left,Pedestrian,0,1,0,0,1,0,1,0,0,0,1,0
262450,Medical treatment,2013,16,Sideswipe,Multi-Vehicle,153.0304004,-27.48575671,Allen St,Stanley St,Woolloongabba,South Brisbane,No Roadway Feature,Operating traffic lights,60 km/h,Sealed - Dry,Daylight,Straight,Veh'S Same Direction: Lane Side Swipe,Lane changes,0,0,1,0,1,2,0,0,0,1,0,0
262451,Medical treatment,2013,19,Rear-end,Multi-Vehicle,153.032394,-27.484029,Vulture St,,Kangaroo Point,South Brisbane,No Roadway Feature,No traffic control,60 km/h,Sealed - Dry,Darkness - Lighted,Straight,Veh'S Same Direction: Rear End,Rear-end,0,0,1,1,2,2,0,0,0,0,0,0
262452,Medical treatment,2013,19,Rear-end,Multi-Vehicle,153.0292048,-27.48085113,South East Arterial Rd,,Kangaroo Point,South Brisbane,Bridge/Causeway,Police,80 - 90 km/h,Sealed - Dry,Darkness - Lighted,Straight,Veh'S Same Direction: Rear End,Rear-end,0,0,1,0,1,1,1,0,0,0,0,0
262453,Minor injury,2013,8,Angle,Multi-Vehicle,153.14718,-27.489947,Caladium St,New Cleveland Rd,Wakerley,Chatsworth,Intersection - T-Junction,No traffic control,60 km/h,Sealed - Wet,Daylight,Straight,Veh'S Adjacent Approach: Thru-Right,Intersection from adjacent approaches,0,0,0,2,2,2,0,0,0,0,0,0
262484,Medical treatment,2013,10,Angle,Multi-Vehicle,152.918098,-27.603073,Wilruna St,,Wacol,Inala,No Roadway Feature,No traffic control,60 km/h,Sealed - Dry,Daylight,Straight,Veh'S Opposite Approach: Thru-Right,Opposing vehicles turning,0,0,1,0,1,2,0,0,0,0,0,0
262487,Hospitalisation,2013,4,Fall from vehicle,Single Vehicle,152.9933348,-27.52469173,Graceville Ave,,Graceville,Indooroopilly,No Roadway Feature,No traffic control,60 km/h,Sealed - Dry,Darkness - Not lighted,Curved - view open,Off Path-Curve: Out Of Control On Cway,Out of control on curve,0,1,0,0,1,0,1,0,0,0,0,0
262488,Medical treatment,2013,13,Rear-end,Multi-Vehicle,153.028173,-27.484713,Raymond Tce,Stanley St,South Brisbane,South Brisbane,Intersection - T-Junction,Operating traffic lights,0 - 50 km/h,Sealed - Dry,Daylight,Straight,Veh'S Same Direction: Rear End,Rear-end,0,0,1,0,1,1,0,0,1,0,0,0
262489,Hospitalisation,2013,8,Angle,Multi-Vehicle,153.0302599,-27.48559653,Allen St,Stanley St,Woolloongabba,South Brisbane,Intersection - T-Junction,Operating traffic lights,60 km/h,Sealed - Dry,Daylight,Straight,Veh'S Opposite Approach: Thru-Right,Opposing vehicles turning,0,1,0,0,1,2,0,0,0,0,0,0
262528,Medical treatment,2013,19,Rear-end,Multi-Vehicle,153.070992,-27.55491738,South East Arterial Rd,,Upper Mount Gravatt,Mansfield,No Roadway Feature,No traffic control,80 - 90 km/h,Sealed - Dry,Darkness - Lighted,Straight,Veh'S Same Direction: Rear End,Rear-end,0,0,1,0,1,1,0,0,0,0,0,0
262529,Medical treatment,2013,7,Rear-end,Multi-Vehicle,153.047413,-27.488282,Didsbury St,Stanley St East,East Brisbane,South Brisbane,No Roadway Feature,No traffic control,60 km/h,Sealed - Dry,Daylight,Curved - view open,Veh'S Same Direction: Rear End,Rear-end,0,0,1,0,1,1,1,0,0,0,0,0
262560,Hospitalisation,2013,17,Rear-end,Multi-Vehicle,153.0648874,-27.49198824,Old Cleveland Rd,,Coorparoo,Bulimba,No Roadway Feature,No traffic control,60 km/h,Sealed - Dry,Daylight,Straight,Veh'S Same Direction: Rear End,Rear-end,0,1,0,2,3,3,0,0,0,0,0,0
262563,Medical treatment,2013,20,Angle,Multi-Vehicle,153.048764,-27.503222,Cornwall St,,Greenslopes,South Brisbane,No Roadway Feature,No traffic control,60 km/h,Sealed - Dry,Darkness - Lighted,Straight,Veh'S Opposite Approach: Thru-Right,Opposing vehicles turning,0,0,2,0,2,0,2,0,0,0,0,0
262566,Medical treatment,2013,5,Hit pedestrian,Hit pedestrian,152.962186,-27.60692,Crater St,,Inala,Inala,No Roadway Feature,No traffic control,0 - 50 km/h,Sealed - Dry,Dawn/Dusk,Straight,Ped'N: Play; Work; Stand; Lie On C'Way,Pedestrian,0,0,1,0,1,1,0,0,0,0,1,0
262567,Hospitalisation,2013,20,Hit parked vehicle,Single Vehicle,153.0177346,-27.5309055,Ipswich Rd,,Moorooka,Yeerongpilly,No Roadway Feature,No traffic control,60 km/h,Sealed - Dry,Darkness - Lighted,Straight,Off Path-Straight: Left Off Cway Hit Obj,Off carriageway on straight hit object,0,1,0,0,1,5,0,1,0,0,0,0
262571,Hospitalisation,2013,6,Angle,Multi-Vehicle,153.0134912,-27.48731964,Dornoch Tce,Sankey St,Highgate Hill,South Brisbane,Intersection - T-Junction,No traffic control,60 km/h,Sealed - Dry,Daylight,Straight,Veh'S Manoeuvring: Entering From Footway,Vehicle leaving driveway,0,1,0,0,1,1,0,0,0,1,0,0
262578,Minor injury,2013,16,Angle,Multi-Vehicle,153.149122,-27.509554,Cleveland Sub-Arterial Rd,,Chandler,Chatsworth,No Roadway Feature,No traffic control,80 - 90 km/h,Sealed - Dry,Daylight,Straight,Veh'S Opposite Approach: Thru-Right,Opposing vehicles turning,0,0,0,1,1,2,0,0,0,0,0,0
262596,Hospitalisation,2013,15,Hit pedestrian,Hit pedestrian,153.0394164,-27.56387236,Orange Grove Rd,,Coopers Plains,Sunnybank,No Roadway Feature,No traffic control,60 km/h,Sealed - Dry,Daylight,Straight,Ped'N: Near Side Vehicle Hit From Right,Pedestrian,0,1,0,0,1,1,0,0,0,0,1,0
262598,Hospitalisation,2013,9,Angle,Multi-Vehicle,153.0545523,-27.57812022,Lister St,Station Rd,Sunnybank,Sunnybank,Intersection - Roundabout,Give way sign,0 - 50 km/h,Sealed - Dry,Daylight,Straight,Veh'S Adjacent Approach: Thru-Thru,Intersection from adjacent approaches,0,1,0,0,1,1,1,0,0,0,0,0
262599,Medical treatment,2013,16,Rear-end,Multi-Vehicle,153.035845,-27.482847,Main St,Princess St,Kangaroo Point,South Brisbane,Intersection - Cross,Operating traffic lights,60 km/h,Sealed - Dry,Daylight,Straight,Veh'S Same Direction: Rear End,Rear-end,0,0,1,0,1,2,0,0,0,0,0,0
262600,Hospitalisation,2013,16,Angle,Multi-Vehicle,153.1116436,-27.47229393,Villiers St,Wynnum Rd,Tingalpa,Chatsworth,Intersection - T-Junction,Give way sign,70 km/h,Sealed - Dry,Daylight,Straight,Veh'S Manoeuvring: Entering From Footway,Vehicle leaving driveway,0,1,0,0,1,2,1,0,0,0,0,0
262628,Medical treatment,2013,11,Hit object,Single Vehicle,153.0407691,-27.64870025,Logan Mwy Ramp Da,,Parkinson,Algester,Intersection - Interchange,No traffic control,80 - 90 km/h,Sealed - Dry,Daylight,Curved - view open,Off Path-Curve: Off Cway Lt Bend Hit Obj,Off carriageway on curve hit object,0,0,1,0,1,1,0,0,0,0,0,0
262631,Minor injury,2013,18,Angle,Multi-Vehicle,152.970974,-27.62696406,Forest Lake Blvd,Grand Ave,Forest Lake,Algester,Intersection - Cross,Operating traffic lights,60 km/h,Sealed - Dry,Darkness - Lighted,Curved - view open,Veh'S Adjacent Approach: Right-Thru,Intersection from adjacent approaches,0,0,0,1,1,2,0,0,0,0,0,0
262633,Medical treatment,2013,5,Sideswipe,Multi-Vehicle,152.987682,-27.529967,Johnstone St,,Sherwood,Indooroopilly,No Roadway Feature,No traffic control,0 - 50 km/h,Sealed - Dry,Dawn/Dusk,Straight,Veh'S Same Direction: Lane Side Swipe,Lane changes,0,0,1,0,1,1,0,0,0,1,0,0
262663,Medical treatment,2013,14,Angle,Multi-Vehicle,153.024162,-27.568375,Boundary Rd,Mt Lindesay Art. Rd,Archerfield,Sunnybank,Intersection - Cross,Operating traffic lights,60 km/h,Sealed - Dry,Daylight,Straight,Veh'S Opposite Approach: Thru-Right,Opposing vehicles turning,0,0,1,0,1,2,0,0,0,0,0,0
262668,Medical treatment,2013,6,Sideswipe,Multi-Vehicle,153.022545,-27.527103,Beaudesert Rd,Colebrook Ave,Moorooka,Yeerongpilly,No Roadway Feature,No traffic control,60 km/h,Sealed - Dry,Daylight,Curved - view open,Veh'S Same Direction: Lane Change Left,Lane changes,0,0,1,0,1,2,0,0,0,0,0,0
262669,Medical treatment,2013,20,Sideswipe,Multi-Vehicle,153.102239,-27.447655,Gateway Arterial Rd,,Murarrie,Bulimba,Bridge/Causeway,No traffic control,100 - 110 km/h,Sealed - Dry,Darkness - Lighted,Straight,Veh'S Same Direction: Other,Other,0,0,1,0,1,2,0,0,0,0,0,0
262678,Medical treatment,2013,16,Rear-end,Multi-Vehicle,153.149199,-27.509492,Cleveland Sub-Arterial Rd,,Chandler,Chatsworth,No Roadway Feature,No traffic control,80 - 90 km/h,Sealed - Dry,Daylight,Straight,Veh'S Same Direction: Rear End,Rear-end,0,0,1,0,1,2,0,0,0,0,0,0
262710,Hospitalisation,2013,17,Rear-end,Multi-Vehicle,153.0689666,-27.65141107,Logan Mwy,,Drewvale,Stretton,No Roadway Feature,No traffic control,100 - 110 km/h,Sealed - Dry,Dawn/Dusk,Straight,Veh'S Same Direction: Lane Change Right,Lane changes,0,2,0,1,3,4,0,0,0,0,0,0
262711,Minor injury,2013,19,Rear-end,Multi-Vehicle,153.024215,-27.568662,Mt Lindesay Art. Rd,,Coopers Plains,Sunnybank,No Roadway Feature,No traffic control,80 - 90 km/h,Sealed - Dry,Darkness - Lighted,Straight,Veh'S Same Direction: Rear End,Rear-end,0,0,0,1,1,3,0,0,0,0,0,0
262713,Hospitalisation,2013,12,Hit object,Single Vehicle,153.0073255,-27.63926253,Axis Pl,,Larapinta,Algester,No Roadway Feature,No traffic control,0 - 50 km/h,Sealed - Dry,Daylight,Straight,Veh'S On Path: Temporary Object On C'Way,Other,0,1,0,0,1,0,1,0,0,0,0,0
262714,Medical treatment,2013,9,Rear-end,Multi-Vehicle,153.070789,-27.57295,Mccullough St,,Sunnybank,Sunnybank,No Roadway Feature,No traffic control,60 km/h,Sealed - Dry,Daylight,Straight,Veh'S Same Direction: Rear End,Rear-end,0,0,1,0,1,2,0,0,0,0,0,0
262715,Medical treatment,2013,10,Angle,Multi-Vehicle,153.154341,-27.466636,Radford Rd,Wondall Rd,Tingalpa,Lytton,Intersection - T-Junction,Operating traffic lights,60 km/h,Sealed - Dry,Daylight,Straight,Veh'S Opposite Approach: Thru-Right,Opposing vehicles turning,0,0,1,0,1,2,0,0,0,0,0,0
262739,Medical treatment,2013,15,Angle,Multi-Vehicle,153.016825,-27.557891,Beatty Rd,Griffith Arterial Rd,Rocklea,Yeerongpilly,Intersection - Cross,Operating traffic lights,60 km/h,Sealed - Dry,Daylight,Straight,Veh'S Opposite Approach: Thru-Right,Opposing vehicles turning,0,0,1,0,1,2,0,0,0,0,0,0
262740,Hospitalisation,2013,19,Hit object,Single Vehicle,153.0115377,-27.53908253,Fairfield Rd,,Yeerongpilly,Yeerongpilly,No Roadway Feature,No traffic control,60 km/h,Sealed - Dry,Darkness - Not lighted,Straight,Veh'S On Path: Temporary Object On C'Way,Other,0,1,0,0,1,1,0,0,0,0,0,0
262741,Minor injury,2013,18,Angle,Multi-Vehicle,153.065956,-27.561044,Griffith Arterial Rd,Mains Rd,Macgregor,Sunnybank,Intersection - Cross,Operating traffic lights,60 km/h,Sealed - Dry,Dawn/Dusk,Straight,Veh'S Opposite Approach: Thru-Right,Opposing vehicles turning,0,0,0,1,1,1,0,0,0,0,0,1
262742,Hospitalisation,2013,10,Angle,Multi-Vehicle,153.1748864,-27.43910551,Berrima St,Waterloo Esp,Wynnum,Lytton,Intersection - T-Junction,No traffic control,0 - 50 km/h,Sealed - Dry,Daylight,Straight,Veh'S Manoeuvring: Entering From Footway,Vehicle leaving driveway,0,1,0,0,1,3,0,0,0,0,0,0
262743,Hospitalisation,2013,14,Head-on,Multi-Vehicle,153.142948,-27.45387772,Kianawah Rd,,Wynnum West,Lytton,No Roadway Feature,No traffic control,60 km/h,Sealed - Dry,Daylight,Straight,Veh'S Opposite Approach: Head On,Head-on,0,2,0,0,2,2,0,0,0,0,0,0
262760,Hospitalisation,2013,2,Hit object,Single Vehicle,153.1090235,-27.46417196,Goodman Pl,Murarrie Rd,Murarrie,Bulimba,Intersection - T-Junction,No traffic control,60 km/h,Sealed - Dry,Darkness - Lighted,Curved - view open,Off Path-Curve: Off Cway Rt Bend Hit Obj,Off carriageway on curve hit object,0,2,0,0,2,1,0,0,0,0,0,0
262761,Medical treatment,2013,14,Angle,Multi-Vehicle,153.120872,-27.545554,Gardner Rd,Redland Sub-Arterial Rd,Mackenzie,Mansfield,Intersection - Cross,Operating traffic lights,60 km/h,Sealed - Dry,Daylight,Straight,Veh'S Adjacent Approach: Thru-Thru,Intersection from adjacent approaches,0,0,1,0,1,2,0,0,0,0,0,0
262789,Hospitalisation,2013,15,Angle,Multi-Vehicle,153.1011759,-27.489929,Creek Rd,Stanley Rd,Carina,Bulimba,Intersection - T-Junction,Operating traffic lights,60 km/h,Sealed - Dry,Daylight,Straight,Veh'S Opposite Approach: Thru-Right,Opposing vehicles turning,0,1,2,0,3,3,0,0,0,0,0,0
262791,Hospitalisation,2013,8,Angle,Multi-Vehicle,152.9594958,-27.59192496,Archerfield Rd,Azalea St,Inala,Inala,Intersection - Cross,Stop sign,60 km/h,Sealed - Dry,Daylight,Straight,Veh'S Adjacent Approach: Thru-Thru,Intersection from adjacent approaches,0,1,0,0,1,2,0,0,0,0,0,0
262792,Medical treatment,2013,12,Rear-end,Multi-Vehicle,153.07139,-27.56172,Griffith Arterial Rd,,Macgregor,Yeerongpilly,No Roadway Feature,No traffic control,60 km/h,Sealed - Dry,Daylight,Straight,Veh'S Same Direction: Rear End,Rear-end,0,0,1,0,1,3,0,0,0,0,0,0
262793,Medical treatment,2013,9,Angle,Multi-Vehicle,153.079344,-27.560993,Macgregor St,,Upper Mount Gravatt,Mansfield,No Roadway Feature,No traffic control,60 km/h,Sealed - Dry,Daylight,Curved - view obscured,Veh'S Manoeuvring: Leaving Driveway,Vehicle leaving driveway,0,0,1,0,1,2,0,0,0,0,0,0
262832,Hospitalisation,2013,23,Rear-end,Multi-Vehicle,152.9639561,-27.6336959,Logan Mwy,,Forest Lake,Algester,No Roadway Feature,No traffic control,60 km/h,Sealed - Dry,Darkness - Lighted,Straight,Veh'S Same Direction: Rear End,Rear-end,0,2,0,1,3,2,0,1,0,0,0,0
262833,Hospitalisation,2013,15,Angle,Multi-Vehicle,153.0022382,-27.59395263,King Ave,,Willawong,Sunnybank,No Roadway Feature,No traffic control,80 - 90 km/h,Sealed - Dry,Daylight,Straight,Veh'S Manoeuvring: Entering From Footway,Vehicle leaving driveway,0,1,0,0,1,1,1,0,0,0,0,0
262834,Minor injury,2013,17,Hit pedestrian,Hit pedestrian,153.0296959,-27.49952634,Cornwall St,Kent St,Woolloongabba,South Brisbane,No Roadway Feature,No traffic control,0 - 50 km/h,Sealed - Dry,Daylight,Straight,Ped'N: Hit By Vehicle Enter/Leave D'Way,Pedestrian,0,0,0,1,1,1,0,0,0,0,1,0
262873,Minor injury,2013,8,Rear-end,Multi-Vehicle,153.034205,-27.503654,Ipswich Rd,,Annerley,South Brisbane,No Roadway Feature,No traffic control,60 km/h,Sealed - Dry,Daylight,Straight,Veh'S Same Direction: Rear End,Rear-end,0,0,0,1,1,3,0,0,0,0,0,0
262875,Minor injury,2013,14,Angle,Multi-Vehicle,153.0725869,-27.53045703,Logan Rd,,Mount Gravatt,Greenslopes,No Roadway Feature,No traffic control,60 km/h,Sealed - Dry,Daylight,Straight,Veh'S Manoeuvring: Leaving Driveway,Vehicle leaving driveway,0,0,0,1,1,2,0,0,0,0,0,0
262876,Hospitalisation,2013,10,Rear-end,Multi-Vehicle,153.0014622,-27.58602565,Bowhill Rd,,Willawong,Sunnybank,No Roadway Feature,No traffic control,60 km/h,Sealed - Dry,Daylight,Curved - view open,Veh'S Same Direction: Left Rear,Rear-end,0,1,0,0,1,2,0,0,0,0,0,0
262877,Medical treatment,2013,6,Hit object,Single Vehicle,152.970493,-27.5478694,Blackheath Rd,,Corinda,Mount Ommaney,No Roadway Feature,No traffic control,0 - 50 km/h,Sealed - Dry,Daylight,Straight,Off Path-Straight: Left Off Cway Hit Obj,Off carriageway on straight hit object,0,0,2,0,2,1,0,0,0,0,0,0
262878,Medical treatment,2013,7,Rear-end,Multi-Vehicle,152.9800314,-27.56622753,Cunningham Arterial Rd,,Oxley,Mount Ommaney,No Roadway Feature,No traffic control,80 - 90 km/h,Sealed - Dry,Daylight,Straight,Veh'S Same Direction: Rear End,Rear-end,0,0,1,0,1,2,0,0,0,0,0,0
262879,Hospitalisation,2013,20,Hit object,Single Vehicle,153.1316812,-27.4539918,Hemmant Tingalpa Rd,,Hemmant,Lytton,No Roadway Feature,No traffic control,60 km/h,Sealed - Dry,Darkness - Lighted,Straight,Off Path-Straight:Right Off Cway Hit Obj,Off carriageway on straight hit object,0,1,0,0,1,2,0,0,0,0,0,0
262880,Hospitalisation,2013,0,Hit object,Single Vehicle,153.1293423,-27.4749138,Belmont Rd,Manly Rd,Tingalpa,Chatsworth,Intersection - Cross,Operating traffic lights,80 - 90 km/h,Sealed - Dry,Darkness - Lighted,Straight,Off Path-Straight: Mounts Traffic Island,Off carriageway on straight hit object,0,1,0,0,1,1,0,0,0,0,0,0
262922,Hospitalisation,2013,6,Rear-end,Multi-Vehicle,152.9796043,-27.56655381,Cunningham Art Rd Ramp Jb,,Oxley,Inala,Intersection - Interchange,No traffic control,60 km/h,Sealed - Dry,Daylight,Curved - view obscured,Veh'S Same Direction: Rear End,Rear-end,0,1,0,0,1,1,0,0,0,1,0,0
262924,Medical treatment,2013,14,Angle,Multi-Vehicle,152.961328,-27.594119,Magnolia St,Poinciana St,Inala,Inala,Intersection - Cross,Stop sign,0 - 50 km/h,Sealed - Dry,Daylight,Straight,Veh'S Adjacent Approach: Thru-Thru,Intersection from adjacent approaches,0,0,1,0,1,1,0,0,1,0,0,0
262925,Medical treatment,2013,8,Rear-end,Multi-Vehicle,153.007067,-27.595089,Learoyd Rd,,Willawong,Sunnybank,Merge Lane,No traffic control,80 - 90 km/h,Sealed - Dry,Daylight,Curved - view open,Veh'S Same Direction: Rear End,Rear-end,0,0,1,0,1,1,0,1,0,0,0,0
262926,Hospitalisation,2013,8,Angle,Multi-Vehicle,153.0579514,-27.47316433,Kingsbury St,Wynnum Rd,Norman Park,Bulimba,Intersection - T-Junction,No traffic control,60 km/h,Sealed - Dry,Daylight,Straight,Veh'S Manoeuvring: Entering From Footway,Vehicle leaving driveway,0,1,0,0,1,1,0,0,0,1,0,0
262927,Medical treatment,2013,18,Rear-end,Multi-Vehicle,153.081659,-27.541953,Broadwater Rd,Logan Rd,Mount Gravatt,Mansfield,Intersection - T-Junction,Operating traffic lights,0 - 50 km/h,Sealed - Dry,Dawn/Dusk,Straight,Veh'S Same Direction: Rear End,Rear-end,0,0,1,0,1,2,0,0,0,0,0,0
262933,Hospitalisation,2013,9,Fall from vehicle,Single Vehicle,153.1846559,-27.51920446,Mt Gravatt - Capalaba Rd,,Chandler,Chatsworth,No Roadway Feature,No traffic control,60 km/h,Sealed - Dry,Daylight,Straight,Off Path-Straight:Out Of Control On Cway,Out of control on straight,0,1,0,0,1,0,1,0,0,0,0,0
262935,Hospitalisation,2013,23,Fall from vehicle,Single Vehicle,152.9348564,-27.61232816,Julie Rd,Skepper St,Ellen Grove,Inala,Intersection - Cross,No traffic control,60 km/h,Sealed - Dry,Darkness - Lighted,Straight,Pass & Misc: Fell In/From Vehicle,Other,0,1,0,0,1,1,0,0,0,0,0,0
262961,Medical treatment,2013,20,Hit parked vehicle,Single Vehicle,153.019927,-27.586412,Watson Rd,,Acacia Ridge,Sunnybank,No Roadway Feature,No traffic control,60 km/h,Sealed - Dry,Darkness - Lighted,Straight,Off Path-Straight: Left Off Cway Hit Obj,Off carriageway on straight hit object,0,0,1,0,1,2,0,0,0,0,0,0
262962,Hospitalisation,2013,18,Rear-end,Multi-Vehicle,153.034344,-27.50340644,Ipswich Rd,Juliette St,Annerley,South Brisbane,Intersection - T-Junction,Operating traffic lights,60 km/h,Sealed - Dry,Dawn/Dusk,Straight,Veh'S Same Direction: Rear End,Rear-end,0,2,0,0,2,2,0,0,0,0,0,0
262966,Medical treatment,2013,19,Hit object,Single Vehicle,152.949589,-27.631338,Logan Mwy,,Forest Lake,Inala,No Roadway Feature,No traffic control,100 - 110 km/h,Sealed - Wet,Darkness - Lighted,Straight,Off Path-Straight: Left Off Cway Hit Obj,Off carriageway on straight hit object,0,0,1,0,1,1,0,0,0,0,0,0
262967,Hospitalisation,2013,10,Rear-end,Multi-Vehicle,153.0825519,-27.45664315,Lytton Rd,,Morningside,Bulimba,No Roadway Feature,No traffic control,60 km/h,Sealed - Dry,Daylight,Straight,Veh'S Same Direction: Rear End,Rear-end,0,1,0,0,1,2,0,0,0,0,0,0
262968,Minor injury,2013,10,Angle,Multi-Vehicle,153.085281,-27.588276,Daw Rd,Warrigal Rd,Eight Mile Plains,Stretton,Intersection - T-Junction,Operating traffic lights,60 km/h,Sealed - Dry,Daylight,Straight,Veh'S Opposite Approach: Thru-Right,Opposing vehicles turning,0,0,0,1,1,1,1,0,0,0,0,0
262973,Medical treatment,2013,17,Rear-end,Multi-Vehicle,153.125136,-27.50409,Cleveland Sub-Arterial Rd,Old Cleveland Rd,Belmont,Chatsworth,Intersection - Cross,Operating traffic lights,60 km/h,Sealed - Dry,Dawn/Dusk,Straight,Veh'S Same Direction: Rear End,Rear-end,0,0,1,2,3,1,0,1,0,0,0,0
262990,Medical treatment,2013,14,Rear-end,Multi-Vehicle,153.055092,-27.574512,Station Rd,Turton St,Sunnybank,Sunnybank,Intersection - Cross,No traffic control,0 - 50 km/h,Sealed - Dry,Daylight,Straight,Veh'S Same Direction: Right Rear,Rear-end,0,0,1,0,1,1,1,0,0,0,0,0
262991,Hospitalisation,2013,13,Head-on,Multi-Vehicle,153.1777556,-27.47442652,Whites Rd,,Lota,Lytton,No Roadway Feature,No traffic control,70 km/h,Sealed - Dry,Daylight,Curved - view open,Veh'S Opposite Approach: Head On,Head-on,0,3,0,0,3,2,0,0,0,0,0,0
262997,Hospitalisation,2013,15,Rear-end,Multi-Vehicle,153.1257836,-27.50311483,Gateway Art Rd Ramp Vc,Gateway Art Rd Ramp Vf,Belmont,Chatsworth,Intersection - Interchange,Give way sign,60 km/h,Sealed - Dry,Daylight,Straight,Veh'S Same Direction: Left Rear,Rear-end,0,2,0,0,2,2,0,0,0,0,0,0
263013,Hospitalisation,2013,7,Sideswipe,Multi-Vehicle,152.9956381,-27.5645547,Boundary Rd,,Rocklea,Sunnybank,No Roadway Feature,No traffic control,60 km/h,Sealed - Dry,Daylight,Straight,Veh'S Same Direction: Right Turn S/Swipe,Parallel lanes turning,0,1,0,1,2,2,0,1,0,0,0,0
263014,Minor injury,2013,14,Rear-end,Multi-Vehicle,153.10474,-27.500445,Bedivere St,Old Cleveland Rd,Carindale,Chatsworth,Intersection - T-Junction,No traffic control,60 km/h,Sealed - Dry,Daylight,Curved - view open,Veh'S Same Direction: Left Rear,Rear-end,0,0,0,1,1,2,0,0,0,0,0,0
263015,Medical treatment,2013,18,Rear-end,Multi-Vehicle,153.081989,-27.472933,Blackwood Ave,Richmond Rd,Morningside,Bulimba,No Roadway Feature,No traffic control,60 km/h,Sealed - Dry,Daylight,Straight,Veh'S Same Direction: Right Rear,Rear-end,0,0,1,0,1,2,0,0,0,0,0,0
263016,Hospitalisation,2013,12,Angle,Multi-Vehicle,153.120871,-27.54560786,Gardner Rd,Redland Sub-Arterial Rd,Mackenzie,Mansfield,Intersection - Cross,Operating traffic lights,60 km/h,Sealed - Dry,Daylight,Straight,Veh'S Opposite Approach: Thru-Right,Opposing vehicles turning,0,3,0,0,3,2,0,0,0,0,0,0
263017,Medical treatment,2013,14,Rear-end,Multi-Vehicle,153.173167,-27.448731,Pine St,,Wynnum,Lytton,No Roadway Feature,No traffic control,60 km/h,Sealed - Dry,Daylight,Straight,Veh'S Same Direction: Rear End,Rear-end,0,0,1,0,1,2,0,0,0,0,0,0
263022,Medical treatment,2013,7,Rear-end,Multi-Vehicle,153.162473,-27.508754,Cleveland Sub-Arterial Rd,,Chandler,Chatsworth,No Roadway Feature,No traffic control,80 - 90 km/h,Sealed - Dry,Daylight,Straight,Veh'S Same Direction: Rear End,Rear-end,0,0,1,0,1,2,0,0,0,0,0,0
263042,Medical treatment,2013,16,Sideswipe,Multi-Vehicle,153.043219,-27.49828,Cleveland St,Logan Rd,Greenslopes,South Brisbane,Intersection - T-Junction,Operating traffic lights,60 km/h,Sealed - Dry,Daylight,Straight,Veh'S Same Direction: Lane Side Swipe,Lane changes,0,0,1,0,1,1,0,0,0,1,0,0
263043,Minor injury,2013,6,Rear-end,Multi-Vehicle,153.020547,-27.558385,Griffith Arterial Rd,,Rocklea,Yeerongpilly,No Roadway Feature,No traffic control,60 km/h,Sealed - Dry,Daylight,Straight,Veh'S Same Direction: Rear End,Rear-end,0,0,0,1,1,0,1,1,0,0,0,0
263045,Medical treatment,2013,16,Struck by external load,Other,153.049146,-27.567115,Aesop St,Troughton Rd,Coopers Plains,Sunnybank,Intersection - T-Junction,No traffic control,0 - 50 km/h,Sealed - Dry,Daylight,Straight,Pass & Misc: Load Hit Vehicle,Other,0,0,2,0,2,2,0,0,0,0,0,0