Crash_Ref_Number,Severity,Year,Hour,Crash_Nature,Crash_Type,Longitude,Latitude,Street,Street_Intersecting,Suburb,Loc_State_Electorate,Crash_Roadway_Feature,Crash_Traffic_Control,Crash_Speed_Limit,Crash_Road_Surface_Condition,Crash_Lighting_Condition,Crash_Road_Horiz_Align,Crash_DCA_Description,Crash_DCA_Group_Description,Count_Casualty_Fatality,Count_Casualty_Hospitalised,Count_Casualty_MedicallyTreated,Count_Casualty_MinorInjury,Count_Casualty_Total,Count_Unit_Car,Count_Unit_Motorcycle_Moped,Count_Unit_Truck,Count_Unit_Bus,Count_Unit_Bicycle,Count_Unit_Pedestrian,Count_Unit_Other
263046,Medical treatment,2013,14,Rear-end,Multi-Vehicle,153.086952,-27.564017,Link St,Logan Sub-Arterial Rd,Upper Mount Gravatt,Mansfield,Intersection - Cross,No traffic control,60 km/h,Sealed - Dry,Daylight,Straight,Veh'S Same Direction: Rear End,Rear-end,0,0,1,1,2,2,0,0,0,0,0,0
263076,Hospitalisation,2013,6,Angle,Multi-Vehicle,153.0291723,-27.52312542,Aubigny St,Eric Cres,Annerley,Yeerongpilly,Intersection - T-Junction,Give way sign,0 - 50 km/h,Sealed - Dry,Daylight,Curved - view open,Veh'S Adjacant Approach: Thru-Left,Intersection from adjacent approaches,0,1,0,0,1,1,0,0,0,1,0,0
263079,Hospitalisation,2013,11,Hit object,Single Vehicle,153.0384974,-27.56884037,Orange Grove Rd,,Coopers Plains,Sunnybank,No Roadway Feature,No traffic control,60 km/h,Sealed - Dry,Daylight,Straight,Off Path-Straight: Left Off Cway Hit Obj,Off carriageway on straight hit object,0,1,0,0,1,1,0,0,0,0,0,0
263080,Medical treatment,2013,8,Rear-end,Multi-Vehicle,153.028496,-27.499997,Annerley Rd,,Dutton Park,South Brisbane,Intersection - T-Junction,Operating traffic lights,60 km/h,Sealed - Dry,Daylight,Straight,Veh'S Same Direction: Left Rear,Rear-end,0,0,1,0,1,1,1,0,0,0,0,0
263081,Medical treatment,2013,8,Rear-end,Multi-Vehicle,153.015148,-27.47304,Merivale St,,South Brisbane,South Brisbane,No Roadway Feature,No traffic control,60 km/h,Sealed - Dry,Daylight,Straight,Veh'S Same Direction: Rear End,Rear-end,0,0,1,0,1,2,0,0,0,0,0,0
263118,Hospitalisation,2013,21,Rear-end,Multi-Vehicle,153.0481299,-27.64732218,Logan Mwy,Logan Mwy Ramp Dj,Drewvale,Stretton,Intersection - Interchange,No traffic control,0 - 50 km/h,Sealed - Dry,Darkness - Lighted,Curved - view open,Veh'S Same Direction: Rear End,Rear-end,0,1,1,0,2,2,0,0,0,0,0,0
263119,Hospitalisation,2013,0,Hit object,Single Vehicle,152.9259123,-27.59043522,Cunningham Art Rd Ramp Ne,,Wacol,Inala,Intersection - Interchange,No traffic control,60 km/h,Sealed - Dry,Darkness - Lighted,Straight,Veh'S On Path: Temporary Object On C'Way,Other,0,1,0,0,1,0,1,0,0,0,0,0
263121,Minor injury,2013,8,Angle,Multi-Vehicle,153.108246,-27.492329,Bedivere St,Meadowlands Rd,Carina,Bulimba,Intersection - T-Junction,Operating traffic lights,60 km/h,Sealed - Dry,Daylight,Straight,Veh'S Opposite Approach: Thru-Left,Opposing vehicles turning,0,0,0,1,1,1,0,0,0,1,0,0
263122,Hospitalisation,2013,19,Rear-end,Multi-Vehicle,153.0936681,-27.50428504,Winstanley St,,Carina Heights,Chatsworth,No Roadway Feature,No traffic control,60 km/h,Sealed - Dry,Darkness - Lighted,Curved - view open,Veh'S Same Direction: Rear End,Rear-end,0,1,0,0,1,3,0,0,0,0,0,0
263124,Medical treatment,2013,15,Angle,Multi-Vehicle,153.062249,-27.495875,Beet St,Shire St,Coorparoo,Greenslopes,Intersection - Cross,Give way sign,0 - 50 km/h,Sealed - Dry,Daylight,Straight,Veh'S Adjacent Approach: Thru-Thru,Intersection from adjacent approaches,0,0,1,0,1,2,0,0,0,0,0,0
263125,Medical treatment,2013,7,Angle,Multi-Vehicle,153.055045,-27.488184,Cambridge St,Cavendish Rd,Coorparoo,South Brisbane,Intersection - Cross,No traffic control,60 km/h,Sealed - Dry,Daylight,Straight,Veh'S Opposite Approach: Thru-Right,Opposing vehicles turning,0,0,1,0,1,2,0,0,0,0,0,0
263126,Medical treatment,2013,8,Angle,Multi-Vehicle,152.945161,-27.597549,Progress Rd,Western Arterial Rd,Richlands,Inala,Intersection - Interchange,Operating traffic lights,60 km/h,Sealed - Dry,Daylight,Curved - view open,Veh'S Adjacent Approach: Thru-Right,Intersection from adjacent approaches,0,0,1,0,1,2,0,0,0,0,0,0
263127,Medical treatment,2013,7,Rear-end,Multi-Vehicle,152.963879,-27.633695,Logan Mwy,,Forest Lake,Algester,No Roadway Feature,No traffic control,100 - 110 km/h,Sealed - Dry,Daylight,Straight,Veh'S Same Direction: Rear End,Rear-end,0,0,1,0,1,3,0,0,0,0,0,0
263128,Minor injury,2013,17,Rear-end,Multi-Vehicle,153.008452,-27.556164,Cunningham Arterial Rd,,Rocklea,Yeerongpilly,Bridge/Causeway,No traffic control,80 - 90 km/h,Sealed - Dry,Daylight,Curved - view open,Veh'S Same Direction: Rear End,Rear-end,0,0,0,1,1,2,0,0,0,0,0,0
263129,Medical treatment,2013,6,Angle,Multi-Vehicle,153.057921,-27.453786,Barramul St,Stuart St,Bulimba,Bulimba,Intersection - T-Junction,Give way sign,60 km/h,Sealed - Dry,Daylight,Straight,Veh'S Adjacent Approach: Right-Right,Intersection from adjacent approaches,0,0,1,0,1,1,0,0,0,1,0,0
263132,Medical treatment,2013,4,Overturned,Single Vehicle,153.147379,-27.4247402,Port Of Brisbane Rd,,Lytton,Lytton,Bridge/Causeway,No traffic control,60 km/h,Sealed - Dry,Dawn/Dusk,Straight,Off Path-Straight:Out Of Control On Cway,Out of control on straight,0,0,1,0,1,0,0,1,0,0,0,0
263154,Medical treatment,2013,7,Angle,Multi-Vehicle,153.064854,-27.44994,Apollo Rd,Lytton Rd,Bulimba,Bulimba,Intersection - T-Junction,No traffic control,60 km/h,Sealed - Dry,Daylight,Curved - view open,Veh'S Manoeuvring: Entering From Footway,Vehicle leaving driveway,0,0,1,0,1,1,0,0,0,1,0,0
263155,Medical treatment,2013,7,Rear-end,Multi-Vehicle,153.098552,-27.456893,Creek Rd,Lytton Rd,Murarrie,Bulimba,Intersection - Cross,Operating traffic lights,60 km/h,Sealed - Dry,Darkness - Lighted,Straight,Veh'S Same Direction: Rear End,Rear-end,0,0,1,0,1,2,0,0,0,0,0,0
263156,Hospitalisation,2013,18,Hit object,Single Vehicle,153.0590273,-27.47003731,Hawthorne Rd,,Hawthorne,Bulimba,No Roadway Feature,No traffic control,60 km/h,Sealed - Wet,Darkness - Lighted,Straight,Veh'S Manoeuvring: Leaving Driveway,Vehicle leaving driveway,0,1,0,0,1,3,0,0,0,0,0,0
263157,Hospitalisation,2013,14,Angle,Multi-Vehicle,153.0877537,-27.56618303,Logan Sub-Arterial Rd,Macgregor St,Upper Mount Gravatt,Mansfield,Intersection - Cross,Operating traffic lights,60 km/h,Sealed - Wet,Daylight,Straight,Veh'S Adjacent Approach: Thru-Right,Intersection from adjacent approaches,0,1,0,0,1,2,0,0,0,0,0,0
263158,Hospitalisation,2013,15,Rear-end,Multi-Vehicle,153.0943237,-27.57856099,Logan Sub-Arterial Rd,,Eight Mile Plains,Stretton,No Roadway Feature,No traffic control,70 km/h,Sealed - Wet,Daylight,Straight,Veh'S Same Direction: Rear End,Rear-end,0,1,0,0,1,4,0,0,0,0,0,0
263199,Medical treatment,2013,8,Angle,Multi-Vehicle,153.051333,-27.624089,Kameruka St,,Calamvale,Stretton,No Roadway Feature,No traffic control,60 km/h,Sealed - Dry,Daylight,Straight,Veh'S Manoeuvring: Other,Other,0,0,1,0,1,1,0,0,0,1,0,0
263200,Hospitalisation,2013,18,Rear-end,Multi-Vehicle,153.0411521,-27.64903025,Logan Mwy Ramp De,Mt Lindesay Art. Rd,Drewvale,Stretton,Intersection - Interchange,No traffic control,80 - 90 km/h,Sealed - Wet,Darkness - Lighted,Straight,Veh'S Same Direction: Rear End,Rear-end,0,1,0,1,2,3,0,0,0,0,0,0
263246,Minor injury,2013,7,Rear-end,Multi-Vehicle,153.048432,-27.623682,Kameruka St,Mt Lindesay Art. Rd,Calamvale,Stretton,Intersection - Cross,Operating traffic lights,80 - 90 km/h,Sealed - Dry,Daylight,Straight,Veh'S Same Direction: Rear End,Rear-end,0,0,0,2,2,1,0,0,1,0,0,0
263247,Fatal,2013,17,Sideswipe,Multi-Vehicle,153.1074189,-27.50092295,Old Cleveland Rd,,Carindale,Chatsworth,No Roadway Feature,No traffic control,70 km/h,Sealed - Dry,Daylight,Straight,Veh'S Same Direction: Lane Side Swipe,Lane changes,1,0,0,0,1,0,0,1,0,1,0,0
263249,Medical treatment,2013,9,Angle,Multi-Vehicle,153.072932,-27.470866,Richmond Rd,Wickham St,Morningside,Bulimba,Intersection - T-Junction,Give way sign,0 - 50 km/h,Sealed - Dry,Daylight,Straight,Veh'S Adjacent Approach: Right-Thru,Intersection from adjacent approaches,0,0,1,0,1,1,0,0,1,0,0,0
263250,Medical treatment,2013,9,Rear-end,Multi-Vehicle,153.110333,-27.450203,Paringa Rd,Port Of Brisbane Rd,Murarrie,Bulimba,Intersection - T-Junction,No traffic control,60 km/h,Sealed - Dry,Daylight,Straight,Veh'S Same Direction: Left Rear,Rear-end,0,0,1,0,1,2,0,0,0,0,0,0
263251,Medical treatment,2013,12,Angle,Multi-Vehicle,153.0358836,-27.48460427,Main St,Vulture St,Woolloongabba,South Brisbane,Intersection - Cross,Operating traffic lights,60 km/h,Sealed - Dry,Daylight,Straight,Veh'S Opposite Approach: Thru-Right,Opposing vehicles turning,0,0,1,0,1,2,0,0,0,0,0,0
263252,Hospitalisation,2013,13,Overturned,Single Vehicle,153.1389859,-27.44057176,Lindum Rd,Port Of Brisbane Mwy On/Off Ramp,Lytton,Lytton,Intersection - Interchange,Give way sign,60 km/h,Sealed - Dry,Daylight,Curved - view open,Vehicle Left-Turning At I/S (Or Driveway,Out of control on curve,0,1,0,0,1,0,0,1,0,0,0,0
263259,Hospitalisation,2013,7,Rear-end,Multi-Vehicle,153.1536222,-27.50952765,Cleveland Sub-Arterial Rd,,Chandler,Chatsworth,No Roadway Feature,No traffic control,80 - 90 km/h,Sealed - Dry,Daylight,Straight,Veh'S Same Direction: Rear End,Rear-end,0,1,0,0,1,1,1,0,0,0,0,0
263277,Hospitalisation,2013,14,Hit object,Single Vehicle,153.1136569,-27.5086499,Winstanley St,,Carindale,Chatsworth,Merge Lane,No traffic control,0 - 50 km/h,Sealed - Dry,Daylight,Curved - view open,Off Path-Curve: Other,Other,0,2,0,0,2,1,0,0,0,0,0,0
263278,Hospitalisation,2013,15,Rear-end,Multi-Vehicle,153.0553089,-27.52576024,Bapaume Rd,Marshall Rd,Tarragindi,Yeerongpilly,Intersection - T-Junction,Give way sign,60 km/h,Sealed - Dry,Daylight,Curved - view open,Veh'S Same Direction: Left Rear,Rear-end,0,1,0,0,1,2,0,0,0,0,0,0
263279,Medical treatment,2013,16,Fall from vehicle,Single Vehicle,153.091687,-27.517001,Pine Mountain Rd,,Carina Heights,Chatsworth,No Roadway Feature,No traffic control,60 km/h,Sealed - Dry,Daylight,Straight,Pass & Misc: Fell In/From Vehicle,Other,0,0,1,0,1,1,0,0,0,0,0,0
263280,Hospitalisation,2013,17,Angle,Multi-Vehicle,152.9791949,-27.62912876,Blunder Rd,Forest Lake Blvd,Forest Lake,Algester,Intersection - Cross,Operating traffic lights,70 km/h,Sealed - Dry,Daylight,Straight,Veh'S Adjacent Approach: Thru-Thru,Intersection from adjacent approaches,0,1,0,0,1,2,0,0,0,0,0,0
263285,Hospitalisation,2013,16,Angle,Multi-Vehicle,153.1687636,-27.44611456,Colina St,West Ave,Wynnum,Lytton,Intersection - Cross,Stop sign,0 - 50 km/h,Sealed - Dry,Daylight,Straight,Veh'S Adjacent Approach: Thru-Thru,Intersection from adjacent approaches,0,1,0,1,2,2,0,0,0,0,0,0
263314,Medical treatment,2013,8,Rear-end,Multi-Vehicle,152.923799,-27.555176,Horizon Dr,Riverhills Rd,Middle Park,Mount Ommaney,Intersection - T-Junction,Stop sign,0 - 50 km/h,Sealed - Dry,Daylight,Straight,Veh'S Same Direction: Right Rear,Rear-end,0,0,1,0,1,2,0,0,0,0,0,0
263315,Hospitalisation,2013,6,Hit object,Single Vehicle,152.9739765,-27.57805584,Freeman Rd,Rudd St,Inala,Inala,Intersection - Roundabout,No traffic control,60 km/h,Sealed - Dry,Daylight,Straight,Off Path-Straight: Mounts Traffic Island,Off carriageway on straight hit object,0,1,1,0,2,1,0,0,0,0,0,0
263316,Medical treatment,2013,12,Sideswipe,Multi-Vehicle,152.919962,-27.601461,Cunningham Arterial Rd,,Wacol,Inala,No Roadway Feature,No traffic control,100 - 110 km/h,Sealed - Dry,Daylight,Straight,Veh'S Same Direction: Lane Side Swipe,Lane changes,0,0,1,0,1,1,0,1,0,0,0,0
263317,Minor injury,2013,15,Angle,Multi-Vehicle,153.050822,-27.58264,Beenleigh Rd,Stones Rd,Sunnybank,Sunnybank,Intersection - Cross,Operating traffic lights,0 - 50 km/h,Sealed - Dry,Daylight,Straight,Veh'S Opposite Approach: Thru-Right,Opposing vehicles turning,0,0,0,1,1,2,0,0,0,0,0,0
263318,Minor injury,2013,9,Angle,Multi-Vehicle,153.060741,-27.587509,Beenleigh Rd,Mains Rd,Sunnybank,Sunnybank,Intersection - T-Junction,No traffic control,60 km/h,Sealed - Dry,Daylight,Straight,Veh'S Adjacant Approach: Thru-Left,Intersection from adjacent approaches,0,0,0,1,1,2,0,0,0,0,0,0
263320,Medical treatment,2013,15,Rear-end,Multi-Vehicle,153.055294,-27.525777,Birdwood Rd,Marshall Rd,Tarragindi,Yeerongpilly,Intersection - Cross,Operating traffic lights,60 km/h,Sealed - Dry,Daylight,Straight,Veh'S Same Direction: Right Rear,Rear-end,0,0,1,0,1,2,0,0,0,0,0,0
263321,Medical treatment,2013,16,Rear-end,Multi-Vehicle,152.9550338,-27.624834,Grand Ave,Woogaroo St,Ellen Grove,Algester,Intersection - Roundabout,Give way sign,60 km/h,Sealed - Dry,Daylight,Straight,Veh'S Same Direction: Left Rear,Rear-end,0,0,1,0,1,2,0,0,0,0,0,0
263324,Medical treatment,2013,17,Rear-end,Multi-Vehicle,153.02354,-27.524166,Ipswich Rd,,Moorooka,Yeerongpilly,No Roadway Feature,No traffic control,60 km/h,Sealed - Dry,Daylight,Straight,Veh'S Same Direction: Rear End,Rear-end,0,0,1,0,1,2,0,0,0,0,0,0
263328,Hospitalisation,2013,19,Angle,Multi-Vehicle,153.120893,-27.54548586,Gardner Rd,Redland Sub-Arterial Rd,Mackenzie,Mansfield,Intersection - Cross,Operating traffic lights,60 km/h,Sealed - Dry,Darkness - Lighted,Straight,Veh'S Adjacent Approach: Thru-Thru,Intersection from adjacent approaches,0,1,0,0,1,2,0,0,0,0,0,0
263329,Medical treatment,2013,12,Angle,Multi-Vehicle,153.083512,-27.60743,Gateway Arterial Rd,,Kuraby,Stretton,No Roadway Feature,No traffic control,100 - 110 km/h,Sealed - Dry,Daylight,Straight,Veh'S Manoeuvring: Entering From Footway,Vehicle leaving driveway,0,0,1,0,1,1,0,1,0,0,0,0
263330,Hospitalisation,2013,21,Hit pedestrian,Hit pedestrian,153.0126442,-27.48333266,Brighton Rd,Sussex St,Highgate Hill,South Brisbane,Intersection - T-Junction,No traffic control,0 - 50 km/h,Sealed - Dry,Darkness - Lighted,Straight,Ped'N: Near Side Vehicle Hit From Right,Pedestrian,0,1,0,0,1,1,0,0,0,0,1,0
263331,Medical treatment,2013,14,Hit parked vehicle,Single Vehicle,153.012606,-27.4785559,Boundary St,,West End,South Brisbane,No Roadway Feature,No traffic control,60 km/h,Sealed - Dry,Daylight,Straight,Veh'S Manoeuvring: Other,Other,0,0,1,0,1,1,0,0,0,1,0,0
263332,Minor injury,2013,13,Rear-end,Multi-Vehicle,153.176506,-27.442634,Edith St,Wynnum Esp,Wynnum,Lytton,Intersection - T-Junction,No traffic control,0 - 50 km/h,Sealed - Dry,Daylight,Straight,Veh'S Same Direction: Rear End,Rear-end,0,0,0,1,1,2,0,0,0,0,0,0
263333,Minor injury,2013,20,Rear-end,Multi-Vehicle,153.15226,-27.458497,Wynnum Rd,,Wynnum West,Lytton,No Roadway Feature,No traffic control,60 km/h,Sealed - Dry,Daylight,Curved - view open,Veh'S Same Direction: Rear End,Rear-end,0,0,0,1,1,2,0,0,0,0,0,0
263362,Hospitalisation,2013,20,Angle,Multi-Vehicle,152.9357847,-27.53467615,Curragundi Rd,,Jindalee,Mount Ommaney,No Roadway Feature,No traffic control,60 km/h,Sealed - Dry,Darkness - Lighted,Straight,Veh'S Manoeuvring: Entering From Footway,Vehicle leaving driveway,0,2,0,0,2,2,0,0,0,0,0,0
263366,Medical treatment,2013,4,Hit parked vehicle,Single Vehicle,153.023457,-27.528847,Beaudesert Rd,,Moorooka,Yeerongpilly,No Roadway Feature,No traffic control,60 km/h,Sealed - Dry,Dawn/Dusk,Curved - view open,Off Path-Straight:Out Of Control On Cway,Out of control on straight,0,0,1,0,1,1,0,1,0,0,0,0
263367,Medical treatment,2013,8,Sideswipe,Multi-Vehicle,153.104127,-27.451185,Gateway Arterial Rd,,Murarrie,Bulimba,No Roadway Feature,No traffic control,100 - 110 km/h,Sealed - Dry,Daylight,Straight,Veh'S Same Direction: Lane Change Left,Lane changes,0,0,1,0,1,1,0,1,0,0,0,0
263378,Hospitalisation,2013,15,Hit pedestrian,Hit pedestrian,153.017666,-27.59009754,Gregory St,,Acacia Ridge,Sunnybank,No Roadway Feature,No traffic control,0 - 50 km/h,Sealed - Dry,Daylight,Straight,Ped'N: Far Side Vehicle Hit From Left,Pedestrian,0,1,0,0,1,1,0,0,0,0,1,0
263380,Hospitalisation,2013,18,Angle,Multi-Vehicle,153.040666,-27.50428438,Earl St,Juliette St,Greenslopes,South Brisbane,Intersection - Cross,Operating traffic lights,60 km/h,Sealed - Dry,Darkness - Lighted,Straight,Veh'S Adjacent Approach: Thru-Thru,Intersection from adjacent approaches,0,1,0,0,1,2,0,0,0,0,0,0
263381,Hospitalisation,2013,19,Angle,Multi-Vehicle,153.0664317,-27.5187672,Avesnes St,Holland Rd,Holland Park,Greenslopes,Intersection - T-Junction,Give way sign,60 km/h,Sealed - Dry,Darkness - Lighted,Straight,Veh'S Adjacent Approach: Thru-Right,Intersection from adjacent approaches,0,1,0,0,1,2,0,0,0,0,0,0
263384,Medical treatment,2013,15,Angle,Multi-Vehicle,153.065541,-27.563693,Mains Rd,Pickett St,Macgregor,Sunnybank,Intersection - Cross,No traffic control,60 km/h,Sealed - Dry,Daylight,Straight,Veh'S Opposite Approach: Thru-Right,Opposing vehicles turning,0,0,2,0,2,1,1,0,0,0,0,0
263399,Medical treatment,2013,14,Rear-end,Multi-Vehicle,153.048898,-27.622916,Mt Lindesay Art. Rd,,Calamvale,Stretton,No Roadway Feature,No traffic control,80 - 90 km/h,Sealed - Dry,Daylight,Straight,Veh'S Same Direction: Rear End,Rear-end,0,0,1,0,1,3,0,0,0,0,0,0
263401,Medical treatment,2013,6,Rear-end,Multi-Vehicle,153.030987,-27.513902,Ipswich Rd,Waterton St,Annerley,Yeerongpilly,Intersection - Cross,Operating traffic lights,60 km/h,Sealed - Dry,Daylight,Straight,Veh'S Same Direction: Rear End,Rear-end,0,0,1,0,1,1,0,1,0,0,0,0
263405,Hospitalisation,2013,11,Angle,Multi-Vehicle,153.0396823,-27.54259934,Flanders St,Toohey Rd,Salisbury,Yeerongpilly,Intersection - T-Junction,Give way sign,60 km/h,Sealed - Dry,Daylight,Straight,Veh'S Adjacent Approach: Thru-Right,Intersection from adjacent approaches,0,2,0,0,2,2,0,0,0,0,0,0
263406,Minor injury,2013,12,Angle,Multi-Vehicle,153.059182,-27.472575,Hawthorne Rd,Wynnum Rd,Norman Park,Bulimba,Intersection - Cross,Operating traffic lights,60 km/h,Sealed - Dry,Daylight,Straight,Veh'S Same Direction: Left Turn S/Swipe,Parallel lanes turning,0,0,0,1,1,1,0,0,0,0,0,1
263408,Hospitalisation,2013,18,Fall from vehicle,Single Vehicle,153.0355447,-27.4718075,Main St,,Kangaroo Point,South Brisbane,No Roadway Feature,No traffic control,60 km/h,Sealed - Dry,Darkness - Lighted,Straight,Off Path-Straight:Out Of Control On Cway,Out of control on straight,0,1,0,0,1,0,1,0,0,0,0,0
263409,Minor injury,2013,16,Rear-end,Multi-Vehicle,153.0299289,-27.48157254,South East Arterial Rd,,Kangaroo Point,South Brisbane,Bridge/Causeway,No traffic control,80 - 90 km/h,Sealed - Dry,Daylight,Straight,Veh'S Same Direction: Rear End,Rear-end,0,0,0,1,1,4,0,0,0,0,0,0
263440,Medical treatment,2013,12,Hit object,Single Vehicle,152.923283,-27.5823279,Wacol Station Rd,,Wacol,Inala,No Roadway Feature,No traffic control,60 km/h,Sealed - Dry,Daylight,Straight,Off Path-Straight: Left Off Cway Hit Obj,Off carriageway on straight hit object,0,0,1,0,1,1,0,0,0,0,0,0
263442,Medical treatment,2013,10,Sideswipe,Multi-Vehicle,153.064325,-27.491816,Bennetts Rd,,Camp Hill,Greenslopes,Merge Lane,No traffic control,0 - 50 km/h,Sealed - Dry,Daylight,Straight,Veh'S Same Direction: Left Turn S/Swipe,Parallel lanes turning,0,0,1,0,1,1,0,0,0,1,0,0
263444,Hospitalisation,2013,18,Hit object,Single Vehicle,153.0775038,-27.55843509,Nagle St,,Upper Mount Gravatt,Mansfield,No Roadway Feature,No traffic control,60 km/h,Sealed - Dry,Daylight,Curved - view obscured,Veh'S On Path: Temporary Object On C'Way,Other,0,1,0,0,1,0,1,0,0,0,0,0
263445,Hospitalisation,2013,22,Hit object,Single Vehicle,153.119684,-27.53743787,Gateway Arterial Rd,,Mackenzie,Mansfield,No Roadway Feature,No traffic control,100 - 110 km/h,Sealed - Dry,Darkness - Lighted,Straight,Off Path-Straight:Right Off Cway Hit Obj,Off carriageway on straight hit object,0,1,0,0,1,1,0,0,0,0,0,0
263446,Medical treatment,2013,8,Angle,Multi-Vehicle,153.032412,-27.485999,Leopard St,Stanley St,Woolloongabba,South Brisbane,Intersection - Interchange,Operating traffic lights,60 km/h,Sealed - Dry,Daylight,Straight,Veh'S Adjacent Approach: Thru-Thru,Intersection from adjacent approaches,0,0,3,0,3,2,0,0,0,0,0,0
263466,Hospitalisation,2013,18,Angle,Multi-Vehicle,153.0168167,-27.55797452,Beatty Rd,Griffith Arterial Rd,Archerfield,Sunnybank,Intersection - Cross,Operating traffic lights,60 km/h,Sealed - Dry,Darkness - Lighted,Straight,Veh'S Opposite Approach: Thru-Right,Opposing vehicles turning,0,2,0,1,3,2,0,0,0,0,0,0
263468,Hospitalisation,2013,14,Angle,Multi-Vehicle,153.0660397,-27.5182952,Avesnes St,,Holland Park,Greenslopes,No Roadway Feature,No traffic control,60 km/h,Sealed - Dry,Daylight,Straight,Veh'S Same Direction: Right Turn S/Swipe,Parallel lanes turning,0,1,0,0,1,2,0,0,0,0,0,0
263469,Hospitalisation,2013,19,Hit object,Single Vehicle,153.0725395,-27.51348517,Capella St,Cavendish Rd,Coorparoo,Greenslopes,Intersection - T-Junction,No traffic control,60 km/h,Sealed - Dry,Darkness - Not lighted,Curved - view open,Off Path-Curve: Off Cway Rt Bend Hit Obj,Off carriageway on curve hit object,0,1,0,0,1,1,0,0,0,0,0,0
263470,Medical treatment,2013,15,Fall from vehicle,Single Vehicle,152.972,-27.598,Kittyhawk Ave,,Inala,Inala,Bikeway,No traffic control,60 km/h,Sealed - Dry,Daylight,Straight,Veh'S Manoeuvring: Leaving Parking,Vehicle leaving driveway,0,0,1,0,1,1,0,0,0,1,0,0
263500,Hospitalisation,2013,13,Hit parked vehicle,Single Vehicle,153.0918191,-27.50177805,Anzac Rd,,Carina Heights,Chatsworth,No Roadway Feature,No traffic control,0 - 50 km/h,Sealed - Wet,Daylight,Straight,Veh'S On Path: Parked,Hit parked vehicle,0,1,0,0,1,2,0,0,0,0,0,0
263502,Medical treatment,2013,15,Rear-end,Multi-Vehicle,153.059425,-27.517658,Logan Rd,,Holland Park West,Greenslopes,No Roadway Feature,No traffic control,60 km/h,Sealed - Wet,Daylight,Straight,Veh'S Same Direction: Rear End,Rear-end,0,0,1,0,1,3,0,0,0,0,0,0
263505,Hospitalisation,2013,12,Rear-end,Multi-Vehicle,152.9696115,-27.56877688,Cunningham Arterial Rd,,Oxley,Mount Ommaney,No Roadway Feature,No traffic control,80 - 90 km/h,Sealed - Wet,Daylight,Straight,Veh'S Same Direction: Rear End,Rear-end,0,1,1,0,2,2,0,0,0,0,0,0
263506,Hospitalisation,2013,4,Hit object,Single Vehicle,153.120755,-27.53571187,Gateway Arterial Rd,,Mackenzie,Mansfield,No Roadway Feature,No traffic control,100 - 110 km/h,Sealed - Dry,Darkness - Lighted,Straight,Off Path-Straight:Right Off Cway Hit Obj,Off carriageway on straight hit object,0,1,0,0,1,1,0,0,0,0,0,0
263507,Minor injury,2013,17,Angle,Multi-Vehicle,153.168751,-27.446131,Colina St,West Ave,Wynnum,Lytton,Intersection - Cross,Stop sign,60 km/h,Sealed - Wet,Darkness - Lighted,Straight,Veh'S Adjacent Approach: Thru-Right,Intersection from adjacent approaches,0,0,0,1,1,2,0,0,0,0,0,0
263528,Hospitalisation,2013,14,Hit object,Single Vehicle,153.0221423,-27.51134948,Byrnes St,Fairfield Rd,Fairfield,Yeerongpilly,Intersection - T-Junction,No traffic control,60 km/h,Sealed - Dry,Daylight,Curved - view open,Off Path-Straight: Mounts Traffic Island,Off carriageway on straight hit object,0,1,0,0,1,1,0,0,0,0,0,0
263529,Hospitalisation,2013,8,Hit pedestrian,Hit pedestrian,153.035178,-27.50103943,Cornwall St,Ipswich Rd,Woolloongabba,South Brisbane,Intersection - Cross,Operating traffic lights,60 km/h,Sealed - Wet,Daylight,Straight,Ped'N: Far Side Vehicle Hit From Left,Pedestrian,0,1,0,0,1,1,0,0,0,0,1,0
263562,Hospitalisation,2013,20,Overturned,Single Vehicle,152.9401498,-27.55710008,Centenary Hwy,,Jamboree Heights,Mount Ommaney,No Roadway Feature,No traffic control,100 - 110 km/h,Sealed - Dry,Darkness - Lighted,Curved - view open,Off Path-Curve: Off Cway Lt Bend Hit Obj,Off carriageway on curve hit object,0,1,0,0,1,1,0,0,0,0,0,0
263567,Medical treatment,2013,16,Rear-end,Multi-Vehicle,153.057396,-27.532992,Bapaume Rd,Messines Ridge Rd,Tarragindi,Yeerongpilly,Intersection - T-Junction,Give way sign,60 km/h,Sealed - Dry,Daylight,Straight,Veh'S Manoeuvring: Entering From Footway,Vehicle leaving driveway,0,0,1,0,1,1,0,0,0,1,0,0
263568,Hospitalisation,2013,7,Hit object,Single Vehicle,152.9851326,-27.60646772,Wallaroo Way,,Doolandella,Inala,No Roadway Feature,No traffic control,0 - 50 km/h,Sealed - Dry,Daylight,Curved - view open,Off Path-Curve: Off Cway Lt Bend Hit Obj,Off carriageway on curve hit object,0,1,0,0,1,1,0,0,0,0,0,0
263569,Hospitalisation,2013,7,Hit parked vehicle,Single Vehicle,152.9704377,-27.59005687,Azalea St,,Inala,Inala,No Roadway Feature,No traffic control,60 km/h,Sealed - Dry,Daylight,Straight,Veh'S On Path: Parked,Hit parked vehicle,0,1,0,0,1,2,0,0,0,0,0,0
263570,Medical treatment,2013,15,Angle,Multi-Vehicle,153.0241389,-27.52849544,Vendale Ave,,Moorooka,Yeerongpilly,No Roadway Feature,No traffic control,0 - 50 km/h,Sealed - Dry,Daylight,Straight,Veh'S Opposite Approach: Thru-Right,Opposing vehicles turning,0,0,1,1,2,2,0,0,0,0,0,0