Crash_Ref_Number,Severity,Year,Hour,Crash_Nature,Crash_Type,Longitude,Latitude,Street,Street_Intersecting,Suburb,Loc_State_Electorate,Crash_Roadway_Feature,Crash_Traffic_Control,Crash_Speed_Limit,Crash_Road_Surface_Condition,Crash_Lighting_Condition,Crash_Road_Horiz_Align,Crash_DCA_Description,Crash_DCA_Group_Description,Count_Casualty_Fatality,Count_Casualty_Hospitalised,Count_Casualty_MedicallyTreated,Count_Casualty_MinorInjury,Count_Casualty_Total,Count_Unit_Car,Count_Unit_Motorcycle_Moped,Count_Unit_Truck,Count_Unit_Bus,Count_Unit_Bicycle,Count_Unit_Pedestrian,Count_Unit_Other
263571,Medical treatment,2013,9,Angle,Multi-Vehicle,153.0673924,-27.4701468,Wynnum Rd,,Morningside,Bulimba,Median Opening,No traffic control,60 km/h,Sealed - Dry,Daylight,Straight,Veh'S Manoeuvring: Leaving Driveway,Vehicle leaving driveway,0,0,2,0,2,2,0,0,0,0,0,0
263574,Medical treatment,2013,17,Overturned,Single Vehicle,153.096882,-27.581824,Brandl St,Logan Sub-Arterial Rd,Eight Mile Plains,Stretton,Intersection - T-Junction,No traffic control,80 - 90 km/h,Sealed - Dry,Daylight,Straight,Off Path-Straight:Out Of Control On Cway,Out of control on straight,0,0,1,0,1,1,0,0,0,1,0,0
263575,Medical treatment,2013,15,Rear-end,Multi-Vehicle,153.1021208,-27.57959715,South East Arterial Rd,,Rochedale,Mansfield,No Roadway Feature,No traffic control,100 - 110 km/h,Sealed - Dry,Daylight,Straight,Veh'S Same Direction: Rear End,Rear-end,0,0,1,0,1,3,0,0,0,0,0,0
263576,Hospitalisation,2013,13,Hit object,Single Vehicle,153.0201441,-27.48218161,Cordelia St,Vulture St,South Brisbane,South Brisbane,Intersection - T-Junction,Operating traffic lights,60 km/h,Sealed - Dry,Daylight,Straight,Off Path-Straight: Left Off Cway Hit Obj,Off carriageway on straight hit object,0,1,0,0,1,1,0,0,0,0,0,0
263577,Minor injury,2013,19,Angle,Multi-Vehicle,153.042262,-27.497945,Logan Rd,O'Keefe St,Woolloongabba,South Brisbane,Intersection - Roundabout,Give way sign,60 km/h,Sealed - Dry,Darkness - Lighted,Straight,Veh'S Adjacant Approach: Thru-Left,Intersection from adjacent approaches,0,0,0,1,1,1,0,0,0,1,0,0
263578,Medical treatment,2013,6,Rear-end,Multi-Vehicle,153.1202522,-27.4745667,Wynnum Rd,,Tingalpa,Chatsworth,No Roadway Feature,No traffic control,60 km/h,Sealed - Dry,Daylight,Straight,Veh'S Same Direction: Rear End,Rear-end,0,0,1,0,1,2,0,0,0,0,0,0
263579,Medical treatment,2013,6,Hit object,Single Vehicle,153.116382,-27.473514,Wynnum Rd,,Tingalpa,Chatsworth,Intersection - Interchange,No traffic control,60 km/h,Sealed - Dry,Daylight,Curved - view open,Off Path-Straight:Right Off Cway Hit Obj,Off carriageway on straight hit object,0,0,1,0,1,1,0,0,0,0,0,0
263608,Minor injury,2013,7,Rear-end,Multi-Vehicle,153.0601806,-27.64749263,Logan Mwy,,Drewvale,Stretton,No Roadway Feature,No traffic control,80 - 90 km/h,Sealed - Dry,Daylight,Straight,Veh'S Same Direction: Rear End,Rear-end,0,0,0,1,1,3,0,0,0,0,0,0
263609,Medical treatment,2013,7,Rear-end,Multi-Vehicle,153.04071,-27.6505363,Mt Lindesay Art. Rd,,Parkinson,Algester,No Roadway Feature,No traffic control,80 - 90 km/h,Sealed - Dry,Daylight,Straight,Veh'S Same Direction: Rear End,Rear-end,0,0,1,0,1,3,0,0,0,0,0,0
263612,Medical treatment,2013,14,Rear-end,Multi-Vehicle,153.058478,-27.535239,South East Arterial Rd,,Holland Park West,Greenslopes,No Roadway Feature,No traffic control,80 - 90 km/h,Sealed - Dry,Daylight,Straight,Veh'S Same Direction: Rear End,Rear-end,0,0,3,0,3,2,0,0,0,0,0,0
263613,Hospitalisation,2013,9,Rear-end,Multi-Vehicle,153.0154856,-27.5341365,Ipswich Rd,,Moorooka,Yeerongpilly,No Roadway Feature,No traffic control,60 km/h,Sealed - Dry,Daylight,Straight,Veh'S Same Direction: Rear End,Rear-end,0,1,0,0,1,4,0,0,0,0,0,0
263614,Hospitalisation,2013,6,Hit parked vehicle,Single Vehicle,153.0605263,-27.46136731,Hawthorne Rd,,Hawthorne,Bulimba,No Roadway Feature,No traffic control,60 km/h,Sealed - Dry,Daylight,Straight,Veh'S Manoeuvring: Other,Other,0,1,0,0,1,1,0,0,0,1,0,0
263615,Hospitalisation,2013,11,Angle,Multi-Vehicle,153.0637071,-27.57378917,Elva St,Mains Rd,Sunnybank,Sunnybank,Intersection - T-Junction,No traffic control,60 km/h,Sealed - Dry,Daylight,Straight,Veh'S Opposite Approach: Thru-Right,Opposing vehicles turning,0,1,1,0,2,1,1,0,0,0,0,0
263616,Hospitalisation,2013,11,Angle,Multi-Vehicle,153.0660101,-27.57221317,Mccullough St,,Sunnybank,Sunnybank,No Roadway Feature,Operating traffic lights,60 km/h,Sealed - Dry,Daylight,Straight,Veh'S Opposite Approach: Thru-Right,Opposing vehicles turning,0,1,1,0,2,2,0,0,0,0,0,0
263617,Hospitalisation,2013,6,Hit parked vehicle,Single Vehicle,153.0086573,-27.48708568,Dornoch Tce,,West End,South Brisbane,No Roadway Feature,No traffic control,0 - 50 km/h,Sealed - Dry,Daylight,Straight,Off Path-Straight: Left Off Cway Hit Obj,Off carriageway on straight hit object,0,1,0,0,1,1,0,0,0,1,0,0
263653,Hospitalisation,2013,22,Angle,Multi-Vehicle,152.9598159,-27.59833795,Archerfield Rd,Poinsettia St,Richlands,Inala,Intersection - Cross,Operating traffic lights,60 km/h,Sealed - Dry,Darkness - Lighted,Straight,Veh'S Adjacent Approach: Thru-Thru,Intersection from adjacent approaches,0,1,0,0,1,2,0,0,0,0,0,0
263656,Hospitalisation,2013,5,Hit object,Single Vehicle,153.0839471,-27.61602601,Compton Rd,,Kuraby,Stretton,No Roadway Feature,No traffic control,70 km/h,Sealed - Dry,Dawn/Dusk,Curved - view open,Off Path-Curve: Off Cway Lt Bend Hit Obj,Off carriageway on curve hit object,0,1,0,0,1,1,0,0,0,0,0,0
263657,Medical treatment,2013,12,Hit object,Single Vehicle,153.035572,-27.476768,Main St,,Kangaroo Point,South Brisbane,No Roadway Feature,No traffic control,60 km/h,Sealed - Dry,Daylight,Straight,Off Path-Straight: Left Off Cway Hit Obj,Off carriageway on straight hit object,0,0,2,0,2,1,0,0,0,0,0,0
263683,Hospitalisation,2013,12,Hit object,Single Vehicle,152.9282313,-27.58654918,Cunningham Arterial Rd,,Wacol,Inala,No Roadway Feature,No traffic control,80 - 90 km/h,Sealed - Dry,Daylight,Curved - view open,Off Path-Curve: Other,Other,0,2,0,0,2,1,0,0,0,0,0,0
263685,Hospitalisation,2013,8,Head-on,Multi-Vehicle,153.0748177,-27.54390415,Mt Gravatt Outlook Dr,,Mount Gravatt,Mansfield,No Roadway Feature,No traffic control,0 - 50 km/h,Sealed - Dry,Daylight,Curved - view obscured,Veh'S Opposite Approach: Head On,Head-on,0,1,0,0,1,1,0,0,0,1,0,0
263686,Hospitalisation,2013,14,Hit object,Single Vehicle,152.990698,-27.54845573,Rinora St,,Corinda,Mount Ommaney,No Roadway Feature,No traffic control,0 - 50 km/h,Sealed - Dry,Daylight,Straight,Off Path-Straight:Right Off Cway Hit Obj,Off carriageway on straight hit object,0,1,0,0,1,1,0,0,0,0,0,0
263714,Hospitalisation,2013,12,Angle,Multi-Vehicle,152.9831576,-27.60580074,Wallaroo Way,,Doolandella,Inala,No Roadway Feature,No traffic control,0 - 50 km/h,Sealed - Dry,Daylight,Curved - view open,Veh'S Opposite Approach: Head On,Head-on,0,1,0,1,2,2,0,0,0,0,0,0
263715,Hospitalisation,2013,9,Fall from vehicle,Single Vehicle,153.0003582,-27.58566964,Bowhill Rd,,Willawong,Sunnybank,No Roadway Feature,No traffic control,70 km/h,Sealed - Dry,Daylight,Curved - view open,Pass & Misc: Other,Other,0,1,0,0,1,1,1,0,0,0,0,0
263717,Medical treatment,2013,16,Rear-end,Multi-Vehicle,153.063627,-27.46997,Riding Rd,Wynnum Rd,Hawthorne,Bulimba,Intersection - Cross,Operating traffic lights,60 km/h,Sealed - Dry,Daylight,Straight,Veh'S Same Direction: Left Rear,Rear-end,0,0,1,0,1,2,0,0,0,0,0,0
263718,Medical treatment,2013,15,Angle,Multi-Vehicle,152.973795,-27.508314,Rosebery Tce,Wharf St,Chelmer,Indooroopilly,Intersection - T-Junction,Stop sign,60 km/h,Sealed - Dry,Daylight,Curved - view open,Veh'S Manoeuvring: Entering From Footway,Vehicle leaving driveway,0,0,1,0,1,1,0,0,0,1,0,0
263720,Medical treatment,2013,11,Angle,Multi-Vehicle,153.171152,-27.450302,Henry St,Pine St,Wynnum,Lytton,Intersection - Cross,Give way sign,0 - 50 km/h,Sealed - Dry,Daylight,Straight,Veh'S Adjacent Approach: Thru-Right,Intersection from adjacent approaches,0,0,2,0,2,2,0,0,0,0,0,0
263721,Medical treatment,2013,12,Overturned,Single Vehicle,153.163923,-27.390575,Bulk Terminals Dr,Port Dr,Port Of Brisbane,Lytton,Intersection - Roundabout,Give way sign,60 km/h,Sealed - Dry,Daylight,Straight,Off Path-Curve: Out Of Control On Cway,Out of control on curve,0,0,1,0,1,0,0,1,0,0,0,0
263728,Hospitalisation,2013,7,Rear-end,Multi-Vehicle,153.1772789,-27.50539553,New Cleveland Rd,,Chandler,Chatsworth,No Roadway Feature,No traffic control,70 km/h,Sealed - Dry,Daylight,Straight,Veh'S Same Direction: Rear End,Rear-end,0,1,0,0,1,3,0,0,0,0,0,0
263752,Minor injury,2013,22,Angle,Multi-Vehicle,152.966203,-27.579842,Deodar St,Freeman Rd,Richlands,Inala,Intersection - T-Junction,Stop sign,60 km/h,Sealed - Dry,Darkness - Lighted,Straight,Veh'S Adjacent Approach: Thru-Right,Intersection from adjacent approaches,0,0,0,1,1,2,0,0,0,0,0,0
263753,Medical treatment,2013,13,Rear-end,Multi-Vehicle,153.062576,-27.579242,Lister St,Mains Rd,Sunnybank,Sunnybank,No Roadway Feature,Operating traffic lights,60 km/h,Sealed - Dry,Daylight,Straight,Veh'S Same Direction: Rear End,Rear-end,0,0,1,0,1,2,0,0,0,0,0,0
263754,Minor injury,2013,8,Angle,Multi-Vehicle,153.0043,-27.481661,Beesley St,Montague Rd,West End,South Brisbane,Intersection - T-Junction,No traffic control,60 km/h,Sealed - Dry,Daylight,Straight,Veh'S Manoeuvring: Entering From Footway,Vehicle leaving driveway,0,0,0,1,1,1,0,0,0,1,0,0
263755,Medical treatment,2013,6,Angle,Multi-Vehicle,153.041265,-27.496497,Logan Rd,Martin St,Woolloongabba,South Brisbane,Intersection - T-Junction,No traffic control,60 km/h,Sealed - Dry,Daylight,Curved - view open,Veh'S Opposite Approach: Thru-Right,Opposing vehicles turning,0,0,1,0,1,1,1,0,0,0,0,0
263756,Medical treatment,2013,8,Sideswipe,Multi-Vehicle,153.035778,-27.484421,Main St,Vulture St,Kangaroo Point,South Brisbane,Intersection - 5+ way,Operating traffic lights,60 km/h,Sealed - Dry,Daylight,Straight,Veh'S Same Direction: Lane Change Left,Lane changes,0,0,1,0,1,0,0,1,0,1,0,0
263784,Medical treatment,2013,17,Angle,Multi-Vehicle,153.037371,-27.589573,Bradman St,Murdoch Crct,Acacia Ridge,Sunnybank,Intersection - T-Junction,No traffic control,60 km/h,Sealed - Dry,Dawn/Dusk,Straight,Veh'S Adjacent Approach: Right-Thru,Intersection from adjacent approaches,0,0,1,0,1,2,0,0,0,0,0,0
263785,Hospitalisation,2013,20,Angle,Multi-Vehicle,153.0468778,-27.50286033,Cornwall St,Logan Rd,Greenslopes,South Brisbane,Intersection - Cross,Operating traffic lights,60 km/h,Sealed - Dry,Darkness - Lighted,Straight,Veh'S Adjacent Approach: Thru-Thru,Intersection from adjacent approaches,0,4,0,0,4,2,1,0,0,0,0,0
263788,Hospitalisation,2013,15,Angle,Multi-Vehicle,153.1019047,-27.470418,Wynnum Rd,,Cannon Hill,Bulimba,No Roadway Feature,No traffic control,70 km/h,Sealed - Dry,Daylight,Straight,Veh'S Manoeuvring: Other,Other,0,1,0,0,1,1,1,0,0,0,0,0
263790,Medical treatment,2013,4,Fall from vehicle,Single Vehicle,153.04466,-27.487877,Stanley St East,,East Brisbane,South Brisbane,Intersection - Cross,No traffic control,60 km/h,Sealed - Dry,Darkness - Lighted,Straight,Off Path-Straight: Left Off Cway,Off carriageway on straight,0,0,1,0,1,0,1,0,0,0,0,0
263821,Hospitalisation,2013,15,Rear-end,Multi-Vehicle,153.029173,-27.56925,Boundary Rd,,Coopers Plains,Sunnybank,No Roadway Feature,No traffic control,60 km/h,Sealed - Dry,Daylight,Straight,Veh'S Same Direction: Rear End,Rear-end,0,1,2,0,3,3,0,0,0,0,0,0
263822,Medical treatment,2013,7,Rear-end,Multi-Vehicle,153.03914,-27.503901,South East Arterial Rd,,Greenslopes,South Brisbane,No Roadway Feature,No traffic control,100 - 110 km/h,Sealed - Dry,Daylight,Straight,Veh'S Same Direction: Rear End,Rear-end,0,0,1,0,1,5,0,0,0,0,0,0
263823,Hospitalisation,2013,7,Angle,Multi-Vehicle,153.1213567,-27.50223685,Gateway Art Rd Ramp Va,Wright St,Carindale,Chatsworth,Intersection - Interchange,Give way sign,60 km/h,Sealed - Dry,Daylight,Straight,Veh'S Opposite Approach: Thru-Right,Opposing vehicles turning,0,1,0,0,1,2,0,0,0,0,0,0
263837,Medical treatment,2013,9,Rear-end,Multi-Vehicle,153.191726,-27.559677,Redland Sub-Arterial Rd,,Burbank,Mansfield,Bridge/Causeway,No traffic control,80 - 90 km/h,Sealed - Dry,Daylight,Straight,Veh'S Same Direction: Rear End,Rear-end,0,0,1,0,1,3,0,2,0,0,0,0
263862,Hospitalisation,2013,15,Rear-end,Multi-Vehicle,152.9467175,-27.53096608,Western Art Rd Ramp Ce,,Jindalee,Mount Ommaney,Intersection - Interchange,No traffic control,60 km/h,Sealed - Dry,Daylight,Curved - view open,Veh'S Same Direction: Rear End,Rear-end,0,1,0,0,1,3,0,0,0,0,0,0
263863,Hospitalisation,2013,17,Angle,Multi-Vehicle,153.0362057,-27.59583236,Bradman St,Mt Lindesay Art. Rd,Acacia Ridge,Sunnybank,Intersection - Cross,Operating traffic lights,80 - 90 km/h,Sealed - Dry,Daylight,Straight,Veh'S Opposite Approach: Thru-Right,Opposing vehicles turning,0,1,0,0,1,1,0,1,0,0,0,0
263864,Medical treatment,2013,17,Angle,Multi-Vehicle,153.023817,-27.509558,Fairfield Rd,,Fairfield,Yeerongpilly,No Roadway Feature,No traffic control,60 km/h,Sealed - Dry,Daylight,Straight,Veh'S Same Direction: Left Turn S/Swipe,Parallel lanes turning,0,0,1,0,1,1,0,0,0,1,0,0
263874,Medical treatment,2013,19,Angle,Multi-Vehicle,153.145646,-27.509069,Cleveland Sub-Arterial Rd,,Chandler,Chatsworth,Intersection - T-Junction,Give way sign,80 - 90 km/h,Sealed - Dry,Darkness - Lighted,Straight,Veh'S Opposite Approach: Thru-Right,Opposing vehicles turning,0,0,2,0,2,2,0,0,0,0,0,0
263900,Medical treatment,2013,12,Rear-end,Multi-Vehicle,153.051677,-27.611171,Compton Rd,,Calamvale,Stretton,Intersection - T-Junction,Operating traffic lights,60 km/h,Sealed - Dry,Daylight,Straight,Veh'S Same Direction: Right Rear,Rear-end,0,0,1,0,1,2,0,0,0,0,0,0
263902,Hospitalisation,2013,12,Hit object,Single Vehicle,152.9267563,-27.58898421,Cunningham Arterial Rd,,Wacol,Inala,No Roadway Feature,No traffic control,100 - 110 km/h,Sealed - Dry,Daylight,Straight,Off Path-Straight: Mounts Traffic Island,Off carriageway on straight hit object,0,1,0,0,1,1,0,0,0,0,0,0
263906,Medical treatment,2013,9,Angle,Multi-Vehicle,153.12088,-27.545501,Mt Petrie Rd,Redland Sub-Arterial Rd,Mackenzie,Mansfield,Intersection - Cross,Operating traffic lights,60 km/h,Sealed - Dry,Daylight,Straight,Veh'S Opposite Approach: Thru-Right,Opposing vehicles turning,0,0,1,0,1,2,0,0,0,0,0,0
263907,Medical treatment,2013,10,Rear-end,Multi-Vehicle,153.0613727,-27.54343434,South East Arterial Rd,,Mount Gravatt,Mansfield,No Roadway Feature,No traffic control,100 - 110 km/h,Sealed - Dry,Daylight,Straight,Veh'S Same Direction: Rear End,Rear-end,0,0,1,0,1,2,0,0,0,0,0,0
263908,Hospitalisation,2013,16,Hit pedestrian,Hit pedestrian,153.018333,-27.47400665,Grey St,Melbourne St,South Brisbane,South Brisbane,Intersection - Cross,Operating traffic lights,0 - 50 km/h,Sealed - Dry,Daylight,Straight,Ped'N: Near Side Vehicle Hit From Right,Pedestrian,0,1,0,0,1,1,0,0,0,0,1,0
263936,Hospitalisation,2013,20,Rear-end,Multi-Vehicle,152.9228233,-27.58752622,Wacol Station Rd,,Wacol,Inala,No Roadway Feature,No traffic control,60 km/h,Sealed - Dry,Darkness - Not lighted,Straight,Veh'S Same Direction: Rear End,Rear-end,0,2,0,0,2,2,0,0,0,0,0,0
263938,Hospitalisation,2013,20,Angle,Multi-Vehicle,153.0553059,-27.52576024,Birdwood Rd,Marshall Rd,Tarragindi,Yeerongpilly,Intersection - 5+ way,Operating traffic lights,60 km/h,Sealed - Dry,Darkness - Lighted,Straight,Veh'S Opposite Approach: Thru-Right,Opposing vehicles turning,0,2,1,0,3,2,0,0,0,0,0,0
263942,Medical treatment,2013,17,Hit object,Single Vehicle,153.17461,-27.460582,Manly Rd,,Manly West,Lytton,No Roadway Feature,No traffic control,60 km/h,Sealed - Wet,Dawn/Dusk,Curved - view open,Off Path-Curve: Off Cway Rt Bend Hit Obj,Off carriageway on curve hit object,0,0,1,1,2,1,0,0,0,0,0,0
263943,Hospitalisation,2013,10,Angle,Multi-Vehicle,153.1234422,-27.44518586,Port Of Brisbane Rd,,Hemmant,Lytton,No Roadway Feature,No traffic control,60 km/h,Sealed - Dry,Daylight,Straight,Veh'S Manoeuvring: Leaving Driveway,Vehicle leaving driveway,0,1,0,2,3,2,0,0,0,0,0,0
263965,Hospitalisation,2013,15,Angle,Multi-Vehicle,153.0350975,-27.56993039,Boundary St,Rosedale St,Coopers Plains,Sunnybank,Intersection - T-Junction,No traffic control,60 km/h,Sealed - Dry,Daylight,Straight,Veh'S Adjacent Approach: Thru-Right,Intersection from adjacent approaches,0,1,0,1,2,2,0,0,0,0,0,0
263966,Hospitalisation,2013,18,Angle,Multi-Vehicle,153.0257622,-27.50394648,Fairfield Rd,,Fairfield,Yeerongpilly,No Roadway Feature,No traffic control,60 km/h,Sealed - Wet,Darkness - Lighted,Curved - view obscured,Veh'S Same Direction: Right Turn S/Swipe,Parallel lanes turning,0,1,0,0,1,1,1,0,0,0,0,0
263968,Minor injury,2013,6,Angle,Multi-Vehicle,153.098139,-27.517647,Brigadoon St,Pine Mountain Rd,Mansfield,Mansfield,No Roadway Feature,Give way sign,60 km/h,Sealed - Wet,Dawn/Dusk,Straight,Veh'S Manoeuvring: Leaving Driveway,Vehicle leaving driveway,0,0,0,1,1,2,0,0,0,0,0,0
263969,Medical treatment,2013,20,Rear-end,Multi-Vehicle,153.078529,-27.466753,Junction Rd,Wynnum Rd,Morningside,Bulimba,Intersection - T-Junction,No traffic control,60 km/h,Sealed - Wet,Darkness - Lighted,Straight,Veh'S Same Direction: Rear End,Rear-end,0,0,1,0,1,2,0,0,0,0,0,0
263970,Medical treatment,2013,4,Angle,Multi-Vehicle,153.08533,-27.58802123,Warrigal Rd,,Eight Mile Plains,Stretton,Merge Lane,Operating traffic lights,0 - 50 km/h,Sealed - Dry,Daylight,Straight,Veh'S Same Direction: Rear End,Rear-end,0,0,1,0,1,3,0,0,0,0,0,0
263971,Medical treatment,2013,7,Rear-end,Multi-Vehicle,153.104116,-27.551872,Redland Sub-Arterial Rd,,Wishart,Mansfield,No Roadway Feature,No traffic control,60 km/h,Sealed - Dry,Daylight,Straight,Veh'S Same Direction: Right Rear,Rear-end,0,0,1,0,1,2,0,0,0,0,0,0
263972,Hospitalisation,2013,17,Angle,Multi-Vehicle,153.1100986,-27.47185995,Victor St,Wynnum Rd,Tingalpa,Chatsworth,Intersection - Cross,Operating traffic lights,60 km/h,Sealed - Wet,Daylight,Straight,Veh'S Opposite Approach: Thru-Right,Opposing vehicles turning,0,1,0,0,1,1,1,0,0,0,0,0
264006,Minor injury,2013,8,Rear-end,Multi-Vehicle,153.07082,-27.651674,Springwood Connection Rd,Wembley Rd,Karawatha,Stretton,Intersection - Roundabout,Operating traffic lights,60 km/h,Sealed - Dry,Daylight,Curved - view open,Veh'S Same Direction: Rear End,Rear-end,0,0,0,1,1,2,0,0,0,0,0,0
264010,Hospitalisation,2013,6,Hit pedestrian,Hit pedestrian,153.0414333,-27.55312634,Orange Grove Rd,,Salisbury,Yeerongpilly,No Roadway Feature,No traffic control,60 km/h,Sealed - Dry,Daylight,Straight,Ped'N: Near Side Vehicle Hit From Right,Pedestrian,0,1,0,0,1,1,0,0,0,0,1,0
264011,Medical treatment,2013,17,Rear-end,Multi-Vehicle,153.087582,-27.575602,Warrigal Rd,,Eight Mile Plains,Stretton,No Roadway Feature,No traffic control,60 km/h,Sealed - Dry,Dawn/Dusk,Straight,Veh'S Same Direction: Rear End,Rear-end,0,0,1,0,1,2,0,0,0,0,0,0
264012,Medical treatment,2013,15,Rear-end,Multi-Vehicle,153.085561,-27.562758,Logan Sub-Arterial Rd,Marada St,Upper Mount Gravatt,Mansfield,Intersection - T-Junction,No traffic control,60 km/h,Sealed - Dry,Daylight,Straight,Veh'S Same Direction: Rear End,Rear-end,0,0,1,0,1,3,0,0,0,0,0,0
264037,Hospitalisation,2013,11,Hit pedestrian,Hit pedestrian,153.0287823,-27.51855245,Ipswich Rd,,Annerley,Yeerongpilly,No Roadway Feature,No traffic control,60 km/h,Sealed - Dry,Daylight,Straight,Ped'N: Near Side Vehicle Hit From Right,Pedestrian,0,1,0,0,1,1,0,0,0,0,1,0
264040,Hospitalisation,2013,23,Angle,Multi-Vehicle,153.066151,-27.56105417,Griffith Arterial Rd,Nathan Connection Arterial Rd,Macgregor,Sunnybank,Intersection - Cross,Operating traffic lights,60 km/h,Sealed - Wet,Darkness - Lighted,Straight,Veh'S Adjacent Approach: Thru-Thru,Intersection from adjacent approaches,0,1,0,0,1,2,0,0,0,0,0,0
264049,Medical treatment,2013,18,Sideswipe,Multi-Vehicle,153.124532,-27.502797,Cleveland Sub-Arterial Rd,Gateway Arterial Rd,Belmont,Chatsworth,Intersection - Interchange,Operating traffic lights,60 km/h,Sealed - Dry,Darkness - Lighted,Straight,Veh'S Adjacent Approach: Right-Thru,Intersection from adjacent approaches,0,0,1,0,1,2,0,0,0,0,0,0
264067,Medical treatment,2013,10,Rear-end,Multi-Vehicle,153.024071,-27.56797939,Mt Lindesay Art. Rd,,Archerfield,Sunnybank,No Roadway Feature,No traffic control,70 km/h,Sealed - Dry,Daylight,Straight,Veh'S Same Direction: Rear End,Rear-end,0,0,1,0,1,3,0,0,0,0,0,0
264070,Medical treatment,2013,18,Rear-end,Multi-Vehicle,153.072973,-27.50091967,Chatsworth Rd,,Coorparoo,Greenslopes,No Roadway Feature,No traffic control,60 km/h,Sealed - Wet,Darkness - Lighted,Curved - view open,Veh'S Same Direction: Rear End,Rear-end,0,0,1,0,1,2,0,0,0,0,0,0
264071,Medical treatment,2013,15,Rear-end,Multi-Vehicle,153.044373,-27.49849,Beata St,Logan Rd,Greenslopes,South Brisbane,Intersection - T-Junction,No traffic control,60 km/h,Sealed - Dry,Daylight,Straight,Veh'S Same Direction: Rear End,Rear-end,0,0,1,0,1,2,0,0,0,0,0,0
264072,Hospitalisation,2013,1,Angle,Multi-Vehicle,153.0113197,-27.53725354,Fairfield Rd,,Yeerongpilly,Yeerongpilly,No Roadway Feature,No traffic control,70 km/h,Sealed - Wet,Darkness - Lighted,Straight,Veh'S Manoeuvring: Leaving Driveway,Vehicle leaving driveway,0,1,0,0,1,1,0,1,0,0,0,0
264074,Hospitalisation,2013,19,Angle,Multi-Vehicle,153.0155341,-27.47552067,Cordelia St,Melbourne St,South Brisbane,South Brisbane,Intersection - Cross,Operating traffic lights,60 km/h,Sealed - Wet,Darkness - Lighted,Straight,Veh'S Adjacent Approach: Thru-Thru,Intersection from adjacent approaches,0,1,0,0,1,2,0,0,0,0,0,0
264082,Hospitalisation,2013,17,Angle,Multi-Vehicle,152.9307235,-27.61174019,Boundary Rd,Logan Mwy Ramp Bd,Ellen Grove,Inala,Intersection - Interchange,Give way sign,60 km/h,Sealed - Wet,Dawn/Dusk,Straight,Veh'S Opposite Approach: Thru-Right,Opposing vehicles turning,0,1,0,1,2,2,0,0,0,0,0,0
264100,Medical treatment,2013,12,Angle,Multi-Vehicle,153.05944,-27.625253,Gowan Rd,Kameruka St,Calamvale,Stretton,Intersection - Cross,Operating traffic lights,60 km/h,Sealed - Dry,Daylight,Straight,Veh'S Opposite Approach: Thru-Right,Opposing vehicles turning,0,0,1,1,2,2,0,0,0,0,0,0
264105,Medical treatment,2013,15,Rear-end,Multi-Vehicle,153.009328,-27.553924,Cunningham Arterial Rd,,Rocklea,Yeerongpilly,No Roadway Feature,No traffic control,80 - 90 km/h,Sealed - Dry,Daylight,Straight,Veh'S Same Direction: Rear End,Rear-end,0,0,1,0,1,3,0,0,0,0,0,0
264107,Medical treatment,2013,15,Angle,Multi-Vehicle,152.9797453,-27.54997502,Oxley Rd,Sheffield St,Oxley,Mount Ommaney,Intersection - T-Junction,No traffic control,60 km/h,Sealed - Dry,Daylight,Straight,Veh'S Adjacent Approach: Thru-Right,Intersection from adjacent approaches,0,0,1,0,1,2,0,0,0,0,0,0
264136,Medical treatment,2013,8,Rear-end,Multi-Vehicle,153.040714,-27.650323,Mt Lindesay Art. Rd,,Parkinson,Algester,No Roadway Feature,No traffic control,80 - 90 km/h,Sealed - Dry,Daylight,Straight,Veh'S Same Direction: Rear End,Rear-end,0,0,1,0,1,2,0,0,0,0,0,0
264137,Hospitalisation,2013,10,Hit parked vehicle,Single Vehicle,153.1050463,-27.54348696,Ham Rd,,Mansfield,Mansfield,No Roadway Feature,No traffic control,60 km/h,Sealed - Dry,Daylight,Straight,Off Path-Straight: Left Off Cway Hit Obj,Off carriageway on straight hit object,0,1,0,0,1,1,0,0,0,1,0,0
264140,Medical treatment,2013,12,Angle,Multi-Vehicle,153.1208927,-27.54550734,Mt Petrie Rd,Redland Sub-Arterial Rd,Mackenzie,Mansfield,Intersection - Cross,Operating traffic lights,60 km/h,Sealed - Dry,Daylight,Straight,Veh'S Opposite Approach: Thru-Right,Opposing vehicles turning,0,0,2,0,2,2,0,0,0,0,0,0
264159,Medical treatment,2013,10,Rear-end,Multi-Vehicle,152.940345,-27.555303,Western Arterial Rd,,Jamboree Heights,Mount Ommaney,No Roadway Feature,No traffic control,100 - 110 km/h,Sealed - Wet,Daylight,Straight,Veh'S Same Direction: Rear End,Rear-end,0,0,1,0,1,3,0,0,0,0,0,0
264160,Hospitalisation,2013,10,Hit object,Single Vehicle,153.0653362,-27.59033714,Beenleigh Rd,,Sunnybank Hills,Sunnybank,No Roadway Feature,No traffic control,70 km/h,Sealed - Dry,Daylight,Straight,Veh'S Opposite Approach: Head On,Head-on,0,2,0,0,2,2,0,0,0,0,0,0