Crash_Ref_Number,Severity,Year,Hour,Crash_Nature,Crash_Type,Longitude,Latitude,Street,Street_Intersecting,Suburb,Loc_State_Electorate,Crash_Roadway_Feature,Crash_Traffic_Control,Crash_Speed_Limit,Crash_Road_Surface_Condition,Crash_Lighting_Condition,Crash_Road_Horiz_Align,Crash_DCA_Description,Crash_DCA_Group_Description,Count_Casualty_Fatality,Count_Casualty_Hospitalised,Count_Casualty_MedicallyTreated,Count_Casualty_MinorInjury,Count_Casualty_Total,Count_Unit_Car,Count_Unit_Motorcycle_Moped,Count_Unit_Truck,Count_Unit_Bus,Count_Unit_Bicycle,Count_Unit_Pedestrian,Count_Unit_Other
264162,Minor injury,2013,22,Hit object,Single Vehicle,153.07336,-27.516945,Cavendish Rd,,Holland Park,Greenslopes,No Roadway Feature,No traffic control,60 km/h,Sealed - Wet,Darkness - Lighted,Straight,Off Path-Straight:Right Off Cway Hit Obj,Off carriageway on straight hit object,0,0,0,1,1,1,0,0,0,0,0,0
264163,Hospitalisation,2013,14,Hit object,Single Vehicle,153.1325934,-27.48337977,Keston Ct,,Tingalpa,Chatsworth,No Roadway Feature,No traffic control,0 - 50 km/h,Sealed - Dry,Daylight,Straight,Veh'S Manoeuvring: Other,Other,0,1,0,0,1,2,0,0,0,0,0,0
264164,Medical treatment,2013,8,Hit object,Single Vehicle,153.113096,-27.466617,Murarrie Rd,,Tingalpa,Chatsworth,No Roadway Feature,No traffic control,60 km/h,Sealed - Dry,Daylight,Curved - view obscured,Off Path-Curve: Off Cway Lt Bend Hit Obj,Off carriageway on curve hit object,0,0,1,0,1,1,0,0,0,0,0,0
264183,Medical treatment,2013,12,Angle,Multi-Vehicle,153.023666,-27.500492,Brisbane Corso,Princess St,Fairfield,Yeerongpilly,Intersection - T-Junction,No traffic control,60 km/h,Sealed - Dry,Daylight,Curved - view open,Veh'S Opposite Approach: Thru-Right,Opposing vehicles turning,0,0,1,0,1,1,0,0,0,1,0,0
264187,Hospitalisation,2013,10,Hit pedestrian,Hit pedestrian,153.0849765,-27.53574709,Hoff St,,Mount Gravatt East,Greenslopes,No Roadway Feature,No traffic control,0 - 50 km/h,Sealed - Dry,Daylight,Straight,Pass & Misc: Parked Car Ran Away,Other,0,1,0,0,1,4,0,0,0,0,1,0
264211,Medical treatment,2013,7,Rear-end,Multi-Vehicle,153.088116,-27.495933,Old Cleveland Rd,,Carina,Chatsworth,No Roadway Feature,No traffic control,60 km/h,Sealed - Dry,Daylight,Straight,Veh'S Manoeuvring: Parking,Hit parked vehicle,0,0,1,0,1,1,1,0,0,0,0,0
264215,Hospitalisation,2013,5,Angle,Multi-Vehicle,153.0622104,-27.48307427,Adina St,Crown St,Norman Park,Greenslopes,Intersection - Cross,No traffic control,60 km/h,Sealed - Dry,Dawn/Dusk,Curved - view open,Veh'S Opposite Approach: Thru-Right,Opposing vehicles turning,0,1,1,0,2,2,0,0,0,0,0,0
264216,Hospitalisation,2013,11,Rear-end,Multi-Vehicle,152.982874,-27.52942479,Oxley Rd,,Sherwood,Indooroopilly,No Roadway Feature,No traffic control,60 km/h,Sealed - Wet,Daylight,Straight,Veh'S Same Direction: Rear End,Rear-end,0,1,0,0,1,2,0,0,0,0,0,0
264217,Medical treatment,2013,17,Rear-end,Multi-Vehicle,153.100766,-27.584831,Gateway Art Rd Off Ramp,Logan Sub-Arterial Rd,Eight Mile Plains,Stretton,Intersection - Interchange,No traffic control,60 km/h,Sealed - Dry,Dawn/Dusk,Straight,Veh'S Same Direction: Left Rear,Rear-end,0,0,1,0,1,2,0,0,0,0,0,0
264218,Hospitalisation,2013,20,Hit pedestrian,Hit pedestrian,153.018359,-27.47387966,Grey St,South East Busway,South Brisbane,South Brisbane,Intersection - Cross,Operating traffic lights,60 km/h,Sealed - Dry,Darkness - Lighted,Straight,Ped'N: Near Side Vehicle Hit From Right,Pedestrian,0,1,0,0,1,0,0,0,1,0,1,0
264219,Hospitalisation,2013,16,Hit pedestrian,Hit pedestrian,153.1748204,-27.43834151,Waterloo Esp,,Wynnum,Lytton,No Roadway Feature,No traffic control,0 - 50 km/h,Sealed - Dry,Daylight,Straight,Ped'N: Hit Other,Other,0,1,0,1,2,0,0,0,0,1,1,0
264220,Medical treatment,2013,17,Angle,Multi-Vehicle,153.14292,-27.453568,Kianawah Rd,Youngs Rd,Wynnum West,Lytton,Intersection - T-Junction,No traffic control,60 km/h,Sealed - Dry,Daylight,Straight,Veh'S Adjacent Approach: Thru-Right,Intersection from adjacent approaches,0,0,1,0,1,1,0,0,1,0,0,0
264228,Hospitalisation,2013,8,Fall from vehicle,Single Vehicle,153.1513923,-27.50978767,Cleveland Sub-Arterial Rd,,Chandler,Chatsworth,No Roadway Feature,No traffic control,80 - 90 km/h,Sealed - Dry,Daylight,Curved - view open,Veh'S Manoeuvring: Other,Other,0,1,0,0,1,0,1,0,0,0,0,0
264249,Medical treatment,2013,8,Rear-end,Multi-Vehicle,153.060776,-27.617924,Gowan Rd,,Calamvale,Stretton,No Roadway Feature,No traffic control,60 km/h,Sealed - Dry,Daylight,Straight,Veh'S Same Direction: Rear End,Rear-end,0,0,1,0,1,2,0,0,0,0,0,0
264250,Minor injury,2013,18,Angle,Multi-Vehicle,153.058604,-27.599486,Hellawell Rd,Pinelands Rd,Sunnybank Hills,Stretton,Intersection - Cross,Operating traffic lights,70 km/h,Sealed - Dry,Daylight,Straight,Veh'S Opposite Approach: Thru-Right,Opposing vehicles turning,0,0,0,2,2,2,0,0,0,0,0,0
264251,Medical treatment,2013,16,Angle,Multi-Vehicle,153.042839,-27.603537,Jackson Rd,Mt Lindesay Art. Rd,Sunnybank Hills,Stretton,Intersection - T-Junction,Give way sign,70 km/h,Sealed - Dry,Daylight,Straight,Veh'S Adjacant Approach: Thru-Left,Intersection from adjacent approaches,0,0,2,0,2,1,1,0,0,0,0,0
264253,Medical treatment,2013,5,Hit pedestrian,Hit pedestrian,153.058141,-27.505453,Chatsworth Rd,Lade St,Coorparoo,Greenslopes,Intersection - T-Junction,No traffic control,60 km/h,Sealed - Dry,Daylight,Straight,Ped'N: Far Side Vehicle Hit From Left,Pedestrian,0,0,1,0,1,1,0,0,0,0,1,0
264255,Hospitalisation,2013,17,Angle,Multi-Vehicle,153.0425107,-27.48545942,Elfin St,Vulture St East,East Brisbane,South Brisbane,Intersection - Cross,Operating traffic lights,60 km/h,Sealed - Dry,Daylight,Straight,Veh'S Manoeuvring: Entering From Footway,Vehicle leaving driveway,0,1,0,0,1,1,0,0,0,0,0,1
264286,Minor injury,2013,17,Hit pedestrian,Hit pedestrian,152.9500977,-27.55829502,Monier Rd,,Darra,Mount Ommaney,No Roadway Feature,No traffic control,60 km/h,Sealed - Dry,Daylight,Straight,Ped'N: Hit By Vehicle Enter/Leave D'Way,Pedestrian,0,0,0,1,1,1,0,0,0,0,1,0
264287,Medical treatment,2013,7,Sideswipe,Multi-Vehicle,153.0999978,-27.50278344,Creek Rd,,Carina Heights,Chatsworth,No Roadway Feature,No traffic control,60 km/h,Sealed - Dry,Daylight,Straight,Veh'S Same Direction: Lane Change Right,Lane changes,0,0,1,0,1,1,1,0,0,0,0,0
264291,Minor injury,2013,18,Angle,Multi-Vehicle,153.042638,-27.487568,Kingfisher La,Stanley St East,East Brisbane,South Brisbane,Intersection - Cross,Give way sign,60 km/h,Sealed - Dry,Darkness - Lighted,Straight,Veh'S Adjacant Approach: Thru-Left,Intersection from adjacent approaches,0,0,0,1,1,2,0,0,0,0,0,0
264295,Hospitalisation,2013,13,Head-on,Multi-Vehicle,153.1594595,-27.55862561,Redland Sub-Arterial Rd,,Burbank,Mansfield,No Roadway Feature,No traffic control,80 - 90 km/h,Sealed - Dry,Daylight,Straight,Veh'S Opposite Approach: Head On,Head-on,0,1,0,0,1,2,0,0,0,0,0,0
264314,Medical treatment,2013,12,Sideswipe,Multi-Vehicle,152.9179752,-27.60457738,Cunningham Hwy,,Wacol,Inala,No Roadway Feature,No traffic control,100 - 110 km/h,Sealed - Dry,Daylight,Straight,Veh'S Same Direction: Lane Change Left,Lane changes,0,0,1,0,1,1,0,1,0,0,0,0
264319,Hospitalisation,2013,17,Angle,Multi-Vehicle,152.983417,-27.53247879,Sherwood Rd,,Sherwood,Indooroopilly,No Roadway Feature,No traffic control,60 km/h,Sealed - Dry,Dawn/Dusk,Straight,Veh'S Opposite Approach: Thru-Right,Opposing vehicles turning,0,1,0,0,1,2,0,0,0,0,0,0
264320,Hospitalisation,2013,5,Angle,Multi-Vehicle,153.0138502,-27.48728664,Dornoch Tce,Dornoch Tce Service Rd,Highgate Hill,South Brisbane,Intersection - T-Junction,No traffic control,60 km/h,Sealed - Dry,Dawn/Dusk,Straight,Veh'S Opposite Approach: Thru-Right,Opposing vehicles turning,0,1,0,0,1,1,0,0,0,1,0,0
264321,Hospitalisation,2013,18,Rear-end,Multi-Vehicle,153.0358048,-27.48431648,Main St,Vulture St,Kangaroo Point,South Brisbane,Intersection - Cross,Operating traffic lights,60 km/h,Sealed - Wet,Darkness - Lighted,Straight,Veh'S Same Direction: Rear End,Rear-end,0,1,0,1,2,2,0,0,0,0,0,0
264350,Medical treatment,2013,15,Rear-end,Multi-Vehicle,153.097782,-27.489518,Stanley Rd,,Carina,Chatsworth,No Roadway Feature,No traffic control,60 km/h,Sealed - Dry,Daylight,Straight,Veh'S Same Direction: Right Rear,Rear-end,0,0,3,1,4,2,0,0,0,0,0,0
264352,Minor injury,2013,15,Rear-end,Multi-Vehicle,153.059186,-27.472716,Wynnum Rd,,Norman Park,Bulimba,No Roadway Feature,No traffic control,60 km/h,Sealed - Dry,Daylight,Straight,Veh'S Same Direction: Rear End,Rear-end,0,0,0,1,1,0,0,0,1,0,0,0
264353,Minor injury,2013,22,Hit object,Single Vehicle,153.0960042,-27.48194765,Creek Rd,,Carina,Bulimba,No Roadway Feature,No traffic control,70 km/h,Sealed - Wet,Darkness - Lighted,Curved - view open,Off Path-Curve: Off Cway Lt Bend Hit Obj,Off carriageway on curve hit object,0,0,0,1,1,1,0,0,0,0,0,0
264356,Hospitalisation,2013,9,Angle,Multi-Vehicle,153.1827774,-27.44854149,Boswell Tce,Gordon Pde,Manly,Lytton,Intersection - Cross,Give way sign,60 km/h,Sealed - Dry,Daylight,Straight,Veh'S Adjacent Approach: Thru-Thru,Intersection from adjacent approaches,0,2,1,0,3,2,0,0,0,0,0,0
264357,Medical treatment,2013,8,Hit object,Single Vehicle,153.141543,-27.485793,Ingleston Rd,New Cleveland Rd,Wakerley,Chatsworth,Intersection - T-Junction,No traffic control,70 km/h,Sealed - Dry,Daylight,Straight,Off Path-Straight: Left Off Cway Hit Obj,Off carriageway on straight hit object,0,0,1,1,2,2,0,0,0,0,0,0
264414,Minor injury,2013,14,Rear-end,Multi-Vehicle,152.9389149,-27.55934891,Centenary Hwy,Sumners Rd,Sumner,Mount Ommaney,Intersection - Interchange,No traffic control,60 km/h,Sealed - Dry,Daylight,Straight,Veh'S Same Direction: Left Rear,Rear-end,0,0,0,1,1,2,0,0,0,0,0,0
264415,Medical treatment,2013,2,Hit object,Single Vehicle,153.014258,-27.571705,Beatty Rd,Kerry Rd,Archerfield,Sunnybank,Intersection - T-Junction,No traffic control,60 km/h,Sealed - Dry,Darkness - Lighted,Straight,Off Path-Straight:Right Off Cway Hit Obj,Off carriageway on straight hit object,0,0,1,0,1,1,0,0,0,0,0,0
264416,Minor injury,2013,8,Angle,Multi-Vehicle,153.03264,-27.508892,Annerley Rd,,Annerley,South Brisbane,No Roadway Feature,No traffic control,60 km/h,Sealed - Dry,Daylight,Straight,Veh'S Same Direction: Right Turn S/Swipe,Parallel lanes turning,0,0,0,1,1,1,1,0,0,0,0,0
264417,Hospitalisation,2013,19,Hit pedestrian,Hit pedestrian,153.0345441,-27.50540643,Ipswich Rd,,Annerley,South Brisbane,No Roadway Feature,No traffic control,60 km/h,Sealed - Dry,Darkness - Lighted,Straight,Ped'N: Far Side Vehicle Hit From Left,Pedestrian,0,2,0,0,2,0,1,0,0,0,1,0
264420,Hospitalisation,2013,7,Rear-end,Multi-Vehicle,152.9863068,-27.63671871,Stapylton Rd,,Forest Lake,Algester,No Roadway Feature,No traffic control,60 km/h,Sealed - Dry,Daylight,Straight,Veh'S Same Direction: Rear End,Rear-end,0,1,0,0,1,3,0,0,0,0,0,0
264422,Medical treatment,2013,17,Rear-end,Multi-Vehicle,153.0233047,-27.55815264,Griffith Arterial Rd,,Coopers Plains,Sunnybank,No Roadway Feature,No traffic control,60 km/h,Sealed - Dry,Daylight,Straight,Veh'S Same Direction: Rear End,Rear-end,0,0,1,0,1,3,0,0,0,0,0,0
264423,Hospitalisation,2013,15,Rear-end,Multi-Vehicle,152.9914571,-27.56353673,Cunningham Arterial Rd,,Rocklea,Sunnybank,No Roadway Feature,No traffic control,80 - 90 km/h,Sealed - Dry,Daylight,Straight,Veh'S Same Direction: Rear End,Rear-end,0,2,0,2,4,1,0,2,0,0,0,0
264425,Medical treatment,2013,22,Hit object,Single Vehicle,153.108637,-27.589757,South East Arterial Rd,,Rochedale,Mansfield,No Roadway Feature,No traffic control,80 - 90 km/h,Sealed - Dry,Darkness - Lighted,Straight,Off Path-Straight: Left Off Cway Hit Obj,Off carriageway on straight hit object,0,0,1,0,1,1,0,0,0,0,0,0
264430,Medical treatment,2013,8,Rear-end,Multi-Vehicle,153.147529,-27.509425,Cleveland Sub-Arterial Rd,,Chandler,Chatsworth,No Roadway Feature,No traffic control,70 km/h,Sealed - Dry,Daylight,Straight,Veh'S Same Direction: Rear End,Rear-end,0,0,1,0,1,3,0,0,0,0,0,0
264450,Hospitalisation,2013,17,Rear-end,Multi-Vehicle,153.0361677,-27.59599037,Bradman St,Mt Lindesay Art. Rd,Acacia Ridge,Sunnybank,Intersection - Cross,Operating traffic lights,80 - 90 km/h,Sealed - Dry,Dawn/Dusk,Straight,Veh'S Same Direction: Rear End,Rear-end,0,1,0,0,1,2,0,0,0,0,0,0
264453,Medical treatment,2013,20,Rear-end,Multi-Vehicle,153.090265,-27.554749,Newnham Rd,,Upper Mount Gravatt,Mansfield,No Roadway Feature,No traffic control,60 km/h,Sealed - Dry,Darkness - Lighted,Straight,Veh'S Same Direction: Rear End,Rear-end,0,0,1,0,1,2,0,0,0,0,0,0
264454,Hospitalisation,2013,13,Angle,Multi-Vehicle,153.0064142,-27.47835172,Jane St,Montague Rd,West End,South Brisbane,Intersection - Cross,No traffic control,60 km/h,Sealed - Dry,Daylight,Straight,Veh'S Manoeuvring: Entering From Footway,Vehicle leaving driveway,0,1,0,0,1,1,0,0,0,1,0,0
264455,Medical treatment,2013,12,Rear-end,Multi-Vehicle,153.041414,-27.4788593,Shafston Ave,,East Brisbane,South Brisbane,No Roadway Feature,No traffic control,60 km/h,Sealed - Dry,Daylight,Curved - view open,Veh'S Same Direction: Rear End,Rear-end,0,0,2,0,2,3,0,0,0,0,0,0
264456,Minor injury,2013,21,Rear-end,Multi-Vehicle,153.038141,-27.4959941,South East Arterial Rd,,Woolloongabba,South Brisbane,No Roadway Feature,No traffic control,80 - 90 km/h,Sealed - Dry,Darkness - Lighted,Straight,Veh'S Same Direction: Rear End,Rear-end,0,0,0,2,2,2,0,0,0,0,0,0
264486,Medical treatment,2013,16,Fall from vehicle,Single Vehicle,153.029347,-27.5975979,Learoyd Rd,,Algester,Algester,No Roadway Feature,No traffic control,60 km/h,Sealed - Dry,Daylight,Straight,Veh'S Manoeuvring: Other,Other,0,0,1,0,1,1,1,0,0,0,0,0
264487,Minor injury,2013,7,Rear-end,Multi-Vehicle,152.947056,-27.532642,Western Arterial Rd,,Jindalee,Mount Ommaney,Bridge/Causeway,No traffic control,80 - 90 km/h,Sealed - Dry,Daylight,Straight,Veh'S Same Direction: Rear End,Rear-end,0,0,0,2,2,2,0,0,0,0,0,0
264488,Medical treatment,2013,16,Angle,Multi-Vehicle,153.064428,-27.589673,Agnes St,Beenleigh Rd,Sunnybank,Sunnybank,Intersection - T-Junction,No traffic control,70 km/h,Sealed - Dry,Daylight,Straight,Veh'S Opposite Approach: Thru-Right,Opposing vehicles turning,0,0,1,0,1,3,0,0,0,0,0,0
264489,Minor injury,2013,9,Angle,Multi-Vehicle,153.053517,-27.584474,Beenleigh Rd,Bendell St,Sunnybank,Sunnybank,Intersection - T-Junction,No traffic control,70 km/h,Sealed - Dry,Daylight,Straight,Veh'S Adjacant Approach: Thru-Left,Intersection from adjacent approaches,0,0,0,1,1,2,0,0,0,0,0,0
264490,Hospitalisation,2013,17,Rear-end,Multi-Vehicle,153.1240976,-27.49345984,Meadowlands Rd,,Belmont,Chatsworth,No Roadway Feature,No traffic control,60 km/h,Sealed - Dry,Dawn/Dusk,Straight,Veh'S Same Direction: Rear End,Rear-end,0,1,0,0,1,2,0,0,0,0,0,0
264492,Medical treatment,2013,17,Rear-end,Multi-Vehicle,153.0804364,-27.53900414,Creek Rd,Logan Rd,Mount Gravatt,Mansfield,Intersection - T-Junction,Give way sign,60 km/h,Sealed - Dry,Daylight,Straight,Veh'S Same Direction: Left Rear,Rear-end,0,0,1,0,1,2,0,0,0,0,0,0
264495,Hospitalisation,2013,17,Hit parked vehicle,Single Vehicle,153.1076226,-27.58834693,South East Arterial Rd,,Eight Mile Plains,Mansfield,No Roadway Feature,No traffic control,100 - 110 km/h,Sealed - Dry,Daylight,Straight,Off Path-Straight: Left Off Cway Hit Obj,Off carriageway on straight hit object,0,1,0,0,1,2,0,0,0,0,0,0
264528,Medical treatment,2013,12,Rear-end,Multi-Vehicle,153.1161116,-27.5024055,Old Cleveland Rd,,Carindale,Chatsworth,No Roadway Feature,No traffic control,0 - 50 km/h,Sealed - Dry,Daylight,Straight,Veh'S Same Direction: Rear End,Rear-end,0,0,1,1,2,3,0,0,0,0,0,0
264530,Hospitalisation,2013,22,Hit object,Single Vehicle,153.0736387,-27.54259014,Mt Gravatt Outlook Dr,,Mount Gravatt,Mansfield,No Roadway Feature,No traffic control,60 km/h,Sealed - Dry,Darkness - Not lighted,Curved - view obscured,Off Path-Curve: Off Cway Lt Bend Hit Obj,Off carriageway on curve hit object,0,2,0,0,2,1,0,0,0,0,0,0
264532,Hospitalisation,2013,13,Angle,Multi-Vehicle,152.980127,-27.52265184,Oxley Rd,Strong Ave,Graceville,Indooroopilly,Intersection - T-Junction,Give way sign,60 km/h,Sealed - Dry,Daylight,Straight,Veh'S Adjacent Approach: Thru-Right,Intersection from adjacent approaches,0,1,0,0,1,2,0,0,0,0,0,0
264535,Minor injury,2013,20,Rear-end,Multi-Vehicle,153.10386,-27.551997,Redland Sub-Arterial Rd,,Wishart,Mansfield,Intersection - Cross,Operating traffic lights,60 km/h,Sealed - Dry,Darkness - Lighted,Straight,Veh'S Same Direction: Rear End,Rear-end,0,0,0,1,1,3,0,0,0,0,0,0
264536,Minor injury,2013,16,Rear-end,Multi-Vehicle,153.032257,-27.484036,Vulture St,,Woolloongabba,South Brisbane,No Roadway Feature,No traffic control,60 km/h,Sealed - Dry,Daylight,Straight,Veh'S Same Direction: Right Rear,Rear-end,0,0,0,1,1,3,0,0,0,0,0,0
264537,Minor injury,2013,10,Angle,Multi-Vehicle,153.046788,-27.48618,Vulture St East,Withington St,East Brisbane,South Brisbane,No Roadway Feature,No traffic control,60 km/h,Sealed - Dry,Daylight,Straight,Veh'S Same Direction: Right Turn S/Swipe,Parallel lanes turning,0,0,0,1,1,2,0,0,0,0,0,0
264571,Hospitalisation,2013,22,Angle,Multi-Vehicle,153.0879647,-27.56633603,Logan Sub-Arterial Rd,Newnham Rd,Upper Mount Gravatt,Mansfield,Intersection - Cross,Operating traffic lights,60 km/h,Sealed - Wet,Darkness - Lighted,Straight,Veh'S Opposite Approach: Thru-Right,Opposing vehicles turning,0,1,0,0,1,2,0,0,0,0,0,0
264572,Medical treatment,2013,11,Angle,Multi-Vehicle,153.05,-27.48783,Caswell St,Stanley St East,East Brisbane,South Brisbane,Intersection - Cross,Give way sign,60 km/h,Sealed - Dry,Daylight,Straight,Veh'S Adjacent Approach: Right-Thru,Intersection from adjacent approaches,0,0,1,0,1,1,0,1,0,0,0,0
264606,Minor injury,2013,8,Angle,Multi-Vehicle,153.05944,-27.625253,Gowan Rd,Kameruka St,Calamvale,Stretton,Intersection - Cross,Operating traffic lights,60 km/h,Sealed - Dry,Darkness - Lighted,Straight,Veh'S Opposite Approach: Thru-Right,Opposing vehicles turning,0,0,0,2,2,2,0,0,0,0,0,0
264607,Medical treatment,2013,14,Hit object,Single Vehicle,153.024934,-27.5797055,Mortimer Rd,,Acacia Ridge,Sunnybank,No Roadway Feature,No traffic control,60 km/h,Sealed - Wet,Daylight,Straight,Off Path-Straight: Mounts Traffic Island,Off carriageway on straight hit object,0,0,1,0,1,1,0,0,0,0,0,0
264608,Minor injury,2013,9,Rear-end,Multi-Vehicle,153.1146356,-27.50901185,Scrub Rd,,Carindale,Chatsworth,No Roadway Feature,No traffic control,60 km/h,Sealed - Wet,Daylight,Straight,Veh'S Same Direction: Rear End,Rear-end,0,0,0,1,1,2,0,0,0,0,0,0
264610,Medical treatment,2013,13,Rear-end,Multi-Vehicle,153.046865,-27.502875,Cornwall St,,Greenslopes,South Brisbane,Intersection - Cross,Operating traffic lights,60 km/h,Sealed - Dry,Daylight,Straight,Veh'S Same Direction: Left Rear,Rear-end,0,0,1,0,1,2,0,0,0,0,0,0
264612,Hospitalisation,2013,13,Angle,Multi-Vehicle,153.0620451,-27.57163219,Canna St,Mccullough St,Sunnybank,Sunnybank,Intersection - T-Junction,Operating traffic lights,60 km/h,Sealed - Dry,Daylight,Straight,Veh'S Opposite Approach: Thru-Right,Opposing vehicles turning,0,1,0,1,2,2,0,0,0,0,0,0
264613,Hospitalisation,2013,2,Hit object,Single Vehicle,153.0335828,-27.48033551,River Tce,,Kangaroo Point,South Brisbane,No Roadway Feature,No traffic control,60 km/h,Sealed - Wet,Darkness - Lighted,Straight,Off Path-Straight: Mounts Traffic Island,Off carriageway on straight hit object,0,1,0,0,1,1,0,0,0,0,0,0
264614,Medical treatment,2013,12,Hit object,Single Vehicle,153.0402467,-27.48483407,Wellington Rd,,East Brisbane,South Brisbane,No Roadway Feature,No traffic control,60 km/h,Unsealed - Dry,Daylight,Straight,Off Path-Straight: Left Off Cway Hit Obj,Off carriageway on straight hit object,0,0,1,0,1,1,0,0,0,0,0,0
264620,Hospitalisation,2013,6,Hit object,Single Vehicle,153.1830979,-27.51682348,Cleveland Sub-Arterial Rd,,Chandler,Chatsworth,No Roadway Feature,No traffic control,70 km/h,Sealed - Wet,Daylight,Straight,Off Path-Straight: Left Off Cway Hit Obj,Off carriageway on straight hit object,0,1,0,0,1,1,0,0,0,0,0,0
264647,Hospitalisation,2013,10,Angle,Multi-Vehicle,152.9459755,-27.53233308,Sinnamon Rd,Western Arterial Rd,Jindalee,Mount Ommaney,Intersection - Interchange,Operating traffic lights,60 km/h,Sealed - Wet,Daylight,Curved - view open,Veh'S Adjacent Approach: Thru-Thru,Intersection from adjacent approaches,0,2,0,0,2,2,0,0,0,0,0,0
264648,Medical treatment,2013,6,Sideswipe,Multi-Vehicle,152.940223,-27.556018,Centenary Hwy,Western Arterial Rd,Jamboree Heights,Mount Ommaney,No Roadway Feature,No traffic control,100 - 110 km/h,Sealed - Wet,Daylight,Straight,Veh'S Same Direction: Other,Other,0,0,2,0,2,3,0,1,0,0,0,0
264649,Hospitalisation,2013,14,Overturned,Single Vehicle,153.0198542,-27.63000747,Paradise Rd,,Larapinta,Algester,No Roadway Feature,No traffic control,60 km/h,Sealed - Dry,Daylight,Curved - view obscured,Off Path-Curve: Out Of Control On Cway,Out of control on curve,0,1,0,0,1,0,0,1,0,0,0,0
264650,Medical treatment,2013,14,Angle,Multi-Vehicle,152.986716,-27.613028,Blunder Rd,Crossacres St,Doolandella,Algester,Intersection - Cross,Operating traffic lights,70 km/h,Sealed - Dry,Daylight,Straight,Veh'S Opposite Approach: Thru-Right,Opposing vehicles turning,0,0,1,1,2,2,0,0,0,0,0,0
264652,Hospitalisation,2013,13,Hit parked vehicle,Single Vehicle,152.972498,-27.51234192,Honour Ave,,Chelmer,Indooroopilly,No Roadway Feature,No traffic control,60 km/h,Sealed - Dry,Daylight,Straight,Veh'S On Path: Parked,Hit parked vehicle,0,2,1,0,3,2,0,0,0,0,0,0
264653,Hospitalisation,2013,10,Rear-end,Multi-Vehicle,153.1653709,-27.48186959,Greencamp Rd,Tilley Rd,Wakerley,Chatsworth,Intersection - Cross,Stop sign,60 km/h,Sealed - Dry,Daylight,Straight,Veh'S Same Direction: Left Rear,Rear-end,0,1,0,1,2,2,0,0,0,0,0,0
264654,Hospitalisation,2013,17,Angle,Multi-Vehicle,153.1657466,-27.45025557,Mccurley St,West Ave,Wynnum,Lytton,Intersection - T-Junction,Give way sign,60 km/h,Sealed - Dry,Daylight,Straight,Veh'S Adjacent Approach: Thru-Right,Intersection from adjacent approaches,0,1,1,4,6,2,0,0,0,0,0,0
264657,Hospitalisation,2013,17,Angle,Multi-Vehicle,153.1519152,-27.49829067,Grassdale Rd,Tilley Rd,Gumdale,Chatsworth,Intersection - Cross,Stop sign,80 - 90 km/h,Sealed - Dry,Daylight,Straight,Veh'S Adjacent Approach: Thru-Thru,Intersection from adjacent approaches,0,1,0,0,1,2,0,0,0,0,0,0
264671,Hospitalisation,2013,11,Rear-end,Multi-Vehicle,153.0359639,-27.61163035,Ridgewood Rd,,Algester,Algester,No Roadway Feature,No traffic control,60 km/h,Sealed - Dry,Daylight,Straight,Veh'S Same Direction: Rear End,Rear-end,0,2,0,0,2,3,0,0,0,0,0,0
264672,Medical treatment,2013,17,Fall from vehicle,Single Vehicle,153.028414,-27.519014,Ipswich Rd,,Annerley,Yeerongpilly,No Roadway Feature,No traffic control,60 km/h,Sealed - Dry,Daylight,Straight,Veh'S Same Direction: Lane Change Right,Lane changes,0,0,1,0,1,0,1,0,1,0,0,0
264674,Minor injury,2013,16,Rear-end,Multi-Vehicle,153.094042,-27.531909,Creek Rd,Newnham Rd,Mount Gravatt East,Mansfield,Intersection - Cross,Operating traffic lights,60 km/h,Sealed - Dry,Daylight,Straight,Veh'S Same Direction: Left Rear,Rear-end,0,0,0,1,1,2,0,1,0,0,0,0
264675,Medical treatment,2013,8,Rear-end,Multi-Vehicle,153.093075,-27.539795,Fairland St,Newnham Rd,Mount Gravatt East,Mansfield,Intersection - T-Junction,No traffic control,60 km/h,Sealed - Dry,Daylight,Straight,Veh'S Same Direction: Right Rear,Rear-end,0,0,1,0,1,1,0,0,1,0,0,0
264678,Medical treatment,2013,5,Angle,Multi-Vehicle,152.995676,-27.555206,Dunn Rd,,Rocklea,Yeerongpilly,No Roadway Feature,No traffic control,60 km/h,Sealed - Dry,Dawn/Dusk,Straight,Veh'S Same Direction: Left Turn S/Swipe,Parallel lanes turning,0,0,1,0,1,2,0,0,0,0,0,0
264679,Minor injury,2013,19,Hit object,Single Vehicle,153.068277,-27.558855,Grout St,,Macgregor,Yeerongpilly,No Roadway Feature,No traffic control,0 - 50 km/h,Sealed - Dry,Darkness - Lighted,Curved - view open,Off Path-Curve: Off Cway Lt Bend Hit Obj,Off carriageway on curve hit object,0,0,0,1,1,1,0,0,0,0,0,0
264680,Medical treatment,2013,15,Sideswipe,Multi-Vehicle,153.071994,-27.561776,Griffith Arterial Rd,,Macgregor,Yeerongpilly,No Roadway Feature,No traffic control,60 km/h,Sealed - Dry,Daylight,Straight,Veh'S Same Direction: Lane Change Left,Lane changes,0,0,1,0,1,4,0,0,0,0,0,0