Crash_Ref_Number,Severity,Year,Hour,Crash_Nature,Crash_Type,Longitude,Latitude,Street,Street_Intersecting,Suburb,Loc_State_Electorate,Crash_Roadway_Feature,Crash_Traffic_Control,Crash_Speed_Limit,Crash_Road_Surface_Condition,Crash_Lighting_Condition,Crash_Road_Horiz_Align,Crash_DCA_Description,Crash_DCA_Group_Description,Count_Casualty_Fatality,Count_Casualty_Hospitalised,Count_Casualty_MedicallyTreated,Count_Casualty_MinorInjury,Count_Casualty_Total,Count_Unit_Car,Count_Unit_Motorcycle_Moped,Count_Unit_Truck,Count_Unit_Bus,Count_Unit_Bicycle,Count_Unit_Pedestrian,Count_Unit_Other
264681,Minor injury,2013,17,Angle,Multi-Vehicle,153.040959,-27.49226,Lewis St,Logan Rd,Woolloongabba,South Brisbane,Intersection - T-Junction,No traffic control,60 km/h,Sealed - Dry,Daylight,Straight,Veh'S Opposite Approach: Thru-Right,Opposing vehicles turning,0,0,0,1,1,2,0,0,0,0,0,0
264714,Fatal,2013,7,Hit pedestrian,Hit pedestrian,153.0511158,-27.50794729,Logan Rd,,Greenslopes,South Brisbane,No Roadway Feature,No traffic control,60 km/h,Sealed - Dry,Daylight,Straight,Ped'N: Near Side Vehicle Hit From Right,Pedestrian,1,1,0,0,2,1,0,0,0,0,1,0
264715,Minor injury,2013,7,Angle,Multi-Vehicle,152.975879,-27.586609,Biota St,Rosemary St,Inala,Inala,Intersection - T-Junction,Operating traffic lights,60 km/h,Sealed - Dry,Daylight,Straight,Veh'S Opposite Approach: U-Turn,U-turn,0,0,0,1,1,2,0,0,0,0,0,0
264716,Medical treatment,2013,17,Angle,Multi-Vehicle,152.971656,-27.6003745,Kittyhawk Ave,Wirraway Pde,Inala,Inala,Intersection - T-Junction,No traffic control,60 km/h,Sealed - Dry,Daylight,Straight,Veh'S Opposite Approach: Thru-Right,Opposing vehicles turning,0,0,2,1,3,2,0,0,0,0,0,0
264718,Hospitalisation,2013,11,Angle,Multi-Vehicle,153.015316,-27.47329968,Merivale St,Peel St,South Brisbane,South Brisbane,Intersection - Cross,Operating traffic lights,60 km/h,Sealed - Dry,Daylight,Straight,Veh'S Same Direction: Lane Change Right,Lane changes,0,2,0,0,2,2,0,0,0,0,0,0
264759,Medical treatment,2013,17,Rear-end,Multi-Vehicle,152.926666,-27.589457,Cunningham Arterial Rd,,Wacol,Inala,Intersection - Interchange,Give way sign,60 km/h,Sealed - Dry,Daylight,Curved - view open,Veh'S Same Direction: Left Rear,Rear-end,0,0,1,0,1,2,0,0,0,0,0,0
264762,Medical treatment,2013,15,Angle,Multi-Vehicle,153.059061,-27.534495,Gaza Rd,Messines Ridge Rd,Holland Park West,Greenslopes,Intersection - T-Junction,Operating traffic lights,60 km/h,Sealed - Dry,Daylight,Straight,Veh'S Opposite Approach: Thru-Right,Opposing vehicles turning,0,0,2,0,2,2,0,0,0,0,0,0
264766,Minor injury,2013,6,Rear-end,Multi-Vehicle,153.104337,-27.583022,South East Arterial Rd,,Rochedale,Mansfield,No Roadway Feature,No traffic control,100 - 110 km/h,Sealed - Dry,Dawn/Dusk,Straight,Veh'S Same Direction: Rear End,Rear-end,0,0,0,1,1,3,0,0,0,0,0,0
264767,Hospitalisation,2013,19,Rear-end,Multi-Vehicle,153.0311299,-27.48307452,South East Art Rd Ramp L,,Kangaroo Point,South Brisbane,Intersection - Interchange,No traffic control,80 - 90 km/h,Sealed - Dry,Darkness - Lighted,Straight,Veh'S Same Direction: Rear End,Rear-end,0,1,0,0,1,1,1,0,0,0,0,0
264768,Medical treatment,2013,10,Angle,Multi-Vehicle,153.162415,-27.438662,Stradbroke Ave,Wynnum Rd,Wynnum,Lytton,Intersection - Cross,Stop sign,60 km/h,Sealed - Dry,Daylight,Curved - view open,Veh'S Adjacent Approach: Thru-Thru,Intersection from adjacent approaches,0,0,1,0,1,2,0,0,0,0,0,0
264790,Medical treatment,2013,16,Angle,Multi-Vehicle,153.075785,-27.500234,Boundary Rd,Samuel St,Camp Hill,Greenslopes,Intersection - Cross,Operating traffic lights,60 km/h,Sealed - Wet,Daylight,Straight,Veh'S Opposite Approach: Thru-Right,Opposing vehicles turning,0,0,3,0,3,2,0,0,0,0,0,0
264791,Hospitalisation,2013,12,Angle,Multi-Vehicle,153.049057,-27.492512,Turbo Dr,,Coorparoo,South Brisbane,No Roadway Feature,No traffic control,0 - 50 km/h,Sealed - Dry,Daylight,Straight,Veh'S Manoeuvring: Leaving Driveway,Vehicle leaving driveway,0,1,0,0,1,1,1,0,0,0,0,0
264793,Medical treatment,2013,6,Hit object,Single Vehicle,153.027061,-27.601843,Industrial Cres,Paradise Rd,Willawong,Algester,Intersection - T-Junction,No traffic control,60 km/h,Unsealed - Dry,Daylight,Straight,Off Path-Straight: Left Off Cway Hit Obj,Off carriageway on straight hit object,0,0,1,0,1,0,0,0,0,1,0,1
264817,Hospitalisation,2013,9,Sideswipe,Multi-Vehicle,153.0407937,-27.60044931,Beaudesert Rd,Delathin Rd,Algester,Algester,Intersection - T-Junction,No traffic control,80 - 90 km/h,Sealed - Dry,Daylight,Straight,Veh'S Same Direction: Lane Side Swipe,Lane changes,0,1,0,0,1,1,0,1,0,0,0,0
264822,Medical treatment,2013,14,Rear-end,Multi-Vehicle,152.974584,-27.597127,Inala Ave,Serviceton Ave,Inala,Inala,Intersection - T-Junction,Operating traffic lights,0 - 50 km/h,Sealed - Dry,Daylight,Straight,Veh'S Same Direction: Rear End,Rear-end,0,0,1,0,1,2,0,0,0,0,0,0
264825,Hospitalisation,2013,12,Hit parked vehicle,Single Vehicle,153.1730275,-27.43931452,Agnes St,,Wynnum,Lytton,No Roadway Feature,No traffic control,0 - 50 km/h,Sealed - Dry,Daylight,Straight,Veh'S On Path: Parked,Hit parked vehicle,0,1,0,0,1,1,1,0,0,0,0,0
264862,Medical treatment,2013,12,Rear-end,Multi-Vehicle,152.9649799,-27.57037427,Cunningham Arterial Rd,,Darra,Inala,No Roadway Feature,No traffic control,80 - 90 km/h,Sealed - Dry,Daylight,Straight,Veh'S Same Direction: Rear End,Rear-end,0,0,1,0,1,1,0,1,0,0,0,0
264864,Medical treatment,2013,19,Head-on,Multi-Vehicle,153.086462,-27.553957,Dawson Rd,,Upper Mount Gravatt,Mansfield,No Roadway Feature,No traffic control,60 km/h,Sealed - Dry,Darkness - Lighted,Straight,Veh'S Opposite Approach: Thru-Right,Opposing vehicles turning,0,0,1,0,1,3,0,0,0,0,0,0
264872,Hospitalisation,2013,11,Rear-end,Multi-Vehicle,153.1796659,-27.5139275,Cleveland Sub-Arterial Rd,,Chandler,Chatsworth,No Roadway Feature,No traffic control,70 km/h,Sealed - Dry,Daylight,Straight,Veh'S Same Direction: Right Rear,Rear-end,0,2,0,0,2,4,0,0,0,0,0,0
264898,Medical treatment,2013,20,Head-on,Multi-Vehicle,153.081086,-27.598957,Beenleigh Rd,Persse Rd,Runcorn,Sunnybank,Intersection - T-Junction,Operating traffic lights,60 km/h,Sealed - Dry,Darkness - Lighted,Straight,Veh'S Opposite Approach: Thru-Right,Opposing vehicles turning,0,0,3,0,3,2,0,0,0,0,0,0
264901,Medical treatment,2013,19,Hit object,Single Vehicle,153.035822,-27.528849,Fernvale Rd,,Tarragindi,Yeerongpilly,No Roadway Feature,No traffic control,60 km/h,Sealed - Dry,Darkness - Lighted,Straight,Veh'S On Path: Temporary Roadworks,Other,0,0,1,0,1,1,0,0,0,0,0,0
264902,Minor injury,2013,5,Hit pedestrian,Hit pedestrian,153.123783,-27.528605,Gateway Arterial Rd,,Belmont,Chatsworth,No Roadway Feature,Police,0 - 50 km/h,Sealed - Dry,Daylight,Straight,Ped'N: Hit Other,Other,0,0,0,1,1,1,0,0,0,0,1,0
264909,Hospitalisation,2013,10,Angle,Multi-Vehicle,153.1772419,-27.50520352,Chelsea Rd,New Cleveland Rd,Chandler,Chatsworth,Intersection - T-Junction,Give way sign,70 km/h,Sealed - Dry,Daylight,Straight,Veh'S Adjacant Approach: Thru-Left,Intersection from adjacent approaches,0,2,0,1,3,2,0,0,0,0,0,0
264910,Medical treatment,2013,22,Angle,Multi-Vehicle,153.149494,-27.50974,Cleveland Sub-Arterial Rd,Tilley Rd,Chandler,Chatsworth,Intersection - Cross,No traffic control,80 - 90 km/h,Sealed - Dry,Darkness - Lighted,Straight,Veh'S Adjacent Approach: Thru-Thru,Intersection from adjacent approaches,0,0,3,0,3,2,0,0,0,0,0,0
264930,Medical treatment,2013,7,Angle,Multi-Vehicle,153.06757,-27.591914,Beenleigh Rd,Nathan Rd,Runcorn,Sunnybank,Intersection - Cross,Operating traffic lights,60 km/h,Sealed - Dry,Daylight,Straight,Veh'S Adjacent Approach: Thru-Right,Intersection from adjacent approaches,0,0,2,0,2,2,0,0,0,0,0,0
264931,Minor injury,2013,10,Hit parked vehicle,Single Vehicle,153.019682,-27.572167,Kerry Rd,,Archerfield,Sunnybank,No Roadway Feature,No traffic control,60 km/h,Sealed - Dry,Daylight,Straight,Veh'S Manoeuvring: Leaving Driveway,Vehicle leaving driveway,0,0,0,1,1,1,0,1,0,0,0,0
264932,Minor injury,2013,18,Rear-end,Multi-Vehicle,153.124011,-27.503881,Cleveland Sub-Arterial Rd,,Belmont,Chatsworth,Intersection - Interchange,Operating traffic lights,60 km/h,Sealed - Dry,Dawn/Dusk,Curved - view open,Veh'S Manoeuvring: Reversing,Hit parked vehicle,0,0,0,1,1,1,0,1,0,0,0,0
264933,Hospitalisation,2013,18,Hit object,Single Vehicle,153.0516648,-27.50643829,Douglas St,,Greenslopes,Greenslopes,No Roadway Feature,No traffic control,0 - 50 km/h,Sealed - Dry,Daylight,Straight,Veh'S Manoeuvring: Other,Other,0,1,0,0,1,1,0,0,0,0,0,0
264934,Hospitalisation,2013,15,Fall from vehicle,Single Vehicle,153.052632,-27.498474,Kirkland Ave,Old Cleveland Rd,Coorparoo,South Brisbane,Intersection - T-Junction,No traffic control,60 km/h,Sealed - Dry,Daylight,Curved - view open,Off Path-Curve: Out Of Control On Cway,Out of control on curve,0,1,0,0,1,0,1,0,0,0,0,0
264936,Hospitalisation,2013,11,Angle,Multi-Vehicle,153.0590729,-27.53450223,Gaza Rd,Messines Ridge Rd,Holland Park West,Greenslopes,Intersection - T-Junction,Operating traffic lights,60 km/h,Sealed - Dry,Daylight,Straight,Veh'S Opposite Approach: Thru-Right,Opposing vehicles turning,0,1,0,0,1,2,0,0,0,0,0,0
264937,Hospitalisation,2013,5,Angle,Multi-Vehicle,153.0539632,-27.44749237,Brisbane St,Coutts St,Bulimba,Bulimba,Intersection - Cross,Give way sign,60 km/h,Sealed - Dry,Daylight,Straight,Veh'S Opposite Approach: Thru-Right,Opposing vehicles turning,0,1,0,0,1,1,0,0,0,1,0,0
264938,Hospitalisation,2013,19,Angle,Multi-Vehicle,153.0506882,-27.55876027,Griffith Arterial Rd,Troughton Rd,Coopers Plains,Sunnybank,Intersection - Cross,Operating traffic lights,60 km/h,Sealed - Dry,Darkness - Lighted,Straight,Veh'S Opposite Approach: Thru-Right,Opposing vehicles turning,0,1,0,0,1,1,1,0,0,0,0,0
264939,Medical treatment,2013,7,Rear-end,Multi-Vehicle,153.11587,-27.54995,Gateway Arterial Rd,,Rochedale,Mansfield,No Roadway Feature,No traffic control,100 - 110 km/h,Sealed - Dry,Daylight,Straight,Veh'S Same Direction: Rear End,Rear-end,0,0,2,0,2,2,0,1,0,0,0,0
264940,Medical treatment,2013,10,Rear-end,Multi-Vehicle,153.175713,-27.4580173,Preston Rd,,Manly West,Lytton,No Roadway Feature,No traffic control,60 km/h,Sealed - Dry,Daylight,Straight,Veh'S On Path: Parked,Hit parked vehicle,0,0,2,0,2,2,0,0,0,0,0,0
264946,Minor injury,2013,12,Rear-end,Multi-Vehicle,153.134171,-27.547128,Redland Sub-Arterial Rd,,Burbank,Mansfield,Intersection - T-Junction,Give way sign,60 km/h,Sealed - Dry,Daylight,Curved - view open,Veh'S Same Direction: Left Rear,Rear-end,0,0,0,1,1,2,0,0,0,0,0,0
264947,Medical treatment,2013,8,Hit object,Single Vehicle,153.1575909,-27.50882215,Cleveland Sub-Arterial Rd,,Chandler,Chatsworth,No Roadway Feature,No traffic control,70 km/h,Sealed - Dry,Daylight,Straight,Veh'S On Path: Other,Other,0,0,1,0,1,1,0,0,0,0,0,2
264966,Hospitalisation,2013,14,Rear-end,Multi-Vehicle,153.0555705,-27.60908017,Honeywood St,,Sunnybank Hills,Stretton,No Roadway Feature,No traffic control,0 - 50 km/h,Sealed - Dry,Daylight,Straight,Veh'S Same Direction: Right Rear,Rear-end,0,1,0,0,1,2,0,0,0,0,0,0
264967,Medical treatment,2013,19,Angle,Multi-Vehicle,153.05168,-27.611007,Compton Rd,,Sunnybank Hills,Stretton,Intersection - T-Junction,Give way sign,60 km/h,Sealed - Dry,Dawn/Dusk,Straight,Veh'S Adjacent Approach: Thru-Thru,Intersection from adjacent approaches,0,0,1,0,1,1,1,0,0,0,0,0
264972,Medical treatment,2013,10,Hit object,Single Vehicle,153.066608,-27.463135,Belgrave St,,Balmoral,Bulimba,No Roadway Feature,No traffic control,0 - 50 km/h,Sealed - Dry,Daylight,Straight,Veh'S Manoeuvring: Rev Into Fixed Object,Other,0,0,1,0,1,2,0,0,0,0,0,0
264975,Hospitalisation,2013,18,Hit parked vehicle,Single Vehicle,153.0131762,-27.48729564,Dornoch Tce,,Highgate Hill,South Brisbane,No Roadway Feature,No traffic control,60 km/h,Sealed - Dry,Dawn/Dusk,Straight,Veh'S On Path: Car Door,Hit parked vehicle,0,1,0,0,1,1,0,0,0,1,0,0
265006,Hospitalisation,2013,7,Sideswipe,Multi-Vehicle,153.0581609,-27.53477122,Pacific Hwy,,Holland Park West,Yeerongpilly,No Roadway Feature,No traffic control,100 - 110 km/h,Sealed - Dry,Daylight,Straight,Veh'S Same Direction: Lane Change Left,Lane changes,0,1,0,0,1,1,1,0,0,0,0,0
265030,Hospitalisation,2013,9,Angle,Multi-Vehicle,153.024156,-27.568368,Boundary Rd,Mt Lindesay Art. Rd,Archerfield,Sunnybank,Intersection - Cross,Operating traffic lights,60 km/h,Sealed - Wet,Daylight,Straight,Veh'S Opposite Approach: Thru-Right,Opposing vehicles turning,0,1,0,0,1,1,0,1,0,0,0,0
265038,Medical treatment,2013,11,Rear-end,Multi-Vehicle,153.036001,-27.488611,Hawthorne St,Ipswich Rd,Woolloongabba,South Brisbane,Intersection - T-Junction,Operating traffic lights,60 km/h,Sealed - Dry,Daylight,Straight,Veh'S Same Direction: Right Rear,Rear-end,0,0,2,0,2,1,0,0,1,0,0,0
265039,Hospitalisation,2013,13,Hit object,Single Vehicle,153.0314079,-27.48386052,South East Arterial Rd,,Kangaroo Point,South Brisbane,No Roadway Feature,No traffic control,80 - 90 km/h,Sealed - Wet,Daylight,Straight,Off Path-Straight: Left Off Cway Hit Obj,Off carriageway on straight hit object,0,1,0,0,1,1,0,0,0,0,0,0
265040,Hospitalisation,2013,10,Rear-end,Multi-Vehicle,153.1572269,-27.46456663,Wondall Rd,,Wynnum West,Lytton,No Roadway Feature,No traffic control,60 km/h,Sealed - Dry,Daylight,Straight,Veh'S Same Direction: Rear End,Rear-end,0,1,0,0,1,2,1,0,0,0,0,0
265076,Hospitalisation,2013,21,Fall from vehicle,Single Vehicle,153.0665034,-27.61002712,Condamine St,,Runcorn,Stretton,No Roadway Feature,No traffic control,0 - 50 km/h,Sealed - Dry,Darkness - Lighted,Straight,Off Path-Straight:Out Of Control On Cway,Out of control on straight,0,1,0,0,1,0,1,0,0,0,0,0
265077,Hospitalisation,2013,8,Angle,Multi-Vehicle,153.047366,-27.580621,Beenleigh Rd,Jackson Rd,Sunnybank,Sunnybank,Intersection - Roundabout,Give way sign,60 km/h,Sealed - Dry,Daylight,Straight,Veh'S Adjacent Approach: Thru-Right,Intersection from adjacent approaches,0,1,0,1,2,2,0,0,0,0,0,0
265078,Minor injury,2013,20,Angle,Multi-Vehicle,153.019703,-27.587396,Chardean St,Watson Rd,Acacia Ridge,Sunnybank,Intersection - T-Junction,Give way sign,60 km/h,Sealed - Dry,Darkness - Lighted,Straight,Veh'S Adjacent Approach: Thru-Right,Intersection from adjacent approaches,0,0,0,1,1,2,0,0,0,0,0,0
265079,Fatal,2013,4,Hit pedestrian,Hit pedestrian,153.0617242,-27.58386018,Mains Rd,Mulgowie St,Sunnybank,Sunnybank,Intersection - T-Junction,No traffic control,60 km/h,Sealed - Dry,Dawn/Dusk,Straight,Ped'N: Near Side Vehicle Hit From Right,Pedestrian,1,0,0,0,1,1,0,0,0,0,1,0
265080,Medical treatment,2013,14,Angle,Multi-Vehicle,153.0389637,-27.580987,Bellrick St,Bradman St,Sunnybank Hills,Sunnybank,Intersection - Cross,No traffic control,60 km/h,Sealed - Wet,Daylight,Straight,Veh'S Adjacent Approach: Thru-Right,Intersection from adjacent approaches,0,0,1,0,1,1,1,0,0,0,0,0
265085,Hospitalisation,2013,13,Hit object,Single Vehicle,153.0675837,-27.52098719,Glindemann Dr,,Holland Park,Greenslopes,No Roadway Feature,No traffic control,0 - 50 km/h,Sealed - Dry,Daylight,Straight,Off Path-Straight: Left Off Cway Hit Obj,Off carriageway on straight hit object,0,1,0,0,1,1,0,0,0,0,0,0
265086,Hospitalisation,2013,14,Rear-end,Multi-Vehicle,153.064765,-27.533672,Nursery Rd,,Holland Park West,Greenslopes,No Roadway Feature,No traffic control,60 km/h,Sealed - Wet,Daylight,Straight,Veh'S Same Direction: Right Rear,Rear-end,0,1,1,0,2,3,0,0,0,0,0,0
265087,Hospitalisation,2013,12,Rear-end,Multi-Vehicle,153.0229067,-27.56344048,Mt Lindesay Art. Rd,,Coopers Plains,Sunnybank,No Roadway Feature,No traffic control,70 km/h,Sealed - Dry,Daylight,Straight,Veh'S Same Direction: Rear End,Rear-end,0,1,0,0,1,1,1,0,0,0,0,0
265089,Minor injury,2013,16,Rear-end,Multi-Vehicle,153.063879,-27.572258,Mains Rd,,Sunnybank,Sunnybank,No Roadway Feature,No traffic control,60 km/h,Sealed - Dry,Daylight,Straight,Veh'S Same Direction: Rear End,Rear-end,0,0,0,1,1,3,0,0,0,0,0,0
265090,Medical treatment,2013,8,Rear-end,Multi-Vehicle,153.041835,-27.497946,O'Keefe St,,Woolloongabba,South Brisbane,No Roadway Feature,No traffic control,0 - 50 km/h,Sealed - Dry,Daylight,Straight,Veh'S Same Direction: Rear End,Rear-end,0,0,1,0,1,2,0,0,0,0,0,0
265091,Medical treatment,2013,7,Rear-end,Multi-Vehicle,153.030552,-27.482523,South East Arterial Rd,,Kangaroo Point,South Brisbane,No Roadway Feature,No traffic control,80 - 90 km/h,Sealed - Dry,Daylight,Straight,Veh'S Same Direction: Rear End,Rear-end,0,0,2,0,2,3,0,0,0,0,0,0
265123,Hospitalisation,2013,16,Hit object,Single Vehicle,152.9339849,-27.55932813,Guide St,,Jamboree Heights,Mount Ommaney,No Roadway Feature,No traffic control,0 - 50 km/h,Sealed - Dry,Daylight,Straight,Off Path-Straight: Left Off Cway Hit Obj,Off carriageway on straight hit object,0,1,0,0,1,0,1,0,0,0,0,0
265127,Minor injury,2013,19,Angle,Multi-Vehicle,153.0345438,-27.48443728,Invalid Street From Police,,Woolloongabba,South Brisbane,Intersection - Cross,Operating traffic lights,60 km/h,Sealed - Dry,Darkness - Lighted,Straight,Veh'S Same Direction: Left Turn S/Swipe,Parallel lanes turning,0,0,0,1,1,2,0,0,0,0,0,0
265170,Hospitalisation,2013,9,Rear-end,Multi-Vehicle,153.0707627,-27.52990818,Miriam St,Nursery Rd,Holland Park West,Greenslopes,Intersection - T-Junction,No traffic control,0 - 50 km/h,Sealed - Dry,Daylight,Straight,Veh'S Same Direction: Right Rear,Rear-end,0,1,0,0,1,2,0,0,0,0,0,0
265171,Hospitalisation,2013,0,Hit object,Single Vehicle,152.9972962,-27.58371767,Bowhill Rd,,Willawong,Sunnybank,No Roadway Feature,No traffic control,60 km/h,Sealed - Dry,Darkness - Not lighted,Straight,Off Path-Straight: Left Off Cway Hit Obj,Off carriageway on straight hit object,0,1,0,0,1,1,0,0,0,0,0,0
265172,Minor injury,2013,18,Angle,Multi-Vehicle,153.02075,-27.543463,Beaudesert Rd,Evans Rd,Salisbury,Yeerongpilly,Intersection - Cross,Operating traffic lights,60 km/h,Sealed - Dry,Daylight,Straight,Veh'S Adjacent Approach: Thru-Thru,Intersection from adjacent approaches,0,0,0,1,1,2,0,0,0,0,0,0
265173,Hospitalisation,2013,7,Sideswipe,Multi-Vehicle,153.1014905,-27.44640302,Gateway Arterial Rd,,Murarrie,Bulimba,Bridge/Causeway,No traffic control,80 - 90 km/h,Sealed - Dry,Daylight,Straight,Veh'S Same Direction: Lane Change Right,Lane changes,0,1,0,0,1,1,0,1,0,0,0,0
265174,Medical treatment,2013,8,Hit pedestrian,Hit pedestrian,153.0449483,-27.48589792,Vulture St East,,East Brisbane,South Brisbane,No Roadway Feature,No traffic control,60 km/h,Sealed - Dry,Daylight,Straight,Ped'N: Near Side Vehicle Hit From Right,Pedestrian,0,0,1,0,1,1,0,0,0,0,1,0
265175,Hospitalisation,2013,17,Angle,Multi-Vehicle,153.03535,-27.49823943,Ipswich Rd,,Woolloongabba,South Brisbane,No Roadway Feature,Operating traffic lights,60 km/h,Sealed - Dry,Daylight,Straight,Veh'S Manoeuvring: Leaving Driveway,Vehicle leaving driveway,0,1,0,0,1,2,0,0,0,0,0,0
265176,Medical treatment,2013,17,Rear-end,Multi-Vehicle,153.165494,-27.482678,Greencamp Rd,,Wakerley,Chatsworth,No Roadway Feature,No traffic control,70 km/h,Sealed - Dry,Daylight,Curved - view open,Veh'S Same Direction: Rear End,Rear-end,0,0,1,1,2,2,0,0,0,0,0,0
265197,Medical treatment,2013,15,Rear-end,Multi-Vehicle,153.016316,-27.560708,Beatty Rd,,Archerfield,Sunnybank,No Roadway Feature,No traffic control,60 km/h,Sealed - Dry,Daylight,Straight,Veh'S Same Direction: Rear End,Rear-end,0,0,5,0,5,2,0,0,0,0,0,0
265198,Minor injury,2013,16,Rear-end,Multi-Vehicle,153.0118536,-27.58402083,Beatty Rd,,Acacia Ridge,Sunnybank,No Roadway Feature,No traffic control,60 km/h,Sealed - Dry,Daylight,Straight,Veh'S Same Direction: Rear End,Rear-end,0,0,0,2,2,2,0,0,0,0,0,0
265202,Hospitalisation,2013,16,Head-on,Multi-Vehicle,153.0096842,-27.59697259,Learoyd Rd,,Willawong,Sunnybank,No Roadway Feature,No traffic control,60 km/h,Sealed - Dry,Daylight,Straight,Veh'S Opposite Approach: Head On,Head-on,0,3,0,1,4,3,0,0,0,0,0,0
265204,Medical treatment,2013,16,Rear-end,Multi-Vehicle,153.016825,-27.557891,Beatty Rd,Griffith Arterial Rd,Rocklea,Yeerongpilly,Intersection - Cross,Operating traffic lights,60 km/h,Sealed - Dry,Daylight,Straight,Veh'S Same Direction: Rear End,Rear-end,0,0,1,0,1,1,0,1,0,0,0,0
265205,Medical treatment,2013,22,Hit parked vehicle,Single Vehicle,153.061121,-27.456375,Carr St,,Bulimba,Bulimba,No Roadway Feature,No traffic control,60 km/h,Sealed - Dry,Darkness - Lighted,Straight,Veh'S Opposite Approach: Other,Other,0,0,1,0,1,1,0,0,0,0,0,1
265206,Hospitalisation,2013,5,Hit parked vehicle,Single Vehicle,153.0601993,-27.4631503,Hawthorne Rd,,Hawthorne,Bulimba,No Roadway Feature,No traffic control,60 km/h,Sealed - Dry,Dawn/Dusk,Straight,Off Path-Straight:Right Off Cway Hit Obj,Off carriageway on straight hit object,0,1,0,0,1,4,0,0,0,0,0,1
265207,Hospitalisation,2013,7,Angle,Multi-Vehicle,153.0724428,-27.55731214,Worrell St,,Macgregor,Yeerongpilly,No Roadway Feature,No traffic control,0 - 50 km/h,Sealed - Dry,Daylight,Straight,Veh'S Manoeuvring: Entering From Footway,Vehicle leaving driveway,0,1,0,0,1,1,0,0,0,1,0,0
265208,Medical treatment,2013,20,Angle,Multi-Vehicle,153.015518,-27.475534,Cordelia St,Melbourne St,South Brisbane,South Brisbane,Intersection - Cross,Operating traffic lights,0 - 50 km/h,Sealed - Dry,Darkness - Lighted,Straight,Veh'S Adjacent Approach: Thru-Thru,Intersection from adjacent approaches,0,0,1,0,1,2,0,0,0,0,0,0
265233,Medical treatment,2013,8,Hit parked vehicle,Single Vehicle,153.069016,-27.51743,Holland Rd,Reuben St,Holland Park,Greenslopes,Intersection - T-Junction,No traffic control,60 km/h,Sealed - Dry,Daylight,Straight,Veh'S On Path: Parked,Hit parked vehicle,0,0,1,0,1,2,0,0,0,0,0,0
265236,Hospitalisation,2013,17,Rear-end,Multi-Vehicle,153.0713679,-27.55534913,South East Arterial Rd,,Upper Mount Gravatt,Mansfield,No Roadway Feature,No traffic control,100 - 110 km/h,Sealed - Dry,Daylight,Straight,Veh'S Same Direction: Rear End,Rear-end,0,1,0,0,1,2,0,0,0,0,0,0
265237,Medical treatment,2013,4,Rear-end,Multi-Vehicle,153.0407328,-27.48231673,Wellington Rd,,East Brisbane,South Brisbane,No Roadway Feature,No traffic control,60 km/h,Sealed - Dry,Daylight,Straight,Veh'S Same Direction: Rear End,Rear-end,0,0,1,0,1,3,0,0,0,0,0,0
265238,Fatal,2013,10,Hit pedestrian,Hit pedestrian,153.0359888,-27.48680648,Ipswich Rd,,Woolloongabba,South Brisbane,No Roadway Feature,No traffic control,60 km/h,Sealed - Dry,Daylight,Straight,Ped'N: Far Side Vehicle Hit From Left,Pedestrian,1,0,0,0,1,1,0,0,0,0,1,0
265239,Medical treatment,2013,18,Rear-end,Multi-Vehicle,153.039765,-27.49875,South East Arterial Rd,,Woolloongabba,South Brisbane,No Roadway Feature,No traffic control,70 km/h,Sealed - Dry,Daylight,Straight,Veh'S Same Direction: Rear End,Rear-end,0,0,1,0,1,3,0,0,0,0,0,0
265266,Hospitalisation,2013,14,Angle,Multi-Vehicle,153.0338761,-27.50801342,Ipswich Rd,Ponsonby St,Annerley,South Brisbane,Intersection - Cross,Give way sign,60 km/h,Sealed - Dry,Daylight,Straight,Veh'S Adjacent Approach: Thru-Thru,Intersection from adjacent approaches,0,1,0,1,2,2,0,0,0,0,0,0
265271,Minor injury,2013,20,Angle,Multi-Vehicle,153.020807,-27.55848,Griffith Arterial Rd,Mt Lindesay Art. Rd,Rocklea,Yeerongpilly,Intersection - Cross,Operating traffic lights,60 km/h,Sealed - Dry,Darkness - Lighted,Straight,Veh'S Opposite Approach: Thru-Right,Opposing vehicles turning,0,0,0,1,1,2,0,0,0,0,0,0
265272,Medical treatment,2013,15,Rear-end,Multi-Vehicle,153.028034,-27.5576562,Griffith Arterial Rd,,Salisbury,Sunnybank,No Roadway Feature,No traffic control,70 km/h,Sealed - Dry,Daylight,Straight,Veh'S Same Direction: Rear End,Rear-end,0,0,1,0,1,3,0,0,0,0,0,0
265273,Medical treatment,2013,21,Rear-end,Multi-Vehicle,153.07547,-27.561593,Griffith Arterial Rd,,Macgregor,Yeerongpilly,No Roadway Feature,No traffic control,60 km/h,Sealed - Dry,Darkness - Lighted,Straight,Veh'S Same Direction: Rear End,Rear-end,0,0,1,0,1,2,0,0,0,0,0,0
265274,Minor injury,2013,15,Rear-end,Multi-Vehicle,153.1042037,-27.58283536,South East Arterial Rd,,Rochedale,Mansfield,No Roadway Feature,No traffic control,100 - 110 km/h,Sealed - Dry,Daylight,Curved - view open,Veh'S Same Direction: Rear End,Rear-end,0,0,0,1,1,2,0,0,0,0,0,0
265282,Medical treatment,2013,14,Rear-end,Multi-Vehicle,153.17743,-27.506136,London Rd,New Cleveland Rd,Chandler,Chatsworth,Intersection - T-Junction,No traffic control,80 - 90 km/h,Sealed - Dry,Daylight,Straight,Veh'S Same Direction: Rear End,Rear-end,0,0,1,1,2,3,0,0,0,0,0,0