Crash_Ref_Number,Severity,Year,Hour,Crash_Nature,Crash_Type,Longitude,Latitude,Street,Street_Intersecting,Suburb,Loc_State_Electorate,Crash_Roadway_Feature,Crash_Traffic_Control,Crash_Speed_Limit,Crash_Road_Surface_Condition,Crash_Lighting_Condition,Crash_Road_Horiz_Align,Crash_DCA_Description,Crash_DCA_Group_Description,Count_Casualty_Fatality,Count_Casualty_Hospitalised,Count_Casualty_MedicallyTreated,Count_Casualty_MinorInjury,Count_Casualty_Total,Count_Unit_Car,Count_Unit_Motorcycle_Moped,Count_Unit_Truck,Count_Unit_Bus,Count_Unit_Bicycle,Count_Unit_Pedestrian,Count_Unit_Other
265309,Medical treatment,2013,13,Rear-end,Multi-Vehicle,153.035153,-27.501048,Cornwall St,,Annerley,South Brisbane,No Roadway Feature,No traffic control,60 km/h,Sealed - Dry,Daylight,Straight,Veh'S Same Direction: Rear End,Rear-end,0,0,2,0,2,3,0,0,0,0,0,0
265312,Medical treatment,2013,18,Head-on,Multi-Vehicle,153.062494,-27.534864,Bapaume Rd,Gaza Rd,Holland Park West,Greenslopes,Intersection - T-Junction,Operating traffic lights,60 km/h,Sealed - Dry,Dawn/Dusk,Curved - view open,Veh'S Opposite Approach: Thru-Right,Opposing vehicles turning,0,0,1,0,1,2,0,0,0,0,0,0
265315,Medical treatment,2013,11,Hit parked vehicle,Single Vehicle,153.0503477,-27.56472451,Musgrave Rd,,Robertson,Sunnybank,No Roadway Feature,No traffic control,0 - 50 km/h,Sealed - Dry,Daylight,Straight,Veh'S On Path: Parked,Hit parked vehicle,0,0,1,0,1,2,0,0,0,0,1,0
265316,Minor injury,2013,11,Angle,Multi-Vehicle,153.088377,-27.556918,Dowrie St,Redland Sub-Arterial Rd,Upper Mount Gravatt,Mansfield,Intersection - T-Junction,No traffic control,60 km/h,Sealed - Dry,Daylight,Straight,Veh'S Manoeuvring: Entering From Footway,Vehicle leaving driveway,0,0,0,1,1,2,0,0,0,0,0,0
265325,Minor injury,2013,17,Rear-end,Multi-Vehicle,152.984145,-27.648677,Johnson Rd,Stapylton Rd,Heathwood,Algester,Intersection - Cross,Stop sign,70 km/h,Sealed - Dry,Daylight,Straight,Veh'S Same Direction: Left Rear,Rear-end,0,0,0,1,1,2,0,0,0,0,0,0
265353,Minor injury,2013,10,Rear-end,Multi-Vehicle,153.091621,-27.516987,Cutuli St,Pine Mountain Rd,Carina Heights,Chatsworth,Intersection - T-Junction,No traffic control,60 km/h,Sealed - Dry,Daylight,Straight,Veh'S Same Direction: Right Rear,Rear-end,0,0,0,1,1,2,0,0,0,0,0,0
265379,Hospitalisation,2013,9,Angle,Multi-Vehicle,153.1240196,-27.50385584,Gateway Art Rd Ramp Xb,Gateway Art Rd Ramp Xm,Belmont,Chatsworth,Intersection - Interchange,Operating traffic lights,60 km/h,Sealed - Dry,Daylight,Straight,Veh'S Adjacent Approach: Thru-Thru,Intersection from adjacent approaches,0,1,2,1,4,1,1,0,0,0,0,0
265380,Hospitalisation,2013,13,Angle,Multi-Vehicle,153.040712,-27.50433038,Earl St,Juliette St,Greenslopes,South Brisbane,Intersection - Cross,Operating traffic lights,60 km/h,Sealed - Dry,Daylight,Straight,Veh'S Adjacent Approach: Thru-Thru,Intersection from adjacent approaches,0,2,0,0,2,2,0,0,0,0,0,0
265399,Medical treatment,2013,15,Rear-end,Multi-Vehicle,153.064815,-27.492067,Old Cleveland Rd,,Coorparoo,Bulimba,No Roadway Feature,No traffic control,60 km/h,Sealed - Dry,Daylight,Straight,Veh'S Same Direction: Right Rear,Rear-end,0,0,1,0,1,2,0,0,0,0,0,0
265401,Hospitalisation,2013,15,Sideswipe,Multi-Vehicle,152.958387,-27.61036196,Forest Lake Blvd,Woogaroo St,Forest Lake,Inala,Intersection - Cross,Operating traffic lights,60 km/h,Sealed - Dry,Daylight,Straight,Veh'S Same Direction: Right Turn S/Swipe,Parallel lanes turning,0,1,0,0,1,1,1,0,0,0,0,0
265402,Hospitalisation,2013,13,Hit object,Single Vehicle,153.0997176,-27.45191103,Metroplex Ave,,Murarrie,Bulimba,No Roadway Feature,No traffic control,0 - 50 km/h,Sealed - Dry,Daylight,Curved - view open,Off Path-Curve: Off Cway Lt Bend Hit Obj,Off carriageway on curve hit object,0,1,0,0,1,1,0,0,0,0,0,0
265428,Minor injury,2013,13,Angle,Multi-Vehicle,153.098552,-27.456893,Creek Rd,Lytton Rd,Murarrie,Bulimba,Intersection - Cross,Operating traffic lights,60 km/h,Sealed - Dry,Daylight,Straight,Veh'S Opposite Approach: Thru-Right,Opposing vehicles turning,0,0,0,1,1,2,0,0,0,0,0,0
265451,Hospitalisation,2013,9,Hit pedestrian,Hit pedestrian,153.0204369,-27.58749651,Chardean St,,Acacia Ridge,Sunnybank,No Roadway Feature,No traffic control,0 - 50 km/h,Sealed - Dry,Daylight,Straight,Ped'N: Far Side Vehicle Hit From Left,Pedestrian,0,1,0,0,1,1,0,0,0,0,1,0
265453,Medical treatment,2013,19,Fall from vehicle,Single Vehicle,153.040563,-27.483137,Toohey St,Wellington Rd,East Brisbane,South Brisbane,Intersection - T-Junction,No traffic control,60 km/h,Sealed - Dry,Darkness - Lighted,Straight,Pass & Misc: Fell In/From Vehicle,Other,0,0,1,0,1,1,0,0,0,0,0,0
265468,Hospitalisation,2013,12,Fall from vehicle,Single Vehicle,153.0575303,-27.58459521,Woff St,,Sunnybank,Sunnybank,No Roadway Feature,No traffic control,0 - 50 km/h,Sealed - Dry,Daylight,Straight,Pass & Misc: Fell In/From Vehicle,Other,0,1,0,0,1,0,0,0,1,0,0,0
265471,Hospitalisation,2013,20,Hit object,Single Vehicle,153.091461,-27.611235,Allbutt St,Allingham St,Kuraby,Stretton,Intersection - T-Junction,No traffic control,0 - 50 km/h,Sealed - Dry,Darkness - Lighted,Curved - view open,Vehicle Right-Turning At I/S (Or Drivewa,Out of control on curve,0,1,0,0,1,1,0,0,0,0,0,0
265472,Medical treatment,2013,11,Angle,Multi-Vehicle,153.105836,-27.593184,Millers Rd,Underwood Rd,Eight Mile Plains,Stretton,Intersection - Cross,Give way sign,60 km/h,Sealed - Dry,Daylight,Straight,Veh'S Adjacent Approach: Thru-Thru,Intersection from adjacent approaches,0,0,4,0,4,2,0,0,0,0,0,0
265477,Hospitalisation,2013,19,Hit object,Single Vehicle,153.172217,-27.51622455,Brisbane - Redland Rd,,Chandler,Chatsworth,No Roadway Feature,No traffic control,80 - 90 km/h,Sealed - Dry,Darkness - Not lighted,Curved - view open,Off Path-Curve: Off Cway Lt Bend Hit Obj,Off carriageway on curve hit object,0,1,0,0,1,1,0,0,0,0,0,0
265489,Hospitalisation,2013,17,Angle,Multi-Vehicle,152.9802253,-27.56649881,Cunningham Art Rd Service Rd,Oxley Rd,Oxley,Inala,Intersection - Roundabout,Give way sign,60 km/h,Sealed - Dry,Daylight,Straight,Veh'S Adjacent Approach: Thru-Thru,Intersection from adjacent approaches,0,1,0,0,1,1,1,0,0,0,0,0
265530,Hospitalisation,2013,21,Hit object,Single Vehicle,153.029933,-27.6147234,Ridgewood Rd,,Algester,Algester,No Roadway Feature,No traffic control,60 km/h,Sealed - Dry,Darkness - Lighted,Curved - view open,Off Path-Curve: Off Cway Rt Bend Hit Obj,Off carriageway on curve hit object,0,1,0,0,1,1,0,0,0,0,0,0
265531,Hospitalisation,2013,14,Angle,Multi-Vehicle,153.0140655,-27.52369054,Fairfield Rd,King Arthur Tce,Yeerongpilly,Yeerongpilly,Intersection - T-Junction,Operating traffic lights,60 km/h,Sealed - Dry,Daylight,Straight,Veh'S Opposite Approach: Thru-Right,Opposing vehicles turning,0,1,0,0,1,2,0,0,0,0,0,0
265532,Hospitalisation,2013,14,Angle,Multi-Vehicle,153.0539657,-27.49738029,Nicklin St,Old Cleveland Rd,Coorparoo,South Brisbane,Intersection - Cross,Operating traffic lights,60 km/h,Sealed - Dry,Daylight,Straight,Veh'S Adjacent Approach: Thru-Right,Intersection from adjacent approaches,0,1,0,0,1,2,0,0,0,0,0,0
265533,Minor injury,2013,20,Angle,Multi-Vehicle,152.979991,-27.566273,Blunder Rd,Oxley Rd,Oxley,Mount Ommaney,Intersection - Roundabout,No traffic control,60 km/h,Sealed - Dry,Darkness - Lighted,Curved - view obscured,Veh'S Same Direction: Other,Other,0,0,0,1,1,2,0,0,0,0,0,0
265551,Hospitalisation,2013,1,Hit pedestrian,Hit pedestrian,153.0207569,-27.58731151,Chandler St,,Acacia Ridge,Sunnybank,No Roadway Feature,No traffic control,0 - 50 km/h,Sealed - Dry,Daylight,Straight,Pass & Misc: Other,Other,0,1,0,0,1,1,0,0,0,0,1,0
265574,Medical treatment,2013,12,Rear-end,Multi-Vehicle,153.027058,-27.589516,Elizabeth St,,Acacia Ridge,Sunnybank,No Roadway Feature,No traffic control,0 - 50 km/h,Sealed - Dry,Daylight,Straight,Veh'S Manoeuvring: Other,Other,0,0,1,0,1,2,0,0,0,0,0,0
265575,Hospitalisation,2013,23,Hit object,Single Vehicle,153.0301132,-27.51655442,Ipswich Rd,,Annerley,Yeerongpilly,No Roadway Feature,No traffic control,60 km/h,Sealed - Dry,Darkness - Lighted,Straight,Off Path-Straight: Left Off Cway Hit Obj,Off carriageway on straight hit object,0,1,0,0,1,1,0,0,0,0,0,0
265577,Hospitalisation,2013,11,Angle,Multi-Vehicle,153.0473628,-27.50407933,Logan Rd,Logan St,Greenslopes,South Brisbane,Intersection - T-Junction,No traffic control,60 km/h,Sealed - Dry,Daylight,Curved - view open,Veh'S Opposite Approach: Thru-Right,Opposing vehicles turning,0,2,0,0,2,2,0,0,0,0,0,0
265583,Medical treatment,2013,11,Rear-end,Multi-Vehicle,153.124397,-27.524,Gateway Arterial Rd,,Belmont,Chatsworth,No Roadway Feature,No traffic control,100 - 110 km/h,Sealed - Dry,Daylight,Straight,Veh'S Same Direction: Rear End,Rear-end,0,0,1,0,1,3,0,0,0,0,0,0
265598,Medical treatment,2013,13,Rear-end,Multi-Vehicle,152.980209,-27.566518,Blunder Rd,Ipswich Rd,Oxley,Inala,Intersection - Roundabout,Give way sign,60 km/h,Sealed - Dry,Daylight,Straight,Veh'S Same Direction: Rear End,Rear-end,0,0,1,0,1,2,0,0,0,0,0,0
265601,Medical treatment,2013,20,Rear-end,Multi-Vehicle,153.035776,-27.477072,Main St,,Kangaroo Point,South Brisbane,No Roadway Feature,No traffic control,60 km/h,Sealed - Dry,Darkness - Lighted,Straight,Veh'S Same Direction: Rear End,Rear-end,0,0,1,0,1,2,0,0,0,0,0,0
265638,Medical treatment,2014,13,Rear-end,Multi-Vehicle,153.025875,-27.52188,Ipswich Rd,,Annerley,Yeerongpilly,No Roadway Feature,No traffic control,60 km/h,Sealed - Dry,Daylight,Straight,Veh'S Same Direction: Rear End,Rear-end,0,0,1,0,1,2,0,0,0,0,0,0
265640,Hospitalisation,2014,10,Rear-end,Multi-Vehicle,153.087815,-27.574061,Warrigal Rd,,Eight Mile Plains,Sunnybank,No Roadway Feature,No traffic control,0 - 50 km/h,Sealed - Dry,Daylight,Straight,Veh'S Same Direction: Left Rear,Rear-end,0,1,0,0,1,2,0,0,0,0,0,0
265641,Hospitalisation,2014,11,Angle,Multi-Vehicle,153.012303,-27.479673,Boundary St,Russell St,West End,South Brisbane,Intersection - T-Junction,Give way sign,0 - 50 km/h,Sealed - Dry,Daylight,Straight,Veh'S Adjacent Approach: Right-Right,Intersection from adjacent approaches,0,1,0,0,1,1,0,0,0,1,0,0
265670,Medical treatment,2014,7,Angle,Multi-Vehicle,153.038099,-27.507345,Clydesdale Ave,Duke St,Annerley,South Brisbane,Intersection - T-Junction,No traffic control,60 km/h,Sealed - Dry,Darkness - Lighted,Straight,Veh'S Adjacent Approach: Thru-Right,Intersection from adjacent approaches,0,0,1,0,1,2,0,0,0,0,0,0
265672,Medical treatment,2014,14,Angle,Multi-Vehicle,153.084563,-27.493306,Long St,Old Cleveland Rd,Camp Hill,Chatsworth,Intersection - T-Junction,No traffic control,60 km/h,Sealed - Dry,Daylight,Straight,Veh'S Adjacent Approach: Thru-Right,Intersection from adjacent approaches,0,0,1,0,1,1,0,0,0,1,0,0
265674,Medical treatment,2014,21,Hit parked vehicle,Single Vehicle,152.986532,-27.522724,Graceville Ave,,Graceville,Indooroopilly,No Roadway Feature,No traffic control,60 km/h,Sealed - Dry,Darkness - Lighted,Straight,Veh'S On Path: Parked,Hit parked vehicle,0,0,1,0,1,1,0,0,0,0,0,1
265676,Medical treatment,2014,15,Rear-end,Multi-Vehicle,153.030235,-27.485678,Allen St,Stanley St,Woolloongabba,South Brisbane,Intersection - T-Junction,Operating traffic lights,60 km/h,Sealed - Dry,Daylight,Straight,Veh'S Same Direction: Rear End,Rear-end,0,0,1,0,1,1,0,0,1,0,0,0
265677,Hospitalisation,2014,8,Angle,Multi-Vehicle,153.039813,-27.490542,Logan Rd,Lotus St,Woolloongabba,South Brisbane,Intersection - T-Junction,No traffic control,60 km/h,Sealed - Dry,Daylight,Straight,Veh'S Adjacant Approach: Thru-Left,Intersection from adjacent approaches,0,1,0,0,1,1,0,0,0,1,0,0
265678,Hospitalisation,2014,10,Angle,Multi-Vehicle,153.018857,-27.478468,Glenelg St,Merivale St,South Brisbane,South Brisbane,Intersection - Cross,Operating traffic lights,60 km/h,Sealed - Dry,Daylight,Straight,Veh'S Adjacent Approach: Thru-Thru,Intersection from adjacent approaches,0,2,0,1,3,2,0,0,0,0,0,0
265690,Hospitalisation,2014,18,Angle,Multi-Vehicle,153.058491,-27.631035,Gowan Rd,The Parkway,Stretton,Stretton,Intersection - T-Junction,Give way sign,60 km/h,Sealed - Dry,Daylight,Straight,Veh'S Adjacent Approach: Thru-Right,Intersection from adjacent approaches,0,1,0,0,1,2,0,0,0,0,0,0
265692,Medical treatment,2014,13,Rear-end,Multi-Vehicle,153.062135,-27.452759,Hawthorne Rd,,Bulimba,Bulimba,No Roadway Feature,No traffic control,60 km/h,Sealed - Dry,Daylight,Straight,Veh'S Same Direction: Right Rear,Rear-end,0,0,1,0,1,2,0,0,0,0,0,0
265693,Medical treatment,2014,20,Hit object,Single Vehicle,153.091892,-27.575827,Logan Sub-Arterial Rd,Padstow Rd,Eight Mile Plains,Sunnybank,Intersection - Cross,Operating traffic lights,60 km/h,Sealed - Dry,Darkness - Lighted,Straight,Pass & Misc: Other,Other,0,0,1,0,1,2,0,0,0,0,0,0
265694,Hospitalisation,2014,21,Hit object,Single Vehicle,153.040318,-27.49772099,Gillingham St,O'Keefe St,Woolloongabba,South Brisbane,Intersection - T-Junction,Operating traffic lights,60 km/h,Sealed - Dry,Darkness - Lighted,Straight,Off Path-Straight: Left Off Cway Hit Obj,Off carriageway on straight hit object,0,1,0,0,1,1,0,0,0,0,0,0
265695,Fatal,2014,22,Hit object,Single Vehicle,153.1172855,-27.4688179,Gateway Art Rd Ramp S,,Tingalpa,Chatsworth,Intersection - Interchange,No traffic control,100 - 110 km/h,Sealed - Dry,Darkness - Lighted,Curved - view open,Off Path-Curve: Off Cway Rt Bend Hit Obj,Off carriageway on curve hit object,1,0,0,0,1,1,0,0,0,0,0,0
265710,Medical treatment,2014,14,Rear-end,Multi-Vehicle,152.974706,-27.597228,Inala Ave,Serviceton Ave,Inala,Inala,No Roadway Feature,No traffic control,60 km/h,Sealed - Dry,Daylight,Straight,Veh'S Same Direction: Left Rear,Rear-end,0,0,1,0,1,2,0,0,0,0,0,0
265712,Hospitalisation,2014,12,Rear-end,Multi-Vehicle,153.03111,-27.485072,South East Art Rd Ramp Q,South East Arterial Rd,Woolloongabba,South Brisbane,Intersection - Interchange,Give way sign,60 km/h,Sealed - Dry,Daylight,Straight,Veh'S Same Direction: Rear End,Rear-end,0,1,1,0,2,2,0,0,0,0,0,0
265735,Medical treatment,2014,5,Rear-end,Multi-Vehicle,153.033182,-27.509292,Ipswich Rd,,Annerley,South Brisbane,No Roadway Feature,No traffic control,60 km/h,Sealed - Wet,Dawn/Dusk,Straight,Veh'S Same Direction: Rear End,Rear-end,0,0,1,0,1,4,0,0,0,0,0,0
265736,Medical treatment,2014,17,Angle,Multi-Vehicle,153.100728,-27.498847,Creek Rd,Old Cleveland Rd,Carindale,Chatsworth,Intersection - Cross,Operating traffic lights,60 km/h,Sealed - Dry,Daylight,Straight,Veh'S Adjacent Approach: Other,Intersection from adjacent approaches,0,0,1,0,1,2,0,0,0,0,0,0
265737,Medical treatment,2014,19,Angle,Multi-Vehicle,152.969265,-27.600136,Clipper St,Lyra St,Inala,Inala,Intersection - T-Junction,No traffic control,0 - 50 km/h,Sealed - Dry,Dawn/Dusk,Straight,Veh'S Adjacent Approach: Left-Right,Intersection from adjacent approaches,0,0,1,0,1,2,0,0,0,0,0,0
265740,Hospitalisation,2014,18,Hit object,Single Vehicle,152.972592,-27.553379,Ardoyne Rd,Seventeen Mile Rocks Rd,Oxley,Mount Ommaney,Intersection - T-Junction,No traffic control,0 - 50 km/h,Sealed - Wet,Dawn/Dusk,Curved - view obscured,Off Path-Curve: Off Cway Rt Bend Hit Obj,Off carriageway on curve hit object,0,1,0,0,1,1,0,0,0,0,0,0
265742,Hospitalisation,2014,19,Sideswipe,Multi-Vehicle,153.060967,-27.54281943,South East Arterial Rd,,Mount Gravatt,Mansfield,No Roadway Feature,No traffic control,100 - 110 km/h,Sealed - Wet,Darkness - Lighted,Straight,Veh'S Same Direction: Rear End,Rear-end,0,1,0,0,1,3,0,0,0,0,0,0
265743,Minor injury,2014,6,Rear-end,Multi-Vehicle,153.035657,-27.476423,Main St,River Tce,Kangaroo Point,South Brisbane,Intersection - T-Junction,Operating traffic lights,60 km/h,Sealed - Dry,Daylight,Straight,Veh'S Same Direction: Rear End,Rear-end,0,0,0,1,1,1,1,0,0,0,0,0
265771,Hospitalisation,2014,17,Rear-end,Multi-Vehicle,153.038544,-27.516065,Ekibin Rd E,,Tarragindi,Yeerongpilly,No Roadway Feature,No traffic control,60 km/h,Sealed - Dry,Daylight,Straight,Veh'S Same Direction: Rear End,Rear-end,0,2,0,0,2,3,0,0,0,0,0,0
265782,Hospitalisation,2014,17,Hit object,Single Vehicle,152.925004,-27.6085575,Logan Mwy,,Ellen Grove,Inala,No Roadway Feature,No traffic control,100 - 110 km/h,Sealed - Dry,Daylight,Straight,Pass & Misc: Other,Other,0,1,0,0,1,1,0,1,0,0,0,0
265801,Hospitalisation,2014,19,Hit pedestrian,Hit pedestrian,153.077638,-27.573897,Padstow Rd,,Eight Mile Plains,Sunnybank,No Roadway Feature,No traffic control,60 km/h,Sealed - Dry,Darkness - Lighted,Straight,Ped'N: Near Side Vehicle Hit From Right,Pedestrian,0,1,0,0,1,1,0,0,0,0,1,0
265802,Medical treatment,2014,17,Hit object,Single Vehicle,153.041341,-27.4962657,Logan Rd,,Woolloongabba,South Brisbane,No Roadway Feature,No traffic control,60 km/h,Sealed - Dry,Daylight,Curved - view open,Veh'S On Path: Permanent Obstruction,Hit permanent obstruction on carriageway,0,0,1,0,1,0,0,1,0,0,0,0
265803,Medical treatment,2014,7,Angle,Multi-Vehicle,153.048122,-27.478015,Lytton Rd,Walter Ave,East Brisbane,South Brisbane,Intersection - T-Junction,Stop sign,60 km/h,Sealed - Dry,Daylight,Straight,Veh'S Adjacent Approach: Right-Thru,Intersection from adjacent approaches,0,0,1,0,1,4,0,0,0,0,0,0
265824,Hospitalisation,2014,21,Angle,Multi-Vehicle,152.9797914,-27.56607228,Ipswich Mwy,,Oxley,Mount Ommaney,Intersection - Roundabout,Give way sign,60 km/h,Sealed - Dry,Darkness - Lighted,Straight,Veh'S Adjacent Approach: Thru-Thru,Intersection from adjacent approaches,0,1,0,0,1,2,0,0,0,0,0,0
265828,Hospitalisation,2014,18,Head-on,Multi-Vehicle,153.1780108,-27.5080181,New Cleveland Rd,,Chandler,Chatsworth,No Roadway Feature,No traffic control,70 km/h,Sealed - Dry,Dawn/Dusk,Straight,Veh'S Overtaking: Head On,Head-on,0,1,0,0,1,2,0,0,0,0,0,0
265846,Medical treatment,2014,5,Fall from vehicle,Single Vehicle,153.0498921,-27.60968836,Mt Lindesay Art. Rd,,Calamvale,Stretton,No Roadway Feature,No traffic control,80 - 90 km/h,Sealed - Wet,Daylight,Curved - view open,Off Path-Curve: Out Of Control On Cway,Out of control on curve,0,0,1,0,1,0,1,0,0,0,0,0
265851,Minor injury,2014,17,Rear-end,Multi-Vehicle,153.080536,-27.56008002,Griffith Arterial Rd,,Upper Mount Gravatt,Mansfield,No Roadway Feature,No traffic control,60 km/h,Sealed - Dry,Dawn/Dusk,Straight,Veh'S Same Direction: Rear End,Rear-end,0,0,0,1,1,2,0,0,0,0,0,0
265852,Medical treatment,2014,10,Rear-end,Multi-Vehicle,153.0192408,-27.48062278,Ernest St,,South Brisbane,South Brisbane,No Roadway Feature,No traffic control,0 - 50 km/h,Sealed - Dry,Daylight,Straight,Veh'S Same Direction: Rear End,Rear-end,0,0,1,0,1,1,0,1,0,0,0,0
265853,Minor injury,2014,6,Hit object,Single Vehicle,153.035955,-27.493302,South East Arterial Rd,,Woolloongabba,South Brisbane,No Roadway Feature,No traffic control,80 - 90 km/h,Sealed - Wet,Daylight,Curved - view open,Off Path-Curve: Off Cway Lt Bend Hit Obj,Off carriageway on curve hit object,0,0,0,1,1,3,0,1,1,0,0,0
265885,Hospitalisation,2014,13,Hit object,Single Vehicle,153.064271,-27.533974,Nursery Rd,,Holland Park West,Greenslopes,No Roadway Feature,Police,60 km/h,Sealed - Dry,Daylight,Straight,Off Path-Curve: Off Cway Rt Bend Hit Obj,Off carriageway on curve hit object,0,1,0,0,1,0,0,1,0,0,0,0
265912,Hospitalisation,2014,15,Angle,Multi-Vehicle,153.054288,-27.61151,Calam Rd,Compton Rd,Calamvale,Stretton,Intersection - T-Junction,Operating traffic lights,60 km/h,Sealed - Dry,Daylight,Straight,Veh'S Opposite Approach: Thru-Right,Opposing vehicles turning,0,3,0,1,4,3,0,0,0,0,0,0
265915,Hospitalisation,2014,16,Fall from vehicle,Single Vehicle,153.0104447,-27.64605676,Paradise Rd,,Larapinta,Algester,No Roadway Feature,No traffic control,80 - 90 km/h,Sealed - Dry,Daylight,Straight,Off Path-Straight:Out Of Control On Cway,Out of control on straight,0,1,0,0,1,0,1,0,0,0,0,0
265916,Hospitalisation,2014,4,Hit pedestrian,Hit pedestrian,153.0125398,-27.47836532,Boundary St,,West End,South Brisbane,No Roadway Feature,No traffic control,0 - 50 km/h,Sealed - Dry,Darkness - Lighted,Straight,Ped'N: Play; Work; Stand; Lie On C'Way,Pedestrian,0,1,0,0,1,1,0,0,0,0,1,0
265938,Medical treatment,2014,12,Rear-end,Multi-Vehicle,153.057221,-27.586255,Wynne St,,Sunnybank Hills,Sunnybank,No Roadway Feature,No traffic control,0 - 50 km/h,Sealed - Dry,Daylight,Straight,Veh'S Same Direction: Right Rear,Rear-end,0,0,1,0,1,2,0,0,0,0,0,0
265939,Minor injury,2014,8,Rear-end,Multi-Vehicle,153.082142,-27.48731924,Stanley Rd,,Camp Hill,Chatsworth,No Roadway Feature,No traffic control,60 km/h,Sealed - Dry,Daylight,Straight,Veh'S Same Direction: Rear End,Rear-end,0,0,0,1,1,2,0,0,0,0,0,0
265941,Hospitalisation,2014,11,Angle,Multi-Vehicle,152.945297,-27.597595,Progress Rd,Western Arterial Rd,Richlands,Inala,Intersection - Interchange,Operating traffic lights,60 km/h,Sealed - Dry,Daylight,Straight,Veh'S Adjacent Approach: Thru-Right,Intersection from adjacent approaches,0,1,0,0,1,2,0,0,0,0,0,0
265968,Medical treatment,2014,18,Angle,Multi-Vehicle,153.064428,-27.589673,Agnes St,Beenleigh Rd,Sunnybank,Sunnybank,Intersection - T-Junction,No traffic control,60 km/h,Sealed - Dry,Dawn/Dusk,Straight,Veh'S Opposite Approach: Thru-Right,Opposing vehicles turning,0,0,1,0,1,2,0,0,0,0,0,0
265969,Hospitalisation,2014,10,Rear-end,Multi-Vehicle,153.045841,-27.588315,Chilton St,Jackson Rd,Sunnybank Hills,Sunnybank,Intersection - T-Junction,No traffic control,60 km/h,Sealed - Dry,Daylight,Straight,Veh'S Same Direction: Right Rear,Rear-end,0,1,1,1,3,2,0,0,0,0,0,0
265970,Medical treatment,2014,9,Angle,Multi-Vehicle,153.036696,-27.503753,Juliette St,King St,Annerley,South Brisbane,Intersection - Cross,No traffic control,60 km/h,Sealed - Dry,Daylight,Straight,Veh'S Same Direction: Right Turn S/Swipe,Parallel lanes turning,0,0,1,0,1,2,0,0,0,0,0,0
265972,Hospitalisation,2014,17,Angle,Multi-Vehicle,152.967985,-27.621333,Forest Lake Blvd,The Esplanade,Forest Lake,Algester,Intersection - T-Junction,No traffic control,60 km/h,Sealed - Dry,Daylight,Straight,Veh'S Opposite Approach: Thru-Right,Opposing vehicles turning,0,1,0,0,1,2,0,0,0,0,0,0
265973,Minor injury,2014,11,Angle,Multi-Vehicle,152.970974,-27.626926,Forest Lake Blvd,Grand Ave,Forest Lake,Algester,Intersection - Cross,Operating traffic lights,60 km/h,Sealed - Dry,Daylight,Straight,Veh'S Opposite Approach: Thru-Right,Opposing vehicles turning,0,0,0,2,2,2,0,0,0,0,0,0
265974,Hospitalisation,2014,20,Angle,Multi-Vehicle,153.063934,-27.571936,Mains Rd,Mccullough St,Sunnybank,Sunnybank,Intersection - Cross,Operating traffic lights,60 km/h,Sealed - Dry,Darkness - Lighted,Straight,Veh'S Opposite Approach: Thru-Right,Opposing vehicles turning,0,4,0,0,4,2,0,0,0,0,0,0
265975,Medical treatment,2014,7,Angle,Multi-Vehicle,153.0416632,-27.48990763,Lisburn St,,East Brisbane,South Brisbane,No Roadway Feature,No traffic control,0 - 50 km/h,Sealed - Dry,Daylight,Curved - view obscured,Veh'S Adjacent Approach: Thru-Right,Intersection from adjacent approaches,0,0,1,0,1,1,0,0,0,1,0,0
265976,Medical treatment,2014,8,Angle,Multi-Vehicle,153.168751,-27.446131,Colina St,West Ave,Wynnum,Lytton,Intersection - Cross,Stop sign,0 - 50 km/h,Sealed - Dry,Daylight,Straight,Veh'S Adjacent Approach: Thru-Thru,Intersection from adjacent approaches,0,0,1,0,1,1,0,1,0,0,0,0
265984,Minor injury,2014,16,Rear-end,Multi-Vehicle,153.1780298,-27.48617164,Rickertt Rd,,Ransome,Chatsworth,No Roadway Feature,No traffic control,60 km/h,Sealed - Dry,Daylight,Straight,Veh'S Same Direction: Rear End,Rear-end,0,0,0,1,1,2,0,0,0,0,0,0
266001,Hospitalisation,2014,17,Hit object,Single Vehicle,153.045841,-27.588315,Chilton St,Jackson Rd,Sunnybank Hills,Sunnybank,No Roadway Feature,No traffic control,60 km/h,Sealed - Dry,Daylight,Straight,Pass & Misc: Parked Car Ran Away,Other,0,1,0,0,1,1,0,0,0,0,0,0
266002,Medical treatment,2014,18,Angle,Multi-Vehicle,153.021624,-27.512496,Fairfield Rd,Venner Rd,Fairfield,Yeerongpilly,Intersection - Roundabout,No traffic control,60 km/h,Sealed - Dry,Dawn/Dusk,Straight,Veh'S Adjacent Approach: Thru-Right,Intersection from adjacent approaches,0,0,1,0,1,1,1,0,0,0,0,0
266004,Hospitalisation,2014,8,Angle,Multi-Vehicle,153.062163,-27.512834,Abbotsleigh St,Percival Tce,Holland Park,Greenslopes,Intersection - Cross,Stop sign,60 km/h,Sealed - Dry,Daylight,Straight,Veh'S Adjacent Approach: Thru-Thru,Intersection from adjacent approaches,0,1,0,0,1,2,0,0,0,0,0,0