Crash_Ref_Number,Severity,Year,Hour,Crash_Nature,Crash_Type,Longitude,Latitude,Street,Street_Intersecting,Suburb,Loc_State_Electorate,Crash_Roadway_Feature,Crash_Traffic_Control,Crash_Speed_Limit,Crash_Road_Surface_Condition,Crash_Lighting_Condition,Crash_Road_Horiz_Align,Crash_DCA_Description,Crash_DCA_Group_Description,Count_Casualty_Fatality,Count_Casualty_Hospitalised,Count_Casualty_MedicallyTreated,Count_Casualty_MinorInjury,Count_Casualty_Total,Count_Unit_Car,Count_Unit_Motorcycle_Moped,Count_Unit_Truck,Count_Unit_Bus,Count_Unit_Bicycle,Count_Unit_Pedestrian,Count_Unit_Other
266006,Minor injury,2014,9,Angle,Multi-Vehicle,153.0933923,-27.54372409,Broadwater Rd,,Mansfield,Mansfield,No Roadway Feature,No traffic control,60 km/h,Sealed - Dry,Daylight,Straight,Veh'S Same Direction: Right Turn S/Swipe,Parallel lanes turning,0,0,0,1,1,2,0,0,0,0,0,0
266041,Hospitalisation,2014,14,Rear-end,Multi-Vehicle,153.053042,-27.498032,Old Cleveland Rd,,Coorparoo,South Brisbane,No Roadway Feature,No traffic control,60 km/h,Sealed - Dry,Daylight,Curved - view open,Veh'S Same Direction: Rear End,Rear-end,0,1,0,1,2,3,0,0,0,0,0,0
266042,Medical treatment,2014,17,Angle,Multi-Vehicle,153.056275,-27.515263,Birdwood Rd,Logan Rd,Holland Park West,Greenslopes,Intersection - T-Junction,Operating traffic lights,60 km/h,Sealed - Dry,Daylight,Straight,Veh'S Opposite Approach: Thru-Right,Opposing vehicles turning,0,0,1,0,1,1,0,0,0,1,0,0
266047,Minor injury,2014,15,Rear-end,Multi-Vehicle,153.064338,-27.568756,Cosmic St,,Robertson,Sunnybank,No Roadway Feature,No traffic control,0 - 50 km/h,Sealed - Dry,Daylight,Straight,Veh'S Same Direction: Rear End,Rear-end,0,0,0,1,1,2,0,0,0,0,0,0
266048,Hospitalisation,2014,11,Sideswipe,Multi-Vehicle,153.064763,-27.568356,Mains Rd,,Macgregor,Sunnybank,No Roadway Feature,Operating traffic lights,60 km/h,Sealed - Dry,Daylight,Straight,Veh'S Same Direction: Lane Change Right,Lane changes,0,1,0,0,1,1,1,0,0,0,0,0
266049,Hospitalisation,2014,13,Sideswipe,Multi-Vehicle,153.01384,-27.478837,Browning St,Russell St,South Brisbane,South Brisbane,Intersection - Cross,Operating traffic lights,0 - 50 km/h,Sealed - Dry,Daylight,Straight,Veh'S Same Direction: Left Turn S/Swipe,Parallel lanes turning,0,1,0,0,1,1,1,0,0,0,0,0
266050,Hospitalisation,2014,10,Hit object,Single Vehicle,153.188168,-27.467868,Railway Tce,,Lota,Lytton,No Roadway Feature,No traffic control,0 - 50 km/h,Sealed - Dry,Daylight,Curved - view open,Off Path-Curve: Off Cway Lt Bend Hit Obj,Off carriageway on curve hit object,0,1,0,0,1,1,0,0,0,0,0,0
266053,Hospitalisation,2014,6,Head-on,Multi-Vehicle,153.187872,-27.55963534,Redland Sub-Arterial Rd,,Burbank,Mansfield,No Roadway Feature,No traffic control,80 - 90 km/h,Sealed - Dry,Daylight,Straight,Veh'S Opposite Approach: Head On,Head-on,0,2,0,0,2,2,0,0,0,0,0,0
266074,Minor injury,2014,14,Rear-end,Multi-Vehicle,153.0309679,-27.51388712,Ipswich Rd,,Annerley,Yeerongpilly,No Roadway Feature,No traffic control,60 km/h,Sealed - Dry,Daylight,Straight,Veh'S Same Direction: Rear End,Rear-end,0,0,0,1,1,2,0,0,0,0,0,0
266077,Minor injury,2014,18,Rear-end,Multi-Vehicle,153.093945,-27.531787,Cavendish Rd,Creek Rd,Mount Gravatt East,Greenslopes,Intersection - T-Junction,No traffic control,60 km/h,Sealed - Dry,Dawn/Dusk,Straight,Veh'S Same Direction: Left Rear,Rear-end,0,0,0,1,1,2,0,0,0,0,0,0
266104,Medical treatment,2014,13,Sideswipe,Multi-Vehicle,153.093419,-27.61806,Acacia Rd,,Karawatha,Stretton,Merge Lane,No traffic control,60 km/h,Sealed - Dry,Daylight,Straight,Veh'S Same Direction: Lane Change Right,Lane changes,0,0,1,0,1,2,0,0,0,0,0,0
266106,Medical treatment,2014,17,Hit object,Single Vehicle,153.115608,-27.550371,Gateway Arterial Rd,,Rochedale,Mansfield,No Roadway Feature,No traffic control,100 - 110 km/h,Sealed - Dry,Daylight,Straight,Off Path-Straight:Right Off Cway Hit Obj,Off carriageway on straight hit object,0,0,1,0,1,1,0,0,0,0,0,0
266126,Minor injury,2014,0,Hit parked vehicle,Single Vehicle,152.971867,-27.603724,Partridge St,Quail St,Inala,Inala,No Roadway Feature,No traffic control,60 km/h,Sealed - Dry,Darkness - Lighted,Straight,Veh'S On Path: Parked,Hit parked vehicle,0,0,0,1,1,2,0,0,0,0,0,0
266127,Minor injury,2014,9,Hit object,Single Vehicle,153.039223,-27.5465649,Orange Grove Rd,,Salisbury,Yeerongpilly,No Roadway Feature,No traffic control,60 km/h,Sealed - Dry,Daylight,Curved - view open,Off Path-Curve: Off Cway Lt Bend Hit Obj,Off carriageway on curve hit object,0,0,0,1,1,2,0,0,0,0,0,0
266149,Medical treatment,2014,15,Angle,Multi-Vehicle,153.056794,-27.640152,Gowan Rd,Illaweena St,Stretton,Stretton,Intersection - T-Junction,Operating traffic lights,60 km/h,Sealed - Dry,Daylight,Straight,Veh'S Opposite Approach: Thru-Right,Opposing vehicles turning,0,0,1,0,1,3,0,0,0,0,0,0
266150,Hospitalisation,2014,17,Rear-end,Multi-Vehicle,153.0601069,-27.59107295,Pinelands Rd,,Sunnybank Hills,Stretton,No Roadway Feature,No traffic control,70 km/h,Sealed - Dry,Daylight,Straight,Veh'S Same Direction: Rear End,Rear-end,0,3,0,0,3,3,0,0,0,0,0,0
266153,Medical treatment,2014,9,Rear-end,Multi-Vehicle,153.106991,-27.549755,Redland Sub-Arterial Rd,Shillington Pl,Wishart,Mansfield,Intersection - Cross,Operating traffic lights,60 km/h,Sealed - Dry,Daylight,Straight,Veh'S Same Direction: Rear End,Rear-end,0,0,1,0,1,1,0,1,0,0,0,0
266154,Minor injury,2014,9,Rear-end,Multi-Vehicle,153.042114,-27.479073,Lytton Rd,,East Brisbane,South Brisbane,No Roadway Feature,No traffic control,60 km/h,Sealed - Dry,Daylight,Straight,Veh'S Same Direction: Rear End,Rear-end,0,0,0,1,1,3,0,0,0,0,0,0
266178,Medical treatment,2014,8,Rear-end,Multi-Vehicle,153.0796415,-27.55270263,Logan Rd,,Upper Mount Gravatt,Mansfield,Intersection - T-Junction,No traffic control,60 km/h,Sealed - Dry,Daylight,Straight,Veh'S Same Direction: Left Rear,Rear-end,0,0,1,0,1,2,0,0,0,0,0,0
266179,Hospitalisation,2014,10,Hit pedestrian,Hit pedestrian,153.018832,-27.481992,Ernest St,Gladstone Rd,South Brisbane,South Brisbane,Intersection - Cross,Operating traffic lights,60 km/h,Sealed - Dry,Daylight,Curved - view open,Ped'N: Near Side Vehicle Hit From Right,Pedestrian,0,1,1,0,2,0,0,1,0,0,1,0
266180,Medical treatment,2014,8,Angle,Multi-Vehicle,153.043268,-27.487678,Fisher St,Stanley St East,East Brisbane,South Brisbane,Intersection - Cross,Give way sign,60 km/h,Sealed - Dry,Daylight,Straight,Veh'S Adjacent Approach: Thru-Thru,Intersection from adjacent approaches,0,0,1,0,1,2,0,0,0,0,0,0
266206,Hospitalisation,2014,5,Angle,Multi-Vehicle,153.030855,-27.513882,Ipswich Rd,Venner Rd,Annerley,Yeerongpilly,Intersection - Cross,Operating traffic lights,60 km/h,Sealed - Dry,Dawn/Dusk,Straight,Veh'S Opposite Approach: Thru-Right,Opposing vehicles turning,0,1,1,0,2,2,0,0,0,0,0,0
266208,Hospitalisation,2014,15,Sideswipe,Multi-Vehicle,153.043161,-27.502266,Cornwall St,Knight St,Greenslopes,South Brisbane,Intersection - T-Junction,No traffic control,60 km/h,Sealed - Dry,Daylight,Straight,Veh'S Same Direction: Right Turn S/Swipe,Parallel lanes turning,0,1,0,0,1,1,1,0,0,0,0,0
266209,Hospitalisation,2014,9,Angle,Multi-Vehicle,153.054008,-27.52016,Birdwood Rd,Esher St,Holland Park West,Greenslopes,Intersection - T-Junction,Stop sign,60 km/h,Sealed - Dry,Daylight,Straight,Veh'S Adjacent Approach: Right-Thru,Intersection from adjacent approaches,0,1,0,0,1,1,1,0,0,0,0,0
266211,Medical treatment,2014,20,Rear-end,Multi-Vehicle,153.063565,-27.57377,Elva St,Mains Rd,Sunnybank,Sunnybank,No Roadway Feature,No traffic control,60 km/h,Sealed - Dry,Darkness - Lighted,Straight,Veh'S Same Direction: Left Rear,Rear-end,0,0,1,0,1,2,0,0,0,0,0,0
266212,Medical treatment,2014,9,Rear-end,Multi-Vehicle,153.0600236,-27.54140472,South East Arterial Rd,,Mount Gravatt,Mansfield,No Roadway Feature,No traffic control,100 - 110 km/h,Sealed - Dry,Daylight,Straight,Veh'S Same Direction: Rear End,Rear-end,0,0,1,0,1,3,0,0,0,0,0,0
266213,Hospitalisation,2014,21,Hit parked vehicle,Single Vehicle,153.112917,-27.5536021,Gateway Arterial Rd,,Rochedale,Mansfield,No Roadway Feature,No traffic control,100 - 110 km/h,Sealed - Wet,Darkness - Lighted,Straight,Veh'S On Path: Accident Or Broken Down,Hit parked vehicle,0,1,0,0,1,2,0,0,0,0,0,0
266239,Minor injury,2014,11,Sideswipe,Multi-Vehicle,152.9560432,-27.57324899,Cunningham Arterial Rd,,Darra,Inala,No Roadway Feature,No traffic control,80 - 90 km/h,Sealed - Dry,Daylight,Straight,Veh'S Same Direction: Lane Change Left,Lane changes,0,0,0,1,1,2,0,0,0,0,0,0
266240,Medical treatment,2014,18,Rear-end,Multi-Vehicle,153.03152,-27.512478,Ekibin Rd,Ipswich Rd,Annerley,Yeerongpilly,Intersection - T-Junction,Operating traffic lights,0 - 50 km/h,Sealed - Dry,Dawn/Dusk,Straight,Veh'S Same Direction: Left Rear,Rear-end,0,0,1,0,1,2,0,0,0,0,0,0
266242,Medical treatment,2014,17,Rear-end,Multi-Vehicle,153.096639,-27.520672,Creek Rd,Tristania Way,Mount Gravatt East,Mansfield,Intersection - T-Junction,Give way sign,0 - 50 km/h,Sealed - Wet,Dawn/Dusk,Straight,Veh'S Same Direction: Left Rear,Rear-end,0,0,1,0,1,2,0,0,0,0,0,0
266245,Medical treatment,2014,7,Fall from vehicle,Single Vehicle,153.026713,-27.533055,Mayfield Rd,Weir St,Moorooka,Yeerongpilly,Intersection - T-Junction,Give way sign,0 - 50 km/h,Sealed - Wet,Daylight,Straight,Off Path-Straight:Out Of Control On Cway,Out of control on straight,0,0,1,0,1,1,1,0,0,0,0,0
266248,Medical treatment,2014,15,Rear-end,Multi-Vehicle,153.0700991,-27.57275984,Mccullough St,,Macgregor,Sunnybank,No Roadway Feature,No traffic control,60 km/h,Sealed - Wet,Darkness - Lighted,Straight,Veh'S Same Direction: Rear End,Rear-end,0,0,2,0,2,3,0,0,0,0,0,0
266249,Hospitalisation,2014,16,Hit pedestrian,Hit pedestrian,153.007755,-27.477179,Anthony St,Montague Rd,West End,South Brisbane,Intersection - T-Junction,Give way sign,60 km/h,Sealed - Wet,Daylight,Straight,Ped'N: Hit Emerging Behind Vehicle,Pedestrian,0,1,0,0,1,1,0,0,0,0,1,0
266250,Hospitalisation,2014,21,Angle,Multi-Vehicle,153.018351,-27.473999,Grey St,Melbourne St,South Brisbane,South Brisbane,Intersection - Cross,Operating traffic lights,60 km/h,Sealed - Dry,Darkness - Lighted,Straight,Veh'S Adjacent Approach: Thru-Thru,Intersection from adjacent approaches,0,1,0,0,1,1,0,0,1,0,0,0
266251,Medical treatment,2014,18,Rear-end,Multi-Vehicle,153.039798,-27.48713301,Stanley St,Wellington Rd,East Brisbane,South Brisbane,Intersection - Cross,Operating traffic lights,60 km/h,Sealed - Wet,Darkness - Lighted,Straight,Veh'S Same Direction: Rear End,Rear-end,0,0,1,0,1,2,0,0,0,0,0,0
266264,Hospitalisation,2014,7,Sideswipe,Multi-Vehicle,153.125799,-27.513802,Gateway Arterial Rd,,Belmont,Chatsworth,No Roadway Feature,No traffic control,100 - 110 km/h,Sealed - Dry,Daylight,Straight,Veh'S Same Direction: Lane Change Left,Lane changes,0,1,0,0,1,1,0,1,0,0,0,0
266295,Medical treatment,2014,7,Rear-end,Multi-Vehicle,153.044725,-27.638747,Mt Lindesay Art. Rd,,Parkinson,Algester,No Roadway Feature,No traffic control,80 - 90 km/h,Sealed - Wet,Daylight,Straight,Veh'S Same Direction: Rear End,Rear-end,0,0,1,0,1,3,0,0,0,0,0,0
266296,Medical treatment,2014,17,Sideswipe,Multi-Vehicle,153.016106,-27.51884,Fairfield Rd,Yeronga St,Yeronga,Yeerongpilly,Intersection - T-Junction,Operating traffic lights,60 km/h,Sealed - Dry,Daylight,Straight,Veh'S Same Direction: Lane Side Swipe,Lane changes,0,0,1,0,1,1,0,0,0,1,0,0
266341,Medical treatment,2014,11,Rear-end,Multi-Vehicle,153.026535,-27.521113,Ipswich Rd,,Annerley,Yeerongpilly,No Roadway Feature,No traffic control,60 km/h,Sealed - Wet,Daylight,Straight,Veh'S Same Direction: Rear End,Rear-end,0,0,1,0,1,2,0,0,0,0,0,0
266343,Medical treatment,2014,11,Hit object,Single Vehicle,153.062565,-27.545005,South East Arterial Rd,,Mount Gravatt,Mansfield,No Roadway Feature,No traffic control,100 - 110 km/h,Sealed - Wet,Daylight,Straight,Off Path-Straight:Right Off Cway Hit Obj,Off carriageway on straight hit object,0,0,1,0,1,1,0,0,0,0,0,0
266344,Hospitalisation,2014,0,Hit pedestrian,Hit pedestrian,153.016099,-27.4745,Merivale St,,South Brisbane,South Brisbane,No Roadway Feature,No traffic control,60 km/h,Sealed - Dry,Darkness - Lighted,Straight,Ped'N: Near Side Vehicle Hit From Right,Pedestrian,0,1,0,0,1,1,0,0,0,0,1,0
266373,Hospitalisation,2014,13,Fall from vehicle,Single Vehicle,153.1046373,-27.58351434,South East Arterial Rd,,Rochedale,Mansfield,No Roadway Feature,No traffic control,100 - 110 km/h,Sealed - Dry,Daylight,Straight,Off Path-Straight:Out Of Control On Cway,Out of control on straight,0,1,0,0,1,0,1,0,0,0,0,0
266395,Medical treatment,2014,18,Angle,Multi-Vehicle,153.056102,-27.525484,Cannes St,Marshall Rd,Holland Park West,Greenslopes,Intersection - Cross,Operating traffic lights,60 km/h,Sealed - Dry,Dawn/Dusk,Straight,Veh'S Opposite Approach: Thru-Right,Opposing vehicles turning,0,0,1,0,1,2,0,0,0,0,0,0
266396,Hospitalisation,2014,7,Angle,Multi-Vehicle,153.018033,-27.596173,Learoyd Rd,Watson Rd,Willawong,Sunnybank,Intersection - Roundabout,No traffic control,60 km/h,Sealed - Dry,Daylight,Straight,Veh'S Adjacent Approach: Thru-Right,Intersection from adjacent approaches,0,1,0,0,1,1,0,0,0,1,0,0
266418,Hospitalisation,2014,20,Hit object,Single Vehicle,153.0761864,-27.61268872,Compton Rd,,Stretton,Stretton,Median Opening,No traffic control,60 km/h,Sealed - Wet,Darkness - Lighted,Curved - view open,Off Path-Curve: Mounts Traffic Island,Off carriageway on curve hit object,0,1,0,0,1,1,0,0,0,0,0,0
266419,Hospitalisation,2014,15,Hit object,Single Vehicle,152.9965624,-27.5933827,King Ave,,Durack,Sunnybank,No Roadway Feature,No traffic control,60 km/h,Sealed - Dry,Daylight,Straight,Off Path-Straight: Left Off Cway Hit Obj,Off carriageway on straight hit object,0,1,0,0,1,1,0,0,0,0,0,0
266420,Minor injury,2014,23,Hit object,Single Vehicle,153.0962924,-27.47769633,Creek Rd,,Cannon Hill,Bulimba,No Roadway Feature,No traffic control,70 km/h,Sealed - Wet,Darkness - Lighted,Curved - view open,Off Path-Curve: Mounts Traffic Island,Off carriageway on curve hit object,0,0,0,1,1,1,0,0,0,0,0,0
266422,Hospitalisation,2014,14,Hit object,Single Vehicle,153.1058996,-27.57484121,Gateway Art Rd Ramp Mc,,Rochedale,Mansfield,Intersection - Interchange,No traffic control,60 km/h,Sealed - Wet,Daylight,Curved - view obscured,Off Path-Curve: Off Cway Lt Bend Hit Obj,Off carriageway on curve hit object,0,1,0,0,1,1,0,0,0,0,0,0
266443,Minor injury,2014,11,Angle,Multi-Vehicle,153.087756,-27.566237,Logan Sub-Arterial Rd,Macgregor St,Upper Mount Gravatt,Mansfield,Intersection - Cross,Operating traffic lights,60 km/h,Sealed - Dry,Daylight,Straight,Veh'S Adjacent Approach: Thru-Right,Intersection from adjacent approaches,0,0,0,1,1,2,0,0,0,0,0,0
266444,Medical treatment,2014,13,Rear-end,Multi-Vehicle,153.051161,-27.558812,Griffith Arterial Rd,,Coopers Plains,Sunnybank,No Roadway Feature,No traffic control,70 km/h,Sealed - Dry,Daylight,Straight,Veh'S Same Direction: Rear End,Rear-end,0,0,1,1,2,3,0,0,0,0,0,0
266445,Minor injury,2014,9,Rear-end,Multi-Vehicle,153.034216,-27.484282,Vulture St,,Kangaroo Point,South Brisbane,Intersection - Interchange,No traffic control,60 km/h,Sealed - Dry,Daylight,Straight,Veh'S Same Direction: Rear End,Rear-end,0,0,0,1,1,2,0,0,0,0,0,0
266446,Hospitalisation,2014,7,Angle,Multi-Vehicle,153.110084,-27.47187499,Victor St,Wynnum Rd,Tingalpa,Chatsworth,Intersection - Cross,Operating traffic lights,70 km/h,Sealed - Dry,Daylight,Straight,Veh'S Opposite Approach: Thru-Right,Opposing vehicles turning,0,1,0,0,1,1,1,0,0,0,0,0
266474,Medical treatment,2014,22,Hit parked vehicle,Single Vehicle,153.025715,-27.641332,Wallum Dr,,Parkinson,Algester,No Roadway Feature,No traffic control,0 - 50 km/h,Sealed - Dry,Darkness - Lighted,Straight,Off Path-Straight: Left Off Cway Hit Obj,Off carriageway on straight hit object,0,0,1,0,1,2,0,0,0,0,0,0
266476,Hospitalisation,2014,17,Angle,Multi-Vehicle,153.071041,-27.5286257,Logan Rd,,Holland Park West,Greenslopes,No Roadway Feature,No traffic control,60 km/h,Sealed - Dry,Daylight,Straight,Veh'S Same Direction: Right Turn S/Swipe,Parallel lanes turning,0,1,0,0,1,2,0,0,0,0,0,0
266500,Medical treatment,2014,20,Hit parked vehicle,Single Vehicle,153.0252558,-27.50640197,Fairfield Rd,,Fairfield,Yeerongpilly,No Roadway Feature,No traffic control,60 km/h,Sealed - Dry,Darkness - Lighted,Straight,Veh'S On Path: Parked,Hit parked vehicle,0,0,1,0,1,2,0,0,0,0,0,0
266507,Hospitalisation,2014,14,Rear-end,Multi-Vehicle,152.967493,-27.569472,Cunningham Arterial Rd,,Oxley,Mount Ommaney,No Roadway Feature,No traffic control,80 - 90 km/h,Sealed - Dry,Daylight,Straight,Veh'S Same Direction: Rear End,Rear-end,0,1,1,0,2,2,0,0,0,0,0,0
266509,Minor injury,2014,16,Hit pedestrian,Hit pedestrian,153.017272,-27.47626,Merivale St,,South Brisbane,South Brisbane,No Roadway Feature,No traffic control,0 - 50 km/h,Sealed - Dry,Daylight,Straight,Ped'N: Hit By Vehicle Enter/Leave D'Way,Pedestrian,0,0,0,1,1,1,0,0,0,0,1,0
266539,Hospitalisation,2014,14,Rear-end,Multi-Vehicle,153.049966,-27.620557,Mt Lindesay Art. Rd,,Calamvale,Stretton,No Roadway Feature,Operating traffic lights,80 - 90 km/h,Sealed - Dry,Daylight,Straight,Veh'S Same Direction: Rear End,Rear-end,0,1,1,0,2,4,0,0,0,0,0,0
266563,Medical treatment,2014,14,Hit pedestrian,Hit pedestrian,152.939207,-27.557559,Melody St,,Jamboree Heights,Mount Ommaney,No Roadway Feature,No traffic control,0 - 50 km/h,Sealed - Dry,Daylight,Straight,Pass & Misc: Parked Car Ran Away,Other,0,0,1,0,1,1,0,0,0,0,0,0
266566,Medical treatment,2014,20,Hit object,Single Vehicle,153.089561,-27.558482,Newnham Rd,,Upper Mount Gravatt,Mansfield,No Roadway Feature,No traffic control,60 km/h,Sealed - Dry,Darkness - Lighted,Straight,Off Path-Straight: Left Off Cway Hit Obj,Off carriageway on straight hit object,0,0,1,0,1,1,0,0,0,0,0,0
266567,Hospitalisation,2014,13,Angle,Multi-Vehicle,153.120857,-27.545622,Gardner Rd,Redland Sub-Arterial Rd,Mackenzie,Mansfield,Intersection - Cross,Operating traffic lights,70 km/h,Sealed - Dry,Daylight,Straight,Veh'S Adjacent Approach: Thru-Thru,Intersection from adjacent approaches,0,1,0,0,1,2,0,0,0,0,0,0
266568,Hospitalisation,2014,11,Angle,Multi-Vehicle,153.011446,-27.48013,Thomas St,,West End,South Brisbane,No Roadway Feature,No traffic control,0 - 50 km/h,Sealed - Dry,Daylight,Straight,Veh'S Overtaking: Overtake-Right Turn,Overtaking same direction,0,1,0,0,1,2,0,0,0,0,0,0
266569,Medical treatment,2014,3,Rear-end,Multi-Vehicle,153.0401827,-27.48519567,Vulture St,Wellington Rd,East Brisbane,South Brisbane,Intersection - Cross,Operating traffic lights,60 km/h,Sealed - Dry,Darkness - Lighted,Straight,Veh'S Same Direction: Lane Change Right,Lane changes,0,0,1,0,1,1,0,0,1,0,0,0
266599,Medical treatment,2014,19,Angle,Multi-Vehicle,153.030987,-27.513902,Ipswich Rd,Waterton St,Annerley,Yeerongpilly,Intersection - Cross,Operating traffic lights,60 km/h,Sealed - Dry,Darkness - Lighted,Straight,Veh'S Opposite Approach: Thru-Right,Opposing vehicles turning,0,0,1,0,1,2,0,0,0,0,0,0
266600,Medical treatment,2014,17,Angle,Multi-Vehicle,153.123911,-27.493511,Meadowlands Rd,Wright St,Belmont,Chatsworth,Intersection - T-Junction,Operating traffic lights,60 km/h,Sealed - Dry,Daylight,Straight,Veh'S Opposite Approach: Thru-Right,Opposing vehicles turning,0,0,2,1,3,2,0,0,0,0,0,0
266631,Minor injury,2014,7,Fall from vehicle,Single Vehicle,153.055072,-27.47458,Wynnum Rd,,Norman Park,Bulimba,No Roadway Feature,No traffic control,60 km/h,Sealed - Dry,Daylight,Curved - view open,Pass & Misc: Fell In/From Vehicle,Other,0,0,0,1,1,0,0,0,1,0,0,0
266632,Hospitalisation,2014,4,Hit parked vehicle,Single Vehicle,153.102206,-27.447705,Gateway Arterial Rd,,Murarrie,Bulimba,No Roadway Feature,No traffic control,80 - 90 km/h,Sealed - Dry,Darkness - Lighted,Straight,Veh'S On Path: Accident Or Broken Down,Hit parked vehicle,0,1,0,0,1,3,0,0,0,0,0,0
266633,Hospitalisation,2014,18,Hit parked vehicle,Single Vehicle,153.0055084,-27.5408749,Medway St,,Rocklea,Yeerongpilly,No Roadway Feature,No traffic control,0 - 50 km/h,Sealed - Dry,Daylight,Straight,Veh'S On Path: Parked,Hit parked vehicle,0,1,0,0,1,1,1,0,0,0,0,0
266634,Hospitalisation,2014,8,Angle,Multi-Vehicle,153.088016,-27.590631,Springsure St,Underwood Rd,Eight Mile Plains,Stretton,Intersection - T-Junction,Give way sign,70 km/h,Sealed - Dry,Daylight,Straight,Veh'S Adjacent Approach: Thru-Right,Intersection from adjacent approaches,0,1,0,0,1,3,0,0,0,0,0,0
266670,Medical treatment,2014,18,Rear-end,Multi-Vehicle,153.105836,-27.593184,Millers Rd,Underwood Rd,Eight Mile Plains,Stretton,Intersection - Cross,No traffic control,60 km/h,Sealed - Dry,Darkness - Lighted,Straight,Veh'S Same Direction: Right Rear,Rear-end,0,0,1,0,1,2,0,0,0,0,0,0
266671,Medical treatment,2014,12,Rear-end,Multi-Vehicle,153.1200925,-27.53675782,Gateway Arterial Rd,,Mackenzie,Mansfield,No Roadway Feature,No traffic control,100 - 110 km/h,Sealed - Dry,Daylight,Straight,Veh'S Same Direction: Rear End,Rear-end,0,0,1,0,1,2,0,0,0,0,0,0
266672,Medical treatment,2014,6,Angle,Multi-Vehicle,153.01397,-27.487393,Dornoch Tce,St James St,Highgate Hill,South Brisbane,Intersection - T-Junction,Give way sign,0 - 50 km/h,Sealed - Dry,Daylight,Straight,Veh'S Manoeuvring: Entering From Footway,Vehicle leaving driveway,0,0,1,0,1,1,0,0,0,1,0,0
266680,Hospitalisation,2014,6,Angle,Multi-Vehicle,153.1689665,-27.485246,Rickertt Rd,,Ransome,Chatsworth,No Roadway Feature,No traffic control,80 - 90 km/h,Sealed - Dry,Daylight,Straight,Veh'S Manoeuvring: Entering From Footway,Vehicle leaving driveway,0,1,0,0,1,2,0,0,0,0,0,0
266701,Minor injury,2014,15,Rear-end,Multi-Vehicle,152.935712,-27.559926,Dandenong Rd,Sumners Rd,Sumner,Mount Ommaney,Intersection - T-Junction,Operating traffic lights,60 km/h,Sealed - Dry,Daylight,Straight,Veh'S Same Direction: Rear End,Rear-end,0,0,0,2,2,2,0,0,0,0,0,0
266706,Medical treatment,2014,11,Hit parked vehicle,Single Vehicle,153.073362,-27.519865,Cradock St,,Holland Park,Greenslopes,No Roadway Feature,No traffic control,0 - 50 km/h,Sealed - Dry,Daylight,Straight,Veh'S On Path: Other,Other,0,0,3,0,3,2,0,0,0,0,0,0
266707,Hospitalisation,2014,18,Rear-end,Multi-Vehicle,152.983048,-27.612535,Crossacres St,,Doolandella,Inala,No Roadway Feature,No traffic control,60 km/h,Sealed - Dry,Darkness - Lighted,Straight,Veh'S Same Direction: Rear End,Rear-end,0,1,0,0,1,3,0,0,0,0,0,0
266712,Medical treatment,2014,7,Rear-end,Multi-Vehicle,152.986224,-27.564962,Cunningham Arterial Rd,,Oxley,Mount Ommaney,No Roadway Feature,No traffic control,80 - 90 km/h,Sealed - Dry,Daylight,Straight,Veh'S Same Direction: Rear End,Rear-end,0,0,1,0,1,2,0,0,0,0,0,0
266740,Medical treatment,2014,9,Angle,Multi-Vehicle,153.020792,-27.532816,Forest St,,Moorooka,Yeerongpilly,No Roadway Feature,No traffic control,0 - 50 km/h,Sealed - Dry,Daylight,Straight,Veh'S Manoeuvring: Leaving Driveway,Vehicle leaving driveway,0,0,1,0,1,2,0,0,0,0,0,0
266741,Hospitalisation,2014,17,Angle,Multi-Vehicle,153.077512,-27.466902,Beverley St,Wynnum Rd,Morningside,Bulimba,Intersection - Cross,No traffic control,0 - 50 km/h,Sealed - Dry,Daylight,Straight,Veh'S Manoeuvring: Entering From Footway,Vehicle leaving driveway,0,1,0,0,1,1,0,0,0,1,0,0
266742,Medical treatment,2014,16,Angle,Multi-Vehicle,153.085561,-27.562758,Logan Sub-Arterial Rd,Marada St,Upper Mount Gravatt,Mansfield,Intersection - T-Junction,No traffic control,60 km/h,Sealed - Dry,Daylight,Straight,Veh'S Opposite Approach: Thru-Right,Opposing vehicles turning,0,0,1,0,1,2,0,0,0,0,0,0
266743,Medical treatment,2014,6,Angle,Multi-Vehicle,153.03896,-27.501592,Cornwall St,,Woolloongabba,South Brisbane,Intersection - Interchange,No traffic control,60 km/h,Sealed - Dry,Daylight,Curved - view open,Veh'S Same Direction: Lane Change Left,Lane changes,0,0,1,0,1,1,0,0,0,1,0,0
266744,Hospitalisation,2014,11,Rear-end,Multi-Vehicle,153.035173,-27.500724,Ipswich Rd,,Woolloongabba,South Brisbane,No Roadway Feature,No traffic control,60 km/h,Sealed - Dry,Daylight,Straight,Veh'S Same Direction: Right Rear,Rear-end,0,1,0,0,1,3,0,0,0,0,0,0
266765,Hospitalisation,2014,8,Angle,Multi-Vehicle,153.030855,-27.513882,Ipswich Rd,Venner Rd,Annerley,Yeerongpilly,Intersection - Cross,Operating traffic lights,60 km/h,Sealed - Dry,Daylight,Straight,Veh'S Manoeuvring: Entering From Footway,Vehicle leaving driveway,0,1,0,0,1,0,0,1,0,1,0,0