Crash_Ref_Number,Severity,Year,Hour,Crash_Nature,Crash_Type,Longitude,Latitude,Street,Street_Intersecting,Suburb,Loc_State_Electorate,Crash_Roadway_Feature,Crash_Traffic_Control,Crash_Speed_Limit,Crash_Road_Surface_Condition,Crash_Lighting_Condition,Crash_Road_Horiz_Align,Crash_DCA_Description,Crash_DCA_Group_Description,Count_Casualty_Fatality,Count_Casualty_Hospitalised,Count_Casualty_MedicallyTreated,Count_Casualty_MinorInjury,Count_Casualty_Total,Count_Unit_Car,Count_Unit_Motorcycle_Moped,Count_Unit_Truck,Count_Unit_Bus,Count_Unit_Bicycle,Count_Unit_Pedestrian,Count_Unit_Other
266767,Hospitalisation,2014,10,Hit parked vehicle,Single Vehicle,153.060034,-27.495822,Cavendish Rd,,Coorparoo,Greenslopes,No Roadway Feature,No traffic control,60 km/h,Sealed - Dry,Daylight,Straight,Veh'S On Path: Car Door,Hit parked vehicle,0,1,0,0,1,2,1,0,0,0,0,0
266771,Hospitalisation,2014,20,Hit object,Single Vehicle,153.10167,-27.608773,Lema Crct,Shuttleworth St,Kuraby,Stretton,Intersection - T-Junction,No traffic control,0 - 50 km/h,Sealed - Wet,Darkness - Lighted,Straight,Off Path-Curve: Off Cway Rt Bend Hit Obj,Off carriageway on curve hit object,0,1,0,0,1,1,0,0,0,0,0,0
266772,Medical treatment,2014,9,Rear-end,Multi-Vehicle,153.018832,-27.481992,Gladstone Rd,Vulture St,South Brisbane,South Brisbane,Intersection - Cross,Operating traffic lights,60 km/h,Sealed - Dry,Daylight,Straight,Veh'S Same Direction: Rear End,Rear-end,0,0,1,1,2,2,0,0,0,0,0,0
266773,Medical treatment,2014,6,Rear-end,Multi-Vehicle,153.028831,-27.487436,Annerley Rd,,South Brisbane,South Brisbane,No Roadway Feature,No traffic control,60 km/h,Sealed - Dry,Daylight,Curved - view open,Veh'S Same Direction: Rear End,Rear-end,0,0,1,0,1,2,0,0,0,0,0,0
266802,Medical treatment,2014,6,Angle,Multi-Vehicle,153.017791,-27.515936,Fairfield Rd,Kadumba St,Yeronga,Yeerongpilly,Intersection - Cross,Operating traffic lights,60 km/h,Sealed - Dry,Daylight,Straight,Veh'S Opposite Approach: Thru-Right,Opposing vehicles turning,0,0,1,0,1,2,0,0,0,0,0,0
266804,Medical treatment,2014,13,Angle,Multi-Vehicle,152.968939,-27.588747,Barberry St,Buddleia St,Inala,Inala,Intersection - Cross,Stop sign,0 - 50 km/h,Sealed - Dry,Daylight,Straight,Veh'S Adjacent Approach: Thru-Thru,Intersection from adjacent approaches,0,0,1,0,1,2,0,0,0,0,0,0
266806,Hospitalisation,2014,10,Angle,Multi-Vehicle,153.018836,-27.529814,Durack St,Ipswich Rd,Moorooka,Yeerongpilly,Intersection - Cross,Operating traffic lights,60 km/h,Sealed - Dry,Daylight,Straight,Veh'S Adjacent Approach: Thru-Thru,Intersection from adjacent approaches,0,1,1,0,2,2,0,0,0,0,0,0
266807,Medical treatment,2014,14,Rear-end,Multi-Vehicle,153.050995,-27.558844,Griffith Arterial Rd,,Coopers Plains,Sunnybank,No Roadway Feature,No traffic control,60 km/h,Sealed - Dry,Daylight,Straight,Veh'S Same Direction: Rear End,Rear-end,0,0,3,0,3,3,0,0,0,0,0,0
266808,Medical treatment,2014,10,Hit object,Single Vehicle,153.116332,-27.475464,Gateway Art Rd Ramp T,,Tingalpa,Chatsworth,Intersection - Interchange,No traffic control,60 km/h,Sealed - Dry,Daylight,Straight,Off Path-Curve: Off Cway Rt Bend Hit Obj,Off carriageway on curve hit object,0,0,1,0,1,1,0,0,0,0,0,0
266838,Medical treatment,2014,20,Rear-end,Multi-Vehicle,153.036158,-27.596008,Bradman St,Mt Lindesay Art. Rd,Acacia Ridge,Sunnybank,Intersection - Cross,Operating traffic lights,80 - 90 km/h,Sealed - Dry,Darkness - Lighted,Straight,Veh'S Same Direction: Rear End,Rear-end,0,0,1,0,1,2,0,0,0,0,0,0
266840,Medical treatment,2014,13,Rear-end,Multi-Vehicle,153.071289,-27.462935,Grosvenor St,Thynne Rd,Morningside,Bulimba,Intersection - T-Junction,Road/Rail worker,60 km/h,Sealed - Dry,Daylight,Straight,Veh'S Same Direction: Rear End,Rear-end,0,0,1,0,1,2,0,0,0,0,0,0
266841,Hospitalisation,2014,6,Sideswipe,Multi-Vehicle,153.035802,-27.481252,Main St,,Kangaroo Point,South Brisbane,No Roadway Feature,No traffic control,60 km/h,Sealed - Dry,Daylight,Straight,Veh'S Opposite Approach: Thru-Right,Opposing vehicles turning,0,1,0,0,1,2,0,0,0,0,0,0
266863,Hospitalisation,2014,17,Hit object,Single Vehicle,153.033809,-27.628532,Avondale Cr,Nottingham Rd,Parkinson,Stretton,Intersection - T-Junction,No traffic control,60 km/h,Sealed - Dry,Dawn/Dusk,Straight,Off Path-Straight: Left Off Cway Hit Obj,Off carriageway on straight hit object,0,1,0,2,3,1,0,0,0,0,0,0
266864,Hospitalisation,2014,13,Sideswipe,Multi-Vehicle,152.934121,-27.581876,Cunningham Arterial Rd,,Wacol,Inala,No Roadway Feature,No traffic control,100 - 110 km/h,Sealed - Dry,Daylight,Straight,Veh'S Same Direction: Lane Change Left,Lane changes,0,1,0,0,1,1,0,1,0,0,0,0
266865,Hospitalisation,2014,9,Rear-end,Multi-Vehicle,153.0505937,-27.52864968,Marshall Rd,,Tarragindi,Yeerongpilly,No Roadway Feature,No traffic control,60 km/h,Sealed - Dry,Daylight,Curved - view open,Veh'S Same Direction: Rear End,Rear-end,0,2,0,0,2,1,0,0,1,0,0,0
266866,Medical treatment,2014,11,Rear-end,Multi-Vehicle,152.953332,-27.633676,Johnson Rd,Woogaroo St,Forest Lake,Algester,Intersection - T-Junction,Give way sign,60 km/h,Sealed - Dry,Daylight,Straight,Veh'S Same Direction: Left Rear,Rear-end,0,0,1,0,1,2,0,0,0,0,0,0
266870,Medical treatment,2014,5,Rear-end,Multi-Vehicle,153.038516,-27.570477,Boundary Rd,,Coopers Plains,Sunnybank,No Roadway Feature,No traffic control,60 km/h,Sealed - Dry,Daylight,Straight,Veh'S Same Direction: Rear End,Rear-end,0,0,1,0,1,0,0,0,0,1,0,1
266871,Medical treatment,2014,17,Rear-end,Multi-Vehicle,153.087124,-27.578164,Chester Rd,Warrigal Rd,Eight Mile Plains,Stretton,Intersection - T-Junction,No traffic control,60 km/h,Sealed - Dry,Daylight,Straight,Veh'S Same Direction: Right Rear,Rear-end,0,0,2,0,2,2,0,0,0,0,0,0
266872,Medical treatment,2014,11,Hit parked vehicle,Single Vehicle,153.080865,-27.55914,Logan Rd,,Upper Mount Gravatt,Mansfield,No Roadway Feature,No traffic control,60 km/h,Sealed - Dry,Daylight,Straight,Veh'S On Path: Car Door,Hit parked vehicle,0,0,1,0,1,2,0,0,0,0,0,0
266873,Hospitalisation,2014,13,Angle,Multi-Vehicle,153.12088,-27.545501,Mt Petrie Rd,Redland Sub-Arterial Rd,Mackenzie,Mansfield,Intersection - 5+ way,Operating traffic lights,60 km/h,Sealed - Dry,Daylight,Straight,Veh'S Opposite Approach: Thru-Right,Opposing vehicles turning,0,1,0,0,1,2,0,0,0,0,0,0
266874,Hospitalisation,2014,17,Rear-end,Multi-Vehicle,153.070974,-27.5548857,South East Arterial Rd,,Upper Mount Gravatt,Mansfield,No Roadway Feature,No traffic control,100 - 110 km/h,Sealed - Dry,Daylight,Straight,Veh'S Same Direction: Rear End,Rear-end,0,3,2,0,5,4,0,0,0,0,0,0
266902,Medical treatment,2014,16,Hit pedestrian,Hit pedestrian,152.944185,-27.530763,Jindalee St,Kooringal Dr,Jindalee,Mount Ommaney,Intersection - T-Junction,No traffic control,0 - 50 km/h,Sealed - Dry,Daylight,Straight,Ped'N: Near Side Vehicle Hit From Right,Pedestrian,0,0,1,0,1,1,0,0,0,0,1,0
266903,Medical treatment,2014,17,Rear-end,Multi-Vehicle,152.94242,-27.547641,Glen Ross Rd,Western Arterial Rd,Sinnamon Park,Mount Ommaney,Intersection - Roundabout,Give way sign,60 km/h,Sealed - Dry,Daylight,Straight,Veh'S Same Direction: Left Rear,Rear-end,0,0,1,0,1,2,0,0,0,0,0,0
266904,Medical treatment,2014,19,Rear-end,Multi-Vehicle,153.0606989,-27.58785696,Beenleigh Rd,Pinelands Rd,Sunnybank,Sunnybank,Intersection - Cross,Operating traffic lights,60 km/h,Sealed - Dry,Darkness - Lighted,Straight,Veh'S Same Direction: Right Rear,Rear-end,0,0,1,0,1,2,0,0,0,0,0,0
266905,Medical treatment,2014,7,Rear-end,Multi-Vehicle,153.035104,-27.598281,Learoyd Rd,,Acacia Ridge,Sunnybank,No Roadway Feature,No traffic control,60 km/h,Sealed - Dry,Daylight,Straight,Veh'S Same Direction: Rear End,Rear-end,0,0,1,0,1,2,0,0,0,0,0,0
266908,Hospitalisation,2014,17,Rear-end,Multi-Vehicle,153.044452,-27.534575,Toohey Rd,,Tarragindi,Yeerongpilly,No Roadway Feature,No traffic control,60 km/h,Sealed - Dry,Daylight,Straight,Veh'S Same Direction: Rear End,Rear-end,0,1,0,0,1,3,0,0,0,0,0,0
266909,Minor injury,2014,8,Rear-end,Multi-Vehicle,152.980858,-27.524584,Oxley Rd,,Graceville,Indooroopilly,No Roadway Feature,No traffic control,60 km/h,Sealed - Dry,Daylight,Straight,Veh'S Same Direction: Rear End,Rear-end,0,0,0,1,1,1,1,0,0,0,0,0
266921,Medical treatment,2014,7,Sideswipe,Multi-Vehicle,152.924149,-27.607845,Logan Mwy,,Ellen Grove,Inala,No Roadway Feature,No traffic control,100 - 110 km/h,Sealed - Dry,Daylight,Straight,Veh'S Same Direction: Lane Side Swipe,Lane changes,0,0,1,0,1,1,0,1,0,0,0,0
266946,Hospitalisation,2014,13,Hit object,Single Vehicle,153.061709,-27.583856,Mains Rd,Mulgowie St,Sunnybank,Sunnybank,Intersection - T-Junction,No traffic control,60 km/h,Sealed - Dry,Daylight,Straight,Off Path-Straight: Left Off Cway Hit Obj,Off carriageway on straight hit object,0,1,0,0,1,1,0,0,0,0,0,0
266949,Minor injury,2014,14,Angle,Multi-Vehicle,153.022073,-27.558618,Griffith Arterial Rd,,Coopers Plains,Sunnybank,No Roadway Feature,No traffic control,60 km/h,Sealed - Dry,Daylight,Curved - view open,Veh'S Same Direction: Lane Change Left,Lane changes,0,0,0,1,1,1,1,0,0,0,0,0
266950,Medical treatment,2014,8,Rear-end,Multi-Vehicle,153.027203,-27.544417,Assembly St,Evans Rd,Salisbury,Yeerongpilly,Intersection - T-Junction,Give way sign,60 km/h,Sealed - Dry,Daylight,Straight,Veh'S Same Direction: Rear End,Rear-end,0,0,1,0,1,3,0,0,0,0,0,0
266953,Medical treatment,2014,17,Rear-end,Multi-Vehicle,153.119305,-27.5451961,Redland Sub-Arterial Rd,,Mackenzie,Mansfield,No Roadway Feature,No traffic control,60 km/h,Sealed - Dry,Dawn/Dusk,Curved - view open,Veh'S Same Direction: Rear End,Rear-end,0,0,1,0,1,2,0,0,0,0,0,0
266954,Minor injury,2014,6,Rear-end,Multi-Vehicle,153.100766,-27.584831,Gateway Art Rd Off Ramp,Logan Sub-Arterial Rd,Eight Mile Plains,Stretton,Intersection - Interchange,Give way sign,60 km/h,Sealed - Dry,Daylight,Curved - view open,Veh'S Same Direction: Left Rear,Rear-end,0,0,0,1,1,2,0,0,0,0,0,0
266955,Medical treatment,2014,11,Angle,Multi-Vehicle,153.040625,-27.491628,Deshon St,Logan Rd,Woolloongabba,South Brisbane,Intersection - T-Junction,Operating traffic lights,60 km/h,Sealed - Dry,Daylight,Straight,Veh'S Opposite Approach: Thru-Right,Opposing vehicles turning,0,0,2,0,2,2,0,0,0,0,0,0
266956,Hospitalisation,2014,7,Rear-end,Multi-Vehicle,153.123939,-27.47464367,Wynnum Rd,,Tingalpa,Chatsworth,No Roadway Feature,No traffic control,60 km/h,Sealed - Dry,Daylight,Straight,Veh'S Same Direction: Rear End,Rear-end,0,1,0,0,1,2,0,0,0,0,0,0
266985,Hospitalisation,2014,10,Hit parked vehicle,Single Vehicle,153.057452,-27.451077,Oxford St,,Bulimba,Bulimba,No Roadway Feature,No traffic control,0 - 50 km/h,Sealed - Dry,Daylight,Straight,Veh'S On Path: Car Door,Hit parked vehicle,0,1,0,0,1,1,0,0,0,1,0,0
266986,Minor injury,2014,12,Hit parked vehicle,Single Vehicle,153.0644173,-27.45039606,Lytton Rd,,Bulimba,Bulimba,No Roadway Feature,No traffic control,60 km/h,Sealed - Dry,Daylight,Straight,Off Path-Straight: Left Off Cway Hit Obj,Off carriageway on straight hit object,0,0,0,1,1,2,0,0,0,0,0,0
266988,Minor injury,2014,11,Rear-end,Multi-Vehicle,153.0993752,-27.57568073,South East Arterial Rd,,Eight Mile Plains,Mansfield,No Roadway Feature,No traffic control,60 km/h,Sealed - Dry,Darkness - Lighted,Curved - view open,Veh'S Same Direction: Rear End,Rear-end,0,0,0,1,1,3,0,0,0,0,0,0
266989,Medical treatment,2014,8,Rear-end,Multi-Vehicle,153.022048,-27.479098,Ernest St,Grey St,South Brisbane,South Brisbane,Intersection - Roundabout,Give way sign,0 - 50 km/h,Sealed - Dry,Darkness - Lighted,Straight,Veh'S Same Direction: Rear End,Rear-end,0,0,1,0,1,2,0,0,0,0,0,0
267048,Hospitalisation,2014,3,Hit pedestrian,Hit pedestrian,153.043303,-27.60431099,Algester Rd,Mt Lindesay Art. Rd,Sunnybank Hills,Stretton,Intersection - Cross,Operating traffic lights,80 - 90 km/h,Sealed - Dry,Darkness - Lighted,Straight,Ped'N: Far Side Vehicle Hit From Left,Pedestrian,0,1,0,0,1,1,0,0,0,0,1,0
267074,Hospitalisation,2014,8,Angle,Multi-Vehicle,153.023735,-27.566635,Beaudesert Rd,Mt Lindesay Art. Rd,Archerfield,Sunnybank,Intersection - T-Junction,No traffic control,70 km/h,Sealed - Dry,Daylight,Straight,Veh'S Opposite Approach: Thru-Right,Opposing vehicles turning,0,1,0,0,1,0,0,1,0,1,0,0
267076,Medical treatment,2014,6,Rear-end,Multi-Vehicle,153.09411,-27.495636,Old Cleveland Rd,Orana St,Carina,Chatsworth,Intersection - T-Junction,Operating traffic lights,60 km/h,Sealed - Dry,Daylight,Straight,Veh'S Same Direction: Rear End,Rear-end,0,0,1,0,1,2,0,0,0,0,0,0
267079,Hospitalisation,2014,15,Hit pedestrian,Hit pedestrian,153.063442,-27.47475,School St,,Norman Park,Bulimba,No Roadway Feature,No traffic control,0 - 50 km/h,Sealed - Dry,Daylight,Straight,Ped'N: Near Side Vehicle Hit From Right,Pedestrian,0,1,0,0,1,1,0,0,0,0,1,0
267080,Medical treatment,2014,14,Rear-end,Multi-Vehicle,153.091644,-27.547343,Newnham Rd,,Upper Mount Gravatt,Mansfield,No Roadway Feature,No traffic control,60 km/h,Sealed - Dry,Daylight,Straight,Veh'S Same Direction: Rear End,Rear-end,0,0,2,0,2,3,0,0,0,0,0,0
267081,Hospitalisation,2014,16,Angle,Multi-Vehicle,153.028731,-27.487761,Annerley Rd,Clarence St,Woolloongabba,South Brisbane,Intersection - Cross,No traffic control,60 km/h,Sealed - Dry,Daylight,Straight,Veh'S Opposite Approach: Thru-Right,Opposing vehicles turning,0,1,0,0,1,2,0,0,0,0,0,0
267107,Medical treatment,2014,17,Hit pedestrian,Hit pedestrian,153.038921,-27.514797,Ekibin Rd E,,Tarragindi,Yeerongpilly,No Roadway Feature,No traffic control,60 km/h,Sealed - Dry,Daylight,Straight,Ped'N: Near Side Vehicle Hit From Right,Pedestrian,0,0,1,0,1,1,0,0,0,0,1,0
267108,Hospitalisation,2014,5,Angle,Multi-Vehicle,153.0389141,-27.5088698,South East Arterial Rd,,Greenslopes,South Brisbane,Merge Lane,No traffic control,80 - 90 km/h,Sealed - Wet,Daylight,Straight,Off Path-Curve: Off Cway Lt Bend Hit Obj,Off carriageway on curve hit object,0,1,0,0,1,1,0,0,0,0,0,0
267109,Hospitalisation,2014,19,Rear-end,Multi-Vehicle,153.082842,-27.5614,Logan Sub-Arterial Rd,,Upper Mount Gravatt,Mansfield,Median Opening,No traffic control,60 km/h,Sealed - Dry,Darkness - Lighted,Straight,Veh'S Same Direction: Rear End,Rear-end,0,1,0,0,1,3,0,0,0,0,0,0
267112,Medical treatment,2014,7,Rear-end,Multi-Vehicle,153.184128,-27.517588,Caradoc St,Cleveland Sub-Arterial Rd,Chandler,Chatsworth,Intersection - T-Junction,Operating traffic lights,70 km/h,Sealed - Wet,Daylight,Curved - view open,Veh'S Same Direction: Rear End,Rear-end,0,0,1,0,1,2,0,0,0,0,0,0
267138,Medical treatment,2014,7,Rear-end,Multi-Vehicle,153.072931,-27.595767,Beenleigh Rd,,Runcorn,Stretton,No Roadway Feature,No traffic control,70 km/h,Sealed - Dry,Daylight,Straight,Veh'S Same Direction: Rear End,Rear-end,0,0,3,0,3,5,0,0,0,0,0,0
267139,Hospitalisation,2014,14,Overturned,Single Vehicle,153.008601,-27.556836,Ipswich Rd,,Rocklea,Sunnybank,Intersection - Interchange,No traffic control,80 - 90 km/h,Sealed - Dry,Daylight,Curved - view open,Off Path-Curve: Out Of Control On Cway,Out of control on curve,0,1,0,0,1,0,0,1,0,0,0,0
267140,Medical treatment,2014,17,Sideswipe,Multi-Vehicle,153.016065,-27.520659,Cardross St,School Rd,Yeronga,Yeerongpilly,Intersection - T-Junction,No traffic control,60 km/h,Sealed - Dry,Daylight,Straight,Veh'S Same Direction: Right Turn S/Swipe,Parallel lanes turning,0,0,1,0,1,1,0,0,0,1,0,0
267141,Medical treatment,2014,10,Rear-end,Multi-Vehicle,153.095525,-27.474609,Creek Rd,,Cannon Hill,Bulimba,No Roadway Feature,No traffic control,60 km/h,Sealed - Dry,Daylight,Straight,Veh'S Same Direction: Rear End,Rear-end,0,0,2,0,2,3,0,0,1,0,0,0
267144,Hospitalisation,2014,12,Angle,Multi-Vehicle,153.015518,-27.475534,Cordelia St,Melbourne St,South Brisbane,South Brisbane,Intersection - Cross,Operating traffic lights,60 km/h,Sealed - Dry,Daylight,Straight,Veh'S Adjacent Approach: Thru-Thru,Intersection from adjacent approaches,0,1,0,0,1,1,1,0,0,0,0,0
267145,Hospitalisation,2014,16,Rear-end,Multi-Vehicle,153.04243,-27.479015,Lytton Rd,Park Ave,East Brisbane,South Brisbane,Intersection - Cross,Operating traffic lights,60 km/h,Sealed - Dry,Daylight,Straight,Veh'S Same Direction: Rear End,Rear-end,0,1,0,0,1,1,1,0,0,0,0,0
267174,Medical treatment,2014,14,Angle,Multi-Vehicle,153.05876,-27.493855,Cavendish Rd,,Coorparoo,Greenslopes,No Roadway Feature,No traffic control,60 km/h,Sealed - Dry,Daylight,Straight,Veh'S Opposite Approach: Thru-Right,Opposing vehicles turning,0,0,1,0,1,2,0,0,0,0,0,0
267175,Minor injury,2014,10,Rear-end,Multi-Vehicle,153.060046,-27.472625,Wynnum Rd,,Norman Park,Bulimba,No Roadway Feature,No traffic control,60 km/h,Sealed - Dry,Daylight,Straight,Veh'S Same Direction: Rear End,Rear-end,0,0,0,1,1,2,0,0,0,0,0,0
267176,Hospitalisation,2014,7,Rear-end,Multi-Vehicle,152.9781736,-27.5580386,Oxley Rd,Oxley Station Rd,Oxley,Mount Ommaney,Intersection - Roundabout,Give way sign,60 km/h,Sealed - Dry,Daylight,Straight,Veh'S Same Direction: Rear End,Rear-end,0,1,0,0,1,1,1,0,0,0,0,0
267178,Medical treatment,2014,7,Rear-end,Multi-Vehicle,153.0273991,-27.49782647,Annerley Rd,,Dutton Park,South Brisbane,No Roadway Feature,No traffic control,60 km/h,Sealed - Dry,Daylight,Curved - view open,Veh'S Same Direction: Right Rear,Rear-end,0,0,1,0,1,3,0,0,0,0,0,0
267205,Medical treatment,2014,16,Hit pedestrian,Hit pedestrian,152.972407,-27.587275,Biota St,,Inala,Inala,No Roadway Feature,No traffic control,0 - 50 km/h,Sealed - Dry,Daylight,Straight,Ped'N: Hit Other,Other,0,0,1,0,1,1,0,0,0,0,1,0
267207,Minor injury,2014,17,Rear-end,Multi-Vehicle,153.089885,-27.468464,Wynnum Rd,,Cannon Hill,Bulimba,No Roadway Feature,No traffic control,60 km/h,Sealed - Dry,Dawn/Dusk,Straight,Veh'S Same Direction: Rear End,Rear-end,0,0,0,1,1,4,0,0,0,0,0,0
267208,Medical treatment,2014,21,Rear-end,Multi-Vehicle,153.087741,-27.468244,Wynnum Rd,,Cannon Hill,Bulimba,No Roadway Feature,No traffic control,70 km/h,Sealed - Dry,Darkness - Lighted,Straight,Veh'S Same Direction: Rear End,Rear-end,0,0,2,0,2,2,0,0,0,0,0,0
267210,Medical treatment,2014,8,Rear-end,Multi-Vehicle,153.091404,-27.54901468,Newnham Rd,,Upper Mount Gravatt,Mansfield,No Roadway Feature,No traffic control,60 km/h,Sealed - Dry,Daylight,Straight,Veh'S Same Direction: Rear End,Rear-end,0,0,1,0,1,2,0,0,0,0,0,0
267211,Medical treatment,2014,9,Angle,Multi-Vehicle,153.037911,-27.483997,Duke St,Linton St,Kangaroo Point,South Brisbane,Intersection - Cross,Stop sign,0 - 50 km/h,Sealed - Dry,Daylight,Straight,Veh'S Adjacent Approach: Thru-Thru,Intersection from adjacent approaches,0,0,1,0,1,2,0,0,0,0,0,0
267241,Medical treatment,2014,11,Rear-end,Multi-Vehicle,153.039874,-27.599081,Beaudesert Rd,Mt Lindesay Art. Rd,Algester,Algester,Intersection - Cross,Operating traffic lights,60 km/h,Sealed - Wet,Daylight,Straight,Veh'S Same Direction: Right Rear,Rear-end,0,0,1,0,1,2,0,0,0,0,0,0
267242,Medical treatment,2014,13,Fall from vehicle,Single Vehicle,153.0417084,-27.64653113,Mt Lindesay Art. Rd,,Parkinson,Algester,No Roadway Feature,No traffic control,80 - 90 km/h,Sealed - Wet,Daylight,Straight,Off Path-Straight:Out Of Control On Cway,Out of control on straight,0,0,1,0,1,0,1,0,0,0,0,1
267243,Medical treatment,2014,14,Angle,Multi-Vehicle,153.041719,-27.504495,Baron St,Juliette St,Greenslopes,South Brisbane,Intersection - Cross,Stop sign,0 - 50 km/h,Sealed - Dry,Daylight,Straight,Veh'S Adjacent Approach: Thru-Thru,Intersection from adjacent approaches,0,0,1,0,1,2,0,0,0,0,0,0
267245,Hospitalisation,2014,13,Angle,Multi-Vehicle,153.105836,-27.593184,Millers Rd,Underwood Rd,Eight Mile Plains,Stretton,Intersection - Cross,Give way sign,60 km/h,Sealed - Dry,Daylight,Straight,Veh'S Adjacent Approach: Thru-Thru,Intersection from adjacent approaches,0,1,0,0,1,2,0,0,0,0,0,0
267246,Medical treatment,2014,5,Sideswipe,Multi-Vehicle,153.0356697,-27.47642934,Main St,River Tce,Kangaroo Point,South Brisbane,Intersection - T-Junction,Operating traffic lights,60 km/h,Sealed - Dry,Darkness - Lighted,Straight,Veh'S Adjacent Approach: Right-Thru,Intersection from adjacent approaches,0,0,1,0,1,2,0,0,0,0,0,0
267275,Medical treatment,2014,19,Hit object,Single Vehicle,153.05743,-27.611766,Compton Rd,,Calamvale,Stretton,No Roadway Feature,No traffic control,70 km/h,Sealed - Dry,Darkness - Lighted,Straight,Off Path-Straight: Left Off Cway Hit Obj,Off carriageway on straight hit object,0,0,1,0,1,1,0,0,0,0,0,0
267276,Hospitalisation,2014,16,Angle,Multi-Vehicle,153.01457,-27.521737,Cardross St,Fairfield Rd,Yeronga,Yeerongpilly,Intersection - T-Junction,Operating traffic lights,70 km/h,Sealed - Dry,Daylight,Curved - view open,Veh'S Manoeuvring: Entering From Footway,Vehicle leaving driveway,0,1,0,0,1,1,0,0,0,1,0,0
267277,Hospitalisation,2014,18,Hit object,Single Vehicle,153.08323,-27.490969,Morven St,Orwell St,Camp Hill,Chatsworth,Intersection - T-Junction,No traffic control,0 - 50 km/h,Sealed - Dry,Daylight,Curved - view open,Off Path-Curve: Off Cway Lt Bend Hit Obj,Off carriageway on curve hit object,0,1,0,0,1,1,0,0,0,0,0,0
267279,Medical treatment,2014,18,Hit object,Single Vehicle,153.100324,-27.518658,Brechin St,Firthshire St,Mansfield,Mansfield,Intersection - T-Junction,No traffic control,0 - 50 km/h,Sealed - Dry,Daylight,Straight,Off Path-Straight:Right Off Cway Hit Obj,Off carriageway on straight hit object,0,0,1,0,1,1,0,0,0,0,0,0
267280,Medical treatment,2014,5,Hit object,Single Vehicle,152.978538,-27.634804,Sanctuary Dr,,Forest Lake,Algester,No Roadway Feature,No traffic control,0 - 50 km/h,Sealed - Dry,Daylight,Straight,Off Path-Straight: Left Off Cway Hit Obj,Off carriageway on straight hit object,0,0,1,0,1,1,0,0,0,0,0,0
267282,Hospitalisation,2014,9,Sideswipe,Multi-Vehicle,153.009035,-27.55327,Ipswich Mwy,,Rocklea,Yeerongpilly,Intersection - Interchange,No traffic control,80 - 90 km/h,Sealed - Dry,Daylight,Curved - view open,Veh'S Same Direction: Lane Change Right,Lane changes,0,1,0,0,1,1,0,1,0,0,0,0
267283,Hospitalisation,2014,16,Hit pedestrian,Hit pedestrian,153.023064,-27.480901,Grey St,Tribune St,South Brisbane,South Brisbane,Intersection - Cross,Operating traffic lights,0 - 50 km/h,Sealed - Dry,Daylight,Straight,Ped'N: Far Side Vehicle Hit From Left,Pedestrian,0,1,0,0,1,1,0,0,0,0,1,0
267284,Minor injury,2014,23,Hit object,Single Vehicle,153.0389115,-27.49698053,South East Arterial Rd,,Woolloongabba,South Brisbane,Intersection - Interchange,No traffic control,80 - 90 km/h,Sealed - Wet,Darkness - Lighted,Curved - view open,Off Path-Curve: Mounts Traffic Island,Off carriageway on curve hit object,0,0,0,1,1,1,0,0,0,0,0,0
267285,Hospitalisation,2014,21,Rear-end,Multi-Vehicle,153.125354,-27.474527,Tenbar St,Wynnum Rd,Tingalpa,Chatsworth,Intersection - T-Junction,Operating traffic lights,60 km/h,Sealed - Wet,Darkness - Lighted,Straight,Veh'S Same Direction: Rear End,Rear-end,0,1,0,0,1,2,0,0,0,0,0,0
267311,Hospitalisation,2014,8,Rear-end,Multi-Vehicle,153.0452115,-27.50163651,Cleveland St,,Greenslopes,South Brisbane,No Roadway Feature,No traffic control,0 - 50 km/h,Sealed - Dry,Daylight,Straight,Veh'S Same Direction: Right Rear,Rear-end,0,1,0,0,1,2,0,0,0,0,0,0
267313,Medical treatment,2014,8,Angle,Multi-Vehicle,153.086947,-27.579163,Malbon St,Warrigal Rd,Eight Mile Plains,Stretton,Intersection - T-Junction,Give way sign,60 km/h,Sealed - Dry,Daylight,Straight,Veh'S Adjacent Approach: Right-Thru,Intersection from adjacent approaches,0,0,1,0,1,1,1,0,0,0,0,0
267314,Hospitalisation,2014,21,Rear-end,Multi-Vehicle,153.039798,-27.487133,Stanley St,Wellington Rd,East Brisbane,South Brisbane,Intersection - Cross,Operating traffic lights,60 km/h,Sealed - Wet,Darkness - Lighted,Straight,Veh'S Same Direction: Right Rear,Rear-end,0,1,0,0,1,2,0,0,0,0,0,0
267321,Hospitalisation,2014,7,Angle,Multi-Vehicle,153.185652,-27.518927,Cleveland Sub-Arterial Rd,Mt Gravatt - Capalaba Rd,Chandler,Chatsworth,Intersection - Cross,Operating traffic lights,60 km/h,Sealed - Wet,Daylight,Curved - view obscured,Veh'S Adjacent Approach: Left-Right,Intersection from adjacent approaches,0,1,0,0,1,2,0,1,0,0,0,0
267347,Medical treatment,2014,20,Rear-end,Multi-Vehicle,153.043191,-27.604425,Algester Rd,Mt Lindesay Art. Rd,Calamvale,Stretton,Intersection - T-Junction,Operating traffic lights,80 - 90 km/h,Sealed - Dry,Darkness - Lighted,Straight,Veh'S Same Direction: Rear End,Rear-end,0,0,1,0,1,2,0,0,0,0,0,1