Crash_Ref_Number,Severity,Year,Hour,Crash_Nature,Crash_Type,Longitude,Latitude,Street,Street_Intersecting,Suburb,Loc_State_Electorate,Crash_Roadway_Feature,Crash_Traffic_Control,Crash_Speed_Limit,Crash_Road_Surface_Condition,Crash_Lighting_Condition,Crash_Road_Horiz_Align,Crash_DCA_Description,Crash_DCA_Group_Description,Count_Casualty_Fatality,Count_Casualty_Hospitalised,Count_Casualty_MedicallyTreated,Count_Casualty_MinorInjury,Count_Casualty_Total,Count_Unit_Car,Count_Unit_Motorcycle_Moped,Count_Unit_Truck,Count_Unit_Bus,Count_Unit_Bicycle,Count_Unit_Pedestrian,Count_Unit_Other
267349,Medical treatment,2014,16,Rear-end,Multi-Vehicle,153.074483,-27.532764,Gordon Pde,Logan Rd,Mount Gravatt,Greenslopes,Intersection - Cross,Operating traffic lights,60 km/h,Sealed - Dry,Daylight,Straight,Veh'S Same Direction: Rear End,Rear-end,0,0,1,0,1,2,0,0,0,0,0,0
267350,Medical treatment,2014,17,Rear-end,Multi-Vehicle,153.06021,-27.472089,Balmoral St,Philip St,Hawthorne,Bulimba,Intersection - T-Junction,Operating traffic lights,60 km/h,Sealed - Dry,Daylight,Straight,Veh'S Same Direction: Rear End,Rear-end,0,0,1,0,1,2,0,0,0,0,0,0
267351,Hospitalisation,2014,5,Angle,Multi-Vehicle,153.095984,-27.471173,Creek Rd,Pickwick St,Cannon Hill,Bulimba,Intersection - T-Junction,Operating traffic lights,60 km/h,Sealed - Dry,Dawn/Dusk,Straight,Veh'S Opposite Approach: Thru-Right,Opposing vehicles turning,0,1,0,1,2,2,0,0,0,0,0,0
267352,Medical treatment,2014,17,Angle,Multi-Vehicle,152.977352,-27.524387,Honour Ave,Long St W,Graceville,Indooroopilly,Intersection - Cross,Operating traffic lights,60 km/h,Sealed - Dry,Daylight,Straight,Veh'S Opposite Approach: Thru-Right,Opposing vehicles turning,0,0,1,0,1,2,0,0,0,0,0,0
267353,Hospitalisation,2014,7,Hit pedestrian,Hit pedestrian,153.0956466,-27.56755748,Goorari St,,Eight Mile Plains,Mansfield,No Roadway Feature,No traffic control,0 - 50 km/h,Sealed - Dry,Daylight,Straight,Ped'N: On Ftway Hit By Vehicle On Ftway,Pedestrian,0,1,0,0,1,1,0,0,0,0,1,0
267354,Medical treatment,2014,17,Rear-end,Multi-Vehicle,153.105621,-27.584944,South East Art Rd Ramp Xt,,Rochedale,Mansfield,Intersection - Interchange,No traffic control,100 - 110 km/h,Sealed - Dry,Daylight,Straight,Veh'S Same Direction: Rear End,Rear-end,0,0,1,0,1,2,0,0,0,0,0,0
267363,Hospitalisation,2014,7,Angle,Multi-Vehicle,153.164154,-27.500204,Archer St,Grassdale Rd,Gumdale,Chatsworth,Intersection - Cross,Stop sign,60 km/h,Sealed - Dry,Daylight,Straight,Veh'S Adjacent Approach: Thru-Thru,Intersection from adjacent approaches,0,3,0,0,3,3,0,0,0,0,0,0
267383,Hospitalisation,2014,22,Angle,Multi-Vehicle,152.932228,-27.604085,Boundary Rd,Tile St,Wacol,Inala,Intersection - Roundabout,Give way sign,60 km/h,Sealed - Dry,Darkness - Lighted,Straight,Veh'S Adjacent Approach: Thru-Thru,Intersection from adjacent approaches,0,1,0,0,1,0,0,0,0,1,0,1
267384,Hospitalisation,2014,15,Angle,Multi-Vehicle,153.014734,-27.521744,Cardross St,Fairfield Rd,Yeronga,Yeerongpilly,Intersection - T-Junction,Operating traffic lights,60 km/h,Sealed - Dry,Daylight,Straight,Veh'S Opposite Approach: Thru-Right,Opposing vehicles turning,0,1,0,0,1,2,0,0,0,0,0,0
267386,Medical treatment,2014,16,Rear-end,Multi-Vehicle,153.06011,-27.522994,Marshall Rd,,Holland Park West,Greenslopes,No Roadway Feature,No traffic control,60 km/h,Sealed - Dry,Daylight,Straight,Veh'S Same Direction: Right Rear,Rear-end,0,0,1,1,2,1,0,0,1,0,0,0
267389,Medical treatment,2014,14,Rear-end,Multi-Vehicle,153.014022,-27.53756642,Ipswich Rd,,Moorooka,Yeerongpilly,No Roadway Feature,No traffic control,60 km/h,Sealed - Dry,Daylight,Straight,Veh'S Same Direction: Rear End,Rear-end,0,0,2,0,2,4,0,0,0,0,0,0
267391,Medical treatment,2014,18,Sideswipe,Multi-Vehicle,153.039493,-27.56346955,Orange Grove Rd,,Coopers Plains,Sunnybank,No Roadway Feature,No traffic control,60 km/h,Sealed - Dry,Dawn/Dusk,Straight,Veh'S Same Direction: Lane Side Swipe,Lane changes,0,0,1,0,1,1,0,0,0,1,0,0
267392,Hospitalisation,2014,10,Hit object,Single Vehicle,153.105366,-27.5791206,Gateway Arterial Rd,,Rochedale,Mansfield,Intersection - Interchange,No traffic control,100 - 110 km/h,Sealed - Dry,Daylight,Straight,Off Path-Straight:Out Of Control On Cway,Out of control on straight,0,2,0,0,2,1,0,0,0,0,0,0
267415,Hospitalisation,2014,18,Rear-end,Multi-Vehicle,153.022005,-27.5967318,Learoyd Rd,,Willawong,Sunnybank,No Roadway Feature,No traffic control,70 km/h,Sealed - Dry,Darkness - Lighted,Straight,Veh'S Same Direction: Left Rear,Rear-end,0,1,0,0,1,1,0,1,0,0,0,0
267417,Medical treatment,2014,15,Rear-end,Multi-Vehicle,153.03582,-27.484834,Main St,,Woolloongabba,South Brisbane,No Roadway Feature,No traffic control,60 km/h,Sealed - Dry,Daylight,Straight,Veh'S Same Direction: Rear End,Rear-end,0,0,1,0,1,2,0,0,0,0,0,0
267418,Medical treatment,2014,15,Angle,Multi-Vehicle,153.037026,-27.497237,O'Keefe St,Wolseley St,Woolloongabba,South Brisbane,Intersection - T-Junction,Stop sign,60 km/h,Sealed - Dry,Daylight,Straight,Veh'S Adjacent Approach: Thru-Right,Intersection from adjacent approaches,0,0,3,0,3,2,0,0,0,0,0,0
267419,Medical treatment,2014,9,Sideswipe,Multi-Vehicle,153.035289,-27.500662,Ipswich Rd,,Woolloongabba,South Brisbane,No Roadway Feature,No traffic control,60 km/h,Sealed - Dry,Daylight,Straight,Veh'S Same Direction: Lane Change Left,Lane changes,0,0,1,0,1,1,1,0,0,0,0,0
267460,Medical treatment,2014,8,Rear-end,Multi-Vehicle,153.058505,-27.598851,Pinelands Rd,,Sunnybank Hills,Sunnybank,No Roadway Feature,No traffic control,60 km/h,Sealed - Dry,Daylight,Straight,Veh'S Same Direction: Rear End,Rear-end,0,0,1,0,1,3,0,0,0,0,0,0
267462,Hospitalisation,2014,14,Angle,Multi-Vehicle,152.9596123,-27.62305103,Lakeside Cres,Seabrook Cres,Forest Lake,Algester,Intersection - T-Junction,No traffic control,0 - 50 km/h,Sealed - Dry,Daylight,Curved - view open,Veh'S Adjacent Approach: Thru-Right,Intersection from adjacent approaches,0,1,1,0,2,2,0,0,0,0,0,0
267463,Medical treatment,2014,13,Hit object,Single Vehicle,153.024998,-27.5573575,Griffith Arterial Rd,,Salisbury,Sunnybank,Bridge/Causeway,No traffic control,80 - 90 km/h,Sealed - Dry,Daylight,Straight,Off Path-Straight: Mounts Traffic Island,Off carriageway on straight hit object,0,0,1,0,1,0,0,1,0,0,0,0
267464,Hospitalisation,2014,12,Hit pedestrian,Hit pedestrian,153.088709,-27.468437,Barrack Rd,Wynnum Rd,Cannon Hill,Bulimba,Intersection - Cross,Operating traffic lights,70 km/h,Sealed - Dry,Daylight,Straight,Ped'N: Far Side Vehicle Hit From Left,Pedestrian,0,1,0,0,1,1,0,0,0,0,1,0
267466,Medical treatment,2014,16,Hit object,Single Vehicle,153.010939,-27.543378,Ipswich Rd,,Rocklea,Yeerongpilly,No Roadway Feature,No traffic control,60 km/h,Sealed - Dry,Dawn/Dusk,Straight,Off Path-Straight: Left Off Cway Hit Obj,Off carriageway on straight hit object,0,0,1,0,1,1,0,0,0,0,0,0
267467,Medical treatment,2014,6,Angle,Multi-Vehicle,153.035035,-27.484363,Vulture St,,Kangaroo Point,South Brisbane,No Roadway Feature,No traffic control,60 km/h,Sealed - Wet,Dawn/Dusk,Straight,Veh'S Manoeuvring: Other,Other,0,0,1,0,1,1,0,0,0,1,0,0
267487,Minor injury,2014,16,Angle,Multi-Vehicle,153.065562,-27.449794,Baldwin St,Lytton Rd,Bulimba,Bulimba,Intersection - T-Junction,Give way sign,60 km/h,Sealed - Dry,Daylight,Straight,Veh'S Adjacent Approach: Right-Thru,Intersection from adjacent approaches,0,0,0,1,1,2,0,0,0,0,0,0
267488,Fatal,2014,6,Rear-end,Multi-Vehicle,153.1017556,-27.45608301,Lytton Rd,,Murarrie,Bulimba,No Roadway Feature,No traffic control,60 km/h,Sealed - Dry,Daylight,Curved - view open,Veh'S Same Direction: Rear End,Rear-end,1,0,0,0,1,0,0,1,0,1,0,0
267489,Hospitalisation,2014,9,Angle,Multi-Vehicle,153.107122,-27.455453,Gateway Arterial Rd,Port Of Brisbane Rd,Murarrie,Bulimba,Intersection - Interchange,Operating traffic lights,60 km/h,Sealed - Dry,Daylight,Straight,Veh'S Adjacent Approach: Thru-Right,Intersection from adjacent approaches,0,1,0,0,1,2,0,0,0,0,0,0
267491,Hospitalisation,2014,8,Hit object,Single Vehicle,153.123707,-27.580383,Miles Platting Rd,,Rochedale,Mansfield,No Roadway Feature,No traffic control,60 km/h,Sealed - Dry,Daylight,Straight,Off Path-Straight: Left Off Cway Hit Obj,Off carriageway on straight hit object,0,1,0,0,1,1,0,0,0,0,0,0
267492,Hospitalisation,2014,15,Angle,Multi-Vehicle,153.08659,-27.59042,Underwood Rd,,Eight Mile Plains,Stretton,No Roadway Feature,No traffic control,60 km/h,Sealed - Dry,Daylight,Straight,Veh'S Manoeuvring: Leaving Driveway,Vehicle leaving driveway,0,1,0,0,1,2,0,0,0,0,0,0
267493,Hospitalisation,2014,10,Angle,Multi-Vehicle,153.04017,-27.485183,Vulture St,Wellington Rd,East Brisbane,South Brisbane,Intersection - Cross,Operating traffic lights,60 km/h,Sealed - Dry,Daylight,Straight,Veh'S Adjacent Approach: Thru-Thru,Intersection from adjacent approaches,0,1,0,0,1,2,0,0,0,0,0,0
267494,Medical treatment,2014,13,Fall from vehicle,Single Vehicle,153.02086,-27.482315,Vulture St,,South Brisbane,South Brisbane,No Roadway Feature,No traffic control,60 km/h,Sealed - Dry,Daylight,Straight,Off Path-Straight:Out Of Control On Cway,Out of control on straight,0,0,1,0,1,0,1,0,0,0,0,0
267514,Medical treatment,2014,10,Rear-end,Multi-Vehicle,153.060338,-27.462358,Hawthorne Rd,,Hawthorne,Bulimba,No Roadway Feature,No traffic control,60 km/h,Sealed - Dry,Daylight,Straight,Veh'S Same Direction: Rear End,Rear-end,0,0,1,0,1,3,0,0,0,0,0,0
267515,Hospitalisation,2014,23,Rear-end,Multi-Vehicle,153.081557,-27.545664,Logan Rd,Wishart Rd,Mount Gravatt,Mansfield,Intersection - T-Junction,Operating traffic lights,60 km/h,Sealed - Dry,Darkness - Lighted,Straight,Veh'S Same Direction: Rear End,Rear-end,0,1,0,0,1,2,0,0,0,0,0,0
267518,Medical treatment,2014,12,Rear-end,Multi-Vehicle,153.094508,-27.617293,Allingham St,Compton Rd,Kuraby,Stretton,Intersection - T-Junction,No traffic control,60 km/h,Sealed - Dry,Daylight,Straight,Veh'S Same Direction: Left Rear,Rear-end,0,0,1,0,1,2,0,0,0,0,0,0
267536,Medical treatment,2014,9,Fall from vehicle,Single Vehicle,153.034205,-27.503432,Ipswich Rd,Juliette St,Annerley,South Brisbane,Intersection - Cross,Operating traffic lights,60 km/h,Sealed - Wet,Daylight,Straight,Veh'S Same Direction: Rear End,Rear-end,0,0,1,0,1,1,1,0,0,0,0,0
267537,Medical treatment,2014,8,Angle,Multi-Vehicle,153.098373,-27.485252,Creek Rd,Fursden Rd,Carina,Chatsworth,Intersection - T-Junction,Give way sign,70 km/h,Sealed - Wet,Daylight,Straight,Veh'S Adjacant Approach: Thru-Left,Intersection from adjacent approaches,0,0,1,0,1,1,0,0,0,1,0,0
267540,Medical treatment,2014,8,Angle,Multi-Vehicle,153.05903,-27.534495,Gaza Rd,Messines Ridge Rd,Holland Park West,Greenslopes,Intersection - T-Junction,Operating traffic lights,60 km/h,Sealed - Wet,Daylight,Straight,Veh'S Opposite Approach: Thru-Right,Opposing vehicles turning,0,0,1,0,1,2,0,0,0,0,0,0
267542,Medical treatment,2014,9,Rear-end,Multi-Vehicle,153.023396,-27.524383,Black St,Ipswich Rd,Moorooka,Yeerongpilly,Intersection - T-Junction,Give way sign,0 - 50 km/h,Sealed - Dry,Daylight,Straight,Veh'S Same Direction: Left Rear,Rear-end,0,0,3,0,3,2,0,0,0,0,0,0
267543,Medical treatment,2014,9,Angle,Multi-Vehicle,153.023669,-27.530634,Beaudesert Rd,Durack St,Moorooka,Yeerongpilly,Intersection - Cross,Operating traffic lights,60 km/h,Sealed - Wet,Daylight,Curved - view open,Veh'S Adjacent Approach: Thru-Thru,Intersection from adjacent approaches,0,0,1,0,1,2,0,0,0,0,0,0
267546,Minor injury,2014,8,Rear-end,Multi-Vehicle,153.117678,-27.545126,Gateway Art Rd Ramp Xi,,Mackenzie,Mansfield,Intersection - Interchange,Operating traffic lights,60 km/h,Sealed - Wet,Daylight,Straight,Veh'S Same Direction: Rear End,Rear-end,0,0,0,1,1,2,0,0,0,0,0,0
267547,Hospitalisation,2014,21,Angle,Multi-Vehicle,153.100658,-27.584949,Gateway Art Rd On Ramp,Logan Sub-Arterial Rd,Eight Mile Plains,Stretton,Intersection - Interchange,Operating traffic lights,70 km/h,Sealed - Dry,Darkness - Lighted,Straight,Veh'S Opposite Approach: Thru-Right,Opposing vehicles turning,0,2,0,0,2,2,0,0,0,0,0,0
267548,Medical treatment,2014,13,Hit object,Single Vehicle,153.097774,-27.5874913,Gateway Arterial Rd,,Eight Mile Plains,Stretton,No Roadway Feature,No traffic control,100 - 110 km/h,Sealed - Dry,Daylight,Straight,Pass & Misc: Load Hit Vehicle,Other,0,0,1,0,1,2,0,0,0,0,0,0
267549,Medical treatment,2014,9,Hit object,Single Vehicle,153.020796,-27.47741,Grey St,Little Stanley St,South Brisbane,South Brisbane,Intersection - Cross,Operating traffic lights,0 - 50 km/h,Sealed - Wet,Daylight,Straight,Off Path-Straight: Mounts Traffic Island,Off carriageway on straight hit object,0,0,1,0,1,0,1,0,0,0,0,0
267586,Medical treatment,2014,17,Rear-end,Multi-Vehicle,153.048138,-27.608701,Highlands Dr,Mt Lindesay Art. Rd,Calamvale,Stretton,Intersection - T-Junction,Operating traffic lights,80 - 90 km/h,Sealed - Wet,Daylight,Straight,Veh'S Same Direction: Rear End,Rear-end,0,0,1,0,1,1,0,1,0,0,0,0
267587,Minor injury,2014,9,Rear-end,Multi-Vehicle,152.93537,-27.559898,Dandenong Rd,Sumners Rd,Jamboree Heights,Mount Ommaney,Intersection - T-Junction,Operating traffic lights,60 km/h,Sealed - Dry,Daylight,Straight,Veh'S Same Direction: Rear End,Rear-end,0,0,0,1,1,2,0,0,0,0,0,0
267588,Medical treatment,2014,8,Angle,Multi-Vehicle,153.029154,-27.513626,Roy St,Venner Rd,Annerley,Yeerongpilly,Intersection - T-Junction,Give way sign,60 km/h,Sealed - Dry,Daylight,Straight,Veh'S Adjacent Approach: Thru-Right,Intersection from adjacent approaches,0,0,1,0,1,1,1,0,0,0,0,0
267594,Hospitalisation,2014,7,Angle,Multi-Vehicle,153.019162,-27.490946,Ampthill St,Gladstone Rd,Highgate Hill,South Brisbane,Intersection - T-Junction,Give way sign,60 km/h,Sealed - Wet,Daylight,Straight,Veh'S Adjacent Approach: Thru-Right,Intersection from adjacent approaches,0,1,0,0,1,2,0,0,0,0,0,0
267595,Hospitalisation,2014,19,Angle,Multi-Vehicle,153.031266,-27.485866,Stanley St,Trinity La,Woolloongabba,South Brisbane,Intersection - T-Junction,Stop sign,0 - 50 km/h,Sealed - Dry,Dawn/Dusk,Straight,Veh'S Manoeuvring: Entering From Footway,Vehicle leaving driveway,0,1,0,0,1,1,0,0,0,1,0,0
267627,Medical treatment,2014,7,Angle,Multi-Vehicle,152.959463,-27.591924,Archerfield Rd,Azalea St,Inala,Inala,Intersection - Cross,Stop sign,60 km/h,Sealed - Wet,Daylight,Straight,Veh'S Adjacent Approach: Thru-Thru,Intersection from adjacent approaches,0,0,1,0,1,4,0,0,0,0,0,0
267628,Hospitalisation,2014,8,Angle,Multi-Vehicle,153.098477,-27.46982199,Wynnum Rd,,Murarrie,Bulimba,No Roadway Feature,No traffic control,70 km/h,Sealed - Dry,Daylight,Straight,Veh'S Opposite Approach: Thru-Right,Opposing vehicles turning,0,1,0,1,2,2,0,0,0,0,0,0
267630,Hospitalisation,2014,7,Fall from vehicle,Single Vehicle,153.066529,-27.558259,Nathan Connection Arterial Rd,,Nathan,Yeerongpilly,No Roadway Feature,No traffic control,60 km/h,Sealed - Wet,Daylight,Straight,Veh'S Same Direction: Rear End,Rear-end,0,1,0,0,1,1,1,0,0,0,0,0
267631,Medical treatment,2014,18,Rear-end,Multi-Vehicle,153.1060938,-27.58569688,South East Arterial Rd,,Rochedale,Mansfield,No Roadway Feature,No traffic control,100 - 110 km/h,Sealed - Dry,Dawn/Dusk,Straight,Veh'S Same Direction: Rear End,Rear-end,0,0,1,0,1,2,0,0,0,0,0,0
267641,Hospitalisation,2014,7,Rear-end,Multi-Vehicle,153.190162,-27.559823,Redland Sub-Arterial Rd,,Burbank,Mansfield,No Roadway Feature,No traffic control,80 - 90 km/h,Sealed - Wet,Daylight,Straight,Veh'S Opposite Approach: U-Turn,U-turn,0,1,0,0,1,2,0,0,1,0,0,0
267657,Medical treatment,2014,20,Hit parked vehicle,Single Vehicle,153.074617,-27.521031,Seville Rd,,Holland Park,Greenslopes,No Roadway Feature,No traffic control,0 - 50 km/h,Sealed - Dry,Darkness - Lighted,Straight,Veh'S On Path: Parked,Hit parked vehicle,0,0,1,0,1,3,0,0,0,0,0,0
267685,Hospitalisation,2014,15,Rear-end,Multi-Vehicle,153.0411146,-27.64910147,Mt Lindesay Art. Rd,,Drewvale,Stretton,No Roadway Feature,No traffic control,80 - 90 km/h,Sealed - Dry,Daylight,Straight,Veh'S Same Direction: Lane Change Right,Lane changes,0,1,0,0,1,1,0,0,0,0,0,1
267686,Minor injury,2014,6,Rear-end,Multi-Vehicle,153.060891,-27.587802,Beenleigh Rd,Mains Rd,Sunnybank,Sunnybank,Intersection - Cross,Operating traffic lights,60 km/h,Sealed - Dry,Daylight,Straight,Veh'S Same Direction: Right Rear,Rear-end,0,0,0,1,1,2,0,0,0,0,0,0
267690,Medical treatment,2014,12,Angle,Multi-Vehicle,153.041125,-27.501964,Cornwall St,Earl St,Greenslopes,South Brisbane,Intersection - Cross,Operating traffic lights,60 km/h,Sealed - Dry,Daylight,Straight,Veh'S Adjacent Approach: Thru-Right,Intersection from adjacent approaches,0,0,1,0,1,2,0,0,0,0,0,0
267693,Hospitalisation,2014,14,Angle,Multi-Vehicle,153.094399,-27.532618,Newnham Rd,Wecker Rd,Mount Gravatt East,Mansfield,Intersection - T-Junction,Operating traffic lights,60 km/h,Sealed - Dry,Daylight,Straight,Veh'S Opposite Approach: Thru-Right,Opposing vehicles turning,0,1,0,1,2,2,0,0,0,0,0,0
267697,Medical treatment,2014,17,Rear-end,Multi-Vehicle,153.0051151,-27.55801491,Cunningham Arterial Rd,,Rocklea,Sunnybank,No Roadway Feature,No traffic control,80 - 90 km/h,Sealed - Dry,Daylight,Straight,Veh'S Same Direction: Lane Change Right,Lane changes,0,0,3,0,3,3,0,0,0,0,0,0
267699,Medical treatment,2014,7,Hit pedestrian,Hit pedestrian,153.018791,-27.474705,Invalid Street From Police,,South Brisbane,South Brisbane,No Roadway Feature,No traffic control,0 - 50 km/h,Sealed - Dry,Daylight,Straight,Ped'N: Near Side Vehicle Hit From Right,Pedestrian,0,0,1,0,1,1,0,0,0,0,1,0
267700,Medical treatment,2014,10,Angle,Multi-Vehicle,153.128398,-27.494773,Belmont Rd,Grassdale Rd,Belmont,Chatsworth,Intersection - T-Junction,Stop sign,60 km/h,Sealed - Dry,Daylight,Curved - view open,Veh'S Adjacent Approach: Thru-Right,Intersection from adjacent approaches,0,0,1,0,1,1,0,0,0,1,0,0
267730,Medical treatment,2014,17,Angle,Multi-Vehicle,152.93537,-27.559898,Dandenong Rd,Sumners Rd,Jamboree Heights,Mount Ommaney,Intersection - T-Junction,Operating traffic lights,60 km/h,Sealed - Dry,Daylight,Curved - view open,Veh'S Adjacent Approach: Thru-Right,Intersection from adjacent approaches,0,0,1,0,1,2,0,0,0,0,0,0
267731,Hospitalisation,2014,13,Hit object,Single Vehicle,153.056492,-27.4857543,Tiber St,,Coorparoo,Greenslopes,No Roadway Feature,No traffic control,60 km/h,Sealed - Dry,Daylight,Curved - view obscured,Off Path-Curve: Off Cway Lt Bend Hit Obj,Off carriageway on curve hit object,0,1,0,0,1,1,0,0,0,0,0,0
267734,Medical treatment,2014,19,Angle,Multi-Vehicle,152.975658,-27.597743,Corsair Ave,Inala Ave,Inala,Inala,Intersection - T-Junction,Operating traffic lights,60 km/h,Sealed - Dry,Darkness - Lighted,Straight,Veh'S Opposite Approach: Thru-Right,Opposing vehicles turning,0,0,4,0,4,2,0,0,0,0,0,0
267735,Hospitalisation,2014,6,Angle,Multi-Vehicle,152.985943,-27.591688,Blunder Rd,King Ave,Durack,Inala,Intersection - T-Junction,Stop sign,70 km/h,Sealed - Wet,Daylight,Straight,Veh'S Adjacent Approach: Thru-Right,Intersection from adjacent approaches,0,1,0,0,1,1,0,0,0,1,0,0
267736,Medical treatment,2014,19,Hit object,Single Vehicle,153.07041,-27.470548,Richmond Rd,,Morningside,Bulimba,No Roadway Feature,No traffic control,60 km/h,Sealed - Dry,Darkness - Lighted,Curved - view open,Off Path-Curve: Off Cway Rt Bend Hit Obj,Off carriageway on curve hit object,0,0,1,0,1,1,0,0,0,0,0,0
267737,Medical treatment,2014,12,Angle,Multi-Vehicle,153.139466,-27.496394,Grassdale Rd,Stanbrough Rd,Gumdale,Chatsworth,Intersection - Roundabout,Give way sign,60 km/h,Sealed - Dry,Daylight,Straight,Veh'S Adjacent Approach: Thru-Thru,Intersection from adjacent approaches,0,0,1,0,1,2,0,0,0,0,0,0
267744,Hospitalisation,2014,9,Angle,Multi-Vehicle,153.134202,-27.54724,Mt Gravatt - Capalaba Rd,Redland Sub-Arterial Rd,Burbank,Mansfield,Intersection - T-Junction,Operating traffic lights,80 - 90 km/h,Sealed - Dry,Daylight,Straight,Veh'S Adjacent Approach: Thru-Right,Intersection from adjacent approaches,0,2,0,0,2,2,0,0,0,0,0,0
267762,Medical treatment,2014,14,Hit object,Single Vehicle,153.185652,-27.518927,Cleveland Sub-Arterial Rd,Mt Gravatt - Capalaba Rd,Chandler,Chatsworth,Intersection - T-Junction,Give way sign,60 km/h,Sealed - Wet,Daylight,Curved - view open,Off Path-Curve: Off Cway Lt Bend Hit Obj,Off carriageway on curve hit object,0,0,1,0,1,1,0,0,0,0,0,0
267780,Minor injury,2014,14,Rear-end,Multi-Vehicle,153.1004088,-27.49859669,Old Cleveland Rd,,Carina,Chatsworth,No Roadway Feature,No traffic control,60 km/h,Sealed - Dry,Daylight,Straight,Veh'S Same Direction: Rear End,Rear-end,0,0,0,1,1,2,0,0,0,0,0,0
267781,Minor injury,2014,14,Rear-end,Multi-Vehicle,153.055689,-27.52473,South East Arterial Rd,,Holland Park West,Greenslopes,Intersection - Interchange,No traffic control,100 - 110 km/h,Sealed - Dry,Daylight,Straight,Veh'S Same Direction: Rear End,Rear-end,0,0,0,1,1,5,0,0,0,0,0,0
267783,Hospitalisation,2014,16,Overturned,Single Vehicle,153.110633,-27.450053,Paringa Rd,Port Of Brisbane Rd,Murarrie,Bulimba,Intersection - Cross,Operating traffic lights,60 km/h,Sealed - Dry,Daylight,Straight,Off Path-Straight: Right Turn,Off carriageway on straight,0,1,0,0,1,0,0,1,0,0,0,0
267784,Medical treatment,2014,17,Rear-end,Multi-Vehicle,153.088781,-27.468309,Barrack Rd,Wynnum Rd,Cannon Hill,Bulimba,Intersection - Cross,Operating traffic lights,70 km/h,Sealed - Dry,Daylight,Straight,Veh'S Same Direction: Rear End,Rear-end,0,0,1,0,1,2,0,0,0,0,0,0
267786,Hospitalisation,2014,21,Angle,Multi-Vehicle,153.020711,-27.477476,Glenelg St,Grey St,South Brisbane,South Brisbane,Intersection - Cross,Operating traffic lights,0 - 50 km/h,Sealed - Dry,Darkness - Lighted,Straight,Veh'S Opposite Approach: U-Turn,U-turn,0,1,0,0,1,1,0,0,0,1,0,0
267821,Hospitalisation,2014,7,Hit object,Single Vehicle,152.941779,-27.571744,Warrender St,,Darra,Inala,No Roadway Feature,No traffic control,60 km/h,Sealed - Wet,Daylight,Curved - view obscured,Off Path-Curve: Off Cway Rt Bend Hit Obj,Off carriageway on curve hit object,0,1,0,0,1,1,0,0,0,0,0,0
267829,Hospitalisation,2014,16,Rear-end,Multi-Vehicle,153.070954,-27.554873,South East Arterial Rd,,Upper Mount Gravatt,Mansfield,No Roadway Feature,No traffic control,100 - 110 km/h,Sealed - Dry,Daylight,Straight,Veh'S Same Direction: Rear End,Rear-end,0,2,0,0,2,4,0,0,0,0,0,0
267830,Medical treatment,2014,16,Rear-end,Multi-Vehicle,153.045644,-27.47959596,Lytton Rd,,East Brisbane,South Brisbane,No Roadway Feature,No traffic control,60 km/h,Sealed - Dry,Daylight,Straight,Veh'S Same Direction: Rear End,Rear-end,0,0,1,0,1,3,0,0,0,0,0,0
267831,Hospitalisation,2014,8,Angle,Multi-Vehicle,153.147395,-27.488798,Caladium St,Matthews Wy,Wakerley,Chatsworth,Intersection - T-Junction,No traffic control,0 - 50 km/h,Sealed - Wet,Daylight,Straight,Veh'S Adjacent Approach: Thru-Right,Intersection from adjacent approaches,0,2,2,0,4,2,0,0,0,0,0,0
267832,Medical treatment,2014,13,Hit object,Single Vehicle,153.167806,-27.474413,Manly Rd,Oasis Cl,Manly West,Lytton,Intersection - T-Junction,No traffic control,60 km/h,Sealed - Dry,Daylight,Straight,Off Path-Straight: Mounts Traffic Island,Off carriageway on straight hit object,0,0,2,0,2,1,0,0,0,0,0,0
267859,Medical treatment,2014,18,Angle,Multi-Vehicle,153.093918,-27.504341,Willard St,Winstanley St,Carina Heights,Chatsworth,Intersection - Roundabout,Give way sign,60 km/h,Sealed - Dry,Dawn/Dusk,Straight,Veh'S Adjacent Approach: Right-Thru,Intersection from adjacent approaches,0,0,1,0,1,2,0,0,0,0,0,0
267861,Medical treatment,2014,10,Rear-end,Multi-Vehicle,153.050895,-27.476146,Gillan St,Wynnum Rd,Norman Park,Bulimba,Intersection - T-Junction,Stop sign,0 - 50 km/h,Sealed - Dry,Daylight,Straight,Veh'S Same Direction: Right Rear,Rear-end,0,0,1,0,1,2,0,0,0,0,0,0
267862,Medical treatment,2014,20,Rear-end,Multi-Vehicle,153.096272,-27.469435,Creek Rd,Wynnum Rd,Cannon Hill,Bulimba,Intersection - T-Junction,Give way sign,60 km/h,Sealed - Dry,Darkness - Lighted,Straight,Veh'S Same Direction: Left Rear,Rear-end,0,0,2,0,2,2,0,0,0,0,0,0
267864,Hospitalisation,2014,6,Hit parked vehicle,Single Vehicle,152.9733034,-27.52378505,Long St W,,Graceville,Indooroopilly,No Roadway Feature,No traffic control,0 - 50 km/h,Sealed - Dry,Daylight,Straight,Veh'S On Path: Car Door,Hit parked vehicle,0,1,0,1,2,1,0,0,0,2,0,0