Crash_Ref_Number,Severity,Year,Hour,Crash_Nature,Crash_Type,Longitude,Latitude,Street,Street_Intersecting,Suburb,Loc_State_Electorate,Crash_Roadway_Feature,Crash_Traffic_Control,Crash_Speed_Limit,Crash_Road_Surface_Condition,Crash_Lighting_Condition,Crash_Road_Horiz_Align,Crash_DCA_Description,Crash_DCA_Group_Description,Count_Casualty_Fatality,Count_Casualty_Hospitalised,Count_Casualty_MedicallyTreated,Count_Casualty_MinorInjury,Count_Casualty_Total,Count_Unit_Car,Count_Unit_Motorcycle_Moped,Count_Unit_Truck,Count_Unit_Bus,Count_Unit_Bicycle,Count_Unit_Pedestrian,Count_Unit_Other
269049,Medical treatment,2014,10,Sideswipe,Multi-Vehicle,153.039234,-27.48999,Logan Rd,Wellington Rd,Woolloongabba,South Brisbane,Intersection - Cross,Operating traffic lights,60 km/h,Sealed - Wet,Daylight,Straight,Veh'S Same Direction: Right Turn S/Swipe,Parallel lanes turning,0,0,1,0,1,1,1,0,0,0,0,0
269079,Hospitalisation,2014,11,Angle,Multi-Vehicle,153.053749,-27.5064189,Chatsworth Rd,,Greenslopes,Greenslopes,No Roadway Feature,No traffic control,60 km/h,Sealed - Dry,Daylight,Straight,Veh'S Manoeuvring: Leaving Parking,Vehicle leaving driveway,0,1,0,0,1,3,0,0,0,0,0,0
269081,Medical treatment,2014,5,Rear-end,Multi-Vehicle,153.013929,-27.537914,Hamilton Rd,Ipswich Rd,Moorooka,Yeerongpilly,Intersection - T-Junction,Operating traffic lights,0 - 50 km/h,Sealed - Dry,Darkness - Lighted,Straight,Veh'S Same Direction: Right Rear,Rear-end,0,0,1,0,1,1,0,0,0,0,0,1
269083,Medical treatment,2014,18,Rear-end,Multi-Vehicle,153.08246,-27.56518,South East Arterial Rd,,Macgregor,Mansfield,No Roadway Feature,No traffic control,100 - 110 km/h,Sealed - Dry,Dawn/Dusk,Straight,Veh'S Same Direction: Rear End,Rear-end,0,0,1,0,1,2,0,0,0,0,0,0
269087,Medical treatment,2014,16,Angle,Multi-Vehicle,153.162696,-27.507731,Archer St,Boston Rd,Chandler,Chatsworth,Intersection - Cross,Stop sign,60 km/h,Sealed - Dry,Daylight,Straight,Veh'S Adjacent Approach: Thru-Thru,Intersection from adjacent approaches,0,0,1,0,1,2,0,0,0,0,0,0
269109,Hospitalisation,2014,10,Rear-end,Multi-Vehicle,153.0325446,-27.65932591,Johnson Rd,,Parkinson,Algester,No Roadway Feature,No traffic control,60 km/h,Sealed - Dry,Daylight,Straight,Veh'S Same Direction: Rear End,Rear-end,0,1,0,0,1,2,0,0,0,0,0,0
269111,Medical treatment,2014,7,Rear-end,Multi-Vehicle,153.0258551,-27.58155406,Mt Lindesay Art. Rd,,Acacia Ridge,Sunnybank,No Roadway Feature,No traffic control,70 km/h,Sealed - Dry,Daylight,Straight,Veh'S Same Direction: Rear End,Rear-end,0,0,1,0,1,3,0,1,0,0,0,0
269112,Medical treatment,2014,8,Rear-end,Multi-Vehicle,153.036533,-27.596231,Mt Lindesay Art. Rd,,Acacia Ridge,Sunnybank,No Roadway Feature,No traffic control,80 - 90 km/h,Sealed - Dry,Daylight,Straight,Veh'S Same Direction: Rear End,Rear-end,0,0,1,0,1,3,0,1,0,0,0,0
269113,Medical treatment,2014,7,Rear-end,Multi-Vehicle,153.086695,-27.487956,Coke St,Kennington Rd,Camp Hill,Chatsworth,Intersection - T-Junction,Give way sign,60 km/h,Sealed - Dry,Daylight,Straight,Veh'S Same Direction: Right Rear,Rear-end,0,0,1,0,1,2,0,0,0,0,0,0
269114,Hospitalisation,2014,15,Angle,Multi-Vehicle,153.1015047,-27.49503701,Creek Rd,Cuthred St,Carindale,Chatsworth,Intersection - Cross,No traffic control,60 km/h,Sealed - Dry,Daylight,Straight,Veh'S Adjacent Approach: Thru-Right,Intersection from adjacent approaches,0,1,0,0,1,2,0,0,0,0,0,0
269117,Hospitalisation,2014,12,Angle,Multi-Vehicle,153.000988,-27.55466,Grindle Rd,,Rocklea,Yeerongpilly,No Roadway Feature,No traffic control,60 km/h,Sealed - Dry,Daylight,Straight,Veh'S Manoeuvring: Leaving Driveway,Vehicle leaving driveway,0,1,0,0,1,2,0,0,0,0,0,0
269118,Hospitalisation,2014,6,Angle,Multi-Vehicle,153.085471,-27.562856,Logan Sub-Arterial Rd,Marada St,Upper Mount Gravatt,Mansfield,Intersection - T-Junction,No traffic control,60 km/h,Sealed - Dry,Dawn/Dusk,Straight,Veh'S Opposite Approach: Thru-Right,Opposing vehicles turning,0,1,0,0,1,2,0,0,0,0,0,0
269119,Medical treatment,2014,17,Rear-end,Multi-Vehicle,153.100766,-27.584831,Gateway Art Rd Off Ramp,Logan Sub-Arterial Rd,Eight Mile Plains,Stretton,Intersection - Interchange,Give way sign,70 km/h,Sealed - Dry,Daylight,Straight,Veh'S Same Direction: Left Rear,Rear-end,0,0,1,0,1,2,0,0,0,0,0,0
269120,Medical treatment,2014,15,Angle,Multi-Vehicle,153.039195,-27.490055,Logan Rd,Wellington Rd,Woolloongabba,South Brisbane,Intersection - Cross,Operating traffic lights,60 km/h,Sealed - Dry,Daylight,Curved - view open,Veh'S Same Direction: Right Rear,Rear-end,0,0,1,0,1,2,0,0,0,0,0,0
269157,Medical treatment,2014,3,Hit object,Single Vehicle,153.044739,-27.638344,Illaweena St,Mt Lindesay Art. Rd,Parkinson,Algester,No Roadway Feature,No traffic control,60 km/h,Sealed - Dry,Darkness - Lighted,Straight,Off Path-Straight: Mounts Traffic Island,Off carriageway on straight hit object,0,0,1,0,1,1,0,0,0,0,0,0
269158,Medical treatment,2014,4,Angle,Multi-Vehicle,152.953858,-27.574137,Cunningham Arterial Rd,,Darra,Inala,No Roadway Feature,No traffic control,80 - 90 km/h,Sealed - Dry,Darkness - Lighted,Straight,Veh'S Same Direction: Lane Change Right,Lane changes,0,0,1,0,1,2,0,0,0,0,0,0
269159,Medical treatment,2014,8,Angle,Multi-Vehicle,153.050822,-27.58264,Beenleigh Rd,Stones Rd,Sunnybank,Sunnybank,Intersection - Cross,Operating traffic lights,60 km/h,Sealed - Dry,Daylight,Straight,Veh'S Opposite Approach: Thru-Right,Opposing vehicles turning,0,0,1,0,1,2,0,0,0,0,0,0
269164,Medical treatment,2014,16,Rear-end,Multi-Vehicle,153.0878875,-27.56627821,Logan Sub-Arterial Rd,Macgregor St,Upper Mount Gravatt,Mansfield,Intersection - Cross,Operating traffic lights,60 km/h,Sealed - Dry,Daylight,Straight,Veh'S Same Direction: Right Rear,Rear-end,0,0,2,0,2,2,0,0,0,0,0,0
269165,Medical treatment,2014,15,Rear-end,Multi-Vehicle,153.08479,-27.566687,South East Arterial Rd,,Macgregor,Mansfield,No Roadway Feature,No traffic control,100 - 110 km/h,Sealed - Dry,Daylight,Straight,Veh'S Same Direction: Rear End,Rear-end,0,0,1,0,1,2,0,0,0,0,0,0
269166,Medical treatment,2014,9,Angle,Multi-Vehicle,153.045838,-27.47961,Lytton Rd,Northcote St,East Brisbane,South Brisbane,Intersection - T-Junction,Stop sign,60 km/h,Sealed - Dry,Daylight,Straight,Veh'S Adjacant Approach: Thru-Left,Intersection from adjacent approaches,0,0,1,0,1,1,1,0,0,0,0,0
269167,Medical treatment,2014,19,Angle,Multi-Vehicle,153.0397387,-27.48751004,Wellington Rd,,East Brisbane,South Brisbane,No Roadway Feature,No traffic control,60 km/h,Sealed - Dry,Darkness - Lighted,Straight,Veh'S Manoeuvring: Leaving Driveway,Vehicle leaving driveway,0,0,3,1,4,2,0,0,0,0,0,0
269168,Medical treatment,2014,19,Angle,Multi-Vehicle,153.1629863,-27.45955688,Wondall Rd,,Manly West,Lytton,No Roadway Feature,No traffic control,60 km/h,Sealed - Dry,Darkness - Lighted,Straight,Veh'S Opposite Approach: Thru-Right,Opposing vehicles turning,0,0,1,0,1,2,0,0,0,0,0,0
269197,Hospitalisation,2014,8,Sideswipe,Multi-Vehicle,153.051374,-27.611496,Mt Lindesay Art. Rd,,Calamvale,Stretton,No Roadway Feature,No traffic control,80 - 90 km/h,Sealed - Dry,Daylight,Straight,Veh'S Same Direction: Lane Change Right,Lane changes,0,1,0,0,1,0,1,1,0,0,0,0
269198,Hospitalisation,2014,14,Rear-end,Multi-Vehicle,152.936489,-27.548362,Arrabri Ave,Dandenong Rd,Mount Ommaney,Mount Ommaney,Intersection - Cross,Operating traffic lights,60 km/h,Sealed - Dry,Daylight,Curved - view open,Veh'S Same Direction: Rear End,Rear-end,0,2,0,0,2,2,0,0,0,0,0,0
269199,Hospitalisation,2014,20,Angle,Multi-Vehicle,153.056102,-27.525484,Marshall Rd,South East Arterial Rd,Holland Park West,Greenslopes,Intersection - Interchange,Operating traffic lights,60 km/h,Sealed - Dry,Darkness - Lighted,Straight,Veh'S Adjacent Approach: Right-Thru,Intersection from adjacent approaches,0,2,0,0,2,2,0,0,0,0,0,0
269200,Hospitalisation,2014,18,Hit parked vehicle,Single Vehicle,153.157062,-27.45084934,Wynnum Rd,,Wynnum West,Lytton,No Roadway Feature,No traffic control,60 km/h,Sealed - Dry,Darkness - Lighted,Straight,Off Path-Straight: Left Off Cway Hit Obj,Off carriageway on straight hit object,0,1,1,0,2,2,0,0,0,0,0,0
269217,Medical treatment,2014,19,Angle,Multi-Vehicle,153.054288,-27.61151,Calam Rd,Compton Rd,Calamvale,Stretton,Intersection - 5+ way,Operating traffic lights,60 km/h,Sealed - Dry,Darkness - Lighted,Straight,Veh'S Adjacent Approach: Thru-Thru,Intersection from adjacent approaches,0,0,2,0,2,2,0,0,0,0,0,0
269218,Hospitalisation,2014,12,Angle,Multi-Vehicle,153.0308666,-27.51389566,Ipswich Rd,Waterton St,Annerley,Yeerongpilly,Intersection - Cross,Operating traffic lights,60 km/h,Sealed - Dry,Daylight,Straight,Veh'S Opposite Approach: Thru-Right,Opposing vehicles turning,0,2,0,0,2,4,0,0,0,0,0,0
269221,Hospitalisation,2014,3,Hit object,Single Vehicle,153.022048,-27.479098,Ernest St,Grey St,South Brisbane,South Brisbane,Intersection - Roundabout,No traffic control,60 km/h,Sealed - Dry,Darkness - Lighted,Straight,Off Path-Straight: Mounts Traffic Island,Off carriageway on straight hit object,0,1,0,0,1,0,1,0,0,0,0,0
269245,Medical treatment,2014,10,Rear-end,Multi-Vehicle,153.061573,-27.585575,Lampson St,Mains Rd,Sunnybank,Sunnybank,Intersection - T-Junction,Operating traffic lights,60 km/h,Sealed - Dry,Daylight,Straight,Veh'S Same Direction: Rear End,Rear-end,0,0,1,0,1,3,0,0,0,0,0,0
269271,Minor injury,2014,16,Sideswipe,Multi-Vehicle,153.157887,-27.443164,Wynnum North Rd,Wynnum Rd,Wynnum,Lytton,Intersection - Roundabout,Give way sign,60 km/h,Sealed - Dry,Daylight,Straight,Veh'S Same Direction: Right Turn S/Swipe,Parallel lanes turning,0,0,0,1,1,1,0,0,0,1,0,0
269295,Medical treatment,2014,19,Angle,Multi-Vehicle,153.028952,-27.628058,Algester Rd,,Parkinson,Algester,No Roadway Feature,No traffic control,60 km/h,Sealed - Dry,Darkness - Lighted,Straight,Veh'S Same Direction: Lane Change Right,Lane changes,0,0,1,0,1,2,0,0,0,0,0,0
269296,Hospitalisation,2014,12,Angle,Multi-Vehicle,153.0355849,-27.59834007,Bradman St,Learoyd Rd,Algester,Sunnybank,Intersection - Roundabout,Give way sign,60 km/h,Sealed - Dry,Daylight,Straight,Veh'S Opposite Approach: Thru-Right,Opposing vehicles turning,0,1,0,0,1,2,0,0,0,0,0,0
269300,Minor injury,2014,16,Rear-end,Multi-Vehicle,153.117688,-27.545447,Gateway Art Rd Ramp Xi,,Rochedale,Mansfield,Intersection - Interchange,No traffic control,60 km/h,Sealed - Dry,Dawn/Dusk,Straight,Veh'S Same Direction: Left Rear,Rear-end,0,0,0,1,1,2,0,0,0,0,0,0
269332,Medical treatment,2014,18,Rear-end,Multi-Vehicle,153.065119,-27.492085,Harwill St,Old Cleveland Rd,Coorparoo,Greenslopes,Intersection - T-Junction,No traffic control,60 km/h,Sealed - Dry,Dawn/Dusk,Straight,Veh'S Same Direction: Rear End,Rear-end,0,0,1,0,1,2,0,0,0,0,0,0
269335,Medical treatment,2014,8,Rear-end,Multi-Vehicle,152.976006,-27.587089,Glenala Rd,Rosemary St,Inala,Inala,Intersection - T-Junction,Operating traffic lights,60 km/h,Sealed - Dry,Daylight,Straight,Veh'S Same Direction: Right Rear,Rear-end,0,0,1,0,1,2,0,0,0,0,0,0
269337,Fatal,2014,19,Hit pedestrian,Hit pedestrian,153.0551502,-27.57487723,Station Rd,,Sunnybank,Sunnybank,No Roadway Feature,No traffic control,0 - 50 km/h,Sealed - Dry,Darkness - Lighted,Straight,Ped'N: Hit Emerging Behind Vehicle,Pedestrian,1,0,0,0,1,1,0,0,0,0,1,0
269338,Medical treatment,2014,8,Rear-end,Multi-Vehicle,153.087872,-27.566506,Logan Sub-Arterial Rd,Newnham Rd,Upper Mount Gravatt,Mansfield,Intersection - T-Junction,Operating traffic lights,70 km/h,Sealed - Dry,Daylight,Straight,Veh'S Same Direction: Right Rear,Rear-end,0,0,1,2,3,2,0,0,0,0,0,0
269339,Medical treatment,2014,15,Rear-end,Multi-Vehicle,153.100211,-27.584455,Logan Rd,Logan Sub-Arterial Rd,Eight Mile Plains,Stretton,Intersection - Interchange,Operating traffic lights,80 - 90 km/h,Sealed - Dry,Daylight,Straight,Veh'S Same Direction: Rear End,Rear-end,0,0,1,0,1,1,1,0,0,0,0,0
269366,Hospitalisation,2014,8,Angle,Multi-Vehicle,152.952577,-27.53437,Sinnamon Rd,Windermere Ave,Sinnamon Park,Mount Ommaney,Intersection - Roundabout,No traffic control,0 - 50 km/h,Sealed - Dry,Daylight,Curved - view open,Veh'S Same Direction: Left Turn S/Swipe,Parallel lanes turning,0,1,0,0,1,0,0,0,0,1,0,1
269367,Minor injury,2014,9,Rear-end,Multi-Vehicle,152.940878,-27.547188,Dandenong Rd,Western Arterial Rd,Mount Ommaney,Mount Ommaney,Intersection - Interchange,Give way sign,60 km/h,Sealed - Dry,Daylight,Straight,Veh'S Same Direction: Left Rear,Rear-end,0,0,0,1,1,2,0,0,0,0,0,0
269368,Hospitalisation,2014,9,Rear-end,Multi-Vehicle,153.105206,-27.542466,Ham Rd,,Mansfield,Mansfield,No Roadway Feature,No traffic control,0 - 50 km/h,Sealed - Dry,Daylight,Straight,Veh'S Same Direction: Rear End,Rear-end,0,2,1,0,3,3,0,0,0,0,0,0
269370,Hospitalisation,2014,21,Hit object,Single Vehicle,153.0965487,-27.46859612,Creek Rd,,Murarrie,Bulimba,No Roadway Feature,No traffic control,60 km/h,Sealed - Dry,Darkness - Lighted,Straight,Off Path-Straight: Left Off Cway Hit Obj,Off carriageway on straight hit object,0,1,0,0,1,1,0,0,0,0,0,0
269371,Hospitalisation,2014,15,Sideswipe,Multi-Vehicle,153.011222,-27.542839,Fairfield Rd,Medway St,Rocklea,Yeerongpilly,Intersection - T-Junction,Operating traffic lights,0 - 50 km/h,Sealed - Dry,Daylight,Straight,Veh'S Same Direction: Left Turn S/Swipe,Parallel lanes turning,0,1,0,0,1,1,1,0,0,0,0,0
269373,Medical treatment,2014,10,Angle,Multi-Vehicle,153.040625,-27.491628,Deshon St,Logan Rd,Woolloongabba,South Brisbane,Intersection - T-Junction,Operating traffic lights,60 km/h,Sealed - Dry,Daylight,Straight,Veh'S Opposite Approach: Thru-Right,Opposing vehicles turning,0,0,2,0,2,2,0,0,0,0,0,0
269374,Medical treatment,2014,15,Rear-end,Multi-Vehicle,153.041399,-27.478774,Lytton Rd,Shafston Ave,East Brisbane,South Brisbane,Intersection - Cross,Operating traffic lights,60 km/h,Sealed - Dry,Daylight,Straight,Veh'S Same Direction: Rear End,Rear-end,0,0,1,0,1,2,0,0,0,0,0,0
269416,Medical treatment,2014,7,Angle,Multi-Vehicle,153.039193,-27.612648,Ridgewood Rd,,Algester,Algester,No Roadway Feature,No traffic control,60 km/h,Sealed - Dry,Daylight,Straight,Veh'S Manoeuvring: Leaving Driveway,Vehicle leaving driveway,0,0,1,0,1,2,0,0,0,0,0,0
269442,Hospitalisation,2014,1,Fall from vehicle,Single Vehicle,153.05438,-27.522477,Birdwood Rd,,Holland Park West,Greenslopes,No Roadway Feature,No traffic control,60 km/h,Sealed - Wet,Darkness - Lighted,Curved - view open,Off Path-Curve: Out Of Control On Cway,Out of control on curve,0,1,0,0,1,0,1,0,0,0,0,0
269446,Minor injury,2014,8,Angle,Multi-Vehicle,152.9882283,-27.52214234,Verney Rd E,,Graceville,Indooroopilly,No Roadway Feature,No traffic control,0 - 50 km/h,Sealed - Dry,Daylight,Straight,Veh'S Manoeuvring: Leaving Parking,Vehicle leaving driveway,0,0,0,3,3,3,0,0,0,0,0,0
269467,Medical treatment,2014,9,Angle,Multi-Vehicle,152.980289,-27.568796,Blunder Rd,,Oxley,Inala,Intersection - Cross,Stop sign,60 km/h,Sealed - Dry,Daylight,Straight,Veh'S Adjacent Approach: Thru-Thru,Intersection from adjacent approaches,0,0,2,0,2,2,0,0,0,0,0,0
269468,Minor injury,2014,10,Rear-end,Multi-Vehicle,153.066692,-27.603995,Nemies Rd,,Runcorn,Stretton,No Roadway Feature,No traffic control,60 km/h,Sealed - Dry,Daylight,Straight,Veh'S Same Direction: Right Rear,Rear-end,0,0,0,2,2,2,0,0,0,0,0,0
269469,Medical treatment,2014,17,Rear-end,Multi-Vehicle,153.097447,-27.517114,Creek Rd,,Carindale,Chatsworth,No Roadway Feature,No traffic control,60 km/h,Sealed - Wet,Darkness - Lighted,Straight,Veh'S Same Direction: Rear End,Rear-end,0,0,1,0,1,2,0,0,0,0,0,0
269470,Medical treatment,2014,10,Rear-end,Multi-Vehicle,153.081548,-27.543966,Logan Rd,,Mount Gravatt,Mansfield,No Roadway Feature,No traffic control,60 km/h,Sealed - Dry,Daylight,Straight,Veh'S Same Direction: Rear End,Rear-end,0,0,1,0,1,3,0,0,0,0,0,0
269490,Medical treatment,2014,15,Angle,Multi-Vehicle,153.035927,-27.502278,Emperor St,,Annerley,South Brisbane,No Roadway Feature,No traffic control,0 - 50 km/h,Sealed - Dry,Daylight,Straight,Veh'S Manoeuvring: Leaving Driveway,Vehicle leaving driveway,0,0,1,0,1,4,0,0,0,0,0,0
269493,Hospitalisation,2014,16,Fall from vehicle,Single Vehicle,152.9413601,-27.62236038,Logan Mwy,,Ellen Grove,Inala,Intersection - Interchange,No traffic control,80 - 90 km/h,Sealed - Dry,Daylight,Curved - view obscured,Pass & Misc: Fell In/From Vehicle,Other,0,1,0,0,1,0,1,0,0,0,0,0
269494,Hospitalisation,2014,10,Hit parked vehicle,Single Vehicle,153.0957514,-27.48153812,Creek Rd,,Carina,Bulimba,No Roadway Feature,No traffic control,70 km/h,Sealed - Wet,Daylight,Curved - view open,Off Path-Curve: Off Cway Lt Bend Hit Obj,Off carriageway on curve hit object,0,1,0,0,1,1,0,1,0,0,0,0
269495,Medical treatment,2014,9,Rear-end,Multi-Vehicle,152.973538,-27.505941,Coonan St,,Chelmer,Indooroopilly,Bridge/Causeway,No traffic control,60 km/h,Sealed - Wet,Daylight,Straight,Veh'S Same Direction: Rear End,Rear-end,0,0,1,0,1,3,0,0,0,0,0,0
269496,Medical treatment,2014,11,Angle,Multi-Vehicle,153.033755,-27.486184,Stanley St,,Woolloongabba,South Brisbane,Intersection - T-Junction,Stop sign,60 km/h,Sealed - Dry,Daylight,Straight,Veh'S Manoeuvring: Entering From Footway,Vehicle leaving driveway,0,0,1,0,1,1,0,0,0,1,0,0
269521,Medical treatment,2014,10,Rear-end,Multi-Vehicle,153.051256,-27.611422,Mt Lindesay Art. Rd,,Calamvale,Stretton,No Roadway Feature,No traffic control,80 - 90 km/h,Sealed - Wet,Daylight,Curved - view open,Veh'S Same Direction: Right Rear,Rear-end,0,0,3,0,3,3,0,0,0,0,0,0
269523,Medical treatment,2014,13,Rear-end,Multi-Vehicle,152.94658,-27.575048,Western Arterial Rd,,Darra,Inala,Intersection - Interchange,No traffic control,60 km/h,Sealed - Dry,Daylight,Straight,Veh'S Same Direction: Left Rear,Rear-end,0,0,1,0,1,2,0,0,0,0,0,0
269524,Medical treatment,2014,9,Rear-end,Multi-Vehicle,152.937286,-27.579649,Bakery Rd,Ipswich Rd,Wacol,Inala,Intersection - T-Junction,Stop sign,60 km/h,Sealed - Wet,Daylight,Straight,Veh'S Same Direction: Right Rear,Rear-end,0,0,3,0,3,2,0,0,0,0,0,0
269525,Medical treatment,2014,17,Rear-end,Multi-Vehicle,153.0347993,-27.50187401,Ipswich Rd,,Annerley,South Brisbane,No Roadway Feature,No traffic control,60 km/h,Sealed - Dry,Daylight,Straight,Veh'S Same Direction: Rear End,Rear-end,0,0,1,0,1,3,0,0,0,0,0,0
269528,Hospitalisation,2014,12,Rear-end,Multi-Vehicle,153.0392733,-27.50540389,Pacific Hwy,South East Arterial Rd,Greenslopes,South Brisbane,Intersection - Interchange,No traffic control,80 - 90 km/h,Sealed - Dry,Daylight,Curved - view open,Veh'S Same Direction: Rear End,Rear-end,0,1,0,0,1,2,0,0,0,0,0,0
269529,Medical treatment,2014,15,Rear-end,Multi-Vehicle,153.086435,-27.542652,Broadwater Rd,,Mount Gravatt East,Mansfield,No Roadway Feature,No traffic control,60 km/h,Sealed - Dry,Daylight,Straight,Veh'S Same Direction: Right Rear,Rear-end,0,0,1,0,1,2,0,0,0,0,0,0
269530,Hospitalisation,2014,7,Rear-end,Multi-Vehicle,153.056886,-27.515682,Logan Rd,,Holland Park West,Greenslopes,No Roadway Feature,No traffic control,60 km/h,Sealed - Dry,Daylight,Straight,Veh'S Same Direction: Rear End,Rear-end,0,1,0,0,1,3,0,0,0,0,0,0
269531,Medical treatment,2014,7,Rear-end,Multi-Vehicle,153.0567,-27.515594,Logan Rd,Poet St,Holland Park West,Greenslopes,Intersection - T-Junction,No traffic control,60 km/h,Sealed - Dry,Daylight,Straight,Veh'S Same Direction: Rear End,Rear-end,0,0,1,0,1,2,0,0,0,0,0,0
269550,Medical treatment,2014,9,Hit pedestrian,Hit pedestrian,153.098108,-27.513373,Creek Rd,,Carindale,Chatsworth,No Roadway Feature,Road/Rail worker,60 km/h,Sealed - Dry,Daylight,Straight,Ped'N: Play; Work; Stand; Lie On C'Way,Pedestrian,0,0,1,0,1,1,0,0,0,0,1,0
269551,Medical treatment,2014,6,Rear-end,Multi-Vehicle,153.1037748,-27.50041499,Old Cleveland Rd,,Carindale,Chatsworth,No Roadway Feature,No traffic control,60 km/h,Sealed - Dry,Daylight,Straight,Veh'S Same Direction: Rear End,Rear-end,0,0,1,0,1,2,0,1,0,0,0,0
269552,Medical treatment,2014,20,Angle,Multi-Vehicle,152.963939,-27.595916,Poinciana St,Punica St,Inala,Inala,Intersection - Cross,Give way sign,0 - 50 km/h,Sealed - Wet,Darkness - Lighted,Straight,Veh'S Manoeuvring: Entering From Footway,Vehicle leaving driveway,0,0,1,0,1,1,0,0,0,1,0,0
269580,Hospitalisation,2014,13,Hit object,Single Vehicle,152.923909,-27.5761079,Wacol Station Rd,,Wacol,Inala,No Roadway Feature,No traffic control,60 km/h,Sealed - Dry,Daylight,Straight,Off Path-Straight: Left Off Cway Hit Obj,Off carriageway on straight hit object,0,1,0,0,1,1,0,0,0,0,0,0
269581,Hospitalisation,2014,1,Hit object,Single Vehicle,153.06656,-27.591162,Beenleigh Rd,,Runcorn,Sunnybank,No Roadway Feature,No traffic control,60 km/h,Sealed - Wet,Darkness - Lighted,Straight,Off Path-Straight: Left Off Cway Hit Obj,Off carriageway on straight hit object,0,1,0,0,1,1,0,0,0,0,0,0
269582,Medical treatment,2014,7,Sideswipe,Multi-Vehicle,153.03571,-27.59842,Bradman St,Learoyd Rd,Algester,Sunnybank,Intersection - Roundabout,Give way sign,60 km/h,Sealed - Dry,Daylight,Curved - view open,Veh'S Same Direction: Lane Side Swipe,Lane changes,0,0,1,0,1,1,0,0,0,1,0,0
269583,Medical treatment,2014,12,Rear-end,Multi-Vehicle,153.034266,-27.503136,Ipswich Rd,Young St,Annerley,South Brisbane,Intersection - Cross,Operating traffic lights,60 km/h,Sealed - Dry,Daylight,Straight,Veh'S Same Direction: Rear End,Rear-end,0,0,1,1,2,2,0,0,0,0,0,0
269585,Hospitalisation,2014,12,Rear-end,Multi-Vehicle,153.0407369,-27.5041886,Earl St,,Greenslopes,South Brisbane,No Roadway Feature,No traffic control,60 km/h,Sealed - Dry,Daylight,Straight,Veh'S Same Direction: Rear End,Rear-end,0,1,0,0,1,1,0,1,0,0,0,0
269588,Medical treatment,2014,9,Hit pedestrian,Hit pedestrian,153.080333,-27.533184,Grenfell St,,Mount Gravatt East,Greenslopes,No Roadway Feature,No traffic control,0 - 50 km/h,Sealed - Dry,Daylight,Straight,Ped'N: Hit By Vehicle Enter/Leave D'Way,Pedestrian,0,0,1,0,1,1,0,0,0,0,1,0
269589,Medical treatment,2014,15,Rear-end,Multi-Vehicle,153.045399,-27.52408,Lutzow St,Weller Rd,Tarragindi,Yeerongpilly,Intersection - Cross,No traffic control,0 - 50 km/h,Sealed - Dry,Daylight,Straight,Veh'S Same Direction: Right Rear,Rear-end,0,0,1,0,1,2,0,0,0,0,0,0
269591,Medical treatment,2014,8,Hit object,Single Vehicle,153.063299,-27.576082,Mains Rd,,Sunnybank,Sunnybank,No Roadway Feature,No traffic control,60 km/h,Sealed - Dry,Daylight,Straight,Off Path-Straight: Left Off Cway Hit Obj,Off carriageway on straight hit object,0,0,1,0,1,1,0,0,0,0,0,0
269592,Minor injury,2014,9,Angle,Multi-Vehicle,153.168863,-27.454861,Preston Rd,,Manly West,Lytton,No Roadway Feature,No traffic control,60 km/h,Sealed - Dry,Daylight,Straight,Veh'S Opposite Approach: U-Turn,U-turn,0,0,0,1,1,2,0,0,0,0,0,0
269615,Medical treatment,2014,6,Angle,Multi-Vehicle,152.932228,-27.604085,Boundary Rd,Formation St,Wacol,Inala,Intersection - Roundabout,Give way sign,60 km/h,Sealed - Wet,Dawn/Dusk,Straight,Veh'S Adjacent Approach: Thru-Thru,Intersection from adjacent approaches,0,0,1,0,1,2,0,0,0,0,0,0
269616,Hospitalisation,2014,15,Sideswipe,Multi-Vehicle,153.015833,-27.5578935,Clare Rd,Griffith Arterial Rd,Archerfield,Sunnybank,Intersection - T-Junction,No traffic control,60 km/h,Sealed - Dry,Daylight,Straight,Veh'S Same Direction: Lane Change Left,Lane changes,0,1,0,0,1,1,0,1,0,0,0,0
269619,Medical treatment,2014,18,Rear-end,Multi-Vehicle,153.061616,-27.503483,Cavendish Rd,,Coorparoo,Greenslopes,No Roadway Feature,Operating traffic lights,60 km/h,Sealed - Wet,Darkness - Lighted,Straight,Veh'S Same Direction: Rear End,Rear-end,0,0,2,0,2,3,0,0,0,0,0,0
269621,Hospitalisation,2014,6,Angle,Multi-Vehicle,153.039526,-27.563231,Musgrave Rd,Orange Grove Rd,Coopers Plains,Sunnybank,Intersection - Cross,Operating traffic lights,60 km/h,Sealed - Wet,Daylight,Straight,Veh'S Opposite Approach: Thru-Right,Opposing vehicles turning,0,1,0,1,2,1,0,1,0,0,0,0
269622,Medical treatment,2014,17,Rear-end,Multi-Vehicle,153.070971,-27.478617,D'Arcy Rd,Kensington Ave,Seven Hills,Bulimba,Intersection - Roundabout,Give way sign,60 km/h,Sealed - Wet,Darkness - Lighted,Straight,Veh'S Same Direction: Left Rear,Rear-end,0,0,1,0,1,2,0,0,0,0,0,0