Crash_Ref_Number,Severity,Year,Hour,Crash_Nature,Crash_Type,Longitude,Latitude,Street,Street_Intersecting,Suburb,Loc_State_Electorate,Crash_Roadway_Feature,Crash_Traffic_Control,Crash_Speed_Limit,Crash_Road_Surface_Condition,Crash_Lighting_Condition,Crash_Road_Horiz_Align,Crash_DCA_Description,Crash_DCA_Group_Description,Count_Casualty_Fatality,Count_Casualty_Hospitalised,Count_Casualty_MedicallyTreated,Count_Casualty_MinorInjury,Count_Casualty_Total,Count_Unit_Car,Count_Unit_Motorcycle_Moped,Count_Unit_Truck,Count_Unit_Bus,Count_Unit_Bicycle,Count_Unit_Pedestrian,Count_Unit_Other
269624,Medical treatment,2014,6,Rear-end,Multi-Vehicle,152.976904,-27.566816,Cunningham Arterial Rd,,Oxley,Mount Ommaney,No Roadway Feature,No traffic control,80 - 90 km/h,Sealed - Wet,Daylight,Straight,Veh'S Same Direction: Rear End,Rear-end,0,0,1,0,1,3,0,0,0,0,0,0
269625,Medical treatment,2014,15,Rear-end,Multi-Vehicle,153.07961,-27.56048,Griffith Arterial Rd,,Upper Mount Gravatt,Mansfield,No Roadway Feature,No traffic control,60 km/h,Sealed - Dry,Daylight,Straight,Veh'S Same Direction: Rear End,Rear-end,0,0,1,0,1,2,0,0,0,0,0,0
269626,Hospitalisation,2014,18,Rear-end,Multi-Vehicle,153.039867,-27.501134,South East Arterial Rd,,Woolloongabba,South Brisbane,No Roadway Feature,No traffic control,100 - 110 km/h,Sealed - Wet,Darkness - Lighted,Curved - view open,Veh'S Same Direction: Rear End,Rear-end,0,1,0,0,1,4,0,0,0,0,0,0
269660,Medical treatment,2014,6,Rear-end,Multi-Vehicle,152.9423293,-27.56542902,Western Arterial Rd,,Sumner,Mount Ommaney,No Roadway Feature,No traffic control,100 - 110 km/h,Sealed - Wet,Daylight,Straight,Veh'S Same Direction: Rear End,Rear-end,0,0,1,1,2,2,0,0,0,0,0,0
269662,Medical treatment,2014,7,Hit object,Single Vehicle,153.074823,-27.492634,Bruce St,Old Cleveland Rd,Camp Hill,Bulimba,Intersection - T-Junction,Operating traffic lights,60 km/h,Sealed - Dry,Daylight,Curved - view open,Off Path-Curve: Off Cway Rt Bend Hit Obj,Off carriageway on curve hit object,0,0,1,0,1,1,0,0,0,0,0,0
269663,Medical treatment,2014,23,Sideswipe,Multi-Vehicle,153.041125,-27.501964,Cornwall St,Junction St,Greenslopes,South Brisbane,Intersection - Cross,Operating traffic lights,0 - 50 km/h,Sealed - Dry,Darkness - Lighted,Straight,Veh'S Adjacent Approach: Thru-Thru,Intersection from adjacent approaches,0,0,1,0,1,2,0,0,0,0,0,0
269664,Hospitalisation,2014,2,Hit object,Single Vehicle,153.00819,-27.556368,Cunningham Arterial Rd,,Rocklea,Yeerongpilly,No Roadway Feature,No traffic control,80 - 90 km/h,Sealed - Dry,Darkness - Lighted,Curved - view open,Off Path-Curve: Out Of Control On Cway,Out of control on curve,0,1,0,0,1,1,0,0,0,0,0,0
269665,Medical treatment,2014,11,Sideswipe,Multi-Vehicle,153.172956,-27.442968,Bay Tce,Charlotte St,Wynnum,Lytton,Intersection - Cross,Give way sign,60 km/h,Sealed - Wet,Daylight,Straight,Veh'S Adjacent Approach: Thru-Thru,Intersection from adjacent approaches,0,0,1,0,1,2,0,0,0,0,0,0
269686,Medical treatment,2014,21,Hit parked vehicle,Single Vehicle,153.036955,-27.503823,Juliette St,,Annerley,South Brisbane,No Roadway Feature,No traffic control,60 km/h,Sealed - Dry,Darkness - Lighted,Straight,Veh'S On Path: Parked,Hit parked vehicle,0,0,1,0,1,3,0,0,0,0,0,0
269687,Medical treatment,2014,17,Rear-end,Multi-Vehicle,153.025485,-27.522054,Ipswich Rd,School Rd,Annerley,Yeerongpilly,Intersection - T-Junction,Operating traffic lights,60 km/h,Sealed - Dry,Daylight,Straight,Veh'S Same Direction: Rear End,Rear-end,0,0,1,0,1,2,0,0,0,0,0,0
269690,Hospitalisation,2014,21,Sideswipe,Multi-Vehicle,153.066837,-27.532377,Nursery Rd,Vanburgh St,Holland Park West,Greenslopes,Intersection - T-Junction,No traffic control,60 km/h,Sealed - Dry,Darkness - Lighted,Straight,Veh'S Opposite Approach: Thru-Right,Opposing vehicles turning,0,3,0,0,3,2,0,0,0,0,0,0
269691,Medical treatment,2014,12,Rear-end,Multi-Vehicle,153.100373,-27.554152,Redland Sub-Arterial Rd,,Wishart,Mansfield,No Roadway Feature,No traffic control,60 km/h,Sealed - Dry,Daylight,Curved - view open,Veh'S Same Direction: Rear End,Rear-end,0,0,1,0,1,2,0,0,0,0,0,0
269692,Hospitalisation,2014,11,Sideswipe,Multi-Vehicle,153.006347,-27.478473,Montague Rd,,West End,South Brisbane,No Roadway Feature,No traffic control,60 km/h,Sealed - Dry,Daylight,Straight,Veh'S Manoeuvring: Parking,Hit parked vehicle,0,1,0,0,1,1,0,0,0,1,0,0
269693,Medical treatment,2014,16,Angle,Multi-Vehicle,153.127243,-27.4927043,Meadowlands Rd,,Belmont,Chatsworth,No Roadway Feature,No traffic control,60 km/h,Sealed - Dry,Daylight,Straight,Veh'S Manoeuvring: Leaving Driveway,Vehicle leaving driveway,0,0,1,0,1,2,0,0,0,0,0,0
269710,Hospitalisation,2014,9,Angle,Multi-Vehicle,153.047468,-27.580602,Beenleigh Rd,Jackson Rd,Sunnybank,Sunnybank,Intersection - Roundabout,Give way sign,60 km/h,Sealed - Dry,Daylight,Curved - view open,Veh'S Adjacent Approach: Thru-Right,Intersection from adjacent approaches,0,1,0,0,1,1,0,1,0,0,0,0
269711,Hospitalisation,2014,16,Rear-end,Multi-Vehicle,153.0596471,-27.59344486,Pinelands Rd,,Sunnybank Hills,Stretton,No Roadway Feature,No traffic control,70 km/h,Sealed - Dry,Daylight,Straight,Veh'S Same Direction: Lane Side Swipe,Lane changes,0,1,0,0,1,1,1,0,0,0,0,0
269712,Hospitalisation,2014,13,Hit parked vehicle,Single Vehicle,153.152814,-27.426714,Export St,,Lytton,Lytton,No Roadway Feature,No traffic control,60 km/h,Sealed - Dry,Daylight,Straight,Veh'S On Path: Parked,Hit parked vehicle,0,1,0,0,1,0,0,1,0,0,0,1
269747,Minor injury,2014,14,Angle,Multi-Vehicle,153.030156,-27.630063,Copeton Cres,,Parkinson,Algester,No Roadway Feature,No traffic control,0 - 50 km/h,Sealed - Dry,Daylight,Straight,Veh'S Manoeuvring: Other,Other,0,0,0,1,1,1,1,0,0,0,0,0
269748,Medical treatment,2014,15,Rear-end,Multi-Vehicle,153.020916,-27.558837,Mt Lindesay Art. Rd,,Coopers Plains,Sunnybank,No Roadway Feature,No traffic control,70 km/h,Sealed - Dry,Daylight,Straight,Veh'S Same Direction: Rear End,Rear-end,0,0,1,0,1,2,0,0,0,0,0,0
269750,Medical treatment,2014,15,Hit pedestrian,Hit pedestrian,152.97024,-27.623967,Forest Lake Blvd,,Forest Lake,Algester,No Roadway Feature,No traffic control,0 - 50 km/h,Sealed - Dry,Daylight,Straight,Ped'N: Near Side Vehicle Hit From Right,Pedestrian,0,0,1,0,1,0,0,0,1,0,1,0
269753,Medical treatment,2014,10,Hit pedestrian,Hit pedestrian,153.1170108,-27.5756173,Skyview Ave,,Rochedale,Mansfield,No Roadway Feature,No traffic control,0 - 50 km/h,Unsealed - Dry,Daylight,Straight,Ped'N: On Ftway Hit By Vehicle On Ftway,Pedestrian,0,0,1,0,1,0,1,0,0,0,1,0
269754,Medical treatment,2014,8,Rear-end,Multi-Vehicle,153.075927,-27.560769,South East Arterial Rd,,Macgregor,Yeerongpilly,No Roadway Feature,No traffic control,100 - 110 km/h,Sealed - Dry,Daylight,Straight,Veh'S Same Direction: Rear End,Rear-end,0,0,3,1,4,1,0,0,1,0,0,0
269783,Medical treatment,2014,16,Sideswipe,Multi-Vehicle,153.061094,-27.641112,Gateway Arterial Rd,,Drewvale,Stretton,No Roadway Feature,No traffic control,100 - 110 km/h,Sealed - Dry,Daylight,Straight,Veh'S Same Direction: Lane Change Left,Lane changes,0,0,1,0,1,1,0,1,0,0,0,0
269784,Medical treatment,2014,16,Head-on,Multi-Vehicle,153.019857,-27.591833,Benton St,,Acacia Ridge,Sunnybank,No Roadway Feature,No traffic control,0 - 50 km/h,Sealed - Dry,Daylight,Straight,Veh'S Opposite Approach: Head On,Head-on,0,0,3,0,3,2,0,0,0,0,0,0
269789,Hospitalisation,2014,23,Angle,Multi-Vehicle,153.0455204,-27.57140091,Beechcroft St,Boundary Rd,Coopers Plains,Sunnybank,Intersection - Cross,No traffic control,60 km/h,Sealed - Dry,Darkness - Lighted,Straight,Veh'S Opposite Approach: Thru-Right,Opposing vehicles turning,0,2,0,0,2,1,1,0,0,0,0,0
269790,Medical treatment,2014,6,Rear-end,Multi-Vehicle,153.052871,-27.559091,Griffith Arterial Rd,,Robertson,Sunnybank,No Roadway Feature,No traffic control,60 km/h,Sealed - Dry,Daylight,Straight,Veh'S Same Direction: Rear End,Rear-end,0,0,1,0,1,1,0,1,0,0,0,0
269791,Minor injury,2014,8,Rear-end,Multi-Vehicle,153.066198,-27.559572,Nathan Connection Arterial Rd,,Nathan,Yeerongpilly,No Roadway Feature,No traffic control,60 km/h,Sealed - Dry,Daylight,Straight,Veh'S Same Direction: Rear End,Rear-end,0,0,0,1,1,3,0,0,0,0,0,0
269832,Fatal,2014,19,Head-on,Multi-Vehicle,153.069121,-27.621973,Gateway Arterial Rd,,Stretton,Stretton,No Roadway Feature,No traffic control,100 - 110 km/h,Sealed - Dry,Darkness - Not lighted,Curved - view open,Veh'S Opposite Approach: Head On,Head-on,1,0,1,0,2,1,0,1,0,0,0,0
269833,Medical treatment,2014,14,Rear-end,Multi-Vehicle,153.034825,-27.569928,Boundary Rd,,Coopers Plains,Sunnybank,No Roadway Feature,No traffic control,60 km/h,Sealed - Dry,Daylight,Straight,Veh'S Same Direction: Rear End,Rear-end,0,0,1,0,1,2,0,0,0,0,0,0
269834,Medical treatment,2014,9,Rear-end,Multi-Vehicle,153.032311,-27.507885,Annerley Rd,Ponsonby St,Annerley,Yeerongpilly,No Roadway Feature,No traffic control,60 km/h,Sealed - Dry,Daylight,Curved - view open,Veh'S Same Direction: Rear End,Rear-end,0,0,1,0,1,2,0,0,0,0,0,0
269835,Medical treatment,2014,6,Rear-end,Multi-Vehicle,153.034332,-27.503422,Ipswich Rd,Juliette St,Annerley,South Brisbane,Intersection - T-Junction,Operating traffic lights,60 km/h,Sealed - Dry,Daylight,Straight,Veh'S Same Direction: Rear End,Rear-end,0,0,1,0,1,1,0,1,0,0,0,0
269837,Hospitalisation,2014,16,Angle,Multi-Vehicle,153.093831,-27.522818,Allamanda Pl,Styphelia St,Mount Gravatt East,Mansfield,Intersection - T-Junction,No traffic control,0 - 50 km/h,Sealed - Dry,Daylight,Curved - view open,Veh'S Adjacent Approach: Thru-Right,Intersection from adjacent approaches,0,1,0,0,1,2,0,0,0,0,0,0
269838,Hospitalisation,2014,6,Hit parked vehicle,Single Vehicle,153.070004,-27.525697,Lawn St,,Holland Park,Greenslopes,No Roadway Feature,No traffic control,0 - 50 km/h,Sealed - Dry,Daylight,Straight,Veh'S On Path: Parked,Hit parked vehicle,0,1,0,0,1,2,0,0,0,0,0,0
269841,Medical treatment,2014,7,Rear-end,Multi-Vehicle,153.059353,-27.472566,Hawthorne Rd,Wynnum Rd,Norman Park,Bulimba,Intersection - Cross,Operating traffic lights,60 km/h,Sealed - Dry,Daylight,Straight,Veh'S Same Direction: Rear End,Rear-end,0,0,1,0,1,2,0,0,0,0,0,0
269842,Hospitalisation,2014,15,Sideswipe,Multi-Vehicle,153.091446,-27.54868,Colwyn St,Newnham Rd,Upper Mount Gravatt,Mansfield,Intersection - T-Junction,Stop sign,60 km/h,Sealed - Dry,Daylight,Straight,Veh'S Adjacent Approach: Thru-Right,Intersection from adjacent approaches,0,1,0,0,1,2,0,0,0,0,0,0
269843,Medical treatment,2014,11,Fall from vehicle,Single Vehicle,153.113928,-27.552314,Gateway Arterial Rd,,Rochedale,Mansfield,No Roadway Feature,No traffic control,100 - 110 km/h,Sealed - Dry,Daylight,Straight,Off Path-Straight:Out Of Control On Cway,Out of control on straight,0,0,1,0,1,0,1,0,0,0,0,1
269867,Medical treatment,2014,14,Fall from vehicle,Single Vehicle,153.051215,-27.611499,Mt Lindesay Art. Rd,,Calamvale,Stretton,No Roadway Feature,No traffic control,80 - 90 km/h,Sealed - Wet,Daylight,Curved - view open,Off Path-Curve: Out Of Control On Cway,Out of control on curve,0,0,1,0,1,0,1,0,0,0,0,0
269868,Medical treatment,2014,11,Rear-end,Multi-Vehicle,153.036158,-27.596008,Bradman St,Mt Lindesay Art. Rd,Acacia Ridge,Sunnybank,Intersection - Cross,Operating traffic lights,80 - 90 km/h,Sealed - Dry,Daylight,Straight,Veh'S Same Direction: Lane Side Swipe,Lane changes,0,0,2,0,2,1,0,1,0,0,0,0
269870,Hospitalisation,2014,14,Angle,Multi-Vehicle,153.061675,-27.50329,Cavendish Rd,Mackay St,Coorparoo,Greenslopes,Intersection - T-Junction,No traffic control,60 km/h,Sealed - Dry,Daylight,Straight,Veh'S Overtaking: Overtake-Right Turn,Overtaking same direction,0,1,0,0,1,1,1,0,0,0,0,0
269872,Hospitalisation,2014,21,Angle,Multi-Vehicle,153.107122,-27.455453,Gateway Arterial Rd,Lytton Rd,Murarrie,Bulimba,Intersection - Interchange,Operating traffic lights,60 km/h,Sealed - Dry,Darkness - Lighted,Straight,Veh'S Adjacent Approach: Right-Thru,Intersection from adjacent approaches,0,1,0,0,1,2,0,0,0,0,0,0
269873,Medical treatment,2014,10,Rear-end,Multi-Vehicle,153.037402,-27.486742,Jurgens St,Stanley St,Woolloongabba,South Brisbane,Intersection - T-Junction,Operating traffic lights,60 km/h,Sealed - Dry,Daylight,Straight,Veh'S Same Direction: Rear End,Rear-end,0,0,1,0,1,2,0,0,0,0,0,0
269874,Medical treatment,2014,16,Hit object,Single Vehicle,153.157042,-27.4753513,Manly Rd,,Wakerley,Lytton,No Roadway Feature,No traffic control,60 km/h,Sealed - Dry,Daylight,Curved - view open,Off Path-Straight: Left Off Cway Hit Obj,Off carriageway on straight hit object,0,0,2,0,2,1,0,0,0,0,0,0
269912,Hospitalisation,2014,8,Angle,Multi-Vehicle,153.05944,-27.625253,Gowan Rd,Kameruka St,Calamvale,Stretton,Intersection - T-Junction,Operating traffic lights,60 km/h,Sealed - Dry,Daylight,Straight,Veh'S Adjacant Approach: Thru-Left,Intersection from adjacent approaches,0,1,1,0,2,2,0,0,0,0,0,0
269913,Medical treatment,2014,9,Angle,Multi-Vehicle,152.943176,-27.559089,Monier Rd,,Darra,Mount Ommaney,No Roadway Feature,No traffic control,60 km/h,Sealed - Dry,Daylight,Straight,Veh'S Manoeuvring: Leaving Driveway,Vehicle leaving driveway,0,0,1,0,1,1,0,1,0,0,0,0
269914,Medical treatment,2014,7,Rear-end,Multi-Vehicle,152.961358,-27.571163,Cunningham Arterial Rd,,Darra,Mount Ommaney,No Roadway Feature,No traffic control,80 - 90 km/h,Sealed - Dry,Daylight,Curved - view open,Veh'S Same Direction: Rear End,Rear-end,0,0,1,0,1,2,0,0,0,0,0,0
269915,Hospitalisation,2014,11,Rear-end,Multi-Vehicle,152.942553,-27.577756,Cunningham Arterial Rd,,Darra,Inala,No Roadway Feature,No traffic control,100 - 110 km/h,Sealed - Dry,Daylight,Straight,Veh'S Same Direction: Rear End,Rear-end,0,1,0,0,1,1,0,1,0,0,0,0
269917,Hospitalisation,2014,22,Head-on,Multi-Vehicle,153.075778,-27.5385632,Mt Gravatt Outlook Dr,Shire Rd,Mount Gravatt,Mansfield,Forestry/National Park Road,No traffic control,0 - 50 km/h,Sealed - Dry,Darkness - Not lighted,Curved - view obscured,Veh'S Opposite Approach: Head On,Head-on,0,1,0,0,1,1,1,0,0,0,0,0
269918,Hospitalisation,2014,11,Rear-end,Multi-Vehicle,153.0459897,-27.51563266,South East Arterial Rd,,Greenslopes,Greenslopes,No Roadway Feature,No traffic control,100 - 110 km/h,Sealed - Dry,Darkness - Lighted,Straight,Veh'S Same Direction: Rear End,Rear-end,0,1,0,2,3,3,0,0,0,0,0,0
269919,Minor injury,2014,6,Angle,Multi-Vehicle,153.087936,-27.603041,Beenleigh Rd,Winifred St,Kuraby,Stretton,Intersection - T-Junction,Give way sign,60 km/h,Sealed - Wet,Daylight,Straight,Veh'S Adjacent Approach: Thru-Right,Intersection from adjacent approaches,0,0,0,1,1,2,0,0,0,0,0,0
269920,Medical treatment,2014,15,Rear-end,Multi-Vehicle,153.091681,-27.555109,Dawson Rd,Redland Sub-Arterial Rd,Wishart,Mansfield,Intersection - T-Junction,Give way sign,60 km/h,Sealed - Dry,Daylight,Curved - view open,Veh'S Same Direction: Left Rear,Rear-end,0,0,1,0,1,2,0,0,0,0,0,0
269943,Hospitalisation,2014,10,Hit object,Single Vehicle,153.054457,-27.487269,Cavendish Rd,Stanley St East,Coorparoo,Greenslopes,Intersection - Cross,Operating traffic lights,60 km/h,Sealed - Dry,Daylight,Straight,Off Path-Straight:Right Off Cway Hit Obj,Off carriageway on straight hit object,0,1,0,0,1,1,0,0,0,0,0,0
269945,Hospitalisation,2014,19,Angle,Multi-Vehicle,153.014764,-27.471289,Montague Rd,,South Brisbane,South Brisbane,No Roadway Feature,No traffic control,60 km/h,Sealed - Dry,Darkness - Lighted,Straight,Veh'S Manoeuvring: Entering From Footway,Vehicle leaving driveway,0,1,0,0,1,1,0,0,0,1,0,0
269968,Medical treatment,2014,12,Rear-end,Multi-Vehicle,153.026568,-27.521084,Ipswich Rd,,Annerley,Yeerongpilly,No Roadway Feature,No traffic control,60 km/h,Sealed - Dry,Daylight,Straight,Veh'S Same Direction: Rear End,Rear-end,0,0,1,0,1,4,0,1,0,0,0,0
269969,Medical treatment,2014,8,Sideswipe,Multi-Vehicle,153.0392988,-27.50291837,South East Arterial Rd,,Greenslopes,South Brisbane,No Roadway Feature,No traffic control,100 - 110 km/h,Sealed - Dry,Daylight,Straight,Veh'S Same Direction: Lane Change Left,Lane changes,0,0,1,0,1,1,0,1,0,0,0,0
269972,Minor injury,2014,19,Hit pedestrian,Hit pedestrian,153.060031,-27.453595,Eton St,Jamieson St,Bulimba,Bulimba,Intersection - Cross,Stop sign,0 - 50 km/h,Sealed - Dry,Darkness - Lighted,Straight,Ped'N: Near Side Vehicle Hit From Right,Pedestrian,0,0,0,1,1,1,0,0,0,0,1,0
269973,Medical treatment,2014,10,Rear-end,Multi-Vehicle,153.005245,-27.538779,Golf Links Rd,Sherwood Rd,Rocklea,Yeerongpilly,Intersection - Cross,No traffic control,60 km/h,Sealed - Dry,Daylight,Straight,Veh'S Same Direction: Left Rear,Rear-end,0,0,1,0,1,2,0,0,0,0,0,0
269978,Hospitalisation,2014,16,Rear-end,Multi-Vehicle,153.182955,-27.558894,Redland Sub-Arterial Rd,,Burbank,Mansfield,No Roadway Feature,No traffic control,70 km/h,Sealed - Dry,Dawn/Dusk,Straight,Veh'S Same Direction: Right Rear,Rear-end,0,1,0,0,1,2,0,0,0,0,0,0
269994,Hospitalisation,2014,15,Hit object,Single Vehicle,152.942326,-27.565417,Western Arterial Rd,,Sumner,Mount Ommaney,No Roadway Feature,No traffic control,100 - 110 km/h,Sealed - Dry,Daylight,Straight,Veh'S Same Direction: Lane Side Swipe,Lane changes,0,1,0,0,1,2,0,1,0,0,0,0
269998,Medical treatment,2014,11,Head-on,Multi-Vehicle,153.086982,-27.457352,Lytton Rd,,Morningside,Bulimba,No Roadway Feature,No traffic control,60 km/h,Sealed - Dry,Daylight,Straight,Veh'S Opposite Approach: Head On,Head-on,0,0,2,0,2,2,0,0,0,0,0,0
270001,Minor injury,2014,17,Rear-end,Multi-Vehicle,153.043298,-27.557601,Griffith Arterial Rd,Riawena Rd,Salisbury,Yeerongpilly,Intersection - T-Junction,Give way sign,60 km/h,Sealed - Dry,Dawn/Dusk,Straight,Veh'S Same Direction: Left Rear,Rear-end,0,0,0,1,1,2,0,0,0,0,0,0
270027,Hospitalisation,2014,6,Hit object,Single Vehicle,152.946493,-27.538118,Western Arterial Rd,,Jindalee,Mount Ommaney,No Roadway Feature,No traffic control,80 - 90 km/h,Sealed - Dry,Daylight,Straight,Off Path-Straight:Right Off Cway Hit Obj,Off carriageway on straight hit object,0,1,0,0,1,1,0,0,0,0,0,0
270028,Hospitalisation,2014,4,Overturned,Single Vehicle,153.078178,-27.613334,Compton Rd,Persse Rd,Runcorn,Stretton,Intersection - T-Junction,Operating traffic lights,70 km/h,Sealed - Dry,Darkness - Lighted,Straight,Off Path-Straight: Right Off Cway,Off carriageway on straight,0,1,0,0,1,0,0,1,0,0,0,0
270029,Hospitalisation,2014,18,Rear-end,Multi-Vehicle,153.03876,-27.507248,Pacific Hwy,South East Arterial Rd,Greenslopes,South Brisbane,No Roadway Feature,No traffic control,100 - 110 km/h,Sealed - Dry,Darkness - Lighted,Straight,Veh'S Same Direction: Rear End,Rear-end,0,1,0,0,1,2,0,0,0,0,0,0
270031,Minor injury,2014,16,Rear-end,Multi-Vehicle,153.091193,-27.573512,Logan Sub-Arterial Rd,,Eight Mile Plains,Sunnybank,No Roadway Feature,No traffic control,70 km/h,Sealed - Dry,Daylight,Straight,Veh'S Same Direction: Rear End,Rear-end,0,0,0,1,1,3,0,0,0,0,0,0
270040,Minor injury,2014,20,Rear-end,Multi-Vehicle,153.149815,-27.513058,Tilley Rd,,Chandler,Chatsworth,Intersection - Roundabout,Give way sign,60 km/h,Sealed - Dry,Daylight,Straight,Veh'S Same Direction: Rear End,Rear-end,0,0,0,1,1,2,0,0,0,0,0,0
270057,Hospitalisation,2014,16,Rear-end,Multi-Vehicle,153.062118,-27.58845099,Ardargie St,Beenleigh Rd,Sunnybank,Sunnybank,No Roadway Feature,No traffic control,60 km/h,Sealed - Dry,Daylight,Straight,Veh'S Same Direction: Rear End,Rear-end,0,1,0,0,1,2,0,0,0,0,0,0
270058,Medical treatment,2014,8,Rear-end,Multi-Vehicle,153.047019,-27.58019,Beenleigh Rd,,Sunnybank,Sunnybank,No Roadway Feature,Pedestrian crossing sign,60 km/h,Sealed - Dry,Daylight,Curved - view obscured,Veh'S Same Direction: Rear End,Rear-end,0,0,1,0,1,1,1,0,0,0,0,0
270060,Hospitalisation,2014,8,Rear-end,Multi-Vehicle,153.071516,-27.470569,Richmond Rd,,Morningside,Bulimba,No Roadway Feature,No traffic control,0 - 50 km/h,Sealed - Dry,Daylight,Straight,Veh'S Same Direction: Rear End,Rear-end,0,1,0,0,1,4,0,0,0,0,0,0
270062,Medical treatment,2014,14,Hit parked vehicle,Single Vehicle,153.046627,-27.488201,Stanley St East,,East Brisbane,South Brisbane,No Roadway Feature,No traffic control,60 km/h,Sealed - Dry,Daylight,Straight,Off Path-Straight: Left Off Cway Hit Obj,Off carriageway on straight hit object,0,0,1,0,1,3,0,0,0,0,0,0
270063,Hospitalisation,2014,23,Hit object,Single Vehicle,153.035691,-27.470908,Bradfield Hwy,,Kangaroo Point,South Brisbane,No Roadway Feature,No traffic control,60 km/h,Sealed - Dry,Darkness - Lighted,Straight,Off Path-Straight: Mounts Traffic Island,Off carriageway on straight hit object,0,1,0,0,1,1,0,0,0,0,0,0
270064,Medical treatment,2014,15,Rear-end,Multi-Vehicle,153.124948,-27.474535,Wynnum Rd,,Tingalpa,Chatsworth,Intersection - Cross,Operating traffic lights,60 km/h,Sealed - Dry,Daylight,Straight,Veh'S Same Direction: Rear End,Rear-end,0,0,1,0,1,3,0,0,0,0,0,0
270068,Medical treatment,2014,17,Fall from vehicle,Single Vehicle,153.14572,-27.509098,Cleveland Sub-Arterial Rd,Ring Rd,Chandler,Chatsworth,Median Opening,Give way sign,80 - 90 km/h,Sealed - Dry,Darkness - Lighted,Straight,Veh'S Manoeuvring: Other,Other,0,0,1,0,1,1,0,0,0,1,0,0
270069,Medical treatment,2014,17,Rear-end,Multi-Vehicle,153.179718,-27.513934,Cleveland Sub-Arterial Rd,,Chandler,Chatsworth,No Roadway Feature,No traffic control,80 - 90 km/h,Sealed - Wet,Dawn/Dusk,Straight,Veh'S Same Direction: Right Rear,Rear-end,0,0,1,0,1,2,0,0,0,0,0,0
270092,Hospitalisation,2014,8,Angle,Multi-Vehicle,152.9813,-27.571946,Alban St,Blunder Rd,Oxley,Inala,Intersection - T-Junction,No traffic control,60 km/h,Sealed - Dry,Daylight,Straight,Veh'S Opposite Approach: Thru-Right,Opposing vehicles turning,0,1,0,0,1,1,1,0,0,0,0,0
270093,Medical treatment,2014,14,Rear-end,Multi-Vehicle,153.082823,-27.599868,Beenleigh Rd,,Runcorn,Sunnybank,No Roadway Feature,No traffic control,60 km/h,Sealed - Dry,Daylight,Straight,Veh'S Same Direction: Left Rear,Rear-end,0,0,1,0,1,3,0,0,0,0,0,0
270095,Hospitalisation,2014,23,Hit pedestrian,Hit pedestrian,152.971696,-27.60681,Lorikeet St,Partridge St,Inala,Inala,Intersection - T-Junction,Give way sign,60 km/h,Sealed - Dry,Darkness - Lighted,Straight,Ped'N: Hit Other,Other,0,1,0,0,1,1,0,0,0,0,1,0
270103,Medical treatment,2014,16,Angle,Multi-Vehicle,153.086785,-27.580171,Bordeaux St,Warrigal Rd,Eight Mile Plains,Stretton,Intersection - T-Junction,Operating traffic lights,60 km/h,Sealed - Wet,Daylight,Straight,Veh'S Adjacent Approach: Left-Thru,Intersection from adjacent approaches,0,0,2,0,2,2,0,0,0,0,0,0
270104,Medical treatment,2014,15,Rear-end,Multi-Vehicle,153.07991,-27.553046,Dawson Rd,Logan Rd,Upper Mount Gravatt,Mansfield,Intersection - Cross,Operating traffic lights,60 km/h,Sealed - Wet,Daylight,Straight,Veh'S Same Direction: Rear End,Rear-end,0,0,1,0,1,2,0,0,0,0,0,0
270105,Hospitalisation,2014,2,Hit object,Single Vehicle,153.1642867,-27.42824022,Tingal Rd,,Wynnum,Lytton,No Roadway Feature,No traffic control,60 km/h,Sealed - Wet,Darkness - Lighted,Straight,Off Path-Straight: Left Off Cway Hit Obj,Off carriageway on straight hit object,0,1,0,0,1,1,0,0,0,0,0,0
270142,Hospitalisation,2014,8,Rear-end,Multi-Vehicle,153.0941867,-27.64540608,Springwood Connection Rd,,Karawatha,Stretton,No Roadway Feature,No traffic control,0 - 50 km/h,Sealed - Wet,Daylight,Straight,Veh'S Same Direction: Rear End,Rear-end,0,1,0,1,2,3,0,0,0,0,0,0
270145,Medical treatment,2014,10,Rear-end,Multi-Vehicle,153.101879,-27.470416,Wynnum Rd,,Cannon Hill,Bulimba,No Roadway Feature,No traffic control,70 km/h,Sealed - Dry,Daylight,Straight,Veh'S Same Direction: Rear End,Rear-end,0,0,1,0,1,3,0,0,0,0,0,0
270146,Hospitalisation,2014,0,Angle,Multi-Vehicle,153.046652,-27.479623,Heidelberg St,Lytton Rd,East Brisbane,South Brisbane,Intersection - Y-Junction,Operating traffic lights,60 km/h,Sealed - Dry,Darkness - Lighted,Curved - view open,Veh'S Adjacent Approach: Thru-Right,Intersection from adjacent approaches,0,2,0,0,2,1,0,0,1,0,0,0
270147,Medical treatment,2014,22,Angle,Multi-Vehicle,153.117335,-27.473951,Gateway Art Rd Ramp U,Wynnum Rd,Tingalpa,Chatsworth,Intersection - Interchange,Operating traffic lights,60 km/h,Sealed - Wet,Darkness - Lighted,Straight,Veh'S Opposite Approach: Thru-Right,Opposing vehicles turning,0,0,1,1,2,2,0,0,0,0,0,0
270178,Medical treatment,2014,13,Angle,Multi-Vehicle,152.959463,-27.591924,Archerfield Rd,Azalea St,Inala,Inala,Intersection - Cross,Stop sign,60 km/h,Sealed - Wet,Daylight,Straight,Veh'S Adjacent Approach: Thru-Thru,Intersection from adjacent approaches,0,0,1,0,1,2,0,0,0,0,0,0