Crash_Ref_Number,Severity,Year,Hour,Crash_Nature,Crash_Type,Longitude,Latitude,Street,Street_Intersecting,Suburb,Loc_State_Electorate,Crash_Roadway_Feature,Crash_Traffic_Control,Crash_Speed_Limit,Crash_Road_Surface_Condition,Crash_Lighting_Condition,Crash_Road_Horiz_Align,Crash_DCA_Description,Crash_DCA_Group_Description,Count_Casualty_Fatality,Count_Casualty_Hospitalised,Count_Casualty_MedicallyTreated,Count_Casualty_MinorInjury,Count_Casualty_Total,Count_Unit_Car,Count_Unit_Motorcycle_Moped,Count_Unit_Truck,Count_Unit_Bus,Count_Unit_Bicycle,Count_Unit_Pedestrian,Count_Unit_Other
270180,Medical treatment,2014,7,Hit object,Single Vehicle,153.008532,-27.476426,Montague Rd,,West End,South Brisbane,No Roadway Feature,No traffic control,60 km/h,Sealed - Dry,Daylight,Straight,Veh'S On Path: Car Door,Hit parked vehicle,0,0,1,0,1,1,0,0,0,1,0,0
270181,Medical treatment,2014,20,Hit parked vehicle,Single Vehicle,153.15519,-27.466868,Radford Rd,,Manly West,Lytton,No Roadway Feature,No traffic control,60 km/h,Sealed - Dry,Darkness - Lighted,Straight,Off Path-Straight: Left Off Cway Hit Obj,Off carriageway on straight hit object,0,0,1,0,1,1,0,1,0,0,0,0
270205,Hospitalisation,2014,9,Angle,Multi-Vehicle,153.048138,-27.60871369,Highlands Dr,Mt Lindesay Art. Rd,Calamvale,Stretton,Intersection - T-Junction,Operating traffic lights,80 - 90 km/h,Sealed - Dry,Daylight,Straight,Veh'S Adjacent Approach: Thru-Right,Intersection from adjacent approaches,0,2,0,0,2,2,0,0,0,0,0,0
270209,Medical treatment,2014,8,Angle,Multi-Vehicle,153.078143,-27.518771,Cavendish Rd,Seville Rd,Holland Park,Greenslopes,Intersection - T-Junction,No traffic control,60 km/h,Sealed - Dry,Daylight,Curved - view obscured,Veh'S Adjacent Approach: Thru-Right,Intersection from adjacent approaches,0,0,1,0,1,2,0,0,0,0,0,0
270210,Hospitalisation,2014,13,Head-on,Multi-Vehicle,153.013839,-27.52682034,Wilkie St,,Yeerongpilly,Yeerongpilly,No Roadway Feature,No traffic control,0 - 50 km/h,Sealed - Dry,Daylight,Straight,Veh'S Opposite Approach: Head On,Head-on,0,1,1,0,2,3,0,0,0,0,0,0
270211,Medical treatment,2014,18,Rear-end,Multi-Vehicle,153.086886,-27.579393,Warrigal Rd,,Eight Mile Plains,Sunnybank,No Roadway Feature,No traffic control,60 km/h,Sealed - Dry,Darkness - Lighted,Straight,Veh'S Same Direction: Rear End,Rear-end,0,0,1,0,1,3,0,0,0,0,0,0
270212,Hospitalisation,2014,17,Rear-end,Multi-Vehicle,153.0408967,-27.48142968,Wellington Rd,,East Brisbane,South Brisbane,No Roadway Feature,No traffic control,60 km/h,Sealed - Dry,Dawn/Dusk,Straight,Veh'S Same Direction: Rear End,Rear-end,0,2,0,0,2,3,0,0,0,0,0,0
270249,Medical treatment,2014,15,Angle,Multi-Vehicle,153.062039,-27.571649,Canna St,Mccullough St,Sunnybank,Sunnybank,Intersection - T-Junction,Operating traffic lights,60 km/h,Sealed - Dry,Daylight,Straight,Veh'S Opposite Approach: Thru-Right,Opposing vehicles turning,0,0,2,0,2,2,0,0,0,0,0,0
270257,Hospitalisation,2014,18,Angle,Multi-Vehicle,153.149537,-27.509735,Cleveland Sub-Arterial Rd,Tilley Rd,Chandler,Chatsworth,Intersection - Cross,Operating traffic lights,70 km/h,Sealed - Dry,Darkness - Lighted,Straight,Veh'S Opposite Approach: Thru-Right,Opposing vehicles turning,0,2,0,0,2,3,0,0,0,0,0,0
270278,Medical treatment,2014,14,Rear-end,Multi-Vehicle,153.062362,-27.609435,Gowan Rd,Noraville St,Sunnybank Hills,Stretton,Intersection - T-Junction,No traffic control,60 km/h,Sealed - Dry,Daylight,Straight,Veh'S Same Direction: Rear End,Rear-end,0,0,1,1,2,2,0,0,0,0,0,0
270279,Minor injury,2014,14,Angle,Multi-Vehicle,153.063474,-27.603497,Gowan Rd,Nemies Rd,Sunnybank Hills,Stretton,Intersection - T-Junction,Operating traffic lights,60 km/h,Sealed - Dry,Daylight,Straight,Veh'S Adjacent Approach: Thru-Right,Intersection from adjacent approaches,0,0,0,1,1,2,0,0,0,0,0,0
270280,Medical treatment,2014,7,Angle,Multi-Vehicle,153.06141,-27.585557,Lampson St,Mains Rd,Sunnybank,Sunnybank,Intersection - Cross,Operating traffic lights,60 km/h,Sealed - Dry,Daylight,Straight,Veh'S Adjacent Approach: Other,Intersection from adjacent approaches,0,0,1,0,1,2,0,0,0,0,0,0
270281,Medical treatment,2014,15,Hit pedestrian,Hit pedestrian,153.038648,-27.515817,Ekibin Rd E,Sexton St,Tarragindi,Yeerongpilly,Intersection - T-Junction,Operating traffic lights,60 km/h,Sealed - Dry,Daylight,Straight,Ped'N: Far Side Vehicle Hit From Left,Pedestrian,0,0,1,0,1,1,0,0,0,0,1,0
270284,Hospitalisation,2014,14,Rear-end,Multi-Vehicle,153.062745,-27.53479989,Bapaume Rd,Gaza Rd,Holland Park West,Greenslopes,Intersection - Roundabout,No traffic control,0 - 50 km/h,Sealed - Dry,Daylight,Curved - view open,Veh'S Same Direction: Left Rear,Rear-end,0,1,0,0,1,3,0,0,0,0,0,0
270286,Hospitalisation,2014,8,Angle,Multi-Vehicle,153.098492,-27.469951,Wynnum Rd,,Cannon Hill,Bulimba,Intersection - Cross,No traffic control,60 km/h,Sealed - Dry,Daylight,Straight,Veh'S Opposite Approach: Thru-Right,Opposing vehicles turning,0,2,0,0,2,2,0,0,0,0,0,0
270287,Medical treatment,2014,13,Rear-end,Multi-Vehicle,153.116334,-27.545244,Mt Gravatt - Capalaba Rd,Redland Sub-Arterial Rd,Wishart,Mansfield,Intersection - Interchange,Give way sign,60 km/h,Sealed - Dry,Daylight,Straight,Veh'S Same Direction: Left Rear,Rear-end,0,0,1,0,1,2,0,0,0,0,0,0
270288,Medical treatment,2014,16,Angle,Multi-Vehicle,153.035845,-27.482847,Main St,Princess St,Kangaroo Point,South Brisbane,Intersection - Cross,Operating traffic lights,60 km/h,Sealed - Dry,Daylight,Straight,Veh'S Opposite Approach: Thru-Right,Opposing vehicles turning,0,0,1,0,1,2,0,0,0,0,0,0
270327,Medical treatment,2014,16,Sideswipe,Multi-Vehicle,153.0326127,-27.5086447,Annerley Rd,,Annerley,Yeerongpilly,No Roadway Feature,No traffic control,60 km/h,Sealed - Dry,Daylight,Curved - view open,Veh'S Same Direction: Lane Change Left,Lane changes,0,0,1,0,1,1,0,1,0,0,0,0
270332,Medical treatment,2014,10,Hit object,Single Vehicle,153.1006922,-27.54991683,Norfolk Pl,,Wishart,Mansfield,No Roadway Feature,No traffic control,0 - 50 km/h,Sealed - Dry,Daylight,Straight,Veh'S Manoeuvring: Rev Into Fixed Object,Other,0,0,1,0,1,1,0,0,0,0,0,0
270333,Hospitalisation,2014,9,Rear-end,Multi-Vehicle,153.07175,-27.55609,South East Arterial Rd,,Upper Mount Gravatt,Mansfield,No Roadway Feature,No traffic control,100 - 110 km/h,Sealed - Dry,Daylight,Straight,Veh'S Same Direction: Rear End,Rear-end,0,1,0,1,2,3,0,0,0,0,0,0
270334,Hospitalisation,2014,6,Angle,Multi-Vehicle,153.044419,-27.487865,Longlands St,Stanley St East,East Brisbane,South Brisbane,Intersection - Cross,Stop sign,60 km/h,Sealed - Dry,Daylight,Curved - view open,Veh'S Adjacent Approach: Thru-Thru,Intersection from adjacent approaches,0,1,0,0,1,1,1,0,0,0,0,0
270346,Hospitalisation,2014,15,Head-on,Multi-Vehicle,153.1669291,-27.48587052,Greencamp Rd,,Wakerley,Chatsworth,No Roadway Feature,No traffic control,60 km/h,Sealed - Dry,Daylight,Straight,Veh'S Opposite Approach: Head On,Head-on,0,2,0,0,2,2,0,0,0,0,0,0
270370,Medical treatment,2014,8,Rear-end,Multi-Vehicle,153.0385606,-27.65688921,Invalid Street From Police,,Parkinson,Algester,No Roadway Feature,No traffic control,80 - 90 km/h,Sealed - Dry,Daylight,Straight,Veh'S Same Direction: Rear End,Rear-end,0,0,1,0,1,2,0,0,0,0,0,0
270371,Hospitalisation,2014,13,Sideswipe,Multi-Vehicle,153.036915,-27.51333001,Ekibin Rd,Gustavson St,Annerley,Yeerongpilly,Intersection - Cross,No traffic control,60 km/h,Sealed - Dry,Daylight,Straight,Veh'S Same Direction: Right Turn S/Swipe,Parallel lanes turning,0,1,0,0,1,2,0,0,0,0,0,0
270372,Medical treatment,2014,10,Angle,Multi-Vehicle,153.039711,-27.504215,Juliette St,Marquis St,Greenslopes,South Brisbane,Intersection - Interchange,Operating traffic lights,60 km/h,Sealed - Dry,Daylight,Straight,Veh'S Adjacent Approach: Thru-Thru,Intersection from adjacent approaches,0,0,1,0,1,2,0,0,0,0,0,0
270375,Minor injury,2014,16,Rear-end,Multi-Vehicle,153.023567,-27.565324,Mt Lindesay Art. Rd,,Coopers Plains,Sunnybank,No Roadway Feature,No traffic control,60 km/h,Sealed - Dry,Daylight,Straight,Veh'S Same Direction: Rear End,Rear-end,0,0,0,4,4,3,0,1,0,0,0,0
270376,Hospitalisation,2014,15,Rear-end,Multi-Vehicle,153.086408,-27.567681,South East Arterial Rd,,Macgregor,Mansfield,No Roadway Feature,No traffic control,100 - 110 km/h,Sealed - Dry,Daylight,Straight,Veh'S Same Direction: Rear End,Rear-end,0,1,0,0,1,1,0,1,0,0,0,0
270409,Hospitalisation,2014,11,Hit object,Single Vehicle,153.040036,-27.511762,South East Arterial Rd,,Greenslopes,Yeerongpilly,No Roadway Feature,No traffic control,100 - 110 km/h,Sealed - Dry,Daylight,Straight,Veh'S Same Direction: Lane Side Swipe,Lane changes,0,1,0,0,1,2,0,0,0,0,0,0
270410,Medical treatment,2014,12,Angle,Multi-Vehicle,152.955556,-27.595205,Orchard Rd,,Richlands,Inala,No Roadway Feature,No traffic control,60 km/h,Sealed - Dry,Daylight,Straight,Veh'S Manoeuvring: Leaving Driveway,Vehicle leaving driveway,0,0,1,0,1,2,0,0,0,0,0,0
270411,Hospitalisation,2014,8,Angle,Multi-Vehicle,153.007112,-27.477755,Montague Rd,Musgrave St,West End,South Brisbane,Intersection - T-Junction,No traffic control,0 - 50 km/h,Sealed - Dry,Daylight,Straight,Veh'S Manoeuvring: Entering From Footway,Vehicle leaving driveway,0,1,0,0,1,1,0,0,0,1,0,0
270412,Medical treatment,2014,2,Hit object,Single Vehicle,153.031368,-27.48358,South East Arterial Rd,,Kangaroo Point,South Brisbane,No Roadway Feature,No traffic control,80 - 90 km/h,Sealed - Wet,Darkness - Lighted,Curved - view open,Off Path-Curve: Off Cway Rt Bend Hit Obj,Off carriageway on curve hit object,0,0,1,0,1,1,0,0,0,0,0,0
270440,Medical treatment,2014,10,Rear-end,Multi-Vehicle,153.03652,-27.660051,Central Ct,Johnson Rd,Parkinson,Algester,Intersection - T-Junction,Operating traffic lights,60 km/h,Sealed - Dry,Daylight,Straight,Veh'S Same Direction: Rear End,Rear-end,0,0,1,0,1,2,0,0,0,0,0,0
270441,Hospitalisation,2014,15,Angle,Multi-Vehicle,152.9433469,-27.53192447,Burrendah Rd,Yallambee Rd,Jindalee,Mount Ommaney,Intersection - T-Junction,Give way sign,60 km/h,Sealed - Dry,Daylight,Curved - view open,Veh'S Adjacent Approach: Thru-Right,Intersection from adjacent approaches,0,1,0,1,2,2,0,0,0,0,0,0
270442,Medical treatment,2014,12,Angle,Multi-Vehicle,153.089995,-27.503754,Birdwood Rd,Winstanley St,Carina Heights,Chatsworth,Intersection - T-Junction,No traffic control,60 km/h,Sealed - Dry,Daylight,Straight,Veh'S Opposite Approach: Thru-Right,Opposing vehicles turning,0,0,2,0,2,2,0,0,0,0,0,0
270443,Medical treatment,2014,22,Hit object,Single Vehicle,153.087388,-27.495814,Old Cleveland Rd,,Carina,Chatsworth,No Roadway Feature,Police,60 km/h,Sealed - Dry,Darkness - Lighted,Curved - view obscured,Off Path-Curve: Off Cway Lt Bend Hit Obj,Off carriageway on curve hit object,0,0,3,0,3,1,0,0,0,0,0,0
270446,Hospitalisation,2014,21,Hit object,Single Vehicle,153.062494,-27.534864,Bapaume Rd,Gaza Rd,Holland Park West,Greenslopes,Intersection - Roundabout,No traffic control,60 km/h,Sealed - Dry,Darkness - Lighted,Curved - view open,Off Path-Curve: Off Cway Lt Bend Hit Obj,Off carriageway on curve hit object,0,1,0,0,1,1,0,0,0,0,0,0
270447,Hospitalisation,2014,14,Angle,Multi-Vehicle,153.02427,-27.568389,Boundary Rd,Mt Lindesay Art. Rd,Coopers Plains,Sunnybank,Intersection - Cross,Operating traffic lights,70 km/h,Sealed - Dry,Daylight,Straight,Veh'S Opposite Approach: Thru-Right,Opposing vehicles turning,0,1,0,0,1,0,1,0,0,0,0,1
270448,Medical treatment,2014,15,Rear-end,Multi-Vehicle,153.068951,-27.472649,Jack Flynn Memorial Dr,Waminda St,Morningside,Bulimba,Intersection - T-Junction,Give way sign,0 - 50 km/h,Sealed - Dry,Daylight,Straight,Veh'S Same Direction: Right Rear,Rear-end,0,0,1,0,1,2,0,0,0,0,0,0
270449,Medical treatment,2014,5,Head-on,Multi-Vehicle,153.164543,-27.388851,Port Dr,,Port Of Brisbane,Lytton,No Roadway Feature,No traffic control,80 - 90 km/h,Sealed - Dry,Dawn/Dusk,Straight,Veh'S Opposite Approach: Head On,Head-on,0,0,1,0,1,1,0,1,0,0,0,0
270481,Medical treatment,2014,12,Hit pedestrian,Hit pedestrian,152.974482,-27.596993,Inala Ave,Serviceton Ave,Inala,Inala,Intersection - T-Junction,No traffic control,60 km/h,Sealed - Dry,Daylight,Straight,Ped'N: Near Side Vehicle Hit From Right,Pedestrian,0,0,1,0,1,1,0,0,0,0,1,0
270483,Hospitalisation,2014,8,Rear-end,Multi-Vehicle,153.069653,-27.471453,Waminda St,,Morningside,Bulimba,No Roadway Feature,Pedestrian crossing sign,0 - 50 km/h,Sealed - Dry,Daylight,Straight,Veh'S Same Direction: Rear End,Rear-end,0,1,0,0,1,2,0,0,0,0,0,0
270485,Medical treatment,2014,16,Sideswipe,Multi-Vehicle,153.0546068,-27.57805157,Lister St,Station Rd,Sunnybank,Sunnybank,Intersection - Roundabout,No traffic control,0 - 50 km/h,Sealed - Dry,Daylight,Straight,Veh'S Adjacent Approach: Thru-Thru,Intersection from adjacent approaches,0,0,1,0,1,1,1,0,0,0,0,0
270486,Medical treatment,2014,13,Angle,Multi-Vehicle,153.128103,-27.49281,Belmont Rd,Meadowlands Rd,Belmont,Chatsworth,Intersection - T-Junction,Operating traffic lights,0 - 50 km/h,Sealed - Dry,Daylight,Straight,Veh'S Adjacent Approach: Thru-Right,Intersection from adjacent approaches,0,0,1,0,1,2,0,0,0,0,0,0
270525,Medical treatment,2014,6,Fall from vehicle,Single Vehicle,152.943833,-27.576408,Cunningham Arterial Rd,,Darra,Inala,Intersection - Interchange,No traffic control,80 - 90 km/h,Sealed - Dry,Daylight,Curved - view open,Off Path-Curve: Out Of Control On Cway,Out of control on curve,0,0,1,0,1,0,1,0,0,0,0,0
270526,Medical treatment,2014,10,Rear-end,Multi-Vehicle,153.062004,-27.611313,Compton Rd,,Sunnybank Hills,Stretton,Intersection - Cross,Give way sign,60 km/h,Sealed - Dry,Daylight,Straight,Veh'S Same Direction: Left Rear,Rear-end,0,0,1,0,1,2,0,0,0,0,0,0
270527,Medical treatment,2014,17,Angle,Multi-Vehicle,153.014052,-27.523707,Fairfield Rd,King Arthur Tce,Yeerongpilly,Yeerongpilly,Intersection - T-Junction,Operating traffic lights,60 km/h,Sealed - Dry,Darkness - Lighted,Straight,Veh'S Opposite Approach: Thru-Right,Opposing vehicles turning,0,0,1,0,1,2,0,0,0,0,0,0
270529,Medical treatment,2014,15,Hit object,Single Vehicle,152.981553,-27.640148,Logan Mwy,,Heathwood,Algester,No Roadway Feature,No traffic control,80 - 90 km/h,Sealed - Dry,Daylight,Curved - view open,Off Path-Straight:Right Off Cway Hit Obj,Off carriageway on straight hit object,0,0,1,0,1,1,0,0,0,0,0,0
270560,Medical treatment,2014,9,Hit object,Single Vehicle,152.961838,-27.5593692,Ashridge Rd,,Darra,Mount Ommaney,No Roadway Feature,No traffic control,0 - 50 km/h,Sealed - Dry,Daylight,Straight,Veh'S Manoeuvring: Rev Into Fixed Object,Other,0,0,1,0,1,2,0,0,0,0,0,0
270561,Medical treatment,2014,8,Rear-end,Multi-Vehicle,153.0131401,-27.57793502,Beatty Rd,Mortimer Rd,Acacia Ridge,Sunnybank,Intersection - Cross,Operating traffic lights,60 km/h,Sealed - Dry,Daylight,Straight,Veh'S Same Direction: Lane Side Swipe,Lane changes,0,0,1,0,1,1,1,0,0,0,0,0
270564,Minor injury,2014,16,Angle,Multi-Vehicle,153.048385,-27.505698,Juliette St,,Greenslopes,South Brisbane,No Roadway Feature,No traffic control,60 km/h,Sealed - Dry,Dawn/Dusk,Straight,Veh'S Same Direction: Right Turn S/Swipe,Parallel lanes turning,0,0,0,1,1,3,0,0,0,0,0,0
270565,Medical treatment,2014,8,Rear-end,Multi-Vehicle,153.056812,-27.486164,Stanley St East,,Coorparoo,Greenslopes,Railway Crossing,Railway - lights and boom gate,60 km/h,Sealed - Dry,Daylight,Straight,Veh'S Same Direction: Rear End,Rear-end,0,0,1,0,1,2,0,0,0,0,0,0
270568,Hospitalisation,2014,16,Angle,Multi-Vehicle,153.014358,-27.473845,Cordelia St,Peel St,South Brisbane,South Brisbane,Intersection - Cross,Operating traffic lights,0 - 50 km/h,Sealed - Dry,Daylight,Straight,Veh'S Adjacent Approach: Thru-Thru,Intersection from adjacent approaches,0,2,0,1,3,3,0,0,0,0,0,0
270569,Medical treatment,2014,19,Rear-end,Multi-Vehicle,153.026332,-27.48299,Dock St,Vulture St,South Brisbane,South Brisbane,Intersection - 5+ way,Operating traffic lights,0 - 50 km/h,Sealed - Dry,Darkness - Lighted,Curved - view open,Veh'S Same Direction: Rear End,Rear-end,0,0,1,0,1,2,0,0,0,0,0,0
270599,Medical treatment,2014,17,Sideswipe,Multi-Vehicle,152.946824,-27.535224,Western Arterial Rd,,Jindalee,Mount Ommaney,No Roadway Feature,No traffic control,100 - 110 km/h,Sealed - Dry,Darkness - Lighted,Straight,Veh'S Same Direction: Lane Change Left,Lane changes,0,0,1,0,1,1,0,1,0,0,0,0
270602,Minor injury,2014,22,Hit object,Single Vehicle,153.075862,-27.538123,Mt Gravatt Outlook Dr,Shire Rd,Mount Gravatt,Greenslopes,Intersection - T-Junction,No traffic control,0 - 50 km/h,Sealed - Dry,Darkness - Not lighted,Curved - view open,Off Path-Curve: Out Of Control On Cway,Out of control on curve,0,0,0,2,2,1,0,0,0,0,0,0
270603,Hospitalisation,2014,18,Hit object,Single Vehicle,152.9618881,-27.59871669,Eridanus St,,Inala,Inala,No Roadway Feature,No traffic control,0 - 50 km/h,Sealed - Dry,Darkness - Lighted,Straight,Off Path-Straight: Left Off Cway Hit Obj,Off carriageway on straight hit object,0,1,0,0,1,1,0,0,0,0,0,0
270604,Medical treatment,2014,10,Rear-end,Multi-Vehicle,152.971689,-27.600355,Kittyhawk Ave,Wirraway Pde,Inala,Inala,Intersection - T-Junction,Give way sign,0 - 50 km/h,Sealed - Dry,Daylight,Straight,Veh'S Same Direction: Rear End,Rear-end,0,0,1,0,1,2,0,0,0,0,0,0
270607,Minor injury,2014,17,Angle,Multi-Vehicle,153.057433,-27.551682,East Creek Rd,Ring Rd,Nathan,Yeerongpilly,Intersection - T-Junction,Give way sign,0 - 50 km/h,Sealed - Dry,Dawn/Dusk,Straight,Veh'S Adjacent Approach: Thru-Right,Intersection from adjacent approaches,0,0,0,1,1,1,0,0,0,1,0,0
270608,Hospitalisation,2014,15,Angle,Multi-Vehicle,153.1838423,-27.454977,Cambridge Pde,Melville Tce,Manly,Lytton,Intersection - Cross,Stop sign,0 - 50 km/h,Sealed - Dry,Daylight,Straight,Veh'S Adjacent Approach: Thru-Thru,Intersection from adjacent approaches,0,1,0,0,1,2,0,0,0,0,0,0
270644,Minor injury,2014,16,Angle,Multi-Vehicle,152.97571,-27.597609,Corsair Ave,Inala Ave,Inala,Inala,Intersection - Cross,Operating traffic lights,60 km/h,Sealed - Dry,Daylight,Straight,Veh'S Opposite Approach: Thru-Right,Opposing vehicles turning,0,0,0,1,1,2,0,0,0,0,0,0
270646,Minor injury,2014,23,Rear-end,Multi-Vehicle,153.022655,-27.525228,Ipswich Rd,,Moorooka,Yeerongpilly,No Roadway Feature,No traffic control,60 km/h,Sealed - Dry,Darkness - Lighted,Straight,Veh'S Same Direction: Rear End,Rear-end,0,0,0,2,2,3,0,0,0,0,0,0
270647,Medical treatment,2014,11,Rear-end,Multi-Vehicle,153.097296,-27.469729,Rawlinson St,Wynnum Rd,Cannon Hill,Bulimba,Intersection - T-Junction,No traffic control,70 km/h,Sealed - Dry,Daylight,Straight,Veh'S Same Direction: Rear End,Rear-end,0,0,2,0,2,5,0,0,0,0,0,0
270649,Medical treatment,2014,3,Rear-end,Multi-Vehicle,153.035968,-27.486534,Main St,Stanley St,Woolloongabba,South Brisbane,Intersection - Cross,Operating traffic lights,60 km/h,Sealed - Wet,Darkness - Lighted,Straight,Veh'S Same Direction: Rear End,Rear-end,0,0,1,0,1,1,1,0,0,0,0,0
270657,Hospitalisation,2014,7,Hit object,Single Vehicle,153.185652,-27.518927,Cleveland Sub-Arterial Rd,Mt Gravatt - Capalaba Rd,Chandler,Chatsworth,Merge Lane,Operating traffic lights,70 km/h,Sealed - Wet,Daylight,Curved - view open,Off Path-Straight: Left Off Cway Hit Obj,Off carriageway on straight hit object,0,1,0,0,1,1,0,0,0,0,0,0
270658,Medical treatment,2014,15,Rear-end,Multi-Vehicle,153.131899,-27.504935,Cleveland Sub-Arterial Rd,,Belmont,Chatsworth,No Roadway Feature,No traffic control,80 - 90 km/h,Sealed - Dry,Daylight,Straight,Veh'S Same Direction: Rear End,Rear-end,0,0,2,0,2,2,0,0,0,0,0,0
270685,Hospitalisation,2014,16,Angle,Multi-Vehicle,152.9431645,-27.547779,Avondale Rd,Glen Ross Rd,Sinnamon Park,Mount Ommaney,Intersection - T-Junction,Give way sign,60 km/h,Sealed - Dry,Daylight,Straight,Veh'S Adjacent Approach: Thru-Right,Intersection from adjacent approaches,0,1,2,0,3,2,0,0,0,0,0,0
270686,Hospitalisation,2014,8,Rear-end,Multi-Vehicle,153.118528,-27.502224,Old Cleveland Rd,,Carindale,Chatsworth,Merge Lane,No traffic control,60 km/h,Sealed - Wet,Daylight,Curved - view open,Veh'S Same Direction: Rear End,Rear-end,0,1,0,0,1,2,0,0,0,0,0,0
270691,Medical treatment,2014,4,Hit parked vehicle,Single Vehicle,153.000742,-27.536637,Sherwood Rd,,Rocklea,Yeerongpilly,No Roadway Feature,No traffic control,0 - 50 km/h,Sealed - Dry,Dawn/Dusk,Straight,Veh'S Manoeuvring: Parking Veh'S Only,Other,0,0,1,0,1,2,0,0,0,0,0,0
270692,Minor injury,2014,22,Angle,Multi-Vehicle,153.068375,-27.572527,Marelda St,Mccullough St,Macgregor,Sunnybank,Intersection - T-Junction,No traffic control,60 km/h,Sealed - Dry,Darkness - Lighted,Straight,Veh'S Adjacent Approach: Right-Right,Intersection from adjacent approaches,0,0,0,1,1,2,0,0,0,0,0,0
270693,Hospitalisation,2014,17,Rear-end,Multi-Vehicle,153.087355,-27.564966,Logan Sub-Arterial Rd,,Upper Mount Gravatt,Mansfield,Intersection - T-Junction,Operating traffic lights,60 km/h,Sealed - Dry,Darkness - Lighted,Straight,Veh'S Same Direction: Rear End,Rear-end,0,2,0,1,3,4,0,0,0,0,0,0
270694,Medical treatment,2014,23,Rear-end,Multi-Vehicle,153.035802,-27.481252,Baines St,Main St,Kangaroo Point,South Brisbane,Intersection - Cross,Operating traffic lights,60 km/h,Sealed - Dry,Darkness - Lighted,Straight,Veh'S Same Direction: Rear End,Rear-end,0,0,1,0,1,2,0,0,0,0,0,0
270695,Hospitalisation,2014,10,Hit object,Single Vehicle,153.0301557,-27.49218001,Park Rd,,Woolloongabba,South Brisbane,No Roadway Feature,No traffic control,60 km/h,Sealed - Dry,Daylight,Straight,Off Path-Straight: Left Off Cway Hit Obj,Off carriageway on straight hit object,0,1,0,0,1,1,0,0,0,0,0,0
270715,Hospitalisation,2014,7,Hit object,Single Vehicle,153.051297,-27.611188,Compton Rd,Mt Lindesay Art. Rd,Calamvale,Stretton,Intersection - T-Junction,Operating traffic lights,80 - 90 km/h,Sealed - Wet,Daylight,Curved - view open,Off Path-Curve: Off Cway Lt Bend Hit Obj,Off carriageway on curve hit object,0,1,0,0,1,1,0,0,0,0,0,0
270716,Hospitalisation,2014,7,Hit object,Single Vehicle,153.042194,-27.644722,Logan Mwy,Mt Lindesay Art. Rd,Parkinson,Algester,Intersection - Interchange,No traffic control,80 - 90 km/h,Sealed - Wet,Daylight,Curved - view obscured,Off Path-Curve: Off Cway Lt Bend Hit Obj,Off carriageway on curve hit object,0,1,0,0,1,1,0,0,0,0,0,0
270718,Hospitalisation,2014,2,Angle,Multi-Vehicle,153.039711,-27.504215,Juliette St,Marquis St,Greenslopes,South Brisbane,Intersection - Cross,Operating traffic lights,60 km/h,Sealed - Dry,Darkness - Lighted,Straight,Veh'S Adjacent Approach: Thru-Thru,Intersection from adjacent approaches,0,1,0,0,1,2,0,0,0,0,0,0
270720,Medical treatment,2014,10,Fall from vehicle,Single Vehicle,153.0872777,-27.523965,Cavendish Rd,Coolong St,Mount Gravatt East,Mansfield,Intersection - T-Junction,Give way sign,0 - 50 km/h,Sealed - Dry,Daylight,Curved - view open,Off Path-Curve: Out Of Control On Cway,Out of control on curve,0,0,1,0,1,0,1,0,0,0,0,0
270721,Hospitalisation,2014,15,Angle,Multi-Vehicle,153.056502,-27.527454,South East Arterial Rd,,Holland Park West,Yeerongpilly,No Roadway Feature,No traffic control,100 - 110 km/h,Sealed - Dry,Daylight,Straight,Veh'S Same Direction: Rear End,Rear-end,0,1,0,0,1,4,0,0,1,0,0,0
270722,Medical treatment,2014,18,Hit object,Single Vehicle,152.977757,-27.598225,Inala Ave,,Inala,Inala,No Roadway Feature,No traffic control,60 km/h,Sealed - Dry,Darkness - Lighted,Curved - view open,Off Path-Curve: Off Cway Rt Bend Hit Obj,Off carriageway on curve hit object,0,0,1,0,1,1,0,0,0,0,0,0
270753,Medical treatment,2014,7,Angle,Multi-Vehicle,152.96651,-27.59082,Azalea St,Eugenia St,Inala,Inala,Intersection - Cross,Give way sign,60 km/h,Sealed - Dry,Daylight,Straight,Veh'S Adjacent Approach: Thru-Thru,Intersection from adjacent approaches,0,0,2,0,2,2,0,0,0,0,0,0
270754,Medical treatment,2014,16,Hit pedestrian,Hit pedestrian,152.986535,-27.612949,Blunder Rd,Brookside St,Doolandella,Algester,Intersection - Cross,Operating traffic lights,60 km/h,Sealed - Dry,Daylight,Straight,Ped'N: Near Side Vehicle Hit From Right,Pedestrian,0,0,1,0,1,1,0,0,0,0,1,0
270755,Medical treatment,2014,14,Angle,Multi-Vehicle,153.012822,-27.641086,Logan Mwy,Paradise Rd,Larapinta,Algester,Intersection - T-Junction,Operating traffic lights,70 km/h,Sealed - Dry,Daylight,Straight,Veh'S Adjacent Approach: Thru-Right,Intersection from adjacent approaches,0,0,1,0,1,2,0,0,0,0,0,0