Crash_Ref_Number,Severity,Year,Hour,Crash_Nature,Crash_Type,Longitude,Latitude,Street,Street_Intersecting,Suburb,Loc_State_Electorate,Crash_Roadway_Feature,Crash_Traffic_Control,Crash_Speed_Limit,Crash_Road_Surface_Condition,Crash_Lighting_Condition,Crash_Road_Horiz_Align,Crash_DCA_Description,Crash_DCA_Group_Description,Count_Casualty_Fatality,Count_Casualty_Hospitalised,Count_Casualty_MedicallyTreated,Count_Casualty_MinorInjury,Count_Casualty_Total,Count_Unit_Car,Count_Unit_Motorcycle_Moped,Count_Unit_Truck,Count_Unit_Bus,Count_Unit_Bicycle,Count_Unit_Pedestrian,Count_Unit_Other
270756,Medical treatment,2014,8,Rear-end,Multi-Vehicle,153.0593187,-27.467762,Hawthorne Rd,,Hawthorne,Bulimba,No Roadway Feature,No traffic control,0 - 50 km/h,Sealed - Dry,Daylight,Straight,Veh'S Same Direction: Rear End,Rear-end,0,0,1,0,1,2,0,0,0,0,0,0
270757,Hospitalisation,2014,15,Hit pedestrian,Hit pedestrian,153.070185,-27.469642,Thynne Rd,Wynnum Rd,Morningside,Bulimba,Intersection - T-Junction,No traffic control,60 km/h,Sealed - Dry,Daylight,Straight,Ped'N: Hit Emerging Behind Vehicle,Pedestrian,0,1,1,0,2,1,0,0,0,0,2,0
270759,Minor injury,2014,7,Rear-end,Multi-Vehicle,153.089808,-27.555983,Redland Sub-Arterial Rd,,Upper Mount Gravatt,Mansfield,No Roadway Feature,No traffic control,60 km/h,Sealed - Dry,Daylight,Straight,Veh'S Same Direction: Rear End,Rear-end,0,0,0,2,2,3,0,0,0,0,0,0
270760,Medical treatment,2014,7,Hit object,Single Vehicle,153.083849,-27.606724,Gateway Arterial Rd,,Kuraby,Stretton,No Roadway Feature,No traffic control,100 - 110 km/h,Sealed - Dry,Daylight,Curved - view open,Off Path-Curve: Off Cway Lt Bend Hit Obj,Off carriageway on curve hit object,0,0,1,0,1,1,0,1,0,0,0,0
270761,Medical treatment,2014,16,Angle,Multi-Vehicle,153.027844,-27.494568,Annerley Rd,Boggo Rd,Dutton Park,South Brisbane,Intersection - T-Junction,No traffic control,60 km/h,Sealed - Dry,Dawn/Dusk,Curved - view open,Veh'S Manoeuvring: Entering From Footway,Vehicle leaving driveway,0,0,1,0,1,1,0,0,0,1,0,0
270762,Hospitalisation,2014,17,Rear-end,Multi-Vehicle,153.045489,-27.479539,Lytton Rd,,East Brisbane,South Brisbane,No Roadway Feature,No traffic control,60 km/h,Sealed - Dry,Dawn/Dusk,Straight,Veh'S Same Direction: Rear End,Rear-end,0,1,0,0,1,1,1,0,0,0,0,0
270763,Minor injury,2014,17,Angle,Multi-Vehicle,153.113583,-27.472857,Murarrie Rd,Wynnum Rd,Tingalpa,Chatsworth,Intersection - T-Junction,No traffic control,60 km/h,Sealed - Dry,Dawn/Dusk,Straight,Veh'S Manoeuvring: Entering From Footway,Vehicle leaving driveway,0,0,0,1,1,1,0,0,0,1,0,0
270798,Hospitalisation,2014,14,Angle,Multi-Vehicle,153.049076,-27.505755,Juliette St,Logan Rd,Greenslopes,South Brisbane,Intersection - T-Junction,Operating traffic lights,60 km/h,Sealed - Dry,Daylight,Straight,Veh'S Same Direction: Left Turn S/Swipe,Parallel lanes turning,0,1,0,0,1,1,0,0,0,1,0,0
270800,Fatal,2014,7,Hit object,Single Vehicle,152.969497,-27.634472,Logan Mwy,,Forest Lake,Algester,No Roadway Feature,No traffic control,80 - 90 km/h,Sealed - Dry,Daylight,Straight,Off Path-Straight: Left Off Cway Hit Obj,Off carriageway on straight hit object,1,0,0,0,1,0,1,0,0,0,0,0
270803,Minor injury,2014,6,Angle,Multi-Vehicle,152.982648,-27.534225,Mayhew St,Oxley Rd,Sherwood,Indooroopilly,Intersection - T-Junction,Give way sign,60 km/h,Sealed - Dry,Dawn/Dusk,Straight,Veh'S Adjacent Approach: Thru-Right,Intersection from adjacent approaches,0,0,0,1,1,1,0,0,0,1,0,0
270804,Medical treatment,2014,17,Angle,Multi-Vehicle,153.106292,-27.577651,Gateway Art Rd Ramp Ma,Miles Platting Rd,Rochedale,Mansfield,Intersection - Interchange,Operating traffic lights,60 km/h,Sealed - Dry,Dawn/Dusk,Straight,Veh'S Opposite Approach: Thru-Right,Opposing vehicles turning,0,0,1,1,2,2,0,0,0,0,0,0
270805,Minor injury,2014,8,Fall from vehicle,Single Vehicle,153.0236773,-27.49451967,Gladstone Rd,Pope St,Dutton Park,South Brisbane,Intersection - T-Junction,No traffic control,0 - 50 km/h,Sealed - Dry,Daylight,Straight,Veh'S Adjacent Approach: Thru-Right,Intersection from adjacent approaches,0,0,0,1,1,1,0,0,0,1,0,0
270806,Medical treatment,2014,16,Sideswipe,Multi-Vehicle,153.01131,-27.480865,Thomas St,Vulture St,West End,South Brisbane,Intersection - Cross,No traffic control,60 km/h,Sealed - Dry,Daylight,Straight,Veh'S Same Direction: Left Turn S/Swipe,Parallel lanes turning,0,0,1,0,1,1,0,0,0,1,0,0
270839,Medical treatment,2014,7,Rear-end,Multi-Vehicle,153.04664,-27.516242,South East Arterial Rd,,Greenslopes,Yeerongpilly,No Roadway Feature,No traffic control,100 - 110 km/h,Sealed - Dry,Daylight,Straight,Veh'S Same Direction: Rear End,Rear-end,0,0,1,0,1,2,0,0,0,0,0,0
270840,Medical treatment,2014,11,Rear-end,Multi-Vehicle,153.096293,-27.471251,Creek Rd,,Cannon Hill,Bulimba,Intersection - T-Junction,Operating traffic lights,0 - 50 km/h,Sealed - Dry,Daylight,Straight,Veh'S Manoeuvring: Other,Other,0,0,1,0,1,2,0,0,0,0,0,0
270848,Minor injury,2014,17,Rear-end,Multi-Vehicle,153.160484,-27.5086,Cleveland Sub-Arterial Rd,,Chandler,Chatsworth,No Roadway Feature,No traffic control,80 - 90 km/h,Sealed - Dry,Dawn/Dusk,Straight,Veh'S Same Direction: Rear End,Rear-end,0,0,0,1,1,2,0,0,0,0,0,0
270874,Medical treatment,2014,6,Fall from vehicle,Single Vehicle,152.957588,-27.54770268,Edenbrooke Dr,Seventeen Mile Rocks Rd,Seventeen Mile Rocks,Mount Ommaney,Merge Lane,No traffic control,60 km/h,Sealed - Dry,Daylight,Straight,Off Path-Straight:Out Of Control On Cway,Out of control on straight,0,0,1,0,1,1,1,0,0,0,0,0
270876,Hospitalisation,2014,7,Rear-end,Multi-Vehicle,153.053365,-27.49782188,Old Cleveland Rd,,Coorparoo,South Brisbane,No Roadway Feature,No traffic control,60 km/h,Sealed - Dry,Daylight,Straight,Veh'S Same Direction: Rear End,Rear-end,0,1,0,0,1,4,0,1,0,0,0,0
270878,Hospitalisation,2014,16,Angle,Multi-Vehicle,152.959463,-27.591924,Archerfield Rd,Pine Rd,Inala,Inala,Intersection - Cross,Stop sign,60 km/h,Sealed - Dry,Daylight,Straight,Veh'S Adjacent Approach: Thru-Thru,Intersection from adjacent approaches,0,2,0,0,2,2,0,0,0,0,0,0
270879,Medical treatment,2014,6,Fall from vehicle,Single Vehicle,153.093228,-27.468977,Southgate Ave,Wynnum Rd,Cannon Hill,Bulimba,Intersection - Cross,Operating traffic lights,70 km/h,Sealed - Dry,Daylight,Straight,Veh'S Opposite Approach: Thru-Right,Opposing vehicles turning,0,0,1,0,1,1,0,0,0,1,0,0
270884,Hospitalisation,2014,16,Angle,Multi-Vehicle,153.091052,-27.573191,Logan Sub-Arterial Rd,London St,Eight Mile Plains,Sunnybank,Intersection - Cross,Give way sign,60 km/h,Sealed - Dry,Daylight,Straight,Veh'S Manoeuvring: Entering From Footway,Vehicle leaving driveway,0,1,0,0,1,1,1,0,0,0,0,0
270885,Hospitalisation,2014,8,Hit pedestrian,Hit pedestrian,153.028948,-27.487149,Annerley Rd,,Woolloongabba,South Brisbane,No Roadway Feature,No traffic control,0 - 50 km/h,Sealed - Dry,Daylight,Straight,Ped'N: Far Side Vehicle Hit From Left,Pedestrian,0,2,0,0,2,0,1,0,0,0,1,0
270886,Medical treatment,2014,17,Rear-end,Multi-Vehicle,153.035764,-27.489652,Ipswich Rd,,Woolloongabba,South Brisbane,No Roadway Feature,No traffic control,60 km/h,Sealed - Dry,Dawn/Dusk,Straight,Veh'S Same Direction: Rear End,Rear-end,0,0,1,0,1,3,0,0,0,0,0,0
270923,Medical treatment,2014,15,Rear-end,Multi-Vehicle,153.042721,-27.603415,Jackson Rd,Mt Lindesay Art. Rd,Sunnybank Hills,Stretton,Intersection - T-Junction,No traffic control,60 km/h,Sealed - Dry,Daylight,Straight,Veh'S Same Direction: Rear End,Rear-end,0,0,1,0,1,2,0,0,0,0,0,0
270924,Medical treatment,2014,14,Rear-end,Multi-Vehicle,153.101106,-27.489989,Creek Rd,Stanley Rd,Carina,Chatsworth,Intersection - T-Junction,Operating traffic lights,60 km/h,Sealed - Dry,Daylight,Straight,Veh'S Same Direction: Left Rear,Rear-end,0,0,1,0,1,2,0,0,0,0,0,0
270927,Medical treatment,2014,10,Angle,Multi-Vehicle,153.056062,-27.525417,Cannes St,Marshall Rd,Holland Park West,Greenslopes,Intersection - Interchange,Operating traffic lights,60 km/h,Sealed - Dry,Daylight,Straight,Veh'S Adjacent Approach: Thru-Thru,Intersection from adjacent approaches,0,0,1,0,1,2,0,0,0,0,0,0
270959,Medical treatment,2014,7,Hit object,Single Vehicle,153.0263172,-27.50134229,Fairfield Rd,,Fairfield,Yeerongpilly,No Roadway Feature,No traffic control,60 km/h,Sealed - Dry,Daylight,Straight,Off Path-Straight:Right Off Cway Hit Obj,Off carriageway on straight hit object,0,0,1,0,1,1,0,0,0,0,0,0
270960,Hospitalisation,2014,7,Angle,Multi-Vehicle,153.0615047,-27.5052656,Cavendish Rd,Chatsworth Rd,Coorparoo,Greenslopes,Intersection - Cross,Operating traffic lights,60 km/h,Sealed - Dry,Daylight,Straight,Veh'S Opposite Approach: Thru-Right,Opposing vehicles turning,0,1,0,0,1,3,0,0,0,0,0,0
270961,Hospitalisation,2014,13,Angle,Multi-Vehicle,153.088472,-27.469594,Muir St,,Cannon Hill,Bulimba,No Roadway Feature,No traffic control,0 - 50 km/h,Sealed - Dry,Daylight,Straight,Veh'S Same Direction: Right Turn S/Swipe,Parallel lanes turning,0,1,0,0,1,2,0,0,0,0,0,0
270962,Medical treatment,2014,12,Rear-end,Multi-Vehicle,153.0929443,-27.46893731,Wynnum Rd,,Cannon Hill,Bulimba,No Roadway Feature,No traffic control,60 km/h,Sealed - Dry,Daylight,Straight,Veh'S Same Direction: Rear End,Rear-end,0,0,4,1,5,4,0,0,0,0,0,0
270970,Medical treatment,2014,4,Hit object,Single Vehicle,153.1708526,-27.55897554,Redland Sub-Arterial Rd,,Burbank,Mansfield,No Roadway Feature,No traffic control,80 - 90 km/h,Sealed - Dry,Darkness - Not lighted,Curved - view open,Off Path-Curve: Off Cway Lt Bend Hit Obj,Off carriageway on curve hit object,0,0,1,0,1,0,0,0,1,0,0,0
270997,Hospitalisation,2014,0,Fall from vehicle,Single Vehicle,153.032873,-27.509597,Ipswich Rd,Waldheim St,Annerley,Yeerongpilly,Intersection - Cross,Operating traffic lights,60 km/h,Sealed - Dry,Darkness - Lighted,Straight,Pass & Misc: Fell In/From Vehicle,Other,0,1,0,0,1,0,1,0,0,0,0,0
270999,Medical treatment,2014,10,Rear-end,Multi-Vehicle,152.979886,-27.549203,Cliveden Ave,Oxley Rd,Corinda,Mount Ommaney,Intersection - Cross,Operating traffic lights,60 km/h,Sealed - Dry,Daylight,Straight,Veh'S Same Direction: Rear End,Rear-end,0,0,1,0,1,3,0,0,0,0,0,0
271052,Medical treatment,2014,5,Hit object,Single Vehicle,153.017003,-27.558044,Beatty Rd,Griffith Arterial Rd,Archerfield,Sunnybank,Intersection - Cross,Operating traffic lights,60 km/h,Sealed - Dry,Dawn/Dusk,Straight,Veh'S Same Direction: Lane Change Right,Lane changes,0,0,1,0,1,3,0,0,0,0,0,0
271055,Medical treatment,2014,17,Fall from vehicle,Single Vehicle,153.020769,-27.543693,Beaudesert Rd,Evans Rd,Salisbury,Yeerongpilly,Intersection - T-Junction,No traffic control,60 km/h,Sealed - Dry,Darkness - Lighted,Straight,Veh'S Adjacant Approach: Thru-Left,Intersection from adjacent approaches,0,0,1,0,1,1,1,0,0,0,0,0
271056,Medical treatment,2014,11,Sideswipe,Multi-Vehicle,153.068883,-27.470633,Wynnum Rd,,Morningside,Bulimba,No Roadway Feature,No traffic control,60 km/h,Sealed - Dry,Daylight,Curved - view open,Veh'S Same Direction: Lane Side Swipe,Lane changes,0,0,1,0,1,0,0,0,0,1,0,1
271057,Hospitalisation,2014,8,Hit pedestrian,Hit pedestrian,153.07851,-27.55268,Klumpp Rd,,Upper Mount Gravatt,Mansfield,No Roadway Feature,Operating traffic lights,0 - 50 km/h,Sealed - Dry,Daylight,Straight,Ped'N: Near Side Vehicle Hit From Right,Pedestrian,0,1,0,0,1,1,0,0,0,0,1,0
271058,Medical treatment,2014,10,Rear-end,Multi-Vehicle,153.0652643,-27.56584786,Mains Rd,,Macgregor,Sunnybank,No Roadway Feature,No traffic control,60 km/h,Sealed - Dry,Daylight,Straight,Veh'S Same Direction: Rear End,Rear-end,0,0,1,0,1,4,0,0,0,0,0,0
271059,Minor injury,2014,7,Hit parked vehicle,Single Vehicle,153.011622,-27.480854,Vulture St,,West End,South Brisbane,No Roadway Feature,No traffic control,60 km/h,Sealed - Dry,Daylight,Straight,Veh'S On Path: Car Door,Hit parked vehicle,0,0,0,1,1,1,0,0,0,1,0,0
271089,Hospitalisation,2014,15,Rear-end,Multi-Vehicle,153.06082,-27.617849,Gowan Rd,,Calamvale,Stretton,No Roadway Feature,No traffic control,60 km/h,Sealed - Dry,Daylight,Straight,Veh'S Same Direction: Rear End,Rear-end,0,1,0,0,1,4,0,0,0,0,0,0
271091,Medical treatment,2014,7,Rear-end,Multi-Vehicle,152.925368,-27.588709,Wacol Station Rd,,Wacol,Inala,Intersection - Cross,Operating traffic lights,60 km/h,Sealed - Dry,Daylight,Straight,Veh'S Same Direction: Rear End,Rear-end,0,0,1,0,1,2,0,0,0,0,0,0
271094,Minor injury,2014,7,Sideswipe,Multi-Vehicle,153.096639,-27.520672,Creek Rd,Tristania Way,Mount Gravatt East,Mansfield,Intersection - Cross,Operating traffic lights,70 km/h,Sealed - Dry,Daylight,Straight,Veh'S Adjacent Approach: Thru-Right,Intersection from adjacent approaches,0,0,0,1,1,2,0,0,0,0,0,0
271095,Hospitalisation,2014,20,Hit object,Single Vehicle,153.113704,-27.545822,Invalid Street From Police,,Mansfield,Mansfield,No Roadway Feature,No traffic control,100 - 110 km/h,Sealed - Dry,Darkness - Lighted,Straight,Off Path-Straight: Left Off Cway Hit Obj,Off carriageway on straight hit object,0,1,0,0,1,1,0,0,0,0,0,0
271097,Hospitalisation,2014,16,Hit pedestrian,Hit pedestrian,153.023235,-27.556424,Dollis St,,Rocklea,Yeerongpilly,No Roadway Feature,No traffic control,0 - 50 km/h,Sealed - Dry,Daylight,Straight,Ped'N: Hit Other,Other,0,1,0,0,1,1,0,0,0,0,1,0
271098,Medical treatment,2014,12,Rear-end,Multi-Vehicle,153.023574,-27.529964,Beaudesert Rd,,Moorooka,Yeerongpilly,No Roadway Feature,No traffic control,60 km/h,Sealed - Dry,Daylight,Straight,Veh'S Same Direction: Rear End,Rear-end,0,0,3,0,3,1,0,2,0,0,1,0
271099,Medical treatment,2014,17,Rear-end,Multi-Vehicle,153.057784,-27.473228,Wynnum Rd,,Norman Park,Bulimba,No Roadway Feature,No traffic control,60 km/h,Sealed - Dry,Darkness - Lighted,Straight,Veh'S Same Direction: Rear End,Rear-end,0,0,1,0,1,3,0,0,0,0,0,0
271124,Hospitalisation,2014,22,Hit pedestrian,Hit pedestrian,153.039965,-27.599032,Hellawell Rd,Mt Lindesay Art. Rd,Sunnybank Hills,Sunnybank,Intersection - Cross,Operating traffic lights,70 km/h,Sealed - Dry,Darkness - Lighted,Straight,Ped'N: Near Side Vehicle Hit From Right,Pedestrian,0,1,0,0,1,1,0,0,0,0,1,0
271126,Hospitalisation,2014,18,Hit object,Single Vehicle,153.062531,-27.534805,Bapaume Rd,Gaza Rd,Holland Park West,Greenslopes,Intersection - Roundabout,Give way sign,0 - 50 km/h,Sealed - Dry,Darkness - Lighted,Curved - view open,Off Path-Curve: Mounts Traffic Island,Off carriageway on curve hit object,0,1,0,0,1,0,1,0,0,0,0,0
271127,Hospitalisation,2014,13,Hit object,Single Vehicle,152.976973,-27.5898424,Rosemary St,,Inala,Inala,No Roadway Feature,No traffic control,60 km/h,Sealed - Dry,Daylight,Curved - view open,Off Path-Curve: Mounts Traffic Island,Off carriageway on curve hit object,0,1,0,0,1,0,1,0,0,0,0,0
271129,Medical treatment,2014,18,Rear-end,Multi-Vehicle,153.020949,-27.558482,Griffith Arterial Rd,Mt Lindesay Art. Rd,Rocklea,Yeerongpilly,Intersection - T-Junction,Pedestrian crossing sign,0 - 50 km/h,Sealed - Dry,Dawn/Dusk,Straight,Veh'S Same Direction: Left Rear,Rear-end,0,0,1,0,1,2,0,0,0,0,0,0
271132,Hospitalisation,2014,12,Rear-end,Multi-Vehicle,153.0905817,-27.55332687,Newnham Rd,,Upper Mount Gravatt,Mansfield,No Roadway Feature,No traffic control,60 km/h,Sealed - Dry,Daylight,Straight,Veh'S Same Direction: Rear End,Rear-end,0,2,0,0,2,2,0,0,0,0,0,0
271133,Medical treatment,2014,10,Angle,Multi-Vehicle,153.035856,-27.48243267,Main St,Toohey St,Kangaroo Point,South Brisbane,Intersection - Cross,No traffic control,60 km/h,Sealed - Dry,Daylight,Straight,Veh'S Adjacant Approach: Thru-Left,Intersection from adjacent approaches,0,0,1,0,1,2,0,0,0,0,0,0
271154,Medical treatment,2014,8,Rear-end,Multi-Vehicle,153.029799,-27.625172,Algester Rd,,Algester,Stretton,No Roadway Feature,No traffic control,0 - 50 km/h,Sealed - Dry,Daylight,Straight,Veh'S Same Direction: Rear End,Rear-end,0,0,1,0,1,1,0,1,0,0,0,0
271155,Medical treatment,2014,10,Rear-end,Multi-Vehicle,153.091856,-27.495566,Old Cleveland Rd,,Carina,Chatsworth,No Roadway Feature,No traffic control,60 km/h,Sealed - Dry,Daylight,Straight,Veh'S Same Direction: Rear End,Rear-end,0,0,1,0,1,2,0,0,0,0,0,0
271157,Hospitalisation,2014,12,Angle,Multi-Vehicle,153.093227,-27.538988,Condong St,Newnham Rd,Mount Gravatt East,Mansfield,Intersection - T-Junction,Operating traffic lights,60 km/h,Sealed - Dry,Daylight,Straight,Veh'S Adjacent Approach: Thru-Right,Intersection from adjacent approaches,0,2,0,2,4,2,0,0,0,0,0,0
271158,Hospitalisation,2014,21,Hit object,Single Vehicle,153.0728166,-27.54411345,Mt Gravatt Outlook Dr,,Mount Gravatt,Mansfield,No Roadway Feature,No traffic control,60 km/h,Sealed - Dry,Darkness - Not lighted,Curved - view open,Off Path-Curve: Off Cway Rt Bend Hit Obj,Off carriageway on curve hit object,0,1,0,0,1,0,1,0,0,0,0,0
271159,Medical treatment,2014,13,Hit parked vehicle,Single Vehicle,153.062526,-27.520078,Logan Rd,,Holland Park West,Greenslopes,No Roadway Feature,No traffic control,70 km/h,Sealed - Dry,Daylight,Straight,Veh'S On Path: Car Door,Hit parked vehicle,0,0,1,0,1,1,0,0,0,1,0,0
271161,Medical treatment,2014,17,Rear-end,Multi-Vehicle,153.063934,-27.571936,Mains Rd,Mccullough St,Sunnybank,Sunnybank,Intersection - T-Junction,No traffic control,60 km/h,Sealed - Dry,Dawn/Dusk,Straight,Veh'S Same Direction: Left Rear,Rear-end,0,0,1,0,1,1,0,0,1,0,0,0
271196,Medical treatment,2014,6,Angle,Multi-Vehicle,153.077226,-27.493049,Old Cleveland Rd,Wiles St,Camp Hill,Bulimba,Intersection - Cross,Operating traffic lights,60 km/h,Sealed - Dry,Darkness - Lighted,Straight,Veh'S Adjacent Approach: Thru-Thru,Intersection from adjacent approaches,0,0,1,1,2,2,0,0,0,0,0,0
271199,Medical treatment,2014,16,Angle,Multi-Vehicle,152.966144,-27.594652,Lilac St,,Inala,Inala,No Roadway Feature,No traffic control,0 - 50 km/h,Sealed - Wet,Dawn/Dusk,Straight,Veh'S Manoeuvring: Leaving Driveway,Vehicle leaving driveway,0,0,1,0,1,4,0,0,0,0,0,0
271201,Minor injury,2014,7,Angle,Multi-Vehicle,153.107122,-27.455453,Gateway Arterial Rd,Port Of Brisbane Rd,Murarrie,Bulimba,Intersection - Interchange,Operating traffic lights,60 km/h,Sealed - Dry,Daylight,Straight,Veh'S Adjacent Approach: Thru-Right,Intersection from adjacent approaches,0,0,0,2,2,2,0,0,0,0,0,0
271202,Medical treatment,2014,10,Sideswipe,Multi-Vehicle,152.976431,-27.56688,Cunningham Arterial Rd,,Oxley,Mount Ommaney,Intersection - Interchange,No traffic control,60 km/h,Sealed - Dry,Daylight,Straight,Veh'S Overtaking: Other,Other,0,0,1,0,1,1,0,0,0,0,0,1
271203,Medical treatment,2014,10,Rear-end,Multi-Vehicle,153.06333,-27.575209,Mains Rd,,Sunnybank,Sunnybank,No Roadway Feature,No traffic control,0 - 50 km/h,Sealed - Wet,Daylight,Straight,Veh'S Same Direction: Rear End,Rear-end,0,0,1,0,1,2,0,0,0,0,0,0
271204,Hospitalisation,2014,17,Angle,Multi-Vehicle,153.083493,-27.597851,Bellmead St,Plum St,Runcorn,Stretton,Intersection - Cross,No traffic control,60 km/h,Sealed - Wet,Darkness - Lighted,Straight,Veh'S Opposite Approach: Thru-Right,Opposing vehicles turning,0,1,0,2,3,2,0,0,0,0,0,0
271205,Hospitalisation,2014,22,Angle,Multi-Vehicle,153.027578,-27.489297,Annerley Rd,Lockhart St,Woolloongabba,South Brisbane,Intersection - T-Junction,No traffic control,60 km/h,Sealed - Dry,Darkness - Lighted,Straight,Veh'S Manoeuvring: Entering From Footway,Vehicle leaving driveway,0,1,0,0,1,1,0,0,0,1,0,0
271206,Hospitalisation,2014,21,Head-on,Multi-Vehicle,153.181519,-27.457373,Mountjoy Tce,,Manly,Lytton,No Roadway Feature,No traffic control,0 - 50 km/h,Sealed - Dry,Darkness - Lighted,Curved - view obscured,Veh'S Opposite Approach: Other,Other,0,2,0,0,2,3,0,0,1,0,0,0
271242,Hospitalisation,2014,16,Angle,Multi-Vehicle,152.980874,-27.571023,Blunder Rd,Boundary Rd,Oxley,Inala,Intersection - T-Junction,Operating traffic lights,70 km/h,Sealed - Wet,Dawn/Dusk,Straight,Veh'S Opposite Approach: Thru-Right,Opposing vehicles turning,0,1,0,0,1,2,0,0,0,0,0,0
271245,Hospitalisation,2014,10,Hit pedestrian,Hit pedestrian,153.045052,-27.498705,Old Cleveland Rd,,Greenslopes,South Brisbane,No Roadway Feature,No traffic control,0 - 50 km/h,Sealed - Dry,Daylight,Straight,Ped'N: Near Side Vehicle Hit From Right,Pedestrian,0,1,0,0,1,1,0,0,0,0,1,0
271271,Minor injury,2014,8,Sideswipe,Multi-Vehicle,153.0526548,-27.64799879,Logan Mwy,,Drewvale,Stretton,No Roadway Feature,No traffic control,100 - 110 km/h,Sealed - Dry,Daylight,Straight,Veh'S Same Direction: Lane Change Left,Lane changes,0,0,0,1,1,1,1,0,0,0,0,0
271277,Medical treatment,2014,3,Angle,Multi-Vehicle,152.971529,-27.596458,Gannet St,Inala Ave,Inala,Inala,Intersection - T-Junction,Give way sign,60 km/h,Sealed - Dry,Daylight,Curved - view open,Veh'S Same Direction: Right Turn S/Swipe,Parallel lanes turning,0,0,1,0,1,1,0,1,0,0,0,0
271279,Hospitalisation,2014,10,Rear-end,Multi-Vehicle,153.116598,-27.544836,Gateway Art Rd Ramp Xk,Redland Sub-Arterial Rd,Mackenzie,Mansfield,Intersection - Interchange,No traffic control,70 km/h,Sealed - Dry,Daylight,Straight,Veh'S Same Direction: Left Rear,Rear-end,0,1,0,0,1,1,0,1,0,0,0,0
271280,Hospitalisation,2014,3,Rear-end,Multi-Vehicle,153.063535,-27.546138,South East Arterial Rd,,Mount Gravatt,Mansfield,No Roadway Feature,No traffic control,80 - 90 km/h,Sealed - Dry,Daylight,Straight,Veh'S Same Direction: Rear End,Rear-end,0,1,0,0,1,2,0,0,0,0,0,0
271281,Hospitalisation,2014,21,Hit object,Single Vehicle,153.172916,-27.468012,Manly Rd,,Manly West,Lytton,No Roadway Feature,No traffic control,60 km/h,Sealed - Dry,Darkness - Lighted,Straight,Off Path-Straight: Left Off Cway Hit Obj,Off carriageway on straight hit object,0,1,0,0,1,1,0,0,0,0,0,0
271301,Medical treatment,2014,22,Angle,Multi-Vehicle,153.02427,-27.568389,Boundary Rd,Mt Lindesay Art. Rd,Coopers Plains,Sunnybank,Intersection - Cross,Operating traffic lights,70 km/h,Sealed - Dry,Darkness - Lighted,Straight,Veh'S Opposite Approach: Thru-Right,Opposing vehicles turning,0,0,2,0,2,2,0,0,0,0,0,0
271304,Hospitalisation,2014,11,Hit pedestrian,Hit pedestrian,152.981606,-27.539819,Nelson St,Oxley Rd,Corinda,Mount Ommaney,Intersection - Cross,Operating traffic lights,60 km/h,Sealed - Dry,Daylight,Straight,Ped'N: Near Side Vehicle Hit From Right,Pedestrian,0,1,0,0,1,1,0,0,0,0,1,0
271305,Hospitalisation,2014,14,Hit object,Single Vehicle,153.006683,-27.542885,Shoebury St,,Rocklea,Yeerongpilly,No Roadway Feature,No traffic control,60 km/h,Sealed - Dry,Dawn/Dusk,Straight,Ped'N: Hit By Vehicle Enter/Leave D'Way,Pedestrian,0,2,0,0,2,1,0,0,0,0,2,0
271306,Medical treatment,2014,8,Angle,Multi-Vehicle,153.048313,-27.571592,Mccullough St,Troughton Rd,Sunnybank,Sunnybank,Intersection - Cross,Operating traffic lights,60 km/h,Sealed - Dry,Daylight,Straight,Veh'S Opposite Approach: Head On,Head-on,0,0,1,0,1,2,0,0,0,0,0,0
271347,Medical treatment,2014,23,Hit parked vehicle,Single Vehicle,153.029607,-27.62768,Nottingham Rd,,Algester,Stretton,No Roadway Feature,No traffic control,70 km/h,Sealed - Dry,Darkness - Lighted,Straight,Veh'S On Path: Parked,Hit parked vehicle,0,0,1,0,1,2,0,0,0,0,0,0
271353,Medical treatment,2014,4,Angle,Multi-Vehicle,153.019639,-27.485103,Gladstone Rd,Morris St,Highgate Hill,South Brisbane,Intersection - T-Junction,Give way sign,60 km/h,Sealed - Dry,Dawn/Dusk,Straight,Veh'S Adjacent Approach: Thru-Thru,Intersection from adjacent approaches,0,0,1,0,1,2,0,0,0,0,0,0
271354,Medical treatment,2014,17,Rear-end,Multi-Vehicle,153.037309,-27.475401,O'Connell St,Shafston Ave,Kangaroo Point,South Brisbane,Intersection - T-Junction,Operating traffic lights,60 km/h,Sealed - Dry,Daylight,Straight,Veh'S Same Direction: Rear End,Rear-end,0,0,1,0,1,1,1,0,0,0,0,0
271358,Medical treatment,2014,7,Rear-end,Multi-Vehicle,153.006041,-27.656188,Johnson Rd,,Larapinta,Algester,No Roadway Feature,No traffic control,70 km/h,Sealed - Dry,Daylight,Straight,Veh'S Same Direction: Rear End,Rear-end,0,0,1,0,1,3,0,0,0,0,0,0
271384,Hospitalisation,2014,15,Hit object,Single Vehicle,153.039548,-27.646186,Logan Mwy,,Parkinson,Algester,No Roadway Feature,No traffic control,100 - 110 km/h,Sealed - Dry,Daylight,Curved - view open,Veh'S Same Direction: Rear End,Rear-end,0,2,0,0,2,2,0,1,0,0,0,0
271385,Hospitalisation,2014,22,Hit object,Single Vehicle,153.038115,-27.510416,View St,Waldheim St,Annerley,Yeerongpilly,Intersection - T-Junction,No traffic control,60 km/h,Sealed - Wet,Darkness - Lighted,Curved - view open,Off Path-Curve: Off Cway Rt Bend Hit Obj,Off carriageway on curve hit object,0,1,0,0,1,1,0,0,0,0,0,0