Crash_Ref_Number,Severity,Year,Hour,Crash_Nature,Crash_Type,Longitude,Latitude,Street,Street_Intersecting,Suburb,Loc_State_Electorate,Crash_Roadway_Feature,Crash_Traffic_Control,Crash_Speed_Limit,Crash_Road_Surface_Condition,Crash_Lighting_Condition,Crash_Road_Horiz_Align,Crash_DCA_Description,Crash_DCA_Group_Description,Count_Casualty_Fatality,Count_Casualty_Hospitalised,Count_Casualty_MedicallyTreated,Count_Casualty_MinorInjury,Count_Casualty_Total,Count_Unit_Car,Count_Unit_Motorcycle_Moped,Count_Unit_Truck,Count_Unit_Bus,Count_Unit_Bicycle,Count_Unit_Pedestrian,Count_Unit_Other
271388,Hospitalisation,2014,22,Hit object,Single Vehicle,153.093484,-27.532196,Creek Rd,,Mount Gravatt East,Mansfield,No Roadway Feature,No traffic control,60 km/h,Sealed - Wet,Darkness - Lighted,Straight,Off Path-Straight:Out Of Control On Cway,Out of control on straight,0,1,0,0,1,1,0,0,0,0,0,0
271389,Medical treatment,2014,14,Fall from vehicle,Single Vehicle,152.950139,-27.601279,Forest Lake Blvd,Government Rd,Forest Lake,Inala,Intersection - Roundabout,Give way sign,60 km/h,Sealed - Wet,Daylight,Straight,Off Path-Straight:Out Of Control On Cway,Out of control on straight,0,0,1,0,1,0,1,0,0,0,0,0
271390,Medical treatment,2014,9,Angle,Multi-Vehicle,153.016825,-27.557891,Beatty Rd,Griffith Arterial Rd,Rocklea,Yeerongpilly,Intersection - Cross,Operating traffic lights,60 km/h,Sealed - Dry,Daylight,Straight,Veh'S Opposite Approach: Thru-Right,Opposing vehicles turning,0,0,1,0,1,0,1,1,0,0,0,0
271391,Medical treatment,2014,18,Angle,Multi-Vehicle,153.059227,-27.468239,Hawthorne Rd,,Hawthorne,Bulimba,No Roadway Feature,No traffic control,0 - 50 km/h,Sealed - Dry,Darkness - Not lighted,Straight,Veh'S Same Direction: Right Turn S/Swipe,Parallel lanes turning,0,0,1,0,1,1,0,0,0,1,0,0
271392,Hospitalisation,2014,12,Rear-end,Multi-Vehicle,152.981606,-27.539819,Nelson St,Oxley Rd,Corinda,Mount Ommaney,Intersection - Cross,Operating traffic lights,60 km/h,Sealed - Wet,Daylight,Straight,Veh'S Same Direction: Rear End,Rear-end,0,1,0,0,1,1,1,0,0,0,0,0
271393,Minor injury,2014,23,Angle,Multi-Vehicle,153.165403,-27.476277,Greencamp Rd,Manly Rd,Wakerley,Chatsworth,Intersection - T-Junction,Operating traffic lights,60 km/h,Sealed - Dry,Darkness - Lighted,Curved - view obscured,Veh'S Opposite Approach: Thru-Right,Opposing vehicles turning,0,0,0,1,1,2,0,0,0,0,0,0
271425,Medical treatment,2014,14,Rear-end,Multi-Vehicle,153.046578,-27.629792,Mt Lindesay Art. Rd,,Calamvale,Stretton,No Roadway Feature,No traffic control,80 - 90 km/h,Sealed - Wet,Daylight,Curved - view open,Veh'S Same Direction: Rear End,Rear-end,0,0,1,0,1,3,0,0,0,0,0,0
271430,Medical treatment,2014,16,Rear-end,Multi-Vehicle,153.06602,-27.561166,Griffith Arterial Rd,Mains Rd,Macgregor,Sunnybank,Intersection - Cross,Operating traffic lights,60 km/h,Sealed - Dry,Daylight,Straight,Veh'S Same Direction: Rear End,Rear-end,0,0,1,0,1,2,0,0,0,0,0,0
271431,Minor injury,2014,8,Angle,Multi-Vehicle,153.028631,-27.487799,Annerley Rd,Clarence St,South Brisbane,South Brisbane,Intersection - Cross,Give way sign,60 km/h,Sealed - Wet,Daylight,Straight,Veh'S Manoeuvring: Entering From Footway,Vehicle leaving driveway,0,0,0,1,1,1,0,0,0,1,0,0
271432,Minor injury,2014,4,Sideswipe,Multi-Vehicle,153.122474,-27.445007,Port Of Brisbane Rd,,Hemmant,Lytton,No Roadway Feature,No traffic control,60 km/h,Sealed - Wet,Dawn/Dusk,Straight,Veh'S Manoeuvring: Other,Other,0,0,0,1,1,0,1,1,0,0,0,0
271469,Hospitalisation,2014,13,Rear-end,Multi-Vehicle,153.09312,-27.5770907,Logan Sub-Arterial Rd,,Eight Mile Plains,Stretton,No Roadway Feature,No traffic control,70 km/h,Sealed - Dry,Daylight,Straight,Veh'S Same Direction: Rear End,Rear-end,0,1,0,0,1,2,0,0,0,0,0,0
271470,Minor injury,2014,16,Rear-end,Multi-Vehicle,153.009419,-27.475695,Mollison St,Montague Rd,South Brisbane,South Brisbane,Intersection - Cross,Operating traffic lights,60 km/h,Sealed - Dry,Daylight,Straight,Veh'S Same Direction: Rear End,Rear-end,0,0,0,1,1,2,0,0,0,0,0,0
271499,Medical treatment,2014,4,Angle,Multi-Vehicle,153.02097,-27.558464,Beaudesert Rd,Mt Lindesay Art. Rd,Rocklea,Yeerongpilly,Intersection - Cross,Operating traffic lights,70 km/h,Sealed - Dry,Darkness - Lighted,Straight,Veh'S Adjacent Approach: Thru-Thru,Intersection from adjacent approaches,0,0,1,1,2,2,0,0,0,0,0,0
271500,Medical treatment,2014,7,Fall from vehicle,Single Vehicle,153.073718,-27.471132,Palermo St,Richmond Rd,Morningside,Bulimba,Intersection - T-Junction,No traffic control,60 km/h,Sealed - Wet,Daylight,Straight,Veh'S Manoeuvring: Entering From Footway,Vehicle leaving driveway,0,0,1,0,1,1,0,0,0,1,0,0
271501,Hospitalisation,2014,9,Angle,Multi-Vehicle,153.0232974,-27.48515198,Stephens Rd,,South Brisbane,South Brisbane,No Roadway Feature,No traffic control,60 km/h,Sealed - Dry,Daylight,Straight,Veh'S Manoeuvring: Entering From Footway,Vehicle leaving driveway,0,1,0,1,2,1,0,0,0,2,0,0
271530,Medical treatment,2014,14,Head-on,Multi-Vehicle,153.015473,-27.52188088,Cardross St,,Yeerongpilly,Yeerongpilly,No Roadway Feature,No traffic control,0 - 50 km/h,Sealed - Dry,Daylight,Straight,Veh'S Opposite Approach: Head On,Head-on,0,0,1,0,1,2,0,0,0,0,0,0
271531,Medical treatment,2014,8,Rear-end,Multi-Vehicle,153.090252,-27.57143,Logan Sub-Arterial Rd,South East Arterial Rd,Eight Mile Plains,Sunnybank,Intersection - T-Junction,Give way sign,60 km/h,Sealed - Dry,Daylight,Straight,Veh'S Same Direction: Left Rear,Rear-end,0,0,1,0,1,1,0,1,0,0,0,0
271532,Medical treatment,2014,15,Fall from vehicle,Single Vehicle,153.022201,-27.481061,South East Busway,,South Brisbane,South Brisbane,No Roadway Feature,No traffic control,0 - 50 km/h,Sealed - Dry,Daylight,Straight,Pass & Misc: Fell In/From Vehicle,Other,0,0,0,0,0,0,0,0,1,0,0,0
271533,Minor injury,2014,7,Rear-end,Multi-Vehicle,153.044947,-27.479473,Lytton Rd,Stafford St,East Brisbane,South Brisbane,Intersection - T-Junction,No traffic control,60 km/h,Sealed - Dry,Daylight,Straight,Veh'S Same Direction: Rear End,Rear-end,0,0,0,2,2,3,0,0,0,0,0,0
271560,Fatal,2014,5,Collision - miscellaneous,Other,153.034515,-27.504934,Ipswich Rd,,Annerley,South Brisbane,No Roadway Feature,No traffic control,60 km/h,Sealed - Dry,Darkness - Lighted,Straight,Veh'S Manoeuvring: Other,Other,1,0,0,0,1,0,0,0,0,1,0,0
271561,Hospitalisation,2014,15,Hit pedestrian,Hit pedestrian,152.97706,-27.605775,Lorikeet St,,Inala,Inala,No Roadway Feature,No traffic control,60 km/h,Sealed - Dry,Daylight,Straight,Ped'N: Hit Emerging Behind Vehicle,Pedestrian,0,1,0,0,1,1,0,0,0,0,1,0
271596,Hospitalisation,2014,17,Angle,Multi-Vehicle,153.096478,-27.495967,Narracott St,Old Cleveland Rd,Carina,Chatsworth,Intersection - T-Junction,Give way sign,60 km/h,Sealed - Dry,Darkness - Lighted,Straight,Veh'S Adjacent Approach: Thru-Right,Intersection from adjacent approaches,0,1,0,0,1,2,0,0,0,0,0,0
271598,Medical treatment,2014,12,Rear-end,Multi-Vehicle,153.070296,-27.527687,Logan Rd,,Holland Park West,Greenslopes,No Roadway Feature,No traffic control,60 km/h,Sealed - Dry,Daylight,Straight,Veh'S Same Direction: Rear End,Rear-end,0,0,1,0,1,2,0,0,0,0,0,0
271599,Hospitalisation,2014,20,Rear-end,Multi-Vehicle,152.977964,-27.517359,Acacia Ave,Oxley Rd,Graceville,Indooroopilly,Intersection - T-Junction,Operating traffic lights,60 km/h,Sealed - Dry,Darkness - Lighted,Straight,Veh'S Same Direction: Rear End,Rear-end,0,1,0,0,1,2,0,0,0,0,0,0
271600,Hospitalisation,2014,17,Angle,Multi-Vehicle,153.035802,-27.481252,Baines St,Main St,Kangaroo Point,South Brisbane,Intersection - T-Junction,Operating traffic lights,60 km/h,Sealed - Dry,Darkness - Lighted,Straight,Veh'S Opposite Approach: Thru-Right,Opposing vehicles turning,0,1,0,0,1,2,0,0,0,0,0,0
271638,Medical treatment,2014,12,Rear-end,Multi-Vehicle,152.96133,-27.575994,Acanthus St,Boundary Rd,Darra,Inala,Intersection - T-Junction,Give way sign,60 km/h,Sealed - Dry,Daylight,Straight,Veh'S Same Direction: Rear End,Rear-end,0,0,1,0,1,2,0,0,0,0,0,0
271639,Minor injury,2014,7,Sideswipe,Multi-Vehicle,153.124105,-27.5058629,Gateway Art Rd Ramp Xm,,Belmont,Chatsworth,Intersection - Interchange,No traffic control,80 - 90 km/h,Sealed - Dry,Daylight,Straight,Veh'S Same Direction: Other,Other,0,0,0,1,1,2,0,0,0,0,0,0
271644,Medical treatment,2014,8,Rear-end,Multi-Vehicle,153.026227,-27.544268,Evans Rd,Standish St,Salisbury,Yeerongpilly,Intersection - T-Junction,No traffic control,60 km/h,Sealed - Dry,Daylight,Straight,Veh'S Same Direction: Right Rear,Rear-end,0,0,1,0,1,2,0,0,0,0,0,0
271645,Medical treatment,2014,8,Angle,Multi-Vehicle,153.060461,-27.46167,Hawthorne Rd,Orchard St,Hawthorne,Bulimba,Intersection - T-Junction,Give way sign,0 - 50 km/h,Sealed - Dry,Daylight,Straight,Veh'S Adjacent Approach: Right-Right,Intersection from adjacent approaches,0,0,1,0,1,2,0,0,0,0,0,0
271682,Hospitalisation,2014,14,Sideswipe,Multi-Vehicle,153.012585,-27.557344,Balham Rd,Griffith Arterial Rd,Archerfield,Sunnybank,Intersection - Cross,Operating traffic lights,60 km/h,Sealed - Dry,Daylight,Straight,Veh'S Same Direction: Lane Change Left,Lane changes,0,1,0,0,1,1,0,1,0,0,0,0
271683,Hospitalisation,2014,12,Angle,Multi-Vehicle,153.095363,-27.527682,Creek Rd,,Mount Gravatt East,Mansfield,Median Opening,No traffic control,60 km/h,Sealed - Dry,Daylight,Straight,Veh'S Manoeuvring: Leaving Driveway,Vehicle leaving driveway,0,1,0,1,2,1,0,1,0,0,0,0
271684,Medical treatment,2014,4,Hit object,Single Vehicle,152.9632196,-27.61240169,Forest Lake Blvd,,Forest Lake,Inala,No Roadway Feature,No traffic control,60 km/h,Sealed - Dry,Darkness - Lighted,Curved - view open,Off Path-Curve: Out Of Control On Cway,Out of control on curve,0,0,2,0,2,1,0,0,0,0,0,0
271685,Medical treatment,2014,16,Rear-end,Multi-Vehicle,153.00547,-27.640815,Logan Mwy,,Larapinta,Algester,No Roadway Feature,No traffic control,100 - 110 km/h,Sealed - Dry,Daylight,Straight,Veh'S Same Direction: Rear End,Rear-end,0,0,1,0,1,2,0,0,0,0,0,0
271686,Medical treatment,2014,21,Angle,Multi-Vehicle,153.016825,-27.557891,Beatty Rd,Griffith Arterial Rd,Rocklea,Yeerongpilly,Intersection - Cross,Operating traffic lights,60 km/h,Sealed - Dry,Darkness - Lighted,Straight,Veh'S Opposite Approach: Thru-Right,Opposing vehicles turning,0,0,3,0,3,2,0,0,0,0,0,0
271687,Hospitalisation,2014,15,Angle,Multi-Vehicle,153.117678,-27.545126,Gateway Art Rd Ramp Xi,,Mackenzie,Mansfield,Intersection - Interchange,Operating traffic lights,60 km/h,Sealed - Dry,Daylight,Curved - view open,Veh'S Opposite Approach: Thru-Right,Opposing vehicles turning,0,1,0,0,1,2,0,0,0,0,0,0
271688,Hospitalisation,2014,17,Rear-end,Multi-Vehicle,153.108574,-27.589578,South East Arterial Rd,,Rochedale,Mansfield,No Roadway Feature,No traffic control,100 - 110 km/h,Sealed - Dry,Dawn/Dusk,Straight,Veh'S Same Direction: Rear End,Rear-end,0,1,0,0,1,5,0,0,0,0,0,0
271689,Minor injury,2014,23,Sideswipe,Multi-Vehicle,153.018619,-27.489488,Beaconsfield St,Gladstone Rd,Highgate Hill,South Brisbane,Intersection - T-Junction,No traffic control,60 km/h,Sealed - Dry,Darkness - Lighted,Straight,Veh'S Manoeuvring: Entering From Footway,Vehicle leaving driveway,0,0,0,1,1,1,0,0,0,1,0,0
271690,Hospitalisation,2014,22,Angle,Multi-Vehicle,153.05,-27.48783,Caswell St,Stanley St East,East Brisbane,South Brisbane,Intersection - Cross,Give way sign,60 km/h,Sealed - Dry,Darkness - Not lighted,Straight,Veh'S Adjacent Approach: Thru-Thru,Intersection from adjacent approaches,0,1,0,0,1,2,0,0,0,0,0,0
271698,Hospitalisation,2014,16,Angle,Multi-Vehicle,153.155833,-27.520564,Bacton Rd,Tilley Rd,Chandler,Chatsworth,Intersection - T-Junction,No traffic control,80 - 90 km/h,Sealed - Dry,Daylight,Curved - view open,Veh'S Opposite Approach: Thru-Right,Opposing vehicles turning,0,3,0,0,3,2,0,0,0,0,0,0
271730,Hospitalisation,2014,1,Hit object,Single Vehicle,153.029492,-27.501224,Annerley Rd,Rusk St,Annerley,South Brisbane,Intersection - Cross,Operating traffic lights,60 km/h,Sealed - Dry,Darkness - Lighted,Straight,Off Path-Straight: Mounts Traffic Island,Off carriageway on straight hit object,0,1,0,0,1,1,0,0,0,0,0,0
271733,Hospitalisation,2014,15,Fall from vehicle,Single Vehicle,153.050693,-27.558757,Griffith Arterial Rd,Troughton Rd,Coopers Plains,Sunnybank,Intersection - Cross,Operating traffic lights,70 km/h,Sealed - Dry,Daylight,Straight,Off Path-Straight: Right Turn,Off carriageway on straight,0,1,0,0,1,0,1,0,0,0,0,0
271760,Hospitalisation,2014,15,Angle,Multi-Vehicle,152.968622,-27.590406,Azalea St,,Inala,Inala,No Roadway Feature,No traffic control,0 - 50 km/h,Sealed - Dry,Daylight,Straight,Veh'S Manoeuvring: Other,Other,0,1,0,0,1,1,0,0,0,1,0,0
271764,Medical treatment,2014,11,Angle,Multi-Vehicle,153.0823293,-27.55334368,Dawson Rd,Wheeler St,Upper Mount Gravatt,Mansfield,Intersection - Cross,Stop sign,0 - 50 km/h,Sealed - Dry,Daylight,Straight,Veh'S Adjacent Approach: Thru-Thru,Intersection from adjacent approaches,0,0,1,0,1,2,0,0,0,0,0,0
271765,Minor injury,2014,3,Angle,Multi-Vehicle,153.063934,-27.571936,Mains Rd,Mccullough St,Sunnybank,Sunnybank,Intersection - Cross,Operating traffic lights,60 km/h,Sealed - Dry,Darkness - Lighted,Straight,Veh'S Adjacent Approach: Right-Right,Intersection from adjacent approaches,0,0,0,1,1,2,0,0,0,0,0,0
271785,Medical treatment,2014,22,Hit parked vehicle,Single Vehicle,153.118674,-27.527595,Forest Pl,,Carindale,Mansfield,No Roadway Feature,No traffic control,0 - 50 km/h,Sealed - Dry,Darkness - Lighted,Straight,Veh'S Manoeuvring: Leaving Driveway,Vehicle leaving driveway,0,0,1,0,1,2,0,0,0,0,0,0
271786,Medical treatment,2014,7,Angle,Multi-Vehicle,153.104246,-27.601729,Inverness St,Millers Rd,Kuraby,Stretton,Intersection - T-Junction,No traffic control,60 km/h,Sealed - Dry,Daylight,Straight,Veh'S Adjacent Approach: Right-Right,Intersection from adjacent approaches,0,0,1,0,1,2,0,0,0,0,0,0
271787,Medical treatment,2014,10,Rear-end,Multi-Vehicle,153.165355,-27.481888,Greencamp Rd,Tilley Rd,Wakerley,Chatsworth,Intersection - T-Junction,Stop sign,60 km/h,Sealed - Dry,Daylight,Straight,Veh'S Same Direction: Left Rear,Rear-end,0,0,1,0,1,2,0,0,0,0,0,0
271793,Hospitalisation,2014,7,Rear-end,Multi-Vehicle,153.00392,-27.655859,Johnson Rd,,Larapinta,Algester,No Roadway Feature,No traffic control,70 km/h,Sealed - Dry,Daylight,Straight,Veh'S Same Direction: Rear End,Rear-end,0,2,0,0,2,4,0,0,0,0,0,0
271816,Minor injury,2014,17,Rear-end,Multi-Vehicle,153.0578387,-27.53330699,South East Arterial Rd,,Holland Park West,Yeerongpilly,No Roadway Feature,No traffic control,100 - 110 km/h,Sealed - Dry,Darkness - Lighted,Straight,Veh'S Same Direction: Rear End,Rear-end,0,0,0,1,1,3,0,0,0,0,0,0
271818,Hospitalisation,2014,14,Sideswipe,Multi-Vehicle,152.9957144,-27.56147264,Cunningham Arterial Rd,,Rocklea,Sunnybank,No Roadway Feature,No traffic control,80 - 90 km/h,Sealed - Dry,Daylight,Straight,Veh'S Same Direction: Lane Change Right,Lane changes,0,1,0,0,1,2,0,0,0,0,0,0
271819,Hospitalisation,2014,18,Angle,Multi-Vehicle,153.0126526,-27.47828866,Boundary St,,West End,South Brisbane,No Roadway Feature,No traffic control,0 - 50 km/h,Sealed - Dry,Darkness - Lighted,Straight,Veh'S Manoeuvring: Other,Other,0,1,0,0,1,1,0,0,0,1,0,0
271841,Hospitalisation,2014,14,Sideswipe,Multi-Vehicle,152.926297,-27.589645,Cunningham Arterial Rd,,Wacol,Inala,No Roadway Feature,No traffic control,100 - 110 km/h,Sealed - Dry,Daylight,Straight,Veh'S Same Direction: Lane Change Left,Lane changes,0,1,0,0,1,1,0,1,0,0,0,0
271842,Hospitalisation,2014,13,Rear-end,Multi-Vehicle,153.091312,-27.49532,Old Cleveland Rd,,Carina,Chatsworth,No Roadway Feature,No traffic control,60 km/h,Sealed - Dry,Daylight,Curved - view open,Veh'S Manoeuvring: Parking,Hit parked vehicle,0,1,0,0,1,2,0,0,0,0,0,0
271845,Medical treatment,2014,7,Rear-end,Multi-Vehicle,152.94965,-27.597359,Progress Rd,,Richlands,Inala,Intersection - Cross,Operating traffic lights,60 km/h,Sealed - Dry,Daylight,Straight,Veh'S Same Direction: Rear End,Rear-end,0,0,1,0,1,1,0,0,0,0,0,1
271846,Medical treatment,2014,15,Rear-end,Multi-Vehicle,153.039483,-27.563362,Orange Grove Rd,,Coopers Plains,Sunnybank,No Roadway Feature,No traffic control,60 km/h,Sealed - Dry,Daylight,Straight,Veh'S Same Direction: Right Rear,Rear-end,0,0,1,0,1,3,0,0,0,0,0,0
271847,Medical treatment,2014,5,Angle,Multi-Vehicle,153.105836,-27.593184,Millers Rd,Underwood Rd,Eight Mile Plains,Stretton,Intersection - Cross,Give way sign,60 km/h,Sealed - Dry,Dawn/Dusk,Straight,Veh'S Adjacent Approach: Thru-Thru,Intersection from adjacent approaches,0,0,1,0,1,2,0,0,0,0,0,0
271848,Medical treatment,2014,18,Rear-end,Multi-Vehicle,153.066147,-27.550489,South East Arterial Rd,,Upper Mount Gravatt,Yeerongpilly,No Roadway Feature,No traffic control,60 km/h,Sealed - Dry,Darkness - Lighted,Straight,Veh'S Same Direction: Rear End,Rear-end,0,0,1,0,1,4,0,0,0,0,0,0
271849,Hospitalisation,2014,6,Rear-end,Multi-Vehicle,153.132817,-27.441721,Port Of Brisbane Rd,,Hemmant,Lytton,No Roadway Feature,No traffic control,60 km/h,Sealed - Dry,Daylight,Straight,Veh'S Same Direction: Right Rear,Rear-end,0,1,0,0,1,0,1,1,0,0,0,0
271885,Medical treatment,2014,16,Rear-end,Multi-Vehicle,153.048138,-27.608701,Highlands Dr,Mt Lindesay Art. Rd,Calamvale,Stretton,Intersection - T-Junction,Operating traffic lights,80 - 90 km/h,Sealed - Dry,Daylight,Straight,Veh'S Same Direction: Rear End,Rear-end,0,0,1,0,1,1,0,0,0,0,0,1
271886,Hospitalisation,2014,17,Angle,Multi-Vehicle,153.064428,-27.589673,Agnes St,Beenleigh Rd,Sunnybank,Sunnybank,Intersection - T-Junction,No traffic control,60 km/h,Sealed - Dry,Dawn/Dusk,Straight,Veh'S Opposite Approach: Thru-Right,Opposing vehicles turning,0,1,0,0,1,1,0,0,0,1,0,0
271888,Hospitalisation,2014,10,Angle,Multi-Vehicle,153.0929717,-27.49569377,Anzac Rd,Old Cleveland Rd,Carina,Chatsworth,Intersection - Cross,No traffic control,60 km/h,Sealed - Dry,Daylight,Straight,Veh'S Opposite Approach: U-Turn,U-turn,0,1,0,0,1,2,0,0,0,0,0,0
271889,Medical treatment,2014,20,Rear-end,Multi-Vehicle,153.08057,-27.523786,Binyon Lane,Nursery Rd,Holland Park,Greenslopes,Intersection - T-Junction,No traffic control,60 km/h,Sealed - Dry,Darkness - Not lighted,Straight,Veh'S Adjacant Approach: Thru-Left,Intersection from adjacent approaches,0,0,1,1,2,2,0,0,0,0,0,0
271890,Medical treatment,2014,12,Hit pedestrian,Hit pedestrian,153.036048,-27.473985,Shafston Ave,,Kangaroo Point,South Brisbane,No Roadway Feature,Police,60 km/h,Sealed - Dry,Daylight,Curved - view open,Ped'N: Play; Work; Stand; Lie On C'Way,Pedestrian,0,0,1,0,1,1,0,0,0,0,1,0
271891,Medical treatment,2014,17,Rear-end,Multi-Vehicle,153.1158515,-27.46669043,Gateway Arterial Rd,,Tingalpa,Chatsworth,No Roadway Feature,No traffic control,100 - 110 km/h,Sealed - Dry,Dawn/Dusk,Straight,Veh'S Same Direction: Rear End,Rear-end,0,0,2,0,2,3,0,0,0,0,0,0
271922,Hospitalisation,2014,13,Rear-end,Multi-Vehicle,153.028316,-27.51905,Ipswich Rd,,Annerley,Yeerongpilly,No Roadway Feature,No traffic control,60 km/h,Sealed - Dry,Daylight,Straight,Veh'S Same Direction: Rear End,Rear-end,0,2,0,0,2,3,0,0,0,0,0,0
271923,Medical treatment,2014,8,Sideswipe,Multi-Vehicle,153.100507,-27.500071,Creek Rd,,Carindale,Chatsworth,No Roadway Feature,No traffic control,60 km/h,Sealed - Dry,Daylight,Straight,Veh'S Same Direction: Lane Side Swipe,Lane changes,0,0,1,0,1,1,1,0,0,0,0,0
271926,Medical treatment,2014,17,Angle,Multi-Vehicle,153.055294,-27.525777,Birdwood Rd,Marshall Rd,Tarragindi,Yeerongpilly,Intersection - Cross,Operating traffic lights,60 km/h,Sealed - Dry,Dawn/Dusk,Straight,Veh'S Opposite Approach: Thru-Right,Opposing vehicles turning,0,0,1,0,1,1,0,0,0,1,0,0
271927,Minor injury,2014,7,Angle,Multi-Vehicle,153.063338,-27.458002,Main Ave,Riding Rd,Balmoral,Bulimba,Intersection - T-Junction,No traffic control,60 km/h,Sealed - Dry,Daylight,Straight,Veh'S Adjacent Approach: Thru-Right,Intersection from adjacent approaches,0,0,0,1,1,2,0,0,0,0,0,0
271932,Hospitalisation,2014,6,Angle,Multi-Vehicle,153.1492076,-27.51159162,Tilley Rd,,Chandler,Chatsworth,No Roadway Feature,Stop sign,60 km/h,Sealed - Dry,Daylight,Straight,Veh'S Manoeuvring: Leaving Driveway,Vehicle leaving driveway,0,1,0,0,1,2,0,0,0,0,0,0
271961,Hospitalisation,2014,2,Rear-end,Multi-Vehicle,153.091338,-27.555301,Redland Sub-Arterial Rd,,Wishart,Mansfield,No Roadway Feature,No traffic control,60 km/h,Sealed - Wet,Darkness - Lighted,Curved - view open,Off Path-Curve: Off Cway Lt Bend Hit Obj,Off carriageway on curve hit object,0,1,0,0,1,2,0,0,0,0,0,0
271987,Medical treatment,2014,22,Hit parked vehicle,Single Vehicle,153.027057,-27.635304,Harwood Pl,Prospect St,Parkinson,Algester,Intersection - T-Junction,No traffic control,0 - 50 km/h,Sealed - Dry,Darkness - Lighted,Curved - view open,Off Path-Curve: Off Cway Lt Bend Hit Obj,Off carriageway on curve hit object,0,0,1,0,1,1,1,0,0,0,0,0
271989,Medical treatment,2014,13,Rear-end,Multi-Vehicle,153.080839,-27.560025,Griffith Arterial Rd,,Upper Mount Gravatt,Mansfield,No Roadway Feature,No traffic control,60 km/h,Sealed - Dry,Daylight,Straight,Veh'S Same Direction: Right Rear,Rear-end,0,0,1,0,1,2,0,0,0,0,0,0
271990,Hospitalisation,2014,8,Hit object,Single Vehicle,153.102811,-27.581263,South East Art Rd Ramp Xt,,Eight Mile Plains,Stretton,Intersection - Interchange,No traffic control,70 km/h,Sealed - Dry,Daylight,Straight,Veh'S Same Direction: Rear End,Rear-end,0,1,0,0,1,2,0,0,0,0,0,0
271991,Minor injury,2014,18,Rear-end,Multi-Vehicle,153.019728,-27.491224,Gladstone Rd,,Highgate Hill,South Brisbane,No Roadway Feature,Pedestrian crossing sign,60 km/h,Sealed - Dry,Darkness - Lighted,Straight,Veh'S Same Direction: Rear End,Rear-end,0,0,0,1,1,2,0,0,0,0,0,0
272021,Hospitalisation,2014,6,Hit object,Single Vehicle,153.0678853,-27.62278641,Gateway Arterial Rd,,Stretton,Stretton,No Roadway Feature,No traffic control,100 - 110 km/h,Sealed - Dry,Dawn/Dusk,Straight,Off Path-Curve: Off Cway Rt Bend Hit Obj,Off carriageway on curve hit object,0,2,0,0,2,1,0,0,0,0,0,0
272024,Hospitalisation,2014,2,Hit parked vehicle,Single Vehicle,153.085921,-27.584881,Warrigal Rd,,Eight Mile Plains,Stretton,No Roadway Feature,No traffic control,60 km/h,Sealed - Dry,Darkness - Lighted,Straight,Off Path-Straight: Left Off Cway Hit Obj,Off carriageway on straight hit object,0,1,0,0,1,2,0,0,0,0,0,0
272025,Minor injury,2014,16,Rear-end,Multi-Vehicle,153.126453,-27.497573,Belmont Rd,Gateway Art Rd Ramp Vf,Belmont,Chatsworth,Intersection - Interchange,No traffic control,60 km/h,Sealed - Dry,Daylight,Curved - view open,Veh'S Same Direction: Other,Other,0,0,0,1,1,2,0,0,0,0,0,0
272052,Hospitalisation,2014,6,Hit parked vehicle,Single Vehicle,153.1007637,-27.4451393,Gateway Arterial Rd,,Murarrie,Bulimba,Bridge/Causeway,No traffic control,80 - 90 km/h,Sealed - Dry,Daylight,Straight,Veh'S On Path: Accident Or Broken Down,Hit parked vehicle,0,1,0,0,1,0,0,1,0,0,0,1
272053,Hospitalisation,2014,6,Head-on,Multi-Vehicle,153.011369,-27.538066,Fairfield Rd,,Yeerongpilly,Yeerongpilly,No Roadway Feature,No traffic control,70 km/h,Sealed - Dry,Dawn/Dusk,Straight,Veh'S Opposite Approach: Thru-Right,Opposing vehicles turning,0,1,0,0,1,2,1,0,0,0,0,0
272054,Minor injury,2014,5,Angle,Multi-Vehicle,153.105831,-27.593179,Millers Rd,Underwood Rd,Eight Mile Plains,Stretton,Intersection - Cross,Give way sign,0 - 50 km/h,Sealed - Dry,Darkness - Lighted,Straight,Veh'S Adjacent Approach: Thru-Thru,Intersection from adjacent approaches,0,0,0,1,1,2,0,0,0,0,0,0
272079,Hospitalisation,2014,11,Angle,Multi-Vehicle,152.9453046,-27.59762224,Progress Rd,Western Arterial Rd,Richlands,Inala,Intersection - Interchange,Operating traffic lights,60 km/h,Sealed - Dry,Daylight,Straight,Veh'S Adjacent Approach: Thru-Right,Intersection from adjacent approaches,0,1,0,0,1,2,0,0,0,0,0,0
272081,Hospitalisation,2014,15,Rear-end,Multi-Vehicle,153.0139962,-27.53766822,Ipswich Rd,,Moorooka,Yeerongpilly,No Roadway Feature,No traffic control,60 km/h,Sealed - Dry,Daylight,Straight,Veh'S Same Direction: Rear End,Rear-end,0,1,0,3,4,4,0,0,0,0,0,0
272082,Minor injury,2014,9,Angle,Multi-Vehicle,152.987266,-27.531601,Egmont St,Hall St,Sherwood,Indooroopilly,Intersection - Roundabout,Give way sign,0 - 50 km/h,Sealed - Dry,Daylight,Curved - view open,Veh'S Adjacent Approach: Thru-Thru,Intersection from adjacent approaches,0,0,0,1,1,1,0,0,0,1,0,0