Crash_Ref_Number,Severity,Year,Hour,Crash_Nature,Crash_Type,Longitude,Latitude,Street,Street_Intersecting,Suburb,Loc_State_Electorate,Crash_Roadway_Feature,Crash_Traffic_Control,Crash_Speed_Limit,Crash_Road_Surface_Condition,Crash_Lighting_Condition,Crash_Road_Horiz_Align,Crash_DCA_Description,Crash_DCA_Group_Description,Count_Casualty_Fatality,Count_Casualty_Hospitalised,Count_Casualty_MedicallyTreated,Count_Casualty_MinorInjury,Count_Casualty_Total,Count_Unit_Car,Count_Unit_Motorcycle_Moped,Count_Unit_Truck,Count_Unit_Bus,Count_Unit_Bicycle,Count_Unit_Pedestrian,Count_Unit_Other
272083,Minor injury,2014,8,Rear-end,Multi-Vehicle,152.9853793,-27.5651371,Cunningham Arterial Rd,,Oxley,Mount Ommaney,No Roadway Feature,No traffic control,80 - 90 km/h,Sealed - Dry,Daylight,Straight,Veh'S Same Direction: Rear End,Rear-end,0,0,0,1,1,2,0,0,0,0,0,0
272118,Hospitalisation,2014,20,Angle,Multi-Vehicle,152.980874,-27.571023,Blunder Rd,Boundary Rd,Oxley,Inala,Intersection - Cross,Operating traffic lights,70 km/h,Sealed - Dry,Darkness - Lighted,Straight,Veh'S Adjacent Approach: Thru-Right,Intersection from adjacent approaches,0,2,0,0,2,2,0,0,0,0,0,0
272119,Hospitalisation,2014,14,Angle,Multi-Vehicle,153.039912,-27.501887,South East Arterial Rd,,Greenslopes,South Brisbane,Intersection - Interchange,Operating traffic lights,60 km/h,Sealed - Dry,Daylight,Curved - view obscured,Veh'S Manoeuvring: Entering From Footway,Vehicle leaving driveway,0,1,0,0,1,1,0,0,0,1,0,0
272120,Hospitalisation,2014,18,Rear-end,Multi-Vehicle,153.039548,-27.50300901,South East Arterial Rd,,Greenslopes,South Brisbane,No Roadway Feature,No traffic control,100 - 110 km/h,Sealed - Dry,Darkness - Lighted,Straight,Veh'S Same Direction: Rear End,Rear-end,0,2,0,0,2,5,0,0,0,0,0,0
272122,Medical treatment,2014,16,Angle,Multi-Vehicle,153.093658,-27.469,Wynnum Rd,,Cannon Hill,Bulimba,No Roadway Feature,No traffic control,60 km/h,Sealed - Dry,Daylight,Straight,Off Path-Straight: Other,Other,0,0,1,0,1,1,0,0,0,1,0,0
272124,Medical treatment,2014,18,Rear-end,Multi-Vehicle,153.062576,-27.579242,Lister St,Mains Rd,Sunnybank,Sunnybank,Intersection - Cross,Operating traffic lights,60 km/h,Sealed - Dry,Darkness - Lighted,Straight,Veh'S Same Direction: Left Rear,Rear-end,0,0,1,0,1,2,0,0,0,0,0,0
272125,Medical treatment,2014,10,Rear-end,Multi-Vehicle,153.018351,-27.473999,Grey St,Melbourne St,South Brisbane,South Brisbane,Intersection - Cross,Operating traffic lights,60 km/h,Sealed - Dry,Daylight,Straight,Veh'S Same Direction: Rear End,Rear-end,0,0,1,0,1,2,0,0,0,0,0,0
272150,Hospitalisation,2014,19,Hit pedestrian,Hit pedestrian,153.060994,-27.493471,French St,Old Cleveland Rd,Coorparoo,Greenslopes,Intersection - T-Junction,Operating traffic lights,60 km/h,Sealed - Dry,Darkness - Not lighted,Straight,Ped'N: Near Side Vehicle Hit From Right,Pedestrian,0,1,0,0,1,1,0,0,0,0,2,0
272151,Medical treatment,2014,14,Angle,Multi-Vehicle,152.96651,-27.59082,Azalea St,Eugenia St,Inala,Inala,Intersection - Cross,Give way sign,60 km/h,Sealed - Dry,Daylight,Straight,Veh'S Adjacent Approach: Thru-Thru,Intersection from adjacent approaches,0,0,1,1,2,2,0,0,0,0,0,0
272154,Hospitalisation,2014,19,Hit pedestrian,Hit pedestrian,152.9825006,-27.53464765,Oxley Rd,,Sherwood,Indooroopilly,No Roadway Feature,No traffic control,60 km/h,Sealed - Dry,Darkness - Lighted,Straight,Ped'N: Near Side Vehicle Hit From Right,Pedestrian,0,1,0,0,1,1,0,0,0,0,1,0
272155,Hospitalisation,2014,1,Hit object,Single Vehicle,153.039019,-27.566106,Orange Grove Rd,,Coopers Plains,Sunnybank,No Roadway Feature,No traffic control,60 km/h,Sealed - Dry,Darkness - Lighted,Straight,Off Path-Straight: Left Off Cway Hit Obj,Off carriageway on straight hit object,0,1,0,0,1,1,0,0,0,0,0,0
272156,Medical treatment,2014,6,Rear-end,Multi-Vehicle,153.087686,-27.565907,Logan Sub-Arterial Rd,,Upper Mount Gravatt,Mansfield,No Roadway Feature,No traffic control,60 km/h,Sealed - Dry,Dawn/Dusk,Straight,Veh'S Same Direction: Rear End,Rear-end,0,0,1,0,1,3,0,0,0,0,0,0
272157,Minor injury,2014,14,Hit pedestrian,Hit pedestrian,153.020711,-27.477476,Glenelg St,Grey St,South Brisbane,South Brisbane,Intersection - Cross,Operating traffic lights,0 - 50 km/h,Sealed - Dry,Daylight,Straight,Ped'N: Near Side Vehicle Hit From Right,Pedestrian,0,0,0,3,3,1,0,0,0,0,2,0
272158,Medical treatment,2014,11,Angle,Multi-Vehicle,153.035411,-27.4947,Agnes St,Reis St,Woolloongabba,South Brisbane,Intersection - Cross,Give way sign,0 - 50 km/h,Sealed - Dry,Daylight,Straight,Veh'S Adjacent Approach: Thru-Thru,Intersection from adjacent approaches,0,0,1,0,1,2,0,0,0,0,0,0
272159,Medical treatment,2014,15,Sideswipe,Multi-Vehicle,153.019066,-27.48085691,Cordelia St,Ernest St,South Brisbane,South Brisbane,Intersection - Cross,Operating traffic lights,0 - 50 km/h,Sealed - Dry,Daylight,Curved - view open,Veh'S Same Direction: Lane Side Swipe,Lane changes,0,0,1,0,1,1,0,0,0,0,0,1
272160,Medical treatment,2014,18,Angle,Multi-Vehicle,153.042638,-27.487568,Kingfisher La,Stanley St East,East Brisbane,South Brisbane,Intersection - Cross,No traffic control,60 km/h,Sealed - Dry,Darkness - Lighted,Straight,Veh'S Adjacent Approach: Thru-Thru,Intersection from adjacent approaches,0,0,1,1,2,2,0,0,0,0,0,0
272161,Medical treatment,2014,17,Angle,Multi-Vehicle,153.139925,-27.441383,Lindum Rd,,Lytton,Lytton,No Roadway Feature,No traffic control,60 km/h,Sealed - Dry,Dawn/Dusk,Curved - view obscured,Veh'S Manoeuvring: Entering From Footway,Vehicle leaving driveway,0,0,1,0,1,2,0,0,0,0,0,0
272191,Minor injury,2014,9,Overturned,Single Vehicle,153.124433,-27.502762,Cleveland Sub-Arterial Rd,Gateway Art Rd Ramp Va,Belmont,Chatsworth,Intersection - Interchange,Operating traffic lights,60 km/h,Sealed - Dry,Daylight,Curved - view open,Vehicle Right-Turning At I/S (Or Drivewa,Out of control on curve,0,0,0,1,1,0,0,1,0,0,0,0
272192,Medical treatment,2014,10,Rear-end,Multi-Vehicle,153.066584,-27.504625,Chatsworth Rd,Lancaster St,Coorparoo,Greenslopes,Intersection - Cross,No traffic control,60 km/h,Sealed - Dry,Daylight,Straight,Veh'S Same Direction: Rear End,Rear-end,0,0,1,0,1,2,0,0,0,0,0,0
272194,Hospitalisation,2014,14,Hit object,Single Vehicle,153.150592,-27.483083,Arenga St,Basella St,Wakerley,Chatsworth,Intersection - T-Junction,Give way sign,60 km/h,Sealed - Dry,Daylight,Straight,Off Path-Straight: Other,Other,0,1,0,0,1,1,0,0,0,0,0,0
272223,Medical treatment,2014,13,Angle,Multi-Vehicle,152.972312,-27.598824,Crake St,Kittyhawk Ave,Inala,Inala,Intersection - T-Junction,Give way sign,60 km/h,Sealed - Dry,Daylight,Straight,Veh'S Manoeuvring: Leaving Driveway,Vehicle leaving driveway,0,0,1,0,1,2,0,0,0,0,0,0
272225,Medical treatment,2014,5,Angle,Multi-Vehicle,153.031633,-27.554537,Bidder St,Lillian Ave,Salisbury,Yeerongpilly,Intersection - Cross,Give way sign,0 - 50 km/h,Sealed - Dry,Darkness - Lighted,Straight,Veh'S Same Direction: Left Turn S/Swipe,Parallel lanes turning,0,0,1,0,1,1,0,0,0,1,0,0
272226,Minor injury,2014,9,Sideswipe,Multi-Vehicle,153.083463,-27.467593,Wynnum Rd,,Cannon Hill,Bulimba,No Roadway Feature,No traffic control,60 km/h,Sealed - Dry,Daylight,Straight,Veh'S Same Direction: Lane Side Swipe,Lane changes,0,0,0,1,1,2,0,0,0,0,0,0
272227,Minor injury,2014,9,Rear-end,Multi-Vehicle,153.089715,-27.575454,Padstow Rd,,Eight Mile Plains,Sunnybank,No Roadway Feature,No traffic control,60 km/h,Sealed - Dry,Daylight,Straight,Veh'S Same Direction: Rear End,Rear-end,0,0,0,1,1,3,0,0,0,0,0,0
272228,Minor injury,2014,17,Rear-end,Multi-Vehicle,153.035968,-27.486534,Main St,Stanley St,Woolloongabba,South Brisbane,Intersection - Cross,Operating traffic lights,0 - 50 km/h,Sealed - Dry,Daylight,Straight,Veh'S Same Direction: Right Rear,Rear-end,0,0,0,1,1,2,0,0,0,0,0,0
272257,Medical treatment,2014,14,Rear-end,Multi-Vehicle,153.0762483,-27.53486528,Creighton St,Logan Rd,Mount Gravatt,Greenslopes,Intersection - T-Junction,No traffic control,60 km/h,Sealed - Dry,Daylight,Straight,Veh'S Same Direction: Rear End,Rear-end,0,0,1,0,1,3,0,0,0,0,0,0
272258,Hospitalisation,2014,17,Angle,Multi-Vehicle,152.970824,-27.626978,Forest Lake Blvd,Grand Ave,Forest Lake,Algester,Intersection - Cross,Operating traffic lights,60 km/h,Sealed - Dry,Dawn/Dusk,Straight,Veh'S Opposite Approach: Thru-Right,Opposing vehicles turning,0,1,0,0,1,1,0,0,1,0,0,0
272262,Medical treatment,2014,11,Head-on,Multi-Vehicle,153.071961,-27.479565,Oateson Skyline Dr,,Seven Hills,Bulimba,No Roadway Feature,No traffic control,60 km/h,Sealed - Dry,Daylight,Curved - view open,Veh'S Opposite Approach: Head On,Head-on,0,0,1,0,1,2,0,0,0,0,0,0
272264,Hospitalisation,2014,18,Angle,Multi-Vehicle,153.0354204,-27.49949707,Ipswich Rd,,Woolloongabba,South Brisbane,Intersection - T-Junction,Operating traffic lights,60 km/h,Sealed - Dry,Darkness - Lighted,Straight,Ped'N: Far Side Vehicle Hit From Left,Pedestrian,0,1,0,0,1,1,0,0,0,0,0,1
272287,Hospitalisation,2014,10,Angle,Multi-Vehicle,153.058493,-27.611727,Chateau St,Compton Rd,Calamvale,Stretton,Intersection - T-Junction,Operating traffic lights,60 km/h,Sealed - Dry,Daylight,Straight,Veh'S Adjacent Approach: Thru-Right,Intersection from adjacent approaches,0,1,0,0,1,2,0,0,0,0,0,0
272288,Hospitalisation,2014,8,Rear-end,Multi-Vehicle,153.0337712,-27.50853579,Ipswich Rd,,Annerley,South Brisbane,No Roadway Feature,No traffic control,60 km/h,Sealed - Dry,Daylight,Straight,Veh'S Same Direction: Rear End,Rear-end,0,1,0,0,1,0,0,2,0,0,0,0
272293,Medical treatment,2014,16,Hit object,Single Vehicle,153.0561131,-27.55053932,Ring Rd,,Nathan,Yeerongpilly,No Roadway Feature,No traffic control,60 km/h,Sealed - Dry,Daylight,Curved - view open,Off Path-Straight:Right Off Cway Hit Obj,Off carriageway on straight hit object,0,0,1,0,1,1,0,0,0,1,0,0
272327,Medical treatment,2014,15,Rear-end,Multi-Vehicle,153.015241,-27.566698,Beatty Rd,,Archerfield,Sunnybank,No Roadway Feature,No traffic control,60 km/h,Sealed - Dry,Daylight,Straight,Veh'S Same Direction: Rear End,Rear-end,0,0,1,0,1,2,0,0,0,0,0,0
272329,Hospitalisation,2014,14,Angle,Multi-Vehicle,153.036843,-27.525259,Andrew Ave,Bailey Ave,Tarragindi,Yeerongpilly,Intersection - T-Junction,No traffic control,0 - 50 km/h,Sealed - Wet,Daylight,Straight,Veh'S Adjacant Approach: Thru-Left,Intersection from adjacent approaches,0,1,0,0,1,2,0,0,0,0,0,0
272330,Medical treatment,2014,14,Hit parked vehicle,Single Vehicle,153.064378,-27.478674,Bennetts Rd,,Norman Park,Bulimba,No Roadway Feature,No traffic control,0 - 50 km/h,Sealed - Wet,Daylight,Straight,Off Path-Straight: Left Off Cway Hit Obj,Off carriageway on straight hit object,0,0,1,0,1,1,0,1,0,0,0,1
272332,Medical treatment,2014,18,Angle,Multi-Vehicle,153.0382426,-27.47488989,Lambert St,,Kangaroo Point,South Brisbane,No Roadway Feature,No traffic control,0 - 50 km/h,Sealed - Dry,Dawn/Dusk,Straight,Veh'S Same Direction: Right Turn S/Swipe,Parallel lanes turning,0,0,1,0,1,2,0,0,0,0,0,0
272333,Minor injury,2014,11,Rear-end,Multi-Vehicle,153.035787,-27.474763,Bradfield Hwy,,Kangaroo Point,South Brisbane,Intersection - Interchange,Give way sign,60 km/h,Sealed - Dry,Daylight,Curved - view open,Veh'S Same Direction: Left Rear,Rear-end,0,0,0,1,1,2,0,0,0,0,0,0
272334,Medical treatment,2014,18,Rear-end,Multi-Vehicle,153.16797,-27.474372,Manly Rd,,Manly West,Lytton,No Roadway Feature,No traffic control,60 km/h,Sealed - Wet,Darkness - Lighted,Straight,Veh'S Same Direction: Rear End,Rear-end,0,0,1,0,1,2,0,0,0,0,0,0
272370,Hospitalisation,2014,5,Hit object,Single Vehicle,152.927055,-27.58748,Cunningham Arterial Rd,Progress Rd,Wacol,Inala,Intersection - Roundabout,Give way sign,60 km/h,Sealed - Dry,Dawn/Dusk,Curved - view open,Veh'S On Path: Temporary Object On C'Way,Other,0,1,0,0,1,0,1,0,0,0,0,0
272371,Medical treatment,2014,8,Angle,Multi-Vehicle,153.053889,-27.589519,Chilton St,Garro St,Sunnybank Hills,Sunnybank,Intersection - Roundabout,Give way sign,0 - 50 km/h,Sealed - Dry,Daylight,Straight,Veh'S Adjacent Approach: Thru-Thru,Intersection from adjacent approaches,0,0,1,0,1,2,0,0,0,0,0,0
272373,Medical treatment,2014,16,Hit object,Single Vehicle,153.025067,-27.557729,Norbury St,,Coopers Plains,Sunnybank,No Roadway Feature,No traffic control,60 km/h,Sealed - Dry,Daylight,Curved - view obscured,Off Path-Curve: Off Cway Rt Bend Hit Obj,Off carriageway on curve hit object,0,0,1,0,1,1,0,0,0,0,0,0
272374,Medical treatment,2014,16,Rear-end,Multi-Vehicle,153.098552,-27.456893,Creek Rd,Lytton Rd,Murarrie,Bulimba,Intersection - T-Junction,No traffic control,60 km/h,Sealed - Dry,Daylight,Straight,Veh'S Same Direction: Left Rear,Rear-end,0,0,1,0,1,2,0,0,0,0,0,0
272376,Medical treatment,2014,16,Rear-end,Multi-Vehicle,153.037751,-27.475739,Shafston Ave,,Kangaroo Point,South Brisbane,No Roadway Feature,No traffic control,60 km/h,Sealed - Dry,Daylight,Straight,Veh'S Same Direction: Rear End,Rear-end,0,0,1,0,1,1,1,0,0,0,0,0
272407,Minor injury,2014,16,Rear-end,Multi-Vehicle,153.0295931,-27.62563614,Algester Rd,,Algester,Algester,No Roadway Feature,No traffic control,60 km/h,Sealed - Dry,Daylight,Straight,Veh'S Same Direction: Rear End,Rear-end,0,0,0,1,1,2,0,0,0,0,0,0
272408,Hospitalisation,2014,7,Hit object,Single Vehicle,152.932788,-27.556377,Dandenong Rd,Horizon Dr,Jamboree Heights,Mount Ommaney,Intersection - T-Junction,No traffic control,60 km/h,Sealed - Dry,Daylight,Curved - view open,Off Path-Curve: Off Cway Lt Bend Hit Obj,Off carriageway on curve hit object,0,1,0,0,1,1,0,0,0,0,0,0
272409,Medical treatment,2014,8,Angle,Multi-Vehicle,153.034482,-27.569866,Boundary Rd,Halt St,Coopers Plains,Sunnybank,Intersection - T-Junction,Operating traffic lights,60 km/h,Sealed - Dry,Daylight,Straight,Veh'S Adjacent Approach: Right-Thru,Intersection from adjacent approaches,0,0,1,0,1,2,0,0,0,0,0,0
272410,Medical treatment,2014,15,Rear-end,Multi-Vehicle,153.1251942,-27.58050591,Miles Platting Rd,Rochedale Rd,Rochedale,Mansfield,Intersection - T-Junction,Operating traffic lights,60 km/h,Sealed - Dry,Daylight,Straight,Veh'S Same Direction: Rear End,Rear-end,0,0,1,0,1,2,0,0,0,0,0,0
272411,Hospitalisation,2014,15,Sideswipe,Multi-Vehicle,153.0953484,-27.59171132,Underwood Rd,,Eight Mile Plains,Stretton,No Roadway Feature,No traffic control,70 km/h,Sealed - Dry,Daylight,Straight,Veh'S Same Direction: Right Turn S/Swipe,Parallel lanes turning,0,1,0,0,1,1,1,0,0,0,0,0
272412,Hospitalisation,2014,5,Sideswipe,Multi-Vehicle,153.037517,-27.489514,Walker St,,Woolloongabba,South Brisbane,No Roadway Feature,No traffic control,0 - 50 km/h,Sealed - Dry,Dawn/Dusk,Curved - view open,Veh'S Opposite Approach: Head On,Head-on,0,1,0,0,1,1,1,0,0,0,0,0
272413,Medical treatment,2014,15,Rear-end,Multi-Vehicle,153.032232,-27.4865144,South East Arterial Rd,,Woolloongabba,South Brisbane,No Roadway Feature,No traffic control,100 - 110 km/h,Sealed - Dry,Daylight,Straight,Veh'S Same Direction: Rear End,Rear-end,0,0,1,0,1,2,0,0,0,0,0,0
272438,Hospitalisation,2014,15,Hit pedestrian,Hit pedestrian,152.9352446,-27.53441997,Curragundi Rd,,Jindalee,Mount Ommaney,No Roadway Feature,No traffic control,0 - 50 km/h,Sealed - Dry,Daylight,Straight,Ped'N: Hit Emerging Behind Vehicle,Pedestrian,0,1,0,0,1,1,0,0,0,0,1,0
272441,Medical treatment,2014,13,Hit object,Single Vehicle,153.0806313,-27.55863373,Logan Rd,,Upper Mount Gravatt,Mansfield,Intersection - T-Junction,No traffic control,60 km/h,Sealed - Dry,Daylight,Straight,Veh'S Opposite Approach: Head On,Head-on,0,0,2,0,2,2,0,0,0,0,0,0
272473,Hospitalisation,2014,16,Hit pedestrian,Hit pedestrian,153.04454,-27.498551,Beata St,Logan Rd,Greenslopes,South Brisbane,Intersection - T-Junction,Operating traffic lights,60 km/h,Sealed - Dry,Daylight,Curved - view open,Ped'N: Far Side Vehicle Hit From Left,Pedestrian,0,1,0,0,1,1,0,0,0,0,1,0
272474,Minor injury,2014,11,Angle,Multi-Vehicle,153.107122,-27.455453,Gateway Arterial Rd,Port Of Brisbane Rd,Murarrie,Bulimba,Intersection - Interchange,Operating traffic lights,0 - 50 km/h,Sealed - Dry,Daylight,Straight,Veh'S Adjacent Approach: Thru-Right,Intersection from adjacent approaches,0,0,0,1,1,1,0,0,0,0,0,1
272475,Hospitalisation,2014,20,Hit pedestrian,Hit pedestrian,153.087968,-27.591285,Springsure St,Woorabinda St,Runcorn,Stretton,Intersection - T-Junction,No traffic control,0 - 50 km/h,Sealed - Dry,Darkness - Lighted,Curved - view obscured,Ped'N: Far Side Vehicle Hit From Left,Pedestrian,0,1,0,0,1,1,0,0,0,0,1,0
272476,Medical treatment,2014,10,Rear-end,Multi-Vehicle,153.079956,-27.549108,Logan Rd,Mt Gravatt Rd,Upper Mount Gravatt,Mansfield,Intersection - T-Junction,Give way sign,60 km/h,Sealed - Dry,Daylight,Straight,Veh'S Same Direction: Right Rear,Rear-end,0,0,3,0,3,2,0,0,0,0,0,0
272477,Medical treatment,2014,17,Rear-end,Multi-Vehicle,153.104706,-27.579056,Gateway Arterial Rd,,Rochedale,Mansfield,No Roadway Feature,No traffic control,70 km/h,Sealed - Dry,Dawn/Dusk,Straight,Veh'S Same Direction: Rear End,Rear-end,0,0,1,0,1,2,0,0,0,0,0,0
272478,Hospitalisation,2014,22,Angle,Multi-Vehicle,153.0231893,-27.48087134,Grey St,Tribune St,South Brisbane,South Brisbane,Intersection - Cross,No traffic control,0 - 50 km/h,Sealed - Dry,Darkness - Lighted,Straight,Veh'S Opposite Approach: Right-Left,Opposing vehicles turning,0,1,0,0,1,1,1,0,0,0,0,0
272479,Medical treatment,2014,10,Rear-end,Multi-Vehicle,153.047602,-27.478588,Lytton Rd,Scanlan St,East Brisbane,South Brisbane,Intersection - T-Junction,No traffic control,60 km/h,Sealed - Dry,Daylight,Straight,Veh'S Same Direction: Right Rear,Rear-end,0,0,1,0,1,2,0,0,0,0,0,0
272485,Hospitalisation,2014,12,Rear-end,Multi-Vehicle,153.156108,-27.509097,Cleveland Sub-Arterial Rd,,Chandler,Chatsworth,No Roadway Feature,No traffic control,80 - 90 km/h,Sealed - Dry,Daylight,Straight,Veh'S Same Direction: Rear End,Rear-end,0,1,0,0,1,3,0,0,0,0,0,0
272495,Hospitalisation,2014,18,Hit pedestrian,Hit pedestrian,153.088536,-27.48823,Stanley Rd,,Carina,Chatsworth,No Roadway Feature,No traffic control,60 km/h,Sealed - Dry,Darkness - Lighted,Straight,Ped'N: Near Side Vehicle Hit From Right,Pedestrian,0,1,0,0,1,1,0,0,0,0,1,0
272496,Medical treatment,2014,6,Sideswipe,Multi-Vehicle,153.023924,-27.523775,Ipswich Rd,Longueval St,Moorooka,Yeerongpilly,Intersection - Cross,Operating traffic lights,60 km/h,Sealed - Dry,Darkness - Not lighted,Straight,Veh'S Same Direction: Lane Change Left,Lane changes,0,0,1,0,1,1,0,1,0,0,0,0
272498,Hospitalisation,2014,1,Rear-end,Multi-Vehicle,153.035854,-27.467498,Bradfield Hwy,,Kangaroo Point,South Brisbane,Bridge/Causeway,No traffic control,60 km/h,Sealed - Dry,Darkness - Not lighted,Straight,Veh'S Same Direction: Rear End,Rear-end,0,1,0,0,1,1,0,0,0,1,0,0
272499,Medical treatment,2014,6,Angle,Multi-Vehicle,153.170383,-27.446128,Andrew St,Ronald St,Wynnum,Lytton,Intersection - Cross,Give way sign,0 - 50 km/h,Sealed - Dry,Dawn/Dusk,Straight,Veh'S Adjacant Approach: Thru-Left,Intersection from adjacent approaches,0,0,1,0,1,1,0,0,0,1,0,0
272530,Hospitalisation,2014,16,Angle,Multi-Vehicle,153.064514,-27.491614,Bennetts Rd,,Camp Hill,Bulimba,No Roadway Feature,No traffic control,60 km/h,Sealed - Wet,Daylight,Straight,Veh'S Opposite Approach: Thru-Right,Opposing vehicles turning,0,1,0,0,1,2,0,0,0,0,0,0
272532,Hospitalisation,2014,14,Angle,Multi-Vehicle,153.094399,-27.532618,Newnham Rd,Wecker Rd,Mount Gravatt East,Mansfield,Intersection - T-Junction,Operating traffic lights,60 km/h,Sealed - Dry,Daylight,Curved - view open,Veh'S Opposite Approach: Thru-Right,Opposing vehicles turning,0,1,0,0,1,2,0,0,0,0,0,0
272534,Hospitalisation,2014,11,Sideswipe,Multi-Vehicle,153.035149,-27.500593,Ipswich Rd,,Woolloongabba,South Brisbane,No Roadway Feature,No traffic control,60 km/h,Sealed - Dry,Daylight,Straight,Veh'S Same Direction: Lane Change Left,Lane changes,0,1,0,0,1,1,0,1,0,0,0,0
272564,Medical treatment,2014,18,Rear-end,Multi-Vehicle,153.0465201,-27.62943721,Mt Lindesay Art. Rd,,Calamvale,Stretton,No Roadway Feature,No traffic control,80 - 90 km/h,Sealed - Dry,Dawn/Dusk,Straight,Veh'S Same Direction: Rear End,Rear-end,0,0,1,0,1,2,0,0,0,0,0,0
272565,Hospitalisation,2014,16,Fall from vehicle,Single Vehicle,153.048138,-27.608701,Highlands Dr,Mt Lindesay Art. Rd,Calamvale,Stretton,Intersection - T-Junction,Operating traffic lights,80 - 90 km/h,Sealed - Wet,Daylight,Straight,Off Path-Straight:Out Of Control On Cway,Out of control on straight,0,1,0,0,1,0,1,0,0,0,0,0
272566,Hospitalisation,2014,5,Sideswipe,Multi-Vehicle,153.0516696,-27.64782876,Logan Mwy,,Drewvale,Stretton,No Roadway Feature,No traffic control,100 - 110 km/h,Sealed - Dry,Dawn/Dusk,Straight,Veh'S Same Direction: Lane Change Left,Lane changes,0,1,0,0,1,1,0,1,0,0,0,0
272568,Medical treatment,2014,7,Rear-end,Multi-Vehicle,153.025836,-27.581598,Mt Lindesay Art. Rd,,Acacia Ridge,Sunnybank,No Roadway Feature,No traffic control,70 km/h,Sealed - Dry,Daylight,Straight,Veh'S Same Direction: Rear End,Rear-end,0,0,1,1,2,3,0,1,0,0,0,0
272569,Medical treatment,2014,8,Rear-end,Multi-Vehicle,153.039583,-27.598799,Mt Lindesay Art. Rd,,Acacia Ridge,Sunnybank,No Roadway Feature,No traffic control,80 - 90 km/h,Sealed - Dry,Daylight,Straight,Veh'S Same Direction: Rear End,Rear-end,0,0,1,0,1,3,0,0,0,0,0,0
272570,Medical treatment,2014,14,Angle,Multi-Vehicle,153.097195,-27.517503,Creek Rd,Pine Mountain Rd,Carina Heights,Mansfield,Intersection - Cross,Operating traffic lights,60 km/h,Sealed - Dry,Daylight,Straight,Veh'S Adjacent Approach: Thru-Thru,Intersection from adjacent approaches,0,0,1,0,1,3,0,0,0,0,0,0
272573,Medical treatment,2014,8,Angle,Multi-Vehicle,153.0919698,-27.58479619,Bordeaux St,,Eight Mile Plains,Stretton,No Roadway Feature,No traffic control,0 - 50 km/h,Sealed - Dry,Daylight,Straight,Veh'S Manoeuvring: Leaving Driveway,Vehicle leaving driveway,0,0,1,0,1,1,0,0,0,1,0,0
272574,Hospitalisation,2014,13,Sideswipe,Multi-Vehicle,153.0838681,-27.58955329,Invalid Street From Police,,Runcorn,Sunnybank,Intersection - T-Junction,Operating traffic lights,60 km/h,Sealed - Dry,Daylight,Straight,Veh'S Same Direction: Lane Change Left,Lane changes,0,1,0,0,1,1,1,0,0,0,0,0
272575,Fatal,2014,10,Fall from vehicle,Single Vehicle,153.192018,-27.471672,Esplanade,,Lota,Lytton,No Roadway Feature,No traffic control,0 - 50 km/h,Sealed - Wet,Daylight,Curved - view open,Off Path-Curve: Off Cway Rt Bend Hit Obj,Off carriageway on curve hit object,1,0,0,0,1,0,1,0,0,0,0,0
272576,Medical treatment,2014,16,Rear-end,Multi-Vehicle,153.12417,-27.445305,Field Ave,Port Of Brisbane Rd,Hemmant,Lytton,No Roadway Feature,No traffic control,60 km/h,Sealed - Dry,Daylight,Straight,Veh'S Same Direction: Rear End,Rear-end,0,0,1,0,1,3,0,0,0,0,0,0
272606,Medical treatment,2014,10,Angle,Multi-Vehicle,153.075384,-27.502211,Boundary Rd,Sector St,Coorparoo,Greenslopes,Intersection - T-Junction,No traffic control,60 km/h,Sealed - Dry,Daylight,Straight,Veh'S Opposite Approach: Thru-Right,Opposing vehicles turning,0,0,1,2,3,2,0,0,0,0,0,0
272607,Hospitalisation,2014,7,Rear-end,Multi-Vehicle,153.070781,-27.502268,Chatsworth Rd,Jerome St,Coorparoo,Greenslopes,Intersection - Cross,No traffic control,60 km/h,Sealed - Dry,Daylight,Straight,Veh'S Same Direction: Right Rear,Rear-end,0,2,0,0,2,3,0,0,0,0,0,0
272610,Minor injury,2014,15,Head-on,Multi-Vehicle,153.0369263,-27.53037832,Prior St,,Tarragindi,Yeerongpilly,No Roadway Feature,No traffic control,0 - 50 km/h,Sealed - Dry,Daylight,Straight,Veh'S Opposite Approach: Head On,Head-on,0,0,0,1,1,2,0,0,0,0,0,0
272611,Medical treatment,2014,17,Rear-end,Multi-Vehicle,153.084751,-27.591162,Warrigal Rd,,Runcorn,Stretton,No Roadway Feature,No traffic control,60 km/h,Sealed - Dry,Darkness - Lighted,Straight,Veh'S Same Direction: Rear End,Rear-end,0,0,1,0,1,2,0,0,0,0,0,0
272612,Minor injury,2014,7,Rear-end,Multi-Vehicle,153.121993,-27.545967,Redland Sub-Arterial Rd,,Mackenzie,Mansfield,No Roadway Feature,No traffic control,70 km/h,Sealed - Dry,Daylight,Straight,Veh'S Same Direction: Rear End,Rear-end,0,0,0,1,1,2,0,0,0,0,0,0
272613,Medical treatment,2014,8,Hit pedestrian,Hit pedestrian,153.18053,-27.451957,Gordon Pde,,Manly,Lytton,No Roadway Feature,No traffic control,0 - 50 km/h,Sealed - Dry,Daylight,Straight,Ped'N: Play; Work; Stand; Lie On C'Way,Pedestrian,0,0,1,0,1,1,0,0,0,0,1,0