Crash_Ref_Number,Severity,Year,Hour,Crash_Nature,Crash_Type,Longitude,Latitude,Street,Street_Intersecting,Suburb,Loc_State_Electorate,Crash_Roadway_Feature,Crash_Traffic_Control,Crash_Speed_Limit,Crash_Road_Surface_Condition,Crash_Lighting_Condition,Crash_Road_Horiz_Align,Crash_DCA_Description,Crash_DCA_Group_Description,Count_Casualty_Fatality,Count_Casualty_Hospitalised,Count_Casualty_MedicallyTreated,Count_Casualty_MinorInjury,Count_Casualty_Total,Count_Unit_Car,Count_Unit_Motorcycle_Moped,Count_Unit_Truck,Count_Unit_Bus,Count_Unit_Bicycle,Count_Unit_Pedestrian,Count_Unit_Other
272645,Hospitalisation,2014,15,Rear-end,Multi-Vehicle,152.9267847,-27.58948314,Cunningham Arterial Rd,Progress Rd,Wacol,Inala,Intersection - Interchange,Give way sign,60 km/h,Sealed - Dry,Daylight,Straight,Veh'S Same Direction: Left Rear,Rear-end,0,1,0,0,1,2,0,0,0,0,0,0
272646,Medical treatment,2014,8,Rear-end,Multi-Vehicle,153.014192,-27.57808,Mortimer Rd,,Acacia Ridge,Sunnybank,No Roadway Feature,No traffic control,60 km/h,Sealed - Dry,Daylight,Straight,Veh'S Same Direction: Rear End,Rear-end,0,0,1,0,1,3,0,0,0,0,0,0
272695,Medical treatment,2014,19,Sideswipe,Multi-Vehicle,152.933452,-27.582675,Cunningham Arterial Rd,,Wacol,Inala,No Roadway Feature,No traffic control,100 - 110 km/h,Sealed - Dry,Darkness - Lighted,Straight,Veh'S Same Direction: Lane Change Left,Lane changes,0,0,1,0,1,2,1,0,0,0,0,0
272696,Hospitalisation,2014,17,Hit object,Single Vehicle,153.011108,-27.58576,Beatty Rd,,Acacia Ridge,Sunnybank,No Roadway Feature,No traffic control,60 km/h,Sealed - Wet,Darkness - Not lighted,Curved - view open,Off Path-Curve: Off Cway Rt Bend Hit Obj,Off carriageway on curve hit object,0,1,0,0,1,1,0,0,0,0,0,0
272698,Medical treatment,2014,20,Rear-end,Multi-Vehicle,153.039798,-27.487133,Stanley St,Wellington Rd,East Brisbane,South Brisbane,Intersection - Cross,Operating traffic lights,60 km/h,Sealed - Dry,Darkness - Lighted,Straight,Veh'S Same Direction: Rear End,Rear-end,0,0,1,0,1,2,0,0,0,0,0,0
272725,Medical treatment,2014,9,Sideswipe,Multi-Vehicle,153.039739,-27.612791,Algester Rd,,Algester,Algester,No Roadway Feature,No traffic control,60 km/h,Sealed - Dry,Daylight,Straight,Veh'S Same Direction: Lane Change Left,Lane changes,0,0,1,0,1,1,0,1,0,0,0,0
272727,Medical treatment,2014,3,Hit object,Single Vehicle,152.984565,-27.645777,Stapylton Rd,,Heathwood,Algester,No Roadway Feature,No traffic control,70 km/h,Sealed - Dry,Darkness - Not lighted,Straight,Off Path-Straight: Left Off Cway Hit Obj,Off carriageway on straight hit object,0,0,1,0,1,1,0,0,0,0,0,0
272729,Minor injury,2014,17,Rear-end,Multi-Vehicle,153.165355,-27.481888,Greencamp Rd,Tilley Rd,Wakerley,Chatsworth,Intersection - T-Junction,Stop sign,60 km/h,Sealed - Dry,Daylight,Straight,Veh'S Same Direction: Rear End,Rear-end,0,0,0,1,1,2,0,0,0,0,0,0
272759,Hospitalisation,2014,11,Rear-end,Multi-Vehicle,153.075202,-27.502223,Canopus St,Sector St,Coorparoo,Greenslopes,Intersection - T-Junction,No traffic control,60 km/h,Sealed - Dry,Daylight,Straight,Veh'S Same Direction: Right Rear,Rear-end,0,1,0,0,1,2,0,0,0,0,0,0
272761,Medical treatment,2014,16,Angle,Multi-Vehicle,152.959463,-27.591924,Archerfield Rd,Pine Rd,Inala,Inala,Intersection - Cross,Stop sign,60 km/h,Sealed - Dry,Daylight,Straight,Veh'S Adjacent Approach: Thru-Thru,Intersection from adjacent approaches,0,0,1,1,2,2,0,0,0,0,0,0
272762,Medical treatment,2014,14,Angle,Multi-Vehicle,153.068602,-27.47062998,Jack Flynn Memorial Dr,Wynnum Rd,Morningside,Bulimba,Intersection - T-Junction,Operating traffic lights,60 km/h,Sealed - Dry,Daylight,Curved - view open,Veh'S Opposite Approach: Thru-Right,Opposing vehicles turning,0,0,1,1,2,2,0,0,0,0,0,0
272763,Hospitalisation,2014,22,Hit object,Single Vehicle,153.151951,-27.458774,Wynnum Rd,,Wynnum West,Lytton,No Roadway Feature,No traffic control,60 km/h,Sealed - Dry,Darkness - Lighted,Curved - view open,Off Path-Curve: Off Cway Rt Bend Hit Obj,Off carriageway on curve hit object,0,1,0,0,1,1,0,0,0,0,0,0
272782,Medical treatment,2014,12,Angle,Multi-Vehicle,153.081086,-27.598957,Beenleigh Rd,Persse Rd,Runcorn,Sunnybank,Intersection - T-Junction,Operating traffic lights,70 km/h,Sealed - Dry,Daylight,Straight,Veh'S Adjacent Approach: Thru-Right,Intersection from adjacent approaches,0,0,1,0,1,2,0,0,0,0,0,0
272783,Medical treatment,2014,18,Angle,Multi-Vehicle,153.014052,-27.523707,Fairfield Rd,King Arthur Tce,Yeerongpilly,Yeerongpilly,Intersection - T-Junction,Operating traffic lights,70 km/h,Sealed - Dry,Darkness - Lighted,Straight,Veh'S Opposite Approach: Thru-Right,Opposing vehicles turning,0,0,1,1,2,2,0,0,0,0,0,0
272787,Hospitalisation,2014,13,Rear-end,Multi-Vehicle,153.154565,-27.475498,Hargreaves Rd,Manly Rd,Manly West,Lytton,Intersection - Cross,Operating traffic lights,60 km/h,Sealed - Dry,Daylight,Straight,Veh'S Same Direction: Rear End,Rear-end,0,1,0,0,1,2,0,0,0,0,0,0
272824,Medical treatment,2014,5,Hit object,Single Vehicle,152.972751,-27.572626,Boundary Rd,Rudd St,Oxley,Inala,Intersection - Roundabout,Give way sign,60 km/h,Sealed - Dry,Darkness - Not lighted,Straight,Off Path-Straight: Mounts Traffic Island,Off carriageway on straight hit object,0,0,1,0,1,0,1,0,0,0,0,0
272825,Minor injury,2014,12,Rear-end,Multi-Vehicle,152.935389,-27.55989166,Dandenong Rd,Sumners Rd,Jamboree Heights,Mount Ommaney,Intersection - Cross,Operating traffic lights,60 km/h,Sealed - Dry,Daylight,Straight,Veh'S Same Direction: Right Rear,Rear-end,0,0,0,1,1,2,0,0,0,0,0,0
272827,Minor injury,2014,7,Angle,Multi-Vehicle,153.040705,-27.504346,Earl St,Juliette St,Greenslopes,South Brisbane,Intersection - Cross,Operating traffic lights,60 km/h,Sealed - Dry,Daylight,Straight,Veh'S Adjacent Approach: Thru-Thru,Intersection from adjacent approaches,0,0,0,1,1,2,0,0,0,0,0,0
272828,Medical treatment,2014,7,Angle,Multi-Vehicle,153.058212,-27.468004,Aaron Ave,Virginia Ave,Hawthorne,Bulimba,Intersection - T-Junction,No traffic control,0 - 50 km/h,Sealed - Dry,Daylight,Curved - view obscured,Veh'S Adjacent Approach: Thru-Right,Intersection from adjacent approaches,0,0,1,0,1,2,0,0,0,0,0,0
272829,Hospitalisation,2014,7,Angle,Multi-Vehicle,153.099702,-27.554487,Greenwood St,Redland Sub-Arterial Rd,Wishart,Mansfield,Intersection - T-Junction,Give way sign,60 km/h,Sealed - Dry,Daylight,Straight,Veh'S Adjacent Approach: Thru-Right,Intersection from adjacent approaches,0,1,1,0,2,2,0,0,0,0,0,0
272830,Hospitalisation,2014,16,Angle,Multi-Vehicle,153.034147,-27.50088,Cornwall St,,Woolloongabba,South Brisbane,No Roadway Feature,No traffic control,0 - 50 km/h,Sealed - Dry,Daylight,Straight,Veh'S Opposite Approach: Thru-Right,Opposing vehicles turning,0,2,1,0,3,2,0,0,0,0,0,0
272831,Medical treatment,2014,12,Rear-end,Multi-Vehicle,153.037197,-27.475495,O'Connell St,Shafston Ave,Kangaroo Point,South Brisbane,Intersection - T-Junction,Operating traffic lights,60 km/h,Sealed - Dry,Daylight,Straight,Veh'S Same Direction: Rear End,Rear-end,0,0,1,0,1,1,0,0,0,0,0,1
272832,Medical treatment,2014,14,Rear-end,Multi-Vehicle,153.158682,-27.441106,Sibley Rd,Wynnum Rd,Wynnum,Lytton,Intersection - T-Junction,Give way sign,0 - 50 km/h,Sealed - Dry,Daylight,Straight,Veh'S Same Direction: Right Rear,Rear-end,0,0,1,0,1,2,0,0,0,0,0,0
272860,Minor injury,2014,7,Rear-end,Multi-Vehicle,152.946327,-27.532472,Western Arterial Rd,,Jindalee,Mount Ommaney,No Roadway Feature,No traffic control,80 - 90 km/h,Sealed - Dry,Daylight,Straight,Veh'S Same Direction: Rear End,Rear-end,0,0,0,1,1,3,0,0,0,0,0,0
272861,Medical treatment,2014,8,Rear-end,Multi-Vehicle,153.024031,-27.5678727,Mt Lindesay Art. Rd,,Archerfield,Sunnybank,No Roadway Feature,No traffic control,70 km/h,Sealed - Dry,Daylight,Straight,Veh'S Same Direction: Rear End,Rear-end,0,0,1,0,1,2,0,0,0,0,0,0
272863,Medical treatment,2014,8,Rear-end,Multi-Vehicle,153.081529,-27.542463,Logan Rd,Rover St,Mount Gravatt,Mansfield,Intersection - T-Junction,No traffic control,60 km/h,Sealed - Dry,Daylight,Straight,Veh'S Same Direction: Rear End,Rear-end,0,0,1,0,1,2,0,0,0,0,0,0
272864,Hospitalisation,2014,9,Angle,Multi-Vehicle,152.993079,-27.560011,Collinsvale St,Donaldson Rd,Rocklea,Yeerongpilly,Intersection - T-Junction,Give way sign,60 km/h,Sealed - Dry,Daylight,Curved - view open,Veh'S Adjacent Approach: Right-Thru,Intersection from adjacent approaches,0,1,0,0,1,1,0,0,0,0,0,1
272866,Hospitalisation,2014,16,Rear-end,Multi-Vehicle,153.087013,-27.578533,Warrigal Rd,,Eight Mile Plains,Sunnybank,No Roadway Feature,No traffic control,60 km/h,Sealed - Dry,Daylight,Straight,Veh'S Same Direction: Rear End,Rear-end,0,1,0,0,1,2,0,0,0,0,0,0
272867,Medical treatment,2014,17,Rear-end,Multi-Vehicle,153.120333,-27.536358,Gateway Arterial Rd,,Mackenzie,Mansfield,No Roadway Feature,No traffic control,100 - 110 km/h,Sealed - Dry,Daylight,Straight,Veh'S Same Direction: Rear End,Rear-end,0,0,1,2,3,4,0,0,0,0,0,0
272868,Medical treatment,2014,17,Angle,Multi-Vehicle,153.022412,-27.493799,Gladstone Rd,Wahcumba St,Dutton Park,South Brisbane,Intersection - T-Junction,No traffic control,60 km/h,Sealed - Dry,Dawn/Dusk,Straight,Veh'S Opposite Approach: Thru-Right,Opposing vehicles turning,0,0,1,0,1,2,0,0,0,0,0,0
272869,Medical treatment,2014,15,Hit parked vehicle,Single Vehicle,153.006834,-27.483116,Hardgrave Rd,Victoria St,West End,South Brisbane,No Roadway Feature,No traffic control,60 km/h,Sealed - Dry,Daylight,Curved - view open,Veh'S On Path: Car Door,Hit parked vehicle,0,0,1,0,1,1,0,0,0,1,0,0
272870,Medical treatment,2014,14,Rear-end,Multi-Vehicle,153.026032,-27.483142,Graham St,Vulture St,South Brisbane,South Brisbane,Intersection - Cross,Operating traffic lights,0 - 50 km/h,Sealed - Dry,Daylight,Curved - view open,Veh'S Same Direction: Left Rear,Rear-end,0,0,1,0,1,2,0,0,0,0,0,0
272897,Medical treatment,2014,7,Rear-end,Multi-Vehicle,153.025964,-27.482859,Vulture St,,South Brisbane,South Brisbane,No Roadway Feature,No traffic control,60 km/h,Sealed - Dry,Daylight,Straight,Veh'S Same Direction: Rear End,Rear-end,0,0,1,0,1,2,0,0,0,0,0,0
272929,Medical treatment,2014,10,Angle,Multi-Vehicle,152.940642,-27.547411,Dandenong Rd,Western Arterial Rd,Mount Ommaney,Mount Ommaney,Bikeway,No traffic control,60 km/h,Sealed - Dry,Daylight,Straight,Veh'S Manoeuvring: Entering From Footway,Vehicle leaving driveway,0,0,1,0,1,1,0,0,0,1,0,0
272931,Medical treatment,2014,12,Angle,Multi-Vehicle,153.02427,-27.568389,Boundary Rd,Mt Lindesay Art. Rd,Coopers Plains,Sunnybank,Intersection - Cross,Operating traffic lights,70 km/h,Sealed - Dry,Daylight,Straight,Veh'S Opposite Approach: Thru-Right,Opposing vehicles turning,0,0,1,0,1,2,0,0,0,0,0,0
272932,Hospitalisation,2014,10,Rear-end,Multi-Vehicle,152.9766135,-27.51397088,Oxley Rd,,Chelmer,Indooroopilly,No Roadway Feature,No traffic control,60 km/h,Sealed - Dry,Daylight,Straight,Veh'S Same Direction: Rear End,Rear-end,0,1,0,0,1,2,0,0,0,0,0,0
272957,Medical treatment,2014,18,Rear-end,Multi-Vehicle,153.105067,-27.543182,Ham Rd,,Mansfield,Mansfield,Intersection - T-Junction,Give way sign,60 km/h,Sealed - Dry,Darkness - Lighted,Straight,Veh'S Same Direction: Rear End,Rear-end,0,0,2,0,2,3,0,0,0,0,0,0
272958,Minor injury,2014,13,Angle,Multi-Vehicle,152.964115,-27.596672,Frangipani St,Punica St,Inala,Inala,Intersection - Cross,Give way sign,0 - 50 km/h,Sealed - Dry,Daylight,Straight,Veh'S Adjacent Approach: Thru-Thru,Intersection from adjacent approaches,0,0,0,1,1,2,0,0,0,0,0,0
272961,Fatal,2014,9,Fall from vehicle,Single Vehicle,153.161159,-27.484555,Tilley Rd,,Wakerley,Chatsworth,No Roadway Feature,No traffic control,70 km/h,Sealed - Dry,Daylight,Straight,Off Path-Straight: Left Off Cway,Off carriageway on straight,1,0,0,0,1,0,1,0,0,0,0,0
272986,Hospitalisation,2014,16,Hit pedestrian,Hit pedestrian,153.108202,-27.506672,Firmiston St,Mannersley St,Carindale,Chatsworth,Intersection - T-Junction,Give way sign,0 - 50 km/h,Sealed - Dry,Daylight,Straight,Ped'N: Hit Facing Traffic,Pedestrian,0,1,0,0,1,1,0,0,0,0,1,0
272988,Medical treatment,2014,6,Rear-end,Multi-Vehicle,153.056935,-27.529265,South East Arterial Rd,,Holland Park West,Yeerongpilly,No Roadway Feature,No traffic control,100 - 110 km/h,Sealed - Dry,Daylight,Straight,Veh'S Same Direction: Rear End,Rear-end,0,0,1,0,1,1,0,1,0,0,0,0
272989,Hospitalisation,2014,5,Hit object,Single Vehicle,153.065034,-27.477859,Bennetts Rd,,Norman Park,Bulimba,No Roadway Feature,No traffic control,60 km/h,Sealed - Wet,Daylight,Curved - view open,Off Path-Curve: Off Cway Rt Bend Hit Obj,Off carriageway on curve hit object,0,1,0,0,1,1,0,0,0,0,0,0
272990,Minor injury,2014,6,Rear-end,Multi-Vehicle,153.117837,-27.545086,Gateway Art Rd Ramp Xi,,Mackenzie,Mansfield,Intersection - Cross,Operating traffic lights,60 km/h,Sealed - Wet,Daylight,Straight,Veh'S Same Direction: Rear End,Rear-end,0,0,0,1,1,2,0,0,0,0,0,0
272991,Medical treatment,2014,17,Rear-end,Multi-Vehicle,153.018592,-27.489687,Gladstone Rd,,Highgate Hill,South Brisbane,No Roadway Feature,No traffic control,60 km/h,Sealed - Dry,Daylight,Straight,Veh'S Same Direction: Rear End,Rear-end,0,0,2,0,2,3,0,0,0,0,0,0
272992,Medical treatment,2014,6,Angle,Multi-Vehicle,153.003623,-27.482666,Montague Rd,Victoria St,West End,South Brisbane,Intersection - Cross,Give way sign,60 km/h,Sealed - Wet,Dawn/Dusk,Straight,Veh'S Manoeuvring: Entering From Footway,Vehicle leaving driveway,0,0,1,0,1,1,0,0,0,1,0,0
273002,Medical treatment,2014,17,Rear-end,Multi-Vehicle,153.1694176,-27.52645316,Mt Gravatt - Capalaba Rd,,Chandler,Chatsworth,No Roadway Feature,No traffic control,80 - 90 km/h,Sealed - Dry,Daylight,Curved - view obscured,Veh'S Same Direction: Rear End,Rear-end,0,0,1,0,1,2,0,0,0,0,0,0
273023,Hospitalisation,2014,16,Rear-end,Multi-Vehicle,153.029278,-27.59753,Learoyd Rd,,Algester,Algester,No Roadway Feature,No traffic control,70 km/h,Sealed - Dry,Daylight,Straight,Veh'S Same Direction: Rear End,Rear-end,0,1,0,0,1,2,0,0,0,0,0,0
273028,Medical treatment,2014,15,Hit object,Single Vehicle,152.98802,-27.62920455,Blunder Rd,,Heathwood,Algester,No Roadway Feature,No traffic control,60 km/h,Sealed - Dry,Daylight,Straight,Off Path-Straight: Left Off Cway Hit Obj,Off carriageway on straight hit object,0,0,1,0,1,1,0,0,0,0,0,0
273029,Medical treatment,2014,14,Rear-end,Multi-Vehicle,152.978429,-27.560672,Oxley Rd,,Oxley,Mount Ommaney,No Roadway Feature,Pedestrian crossing sign,60 km/h,Sealed - Dry,Daylight,Straight,Veh'S Same Direction: Rear End,Rear-end,0,0,1,0,1,2,0,0,0,0,0,0
273030,Medical treatment,2014,8,Rear-end,Multi-Vehicle,153.0692507,-27.56139298,Griffith Arterial Rd,,Macgregor,Yeerongpilly,No Roadway Feature,No traffic control,60 km/h,Sealed - Dry,Daylight,Straight,Veh'S Same Direction: Rear End,Rear-end,0,0,1,0,1,2,0,0,0,0,0,0
273031,Minor injury,2014,5,Hit object,Single Vehicle,153.015919,-27.470602,Montague Rd,,South Brisbane,South Brisbane,No Roadway Feature,No traffic control,0 - 50 km/h,Sealed - Wet,Darkness - Lighted,Straight,Off Path-Straight: Mounts Traffic Island,Off carriageway on straight hit object,0,0,0,1,1,1,0,0,0,0,0,0
273032,Medical treatment,2014,17,Rear-end,Multi-Vehicle,153.027219,-27.497246,Gladstone Rd,,Dutton Park,South Brisbane,No Roadway Feature,No traffic control,60 km/h,Sealed - Dry,Dawn/Dusk,Straight,Veh'S Same Direction: Rear End,Rear-end,0,0,1,0,1,2,0,0,0,0,0,0
273059,Hospitalisation,2014,17,Hit pedestrian,Hit pedestrian,153.024439,-27.523435,Ipswich Rd,,Moorooka,Yeerongpilly,No Roadway Feature,No traffic control,60 km/h,Sealed - Dry,Dawn/Dusk,Straight,Ped'N: Hit While Boarding/Alighting,Pedestrian,0,1,0,0,1,1,0,0,0,0,1,0
273060,Medical treatment,2014,18,Angle,Multi-Vehicle,153.005982,-27.479016,Montague Rd,,West End,South Brisbane,No Roadway Feature,No traffic control,60 km/h,Sealed - Dry,Darkness - Lighted,Straight,Veh'S Manoeuvring: Other,Other,0,0,1,0,1,1,0,0,0,1,0,0
273061,Hospitalisation,2014,9,Hit pedestrian,Hit pedestrian,153.016699,-27.477275,Cordelia St,Russell St,South Brisbane,South Brisbane,Intersection - Cross,Operating traffic lights,60 km/h,Sealed - Dry,Daylight,Straight,Ped'N: Near Side Vehicle Hit From Right,Pedestrian,0,1,0,0,1,1,0,0,0,0,1,0
273062,Medical treatment,2014,12,Rear-end,Multi-Vehicle,153.178054,-27.369183,Bishop Dr,,Port Of Brisbane,Lytton,No Roadway Feature,No traffic control,60 km/h,Sealed - Dry,Daylight,Straight,Veh'S Manoeuvring: Reversing,Hit parked vehicle,0,0,1,0,1,0,1,1,0,0,0,0
273089,Hospitalisation,2014,11,Rear-end,Multi-Vehicle,152.951775,-27.5748546,Cunningham Arterial Rd,,Darra,Inala,No Roadway Feature,No traffic control,80 - 90 km/h,Sealed - Dry,Daylight,Straight,Veh'S Same Direction: Rear End,Rear-end,0,2,0,0,2,2,0,1,0,0,0,0
273090,Hospitalisation,2014,17,Rear-end,Multi-Vehicle,152.945543,-27.540155,Western Arterial Rd,,Sinnamon Park,Mount Ommaney,No Roadway Feature,No traffic control,100 - 110 km/h,Sealed - Dry,Daylight,Straight,Veh'S Same Direction: Rear End,Rear-end,0,1,0,0,1,1,1,0,0,0,0,0
273091,Minor injury,2014,16,Rear-end,Multi-Vehicle,153.039711,-27.504215,Juliette St,Marquis St,Greenslopes,South Brisbane,Intersection - Cross,Operating traffic lights,60 km/h,Sealed - Dry,Daylight,Straight,Veh'S Same Direction: Rear End,Rear-end,0,0,0,1,1,2,0,0,0,0,0,0
273092,Medical treatment,2014,8,Hit parked vehicle,Single Vehicle,153.051903,-27.509884,Ridge St,,Greenslopes,South Brisbane,No Roadway Feature,No traffic control,60 km/h,Sealed - Dry,Daylight,Straight,Veh'S On Path: Car Door,Hit parked vehicle,0,0,1,0,1,1,0,0,0,1,0,0
273093,Medical treatment,2014,9,Angle,Multi-Vehicle,153.056102,-27.525484,Cannes St,Marshall Rd,Holland Park West,Greenslopes,Intersection - Cross,Operating traffic lights,60 km/h,Sealed - Dry,Daylight,Curved - view open,Veh'S Adjacent Approach: Thru-Thru,Intersection from adjacent approaches,0,0,1,0,1,2,0,0,0,0,0,0
273095,Hospitalisation,2014,12,Angle,Multi-Vehicle,153.11635,-27.545103,Gateway Art Rd Ramp Xk,Redland Sub-Arterial Rd,Mackenzie,Mansfield,Intersection - Interchange,Operating traffic lights,60 km/h,Sealed - Dry,Daylight,Straight,Veh'S Opposite Approach: Thru-Right,Opposing vehicles turning,0,3,0,0,3,2,0,0,0,0,0,0
273096,Minor injury,2014,19,Fall from vehicle,Single Vehicle,153.035783,-27.480588,Llewellyn St,Main St,Kangaroo Point,South Brisbane,Intersection - T-Junction,No traffic control,0 - 50 km/h,Sealed - Dry,Darkness - Lighted,Straight,Off Path-Straight: Right Turn,Off carriageway on straight,0,0,0,1,1,0,1,0,0,0,1,0
273097,Minor injury,2014,16,Angle,Multi-Vehicle,153.040318,-27.497721,Gillingham St,O'Keefe St,Woolloongabba,South Brisbane,Intersection - Cross,Operating traffic lights,60 km/h,Sealed - Dry,Daylight,Straight,Veh'S Opposite Approach: U-Turn,U-turn,0,0,0,1,1,1,0,0,0,1,0,0
273098,Medical treatment,2014,8,Rear-end,Multi-Vehicle,153.161016,-27.461947,Wondall Rd,,Wynnum West,Lytton,No Roadway Feature,No traffic control,0 - 50 km/h,Sealed - Dry,Daylight,Straight,Veh'S Same Direction: Rear End,Rear-end,0,0,1,0,1,2,0,0,0,0,0,0
273106,Minor injury,2014,7,Rear-end,Multi-Vehicle,153.160215,-27.508715,Cleveland Sub-Arterial Rd,,Chandler,Chatsworth,No Roadway Feature,No traffic control,80 - 90 km/h,Sealed - Dry,Daylight,Straight,Veh'S Same Direction: Rear End,Rear-end,0,0,0,1,1,3,0,0,0,0,0,0
273126,Medical treatment,2014,18,Rear-end,Multi-Vehicle,153.058444,-27.599461,Hellawell Rd,Pinelands Rd,Sunnybank Hills,Sunnybank,Intersection - Cross,Operating traffic lights,60 km/h,Sealed - Dry,Dawn/Dusk,Straight,Veh'S Same Direction: Left Rear,Rear-end,0,0,1,0,1,2,0,0,0,0,0,0
273127,Medical treatment,2014,7,Angle,Multi-Vehicle,153.053622,-27.512855,Logan Rd,Plimsoll St,Greenslopes,Greenslopes,Intersection - T-Junction,Operating traffic lights,60 km/h,Sealed - Dry,Daylight,Straight,Veh'S Opposite Approach: Thru-Right,Opposing vehicles turning,0,0,1,0,1,2,0,0,0,0,0,0
273129,Medical treatment,2014,16,Angle,Multi-Vehicle,153.05337,-27.450504,Coutts St,Oxford St,Bulimba,Bulimba,Intersection - T-Junction,No traffic control,0 - 50 km/h,Sealed - Dry,Daylight,Straight,Veh'S Opposite Approach: Thru-Right,Opposing vehicles turning,0,0,1,0,1,1,1,0,0,0,0,0
273130,Hospitalisation,2014,8,Angle,Multi-Vehicle,153.054254,-27.474957,Wynnum Rd,,Norman Park,Bulimba,No Roadway Feature,No traffic control,60 km/h,Sealed - Dry,Daylight,Straight,Veh'S Manoeuvring: Other,Other,0,1,0,0,1,1,0,0,0,1,0,0
273131,Minor injury,2014,5,Angle,Multi-Vehicle,153.093228,-27.468977,Southgate Ave,Wynnum Rd,Cannon Hill,Bulimba,Intersection - Cross,Operating traffic lights,60 km/h,Sealed - Dry,Dawn/Dusk,Straight,Veh'S Opposite Approach: Thru-Right,Opposing vehicles turning,0,0,0,1,1,2,0,0,0,0,0,0
273132,Medical treatment,2014,7,Angle,Multi-Vehicle,152.980306,-27.5515,Epworth St,Thornburgh St,Oxley,Mount Ommaney,Intersection - T-Junction,No traffic control,0 - 50 km/h,Sealed - Dry,Daylight,Straight,Veh'S Adjacent Approach: Thru-Right,Intersection from adjacent approaches,0,0,1,0,1,1,1,0,0,0,0,0
273162,Hospitalisation,2014,10,Fall from vehicle,Single Vehicle,153.051215,-27.611034,Compton Rd,Mt Lindesay Art. Rd,Calamvale,Stretton,Intersection - T-Junction,Operating traffic lights,80 - 90 km/h,Sealed - Dry,Daylight,Straight,Off Path-Straight: Right Turn,Off carriageway on straight,0,1,0,0,1,0,1,0,0,0,0,0
273163,Minor injury,2014,11,Rear-end,Multi-Vehicle,153.010771,-27.543881,Ipswich Rd,,Rocklea,Yeerongpilly,Intersection - Interchange,Give way sign,60 km/h,Sealed - Dry,Daylight,Curved - view open,Veh'S Same Direction: Left Rear,Rear-end,0,0,0,1,1,2,0,0,0,0,0,0
273164,Medical treatment,2014,9,Angle,Multi-Vehicle,153.0545499,-27.57815982,Lister St,Station Rd,Sunnybank,Sunnybank,Intersection - Roundabout,Give way sign,0 - 50 km/h,Sealed - Dry,Daylight,Straight,Veh'S Adjacent Approach: Thru-Thru,Intersection from adjacent approaches,0,0,1,0,1,2,0,0,0,0,0,0
273165,Medical treatment,2014,12,Angle,Multi-Vehicle,153.035845,-27.482847,Main St,Princess St,Kangaroo Point,South Brisbane,Intersection - Cross,Operating traffic lights,60 km/h,Sealed - Dry,Daylight,Straight,Veh'S Opposite Approach: Thru-Right,Opposing vehicles turning,0,0,2,0,2,2,0,0,0,0,0,0
273187,Hospitalisation,2014,21,Fall from vehicle,Single Vehicle,153.024442,-27.639991,Talisker Pl,,Parkinson,Algester,No Roadway Feature,No traffic control,0 - 50 km/h,Sealed - Dry,Darkness - Lighted,Curved - view obscured,Pass & Misc: Fell In/From Vehicle,Other,0,1,0,0,1,1,0,0,0,0,0,0
273188,Hospitalisation,2014,5,Hit object,Single Vehicle,153.07215,-27.595469,Beenleigh Rd,,Runcorn,Stretton,No Roadway Feature,No traffic control,70 km/h,Sealed - Dry,Daylight,Curved - view open,Off Path-Curve: Off Cway Rt Bend Hit Obj,Off carriageway on curve hit object,0,1,0,0,1,1,0,0,0,0,0,0
273211,Medical treatment,2014,8,Angle,Multi-Vehicle,153.068485,-27.491386,Old Cleveland Rd,Pinecroft St,Camp Hill,Bulimba,Intersection - T-Junction,No traffic control,60 km/h,Sealed - Dry,Daylight,Straight,Veh'S Opposite Approach: U-Turn,U-turn,0,0,1,0,1,1,0,0,0,1,0,0
273212,Hospitalisation,2014,17,Hit object,Single Vehicle,152.948423,-27.58892,Garden Rd,Western Arterial Rd,Richlands,Inala,Intersection - Interchange,No traffic control,80 - 90 km/h,Sealed - Dry,Dawn/Dusk,Straight,Off Path-Straight:Right Off Cway Hit Obj,Off carriageway on straight hit object,0,1,0,0,1,1,0,0,0,0,0,0
273213,Medical treatment,2014,3,Rear-end,Multi-Vehicle,153.063888,-27.484105,Bennetts Rd,Mcilwraith Ave,Norman Park,Greenslopes,Intersection - Roundabout,Give way sign,60 km/h,Sealed - Dry,Daylight,Straight,Pass & Misc: Vehicle Movements Not Known,Other,0,0,1,0,1,2,0,0,0,0,0,0
273250,Medical treatment,2014,18,Rear-end,Multi-Vehicle,153.0267544,-27.52090306,Ipswich Rd,,Annerley,Yeerongpilly,No Roadway Feature,No traffic control,60 km/h,Sealed - Dry,Dawn/Dusk,Straight,Veh'S Same Direction: Rear End,Rear-end,0,0,1,0,1,2,0,0,0,0,0,0
273255,Hospitalisation,2014,5,Hit pedestrian,Hit pedestrian,153.02427,-27.568389,Boundary Rd,Mt Lindesay Art. Rd,Coopers Plains,Sunnybank,Intersection - Cross,Operating traffic lights,70 km/h,Sealed - Dry,Dawn/Dusk,Straight,Ped'N: Near Side Vehicle Hit From Right,Pedestrian,0,1,0,0,1,1,0,0,0,0,1,0
273256,Minor injury,2014,6,Sideswipe,Multi-Vehicle,153.077878,-27.466113,Kates St,,Morningside,Bulimba,No Roadway Feature,No traffic control,60 km/h,Sealed - Dry,Daylight,Straight,Veh'S Manoeuvring: Leaving Parking,Vehicle leaving driveway,0,0,0,1,1,2,0,0,0,0,0,0