Crash_Ref_Number,Severity,Year,Hour,Crash_Nature,Crash_Type,Longitude,Latitude,Street,Street_Intersecting,Suburb,Loc_State_Electorate,Crash_Roadway_Feature,Crash_Traffic_Control,Crash_Speed_Limit,Crash_Road_Surface_Condition,Crash_Lighting_Condition,Crash_Road_Horiz_Align,Crash_DCA_Description,Crash_DCA_Group_Description,Count_Casualty_Fatality,Count_Casualty_Hospitalised,Count_Casualty_MedicallyTreated,Count_Casualty_MinorInjury,Count_Casualty_Total,Count_Unit_Car,Count_Unit_Motorcycle_Moped,Count_Unit_Truck,Count_Unit_Bus,Count_Unit_Bicycle,Count_Unit_Pedestrian,Count_Unit_Other
273257,Medical treatment,2014,6,Sideswipe,Multi-Vehicle,152.9936345,-27.56228194,Cunningham Arterial Rd,,Rocklea,Yeerongpilly,No Roadway Feature,No traffic control,80 - 90 km/h,Sealed - Dry,Dawn/Dusk,Straight,Veh'S Same Direction: Lane Change Right,Lane changes,0,0,1,0,1,2,0,0,0,0,0,0
273284,Hospitalisation,2014,9,Hit object,Single Vehicle,153.051652,-27.612986,Mt Lindesay Art. Rd,,Calamvale,Stretton,No Roadway Feature,No traffic control,80 - 90 km/h,Sealed - Dry,Daylight,Curved - view open,Off Path-Curve: Mounts Traffic Island,Off carriageway on curve hit object,0,1,0,0,1,1,0,0,0,0,0,0
273285,Hospitalisation,2014,2,Hit object,Single Vehicle,153.0897834,-27.5167254,Pine Mountain Rd,,Carina Heights,Chatsworth,No Roadway Feature,No traffic control,60 km/h,Sealed - Dry,Darkness - Not lighted,Curved - view open,Off Path-Curve: Off Cway Lt Bend Hit Obj,Off carriageway on curve hit object,0,1,0,0,1,1,0,0,0,0,0,0
273313,Hospitalisation,2014,16,Fall from vehicle,Single Vehicle,152.958243,-27.5563497,Monier Rd,,Darra,Mount Ommaney,No Roadway Feature,No traffic control,60 km/h,Sealed - Dry,Daylight,Curved - view open,Off Path-Curve: Off Cway Right Bend,Off carriageway on curve,0,1,0,0,1,0,1,0,0,0,0,0
273316,Hospitalisation,2014,14,Head-on,Multi-Vehicle,153.009729,-27.549612,Gilmour Pl,Ipswich Mwy,Rocklea,Yeerongpilly,No Roadway Feature,No traffic control,0 - 50 km/h,Sealed - Dry,Daylight,Straight,Veh'S Opposite Approach: Head On,Head-on,0,1,0,0,1,1,1,0,0,0,0,0
273317,Medical treatment,2014,13,Hit parked vehicle,Single Vehicle,153.0972724,-27.46770948,Murarrie Rd,,Murarrie,Bulimba,No Roadway Feature,No traffic control,60 km/h,Sealed - Dry,Daylight,Straight,Veh'S On Path: Parked,Hit parked vehicle,0,0,1,0,1,2,0,0,0,0,0,0
273318,Minor injury,2014,7,Sideswipe,Multi-Vehicle,153.089832,-27.570764,Logan Sub-Arterial Rd,,Eight Mile Plains,Sunnybank,Intersection - Interchange,No traffic control,60 km/h,Sealed - Dry,Daylight,Curved - view open,Veh'S Same Direction: Lane Change Left,Lane changes,0,0,0,1,1,2,0,0,0,0,0,0
273319,Minor injury,2014,12,Rear-end,Multi-Vehicle,153.027421,-27.492672,Annerley Rd,Tillot St,Dutton Park,South Brisbane,Intersection - T-Junction,Give way sign,0 - 50 km/h,Sealed - Dry,Daylight,Straight,Veh'S Same Direction: Right Rear,Rear-end,0,0,0,1,1,2,0,0,0,0,0,0
273350,Medical treatment,2014,9,Angle,Multi-Vehicle,153.032853,-27.512693,Ekibin Rd,Lambton St,Annerley,Yeerongpilly,Intersection - Cross,Stop sign,60 km/h,Sealed - Dry,Daylight,Straight,Veh'S Adjacent Approach: Thru-Thru,Intersection from adjacent approaches,0,0,1,0,1,2,0,0,0,0,0,0
273352,Medical treatment,2014,21,Rear-end,Multi-Vehicle,153.038719,-27.507432,South East Arterial Rd,,Greenslopes,South Brisbane,No Roadway Feature,No traffic control,100 - 110 km/h,Sealed - Dry,Darkness - Lighted,Straight,Veh'S Same Direction: Rear End,Rear-end,0,0,1,0,1,2,0,0,0,0,0,0
273353,Medical treatment,2014,8,Rear-end,Multi-Vehicle,152.9847,-27.629907,Wadeville St,,Heathwood,Algester,No Roadway Feature,No traffic control,60 km/h,Sealed - Dry,Daylight,Straight,Veh'S Same Direction: Rear End,Rear-end,0,0,2,0,2,5,0,0,0,0,0,0
273355,Medical treatment,2014,11,Rear-end,Multi-Vehicle,153.029027,-27.486797,Annerley Rd,,Woolloongabba,South Brisbane,No Roadway Feature,Pedestrian operated lights,60 km/h,Sealed - Dry,Daylight,Straight,Veh'S Same Direction: Rear End,Rear-end,0,0,2,0,2,2,0,0,0,0,0,0
273362,Hospitalisation,2014,11,Angle,Multi-Vehicle,153.151887,-27.498314,Grassdale Rd,Tilley Rd,Gumdale,Chatsworth,Intersection - Cross,Stop sign,60 km/h,Sealed - Dry,Daylight,Straight,Veh'S Adjacent Approach: Thru-Thru,Intersection from adjacent approaches,0,2,0,0,2,1,0,0,0,0,0,1
273364,Hospitalisation,2014,17,Rear-end,Multi-Vehicle,153.179385,-27.513719,Cleveland Sub-Arterial Rd,New Cleveland Rd,Chandler,Chatsworth,No Roadway Feature,No traffic control,80 - 90 km/h,Sealed - Wet,Dawn/Dusk,Straight,Veh'S Same Direction: Right Rear,Rear-end,0,1,0,0,1,5,0,0,0,0,0,0
273371,Medical treatment,2014,9,Hit object,Single Vehicle,152.941244,-27.613617,Sinclair Dr,,Ellen Grove,Inala,No Roadway Feature,No traffic control,0 - 50 km/h,Sealed - Dry,Daylight,Curved - view open,Off Path-Curve: Off Cway Lt Bend Hit Obj,Off carriageway on curve hit object,0,0,1,0,1,1,0,0,0,0,0,0
273405,Minor injury,2014,19,Sideswipe,Multi-Vehicle,153.101867,-27.491458,Creek Rd,Meadowlands Rd,Carina,Chatsworth,Intersection - T-Junction,Operating traffic lights,60 km/h,Sealed - Wet,Darkness - Lighted,Curved - view open,Veh'S Opposite Approach: Thru-Right,Opposing vehicles turning,0,0,0,1,1,2,0,0,0,0,0,0
273409,Hospitalisation,2014,10,Hit pedestrian,Hit pedestrian,153.056047,-27.489678,Cavendish Rd,Jellicoe St,Coorparoo,Greenslopes,Intersection - T-Junction,Stop sign,60 km/h,Sealed - Wet,Daylight,Straight,Ped'N: Near Side Vehicle Hit From Right,Pedestrian,0,1,0,0,1,1,0,0,0,0,1,0
273411,Hospitalisation,2014,12,Hit object,Single Vehicle,152.986664,-27.6500196,Johnson Rd,,Heathwood,Algester,No Roadway Feature,No traffic control,80 - 90 km/h,Sealed - Wet,Daylight,Straight,Off Path-Straight: Left Off Cway Hit Obj,Off carriageway on straight hit object,0,1,0,0,1,1,0,0,0,0,0,0
273415,Minor injury,2014,23,Angle,Multi-Vehicle,153.039083,-27.501594,Cornwall St,Duke St,Woolloongabba,South Brisbane,Intersection - Cross,Operating traffic lights,60 km/h,Sealed - Wet,Darkness - Lighted,Straight,Off Path-Straight: Mounts Traffic Island,Off carriageway on straight hit object,0,0,0,1,1,1,0,0,0,0,0,0
273443,Hospitalisation,2014,16,Hit object,Single Vehicle,153.041701,-27.6458375,Logan Mwy Ramp Di,,Parkinson,Algester,Intersection - Interchange,No traffic control,80 - 90 km/h,Sealed - Wet,Darkness - Not lighted,Curved - view obscured,Off Path-Curve: Off Cway Lt Bend Hit Obj,Off carriageway on curve hit object,0,1,0,0,1,1,0,0,0,0,0,0
273444,Hospitalisation,2014,4,Hit object,Single Vehicle,152.9354082,-27.58125417,Cunningham Arterial Rd,,Wacol,Inala,No Roadway Feature,No traffic control,100 - 110 km/h,Sealed - Wet,Darkness - Lighted,Straight,Off Path-Straight:Right Off Cway Hit Obj,Off carriageway on straight hit object,0,1,0,0,1,1,0,0,0,0,0,0
273445,Medical treatment,2014,10,Hit object,Single Vehicle,153.035359,-27.522272,Cavan St,Tarragindi Rd,Tarragindi,Yeerongpilly,Intersection - T-Junction,No traffic control,0 - 50 km/h,Sealed - Dry,Daylight,Straight,Off Path-Straight: Left Off Cway Hit Obj,Off carriageway on straight hit object,0,0,2,0,2,1,0,0,0,0,0,0
273446,Hospitalisation,2014,17,Angle,Multi-Vehicle,153.059204,-27.49445,Cavendish Rd,Old Cleveland Rd,Coorparoo,Greenslopes,Intersection - Cross,Operating traffic lights,60 km/h,Sealed - Dry,Dawn/Dusk,Straight,Veh'S Adjacent Approach: Thru-Thru,Intersection from adjacent approaches,0,2,0,0,2,2,0,0,0,0,0,0
273464,Hospitalisation,2014,15,Angle,Multi-Vehicle,153.022156,-27.560615,Musgrave Rd,,Coopers Plains,Sunnybank,No Roadway Feature,No traffic control,60 km/h,Sealed - Dry,Daylight,Straight,Veh'S Manoeuvring: Leaving Driveway,Vehicle leaving driveway,0,1,0,0,1,1,1,0,0,0,0,0
273465,Medical treatment,2014,9,Angle,Multi-Vehicle,153.090354,-27.554524,Dawson Rd,Newnham Rd,Upper Mount Gravatt,Mansfield,Intersection - Cross,Operating traffic lights,60 km/h,Sealed - Dry,Daylight,Straight,Veh'S Opposite Approach: Thru-Right,Opposing vehicles turning,0,0,1,0,1,3,0,0,0,0,0,0
273466,Minor injury,2014,19,Rear-end,Multi-Vehicle,153.025873,-27.482886,Vulture St,,South Brisbane,South Brisbane,No Roadway Feature,No traffic control,60 km/h,Sealed - Dry,Darkness - Lighted,Straight,Veh'S Same Direction: Rear End,Rear-end,0,0,0,1,1,2,0,0,0,0,0,0
273496,Hospitalisation,2014,17,Hit pedestrian,Hit pedestrian,153.053185,-27.503406,Hipwood Ave,Pembroke Rd,Coorparoo,Greenslopes,Intersection - T-Junction,No traffic control,0 - 50 km/h,Sealed - Dry,Dawn/Dusk,Straight,Ped'N: Far Side Vehicle Hit From Left,Pedestrian,0,1,0,0,1,1,0,0,0,0,1,0
273499,Hospitalisation,2014,7,Rear-end,Multi-Vehicle,153.011611,-27.541427,Fairfield Rd,Sherwood Rd,Rocklea,Yeerongpilly,Intersection - Cross,Operating traffic lights,0 - 50 km/h,Sealed - Dry,Daylight,Straight,Veh'S Same Direction: Rear End,Rear-end,0,1,0,0,1,2,0,0,0,0,0,0
273500,Hospitalisation,2014,10,Hit pedestrian,Hit pedestrian,153.019441,-27.482057,Vulture St,,South Brisbane,South Brisbane,No Roadway Feature,No traffic control,0 - 50 km/h,Sealed - Dry,Daylight,Straight,Ped'N: Far Side Vehicle Hit From Left,Pedestrian,0,1,0,0,1,1,0,0,0,0,1,0
273506,Minor injury,2014,12,Angle,Multi-Vehicle,153.17722,-27.505224,Chelsea Rd,New Cleveland Rd,Gumdale,Chatsworth,Intersection - T-Junction,No traffic control,80 - 90 km/h,Sealed - Dry,Daylight,Straight,Veh'S Opposite Approach: Thru-Right,Opposing vehicles turning,0,0,0,1,1,2,0,0,0,0,0,0
273529,Medical treatment,2014,10,Hit pedestrian,Hit pedestrian,153.060293,-27.589077,Lumphanan St,Pinelands Rd,Sunnybank Hills,Sunnybank,Intersection - T-Junction,Operating traffic lights,60 km/h,Sealed - Dry,Daylight,Straight,Ped'N: Far Side Vehicle Hit From Left,Pedestrian,0,0,1,0,1,1,0,0,0,0,1,0
273530,Medical treatment,2014,17,Angle,Multi-Vehicle,153.086695,-27.487956,Coke St,Kennington Rd,Camp Hill,Chatsworth,Intersection - Cross,Give way sign,60 km/h,Sealed - Dry,Darkness - Lighted,Straight,Veh'S Adjacent Approach: Thru-Thru,Intersection from adjacent approaches,0,0,1,0,1,2,0,0,0,0,0,0
273532,Hospitalisation,2014,13,Hit pedestrian,Hit pedestrian,153.051599,-27.508317,Logan Rd,,Greenslopes,Greenslopes,Intersection - Cross,Operating traffic lights,60 km/h,Sealed - Dry,Daylight,Straight,Ped'N: Far Side Vehicle Hit From Left,Pedestrian,0,1,0,0,1,1,0,0,0,0,1,0
273533,Fatal,2014,13,Hit pedestrian,Hit pedestrian,153.063299,-27.461055,Riding Rd,,Balmoral,Bulimba,No Roadway Feature,No traffic control,0 - 50 km/h,Sealed - Dry,Daylight,Straight,Ped'N: Hit Other,Other,1,0,0,0,1,2,0,0,0,0,1,0
273534,Minor injury,2014,17,Rear-end,Multi-Vehicle,153.012612,-27.528903,Fairfield Rd,Tennyson Memorial Ave,Yeerongpilly,Yeerongpilly,Intersection - Interchange,No traffic control,60 km/h,Sealed - Dry,Daylight,Straight,Veh'S Same Direction: Rear End,Rear-end,0,0,0,1,1,2,0,0,0,0,0,0
273536,Hospitalisation,2014,12,Head-on,Multi-Vehicle,153.075318,-27.590616,Bonemill Rd,Dew St,Runcorn,Sunnybank,Intersection - T-Junction,No traffic control,60 km/h,Sealed - Dry,Daylight,Straight,Veh'S Opposite Approach: Head On,Head-on,0,1,0,0,1,1,0,0,1,0,0,0
273537,Medical treatment,2014,19,Rear-end,Multi-Vehicle,153.091681,-27.555109,Dawson Rd,Redland Sub-Arterial Rd,Wishart,Mansfield,Intersection - T-Junction,Give way sign,60 km/h,Sealed - Dry,Darkness - Lighted,Curved - view open,Veh'S Same Direction: Left Rear,Rear-end,0,0,1,0,1,2,0,0,0,0,0,0
273538,Medical treatment,2014,9,Angle,Multi-Vehicle,153.063934,-27.571936,Mains Rd,Mccullough St,Sunnybank,Sunnybank,Intersection - Cross,Operating traffic lights,60 km/h,Sealed - Dry,Daylight,Straight,Veh'S Opposite Approach: Right-Left,Opposing vehicles turning,0,0,1,0,1,2,0,0,0,0,0,0
273539,Medical treatment,2014,18,Rear-end,Multi-Vehicle,153.069754,-27.553418,South East Arterial Rd,,Upper Mount Gravatt,Mansfield,No Roadway Feature,No traffic control,100 - 110 km/h,Sealed - Dry,Darkness - Lighted,Straight,Veh'S Same Direction: Rear End,Rear-end,0,0,1,0,1,2,0,0,0,0,0,0
273540,Medical treatment,2014,11,Rear-end,Multi-Vehicle,153.041383,-27.494242,Logan Rd,Maynard St,Woolloongabba,South Brisbane,Intersection - T-Junction,Stop sign,60 km/h,Sealed - Dry,Daylight,Curved - view open,Veh'S Same Direction: Right Rear,Rear-end,0,0,1,0,1,2,0,0,0,0,0,0
273571,Hospitalisation,2014,10,Angle,Multi-Vehicle,152.95817,-27.566389,Harcourt Rd,Livingstone Rd,Darra,Mount Ommaney,Intersection - T-Junction,Give way sign,60 km/h,Sealed - Dry,Daylight,Straight,Veh'S Adjacant Approach: Thru-Left,Intersection from adjacent approaches,0,1,0,0,1,2,0,0,0,0,0,0
273572,Minor injury,2014,10,Angle,Multi-Vehicle,153.032704,-27.509848,Annerley Rd,Ipswich Rd,Annerley,Yeerongpilly,Intersection - T-Junction,Operating traffic lights,60 km/h,Sealed - Dry,Daylight,Straight,Veh'S Adjacent Approach: Thru-Right,Intersection from adjacent approaches,0,0,0,1,1,2,0,0,0,0,0,0
273576,Hospitalisation,2014,12,Sideswipe,Multi-Vehicle,152.9996337,-27.53618114,Sherwood Rd,,Rocklea,Yeerongpilly,No Roadway Feature,No traffic control,60 km/h,Sealed - Dry,Daylight,Straight,Veh'S Manoeuvring: Leaving Driveway,Vehicle leaving driveway,0,2,0,0,2,2,0,0,0,0,0,0
273577,Medical treatment,2014,18,Rear-end,Multi-Vehicle,153.116334,-27.545244,Mt Gravatt - Capalaba Rd,Redland Sub-Arterial Rd,Wishart,Mansfield,Intersection - T-Junction,Give way sign,60 km/h,Sealed - Dry,Dawn/Dusk,Curved - view open,Veh'S Same Direction: Left Rear,Rear-end,0,0,3,0,3,2,0,0,0,0,0,0
273587,Medical treatment,2014,16,Rear-end,Multi-Vehicle,153.024542,-27.658208,Johnson Rd,,Parkinson,Algester,No Roadway Feature,No traffic control,60 km/h,Sealed - Dry,Daylight,Straight,Veh'S Same Direction: Rear End,Rear-end,0,0,1,1,2,1,0,1,0,0,0,0
273590,Medical treatment,2014,11,Sideswipe,Multi-Vehicle,153.124513,-27.524372,Gateway Arterial Rd,,Belmont,Chatsworth,No Roadway Feature,No traffic control,100 - 110 km/h,Sealed - Dry,Daylight,Straight,Veh'S Same Direction: Lane Change Left,Lane changes,0,0,1,0,1,1,0,1,0,0,0,0
273613,Hospitalisation,2014,9,Rear-end,Multi-Vehicle,153.060759,-27.61826,Gowan Rd,,Stretton,Stretton,No Roadway Feature,No traffic control,60 km/h,Sealed - Dry,Daylight,Straight,Veh'S Same Direction: Rear End,Rear-end,0,1,1,0,2,3,0,0,0,0,0,0
273614,Medical treatment,2014,15,Rear-end,Multi-Vehicle,153.023154,-27.657949,Johnson Rd,,Parkinson,Algester,No Roadway Feature,No traffic control,60 km/h,Sealed - Dry,Daylight,Straight,Veh'S Same Direction: Right Rear,Rear-end,0,0,1,0,1,3,0,0,0,0,0,0
273616,Hospitalisation,2014,9,Hit object,Single Vehicle,153.0387661,-27.50720087,South East Arterial Rd,,Greenslopes,South Brisbane,No Roadway Feature,No traffic control,100 - 110 km/h,Sealed - Wet,Daylight,Straight,Off Path-Straight:Right Off Cway Hit Obj,Off carriageway on straight hit object,0,1,0,0,1,1,0,0,0,0,0,0
273620,Hospitalisation,2014,19,Rear-end,Multi-Vehicle,153.020872,-27.557985,Beaudesert Rd,,Rocklea,Yeerongpilly,No Roadway Feature,Operating traffic lights,70 km/h,Sealed - Wet,Darkness - Lighted,Straight,Veh'S Same Direction: Rear End,Rear-end,0,2,0,0,2,4,0,0,0,0,0,0
273621,Hospitalisation,2014,13,Hit pedestrian,Hit pedestrian,152.981439,-27.540718,Hassall St,Oxley Rd,Corinda,Mount Ommaney,Intersection - Cross,No traffic control,0 - 50 km/h,Sealed - Wet,Daylight,Straight,Ped'N: Near Side Vehicle Hit From Right,Pedestrian,0,1,1,0,2,1,0,0,0,0,2,0
273623,Medical treatment,2014,12,Rear-end,Multi-Vehicle,153.064553,-27.568826,Cosmic St,Mains Rd,Macgregor,Sunnybank,Intersection - Cross,Operating traffic lights,0 - 50 km/h,Sealed - Dry,Daylight,Straight,Veh'S Same Direction: Rear End,Rear-end,0,0,1,0,1,2,0,0,0,0,0,0
273624,Hospitalisation,2014,18,Hit pedestrian,Hit pedestrian,153.050262,-27.561093,Barrett St,Middle St,Coopers Plains,Sunnybank,Intersection - T-Junction,No traffic control,60 km/h,Sealed - Wet,Darkness - Not lighted,Straight,Ped'N: Near Side Vehicle Hit From Right,Pedestrian,0,1,0,0,1,1,0,0,0,0,1,0
273625,Hospitalisation,2014,7,Angle,Multi-Vehicle,153.061531,-27.560358,Griffith Arterial Rd,,Robertson,Sunnybank,No Roadway Feature,No traffic control,60 km/h,Sealed - Wet,Daylight,Straight,Veh'S Same Direction: Rear End,Rear-end,0,1,1,0,2,4,0,0,0,0,0,0
273626,Medical treatment,2014,12,Angle,Multi-Vehicle,153.0864827,-27.590403,Underwood Rd,,Eight Mile Plains,Stretton,No Roadway Feature,No traffic control,60 km/h,Sealed - Wet,Daylight,Straight,Veh'S Adjacent Approach: Thru-Right,Intersection from adjacent approaches,0,0,1,0,1,2,0,0,0,0,0,0
273627,Hospitalisation,2014,20,Rear-end,Multi-Vehicle,153.06136,-27.543428,South East Arterial Rd,,Mount Gravatt,Mansfield,No Roadway Feature,No traffic control,100 - 110 km/h,Sealed - Wet,Darkness - Not lighted,Straight,Veh'S Same Direction: Rear End,Rear-end,0,1,0,0,1,2,0,0,0,0,0,0
273628,Hospitalisation,2014,18,Fall from vehicle,Single Vehicle,153.041634,-27.488857,Lisburn St,,East Brisbane,South Brisbane,Median Opening,No traffic control,0 - 50 km/h,Sealed - Wet,Darkness - Lighted,Straight,Off Path-Straight:Out Of Control On Cway,Out of control on straight,0,1,0,0,1,0,1,0,0,0,0,0
273629,Minor injury,2014,18,Rear-end,Multi-Vehicle,153.031152,-27.483269,South East Arterial Rd,,Kangaroo Point,South Brisbane,No Roadway Feature,No traffic control,80 - 90 km/h,Sealed - Wet,Daylight,Straight,Veh'S Same Direction: Rear End,Rear-end,0,0,0,1,1,2,0,0,0,0,0,0
273630,Medical treatment,2014,8,Rear-end,Multi-Vehicle,153.039673,-27.499551,South East Arterial Rd,,Woolloongabba,South Brisbane,No Roadway Feature,No traffic control,100 - 110 km/h,Sealed - Dry,Daylight,Straight,Veh'S Same Direction: Rear End,Rear-end,0,0,1,0,1,3,0,0,0,0,0,0
273645,Minor injury,2014,16,Rear-end,Multi-Vehicle,153.179657,-27.513884,Cleveland Sub-Arterial Rd,,Chandler,Chatsworth,No Roadway Feature,No traffic control,60 km/h,Sealed - Wet,Daylight,Straight,Veh'S Same Direction: Rear End,Rear-end,0,0,0,1,1,2,0,0,0,0,0,0
273646,Medical treatment,2014,13,Rear-end,Multi-Vehicle,153.179385,-27.513719,Cleveland Sub-Arterial Rd,New Cleveland Rd,Chandler,Chatsworth,Intersection - T-Junction,Operating traffic lights,70 km/h,Sealed - Wet,Daylight,Straight,Veh'S Same Direction: Right Rear,Rear-end,0,0,1,0,1,3,0,0,0,0,0,0
273667,Medical treatment,2014,9,Angle,Multi-Vehicle,153.029468,-27.625787,Algester Rd,Ridgewood Rd,Algester,Algester,Intersection - T-Junction,Operating traffic lights,60 km/h,Sealed - Dry,Daylight,Straight,Veh'S Adjacent Approach: Thru-Right,Intersection from adjacent approaches,0,0,1,0,1,2,0,0,0,0,0,0
273668,Medical treatment,2014,9,Hit object,Single Vehicle,152.936866,-27.536,Jindivick St,,Jindalee,Mount Ommaney,No Roadway Feature,No traffic control,0 - 50 km/h,Sealed - Wet,Daylight,Straight,Off Path-Straight: Left Off Cway Hit Obj,Off carriageway on straight hit object,0,0,1,0,1,1,0,0,0,0,0,0
273671,Medical treatment,2014,16,Head-on,Multi-Vehicle,153.064369,-27.483193,Bennetts Rd,Crown St,Norman Park,Greenslopes,Intersection - Cross,Operating traffic lights,60 km/h,Sealed - Wet,Daylight,Straight,Veh'S Opposite Approach: Thru-Right,Opposing vehicles turning,0,0,1,0,1,2,0,0,0,0,0,0
273676,Hospitalisation,2014,7,Hit object,Single Vehicle,153.0265624,-27.4999365,Fairfield Rd,,Fairfield,South Brisbane,Intersection - T-Junction,No traffic control,60 km/h,Sealed - Wet,Daylight,Curved - view obscured,Off Path-Curve: Off Cway Rt Bend Hit Obj,Off carriageway on curve hit object,0,1,0,0,1,1,0,0,0,0,0,0
273715,Hospitalisation,2014,12,Hit object,Single Vehicle,153.026206,-27.64385135,Logan Mwy,,Parkinson,Algester,No Roadway Feature,No traffic control,100 - 110 km/h,Sealed - Wet,Daylight,Straight,Veh'S On Path: Temporary Object On C'Way,Other,0,1,0,0,1,0,1,0,0,0,0,0
273716,Medical treatment,2014,14,Hit object,Single Vehicle,152.940947,-27.552925,Western Arterial Rd,,Jamboree Heights,Mount Ommaney,No Roadway Feature,No traffic control,100 - 110 km/h,Sealed - Wet,Daylight,Straight,Off Path-Straight:Right Off Cway Hit Obj,Off carriageway on straight hit object,0,0,1,0,1,1,0,0,0,0,0,0
273717,Medical treatment,2014,18,Hit parked vehicle,Single Vehicle,153.054636,-27.52509,Birdwood Rd,Weller Rd,Tarragindi,Yeerongpilly,No Roadway Feature,No traffic control,60 km/h,Sealed - Dry,Dawn/Dusk,Straight,Veh'S On Path: Parked,Hit parked vehicle,0,0,1,0,1,2,0,0,0,0,0,0
273719,Medical treatment,2014,6,Hit object,Single Vehicle,153.071423,-27.555838,South East Arterial Rd,,Upper Mount Gravatt,Yeerongpilly,No Roadway Feature,No traffic control,100 - 110 km/h,Sealed - Wet,Dawn/Dusk,Straight,Off Path-Straight: Left Off Cway Hit Obj,Off carriageway on straight hit object,0,0,1,0,1,1,0,0,0,0,0,0
273743,Hospitalisation,2014,20,Hit object,Single Vehicle,153.003339,-27.585932,Bowhill Rd,,Willawong,Sunnybank,No Roadway Feature,No traffic control,70 km/h,Sealed - Dry,Darkness - Not lighted,Straight,Off Path-Straight: Left Off Cway Hit Obj,Off carriageway on straight hit object,0,1,0,0,1,1,0,0,0,0,0,0
273745,Medical treatment,2014,15,Rear-end,Multi-Vehicle,153.035682,-27.47489,Bradfield Hwy,,Kangaroo Point,South Brisbane,Intersection - T-Junction,No traffic control,60 km/h,Unsealed - Dry,Daylight,Curved - view open,Veh'S Same Direction: Left Rear,Rear-end,0,0,1,0,1,2,0,0,0,0,0,0
273768,Hospitalisation,2014,16,Rear-end,Multi-Vehicle,153.034802,-27.618206,Algester Rd,,Calamvale,Stretton,No Roadway Feature,No traffic control,60 km/h,Sealed - Dry,Daylight,Straight,Veh'S Same Direction: Rear End,Rear-end,0,1,1,0,2,3,0,0,0,0,0,0
273769,Medical treatment,2014,7,Sideswipe,Multi-Vehicle,153.036056,-27.645487,Logan Mwy,Logan Mwy Ramp Da,Parkinson,Algester,Intersection - Interchange,No traffic control,80 - 90 km/h,Sealed - Dry,Daylight,Straight,Veh'S Same Direction: Other,Other,0,0,1,0,1,2,0,1,0,0,0,0
273772,Minor injury,2014,12,Hit pedestrian,Hit pedestrian,153.036467,-27.570172,Boundary Rd,,Coopers Plains,Sunnybank,No Roadway Feature,No traffic control,60 km/h,Sealed - Dry,Daylight,Straight,Ped'N: Near Side Vehicle Hit From Right,Pedestrian,0,0,0,1,1,1,0,0,0,0,1,0
273773,Medical treatment,2014,8,Angle,Multi-Vehicle,153.032904,-27.509511,Ipswich Rd,Waldheim St,Annerley,South Brisbane,Intersection - Cross,Operating traffic lights,60 km/h,Sealed - Dry,Daylight,Straight,Veh'S Adjacent Approach: Right-Thru,Intersection from adjacent approaches,0,0,1,0,1,2,0,0,0,0,0,0
273774,Hospitalisation,2014,16,Angle,Multi-Vehicle,152.968435,-27.596635,Clipper St,Poinsettia St,Inala,Inala,Intersection - T-Junction,Give way sign,60 km/h,Sealed - Dry,Daylight,Straight,Veh'S Adjacent Approach: Thru-Right,Intersection from adjacent approaches,0,1,0,1,2,1,0,0,1,0,0,0
273777,Medical treatment,2014,17,Sideswipe,Multi-Vehicle,153.014586,-27.545762,Annie St,Dawn St,Rocklea,Yeerongpilly,Intersection - T-Junction,No traffic control,0 - 50 km/h,Sealed - Dry,Daylight,Curved - view obscured,Veh'S Opposite Approach: Head On,Head-on,0,0,1,0,1,1,1,0,0,0,0,0
273778,Hospitalisation,2014,18,Angle,Multi-Vehicle,153.061505,-27.45613,Hawthorne Rd,,Bulimba,Bulimba,Intersection - T-Junction,Operating traffic lights,0 - 50 km/h,Sealed - Dry,Darkness - Lighted,Straight,Veh'S Opposite Approach: Thru-Right,Opposing vehicles turning,0,1,1,0,2,2,0,0,0,0,0,0
273779,Medical treatment,2014,15,Angle,Multi-Vehicle,152.973379,-27.552358,Ardoyne Rd,Mantle St,Oxley,Mount Ommaney,No Roadway Feature,No traffic control,0 - 50 km/h,Sealed - Dry,Daylight,Straight,Veh'S Manoeuvring: Other,Other,0,0,1,0,1,1,0,0,0,1,0,0
273799,Hospitalisation,2014,14,Angle,Multi-Vehicle,153.033865,-27.512846,Ekibin Rd,Lothian St,Annerley,Yeerongpilly,Intersection - Cross,Stop sign,60 km/h,Sealed - Dry,Daylight,Straight,Veh'S Adjacent Approach: Thru-Thru,Intersection from adjacent approaches,0,1,0,0,1,2,0,0,0,0,0,0
273801,Medical treatment,2014,6,Rear-end,Multi-Vehicle,153.0946989,-27.47490204,Richmond Rd,,Carina,Bulimba,No Roadway Feature,No traffic control,60 km/h,Sealed - Dry,Daylight,Straight,Veh'S Same Direction: Rear End,Rear-end,0,0,1,1,2,4,0,0,0,0,0,0
273802,Hospitalisation,2014,1,Sideswipe,Multi-Vehicle,153.038766,-27.50850875,South East Arterial Rd,,Greenslopes,South Brisbane,No Roadway Feature,No traffic control,80 - 90 km/h,Sealed - Dry,Darkness - Lighted,Straight,Veh'S Same Direction: Lane Side Swipe,Lane changes,0,1,0,0,1,2,0,0,0,0,0,0