Crash_Ref_Number,Severity,Year,Hour,Crash_Nature,Crash_Type,Longitude,Latitude,Street,Street_Intersecting,Suburb,Loc_State_Electorate,Crash_Roadway_Feature,Crash_Traffic_Control,Crash_Speed_Limit,Crash_Road_Surface_Condition,Crash_Lighting_Condition,Crash_Road_Horiz_Align,Crash_DCA_Description,Crash_DCA_Group_Description,Count_Casualty_Fatality,Count_Casualty_Hospitalised,Count_Casualty_MedicallyTreated,Count_Casualty_MinorInjury,Count_Casualty_Total,Count_Unit_Car,Count_Unit_Motorcycle_Moped,Count_Unit_Truck,Count_Unit_Bus,Count_Unit_Bicycle,Count_Unit_Pedestrian,Count_Unit_Other
273805,Medical treatment,2014,7,Rear-end,Multi-Vehicle,153.056483,-27.527293,South East Arterial Rd,,Holland Park West,Yeerongpilly,No Roadway Feature,No traffic control,80 - 90 km/h,Sealed - Dry,Daylight,Curved - view open,Veh'S Same Direction: Rear End,Rear-end,0,0,1,0,1,1,0,1,0,0,0,0
273806,Hospitalisation,2014,3,Hit object,Single Vehicle,152.9855402,-27.61792908,Blunder Rd,,Doolandella,Algester,No Roadway Feature,No traffic control,70 km/h,Sealed - Dry,Darkness - Lighted,Straight,Off Path-Straight: Left Off Cway Hit Obj,Off carriageway on straight hit object,0,1,0,0,1,1,0,0,0,0,0,0
273807,Hospitalisation,2014,10,Angle,Multi-Vehicle,153.006924,-27.594989,Learoyd Rd,,Willawong,Sunnybank,No Roadway Feature,No traffic control,70 km/h,Sealed - Dry,Daylight,Straight,Veh'S Manoeuvring: Entering From Footway,Vehicle leaving driveway,0,1,0,0,1,2,0,0,0,0,0,0
273808,Hospitalisation,2014,17,Head-on,Multi-Vehicle,152.996962,-27.593268,King Ave,,Willawong,Sunnybank,No Roadway Feature,No traffic control,80 - 90 km/h,Sealed - Wet,Darkness - Not lighted,Straight,Veh'S Opposite Approach: Head On,Head-on,0,1,0,0,1,2,0,0,0,0,0,0
273809,Hospitalisation,2014,7,Rear-end,Multi-Vehicle,153.050895,-27.476146,Gillan St,Wynnum Rd,Norman Park,Bulimba,Intersection - T-Junction,No traffic control,60 km/h,Sealed - Dry,Daylight,Straight,Veh'S Same Direction: Rear End,Rear-end,0,1,1,0,2,3,0,0,0,0,0,0
273810,Minor injury,2014,17,Sideswipe,Multi-Vehicle,153.026404,-27.483024,Stanley St,Vulture St,South Brisbane,South Brisbane,Intersection - Cross,Operating traffic lights,60 km/h,Sealed - Dry,Daylight,Straight,Veh'S Same Direction: Lane Side Swipe,Lane changes,0,0,0,1,1,1,0,0,0,1,0,1
273811,Medical treatment,2014,16,Rear-end,Multi-Vehicle,153.031377,-27.485886,South East Arterial Rd,Stanley St,Woolloongabba,South Brisbane,Intersection - Interchange,Operating traffic lights,60 km/h,Sealed - Dry,Daylight,Curved - view open,Veh'S Same Direction: Left Rear,Rear-end,0,0,1,0,1,2,0,0,0,0,0,0
273838,Minor injury,2014,6,Angle,Multi-Vehicle,153.084563,-27.493306,Long St,Old Cleveland Rd,Camp Hill,Chatsworth,Intersection - T-Junction,Give way sign,70 km/h,Sealed - Wet,Dawn/Dusk,Curved - view open,Veh'S Adjacent Approach: Right-Thru,Intersection from adjacent approaches,0,0,0,1,1,2,0,0,0,0,0,0
273841,Minor injury,2014,9,Rear-end,Multi-Vehicle,153.035745,-27.479267,Bell St,Main St,Kangaroo Point,South Brisbane,Intersection - Cross,Operating traffic lights,60 km/h,Sealed - Dry,Daylight,Straight,Veh'S Same Direction: Right Rear,Rear-end,0,0,0,1,1,2,0,0,0,0,0,0
273863,Medical treatment,2014,16,Rear-end,Multi-Vehicle,153.040767,-27.653923,Mt Lindesay Hwy,,Drewvale,Stretton,Intersection - Interchange,Stop sign,0 - 50 km/h,Sealed - Dry,Daylight,Curved - view open,Veh'S Same Direction: Left Rear,Rear-end,0,0,1,0,1,2,0,0,0,0,0,0
273868,Medical treatment,2014,7,Angle,Multi-Vehicle,153.019242,-27.543787,Evans Rd,Gladstone St,Moorooka,Yeerongpilly,Intersection - T-Junction,Give way sign,60 km/h,Sealed - Dry,Daylight,Straight,Veh'S Adjacent Approach: Thru-Right,Intersection from adjacent approaches,0,0,2,0,2,1,1,0,0,0,0,0
273870,Medical treatment,2014,7,Rear-end,Multi-Vehicle,152.973183,-27.551535,Annand St,,Oxley,Mount Ommaney,No Roadway Feature,No traffic control,0 - 50 km/h,Sealed - Dry,Daylight,Straight,Veh'S Same Direction: Rear End,Rear-end,0,0,1,0,1,0,0,0,0,1,0,1
273871,Hospitalisation,2014,11,Rear-end,Multi-Vehicle,153.098301,-27.583289,Gaskell St,Logan Sub-Arterial Rd,Eight Mile Plains,Stretton,Intersection - T-Junction,Operating traffic lights,80 - 90 km/h,Sealed - Dry,Daylight,Straight,Veh'S Same Direction: Rear End,Rear-end,0,1,0,1,2,1,0,1,0,0,0,0
273872,Medical treatment,2014,17,Angle,Multi-Vehicle,153.041986,-27.487466,Lisburn St,Stanley St East,East Brisbane,South Brisbane,Intersection - Cross,Operating traffic lights,60 km/h,Sealed - Dry,Dawn/Dusk,Straight,Veh'S Adjacent Approach: Thru-Thru,Intersection from adjacent approaches,0,0,1,0,1,2,0,0,0,0,0,0
273908,Medical treatment,2014,10,Fall from vehicle,Single Vehicle,152.943411,-27.542735,Western Arterial Rd,,Jindalee,Mount Ommaney,No Roadway Feature,No traffic control,80 - 90 km/h,Sealed - Dry,Daylight,Straight,Off Path-Straight:Out Of Control On Cway,Out of control on straight,0,0,1,0,1,0,1,0,0,0,0,0
273909,Medical treatment,2014,21,Hit object,Single Vehicle,153.080101,-27.538996,Creek Rd,Logan Rd,Mount Gravatt,Mansfield,Intersection - T-Junction,Operating traffic lights,60 km/h,Sealed - Dry,Darkness - Lighted,Curved - view open,Off Path-Curve: Mounts Traffic Island,Off carriageway on curve hit object,0,0,1,0,1,1,0,0,0,0,0,0
273910,Medical treatment,2014,20,Angle,Multi-Vehicle,152.968435,-27.596635,Clipper St,Poinsettia St,Inala,Inala,Intersection - T-Junction,Give way sign,60 km/h,Sealed - Dry,Darkness - Lighted,Straight,Veh'S Adjacent Approach: Thru-Right,Intersection from adjacent approaches,0,0,2,0,2,2,0,0,0,0,0,0
273911,Medical treatment,2014,19,Rear-end,Multi-Vehicle,153.060353,-27.46232,Hawthorne Rd,,Hawthorne,Bulimba,No Roadway Feature,Pedestrian crossing sign,0 - 50 km/h,Sealed - Dry,Darkness - Lighted,Straight,Veh'S Same Direction: Rear End,Rear-end,0,0,1,0,1,2,0,0,0,0,0,0
273912,Medical treatment,2014,17,Angle,Multi-Vehicle,153.054757,-27.47478,Norman Ave,Wynnum Rd,Norman Park,Bulimba,Intersection - T-Junction,Operating traffic lights,60 km/h,Sealed - Dry,Dawn/Dusk,Curved - view open,Veh'S Opposite Approach: Thru-Right,Opposing vehicles turning,0,0,1,1,2,3,0,0,0,0,0,0
273915,Minor injury,2014,11,Angle,Multi-Vehicle,153.063697,-27.573795,Elva St,Mains Rd,Sunnybank,Sunnybank,Intersection - T-Junction,No traffic control,60 km/h,Sealed - Dry,Daylight,Straight,Veh'S Opposite Approach: Thru-Right,Opposing vehicles turning,0,0,0,1,1,2,0,0,0,0,0,0
273916,Minor injury,2014,11,Rear-end,Multi-Vehicle,153.079191,-27.560573,Griffith Arterial Rd,Macgregor St,Upper Mount Gravatt,Mansfield,Intersection - T-Junction,Operating traffic lights,60 km/h,Sealed - Dry,Daylight,Straight,Veh'S Same Direction: Rear End,Rear-end,0,0,0,1,1,1,0,0,0,0,0,1
273944,Hospitalisation,2014,10,Hit object,Single Vehicle,152.943623,-27.576584,Cunningham Arterial Rd,,Darra,Inala,Intersection - Interchange,No traffic control,80 - 90 km/h,Sealed - Dry,Daylight,Curved - view open,Off Path-Curve: Out Of Control On Cway,Out of control on curve,0,1,0,0,1,1,0,0,0,0,0,0
273945,Medical treatment,2014,11,Angle,Multi-Vehicle,153.005178,-27.592574,Sherbrooke Rd,,Willawong,Sunnybank,No Roadway Feature,No traffic control,60 km/h,Sealed - Dry,Daylight,Straight,Veh'S Manoeuvring: Entering From Footway,Vehicle leaving driveway,0,0,1,0,1,1,0,0,0,1,0,0
273946,Hospitalisation,2014,11,Hit object,Single Vehicle,153.146683,-27.44165,Sibley Rd,,Wynnum West,Lytton,No Roadway Feature,No traffic control,0 - 50 km/h,Sealed - Dry,Daylight,Curved - view open,Off Path-Curve: Off Cway Rt Bend Hit Obj,Off carriageway on curve hit object,0,1,0,0,1,0,1,0,0,0,0,0
273947,Medical treatment,2014,21,Hit object,Single Vehicle,153.167528,-27.474629,Manly Rd,,Manly West,Lytton,No Roadway Feature,No traffic control,60 km/h,Sealed - Dry,Darkness - Lighted,Straight,Off Path-Straight: Mounts Traffic Island,Off carriageway on straight hit object,0,0,1,0,1,1,0,0,0,0,0,0
273976,Hospitalisation,2014,11,Hit object,Single Vehicle,152.947902,-27.581386,Boundary Rd,Kelliher Rd,Darra,Inala,Intersection - Cross,Operating traffic lights,60 km/h,Sealed - Dry,Daylight,Straight,Off Path-Straight: Mounts Traffic Island,Off carriageway on straight hit object,0,1,0,0,1,1,0,0,0,0,0,0
273977,Minor injury,2014,15,Rear-end,Multi-Vehicle,153.060842,-27.587935,Beenleigh Rd,Mains Rd,Sunnybank,Stretton,Intersection - T-Junction,No traffic control,0 - 50 km/h,Sealed - Dry,Daylight,Straight,Veh'S Same Direction: Left Rear,Rear-end,0,0,0,3,3,2,0,0,0,0,0,0
273978,Medical treatment,2014,15,Angle,Multi-Vehicle,153.081148,-27.493011,Margaret St,Old Cleveland Rd,Camp Hill,Chatsworth,Intersection - T-Junction,Give way sign,60 km/h,Sealed - Dry,Daylight,Straight,Veh'S Adjacant Approach: Thru-Left,Intersection from adjacent approaches,0,0,1,0,1,2,0,0,0,0,0,0
273981,Hospitalisation,2014,7,Rear-end,Multi-Vehicle,153.051651,-27.5200007,South East Arterial Rd,,Holland Park West,Yeerongpilly,Intersection - Interchange,No traffic control,100 - 110 km/h,Sealed - Dry,Daylight,Straight,Veh'S Same Direction: Rear End,Rear-end,0,1,0,0,1,2,0,0,0,0,0,0
273983,Medical treatment,2014,8,Rear-end,Multi-Vehicle,153.007911,-27.556059,Cunningham Arterial Rd,,Rocklea,Yeerongpilly,Intersection - Cross,Operating traffic lights,60 km/h,Sealed - Dry,Daylight,Curved - view obscured,Veh'S Same Direction: Rear End,Rear-end,0,0,1,0,1,3,0,0,0,0,0,0
273984,Hospitalisation,2014,17,Angle,Multi-Vehicle,153.0315,-27.492351,Fleurs St,Park Rd,Woolloongabba,South Brisbane,Intersection - Cross,No traffic control,0 - 50 km/h,Sealed - Dry,Dawn/Dusk,Straight,Veh'S Manoeuvring: Entering From Footway,Vehicle leaving driveway,0,1,0,0,1,1,0,0,0,0,0,1
273985,Hospitalisation,2014,7,Angle,Multi-Vehicle,153.134022,-27.470153,Hemmant Tingalpa Rd,Wynnum Rd,Tingalpa,Chatsworth,Intersection - T-Junction,No traffic control,60 km/h,Sealed - Dry,Daylight,Straight,Veh'S Opposite Approach: Thru-Right,Opposing vehicles turning,0,1,0,2,3,2,0,0,0,0,0,0
274010,Hospitalisation,2014,15,Angle,Multi-Vehicle,152.948147,-27.55812055,Bellwood St,Monier Rd,Seventeen Mile Rocks,Mount Ommaney,Intersection - Cross,Stop sign,60 km/h,Sealed - Dry,Daylight,Straight,Veh'S Adjacent Approach: Right-Thru,Intersection from adjacent approaches,0,2,2,0,4,2,0,0,0,0,0,0
274011,Medical treatment,2014,20,Hit object,Single Vehicle,152.922714,-27.587491,Wacol Station Rd,,Wacol,Inala,No Roadway Feature,No traffic control,60 km/h,Sealed - Dry,Darkness - Not lighted,Straight,Off Path-Straight: Left Off Cway Hit Obj,Off carriageway on straight hit object,0,0,1,0,1,1,0,0,0,0,0,0
274048,Minor injury,2014,21,Angle,Multi-Vehicle,153.055374,-27.525843,Bapaume Rd,Marshall Rd,Tarragindi,Yeerongpilly,Intersection - Cross,Operating traffic lights,60 km/h,Sealed - Dry,Darkness - Lighted,Straight,Veh'S Opposite Approach: Thru-Right,Opposing vehicles turning,0,0,0,1,1,2,0,0,0,0,0,0
274050,Medical treatment,2014,8,Hit object,Single Vehicle,153.069992,-27.57444,Melaleuca St,,Sunnybank,Sunnybank,No Roadway Feature,No traffic control,0 - 50 km/h,Sealed - Dry,Daylight,Straight,Off Path-Straight: Left Off Cway Hit Obj,Off carriageway on straight hit object,0,0,1,0,1,1,0,0,0,0,0,0
274051,Minor injury,2014,10,Sideswipe,Multi-Vehicle,153.015813,-27.475996,Cordelia St,,South Brisbane,South Brisbane,No Roadway Feature,No traffic control,0 - 50 km/h,Sealed - Dry,Daylight,Straight,Veh'S Same Direction: Lane Side Swipe,Lane changes,0,0,0,1,1,1,0,0,0,1,0,0
274052,Medical treatment,2014,19,Rear-end,Multi-Vehicle,153.034638,-27.494586,Ipswich Rd,Reis St,Woolloongabba,South Brisbane,Intersection - T-Junction,Stop sign,0 - 50 km/h,Sealed - Dry,Dawn/Dusk,Straight,Veh'S Same Direction: Left Rear,Rear-end,0,0,1,0,1,2,0,0,0,0,0,0
274053,Hospitalisation,2014,15,Hit object,Single Vehicle,153.14228,-27.470786,Lindeman Pl,Torquay Cr,Tingalpa,Lytton,Intersection - Roundabout,Give way sign,0 - 50 km/h,Sealed - Dry,Daylight,Straight,Off Path-Straight: Left Off Cway Hit Obj,Off carriageway on straight hit object,0,2,0,0,2,1,0,0,0,0,0,0
274054,Hospitalisation,2014,18,Angle,Multi-Vehicle,153.122506,-27.474488,Hamilton St,Wynnum Rd,Tingalpa,Chatsworth,Intersection - T-Junction,No traffic control,60 km/h,Sealed - Dry,Dawn/Dusk,Straight,Veh'S Opposite Approach: Thru-Right,Opposing vehicles turning,0,1,0,0,1,1,0,0,0,1,0,0
274064,Medical treatment,2014,17,Rear-end,Multi-Vehicle,153.185393,-27.487265,Rickertt Rd,,Ransome,Chatsworth,No Roadway Feature,No traffic control,80 - 90 km/h,Sealed - Dry,Dawn/Dusk,Straight,Veh'S Same Direction: Rear End,Rear-end,0,0,1,0,1,1,0,0,0,1,0,0
274093,Medical treatment,2014,18,Angle,Multi-Vehicle,152.971033,-27.587514,Balsa St,Biota St,Inala,Inala,Intersection - Roundabout,Give way sign,60 km/h,Sealed - Dry,Darkness - Lighted,Straight,Veh'S Adjacent Approach: Thru-Thru,Intersection from adjacent approaches,0,0,2,0,2,2,0,0,0,0,0,0
274096,Medical treatment,2014,6,Angle,Multi-Vehicle,153.032339,-27.500627,Ayr St,Cornwall St,Woolloongabba,South Brisbane,Intersection - T-Junction,Stop sign,60 km/h,Sealed - Dry,Daylight,Straight,Veh'S Adjacent Approach: Thru-Right,Intersection from adjacent approaches,0,0,2,0,2,2,0,0,0,0,0,0
274097,Medical treatment,2014,11,Rear-end,Multi-Vehicle,153.164049,-27.458223,Tal St,Wondall Rd,Manly West,Lytton,Intersection - T-Junction,No traffic control,60 km/h,Sealed - Dry,Daylight,Straight,Veh'S Same Direction: Right Rear,Rear-end,0,0,2,0,2,2,0,0,0,0,0,0
274105,Medical treatment,2014,17,Sideswipe,Multi-Vehicle,153.134336,-27.547161,Mt Cotton Rd,Redland Sub-Arterial Rd,Burbank,Mansfield,Intersection - T-Junction,Operating traffic lights,60 km/h,Sealed - Dry,Daylight,Straight,Veh'S Same Direction: Right Turn S/Swipe,Parallel lanes turning,0,0,1,0,1,1,0,0,0,0,0,1
274126,Medical treatment,2014,11,Hit object,Single Vehicle,152.944782,-27.545357,Avondale Rd,Blyde St,Sinnamon Park,Mount Ommaney,Intersection - Roundabout,Give way sign,0 - 50 km/h,Sealed - Dry,Daylight,Curved - view open,Off Path-Curve: Out Of Control On Cway,Out of control on curve,0,0,1,0,1,1,0,0,0,0,0,0
274128,Medical treatment,2014,15,Angle,Multi-Vehicle,153.059061,-27.534495,Gaza Rd,Messines Ridge Rd,Holland Park West,Greenslopes,Intersection - T-Junction,Operating traffic lights,60 km/h,Sealed - Dry,Daylight,Straight,Veh'S Opposite Approach: Thru-Right,Opposing vehicles turning,0,0,2,0,2,2,0,0,0,0,0,0
274129,Medical treatment,2014,8,Hit object,Single Vehicle,152.944463,-27.613845,Considine St,,Ellen Grove,Inala,No Roadway Feature,No traffic control,60 km/h,Sealed - Dry,Daylight,Straight,Off Path-Straight: Left Off Cway Hit Obj,Off carriageway on straight hit object,0,0,1,0,1,1,0,0,0,0,0,0
274131,Hospitalisation,2014,13,Rear-end,Multi-Vehicle,153.076924,-27.471862,Richmond Rd,,Morningside,Bulimba,No Roadway Feature,No traffic control,60 km/h,Sealed - Dry,Daylight,Straight,Veh'S Same Direction: Rear End,Rear-end,0,1,0,0,1,2,0,1,0,0,0,0
274133,Medical treatment,2014,14,Sideswipe,Multi-Vehicle,153.078297,-27.560847,Griffith Arterial Rd,,Upper Mount Gravatt,Mansfield,Merge Lane,No traffic control,60 km/h,Sealed - Dry,Daylight,Straight,Veh'S Same Direction: Lane Change Right,Lane changes,0,0,1,0,1,1,0,1,0,0,0,0
274172,Hospitalisation,2014,14,Hit object,Single Vehicle,153.074483,-27.532764,Gordon Pde,Logan Rd,Mount Gravatt,Greenslopes,Intersection - Cross,Operating traffic lights,60 km/h,Sealed - Dry,Daylight,Straight,Off Path-Straight: Left Off Cway Hit Obj,Off carriageway on straight hit object,0,1,0,0,1,1,0,0,0,0,0,0
274176,Medical treatment,2014,9,Rear-end,Multi-Vehicle,153.063133,-27.57618,Mains Rd,,Sunnybank,Sunnybank,No Roadway Feature,No traffic control,60 km/h,Sealed - Dry,Daylight,Straight,Veh'S Same Direction: Left Rear,Rear-end,0,0,1,0,1,2,0,0,0,0,0,0
274210,Hospitalisation,2014,18,Hit pedestrian,Hit pedestrian,153.062047,-27.582182,Mains Rd,Shearwin St,Sunnybank,Sunnybank,Intersection - T-Junction,Operating traffic lights,60 km/h,Sealed - Wet,Dawn/Dusk,Straight,Ped'N: Far Side Vehicle Hit From Left,Pedestrian,0,1,0,0,1,1,0,0,0,0,1,0
274211,Hospitalisation,2014,3,Hit object,Single Vehicle,153.11822,-27.50227,Old Cleveland Rd,,Carindale,Chatsworth,No Roadway Feature,No traffic control,60 km/h,Sealed - Dry,Darkness - Lighted,Curved - view open,Off Path-Curve: Out Of Control On Cway,Out of control on curve,0,1,0,0,1,1,0,0,0,0,0,0
274239,Medical treatment,2014,18,Overturned,Single Vehicle,153.076887,-27.619326,Gateway Arterial Rd,,Stretton,Stretton,No Roadway Feature,No traffic control,100 - 110 km/h,Sealed - Dry,Darkness - Not lighted,Curved - view open,Off Path-Curve: Out Of Control On Cway,Out of control on curve,0,0,1,0,1,1,0,0,0,0,0,0
274240,Medical treatment,2014,15,Angle,Multi-Vehicle,153.077193,-27.597399,Beenleigh Rd,Nursery Ave,Runcorn,Sunnybank,Intersection - T-Junction,No traffic control,60 km/h,Sealed - Dry,Daylight,Straight,Veh'S Opposite Approach: Thru-Right,Opposing vehicles turning,0,0,2,0,2,2,0,0,0,0,0,0
274241,Hospitalisation,2014,1,Hit object,Single Vehicle,153.065159,-27.593225,Gowan Rd,,Sunnybank Hills,Stretton,No Roadway Feature,No traffic control,60 km/h,Sealed - Wet,Darkness - Lighted,Curved - view open,Off Path-Curve: Off Cway Lt Bend Hit Obj,Off carriageway on curve hit object,0,1,0,0,1,1,0,0,0,0,0,0
274243,Hospitalisation,2014,14,Angle,Multi-Vehicle,153.102181,-27.500937,Bedivere St,Millenium Blvd,Carindale,Chatsworth,No Roadway Feature,Give way sign,0 - 50 km/h,Sealed - Dry,Daylight,Curved - view open,Veh'S Manoeuvring: Leaving Driveway,Vehicle leaving driveway,0,2,0,1,3,2,0,0,0,0,0,0
274244,Medical treatment,2014,9,Angle,Multi-Vehicle,152.977267,-27.598101,Inala Ave,Thrush St,Inala,Inala,Intersection - T-Junction,No traffic control,60 km/h,Sealed - Dry,Daylight,Curved - view open,Veh'S Adjacent Approach: Thru-Right,Intersection from adjacent approaches,0,0,1,0,1,2,0,0,0,0,0,0
274246,Hospitalisation,2014,18,Angle,Multi-Vehicle,153.07252,-27.561893,Griffith Arterial Rd,Grout St,Macgregor,Yeerongpilly,Intersection - T-Junction,Operating traffic lights,60 km/h,Sealed - Dry,Darkness - Lighted,Straight,Veh'S Manoeuvring: Leaving Driveway,Vehicle leaving driveway,0,1,0,0,1,2,0,0,0,0,0,0
274247,Medical treatment,2014,9,Rear-end,Multi-Vehicle,153.092212,-27.575831,Logan Sub-Arterial Rd,Miles Platting Rd,Eight Mile Plains,Sunnybank,Intersection - Cross,Operating traffic lights,70 km/h,Sealed - Dry,Daylight,Straight,Veh'S Same Direction: Rear End,Rear-end,0,0,1,0,1,2,0,0,0,0,0,0
274270,Medical treatment,2014,16,Rear-end,Multi-Vehicle,152.939087,-27.546842,Dandenong Rd,,Mount Ommaney,Mount Ommaney,No Roadway Feature,No traffic control,60 km/h,Sealed - Dry,Daylight,Straight,Veh'S Same Direction: Right Rear,Rear-end,0,0,1,0,1,2,0,0,0,0,0,0
274271,Hospitalisation,2014,12,Sideswipe,Multi-Vehicle,152.9575513,-27.57282788,Cunningham Arterial Rd,,Darra,Inala,No Roadway Feature,No traffic control,80 - 90 km/h,Sealed - Dry,Daylight,Straight,Veh'S Same Direction: Lane Change Left,Lane changes,0,1,0,0,1,1,0,1,0,0,0,0
274272,Fatal,2014,6,Hit pedestrian,Hit pedestrian,153.017326,-27.505788,Brisbane Corso,,Yeronga,Yeerongpilly,No Roadway Feature,No traffic control,0 - 50 km/h,Sealed - Dry,Dawn/Dusk,Straight,Ped'N: Near Side Vehicle Hit From Right,Pedestrian,1,0,0,0,1,1,0,0,0,0,1,0
274273,Minor injury,2014,12,Sideswipe,Multi-Vehicle,153.014221,-27.523719,Fairfield Rd,,Yeerongpilly,Yeerongpilly,Intersection - T-Junction,Operating traffic lights,60 km/h,Sealed - Dry,Daylight,Straight,Veh'S Same Direction: Right Turn S/Swipe,Parallel lanes turning,0,0,0,1,1,2,0,0,0,0,0,0
274274,Medical treatment,2014,12,Rear-end,Multi-Vehicle,153.030987,-27.513902,Ipswich Rd,Waterton St,Annerley,Yeerongpilly,Intersection - Cross,Operating traffic lights,60 km/h,Sealed - Dry,Daylight,Straight,Veh'S Same Direction: Rear End,Rear-end,0,0,3,0,3,1,0,0,0,0,0,1
274280,Medical treatment,2014,11,Rear-end,Multi-Vehicle,153.039269,-27.5452,Toohey Rd,,Salisbury,Yeerongpilly,No Roadway Feature,No traffic control,60 km/h,Sealed - Dry,Daylight,Straight,Veh'S Same Direction: Other,Other,0,0,1,0,1,2,0,1,0,0,0,0
274281,Medical treatment,2014,12,Rear-end,Multi-Vehicle,153.039182,-27.484984,Vulture St,,Kangaroo Point,South Brisbane,No Roadway Feature,No traffic control,60 km/h,Sealed - Dry,Daylight,Straight,Veh'S Same Direction: Left Rear,Rear-end,0,0,1,0,1,2,0,0,0,0,0,0
274282,Hospitalisation,2014,9,Angle,Multi-Vehicle,153.13109,-27.475269,Leon St,Manly Rd,Tingalpa,Lytton,Intersection - T-Junction,No traffic control,60 km/h,Sealed - Dry,Daylight,Straight,Veh'S Opposite Approach: Thru-Right,Opposing vehicles turning,0,1,0,0,1,2,0,0,0,0,0,0
274283,Hospitalisation,2014,7,Sideswipe,Multi-Vehicle,153.121497,-27.474618,Wynnum Rd,,Tingalpa,Chatsworth,No Roadway Feature,No traffic control,60 km/h,Sealed - Dry,Daylight,Straight,Off Path-Straight: Other,Other,0,1,0,0,1,1,0,0,0,1,0,0
274284,Hospitalisation,2014,8,Sideswipe,Multi-Vehicle,153.1165154,-27.46795454,Gateway Arterial Rd,,Tingalpa,Chatsworth,No Roadway Feature,No traffic control,100 - 110 km/h,Sealed - Dry,Daylight,Straight,Veh'S Same Direction: Lane Change Left,Lane changes,0,2,0,0,2,1,0,2,0,0,0,1
274308,Medical treatment,2014,7,Angle,Multi-Vehicle,153.026629,-27.589428,Elizabeth St,Mitchell St,Acacia Ridge,Sunnybank,Intersection - Cross,Give way sign,0 - 50 km/h,Sealed - Wet,Daylight,Straight,Veh'S Adjacent Approach: Thru-Thru,Intersection from adjacent approaches,0,0,5,0,5,2,0,0,0,0,0,0
274309,Medical treatment,2014,18,Angle,Multi-Vehicle,153.044171,-27.59742,Hellawell Rd,Jackson Rd,Sunnybank Hills,Sunnybank,Intersection - Roundabout,Give way sign,60 km/h,Sealed - Dry,Darkness - Lighted,Straight,Veh'S Adjacent Approach: Thru-Thru,Intersection from adjacent approaches,0,0,1,0,1,1,0,0,0,1,0,0
274311,Medical treatment,2014,8,Hit object,Single Vehicle,152.958169,-27.61385,Huon Pl,Kauri Pl,Forest Lake,Inala,No Roadway Feature,No traffic control,0 - 50 km/h,Sealed - Dry,Daylight,Straight,Veh'S Manoeuvring: Other,Other,0,0,1,0,1,1,0,0,0,0,0,0
274312,Hospitalisation,2014,17,Angle,Multi-Vehicle,153.092157,-27.468828,Wynnum Rd,,Cannon Hill,Bulimba,No Roadway Feature,No traffic control,70 km/h,Sealed - Dry,Daylight,Straight,Off Path-Straight: Other,Other,0,1,0,0,1,0,1,1,0,0,0,0
274313,Medical treatment,2014,5,Angle,Multi-Vehicle,153.002098,-27.48511,Montague Rd,,West End,South Brisbane,No Roadway Feature,No traffic control,0 - 50 km/h,Sealed - Dry,Dawn/Dusk,Straight,Off Path-Straight:Right Off Cway Hit Obj,Off carriageway on straight hit object,0,0,1,0,1,1,0,0,0,1,0,0
274341,Minor injury,2014,10,Angle,Multi-Vehicle,153.02427,-27.568389,Boundary Rd,Mt Lindesay Art. Rd,Coopers Plains,Sunnybank,Intersection - Cross,Operating traffic lights,70 km/h,Sealed - Dry,Daylight,Straight,Veh'S Opposite Approach: Thru-Right,Opposing vehicles turning,0,0,0,2,2,2,0,0,0,0,0,0
274342,Medical treatment,2014,14,Angle,Multi-Vehicle,153.0893991,-27.46606093,Andrews St,Barrack Rd,Cannon Hill,Bulimba,Intersection - Roundabout,Give way sign,60 km/h,Sealed - Dry,Daylight,Straight,Veh'S Adjacant Approach: Thru-Left,Intersection from adjacent approaches,0,0,1,0,1,2,0,0,0,0,0,0
274346,Hospitalisation,2014,17,Rear-end,Multi-Vehicle,152.975782,-27.521015,Honour Ave,Rakeevan Rd,Graceville,Indooroopilly,Intersection - T-Junction,Operating traffic lights,60 km/h,Sealed - Dry,Darkness - Lighted,Straight,Veh'S Same Direction: Rear End,Rear-end,0,1,0,0,1,2,0,0,0,0,0,0
274347,Medical treatment,2014,6,Sideswipe,Multi-Vehicle,153.088595,-27.5639941,Newnham Rd,,Upper Mount Gravatt,Mansfield,No Roadway Feature,No traffic control,60 km/h,Sealed - Dry,Daylight,Straight,Veh'S Same Direction: Right Turn S/Swipe,Parallel lanes turning,0,0,1,0,1,2,0,0,0,0,0,0
274348,Medical treatment,2014,15,Rear-end,Multi-Vehicle,153.04089,-27.555909,Orange Grove Rd,,Salisbury,Yeerongpilly,No Roadway Feature,No traffic control,60 km/h,Sealed - Dry,Daylight,Straight,Veh'S Same Direction: Rear End,Rear-end,0,0,1,0,1,1,0,0,1,0,0,0
274349,Fatal,2014,7,Sideswipe,Multi-Vehicle,153.029034,-27.48541,Annerley Rd,Stanley St,South Brisbane,South Brisbane,Intersection - T-Junction,Operating traffic lights,60 km/h,Sealed - Dry,Daylight,Curved - view open,Veh'S Same Direction: Right Turn S/Swipe,Parallel lanes turning,1,1,0,0,2,0,0,1,0,1,0,0