Crash_Ref_Number,Severity,Year,Hour,Crash_Nature,Crash_Type,Longitude,Latitude,Street,Street_Intersecting,Suburb,Loc_State_Electorate,Crash_Roadway_Feature,Crash_Traffic_Control,Crash_Speed_Limit,Crash_Road_Surface_Condition,Crash_Lighting_Condition,Crash_Road_Horiz_Align,Crash_DCA_Description,Crash_DCA_Group_Description,Count_Casualty_Fatality,Count_Casualty_Hospitalised,Count_Casualty_MedicallyTreated,Count_Casualty_MinorInjury,Count_Casualty_Total,Count_Unit_Car,Count_Unit_Motorcycle_Moped,Count_Unit_Truck,Count_Unit_Bus,Count_Unit_Bicycle,Count_Unit_Pedestrian,Count_Unit_Other
274350,Hospitalisation,2014,8,Sideswipe,Multi-Vehicle,153.118104,-27.444439,Port Of Brisbane Rd,,Hemmant,Lytton,No Roadway Feature,No traffic control,60 km/h,Sealed - Dry,Daylight,Straight,Veh'S Same Direction: Left Turn S/Swipe,Parallel lanes turning,0,1,0,0,1,1,0,1,0,0,0,0
274386,Medical treatment,2014,22,Hit object,Single Vehicle,153.020526,-27.54937,Fairlie Tce,,Salisbury,Yeerongpilly,No Roadway Feature,No traffic control,0 - 50 km/h,Sealed - Wet,Darkness - Lighted,Straight,Off Path-Straight: Left Off Cway Hit Obj,Off carriageway on straight hit object,0,0,1,0,1,1,0,0,0,0,0,0
274387,Hospitalisation,2014,11,Angle,Multi-Vehicle,153.02268,-27.560722,Musgrave Rd,,Coopers Plains,Sunnybank,No Roadway Feature,No traffic control,60 km/h,Sealed - Dry,Daylight,Straight,Veh'S Manoeuvring: Leaving Driveway,Vehicle leaving driveway,0,1,0,0,1,1,1,0,0,0,0,0
274388,Hospitalisation,2014,22,Hit pedestrian,Hit pedestrian,153.0605892,-27.46105675,Hawthorne Rd,,Hawthorne,Bulimba,No Roadway Feature,No traffic control,60 km/h,Sealed - Dry,Darkness - Lighted,Straight,Ped'N: Near Side Vehicle Hit From Right,Pedestrian,0,1,0,0,1,1,0,0,0,0,1,0
274390,Medical treatment,2014,9,Rear-end,Multi-Vehicle,153.090137,-27.555924,Newnham Rd,Redland Sub-Arterial Rd,Upper Mount Gravatt,Mansfield,Intersection - Cross,Operating traffic lights,60 km/h,Sealed - Dry,Daylight,Straight,Veh'S Same Direction: Rear End,Rear-end,0,0,2,0,2,2,0,0,0,0,0,0
274391,Hospitalisation,2014,8,Angle,Multi-Vehicle,153.1462,-27.43552,North Rd,Sandy Camp Rd,Wynnum West,Lytton,Intersection - T-Junction,No traffic control,0 - 50 km/h,Sealed - Dry,Daylight,Curved - view obscured,Veh'S Opposite Approach: Head On,Head-on,0,1,0,1,2,2,0,0,0,0,0,0
274431,Medical treatment,2014,15,Rear-end,Multi-Vehicle,153.048039,-27.624285,Mt Lindesay Art. Rd,,Calamvale,Stretton,No Roadway Feature,No traffic control,80 - 90 km/h,Sealed - Dry,Daylight,Straight,Veh'S Same Direction: Lane Side Swipe,Lane changes,0,0,1,0,1,1,1,0,0,0,0,0
274433,Medical treatment,2014,18,Angle,Multi-Vehicle,153.085281,-27.588276,Daw Rd,Warrigal Rd,Eight Mile Plains,Stretton,Intersection - T-Junction,Operating traffic lights,60 km/h,Sealed - Dry,Darkness - Lighted,Straight,Veh'S Opposite Approach: Thru-Right,Opposing vehicles turning,0,0,1,0,1,2,0,0,0,0,0,0
274434,Medical treatment,2014,6,Angle,Multi-Vehicle,153.014026,-27.487406,Dornoch Tce,St James St,Highgate Hill,South Brisbane,Intersection - T-Junction,Stop sign,0 - 50 km/h,Sealed - Dry,Daylight,Curved - view obscured,Veh'S Manoeuvring: Entering From Footway,Vehicle leaving driveway,0,0,1,0,1,1,0,0,0,1,0,0
274435,Medical treatment,2014,18,Rear-end,Multi-Vehicle,153.0153339,-27.47142077,Hope St,,South Brisbane,South Brisbane,No Roadway Feature,No traffic control,0 - 50 km/h,Sealed - Dry,Darkness - Lighted,Straight,Veh'S Same Direction: Rear End,Rear-end,0,0,1,0,1,2,0,0,0,0,0,0
274437,Medical treatment,2014,10,Angle,Multi-Vehicle,153.179385,-27.513719,Cleveland Sub-Arterial Rd,New Cleveland Rd,Chandler,Chatsworth,Intersection - T-Junction,Operating traffic lights,70 km/h,Sealed - Dry,Daylight,Curved - view open,Veh'S Adjacent Approach: Right-Thru,Intersection from adjacent approaches,0,0,1,0,1,1,0,0,0,1,0,0
274458,Medical treatment,2014,22,Fall from vehicle,Single Vehicle,153.019217,-27.5582132,Griffith Arterial Rd,,Rocklea,Yeerongpilly,No Roadway Feature,No traffic control,60 km/h,Sealed - Dry,Darkness - Lighted,Straight,Pass & Misc: Fell In/From Vehicle,Other,0,0,1,0,1,1,0,0,0,0,0,0
274486,Hospitalisation,2014,12,Hit object,Single Vehicle,153.061019,-27.643708,Gateway Arterial Rd,,Drewvale,Stretton,Intersection - Interchange,No traffic control,100 - 110 km/h,Sealed - Dry,Daylight,Curved - view open,Off Path-Curve: Off Cway Lt Bend Hit Obj,Off carriageway on curve hit object,0,1,0,0,1,1,0,0,0,0,0,0
274487,Medical treatment,2014,17,Angle,Multi-Vehicle,153.014087,-27.523625,Fairfield Rd,,Yeerongpilly,Yeerongpilly,Intersection - T-Junction,Operating traffic lights,60 km/h,Sealed - Dry,Daylight,Straight,Veh'S Opposite Approach: Thru-Right,Opposing vehicles turning,0,0,2,0,2,2,0,0,0,0,0,0
274489,Medical treatment,2014,15,Rear-end,Multi-Vehicle,153.069917,-27.512788,Cavendish Rd,,Coorparoo,Greenslopes,No Roadway Feature,No traffic control,60 km/h,Sealed - Dry,Daylight,Curved - view open,Veh'S Same Direction: Rear End,Rear-end,0,0,1,0,1,2,0,0,0,0,0,0
274491,Minor injury,2014,8,Angle,Multi-Vehicle,153.093462,-27.61154,Allingham St,St Andrew St,Kuraby,Stretton,Intersection - T-Junction,No traffic control,0 - 50 km/h,Sealed - Dry,Daylight,Straight,Veh'S Overtaking: Overtake-Right Turn,Overtaking same direction,0,0,0,1,1,1,0,1,0,0,0,0
274492,Medical treatment,2014,11,Rear-end,Multi-Vehicle,153.084967,-27.562474,Logan Sub-Arterial Rd,,Upper Mount Gravatt,Mansfield,Intersection - T-Junction,Operating traffic lights,60 km/h,Sealed - Dry,Darkness - Lighted,Curved - view open,Veh'S Same Direction: Lane Change Left,Lane changes,0,0,1,0,1,2,0,0,0,0,0,0
274518,Minor injury,2014,8,Angle,Multi-Vehicle,153.075785,-27.500234,Boundary Rd,Chatsworth Rd,Camp Hill,Greenslopes,Intersection - Cross,Operating traffic lights,60 km/h,Sealed - Dry,Daylight,Straight,Veh'S Opposite Approach: Thru-Right,Opposing vehicles turning,0,0,0,1,1,1,1,0,0,0,0,0
274521,Minor injury,2014,11,Angle,Multi-Vehicle,153.015747,-27.477797,Manning St,Russell St,South Brisbane,South Brisbane,Intersection - T-Junction,No traffic control,0 - 50 km/h,Sealed - Dry,Daylight,Straight,Veh'S Opposite Approach: Thru-Right,Opposing vehicles turning,0,0,0,1,1,1,0,0,0,1,0,0
274552,Hospitalisation,2014,18,Rear-end,Multi-Vehicle,153.044888,-27.637987,Mt Lindesay Art. Rd,,Calamvale,Algester,No Roadway Feature,No traffic control,80 - 90 km/h,Sealed - Dry,Dawn/Dusk,Straight,Veh'S Same Direction: Rear End,Rear-end,0,1,0,0,1,2,0,0,0,0,0,0
274553,Medical treatment,2014,7,Angle,Multi-Vehicle,152.980289,-27.568796,Blunder Rd,,Oxley,Inala,Intersection - Cross,Operating traffic lights,60 km/h,Sealed - Dry,Daylight,Straight,Veh'S Opposite Approach: Thru-Right,Opposing vehicles turning,0,0,1,0,1,1,0,1,0,0,0,0
274554,Minor injury,2014,8,Rear-end,Multi-Vehicle,152.940376,-27.556133,Western Arterial Rd,,Jamboree Heights,Mount Ommaney,Intersection - Interchange,No traffic control,80 - 90 km/h,Sealed - Dry,Daylight,Straight,Veh'S Same Direction: Rear End,Rear-end,0,0,0,1,1,3,0,0,0,0,0,0
274555,Hospitalisation,2014,7,Sideswipe,Multi-Vehicle,152.9423142,-27.57736142,Cunningham Arterial Rd,,Darra,Inala,No Roadway Feature,No traffic control,100 - 110 km/h,Sealed - Dry,Daylight,Straight,Veh'S Manoeuvring: Entering From Footway,Vehicle leaving driveway,0,1,0,0,1,3,0,1,0,0,0,0
274558,Medical treatment,2014,11,Angle,Multi-Vehicle,153.099518,-27.451901,Metroplex Ave,,Murarrie,Bulimba,No Roadway Feature,No traffic control,0 - 50 km/h,Sealed - Dry,Daylight,Curved - view obscured,Veh'S Manoeuvring: Leaving Driveway,Vehicle leaving driveway,0,0,1,0,1,2,0,0,0,0,0,0
274560,Medical treatment,2014,8,Angle,Multi-Vehicle,152.972567,-27.559298,Irwin Tce,Lucock St,Oxley,Mount Ommaney,Intersection - Cross,Give way sign,0 - 50 km/h,Sealed - Dry,Daylight,Straight,Veh'S Adjacent Approach: Thru-Thru,Intersection from adjacent approaches,0,0,1,0,1,2,0,0,0,0,0,0
274561,Medical treatment,2014,14,Angle,Multi-Vehicle,153.165218,-27.445229,Stradbroke Ave,Tamaree Ave,Wynnum,Lytton,Intersection - T-Junction,Give way sign,0 - 50 km/h,Sealed - Dry,Daylight,Straight,Veh'S Manoeuvring: Entering From Footway,Vehicle leaving driveway,0,0,1,0,1,1,0,0,0,1,0,0
274587,Medical treatment,2014,16,Rear-end,Multi-Vehicle,153.035116,-27.617281,Algester Rd,,Calamvale,Stretton,No Roadway Feature,No traffic control,60 km/h,Sealed - Dry,Daylight,Straight,Veh'S Same Direction: Rear End,Rear-end,0,0,1,0,1,1,1,0,0,0,0,0
274592,Hospitalisation,2014,16,Rear-end,Multi-Vehicle,153.018049,-27.5293647,Lucy St,,Moorooka,Yeerongpilly,No Roadway Feature,No traffic control,60 km/h,Sealed - Dry,Daylight,Straight,Veh'S Same Direction: Right Rear,Rear-end,0,1,0,0,1,1,1,0,0,0,0,0
274594,Medical treatment,2014,19,Sideswipe,Multi-Vehicle,153.066164,-27.550595,South East Arterial Rd,,Upper Mount Gravatt,Yeerongpilly,No Roadway Feature,No traffic control,60 km/h,Sealed - Dry,Darkness - Lighted,Straight,Veh'S Same Direction: Lane Change Right,Lane changes,0,0,1,0,1,1,0,0,1,0,0,0
274619,Medical treatment,2014,16,Angle,Multi-Vehicle,152.987647,-27.630442,Stapylton Rd,Wadeville St,Heathwood,Algester,Intersection - Cross,Operating traffic lights,70 km/h,Sealed - Dry,Dawn/Dusk,Straight,Veh'S Adjacent Approach: Thru-Thru,Intersection from adjacent approaches,0,0,1,0,1,3,0,0,0,0,0,0
274620,Hospitalisation,2014,15,Hit object,Single Vehicle,153.0105948,-27.64155176,Logan Mwy,,Larapinta,Algester,No Roadway Feature,No traffic control,100 - 110 km/h,Sealed - Dry,Daylight,Straight,Off Path-Straight:Right Off Cway Hit Obj,Off carriageway on straight hit object,0,1,0,0,1,1,0,0,0,0,0,0
274621,Hospitalisation,2014,9,Angle,Multi-Vehicle,153.17376,-27.448284,Pine St,Tingal Rd,Wynnum,Lytton,Intersection - Cross,Operating traffic lights,60 km/h,Sealed - Dry,Daylight,Straight,Veh'S Adjacent Approach: Thru-Thru,Intersection from adjacent approaches,0,1,1,0,2,3,0,0,0,0,0,0
274652,Medical treatment,2014,12,Angle,Multi-Vehicle,152.9550338,-27.624834,Grand Ave,Woogaroo St,Ellen Grove,Algester,Intersection - Roundabout,Give way sign,0 - 50 km/h,Sealed - Dry,Daylight,Straight,Veh'S Adjacant Approach: Thru-Left,Intersection from adjacent approaches,0,0,1,0,1,1,0,0,0,1,0,0
274653,Medical treatment,2014,18,Rear-end,Multi-Vehicle,153.013054,-27.481124,Sussex St,Vulture St,West End,South Brisbane,Intersection - T-Junction,No traffic control,0 - 50 km/h,Sealed - Dry,Darkness - Lighted,Straight,Veh'S Same Direction: Rear End,Rear-end,0,0,1,0,1,3,0,0,0,0,0,0
274654,Medical treatment,2014,7,Rear-end,Multi-Vehicle,153.165403,-27.476277,Greencamp Rd,Manly Rd,Wakerley,Chatsworth,Intersection - T-Junction,Operating traffic lights,60 km/h,Sealed - Dry,Daylight,Curved - view open,Veh'S Same Direction: Rear End,Rear-end,0,0,1,0,1,2,0,0,0,0,0,0
274683,Hospitalisation,2014,10,Sideswipe,Multi-Vehicle,153.03566,-27.47656,Main St,Quinton St,Kangaroo Point,South Brisbane,Intersection - Cross,Operating traffic lights,60 km/h,Sealed - Dry,Dawn/Dusk,Straight,Veh'S Same Direction: Lane Change Right,Lane changes,0,1,0,0,1,1,0,1,0,0,0,0
274684,Medical treatment,2014,20,Rear-end,Multi-Vehicle,153.035223,-27.500776,Ipswich Rd,,Woolloongabba,South Brisbane,No Roadway Feature,No traffic control,60 km/h,Sealed - Dry,Darkness - Lighted,Straight,Veh'S Same Direction: Rear End,Rear-end,0,0,1,0,1,2,0,0,0,0,0,0
274685,Medical treatment,2014,8,Angle,Multi-Vehicle,153.149789,-27.456297,Ropley Rd,School Rd,Wynnum West,Lytton,Intersection - Roundabout,Give way sign,60 km/h,Sealed - Dry,Daylight,Straight,Veh'S Adjacent Approach: Thru-Thru,Intersection from adjacent approaches,0,0,1,0,1,2,0,0,0,0,0,0
274687,Minor injury,2014,15,Angle,Multi-Vehicle,153.126338,-27.513838,Greendale Way,Mt Petrie Rd,Belmont,Chatsworth,Intersection - T-Junction,Give way sign,80 - 90 km/h,Sealed - Dry,Daylight,Straight,Veh'S Adjacent Approach: Thru-Right,Intersection from adjacent approaches,0,0,0,2,2,2,0,0,0,0,0,0
274707,Hospitalisation,2014,12,Hit object,Single Vehicle,153.063801,-27.487757,Bennetts Rd,Lloyd St,Camp Hill,Bulimba,Intersection - T-Junction,No traffic control,60 km/h,Sealed - Dry,Daylight,Curved - view open,Off Path-Curve: Off Cway Lt Bend Hit Obj,Off carriageway on curve hit object,0,1,0,0,1,1,0,0,0,0,0,0
274731,Medical treatment,2014,7,Sideswipe,Multi-Vehicle,153.1249929,-27.50807622,Gateway Arterial Rd,,Belmont,Chatsworth,No Roadway Feature,No traffic control,100 - 110 km/h,Sealed - Dry,Daylight,Straight,Veh'S Same Direction: Lane Side Swipe,Lane changes,0,0,1,1,2,1,0,1,0,0,0,0
274732,Hospitalisation,2014,8,Hit object,Single Vehicle,153.148158,-27.470166,Bognor St,,Tingalpa,Lytton,No Roadway Feature,No traffic control,0 - 50 km/h,Sealed - Dry,Daylight,Straight,Off Path-Straight: Left Off Cway Hit Obj,Off carriageway on straight hit object,0,1,0,0,1,1,0,0,0,0,0,0
274737,Medical treatment,2014,8,Rear-end,Multi-Vehicle,153.126671,-27.5123261,Mt Petrie Rd,,Belmont,Chatsworth,No Roadway Feature,No traffic control,80 - 90 km/h,Sealed - Dry,Daylight,Straight,Veh'S Same Direction: Rear End,Rear-end,0,0,1,0,1,4,0,0,0,0,0,0
274758,Minor injury,2014,12,Rear-end,Multi-Vehicle,152.991231,-27.563657,Cunningham Arterial Rd,,Rocklea,Sunnybank,No Roadway Feature,No traffic control,80 - 90 km/h,Sealed - Dry,Daylight,Straight,Veh'S Same Direction: Rear End,Rear-end,0,0,0,3,3,1,0,1,0,0,0,0
274760,Medical treatment,2014,17,Angle,Multi-Vehicle,153.121341,-27.502249,Cleveland Sub-Arterial Rd,Wright St,Carindale,Chatsworth,Intersection - T-Junction,Give way sign,60 km/h,Sealed - Dry,Daylight,Straight,Veh'S Opposite Approach: Thru-Right,Opposing vehicles turning,0,0,1,0,1,2,0,0,0,0,0,0
274762,Hospitalisation,2014,6,Rear-end,Multi-Vehicle,152.966216,-27.569886,Cunningham Arterial Rd,,Oxley,Mount Ommaney,No Roadway Feature,No traffic control,100 - 110 km/h,Sealed - Dry,Daylight,Straight,Veh'S Same Direction: Rear End,Rear-end,0,1,0,0,1,1,1,0,0,0,0,0
274765,Hospitalisation,2014,17,Angle,Multi-Vehicle,153.180864,-27.486604,Chelsea Rd,Rickertt Rd,Ransome,Chatsworth,Intersection - Cross,Stop sign,70 km/h,Sealed - Dry,Daylight,Straight,Veh'S Adjacent Approach: Thru-Right,Intersection from adjacent approaches,0,1,1,0,2,2,0,0,0,0,0,0
274775,Medical treatment,2014,16,Rear-end,Multi-Vehicle,153.062355,-27.611399,Compton Rd,,Stretton,Stretton,No Roadway Feature,No traffic control,60 km/h,Sealed - Dry,Daylight,Straight,Veh'S Same Direction: Rear End,Rear-end,0,0,1,0,1,3,0,0,0,0,0,0
274778,Medical treatment,2014,14,Rear-end,Multi-Vehicle,153.039899,-27.510992,South East Arterial Rd,,Greenslopes,South Brisbane,No Roadway Feature,No traffic control,100 - 110 km/h,Sealed - Dry,Daylight,Straight,Veh'S Same Direction: Rear End,Rear-end,0,0,1,0,1,0,1,1,0,0,0,0
274779,Medical treatment,2014,16,Angle,Multi-Vehicle,152.966136,-27.589284,Buddleia St,Eugenia St,Inala,Inala,Intersection - Cross,Give way sign,0 - 50 km/h,Sealed - Wet,Daylight,Straight,Veh'S Adjacent Approach: Thru-Thru,Intersection from adjacent approaches,0,0,3,0,3,2,0,0,0,0,0,0
274780,Medical treatment,2014,12,Hit object,Single Vehicle,152.988352,-27.625024,Blunder Rd,,Heathwood,Algester,No Roadway Feature,No traffic control,60 km/h,Sealed - Dry,Daylight,Straight,Off Path-Curve: Mounts Traffic Island,Off carriageway on curve hit object,0,0,2,0,2,1,0,0,0,0,0,0
274781,Medical treatment,2014,18,Rear-end,Multi-Vehicle,153.087455,-27.565171,Logan Sub-Arterial Rd,,Upper Mount Gravatt,Mansfield,No Roadway Feature,No traffic control,60 km/h,Sealed - Wet,Darkness - Lighted,Straight,Veh'S Same Direction: Rear End,Rear-end,0,0,1,1,2,3,0,0,0,0,0,0
274782,Hospitalisation,2014,10,Angle,Multi-Vehicle,153.0991869,-27.55471338,Redland Sub-Arterial Rd,,Wishart,Mansfield,No Roadway Feature,No traffic control,60 km/h,Sealed - Dry,Daylight,Straight,Veh'S Manoeuvring: Entering From Footway,Vehicle leaving driveway,0,2,0,0,2,2,0,0,0,0,0,0
274783,Medical treatment,2014,13,Angle,Multi-Vehicle,153.120623,-27.474613,Crossley Ave,Wynnum Rd,Tingalpa,Chatsworth,Intersection - T-Junction,No traffic control,60 km/h,Sealed - Dry,Daylight,Straight,Veh'S Adjacant Approach: Thru-Left,Intersection from adjacent approaches,0,0,2,0,2,1,0,1,0,0,0,0
274812,Minor injury,2014,6,Rear-end,Multi-Vehicle,153.051215,-27.611034,Beaudesert Rd,Mt Lindesay Art. Rd,Calamvale,Stretton,Intersection - T-Junction,Give way sign,0 - 50 km/h,Sealed - Dry,Daylight,Curved - view open,Veh'S Same Direction: Left Rear,Rear-end,0,0,0,1,1,2,0,0,0,0,0,0
274813,Medical treatment,2014,18,Rear-end,Multi-Vehicle,153.07061,-27.651753,Illaweena St,Logan Mwy,Drewvale,Stretton,Intersection - Roundabout,Give way sign,70 km/h,Sealed - Dry,Darkness - Lighted,Straight,Veh'S Same Direction: Left Rear,Rear-end,0,0,1,0,1,2,0,0,0,0,0,0
274814,Minor injury,2014,20,Rear-end,Multi-Vehicle,153.048138,-27.608701,Highlands Dr,Mt Lindesay Art. Rd,Calamvale,Stretton,Intersection - T-Junction,Operating traffic lights,80 - 90 km/h,Sealed - Wet,Darkness - Lighted,Straight,Veh'S Same Direction: Rear End,Rear-end,0,0,0,2,2,2,0,0,0,0,0,0
274816,Medical treatment,2014,19,Rear-end,Multi-Vehicle,153.01814,-27.595948,Learoyd Rd,Watson Rd,Acacia Ridge,Sunnybank,Intersection - Roundabout,Give way sign,70 km/h,Sealed - Dry,Darkness - Lighted,Straight,Veh'S Same Direction: Right Rear,Rear-end,0,0,1,0,1,2,0,0,0,0,0,0
274818,Hospitalisation,2014,10,Hit pedestrian,Hit pedestrian,153.018832,-27.481992,Gladstone Rd,Vulture St,South Brisbane,South Brisbane,Intersection - Cross,Operating traffic lights,60 km/h,Sealed - Dry,Daylight,Straight,Ped'N: Near Side Vehicle Hit From Right,Pedestrian,0,1,0,0,1,1,0,0,0,0,1,0
274842,Hospitalisation,2014,9,Angle,Multi-Vehicle,153.039874,-27.599081,Learoyd Rd,Mt Lindesay Art. Rd,Algester,Algester,Intersection - Cross,Operating traffic lights,70 km/h,Sealed - Dry,Daylight,Straight,Veh'S Adjacent Approach: Thru-Thru,Intersection from adjacent approaches,0,1,0,0,1,2,0,0,0,0,0,0
274843,Hospitalisation,2014,9,Angle,Multi-Vehicle,153.016805,-27.557991,Beatty Rd,Griffith Arterial Rd,Archerfield,Sunnybank,Intersection - Cross,Operating traffic lights,60 km/h,Sealed - Dry,Daylight,Straight,Veh'S Opposite Approach: Thru-Right,Opposing vehicles turning,0,2,0,0,2,2,0,0,0,0,0,0
274846,Hospitalisation,2014,17,Angle,Multi-Vehicle,153.059803,-27.518015,Harold St,Logan Rd,Holland Park West,Greenslopes,Intersection - T-Junction,No traffic control,0 - 50 km/h,Sealed - Dry,Daylight,Straight,Veh'S Manoeuvring: Entering From Footway,Vehicle leaving driveway,0,1,0,0,1,1,0,0,0,1,0,0
274847,Medical treatment,2014,0,Hit parked vehicle,Single Vehicle,153.074434,-27.527668,Nursery Rd,,Holland Park,Greenslopes,No Roadway Feature,No traffic control,60 km/h,Sealed - Dry,Darkness - Lighted,Straight,Veh'S On Path: Parked,Hit parked vehicle,0,0,1,0,1,2,0,0,0,0,0,0
274850,Medical treatment,2014,21,Angle,Multi-Vehicle,153.040332,-27.558939,Griffith Arterial Rd,Orange Grove Rd,Salisbury,Sunnybank,Intersection - Cross,Operating traffic lights,70 km/h,Sealed - Wet,Darkness - Lighted,Curved - view open,Veh'S Adjacent Approach: Thru-Thru,Intersection from adjacent approaches,0,0,1,0,1,1,0,0,0,0,0,1
274851,Hospitalisation,2014,2,Fall from vehicle,Single Vehicle,153.08508,-27.56685,South East Arterial Rd,,Macgregor,Mansfield,No Roadway Feature,No traffic control,100 - 110 km/h,Sealed - Dry,Darkness - Lighted,Straight,Veh'S On Path: Temporary Object On C'Way,Other,0,1,0,0,1,0,1,0,0,0,0,0
274852,Medical treatment,2014,21,Rear-end,Multi-Vehicle,153.012055,-27.480976,Boundary St,Vulture St,West End,South Brisbane,Intersection - Cross,Operating traffic lights,0 - 50 km/h,Sealed - Wet,Darkness - Lighted,Straight,Veh'S Same Direction: Right Rear,Rear-end,0,0,2,0,2,2,0,0,0,0,0,0
274853,Minor injury,2014,1,Hit object,Single Vehicle,153.14803,-27.461424,Network Dr,Wynnum Rd,Wynnum West,Lytton,Intersection - T-Junction,Operating traffic lights,60 km/h,Sealed - Dry,Darkness - Lighted,Straight,Off Path-Straight:Right Off Cway Hit Obj,Off carriageway on straight hit object,0,0,0,1,1,1,0,0,0,0,0,0
274882,Medical treatment,2014,18,Angle,Multi-Vehicle,153.028926,-27.627639,Algester Rd,Nottingham Rd,Parkinson,Stretton,Intersection - Roundabout,Give way sign,60 km/h,Sealed - Dry,Darkness - Lighted,Straight,Veh'S Opposite Approach: Thru-Right,Opposing vehicles turning,0,0,1,0,1,1,1,0,0,0,0,0
274883,Hospitalisation,2014,2,Hit pedestrian,Hit pedestrian,153.093706,-27.531374,Cavendish Rd,,Mount Gravatt East,Mansfield,No Roadway Feature,No traffic control,60 km/h,Sealed - Dry,Darkness - Lighted,Straight,Ped'N: Hit Walking With Traffic,Pedestrian,0,1,0,0,1,1,0,0,0,0,1,0
274884,Medical treatment,2014,10,Angle,Multi-Vehicle,153.107122,-27.455453,Gateway Arterial Rd,Port Of Brisbane Rd,Murarrie,Bulimba,Intersection - T-Junction,Operating traffic lights,60 km/h,Sealed - Dry,Daylight,Curved - view obscured,Veh'S Adjacent Approach: Thru-Right,Intersection from adjacent approaches,0,0,2,0,2,2,0,0,0,0,0,0
274885,Hospitalisation,2014,6,Hit object,Single Vehicle,153.021747,-27.482429,Merivale St,Vulture St,South Brisbane,South Brisbane,Intersection - T-Junction,Operating traffic lights,60 km/h,Sealed - Dry,Daylight,Curved - view open,Off Path-Curve: Mounts Traffic Island,Off carriageway on curve hit object,0,2,0,0,2,1,0,0,0,0,0,0
274886,Hospitalisation,2014,11,Rear-end,Multi-Vehicle,153.113743,-27.464649,Gateway Arterial Rd,,Tingalpa,Chatsworth,No Roadway Feature,No traffic control,100 - 110 km/h,Sealed - Dry,Daylight,Straight,Veh'S Same Direction: Rear End,Rear-end,0,1,0,0,1,1,1,0,0,0,0,0
274916,Minor injury,2014,23,Angle,Multi-Vehicle,153.045476,-27.571477,Beechcroft St,Boundary Rd,Coopers Plains,Sunnybank,Intersection - Cross,Give way sign,60 km/h,Sealed - Dry,Darkness - Lighted,Straight,Veh'S Adjacent Approach: Thru-Thru,Intersection from adjacent approaches,0,0,0,1,1,2,0,0,0,0,0,0
274931,Fatal,2014,21,Hit parked vehicle,Single Vehicle,153.125202,-27.4937,Gateway Arterial Rd,,Belmont,Chatsworth,No Roadway Feature,Road/Rail worker,0 - 50 km/h,Sealed - Dry,Darkness - Lighted,Straight,Veh'S On Path: Temporary Roadworks,Other,1,0,0,0,1,1,0,0,0,0,0,1
274932,Hospitalisation,2014,13,Hit parked vehicle,Single Vehicle,153.076285,-27.534718,Logan Rd,,Mount Gravatt,Greenslopes,No Roadway Feature,No traffic control,60 km/h,Sealed - Dry,Daylight,Straight,Veh'S On Path: Parked,Hit parked vehicle,0,1,0,0,1,3,0,1,0,0,0,0
274933,Medical treatment,2014,12,Angle,Multi-Vehicle,153.0800722,-27.46534698,Junction Rd,,Morningside,Bulimba,No Roadway Feature,No traffic control,60 km/h,Sealed - Dry,Daylight,Curved - view open,Veh'S Manoeuvring: Entering From Footway,Vehicle leaving driveway,0,0,3,0,3,2,0,0,0,0,0,0
274934,Medical treatment,2014,8,Rear-end,Multi-Vehicle,153.1176131,-27.54429014,Gateway Art Rd Ramp Xh,,Mackenzie,Mansfield,Intersection - Interchange,No traffic control,60 km/h,Sealed - Dry,Daylight,Straight,Veh'S Same Direction: Rear End,Rear-end,0,0,1,0,1,2,0,0,0,0,0,0
274935,Hospitalisation,2014,14,Sideswipe,Multi-Vehicle,153.0032314,-27.48356376,Harriet St,Kurilpa St,West End,South Brisbane,No Roadway Feature,No traffic control,60 km/h,Sealed - Dry,Daylight,Straight,Off Path-Straight: Left Off Cway Hit Obj,Off carriageway on straight hit object,0,1,0,0,1,1,0,0,0,1,0,0
274936,Medical treatment,2014,7,Sideswipe,Multi-Vehicle,153.019091,-27.480745,Cordelia St,Ernest St,South Brisbane,South Brisbane,Intersection - Cross,Operating traffic lights,0 - 50 km/h,Sealed - Dry,Daylight,Curved - view obscured,Veh'S Same Direction: Left Turn S/Swipe,Parallel lanes turning,0,0,1,0,1,1,0,0,0,1,0,0
274961,Hospitalisation,2014,5,Rear-end,Multi-Vehicle,153.101878,-27.447013,Gateway Arterial Rd,,Murarrie,Bulimba,Bridge/Causeway,No traffic control,80 - 90 km/h,Sealed - Dry,Dawn/Dusk,Straight,Veh'S Same Direction: Rear End,Rear-end,0,2,1,0,3,4,0,1,0,0,0,0
274962,Hospitalisation,2014,23,Angle,Multi-Vehicle,153.064218,-27.572011,Mains Rd,Mccullough St,Sunnybank,Sunnybank,Intersection - Cross,Operating traffic lights,60 km/h,Sealed - Dry,Darkness - Lighted,Straight,Veh'S Opposite Approach: Thru-Right,Opposing vehicles turning,0,1,0,0,1,2,0,0,0,0,0,0
274963,Medical treatment,2014,10,Angle,Multi-Vehicle,153.088688,-27.563379,Link St,Newnham Rd,Upper Mount Gravatt,Mansfield,Intersection - T-Junction,Operating traffic lights,60 km/h,Sealed - Dry,Daylight,Straight,Veh'S Opposite Approach: Thru-Right,Opposing vehicles turning,0,0,1,0,1,2,0,0,0,0,0,0