Crash_Ref_Number,Severity,Year,Hour,Crash_Nature,Crash_Type,Longitude,Latitude,Street,Street_Intersecting,Suburb,Loc_State_Electorate,Crash_Roadway_Feature,Crash_Traffic_Control,Crash_Speed_Limit,Crash_Road_Surface_Condition,Crash_Lighting_Condition,Crash_Road_Horiz_Align,Crash_DCA_Description,Crash_DCA_Group_Description,Count_Casualty_Fatality,Count_Casualty_Hospitalised,Count_Casualty_MedicallyTreated,Count_Casualty_MinorInjury,Count_Casualty_Total,Count_Unit_Car,Count_Unit_Motorcycle_Moped,Count_Unit_Truck,Count_Unit_Bus,Count_Unit_Bicycle,Count_Unit_Pedestrian,Count_Unit_Other
274990,Hospitalisation,2014,15,Hit parked vehicle,Single Vehicle,153.05702,-27.492419,Wakefield St,,Coorparoo,Greenslopes,No Roadway Feature,No traffic control,60 km/h,Sealed - Dry,Daylight,Straight,Veh'S On Path: Car Door,Hit parked vehicle,0,1,0,0,1,1,0,0,0,1,0,0
274994,Medical treatment,2014,18,Rear-end,Multi-Vehicle,153.020949,-27.558482,Griffith Arterial Rd,Mt Lindesay Art. Rd,Rocklea,Yeerongpilly,Intersection - Cross,Operating traffic lights,60 km/h,Sealed - Dry,Darkness - Lighted,Straight,Veh'S Same Direction: Left Rear,Rear-end,0,0,1,0,1,2,0,0,0,0,0,0
274995,Medical treatment,2014,17,Angle,Multi-Vehicle,153.068375,-27.572527,Marelda St,Mccullough St,Macgregor,Sunnybank,Intersection - T-Junction,No traffic control,60 km/h,Sealed - Dry,Daylight,Straight,Veh'S Overtaking: Overtake-Right Turn,Overtaking same direction,0,0,1,0,1,2,0,0,0,0,0,0
274996,Medical treatment,2014,15,Rear-end,Multi-Vehicle,153.1198086,-27.53718595,Gateway Arterial Rd,,Mackenzie,Mansfield,No Roadway Feature,No traffic control,100 - 110 km/h,Sealed - Dry,Daylight,Straight,Veh'S Same Direction: Rear End,Rear-end,0,0,1,0,1,1,0,1,0,0,0,0
274997,Medical treatment,2014,1,Angle,Multi-Vehicle,153.035968,-27.486534,Main St,Stanley St,Woolloongabba,South Brisbane,Intersection - Cross,Operating traffic lights,60 km/h,Sealed - Dry,Darkness - Lighted,Straight,Veh'S Adjacent Approach: Thru-Thru,Intersection from adjacent approaches,0,0,1,0,1,2,0,0,0,0,0,0
275029,Medical treatment,2014,11,Hit object,Single Vehicle,152.917985,-27.605163,Viking Dr,,Wacol,Inala,Bridge/Causeway,No traffic control,70 km/h,Sealed - Dry,Daylight,Straight,Off Path-Straight:Right Off Cway Hit Obj,Off carriageway on straight hit object,0,0,1,0,1,1,0,0,0,0,0,0
275030,Medical treatment,2014,6,Hit object,Single Vehicle,153.094399,-27.532618,Newnham Rd,Wecker Rd,Mount Gravatt East,Mansfield,Intersection - T-Junction,Operating traffic lights,60 km/h,Sealed - Dry,Daylight,Curved - view open,Off Path-Curve: Mounts Traffic Island,Off carriageway on curve hit object,0,0,1,0,1,1,0,0,0,0,0,0
275031,Hospitalisation,2014,1,Rear-end,Multi-Vehicle,153.079191,-27.560573,Griffith Arterial Rd,Macgregor St,Upper Mount Gravatt,Mansfield,Intersection - T-Junction,Operating traffic lights,60 km/h,Sealed - Dry,Darkness - Lighted,Straight,Veh'S Same Direction: Rear End,Rear-end,0,1,0,0,1,1,0,1,0,0,0,0
275032,Hospitalisation,2014,12,Angle,Multi-Vehicle,153.049662,-27.564617,Musgrave Rd,Troughton Rd,Coopers Plains,Sunnybank,Intersection - Cross,Operating traffic lights,60 km/h,Sealed - Dry,Daylight,Straight,Veh'S Opposite Approach: Thru-Right,Opposing vehicles turning,0,1,0,0,1,2,0,0,0,0,0,0
275033,Medical treatment,2014,15,Rear-end,Multi-Vehicle,153.035965,-27.484099,Main St,,Kangaroo Point,South Brisbane,No Roadway Feature,No traffic control,60 km/h,Sealed - Dry,Daylight,Straight,Veh'S Same Direction: Rear End,Rear-end,0,0,1,0,1,2,0,0,0,0,0,0
275034,Hospitalisation,2014,21,Angle,Multi-Vehicle,153.1671073,-27.47499669,Manly Rd,Whites Rd,Manly West,Lytton,Intersection - Cross,Operating traffic lights,60 km/h,Sealed - Dry,Darkness - Lighted,Straight,Veh'S Opposite Approach: Thru-Right,Opposing vehicles turning,0,1,0,0,1,2,0,0,0,0,0,0
275062,Hospitalisation,2014,5,Fall from vehicle,Single Vehicle,153.057972,-27.446886,Henderson St,,Bulimba,Bulimba,No Roadway Feature,No traffic control,0 - 50 km/h,Sealed - Dry,Dawn/Dusk,Straight,Pass & Misc: Fell In/From Vehicle,Other,0,1,0,0,1,1,0,0,0,0,0,0
275063,Medical treatment,2014,15,Hit object,Single Vehicle,153.106678,-27.574391,Gateway Arterial Rd,,Rochedale,Mansfield,No Roadway Feature,No traffic control,100 - 110 km/h,Sealed - Dry,Daylight,Straight,Off Path-Straight:Right Off Cway Hit Obj,Off carriageway on straight hit object,0,0,1,0,1,1,0,0,0,0,0,0
275093,Hospitalisation,2014,7,Hit object,Single Vehicle,152.971741,-27.637842,Johnson Rd,,Heathwood,Algester,No Roadway Feature,No traffic control,80 - 90 km/h,Sealed - Dry,Daylight,Curved - view open,Off Path-Curve: Mounts Traffic Island,Off carriageway on curve hit object,0,1,0,1,2,1,0,0,0,0,0,0
275094,Medical treatment,2014,18,Angle,Multi-Vehicle,153.068602,-27.47062998,Jack Flynn Memorial Dr,Wynnum Rd,Morningside,Bulimba,Intersection - T-Junction,Operating traffic lights,60 km/h,Sealed - Dry,Dawn/Dusk,Curved - view open,Veh'S Opposite Approach: Thru-Right,Opposing vehicles turning,0,0,1,0,1,2,0,0,0,0,0,0
275117,Hospitalisation,2014,18,Sideswipe,Multi-Vehicle,153.063163,-27.575937,Mains Rd,,Sunnybank,Sunnybank,No Roadway Feature,No traffic control,60 km/h,Sealed - Dry,Darkness - Lighted,Straight,Veh'S Same Direction: Lane Change Left,Lane changes,0,1,0,0,1,2,0,0,0,0,0,0
275118,Medical treatment,2014,19,Rear-end,Multi-Vehicle,153.065918,-27.55027,South East Arterial Rd,University Rd,Upper Mount Gravatt,Yeerongpilly,Intersection - Cross,Operating traffic lights,60 km/h,Sealed - Dry,Darkness - Lighted,Straight,Veh'S Same Direction: Rear End,Rear-end,0,0,1,0,1,2,0,0,0,0,0,0
275125,Hospitalisation,2014,19,Hit object,Single Vehicle,153.159209,-27.508609,Cleveland Sub-Arterial Rd,,Chandler,Chatsworth,No Roadway Feature,No traffic control,80 - 90 km/h,Sealed - Dry,Darkness - Lighted,Curved - view open,Off Path-Curve: Off Cway Rt Bend Hit Obj,Off carriageway on curve hit object,0,1,0,0,1,1,0,0,0,0,0,0
275140,Medical treatment,2014,13,Fall from vehicle,Single Vehicle,152.952619,-27.539248,Seventeen Mile Rocks Rd,,Sinnamon Park,Mount Ommaney,No Roadway Feature,No traffic control,0 - 50 km/h,Sealed - Dry,Daylight,Straight,Veh'S Manoeuvring: Other,Other,0,0,1,0,1,1,0,0,0,1,0,0
275141,Hospitalisation,2014,16,Angle,Multi-Vehicle,153.032853,-27.512693,Ekibin Rd,Lambton St,Annerley,Yeerongpilly,Intersection - Cross,Stop sign,60 km/h,Sealed - Dry,Daylight,Straight,Veh'S Adjacent Approach: Thru-Thru,Intersection from adjacent approaches,0,1,0,0,1,2,0,0,0,0,0,0
275142,Medical treatment,2014,16,Rear-end,Multi-Vehicle,153.047538,-27.502976,Cornwall St,,Greenslopes,South Brisbane,No Roadway Feature,No traffic control,60 km/h,Sealed - Dry,Dawn/Dusk,Straight,Veh'S Same Direction: Rear End,Rear-end,0,0,1,0,1,2,0,0,0,0,0,0
275145,Medical treatment,2014,5,Angle,Multi-Vehicle,153.091926,-27.57579,Logan Sub-Arterial Rd,Miles Platting Rd,Eight Mile Plains,Sunnybank,Intersection - Cross,Pedestrian crossing sign,60 km/h,Sealed - Dry,Dawn/Dusk,Straight,Veh'S Manoeuvring: Entering From Footway,Vehicle leaving driveway,0,0,2,0,2,1,0,0,0,2,0,0
275146,Medical treatment,2014,8,Rear-end,Multi-Vehicle,153.0281,-27.484781,Raymond Tce,Stanley St,South Brisbane,South Brisbane,Intersection - T-Junction,Operating traffic lights,60 km/h,Sealed - Dry,Daylight,Straight,Veh'S Same Direction: Rear End,Rear-end,0,0,1,0,1,2,0,0,0,0,0,0
275147,Medical treatment,2014,22,Angle,Multi-Vehicle,153.035058,-27.496962,Ipswich Rd,O'Keefe St,Woolloongabba,South Brisbane,Intersection - Cross,Operating traffic lights,60 km/h,Sealed - Dry,Darkness - Lighted,Straight,Veh'S Adjacent Approach: Right-Thru,Intersection from adjacent approaches,0,0,1,0,1,1,0,0,1,0,0,0
275173,Hospitalisation,2014,7,Sideswipe,Multi-Vehicle,152.934424,-27.592319,Boundary Rd,,Wacol,Inala,Intersection - T-Junction,No traffic control,60 km/h,Sealed - Dry,Daylight,Straight,Veh'S Adjacant Approach: Thru-Left,Intersection from adjacent approaches,0,1,0,0,1,1,1,0,0,0,0,0
275174,Hospitalisation,2014,12,Angle,Multi-Vehicle,153.034332,-27.503422,Ipswich Rd,Juliette St,Annerley,South Brisbane,Intersection - T-Junction,Operating traffic lights,60 km/h,Sealed - Dry,Daylight,Straight,Veh'S Adjacent Approach: Thru-Right,Intersection from adjacent approaches,0,1,0,0,1,1,1,0,0,0,0,0
275178,Minor injury,2014,12,Angle,Multi-Vehicle,152.972312,-27.598824,Crake St,Kittyhawk Ave,Inala,Inala,Intersection - T-Junction,No traffic control,0 - 50 km/h,Sealed - Dry,Daylight,Straight,Veh'S Manoeuvring: Leaving Driveway,Vehicle leaving driveway,0,0,0,1,1,2,0,0,0,0,0,0
275180,Medical treatment,2014,15,Hit parked vehicle,Single Vehicle,153.1700083,-27.43653616,Glenora St,,Wynnum,Lytton,No Roadway Feature,No traffic control,0 - 50 km/h,Sealed - Dry,Daylight,Straight,Off Path-Straight: Left Off Cway Hit Obj,Off carriageway on straight hit object,0,0,1,1,2,2,0,0,0,0,0,0
275187,Hospitalisation,2014,8,Rear-end,Multi-Vehicle,153.175723,-27.485769,Rickertt Rd,,Ransome,Chatsworth,No Roadway Feature,No traffic control,80 - 90 km/h,Sealed - Dry,Daylight,Straight,Veh'S Same Direction: Rear End,Rear-end,0,1,0,0,1,2,0,0,0,0,0,0
275206,Medical treatment,2014,12,Angle,Multi-Vehicle,153.075785,-27.500234,Boundary Rd,Samuel St,Camp Hill,Greenslopes,Intersection - Cross,Operating traffic lights,60 km/h,Sealed - Dry,Daylight,Straight,Veh'S Opposite Approach: Thru-Right,Opposing vehicles turning,0,0,1,0,1,2,0,0,0,0,0,0
275208,Medical treatment,2014,18,Rear-end,Multi-Vehicle,153.029488,-27.4811938,South East Arterial Rd,,Kangaroo Point,South Brisbane,Bridge/Causeway,No traffic control,80 - 90 km/h,Sealed - Dry,Darkness - Lighted,Straight,Veh'S Same Direction: Rear End,Rear-end,0,0,2,0,2,3,0,0,0,0,0,0
275214,Minor injury,2014,17,Rear-end,Multi-Vehicle,153.1611081,-27.55897664,Redland Sub-Arterial Rd,,Burbank,Mansfield,No Roadway Feature,No traffic control,80 - 90 km/h,Sealed - Dry,Daylight,Straight,Veh'S Same Direction: Rear End,Rear-end,0,0,0,1,1,2,0,0,0,0,0,0
275235,Medical treatment,2014,14,Angle,Multi-Vehicle,153.088781,-27.468309,Barrack Rd,Wynnum Rd,Cannon Hill,Bulimba,Intersection - Cross,Operating traffic lights,60 km/h,Sealed - Dry,Daylight,Straight,Veh'S Opposite Approach: Thru-Right,Opposing vehicles turning,0,0,1,0,1,2,0,0,0,0,0,0
275236,Medical treatment,2014,19,Rear-end,Multi-Vehicle,153.100906,-27.584879,Gateway Arterial Rd,Logan Sub-Arterial Rd,Eight Mile Plains,Stretton,Intersection - Interchange,No traffic control,60 km/h,Sealed - Dry,Darkness - Lighted,Curved - view open,Veh'S Same Direction: Left Rear,Rear-end,0,0,1,0,1,2,0,0,0,0,0,0
275237,Medical treatment,2014,5,Rear-end,Multi-Vehicle,153.0622751,-27.54464342,South East Arterial Rd,,Mount Gravatt,Mansfield,No Roadway Feature,No traffic control,100 - 110 km/h,Sealed - Dry,Daylight,Straight,Veh'S Same Direction: Rear End,Rear-end,0,0,1,0,1,2,0,0,0,0,0,0
275238,Hospitalisation,2014,12,Rear-end,Multi-Vehicle,153.0403248,-27.4852116,Vulture St,Wellington Rd,East Brisbane,South Brisbane,Intersection - Cross,Operating traffic lights,60 km/h,Sealed - Dry,Daylight,Straight,Veh'S Same Direction: Rear End,Rear-end,0,1,0,0,1,3,0,0,0,0,0,0
275242,Medical treatment,2014,7,Hit object,Single Vehicle,153.18701,-27.513176,Sunnydene Rd,,Chandler,Chatsworth,No Roadway Feature,No traffic control,80 - 90 km/h,Sealed - Dry,Daylight,Straight,Off Path-Straight:Right Off Cway Hit Obj,Off carriageway on straight hit object,0,0,2,0,2,1,0,0,0,0,0,0
275243,Medical treatment,2014,15,Rear-end,Multi-Vehicle,153.128458,-27.504184,Cleveland Sub-Arterial Rd,Old Cleveland Rd,Belmont,Chatsworth,Intersection - T-Junction,No traffic control,80 - 90 km/h,Sealed - Dry,Daylight,Straight,Veh'S Same Direction: Left Rear,Rear-end,0,0,9,0,9,1,0,0,1,0,0,0
275264,Medical treatment,2014,8,Rear-end,Multi-Vehicle,152.980774,-27.570881,Blunder Rd,Boundary Rd,Oxley,Inala,Intersection - T-Junction,No traffic control,60 km/h,Sealed - Dry,Daylight,Straight,Veh'S Same Direction: Left Rear,Rear-end,0,0,1,0,1,2,0,0,0,0,0,0
275265,Medical treatment,2014,12,Hit object,Single Vehicle,152.965382,-27.5700973,Cunningham Arterial Rd,,Darra,Mount Ommaney,Intersection - Interchange,No traffic control,80 - 90 km/h,Sealed - Dry,Daylight,Straight,Off Path-Straight:Right Off Cway Hit Obj,Off carriageway on straight hit object,0,0,1,0,1,2,0,0,0,0,0,0
275266,Medical treatment,2014,14,Rear-end,Multi-Vehicle,153.0730134,-27.49246851,Old Cleveland Rd,,Camp Hill,Bulimba,No Roadway Feature,No traffic control,60 km/h,Sealed - Dry,Daylight,Curved - view open,Veh'S Same Direction: Rear End,Rear-end,0,0,1,0,1,1,1,0,0,0,0,0
275269,Medical treatment,2014,8,Angle,Multi-Vehicle,152.981606,-27.539819,Nelson St,Oxley Rd,Corinda,Mount Ommaney,Intersection - Cross,Operating traffic lights,60 km/h,Sealed - Dry,Daylight,Straight,Veh'S Opposite Approach: Thru-Right,Opposing vehicles turning,0,0,1,0,1,2,0,0,0,0,0,0
275271,Hospitalisation,2014,10,Hit pedestrian,Hit pedestrian,153.049573,-27.564772,Musgrave Rd,Troughton Rd,Coopers Plains,Sunnybank,Intersection - T-Junction,Pedestrian operated lights,60 km/h,Sealed - Dry,Daylight,Straight,Ped'N: Near Side Vehicle Hit From Right,Pedestrian,0,1,0,0,1,1,0,0,0,0,1,0
275295,Hospitalisation,2014,12,Rear-end,Multi-Vehicle,152.934726,-27.547382,Arrabri Ave,,Mount Ommaney,Mount Ommaney,No Roadway Feature,No traffic control,60 km/h,Sealed - Dry,Daylight,Curved - view open,Veh'S Same Direction: Rear End,Rear-end,0,1,0,0,1,0,2,0,0,0,0,0
275297,Medical treatment,2014,2,Angle,Multi-Vehicle,153.039891,-27.508764,Lewisham St,Ridge St,Greenslopes,South Brisbane,Intersection - T-Junction,Operating traffic lights,60 km/h,Sealed - Dry,Darkness - Lighted,Curved - view open,Veh'S Opposite Approach: Thru-Right,Opposing vehicles turning,0,0,2,0,2,2,0,0,0,0,0,0
275298,Hospitalisation,2014,10,Angle,Multi-Vehicle,153.094399,-27.532618,Newnham Rd,Wecker Rd,Mount Gravatt East,Mansfield,Intersection - T-Junction,Operating traffic lights,60 km/h,Sealed - Dry,Daylight,Straight,Veh'S Opposite Approach: Thru-Right,Opposing vehicles turning,0,2,0,0,2,2,0,0,0,0,0,0
275299,Medical treatment,2014,12,Angle,Multi-Vehicle,153.096272,-27.469435,Creek Rd,Wynnum Rd,Cannon Hill,Bulimba,Intersection - Cross,Operating traffic lights,60 km/h,Sealed - Dry,Daylight,Straight,Veh'S Adjacent Approach: Thru-Thru,Intersection from adjacent approaches,0,0,3,1,4,2,0,0,0,0,0,0
275300,Medical treatment,2014,19,Rear-end,Multi-Vehicle,153.048598,-27.571381,Boundary Rd,Troughton Rd,Sunnybank,Sunnybank,Intersection - T-Junction,No traffic control,60 km/h,Sealed - Dry,Darkness - Lighted,Curved - view open,Veh'S Same Direction: Left Rear,Rear-end,0,0,1,0,1,2,0,0,0,0,0,0
275301,Hospitalisation,2014,18,Angle,Multi-Vehicle,153.105689,-27.57723,Gateway Arterial Rd,,Rochedale,Mansfield,No Roadway Feature,No traffic control,100 - 110 km/h,Sealed - Dry,Dawn/Dusk,Straight,Veh'S Same Direction: Lane Change Left,Lane changes,0,1,0,0,1,1,0,1,0,0,0,0
275329,Medical treatment,2014,20,Rear-end,Multi-Vehicle,153.021624,-27.512496,Fairfield Rd,Venner Rd,Fairfield,Yeerongpilly,Intersection - Roundabout,Give way sign,60 km/h,Sealed - Dry,Darkness - Lighted,Curved - view open,Veh'S Same Direction: Left Rear,Rear-end,0,0,1,0,1,2,0,0,0,0,0,0
275331,Hospitalisation,2014,8,Fall from vehicle,Single Vehicle,153.073144,-27.494357,Albert St,Warilda St,Camp Hill,Greenslopes,No Roadway Feature,No traffic control,0 - 50 km/h,Sealed - Dry,Daylight,Straight,Pass & Misc: Fell In/From Vehicle,Other,0,1,0,0,1,0,1,0,0,0,0,0
275333,Medical treatment,2014,17,Rear-end,Multi-Vehicle,153.065086,-27.519894,Holland Rd,,Holland Park,Greenslopes,No Roadway Feature,No traffic control,60 km/h,Sealed - Dry,Daylight,Straight,Veh'S Same Direction: Rear End,Rear-end,0,0,1,0,1,2,0,0,0,0,0,0
275336,Hospitalisation,2014,22,Hit object,Single Vehicle,153.18172,-27.457032,Mountjoy Tce,Yamboyna St,Manly,Lytton,Intersection - T-Junction,No traffic control,0 - 50 km/h,Sealed - Wet,Darkness - Lighted,Curved - view obscured,Off Path-Curve: Off Cway Rt Bend Hit Obj,Off carriageway on curve hit object,0,1,0,0,1,1,0,0,0,0,0,0
275360,Medical treatment,2014,21,Angle,Multi-Vehicle,153.046648,-27.630373,Honeysuckle Way,Mt Lindesay Art. Rd,Calamvale,Stretton,Intersection - Cross,Operating traffic lights,60 km/h,Sealed - Dry,Darkness - Lighted,Straight,Veh'S Adjacent Approach: Right-Thru,Intersection from adjacent approaches,0,0,1,0,1,2,0,0,0,0,0,0
275361,Medical treatment,2014,8,Hit object,Single Vehicle,152.932403,-27.607949,Waterford Rd,,Wacol,Inala,No Roadway Feature,No traffic control,60 km/h,Sealed - Dry,Daylight,Straight,Veh'S Manoeuvring: Parking Veh'S Only,Other,0,0,1,0,1,1,1,0,0,0,0,0
275362,Minor injury,2014,9,Sideswipe,Multi-Vehicle,153.025051,-27.573512,Mt Lindesay Art. Rd,,Acacia Ridge,Sunnybank,No Roadway Feature,No traffic control,70 km/h,Sealed - Dry,Daylight,Straight,Veh'S Same Direction: Left Turn S/Swipe,Parallel lanes turning,0,0,0,1,1,1,0,0,0,1,0,0
275364,Hospitalisation,2014,14,Hit parked vehicle,Single Vehicle,153.057789,-27.497749,Macaulay St,,Coorparoo,Greenslopes,No Roadway Feature,No traffic control,0 - 50 km/h,Sealed - Dry,Daylight,Straight,Veh'S On Path: Parked,Hit parked vehicle,0,1,0,0,1,3,0,0,0,0,0,0
275365,Medical treatment,2014,17,Angle,Multi-Vehicle,153.072523,-27.530416,Logan Rd,,Mount Gravatt,Greenslopes,No Roadway Feature,No traffic control,60 km/h,Sealed - Dry,Daylight,Straight,Veh'S Manoeuvring: Leaving Driveway,Vehicle leaving driveway,0,0,1,0,1,1,0,0,0,1,0,0
275367,Medical treatment,2014,16,Rear-end,Multi-Vehicle,153.028796,-27.485291,Stanley St,,South Brisbane,South Brisbane,No Roadway Feature,No traffic control,60 km/h,Sealed - Dry,Daylight,Straight,Veh'S Same Direction: Right Rear,Rear-end,0,0,1,0,1,2,0,0,0,0,0,0
275397,Minor injury,2014,15,Rear-end,Multi-Vehicle,153.050357,-27.619654,Mt Lindesay Art. Rd,,Calamvale,Stretton,No Roadway Feature,No traffic control,60 km/h,Sealed - Dry,Daylight,Straight,Veh'S Same Direction: Rear End,Rear-end,0,0,0,1,1,2,0,0,0,0,0,0
275398,Medical treatment,2014,17,Sideswipe,Multi-Vehicle,152.946223,-27.574811,Western Arterial Rd,,Darra,Inala,Intersection - Interchange,No traffic control,80 - 90 km/h,Sealed - Dry,Daylight,Curved - view open,Veh'S Same Direction: Lane Change Right,Lane changes,0,0,1,0,1,1,1,0,0,0,0,0
275399,Medical treatment,2014,16,Rear-end,Multi-Vehicle,152.991047,-27.563749,Cunningham Arterial Rd,,Rocklea,Sunnybank,No Roadway Feature,No traffic control,80 - 90 km/h,Sealed - Dry,Daylight,Straight,Veh'S Same Direction: Rear End,Rear-end,0,0,1,0,1,3,0,0,0,0,0,0
275400,Hospitalisation,2014,15,Hit pedestrian,Hit pedestrian,153.032201,-27.501344,Ayr St,Brisbane St,Annerley,South Brisbane,Intersection - T-Junction,No traffic control,0 - 50 km/h,Sealed - Dry,Daylight,Straight,Ped'N: Near Side Vehicle Hit From Right,Pedestrian,0,1,0,0,1,1,0,0,0,0,1,0
275401,Medical treatment,2014,20,Angle,Multi-Vehicle,153.021873,-27.51247,Fairfield Rd,Venner Rd,Fairfield,Yeerongpilly,Intersection - Roundabout,Give way sign,60 km/h,Sealed - Dry,Darkness - Lighted,Straight,Veh'S Adjacent Approach: Thru-Thru,Intersection from adjacent approaches,0,0,1,1,2,2,0,0,0,0,0,0
275404,Hospitalisation,2014,16,Hit parked vehicle,Single Vehicle,152.973788,-27.586114,Aspen St,Juniper St,Inala,Inala,Intersection - T-Junction,No traffic control,0 - 50 km/h,Sealed - Dry,Daylight,Straight,Veh'S On Path: Parked,Hit parked vehicle,0,1,0,0,1,2,0,0,0,0,0,0
275405,Medical treatment,2014,15,Angle,Multi-Vehicle,153.068602,-27.47062998,Jack Flynn Memorial Dr,Wynnum Rd,Morningside,Bulimba,Intersection - T-Junction,Operating traffic lights,60 km/h,Sealed - Dry,Daylight,Curved - view open,Veh'S Opposite Approach: Thru-Right,Opposing vehicles turning,0,0,1,0,1,2,0,0,0,0,0,0
275407,Hospitalisation,2014,8,Angle,Multi-Vehicle,153.079864,-27.555389,Logan Rd,,Upper Mount Gravatt,Mansfield,No Roadway Feature,No traffic control,0 - 50 km/h,Sealed - Dry,Daylight,Straight,Veh'S Manoeuvring: Other,Other,0,1,0,0,1,1,0,0,0,1,0,0
275408,Medical treatment,2014,19,Rear-end,Multi-Vehicle,153.086787,-27.567944,South East Arterial Rd,,Macgregor,Mansfield,No Roadway Feature,No traffic control,60 km/h,Sealed - Dry,Darkness - Lighted,Straight,Veh'S Same Direction: Rear End,Rear-end,0,0,1,0,1,2,0,0,0,0,0,0
275409,Hospitalisation,2014,9,Rear-end,Multi-Vehicle,153.079242,-27.613631,Compton Rd,,Stretton,Stretton,Bridge/Causeway,No traffic control,70 km/h,Sealed - Dry,Daylight,Straight,Veh'S Same Direction: Rear End,Rear-end,0,1,0,0,1,3,0,1,0,0,0,0
275410,Minor injury,2014,14,Angle,Multi-Vehicle,153.177034,-27.445833,Akonna St,Pine St,Wynnum,Lytton,Intersection - Cross,No traffic control,0 - 50 km/h,Sealed - Dry,Daylight,Straight,Veh'S Adjacent Approach: Thru-Thru,Intersection from adjacent approaches,0,0,0,1,1,2,0,0,0,0,0,0
275413,Hospitalisation,2014,17,Sideswipe,Multi-Vehicle,153.175569,-27.48573,Rickertt Rd,,Ransome,Chatsworth,No Roadway Feature,No traffic control,60 km/h,Sealed - Dry,Daylight,Straight,Veh'S Overtaking: Other,Other,0,2,0,0,2,1,0,0,0,1,0,0
275434,Minor injury,2014,12,Hit object,Single Vehicle,153.058111,-27.633153,Gowan Rd,,Stretton,Stretton,No Roadway Feature,No traffic control,60 km/h,Sealed - Dry,Daylight,Straight,Off Path-Straight: Mounts Traffic Island,Off carriageway on straight hit object,0,0,0,1,1,1,0,0,0,0,0,0
275439,Hospitalisation,2014,8,Angle,Multi-Vehicle,153.072032,-27.567133,Ceriman St,Granadilla St,Macgregor,Sunnybank,Intersection - T-Junction,No traffic control,0 - 50 km/h,Sealed - Dry,Daylight,Straight,Veh'S Manoeuvring: Other,Other,0,1,0,0,1,1,0,0,0,1,0,0
275440,Hospitalisation,2014,5,Angle,Multi-Vehicle,153.096533,-27.57642,Buckingham Pl,Miles Platting Rd,Eight Mile Plains,Sunnybank,Intersection - Cross,Operating traffic lights,60 km/h,Sealed - Dry,Daylight,Straight,Veh'S Adjacent Approach: Thru-Right,Intersection from adjacent approaches,0,2,0,0,2,2,0,0,0,0,0,0
275441,Medical treatment,2014,8,Rear-end,Multi-Vehicle,153.009379,-27.487006,Dornoch Tce,Katrine St,West End,South Brisbane,Intersection - T-Junction,No traffic control,0 - 50 km/h,Sealed - Dry,Daylight,Straight,Off Path-Straight: Left Off Cway Hit Obj,Off carriageway on straight hit object,0,0,1,0,1,1,0,0,0,1,0,0
275442,Minor injury,2014,9,Hit object,Single Vehicle,153.156714,-27.44091,Sibley Rd,Wynnum North Rd,Wynnum West,Lytton,Intersection - Cross,No traffic control,60 km/h,Sealed - Dry,Daylight,Curved - view open,Off Path-Curve: Mounts Traffic Island,Off carriageway on curve hit object,0,0,0,2,2,0,1,0,0,0,0,0
275466,Medical treatment,2014,16,Rear-end,Multi-Vehicle,153.049636,-27.647762,Logan Mwy,,Drewvale,Stretton,No Roadway Feature,No traffic control,80 - 90 km/h,Sealed - Dry,Dawn/Dusk,Straight,Veh'S Same Direction: Rear End,Rear-end,0,0,1,0,1,2,0,0,0,0,0,0
275467,Minor injury,2014,16,Rear-end,Multi-Vehicle,153.034684,-27.506233,Ipswich Rd,Victoria Tce,Annerley,South Brisbane,Intersection - T-Junction,No traffic control,60 km/h,Sealed - Dry,Daylight,Straight,Veh'S Same Direction: Rear End,Rear-end,0,0,0,1,1,2,0,0,0,0,0,0
275471,Medical treatment,2014,13,Hit pedestrian,Hit pedestrian,152.9595823,-27.6308745,Centennial Wy,Central St,Forest Lake,Algester,Intersection - Roundabout,Give way sign,60 km/h,Sealed - Dry,Daylight,Curved - view open,Ped'N: Play; Work; Stand; Lie On C'Way,Pedestrian,0,0,1,0,1,1,0,0,0,0,1,0
275472,Medical treatment,2014,16,Rear-end,Multi-Vehicle,153.068602,-27.47063,Jack Flynn Memorial Dr,Waminda St,Morningside,Bulimba,Intersection - T-Junction,Operating traffic lights,60 km/h,Sealed - Dry,Daylight,Straight,Veh'S Same Direction: Rear End,Rear-end,0,0,1,0,1,2,0,0,0,0,0,0
275474,Hospitalisation,2014,19,Fall from vehicle,Single Vehicle,153.080161,-27.556364,Logan Rd,Norton St,Upper Mount Gravatt,Mansfield,Intersection - T-Junction,Operating traffic lights,60 km/h,Sealed - Dry,Darkness - Lighted,Straight,Pass & Misc: Other,Other,0,1,0,0,1,1,1,0,0,0,0,0
275482,Hospitalisation,2014,5,Sideswipe,Multi-Vehicle,153.1411757,-27.50804761,Cleveland Sub-Arterial Rd,,Belmont,Chatsworth,No Roadway Feature,No traffic control,80 - 90 km/h,Sealed - Dry,Dawn/Dusk,Straight,Veh'S Same Direction: Lane Change Right,Lane changes,0,1,0,0,1,1,1,0,0,0,0,0