Crash_Ref_Number,Severity,Year,Hour,Crash_Nature,Crash_Type,Longitude,Latitude,Street,Street_Intersecting,Suburb,Loc_State_Electorate,Crash_Roadway_Feature,Crash_Traffic_Control,Crash_Speed_Limit,Crash_Road_Surface_Condition,Crash_Lighting_Condition,Crash_Road_Horiz_Align,Crash_DCA_Description,Crash_DCA_Group_Description,Count_Casualty_Fatality,Count_Casualty_Hospitalised,Count_Casualty_MedicallyTreated,Count_Casualty_MinorInjury,Count_Casualty_Total,Count_Unit_Car,Count_Unit_Motorcycle_Moped,Count_Unit_Truck,Count_Unit_Bus,Count_Unit_Bicycle,Count_Unit_Pedestrian,Count_Unit_Other
275504,Medical treatment,2014,16,Rear-end,Multi-Vehicle,153.116535,-27.543721,Gateway Art Rd Ramp Xh,,Mackenzie,Mansfield,Intersection - Interchange,Operating traffic lights,70 km/h,Sealed - Dry,Daylight,Straight,Veh'S Same Direction: Rear End,Rear-end,0,0,1,0,1,2,0,0,0,0,0,0
275505,Minor injury,2014,15,Angle,Multi-Vehicle,153.036425,-27.50014,Tottenham St,Wolseley St,Woolloongabba,South Brisbane,Intersection - Cross,Give way sign,0 - 50 km/h,Sealed - Dry,Daylight,Straight,Veh'S Adjacent Approach: Thru-Thru,Intersection from adjacent approaches,0,0,0,1,1,2,0,0,0,0,0,0
275506,Medical treatment,2014,13,Angle,Multi-Vehicle,153.032874,-27.484097,Leopard St,Vulture St,Kangaroo Point,South Brisbane,Intersection - Cross,Operating traffic lights,60 km/h,Sealed - Dry,Daylight,Straight,Veh'S Adjacent Approach: Thru-Thru,Intersection from adjacent approaches,0,0,1,0,1,2,0,0,0,0,0,0
275528,Hospitalisation,2014,20,Hit object,Single Vehicle,153.0369273,-27.65944624,Mt Lindesay Hwy,,Parkinson,Algester,Intersection - Interchange,No traffic control,0 - 50 km/h,Sealed - Dry,Darkness - Lighted,Curved - view open,Off Path-Curve: Off Cway Rt Bend Hit Obj,Off carriageway on curve hit object,0,2,0,0,2,1,0,0,0,0,0,0
275529,Fatal,2014,4,Hit pedestrian,Hit pedestrian,153.074264,-27.612326,Compton Rd,,Stretton,Stretton,No Roadway Feature,No traffic control,70 km/h,Sealed - Dry,Darkness - Lighted,Straight,Ped'N: Play; Work; Stand; Lie On C'Way,Pedestrian,1,0,0,0,1,1,0,0,0,0,1,0
275531,Hospitalisation,2014,23,Hit object,Single Vehicle,153.05971,-27.505281,Chatsworth Rd,,Coorparoo,Greenslopes,No Roadway Feature,No traffic control,60 km/h,Sealed - Dry,Darkness - Lighted,Curved - view open,Off Path-Curve: Off Cway Rt Bend Hit Obj,Off carriageway on curve hit object,0,1,1,0,2,1,0,0,0,0,0,0
275534,Hospitalisation,2014,2,Hit object,Single Vehicle,153.0116745,-27.54119898,Fairfield Rd,,Rocklea,Yeerongpilly,No Roadway Feature,No traffic control,60 km/h,Sealed - Dry,Darkness - Lighted,Straight,Off Path-Straight:Out Of Control On Cway,Out of control on straight,0,1,0,0,1,1,0,0,0,0,0,0
275535,Hospitalisation,2014,15,Angle,Multi-Vehicle,153.02427,-27.568389,Boundary Rd,Mt Lindesay Art. Rd,Coopers Plains,Sunnybank,Intersection - Cross,Operating traffic lights,70 km/h,Sealed - Dry,Daylight,Straight,Veh'S Opposite Approach: Thru-Right,Opposing vehicles turning,0,1,0,0,1,2,0,0,0,0,0,0
275558,Medical treatment,2014,16,Rear-end,Multi-Vehicle,152.955891,-27.568519,Rowe Tce,,Darra,Inala,No Roadway Feature,No traffic control,0 - 50 km/h,Sealed - Dry,Daylight,Straight,Veh'S Overtaking: Pulling Out Rear End,Overtaking same direction,0,0,1,0,1,1,0,0,0,0,0,1
275559,Hospitalisation,2014,6,Sideswipe,Multi-Vehicle,153.032165,-27.510721,Dudley St,Ipswich Rd,Annerley,Yeerongpilly,Intersection - Cross,Pedestrian operated lights,60 km/h,Sealed - Dry,Daylight,Straight,Veh'S Same Direction: Lane Change Right,Lane changes,0,1,0,0,1,1,0,1,0,0,0,0
275560,Medical treatment,2014,7,Rear-end,Multi-Vehicle,153.105348,-27.541754,Ham Rd,,Mansfield,Mansfield,No Roadway Feature,No traffic control,0 - 50 km/h,Sealed - Dry,Daylight,Straight,Veh'S Same Direction: Rear End,Rear-end,0,0,1,0,1,3,0,0,0,0,0,0
275561,Hospitalisation,2014,14,Hit object,Single Vehicle,152.985141,-27.585296,Outlook Pl,,Durack,Sunnybank,No Roadway Feature,No traffic control,0 - 50 km/h,Sealed - Dry,Daylight,Curved - view open,Off Path-Curve: Off Cway Rt Bend Hit Obj,Off carriageway on curve hit object,0,1,0,0,1,1,0,0,0,0,0,0
275562,Medical treatment,2014,19,Sideswipe,Multi-Vehicle,152.9986681,-27.64025245,Logan Mwy,,Larapinta,Algester,No Roadway Feature,No traffic control,80 - 90 km/h,Sealed - Dry,Darkness - Not lighted,Curved - view open,Veh'S Same Direction: Lane Side Swipe,Lane changes,0,0,1,0,1,1,0,1,0,0,0,0
275563,Medical treatment,2014,18,Rear-end,Multi-Vehicle,153.087607,-27.57521,Padstow Rd,Warrigal Rd,Eight Mile Plains,Sunnybank,Intersection - Cross,Operating traffic lights,60 km/h,Sealed - Dry,Darkness - Lighted,Straight,Veh'S Same Direction: Rear End,Rear-end,0,0,1,0,1,2,0,0,0,0,0,0
275564,Hospitalisation,2014,9,Hit object,Single Vehicle,153.026654,-27.496825,Gladstone Rd,,Dutton Park,South Brisbane,No Roadway Feature,No traffic control,60 km/h,Sealed - Dry,Daylight,Straight,Off Path-Curve: Off Cway Rt Bend Hit Obj,Off carriageway on curve hit object,0,1,0,0,1,1,0,0,0,0,0,0
275565,Hospitalisation,2014,10,Sideswipe,Multi-Vehicle,153.02159,-27.478792,Grey St,,South Brisbane,South Brisbane,No Roadway Feature,No traffic control,0 - 50 km/h,Sealed - Dry,Daylight,Straight,Off Path-Straight: Left Off Cway Hit Obj,Off carriageway on straight hit object,0,1,0,0,1,1,0,0,0,0,0,1
275566,Hospitalisation,2014,1,Hit parked vehicle,Single Vehicle,153.037024,-27.479337,Bell St,,Kangaroo Point,South Brisbane,No Roadway Feature,No traffic control,0 - 50 km/h,Sealed - Dry,Darkness - Not lighted,Straight,Veh'S Opposite Approach: U-Turn,U-turn,0,1,0,0,1,2,0,0,0,0,1,0
275573,Minor injury,2014,16,Rear-end,Multi-Vehicle,153.176812,-27.522799,Brisbane - Redland Rd,Mt Gravatt - Capalaba Rd,Chandler,Chatsworth,Intersection - T-Junction,Give way sign,60 km/h,Sealed - Dry,Daylight,Straight,Veh'S Same Direction: Left Rear,Rear-end,0,0,0,1,1,2,0,0,0,0,0,0
275591,Medical treatment,2014,21,Angle,Multi-Vehicle,153.075785,-27.500234,Boundary Rd,Chatsworth Rd,Camp Hill,Greenslopes,Intersection - Cross,Operating traffic lights,60 km/h,Sealed - Dry,Darkness - Lighted,Straight,Veh'S Opposite Approach: Thru-Right,Opposing vehicles turning,0,0,1,0,1,2,0,0,0,0,0,0
275592,Medical treatment,2014,16,Angle,Multi-Vehicle,153.056275,-27.515263,Birdwood Rd,Logan Rd,Holland Park West,Greenslopes,Intersection - T-Junction,Operating traffic lights,60 km/h,Sealed - Dry,Daylight,Straight,Veh'S Opposite Approach: Thru-Right,Opposing vehicles turning,0,0,1,0,1,1,0,0,0,1,0,0
275593,Medical treatment,2014,15,Sideswipe,Multi-Vehicle,153.021001,-27.558606,Griffith Arterial Rd,Mt Lindesay Art. Rd,Coopers Plains,Sunnybank,Intersection - Cross,Operating traffic lights,70 km/h,Sealed - Dry,Daylight,Curved - view open,Veh'S Same Direction: Lane Change Right,Lane changes,0,0,1,0,1,2,0,2,0,0,0,0
275594,Medical treatment,2014,6,Angle,Multi-Vehicle,153.051086,-27.476011,Gillan St,Wynnum Rd,Norman Park,Bulimba,Intersection - T-Junction,No traffic control,60 km/h,Sealed - Dry,Daylight,Curved - view obscured,Veh'S Manoeuvring: Other,Other,0,0,1,0,1,1,0,0,0,1,0,0
275595,Medical treatment,2014,18,Hit parked vehicle,Single Vehicle,153.0349728,-27.48721917,Gibbon St,,Woolloongabba,South Brisbane,No Roadway Feature,No traffic control,0 - 50 km/h,Sealed - Dry,Darkness - Lighted,Straight,Veh'S Manoeuvring: Parking Veh'S Only,Other,0,0,1,0,1,2,0,0,0,0,0,0
275596,Hospitalisation,2014,9,Rear-end,Multi-Vehicle,153.037335,-27.495362,South East Arterial Rd,,Woolloongabba,South Brisbane,No Roadway Feature,No traffic control,100 - 110 km/h,Sealed - Dry,Daylight,Straight,Veh'S Same Direction: Rear End,Rear-end,0,1,0,0,1,2,0,0,0,0,0,0
275629,Hospitalisation,2014,16,Angle,Multi-Vehicle,152.944241,-27.560977,Westcombe St,,Darra,Mount Ommaney,No Roadway Feature,No traffic control,60 km/h,Sealed - Dry,Daylight,Straight,Veh'S Manoeuvring: Entering From Footway,Vehicle leaving driveway,0,1,1,0,2,2,0,0,0,0,0,0
275630,Medical treatment,2014,14,Angle,Multi-Vehicle,152.927619,-27.602824,Industrial Ave,,Wacol,Inala,No Roadway Feature,No traffic control,60 km/h,Sealed - Dry,Daylight,Straight,Veh'S Opposite Approach: Thru-Right,Opposing vehicles turning,0,0,1,0,1,2,0,0,0,0,0,0
275631,Hospitalisation,2014,23,Rear-end,Multi-Vehicle,153.03882,-27.508684,South East Arterial Rd,,Greenslopes,South Brisbane,No Roadway Feature,No traffic control,80 - 90 km/h,Sealed - Dry,Darkness - Lighted,Curved - view open,Veh'S Same Direction: Lane Change Right,Lane changes,0,1,0,0,1,1,1,0,0,0,0,0
275634,Hospitalisation,2014,19,Hit pedestrian,Hit pedestrian,153.084241,-27.592047,Hollywood St,,Runcorn,Sunnybank,No Roadway Feature,No traffic control,0 - 50 km/h,Sealed - Dry,Darkness - Lighted,Straight,Ped'N: Near Side Vehicle Hit From Right,Pedestrian,0,1,0,0,1,1,0,0,0,0,1,0
275635,Minor injury,2014,20,Angle,Multi-Vehicle,153.062576,-27.579242,Lister St,Mains Rd,Sunnybank,Sunnybank,Intersection - Cross,Operating traffic lights,60 km/h,Sealed - Dry,Darkness - Lighted,Straight,Veh'S Opposite Approach: Thru-Right,Opposing vehicles turning,0,0,0,1,1,2,0,0,0,0,0,0
275644,Hospitalisation,2014,8,Angle,Multi-Vehicle,152.934283,-27.608265,Waterford Rd,,Ellen Grove,Inala,No Roadway Feature,No traffic control,60 km/h,Sealed - Dry,Daylight,Straight,Veh'S Manoeuvring: Parking,Hit parked vehicle,0,1,0,0,1,1,0,0,0,1,0,0
275665,Hospitalisation,2014,9,Angle,Multi-Vehicle,153.035048,-27.569991,Boundary Rd,Rosedale St,Coopers Plains,Sunnybank,Intersection - T-Junction,No traffic control,60 km/h,Sealed - Dry,Daylight,Straight,Veh'S Manoeuvring: Leaving Driveway,Vehicle leaving driveway,0,1,0,0,1,2,0,0,0,0,0,0
275668,Medical treatment,2014,9,Rear-end,Multi-Vehicle,152.993109,-27.562353,Cunningham Arterial Rd,,Rocklea,Yeerongpilly,No Roadway Feature,No traffic control,60 km/h,Sealed - Dry,Daylight,Straight,Veh'S Same Direction: Right Rear,Rear-end,0,0,1,0,1,2,0,0,0,0,0,0
275669,Medical treatment,2014,8,Angle,Multi-Vehicle,153.085561,-27.562758,Logan Sub-Arterial Rd,Marada St,Upper Mount Gravatt,Mansfield,Intersection - T-Junction,Give way sign,60 km/h,Sealed - Dry,Daylight,Straight,Veh'S Adjacent Approach: Thru-Right,Intersection from adjacent approaches,0,0,1,0,1,2,0,0,0,0,0,0
275670,Medical treatment,2014,15,Rear-end,Multi-Vehicle,153.077191,-27.561571,South East Arterial Rd,,Macgregor,Mansfield,No Roadway Feature,No traffic control,100 - 110 km/h,Sealed - Dry,Daylight,Curved - view open,Veh'S Same Direction: Rear End,Rear-end,0,0,1,0,1,2,0,0,0,0,0,0
275671,Medical treatment,2014,15,Rear-end,Multi-Vehicle,153.1034269,-27.58106453,Gateway Arterial Rd,,Rochedale,Mansfield,No Roadway Feature,No traffic control,100 - 110 km/h,Sealed - Dry,Darkness - Lighted,Straight,Veh'S Same Direction: Rear End,Rear-end,0,0,1,0,1,2,0,0,0,0,0,0
275672,Medical treatment,2014,11,Angle,Multi-Vehicle,153.182212,-27.449349,Gordon Pde,Stratton Tce,Manly,Lytton,Intersection - Cross,Stop sign,0 - 50 km/h,Sealed - Dry,Daylight,Straight,Veh'S Adjacent Approach: Thru-Thru,Intersection from adjacent approaches,0,0,1,0,1,2,0,0,0,0,0,0
275707,Medical treatment,2014,13,Hit object,Single Vehicle,152.940339,-27.561499,Western Arterial Rd,,Sumner,Mount Ommaney,Intersection - Interchange,No traffic control,100 - 110 km/h,Sealed - Dry,Daylight,Straight,Off Path-Straight:Right Off Cway Hit Obj,Off carriageway on straight hit object,0,0,1,0,1,0,1,0,0,0,0,0
275712,Medical treatment,2014,1,Rear-end,Multi-Vehicle,153.09919,-27.606942,Beenleigh Rd,,Kuraby,Stretton,No Roadway Feature,No traffic control,60 km/h,Sealed - Dry,Daylight,Straight,Veh'S Same Direction: Rear End,Rear-end,0,0,1,0,1,2,0,0,0,0,0,0
275713,Hospitalisation,2014,13,Rear-end,Multi-Vehicle,153.0242151,-27.48269003,Grey St,Vulture St,South Brisbane,South Brisbane,Intersection - Cross,Operating traffic lights,60 km/h,Sealed - Dry,Daylight,Curved - view obscured,Veh'S Same Direction: Rear End,Rear-end,0,1,0,0,1,3,0,1,0,0,0,0
275736,Medical treatment,2014,8,Rear-end,Multi-Vehicle,152.92428,-27.592241,Cunningham Arterial Rd,,Wacol,Inala,No Roadway Feature,No traffic control,60 km/h,Sealed - Dry,Daylight,Straight,Veh'S Same Direction: Rear End,Rear-end,0,0,1,0,1,2,0,0,0,0,0,0
275737,Hospitalisation,2014,10,Angle,Multi-Vehicle,152.948147,-27.558127,Bellwood St,Monier Rd,Darra,Mount Ommaney,Intersection - Cross,Stop sign,70 km/h,Sealed - Dry,Daylight,Straight,Veh'S Adjacent Approach: Thru-Right,Intersection from adjacent approaches,0,2,0,0,2,2,0,0,0,0,0,0
275738,Hospitalisation,2014,7,Rear-end,Multi-Vehicle,152.956981,-27.572858,Cunningham Arterial Rd,,Darra,Inala,No Roadway Feature,No traffic control,80 - 90 km/h,Sealed - Dry,Daylight,Straight,Veh'S Same Direction: Rear End,Rear-end,0,2,0,0,2,2,1,0,0,0,0,0
275741,Minor injury,2014,16,Sideswipe,Multi-Vehicle,153.0387596,-27.50736946,South East Arterial Rd,,Greenslopes,South Brisbane,No Roadway Feature,No traffic control,80 - 90 km/h,Sealed - Dry,Daylight,Curved - view open,Veh'S Same Direction: Lane Side Swipe,Lane changes,0,0,0,2,2,2,0,0,0,0,0,0
275742,Medical treatment,2014,14,Angle,Multi-Vehicle,153.0815908,-27.5385938,Creek Rd,,Mount Gravatt East,Mansfield,No Roadway Feature,Operating traffic lights,60 km/h,Sealed - Dry,Daylight,Straight,Veh'S Opposite Approach: Thru-Right,Opposing vehicles turning,0,0,2,0,2,2,0,0,0,0,0,0
275743,Medical treatment,2014,6,Hit object,Single Vehicle,153.085268,-27.59028,Underwood Rd,,Eight Mile Plains,Stretton,No Roadway Feature,No traffic control,60 km/h,Sealed - Dry,Daylight,Straight,Off Path-Straight: Left Off Cway Hit Obj,Off carriageway on straight hit object,0,0,1,0,1,1,0,0,0,0,0,0
275768,Medical treatment,2014,12,Angle,Multi-Vehicle,153.035613,-27.514594,Real St,Waterton St,Annerley,Yeerongpilly,Intersection - T-Junction,Give way sign,60 km/h,Sealed - Dry,Daylight,Straight,Veh'S Adjacent Approach: Right-Thru,Intersection from adjacent approaches,0,0,1,0,1,2,0,0,0,0,0,0
275769,Hospitalisation,2014,22,Sideswipe,Multi-Vehicle,153.0555517,-27.52599007,Bapaume Rd,,Tarragindi,Yeerongpilly,No Roadway Feature,No traffic control,60 km/h,Sealed - Dry,Darkness - Lighted,Straight,Veh'S Same Direction: Lane Change Left,Lane changes,0,1,0,0,1,1,0,0,0,1,0,0
275771,Minor injury,2014,14,Rear-end,Multi-Vehicle,153.040332,-27.558939,Griffith Arterial Rd,Orange Grove Rd,Salisbury,Sunnybank,Intersection - Cross,Operating traffic lights,60 km/h,Sealed - Dry,Daylight,Curved - view open,Veh'S Same Direction: Left Rear,Rear-end,0,0,0,1,1,2,0,0,0,0,0,0
275782,Minor injury,2014,11,Rear-end,Multi-Vehicle,153.1772758,-27.50545953,New Cleveland Rd,,Chandler,Chatsworth,No Roadway Feature,No traffic control,80 - 90 km/h,Sealed - Dry,Daylight,Straight,Veh'S Same Direction: Rear End,Rear-end,0,0,0,1,1,2,1,0,0,0,0,0
275805,Medical treatment,2014,17,Rear-end,Multi-Vehicle,153.03917,-27.50517,South East Arterial Rd,,Greenslopes,South Brisbane,No Roadway Feature,No traffic control,100 - 110 km/h,Sealed - Wet,Dawn/Dusk,Straight,Veh'S Same Direction: Rear End,Rear-end,0,0,1,0,1,2,0,0,0,0,0,0
275808,Medical treatment,2014,16,Angle,Multi-Vehicle,153.065437,-27.565102,Fleetwood St,Mains Rd,Macgregor,Sunnybank,Intersection - T-Junction,Operating traffic lights,60 km/h,Sealed - Wet,Daylight,Straight,Veh'S Opposite Approach: Thru-Right,Opposing vehicles turning,0,0,1,0,1,1,1,0,0,0,0,0
275809,Hospitalisation,2014,13,Hit object,Single Vehicle,153.0675851,-27.55214818,South East Arterial Rd,,Upper Mount Gravatt,Yeerongpilly,No Roadway Feature,No traffic control,60 km/h,Sealed - Dry,Daylight,Curved - view open,Off Path-Curve: Off Cway Lt Bend Hit Obj,Off carriageway on curve hit object,0,1,0,0,1,0,0,1,0,0,0,0
275810,Medical treatment,2014,16,Rear-end,Multi-Vehicle,153.046384,-27.479675,Lytton Rd,,East Brisbane,South Brisbane,No Roadway Feature,No traffic control,60 km/h,Sealed - Wet,Darkness - Lighted,Straight,Veh'S Same Direction: Rear End,Rear-end,0,0,1,0,1,2,0,0,0,0,0,0
275835,Medical treatment,2014,15,Hit object,Single Vehicle,152.944312,-27.532103,Sinnamon Rd,,Jindalee,Mount Ommaney,No Roadway Feature,No traffic control,0 - 50 km/h,Sealed - Dry,Daylight,Straight,Off Path-Straight: Left Off Cway Hit Obj,Off carriageway on straight hit object,0,0,1,0,1,1,0,0,0,0,0,0
275836,Minor injury,2014,10,Angle,Multi-Vehicle,152.955626,-27.578247,Archerfield Rd,Boundary Rd,Richlands,Inala,Intersection - Cross,Operating traffic lights,60 km/h,Sealed - Dry,Daylight,Straight,Veh'S Adjacent Approach: Thru-Thru,Intersection from adjacent approaches,0,0,0,2,2,1,0,2,0,0,0,0
275840,Medical treatment,2014,15,Angle,Multi-Vehicle,153.059186,-27.535798,Messines Ridge Rd,South East Arterial Rd,Holland Park West,Greenslopes,Intersection - T-Junction,Give way sign,60 km/h,Sealed - Dry,Daylight,Straight,Veh'S Adjacent Approach: Thru-Right,Intersection from adjacent approaches,0,0,2,0,2,2,0,0,0,0,0,0
275841,Medical treatment,2014,9,Hit object,Single Vehicle,152.947779,-27.584922,Western Arterial Rd,,Richlands,Inala,No Roadway Feature,No traffic control,100 - 110 km/h,Sealed - Dry,Daylight,Straight,Off Path-Straight:Right Off Cway Hit Obj,Off carriageway on straight hit object,0,0,1,0,1,1,0,0,0,0,0,0
275843,Medical treatment,2014,15,Rear-end,Multi-Vehicle,153.081038,-27.5599,Griffith Arterial Rd,Logan Rd,Upper Mount Gravatt,Mansfield,Intersection - T-Junction,No traffic control,60 km/h,Sealed - Dry,Daylight,Straight,Veh'S Same Direction: Left Rear,Rear-end,0,0,1,0,1,1,0,1,0,0,0,0
275844,Hospitalisation,2014,12,Hit object,Single Vehicle,153.106749,-27.574337,Gateway Art Rd Ramp Ma,Gateway Arterial Rd,Rochedale,Mansfield,No Roadway Feature,No traffic control,100 - 110 km/h,Sealed - Dry,Daylight,Straight,Off Path-Straight: Left Off Cway Hit Obj,Off carriageway on straight hit object,0,1,0,0,1,1,0,0,0,0,0,0
275845,Hospitalisation,2014,9,Angle,Multi-Vehicle,153.006258,-27.486113,Hardgrave Rd,Loch St,West End,South Brisbane,Intersection - T-Junction,Give way sign,60 km/h,Sealed - Dry,Daylight,Straight,Veh'S Adjacent Approach: Thru-Right,Intersection from adjacent approaches,0,1,0,0,1,2,0,0,0,0,0,0
275871,Hospitalisation,2014,23,Hit object,Single Vehicle,153.0814884,-27.5412091,Logan Rd,,Mount Gravatt,Mansfield,No Roadway Feature,No traffic control,60 km/h,Sealed - Dry,Darkness - Lighted,Curved - view open,Off Path-Curve: Off Cway Lt Bend Hit Obj,Off carriageway on curve hit object,0,1,0,0,1,1,0,0,0,0,0,0
275872,Hospitalisation,2014,19,Angle,Multi-Vehicle,152.9824494,-27.57650972,Blunder Rd,Oakmont Ave,Durack,Sunnybank,Intersection - Cross,Operating traffic lights,70 km/h,Sealed - Dry,Darkness - Lighted,Straight,Veh'S Adjacent Approach: Thru-Thru,Intersection from adjacent approaches,0,2,0,0,2,2,0,0,0,0,0,0
275874,Hospitalisation,2014,7,Hit pedestrian,Hit pedestrian,153.1026761,-27.5692156,Nardie St,,Eight Mile Plains,Mansfield,No Roadway Feature,No traffic control,0 - 50 km/h,Sealed - Dry,Daylight,Curved - view open,Ped'N: Hit By Vehicle Enter/Leave D'Way,Pedestrian,0,1,0,0,1,1,0,0,0,0,1,0
275875,Hospitalisation,2014,9,Rear-end,Multi-Vehicle,153.062529,-27.579551,Mains Rd,,Sunnybank,Sunnybank,No Roadway Feature,No traffic control,60 km/h,Sealed - Dry,Daylight,Straight,Veh'S Same Direction: Rear End,Rear-end,0,1,1,0,2,3,0,0,0,0,0,0
275876,Hospitalisation,2014,13,Rear-end,Multi-Vehicle,153.108095,-27.58886781,South East Arterial Rd,,Rochedale,Mansfield,No Roadway Feature,No traffic control,100 - 110 km/h,Sealed - Dry,Daylight,Straight,Veh'S Same Direction: Rear End,Rear-end,0,1,0,0,1,1,1,0,0,0,0,0
275877,Medical treatment,2014,16,Angle,Multi-Vehicle,153.035968,-27.486534,Main St,Stanley St,Woolloongabba,South Brisbane,Intersection - Cross,Operating traffic lights,60 km/h,Sealed - Dry,Daylight,Straight,Veh'S Adjacent Approach: Thru-Thru,Intersection from adjacent approaches,0,0,1,1,2,2,0,0,0,0,0,0
275885,Medical treatment,2014,14,Rear-end,Multi-Vehicle,153.184125,-27.517591,Caradoc St,Cleveland Sub-Arterial Rd,Chandler,Chatsworth,Intersection - T-Junction,No traffic control,70 km/h,Sealed - Dry,Daylight,Straight,Veh'S Same Direction: Rear End,Rear-end,0,0,1,0,1,2,0,0,0,0,0,0
275905,Medical treatment,2014,10,Angle,Multi-Vehicle,153.067834,-27.592209,Beenleigh Rd,Nathan Rd,Runcorn,Stretton,Intersection - Cross,Operating traffic lights,60 km/h,Sealed - Dry,Daylight,Straight,Veh'S Adjacent Approach: Thru-Right,Intersection from adjacent approaches,0,0,1,0,1,2,0,0,0,0,0,0
275906,Hospitalisation,2014,8,Hit parked vehicle,Single Vehicle,153.015768,-27.505934,Brisbane Corso,,Yeronga,Yeerongpilly,No Roadway Feature,No traffic control,0 - 50 km/h,Sealed - Dry,Daylight,Straight,Veh'S On Path: Parked,Hit parked vehicle,0,1,0,0,1,1,0,0,0,1,0,0
275909,Medical treatment,2014,6,Angle,Multi-Vehicle,153.166433,-27.448555,Stradbroke Ave,West Ave,Wynnum,Lytton,Intersection - Cross,Give way sign,0 - 50 km/h,Sealed - Dry,Daylight,Straight,Veh'S Adjacent Approach: Thru-Right,Intersection from adjacent approaches,0,0,1,0,1,1,0,0,0,1,0,0
275910,Hospitalisation,2014,6,Angle,Multi-Vehicle,153.165304,-27.431494,Shepherd St,Tingal Rd,Wynnum,Lytton,Intersection - T-Junction,Give way sign,60 km/h,Sealed - Dry,Daylight,Straight,Veh'S Adjacent Approach: Thru-Right,Intersection from adjacent approaches,0,1,0,0,1,1,1,0,0,0,0,0
275941,Medical treatment,2014,6,Rear-end,Multi-Vehicle,152.95018,-27.575116,Cunningham Arterial Rd,,Darra,Inala,No Roadway Feature,No traffic control,80 - 90 km/h,Sealed - Dry,Daylight,Straight,Veh'S Same Direction: Rear End,Rear-end,0,0,1,0,1,3,0,0,0,0,0,0
275942,Hospitalisation,2014,12,Angle,Multi-Vehicle,153.096375,-27.517574,Pine Mountain Rd,,Mount Gravatt East,Chatsworth,No Roadway Feature,No traffic control,60 km/h,Sealed - Dry,Daylight,Straight,Veh'S Manoeuvring: Leaving Driveway,Vehicle leaving driveway,0,1,0,0,1,1,1,0,0,0,0,0
275945,Hospitalisation,2014,8,Angle,Multi-Vehicle,153.071683,-27.468412,Wynnum Rd,,Morningside,Bulimba,Median Opening,No traffic control,60 km/h,Sealed - Dry,Daylight,Straight,Veh'S Same Direction: Lane Change Right,Lane changes,0,2,0,0,2,1,1,0,0,0,0,0
275947,Medical treatment,2014,11,Angle,Multi-Vehicle,152.978882,-27.554608,Gladstone St,Oxley Rd,Oxley,Mount Ommaney,Intersection - T-Junction,No traffic control,60 km/h,Sealed - Dry,Daylight,Straight,Veh'S Adjacent Approach: Thru-Right,Intersection from adjacent approaches,0,0,1,0,1,1,1,0,0,0,0,0
275948,Medical treatment,2014,12,Rear-end,Multi-Vehicle,153.0831288,-27.59963229,Warrigal Rd,,Runcorn,Stretton,No Roadway Feature,No traffic control,60 km/h,Sealed - Dry,Daylight,Straight,Veh'S Same Direction: Rear End,Rear-end,0,0,1,0,1,3,0,0,0,0,0,0
275981,Medical treatment,2014,13,Angle,Multi-Vehicle,153.060842,-27.587935,Beenleigh Rd,Mains Rd,Sunnybank,Stretton,Intersection - Cross,Operating traffic lights,60 km/h,Sealed - Dry,Daylight,Straight,Veh'S Opposite Approach: Thru-Right,Opposing vehicles turning,0,0,1,0,1,2,0,0,0,0,0,0
275982,Hospitalisation,2014,15,Hit object,Single Vehicle,153.043156,-27.603081,Jackson Rd,The Avenue,Sunnybank Hills,Stretton,Intersection - T-Junction,No traffic control,60 km/h,Sealed - Dry,Daylight,Straight,Off Path-Straight:Right Off Cway Hit Obj,Off carriageway on straight hit object,0,1,0,0,1,1,0,0,0,0,0,0
275986,Medical treatment,2014,9,Sideswipe,Multi-Vehicle,152.971529,-27.596458,Gannet St,Inala Ave,Inala,Inala,Intersection - Cross,No traffic control,60 km/h,Sealed - Dry,Daylight,Straight,Veh'S Same Direction: Lane Change Left,Lane changes,0,0,3,0,3,2,0,0,0,0,0,0
275989,Medical treatment,2014,1,Hit pedestrian,Hit pedestrian,153.035666,-27.47552582,Bradfield Hwy,,Kangaroo Point,South Brisbane,No Roadway Feature,No traffic control,60 km/h,Sealed - Dry,Darkness - Lighted,Straight,Ped'N: Hit Walking With Traffic,Pedestrian,0,0,1,0,1,1,0,0,0,0,1,0
276011,Medical treatment,2014,6,Angle,Multi-Vehicle,153.060029,-27.591649,Pinelands Rd,,Sunnybank Hills,Stretton,No Roadway Feature,No traffic control,60 km/h,Sealed - Dry,Daylight,Straight,Veh'S Manoeuvring: Other,Other,0,0,1,0,1,1,0,0,0,1,0,0
276037,Medical treatment,2014,14,Angle,Multi-Vehicle,152.982036,-27.643108,Stradbroke St,,Heathwood,Algester,No Roadway Feature,No traffic control,0 - 50 km/h,Sealed - Dry,Daylight,Curved - view open,Veh'S Manoeuvring: Leaving Driveway,Vehicle leaving driveway,0,0,1,0,1,2,0,0,0,0,0,0
276038,Medical treatment,2014,6,Sideswipe,Multi-Vehicle,152.940959,-27.623903,Western Arterial Rd,,Forest Lake,Inala,Intersection - Interchange,No traffic control,100 - 110 km/h,Sealed - Dry,Daylight,Straight,Veh'S Same Direction: Lane Change Left,Lane changes,0,0,1,0,1,1,0,1,0,0,0,0