Crash_Ref_Number,Severity,Year,Hour,Crash_Nature,Crash_Type,Longitude,Latitude,Street,Street_Intersecting,Suburb,Loc_State_Electorate,Crash_Roadway_Feature,Crash_Traffic_Control,Crash_Speed_Limit,Crash_Road_Surface_Condition,Crash_Lighting_Condition,Crash_Road_Horiz_Align,Crash_DCA_Description,Crash_DCA_Group_Description,Count_Casualty_Fatality,Count_Casualty_Hospitalised,Count_Casualty_MedicallyTreated,Count_Casualty_MinorInjury,Count_Casualty_Total,Count_Unit_Car,Count_Unit_Motorcycle_Moped,Count_Unit_Truck,Count_Unit_Bus,Count_Unit_Bicycle,Count_Unit_Pedestrian,Count_Unit_Other
276040,Medical treatment,2014,8,Hit pedestrian,Hit pedestrian,152.972522,-27.511334,Honour Ave,,Chelmer,Indooroopilly,No Roadway Feature,Pedestrian operated lights,0 - 50 km/h,Sealed - Dry,Daylight,Straight,Ped'N: Far Side Vehicle Hit From Left,Pedestrian,0,0,1,0,1,1,0,0,0,0,1,0
276041,Minor injury,2014,19,Rear-end,Multi-Vehicle,153.0356699,-27.47643444,Main St,River Tce,Kangaroo Point,South Brisbane,Intersection - T-Junction,Operating traffic lights,60 km/h,Sealed - Dry,Darkness - Lighted,Straight,Veh'S Same Direction: Right Rear,Rear-end,0,0,0,1,1,2,0,0,0,0,0,0
276068,Hospitalisation,2014,17,Angle,Multi-Vehicle,152.961493,-27.606118,Argo St,Crater St,Inala,Inala,Intersection - T-Junction,No traffic control,0 - 50 km/h,Sealed - Dry,Daylight,Straight,Veh'S Adjacent Approach: Thru-Right,Intersection from adjacent approaches,0,1,0,0,1,2,0,0,0,0,0,0
276069,Medical treatment,2014,9,Rear-end,Multi-Vehicle,152.974204,-27.597138,Inala Ave,,Inala,Inala,No Roadway Feature,No traffic control,60 km/h,Sealed - Dry,Daylight,Straight,Veh'S Same Direction: Rear End,Rear-end,0,0,1,0,1,3,0,0,0,0,0,0
276070,Hospitalisation,2014,23,Fall from vehicle,Single Vehicle,153.077115,-27.471886,Richmond Rd,,Morningside,Bulimba,No Roadway Feature,No traffic control,60 km/h,Sealed - Dry,Darkness - Lighted,Curved - view open,Off Path-Curve: Out Of Control On Cway,Out of control on curve,0,1,0,0,1,0,1,0,0,0,0,0
276072,Medical treatment,2014,8,Hit pedestrian,Hit pedestrian,153.07183,-27.57307485,Mccullough St,,Sunnybank,Sunnybank,No Roadway Feature,No traffic control,60 km/h,Sealed - Dry,Daylight,Straight,Ped'N: Near Side Vehicle Hit From Right,Pedestrian,0,0,1,0,1,1,0,0,0,0,1,0
276094,Medical treatment,2014,8,Angle,Multi-Vehicle,153.108246,-27.492329,Bedivere St,Meadowlands Rd,Carina,Bulimba,Intersection - T-Junction,Operating traffic lights,60 km/h,Sealed - Dry,Daylight,Straight,Veh'S Adjacent Approach: Thru-Right,Intersection from adjacent approaches,0,0,1,1,2,2,0,0,0,0,0,0
276095,Hospitalisation,2014,6,Angle,Multi-Vehicle,153.097356,-27.517522,Creek Rd,Pine Mountain Rd,Carindale,Mansfield,Intersection - Cross,Operating traffic lights,70 km/h,Sealed - Dry,Daylight,Straight,Veh'S Adjacent Approach: Thru-Right,Intersection from adjacent approaches,0,1,0,0,1,2,0,0,0,0,0,0
276096,Hospitalisation,2014,23,Hit object,Single Vehicle,152.944769,-27.612654,Considine St,,Ellen Grove,Inala,No Roadway Feature,No traffic control,60 km/h,Sealed - Dry,Darkness - Not lighted,Straight,Off Path-Straight: Left Off Cway Hit Obj,Off carriageway on straight hit object,0,1,0,0,1,1,0,0,0,0,0,0
276097,Medical treatment,2014,11,Rear-end,Multi-Vehicle,153.0396399,-27.55905091,Griffith Arterial Rd,,Salisbury,Sunnybank,No Roadway Feature,No traffic control,70 km/h,Sealed - Dry,Daylight,Curved - view open,Veh'S Same Direction: Rear End,Rear-end,0,0,3,0,3,2,0,1,0,0,0,0
276099,Medical treatment,2014,15,Angle,Multi-Vehicle,153.040481,-27.483565,Princess St,Wellington Rd,East Brisbane,South Brisbane,Intersection - T-Junction,No traffic control,60 km/h,Sealed - Dry,Daylight,Straight,Veh'S Adjacent Approach: Left-Thru,Intersection from adjacent approaches,0,0,1,0,1,1,0,0,0,1,0,0
276104,Medical treatment,2014,7,Rear-end,Multi-Vehicle,153.125983,-27.5003588,Gateway Art Rd Ramp Vf,,Belmont,Chatsworth,No Roadway Feature,No traffic control,60 km/h,Sealed - Dry,Daylight,Straight,Veh'S Same Direction: Rear End,Rear-end,0,0,1,0,1,2,0,0,0,0,0,0
276126,Medical treatment,2014,7,Angle,Multi-Vehicle,153.03014,-27.502105,Annerley Rd,,Annerley,South Brisbane,No Roadway Feature,No traffic control,60 km/h,Sealed - Dry,Daylight,Curved - view open,Veh'S Manoeuvring: Leaving Driveway,Vehicle leaving driveway,0,0,1,0,1,2,1,0,0,0,0,0
276127,Medical treatment,2014,8,Rear-end,Multi-Vehicle,153.030776,-27.514166,Ipswich Rd,,Annerley,Yeerongpilly,No Roadway Feature,No traffic control,60 km/h,Sealed - Dry,Daylight,Straight,Veh'S Same Direction: Rear End,Rear-end,0,0,1,0,1,2,0,0,0,0,0,0
276128,Hospitalisation,2014,12,Angle,Multi-Vehicle,152.976617,-27.589707,Abelia St,Rosemary St,Inala,Inala,Intersection - T-Junction,No traffic control,60 km/h,Sealed - Dry,Daylight,Straight,Veh'S Opposite Approach: Thru-Right,Opposing vehicles turning,0,1,2,0,3,2,0,0,0,0,0,0
276130,Medical treatment,2014,19,Hit object,Single Vehicle,153.105204,-27.587656,Logan Sub-Arterial Rd,,Eight Mile Plains,Stretton,No Roadway Feature,No traffic control,60 km/h,Sealed - Wet,Darkness - Lighted,Curved - view open,Off Path-Curve: Off Cway Lt Bend Hit Obj,Off carriageway on curve hit object,0,0,1,0,1,4,0,1,0,0,0,0
276131,Medical treatment,2014,10,Hit object,Single Vehicle,153.013407,-27.47269,Boundary St,,South Brisbane,South Brisbane,No Roadway Feature,No traffic control,0 - 50 km/h,Sealed - Dry,Daylight,Straight,Off Path-Straight: Left Off Cway Hit Obj,Off carriageway on straight hit object,0,0,1,0,1,1,0,0,0,0,0,0
276132,Hospitalisation,2014,12,Rear-end,Multi-Vehicle,153.035783,-27.480588,Llewellyn St,Main St,Kangaroo Point,South Brisbane,Intersection - T-Junction,No traffic control,60 km/h,Sealed - Dry,Daylight,Straight,Veh'S Same Direction: Right Rear,Rear-end,0,1,0,0,1,1,1,0,0,0,0,0
276138,Medical treatment,2014,17,Rear-end,Multi-Vehicle,153.150907,-27.502033,London Rd,Tilley Rd,Chandler,Chatsworth,Intersection - Cross,No traffic control,70 km/h,Sealed - Dry,Dawn/Dusk,Straight,Veh'S Same Direction: Right Rear,Rear-end,0,0,3,1,4,3,0,0,0,0,0,0
276157,Medical treatment,2014,15,Angle,Multi-Vehicle,153.086172,-27.467868,Stanton St,Wynnum Rd,Cannon Hill,Bulimba,Intersection - T-Junction,No traffic control,70 km/h,Sealed - Dry,Daylight,Straight,Off Path-Straight: Other,Other,0,0,1,0,1,1,1,0,0,0,0,0
276158,Hospitalisation,2014,8,Hit pedestrian,Hit pedestrian,153.062761,-27.579426,Mains Rd,Selvage St,Sunnybank,Sunnybank,Intersection - T-Junction,Give way sign,0 - 50 km/h,Sealed - Dry,Daylight,Curved - view open,Ped'N: Near Side Vehicle Hit From Right,Pedestrian,0,1,0,0,1,1,0,0,0,0,1,0
276159,Medical treatment,2014,8,Rear-end,Multi-Vehicle,153.032412,-27.485999,Leopard St,Stanley St,Woolloongabba,South Brisbane,Intersection - Interchange,Operating traffic lights,60 km/h,Sealed - Dry,Daylight,Curved - view open,Veh'S Same Direction: Rear End,Rear-end,0,0,1,0,1,1,0,1,0,0,0,0
276169,Hospitalisation,2014,20,Hit object,Single Vehicle,153.1504251,-27.51429479,Tilley Rd,,Chandler,Chatsworth,No Roadway Feature,No traffic control,60 km/h,Sealed - Dry,Darkness - Lighted,Curved - view open,Off Path-Curve: Off Cway Lt Bend Hit Obj,Off carriageway on curve hit object,0,2,0,0,2,1,0,0,0,0,0,0
276190,Medical treatment,2014,17,Angle,Multi-Vehicle,152.946461,-27.626363,Jubilee Ave,,Forest Lake,Inala,No Roadway Feature,No traffic control,0 - 50 km/h,Sealed - Dry,Daylight,Curved - view open,Veh'S Opposite Approach: Head On,Head-on,0,0,1,0,1,2,0,0,0,0,0,0
276192,Minor injury,2014,12,Rear-end,Multi-Vehicle,152.976079,-27.521555,Honour Ave,,Graceville,Indooroopilly,No Roadway Feature,No traffic control,60 km/h,Sealed - Dry,Daylight,Straight,Veh'S Same Direction: Rear End,Rear-end,0,0,0,2,2,5,0,0,0,0,0,0
276193,Hospitalisation,2014,7,Rear-end,Multi-Vehicle,153.00815,-27.540266,Sherwood Rd,,Rocklea,Yeerongpilly,No Roadway Feature,No traffic control,60 km/h,Sealed - Dry,Daylight,Straight,Veh'S Same Direction: Rear End,Rear-end,0,1,0,0,1,2,0,0,0,0,0,0
276219,Medical treatment,2014,0,Angle,Multi-Vehicle,153.051297,-27.611188,Compton Rd,Mt Lindesay Art. Rd,Calamvale,Stretton,Intersection - T-Junction,Operating traffic lights,80 - 90 km/h,Sealed - Dry,Darkness - Lighted,Curved - view open,Veh'S Opposite Approach: Thru-Right,Opposing vehicles turning,0,0,1,0,1,2,0,0,0,0,0,0
276223,Hospitalisation,2014,14,Angle,Multi-Vehicle,153.010147,-27.547296,Goburra St,Ipswich Mwy,Rocklea,Yeerongpilly,Intersection - T-Junction,Stop sign,60 km/h,Sealed - Dry,Daylight,Straight,Veh'S Adjacent Approach: Thru-Right,Intersection from adjacent approaches,0,2,0,0,2,1,1,0,0,0,0,0
276225,Medical treatment,2014,17,Angle,Multi-Vehicle,153.080001,-27.560242,Cremin St,Griffith Arterial Rd,Upper Mount Gravatt,Mansfield,Intersection - T-Junction,Operating traffic lights,60 km/h,Sealed - Dry,Dawn/Dusk,Straight,Veh'S Opposite Approach: Thru-Right,Opposing vehicles turning,0,0,3,0,3,2,0,0,0,0,0,0
276246,Medical treatment,2014,15,Hit pedestrian,Hit pedestrian,152.967614,-27.578185,Kimberley St,,Richlands,Inala,No Roadway Feature,No traffic control,60 km/h,Unsealed - Dry,Daylight,Straight,Ped'N: Hit Walking With Traffic,Pedestrian,0,0,1,0,1,1,0,0,0,0,1,0
276247,Hospitalisation,2014,15,Rear-end,Multi-Vehicle,153.058689,-27.586629,Beenleigh Rd,,Sunnybank,Sunnybank,No Roadway Feature,No traffic control,60 km/h,Sealed - Dry,Daylight,Straight,Veh'S Same Direction: Lane Change Right,Lane changes,0,2,1,0,3,3,0,0,0,0,0,0
276248,Medical treatment,2014,13,Rear-end,Multi-Vehicle,153.032985,-27.509644,Ipswich Rd,Waldheim St,Annerley,Yeerongpilly,Intersection - T-Junction,Operating traffic lights,60 km/h,Sealed - Dry,Daylight,Straight,Veh'S Same Direction: Rear End,Rear-end,0,0,1,0,1,3,0,0,0,0,0,0
276251,Hospitalisation,2014,17,Hit object,Single Vehicle,153.047549,-27.504191,Logan Rd,,Greenslopes,South Brisbane,No Roadway Feature,No traffic control,60 km/h,Sealed - Dry,Daylight,Curved - view open,Off Path-Straight: Mounts Traffic Island,Off carriageway on straight hit object,0,1,0,0,1,0,1,0,0,0,0,0
276253,Medical treatment,2014,8,Rear-end,Multi-Vehicle,153.000765,-27.5937718,King Ave,,Willawong,Sunnybank,No Roadway Feature,No traffic control,70 km/h,Sealed - Dry,Daylight,Straight,Veh'S Same Direction: Rear End,Rear-end,0,0,1,0,1,2,0,1,0,0,0,0
276277,Hospitalisation,2014,15,Rear-end,Multi-Vehicle,153.12,-27.49,Invalid Street From Police,,Carindale,Chatsworth,No Roadway Feature,No traffic control,100 - 110 km/h,Sealed - Dry,Daylight,Straight,Veh'S Same Direction: Rear End,Rear-end,0,1,0,0,1,2,0,0,0,0,0,0
276282,Medical treatment,2014,7,Hit object,Single Vehicle,153.0431236,-27.51462923,South East Arterial Rd,,Greenslopes,Yeerongpilly,No Roadway Feature,No traffic control,80 - 90 km/h,Sealed - Dry,Daylight,Straight,Veh'S Same Direction: Lane Side Swipe,Lane changes,0,0,2,0,2,2,0,0,0,0,0,0
276284,Minor injury,2014,12,Hit pedestrian,Hit pedestrian,153.035573,-27.499432,Ipswich Rd,,Woolloongabba,South Brisbane,Median Opening,Operating traffic lights,60 km/h,Sealed - Dry,Daylight,Curved - view open,Ped'N: Hit Emerging Behind Vehicle,Pedestrian,0,0,0,1,1,1,0,0,0,0,1,0
276285,Medical treatment,2014,7,Head-on,Multi-Vehicle,153.1597478,-27.42634596,Pritchard St,,Lytton,Lytton,No Roadway Feature,No traffic control,70 km/h,Sealed - Dry,Daylight,Straight,Veh'S Opposite Approach: Head On,Head-on,0,0,1,0,1,2,0,0,0,0,0,0
276317,Hospitalisation,2014,15,Angle,Multi-Vehicle,152.928802,-27.59655,Campbell Ave,Industrial Ave,Wacol,Inala,Intersection - Cross,No traffic control,60 km/h,Sealed - Dry,Daylight,Straight,Veh'S Opposite Approach: Thru-Right,Opposing vehicles turning,0,1,0,1,2,2,0,0,0,0,0,0
276320,Medical treatment,2014,6,Angle,Multi-Vehicle,153.077512,-27.466902,Beverley St,Wynnum Rd,Morningside,Bulimba,Intersection - Cross,No traffic control,60 km/h,Sealed - Dry,Daylight,Straight,Veh'S Manoeuvring: Entering From Footway,Vehicle leaving driveway,0,0,1,0,1,1,0,0,0,1,0,0
276321,Medical treatment,2014,8,Rear-end,Multi-Vehicle,153.054757,-27.47478,Norman Ave,Wynnum Rd,Norman Park,Bulimba,Intersection - T-Junction,Operating traffic lights,60 km/h,Sealed - Dry,Daylight,Curved - view open,Veh'S Same Direction: Rear End,Rear-end,0,0,1,0,1,2,0,0,0,0,0,0
276354,Hospitalisation,2014,14,Rear-end,Multi-Vehicle,153.0257413,-27.579039,Mt Lindesay Art. Rd,,Acacia Ridge,Sunnybank,No Roadway Feature,No traffic control,70 km/h,Sealed - Dry,Daylight,Straight,Veh'S Same Direction: Rear End,Rear-end,0,2,0,0,2,3,0,0,0,0,0,0
276357,Medical treatment,2014,5,Angle,Multi-Vehicle,153.054457,-27.487269,Cavendish Rd,Stanley St East,Coorparoo,Greenslopes,Intersection - Cross,Operating traffic lights,60 km/h,Sealed - Wet,Dawn/Dusk,Straight,Veh'S Opposite Approach: Thru-Right,Opposing vehicles turning,0,0,2,0,2,2,0,0,0,0,0,0
276358,Medical treatment,2014,9,Rear-end,Multi-Vehicle,153.060994,-27.493471,French St,Old Cleveland Rd,Coorparoo,Greenslopes,Intersection - T-Junction,Operating traffic lights,60 km/h,Sealed - Dry,Daylight,Straight,Veh'S Same Direction: Rear End,Rear-end,0,0,1,0,1,2,0,0,0,0,0,0
276360,Hospitalisation,2014,6,Angle,Multi-Vehicle,153.055046,-27.475877,Bodalla St,Norman Ave,Norman Park,Bulimba,Intersection - T-Junction,Give way sign,0 - 50 km/h,Sealed - Wet,Daylight,Straight,Veh'S Adjacent Approach: Thru-Right,Intersection from adjacent approaches,0,1,0,0,1,2,0,0,0,0,0,0
276361,Medical treatment,2014,0,Hit object,Single Vehicle,153.116795,-27.5490023,Gateway Arterial Rd,,Rochedale,Mansfield,No Roadway Feature,No traffic control,100 - 110 km/h,Sealed - Wet,Darkness - Lighted,Curved - view open,Off Path-Curve: Off Cway Rt Bend Hit Obj,Off carriageway on curve hit object,0,0,1,0,1,1,0,0,0,0,0,0
276367,Minor injury,2014,14,Rear-end,Multi-Vehicle,153.00568,-27.656115,Johnson Rd,,Larapinta,Algester,No Roadway Feature,No traffic control,70 km/h,Sealed - Dry,Daylight,Straight,Veh'S Same Direction: Rear End,Rear-end,0,0,0,1,1,3,0,0,0,0,0,0
276424,Hospitalisation,2014,15,Rear-end,Multi-Vehicle,153.035153,-27.501048,Cornwall St,Ipswich Rd,Annerley,South Brisbane,Intersection - Cross,Operating traffic lights,60 km/h,Sealed - Dry,Daylight,Curved - view open,Veh'S Same Direction: Rear End,Rear-end,0,1,0,0,1,1,1,0,0,0,0,0
276428,Minor injury,2014,23,Angle,Multi-Vehicle,153.165403,-27.476277,Greencamp Rd,Manly Rd,Wakerley,Chatsworth,Intersection - T-Junction,Operating traffic lights,60 km/h,Sealed - Dry,Darkness - Lighted,Curved - view open,Veh'S Opposite Approach: Thru-Right,Opposing vehicles turning,0,0,0,1,1,2,0,0,0,0,0,0
276434,Medical treatment,2014,13,Angle,Multi-Vehicle,153.179476,-27.512991,New Cleveland Rd,,Chandler,Chatsworth,No Roadway Feature,No traffic control,70 km/h,Sealed - Dry,Daylight,Straight,Veh'S Same Direction: U-Turn,U-turn,0,0,1,0,1,2,0,0,0,0,0,0
276482,Medical treatment,2014,7,Hit pedestrian,Hit pedestrian,153.0634486,-27.4933009,Leicester St,Talbot St,Coorparoo,Greenslopes,Intersection - T-Junction,Pedestrian crossing sign,0 - 50 km/h,Sealed - Dry,Daylight,Straight,Ped'N: Near Side Vehicle Hit From Right,Pedestrian,0,0,1,0,1,1,0,0,0,0,1,0
276484,Medical treatment,2014,8,Angle,Multi-Vehicle,152.970982,-27.627229,Forest Lake Blvd,Grand Ave,Forest Lake,Algester,Intersection - Cross,Operating traffic lights,60 km/h,Sealed - Dry,Daylight,Curved - view open,Veh'S Opposite Approach: Thru-Right,Opposing vehicles turning,0,0,3,0,3,2,0,0,0,0,0,0
276486,Medical treatment,2014,15,Sideswipe,Multi-Vehicle,153.006845,-27.482852,Hardgrave Rd,,West End,South Brisbane,No Roadway Feature,No traffic control,0 - 50 km/h,Sealed - Dry,Daylight,Straight,Veh'S Manoeuvring: Entering From Footway,Vehicle leaving driveway,0,0,1,0,1,1,0,0,0,1,0,0
276487,Hospitalisation,2014,8,Hit parked vehicle,Single Vehicle,153.026644,-27.483482,Invalid Street From Police,,South Brisbane,South Brisbane,No Roadway Feature,No traffic control,60 km/h,Sealed - Dry,Daylight,Straight,Veh'S Manoeuvring: Other,Other,0,1,0,0,1,1,0,0,0,1,0,0
276515,Medical treatment,2014,7,Rear-end,Multi-Vehicle,153.060826,-27.61793713,Gowan Rd,,Stretton,Stretton,No Roadway Feature,No traffic control,60 km/h,Sealed - Dry,Daylight,Straight,Veh'S Same Direction: Rear End,Rear-end,0,0,1,0,1,2,0,0,0,0,0,0
276516,Hospitalisation,2014,12,Hit object,Single Vehicle,153.038782,-27.50594704,South East Arterial Rd,,Greenslopes,South Brisbane,No Roadway Feature,No traffic control,80 - 90 km/h,Sealed - Wet,Daylight,Straight,Veh'S On Path: Temporary Object On C'Way,Other,0,1,0,0,1,1,0,0,0,0,0,0
276517,Medical treatment,2014,13,Rear-end,Multi-Vehicle,153.078557,-27.486872,Ferguson Rd,Stanley Rd,Camp Hill,Chatsworth,Intersection - Roundabout,Give way sign,60 km/h,Sealed - Wet,Daylight,Straight,Veh'S Same Direction: Left Rear,Rear-end,0,0,1,0,1,2,0,0,0,0,0,0
276519,Medical treatment,2014,11,Rear-end,Multi-Vehicle,152.9783889,-27.56065284,Oxley Rd,,Oxley,Mount Ommaney,No Roadway Feature,Pedestrian crossing sign,60 km/h,Sealed - Wet,Daylight,Straight,Veh'S Same Direction: Rear End,Rear-end,0,0,1,0,1,2,0,0,0,0,0,0
276521,Medical treatment,2014,8,Angle,Multi-Vehicle,153.10249,-27.587657,Levington Rd,,Eight Mile Plains,Stretton,No Roadway Feature,No traffic control,0 - 50 km/h,Sealed - Wet,Daylight,Straight,Veh'S Opposite Approach: Thru-Right,Opposing vehicles turning,0,0,1,1,2,2,0,0,0,0,0,0
276522,Minor injury,2014,17,Angle,Multi-Vehicle,153.013086,-27.475446,Boundary St,Brereton St,South Brisbane,South Brisbane,Intersection - T-Junction,Give way sign,60 km/h,Sealed - Dry,Dawn/Dusk,Straight,Veh'S Adjacent Approach: Thru-Right,Intersection from adjacent approaches,0,0,0,1,1,2,0,0,0,0,0,0
276523,Medical treatment,2014,8,Sideswipe,Multi-Vehicle,153.035927,-27.486158,Main St,,Woolloongabba,South Brisbane,No Roadway Feature,No traffic control,60 km/h,Sealed - Wet,Daylight,Straight,Veh'S Same Direction: Lane Change Right,Lane changes,0,0,1,0,1,1,1,0,0,0,0,0
276563,Medical treatment,2014,7,Rear-end,Multi-Vehicle,152.9595113,-27.57187471,Cunningham Arterial Rd,,Darra,Inala,No Roadway Feature,No traffic control,60 km/h,Sealed - Dry,Daylight,Straight,Veh'S Same Direction: Rear End,Rear-end,0,0,1,0,1,3,0,0,0,0,0,0
276564,Medical treatment,2014,19,Rear-end,Multi-Vehicle,153.031033,-27.513756,Ipswich Rd,Venner Rd,Annerley,Yeerongpilly,Intersection - Cross,Operating traffic lights,60 km/h,Sealed - Wet,Darkness - Lighted,Straight,Veh'S Same Direction: Rear End,Rear-end,0,0,3,0,3,3,0,0,0,0,0,0
276567,Hospitalisation,2014,15,Overturned,Single Vehicle,152.9825295,-27.64273297,Stradbroke St,,Heathwood,Algester,No Roadway Feature,No traffic control,0 - 50 km/h,Sealed - Dry,Daylight,Straight,Off Path-Straight:Out Of Control On Cway,Out of control on straight,0,1,0,0,1,0,0,1,0,0,0,0
276569,Medical treatment,2014,7,Hit pedestrian,Hit pedestrian,153.071957,-27.468312,Wynnum Rd,,Morningside,Bulimba,No Roadway Feature,No traffic control,60 km/h,Sealed - Dry,Daylight,Straight,Ped'N: Far Side Vehicle Hit From Left,Pedestrian,0,0,1,1,2,0,0,0,0,1,1,0
276571,Medical treatment,2014,16,Hit object,Single Vehicle,153.003604,-27.558653,Cunningham Arterial Rd,,Rocklea,Sunnybank,No Roadway Feature,No traffic control,80 - 90 km/h,Sealed - Wet,Daylight,Straight,Veh'S On Path: Temporary Object On C'Way,Other,0,0,1,0,1,3,0,0,0,0,0,0
276572,Medical treatment,2014,8,Angle,Multi-Vehicle,153.056787,-27.561334,Estoril St,Hanrahan St,Robertson,Sunnybank,Intersection - T-Junction,No traffic control,0 - 50 km/h,Sealed - Dry,Daylight,Straight,Veh'S Adjacent Approach: Right-Thru,Intersection from adjacent approaches,0,0,1,0,1,2,0,0,0,0,0,0
276609,Medical treatment,2014,17,Rear-end,Multi-Vehicle,152.974004,-27.578222,Freeman Rd,Rosemary St,Inala,Inala,Intersection - Roundabout,Give way sign,60 km/h,Sealed - Wet,Dawn/Dusk,Straight,Veh'S Same Direction: Rear End,Rear-end,0,0,1,0,1,2,0,0,0,0,0,0
276614,Medical treatment,2014,19,Angle,Multi-Vehicle,153.085146,-27.588995,Warrigal Rd,,Eight Mile Plains,Stretton,No Roadway Feature,No traffic control,60 km/h,Sealed - Dry,Dawn/Dusk,Straight,Veh'S Opposite Approach: Thru-Right,Opposing vehicles turning,0,0,1,0,1,2,0,0,0,0,0,0
276657,Minor injury,2014,13,Angle,Multi-Vehicle,153.0362029,-27.59587037,Bradman St,Mt Lindesay Art. Rd,Acacia Ridge,Sunnybank,Intersection - Cross,Operating traffic lights,80 - 90 km/h,Sealed - Dry,Daylight,Straight,Veh'S Adjacent Approach: Thru-Thru,Intersection from adjacent approaches,0,0,0,1,1,2,0,0,0,0,0,0
276658,Medical treatment,2014,18,Angle,Multi-Vehicle,153.029288,-27.512952,Roy St,Vallely St,Annerley,Yeerongpilly,Intersection - T-Junction,No traffic control,0 - 50 km/h,Sealed - Dry,Dawn/Dusk,Straight,Veh'S Adjacent Approach: Right-Thru,Intersection from adjacent approaches,0,0,2,0,2,2,0,0,0,0,0,0
276663,Minor injury,2014,18,Hit object,Single Vehicle,152.978172,-27.598204,Inala Ave,,Inala,Inala,No Roadway Feature,No traffic control,60 km/h,Sealed - Dry,Daylight,Straight,Off Path-Straight: Mounts Traffic Island,Off carriageway on straight hit object,0,0,0,1,1,1,0,0,0,0,0,0
276665,Minor injury,2014,5,Rear-end,Multi-Vehicle,153.092128,-27.575913,Logan Sub-Arterial Rd,Padstow Rd,Eight Mile Plains,Stretton,Intersection - T-Junction,No traffic control,60 km/h,Sealed - Dry,Dawn/Dusk,Straight,Veh'S Same Direction: Left Rear,Rear-end,0,0,0,1,1,2,0,0,0,0,0,0
276666,Hospitalisation,2014,16,Hit object,Single Vehicle,153.027621,-27.498128,Annerley Rd,,Dutton Park,South Brisbane,No Roadway Feature,No traffic control,60 km/h,Sealed - Dry,Daylight,Straight,Off Path-Straight: Mounts Traffic Island,Off carriageway on straight hit object,0,1,0,0,1,0,1,0,0,0,0,0
276667,Hospitalisation,2014,23,Hit object,Single Vehicle,153.031334,-27.48352,South East Arterial Rd,,Kangaroo Point,South Brisbane,No Roadway Feature,No traffic control,60 km/h,Sealed - Dry,Darkness - Lighted,Curved - view open,Off Path-Curve: Out Of Control On Cway,Out of control on curve,0,1,0,0,1,1,0,0,0,0,0,0
276676,Hospitalisation,2014,4,Hit object,Single Vehicle,153.185092,-27.519167,Cleveland Sub-Arterial Rd,Mt Gravatt - Capalaba Rd,Chandler,Chatsworth,Intersection - T-Junction,No traffic control,60 km/h,Sealed - Wet,Dawn/Dusk,Straight,Off Path-Straight: Left Off Cway Hit Obj,Off carriageway on straight hit object,0,2,0,0,2,1,0,0,0,0,0,0
276702,Medical treatment,2014,20,Rear-end,Multi-Vehicle,153.0672058,-27.65038792,Logan Mwy,,Drewvale,Stretton,No Roadway Feature,No traffic control,100 - 110 km/h,Sealed - Dry,Darkness - Lighted,Straight,Veh'S On Path: Parked,Hit parked vehicle,0,0,1,0,1,2,0,0,0,0,0,0
276704,Medical treatment,2014,10,Rear-end,Multi-Vehicle,153.081962,-27.49302,Old Cleveland Rd,,Camp Hill,Chatsworth,No Roadway Feature,No traffic control,60 km/h,Sealed - Dry,Daylight,Straight,Veh'S Same Direction: Rear End,Rear-end,0,0,2,0,2,3,0,0,0,0,0,0
276707,Hospitalisation,2014,19,Hit object,Single Vehicle,153.092991,-27.606795,St Andrew St,,Kuraby,Stretton,No Roadway Feature,No traffic control,60 km/h,Sealed - Dry,Darkness - Lighted,Curved - view open,Veh'S On Path: Other,Other,0,1,0,0,1,0,1,0,0,0,0,0
276726,Medical treatment,2014,9,Angle,Multi-Vehicle,153.069332,-27.494295,Bovelles St,Carranya St,Camp Hill,Greenslopes,Intersection - Cross,Give way sign,0 - 50 km/h,Sealed - Dry,Daylight,Curved - view open,Veh'S Adjacent Approach: Thru-Thru,Intersection from adjacent approaches,0,0,1,0,1,2,0,0,0,0,0,0
276728,Medical treatment,2014,11,Rear-end,Multi-Vehicle,152.997209,-27.535417,Sherwood Rd,,Rocklea,Yeerongpilly,Median Opening,Operating traffic lights,60 km/h,Sealed - Dry,Daylight,Straight,Veh'S Same Direction: Rear End,Rear-end,0,0,1,0,1,2,0,0,0,0,0,0
276729,Minor injury,2014,9,Rear-end,Multi-Vehicle,153.091886,-27.575616,Logan Sub-Arterial Rd,Padstow Rd,Eight Mile Plains,Sunnybank,Intersection - T-Junction,Stop sign,60 km/h,Sealed - Dry,Daylight,Straight,Veh'S Same Direction: Left Rear,Rear-end,0,0,0,1,1,1,0,0,0,0,0,1
276730,Medical treatment,2014,16,Angle,Multi-Vehicle,153.042262,-27.497945,Logan Rd,O'Keefe St,Woolloongabba,South Brisbane,Intersection - Roundabout,Give way sign,60 km/h,Sealed - Dry,Daylight,Straight,Veh'S Opposite Approach: Thru-Right,Opposing vehicles turning,0,0,1,0,1,2,0,0,0,0,0,0