Crash_Ref_Number,Severity,Year,Hour,Crash_Nature,Crash_Type,Longitude,Latitude,Street,Street_Intersecting,Suburb,Loc_State_Electorate,Crash_Roadway_Feature,Crash_Traffic_Control,Crash_Speed_Limit,Crash_Road_Surface_Condition,Crash_Lighting_Condition,Crash_Road_Horiz_Align,Crash_DCA_Description,Crash_DCA_Group_Description,Count_Casualty_Fatality,Count_Casualty_Hospitalised,Count_Casualty_MedicallyTreated,Count_Casualty_MinorInjury,Count_Casualty_Total,Count_Unit_Car,Count_Unit_Motorcycle_Moped,Count_Unit_Truck,Count_Unit_Bus,Count_Unit_Bicycle,Count_Unit_Pedestrian,Count_Unit_Other
276759,Hospitalisation,2014,17,Hit object,Single Vehicle,152.962088,-27.571498,Argyle Pde,Ipswich Mwy,Darra,Inala,Intersection - Roundabout,Give way sign,60 km/h,Sealed - Dry,Daylight,Curved - view open,Off Path-Curve: Other,Other,0,1,0,0,1,1,0,0,0,0,0,0
276760,Hospitalisation,2014,15,Angle,Multi-Vehicle,153.035703,-27.598213,Bradman St,Learoyd Rd,Acacia Ridge,Sunnybank,Intersection - Roundabout,Give way sign,60 km/h,Sealed - Dry,Daylight,Curved - view open,Veh'S Adjacent Approach: Other,Intersection from adjacent approaches,0,1,0,0,1,2,0,0,0,0,0,0
276761,Medical treatment,2014,17,Rear-end,Multi-Vehicle,153.123725,-27.503849,Cleveland Sub-Arterial Rd,Old Cleveland Rd,Belmont,Chatsworth,Intersection - Interchange,No traffic control,0 - 50 km/h,Sealed - Dry,Daylight,Curved - view open,Veh'S Same Direction: Left Rear,Rear-end,0,0,1,0,1,2,0,0,0,0,0,0
276765,Medical treatment,2014,9,Sideswipe,Multi-Vehicle,152.984437,-27.640857,Logan Mwy,,Heathwood,Algester,No Roadway Feature,No traffic control,100 - 110 km/h,Sealed - Dry,Daylight,Straight,Veh'S Same Direction: Lane Change Left,Lane changes,0,0,1,0,1,1,0,1,0,0,0,0
276790,Medical treatment,2014,18,Rear-end,Multi-Vehicle,153.07065,-27.572736,Comley St,Granadilla St,Macgregor,Sunnybank,Intersection - T-Junction,Give way sign,60 km/h,Sealed - Dry,Dawn/Dusk,Straight,Veh'S Same Direction: Left Rear,Rear-end,0,0,1,0,1,2,0,0,0,0,0,0
276791,Hospitalisation,2014,18,Rear-end,Multi-Vehicle,153.03779,-27.49617,South East Arterial Rd,,Woolloongabba,South Brisbane,No Roadway Feature,No traffic control,80 - 90 km/h,Sealed - Dry,Darkness - Lighted,Straight,Veh'S Same Direction: Rear End,Rear-end,0,3,0,0,3,3,0,0,0,0,0,0
276792,Hospitalisation,2014,17,Angle,Multi-Vehicle,153.167314,-27.449645,Emsworth St,Louis St,Wynnum,Lytton,Intersection - Cross,Stop sign,0 - 50 km/h,Sealed - Dry,Dawn/Dusk,Straight,Veh'S Adjacent Approach: Thru-Thru,Intersection from adjacent approaches,0,1,0,0,1,2,0,0,0,0,0,0
276824,Minor injury,2014,15,Rear-end,Multi-Vehicle,152.919195,-27.561317,Sumners Rd,,Riverhills,Mount Ommaney,No Roadway Feature,No traffic control,0 - 50 km/h,Sealed - Dry,Daylight,Straight,Veh'S Same Direction: Rear End,Rear-end,0,0,0,1,1,2,0,0,0,0,0,0
276827,Hospitalisation,2014,17,Hit animal,Other,153.0174632,-27.61973155,Vied Rd,,Pallara,Algester,No Roadway Feature,No traffic control,60 km/h,Sealed - Dry,Dawn/Dusk,Curved - view obscured,Pass & Misc: Hit Animal,Hit animal,0,1,0,0,1,0,1,0,0,0,0,0
276829,Hospitalisation,2014,9,Hit object,Single Vehicle,153.058986,-27.472826,Wynnum Rd,,Norman Park,Bulimba,No Roadway Feature,No traffic control,60 km/h,Sealed - Wet,Daylight,Straight,Off Path-Straight: Left Off Cway Hit Obj,Off carriageway on straight hit object,0,1,0,0,1,1,0,0,0,0,0,0
276830,Minor injury,2014,7,Rear-end,Multi-Vehicle,153.105869,-27.45485,Port Of Brisbane Mwy,,Murarrie,Bulimba,Intersection - Interchange,No traffic control,100 - 110 km/h,Sealed - Dry,Daylight,Straight,Veh'S Same Direction: Rear End,Rear-end,0,0,0,2,2,2,0,0,0,0,0,0
276833,Minor injury,2014,14,Rear-end,Multi-Vehicle,153.079957,-27.55518,Logan Rd,,Upper Mount Gravatt,Mansfield,No Roadway Feature,No traffic control,60 km/h,Sealed - Dry,Daylight,Straight,Veh'S Same Direction: Rear End,Rear-end,0,0,0,1,1,2,0,0,0,0,0,0
276834,Hospitalisation,2014,10,Fall from vehicle,Single Vehicle,153.022412,-27.493799,Gladstone Rd,Wahcumba St,Dutton Park,South Brisbane,Intersection - T-Junction,No traffic control,60 km/h,Sealed - Wet,Daylight,Straight,Off Path-Straight:Out Of Control On Cway,Out of control on straight,0,1,0,0,1,0,1,0,0,0,0,0
276835,Medical treatment,2014,18,Rear-end,Multi-Vehicle,153.035968,-27.486534,Ipswich Rd,Main St,Woolloongabba,South Brisbane,Intersection - Cross,Operating traffic lights,60 km/h,Sealed - Dry,Darkness - Lighted,Straight,Veh'S Same Direction: Right Rear,Rear-end,0,0,1,0,1,2,0,0,0,0,0,0
276875,Medical treatment,2014,8,Angle,Multi-Vehicle,153.060209,-27.621263,Gowan Rd,Lacebark St,Calamvale,Stretton,Intersection - T-Junction,Give way sign,60 km/h,Sealed - Wet,Daylight,Straight,Veh'S Adjacent Approach: Thru-Right,Intersection from adjacent approaches,0,0,1,1,2,2,0,0,0,0,0,0
276876,Medical treatment,2014,13,Angle,Multi-Vehicle,153.034853,-27.520023,Cracknell Rd,Ekibin Rd E,Tarragindi,Yeerongpilly,Intersection - Roundabout,Give way sign,60 km/h,Sealed - Dry,Daylight,Straight,Veh'S Adjacent Approach: Thru-Thru,Intersection from adjacent approaches,0,0,1,0,1,0,1,1,0,0,0,0
276878,Medical treatment,2014,23,Angle,Multi-Vehicle,153.0208069,-27.55847997,Griffith Arterial Rd,Mt Lindesay Art. Rd,Rocklea,Yeerongpilly,Intersection - Cross,No traffic control,60 km/h,Sealed - Wet,Darkness - Not lighted,Straight,Veh'S Adjacent Approach: Thru-Thru,Intersection from adjacent approaches,0,0,2,0,2,2,0,0,0,0,0,0
276879,Medical treatment,2014,19,Rear-end,Multi-Vehicle,153.0141503,-27.5361907,Ipswich Rd,,Moorooka,Yeerongpilly,No Roadway Feature,No traffic control,60 km/h,Sealed - Wet,Darkness - Not lighted,Straight,Veh'S Same Direction: Rear End,Rear-end,0,0,2,1,3,2,0,0,0,0,0,0
276880,Minor injury,2014,8,Angle,Multi-Vehicle,153.1107519,-27.45218544,Port Of Brisbane Rd,,Murarrie,Bulimba,No Roadway Feature,No traffic control,70 km/h,Sealed - Dry,Daylight,Curved - view open,Veh'S Manoeuvring: Entering From Footway,Vehicle leaving driveway,0,0,0,1,1,0,1,1,0,0,0,0
276882,Medical treatment,2014,18,Angle,Multi-Vehicle,152.98298,-27.532438,Oxley Rd,Sherwood Rd,Sherwood,Indooroopilly,Intersection - Cross,No traffic control,60 km/h,Sealed - Wet,Darkness - Not lighted,Straight,Veh'S Adjacent Approach: Thru-Thru,Intersection from adjacent approaches,0,0,1,0,1,2,0,0,0,0,0,0
276884,Medical treatment,2014,18,Fall from vehicle,Single Vehicle,153.067073,-27.555191,Nathan Connection Arterial Rd,,Nathan,Yeerongpilly,No Roadway Feature,No traffic control,60 km/h,Sealed - Wet,Dawn/Dusk,Straight,Veh'S Same Direction: Lane Side Swipe,Lane changes,0,0,1,0,1,1,1,0,0,0,0,0
276885,Medical treatment,2014,16,Angle,Multi-Vehicle,153.013317,-27.476233,Edmondstone St,,South Brisbane,South Brisbane,No Roadway Feature,No traffic control,0 - 50 km/h,Sealed - Dry,Daylight,Straight,Veh'S Manoeuvring: Leaving Driveway,Vehicle leaving driveway,0,0,1,0,1,1,0,0,0,1,0,0
276886,Medical treatment,2014,12,Rear-end,Multi-Vehicle,153.0248229,-27.48227172,Sidon St,Stanley St,South Brisbane,South Brisbane,No Roadway Feature,No traffic control,0 - 50 km/h,Sealed - Dry,Daylight,Straight,Veh'S Manoeuvring: Leaving Driveway,Vehicle leaving driveway,0,0,2,0,2,2,0,0,0,0,0,0
276915,Medical treatment,2014,19,Hit object,Single Vehicle,153.069974,-27.6431,Illaweena St,,Karawatha,Stretton,No Roadway Feature,No traffic control,60 km/h,Sealed - Wet,Darkness - Not lighted,Straight,Off Path-Straight: Left Off Cway Hit Obj,Off carriageway on straight hit object,0,0,1,0,1,1,0,0,0,0,0,0
276916,Medical treatment,2014,6,Hit object,Single Vehicle,152.9470778,-27.57600921,Cunningham Arterial Rd,,Darra,Inala,No Roadway Feature,No traffic control,100 - 110 km/h,Sealed - Dry,Daylight,Straight,Off Path-Straight: Left Off Cway Hit Obj,Off carriageway on straight hit object,0,0,1,0,1,1,0,0,0,0,0,0
276920,Medical treatment,2014,7,Rear-end,Multi-Vehicle,153.057052,-27.529655,South East Arterial Rd,,Holland Park West,Yeerongpilly,No Roadway Feature,No traffic control,100 - 110 km/h,Sealed - Dry,Daylight,Straight,Veh'S Same Direction: Rear End,Rear-end,0,0,3,0,3,4,0,0,0,0,0,0
276921,Medical treatment,2014,9,Angle,Multi-Vehicle,152.958381,-27.610371,Forest Lake Blvd,Woogaroo St,Forest Lake,Inala,Intersection - Cross,No traffic control,60 km/h,Sealed - Dry,Daylight,Curved - view open,Veh'S Adjacent Approach: Thru-Thru,Intersection from adjacent approaches,0,0,3,0,3,2,0,0,0,0,0,0
276922,Medical treatment,2014,0,Fall from vehicle,Single Vehicle,153.092772,-27.60663,St Andrew St,,Kuraby,Stretton,No Roadway Feature,No traffic control,0 - 50 km/h,Sealed - Wet,Darkness - Not lighted,Curved - view open,Pass & Misc: Fell In/From Vehicle,Other,0,0,1,0,1,0,0,0,1,0,0,0
276951,Hospitalisation,2014,16,Angle,Multi-Vehicle,153.094399,-27.532618,Newnham Rd,Wecker Rd,Mount Gravatt East,Mansfield,Intersection - T-Junction,Operating traffic lights,60 km/h,Sealed - Dry,Daylight,Straight,Veh'S Opposite Approach: Thru-Right,Opposing vehicles turning,0,1,1,0,2,2,0,0,0,0,0,0
276954,Medical treatment,2014,11,Rear-end,Multi-Vehicle,152.972489,-27.5117762,Honour Ave,,Chelmer,Indooroopilly,No Roadway Feature,No traffic control,60 km/h,Sealed - Dry,Daylight,Straight,Veh'S Same Direction: Rear End,Rear-end,0,0,1,1,2,2,0,0,0,0,0,0
276955,Medical treatment,2014,12,Rear-end,Multi-Vehicle,153.091412,-27.574063,Liverpool St,Logan Sub-Arterial Rd,Eight Mile Plains,Sunnybank,Intersection - T-Junction,No traffic control,60 km/h,Sealed - Dry,Daylight,Straight,Veh'S Same Direction: Right Rear,Rear-end,0,0,1,0,1,3,0,0,0,0,0,0
276956,Minor injury,2014,16,Rear-end,Multi-Vehicle,153.090302,-27.556013,Newnham Rd,Redland Sub-Arterial Rd,Upper Mount Gravatt,Mansfield,Intersection - T-Junction,Give way sign,60 km/h,Sealed - Dry,Daylight,Straight,Veh'S Same Direction: Left Rear,Rear-end,0,0,0,1,1,2,0,0,0,0,0,0
276957,Minor injury,2014,13,Rear-end,Multi-Vehicle,153.05107,-27.558765,Griffith Arterial Rd,,Coopers Plains,Yeerongpilly,No Roadway Feature,No traffic control,70 km/h,Sealed - Dry,Daylight,Straight,Veh'S Same Direction: U-Turn,U-turn,0,0,0,1,1,3,0,0,0,0,0,0
276961,Medical treatment,2014,12,Rear-end,Multi-Vehicle,153.17722,-27.50522399,New Cleveland Rd,Sunnydene Rd,Gumdale,Chatsworth,Intersection - Y-Junction,No traffic control,80 - 90 km/h,Sealed - Dry,Daylight,Curved - view open,Veh'S Same Direction: Rear End,Rear-end,0,0,1,0,1,1,1,0,0,0,0,0
276983,Medical treatment,2014,9,Angle,Multi-Vehicle,153.039874,-27.599081,Learoyd Rd,Mt Lindesay Art. Rd,Algester,Algester,Intersection - Cross,Operating traffic lights,80 - 90 km/h,Sealed - Dry,Daylight,Straight,Veh'S Adjacent Approach: Thru-Right,Intersection from adjacent approaches,0,0,2,0,2,3,0,0,0,0,0,0
276984,Hospitalisation,2014,10,Hit parked vehicle,Single Vehicle,153.090459,-27.53418,Creek Rd,,Mount Gravatt East,Mansfield,No Roadway Feature,No traffic control,60 km/h,Sealed - Dry,Daylight,Curved - view open,Veh'S On Path: Parked,Hit parked vehicle,0,1,1,0,2,3,0,0,0,0,0,0
276985,Hospitalisation,2014,11,Hit parked vehicle,Single Vehicle,153.0439369,-27.47990409,Latrobe St,,East Brisbane,South Brisbane,No Roadway Feature,No traffic control,60 km/h,Sealed - Dry,Daylight,Curved - view open,Veh'S On Path: Parked,Hit parked vehicle,0,1,0,0,1,2,0,0,0,0,0,0
276986,Medical treatment,2014,14,Rear-end,Multi-Vehicle,153.041671,-27.487396,Stanley St East,,East Brisbane,South Brisbane,No Roadway Feature,No traffic control,60 km/h,Sealed - Dry,Daylight,Straight,Veh'S Same Direction: Rear End,Rear-end,0,0,1,0,1,2,0,0,0,0,0,0
276992,Medical treatment,2014,12,Angle,Multi-Vehicle,153.15262,-27.494658,Formosa Rd,Tilley Rd,Gumdale,Chatsworth,Intersection - Cross,Stop sign,60 km/h,Sealed - Dry,Daylight,Straight,Veh'S Adjacent Approach: Thru-Thru,Intersection from adjacent approaches,0,0,1,0,1,2,0,0,0,0,0,0
277007,Minor injury,2014,17,Rear-end,Multi-Vehicle,153.02742,-27.5689507,Boundary Rd,Richland Ave,Coopers Plains,Sunnybank,Intersection - T-Junction,No traffic control,60 km/h,Sealed - Dry,Daylight,Straight,Veh'S Same Direction: Rear End,Rear-end,0,0,0,1,1,3,0,0,0,0,0,0
277008,Minor injury,2014,15,Hit object,Single Vehicle,153.0173181,-27.55808997,Griffith Arterial Rd,,Archerfield,Sunnybank,No Roadway Feature,No traffic control,60 km/h,Sealed - Dry,Daylight,Straight,Veh'S Same Direction: Lane Change Left,Lane changes,0,0,0,1,1,1,1,0,0,0,0,0
277042,Medical treatment,2014,8,Angle,Multi-Vehicle,152.936615,-27.548448,Arrabri Ave,Dandenong Rd,Mount Ommaney,Mount Ommaney,Intersection - Cross,Operating traffic lights,60 km/h,Sealed - Dry,Daylight,Curved - view open,Veh'S Adjacent Approach: Thru-Thru,Intersection from adjacent approaches,0,0,1,0,1,2,0,0,0,0,0,0
277043,Hospitalisation,2014,18,Angle,Multi-Vehicle,153.0532683,-27.50274304,Pembroke Rd,,Coorparoo,South Brisbane,No Roadway Feature,No traffic control,0 - 50 km/h,Sealed - Dry,Darkness - Lighted,Straight,Veh'S Manoeuvring: Leaving Driveway,Vehicle leaving driveway,0,1,0,0,1,2,0,0,0,0,0,0
277044,Medical treatment,2014,7,Rear-end,Multi-Vehicle,153.050699,-27.49888,Main Ave,Old Cleveland Rd,Greenslopes,South Brisbane,Intersection - T-Junction,Operating traffic lights,60 km/h,Sealed - Dry,Daylight,Straight,Veh'S Same Direction: Rear End,Rear-end,0,0,1,0,1,2,0,0,0,0,0,0
277045,Hospitalisation,2014,16,Hit pedestrian,Hit pedestrian,153.070193,-27.529338,Miriam St,,Holland Park West,Greenslopes,No Roadway Feature,No traffic control,0 - 50 km/h,Sealed - Dry,Daylight,Straight,Ped'N: Hit By Vehicle Enter/Leave D'Way,Pedestrian,0,1,0,0,1,1,0,0,0,0,1,0
277048,Medical treatment,2014,17,Angle,Multi-Vehicle,153.106292,-27.577651,Gateway Art Rd Ramp Ma,Miles Platting Rd,Rochedale,Mansfield,Intersection - Cross,Operating traffic lights,60 km/h,Sealed - Dry,Daylight,Straight,Veh'S Opposite Approach: Thru-Right,Opposing vehicles turning,0,0,2,0,2,2,0,0,0,0,0,0
277049,Medical treatment,2014,20,Angle,Multi-Vehicle,153.016474,-27.474998,Melbourne St,Merivale St,South Brisbane,South Brisbane,Intersection - Cross,Operating traffic lights,0 - 50 km/h,Sealed - Dry,Darkness - Lighted,Straight,Veh'S Adjacent Approach: Thru-Thru,Intersection from adjacent approaches,0,0,2,0,2,2,0,0,0,0,0,0
277050,Medical treatment,2014,12,Angle,Multi-Vehicle,153.0500695,-27.4877709,Caswell St,Stanley St East,East Brisbane,South Brisbane,Intersection - Cross,Give way sign,60 km/h,Sealed - Dry,Daylight,Straight,Veh'S Adjacent Approach: Thru-Right,Intersection from adjacent approaches,0,0,3,0,3,2,0,0,0,0,0,0
277082,Hospitalisation,2014,15,Rear-end,Multi-Vehicle,153.022202,-27.568039,Boundary Rd,,Archerfield,Sunnybank,No Roadway Feature,No traffic control,60 km/h,Sealed - Dry,Daylight,Straight,Veh'S Same Direction: Rear End,Rear-end,0,1,0,0,1,1,1,0,0,0,0,0
277083,Medical treatment,2014,7,Angle,Multi-Vehicle,153.036153,-27.50645,King St,Victoria Tce,Annerley,South Brisbane,Intersection - Cross,No traffic control,0 - 50 km/h,Sealed - Dry,Daylight,Straight,Veh'S Opposite Approach: Thru-Right,Opposing vehicles turning,0,0,2,0,2,2,0,0,0,0,0,0
277084,Medical treatment,2014,17,Hit pedestrian,Hit pedestrian,153.103413,-27.502874,Carindale St,,Carindale,Chatsworth,No Roadway Feature,Pedestrian crossing sign,60 km/h,Sealed - Dry,Daylight,Straight,Ped'N: Far Side Vehicle Hit From Left,Pedestrian,0,0,1,0,1,1,0,0,0,0,1,0
277085,Medical treatment,2014,14,Rear-end,Multi-Vehicle,153.125846,-27.498363,Gateway Art Rd Ramp Ve,Gateway Arterial Rd,Belmont,Chatsworth,Intersection - Interchange,No traffic control,100 - 110 km/h,Sealed - Dry,Dawn/Dusk,Straight,Veh'S Same Direction: Rear End,Rear-end,0,0,1,0,1,1,0,1,0,0,0,0
277086,Minor injury,2014,20,Hit object,Single Vehicle,153.0860826,-27.54256803,Broadwater Rd,,Mount Gravatt East,Mansfield,No Roadway Feature,No traffic control,60 km/h,Sealed - Dry,Darkness - Lighted,Straight,Off Path-Straight: Left Off Cway Hit Obj,Off carriageway on straight hit object,0,0,0,1,1,1,0,0,0,0,0,0
277087,Minor injury,2014,10,Angle,Multi-Vehicle,153.061373,-27.519254,Logan Rd,Yuletide St,Holland Park West,Greenslopes,Intersection - Cross,Operating traffic lights,60 km/h,Sealed - Dry,Daylight,Straight,Veh'S Adjacent Approach: Thru-Right,Intersection from adjacent approaches,0,0,0,1,1,2,0,0,0,0,0,0
277088,Minor injury,2014,7,Sideswipe,Multi-Vehicle,153.062225,-27.472347,Wynnum Rd,,Norman Park,Bulimba,No Roadway Feature,No traffic control,60 km/h,Sealed - Dry,Daylight,Straight,Off Path-Straight: Left Off Cway Hit Obj,Off carriageway on straight hit object,0,0,0,1,1,0,0,0,1,1,0,0
277089,Hospitalisation,2014,5,Angle,Multi-Vehicle,153.05,-27.48783,Caswell St,Stanley St East,East Brisbane,South Brisbane,Intersection - Cross,Give way sign,60 km/h,Sealed - Dry,Daylight,Straight,Veh'S Adjacent Approach: Thru-Thru,Intersection from adjacent approaches,0,1,0,0,1,1,0,0,0,2,0,0
277115,Medical treatment,2014,16,Rear-end,Multi-Vehicle,153.065084,-27.649128,Logan Mwy,,Drewvale,Stretton,No Roadway Feature,No traffic control,80 - 90 km/h,Sealed - Dry,Daylight,Curved - view open,Veh'S Same Direction: Rear End,Rear-end,0,0,1,0,1,1,0,1,0,0,0,0
277116,Hospitalisation,2014,12,Sideswipe,Multi-Vehicle,153.054077,-27.52254,South East Arterial Rd,,Holland Park West,Greenslopes,No Roadway Feature,No traffic control,100 - 110 km/h,Sealed - Dry,Daylight,Straight,Veh'S Same Direction: Lane Side Swipe,Lane changes,0,1,0,0,1,2,0,0,0,0,0,0
277117,Medical treatment,2014,9,Angle,Multi-Vehicle,153.098482,-27.470001,Wynnum Rd,,Cannon Hill,Bulimba,No Roadway Feature,No traffic control,60 km/h,Sealed - Dry,Daylight,Straight,Veh'S Manoeuvring: Leaving Driveway,Vehicle leaving driveway,0,0,1,0,1,1,0,0,0,1,0,0
277147,Medical treatment,2014,15,Sideswipe,Multi-Vehicle,153.044463,-27.502472,Cornwall St,Ernest St,Greenslopes,South Brisbane,Intersection - T-Junction,No traffic control,60 km/h,Sealed - Dry,Daylight,Straight,Veh'S Overtaking: Overtake-Right Turn,Overtaking same direction,0,0,1,0,1,1,0,1,0,0,0,0
277149,Medical treatment,2014,14,Angle,Multi-Vehicle,153.090354,-27.554524,Dawson Rd,Newnham Rd,Upper Mount Gravatt,Mansfield,Intersection - Cross,Operating traffic lights,60 km/h,Sealed - Dry,Daylight,Straight,Veh'S Opposite Approach: Thru-Right,Opposing vehicles turning,0,0,2,0,2,2,0,0,0,0,0,0
277150,Medical treatment,2014,17,Rear-end,Multi-Vehicle,153.143654,-27.442662,Kianawah Rd,Sibley Rd,Wynnum West,Lytton,No Roadway Feature,Stop sign,60 km/h,Sealed - Dry,Daylight,Straight,Veh'S Same Direction: Rear End,Rear-end,0,0,1,0,1,2,0,0,0,0,0,0
277151,Hospitalisation,2014,17,Hit object,Single Vehicle,153.145447,-27.455676,Ropley Rd,,Wynnum West,Lytton,No Roadway Feature,No traffic control,60 km/h,Sealed - Dry,Dawn/Dusk,Straight,Off Path-Straight: Left Off Cway Hit Obj,Off carriageway on straight hit object,0,1,0,0,1,2,0,0,0,0,0,0
277188,Medical treatment,2014,12,Rear-end,Multi-Vehicle,153.019133,-27.590386,Alderwood St,Watson Rd,Acacia Ridge,Sunnybank,Intersection - T-Junction,No traffic control,60 km/h,Sealed - Wet,Daylight,Straight,Veh'S Same Direction: Right Rear,Rear-end,0,0,3,1,4,2,0,0,0,0,0,0
277193,Medical treatment,2014,9,Rear-end,Multi-Vehicle,153.063934,-27.571936,Mains Rd,Mccullough St,Sunnybank,Sunnybank,Intersection - Cross,Operating traffic lights,60 km/h,Sealed - Wet,Daylight,Straight,Veh'S Same Direction: Rear End,Rear-end,0,0,1,0,1,2,0,0,0,0,0,0
277206,Medical treatment,2014,17,Hit parked vehicle,Single Vehicle,152.938847,-27.6173159,Julie Rd,,Ellen Grove,Inala,No Roadway Feature,No traffic control,0 - 50 km/h,Sealed - Dry,Daylight,Straight,Veh'S On Path: Parked,Hit parked vehicle,0,0,1,0,1,2,0,0,0,0,0,0
277234,Medical treatment,2014,14,Angle,Multi-Vehicle,153.040934,-27.536528,Toohey Rd,,Salisbury,Yeerongpilly,No Roadway Feature,No traffic control,60 km/h,Sealed - Dry,Daylight,Curved - view open,Veh'S Manoeuvring: Entering From Footway,Vehicle leaving driveway,0,0,2,0,2,2,0,0,0,0,0,0
277260,Minor injury,2014,13,Rear-end,Multi-Vehicle,152.981492,-27.629497,Wadeville St,,Heathwood,Algester,No Roadway Feature,No traffic control,60 km/h,Sealed - Dry,Daylight,Straight,Veh'S Same Direction: Rear End,Rear-end,0,0,0,1,1,2,0,0,0,0,0,0
277270,Hospitalisation,2014,15,Angle,Multi-Vehicle,152.9307079,-27.61168698,Boundary Rd,Logan Mwy,Ellen Grove,Inala,Intersection - Interchange,No traffic control,60 km/h,Sealed - Dry,Daylight,Straight,Veh'S Opposite Approach: Thru-Right,Opposing vehicles turning,0,2,1,0,3,1,0,1,0,0,0,0
277293,Medical treatment,2014,10,Angle,Multi-Vehicle,153.026143,-27.573098,Kerry Rd,Postle St,Acacia Ridge,Sunnybank,Intersection - Cross,Give way sign,0 - 50 km/h,Sealed - Dry,Daylight,Straight,Veh'S Adjacent Approach: Thru-Thru,Intersection from adjacent approaches,0,0,2,1,3,2,0,0,0,0,0,0
277294,Medical treatment,2014,9,Hit parked vehicle,Single Vehicle,153.025532,-27.576931,Mt Lindesay Art. Rd,,Acacia Ridge,Sunnybank,No Roadway Feature,No traffic control,60 km/h,Sealed - Dry,Daylight,Straight,Off Path-Straight: Left Off Cway Hit Obj,Off carriageway on straight hit object,0,0,1,0,1,1,0,1,0,0,0,0
277295,Medical treatment,2014,6,Sideswipe,Multi-Vehicle,153.034853,-27.520023,Cracknell Rd,Ekibin Rd E,Tarragindi,Yeerongpilly,Intersection - Roundabout,Give way sign,0 - 50 km/h,Sealed - Dry,Daylight,Straight,Veh'S Same Direction: Lane Side Swipe,Lane changes,0,0,1,0,1,0,0,1,0,1,0,0
277299,Medical treatment,2014,12,Rear-end,Multi-Vehicle,153.117968,-27.545126,Redland Sub-Arterial Rd,,Mackenzie,Mansfield,No Roadway Feature,No traffic control,60 km/h,Sealed - Dry,Daylight,Straight,Veh'S Same Direction: Rear End,Rear-end,0,0,1,0,1,3,0,0,0,0,0,0
277300,Medical treatment,2014,17,Hit object,Single Vehicle,153.0412964,-27.49630564,Logan Rd,,Woolloongabba,South Brisbane,No Roadway Feature,No traffic control,60 km/h,Sealed - Wet,Dawn/Dusk,Curved - view open,Veh'S On Path: Permanent Obstruction,Hit permanent obstruction on carriageway,0,0,1,0,1,0,0,1,0,0,0,0
277332,Minor injury,2014,21,Angle,Multi-Vehicle,153.051215,-27.611034,Beaudesert Rd,Mt Lindesay Art. Rd,Calamvale,Stretton,Intersection - T-Junction,Operating traffic lights,80 - 90 km/h,Sealed - Dry,Darkness - Lighted,Straight,Veh'S Opposite Approach: Thru-Right,Opposing vehicles turning,0,0,0,1,1,2,0,0,0,0,0,0
277335,Hospitalisation,2014,11,Angle,Multi-Vehicle,153.094399,-27.532618,Newnham Rd,Wecker Rd,Mount Gravatt East,Mansfield,Intersection - T-Junction,Operating traffic lights,60 km/h,Sealed - Dry,Daylight,Straight,Veh'S Opposite Approach: Thru-Right,Opposing vehicles turning,0,1,0,0,1,2,0,0,0,0,0,0
277336,Hospitalisation,2014,11,Angle,Multi-Vehicle,152.966321,-27.590039,Crocus St,Eugenia St,Inala,Inala,Intersection - Cross,Give way sign,0 - 50 km/h,Sealed - Dry,Daylight,Straight,Veh'S Adjacent Approach: Thru-Thru,Intersection from adjacent approaches,0,2,0,0,2,2,0,0,0,0,0,0
277337,Medical treatment,2014,10,Hit object,Single Vehicle,153.018788,-27.632536,Paradise Rd,,Larapinta,Algester,No Roadway Feature,No traffic control,70 km/h,Sealed - Dry,Daylight,Straight,Off Path-Straight: Other,Other,0,0,1,0,1,0,0,1,0,0,0,0
277339,Medical treatment,2014,8,Rear-end,Multi-Vehicle,153.098552,-27.456893,Creek Rd,Lytton Rd,Murarrie,Bulimba,Intersection - Cross,Operating traffic lights,60 km/h,Sealed - Dry,Daylight,Straight,Veh'S Same Direction: Rear End,Rear-end,0,0,1,0,1,2,0,0,0,0,0,0
277341,Medical treatment,2014,18,Angle,Multi-Vehicle,153.069062,-27.589722,Dew St,Nathan Rd,Runcorn,Sunnybank,Intersection - T-Junction,Give way sign,60 km/h,Sealed - Dry,Darkness - Lighted,Straight,Veh'S Opposite Approach: Thru-Right,Opposing vehicles turning,0,0,1,0,1,2,0,0,0,0,0,0
277342,Hospitalisation,2014,1,Angle,Multi-Vehicle,153.030381,-27.485621,Allen St,Stanley St,Woolloongabba,South Brisbane,Intersection - T-Junction,Operating traffic lights,60 km/h,Sealed - Dry,Darkness - Lighted,Straight,Veh'S Opposite Approach: Right-Left,Opposing vehicles turning,0,2,0,0,2,2,0,0,0,0,0,0
277372,Hospitalisation,2014,15,Rear-end,Multi-Vehicle,153.092437,-27.543569,Broadwater Rd,Newnham Rd,Mount Gravatt East,Mansfield,Intersection - Cross,Operating traffic lights,60 km/h,Sealed - Wet,Daylight,Straight,Veh'S Same Direction: Rear End,Rear-end,0,1,0,0,1,2,0,0,0,0,0,0
277373,Medical treatment,2014,15,Angle,Multi-Vehicle,153.074127,-27.544135,Mt Gravatt Outlook Dr,,Mount Gravatt,Mansfield,Forestry/National Park Road,No traffic control,60 km/h,Sealed - Wet,Daylight,Curved - view obscured,Veh'S Opposite Approach: Head On,Head-on,0,0,1,0,1,2,0,0,0,0,0,0