Crash_Ref_Number,Severity,Year,Hour,Crash_Nature,Crash_Type,Longitude,Latitude,Street,Street_Intersecting,Suburb,Loc_State_Electorate,Crash_Roadway_Feature,Crash_Traffic_Control,Crash_Speed_Limit,Crash_Road_Surface_Condition,Crash_Lighting_Condition,Crash_Road_Horiz_Align,Crash_DCA_Description,Crash_DCA_Group_Description,Count_Casualty_Fatality,Count_Casualty_Hospitalised,Count_Casualty_MedicallyTreated,Count_Casualty_MinorInjury,Count_Casualty_Total,Count_Unit_Car,Count_Unit_Motorcycle_Moped,Count_Unit_Truck,Count_Unit_Bus,Count_Unit_Bicycle,Count_Unit_Pedestrian,Count_Unit_Other
277374,Hospitalisation,2014,10,Rear-end,Multi-Vehicle,152.98798,-27.599865,Blunder Rd,,Durack,Sunnybank,No Roadway Feature,No traffic control,70 km/h,Sealed - Dry,Daylight,Straight,Veh'S Same Direction: Rear End,Rear-end,0,1,0,0,1,3,0,0,0,0,0,0
277377,Medical treatment,2014,8,Rear-end,Multi-Vehicle,153.101455,-27.446575,Gateway Arterial Rd,,Murarrie,Bulimba,Bridge/Causeway,No traffic control,80 - 90 km/h,Sealed - Dry,Daylight,Straight,Veh'S Same Direction: Rear End,Rear-end,0,0,1,0,1,3,0,0,0,0,0,0
277378,Hospitalisation,2014,8,Angle,Multi-Vehicle,153.012856,-27.476933,Boundary St,Melbourne St,South Brisbane,South Brisbane,Intersection - T-Junction,No traffic control,0 - 50 km/h,Sealed - Dry,Daylight,Curved - view open,Veh'S Manoeuvring: Entering From Footway,Vehicle leaving driveway,0,1,0,0,1,1,0,0,0,1,0,0
277379,Hospitalisation,2014,9,Hit parked vehicle,Single Vehicle,153.142975,-27.450055,Kianawah Rd,,Wynnum West,Lytton,No Roadway Feature,No traffic control,60 km/h,Sealed - Dry,Daylight,Straight,Veh'S On Path: Parked,Hit parked vehicle,0,2,0,0,2,2,0,0,0,0,0,0
277413,Hospitalisation,2014,16,Hit object,Single Vehicle,153.0102895,-27.54668296,Ipswich Mwy,,Rocklea,Yeerongpilly,No Roadway Feature,No traffic control,0 - 50 km/h,Sealed - Wet,Daylight,Straight,Veh'S Manoeuvring: Leaving Driveway,Vehicle leaving driveway,0,1,0,0,1,0,1,1,0,0,0,0
277451,Minor injury,2014,14,Rear-end,Multi-Vehicle,153.080001,-27.560242,Cremin St,Griffith Arterial Rd,Upper Mount Gravatt,Mansfield,Intersection - T-Junction,Operating traffic lights,60 km/h,Sealed - Dry,Daylight,Straight,Veh'S Same Direction: Rear End,Rear-end,0,0,0,2,2,2,0,0,0,0,0,0
277452,Minor injury,2014,18,Rear-end,Multi-Vehicle,153.041696,-27.478978,Lytton Rd,,East Brisbane,South Brisbane,No Roadway Feature,No traffic control,60 km/h,Sealed - Dry,Dawn/Dusk,Straight,Veh'S Same Direction: Rear End,Rear-end,0,0,0,1,1,2,0,0,0,0,0,0
277503,Medical treatment,2014,21,Rear-end,Multi-Vehicle,153.103121,-27.504027,Carindale St,,Carindale,Chatsworth,No Roadway Feature,No traffic control,0 - 50 km/h,Sealed - Dry,Darkness - Lighted,Straight,Veh'S Same Direction: Rear End,Rear-end,0,0,1,0,1,2,0,0,0,0,0,0
277504,Hospitalisation,2014,7,Angle,Multi-Vehicle,153.123911,-27.493511,Meadowlands Rd,Wright St,Belmont,Chatsworth,Intersection - T-Junction,Operating traffic lights,60 km/h,Sealed - Dry,Daylight,Straight,Veh'S Opposite Approach: Thru-Right,Opposing vehicles turning,0,1,0,0,1,1,1,0,0,0,0,0
277505,Hospitalisation,2014,11,Head-on,Multi-Vehicle,153.0125762,-27.59812274,Learoyd Rd,,Willawong,Sunnybank,No Roadway Feature,No traffic control,80 - 90 km/h,Sealed - Dry,Daylight,Curved - view open,Veh'S Opposite Approach: Head On,Head-on,0,2,0,0,2,2,0,0,0,0,0,0
277507,Medical treatment,2014,15,Rear-end,Multi-Vehicle,153.07293,-27.467547,Agnes St,Wynnum Rd,Morningside,Bulimba,Intersection - T-Junction,No traffic control,60 km/h,Sealed - Dry,Daylight,Curved - view open,Veh'S Same Direction: Left Rear,Rear-end,0,0,1,0,1,2,0,0,0,0,0,0
277508,Medical treatment,2014,7,Struck by external load,Other,153.096411,-27.469602,Creek Rd,Wynnum Rd,Cannon Hill,Bulimba,Intersection - Cross,Operating traffic lights,60 km/h,Sealed - Dry,Daylight,Straight,Pass & Misc: Load Hit Vehicle,Other,0,0,1,0,1,1,0,0,0,0,0,1
277509,Medical treatment,2014,9,Rear-end,Multi-Vehicle,153.09931,-27.456753,Lytton Rd,Miller St,Murarrie,Bulimba,Intersection - T-Junction,No traffic control,60 km/h,Sealed - Dry,Daylight,Straight,Veh'S Same Direction: Left Rear,Rear-end,0,0,1,0,1,1,0,0,0,0,0,1
277510,Hospitalisation,2014,7,Rear-end,Multi-Vehicle,153.087526,-27.576268,Warrigal Rd,,Eight Mile Plains,Stretton,No Roadway Feature,No traffic control,60 km/h,Sealed - Dry,Daylight,Straight,Veh'S Manoeuvring: Reversing,Hit parked vehicle,0,1,0,0,1,1,0,1,0,0,0,0
277533,Medical treatment,2014,13,Hit object,Single Vehicle,153.05644,-27.450936,Godwin St,Oxford St,Bulimba,Bulimba,No Roadway Feature,No traffic control,0 - 50 km/h,Sealed - Dry,Daylight,Straight,Veh'S Manoeuvring: Other,Other,0,0,1,0,1,0,0,0,0,1,0,1
277534,Hospitalisation,2014,3,Hit object,Single Vehicle,152.978283,-27.56026,Bayford St,Oxley Rd,Oxley,Mount Ommaney,Intersection - T-Junction,No traffic control,60 km/h,Sealed - Dry,Darkness - Lighted,Straight,Off Path-Straight:Right Off Cway Hit Obj,Off carriageway on straight hit object,0,1,0,0,1,1,0,0,0,0,0,0
277535,Hospitalisation,2014,14,Sideswipe,Multi-Vehicle,153.0164707,-27.47132037,Grey St,,South Brisbane,South Brisbane,Bridge/Causeway,No traffic control,60 km/h,Sealed - Dry,Daylight,Straight,Veh'S Same Direction: Lane Change Right,Lane changes,0,2,0,3,5,2,0,0,0,0,0,0
277536,Medical treatment,2014,14,Hit parked vehicle,Single Vehicle,153.1197651,-27.48296167,Gateway Arterial Rd,,Tingalpa,Chatsworth,No Roadway Feature,No traffic control,100 - 110 km/h,Sealed - Dry,Daylight,Straight,Off Path-Straight: Left Off Cway Hit Obj,Off carriageway on straight hit object,0,0,1,0,1,2,0,0,0,0,0,0
277563,Medical treatment,2014,17,Rear-end,Multi-Vehicle,153.028892,-27.518498,Ipswich Rd,,Annerley,Yeerongpilly,No Roadway Feature,No traffic control,60 km/h,Sealed - Dry,Daylight,Curved - view open,Veh'S Same Direction: Rear End,Rear-end,0,0,2,0,2,4,0,0,0,0,0,0
277564,Medical treatment,2014,9,Rear-end,Multi-Vehicle,153.068206,-27.53152,Fielding St,Nursery Rd,Holland Park West,Greenslopes,Intersection - Cross,No traffic control,60 km/h,Sealed - Dry,Daylight,Straight,Veh'S Same Direction: Right Rear,Rear-end,0,0,1,0,1,2,0,0,0,0,0,0
277565,Hospitalisation,2014,10,Angle,Multi-Vehicle,152.975879,-27.586609,Biota St,Rosemary St,Inala,Inala,Intersection - T-Junction,Operating traffic lights,60 km/h,Sealed - Dry,Daylight,Straight,Veh'S Opposite Approach: Thru-Right,Opposing vehicles turning,0,1,0,1,2,2,0,0,0,0,0,0
277566,Hospitalisation,2014,10,Hit parked vehicle,Single Vehicle,153.0888251,-27.58844271,Saville St,,Eight Mile Plains,Stretton,No Roadway Feature,No traffic control,0 - 50 km/h,Sealed - Dry,Daylight,Curved - view open,Veh'S Opposite Approach: Other,Other,0,1,0,0,1,2,0,0,0,0,0,0
277567,Hospitalisation,2014,11,Fall from vehicle,Single Vehicle,153.039813,-27.490542,Logan Rd,Lotus St,Woolloongabba,South Brisbane,No Roadway Feature,No traffic control,60 km/h,Sealed - Dry,Daylight,Straight,Pass & Misc: Fell In/From Vehicle,Other,0,1,0,0,1,0,0,0,1,0,0,0
277593,Medical treatment,2014,13,Hit object,Single Vehicle,153.017885,-27.596063,Learoyd Rd,Watson Rd,Acacia Ridge,Sunnybank,Intersection - Roundabout,Give way sign,60 km/h,Sealed - Dry,Daylight,Curved - view open,Off Path-Curve: Mounts Traffic Island,Off carriageway on curve hit object,0,0,1,0,1,1,0,0,0,0,0,0
277594,Medical treatment,2014,10,Angle,Multi-Vehicle,152.955111,-27.624796,Grand Ave,Woogaroo St,Forest Lake,Algester,Intersection - Roundabout,Give way sign,60 km/h,Sealed - Dry,Daylight,Straight,Veh'S Adjacent Approach: Thru-Thru,Intersection from adjacent approaches,0,0,2,0,2,2,0,0,0,0,0,0
277596,Hospitalisation,2014,6,Angle,Multi-Vehicle,153.057329,-27.473363,Wendell St,Wynnum Rd,Norman Park,Bulimba,Intersection - T-Junction,Stop sign,60 km/h,Sealed - Dry,Daylight,Straight,Veh'S Manoeuvring: Entering From Footway,Vehicle leaving driveway,0,1,0,0,1,1,0,0,0,1,0,0
277600,Minor injury,2014,11,Sideswipe,Multi-Vehicle,153.11496,-27.5512,Gateway Arterial Rd,,Rochedale,Mansfield,No Roadway Feature,No traffic control,100 - 110 km/h,Sealed - Dry,Darkness - Lighted,Straight,Veh'S Same Direction: Lane Side Swipe,Lane changes,0,0,0,3,3,2,0,1,0,0,0,0
277601,Medical treatment,2014,7,Rear-end,Multi-Vehicle,153.047479,-27.488319,Didsbury St,Stanley St East,East Brisbane,South Brisbane,No Roadway Feature,No traffic control,0 - 50 km/h,Sealed - Dry,Daylight,Straight,Veh'S Same Direction: Rear End,Rear-end,0,0,1,0,1,3,0,0,0,0,0,0
277602,Medical treatment,2014,3,Overturned,Single Vehicle,153.1520912,-27.43054555,Export St,Freight St,Lytton,Lytton,Intersection - T-Junction,No traffic control,0 - 50 km/h,Sealed - Dry,Darkness - Lighted,Straight,Veh'S On Path: Parked,Hit parked vehicle,0,0,1,0,1,0,0,2,0,0,0,0
277603,Medical treatment,2014,15,Rear-end,Multi-Vehicle,153.1288812,-27.49472535,Grassdale Rd,,Belmont,Chatsworth,No Roadway Feature,No traffic control,60 km/h,Sealed - Dry,Daylight,Straight,Veh'S Same Direction: Rear End,Rear-end,0,0,1,0,1,2,0,0,0,0,0,0
277636,Medical treatment,2014,16,Angle,Multi-Vehicle,153.059106,-27.534516,Gaza Rd,Messines Ridge Rd,Holland Park West,Greenslopes,Intersection - T-Junction,Operating traffic lights,60 km/h,Sealed - Dry,Daylight,Straight,Veh'S Opposite Approach: Thru-Right,Opposing vehicles turning,0,0,1,0,1,2,0,0,0,0,0,0
277637,Medical treatment,2014,8,Rear-end,Multi-Vehicle,153.052505,-27.521099,South East Arterial Rd,,Holland Park West,Yeerongpilly,Intersection - Interchange,No traffic control,100 - 110 km/h,Sealed - Dry,Daylight,Straight,Veh'S Same Direction: Rear End,Rear-end,0,0,1,0,1,4,0,0,0,0,0,0
277639,Medical treatment,2014,16,Rear-end,Multi-Vehicle,153.0323,-27.48599,Leopard St,Stanley St,Woolloongabba,South Brisbane,Intersection - Cross,Operating traffic lights,0 - 50 km/h,Sealed - Dry,Daylight,Straight,Veh'S Same Direction: Right Rear,Rear-end,0,0,1,0,1,2,0,0,0,0,0,0
277640,Medical treatment,2014,18,Sideswipe,Multi-Vehicle,153.040376,-27.484107,Cairns St,Wellington Rd,East Brisbane,South Brisbane,Intersection - T-Junction,No traffic control,60 km/h,Sealed - Dry,Darkness - Lighted,Straight,Veh'S Same Direction: Lane Change Right,Lane changes,0,0,1,0,1,2,0,0,0,0,0,0
277641,Medical treatment,2014,11,Angle,Multi-Vehicle,153.1293713,-27.44058723,Gosport St,,Hemmant,Lytton,No Roadway Feature,No traffic control,70 km/h,Sealed - Dry,Daylight,Straight,Veh'S Manoeuvring: Leaving Driveway,Vehicle leaving driveway,0,0,2,0,2,2,0,0,0,0,0,0
277680,Hospitalisation,2014,17,Rear-end,Multi-Vehicle,153.046544,-27.630769,Mt Lindesay Art. Rd,,Calamvale,Stretton,No Roadway Feature,No traffic control,80 - 90 km/h,Sealed - Dry,Daylight,Straight,Veh'S Same Direction: Rear End,Rear-end,0,1,1,0,2,5,0,0,0,0,0,0
277681,Minor injury,2014,15,Sideswipe,Multi-Vehicle,153.041403,-27.647884,Mt Lindesay Art. Rd,,Drewvale,Stretton,No Roadway Feature,No traffic control,80 - 90 km/h,Sealed - Dry,Daylight,Straight,Veh'S Same Direction: Lane Change Left,Lane changes,0,0,0,1,1,2,0,0,0,0,0,0
277682,Hospitalisation,2014,0,Hit object,Single Vehicle,152.9796285,-27.61125415,Rockfield Rd,Sophie Pl,Doolandella,Inala,Intersection - T-Junction,No traffic control,0 - 50 km/h,Sealed - Dry,Darkness - Lighted,Straight,Off Path-Straight: Other,Other,0,1,0,0,1,1,0,0,0,0,0,0
277683,Hospitalisation,2014,6,Hit object,Single Vehicle,153.08852,-27.454132,Colmslie Rd,,Morningside,Bulimba,No Roadway Feature,No traffic control,60 km/h,Sealed - Dry,Daylight,Straight,Off Path-Straight:Right Off Cway Hit Obj,Off carriageway on straight hit object,0,1,0,0,1,1,0,0,0,0,0,0
277684,Medical treatment,2014,21,Head-on,Multi-Vehicle,152.981777,-27.539107,Oxley Rd,,Corinda,Mount Ommaney,No Roadway Feature,No traffic control,60 km/h,Sealed - Dry,Darkness - Lighted,Straight,Veh'S Opposite Approach: Head On,Head-on,0,0,1,0,1,1,0,0,1,0,0,0
277707,Medical treatment,2014,9,Angle,Multi-Vehicle,153.036158,-27.596008,Bradman St,Mt Lindesay Art. Rd,Acacia Ridge,Sunnybank,Intersection - Cross,Operating traffic lights,80 - 90 km/h,Sealed - Dry,Daylight,Straight,Veh'S Adjacent Approach: Thru-Thru,Intersection from adjacent approaches,0,0,2,0,2,2,0,0,0,0,0,0
277712,Medical treatment,2014,6,Rear-end,Multi-Vehicle,153.074548,-27.561967,Griffith Arterial Rd,Springfield St,Macgregor,Sunnybank,Intersection - T-Junction,Operating traffic lights,60 km/h,Sealed - Dry,Daylight,Straight,Veh'S Same Direction: Rear End,Rear-end,0,0,1,0,1,1,0,1,0,0,0,0
277732,Medical treatment,2014,15,Sideswipe,Multi-Vehicle,153.05114,-27.610844,Mt Lindesay Art. Rd,,Calamvale,Stretton,No Roadway Feature,No traffic control,80 - 90 km/h,Sealed - Dry,Daylight,Curved - view open,Veh'S Same Direction: Lane Change Left,Lane changes,0,0,1,0,1,2,0,0,0,0,0,0
277733,Medical treatment,2014,21,Rear-end,Multi-Vehicle,153.048654,-27.623372,Mt Lindesay Art. Rd,,Calamvale,Stretton,No Roadway Feature,No traffic control,80 - 90 km/h,Sealed - Dry,Darkness - Lighted,Straight,Veh'S Same Direction: Rear End,Rear-end,0,0,2,0,2,3,0,0,0,0,0,0
277734,Medical treatment,2014,10,Sideswipe,Multi-Vehicle,153.097309,-27.517242,Creek Rd,,Carina Heights,Chatsworth,No Roadway Feature,No traffic control,60 km/h,Sealed - Dry,Daylight,Straight,Veh'S Same Direction: Lane Change Right,Lane changes,0,0,1,0,1,2,0,0,0,0,0,0
277735,Hospitalisation,2014,15,Angle,Multi-Vehicle,153.048623,-27.509916,Newdegate St,Ridge St,Greenslopes,South Brisbane,Intersection - Cross,Operating traffic lights,60 km/h,Sealed - Dry,Daylight,Straight,Veh'S Adjacent Approach: Thru-Thru,Intersection from adjacent approaches,0,3,0,0,3,4,0,0,0,0,0,0
277736,Medical treatment,2014,19,Hit object,Single Vehicle,152.971102,-27.596332,Poinsettia St,,Inala,Inala,No Roadway Feature,No traffic control,60 km/h,Sealed - Dry,Darkness - Lighted,Curved - view open,Off Path-Curve: Mounts Traffic Island,Off carriageway on curve hit object,0,0,1,0,1,1,0,0,0,0,0,0
277737,Medical treatment,2014,14,Sideswipe,Multi-Vehicle,153.064066,-27.572353,Mains Rd,,Sunnybank,Sunnybank,No Roadway Feature,No traffic control,60 km/h,Sealed - Dry,Daylight,Straight,Veh'S Same Direction: Lane Change Right,Lane changes,0,0,1,0,1,2,0,0,0,0,0,0
277738,Hospitalisation,2014,4,Hit object,Single Vehicle,153.156285,-27.47533,Manly Rd,,Manly West,Lytton,No Roadway Feature,No traffic control,60 km/h,Sealed - Dry,Darkness - Lighted,Straight,Off Path-Straight: Left Off Cway Hit Obj,Off carriageway on straight hit object,0,2,0,0,2,1,0,0,0,0,0,0
277759,Medical treatment,2014,11,Angle,Multi-Vehicle,152.959421,-27.553121,Duporth Rd,Seventeen Mile Rocks Rd,Oxley,Mount Ommaney,Intersection - T-Junction,Give way sign,60 km/h,Sealed - Dry,Daylight,Straight,Veh'S Adjacent Approach: Right-Thru,Intersection from adjacent approaches,0,0,2,0,2,1,0,1,0,0,0,0
277760,Minor injury,2014,8,Rear-end,Multi-Vehicle,153.059316,-27.517635,Logan Rd,,Holland Park West,Greenslopes,No Roadway Feature,No traffic control,60 km/h,Sealed - Dry,Daylight,Straight,Veh'S Same Direction: Rear End,Rear-end,0,0,0,1,1,5,0,0,0,0,0,0
277761,Hospitalisation,2014,11,Angle,Multi-Vehicle,153.041265,-27.496497,Logan Rd,Martin St,Woolloongabba,South Brisbane,Intersection - T-Junction,No traffic control,60 km/h,Sealed - Dry,Daylight,Curved - view open,Veh'S Opposite Approach: Thru-Right,Opposing vehicles turning,0,1,0,0,1,1,1,0,0,0,0,0
277794,Hospitalisation,2014,12,Rear-end,Multi-Vehicle,153.0723064,-27.53036581,Logan Rd,,Mount Gravatt,Greenslopes,No Roadway Feature,No traffic control,60 km/h,Sealed - Dry,Daylight,Straight,Veh'S Same Direction: Rear End,Rear-end,0,1,0,0,1,3,0,0,0,0,0,0
277795,Medical treatment,2014,10,Hit object,Single Vehicle,153.094401,-27.532915,Newnham Rd,,Mount Gravatt East,Mansfield,No Roadway Feature,No traffic control,60 km/h,Sealed - Dry,Daylight,Curved - view open,Off Path-Curve: Off Cway Rt Bend Hit Obj,Off carriageway on curve hit object,0,0,1,0,1,0,1,0,0,0,0,0
277797,Medical treatment,2014,11,Angle,Multi-Vehicle,153.153048,-27.46759,Kianawah Rd S,Wondall Rd,Manly West,Lytton,Intersection - T-Junction,Operating traffic lights,60 km/h,Sealed - Dry,Daylight,Straight,Veh'S Opposite Approach: Thru-Right,Opposing vehicles turning,0,0,1,0,1,2,0,0,0,0,0,0
277824,Hospitalisation,2014,6,Angle,Multi-Vehicle,153.022319,-27.539288,Beaudesert Rd,Hamilton Rd,Moorooka,Yeerongpilly,Intersection - T-Junction,Stop sign,60 km/h,Sealed - Dry,Daylight,Straight,Veh'S Adjacant Approach: Thru-Left,Intersection from adjacent approaches,0,1,0,0,1,1,0,0,0,1,0,0
277825,Medical treatment,2014,16,Angle,Multi-Vehicle,153.103148,-27.58641,Levington Rd,Logan Sub-Arterial Rd,Eight Mile Plains,Stretton,Intersection - Interchange,Operating traffic lights,60 km/h,Sealed - Dry,Daylight,Straight,Veh'S Opposite Approach: Right-Left,Opposing vehicles turning,0,0,2,0,2,2,0,0,0,0,0,0
277835,Hospitalisation,2014,9,Angle,Multi-Vehicle,152.97571,-27.597609,Corsair Ave,Inala Ave,Inala,Inala,Intersection - T-Junction,Operating traffic lights,60 km/h,Sealed - Dry,Daylight,Straight,Veh'S Opposite Approach: Thru-Right,Opposing vehicles turning,0,1,0,0,1,1,1,0,0,0,0,0
277864,Hospitalisation,2014,16,Angle,Multi-Vehicle,153.035884,-27.513156,Ekibin Rd,Real St,Annerley,Yeerongpilly,Intersection - Cross,Stop sign,60 km/h,Sealed - Wet,Daylight,Straight,Veh'S Adjacent Approach: Right-Thru,Intersection from adjacent approaches,0,1,0,1,2,2,0,0,0,0,0,0
277865,Medical treatment,2014,14,Rear-end,Multi-Vehicle,153.038671,-27.506385,South East Arterial Rd,,Greenslopes,South Brisbane,No Roadway Feature,No traffic control,100 - 110 km/h,Sealed - Wet,Daylight,Straight,Veh'S Same Direction: Rear End,Rear-end,0,0,1,0,1,2,0,0,0,0,0,0
277867,Medical treatment,2014,23,Hit parked vehicle,Single Vehicle,153.058671,-27.536204,South East Arterial Rd,,Holland Park West,Greenslopes,No Roadway Feature,No traffic control,100 - 110 km/h,Sealed - Wet,Darkness - Lighted,Straight,Veh'S On Path: Accident Or Broken Down,Hit parked vehicle,0,0,1,0,1,2,0,0,0,0,0,0
277868,Medical treatment,2014,23,Hit object,Single Vehicle,153.058297,-27.534584,South East Arterial Rd,,Holland Park West,Greenslopes,No Roadway Feature,No traffic control,100 - 110 km/h,Sealed - Wet,Darkness - Lighted,Straight,Off Path-Straight:Right Off Cway Hit Obj,Off carriageway on straight hit object,0,0,2,0,2,1,0,0,0,0,0,0
277869,Minor injury,2014,11,Rear-end,Multi-Vehicle,153.058585,-27.535832,South East Arterial Rd,,Holland Park West,Greenslopes,No Roadway Feature,No traffic control,100 - 110 km/h,Sealed - Dry,Daylight,Straight,Veh'S Same Direction: Rear End,Rear-end,0,0,0,1,1,3,0,0,0,0,0,1
277871,Hospitalisation,2014,16,Angle,Multi-Vehicle,152.972731,-27.5142,Chelmer St E,Honour Ave,Chelmer,Indooroopilly,Intersection - T-Junction,No traffic control,60 km/h,Sealed - Wet,Daylight,Straight,Veh'S Adjacent Approach: Thru-Right,Intersection from adjacent approaches,0,1,0,0,1,2,0,0,0,0,0,0
277872,Medical treatment,2014,13,Rear-end,Multi-Vehicle,153.123857,-27.546522,Grieve Rd,Redland Sub-Arterial Rd,Mackenzie,Mansfield,Intersection - T-Junction,Operating traffic lights,60 km/h,Sealed - Wet,Daylight,Straight,Veh'S Same Direction: Rear End,Rear-end,0,0,2,0,2,2,0,0,0,0,0,0
277873,Hospitalisation,2014,9,Rear-end,Multi-Vehicle,153.100749,-27.585023,Gateway Art Rd On Ramp,Logan Sub-Arterial Rd,Eight Mile Plains,Stretton,Intersection - Interchange,Operating traffic lights,80 - 90 km/h,Sealed - Wet,Daylight,Straight,Veh'S Same Direction: Rear End,Rear-end,0,1,1,0,2,2,0,0,0,0,0,0
277874,Medical treatment,2014,14,Rear-end,Multi-Vehicle,153.10006,-27.576484,South East Arterial Rd,,Eight Mile Plains,Mansfield,No Roadway Feature,No traffic control,100 - 110 km/h,Sealed - Wet,Daylight,Straight,Veh'S Same Direction: Rear End,Rear-end,0,0,1,0,1,4,0,0,0,0,0,0
277875,Medical treatment,2014,15,Sideswipe,Multi-Vehicle,153.140767,-27.475773,Manly Rd,New Cleveland Rd,Tingalpa,Lytton,Intersection - T-Junction,Operating traffic lights,60 km/h,Sealed - Wet,Daylight,Curved - view open,Veh'S Same Direction: Left Turn S/Swipe,Parallel lanes turning,0,0,1,0,1,2,0,0,0,0,0,0
277876,Hospitalisation,2014,12,Angle,Multi-Vehicle,153.165355,-27.481888,Greencamp Rd,Tilley Rd,Wakerley,Chatsworth,Intersection - T-Junction,Stop sign,70 km/h,Sealed - Wet,Daylight,Straight,Veh'S Adjacent Approach: Thru-Right,Intersection from adjacent approaches,0,1,0,0,1,2,0,0,0,0,0,0
277905,Hospitalisation,2014,11,Hit object,Single Vehicle,153.0415438,-27.6487541,Logan Mwy Ramp De,,Drewvale,Stretton,Intersection - Interchange,No traffic control,80 - 90 km/h,Sealed - Wet,Daylight,Curved - view open,Off Path-Curve: Off Cway Lt Bend Hit Obj,Off carriageway on curve hit object,0,1,0,0,1,1,0,0,0,0,0,0
277906,Hospitalisation,2014,11,Hit object,Single Vehicle,153.046086,-27.630267,Beaudesert Rd,Nottingham Rd,Calamvale,Stretton,Intersection - Cross,Operating traffic lights,80 - 90 km/h,Sealed - Wet,Daylight,Straight,Veh'S Adjacent Approach: Thru-Right,Intersection from adjacent approaches,0,1,1,0,2,3,0,0,0,0,0,0
277907,Hospitalisation,2014,10,Angle,Multi-Vehicle,153.012585,-27.557344,Balham Rd,Griffith Arterial Rd,Archerfield,Sunnybank,Intersection - Cross,Operating traffic lights,60 km/h,Sealed - Wet,Daylight,Straight,Veh'S Adjacent Approach: Thru-Thru,Intersection from adjacent approaches,0,1,0,0,1,2,0,0,0,0,0,0
277908,Hospitalisation,2014,6,Hit object,Single Vehicle,153.054782,-27.523426,Pacific Hwy,South East Arterial Rd,Holland Park West,Greenslopes,Intersection - Interchange,No traffic control,100 - 110 km/h,Sealed - Wet,Daylight,Straight,Off Path-Straight: Left Off Cway Hit Obj,Off carriageway on straight hit object,0,1,0,0,1,1,0,0,0,0,0,1
277917,Minor injury,2014,11,Rear-end,Multi-Vehicle,153.148201,-27.509304,Cleveland Sub-Arterial Rd,,Chandler,Chatsworth,No Roadway Feature,No traffic control,70 km/h,Sealed - Wet,Daylight,Straight,Veh'S Same Direction: Rear End,Rear-end,0,0,0,1,1,2,0,0,0,0,0,0
277937,Medical treatment,2014,6,Hit object,Single Vehicle,153.040273,-27.511645,South East Arterial Rd,,Greenslopes,South Brisbane,No Roadway Feature,No traffic control,100 - 110 km/h,Sealed - Wet,Daylight,Straight,Off Path-Straight: Left Off Cway Hit Obj,Off carriageway on straight hit object,0,0,1,0,1,1,0,0,0,0,0,0
277940,Hospitalisation,2014,8,Rear-end,Multi-Vehicle,153.017878,-27.47458,South East Busway,,South Brisbane,South Brisbane,No Roadway Feature,No traffic control,0 - 50 km/h,Sealed - Dry,Darkness - Lighted,Straight,Veh'S Same Direction: Rear End,Rear-end,0,1,1,0,2,0,0,0,2,0,0,0
277957,Medical treatment,2014,16,Hit object,Single Vehicle,153.038509,-27.503995,Juliette St,,Annerley,South Brisbane,No Roadway Feature,No traffic control,60 km/h,Sealed - Dry,Daylight,Straight,Off Path-Straight:Out Of Control On Cway,Out of control on straight,0,0,2,0,2,1,0,0,0,0,0,0
277958,Medical treatment,2014,21,Hit object,Single Vehicle,153.039711,-27.504215,Juliette St,South East Busway,Greenslopes,South Brisbane,Intersection - Interchange,No traffic control,60 km/h,Sealed - Dry,Darkness - Lighted,Curved - view open,Off Path-Straight: Left Off Cway Hit Obj,Off carriageway on straight hit object,0,0,1,0,1,1,0,0,0,0,0,0
277960,Medical treatment,2014,12,Angle,Multi-Vehicle,152.965379,-27.618446,Forest Lake Blvd,Lochwood Ave,Forest Lake,Algester,Intersection - Roundabout,Give way sign,60 km/h,Sealed - Dry,Daylight,Straight,Veh'S Adjacent Approach: Thru-Thru,Intersection from adjacent approaches,0,0,1,0,1,2,0,0,0,0,0,0
277961,Medical treatment,2014,13,Hit parked vehicle,Single Vehicle,153.0345138,-27.55502725,Lillian Ave,,Salisbury,Yeerongpilly,No Roadway Feature,No traffic control,60 km/h,Sealed - Dry,Daylight,Straight,Veh'S On Path: Parked,Hit parked vehicle,0,0,1,0,1,3,0,0,0,0,0,0
277962,Medical treatment,2014,10,Rear-end,Multi-Vehicle,153.0273673,-27.49305712,Annerley Rd,,Dutton Park,South Brisbane,Intersection - T-Junction,No traffic control,60 km/h,Sealed - Dry,Daylight,Straight,Veh'S Same Direction: Right Rear,Rear-end,0,0,1,0,1,2,0,0,0,0,0,0
277981,Medical treatment,2014,6,Rear-end,Multi-Vehicle,153.0103155,-27.54100669,Sherwood Rd,,Rocklea,Yeerongpilly,No Roadway Feature,No traffic control,60 km/h,Sealed - Dry,Daylight,Straight,Veh'S Same Direction: Right Rear,Rear-end,0,0,1,0,1,1,0,1,0,0,0,0