Crash_Ref_Number,Severity,Year,Hour,Crash_Nature,Crash_Type,Longitude,Latitude,Street,Street_Intersecting,Suburb,Loc_State_Electorate,Crash_Roadway_Feature,Crash_Traffic_Control,Crash_Speed_Limit,Crash_Road_Surface_Condition,Crash_Lighting_Condition,Crash_Road_Horiz_Align,Crash_DCA_Description,Crash_DCA_Group_Description,Count_Casualty_Fatality,Count_Casualty_Hospitalised,Count_Casualty_MedicallyTreated,Count_Casualty_MinorInjury,Count_Casualty_Total,Count_Unit_Car,Count_Unit_Motorcycle_Moped,Count_Unit_Truck,Count_Unit_Bus,Count_Unit_Bicycle,Count_Unit_Pedestrian,Count_Unit_Other
277982,Hospitalisation,2014,8,Hit object,Single Vehicle,153.005786,-27.476594,Buchanan St,Musgrave St,West End,South Brisbane,No Roadway Feature,No traffic control,60 km/h,Sealed - Dry,Daylight,Straight,Off Path-Straight:Right Off Cway Hit Obj,Off carriageway on straight hit object,0,1,0,0,1,1,0,0,0,0,0,0
278019,Hospitalisation,2015,19,Hit object,Single Vehicle,153.051459,-27.51973,South East Arterial Rd,,Holland Park West,Yeerongpilly,No Roadway Feature,No traffic control,100 - 110 km/h,Sealed - Wet,Darkness - Lighted,Straight,Off Path-Straight: Left Off Cway Hit Obj,Off carriageway on straight hit object,0,1,0,0,1,1,0,0,0,0,0,0
278021,Medical treatment,2015,9,Sideswipe,Multi-Vehicle,153.187014,-27.448242,Lower Esp,Upper Esplanade,Manly,Lytton,Intersection - T-Junction,Give way sign,60 km/h,Sealed - Dry,Daylight,Curved - view open,Veh'S Adjacent Approach: Thru-Right,Intersection from adjacent approaches,0,0,1,0,1,1,0,0,0,1,0,0
278038,Medical treatment,2015,18,Rear-end,Multi-Vehicle,152.982398,-27.53573,Oxley Rd,,Sherwood,Indooroopilly,No Roadway Feature,No traffic control,60 km/h,Sealed - Dry,Dawn/Dusk,Straight,Veh'S Same Direction: Rear End,Rear-end,0,0,1,1,2,2,0,0,0,0,0,0
278039,Hospitalisation,2015,0,Angle,Multi-Vehicle,153.02481,-27.482266,Sidon St,Stanley St,South Brisbane,South Brisbane,Bikeway,No traffic control,0 - 50 km/h,Sealed - Dry,Darkness - Lighted,Curved - view open,Veh'S Manoeuvring: Entering From Footway,Vehicle leaving driveway,0,1,0,0,1,1,0,0,0,1,0,0
278040,Medical treatment,2015,16,Angle,Multi-Vehicle,153.03514,-27.486445,Gibbon St,Stanley St,Woolloongabba,South Brisbane,Intersection - T-Junction,No traffic control,0 - 50 km/h,Sealed - Dry,Daylight,Straight,Veh'S Same Direction: Other,Other,0,0,1,0,1,2,0,0,0,0,0,0
278076,Medical treatment,2015,10,Sideswipe,Multi-Vehicle,153.064688,-27.571934,Mccullough St,,Sunnybank,Sunnybank,No Roadway Feature,No traffic control,60 km/h,Sealed - Wet,Daylight,Straight,Veh'S Same Direction: Lane Change Right,Lane changes,0,0,1,0,1,3,0,0,0,0,0,0
278077,Hospitalisation,2015,6,Rear-end,Multi-Vehicle,153.091215,-27.555321,Redland Sub-Arterial Rd,,Wishart,Mansfield,No Roadway Feature,No traffic control,60 km/h,Sealed - Dry,Daylight,Straight,Veh'S Same Direction: Rear End,Rear-end,0,1,0,0,1,2,0,0,0,0,0,0
278078,Medical treatment,2015,12,Hit object,Single Vehicle,153.077916,-27.562115,South East Busway,,Macgregor,Mansfield,No Roadway Feature,No traffic control,80 - 90 km/h,Sealed - Wet,Daylight,Curved - view open,Veh'S On Path: Temporary Object On C'Way,Other,0,0,1,0,1,1,0,0,0,0,0,0
278079,Medical treatment,2015,10,Hit pedestrian,Hit pedestrian,153.035938,-27.483018,Main St,Princess St,Kangaroo Point,South Brisbane,Intersection - Cross,Operating traffic lights,60 km/h,Sealed - Wet,Daylight,Straight,Ped'N: Far Side Vehicle Hit From Left,Pedestrian,0,0,1,0,1,1,0,0,0,0,1,0
278109,Hospitalisation,2015,2,Hit object,Single Vehicle,152.9523149,-27.56620455,Railway Pde,,Darra,Inala,No Roadway Feature,No traffic control,0 - 50 km/h,Sealed - Dry,Darkness - Lighted,Straight,Off Path-Straight: Left Off Cway Hit Obj,Off carriageway on straight hit object,0,1,0,0,1,1,0,0,0,0,0,0
278110,Medical treatment,2015,6,Hit pedestrian,Hit pedestrian,153.02918,-27.518266,Ipswich Rd,Villa St,Annerley,Yeerongpilly,Intersection - Cross,Operating traffic lights,60 km/h,Sealed - Wet,Daylight,Curved - view open,Ped'N: Far Side Vehicle Hit From Left,Pedestrian,0,0,1,0,1,1,0,0,0,0,1,0
278112,Medical treatment,2015,18,Angle,Multi-Vehicle,152.96651,-27.59082,Azalea St,Eugenia St,Inala,Inala,Intersection - Cross,Give way sign,0 - 50 km/h,Sealed - Dry,Dawn/Dusk,Straight,Veh'S Adjacent Approach: Thru-Thru,Intersection from adjacent approaches,0,0,1,0,1,2,0,0,0,0,0,0
278113,Medical treatment,2015,6,Angle,Multi-Vehicle,153.051096,-27.476028,Wynnum Rd,,Norman Park,Bulimba,No Roadway Feature,No traffic control,60 km/h,Sealed - Wet,Daylight,Straight,Veh'S Manoeuvring: Other,Other,0,0,1,0,1,1,0,0,0,1,0,0
278143,Medical treatment,2015,16,Angle,Multi-Vehicle,152.980289,-27.568796,Blunder Rd,Reedy Rd,Oxley,Inala,Intersection - Cross,No traffic control,60 km/h,Sealed - Dry,Daylight,Straight,Veh'S Opposite Approach: Thru-Right,Opposing vehicles turning,0,0,1,0,1,2,0,0,0,0,0,0
278144,Hospitalisation,2015,17,Angle,Multi-Vehicle,153.07252,-27.561893,Griffith Arterial Rd,Grout St,Macgregor,Yeerongpilly,Intersection - T-Junction,Operating traffic lights,60 km/h,Sealed - Dry,Daylight,Straight,Veh'S Adjacent Approach: Thru-Thru,Intersection from adjacent approaches,0,1,0,0,1,3,0,0,0,0,0,0
278145,Hospitalisation,2015,11,Hit object,Single Vehicle,153.059654,-27.540098,South East Arterial Rd,,Mount Gravatt,Mansfield,Intersection - Interchange,No traffic control,100 - 110 km/h,Sealed - Wet,Daylight,Straight,Off Path-Straight: Left Off Cway Hit Obj,Off carriageway on straight hit object,0,2,0,0,2,1,0,0,0,0,0,0
278146,Medical treatment,2015,21,Hit object,Single Vehicle,153.126457,-27.484887,Belmont Rd,Burstall Ave,Belmont,Chatsworth,Intersection - T-Junction,No traffic control,60 km/h,Sealed - Dry,Darkness - Lighted,Curved - view open,Off Path-Curve: Off Cway Rt Bend Hit Obj,Off carriageway on curve hit object,0,0,1,0,1,1,0,0,0,0,0,0
278169,Medical treatment,2015,15,Rear-end,Multi-Vehicle,153.098505,-27.489652,Stanley Rd,,Carina,Chatsworth,No Roadway Feature,No traffic control,60 km/h,Sealed - Wet,Daylight,Straight,Veh'S Same Direction: Rear End,Rear-end,0,0,1,0,1,2,0,0,0,0,0,0
278174,Medical treatment,2015,13,Rear-end,Multi-Vehicle,153.091422,-27.605187,Beenleigh Rd,Strathmore St,Kuraby,Stretton,Intersection - T-Junction,Operating traffic lights,60 km/h,Sealed - Wet,Daylight,Straight,Veh'S Same Direction: Rear End,Rear-end,0,0,1,0,1,2,0,0,0,0,0,0
278175,Hospitalisation,2015,7,Rear-end,Multi-Vehicle,153.065956,-27.561044,Griffith Arterial Rd,Mains Rd,Macgregor,Sunnybank,Intersection - Cross,Operating traffic lights,60 km/h,Sealed - Dry,Daylight,Straight,Veh'S Same Direction: Lane Side Swipe,Lane changes,0,1,0,0,1,2,1,0,0,0,0,0
278176,Medical treatment,2015,13,Angle,Multi-Vehicle,153.14475,-27.442526,Malabar St,Sibley Rd,Wynnum West,Lytton,Intersection - T-Junction,Give way sign,60 km/h,Sealed - Dry,Daylight,Straight,Veh'S Adjacant Approach: Thru-Left,Intersection from adjacent approaches,0,0,1,0,1,1,0,0,0,1,0,0
278196,Hospitalisation,2015,17,Rear-end,Multi-Vehicle,153.039497,-27.5033775,South East Arterial Rd,,Greenslopes,South Brisbane,No Roadway Feature,No traffic control,100 - 110 km/h,Sealed - Dry,Dawn/Dusk,Straight,Veh'S Same Direction: Rear End,Rear-end,0,1,0,1,2,3,0,0,0,0,0,0
278197,Hospitalisation,2015,8,Angle,Multi-Vehicle,153.09354,-27.541625,Lorinya St,Valentia St,Mansfield,Mansfield,Intersection - Cross,Give way sign,0 - 50 km/h,Sealed - Dry,Daylight,Straight,Veh'S Adjacent Approach: Right-Thru,Intersection from adjacent approaches,0,1,0,0,1,2,0,0,0,0,0,0
278198,Medical treatment,2015,17,Rear-end,Multi-Vehicle,153.063885,-27.521339,Logan Rd,,Holland Park West,Greenslopes,No Roadway Feature,No traffic control,60 km/h,Sealed - Dry,Darkness - Lighted,Straight,Veh'S Same Direction: Rear End,Rear-end,0,0,1,0,1,2,0,0,0,0,0,0
278199,Hospitalisation,2015,15,Angle,Multi-Vehicle,152.986535,-27.612949,Blunder Rd,Brookside St,Doolandella,Algester,Intersection - Cross,Operating traffic lights,60 km/h,Sealed - Dry,Daylight,Straight,Veh'S Opposite Approach: Thru-Right,Opposing vehicles turning,0,2,0,0,2,2,0,0,0,0,0,0
278202,Hospitalisation,2015,15,Angle,Multi-Vehicle,153.00625,-27.526551,Tennyson Memorial Ave,,Tennyson,Yeerongpilly,Intersection - T-Junction,Give way sign,60 km/h,Sealed - Dry,Daylight,Straight,Veh'S Adjacent Approach: Thru-Right,Intersection from adjacent approaches,0,1,0,0,1,1,1,0,0,0,0,0
278203,Medical treatment,2015,15,Angle,Multi-Vehicle,153.106292,-27.577651,Gateway Art Rd Ramp Ma,Miles Platting Rd,Rochedale,Mansfield,Intersection - Interchange,Operating traffic lights,60 km/h,Sealed - Dry,Daylight,Straight,Veh'S Opposite Approach: Thru-Right,Opposing vehicles turning,0,0,1,0,1,2,0,0,0,0,0,0
278225,Medical treatment,2015,21,Fall from vehicle,Single Vehicle,153.0480695,-27.59798352,Hellawell Rd,,Sunnybank Hills,Sunnybank,No Roadway Feature,No traffic control,60 km/h,Sealed - Dry,Darkness - Lighted,Straight,Pass & Misc: Fell In/From Vehicle,Other,0,0,1,0,1,1,0,0,0,0,0,0
278227,Medical treatment,2015,10,Rear-end,Multi-Vehicle,152.976035,-27.586578,Biota St,Rosemary St,Inala,Inala,Intersection - T-Junction,Operating traffic lights,60 km/h,Sealed - Dry,Daylight,Straight,Veh'S Same Direction: Rear End,Rear-end,0,0,1,0,1,3,0,0,0,0,0,0
278229,Medical treatment,2015,14,Rear-end,Multi-Vehicle,153.04134,-27.497931,O'Keefe St,,Woolloongabba,South Brisbane,No Roadway Feature,No traffic control,60 km/h,Sealed - Dry,Daylight,Straight,Veh'S Same Direction: Rear End,Rear-end,0,0,1,0,1,3,0,0,0,0,0,0
278251,Medical treatment,2015,12,Angle,Multi-Vehicle,152.932228,-27.604085,Boundary Rd,Formation St,Wacol,Inala,Intersection - Roundabout,Give way sign,60 km/h,Sealed - Dry,Darkness - Lighted,Straight,Veh'S Adjacent Approach: Thru-Thru,Intersection from adjacent approaches,0,0,1,0,1,2,0,0,0,0,0,0
278254,Hospitalisation,2015,7,Angle,Multi-Vehicle,153.041125,-27.501964,Cornwall St,Junction St,Greenslopes,South Brisbane,Intersection - Cross,Operating traffic lights,60 km/h,Sealed - Dry,Daylight,Straight,Veh'S Adjacent Approach: Thru-Thru,Intersection from adjacent approaches,0,1,0,1,2,2,0,0,0,0,0,0
278272,Hospitalisation,2015,7,Head-on,Multi-Vehicle,153.118735,-27.493889,Meadowlands Rd,,Carina,Bulimba,No Roadway Feature,No traffic control,70 km/h,Sealed - Dry,Daylight,Curved - view open,Veh'S Opposite Approach: Head On,Head-on,0,1,0,0,1,3,0,0,0,0,0,0
278274,Hospitalisation,2015,5,Angle,Multi-Vehicle,152.959463,-27.591924,Archerfield Rd,Azalea St,Inala,Inala,Intersection - Cross,Stop sign,60 km/h,Sealed - Dry,Dawn/Dusk,Straight,Veh'S Adjacent Approach: Thru-Thru,Intersection from adjacent approaches,0,1,0,0,1,1,0,0,0,1,0,0
278275,Medical treatment,2015,10,Rear-end,Multi-Vehicle,152.9740499,-27.59709507,Inala Ave,,Inala,Inala,No Roadway Feature,No traffic control,60 km/h,Sealed - Wet,Daylight,Straight,Veh'S Same Direction: Rear End,Rear-end,0,0,1,0,1,1,0,1,0,0,0,0
278276,Medical treatment,2015,9,Angle,Multi-Vehicle,152.972157,-27.611622,College Ave,Joseph Banks Ave,Forest Lake,Algester,Intersection - Roundabout,Give way sign,60 km/h,Sealed - Dry,Daylight,Straight,Veh'S Adjacent Approach: Thru-Thru,Intersection from adjacent approaches,0,0,1,0,1,2,0,0,0,0,0,0
278277,Hospitalisation,2015,13,Rear-end,Multi-Vehicle,153.03126,-27.569394,Annie St,Boundary Rd,Coopers Plains,Sunnybank,Intersection - T-Junction,Operating traffic lights,60 km/h,Sealed - Wet,Daylight,Straight,Veh'S Same Direction: Right Rear,Rear-end,0,1,0,0,1,2,0,0,0,0,0,0
278278,Hospitalisation,2015,5,Rear-end,Multi-Vehicle,153.100879,-27.44523,Gateway Arterial Rd,,Murarrie,Bulimba,Bridge/Causeway,No traffic control,80 - 90 km/h,Sealed - Dry,Daylight,Straight,Veh'S Same Direction: Rear End,Rear-end,0,1,0,0,1,1,1,0,0,0,0,0
278279,Medical treatment,2015,12,Rear-end,Multi-Vehicle,153.040974,-27.555664,Orange Grove Rd,,Salisbury,Yeerongpilly,No Roadway Feature,Pedestrian crossing sign,60 km/h,Sealed - Dry,Daylight,Straight,Veh'S Same Direction: Rear End,Rear-end,0,0,1,1,2,2,0,0,0,0,0,0
278280,Medical treatment,2015,8,Rear-end,Multi-Vehicle,153.067002,-27.551271,South East Arterial Rd,,Upper Mount Gravatt,Yeerongpilly,No Roadway Feature,No traffic control,60 km/h,Sealed - Dry,Daylight,Straight,Veh'S Same Direction: Rear End,Rear-end,0,0,1,0,1,2,0,0,0,0,0,0
278281,Medical treatment,2015,21,Angle,Multi-Vehicle,153.035887,-27.484564,Main St,Vulture St,Woolloongabba,South Brisbane,Intersection - Cross,Operating traffic lights,60 km/h,Sealed - Wet,Darkness - Lighted,Straight,Veh'S Adjacent Approach: Thru-Thru,Intersection from adjacent approaches,0,0,1,0,1,2,0,0,0,0,0,0
278307,Hospitalisation,2015,15,Rear-end,Multi-Vehicle,153.0643911,-27.49208109,Bennetts Rd,Old Cleveland Rd,Coorparoo,Bulimba,Intersection - T-Junction,Operating traffic lights,60 km/h,Sealed - Dry,Daylight,Straight,Veh'S Same Direction: Rear End,Rear-end,0,1,0,0,1,1,0,1,0,0,0,0
278309,Medical treatment,2015,5,Hit object,Single Vehicle,153.039875,-27.510752,South East Arterial Rd,,Greenslopes,South Brisbane,No Roadway Feature,No traffic control,100 - 110 km/h,Sealed - Wet,Dawn/Dusk,Curved - view open,Off Path-Curve: Off Cway Lt Bend Hit Obj,Off carriageway on curve hit object,0,0,1,0,1,1,0,0,0,0,0,0
278328,Hospitalisation,2015,16,Sideswipe,Multi-Vehicle,153.03581,-27.497106,O'Keefe St,,Woolloongabba,South Brisbane,No Roadway Feature,No traffic control,60 km/h,Sealed - Wet,Daylight,Straight,Veh'S Same Direction: Lane Change Right,Lane changes,0,1,0,0,1,2,1,0,0,0,0,0
278348,Medical treatment,2015,16,Rear-end,Multi-Vehicle,153.048177,-27.623869,Mt Lindesay Art. Rd,,Calamvale,Stretton,No Roadway Feature,No traffic control,60 km/h,Sealed - Wet,Daylight,Straight,Veh'S Same Direction: Rear End,Rear-end,0,0,1,0,1,3,0,0,0,0,0,0
278350,Medical treatment,2015,13,Angle,Multi-Vehicle,152.931601,-27.556996,Emblem St,Woggle St,Jamboree Heights,Mount Ommaney,Intersection - T-Junction,No traffic control,0 - 50 km/h,Sealed - Dry,Daylight,Straight,Veh'S Adjacent Approach: Right-Thru,Intersection from adjacent approaches,0,0,1,0,1,2,0,0,0,0,0,0
278351,Medical treatment,2015,13,Fall from vehicle,Single Vehicle,153.019015,-27.596222,Learoyd Rd,,Acacia Ridge,Sunnybank,No Roadway Feature,No traffic control,70 km/h,Sealed - Dry,Daylight,Straight,Pass & Misc: Fell In/From Vehicle,Other,0,0,1,0,1,0,1,0,0,0,0,0
278356,Hospitalisation,2015,6,Angle,Multi-Vehicle,153.011611,-27.541427,Fairfield Rd,Sherwood Rd,Rocklea,Yeerongpilly,Intersection - 5+ way,Operating traffic lights,60 km/h,Sealed - Dry,Daylight,Straight,Veh'S Opposite Approach: Thru-Right,Opposing vehicles turning,0,1,0,0,1,3,0,0,0,0,0,0
278357,Medical treatment,2015,12,Fall from vehicle,Single Vehicle,153.065889,-27.477843,Bennetts Rd,,Norman Park,Bulimba,Intersection - T-Junction,No traffic control,60 km/h,Sealed - Dry,Daylight,Curved - view open,Off Path-Curve: Out Of Control On Cway,Out of control on curve,0,0,1,0,1,1,1,0,0,0,0,0
278359,Medical treatment,2015,10,Sideswipe,Multi-Vehicle,153.080134,-27.556955,Logan Rd,,Upper Mount Gravatt,Mansfield,No Roadway Feature,No traffic control,60 km/h,Sealed - Dry,Daylight,Straight,Veh'S Same Direction: Lane Change Right,Lane changes,0,0,1,0,1,2,0,0,0,0,0,0
278360,Medical treatment,2015,10,Angle,Multi-Vehicle,153.103926,-27.552074,Boyanda St,Redland Sub-Arterial Rd,Wishart,Mansfield,Intersection - Cross,Operating traffic lights,70 km/h,Sealed - Dry,Daylight,Straight,Veh'S Adjacent Approach: Thru-Thru,Intersection from adjacent approaches,0,0,2,0,2,2,0,0,0,0,0,0
278385,Medical treatment,2015,13,Rear-end,Multi-Vehicle,153.034971,-27.501244,Cornwall St,Ipswich Rd,Annerley,South Brisbane,No Roadway Feature,No traffic control,60 km/h,Sealed - Dry,Daylight,Straight,Veh'S Same Direction: Rear End,Rear-end,0,0,1,0,1,2,0,0,0,0,0,0
278392,Medical treatment,2015,14,Rear-end,Multi-Vehicle,153.029588,-27.492082,Merton Rd,Park Rd,Woolloongabba,South Brisbane,Intersection - Cross,No traffic control,0 - 50 km/h,Sealed - Dry,Daylight,Straight,Veh'S Same Direction: Rear End,Rear-end,0,0,1,0,1,2,0,0,0,0,0,0
278427,Medical treatment,2015,16,Rear-end,Multi-Vehicle,152.958232,-27.61035,Forest Lake Blvd,,Forest Lake,Inala,Intersection - T-Junction,Give way sign,60 km/h,Sealed - Dry,Daylight,Straight,Veh'S Same Direction: Left Rear,Rear-end,0,0,1,1,2,3,0,0,0,0,0,0
278428,Medical treatment,2015,17,Angle,Multi-Vehicle,153.04089,-27.555909,Lillian Ave,Orange Grove Rd,Salisbury,Yeerongpilly,Intersection - T-Junction,Give way sign,0 - 50 km/h,Sealed - Dry,Daylight,Straight,Veh'S Adjacent Approach: Thru-Right,Intersection from adjacent approaches,0,0,2,0,2,2,0,0,0,0,0,0
278431,Hospitalisation,2015,21,Sideswipe,Multi-Vehicle,153.0348728,-27.65983095,Johnson Rd,,Parkinson,Algester,No Roadway Feature,No traffic control,60 km/h,Sealed - Dry,Darkness - Lighted,Straight,Veh'S Same Direction: Left Turn S/Swipe,Parallel lanes turning,0,1,0,0,1,1,1,0,0,0,0,0
278450,Medical treatment,2015,17,Angle,Multi-Vehicle,153.09281,-27.504175,Gallipoli Rd,Winstanley St,Carina Heights,Chatsworth,Intersection - Roundabout,Give way sign,0 - 50 km/h,Sealed - Dry,Daylight,Straight,Veh'S Adjacent Approach: Thru-Thru,Intersection from adjacent approaches,0,0,1,0,1,2,0,0,0,0,0,0
278451,Hospitalisation,2015,5,Angle,Multi-Vehicle,153.065864,-27.560606,Griffith Arterial Rd,Nathan Connection Arterial Rd,Nathan,Yeerongpilly,Intersection - T-Junction,Give way sign,60 km/h,Sealed - Dry,Daylight,Straight,Veh'S Adjacant Approach: Thru-Left,Intersection from adjacent approaches,0,1,0,0,1,1,0,0,0,1,0,0
278469,Medical treatment,2015,10,Rear-end,Multi-Vehicle,153.04651,-27.630372,Mt Lindesay Art. Rd,Nottingham Rd,Calamvale,Stretton,Intersection - Cross,Operating traffic lights,60 km/h,Sealed - Dry,Daylight,Straight,Veh'S Same Direction: Right Rear,Rear-end,0,0,1,0,1,2,0,0,0,0,0,0
278470,Hospitalisation,2015,3,Hit object,Single Vehicle,153.0300728,-27.51595119,Ipswich Rd,,Annerley,Yeerongpilly,No Roadway Feature,No traffic control,60 km/h,Sealed - Dry,Darkness - Lighted,Straight,Off Path-Straight: Left Off Cway Hit Obj,Off carriageway on straight hit object,0,1,0,0,1,1,0,0,0,0,0,0
278471,Medical treatment,2015,14,Rear-end,Multi-Vehicle,153.051698,-27.509969,Drummond St,Ridge St,Greenslopes,South Brisbane,Intersection - T-Junction,Give way sign,60 km/h,Sealed - Dry,Daylight,Straight,Veh'S Same Direction: Rear End,Rear-end,0,0,1,0,1,4,0,0,0,0,0,0
278472,Minor injury,2015,13,Rear-end,Multi-Vehicle,152.9639645,-27.63352081,Logan Mwy,,Forest Lake,Algester,No Roadway Feature,No traffic control,100 - 110 km/h,Sealed - Dry,Daylight,Straight,Veh'S Same Direction: Rear End,Rear-end,0,0,0,2,2,2,0,0,0,0,0,0
278474,Medical treatment,2015,10,Rear-end,Multi-Vehicle,153.021158,-27.558827,Beaudesert Rd,Mt Lindesay Art. Rd,Coopers Plains,Sunnybank,Intersection - T-Junction,Give way sign,60 km/h,Sealed - Dry,Daylight,Curved - view open,Veh'S Same Direction: Left Rear,Rear-end,0,0,2,0,2,2,0,0,0,0,0,0
278475,Minor injury,2015,15,Angle,Multi-Vehicle,153.099781,-27.46282,Andan St,Walter St,Murarrie,Bulimba,Intersection - Cross,Give way sign,0 - 50 km/h,Sealed - Dry,Daylight,Straight,Veh'S Adjacent Approach: Thru-Thru,Intersection from adjacent approaches,0,0,0,2,2,2,0,0,0,0,0,0
278477,Medical treatment,2015,13,Angle,Multi-Vehicle,153.009842,-27.542626,Abercrombie St,Medway St,Rocklea,Yeerongpilly,Intersection - T-Junction,No traffic control,0 - 50 km/h,Sealed - Dry,Daylight,Straight,Veh'S Opposite Approach: Thru-Right,Opposing vehicles turning,0,0,1,0,1,2,0,0,0,0,0,0
278478,Hospitalisation,2015,8,Rear-end,Multi-Vehicle,153.072496,-27.561998,Griffith Arterial Rd,Grout St,Macgregor,Sunnybank,Intersection - Cross,Operating traffic lights,60 km/h,Sealed - Dry,Daylight,Straight,Veh'S Same Direction: Rear End,Rear-end,0,4,0,0,4,3,0,0,0,0,0,0
278479,Hospitalisation,2015,20,Angle,Multi-Vehicle,153.063934,-27.571936,Mains Rd,Mccullough St,Sunnybank,Sunnybank,Intersection - T-Junction,No traffic control,60 km/h,Sealed - Dry,Darkness - Lighted,Straight,Veh'S Manoeuvring: Entering From Footway,Vehicle leaving driveway,0,1,0,0,1,1,0,0,0,1,0,0
278502,Medical treatment,2015,13,Rear-end,Multi-Vehicle,153.067769,-27.550112,Mains Rd,South East Arterial Rd,Upper Mount Gravatt,Mansfield,Intersection - Interchange,Operating traffic lights,60 km/h,Sealed - Wet,Daylight,Straight,Veh'S Same Direction: Rear End,Rear-end,0,0,1,0,1,2,0,0,0,0,0,0
278523,Medical treatment,2015,17,Rear-end,Multi-Vehicle,153.035153,-27.501048,Cornwall St,Ipswich Rd,Annerley,South Brisbane,Intersection - Cross,Operating traffic lights,60 km/h,Sealed - Dry,Dawn/Dusk,Straight,Veh'S Same Direction: Rear End,Rear-end,0,0,1,0,1,3,0,0,0,0,0,0
278547,Medical treatment,2015,17,Rear-end,Multi-Vehicle,153.115687,-27.502315,Old Cleveland Rd,Scrub Rd,Carindale,Chatsworth,Intersection - T-Junction,No traffic control,70 km/h,Sealed - Wet,Daylight,Straight,Veh'S Same Direction: Rear End,Rear-end,0,0,2,1,3,2,0,0,0,0,0,0
278551,Hospitalisation,2015,7,Rear-end,Multi-Vehicle,153.05873,-27.537409,South East Arterial Rd,,Holland Park West,Yeerongpilly,No Roadway Feature,No traffic control,100 - 110 km/h,Sealed - Dry,Daylight,Straight,Veh'S Same Direction: Rear End,Rear-end,0,1,0,0,1,2,0,0,0,0,0,0
278554,Medical treatment,2015,12,Rear-end,Multi-Vehicle,153.06773,-27.549863,Mains Rd,South East Arterial Rd,Upper Mount Gravatt,Mansfield,Intersection - Interchange,Operating traffic lights,60 km/h,Sealed - Dry,Daylight,Curved - view open,Veh'S Same Direction: Rear End,Rear-end,0,0,2,0,2,2,0,0,0,0,0,0
278555,Medical treatment,2015,16,Rear-end,Multi-Vehicle,153.063775,-27.573454,Mains Rd,,Sunnybank,Sunnybank,No Roadway Feature,No traffic control,60 km/h,Sealed - Dry,Daylight,Straight,Veh'S Same Direction: Rear End,Rear-end,0,0,1,0,1,2,0,0,0,0,0,0
278579,Hospitalisation,2015,14,Sideswipe,Multi-Vehicle,153.037659,-27.573745,Beenleigh Rd,,Coopers Plains,Sunnybank,No Roadway Feature,No traffic control,70 km/h,Sealed - Wet,Daylight,Curved - view open,Veh'S Same Direction: Lane Side Swipe,Lane changes,0,1,0,0,1,2,0,1,0,0,0,0
278581,Hospitalisation,2015,10,Rear-end,Multi-Vehicle,153.058233,-27.53417,South East Arterial Rd,,Holland Park West,Greenslopes,No Roadway Feature,No traffic control,100 - 110 km/h,Sealed - Wet,Daylight,Straight,Veh'S Same Direction: Rear End,Rear-end,0,1,0,0,1,2,0,0,0,0,0,0
278583,Medical treatment,2015,16,Head-on,Multi-Vehicle,153.040536,-27.557884,Golda Ave,Orange Grove Rd,Salisbury,Yeerongpilly,Intersection - T-Junction,No traffic control,60 km/h,Sealed - Wet,Daylight,Straight,Veh'S Opposite Approach: U-Turn,U-turn,0,0,1,0,1,2,0,0,0,0,0,0
278586,Hospitalisation,2015,6,Rear-end,Multi-Vehicle,153.092204,-27.576021,Logan Sub-Arterial Rd,,Eight Mile Plains,Stretton,No Roadway Feature,No traffic control,60 km/h,Sealed - Wet,Daylight,Straight,Veh'S Same Direction: Rear End,Rear-end,0,1,0,0,1,1,0,1,0,0,0,0
278587,Medical treatment,2015,16,Rear-end,Multi-Vehicle,153.094676,-27.57902774,Logan Sub-Arterial Rd,,Eight Mile Plains,Stretton,No Roadway Feature,No traffic control,80 - 90 km/h,Sealed - Wet,Daylight,Straight,Veh'S Same Direction: Rear End,Rear-end,0,0,1,1,2,2,0,0,0,0,0,0
278620,Hospitalisation,2015,18,Rear-end,Multi-Vehicle,153.0650243,-27.64910727,Logan Mwy,,Drewvale,Stretton,No Roadway Feature,No traffic control,80 - 90 km/h,Sealed - Wet,Darkness - Lighted,Straight,Veh'S Same Direction: Rear End,Rear-end,0,1,0,0,1,2,0,0,0,0,0,0
278622,Medical treatment,2015,8,Rear-end,Multi-Vehicle,152.982426,-27.576495,Blunder Rd,,Durack,Inala,Intersection - Cross,Operating traffic lights,70 km/h,Sealed - Dry,Daylight,Straight,Veh'S Same Direction: Right Rear,Rear-end,0,0,1,0,1,2,0,0,0,0,0,0
278623,Medical treatment,2015,18,Hit object,Single Vehicle,152.9405616,-27.55493631,Western Arterial Rd,,Jamboree Heights,Mount Ommaney,No Roadway Feature,No traffic control,100 - 110 km/h,Sealed - Wet,Darkness - Lighted,Straight,Off Path-Straight: Left Off Cway Hit Obj,Off carriageway on straight hit object,0,0,1,0,1,1,0,0,0,0,0,0
278626,Medical treatment,2015,0,Rear-end,Multi-Vehicle,153.03111,-27.485072,South East Art Rd Ramp Q,South East Arterial Rd,Woolloongabba,South Brisbane,Intersection - T-Junction,Give way sign,0 - 50 km/h,Sealed - Wet,Darkness - Not lighted,Curved - view open,Veh'S Same Direction: Rear End,Rear-end,0,0,1,0,1,1,0,0,1,0,0,0