Crash_Ref_Number,Severity,Year,Hour,Crash_Nature,Crash_Type,Longitude,Latitude,Street,Street_Intersecting,Suburb,Loc_State_Electorate,Crash_Roadway_Feature,Crash_Traffic_Control,Crash_Speed_Limit,Crash_Road_Surface_Condition,Crash_Lighting_Condition,Crash_Road_Horiz_Align,Crash_DCA_Description,Crash_DCA_Group_Description,Count_Casualty_Fatality,Count_Casualty_Hospitalised,Count_Casualty_MedicallyTreated,Count_Casualty_MinorInjury,Count_Casualty_Total,Count_Unit_Car,Count_Unit_Motorcycle_Moped,Count_Unit_Truck,Count_Unit_Bus,Count_Unit_Bicycle,Count_Unit_Pedestrian,Count_Unit_Other
278630,Minor injury,2015,7,Rear-end,Multi-Vehicle,153.179273,-27.51347657,Cleveland Sub-Arterial Rd,,Chandler,Chatsworth,Intersection - Y-Junction,Operating traffic lights,60 km/h,Sealed - Wet,Daylight,Straight,Veh'S Same Direction: Lane Side Swipe,Lane changes,0,0,0,2,2,3,0,0,0,0,0,0
278656,Hospitalisation,2015,1,Hit object,Single Vehicle,153.026694,-27.604019,Gardens Dr,Paradise Rd,Willawong,Algester,Intersection - T-Junction,Stop sign,0 - 50 km/h,Sealed - Dry,Darkness - Lighted,Straight,Off Path-Straight: Other,Other,0,1,2,0,3,1,0,0,0,0,0,0
278657,Hospitalisation,2015,17,Hit pedestrian,Hit pedestrian,152.947955,-27.629757,Ashton Wy,Starr St,Forest Lake,Inala,Intersection - T-Junction,No traffic control,0 - 50 km/h,Sealed - Dry,Daylight,Curved - view obscured,Ped'N: Play; Work; Stand; Lie On C'Way,Pedestrian,0,1,0,0,1,1,0,0,0,0,1,0
278658,Fatal,2015,5,Hit object,Single Vehicle,153.09982,-27.576802,Miles Platting Rd,,Eight Mile Plains,Sunnybank,No Roadway Feature,No traffic control,60 km/h,Sealed - Dry,Daylight,Curved - view open,Off Path-Curve: Off Cway Lt Bend Hit Obj,Off carriageway on curve hit object,1,0,0,0,1,1,0,0,0,0,0,0
278659,Hospitalisation,2015,4,Hit object,Single Vehicle,153.1388151,-27.46772027,Wynnum Rd,,Tingalpa,Lytton,No Roadway Feature,No traffic control,80 - 90 km/h,Sealed - Dry,Dawn/Dusk,Straight,Off Path-Straight: Mounts Traffic Island,Off carriageway on straight hit object,0,1,0,0,1,1,0,0,0,0,0,0
278693,Medical treatment,2015,10,Hit pedestrian,Hit pedestrian,152.9399076,-27.55295112,Arosa St,,Jamboree Heights,Mount Ommaney,No Roadway Feature,No traffic control,0 - 50 km/h,Sealed - Dry,Daylight,Curved - view obscured,Ped'N: Hit By Vehicle Enter/Leave D'Way,Pedestrian,0,0,1,0,1,1,0,0,0,0,1,0
278694,Medical treatment,2015,9,Hit pedestrian,Hit pedestrian,153.026715,-27.5771,Postle St,,Acacia Ridge,Sunnybank,No Roadway Feature,No traffic control,0 - 50 km/h,Sealed - Wet,Darkness - Not lighted,Straight,Ped'N: Near Side Vehicle Hit From Right,Pedestrian,0,0,1,0,1,1,0,0,0,0,1,0
278697,Medical treatment,2015,15,Rear-end,Multi-Vehicle,153.012731,-27.528667,Fairfield Rd,Tennyson Memorial Ave,Yeerongpilly,Yeerongpilly,Intersection - T-Junction,Give way sign,60 km/h,Sealed - Dry,Daylight,Straight,Veh'S Same Direction: Left Rear,Rear-end,0,0,1,0,1,2,0,0,0,0,0,0
278698,Medical treatment,2015,10,Rear-end,Multi-Vehicle,153.107572,-27.588299,South East Arterial Rd,,Eight Mile Plains,Mansfield,No Roadway Feature,No traffic control,100 - 110 km/h,Sealed - Wet,Daylight,Straight,Veh'S Same Direction: Rear End,Rear-end,0,0,2,0,2,2,0,0,0,0,0,0
278699,Hospitalisation,2015,16,Sideswipe,Multi-Vehicle,153.037828,-27.490274,Balaclava St,,Woolloongabba,South Brisbane,No Roadway Feature,No traffic control,60 km/h,Sealed - Dry,Daylight,Straight,Veh'S Same Direction: Lane Change Right,Lane changes,0,1,0,0,1,2,0,0,0,0,0,0
278700,Medical treatment,2015,7,Rear-end,Multi-Vehicle,153.036084,-27.469226,Deakin St,Rotherham St,Kangaroo Point,South Brisbane,Intersection - Cross,Stop sign,60 km/h,Sealed - Dry,Daylight,Straight,Veh'S Same Direction: Left Rear,Rear-end,0,0,1,0,1,2,0,0,0,0,0,0
278725,Hospitalisation,2015,14,Hit object,Single Vehicle,153.0271964,-27.51383796,Frederick St,,Annerley,Yeerongpilly,No Roadway Feature,No traffic control,60 km/h,Sealed - Dry,Daylight,Straight,Veh'S On Path: Parked,Hit parked vehicle,0,1,0,0,1,2,0,0,0,0,0,0
278726,Hospitalisation,2015,9,Angle,Multi-Vehicle,152.9453288,-27.59758333,Progress Rd,Western Arterial Rd,Richlands,Inala,Intersection - T-Junction,Operating traffic lights,60 km/h,Sealed - Dry,Daylight,Straight,Veh'S Adjacent Approach: Thru-Right,Intersection from adjacent approaches,0,3,0,0,3,2,0,1,0,0,0,0
278757,Medical treatment,2015,8,Rear-end,Multi-Vehicle,153.011353,-27.642933,Logan Mwy,Paradise Rd,Larapinta,Algester,Intersection - Interchange,Operating traffic lights,60 km/h,Sealed - Dry,Daylight,Straight,Veh'S Same Direction: Rear End,Rear-end,0,0,1,0,1,1,0,1,0,0,0,0
278759,Hospitalisation,2015,16,Angle,Multi-Vehicle,153.072496,-27.561998,Griffith Arterial Rd,Grout St,Macgregor,Sunnybank,No Roadway Feature,Operating traffic lights,60 km/h,Sealed - Dry,Daylight,Straight,Veh'S Manoeuvring: Leaving Driveway,Vehicle leaving driveway,0,1,0,0,1,1,0,0,0,1,0,0
278760,Medical treatment,2015,11,Rear-end,Multi-Vehicle,153.081114,-27.56013,Griffith Arterial Rd,Logan Sub-Arterial Rd,Upper Mount Gravatt,Mansfield,Intersection - T-Junction,No traffic control,60 km/h,Sealed - Dry,Daylight,Curved - view open,Veh'S Same Direction: Left Rear,Rear-end,0,0,1,0,1,2,0,0,0,0,0,0
278761,Hospitalisation,2015,15,Angle,Multi-Vehicle,153.018555,-27.488676,Gertrude St,Gladstone Rd,Highgate Hill,South Brisbane,Intersection - T-Junction,Give way sign,0 - 50 km/h,Sealed - Dry,Daylight,Straight,Pass & Misc: Fell In/From Vehicle,Other,0,1,0,0,1,1,0,0,0,0,0,0
278762,Minor injury,2015,1,Hit object,Single Vehicle,153.0337122,-27.48936436,Wilton St,,Woolloongabba,South Brisbane,No Roadway Feature,No traffic control,0 - 50 km/h,Sealed - Dry,Darkness - Lighted,Straight,Off Path-Straight:Right Off Cway Hit Obj,Off carriageway on straight hit object,0,0,0,1,1,1,0,0,0,0,0,0
278763,Medical treatment,2015,15,Rear-end,Multi-Vehicle,153.17162,-27.470649,Manly Rd,,Manly West,Lytton,No Roadway Feature,No traffic control,60 km/h,Sealed - Dry,Daylight,Straight,Veh'S Same Direction: Left Rear,Rear-end,0,0,1,0,1,3,0,0,0,0,0,0
278792,Medical treatment,2015,4,Hit object,Single Vehicle,152.944194,-27.602074,Clendon St,Coulson St,Wacol,Inala,Intersection - T-Junction,No traffic control,60 km/h,Sealed - Dry,Dawn/Dusk,Straight,Off Path-Straight: Other,Other,0,0,2,0,2,1,0,0,0,0,0,0
278793,Medical treatment,2015,17,Angle,Multi-Vehicle,152.924276,-27.588205,Wacol Station Rd,Wilruna St,Wacol,Inala,Intersection - T-Junction,Give way sign,60 km/h,Sealed - Dry,Daylight,Straight,Veh'S Adjacent Approach: Thru-Right,Intersection from adjacent approaches,0,0,1,0,1,2,0,0,0,0,0,0
278794,Medical treatment,2015,15,Rear-end,Multi-Vehicle,153.0815407,-27.543363,Logan Rd,,Mount Gravatt,Mansfield,No Roadway Feature,No traffic control,60 km/h,Sealed - Dry,Daylight,Straight,Veh'S Same Direction: Rear End,Rear-end,0,0,1,0,1,3,0,0,0,0,0,0
278796,Hospitalisation,2015,8,Hit object,Single Vehicle,153.05539,-27.474296,Wynnum Rd,,Norman Park,Bulimba,No Roadway Feature,No traffic control,60 km/h,Sealed - Dry,Daylight,Straight,Off Path-Straight: Left Off Cway Hit Obj,Off carriageway on straight hit object,0,1,0,0,1,1,0,0,0,1,0,0
278797,Hospitalisation,2015,6,Rear-end,Multi-Vehicle,152.989427,-27.523162,Graceville Ave,,Graceville,Indooroopilly,No Roadway Feature,No traffic control,60 km/h,Sealed - Dry,Daylight,Straight,Veh'S Same Direction: Rear End,Rear-end,0,1,0,0,1,2,0,0,0,0,0,0
278799,Hospitalisation,2015,13,Rear-end,Multi-Vehicle,153.040332,-27.558939,Griffith Arterial Rd,Orange Grove Rd,Salisbury,Sunnybank,Intersection - Cross,Operating traffic lights,60 km/h,Sealed - Dry,Daylight,Straight,Veh'S Same Direction: Rear End,Rear-end,0,1,0,0,1,1,0,1,0,0,0,0
278828,Hospitalisation,2015,8,Angle,Multi-Vehicle,152.980406,-27.568772,Blunder Rd,Factory Rd,Oxley,Inala,Intersection - Cross,Stop sign,60 km/h,Sealed - Dry,Daylight,Straight,Veh'S Adjacent Approach: Thru-Right,Intersection from adjacent approaches,0,1,0,0,1,1,0,0,1,0,0,0
278829,Medical treatment,2015,9,Rear-end,Multi-Vehicle,153.061027,-27.587805,Beenleigh Rd,Mains Rd,Sunnybank,Sunnybank,Intersection - T-Junction,No traffic control,60 km/h,Sealed - Dry,Daylight,Curved - view open,Veh'S Same Direction: Left Rear,Rear-end,0,0,2,0,2,2,0,0,0,0,0,0
278830,Medical treatment,2015,16,Rear-end,Multi-Vehicle,153.051908,-27.520256,South East Arterial Rd,,Holland Park West,Yeerongpilly,No Roadway Feature,No traffic control,100 - 110 km/h,Sealed - Wet,Dawn/Dusk,Straight,Veh'S Same Direction: Rear End,Rear-end,0,0,1,0,1,2,0,0,0,0,0,0
278831,Hospitalisation,2015,6,Angle,Multi-Vehicle,153.068602,-27.47063,Jack Flynn Memorial Dr,Waminda St,Morningside,Bulimba,Intersection - T-Junction,Operating traffic lights,60 km/h,Sealed - Dry,Dawn/Dusk,Curved - view obscured,Veh'S Adjacent Approach: Right-Thru,Intersection from adjacent approaches,0,1,0,0,1,1,0,0,0,1,0,0
278832,Hospitalisation,2015,18,Angle,Multi-Vehicle,153.016011,-27.485583,Hampstead Rd,,Highgate Hill,South Brisbane,No Roadway Feature,No traffic control,0 - 50 km/h,Sealed - Dry,Daylight,Straight,Veh'S Manoeuvring: Entering From Footway,Vehicle leaving driveway,0,1,0,0,1,1,0,0,0,1,0,0
278833,Medical treatment,2015,17,Rear-end,Multi-Vehicle,153.035405,-27.49949,Ipswich Rd,,Woolloongabba,South Brisbane,No Roadway Feature,Operating traffic lights,60 km/h,Sealed - Wet,Daylight,Straight,Veh'S Same Direction: Rear End,Rear-end,0,0,1,0,1,2,0,0,0,0,0,0
278834,Medical treatment,2015,18,Rear-end,Multi-Vehicle,153.0398641,-27.50120143,South East Arterial Rd,,Woolloongabba,South Brisbane,No Roadway Feature,No traffic control,80 - 90 km/h,Sealed - Wet,Darkness - Lighted,Curved - view open,Pass & Misc: Vehicle Movements Not Known,Other,0,0,2,0,2,2,0,0,0,0,0,0
278860,Hospitalisation,2015,17,Hit object,Single Vehicle,152.943166,-27.60585,Tile St,,Wacol,Inala,No Roadway Feature,No traffic control,60 km/h,Sealed - Dry,Daylight,Curved - view open,Off Path-Straight:Right Off Cway Hit Obj,Off carriageway on straight hit object,0,1,0,0,1,1,0,0,0,0,0,0
278861,Hospitalisation,2015,19,Fall from vehicle,Single Vehicle,153.020529,-27.558748,Mt Lindesay Art. Rd,,Archerfield,Sunnybank,No Roadway Feature,No traffic control,60 km/h,Sealed - Dry,Darkness - Lighted,Curved - view open,Off Path-Curve: Out Of Control On Cway,Out of control on curve,0,1,0,0,1,0,1,0,0,0,0,0
278862,Hospitalisation,2015,13,Angle,Multi-Vehicle,153.107612,-27.495847,Bedivere St,,Carindale,Chatsworth,No Roadway Feature,No traffic control,60 km/h,Unsealed - Dry,Daylight,Straight,Veh'S Manoeuvring: Entering From Footway,Vehicle leaving driveway,0,2,0,0,2,2,0,0,0,0,0,0
278867,Minor injury,2015,17,Angle,Multi-Vehicle,153.126676,-27.51247,Mt Petrie Rd,,Belmont,Chatsworth,No Roadway Feature,No traffic control,60 km/h,Sealed - Dry,Daylight,Straight,Veh'S Manoeuvring: Leaving Driveway,Vehicle leaving driveway,0,0,0,1,1,2,0,0,0,0,0,0
278892,Hospitalisation,2015,8,Rear-end,Multi-Vehicle,152.9490818,-27.59678813,Garden Rd,,Richlands,Inala,No Roadway Feature,No traffic control,60 km/h,Sealed - Dry,Daylight,Straight,Veh'S Same Direction: Rear End,Rear-end,0,1,0,1,2,3,0,0,0,0,0,0
278893,Medical treatment,2015,11,Rear-end,Multi-Vehicle,153.031495,-27.569321,Annie St,Boundary Rd,Coopers Plains,Sunnybank,Intersection - T-Junction,No traffic control,60 km/h,Sealed - Dry,Daylight,Straight,Veh'S Same Direction: Left Rear,Rear-end,0,0,1,0,1,2,0,0,0,0,0,0
278895,Medical treatment,2015,12,Hit pedestrian,Hit pedestrian,153.014556,-27.476057,Manning St,Melbourne St,South Brisbane,South Brisbane,Intersection - Cross,Stop sign,0 - 50 km/h,Sealed - Dry,Daylight,Straight,Ped'N: Hit Other,Other,0,0,1,0,1,1,0,0,0,0,1,0
278896,Medical treatment,2015,7,Angle,Multi-Vehicle,153.025514,-27.49582,Gladstone Rd,T J Doyle Memorial Park Dr,Dutton Park,South Brisbane,Intersection - T-Junction,No traffic control,60 km/h,Sealed - Dry,Daylight,Straight,Veh'S Manoeuvring: Entering From Footway,Vehicle leaving driveway,0,0,1,0,1,1,0,0,0,1,0,0
278928,Medical treatment,2015,6,Angle,Multi-Vehicle,152.983126,-27.567967,Factory Rd,,Oxley,Inala,Intersection - T-Junction,No traffic control,60 km/h,Sealed - Dry,Darkness - Lighted,Straight,Veh'S Opposite Approach: Thru-Right,Opposing vehicles turning,0,0,1,0,1,2,0,0,0,0,0,0
278929,Medical treatment,2015,7,Hit object,Single Vehicle,152.9468185,-27.52913726,Western Arterial Rd,,Jindalee,Mount Ommaney,No Roadway Feature,No traffic control,80 - 90 km/h,Sealed - Dry,Daylight,Straight,Off Path-Straight:Right Off Cway Hit Obj,Off carriageway on straight hit object,0,0,1,0,1,1,0,0,0,0,0,0
278930,Medical treatment,2015,8,Angle,Multi-Vehicle,153.087196,-27.495844,Cambridge St,Old Cleveland Rd,Carina,Chatsworth,Intersection - T-Junction,No traffic control,60 km/h,Sealed - Dry,Daylight,Curved - view open,Veh'S Opposite Approach: Thru-Right,Opposing vehicles turning,0,0,1,0,1,1,1,0,0,0,0,0
278933,Medical treatment,2015,16,Rear-end,Multi-Vehicle,153.03608,-27.570066,Boundary Rd,,Coopers Plains,Sunnybank,No Roadway Feature,No traffic control,60 km/h,Sealed - Dry,Daylight,Straight,Veh'S Same Direction: Rear End,Rear-end,0,0,1,0,1,1,0,1,0,0,0,0
278934,Medical treatment,2015,6,Rear-end,Multi-Vehicle,153.031793,-27.48593819,South East Arterial Rd,,Woolloongabba,South Brisbane,No Roadway Feature,No traffic control,60 km/h,Sealed - Dry,Daylight,Straight,Veh'S Same Direction: Rear End,Rear-end,0,0,1,0,1,2,0,0,0,0,0,0
278955,Medical treatment,2015,17,Rear-end,Multi-Vehicle,153.0444,-27.638343,Algester Rd,,Parkinson,Algester,No Roadway Feature,No traffic control,80 - 90 km/h,Sealed - Dry,Dawn/Dusk,Straight,Veh'S Same Direction: Other,Other,0,0,1,0,1,2,0,0,0,0,0,0
278956,Minor injury,2015,16,Rear-end,Multi-Vehicle,153.0615673,-27.63822169,Gateway Arterial Rd,,Stretton,Stretton,No Roadway Feature,No traffic control,80 - 90 km/h,Sealed - Dry,Daylight,Straight,Veh'S Same Direction: Rear End,Rear-end,0,0,0,1,1,2,0,0,0,0,0,0
278961,Medical treatment,2015,13,Fall from vehicle,Single Vehicle,153.079994,-27.54077,Tenby St,Virgil St,Mount Gravatt,Mansfield,Intersection - T-Junction,No traffic control,60 km/h,Sealed - Dry,Daylight,Straight,Off Path-Straight:Out Of Control On Cway,Out of control on straight,0,0,1,0,1,1,1,0,0,0,0,0
278963,Hospitalisation,2015,16,Angle,Multi-Vehicle,153.066336,-27.56015,Nathan Connection Arterial Rd,,Macgregor,Yeerongpilly,No Roadway Feature,No traffic control,60 km/h,Sealed - Dry,Daylight,Straight,Veh'S Same Direction: Lane Change Left,Lane changes,0,1,0,0,1,1,1,0,0,0,0,0
278964,Medical treatment,2015,14,Rear-end,Multi-Vehicle,153.12109,-27.485489,Gateway Arterial Rd,,Belmont,Chatsworth,No Roadway Feature,No traffic control,100 - 110 km/h,Sealed - Dry,Daylight,Straight,Veh'S Same Direction: Rear End,Rear-end,0,0,2,0,2,2,0,0,0,0,0,0
278987,Medical treatment,2015,8,Hit parked vehicle,Single Vehicle,152.961308,-27.550341,Molesworth St,,Seventeen Mile Rocks,Mount Ommaney,No Roadway Feature,No traffic control,0 - 50 km/h,Sealed - Dry,Daylight,Curved - view open,Veh'S On Path: Parked,Hit parked vehicle,0,0,1,0,1,2,0,0,0,0,0,0
278988,Medical treatment,2015,15,Angle,Multi-Vehicle,152.980874,-27.571023,Blunder Rd,Boundary Rd,Oxley,Inala,Intersection - T-Junction,Operating traffic lights,70 km/h,Sealed - Dry,Daylight,Straight,Veh'S Opposite Approach: Thru-Right,Opposing vehicles turning,0,0,1,0,1,2,0,0,0,0,0,0
278989,Medical treatment,2015,8,Rear-end,Multi-Vehicle,152.964967,-27.57017,Cunningham Arterial Rd,Ipswich Mwy,Darra,Mount Ommaney,Intersection - Interchange,No traffic control,80 - 90 km/h,Sealed - Dry,Daylight,Straight,Veh'S Same Direction: Rear End,Rear-end,0,0,1,0,1,1,0,1,0,0,0,0
278991,Minor injury,2015,15,Rear-end,Multi-Vehicle,152.967312,-27.596965,Poinsettia St,,Inala,Inala,No Roadway Feature,No traffic control,60 km/h,Sealed - Dry,Daylight,Straight,Veh'S Same Direction: Rear End,Rear-end,0,0,0,1,1,2,0,0,0,0,0,0
278992,Minor injury,2015,19,Angle,Multi-Vehicle,153.0686068,-27.4706332,Jack Flynn Memorial Dr,Wynnum Rd,Morningside,Bulimba,Intersection - T-Junction,Operating traffic lights,60 km/h,Sealed - Dry,Darkness - Lighted,Straight,Veh'S Opposite Approach: Thru-Right,Opposing vehicles turning,0,0,0,2,2,2,0,0,0,0,0,0
278993,Hospitalisation,2015,17,Rear-end,Multi-Vehicle,153.098652,-27.554713,Redland Sub-Arterial Rd,,Wishart,Mansfield,No Roadway Feature,No traffic control,60 km/h,Sealed - Dry,Daylight,Straight,Veh'S Same Direction: Rear End,Rear-end,0,3,1,0,4,4,0,0,0,0,0,0
278994,Hospitalisation,2015,17,Angle,Multi-Vehicle,153.099038,-27.575382,South East Arterial Rd,,Eight Mile Plains,Mansfield,No Roadway Feature,No traffic control,100 - 110 km/h,Sealed - Dry,Daylight,Straight,Veh'S Same Direction: Lane Change Right,Lane changes,0,1,0,0,1,1,1,0,0,0,0,0
279020,Hospitalisation,2015,16,Hit object,Single Vehicle,153.072067,-27.608601,Gumtree St,,Runcorn,Stretton,No Roadway Feature,No traffic control,0 - 50 km/h,Sealed - Wet,Daylight,Straight,Off Path-Straight:Out Of Control On Cway,Out of control on straight,0,1,0,0,1,1,0,0,0,0,0,0
279021,Hospitalisation,2015,19,Angle,Multi-Vehicle,153.059204,-27.49445,Cavendish Rd,Old Cleveland Rd,Coorparoo,Greenslopes,Intersection - Cross,Operating traffic lights,60 km/h,Sealed - Dry,Darkness - Lighted,Straight,Veh'S Opposite Approach: Thru-Right,Opposing vehicles turning,0,1,0,0,1,1,1,0,0,0,0,0
279023,Medical treatment,2015,23,Sideswipe,Multi-Vehicle,153.117104,-27.473886,Gateway Art Rd Ramp U,Wynnum Rd,Tingalpa,Chatsworth,Intersection - Cross,Operating traffic lights,70 km/h,Sealed - Dry,Darkness - Lighted,Straight,Veh'S Opposite Approach: Thru-Right,Opposing vehicles turning,0,0,2,0,2,2,0,0,0,0,0,0
279050,Medical treatment,2015,11,Rear-end,Multi-Vehicle,153.048432,-27.623682,Kameruka St,Mt Lindesay Art. Rd,Calamvale,Stretton,Intersection - Cross,Operating traffic lights,80 - 90 km/h,Sealed - Dry,Daylight,Straight,Veh'S Same Direction: Left Rear,Rear-end,0,0,1,0,1,2,0,0,0,0,0,0
279053,Hospitalisation,2015,18,Hit object,Single Vehicle,153.098215,-27.506821,Buckley St,Chataway St,Carina Heights,Chatsworth,Intersection - T-Junction,Give way sign,0 - 50 km/h,Sealed - Dry,Dawn/Dusk,Straight,Off Path-Straight: Other,Other,0,1,0,0,1,1,0,0,0,0,0,0
279056,Hospitalisation,2015,14,Hit object,Single Vehicle,152.972459,-27.5786304,Freeman Rd,,Inala,Inala,No Roadway Feature,No traffic control,60 km/h,Sealed - Dry,Daylight,Straight,Off Path-Straight: Left Off Cway Hit Obj,Off carriageway on straight hit object,0,1,0,0,1,1,0,0,0,0,0,0
279077,Minor injury,2015,13,Angle,Multi-Vehicle,153.082617,-27.559409,Palmdale La,Redland Sub-Arterial Rd,Upper Mount Gravatt,Mansfield,Intersection - Cross,Give way sign,60 km/h,Sealed - Dry,Daylight,Straight,Veh'S Adjacent Approach: Thru-Right,Intersection from adjacent approaches,0,0,0,1,1,2,0,0,0,0,0,0
279093,Minor injury,2015,15,Rear-end,Multi-Vehicle,152.958877,-27.569372,Harcourt Rd,Winslow St,Darra,Mount Ommaney,Intersection - T-Junction,Stop sign,0 - 50 km/h,Sealed - Dry,Daylight,Straight,Veh'S Same Direction: Left Rear,Rear-end,0,0,0,1,1,2,0,0,0,0,0,0
279094,Hospitalisation,2015,7,Angle,Multi-Vehicle,153.0357198,-27.50361245,Emperor St,Juliette St,Annerley,South Brisbane,Intersection - Cross,Give way sign,60 km/h,Sealed - Dry,Daylight,Straight,Veh'S Adjacent Approach: Thru-Thru,Intersection from adjacent approaches,0,1,0,0,1,4,0,0,0,0,0,0
279096,Medical treatment,2015,7,Angle,Multi-Vehicle,153.055825,-27.526292,Bapaume Rd,Kuring-Gai Ave,Tarragindi,Yeerongpilly,Intersection - T-Junction,Give way sign,0 - 50 km/h,Sealed - Dry,Daylight,Curved - view open,Veh'S Opposite Approach: Thru-Right,Opposing vehicles turning,0,0,1,0,1,2,0,0,0,0,0,0
279097,Medical treatment,2015,17,Rear-end,Multi-Vehicle,152.987511,-27.596668,Blunder Rd,Inala Ave,Durack,Sunnybank,Intersection - T-Junction,Give way sign,60 km/h,Sealed - Dry,Daylight,Straight,Veh'S Same Direction: Left Rear,Rear-end,0,0,1,0,1,2,0,0,0,0,0,0
279098,Medical treatment,2015,7,Rear-end,Multi-Vehicle,152.9736386,-27.5056537,Coonan St,,Chelmer,Indooroopilly,Bridge/Causeway,No traffic control,60 km/h,Sealed - Dry,Daylight,Straight,Veh'S Same Direction: Rear End,Rear-end,0,0,2,0,2,2,0,0,0,0,0,0
279099,Medical treatment,2015,8,Rear-end,Multi-Vehicle,153.11092,-27.450615,Port Of Brisbane Mwy,Port Of Brisbane Rd,Murarrie,Bulimba,Merge Lane,No traffic control,60 km/h,Sealed - Dry,Daylight,Curved - view open,Veh'S Same Direction: Left Rear,Rear-end,0,0,1,0,1,2,0,1,0,0,0,0
279101,Medical treatment,2015,14,Fall from vehicle,Single Vehicle,153.064995,-27.54707,South East Busway,,Upper Mount Gravatt,Mansfield,No Roadway Feature,No traffic control,60 km/h,Sealed - Dry,Daylight,Straight,Pass & Misc: Fell In/From Vehicle,Other,0,0,0,0,0,0,0,0,1,0,0,0
279102,Medical treatment,2015,8,Rear-end,Multi-Vehicle,153.039518,-27.488566,Nile St,Wellington Rd,East Brisbane,South Brisbane,Intersection - T-Junction,No traffic control,60 km/h,Sealed - Dry,Daylight,Straight,Veh'S Same Direction: Rear End,Rear-end,0,0,1,0,1,2,0,0,0,0,0,0
279119,Medical treatment,2015,7,Rear-end,Multi-Vehicle,152.927206,-27.588961,Cunningham Arterial Rd,Progress Rd,Wacol,Inala,Intersection - Interchange,Give way sign,0 - 50 km/h,Sealed - Dry,Daylight,Curved - view open,Veh'S Same Direction: Left Rear,Rear-end,0,0,1,1,2,2,0,0,0,0,0,0
279122,Medical treatment,2015,18,Rear-end,Multi-Vehicle,153.040705,-27.504346,Earl St,Juliette St,Greenslopes,South Brisbane,Intersection - T-Junction,Operating traffic lights,60 km/h,Sealed - Dry,Darkness - Lighted,Straight,Veh'S Same Direction: Rear End,Rear-end,0,0,1,2,3,3,0,0,0,0,0,0
279123,Hospitalisation,2015,12,Angle,Multi-Vehicle,153.0725987,-27.51513848,Holland Rd,,Holland Park,Greenslopes,No Roadway Feature,No traffic control,60 km/h,Sealed - Dry,Daylight,Straight,Veh'S Opposite Approach: Head On,Head-on,0,1,0,0,1,2,0,0,0,0,0,0
279125,Medical treatment,2015,9,Rear-end,Multi-Vehicle,153.02097,-27.558464,Griffith Arterial Rd,Mt Lindesay Art. Rd,Rocklea,Yeerongpilly,Intersection - Cross,Operating traffic lights,60 km/h,Sealed - Dry,Daylight,Straight,Veh'S Same Direction: Rear End,Rear-end,0,0,1,0,1,1,0,1,0,0,0,0
279126,Hospitalisation,2015,9,Hit object,Single Vehicle,153.022669,-27.538618,Beaudesert Rd,,Moorooka,Yeerongpilly,No Roadway Feature,No traffic control,70 km/h,Sealed - Wet,Daylight,Curved - view open,Off Path-Curve: Off Cway Rt Bend Hit Obj,Off carriageway on curve hit object,0,1,0,0,1,1,0,0,0,0,0,0
279127,Minor injury,2015,15,Rear-end,Multi-Vehicle,153.064122,-27.48374,Bennetts Rd,,Norman Park,Bulimba,No Roadway Feature,No traffic control,0 - 50 km/h,Sealed - Dry,Daylight,Straight,Veh'S Same Direction: Rear End,Rear-end,0,0,0,1,1,3,0,0,0,0,0,0
279128,Hospitalisation,2015,9,Rear-end,Multi-Vehicle,153.008758,-27.553627,Ipswich Rd,,Rocklea,Yeerongpilly,No Roadway Feature,No traffic control,60 km/h,Sealed - Dry,Daylight,Curved - view open,Veh'S Same Direction: Left Rear,Rear-end,0,1,1,0,2,2,0,0,0,0,0,0
279130,Medical treatment,2015,7,Rear-end,Multi-Vehicle,153.106508,-27.586749,South East Art Rd Ramp Xt,South East Arterial Rd,Eight Mile Plains,Stretton,Intersection - Interchange,No traffic control,100 - 110 km/h,Sealed - Dry,Daylight,Straight,Veh'S Same Direction: Rear End,Rear-end,0,0,1,0,1,2,0,0,0,0,0,0
279153,Hospitalisation,2015,7,Angle,Multi-Vehicle,153.026178,-27.584096,Mt Lindesay Art. Rd,Sussex Rd,Acacia Ridge,Sunnybank,Intersection - T-Junction,Give way sign,70 km/h,Sealed - Wet,Daylight,Straight,Veh'S Adjacent Approach: Thru-Right,Intersection from adjacent approaches,0,1,1,0,2,2,0,0,0,0,0,0
279154,Medical treatment,2015,16,Rear-end,Multi-Vehicle,153.042336,-27.602828,Mt Lindesay Art. Rd,,Sunnybank Hills,Stretton,No Roadway Feature,No traffic control,70 km/h,Sealed - Dry,Daylight,Straight,Veh'S Same Direction: Rear End,Rear-end,0,0,2,0,2,3,0,0,0,0,0,0
279157,Medical treatment,2015,8,Rear-end,Multi-Vehicle,152.985879,-27.544338,Lynne Grove Ave,,Corinda,Mount Ommaney,No Roadway Feature,No traffic control,0 - 50 km/h,Sealed - Wet,Daylight,Straight,Veh'S Same Direction: Rear End,Rear-end,0,0,2,0,2,2,0,0,0,0,0,0
279158,Minor injury,2015,6,Rear-end,Multi-Vehicle,152.980047,-27.548307,Oxley Rd,,Corinda,Mount Ommaney,No Roadway Feature,No traffic control,60 km/h,Sealed - Wet,Daylight,Straight,Veh'S Same Direction: Rear End,Rear-end,0,0,0,1,1,1,0,1,0,0,0,0