Crash_Ref_Number,Severity,Year,Hour,Crash_Nature,Crash_Type,Longitude,Latitude,Street,Street_Intersecting,Suburb,Loc_State_Electorate,Crash_Roadway_Feature,Crash_Traffic_Control,Crash_Speed_Limit,Crash_Road_Surface_Condition,Crash_Lighting_Condition,Crash_Road_Horiz_Align,Crash_DCA_Description,Crash_DCA_Group_Description,Count_Casualty_Fatality,Count_Casualty_Hospitalised,Count_Casualty_MedicallyTreated,Count_Casualty_MinorInjury,Count_Casualty_Total,Count_Unit_Car,Count_Unit_Motorcycle_Moped,Count_Unit_Truck,Count_Unit_Bus,Count_Unit_Bicycle,Count_Unit_Pedestrian,Count_Unit_Other
279159,Medical treatment,2015,14,Angle,Multi-Vehicle,153.02732,-27.49765,Annerley Rd,Gladstone Rd,Dutton Park,South Brisbane,Intersection - T-Junction,Operating traffic lights,60 km/h,Sealed - Dry,Daylight,Straight,Veh'S Manoeuvring: Entering From Footway,Vehicle leaving driveway,0,0,1,0,1,1,0,0,0,1,0,0
279195,Medical treatment,2015,17,Angle,Multi-Vehicle,152.948993,-27.595752,Garden Rd,,Richlands,Inala,No Roadway Feature,No traffic control,60 km/h,Sealed - Dry,Daylight,Straight,Veh'S Opposite Approach: Thru-Right,Opposing vehicles turning,0,0,1,0,1,2,0,0,0,0,0,0
279196,Hospitalisation,2015,13,Hit pedestrian,Hit pedestrian,153.080367,-27.548779,Logan Rd,Wanda Rd,Upper Mount Gravatt,Mansfield,Intersection - T-Junction,Give way sign,60 km/h,Sealed - Dry,Daylight,Straight,Ped'N: Near Side Vehicle Hit From Right,Pedestrian,0,1,0,0,1,1,0,0,0,0,1,0
279197,Hospitalisation,2015,19,Angle,Multi-Vehicle,153.12088,-27.54564402,Mt Petrie Rd,Redland Sub-Arterial Rd,Mackenzie,Mansfield,Intersection - Cross,Operating traffic lights,60 km/h,Sealed - Dry,Darkness - Lighted,Straight,Veh'S Opposite Approach: Thru-Right,Opposing vehicles turning,0,1,0,0,1,2,0,0,0,0,0,0
279198,Medical treatment,2015,5,Angle,Multi-Vehicle,153.027152,-27.483223,Vulture St,,South Brisbane,South Brisbane,No Roadway Feature,No traffic control,0 - 50 km/h,Sealed - Dry,Dawn/Dusk,Curved - view open,Veh'S Manoeuvring: Other,Other,0,0,1,0,1,1,0,0,0,1,0,0
279219,Medical treatment,2015,8,Hit parked vehicle,Single Vehicle,153.012862,-27.519255,Stevens St,,Yeronga,Yeerongpilly,No Roadway Feature,No traffic control,0 - 50 km/h,Sealed - Dry,Daylight,Straight,Veh'S On Path: Car Door,Hit parked vehicle,0,0,1,0,1,1,0,0,0,1,0,0
279224,Hospitalisation,2015,14,Hit pedestrian,Hit pedestrian,153.035371,-27.490456,Ipswich Rd,,Woolloongabba,South Brisbane,No Roadway Feature,No traffic control,0 - 50 km/h,Sealed - Dry,Daylight,Straight,Ped'N: Hit Facing Traffic,Pedestrian,0,1,0,0,1,1,0,0,0,0,1,0
279251,Hospitalisation,2015,6,Hit object,Single Vehicle,153.0731749,-27.65092195,Springwood Connection Rd,,Karawatha,Stretton,No Roadway Feature,No traffic control,60 km/h,Sealed - Wet,Daylight,Curved - view open,Off Path-Curve: Off Cway Rt Bend Hit Obj,Off carriageway on curve hit object,0,1,0,0,1,1,0,0,0,0,0,0
279252,Medical treatment,2015,10,Rear-end,Multi-Vehicle,153.06353,-27.603152,Gowan Rd,,Sunnybank Hills,Stretton,No Roadway Feature,No traffic control,60 km/h,Sealed - Dry,Daylight,Straight,Veh'S Same Direction: Rear End,Rear-end,0,0,1,0,1,2,0,0,0,0,0,0
279256,Minor injury,2015,8,Rear-end,Multi-Vehicle,153.096272,-27.469435,Creek Rd,Wynnum Rd,Cannon Hill,Bulimba,Intersection - Cross,Operating traffic lights,60 km/h,Sealed - Dry,Daylight,Straight,Veh'S Same Direction: Right Rear,Rear-end,0,0,0,1,1,2,0,0,0,0,0,0
279257,Hospitalisation,2015,16,Angle,Multi-Vehicle,153.107091,-27.455446,Gateway Arterial Rd,Port Of Brisbane Rd,Murarrie,Bulimba,Intersection - Interchange,Operating traffic lights,60 km/h,Sealed - Dry,Daylight,Straight,Veh'S Adjacent Approach: Thru-Right,Intersection from adjacent approaches,0,1,0,0,1,3,0,0,0,0,0,0
279273,Medical treatment,2015,16,Angle,Multi-Vehicle,153.030855,-27.513882,Ipswich Rd,Venner Rd,Annerley,Yeerongpilly,Intersection - Cross,Operating traffic lights,60 km/h,Sealed - Dry,Daylight,Straight,Veh'S Opposite Approach: Thru-Right,Opposing vehicles turning,0,0,2,0,2,2,0,0,0,0,0,0
279274,Medical treatment,2015,0,Hit object,Single Vehicle,153.111275,-27.487106,Fursden Rd,,Carina,Bulimba,No Roadway Feature,No traffic control,60 km/h,Sealed - Dry,Darkness - Lighted,Straight,Off Path-Straight:Right Off Cway Hit Obj,Off carriageway on straight hit object,0,0,1,0,1,1,0,0,0,0,0,0
279275,Hospitalisation,2015,15,Hit object,Single Vehicle,153.063862,-27.475519,Agnew St,Power St,Norman Park,Bulimba,Intersection - T-Junction,No traffic control,0 - 50 km/h,Sealed - Dry,Daylight,Straight,Off Path-Straight:Right Off Cway Hit Obj,Off carriageway on straight hit object,0,1,0,0,1,0,1,0,0,0,0,0
279285,Hospitalisation,2015,13,Hit object,Single Vehicle,153.1787676,-27.49745421,Chelsea Rd,,Ransome,Chatsworth,No Roadway Feature,No traffic control,0 - 50 km/h,Sealed - Dry,Daylight,Straight,Off Path-Straight: Left Off Cway Hit Obj,Off carriageway on straight hit object,0,1,0,0,1,1,0,0,0,0,0,0
279302,Medical treatment,2015,11,Rear-end,Multi-Vehicle,153.04658,-27.630836,Mt Lindesay Art. Rd,,Calamvale,Stretton,No Roadway Feature,No traffic control,60 km/h,Sealed - Dry,Daylight,Straight,Veh'S Same Direction: Rear End,Rear-end,0,0,1,0,1,2,0,0,0,0,0,0
279303,Hospitalisation,2015,7,Angle,Multi-Vehicle,153.026178,-27.584096,Mt Lindesay Art. Rd,Sussex Rd,Acacia Ridge,Sunnybank,Intersection - T-Junction,No traffic control,70 km/h,Sealed - Dry,Daylight,Straight,Veh'S Manoeuvring: Entering From Footway,Vehicle leaving driveway,0,1,0,0,1,1,1,0,0,0,0,0
279304,Hospitalisation,2015,15,Rear-end,Multi-Vehicle,153.039526,-27.563231,Musgrave Rd,Orange Grove Rd,Coopers Plains,Sunnybank,Intersection - Cross,Operating traffic lights,60 km/h,Sealed - Dry,Daylight,Straight,Veh'S Same Direction: Right Rear,Rear-end,0,1,0,0,1,1,1,0,0,0,0,0
279305,Medical treatment,2015,16,Rear-end,Multi-Vehicle,153.026332,-27.48299,Dock St,Vulture St,South Brisbane,South Brisbane,Intersection - Cross,Operating traffic lights,60 km/h,Sealed - Dry,Daylight,Straight,Veh'S Same Direction: Rear End,Rear-end,0,0,1,0,1,2,0,0,0,0,0,0
279306,Medical treatment,2015,10,Angle,Multi-Vehicle,153.178214,-27.457624,Ernest St,Gordon Pde,Manly,Lytton,Intersection - Roundabout,Give way sign,60 km/h,Sealed - Dry,Daylight,Curved - view open,Veh'S Opposite Approach: Thru-Right,Opposing vehicles turning,0,0,1,0,1,2,0,0,0,0,0,0
279307,Hospitalisation,2015,6,Angle,Multi-Vehicle,153.169998,-27.485332,Rickertt Rd,,Ransome,Chatsworth,No Roadway Feature,No traffic control,80 - 90 km/h,Sealed - Dry,Daylight,Straight,Veh'S Opposite Approach: Head On,Head-on,0,1,0,0,1,2,0,0,0,0,0,0
279328,Hospitalisation,2015,17,Angle,Multi-Vehicle,152.976966,-27.590372,Durella St,Rosemary St,Inala,Inala,Intersection - T-Junction,Give way sign,60 km/h,Sealed - Dry,Daylight,Straight,Veh'S Adjacent Approach: Thru-Right,Intersection from adjacent approaches,0,1,0,0,1,1,1,0,0,0,0,0
279332,Hospitalisation,2015,11,Angle,Multi-Vehicle,153.09205,-27.545366,Newnham Rd,Reydon St,Upper Mount Gravatt,Mansfield,Intersection - T-Junction,No traffic control,60 km/h,Sealed - Dry,Daylight,Straight,Veh'S Opposite Approach: Thru-Right,Opposing vehicles turning,0,1,0,0,1,2,0,0,0,0,0,0
279333,Minor injury,2015,18,Rear-end,Multi-Vehicle,153.086952,-27.564017,Link St,Logan Sub-Arterial Rd,Upper Mount Gravatt,Mansfield,Intersection - Cross,Operating traffic lights,60 km/h,Sealed - Dry,Daylight,Curved - view obscured,Veh'S Same Direction: Rear End,Rear-end,0,0,0,1,1,2,0,0,0,0,0,0
279334,Medical treatment,2015,17,Rear-end,Multi-Vehicle,153.106545,-27.589091,Logan Sub-Arterial Rd,School Rd,Eight Mile Plains,Stretton,Intersection - T-Junction,Give way sign,60 km/h,Sealed - Dry,Daylight,Straight,Veh'S Same Direction: Left Rear,Rear-end,0,0,1,0,1,2,0,0,0,0,0,0
279335,Hospitalisation,2015,10,Hit object,Single Vehicle,153.0291159,-27.48542868,Stanley St,,Woolloongabba,South Brisbane,Intersection - T-Junction,Operating traffic lights,60 km/h,Sealed - Dry,Daylight,Curved - view open,Off Path-Curve: Other,Other,0,1,0,0,1,1,0,0,0,0,0,0
279336,Medical treatment,2015,15,Angle,Multi-Vehicle,153.171207,-27.444277,Charlotte St,,Wynnum,Lytton,No Roadway Feature,No traffic control,0 - 50 km/h,Sealed - Dry,Daylight,Straight,Veh'S Same Direction: U-Turn,U-turn,0,0,1,0,1,2,1,0,0,0,0,0
279360,Medical treatment,2015,8,Rear-end,Multi-Vehicle,153.046865,-27.502875,Cornwall St,Logan Rd,Greenslopes,South Brisbane,Intersection - Cross,Operating traffic lights,60 km/h,Sealed - Dry,Daylight,Straight,Veh'S Same Direction: Rear End,Rear-end,0,0,1,0,1,0,1,0,1,0,0,0
279361,Medical treatment,2015,9,Rear-end,Multi-Vehicle,153.058863,-27.537963,South East Arterial Rd,,Holland Park West,Yeerongpilly,No Roadway Feature,No traffic control,100 - 110 km/h,Sealed - Dry,Daylight,Straight,Veh'S Same Direction: Rear End,Rear-end,0,0,1,0,1,2,0,0,0,0,0,0
279363,Medical treatment,2015,17,Fall from vehicle,Single Vehicle,153.015285,-27.473289,Merivale St,Peel St,South Brisbane,South Brisbane,Intersection - Cross,Operating traffic lights,60 km/h,Sealed - Wet,Dawn/Dusk,Straight,Off Path-Straight: Right Turn,Off carriageway on straight,0,0,1,0,1,0,1,0,0,0,0,0
279364,Hospitalisation,2015,7,Hit parked vehicle,Single Vehicle,153.041654,-27.49798,O'Keefe St,,Woolloongabba,South Brisbane,No Roadway Feature,No traffic control,60 km/h,Sealed - Dry,Daylight,Straight,Veh'S On Path: Car Door,Hit parked vehicle,0,1,0,0,1,1,0,0,0,1,0,0
279365,Hospitalisation,2015,12,Sideswipe,Multi-Vehicle,153.031083,-27.483471,South East Arterial Rd,,Kangaroo Point,South Brisbane,No Roadway Feature,No traffic control,80 - 90 km/h,Sealed - Dry,Daylight,Straight,Veh'S Same Direction: Lane Side Swipe,Lane changes,0,1,0,0,1,1,1,0,0,0,0,0
279366,Medical treatment,2015,17,Rear-end,Multi-Vehicle,153.032238,-27.486417,South East Arterial Rd,,Woolloongabba,South Brisbane,No Roadway Feature,No traffic control,80 - 90 km/h,Sealed - Wet,Daylight,Straight,Veh'S Same Direction: Rear End,Rear-end,0,0,1,0,1,2,0,0,0,0,0,0
279367,Hospitalisation,2015,14,Angle,Multi-Vehicle,153.157274,-27.449824,Pandorea St,Wynnum Rd,Wynnum West,Lytton,Intersection - T-Junction,Give way sign,60 km/h,Sealed - Wet,Daylight,Straight,Veh'S Adjacent Approach: Thru-Right,Intersection from adjacent approaches,0,1,1,0,2,2,0,0,0,0,0,0
279368,Hospitalisation,2015,14,Hit object,Single Vehicle,153.134288,-27.476113,Castlerea St,Manly Rd,Tingalpa,Lytton,Intersection - T-Junction,Operating traffic lights,70 km/h,Sealed - Wet,Daylight,Straight,Veh'S Same Direction: Rear End,Rear-end,0,1,0,0,1,2,0,0,1,0,0,1
279401,Hospitalisation,2015,15,Angle,Multi-Vehicle,153.043441,-27.604691,Algester Rd,Mt Lindesay Art. Rd,Calamvale,Stretton,No Roadway Feature,No traffic control,80 - 90 km/h,Sealed - Wet,Daylight,Straight,Veh'S Same Direction: Lane Side Swipe,Lane changes,0,1,0,0,1,0,1,0,1,0,0,0
279402,Medical treatment,2015,12,Rear-end,Multi-Vehicle,153.046331,-27.633628,Mt Lindesay Art. Rd,,Calamvale,Stretton,No Roadway Feature,No traffic control,80 - 90 km/h,Sealed - Dry,Daylight,Straight,Veh'S Same Direction: Rear End,Rear-end,0,0,1,0,1,2,0,0,1,0,0,0
279404,Hospitalisation,2015,15,Angle,Multi-Vehicle,153.044782,-27.509282,Peach St,Ridge St,Greenslopes,South Brisbane,Intersection - Cross,Stop sign,60 km/h,Sealed - Wet,Daylight,Straight,Veh'S Adjacent Approach: Thru-Right,Intersection from adjacent approaches,0,2,0,0,2,2,0,0,0,0,0,0
279405,Medical treatment,2015,9,Angle,Multi-Vehicle,152.96413,-27.608679,Boss Rd,Leo St,Inala,Inala,Intersection - T-Junction,No traffic control,60 km/h,Sealed - Wet,Daylight,Straight,Veh'S Adjacent Approach: Thru-Right,Intersection from adjacent approaches,0,0,1,0,1,2,0,0,0,0,0,0
279408,Medical treatment,2015,6,Rear-end,Multi-Vehicle,153.064428,-27.467227,Forbes St,Riding Rd,Hawthorne,Bulimba,Intersection - T-Junction,No traffic control,60 km/h,Sealed - Dry,Daylight,Straight,Veh'S Same Direction: Right Rear,Rear-end,0,0,1,0,1,2,0,0,0,0,0,0
279409,Medical treatment,2015,13,Rear-end,Multi-Vehicle,152.980209,-27.547411,Hughes La,Oxley Rd,Corinda,Mount Ommaney,Intersection - T-Junction,No traffic control,60 km/h,Sealed - Dry,Daylight,Straight,Veh'S Same Direction: Right Rear,Rear-end,0,0,2,0,2,2,0,0,0,0,0,0
279410,Medical treatment,2015,14,Angle,Multi-Vehicle,153.081258,-27.587708,Daw Rd,,Runcorn,Sunnybank,No Roadway Feature,No traffic control,60 km/h,Sealed - Wet,Daylight,Straight,Veh'S Manoeuvring: Leaving Driveway,Vehicle leaving driveway,0,0,2,0,2,2,0,0,0,0,0,0
279411,Medical treatment,2015,18,Rear-end,Multi-Vehicle,153.092206,-27.576068,Logan Sub-Arterial Rd,Padstow Rd,Eight Mile Plains,Stretton,Intersection - Cross,Operating traffic lights,60 km/h,Sealed - Wet,Dawn/Dusk,Straight,Veh'S Same Direction: Left Rear,Rear-end,0,0,1,0,1,2,0,0,0,0,0,0
279412,Hospitalisation,2015,19,Rear-end,Multi-Vehicle,153.058989,-27.538408,South East Arterial Rd,,Mount Gravatt,Yeerongpilly,No Roadway Feature,No traffic control,100 - 110 km/h,Sealed - Wet,Darkness - Lighted,Straight,Veh'S Same Direction: Rear End,Rear-end,0,3,0,0,3,3,0,0,0,0,0,0
279452,Medical treatment,2015,7,Angle,Multi-Vehicle,152.922649,-27.5565295,Eumong St,Riverhills Rd,Middle Park,Mount Ommaney,Intersection - T-Junction,Give way sign,60 km/h,Sealed - Wet,Daylight,Curved - view obscured,Veh'S Adjacent Approach: Thru-Right,Intersection from adjacent approaches,0,0,1,0,1,2,0,0,0,0,0,0
279453,Hospitalisation,2015,21,Hit object,Single Vehicle,153.039078,-27.509232,South East Arterial Rd,,Greenslopes,South Brisbane,No Roadway Feature,No traffic control,100 - 110 km/h,Sealed - Wet,Darkness - Lighted,Curved - view open,Off Path-Curve: Off Cway Lt Bend Hit Obj,Off carriageway on curve hit object,0,1,0,0,1,1,0,0,0,0,0,0
279454,Hospitalisation,2015,12,Hit object,Single Vehicle,153.029627,-27.554234,Lillian Ave,Tamblyn Rd,Salisbury,Yeerongpilly,Intersection - T-Junction,No traffic control,0 - 50 km/h,Sealed - Wet,Daylight,Straight,Off Path-Straight: Left Off Cway Hit Obj,Off carriageway on straight hit object,0,1,0,0,1,1,0,0,0,0,0,0
279455,Medical treatment,2015,5,Hit object,Single Vehicle,153.061795,-27.544018,South East Arterial Rd,,Mount Gravatt,Mansfield,No Roadway Feature,No traffic control,100 - 110 km/h,Sealed - Wet,Dawn/Dusk,Straight,Veh'S Same Direction: Rear End,Rear-end,0,0,1,0,1,3,0,0,0,0,0,0
279488,Medical treatment,2015,21,Angle,Multi-Vehicle,152.932228,-27.604085,Boundary Rd,Formation St,Wacol,Inala,Intersection - Roundabout,Give way sign,60 km/h,Sealed - Wet,Darkness - Lighted,Straight,Veh'S Adjacent Approach: Thru-Thru,Intersection from adjacent approaches,0,0,1,0,1,2,0,0,0,0,0,0
279489,Medical treatment,2015,8,Rear-end,Multi-Vehicle,152.936384,-27.548476,Dandenong Rd,,Mount Ommaney,Mount Ommaney,Intersection - Cross,Operating traffic lights,60 km/h,Sealed - Wet,Daylight,Curved - view open,Veh'S Same Direction: Rear End,Rear-end,0,0,1,0,1,2,0,0,0,0,0,0
279490,Hospitalisation,2015,6,Angle,Multi-Vehicle,153.062736,-27.579263,Mains Rd,Selvage St,Sunnybank,Sunnybank,Intersection - Cross,Operating traffic lights,60 km/h,Sealed - Wet,Daylight,Straight,Veh'S Adjacent Approach: Thru-Thru,Intersection from adjacent approaches,0,1,1,0,2,2,0,0,0,0,0,0
279491,Medical treatment,2015,15,Rear-end,Multi-Vehicle,153.084925,-27.590175,Underwood Rd,Warrigal Rd,Eight Mile Plains,Stretton,Intersection - T-Junction,Operating traffic lights,60 km/h,Sealed - Wet,Daylight,Straight,Veh'S Same Direction: Left Rear,Rear-end,0,0,1,0,1,2,0,0,0,0,0,0
279492,Hospitalisation,2015,0,Rear-end,Multi-Vehicle,153.042346,-27.485509,Lisburn St,Vulture St East,East Brisbane,South Brisbane,Intersection - Cross,Operating traffic lights,60 km/h,Sealed - Wet,Darkness - Lighted,Straight,Veh'S Same Direction: Rear End,Rear-end,0,1,1,0,2,2,0,0,0,0,0,0
279495,Hospitalisation,2015,11,Hit object,Single Vehicle,153.162943,-27.564828,Alperton Rd,,Burbank,Mansfield,No Roadway Feature,No traffic control,60 km/h,Sealed - Wet,Daylight,Straight,Veh'S On Path: Temporary Object On C'Way,Other,0,1,0,0,1,1,0,0,0,0,0,0
279496,Medical treatment,2015,16,Rear-end,Multi-Vehicle,153.18018,-27.490283,Chelsea Rd,,Ransome,Chatsworth,No Roadway Feature,No traffic control,60 km/h,Sealed - Wet,Dawn/Dusk,Straight,Veh'S Same Direction: Rear End,Rear-end,0,0,1,0,1,2,0,0,0,0,0,0
279519,Hospitalisation,2015,13,Rear-end,Multi-Vehicle,152.982372,-27.576504,Blunder Rd,Oakmont Ave,Oxley,Inala,Intersection - Cross,Operating traffic lights,60 km/h,Sealed - Wet,Daylight,Straight,Veh'S Same Direction: Rear End,Rear-end,0,1,0,0,1,2,0,0,0,0,0,0
279520,Medical treatment,2015,15,Angle,Multi-Vehicle,153.024915,-27.532817,Beaudesert Rd,Mayfield Rd,Moorooka,Yeerongpilly,Intersection - T-Junction,Operating traffic lights,60 km/h,Sealed - Dry,Daylight,Straight,Veh'S Adjacent Approach: Thru-Right,Intersection from adjacent approaches,0,0,1,0,1,2,0,0,0,0,0,0
279521,Minor injury,2015,15,Angle,Multi-Vehicle,153.107109,-27.455354,Gateway Arterial Rd,Port Of Brisbane Rd,Murarrie,Bulimba,Intersection - Interchange,Operating traffic lights,60 km/h,Sealed - Dry,Daylight,Straight,Veh'S Adjacent Approach: Thru-Right,Intersection from adjacent approaches,0,0,0,2,2,2,0,0,0,0,0,0
279522,Medical treatment,2015,7,Angle,Multi-Vehicle,153.157387,-27.447375,Alex St,Wynnum Rd,Wynnum West,Lytton,Intersection - T-Junction,Give way sign,60 km/h,Sealed - Dry,Daylight,Straight,Veh'S Manoeuvring: Entering From Footway,Vehicle leaving driveway,0,0,1,0,1,1,0,0,0,1,0,0
279523,Hospitalisation,2015,17,Hit object,Single Vehicle,153.1628174,-27.42892433,Wynnum North Rd,,Wynnum,Lytton,No Roadway Feature,No traffic control,60 km/h,Sealed - Dry,Daylight,Straight,Off Path-Straight: Left Off Cway Hit Obj,Off carriageway on straight hit object,0,1,0,0,1,0,1,0,0,0,0,0
279546,Medical treatment,2015,7,Angle,Multi-Vehicle,153.077745,-27.500536,Samuel St,Thomas St,Camp Hill,Greenslopes,Intersection - Cross,Give way sign,60 km/h,Sealed - Dry,Daylight,Straight,Veh'S Adjacent Approach: Thru-Thru,Intersection from adjacent approaches,0,0,2,0,2,3,0,0,0,0,0,0
279548,Hospitalisation,2015,9,Sideswipe,Multi-Vehicle,153.059186,-27.535798,Messines Ridge Rd,South East Arterial Rd,Holland Park West,Greenslopes,Intersection - Interchange,No traffic control,60 km/h,Sealed - Dry,Daylight,Straight,Veh'S Same Direction: Lane Change Left,Lane changes,0,1,0,0,1,1,1,0,0,0,0,0
279549,Medical treatment,2015,15,Rear-end,Multi-Vehicle,153.060083,-27.472161,Balmoral St,,Hawthorne,Bulimba,No Roadway Feature,No traffic control,60 km/h,Sealed - Dry,Daylight,Straight,Veh'S Same Direction: Rear End,Rear-end,0,0,1,0,1,2,0,0,0,0,0,0
279550,Hospitalisation,2015,7,Rear-end,Multi-Vehicle,152.979214,-27.520553,Oxley Rd,,Graceville,Indooroopilly,No Roadway Feature,Pedestrian crossing sign,60 km/h,Sealed - Dry,Daylight,Straight,Veh'S Same Direction: Rear End,Rear-end,0,1,0,0,1,1,0,1,0,0,0,0
279573,Hospitalisation,2015,7,Angle,Multi-Vehicle,153.0207529,-27.58966373,Amherst St,Kilkenny St,Acacia Ridge,Sunnybank,Intersection - Cross,Give way sign,0 - 50 km/h,Sealed - Dry,Daylight,Straight,Veh'S Adjacent Approach: Thru-Thru,Intersection from adjacent approaches,0,1,0,0,1,0,0,0,1,1,0,0
279578,Hospitalisation,2015,14,Sideswipe,Multi-Vehicle,153.111004,-27.462002,Gateway Arterial Rd,,Murarrie,Bulimba,No Roadway Feature,No traffic control,80 - 90 km/h,Sealed - Dry,Daylight,Straight,Veh'S Same Direction: Lane Change Left,Lane changes,0,1,0,0,1,1,0,1,0,0,0,0
279579,Medical treatment,2015,14,Angle,Multi-Vehicle,153.090354,-27.554524,Dawson Rd,Newnham Rd,Upper Mount Gravatt,Mansfield,Intersection - Cross,Operating traffic lights,60 km/h,Sealed - Dry,Daylight,Straight,Veh'S Opposite Approach: Thru-Right,Opposing vehicles turning,0,0,1,2,3,2,0,0,0,0,0,0
279585,Medical treatment,2015,6,Sideswipe,Multi-Vehicle,153.18088,-27.51496,Cleveland Sub-Arterial Rd,,Chandler,Chatsworth,No Roadway Feature,No traffic control,70 km/h,Sealed - Wet,Daylight,Straight,Veh'S Same Direction: Lane Side Swipe,Lane changes,0,0,1,0,1,2,0,1,0,0,0,0
279610,Medical treatment,2015,6,Rear-end,Multi-Vehicle,153.031327,-27.558527,Griffith Arterial Rd,,Salisbury,Sunnybank,No Roadway Feature,No traffic control,60 km/h,Sealed - Dry,Daylight,Straight,Veh'S Same Direction: Rear End,Rear-end,0,0,2,0,2,5,0,1,0,0,0,0
279611,Medical treatment,2015,14,Rear-end,Multi-Vehicle,153.096272,-27.469435,Creek Rd,Wynnum Rd,Cannon Hill,Bulimba,Intersection - T-Junction,Give way sign,60 km/h,Sealed - Dry,Daylight,Curved - view open,Veh'S Same Direction: Left Rear,Rear-end,0,0,2,0,2,2,0,0,0,0,0,0
279613,Hospitalisation,2015,18,Angle,Multi-Vehicle,153.120857,-27.545622,Gardner Rd,Redland Sub-Arterial Rd,Mackenzie,Mansfield,Intersection - Cross,Operating traffic lights,60 km/h,Sealed - Wet,Darkness - Lighted,Straight,Veh'S Adjacent Approach: Thru-Thru,Intersection from adjacent approaches,0,2,0,0,2,2,1,0,0,0,0,0
279614,Medical treatment,2015,11,Angle,Multi-Vehicle,153.0159591,-27.48554527,Hampstead Rd,,Highgate Hill,South Brisbane,No Roadway Feature,No traffic control,0 - 50 km/h,Sealed - Dry,Daylight,Curved - view open,Veh'S Manoeuvring: Entering From Footway,Vehicle leaving driveway,0,0,2,0,2,2,0,0,0,0,0,0
279615,Medical treatment,2015,15,Fall from vehicle,Single Vehicle,153.041265,-27.496497,Logan Rd,Martin St,Woolloongabba,South Brisbane,Intersection - T-Junction,No traffic control,60 km/h,Sealed - Dry,Daylight,Curved - view open,Off Path-Curve: Out Of Control On Cway,Out of control on curve,0,0,1,0,1,0,1,0,0,0,0,1
279616,Hospitalisation,2015,20,Hit parked vehicle,Single Vehicle,153.035731,-27.47412,Main St,,Kangaroo Point,South Brisbane,No Roadway Feature,No traffic control,60 km/h,Sealed - Dry,Darkness - Lighted,Straight,Veh'S On Path: Parked,Hit parked vehicle,0,1,0,0,1,1,1,0,0,0,0,0
279617,Medical treatment,2015,21,Hit pedestrian,Hit pedestrian,153.035799,-27.484442,Main St,Vulture St,Kangaroo Point,South Brisbane,Intersection - Cross,Operating traffic lights,60 km/h,Sealed - Dry,Darkness - Lighted,Straight,Ped'N: Far Side Vehicle Hit From Left,Pedestrian,0,0,1,0,1,1,0,0,0,0,1,0
279641,Medical treatment,2015,15,Rear-end,Multi-Vehicle,153.074244,-27.596202,Beenleigh Rd,Bonemill Rd,Runcorn,Sunnybank,Intersection - T-Junction,Operating traffic lights,60 km/h,Sealed - Dry,Daylight,Straight,Veh'S Same Direction: Rear End,Rear-end,0,0,1,0,1,2,0,0,0,0,0,0
279642,Hospitalisation,2015,15,Angle,Multi-Vehicle,153.0386936,-27.5040948,Juliette St,,Annerley,South Brisbane,Intersection - Cross,Operating traffic lights,60 km/h,Sealed - Dry,Daylight,Straight,Veh'S Adjacent Approach: Thru-Thru,Intersection from adjacent approaches,0,2,0,1,3,2,0,0,0,0,0,0
279643,Medical treatment,2015,22,Angle,Multi-Vehicle,153.121341,-27.502249,Cleveland Sub-Arterial Rd,Wright St,Carindale,Chatsworth,Intersection - T-Junction,Give way sign,60 km/h,Sealed - Dry,Darkness - Lighted,Straight,Veh'S Opposite Approach: Thru-Right,Opposing vehicles turning,0,0,1,0,1,2,0,0,0,0,0,0
279644,Medical treatment,2015,15,Rear-end,Multi-Vehicle,153.110304,-27.501404,Old Cleveland Rd,,Carindale,Chatsworth,Intersection - T-Junction,No traffic control,70 km/h,Sealed - Dry,Daylight,Straight,Veh'S Same Direction: Rear End,Rear-end,0,0,4,1,5,3,0,0,0,0,0,0
279648,Medical treatment,2015,8,Angle,Multi-Vehicle,153.098231,-27.548222,Wishart Rd,,Wishart,Mansfield,No Roadway Feature,No traffic control,0 - 50 km/h,Sealed - Dry,Daylight,Straight,Veh'S Manoeuvring: Other,Other,0,0,1,0,1,1,0,0,0,1,0,0
279649,Hospitalisation,2015,9,Rear-end,Multi-Vehicle,153.032884,-27.489806,South East Arterial Rd,Stanley St,Woolloongabba,South Brisbane,Intersection - Interchange,No traffic control,60 km/h,Sealed - Dry,Daylight,Straight,Veh'S Same Direction: Rear End,Rear-end,0,1,0,0,1,2,0,0,0,0,0,0
279654,Hospitalisation,2015,16,Angle,Multi-Vehicle,153.163882,-27.55912904,Alperton Rd,Redland Sub-Arterial Rd,Burbank,Mansfield,Intersection - T-Junction,Operating traffic lights,80 - 90 km/h,Sealed - Dry,Daylight,Straight,Veh'S Adjacent Approach: Thru-Right,Intersection from adjacent approaches,0,1,0,0,1,2,0,0,0,0,0,0
279676,Medical treatment,2015,8,Sideswipe,Multi-Vehicle,153.046919,-27.64736425,Logan Mwy,,Drewvale,Stretton,No Roadway Feature,No traffic control,100 - 110 km/h,Sealed - Dry,Daylight,Straight,Veh'S Same Direction: Lane Change Left,Lane changes,0,0,1,0,1,1,0,1,0,0,0,0