Crash_Ref_Number,Severity,Year,Hour,Crash_Nature,Crash_Type,Longitude,Latitude,Street,Street_Intersecting,Suburb,Loc_State_Electorate,Crash_Roadway_Feature,Crash_Traffic_Control,Crash_Speed_Limit,Crash_Road_Surface_Condition,Crash_Lighting_Condition,Crash_Road_Horiz_Align,Crash_DCA_Description,Crash_DCA_Group_Description,Count_Casualty_Fatality,Count_Casualty_Hospitalised,Count_Casualty_MedicallyTreated,Count_Casualty_MinorInjury,Count_Casualty_Total,Count_Unit_Car,Count_Unit_Motorcycle_Moped,Count_Unit_Truck,Count_Unit_Bus,Count_Unit_Bicycle,Count_Unit_Pedestrian,Count_Unit_Other
279678,Medical treatment,2015,17,Angle,Multi-Vehicle,153.0167558,-27.55845656,Beatty Rd,Gladstone St,Archerfield,Sunnybank,Intersection - T-Junction,No traffic control,60 km/h,Sealed - Dry,Daylight,Straight,Veh'S Manoeuvring: Reversing,Hit parked vehicle,0,0,1,0,1,2,0,0,0,0,0,0
279679,Hospitalisation,2015,17,Hit object,Single Vehicle,153.114196,-27.524187,Cribb Rd,,Carindale,Mansfield,No Roadway Feature,No traffic control,0 - 50 km/h,Sealed - Dry,Daylight,Straight,Off Path-Straight: Left Off Cway Hit Obj,Off carriageway on straight hit object,0,1,0,0,1,2,0,0,0,0,0,0
279682,Medical treatment,2015,8,Angle,Multi-Vehicle,153.053073,-27.510652,Logan Rd,Toohey Ave,Greenslopes,Greenslopes,Intersection - Cross,No traffic control,60 km/h,Sealed - Dry,Daylight,Straight,Veh'S Opposite Approach: Thru-Right,Opposing vehicles turning,0,0,2,0,2,2,0,0,0,0,0,0
279686,Hospitalisation,2015,9,Hit object,Single Vehicle,153.086252,-27.457135,Lytton Rd,,Morningside,Bulimba,No Roadway Feature,No traffic control,60 km/h,Sealed - Dry,Daylight,Straight,Off Path-Straight:Right Off Cway Hit Obj,Off carriageway on straight hit object,0,1,0,0,1,1,0,0,0,0,0,0
279687,Minor injury,2015,13,Angle,Multi-Vehicle,153.065632,-27.563722,Mains Rd,Pickett St,Macgregor,Sunnybank,Intersection - T-Junction,No traffic control,60 km/h,Sealed - Dry,Daylight,Straight,Veh'S Adjacent Approach: Right-Thru,Intersection from adjacent approaches,0,0,0,1,1,2,0,0,0,0,0,0
279688,Hospitalisation,2015,15,Rear-end,Multi-Vehicle,153.042897,-27.479184,Lytton Rd,,East Brisbane,South Brisbane,No Roadway Feature,No traffic control,60 km/h,Sealed - Dry,Daylight,Straight,Veh'S Same Direction: Rear End,Rear-end,0,1,0,0,1,1,1,0,0,0,0,0
279689,Minor injury,2015,7,Angle,Multi-Vehicle,153.156069,-27.463399,Emmett St,Network Dr,Wynnum West,Lytton,Intersection - T-Junction,No traffic control,0 - 50 km/h,Sealed - Dry,Daylight,Straight,Veh'S Manoeuvring: Entering From Footway,Vehicle leaving driveway,0,0,0,1,1,1,0,0,0,1,0,0
279728,Hospitalisation,2015,18,Angle,Multi-Vehicle,153.078984,-27.52476,Crewe St,Nursery Rd,Holland Park,Greenslopes,Intersection - T-Junction,No traffic control,60 km/h,Sealed - Dry,Darkness - Lighted,Straight,Veh'S Adjacent Approach: Thru-Right,Intersection from adjacent approaches,0,1,0,0,1,1,1,0,0,0,0,0
279729,Hospitalisation,2015,10,Angle,Multi-Vehicle,153.11767,-27.544964,Gateway Art Rd Ramp Xh,Redland Sub-Arterial Rd,Mackenzie,Mansfield,Intersection - Interchange,Operating traffic lights,60 km/h,Sealed - Dry,Daylight,Straight,Veh'S Adjacent Approach: Thru-Right,Intersection from adjacent approaches,0,3,0,0,3,2,0,0,0,0,0,0
279730,Medical treatment,2015,13,Angle,Multi-Vehicle,153.032874,-27.484097,Leopard St,,Kangaroo Point,South Brisbane,Intersection - Cross,Operating traffic lights,60 km/h,Sealed - Dry,Daylight,Straight,Veh'S Adjacent Approach: Thru-Thru,Intersection from adjacent approaches,0,0,3,0,3,2,0,0,0,0,0,0
279757,Medical treatment,2015,0,Head-on,Multi-Vehicle,153.021012,-27.4725013,Victoria Bridge,,South Brisbane,South Brisbane,Bridge/Causeway,No traffic control,0 - 50 km/h,Sealed - Dry,Darkness - Lighted,Straight,Veh'S Opposite Approach: Head On,Head-on,0,0,2,0,2,2,0,0,0,0,0,0
279763,Hospitalisation,2015,18,Hit animal,Other,153.135821,-27.547665,Redland Sub-Arterial Rd,,Burbank,Mansfield,No Roadway Feature,No traffic control,80 - 90 km/h,Sealed - Dry,Dawn/Dusk,Curved - view open,Pass & Misc: Hit Animal,Hit animal,0,1,1,0,2,0,1,0,0,0,0,0
279785,Hospitalisation,2015,11,Angle,Multi-Vehicle,152.958877,-27.569372,Harcourt Rd,Winslow St,Darra,Mount Ommaney,Intersection - T-Junction,Stop sign,60 km/h,Sealed - Dry,Daylight,Straight,Veh'S Adjacent Approach: Thru-Right,Intersection from adjacent approaches,0,2,0,0,2,1,1,0,0,0,0,0
279788,Hospitalisation,2015,17,Hit pedestrian,Hit pedestrian,153.063874,-27.463643,Pashen St,Riding Rd,Hawthorne,Bulimba,Intersection - T-Junction,Pedestrian crossing sign,60 km/h,Sealed - Dry,Daylight,Straight,Ped'N: Near Side Vehicle Hit From Right,Pedestrian,0,1,0,0,1,1,0,0,0,0,1,0
279789,Hospitalisation,2015,13,Angle,Multi-Vehicle,153.052322,-27.570247,Mccullough St,Romulus St,Sunnybank,Sunnybank,Intersection - T-Junction,Give way sign,60 km/h,Sealed - Wet,Daylight,Straight,Veh'S Adjacent Approach: Thru-Right,Intersection from adjacent approaches,0,1,0,0,1,2,0,0,0,0,0,0
279817,Hospitalisation,2015,6,Sideswipe,Multi-Vehicle,153.043576,-27.642065,Mt Lindesay Art. Rd,,Parkinson,Stretton,No Roadway Feature,No traffic control,80 - 90 km/h,Sealed - Dry,Daylight,Curved - view open,Veh'S Same Direction: Lane Change Right,Lane changes,0,1,1,0,2,1,0,1,0,0,0,0
279818,Hospitalisation,2015,16,Rear-end,Multi-Vehicle,153.026485,-27.597318,Learoyd Rd,,Acacia Ridge,Sunnybank,No Roadway Feature,No traffic control,70 km/h,Sealed - Dry,Daylight,Straight,Veh'S Same Direction: Rear End,Rear-end,0,1,0,0,1,3,0,0,0,0,0,0
279820,Medical treatment,2015,8,Angle,Multi-Vehicle,152.976939,-27.514794,Chelmer St E,Oxley Rd,Chelmer,Indooroopilly,Intersection - T-Junction,Stop sign,0 - 50 km/h,Sealed - Dry,Daylight,Straight,Veh'S Adjacent Approach: Thru-Right,Intersection from adjacent approaches,0,0,1,0,1,1,0,0,0,1,0,0
279821,Hospitalisation,2015,10,Angle,Multi-Vehicle,152.969919,-27.513795,Chelmer St W,Laurel Ave,Chelmer,Indooroopilly,Intersection - Cross,Give way sign,0 - 50 km/h,Sealed - Dry,Daylight,Straight,Veh'S Adjacent Approach: Thru-Thru,Intersection from adjacent approaches,0,1,0,1,2,1,0,0,0,1,0,0
279822,Medical treatment,2015,18,Rear-end,Multi-Vehicle,153.007865,-27.557047,Ashover Rd,Ipswich Rd,Rocklea,Sunnybank,Intersection - Y-Junction,No traffic control,0 - 50 km/h,Sealed - Dry,Daylight,Straight,Veh'S Same Direction: Rear End,Rear-end,0,0,1,2,3,4,0,0,0,0,0,0
279823,Medical treatment,2015,15,Sideswipe,Multi-Vehicle,153.0801004,-27.5491709,Logan Rd,Mt Gravatt Rd,Upper Mount Gravatt,Mansfield,Intersection - T-Junction,No traffic control,60 km/h,Sealed - Dry,Daylight,Curved - view open,Veh'S Same Direction: Lane Side Swipe,Lane changes,0,0,1,0,1,2,0,0,0,0,0,0
279853,Hospitalisation,2015,14,Hit object,Single Vehicle,152.908174,-27.560773,Sumners Rd,,Riverhills,Mount Ommaney,No Roadway Feature,No traffic control,0 - 50 km/h,Sealed - Dry,Daylight,Straight,Off Path-Straight: Left Off Cway Hit Obj,Off carriageway on straight hit object,0,1,0,0,1,1,0,0,0,0,0,0
279854,Medical treatment,2015,7,Rear-end,Multi-Vehicle,152.9571609,-27.57280176,Cunningham Arterial Rd,,Darra,Inala,No Roadway Feature,No traffic control,80 - 90 km/h,Sealed - Dry,Daylight,Straight,Veh'S Same Direction: Rear End,Rear-end,0,0,1,0,1,2,0,0,0,0,0,0
279855,Medical treatment,2015,12,Rear-end,Multi-Vehicle,153.086695,-27.487956,Coke St,Kennington Rd,Camp Hill,Chatsworth,Intersection - Cross,No traffic control,60 km/h,Sealed - Dry,Daylight,Straight,Veh'S Same Direction: Right Rear,Rear-end,0,0,2,0,2,1,0,1,0,0,0,0
279856,Hospitalisation,2015,18,Rear-end,Multi-Vehicle,153.067621,-27.491646,Madeline St,Old Cleveland Rd,Camp Hill,Bulimba,Intersection - T-Junction,Give way sign,60 km/h,Sealed - Dry,Dawn/Dusk,Straight,Veh'S Same Direction: Rear End,Rear-end,0,1,1,0,2,3,0,0,0,0,0,0
279858,Hospitalisation,2015,7,Hit pedestrian,Hit pedestrian,152.958604,-27.625204,Grand Ave,,Forest Lake,Algester,No Roadway Feature,No traffic control,0 - 50 km/h,Sealed - Dry,Daylight,Straight,Ped'N: Hit Emerging Behind Vehicle,Pedestrian,0,1,0,0,1,1,0,0,0,0,1,0
279891,Hospitalisation,2015,19,Hit pedestrian,Hit pedestrian,153.039405,-27.544012,Fairlawn St,Toohey Rd,Salisbury,Yeerongpilly,Intersection - T-Junction,Pedestrian operated lights,60 km/h,Sealed - Dry,Darkness - Lighted,Straight,Ped'N: Near Side Vehicle Hit From Right,Pedestrian,0,1,0,0,1,1,0,0,0,0,1,0
279892,Medical treatment,2015,10,Rear-end,Multi-Vehicle,153.087832,-27.468154,Wynnum Rd,,Cannon Hill,Bulimba,No Roadway Feature,No traffic control,0 - 50 km/h,Sealed - Dry,Daylight,Straight,Veh'S Same Direction: Rear End,Rear-end,0,0,1,0,1,2,0,0,0,0,0,0
279893,Medical treatment,2015,15,Angle,Multi-Vehicle,153.06346,-27.461745,Grosvenor St,Riding Rd,Balmoral,Bulimba,Intersection - T-Junction,Stop sign,60 km/h,Sealed - Dry,Daylight,Straight,Veh'S Adjacent Approach: Thru-Right,Intersection from adjacent approaches,0,0,1,0,1,2,0,0,0,0,0,0
279895,Hospitalisation,2015,4,Rear-end,Multi-Vehicle,153.064368,-27.56988,Mains Rd,,Sunnybank,Sunnybank,Intersection - T-Junction,Operating traffic lights,60 km/h,Sealed - Dry,Darkness - Lighted,Straight,Veh'S Same Direction: Rear End,Rear-end,0,1,0,0,1,1,1,0,0,0,0,0
279896,Medical treatment,2015,8,Rear-end,Multi-Vehicle,153.059072,-27.538877,South East Arterial Rd,,Mount Gravatt,Yeerongpilly,No Roadway Feature,No traffic control,100 - 110 km/h,Sealed - Dry,Daylight,Curved - view open,Veh'S Same Direction: Rear End,Rear-end,0,0,1,0,1,3,0,0,0,0,0,0
279897,Medical treatment,2015,17,Rear-end,Multi-Vehicle,153.050088,-27.4874171,Caswell St,,East Brisbane,South Brisbane,No Roadway Feature,No traffic control,60 km/h,Sealed - Dry,Daylight,Curved - view open,Veh'S Same Direction: Rear End,Rear-end,0,0,1,0,1,3,0,0,0,0,0,0
279929,Medical treatment,2015,15,Rear-end,Multi-Vehicle,153.0393477,-27.61304908,Algester Rd,Ridgewood Rd,Algester,Algester,Intersection - Cross,Operating traffic lights,60 km/h,Sealed - Dry,Darkness - Lighted,Straight,Veh'S Same Direction: Left Rear,Rear-end,0,0,1,0,1,2,0,0,0,0,0,0
279931,Minor injury,2015,16,Angle,Multi-Vehicle,153.0216598,-27.51266642,Fairfield Rd,,Yeronga,Yeerongpilly,Intersection - Roundabout,Give way sign,60 km/h,Sealed - Dry,Daylight,Straight,Veh'S Adjacent Approach: Other,Intersection from adjacent approaches,0,0,0,1,1,1,0,0,0,0,0,1
279932,Hospitalisation,2015,11,Sideswipe,Multi-Vehicle,153.0578182,-27.52863549,Bapaume Rd,Sterculia Ave,Holland Park West,Greenslopes,Intersection - Cross,Operating traffic lights,60 km/h,Sealed - Dry,Darkness - Lighted,Straight,Veh'S Same Direction: Right Turn S/Swipe,Parallel lanes turning,0,1,0,0,1,2,0,0,0,0,0,0
279933,Hospitalisation,2015,14,Hit object,Single Vehicle,152.965524,-27.597309,Poinsettia St,,Inala,Inala,No Roadway Feature,No traffic control,60 km/h,Sealed - Dry,Daylight,Straight,Off Path-Straight: Mounts Traffic Island,Off carriageway on straight hit object,0,1,0,0,1,1,0,0,0,0,0,0
279935,Medical treatment,2015,8,Rear-end,Multi-Vehicle,153.087607,-27.57521,Padstow Rd,Warrigal Rd,Eight Mile Plains,Sunnybank,No Roadway Feature,No traffic control,60 km/h,Sealed - Dry,Darkness - Lighted,Straight,Veh'S Same Direction: Left Rear,Rear-end,0,0,2,0,2,3,0,0,0,0,0,0
279936,Hospitalisation,2015,13,Rear-end,Multi-Vehicle,153.122366,-27.488346,Gateway Arterial Rd,,Belmont,Chatsworth,No Roadway Feature,No traffic control,100 - 110 km/h,Sealed - Dry,Daylight,Curved - view open,Veh'S Same Direction: Rear End,Rear-end,0,3,0,0,3,3,0,0,0,0,0,0
279941,Medical treatment,2015,11,Rear-end,Multi-Vehicle,153.147949,-27.509265,Cleveland Sub-Arterial Rd,,Chandler,Chatsworth,No Roadway Feature,No traffic control,80 - 90 km/h,Sealed - Dry,Daylight,Straight,Veh'S Same Direction: Rear End,Rear-end,0,0,1,0,1,3,0,1,0,0,0,0
279967,Minor injury,2015,5,Rear-end,Multi-Vehicle,153.043214,-27.60446,Algester Rd,Mt Lindesay Art. Rd,Calamvale,Stretton,Intersection - Cross,Operating traffic lights,80 - 90 km/h,Sealed - Dry,Dawn/Dusk,Straight,Veh'S Same Direction: Rear End,Rear-end,0,0,0,1,1,2,0,0,0,0,0,0
279968,Medical treatment,2015,13,Rear-end,Multi-Vehicle,153.013066,-27.5574518,Griffith Arterial Rd,,Archerfield,Sunnybank,No Roadway Feature,No traffic control,60 km/h,Sealed - Dry,Daylight,Straight,Veh'S Same Direction: Rear End,Rear-end,0,0,1,0,1,3,0,0,0,0,0,0
279973,Medical treatment,2015,23,Rear-end,Multi-Vehicle,153.066966,-27.450014,Lytton Rd,,Bulimba,Bulimba,No Roadway Feature,No traffic control,60 km/h,Sealed - Dry,Darkness - Lighted,Straight,Veh'S Same Direction: Rear End,Rear-end,0,0,1,0,1,3,0,0,0,0,0,0
279974,Minor injury,2015,17,Angle,Multi-Vehicle,153.107122,-27.455453,Gateway Arterial Rd,Port Of Brisbane Rd,Murarrie,Bulimba,Intersection - Interchange,Operating traffic lights,60 km/h,Sealed - Dry,Daylight,Straight,Veh'S Adjacent Approach: Thru-Right,Intersection from adjacent approaches,0,0,0,2,2,3,0,0,0,0,0,0
279975,Medical treatment,2015,21,Rear-end,Multi-Vehicle,153.083803,-27.565256,Macgregor St,,Upper Mount Gravatt,Mansfield,No Roadway Feature,No traffic control,60 km/h,Sealed - Dry,Darkness - Lighted,Straight,Veh'S Same Direction: Rear End,Rear-end,0,0,1,0,1,4,0,0,0,0,0,0
279976,Medical treatment,2015,10,Angle,Multi-Vehicle,153.013603,-27.47658,Edmondstone St,Melbourne St,South Brisbane,South Brisbane,Intersection - Cross,Operating traffic lights,0 - 50 km/h,Sealed - Dry,Daylight,Straight,Veh'S Opposite Approach: Thru-Right,Opposing vehicles turning,0,0,2,0,2,2,0,0,0,0,0,0
279981,Hospitalisation,2015,18,Rear-end,Multi-Vehicle,153.17722,-27.505224,Chelsea Rd,New Cleveland Rd,Gumdale,Chatsworth,Intersection - T-Junction,No traffic control,80 - 90 km/h,Sealed - Dry,Dawn/Dusk,Straight,Veh'S Same Direction: Right Rear,Rear-end,0,1,1,0,2,2,0,0,0,0,0,0
280004,Hospitalisation,2015,1,Hit object,Single Vehicle,153.012008,-27.641928,Logan Mwy,,Larapinta,Algester,No Roadway Feature,No traffic control,100 - 110 km/h,Sealed - Dry,Darkness - Not lighted,Straight,Veh'S On Path: Accident Or Broken Down,Hit parked vehicle,0,2,0,1,3,1,0,1,0,0,0,0
280032,Hospitalisation,2015,7,Hit pedestrian,Hit pedestrian,153.054465,-27.610068,Calam Rd,Lear St,Sunnybank Hills,Stretton,Intersection - T-Junction,Give way sign,0 - 50 km/h,Sealed - Dry,Daylight,Straight,Ped'N: Near Side Vehicle Hit From Right,Pedestrian,0,1,0,0,1,1,0,0,0,0,1,0
280033,Hospitalisation,2015,11,Hit object,Single Vehicle,153.021257,-27.596541,Learoyd Rd,,Acacia Ridge,Sunnybank,No Roadway Feature,No traffic control,70 km/h,Sealed - Dry,Daylight,Straight,Off Path-Straight: Left Off Cway Hit Obj,Off carriageway on straight hit object,0,1,0,0,1,1,0,0,0,0,0,0
280037,Medical treatment,2015,17,Rear-end,Multi-Vehicle,153.065019,-27.56714,Mains Rd,,Macgregor,Sunnybank,No Roadway Feature,No traffic control,60 km/h,Sealed - Dry,Daylight,Straight,Veh'S Same Direction: Rear End,Rear-end,0,0,1,0,1,4,0,0,0,0,0,0
280038,Minor injury,2015,7,Rear-end,Multi-Vehicle,153.103797,-27.586735,Logan Sub-Arterial Rd,,Eight Mile Plains,Stretton,No Roadway Feature,No traffic control,60 km/h,Sealed - Dry,Daylight,Straight,Veh'S Same Direction: Rear End,Rear-end,0,0,0,1,1,2,0,0,0,0,0,0
280039,Medical treatment,2015,18,Angle,Multi-Vehicle,153.0347799,-27.49471499,Ipswich Rd,Reis St,Woolloongabba,South Brisbane,Intersection - T-Junction,Stop sign,60 km/h,Sealed - Dry,Dawn/Dusk,Straight,Veh'S Manoeuvring: Entering From Footway,Vehicle leaving driveway,0,0,1,0,1,1,0,0,0,1,0,0
280048,Medical treatment,2015,18,Rear-end,Multi-Vehicle,153.176898,-27.558166,Redland Sub-Arterial Rd,,Burbank,Mansfield,No Roadway Feature,No traffic control,80 - 90 km/h,Sealed - Dry,Dawn/Dusk,Straight,Veh'S Same Direction: Rear End,Rear-end,0,0,1,0,1,2,0,0,0,0,0,0
280071,Minor injury,2015,12,Sideswipe,Multi-Vehicle,152.9545416,-27.5747521,Archerfield Rd,,Darra,Inala,No Roadway Feature,No traffic control,60 km/h,Sealed - Dry,Daylight,Curved - view open,Veh'S Same Direction: Lane Change Right,Lane changes,0,0,0,1,1,1,0,1,0,0,0,0
280074,Hospitalisation,2015,15,Angle,Multi-Vehicle,153.055825,-27.526292,Bapaume Rd,Kuring-Gai Ave,Tarragindi,Yeerongpilly,Intersection - T-Junction,Give way sign,60 km/h,Sealed - Dry,Daylight,Straight,Veh'S Opposite Approach: Thru-Right,Opposing vehicles turning,0,1,0,0,1,1,0,0,0,1,0,0
280100,Medical treatment,2015,9,Rear-end,Multi-Vehicle,153.0513099,-27.61119446,Compton Rd,Mt Lindesay Art. Rd,Calamvale,Stretton,Intersection - T-Junction,Give way sign,60 km/h,Sealed - Dry,Daylight,Straight,Veh'S Same Direction: Left Rear,Rear-end,0,0,1,0,1,2,0,0,0,0,0,0
280103,Medical treatment,2015,10,Rear-end,Multi-Vehicle,153.097356,-27.517522,Creek Rd,Pine Mountain Rd,Carindale,Mansfield,Intersection - Cross,Operating traffic lights,60 km/h,Sealed - Dry,Daylight,Straight,Veh'S Same Direction: Rear End,Rear-end,0,0,1,0,1,2,0,0,0,0,0,0
280105,Medical treatment,2015,14,Rear-end,Multi-Vehicle,153.040536,-27.557884,Golda Ave,Orange Grove Rd,Salisbury,Yeerongpilly,Intersection - T-Junction,Give way sign,0 - 50 km/h,Sealed - Dry,Daylight,Straight,Veh'S Same Direction: Right Rear,Rear-end,0,0,1,0,1,1,1,0,0,0,0,0
280106,Hospitalisation,2015,7,Angle,Multi-Vehicle,153.069678,-27.554089,Laver St,Worrell St,Macgregor,Yeerongpilly,Intersection - T-Junction,Give way sign,0 - 50 km/h,Sealed - Dry,Daylight,Curved - view obscured,Veh'S Adjacent Approach: Thru-Right,Intersection from adjacent approaches,0,1,0,0,1,1,0,0,0,1,0,0
280107,Hospitalisation,2015,6,Angle,Multi-Vehicle,153.027421,-27.492672,Annerley Rd,Tillot St,Dutton Park,South Brisbane,Intersection - T-Junction,No traffic control,60 km/h,Sealed - Dry,Daylight,Straight,Veh'S Manoeuvring: Entering From Footway,Vehicle leaving driveway,0,1,0,0,1,0,0,0,0,1,0,1
280108,Medical treatment,2015,6,Sideswipe,Multi-Vehicle,153.035189,-27.491494,Ipswich Rd,,Woolloongabba,South Brisbane,No Roadway Feature,No traffic control,60 km/h,Sealed - Dry,Daylight,Straight,Veh'S Same Direction: Lane Side Swipe,Lane changes,0,0,1,0,1,0,0,1,0,1,0,0
280109,Medical treatment,2015,11,Angle,Multi-Vehicle,153.036012,-27.487672,Ipswich Rd,,Woolloongabba,South Brisbane,No Roadway Feature,No traffic control,60 km/h,Sealed - Dry,Daylight,Straight,Veh'S Same Direction: Lane Change Right,Lane changes,0,0,1,0,1,2,0,0,0,0,0,0
280113,Hospitalisation,2015,15,Angle,Multi-Vehicle,153.128719,-27.50432,Cleveland Sub-Arterial Rd,Old Cleveland Rd,Belmont,Chatsworth,Intersection - Interchange,Operating traffic lights,60 km/h,Sealed - Dry,Daylight,Straight,Veh'S Adjacent Approach: Thru-Thru,Intersection from adjacent approaches,0,3,0,0,3,2,0,0,0,0,0,0
280134,Hospitalisation,2015,14,Hit object,Single Vehicle,152.936473,-27.580348,Cunningham Arterial Rd,,Wacol,Inala,No Roadway Feature,No traffic control,100 - 110 km/h,Sealed - Dry,Daylight,Straight,Veh'S Same Direction: Lane Side Swipe,Lane changes,0,1,0,0,1,1,0,1,0,0,0,0
280135,Medical treatment,2015,10,Fall from vehicle,Single Vehicle,153.040214,-27.599191,Beaudesert Rd,Mt Lindesay Art. Rd,Sunnybank Hills,Stretton,Intersection - T-Junction,No traffic control,80 - 90 km/h,Sealed - Dry,Daylight,Curved - view open,Veh'S Same Direction: Lane Side Swipe,Lane changes,0,0,1,0,1,0,0,1,0,1,0,0
280136,Medical treatment,2015,7,Rear-end,Multi-Vehicle,153.039525,-27.501924,South East Arterial Rd,,Greenslopes,South Brisbane,No Roadway Feature,No traffic control,100 - 110 km/h,Sealed - Dry,Daylight,Straight,Veh'S Same Direction: Rear End,Rear-end,0,0,1,0,1,1,1,0,0,0,0,0
280138,Medical treatment,2015,13,Angle,Multi-Vehicle,153.057701,-27.495388,Harries Rd,Old Cleveland Rd,Coorparoo,Greenslopes,Intersection - T-Junction,Operating traffic lights,60 km/h,Sealed - Dry,Daylight,Curved - view open,Veh'S Opposite Approach: U-Turn,U-turn,0,0,1,0,1,1,0,0,1,0,0,0
280139,Hospitalisation,2015,15,Angle,Multi-Vehicle,153.02427,-27.568389,Boundary Rd,Mt Lindesay Art. Rd,Coopers Plains,Sunnybank,Intersection - Cross,Operating traffic lights,60 km/h,Sealed - Dry,Daylight,Straight,Veh'S Adjacent Approach: Thru-Thru,Intersection from adjacent approaches,0,2,2,0,4,3,0,0,0,0,0,0
280141,Medical treatment,2015,7,Rear-end,Multi-Vehicle,153.106562,-27.589282,Logan Sub-Arterial Rd,Millers Rd,Eight Mile Plains,Stretton,Intersection - T-Junction,Give way sign,60 km/h,Sealed - Dry,Daylight,Straight,Veh'S Same Direction: Left Rear,Rear-end,0,0,1,0,1,1,1,0,0,0,0,0
280142,Medical treatment,2015,10,Hit object,Single Vehicle,153.104441,-27.583192,South East Arterial Rd,,Rochedale,Mansfield,No Roadway Feature,No traffic control,100 - 110 km/h,Sealed - Dry,Daylight,Straight,Veh'S Same Direction: Lane Side Swipe,Lane changes,0,0,3,0,3,2,0,0,0,0,0,0
280143,Medical treatment,2015,17,Angle,Multi-Vehicle,153.028731,-27.487761,Annerley Rd,Clarence St,Woolloongabba,South Brisbane,Intersection - Cross,No traffic control,60 km/h,Sealed - Dry,Daylight,Straight,Veh'S Manoeuvring: Entering From Footway,Vehicle leaving driveway,0,0,1,0,1,1,0,0,0,1,0,0
280176,Hospitalisation,2015,19,Hit pedestrian,Hit pedestrian,153.0514044,-27.58503382,Lang St,Moonarie St,Sunnybank Hills,Sunnybank,Intersection - T-Junction,No traffic control,60 km/h,Sealed - Dry,Darkness - Lighted,Straight,Veh'S Manoeuvring: Other,Other,0,1,0,0,1,0,0,1,0,0,1,0
280179,Hospitalisation,2015,15,Angle,Multi-Vehicle,152.972503,-27.60207,Parakeet St,Partridge St,Inala,Inala,Intersection - Cross,Give way sign,60 km/h,Sealed - Dry,Daylight,Straight,Veh'S Adjacent Approach: Thru-Thru,Intersection from adjacent approaches,0,1,0,0,1,2,0,0,0,0,0,0
280181,Medical treatment,2015,9,Rear-end,Multi-Vehicle,153.023924,-27.523775,Ipswich Rd,South St,Moorooka,Yeerongpilly,Intersection - Cross,Operating traffic lights,60 km/h,Sealed - Dry,Daylight,Straight,Veh'S Same Direction: Rear End,Rear-end,0,0,1,0,1,2,0,0,0,0,0,0
280182,Medical treatment,2015,19,Hit pedestrian,Hit pedestrian,153.070275,-27.462761,Bentley St,Grosvenor St,Morningside,Bulimba,Intersection - T-Junction,No traffic control,0 - 50 km/h,Sealed - Dry,Darkness - Lighted,Straight,Ped'N: Far Side Vehicle Hit From Left,Pedestrian,0,0,1,0,1,1,0,0,0,0,1,0
280192,Medical treatment,2015,16,Rear-end,Multi-Vehicle,153.124748,-27.523318,Gateway Arterial Rd,,Belmont,Chatsworth,No Roadway Feature,No traffic control,100 - 110 km/h,Sealed - Dry,Daylight,Straight,Veh'S Same Direction: Rear End,Rear-end,0,0,3,0,3,2,0,1,0,0,0,0
280213,Hospitalisation,2015,15,Sideswipe,Multi-Vehicle,152.919958,-27.60221,Cunningham Arterial Rd,,Wacol,Inala,Intersection - Interchange,No traffic control,100 - 110 km/h,Sealed - Wet,Daylight,Straight,Veh'S Same Direction: Lane Side Swipe,Lane changes,0,1,0,0,1,2,0,0,0,0,0,0
280217,Medical treatment,2015,11,Rear-end,Multi-Vehicle,153.07788,-27.552681,Klumpp Rd,,Upper Mount Gravatt,Mansfield,No Roadway Feature,No traffic control,60 km/h,Sealed - Dry,Daylight,Straight,Veh'S Same Direction: Rear End,Rear-end,0,0,2,0,2,2,0,0,0,0,0,0
280244,Medical treatment,2015,13,Angle,Multi-Vehicle,152.986218,-27.532928,Sherwood Rd,,Sherwood,Indooroopilly,No Roadway Feature,No traffic control,60 km/h,Sealed - Dry,Daylight,Straight,Veh'S Manoeuvring: Leaving Driveway,Vehicle leaving driveway,0,0,1,0,1,2,0,0,0,0,0,0
280269,Medical treatment,2015,20,Hit object,Single Vehicle,153.051297,-27.611188,Compton Rd,Mt Lindesay Art. Rd,Calamvale,Stretton,Intersection - T-Junction,Operating traffic lights,80 - 90 km/h,Sealed - Wet,Darkness - Lighted,Curved - view open,Veh'S Same Direction: Rear End,Rear-end,0,0,1,0,1,2,0,0,0,0,0,0
280270,Hospitalisation,2015,12,Rear-end,Multi-Vehicle,152.955718,-27.557063,Cardiff Rd,Monier Rd,Darra,Mount Ommaney,Intersection - T-Junction,Give way sign,60 km/h,Sealed - Dry,Daylight,Straight,Veh'S Same Direction: Left Rear,Rear-end,0,1,0,0,1,2,0,0,0,0,0,0
280271,Hospitalisation,2015,7,Angle,Multi-Vehicle,153.041125,-27.501964,Cornwall St,Earl St,Greenslopes,South Brisbane,Intersection - Cross,Operating traffic lights,60 km/h,Sealed - Dry,Daylight,Straight,Veh'S Adjacent Approach: Thru-Thru,Intersection from adjacent approaches,0,3,0,2,5,1,0,0,1,0,0,0
280277,Medical treatment,2015,8,Rear-end,Multi-Vehicle,153.1007297,-27.58419462,Gateway Arterial Rd,,Eight Mile Plains,Stretton,Bridge/Causeway,No traffic control,80 - 90 km/h,Sealed - Dry,Daylight,Straight,Veh'S Same Direction: Rear End,Rear-end,0,0,1,0,1,2,0,0,0,0,0,0