Crash_Ref_Number,Severity,Year,Hour,Crash_Nature,Crash_Type,Longitude,Latitude,Street,Street_Intersecting,Suburb,Loc_State_Electorate,Crash_Roadway_Feature,Crash_Traffic_Control,Crash_Speed_Limit,Crash_Road_Surface_Condition,Crash_Lighting_Condition,Crash_Road_Horiz_Align,Crash_DCA_Description,Crash_DCA_Group_Description,Count_Casualty_Fatality,Count_Casualty_Hospitalised,Count_Casualty_MedicallyTreated,Count_Casualty_MinorInjury,Count_Casualty_Total,Count_Unit_Car,Count_Unit_Motorcycle_Moped,Count_Unit_Truck,Count_Unit_Bus,Count_Unit_Bicycle,Count_Unit_Pedestrian,Count_Unit_Other
280300,Medical treatment,2015,16,Rear-end,Multi-Vehicle,152.990999,-27.563767,Cunningham Arterial Rd,,Rocklea,Sunnybank,No Roadway Feature,No traffic control,100 - 110 km/h,Sealed - Dry,Daylight,Straight,Veh'S Same Direction: Rear End,Rear-end,0,0,1,0,1,2,0,0,0,0,0,0
280303,Hospitalisation,2015,12,Angle,Multi-Vehicle,152.968467,-27.596773,Clipper St,Poinsettia St,Inala,Inala,Intersection - T-Junction,Give way sign,60 km/h,Sealed - Dry,Daylight,Straight,Veh'S Adjacent Approach: Thru-Right,Intersection from adjacent approaches,0,1,0,1,2,2,0,0,0,0,0,0
280307,Medical treatment,2015,17,Rear-end,Multi-Vehicle,153.051109,-27.577648,Eddington St,Lister St,Sunnybank,Sunnybank,Intersection - T-Junction,No traffic control,60 km/h,Sealed - Dry,Daylight,Straight,Veh'S Same Direction: Right Rear,Rear-end,0,0,1,0,1,2,0,0,0,0,0,0
280333,Hospitalisation,2015,9,Hit object,Single Vehicle,153.039044,-27.504727,South East Arterial Rd,,Greenslopes,South Brisbane,No Roadway Feature,No traffic control,100 - 110 km/h,Sealed - Wet,Daylight,Straight,Veh'S Same Direction: Rear End,Rear-end,0,1,0,0,1,1,1,0,0,0,0,0
280334,Hospitalisation,2015,11,Angle,Multi-Vehicle,153.087769,-27.506294,Kildare St,Mcgahan St,Carina Heights,Chatsworth,Intersection - Cross,Give way sign,0 - 50 km/h,Sealed - Dry,Daylight,Straight,Veh'S Adjacent Approach: Thru-Thru,Intersection from adjacent approaches,0,1,0,0,1,2,0,0,0,0,0,0
280335,Medical treatment,2015,8,Angle,Multi-Vehicle,153.04466,-27.500685,Cleveland St,,Greenslopes,South Brisbane,No Roadway Feature,No traffic control,0 - 50 km/h,Sealed - Dry,Daylight,Straight,Veh'S Manoeuvring: Leaving Driveway,Vehicle leaving driveway,0,0,1,0,1,1,1,0,0,0,0,0
280338,Hospitalisation,2015,10,Hit object,Single Vehicle,153.068264,-27.51260165,Cavendish Rd,,Coorparoo,Greenslopes,No Roadway Feature,No traffic control,60 km/h,Sealed - Wet,Daylight,Curved - view open,Veh'S On Path: Temporary Object On C'Way,Other,0,1,0,0,1,1,0,0,0,0,0,0
280339,Hospitalisation,2015,19,Angle,Multi-Vehicle,153.006388,-27.585737,Bowhill Rd,Sherbrooke Rd,Willawong,Sunnybank,Intersection - T-Junction,Operating traffic lights,60 km/h,Sealed - Dry,Darkness - Lighted,Straight,Veh'S Opposite Approach: Thru-Right,Opposing vehicles turning,0,1,0,0,1,1,1,0,0,0,0,0
280340,Hospitalisation,2015,5,Angle,Multi-Vehicle,153.089542,-27.604046,Beenleigh Rd,,Kuraby,Stretton,No Roadway Feature,No traffic control,60 km/h,Sealed - Dry,Dawn/Dusk,Straight,Veh'S Manoeuvring: Leaving Driveway,Vehicle leaving driveway,0,1,0,0,1,1,0,0,0,1,0,0
280367,Medical treatment,2015,8,Angle,Multi-Vehicle,152.954084,-27.570309,Scotts Rd,Winslow St,Darra,Inala,Intersection - Cross,Stop sign,0 - 50 km/h,Sealed - Wet,Daylight,Straight,Veh'S Adjacent Approach: Thru-Right,Intersection from adjacent approaches,0,0,1,0,1,2,0,0,0,0,0,0
280371,Hospitalisation,2015,9,Sideswipe,Multi-Vehicle,153.02427,-27.568389,Boundary Rd,Mt Lindesay Art. Rd,Coopers Plains,Sunnybank,Intersection - Cross,Operating traffic lights,60 km/h,Sealed - Dry,Daylight,Straight,Veh'S Same Direction: Right Turn S/Swipe,Parallel lanes turning,0,1,0,0,1,1,0,1,0,0,0,0
280372,Medical treatment,2015,9,Angle,Multi-Vehicle,153.070617,-27.469221,Redfern St,Wynnum Rd,Morningside,Bulimba,Intersection - Cross,Operating traffic lights,60 km/h,Sealed - Dry,Daylight,Straight,Veh'S Opposite Approach: Thru-Right,Opposing vehicles turning,0,0,1,0,1,1,1,0,0,0,0,0
280374,Medical treatment,2015,16,Hit parked vehicle,Single Vehicle,153.0869834,-27.54431158,Vega St,,Upper Mount Gravatt,Mansfield,No Roadway Feature,No traffic control,0 - 50 km/h,Sealed - Dry,Daylight,Straight,Veh'S On Path: Parked,Hit parked vehicle,0,0,1,0,1,3,0,0,0,0,1,0
280375,Medical treatment,2015,11,Rear-end,Multi-Vehicle,153.065918,-27.55027,Mains Rd,South East Arterial Rd,Upper Mount Gravatt,Yeerongpilly,Intersection - Cross,Operating traffic lights,60 km/h,Sealed - Dry,Daylight,Straight,Veh'S Same Direction: Right Rear,Rear-end,0,0,1,0,1,2,0,0,0,0,0,0
280376,Medical treatment,2015,17,Rear-end,Multi-Vehicle,153.117223,-27.471552,Gateway Arterial Rd,,Tingalpa,Chatsworth,No Roadway Feature,No traffic control,100 - 110 km/h,Sealed - Dry,Daylight,Straight,Veh'S Same Direction: Rear End,Rear-end,0,0,1,0,1,1,0,1,0,0,0,0
280396,Medical treatment,2015,11,Angle,Multi-Vehicle,152.980289,-27.568796,Blunder Rd,Reedy Rd,Oxley,Inala,Intersection - Cross,No traffic control,60 km/h,Sealed - Dry,Daylight,Straight,Veh'S Opposite Approach: Thru-Right,Opposing vehicles turning,0,0,2,0,2,2,0,0,0,0,0,0
280397,Hospitalisation,2015,22,Angle,Multi-Vehicle,153.029395,-27.518288,Cracknell Rd,Ipswich Rd,Annerley,Yeerongpilly,Intersection - Cross,Operating traffic lights,60 km/h,Sealed - Dry,Darkness - Lighted,Curved - view open,Veh'S Opposite Approach: Thru-Right,Opposing vehicles turning,0,1,1,1,3,2,0,0,0,0,0,0
280398,Minor injury,2015,19,Angle,Multi-Vehicle,153.030987,-27.513902,Ipswich Rd,Waterton St,Annerley,Yeerongpilly,Intersection - Cross,Operating traffic lights,60 km/h,Sealed - Dry,Darkness - Lighted,Straight,Veh'S Opposite Approach: Thru-Right,Opposing vehicles turning,0,0,0,1,1,2,0,0,0,0,0,0
280399,Medical treatment,2015,18,Rear-end,Multi-Vehicle,153.059504,-27.494886,Cavendish Rd,,Coorparoo,Greenslopes,No Roadway Feature,No traffic control,60 km/h,Sealed - Dry,Dawn/Dusk,Straight,Veh'S Manoeuvring: Other,Other,0,0,1,0,1,2,0,0,0,0,0,0
280400,Medical treatment,2015,18,Rear-end,Multi-Vehicle,153.0395049,-27.50302319,South East Arterial Rd,,Greenslopes,South Brisbane,No Roadway Feature,No traffic control,100 - 110 km/h,Sealed - Dry,Darkness - Lighted,Straight,Veh'S Same Direction: Rear End,Rear-end,0,0,1,0,1,4,0,0,0,0,0,0
280401,Hospitalisation,2015,0,Overturned,Single Vehicle,153.021422,-27.625508,Paradise Rd,,Pallara,Algester,No Roadway Feature,No traffic control,70 km/h,Sealed - Dry,Darkness - Not lighted,Curved - view obscured,Off Path-Curve: Out Of Control On Cway,Out of control on curve,0,1,0,0,1,0,0,1,0,0,0,0
280402,Medical treatment,2015,15,Rear-end,Multi-Vehicle,153.121396,-27.48619,Gateway Arterial Rd,,Belmont,Chatsworth,No Roadway Feature,No traffic control,100 - 110 km/h,Sealed - Dry,Daylight,Straight,Veh'S Same Direction: Rear End,Rear-end,0,0,2,0,2,2,0,0,0,0,0,0
280408,Medical treatment,2015,18,Rear-end,Multi-Vehicle,153.184113,-27.559055,Redland Sub-Arterial Rd,,Burbank,Mansfield,No Roadway Feature,No traffic control,80 - 90 km/h,Sealed - Dry,Dawn/Dusk,Straight,Veh'S Same Direction: Rear End,Rear-end,0,0,1,0,1,5,0,0,0,0,0,0
280437,Minor injury,2015,11,Hit object,Single Vehicle,153.038599,-27.508645,South East Arterial Rd,,Greenslopes,South Brisbane,No Roadway Feature,No traffic control,80 - 90 km/h,Sealed - Dry,Daylight,Curved - view open,Off Path-Curve: Off Cway Rt Bend Hit Obj,Off carriageway on curve hit object,0,0,0,1,1,1,0,0,0,0,0,0
280439,Medical treatment,2015,18,Angle,Multi-Vehicle,153.121341,-27.502249,Cleveland Sub-Arterial Rd,Old Cleveland Rd,Carindale,Chatsworth,Intersection - T-Junction,Give way sign,60 km/h,Sealed - Dry,Dawn/Dusk,Straight,Veh'S Adjacant Approach: Thru-Left,Intersection from adjacent approaches,0,0,1,0,1,2,0,0,0,0,0,0
280440,Minor injury,2015,23,Angle,Multi-Vehicle,153.100766,-27.584831,Gateway Art Rd Off Ramp,Logan Sub-Arterial Rd,Eight Mile Plains,Stretton,Intersection - Interchange,Operating traffic lights,80 - 90 km/h,Sealed - Wet,Darkness - Lighted,Straight,Veh'S Adjacent Approach: Right-Thru,Intersection from adjacent approaches,0,0,0,1,1,2,0,0,0,0,0,0
280441,Minor injury,2015,17,Hit parked vehicle,Single Vehicle,153.01429,-27.483617,Brighton Rd,,Highgate Hill,South Brisbane,No Roadway Feature,No traffic control,0 - 50 km/h,Sealed - Dry,Darkness - Lighted,Straight,Veh'S On Path: Parked,Hit parked vehicle,0,0,0,1,1,2,0,0,0,0,0,0
280442,Hospitalisation,2015,19,Angle,Multi-Vehicle,153.018857,-27.478468,Glenelg St,Merivale St,South Brisbane,South Brisbane,Intersection - Cross,Operating traffic lights,60 km/h,Sealed - Wet,Darkness - Lighted,Straight,Veh'S Same Direction: Right Rear,Rear-end,0,1,0,0,1,2,0,0,0,0,0,0
280449,Hospitalisation,2015,14,Hit object,Single Vehicle,153.147016,-27.497611,Grassdale Rd,,Gumdale,Chatsworth,No Roadway Feature,No traffic control,60 km/h,Sealed - Wet,Daylight,Straight,Off Path-Straight:Right Off Cway Hit Obj,Off carriageway on straight hit object,0,1,0,0,1,1,0,0,0,0,0,0
280459,Hospitalisation,2015,15,Hit object,Single Vehicle,153.046032,-27.51818,Sexton St,,Tarragindi,Yeerongpilly,No Roadway Feature,No traffic control,60 km/h,Sealed - Wet,Daylight,Straight,Off Path-Straight: Left Off Cway Hit Obj,Off carriageway on straight hit object,0,1,0,0,1,1,0,0,0,0,0,0
280462,Medical treatment,2015,18,Sideswipe,Multi-Vehicle,153.0314647,-27.48409225,South East Arterial Rd,,Woolloongabba,South Brisbane,No Roadway Feature,No traffic control,80 - 90 km/h,Sealed - Wet,Darkness - Lighted,Straight,Veh'S Same Direction: Lane Change Right,Lane changes,0,0,1,0,1,2,0,0,0,0,0,0
280463,Medical treatment,2015,9,Hit object,Single Vehicle,153.034122,-27.492566,South East Arterial Rd,,Woolloongabba,South Brisbane,No Roadway Feature,No traffic control,100 - 110 km/h,Sealed - Dry,Daylight,Curved - view open,Off Path-Curve: Off Cway Rt Bend Hit Obj,Off carriageway on curve hit object,0,0,1,0,1,1,0,0,0,0,0,0
280492,Minor injury,2015,18,Angle,Multi-Vehicle,152.959463,-27.591924,Archerfield Rd,Pine Rd,Inala,Inala,Intersection - Cross,Stop sign,60 km/h,Sealed - Dry,Dawn/Dusk,Straight,Veh'S Adjacent Approach: Thru-Thru,Intersection from adjacent approaches,0,0,0,1,1,2,0,0,0,0,0,0
280503,Hospitalisation,2015,17,Sideswipe,Multi-Vehicle,153.173778,-27.525043,Mt Gravatt - Capalaba Rd,,Chandler,Chatsworth,No Roadway Feature,No traffic control,70 km/h,Sealed - Dry,Daylight,Curved - view open,Veh'S Same Direction: Lane Side Swipe,Lane changes,0,1,0,0,1,1,0,0,0,1,0,0
280523,Medical treatment,2015,18,Angle,Multi-Vehicle,153.11396,-27.519834,Amersham Cres,Greendale Way,Carindale,Chatsworth,Intersection - T-Junction,No traffic control,60 km/h,Sealed - Dry,Dawn/Dusk,Straight,Veh'S Opposite Approach: Thru-Right,Opposing vehicles turning,0,0,2,0,2,2,0,0,0,0,0,0
280525,Medical treatment,2015,17,Angle,Multi-Vehicle,153.116535,-27.543721,Gateway Art Rd Ramp Xh,,Mackenzie,Mansfield,Intersection - Interchange,Operating traffic lights,60 km/h,Sealed - Dry,Daylight,Straight,Veh'S Opposite Approach: Thru-Right,Opposing vehicles turning,0,0,2,0,2,2,0,0,0,0,0,0
280526,Hospitalisation,2015,18,Rear-end,Multi-Vehicle,153.106675,-27.586557,South East Arterial Rd,,Rochedale,Mansfield,Intersection - Interchange,No traffic control,100 - 110 km/h,Sealed - Dry,Darkness - Lighted,Straight,Veh'S Same Direction: Rear End,Rear-end,0,1,0,0,1,2,0,0,0,0,0,0
280527,Medical treatment,2015,14,Sideswipe,Multi-Vehicle,153.0016293,-27.48589687,Montague Rd,,West End,South Brisbane,No Roadway Feature,No traffic control,60 km/h,Sealed - Dry,Daylight,Straight,Off Path-Straight: Left Off Cway Hit Obj,Off carriageway on straight hit object,0,0,1,0,1,0,0,0,1,1,0,0
280561,Hospitalisation,2015,16,Angle,Multi-Vehicle,153.063313,-27.492356,Burke St,Old Cleveland Rd,Coorparoo,Greenslopes,Intersection - T-Junction,No traffic control,60 km/h,Sealed - Dry,Daylight,Straight,Veh'S Manoeuvring: Entering From Footway,Vehicle leaving driveway,0,1,0,0,1,1,0,0,0,1,0,0
280562,Medical treatment,2015,7,Hit pedestrian,Hit pedestrian,152.9688118,-27.58674242,Willow St,,Inala,Inala,No Roadway Feature,No traffic control,0 - 50 km/h,Sealed - Dry,Daylight,Straight,Ped'N: Hit Other,Other,0,0,1,0,1,1,0,0,0,0,1,0
280563,Hospitalisation,2015,10,Hit pedestrian,Hit pedestrian,152.9840899,-27.5326129,Sherwood Rd,,Sherwood,Indooroopilly,No Roadway Feature,No traffic control,60 km/h,Sealed - Dry,Daylight,Straight,Ped'N: Hit Emerging Behind Vehicle,Pedestrian,0,1,0,0,1,1,0,0,0,0,1,0
280564,Medical treatment,2015,8,Head-on,Multi-Vehicle,153.0356494,-27.46424148,Story Bridge,,Kangaroo Point,South Brisbane,Bridge/Causeway,No traffic control,0 - 50 km/h,Sealed - Dry,Daylight,Straight,Veh'S Manoeuvring: Other,Other,0,0,1,0,1,0,0,0,0,2,0,0
280600,Medical treatment,2015,15,Rear-end,Multi-Vehicle,153.0752939,-27.50297099,Boundary Rd,,Camp Hill,Greenslopes,No Roadway Feature,No traffic control,60 km/h,Sealed - Dry,Daylight,Straight,Veh'S Same Direction: Rear End,Rear-end,0,0,1,0,1,2,0,0,0,0,0,0
280601,Medical treatment,2015,16,Angle,Multi-Vehicle,153.061168,-27.536819,Estate Pl,Messines Ridge Rd,Holland Park West,Greenslopes,Intersection - T-Junction,Operating traffic lights,60 km/h,Sealed - Dry,Daylight,Straight,Veh'S Opposite Approach: Thru-Right,Opposing vehicles turning,0,0,2,0,2,2,0,0,0,0,0,0
280604,Medical treatment,2015,8,Rear-end,Multi-Vehicle,153.1181295,-27.53922922,Gateway Arterial Rd,,Mackenzie,Mansfield,No Roadway Feature,No traffic control,100 - 110 km/h,Sealed - Dry,Daylight,Straight,Veh'S Same Direction: Rear End,Rear-end,0,0,1,1,2,2,0,1,0,0,0,0
280631,Hospitalisation,2015,7,Angle,Multi-Vehicle,153.012996,-27.522826,Ortive St,,Yeerongpilly,Yeerongpilly,No Roadway Feature,No traffic control,0 - 50 km/h,Sealed - Dry,Daylight,Straight,Veh'S Same Direction: Right Turn S/Swipe,Parallel lanes turning,0,1,0,0,1,1,0,0,0,1,0,0
280634,Hospitalisation,2015,8,Rear-end,Multi-Vehicle,153.098734,-27.575308,South East Arterial Rd,,Eight Mile Plains,Mansfield,No Roadway Feature,No traffic control,80 - 90 km/h,Sealed - Dry,Daylight,Curved - view open,Veh'S Same Direction: Rear End,Rear-end,0,1,1,0,2,3,0,0,0,0,0,0
280635,Medical treatment,2015,10,Rear-end,Multi-Vehicle,153.019349,-27.491022,Gladstone Rd,,Highgate Hill,South Brisbane,Median Opening,No traffic control,60 km/h,Sealed - Dry,Daylight,Straight,Veh'S Same Direction: Rear End,Rear-end,0,0,1,0,1,1,1,0,0,0,0,0
280666,Medical treatment,2015,6,Hit pedestrian,Hit pedestrian,152.957109,-27.539827,Benronalds St,Counihan Rd,Seventeen Mile Rocks,Mount Ommaney,No Roadway Feature,No traffic control,0 - 50 km/h,Sealed - Dry,Daylight,Straight,Ped'N: Hit Emerging Behind Vehicle,Pedestrian,0,0,1,0,1,1,0,0,0,0,1,0
280667,Hospitalisation,2015,13,Angle,Multi-Vehicle,152.924276,-27.588205,Wacol Station Rd,Wilruna St,Wacol,Inala,Intersection - T-Junction,No traffic control,60 km/h,Sealed - Dry,Daylight,Straight,Veh'S Opposite Approach: Thru-Right,Opposing vehicles turning,0,1,0,0,1,2,0,0,0,0,0,0
280668,Medical treatment,2015,19,Hit parked vehicle,Single Vehicle,153.045442,-27.584204,Coolgardie St,,Sunnybank Hills,Sunnybank,No Roadway Feature,No traffic control,60 km/h,Sealed - Dry,Darkness - Lighted,Curved - view open,Veh'S On Path: Parked,Hit parked vehicle,0,0,1,0,1,2,0,0,0,0,0,0
280669,Medical treatment,2015,19,Angle,Multi-Vehicle,153.100708,-27.499012,Old Cleveland Rd,,Carindale,Chatsworth,Intersection - Cross,Operating traffic lights,60 km/h,Sealed - Dry,Darkness - Lighted,Straight,Veh'S Opposite Approach: Thru-Right,Opposing vehicles turning,0,0,2,0,2,2,0,0,0,0,0,0
280673,Medical treatment,2015,11,Rear-end,Multi-Vehicle,153.018762,-27.488012,Gladstone Rd,,Highgate Hill,South Brisbane,No Roadway Feature,No traffic control,60 km/h,Sealed - Dry,Daylight,Curved - view open,Veh'S Same Direction: Right Rear,Rear-end,0,0,1,0,1,2,0,0,0,0,0,0
280704,Hospitalisation,2015,3,Hit object,Single Vehicle,153.068632,-27.6504979,Illaweena St,,Drewvale,Stretton,No Roadway Feature,No traffic control,60 km/h,Sealed - Dry,Darkness - Lighted,Curved - view obscured,Off Path-Curve: Off Cway Lt Bend Hit Obj,Off carriageway on curve hit object,0,2,0,0,2,1,0,0,0,0,0,0
280705,Medical treatment,2015,11,Hit object,Single Vehicle,152.928688,-27.585786,Cunningham Arterial Rd,,Wacol,Inala,No Roadway Feature,No traffic control,100 - 110 km/h,Sealed - Dry,Daylight,Straight,Off Path-Straight:Right Off Cway Hit Obj,Off carriageway on straight hit object,0,0,1,0,1,1,0,0,0,0,0,0
280709,Medical treatment,2015,7,Angle,Multi-Vehicle,152.971169,-27.588325,Balsa St,Buddleia St,Inala,Inala,Intersection - Cross,Stop sign,60 km/h,Sealed - Dry,Daylight,Straight,Veh'S Adjacent Approach: Thru-Thru,Intersection from adjacent approaches,0,0,1,0,1,2,0,0,0,0,0,0
280711,Medical treatment,2015,6,Hit object,Single Vehicle,153.075151,-27.561788,Griffith Arterial Rd,,Macgregor,Sunnybank,No Roadway Feature,No traffic control,60 km/h,Sealed - Dry,Daylight,Straight,Off Path-Straight: Left Off Cway Hit Obj,Off carriageway on straight hit object,0,0,1,0,1,1,0,0,0,0,0,0
280717,Medical treatment,2015,17,Angle,Multi-Vehicle,153.1502028,-27.50578355,Boston Rd,Tilley Rd,Chandler,Chatsworth,Intersection - Cross,Give way sign,60 km/h,Sealed - Dry,Dawn/Dusk,Straight,Veh'S Adjacent Approach: Thru-Thru,Intersection from adjacent approaches,0,0,1,0,1,2,0,0,0,0,0,0
280731,Medical treatment,2015,15,Rear-end,Multi-Vehicle,152.945809,-27.534281,Seventeen Mile Rocks Rd,Western Arterial Rd,Jindalee,Mount Ommaney,Intersection - T-Junction,Give way sign,60 km/h,Sealed - Dry,Daylight,Curved - view obscured,Veh'S Same Direction: Left Rear,Rear-end,0,0,1,0,1,2,0,0,0,0,0,0
280732,Hospitalisation,2015,12,Sideswipe,Multi-Vehicle,153.012879,-27.519415,Nelson St,Stevens St,Yeronga,Yeerongpilly,Intersection - T-Junction,No traffic control,0 - 50 km/h,Sealed - Dry,Daylight,Straight,Veh'S Same Direction: Right Turn S/Swipe,Parallel lanes turning,0,1,0,1,2,1,1,0,0,0,0,0
280733,Medical treatment,2015,17,Rear-end,Multi-Vehicle,153.0555053,-27.52579901,Marshall Rd,,Tarragindi,Yeerongpilly,No Roadway Feature,No traffic control,60 km/h,Sealed - Dry,Dawn/Dusk,Straight,Veh'S Same Direction: Rear End,Rear-end,0,0,1,0,1,2,0,0,0,0,0,0
280735,Hospitalisation,2015,20,Hit parked vehicle,Single Vehicle,153.024779,-27.538825,Blomfield St,,Moorooka,Yeerongpilly,No Roadway Feature,No traffic control,0 - 50 km/h,Sealed - Dry,Darkness - Not lighted,Straight,Veh'S Opposite Approach: Other,Other,0,1,0,0,1,2,0,0,0,0,0,0
280736,Medical treatment,2015,15,Angle,Multi-Vehicle,153.021049,-27.5585268,Griffith Arterial Rd,Mt Lindesay Art. Rd,Coopers Plains,Yeerongpilly,Intersection - Cross,Operating traffic lights,60 km/h,Sealed - Dry,Daylight,Straight,Veh'S Opposite Approach: Thru-Right,Opposing vehicles turning,0,0,1,0,1,2,0,0,0,0,0,0
280738,Hospitalisation,2015,13,Angle,Multi-Vehicle,153.041895,-27.491822,Deshon St,Holden St,Woolloongabba,South Brisbane,Intersection - T-Junction,Give way sign,60 km/h,Sealed - Dry,Daylight,Straight,Veh'S Adjacent Approach: Thru-Right,Intersection from adjacent approaches,0,1,0,0,1,1,1,0,0,0,0,0
280745,Medical treatment,2015,11,Hit object,Single Vehicle,153.12497,-27.521998,Gateway Arterial Rd,,Belmont,Chatsworth,No Roadway Feature,No traffic control,100 - 110 km/h,Sealed - Dry,Daylight,Straight,Off Path-Straight:Out Of Control On Cway,Out of control on straight,0,0,2,0,2,2,0,0,0,0,0,0
280761,Medical treatment,2015,22,Rear-end,Multi-Vehicle,153.060896,-27.588074,Beenleigh Rd,Pinelands Rd,Sunnybank,Stretton,Intersection - T-Junction,No traffic control,60 km/h,Sealed - Dry,Darkness - Lighted,Straight,Veh'S Same Direction: Left Rear,Rear-end,0,0,1,0,1,2,0,0,0,0,0,0
280764,Medical treatment,2015,14,Angle,Multi-Vehicle,153.107122,-27.455453,Gateway Arterial Rd,Port Of Brisbane Rd,Murarrie,Bulimba,Intersection - Interchange,Operating traffic lights,60 km/h,Sealed - Dry,Daylight,Straight,Veh'S Adjacent Approach: Right-Thru,Intersection from adjacent approaches,0,0,1,0,1,2,0,0,0,0,0,0
280765,Hospitalisation,2015,16,Fall from vehicle,Single Vehicle,153.027421,-27.497611,Annerley Rd,Gladstone Rd,Dutton Park,South Brisbane,Intersection - Cross,Operating traffic lights,60 km/h,Sealed - Wet,Daylight,Straight,Off Path-Straight: Left Turn,Off carriageway on straight,0,1,0,0,1,0,1,0,0,0,0,0
280769,Hospitalisation,2015,8,Hit object,Single Vehicle,152.95071,-27.633119,Johnson Rd,,Forest Lake,Inala,No Roadway Feature,No traffic control,60 km/h,Sealed - Dry,Darkness - Not lighted,Straight,Off Path-Straight: Left Off Cway Hit Obj,Off carriageway on straight hit object,0,1,0,0,1,1,0,0,0,0,0,0
280799,Medical treatment,2015,12,Angle,Multi-Vehicle,153.039711,-27.504215,Juliette St,,Greenslopes,South Brisbane,Intersection - Cross,Operating traffic lights,60 km/h,Sealed - Dry,Daylight,Straight,Veh'S Adjacent Approach: Thru-Thru,Intersection from adjacent approaches,0,0,1,0,1,2,0,0,0,0,0,0
280803,Minor injury,2015,14,Rear-end,Multi-Vehicle,153.091633,-27.555013,Dawson Rd,Redland Sub-Arterial Rd,Wishart,Mansfield,Intersection - T-Junction,Give way sign,60 km/h,Sealed - Dry,Daylight,Curved - view open,Veh'S Same Direction: Left Rear,Rear-end,0,0,0,1,1,2,0,0,0,0,0,0
280804,Medical treatment,2015,16,Rear-end,Multi-Vehicle,153.042176,-27.478884,Lytton Rd,,East Brisbane,South Brisbane,No Roadway Feature,Operating traffic lights,60 km/h,Sealed - Dry,Daylight,Straight,Veh'S Same Direction: Rear End,Rear-end,0,0,1,0,1,2,0,0,0,0,0,0
280848,Medical treatment,2015,6,Hit object,Single Vehicle,153.054921,-27.603427,Radan St,,Sunnybank Hills,Stretton,No Roadway Feature,No traffic control,0 - 50 km/h,Sealed - Wet,Daylight,Curved - view open,Off Path-Curve: Off Cway Lt Bend Hit Obj,Off carriageway on curve hit object,0,0,1,0,1,1,0,0,0,0,0,0
280850,Medical treatment,2015,18,Rear-end,Multi-Vehicle,153.107844,-27.49455,Bedivere St,,Carindale,Chatsworth,No Roadway Feature,No traffic control,60 km/h,Sealed - Wet,Dawn/Dusk,Straight,Veh'S Same Direction: Rear End,Rear-end,0,0,1,0,1,2,0,0,0,0,0,0
280851,Medical treatment,2015,7,Rear-end,Multi-Vehicle,153.077196,-27.493161,Boundary Rd,Old Cleveland Rd,Camp Hill,Greenslopes,Intersection - Cross,Operating traffic lights,60 km/h,Sealed - Dry,Daylight,Straight,Veh'S Same Direction: Rear End,Rear-end,0,0,1,0,1,2,0,0,0,0,0,0
280855,Medical treatment,2015,14,Angle,Multi-Vehicle,153.059061,-27.534495,Gaza Rd,Messines Ridge Rd,Holland Park West,Greenslopes,Intersection - T-Junction,Operating traffic lights,60 km/h,Sealed - Dry,Daylight,Straight,Veh'S Opposite Approach: Thru-Right,Opposing vehicles turning,0,0,1,0,1,2,0,0,0,0,0,0
280856,Medical treatment,2015,20,Hit object,Single Vehicle,152.980584,-27.57687,Freeman Rd,,Durack,Inala,No Roadway Feature,No traffic control,70 km/h,Sealed - Wet,Darkness - Lighted,Straight,Off Path-Straight: Left Off Cway Hit Obj,Off carriageway on straight hit object,0,0,2,0,2,1,0,0,0,0,0,0
280858,Hospitalisation,2015,10,Angle,Multi-Vehicle,153.019383,-27.528955,Ipswich Rd,Kensal St,Moorooka,Yeerongpilly,Intersection - T-Junction,Give way sign,60 km/h,Sealed - Dry,Daylight,Straight,Veh'S Adjacant Approach: Thru-Left,Intersection from adjacent approaches,0,1,0,0,1,1,1,0,0,0,0,0
280859,Hospitalisation,2015,18,Hit object,Single Vehicle,153.023083,-27.52495572,Beaudesert Rd,Ipswich Rd,Moorooka,Yeerongpilly,Intersection - T-Junction,Operating traffic lights,60 km/h,Sealed - Wet,Darkness - Lighted,Straight,Off Path-Straight: Mounts Traffic Island,Off carriageway on straight hit object,0,1,0,0,1,1,0,0,0,0,0,0
280860,Minor injury,2015,17,Angle,Multi-Vehicle,153.103983,-27.465266,Murarrie Rd,,Murarrie,Bulimba,No Roadway Feature,No traffic control,0 - 50 km/h,Sealed - Dry,Daylight,Curved - view open,Veh'S Manoeuvring: Leaving Parking,Vehicle leaving driveway,0,0,0,1,1,2,0,0,0,0,0,0
280861,Hospitalisation,2015,21,Hit object,Single Vehicle,153.062051,-27.571316,Canna St,,Sunnybank,Sunnybank,No Roadway Feature,No traffic control,0 - 50 km/h,Sealed - Wet,Darkness - Lighted,Straight,Off Path-Straight: Left Off Cway Hit Obj,Off carriageway on straight hit object,0,1,0,1,2,1,0,0,0,0,0,0
280862,Medical treatment,2015,16,Angle,Multi-Vehicle,153.041866,-27.485431,Blackall Tce,Vulture St East,East Brisbane,South Brisbane,Intersection - T-Junction,No traffic control,60 km/h,Sealed - Wet,Daylight,Straight,Veh'S Adjacant Approach: Thru-Left,Intersection from adjacent approaches,0,0,1,0,1,1,1,0,0,0,0,0