Crash_Ref_Number,Severity,Year,Hour,Crash_Nature,Crash_Type,Longitude,Latitude,Street,Street_Intersecting,Suburb,Loc_State_Electorate,Crash_Roadway_Feature,Crash_Traffic_Control,Crash_Speed_Limit,Crash_Road_Surface_Condition,Crash_Lighting_Condition,Crash_Road_Horiz_Align,Crash_DCA_Description,Crash_DCA_Group_Description,Count_Casualty_Fatality,Count_Casualty_Hospitalised,Count_Casualty_MedicallyTreated,Count_Casualty_MinorInjury,Count_Casualty_Total,Count_Unit_Car,Count_Unit_Motorcycle_Moped,Count_Unit_Truck,Count_Unit_Bus,Count_Unit_Bicycle,Count_Unit_Pedestrian,Count_Unit_Other
280907,Minor injury,2015,7,Rear-end,Multi-Vehicle,152.940869,-27.547179,Dandenong Rd,Western Arterial Rd,Mount Ommaney,Mount Ommaney,Intersection - Roundabout,Give way sign,60 km/h,Sealed - Dry,Daylight,Straight,Veh'S Same Direction: Left Rear,Rear-end,0,0,0,2,2,2,0,0,0,0,0,0
280912,Medical treatment,2015,22,Hit object,Single Vehicle,153.132662,-27.45694,Hemmant Tingalpa Rd,,Hemmant,Lytton,No Roadway Feature,No traffic control,60 km/h,Sealed - Dry,Darkness - Lighted,Curved - view open,Off Path-Curve: Off Cway Rt Bend Hit Obj,Off carriageway on curve hit object,0,0,1,0,1,1,0,0,0,0,0,0
280915,Hospitalisation,2015,21,Hit object,Single Vehicle,153.149764,-27.508041,Tilley Rd,,Chandler,Chatsworth,No Roadway Feature,No traffic control,70 km/h,Sealed - Dry,Darkness - Not lighted,Straight,Veh'S Opposite Approach: Head On,Head-on,0,1,0,0,1,1,1,0,0,0,0,0
280931,Medical treatment,2015,17,Angle,Multi-Vehicle,153.077107,-27.597517,Beenleigh Rd,Nursery Ave,Runcorn,Stretton,Intersection - T-Junction,Give way sign,70 km/h,Sealed - Wet,Darkness - Lighted,Straight,Veh'S Adjacent Approach: Thru-Right,Intersection from adjacent approaches,0,0,2,0,2,2,0,0,0,0,0,0
280932,Hospitalisation,2015,21,Angle,Multi-Vehicle,153.093292,-27.468981,Southgate Ave,Wynnum Rd,Cannon Hill,Bulimba,Intersection - Cross,Operating traffic lights,60 km/h,Sealed - Wet,Darkness - Lighted,Straight,Veh'S Adjacent Approach: Thru-Right,Intersection from adjacent approaches,0,1,0,0,1,1,1,0,0,0,0,0
280934,Medical treatment,2015,21,Rear-end,Multi-Vehicle,153.026774,-27.483113,Vulture St,,South Brisbane,South Brisbane,Intersection - T-Junction,No traffic control,60 km/h,Sealed - Wet,Darkness - Lighted,Curved - view obscured,Veh'S Manoeuvring: Entering From Footway,Vehicle leaving driveway,0,0,1,0,1,1,0,0,0,1,0,0
280957,Medical treatment,2015,20,Hit parked vehicle,Single Vehicle,153.034858,-27.615899,Macaranga St,,Algester,Algester,No Roadway Feature,No traffic control,0 - 50 km/h,Sealed - Wet,Darkness - Lighted,Straight,Veh'S Opposite Approach: Other,Other,0,0,1,0,1,2,0,0,0,0,0,0
280958,Fatal,2015,19,Hit parked vehicle,Single Vehicle,152.957791,-27.562363,Southern Cross Ave,,Darra,Mount Ommaney,No Roadway Feature,No traffic control,0 - 50 km/h,Sealed - Wet,Darkness - Not lighted,Straight,Veh'S Opposite Approach: Other,Other,1,0,0,0,1,2,0,0,0,0,0,0
280960,Medical treatment,2015,12,Angle,Multi-Vehicle,153.024062,-27.567418,Mt Lindesay Art. Rd,,Coopers Plains,Sunnybank,No Roadway Feature,No traffic control,70 km/h,Sealed - Dry,Daylight,Straight,Veh'S Same Direction: Lane Change Right,Lane changes,0,0,1,0,1,2,0,0,0,0,0,0
280961,Medical treatment,2015,7,Hit pedestrian,Hit pedestrian,153.172784,-27.455381,Preston Rd,,Manly West,Lytton,No Roadway Feature,No traffic control,60 km/h,Sealed - Wet,Daylight,Curved - view open,Ped'N: Far Side Vehicle Hit From Left,Pedestrian,0,0,1,0,1,1,0,0,0,0,1,0
280980,Hospitalisation,2015,21,Fall from vehicle,Single Vehicle,152.9501681,-27.60092604,Forest Lake Blvd,Government Rd,Richlands,Inala,Intersection - Roundabout,Give way sign,60 km/h,Sealed - Dry,Darkness - Not lighted,Straight,Off Path-Straight:Out Of Control On Cway,Out of control on straight,0,1,0,0,1,0,1,0,0,0,0,0
280982,Hospitalisation,2015,2,Hit object,Single Vehicle,152.9944058,-27.55934546,Collinsvale St,,Rocklea,Yeerongpilly,No Roadway Feature,No traffic control,60 km/h,Sealed - Dry,Darkness - Lighted,Curved - view open,Off Path-Curve: Off Cway Lt Bend Hit Obj,Off carriageway on curve hit object,0,1,0,0,1,1,0,0,0,0,0,0
280983,Minor injury,2015,6,Hit parked vehicle,Single Vehicle,153.126138,-27.448821,Doughboy Pde,,Hemmant,Lytton,No Roadway Feature,No traffic control,0 - 50 km/h,Sealed - Dry,Dawn/Dusk,Straight,Veh'S Opposite Approach: Other,Other,0,0,0,1,1,2,0,0,0,0,0,0
280987,Medical treatment,2015,12,Rear-end,Multi-Vehicle,153.1805073,-27.48655387,Rickertt Rd,,Ransome,Chatsworth,No Roadway Feature,No traffic control,80 - 90 km/h,Sealed - Dry,Daylight,Straight,Veh'S Same Direction: Rear End,Rear-end,0,0,1,1,2,2,0,0,0,0,0,0
281005,Hospitalisation,2015,19,Sideswipe,Multi-Vehicle,153.025257,-27.505988,Fairfield Rd,Victoria St,Fairfield,Yeerongpilly,Intersection - Cross,Operating traffic lights,60 km/h,Sealed - Dry,Darkness - Lighted,Straight,Veh'S Same Direction: Right Turn S/Swipe,Parallel lanes turning,0,1,0,0,1,1,1,0,0,0,0,0
281006,Hospitalisation,2015,7,Angle,Multi-Vehicle,152.977228,-27.598243,Inala Ave,Thrush St,Inala,Inala,Intersection - T-Junction,Give way sign,60 km/h,Sealed - Dry,Daylight,Curved - view open,Veh'S Adjacent Approach: Thru-Right,Intersection from adjacent approaches,0,1,0,0,1,1,1,0,0,0,0,0
281008,Hospitalisation,2015,15,Angle,Multi-Vehicle,152.996237,-27.555036,Dunn Rd,Suscatand St,Rocklea,Yeerongpilly,No Roadway Feature,No traffic control,60 km/h,Sealed - Dry,Daylight,Straight,Veh'S Overtaking: Overtake-Right Turn,Overtaking same direction,0,1,0,0,1,1,1,0,0,0,0,0
281009,Medical treatment,2015,11,Fall from vehicle,Single Vehicle,153.079999,-27.554281,Logan Rd,,Upper Mount Gravatt,Mansfield,No Roadway Feature,No traffic control,0 - 50 km/h,Sealed - Dry,Daylight,Straight,Pass & Misc: Fell In/From Vehicle,Other,0,0,1,0,1,0,0,0,1,0,0,0
281039,Hospitalisation,2015,17,Angle,Multi-Vehicle,153.175712,-27.444451,Akonna St,Clara St,Wynnum,Lytton,Intersection - Cross,Stop sign,0 - 50 km/h,Sealed - Dry,Daylight,Straight,Veh'S Adjacent Approach: Thru-Thru,Intersection from adjacent approaches,0,1,0,0,1,1,1,0,0,0,0,0
281040,Medical treatment,2015,4,Angle,Multi-Vehicle,153.116894,-27.4733509,Gateway Arterial Rd,,Tingalpa,Chatsworth,No Roadway Feature,No traffic control,100 - 110 km/h,Sealed - Dry,Darkness - Lighted,Straight,Veh'S Same Direction: Lane Change Left,Lane changes,0,0,1,1,2,1,0,1,0,0,0,0
281060,Medical treatment,2015,16,Sideswipe,Multi-Vehicle,152.980289,-27.568796,Blunder Rd,Factory Rd,Oxley,Inala,Intersection - Cross,Stop sign,60 km/h,Sealed - Dry,Daylight,Straight,Veh'S Same Direction: Left Turn S/Swipe,Parallel lanes turning,0,0,1,0,1,1,0,1,0,0,0,0
281061,Medical treatment,2015,12,Angle,Multi-Vehicle,153.057264,-27.585963,Beenleigh Rd,Wynne St,Sunnybank,Sunnybank,Intersection - Cross,Operating traffic lights,60 km/h,Sealed - Dry,Daylight,Straight,Veh'S Opposite Approach: Thru-Right,Opposing vehicles turning,0,0,1,0,1,2,0,0,0,0,0,0
281062,Hospitalisation,2015,5,Angle,Multi-Vehicle,153.039965,-27.599032,Hellawell Rd,Mt Lindesay Art. Rd,Sunnybank Hills,Sunnybank,Intersection - Cross,Operating traffic lights,80 - 90 km/h,Sealed - Dry,Darkness - Lighted,Straight,Veh'S Adjacent Approach: Thru-Thru,Intersection from adjacent approaches,0,2,0,0,2,3,0,0,0,0,0,0
281063,Minor injury,2015,10,Sideswipe,Multi-Vehicle,153.037699,-27.503901,Juliette St,Prince St,Annerley,South Brisbane,Intersection - Cross,No traffic control,60 km/h,Sealed - Dry,Daylight,Straight,Veh'S Same Direction: Right Turn S/Swipe,Parallel lanes turning,0,0,0,2,2,2,0,0,0,0,0,0
281069,Medical treatment,2015,14,Angle,Multi-Vehicle,153.022893,-27.530532,Durack St,Vale St,Moorooka,Yeerongpilly,Intersection - T-Junction,Give way sign,0 - 50 km/h,Sealed - Dry,Daylight,Straight,Veh'S Adjacant Approach: Thru-Left,Intersection from adjacent approaches,0,0,1,0,1,1,0,1,0,0,0,0
281071,Medical treatment,2015,19,Hit object,Single Vehicle,153.041239,-27.496336,Logan Rd,,Woolloongabba,South Brisbane,No Roadway Feature,No traffic control,60 km/h,Sealed - Dry,Darkness - Lighted,Curved - view open,Veh'S On Path: Temporary Object On C'Way,Other,0,0,1,0,1,0,1,0,0,0,0,0
281097,Medical treatment,2015,14,Hit parked vehicle,Single Vehicle,153.016561,-27.519727,Querrin St,,Yeronga,Yeerongpilly,No Roadway Feature,No traffic control,0 - 50 km/h,Sealed - Dry,Daylight,Straight,Veh'S Opposite Approach: Other,Other,0,0,1,0,1,2,0,0,0,0,0,0
281098,Medical treatment,2015,11,Rear-end,Multi-Vehicle,153.060157,-27.492834,Kitchener St,,Coorparoo,Greenslopes,No Roadway Feature,No traffic control,0 - 50 km/h,Sealed - Dry,Daylight,Straight,Veh'S Manoeuvring: Reversing,Hit parked vehicle,0,0,2,0,2,2,0,0,0,0,0,0
281100,Hospitalisation,2015,7,Angle,Multi-Vehicle,153.064257,-27.465361,Dutton St,Riding Rd,Hawthorne,Bulimba,Intersection - T-Junction,No traffic control,60 km/h,Sealed - Dry,Daylight,Straight,Veh'S Adjacent Approach: Thru-Right,Intersection from adjacent approaches,0,1,0,0,1,2,0,0,0,0,0,0
281101,Minor injury,2015,12,Angle,Multi-Vehicle,153.090252,-27.57143,Logan Sub-Arterial Rd,South East Arterial Rd,Eight Mile Plains,Sunnybank,Intersection - Interchange,Operating traffic lights,60 km/h,Sealed - Dry,Daylight,Straight,Veh'S Adjacent Approach: Thru-Right,Intersection from adjacent approaches,0,0,0,1,1,2,0,0,0,0,0,0
281102,Medical treatment,2015,10,Rear-end,Multi-Vehicle,153.033167,-27.500746,Cornwall St,,Woolloongabba,South Brisbane,No Roadway Feature,No traffic control,60 km/h,Sealed - Dry,Daylight,Straight,Veh'S Same Direction: Rear End,Rear-end,0,0,2,0,2,2,0,0,0,0,0,0
281133,Hospitalisation,2015,12,Rear-end,Multi-Vehicle,153.030018,-27.501784,Annerley Rd,Carville St,Annerley,South Brisbane,Intersection - T-Junction,No traffic control,60 km/h,Sealed - Dry,Daylight,Straight,Veh'S Same Direction: Right Rear,Rear-end,0,1,0,0,1,1,1,0,0,0,0,0
281135,Hospitalisation,2015,11,Hit pedestrian,Hit pedestrian,152.9818098,-27.53881569,Oxley Rd,,Corinda,Mount Ommaney,No Roadway Feature,No traffic control,60 km/h,Sealed - Dry,Daylight,Straight,Ped'N: Far Side Vehicle Hit From Left,Pedestrian,0,1,0,0,1,1,0,0,0,0,1,0
281136,Hospitalisation,2015,16,Angle,Multi-Vehicle,153.167314,-27.449645,Emsworth St,Louis St,Wynnum,Lytton,Intersection - Cross,Stop sign,0 - 50 km/h,Sealed - Dry,Daylight,Straight,Veh'S Adjacent Approach: Thru-Thru,Intersection from adjacent approaches,0,2,0,0,2,2,0,0,0,0,0,0
281137,Medical treatment,2015,16,Angle,Multi-Vehicle,153.172079,-27.449601,Dibar St,Pine St,Wynnum,Lytton,Intersection - Cross,Give way sign,60 km/h,Sealed - Dry,Daylight,Straight,Veh'S Adjacent Approach: Thru-Thru,Intersection from adjacent approaches,0,0,2,0,2,2,0,0,0,0,0,0
281166,Medical treatment,2015,16,Sideswipe,Multi-Vehicle,153.0603564,-27.58885104,Pinelands Rd,,Sunnybank Hills,Sunnybank,No Roadway Feature,No traffic control,60 km/h,Sealed - Dry,Darkness - Lighted,Straight,Veh'S Same Direction: Lane Change Right,Lane changes,0,0,2,0,2,2,0,0,0,0,0,0
281168,Minor injury,2015,11,Angle,Multi-Vehicle,153.07512,-27.533452,Invermore St,Logan Rd,Mount Gravatt,Greenslopes,Intersection - T-Junction,Operating traffic lights,60 km/h,Sealed - Dry,Daylight,Straight,Veh'S Opposite Approach: Thru-Right,Opposing vehicles turning,0,0,0,1,1,2,0,0,0,0,0,0
281169,Medical treatment,2015,13,Sideswipe,Multi-Vehicle,152.982358,-27.580054,Highfield St,,Durack,Inala,No Roadway Feature,No traffic control,60 km/h,Sealed - Dry,Daylight,Straight,Veh'S Same Direction: Right Turn S/Swipe,Parallel lanes turning,0,0,1,0,1,2,0,0,0,0,0,0
281174,Hospitalisation,2015,7,Rear-end,Multi-Vehicle,153.1832907,-27.48697913,Rickertt Rd,,Ransome,Chatsworth,No Roadway Feature,No traffic control,80 - 90 km/h,Sealed - Dry,Daylight,Straight,Veh'S Same Direction: Other,Other,0,1,0,0,1,2,0,0,0,0,0,0
281198,Hospitalisation,2015,8,Hit pedestrian,Hit pedestrian,153.061031,-27.587763,Beenleigh Rd,Mains Rd,Sunnybank,Sunnybank,Intersection - T-Junction,School crossing - flags,60 km/h,Sealed - Dry,Daylight,Curved - view open,Ped'N: Near Side Vehicle Hit From Right,Pedestrian,0,1,0,0,1,1,0,0,0,0,1,0
281199,Hospitalisation,2015,18,Rear-end,Multi-Vehicle,153.06383,-27.601282,Gowan Rd,,Sunnybank Hills,Stretton,No Roadway Feature,No traffic control,60 km/h,Sealed - Dry,Darkness - Lighted,Straight,Veh'S Same Direction: Rear End,Rear-end,0,1,0,0,1,1,1,0,0,0,0,0
281200,Hospitalisation,2015,18,Angle,Multi-Vehicle,153.053952,-27.497398,Nicklin St,Old Cleveland Rd,Coorparoo,South Brisbane,Intersection - Cross,Operating traffic lights,60 km/h,Sealed - Dry,Dawn/Dusk,Straight,Veh'S Adjacent Approach: Thru-Right,Intersection from adjacent approaches,0,1,1,0,2,3,0,0,0,0,0,0
281201,Medical treatment,2015,9,Rear-end,Multi-Vehicle,153.07044,-27.572805,Comley St,Granadilla St,Macgregor,Sunnybank,Intersection - Cross,Operating traffic lights,60 km/h,Sealed - Dry,Daylight,Straight,Veh'S Same Direction: Rear End,Rear-end,0,0,2,0,2,1,0,1,0,0,0,0
281202,Medical treatment,2015,10,Hit pedestrian,Hit pedestrian,153.066022,-27.572223,Mccullough St,,Sunnybank,Sunnybank,No Roadway Feature,Operating traffic lights,60 km/h,Sealed - Dry,Daylight,Straight,Ped'N: Far Side Vehicle Hit From Left,Pedestrian,0,0,1,0,1,1,0,0,0,0,1,0
281203,Hospitalisation,2015,23,Sideswipe,Multi-Vehicle,153.0931498,-27.57146925,South East Arterial Rd,,Eight Mile Plains,Mansfield,No Roadway Feature,No traffic control,100 - 110 km/h,Sealed - Dry,Darkness - Lighted,Straight,Veh'S Manoeuvring: Entering From Footway,Vehicle leaving driveway,0,1,0,0,1,2,0,0,0,0,0,0
281204,Medical treatment,2015,8,Rear-end,Multi-Vehicle,153.004923,-27.480693,Ashington St,Montague Rd,West End,South Brisbane,Intersection - T-Junction,No traffic control,0 - 50 km/h,Sealed - Dry,Daylight,Straight,Veh'S Same Direction: Rear End,Rear-end,0,0,1,0,1,3,0,0,0,0,0,0
281228,Hospitalisation,2015,12,Angle,Multi-Vehicle,153.041972,-27.520311,Cracknell Rd,Shaftesbury St,Tarragindi,Yeerongpilly,Intersection - Cross,Stop sign,60 km/h,Sealed - Dry,Daylight,Straight,Veh'S Adjacent Approach: Thru-Thru,Intersection from adjacent approaches,0,3,0,0,3,3,0,0,0,0,0,0
281229,Medical treatment,2015,9,Rear-end,Multi-Vehicle,153.044587,-27.533853,Toohey Rd,,Tarragindi,Yeerongpilly,No Roadway Feature,No traffic control,60 km/h,Sealed - Dry,Daylight,Straight,Veh'S Same Direction: Right Rear,Rear-end,0,0,1,0,1,2,0,1,0,0,0,0
281230,Medical treatment,2015,7,Rear-end,Multi-Vehicle,153.0512112,-27.47604749,Wynnum Rd,,Norman Park,Bulimba,No Roadway Feature,No traffic control,60 km/h,Sealed - Dry,Dawn/Dusk,Straight,Veh'S Same Direction: Rear End,Rear-end,0,0,1,1,2,3,0,0,0,0,0,0
281231,Hospitalisation,2015,14,Rear-end,Multi-Vehicle,153.076539,-27.561368,Griffith Arterial Rd,,Macgregor,Sunnybank,Bridge/Causeway,No traffic control,60 km/h,Sealed - Dry,Daylight,Straight,Veh'S Same Direction: Rear End,Rear-end,0,1,0,0,1,2,0,1,0,0,0,0
281232,Medical treatment,2015,18,Rear-end,Multi-Vehicle,153.032939,-27.489885,South East Arterial Rd,,Woolloongabba,South Brisbane,No Roadway Feature,No traffic control,80 - 90 km/h,Sealed - Dry,Darkness - Lighted,Curved - view open,Veh'S Same Direction: Left Rear,Rear-end,0,0,1,0,1,3,0,0,0,0,0,0
281255,Hospitalisation,2015,11,Angle,Multi-Vehicle,153.077623,-27.498671,Bundah St,Prout St,Camp Hill,Greenslopes,No Roadway Feature,No traffic control,0 - 50 km/h,Sealed - Dry,Daylight,Straight,Veh'S Opposite Approach: Thru-Right,Opposing vehicles turning,0,1,0,0,1,1,1,0,0,0,0,0
281258,Medical treatment,2015,16,Rear-end,Multi-Vehicle,153.060036,-27.464127,Hawthorne Rd,,Hawthorne,Bulimba,Intersection - T-Junction,No traffic control,0 - 50 km/h,Sealed - Dry,Dawn/Dusk,Straight,Veh'S Same Direction: Rear End,Rear-end,0,0,1,0,1,2,0,0,0,0,0,0
281281,Medical treatment,2015,13,Rear-end,Multi-Vehicle,152.948816,-27.559237,Bellwood St,,Darra,Mount Ommaney,No Roadway Feature,No traffic control,60 km/h,Sealed - Dry,Daylight,Straight,Veh'S Same Direction: Rear End,Rear-end,0,0,1,0,1,2,0,0,0,0,0,0
281282,Minor injury,2015,10,Rear-end,Multi-Vehicle,153.011937,-27.583788,Beatty Rd,,Acacia Ridge,Sunnybank,No Roadway Feature,No traffic control,60 km/h,Sealed - Dry,Daylight,Straight,Veh'S Same Direction: U-Turn,U-turn,0,0,0,1,1,2,0,0,0,0,0,0
281285,Hospitalisation,2015,16,Hit parked vehicle,Single Vehicle,153.017179,-27.528837,Station Rd,,Yeerongpilly,Yeerongpilly,No Roadway Feature,No traffic control,60 km/h,Sealed - Dry,Daylight,Curved - view open,Veh'S On Path: Parked,Hit parked vehicle,0,1,0,0,1,2,0,0,0,0,1,0
281286,Medical treatment,2015,17,Angle,Multi-Vehicle,153.106292,-27.577651,Gateway Art Rd Ramp Ma,Miles Platting Rd,Rochedale,Mansfield,Intersection - Interchange,Operating traffic lights,60 km/h,Sealed - Dry,Daylight,Straight,Veh'S Opposite Approach: Thru-Right,Opposing vehicles turning,0,0,1,0,1,2,0,0,0,0,0,0
281287,Medical treatment,2015,7,Rear-end,Multi-Vehicle,153.1222425,-27.54599145,Redland Sub-Arterial Rd,,Mackenzie,Mansfield,No Roadway Feature,No traffic control,60 km/h,Sealed - Dry,Daylight,Straight,Veh'S Same Direction: Rear End,Rear-end,0,0,1,0,1,2,0,0,0,0,0,0
281288,Hospitalisation,2015,1,Hit object,Single Vehicle,153.105707,-27.585468,South East Arterial Rd,,Eight Mile Plains,Stretton,Merge Lane,No traffic control,100 - 110 km/h,Sealed - Dry,Daylight,Straight,Veh'S Same Direction: Other,Other,0,1,1,0,2,2,0,0,0,0,0,0
281289,Medical treatment,2015,7,Sideswipe,Multi-Vehicle,153.1121142,-27.46335125,Gateway Arterial Rd,,Murarrie,Bulimba,No Roadway Feature,No traffic control,100 - 110 km/h,Sealed - Dry,Daylight,Straight,Veh'S Same Direction: Lane Change Left,Lane changes,0,0,1,0,1,1,0,1,0,0,0,0
281323,Minor injury,2015,13,Angle,Multi-Vehicle,152.937356,-27.565939,Spine St,,Sumner,Mount Ommaney,No Roadway Feature,No traffic control,0 - 50 km/h,Sealed - Dry,Daylight,Straight,Veh'S Manoeuvring: Leaving Driveway,Vehicle leaving driveway,0,0,0,1,1,2,0,0,0,0,0,0
281324,Minor injury,2015,15,Rear-end,Multi-Vehicle,152.970244,-27.624975,High St,,Forest Lake,Algester,Intersection - T-Junction,Operating traffic lights,60 km/h,Sealed - Dry,Daylight,Straight,Veh'S Same Direction: Rear End,Rear-end,0,0,0,1,1,2,0,0,0,0,0,0
281326,Hospitalisation,2015,14,Rear-end,Multi-Vehicle,153.016825,-27.557891,Beatty Rd,Griffith Arterial Rd,Rocklea,Yeerongpilly,Intersection - T-Junction,Operating traffic lights,60 km/h,Sealed - Dry,Daylight,Straight,Veh'S Same Direction: Rear End,Rear-end,0,1,0,0,1,4,0,0,0,0,0,0
281327,Hospitalisation,2015,7,Rear-end,Multi-Vehicle,152.974129,-27.567154,Ipswich Mwy,,Oxley,Mount Ommaney,No Roadway Feature,No traffic control,0 - 50 km/h,Sealed - Dry,Daylight,Straight,Veh'S On Path: Parked,Hit parked vehicle,0,1,0,0,1,1,0,1,0,0,0,0
281328,Medical treatment,2015,17,Hit pedestrian,Hit pedestrian,153.055092,-27.574512,Station Rd,Turton St,Sunnybank,Sunnybank,Intersection - Cross,Stop sign,0 - 50 km/h,Sealed - Dry,Dawn/Dusk,Straight,Ped'N: Near Side Vehicle Hit From Right,Pedestrian,0,0,1,0,1,1,0,0,0,0,1,0
281329,Medical treatment,2015,19,Angle,Multi-Vehicle,153.106233,-27.57768,Gateway Art Rd Ramp Ma,Miles Platting Rd,Rochedale,Mansfield,Intersection - Interchange,Operating traffic lights,60 km/h,Sealed - Dry,Darkness - Lighted,Straight,Veh'S Opposite Approach: Thru-Right,Opposing vehicles turning,0,0,1,0,1,2,0,0,0,0,0,0
281330,Medical treatment,2015,16,Rear-end,Multi-Vehicle,153.059094,-27.538221,South East Arterial Rd,,Holland Park West,Mansfield,No Roadway Feature,No traffic control,100 - 110 km/h,Sealed - Dry,Daylight,Straight,Veh'S Same Direction: Rear End,Rear-end,0,0,1,0,1,2,0,0,0,0,0,0
281331,Medical treatment,2015,21,Rear-end,Multi-Vehicle,153.02579,-27.482846,Vulture St,,South Brisbane,South Brisbane,No Roadway Feature,No traffic control,60 km/h,Sealed - Dry,Darkness - Lighted,Straight,Veh'S Same Direction: Rear End,Rear-end,0,0,1,0,1,3,0,0,0,0,0,0
281332,Hospitalisation,2015,10,Angle,Multi-Vehicle,153.117335,-27.473951,Gateway Art Rd Ramp U,Wynnum Rd,Tingalpa,Chatsworth,Intersection - Interchange,Operating traffic lights,60 km/h,Sealed - Dry,Daylight,Straight,Veh'S Adjacent Approach: Thru-Right,Intersection from adjacent approaches,0,2,1,0,3,3,0,0,0,0,0,0
281333,Medical treatment,2015,17,Angle,Multi-Vehicle,153.165355,-27.481888,Greencamp Rd,Tilley Rd,Wakerley,Chatsworth,Intersection - T-Junction,Stop sign,70 km/h,Sealed - Dry,Daylight,Straight,Veh'S Adjacent Approach: Thru-Right,Intersection from adjacent approaches,0,0,3,0,3,2,0,0,0,0,0,0
281360,Medical treatment,2015,4,Angle,Multi-Vehicle,153.041125,-27.501964,Cornwall St,Junction St,Greenslopes,South Brisbane,Intersection - Cross,Operating traffic lights,60 km/h,Sealed - Dry,Dawn/Dusk,Straight,Veh'S Adjacent Approach: Thru-Thru,Intersection from adjacent approaches,0,0,2,0,2,2,0,0,0,0,0,0
281361,Hospitalisation,2015,18,Angle,Multi-Vehicle,152.983118,-27.53202,Oxley Rd,,Sherwood,Indooroopilly,No Roadway Feature,No traffic control,60 km/h,Sealed - Dry,Darkness - Lighted,Straight,Veh'S Opposite Approach: Thru-Right,Opposing vehicles turning,0,1,0,1,2,2,0,0,0,0,0,0
281362,Medical treatment,2015,18,Sideswipe,Multi-Vehicle,153.116739,-27.545187,Gateway Art Rd Ramp Xk,Redland Sub-Arterial Rd,Mackenzie,Mansfield,Intersection - Interchange,Operating traffic lights,60 km/h,Sealed - Dry,Darkness - Lighted,Straight,Veh'S Adjacent Approach: Thru-Right,Intersection from adjacent approaches,0,0,1,0,1,2,0,0,0,0,0,0
281363,Hospitalisation,2015,7,Fall from vehicle,Single Vehicle,153.107257,-27.5494,Redland Sub-Arterial Rd,,Wishart,Mansfield,No Roadway Feature,No traffic control,60 km/h,Sealed - Dry,Daylight,Straight,Off Path-Straight:Out Of Control On Cway,Out of control on straight,0,1,0,0,1,1,1,0,0,0,0,0
281393,Hospitalisation,2015,1,Hit object,Single Vehicle,152.943291,-27.542922,Western Arterial Rd,,Jindalee,Mount Ommaney,No Roadway Feature,No traffic control,80 - 90 km/h,Sealed - Wet,Darkness - Lighted,Curved - view open,Veh'S On Path: Temporary Object On C'Way,Other,0,1,0,0,1,0,1,0,0,0,0,0
281394,Hospitalisation,2015,11,Angle,Multi-Vehicle,153.021296,-27.579095,Mortimer Rd,Watson Rd,Acacia Ridge,Sunnybank,Intersection - Cross,Operating traffic lights,60 km/h,Sealed - Dry,Daylight,Straight,Veh'S Adjacent Approach: Thru-Thru,Intersection from adjacent approaches,0,2,0,0,2,2,0,0,0,0,0,0
281398,Medical treatment,2015,20,Angle,Multi-Vehicle,153.068951,-27.472649,Jack Flynn Memorial Dr,Waminda St,Morningside,Bulimba,Intersection - T-Junction,No traffic control,60 km/h,Sealed - Dry,Darkness - Lighted,Straight,Veh'S Opposite Approach: Thru-Right,Opposing vehicles turning,0,0,4,1,5,2,0,0,0,0,0,0
281400,Hospitalisation,2015,16,Rear-end,Multi-Vehicle,153.082897,-27.587905,Daw Rd,,Runcorn,Sunnybank,No Roadway Feature,No traffic control,60 km/h,Sealed - Dry,Daylight,Straight,Veh'S Same Direction: Right Rear,Rear-end,0,1,0,0,1,2,0,0,0,0,0,0
281401,Medical treatment,2015,17,Rear-end,Multi-Vehicle,153.117944,-27.545228,Gateway Art Rd Ramp Xi,Redland Sub-Arterial Rd,Rochedale,Mansfield,No Roadway Feature,No traffic control,60 km/h,Sealed - Dry,Dawn/Dusk,Straight,Veh'S Same Direction: Rear End,Rear-end,0,0,2,0,2,3,0,0,0,0,0,0
281405,Hospitalisation,2015,6,Rear-end,Multi-Vehicle,153.163982,-27.558931,Alperton Rd,Redland Sub-Arterial Rd,Burbank,Mansfield,Intersection - T-Junction,Operating traffic lights,80 - 90 km/h,Sealed - Dry,Daylight,Curved - view open,Off Path-Curve: Off Cway Rt Bend Hit Obj,Off carriageway on curve hit object,0,1,0,0,1,1,0,0,0,1,0,0
281418,Hospitalisation,2015,22,Hit parked vehicle,Single Vehicle,152.956772,-27.57332139,Ipswich Mwy,,Darra,Inala,No Roadway Feature,No traffic control,0 - 50 km/h,Sealed - Wet,Darkness - Not lighted,Straight,Veh'S On Path: Parked,Hit parked vehicle,0,1,0,0,1,1,0,0,0,0,0,1
281419,Hospitalisation,2015,15,Hit pedestrian,Hit pedestrian,153.054041,-27.594046,Borella Rd,,Sunnybank Hills,Sunnybank,No Roadway Feature,No traffic control,0 - 50 km/h,Sealed - Wet,Daylight,Straight,Ped'N: Far Side Vehicle Hit From Left,Pedestrian,0,1,0,0,1,1,0,0,0,0,1,0
281420,Hospitalisation,2015,12,Hit object,Single Vehicle,153.100391,-27.48882,Creek Rd,,Carina,Chatsworth,No Roadway Feature,No traffic control,70 km/h,Sealed - Wet,Daylight,Straight,Off Path-Straight: Left Off Cway Hit Obj,Off carriageway on straight hit object,0,1,1,0,2,1,0,0,0,0,0,0