Crash_Ref_Number,Severity,Year,Hour,Crash_Nature,Crash_Type,Longitude,Latitude,Street,Street_Intersecting,Suburb,Loc_State_Electorate,Crash_Roadway_Feature,Crash_Traffic_Control,Crash_Speed_Limit,Crash_Road_Surface_Condition,Crash_Lighting_Condition,Crash_Road_Horiz_Align,Crash_DCA_Description,Crash_DCA_Group_Description,Count_Casualty_Fatality,Count_Casualty_Hospitalised,Count_Casualty_MedicallyTreated,Count_Casualty_MinorInjury,Count_Casualty_Total,Count_Unit_Car,Count_Unit_Motorcycle_Moped,Count_Unit_Truck,Count_Unit_Bus,Count_Unit_Bicycle,Count_Unit_Pedestrian,Count_Unit_Other
281421,Medical treatment,2015,19,Rear-end,Multi-Vehicle,153.115883,-27.50236,Old Cleveland Rd,Scrub Rd,Carindale,Chatsworth,Intersection - Cross,Flashing amber lights,70 km/h,Sealed - Wet,Darkness - Not lighted,Straight,Veh'S Same Direction: Rear End,Rear-end,0,0,1,0,1,2,0,0,0,0,0,0
281423,Minor injury,2015,17,Rear-end,Multi-Vehicle,153.100027,-27.47001,Wynnum Rd,,Murarrie,Bulimba,No Roadway Feature,No traffic control,60 km/h,Sealed - Dry,Daylight,Straight,Veh'S Same Direction: Rear End,Rear-end,0,0,0,1,1,2,0,0,0,0,0,0
281424,Medical treatment,2015,14,Rear-end,Multi-Vehicle,153.090254,-27.556043,Newnham Rd,,Upper Mount Gravatt,Mansfield,Intersection - T-Junction,No traffic control,60 km/h,Sealed - Wet,Daylight,Straight,Veh'S Same Direction: Rear End,Rear-end,0,0,1,0,1,2,0,0,0,0,0,0
281425,Hospitalisation,2015,14,Hit object,Single Vehicle,153.152637,-27.4625259,Network Dr,,Wynnum West,Lytton,No Roadway Feature,No traffic control,0 - 50 km/h,Sealed - Wet,Daylight,Curved - view open,Veh'S On Path: Temporary Object On C'Way,Other,0,1,0,0,1,1,0,0,0,0,0,0
281466,Hospitalisation,2015,1,Rear-end,Multi-Vehicle,153.0437428,-27.64734529,Logan Mwy Ramp De,,Drewvale,Stretton,No Roadway Feature,No traffic control,100 - 110 km/h,Sealed - Wet,Daylight,Curved - view open,Veh'S Same Direction: Rear End,Rear-end,0,1,1,0,2,2,0,0,0,0,0,0
281467,Minor injury,2015,9,Sideswipe,Multi-Vehicle,153.0159425,-27.56307037,Beatty Rd,,Archerfield,Sunnybank,No Roadway Feature,No traffic control,60 km/h,Sealed - Dry,Daylight,Straight,Veh'S Same Direction: Lane Side Swipe,Lane changes,0,0,0,1,1,1,0,1,0,0,0,0
281470,Medical treatment,2015,10,Rear-end,Multi-Vehicle,152.979082,-27.553529,Cook St,Oxley Rd,Oxley,Mount Ommaney,No Roadway Feature,No traffic control,60 km/h,Sealed - Dry,Daylight,Straight,Veh'S Same Direction: Right Rear,Rear-end,0,0,3,0,3,2,0,0,0,0,0,0
281471,Hospitalisation,2015,8,Angle,Multi-Vehicle,153.106292,-27.577651,Gateway Art Rd Ramp Ma,Miles Platting Rd,Rochedale,Mansfield,Intersection - Interchange,No traffic control,60 km/h,Sealed - Dry,Daylight,Straight,Veh'S Opposite Approach: Thru-Right,Opposing vehicles turning,0,1,0,0,1,2,0,0,0,0,0,0
281501,Hospitalisation,2015,19,Rear-end,Multi-Vehicle,153.089071,-27.467633,Barrack Rd,,Cannon Hill,Bulimba,No Roadway Feature,No traffic control,0 - 50 km/h,Sealed - Dry,Darkness - Lighted,Straight,Veh'S On Path: Parked,Hit parked vehicle,0,1,0,0,1,2,0,0,0,0,0,0
281503,Medical treatment,2015,9,Rear-end,Multi-Vehicle,153.049929,-27.55866,Griffith Arterial Rd,,Coopers Plains,Sunnybank,No Roadway Feature,No traffic control,70 km/h,Sealed - Dry,Daylight,Straight,Veh'S Same Direction: Rear End,Rear-end,0,0,1,0,1,3,0,0,0,0,0,0
281504,Medical treatment,2015,15,Rear-end,Multi-Vehicle,153.111123,-27.472173,Wynnum Rd,,Tingalpa,Chatsworth,No Roadway Feature,No traffic control,70 km/h,Sealed - Dry,Daylight,Straight,Veh'S Same Direction: Rear End,Rear-end,0,0,1,0,1,2,0,0,0,0,0,0
281521,Medical treatment,2015,17,Angle,Multi-Vehicle,152.943376,-27.576173,Kokoda St,Sanananda St,Darra,Inala,Intersection - T-Junction,Stop sign,0 - 50 km/h,Sealed - Dry,Dawn/Dusk,Curved - view open,Veh'S Adjacant Approach: Thru-Left,Intersection from adjacent approaches,0,0,1,0,1,2,0,0,0,0,0,0
281522,Medical treatment,2015,15,Sideswipe,Multi-Vehicle,153.101492,-27.495018,Creek Rd,Cuthred St,Carindale,Chatsworth,Intersection - Cross,Stop sign,60 km/h,Sealed - Dry,Daylight,Straight,Veh'S Adjacant Approach: Thru-Left,Intersection from adjacent approaches,0,0,1,0,1,2,0,0,0,0,0,0
281528,Medical treatment,2015,18,Sideswipe,Multi-Vehicle,153.023971,-27.482727,Grey St,Vulture St,South Brisbane,South Brisbane,Intersection - T-Junction,Operating traffic lights,60 km/h,Sealed - Dry,Darkness - Lighted,Curved - view open,Veh'S Manoeuvring: Other,Other,0,0,1,0,1,1,0,0,0,1,0,0
281529,Hospitalisation,2015,5,Sideswipe,Multi-Vehicle,153.037541,-27.495881,South East Arterial Rd,,Woolloongabba,South Brisbane,No Roadway Feature,No traffic control,80 - 90 km/h,Sealed - Dry,Daylight,Straight,Veh'S Same Direction: Lane Side Swipe,Lane changes,0,1,0,0,1,1,1,0,0,0,0,0
281532,Medical treatment,2015,15,Rear-end,Multi-Vehicle,152.98416,-27.648598,Johnson Rd,Stapylton Rd,Heathwood,Algester,Intersection - Cross,Stop sign,60 km/h,Sealed - Dry,Daylight,Straight,Veh'S Same Direction: Left Rear,Rear-end,0,0,1,0,1,2,0,0,0,0,0,0
281559,Medical treatment,2015,23,Hit object,Single Vehicle,153.064154,-27.6111455,Compton Rd,,Runcorn,Stretton,No Roadway Feature,No traffic control,60 km/h,Sealed - Dry,Darkness - Lighted,Straight,Off Path-Straight: Left Off Cway Hit Obj,Off carriageway on straight hit object,0,0,1,0,1,2,0,0,0,0,0,0
281560,Medical treatment,2015,8,Angle,Multi-Vehicle,153.067857,-27.59213,Beenleigh Rd,Penarth St,Runcorn,Sunnybank,Intersection - Cross,Operating traffic lights,70 km/h,Sealed - Dry,Daylight,Straight,Veh'S Adjacent Approach: Thru-Right,Intersection from adjacent approaches,0,0,1,0,1,3,0,0,0,0,0,0
281561,Medical treatment,2015,15,Angle,Multi-Vehicle,153.077133,-27.597708,Beenleigh Rd,Nursery Ave,Runcorn,Stretton,Intersection - T-Junction,Stop sign,70 km/h,Sealed - Dry,Daylight,Straight,Veh'S Adjacent Approach: Thru-Right,Intersection from adjacent approaches,0,0,1,1,2,2,0,0,0,0,0,0
281562,Medical treatment,2015,9,Rear-end,Multi-Vehicle,153.038023,-27.510913,Waldheim St,,Annerley,Yeerongpilly,No Roadway Feature,No traffic control,0 - 50 km/h,Sealed - Dry,Daylight,Curved - view open,Veh'S Same Direction: U-Turn,U-turn,0,0,1,1,2,2,0,0,0,0,0,0
281566,Hospitalisation,2015,11,Angle,Multi-Vehicle,152.970982,-27.627229,Forest Lake Blvd,Grand Ave,Forest Lake,Algester,Intersection - Cross,Operating traffic lights,60 km/h,Sealed - Dry,Daylight,Straight,Veh'S Opposite Approach: Thru-Right,Opposing vehicles turning,0,1,1,0,2,2,0,0,0,0,0,0
281567,Medical treatment,2015,23,Angle,Multi-Vehicle,153.046398,-27.524229,Toohey Rd,Weller Rd,Tarragindi,Yeerongpilly,Intersection - Cross,Operating traffic lights,60 km/h,Sealed - Dry,Darkness - Lighted,Straight,Veh'S Opposite Approach: Thru-Right,Opposing vehicles turning,0,0,1,0,1,2,0,0,0,0,0,0
281568,Medical treatment,2015,16,Angle,Multi-Vehicle,153.077523,-27.466968,Beverley St,,Morningside,Bulimba,Intersection - T-Junction,No traffic control,60 km/h,Sealed - Dry,Daylight,Straight,Veh'S Manoeuvring: Entering From Footway,Vehicle leaving driveway,0,0,1,0,1,1,0,0,0,1,0,0
281569,Hospitalisation,2015,7,Rear-end,Multi-Vehicle,153.0918693,-27.54642674,Newnham Rd,,Upper Mount Gravatt,Mansfield,No Roadway Feature,No traffic control,60 km/h,Sealed - Dry,Daylight,Straight,Veh'S Same Direction: Rear End,Rear-end,0,1,0,0,1,0,1,0,1,0,0,0
281602,Hospitalisation,2015,14,Hit object,Single Vehicle,152.930625,-27.559603,Brownie St,,Jamboree Heights,Mount Ommaney,No Roadway Feature,No traffic control,0 - 50 km/h,Sealed - Dry,Daylight,Straight,Off Path-Straight:Right Off Cway Hit Obj,Off carriageway on straight hit object,0,1,0,0,1,1,0,0,0,0,0,0
281603,Hospitalisation,2015,0,Rear-end,Multi-Vehicle,153.110914,-27.501501,Old Cleveland Rd,,Carindale,Chatsworth,No Roadway Feature,No traffic control,70 km/h,Sealed - Dry,Darkness - Lighted,Straight,Veh'S Same Direction: Rear End,Rear-end,0,1,0,0,1,3,0,0,0,0,0,0
281604,Minor injury,2015,8,Rear-end,Multi-Vehicle,152.982216,-27.576543,Blunder Rd,Freeman Rd,Durack,Inala,Intersection - Cross,Operating traffic lights,70 km/h,Sealed - Dry,Daylight,Straight,Veh'S Same Direction: Rear End,Rear-end,0,0,0,2,2,2,0,0,0,0,0,0
281605,Medical treatment,2015,9,Angle,Multi-Vehicle,153.061063,-27.458421,Hawthorne Rd,Katoomba Ave,Hawthorne,Bulimba,Intersection - T-Junction,No traffic control,60 km/h,Sealed - Dry,Daylight,Straight,Veh'S Adjacent Approach: Thru-Right,Intersection from adjacent approaches,0,0,1,0,1,1,1,0,0,0,0,0
281606,Hospitalisation,2015,12,Rear-end,Multi-Vehicle,153.039425,-27.49863801,South East Arterial Rd,,Woolloongabba,South Brisbane,No Roadway Feature,No traffic control,100 - 110 km/h,Sealed - Dry,Daylight,Curved - view open,Veh'S Same Direction: Rear End,Rear-end,0,1,0,0,1,2,0,0,0,0,0,0
281628,Hospitalisation,2015,8,Hit parked vehicle,Single Vehicle,153.04635,-27.60653,The Avenue,,Sunnybank Hills,Stretton,No Roadway Feature,No traffic control,0 - 50 km/h,Sealed - Dry,Daylight,Straight,Veh'S On Path: Parked,Hit parked vehicle,0,1,0,0,1,2,0,0,0,0,0,0
281629,Hospitalisation,2015,13,Hit object,Single Vehicle,153.04243,-27.577554,Beenleigh Rd,,Sunnybank,Sunnybank,No Roadway Feature,No traffic control,60 km/h,Sealed - Dry,Daylight,Curved - view open,Off Path-Curve: Off Cway Rt Bend Hit Obj,Off carriageway on curve hit object,0,1,0,0,1,1,0,0,0,0,0,0
281633,Hospitalisation,2015,10,Sideswipe,Multi-Vehicle,153.020597,-27.481047,Merivale St,,South Brisbane,South Brisbane,No Roadway Feature,No traffic control,60 km/h,Sealed - Dry,Daylight,Straight,Veh'S Same Direction: Lane Change Right,Lane changes,0,2,0,0,2,2,0,0,0,0,0,0
281660,Hospitalisation,2015,2,Fall from vehicle,Single Vehicle,153.0488186,-27.61956066,Ormskirk St,,Calamvale,Stretton,No Roadway Feature,No traffic control,60 km/h,Sealed - Dry,Darkness - Lighted,Straight,Pass & Misc: Fell In/From Vehicle,Other,0,1,0,0,1,1,0,0,0,0,0,0
281666,Hospitalisation,2015,14,Angle,Multi-Vehicle,153.081812,-27.538518,Creek Rd,,Mount Gravatt East,Greenslopes,No Roadway Feature,Operating traffic lights,60 km/h,Sealed - Dry,Daylight,Straight,Veh'S Opposite Approach: Thru-Right,Opposing vehicles turning,0,1,0,0,1,2,0,0,0,0,0,0
281668,Minor injury,2015,17,Rear-end,Multi-Vehicle,153.094916,-27.474884,Richmond Rd,,Cannon Hill,Bulimba,No Roadway Feature,No traffic control,60 km/h,Sealed - Dry,Daylight,Straight,Veh'S Manoeuvring: Leaving Driveway,Vehicle leaving driveway,0,0,0,1,1,2,0,0,0,0,0,0
281669,Hospitalisation,2015,1,Hit object,Single Vehicle,153.073713,-27.466941,Burrai St,Wynnum Rd,Morningside,Bulimba,Intersection - T-Junction,Operating traffic lights,60 km/h,Sealed - Dry,Darkness - Lighted,Curved - view open,Off Path-Curve: Mounts Traffic Island,Off carriageway on curve hit object,0,1,0,0,1,1,0,0,0,0,0,0
281672,Minor injury,2015,8,Sideswipe,Multi-Vehicle,152.979991,-27.566273,Cunningham Arterial Rd,,Oxley,Mount Ommaney,No Roadway Feature,No traffic control,80 - 90 km/h,Sealed - Dry,Daylight,Straight,Veh'S Same Direction: Lane Change Left,Lane changes,0,0,0,1,1,1,0,1,0,0,0,0
281673,Medical treatment,2015,15,Angle,Multi-Vehicle,153.028173,-27.484713,Raymond Tce,Stanley St,South Brisbane,South Brisbane,No Roadway Feature,Operating traffic lights,60 km/h,Sealed - Dry,Daylight,Straight,Veh'S Manoeuvring: Entering From Footway,Vehicle leaving driveway,0,0,1,0,1,1,0,0,0,1,0,0
281711,Medical treatment,2015,8,Angle,Multi-Vehicle,153.087167,-27.496019,Cambridge St,Old Cleveland Rd,Carina,Chatsworth,Intersection - T-Junction,No traffic control,60 km/h,Sealed - Dry,Daylight,Curved - view open,Veh'S Opposite Approach: Thru-Right,Opposing vehicles turning,0,0,2,0,2,2,0,0,0,0,0,0
281713,Hospitalisation,2015,9,Angle,Multi-Vehicle,153.055374,-27.525843,Bapaume Rd,Marshall Rd,Tarragindi,Yeerongpilly,Intersection - Cross,Operating traffic lights,60 km/h,Sealed - Dry,Daylight,Curved - view open,Veh'S Opposite Approach: Thru-Right,Opposing vehicles turning,0,2,0,0,2,2,0,0,0,0,0,0
281714,Medical treatment,2015,14,Rear-end,Multi-Vehicle,152.966571,-27.597117,Poinsettia St,,Inala,Inala,No Roadway Feature,No traffic control,60 km/h,Sealed - Dry,Daylight,Straight,Veh'S Same Direction: Rear End,Rear-end,0,0,1,0,1,2,0,0,0,0,0,0
281716,Hospitalisation,2015,14,Hit object,Single Vehicle,153.098348,-27.574721,South East Arterial Rd,,Eight Mile Plains,Mansfield,No Roadway Feature,No traffic control,100 - 110 km/h,Sealed - Dry,Daylight,Curved - view open,Off Path-Curve: Out Of Control On Cway,Out of control on curve,0,2,0,0,2,1,0,0,0,0,0,0
281745,Medical treatment,2015,9,Sideswipe,Multi-Vehicle,153.044348,-27.605352,Mt Lindesay Art. Rd,,Sunnybank Hills,Stretton,No Roadway Feature,No traffic control,80 - 90 km/h,Sealed - Dry,Daylight,Straight,Veh'S Same Direction: Lane Change Right,Lane changes,0,0,1,0,1,1,0,1,0,0,0,0
281746,Medical treatment,2015,9,Rear-end,Multi-Vehicle,153.032873,-27.509597,Ipswich Rd,Waldheim St,Annerley,Yeerongpilly,Intersection - T-Junction,Operating traffic lights,60 km/h,Sealed - Dry,Daylight,Straight,Veh'S Same Direction: Rear End,Rear-end,0,0,1,0,1,4,0,0,0,0,0,0
281747,Medical treatment,2015,15,Sideswipe,Multi-Vehicle,153.121497,-27.501972,Reynolds St,Wright St,Carindale,Chatsworth,No Roadway Feature,No traffic control,60 km/h,Sealed - Dry,Daylight,Straight,Veh'S Same Direction: Right Turn S/Swipe,Parallel lanes turning,0,0,1,0,1,1,1,0,0,0,0,0
281751,Hospitalisation,2015,14,Angle,Multi-Vehicle,153.054736,-27.577047,Station Rd,Young St,Sunnybank,Sunnybank,Intersection - Cross,No traffic control,0 - 50 km/h,Sealed - Dry,Daylight,Straight,Veh'S Opposite Approach: Thru-Right,Opposing vehicles turning,0,1,0,0,1,2,0,0,0,0,0,0
281777,Medical treatment,2015,4,Angle,Multi-Vehicle,152.980316,-27.566463,Blunder Rd,Ipswich Rd,Oxley,Inala,Intersection - Roundabout,Give way sign,0 - 50 km/h,Sealed - Dry,Dawn/Dusk,Curved - view open,Veh'S Adjacent Approach: Thru-Thru,Intersection from adjacent approaches,0,0,1,0,1,2,0,0,0,0,0,0
281778,Medical treatment,2015,10,Angle,Multi-Vehicle,153.014734,-27.521744,Cardross St,Fairfield Rd,Yeronga,Yeerongpilly,Intersection - T-Junction,Operating traffic lights,60 km/h,Sealed - Wet,Daylight,Straight,Veh'S Adjacent Approach: Thru-Right,Intersection from adjacent approaches,0,0,1,0,1,1,0,1,0,0,0,0
281781,Medical treatment,2015,15,Angle,Multi-Vehicle,153.064777,-27.533694,Nursery Rd,,Holland Park West,Greenslopes,No Roadway Feature,No traffic control,60 km/h,Sealed - Wet,Dawn/Dusk,Straight,Veh'S Manoeuvring: Leaving Driveway,Vehicle leaving driveway,0,0,1,0,1,2,0,0,0,0,0,0
281782,Hospitalisation,2015,11,Sideswipe,Multi-Vehicle,153.111761,-27.535122,Wecker Rd,,Mansfield,Mansfield,No Roadway Feature,No traffic control,60 km/h,Sealed - Wet,Daylight,Straight,Veh'S Manoeuvring: Leaving Parking,Vehicle leaving driveway,0,1,0,0,1,3,0,1,0,0,0,0
281785,Medical treatment,2015,17,Rear-end,Multi-Vehicle,153.032636,-27.545171,Evans Rd,,Salisbury,Yeerongpilly,No Roadway Feature,No traffic control,60 km/h,Sealed - Wet,Daylight,Straight,Veh'S Same Direction: Rear End,Rear-end,0,0,1,0,1,3,0,0,0,0,0,0
281786,Medical treatment,2015,9,Angle,Multi-Vehicle,153.090311,-27.555851,Mt Gravatt - Capalaba Rd,Redland Sub-Arterial Rd,Upper Mount Gravatt,Mansfield,Intersection - Cross,Operating traffic lights,60 km/h,Sealed - Wet,Daylight,Straight,Veh'S Opposite Approach: Thru-Right,Opposing vehicles turning,0,0,1,0,1,3,0,0,0,0,0,0
281787,Medical treatment,2015,16,Rear-end,Multi-Vehicle,153.092212,-27.575831,Logan Sub-Arterial Rd,Miles Platting Rd,Eight Mile Plains,Sunnybank,Intersection - Cross,Operating traffic lights,60 km/h,Sealed - Wet,Daylight,Straight,Veh'S Same Direction: Rear End,Rear-end,0,0,1,0,1,2,0,0,0,0,0,0
281840,Medical treatment,2015,18,Hit object,Single Vehicle,153.023627,-27.59335,Bellamy St,,Acacia Ridge,Sunnybank,No Roadway Feature,No traffic control,0 - 50 km/h,Sealed - Wet,Darkness - Lighted,Straight,Off Path-Straight:Right Off Cway Hit Obj,Off carriageway on straight hit object,0,0,1,0,1,1,0,0,0,0,0,0
281841,Medical treatment,2015,17,Hit object,Single Vehicle,153.080901,-27.599746,Persse Rd,,Runcorn,Stretton,No Roadway Feature,No traffic control,60 km/h,Sealed - Wet,Daylight,Straight,Veh'S Same Direction: Rear End,Rear-end,0,0,1,0,1,3,0,0,0,0,0,0
281842,Medical treatment,2015,17,Rear-end,Multi-Vehicle,153.070925,-27.611658,Compton Rd,,Runcorn,Stretton,Intersection - Cross,Operating traffic lights,70 km/h,Sealed - Wet,Dawn/Dusk,Straight,Veh'S Same Direction: Rear End,Rear-end,0,0,1,0,1,2,0,0,0,0,0,0
281843,Medical treatment,2015,13,Rear-end,Multi-Vehicle,153.051981,-27.50992,Ridge St,,Greenslopes,South Brisbane,No Roadway Feature,No traffic control,0 - 50 km/h,Sealed - Wet,Daylight,Straight,Veh'S Same Direction: Rear End,Rear-end,0,0,1,0,1,1,0,1,0,0,0,0
281846,Hospitalisation,2015,7,Angle,Multi-Vehicle,153.078942,-27.466266,Junction Rd,Kates St,Morningside,Bulimba,Intersection - T-Junction,Give way sign,60 km/h,Sealed - Wet,Daylight,Curved - view open,Veh'S Adjacant Approach: Thru-Left,Intersection from adjacent approaches,0,1,1,0,2,1,0,0,0,1,0,0
281849,Hospitalisation,2015,16,Hit pedestrian,Hit pedestrian,153.061531,-27.570832,Zamia St,,Sunnybank,Sunnybank,No Roadway Feature,No traffic control,0 - 50 km/h,Sealed - Wet,Daylight,Straight,Ped'N: Near Side Vehicle Hit From Right,Pedestrian,0,1,0,0,1,1,0,0,0,0,1,0
281850,Hospitalisation,2015,15,Hit pedestrian,Hit pedestrian,153.026541,-27.483066,Dock St,Vulture St,South Brisbane,South Brisbane,Intersection - Cross,Operating traffic lights,60 km/h,Sealed - Wet,Daylight,Curved - view open,Ped'N: Near Side Vehicle Hit From Right,Pedestrian,0,1,0,0,1,1,0,0,0,0,1,0
281851,Hospitalisation,2015,18,Angle,Multi-Vehicle,153.021182,-27.481899,Merivale St,Tribune St,South Brisbane,South Brisbane,Intersection - Cross,Operating traffic lights,60 km/h,Sealed - Wet,Darkness - Lighted,Straight,Veh'S Adjacent Approach: Thru-Thru,Intersection from adjacent approaches,0,1,0,0,1,2,0,0,0,0,0,0
281894,Medical treatment,2015,9,Head-on,Multi-Vehicle,153.050355,-27.619454,Mt Lindesay Art. Rd,,Calamvale,Stretton,No Roadway Feature,No traffic control,80 - 90 km/h,Sealed - Wet,Daylight,Straight,Off Path-Straight:Right Off Cway Hit Obj,Off carriageway on straight hit object,0,0,2,1,3,2,0,0,0,0,0,0
281896,Hospitalisation,2015,23,Angle,Multi-Vehicle,152.959463,-27.591924,Archerfield Rd,Pine Rd,Inala,Inala,Intersection - Cross,Stop sign,60 km/h,Sealed - Dry,Darkness - Lighted,Straight,Veh'S Adjacent Approach: Thru-Thru,Intersection from adjacent approaches,0,2,0,1,3,2,0,0,0,0,0,0
281897,Hospitalisation,2015,23,Hit object,Single Vehicle,153.007093,-27.563735,Ashover Rd,,Rocklea,Sunnybank,No Roadway Feature,No traffic control,60 km/h,Sealed - Dry,Darkness - Not lighted,Curved - view open,Off Path-Curve: Out Of Control On Cway,Out of control on curve,0,1,0,0,1,1,0,0,0,0,0,0
281898,Medical treatment,2015,12,Hit pedestrian,Hit pedestrian,153.036636,-27.500131,Tottenham St,Wolseley St,Woolloongabba,South Brisbane,Intersection - T-Junction,No traffic control,0 - 50 km/h,Sealed - Dry,Daylight,Straight,Ped'N: Near Side Vehicle Hit From Right,Pedestrian,0,0,1,0,1,1,0,0,0,0,1,0
281903,Medical treatment,2015,10,Sideswipe,Multi-Vehicle,153.179412,-27.5126914,New Cleveland Rd,,Chandler,Chatsworth,No Roadway Feature,No traffic control,80 - 90 km/h,Sealed - Dry,Daylight,Straight,Veh'S Manoeuvring: Entering From Footway,Vehicle leaving driveway,0,0,1,0,1,2,0,0,0,0,0,0
281943,Medical treatment,2015,11,Angle,Multi-Vehicle,152.927812,-27.555635,Horizon Dr,,Middle Park,Mount Ommaney,No Roadway Feature,No traffic control,60 km/h,Sealed - Dry,Daylight,Straight,Veh'S Manoeuvring: Leaving Driveway,Vehicle leaving driveway,0,0,1,0,1,2,0,0,0,0,0,0
281944,Medical treatment,2015,3,Angle,Multi-Vehicle,153.0441968,-27.59743291,Hellawell Rd,Jackson Rd,Sunnybank Hills,Sunnybank,Intersection - Roundabout,Give way sign,60 km/h,Sealed - Dry,Daylight,Straight,Veh'S Opposite Approach: Thru-Right,Opposing vehicles turning,0,0,1,0,1,2,0,0,0,0,0,0
281947,Medical treatment,2015,15,Rear-end,Multi-Vehicle,153.065201,-27.5436068,Circular Dr,,Mount Gravatt,Mansfield,No Roadway Feature,Pedestrian crossing sign,0 - 50 km/h,Sealed - Dry,Daylight,Straight,Veh'S Same Direction: Rear End,Rear-end,0,0,1,0,1,2,0,0,0,0,0,0
281948,Hospitalisation,2015,12,Hit pedestrian,Hit pedestrian,153.078726,-27.537642,Logan Rd,,Mount Gravatt,Mansfield,No Roadway Feature,No traffic control,60 km/h,Sealed - Dry,Daylight,Straight,Ped'N: Hit By Vehicle Enter/Leave D'Way,Pedestrian,0,1,0,0,1,1,0,0,0,0,1,0
281949,Hospitalisation,2015,17,Hit pedestrian,Hit pedestrian,152.971519,-27.59631,Hyacinth St,Inala Ave,Inala,Inala,Intersection - T-Junction,No traffic control,0 - 50 km/h,Sealed - Dry,Dawn/Dusk,Straight,Ped'N: Far Side Vehicle Hit From Left,Pedestrian,0,1,0,0,1,1,0,0,0,0,1,0
281951,Medical treatment,2015,9,Rear-end,Multi-Vehicle,153.054948,-27.559366,Griffith Arterial Rd,,Robertson,Sunnybank,No Roadway Feature,No traffic control,70 km/h,Sealed - Dry,Daylight,Straight,Veh'S Same Direction: Lane Side Swipe,Lane changes,0,0,1,0,1,1,0,0,0,0,0,0
281952,Medical treatment,2015,13,Hit object,Single Vehicle,153.1250917,-27.58097114,Rochedale Rd,,Rochedale,Mansfield,No Roadway Feature,No traffic control,70 km/h,Sealed - Dry,Daylight,Straight,Off Path-Straight: Other,Other,0,0,1,0,1,1,0,0,0,0,0,0
281953,Medical treatment,2015,14,Rear-end,Multi-Vehicle,153.100766,-27.584831,Gateway Art Rd On Ramp,Logan Sub-Arterial Rd,Eight Mile Plains,Stretton,Intersection - Interchange,Operating traffic lights,80 - 90 km/h,Sealed - Dry,Daylight,Straight,Veh'S Same Direction: Rear End,Rear-end,0,0,1,0,1,2,0,0,0,0,0,0
281954,Medical treatment,2015,17,Rear-end,Multi-Vehicle,153.0879318,-27.56859497,South East Arterial Rd,,Eight Mile Plains,Mansfield,No Roadway Feature,No traffic control,100 - 110 km/h,Sealed - Dry,Daylight,Straight,Veh'S Same Direction: Rear End,Rear-end,0,0,1,0,1,3,0,0,0,0,0,0
281955,Medical treatment,2015,4,Rear-end,Multi-Vehicle,153.035968,-27.486534,Ipswich Rd,Stanley St,Woolloongabba,South Brisbane,Intersection - Cross,Operating traffic lights,0 - 50 km/h,Sealed - Dry,Dawn/Dusk,Straight,Veh'S Same Direction: Rear End,Rear-end,0,0,1,0,1,2,0,0,0,0,0,0
281956,Medical treatment,2015,6,Rear-end,Multi-Vehicle,153.01977,-27.491382,Gladstone Rd,,Highgate Hill,South Brisbane,No Roadway Feature,Pedestrian crossing sign,60 km/h,Sealed - Dry,Daylight,Straight,Veh'S Same Direction: Rear End,Rear-end,0,0,1,0,1,1,1,0,0,0,0,0
281986,Hospitalisation,2015,6,Hit pedestrian,Hit pedestrian,153.031315,-27.513099,Ipswich Rd,,Annerley,Yeerongpilly,No Roadway Feature,No traffic control,60 km/h,Sealed - Dry,Daylight,Straight,Ped'N: Far Side Vehicle Hit From Left,Pedestrian,0,1,0,0,1,1,0,0,0,0,1,0
281988,Medical treatment,2015,17,Rear-end,Multi-Vehicle,153.099751,-27.505344,Creek Rd,Winstanley St,Carindale,Chatsworth,Intersection - T-Junction,No traffic control,60 km/h,Sealed - Dry,Dawn/Dusk,Curved - view open,Veh'S Same Direction: Left Rear,Rear-end,0,0,1,0,1,2,0,0,0,0,0,0
281990,Medical treatment,2015,18,Rear-end,Multi-Vehicle,153.080607,-27.518976,Cavendish Rd,,Holland Park,Greenslopes,No Roadway Feature,No traffic control,60 km/h,Sealed - Dry,Darkness - Lighted,Straight,Veh'S Same Direction: Rear End,Rear-end,0,0,1,1,2,4,0,0,0,0,0,0
281992,Hospitalisation,2015,17,Angle,Multi-Vehicle,153.085561,-27.562758,Logan Sub-Arterial Rd,Marada St,Upper Mount Gravatt,Mansfield,Intersection - T-Junction,No traffic control,60 km/h,Sealed - Wet,Dawn/Dusk,Straight,Veh'S Opposite Approach: Thru-Right,Opposing vehicles turning,0,1,0,0,1,2,0,0,0,0,0,0
282029,Medical treatment,2015,15,Rear-end,Multi-Vehicle,153.022833,-27.525031,Beaudesert Rd,Ipswich Rd,Moorooka,Yeerongpilly,Intersection - T-Junction,Operating traffic lights,60 km/h,Sealed - Dry,Daylight,Straight,Veh'S Same Direction: Rear End,Rear-end,0,0,1,0,1,2,0,0,0,0,0,0
282031,Hospitalisation,2015,10,Hit pedestrian,Hit pedestrian,153.012303,-27.479673,Boundary St,Russell St,West End,South Brisbane,Intersection - T-Junction,Stop sign,60 km/h,Sealed - Dry,Daylight,Straight,Ped'N: Near Side Vehicle Hit From Right,Pedestrian,0,1,0,0,1,1,0,0,0,0,1,0