Crash_Ref_Number,Severity,Year,Hour,Crash_Nature,Crash_Type,Longitude,Latitude,Street,Street_Intersecting,Suburb,Loc_State_Electorate,Crash_Roadway_Feature,Crash_Traffic_Control,Crash_Speed_Limit,Crash_Road_Surface_Condition,Crash_Lighting_Condition,Crash_Road_Horiz_Align,Crash_DCA_Description,Crash_DCA_Group_Description,Count_Casualty_Fatality,Count_Casualty_Hospitalised,Count_Casualty_MedicallyTreated,Count_Casualty_MinorInjury,Count_Casualty_Total,Count_Unit_Car,Count_Unit_Motorcycle_Moped,Count_Unit_Truck,Count_Unit_Bus,Count_Unit_Bicycle,Count_Unit_Pedestrian,Count_Unit_Other
282032,Medical treatment,2015,7,Rear-end,Multi-Vehicle,153.019091,-27.480745,Cordelia St,Ernest St,South Brisbane,South Brisbane,Intersection - Cross,Operating traffic lights,60 km/h,Sealed - Dry,Daylight,Curved - view open,Veh'S Same Direction: Right Rear,Rear-end,0,0,1,0,1,2,0,0,0,0,0,0
282064,Medical treatment,2015,14,Rear-end,Multi-Vehicle,152.969007,-27.579213,Balsa St,Freeman Rd,Inala,Inala,Intersection - T-Junction,No traffic control,60 km/h,Sealed - Dry,Daylight,Straight,Veh'S Manoeuvring: Reversing,Hit parked vehicle,0,0,1,0,1,1,0,1,0,0,0,0
282065,Medical treatment,2015,13,Rear-end,Multi-Vehicle,152.946022,-27.535914,Seventeen Mile Rocks Rd,,Jindalee,Mount Ommaney,No Roadway Feature,No traffic control,60 km/h,Sealed - Dry,Daylight,Curved - view open,Veh'S Same Direction: Rear End,Rear-end,0,0,1,0,1,2,0,0,0,0,0,0
282066,Medical treatment,2015,6,Rear-end,Multi-Vehicle,152.937938,-27.579749,Cunningham Arterial Rd,,Wacol,Inala,No Roadway Feature,No traffic control,60 km/h,Sealed - Dry,Dawn/Dusk,Straight,Veh'S Same Direction: Rear End,Rear-end,0,0,1,0,1,1,0,1,0,0,0,0
282067,Hospitalisation,2015,18,Angle,Multi-Vehicle,153.06228,-27.609929,Gowan Rd,,Sunnybank Hills,Stretton,No Roadway Feature,No traffic control,60 km/h,Sealed - Dry,Darkness - Lighted,Curved - view obscured,Veh'S Manoeuvring: Leaving Driveway,Vehicle leaving driveway,0,1,0,0,1,1,1,0,0,0,0,0
282068,Medical treatment,2015,16,Rear-end,Multi-Vehicle,153.021388,-27.512677,Fairfield Rd,,Yeronga,Yeerongpilly,No Roadway Feature,No traffic control,60 km/h,Sealed - Dry,Daylight,Straight,Veh'S Same Direction: Rear End,Rear-end,0,0,1,0,1,3,0,0,0,0,0,0
282069,Medical treatment,2015,8,Angle,Multi-Vehicle,153.095123,-27.484653,Kordick St,Mayfair St,Carina,Chatsworth,Intersection - T-Junction,Give way sign,0 - 50 km/h,Sealed - Dry,Daylight,Straight,Veh'S Adjacant Approach: Thru-Left,Intersection from adjacent approaches,0,0,1,0,1,2,0,0,0,0,0,0
282070,Hospitalisation,2015,14,Hit object,Single Vehicle,153.101867,-27.491458,Creek Rd,Meadowlands Rd,Carina,Chatsworth,Intersection - T-Junction,Operating traffic lights,60 km/h,Sealed - Dry,Daylight,Curved - view open,Off Path-Curve: Mounts Traffic Island,Off carriageway on curve hit object,0,1,0,0,1,1,0,0,0,0,0,0
282071,Medical treatment,2015,16,Rear-end,Multi-Vehicle,153.084025,-27.487567,Stanley Rd,,Camp Hill,Chatsworth,No Roadway Feature,No traffic control,60 km/h,Sealed - Dry,Daylight,Straight,Veh'S Same Direction: Rear End,Rear-end,0,0,1,0,1,2,1,0,0,0,0,0
282072,Medical treatment,2015,18,Rear-end,Multi-Vehicle,153.0752629,-27.50739427,Boundary Rd,,Camp Hill,Greenslopes,No Roadway Feature,No traffic control,70 km/h,Sealed - Dry,Darkness - Lighted,Straight,Veh'S Same Direction: Rear End,Rear-end,0,0,1,2,3,4,0,0,0,0,0,0
282078,Minor injury,2015,11,Angle,Multi-Vehicle,152.976617,-27.589707,Abelia St,Rosemary St,Inala,Inala,Intersection - T-Junction,No traffic control,60 km/h,Sealed - Dry,Daylight,Straight,Veh'S Opposite Approach: Thru-Right,Opposing vehicles turning,0,0,0,1,1,2,0,0,0,0,0,0
282079,Medical treatment,2015,7,Hit pedestrian,Hit pedestrian,153.025011,-27.533723,Beaudesert Rd,Hansen St,Moorooka,Yeerongpilly,Intersection - T-Junction,Give way sign,60 km/h,Sealed - Dry,Daylight,Curved - view open,Ped'N: Far Side Vehicle Hit From Left,Pedestrian,0,0,1,0,1,1,0,0,0,0,1,0
282080,Medical treatment,2015,8,Rear-end,Multi-Vehicle,153.02119,-27.558406,Beaudesert Rd,Griffith Arterial Rd,Rocklea,Yeerongpilly,Intersection - T-Junction,No traffic control,60 km/h,Sealed - Dry,Daylight,Curved - view open,Veh'S Same Direction: Left Rear,Rear-end,0,0,1,0,1,2,0,0,0,0,0,0
282101,Medical treatment,2015,11,Sideswipe,Multi-Vehicle,153.015902,-27.563186,Beatty Rd,,Archerfield,Sunnybank,Merge Lane,No traffic control,60 km/h,Sealed - Dry,Daylight,Straight,Veh'S Same Direction: Lane Side Swipe,Lane changes,0,0,1,0,1,2,0,0,0,0,0,0
282107,Hospitalisation,2015,16,Rear-end,Multi-Vehicle,152.985586,-27.623106,Blunder Rd,,Pallara,Algester,Intersection - T-Junction,Operating traffic lights,60 km/h,Sealed - Dry,Dawn/Dusk,Curved - view open,Veh'S Same Direction: Rear End,Rear-end,0,1,0,0,1,1,0,1,0,0,0,0
282108,Medical treatment,2015,14,Rear-end,Multi-Vehicle,152.974947,-27.5962597,Serviceton Ave,,Inala,Inala,No Roadway Feature,No traffic control,60 km/h,Sealed - Dry,Daylight,Straight,Veh'S Same Direction: Rear End,Rear-end,0,0,1,0,1,3,0,0,0,0,0,0
282111,Medical treatment,2015,7,Angle,Multi-Vehicle,153.017161,-27.556048,Beatty Rd,Marshall Rd,Rocklea,Yeerongpilly,Intersection - T-Junction,Stop sign,0 - 50 km/h,Sealed - Dry,Daylight,Straight,Veh'S Manoeuvring: Leaving Driveway,Vehicle leaving driveway,0,0,1,0,1,2,0,0,0,0,0,0
282112,Hospitalisation,2015,23,Angle,Multi-Vehicle,153.107109,-27.455354,Gateway Arterial Rd,Port Of Brisbane Rd,Murarrie,Bulimba,Intersection - Cross,Operating traffic lights,60 km/h,Sealed - Dry,Darkness - Lighted,Curved - view obscured,Veh'S Adjacent Approach: Thru-Right,Intersection from adjacent approaches,0,1,0,1,2,2,0,0,0,0,0,0
282113,Medical treatment,2015,11,Rear-end,Multi-Vehicle,153.010788,-27.543874,Ipswich Rd,,Rocklea,Yeerongpilly,Intersection - Interchange,Give way sign,60 km/h,Sealed - Dry,Daylight,Straight,Veh'S Same Direction: Left Rear,Rear-end,0,0,1,0,1,2,0,0,0,0,0,0
282114,Hospitalisation,2015,15,Hit pedestrian,Hit pedestrian,153.09083,-27.552106,Newnham Rd,,Upper Mount Gravatt,Mansfield,No Roadway Feature,No traffic control,60 km/h,Sealed - Dry,Daylight,Straight,Ped'N: Hit Emerging Behind Vehicle,Pedestrian,0,1,0,0,1,1,0,0,0,0,1,0
282115,Hospitalisation,2015,8,Angle,Multi-Vehicle,153.034638,-27.494586,Ipswich Rd,Reis St,Woolloongabba,South Brisbane,Intersection - T-Junction,Stop sign,60 km/h,Sealed - Dry,Daylight,Straight,Veh'S Adjacant Approach: Thru-Left,Intersection from adjacent approaches,0,1,0,0,1,1,0,1,0,0,0,0
282150,Hospitalisation,2015,2,Hit object,Single Vehicle,152.932891,-27.592033,Progress Rd,,Wacol,Inala,No Roadway Feature,No traffic control,60 km/h,Sealed - Dry,Darkness - Lighted,Straight,Off Path-Straight: Left Off Cway Hit Obj,Off carriageway on straight hit object,0,1,0,0,1,0,1,0,0,0,0,0
282151,Medical treatment,2015,11,Hit object,Single Vehicle,153.0271,-27.582097,Oswin St,,Acacia Ridge,Sunnybank,No Roadway Feature,No traffic control,0 - 50 km/h,Sealed - Dry,Daylight,Straight,Off Path-Straight:Right Off Cway Hit Obj,Off carriageway on straight hit object,0,0,3,0,3,1,0,0,0,0,0,0
282152,Medical treatment,2015,10,Angle,Multi-Vehicle,153.036005,-27.507019,Clydesdale Ave,King St,Annerley,South Brisbane,Intersection - Cross,Give way sign,0 - 50 km/h,Sealed - Wet,Daylight,Straight,Veh'S Adjacent Approach: Thru-Thru,Intersection from adjacent approaches,0,0,2,0,2,2,0,0,0,0,0,0
282153,Hospitalisation,2015,18,Rear-end,Multi-Vehicle,153.0204762,-27.53900322,Hamilton Rd,,Moorooka,Yeerongpilly,No Roadway Feature,No traffic control,0 - 50 km/h,Sealed - Dry,Darkness - Lighted,Straight,Veh'S Same Direction: Rear End,Rear-end,0,1,0,0,1,1,1,0,0,0,0,0
282156,Hospitalisation,2015,12,Angle,Multi-Vehicle,152.981439,-27.540718,Hassall St,Oxley Rd,Corinda,Mount Ommaney,Intersection - Cross,No traffic control,60 km/h,Sealed - Dry,Daylight,Straight,Veh'S Opposite Approach: Thru-Right,Opposing vehicles turning,0,1,1,1,3,2,0,0,0,0,0,0
282157,Hospitalisation,2015,13,Angle,Multi-Vehicle,153.134465,-27.470499,Hemmant Tingalpa Rd,Wynnum Rd,Tingalpa,Chatsworth,Intersection - T-Junction,No traffic control,60 km/h,Sealed - Dry,Daylight,Curved - view open,Veh'S Adjacent Approach: Thru-Right,Intersection from adjacent approaches,0,2,0,0,2,2,0,0,0,0,0,0
282185,Medical treatment,2015,15,Angle,Multi-Vehicle,152.917978,-27.544877,Westlake Dr,,Westlake,Mount Ommaney,No Roadway Feature,No traffic control,60 km/h,Sealed - Dry,Daylight,Curved - view open,Veh'S Manoeuvring: Leaving Driveway,Vehicle leaving driveway,0,0,1,0,1,2,0,0,0,0,0,0
282186,Medical treatment,2015,7,Angle,Multi-Vehicle,153.108996,-27.501366,Bridgnorth St,Old Cleveland Rd,Carindale,Chatsworth,Intersection - T-Junction,Stop sign,70 km/h,Sealed - Dry,Daylight,Straight,Veh'S Adjacent Approach: Thru-Right,Intersection from adjacent approaches,0,0,1,0,1,1,0,0,0,1,0,0
282187,Medical treatment,2015,12,Rear-end,Multi-Vehicle,152.982659,-27.629647,Wadeville St,,Heathwood,Algester,No Roadway Feature,No traffic control,60 km/h,Sealed - Dry,Daylight,Straight,Veh'S Same Direction: Rear End,Rear-end,0,0,2,0,2,4,0,0,0,0,0,0
282188,Medical treatment,2015,11,Sideswipe,Multi-Vehicle,153.018749,-27.48829,Gladstone Rd,Hazelwood St,Highgate Hill,South Brisbane,No Roadway Feature,No traffic control,60 km/h,Sealed - Dry,Daylight,Curved - view open,Off Path-Curve: Off Cway Lt Bend Hit Obj,Off carriageway on curve hit object,0,0,1,0,1,0,0,0,0,1,0,1
282209,Hospitalisation,2015,13,Fall from vehicle,Single Vehicle,153.10507,-27.543292,Ham Rd,Rupari St,Mansfield,Mansfield,Intersection - T-Junction,No traffic control,60 km/h,Sealed - Dry,Daylight,Straight,Off Path-Straight:Out Of Control On Cway,Out of control on straight,0,1,0,0,1,1,1,0,0,0,0,0
282210,Hospitalisation,2015,8,Angle,Multi-Vehicle,152.959463,-27.591924,Archerfield Rd,Pine Rd,Inala,Inala,Intersection - Cross,Stop sign,60 km/h,Sealed - Dry,Daylight,Straight,Veh'S Adjacent Approach: Thru-Thru,Intersection from adjacent approaches,0,1,0,0,1,2,0,0,0,0,0,0
282214,Hospitalisation,2015,5,Angle,Multi-Vehicle,153.078529,-27.466753,Junction Rd,Wynnum Rd,Morningside,Bulimba,Intersection - T-Junction,Operating traffic lights,60 km/h,Sealed - Dry,Darkness - Lighted,Straight,Veh'S Manoeuvring: Entering From Footway,Vehicle leaving driveway,0,1,0,0,1,0,0,1,0,1,0,0
282215,Medical treatment,2015,17,Rear-end,Multi-Vehicle,153.041712,-27.478981,Lytton Rd,,East Brisbane,South Brisbane,No Roadway Feature,No traffic control,60 km/h,Sealed - Dry,Darkness - Lighted,Straight,Veh'S Same Direction: Rear End,Rear-end,0,0,1,0,1,2,0,0,0,0,0,0
282216,Medical treatment,2015,7,Sideswipe,Multi-Vehicle,153.029947,-27.485702,Stanley St,,Woolloongabba,South Brisbane,No Roadway Feature,No traffic control,60 km/h,Sealed - Dry,Daylight,Straight,Veh'S Same Direction: Left Turn S/Swipe,Parallel lanes turning,0,0,1,0,1,1,0,0,0,1,0,0
282217,Hospitalisation,2015,12,Hit object,Single Vehicle,153.157394,-27.4644694,Wondall Rd,,Wynnum West,Lytton,No Roadway Feature,No traffic control,60 km/h,Sealed - Dry,Daylight,Straight,Off Path-Straight: Left Off Cway Hit Obj,Off carriageway on straight hit object,0,1,0,0,1,1,0,0,0,0,0,0
282251,Minor injury,2015,17,Angle,Multi-Vehicle,153.063873,-27.49219,Old Cleveland Rd,,Coorparoo,Greenslopes,No Roadway Feature,No traffic control,60 km/h,Sealed - Dry,Dawn/Dusk,Straight,Off Path-Straight: Other,Other,0,0,0,1,1,1,0,0,0,1,0,0
282252,Hospitalisation,2015,8,Fall from vehicle,Single Vehicle,153.052242,-27.520704,South East Arterial Rd,,Holland Park West,Yeerongpilly,Intersection - Interchange,No traffic control,100 - 110 km/h,Sealed - Dry,Daylight,Straight,Off Path-Straight:Out Of Control On Cway,Out of control on straight,0,1,0,0,1,1,1,0,0,0,0,0
282256,Medical treatment,2015,10,Head-on,Multi-Vehicle,153.004292,-27.55862498,Ipswich Rd,,Rocklea,Sunnybank,No Roadway Feature,No traffic control,60 km/h,Sealed - Dry,Daylight,Straight,Veh'S Opposite Approach: Head On,Head-on,0,0,2,0,2,0,0,2,0,0,0,0
282257,Medical treatment,2015,13,Rear-end,Multi-Vehicle,153.050387,-27.558772,Griffith Arterial Rd,Troughton Rd,Coopers Plains,Sunnybank,Intersection - T-Junction,Give way sign,60 km/h,Sealed - Dry,Daylight,Straight,Veh'S Same Direction: Left Rear,Rear-end,0,0,1,0,1,2,0,0,0,0,0,0
282258,Medical treatment,2015,14,Rear-end,Multi-Vehicle,153.088592,-27.567279,Logan Sub-Arterial Rd,,Upper Mount Gravatt,Mansfield,No Roadway Feature,No traffic control,60 km/h,Sealed - Dry,Daylight,Straight,Veh'S Same Direction: Rear End,Rear-end,0,0,1,0,1,2,0,0,0,0,0,0
282259,Medical treatment,2015,15,Angle,Multi-Vehicle,153.043107,-27.557806,Griffith Arterial Rd,Kessels Rd,Coopers Plains,Sunnybank,Intersection - T-Junction,No traffic control,70 km/h,Sealed - Dry,Daylight,Curved - view open,Veh'S Opposite Approach: Thru-Right,Opposing vehicles turning,0,0,1,0,1,2,0,0,0,0,0,0
282260,Medical treatment,2015,7,Rear-end,Multi-Vehicle,153.103148,-27.58641,Levington Rd,Logan Sub-Arterial Rd,Eight Mile Plains,Stretton,Intersection - Cross,Operating traffic lights,80 - 90 km/h,Sealed - Dry,Daylight,Straight,Veh'S Same Direction: Rear End,Rear-end,0,0,1,0,1,2,0,0,0,0,0,0
282292,Hospitalisation,2015,9,Angle,Multi-Vehicle,152.928802,-27.59655,Campbell Ave,Industrial Ave,Wacol,Inala,Intersection - Cross,Give way sign,60 km/h,Sealed - Dry,Daylight,Straight,Veh'S Adjacent Approach: Thru-Thru,Intersection from adjacent approaches,0,1,0,0,1,2,0,0,0,0,0,0
282293,Hospitalisation,2015,11,Hit object,Single Vehicle,152.945512,-27.540279,Western Arterial Rd,,Sinnamon Park,Mount Ommaney,No Roadway Feature,No traffic control,100 - 110 km/h,Sealed - Dry,Daylight,Straight,Off Path-Straight: Left Off Cway Hit Obj,Off carriageway on straight hit object,0,1,0,0,1,0,0,1,0,0,0,0
282294,Hospitalisation,2015,6,Hit object,Single Vehicle,152.937976,-27.579675,Cunningham Arterial Rd,Ipswich Mwy,Wacol,Inala,Intersection - Interchange,No traffic control,100 - 110 km/h,Sealed - Dry,Daylight,Straight,Veh'S Same Direction: Other,Other,0,1,0,0,1,0,0,2,0,0,0,0
282295,Medical treatment,2015,20,Hit pedestrian,Hit pedestrian,153.056193,-27.603123,Pinelands Rd,Seeana St,Sunnybank Hills,Stretton,Intersection - T-Junction,Give way sign,70 km/h,Sealed - Dry,Dawn/Dusk,Straight,Ped'N: Far Side Vehicle Hit From Left,Pedestrian,0,0,1,0,1,1,0,0,0,0,1,0
282299,Hospitalisation,2015,18,Hit object,Single Vehicle,153.0752516,-27.51243906,Boundary Rd,,Coorparoo,Greenslopes,No Roadway Feature,No traffic control,70 km/h,Sealed - Dry,Darkness - Lighted,Curved - view open,Off Path-Curve: Off Cway Lt Bend Hit Obj,Off carriageway on curve hit object,0,2,0,0,2,1,0,0,0,0,0,0
282301,Hospitalisation,2015,22,Rear-end,Multi-Vehicle,153.06327,-27.545782,South East Arterial Rd,,Mount Gravatt,Mansfield,No Roadway Feature,No traffic control,100 - 110 km/h,Sealed - Dry,Darkness - Lighted,Straight,Veh'S Same Direction: Rear End,Rear-end,0,1,0,0,1,2,1,0,0,0,0,0
282302,Hospitalisation,2015,17,Hit pedestrian,Hit pedestrian,153.023164,-27.480846,Grey St,Tribune St,South Brisbane,South Brisbane,Intersection - Cross,Operating traffic lights,60 km/h,Sealed - Dry,Dawn/Dusk,Straight,Ped'N: Hit Other,Other,0,1,0,0,1,0,0,0,0,1,1,0
282303,Hospitalisation,2015,17,Angle,Multi-Vehicle,153.12014,-27.474426,Boundary St,Wynnum Rd,Tingalpa,Chatsworth,Intersection - T-Junction,Operating traffic lights,60 km/h,Sealed - Dry,Darkness - Lighted,Straight,Veh'S Adjacent Approach: Thru-Right,Intersection from adjacent approaches,0,1,0,0,1,2,0,0,0,0,0,0
282304,Hospitalisation,2015,13,Angle,Multi-Vehicle,153.133889,-27.47003,Hemmant Tingalpa Rd,,Tingalpa,Chatsworth,No Roadway Feature,No traffic control,60 km/h,Sealed - Dry,Daylight,Curved - view obscured,Veh'S Manoeuvring: Entering From Footway,Vehicle leaving driveway,0,1,0,0,1,1,1,0,0,0,0,0
282327,Medical treatment,2015,14,Angle,Multi-Vehicle,153.054059,-27.61159,Calam Rd,,Calamvale,Stretton,Intersection - T-Junction,Give way sign,60 km/h,Sealed - Dry,Daylight,Straight,Veh'S Adjacant Approach: Thru-Left,Intersection from adjacent approaches,0,0,1,0,1,1,1,0,0,0,0,0
282328,Hospitalisation,2015,7,Angle,Multi-Vehicle,153.038724,-27.606054,Dakar Rd,Delathin Rd,Algester,Algester,Intersection - T-Junction,No traffic control,60 km/h,Sealed - Dry,Daylight,Straight,Veh'S Opposite Approach: Thru-Right,Opposing vehicles turning,0,1,0,0,1,1,1,0,0,0,0,0
282330,Medical treatment,2015,15,Rear-end,Multi-Vehicle,152.920677,-27.600126,Cunningham Arterial Rd,,Wacol,Inala,No Roadway Feature,No traffic control,100 - 110 km/h,Sealed - Dry,Dawn/Dusk,Straight,Veh'S Same Direction: Rear End,Rear-end,0,0,1,1,2,2,0,0,0,0,0,0
282331,Hospitalisation,2015,12,Hit pedestrian,Hit pedestrian,153.076496,-27.601015,Celica St,Nursery Ave,Runcorn,Stretton,No Roadway Feature,No traffic control,60 km/h,Sealed - Dry,Daylight,Straight,Ped'N: Hit Other,Other,0,1,0,0,1,1,0,0,0,0,1,0
282332,Medical treatment,2015,7,Sideswipe,Multi-Vehicle,153.017216,-27.516811,Devon St,Fairfield Rd,Yeronga,Yeerongpilly,Intersection - T-Junction,No traffic control,60 km/h,Sealed - Dry,Daylight,Straight,Veh'S Same Direction: Left Turn S/Swipe,Parallel lanes turning,0,0,1,0,1,1,1,0,0,0,0,0
282335,Hospitalisation,2015,4,Rear-end,Multi-Vehicle,153.0628,-27.506475,Cavendish Rd,,Coorparoo,Greenslopes,No Roadway Feature,No traffic control,60 km/h,Sealed - Dry,Daylight,Straight,Veh'S Same Direction: Rear End,Rear-end,0,1,0,0,1,1,1,0,0,0,0,0
282337,Medical treatment,2015,16,Angle,Multi-Vehicle,153.065211,-27.512512,Abbotsleigh St,Reuben St,Holland Park,Greenslopes,Intersection - T-Junction,No traffic control,60 km/h,Sealed - Dry,Daylight,Straight,Veh'S Adjacent Approach: Right-Right,Intersection from adjacent approaches,0,0,1,0,1,2,0,0,0,0,0,0
282338,Medical treatment,2015,23,Hit object,Single Vehicle,152.9954526,-27.58308888,Bowhill Rd,,Willawong,Sunnybank,No Roadway Feature,No traffic control,60 km/h,Sealed - Dry,Darkness - Not lighted,Curved - view open,Off Path-Curve: Other,Other,0,0,1,0,1,1,0,0,0,0,0,0
282342,Hospitalisation,2015,12,Angle,Multi-Vehicle,153.169447,-27.446836,Dibar St,Ronald St,Wynnum,Lytton,Intersection - Cross,Give way sign,0 - 50 km/h,Sealed - Dry,Daylight,Straight,Veh'S Adjacent Approach: Thru-Thru,Intersection from adjacent approaches,0,1,0,0,1,2,0,0,0,0,0,0
282370,Minor injury,2015,6,Rear-end,Multi-Vehicle,153.0131046,-27.55743243,Griffith Arterial Rd,,Archerfield,Sunnybank,No Roadway Feature,No traffic control,60 km/h,Sealed - Dry,Daylight,Straight,Veh'S Same Direction: Rear End,Rear-end,0,0,0,1,1,2,0,0,0,0,0,0
282374,Medical treatment,2015,14,Sideswipe,Multi-Vehicle,153.02427,-27.568389,Boundary Rd,Mt Lindesay Art. Rd,Coopers Plains,Sunnybank,Intersection - Cross,Operating traffic lights,60 km/h,Sealed - Dry,Daylight,Straight,Veh'S Same Direction: Right Turn S/Swipe,Parallel lanes turning,0,0,1,0,1,1,0,1,0,0,0,0
282375,Hospitalisation,2015,15,Angle,Multi-Vehicle,153.096882,-27.581824,Brandl St,Logan Sub-Arterial Rd,Eight Mile Plains,Stretton,Intersection - T-Junction,No traffic control,60 km/h,Sealed - Dry,Daylight,Straight,Veh'S Opposite Approach: Thru-Right,Opposing vehicles turning,0,1,0,0,1,1,0,0,0,1,0,0
282376,Hospitalisation,2015,15,Head-on,Multi-Vehicle,153.1599026,-27.4675216,Radford Rd,,Manly West,Lytton,No Roadway Feature,No traffic control,0 - 50 km/h,Sealed - Dry,Daylight,Straight,Veh'S Opposite Approach: Head On,Head-on,0,1,0,0,1,2,0,0,0,0,0,0
282377,Medical treatment,2015,18,Rear-end,Multi-Vehicle,153.167336,-27.474865,Manly Rd,,Manly West,Lytton,No Roadway Feature,No traffic control,60 km/h,Sealed - Dry,Darkness - Lighted,Straight,Veh'S Same Direction: Rear End,Rear-end,0,0,1,0,1,3,0,0,0,0,0,0
282378,Medical treatment,2015,17,Rear-end,Multi-Vehicle,153.1131124,-27.46403916,Gateway Arterial Rd,,Tingalpa,Chatsworth,No Roadway Feature,No traffic control,100 - 110 km/h,Sealed - Dry,Daylight,Straight,Veh'S Same Direction: Rear End,Rear-end,0,0,1,0,1,1,0,1,0,0,0,0
282416,Medical treatment,2015,15,Angle,Multi-Vehicle,153.02734,-27.621392,Helicia St,Ridgewood Rd,Algester,Algester,Intersection - T-Junction,No traffic control,60 km/h,Sealed - Dry,Daylight,Straight,Veh'S Opposite Approach: Thru-Right,Opposing vehicles turning,0,0,1,1,2,2,0,0,0,0,0,0
282417,Minor injury,2015,14,Rear-end,Multi-Vehicle,153.046086,-27.630267,Beaudesert Rd,Nottingham Rd,Calamvale,Stretton,Intersection - Cross,Operating traffic lights,80 - 90 km/h,Sealed - Dry,Daylight,Straight,Veh'S Same Direction: Rear End,Rear-end,0,0,0,1,1,2,0,0,0,0,0,0
282418,Medical treatment,2015,7,Rear-end,Multi-Vehicle,152.941047,-27.59569,Progress Rd,,Wacol,Inala,No Roadway Feature,No traffic control,60 km/h,Sealed - Dry,Daylight,Straight,Veh'S Same Direction: Rear End,Rear-end,0,0,1,0,1,2,0,0,0,0,0,0
282419,Hospitalisation,2015,15,Angle,Multi-Vehicle,153.083059,-27.600034,Beenleigh Rd,Warrigal Rd,Runcorn,Sunnybank,Intersection - T-Junction,Operating traffic lights,60 km/h,Sealed - Dry,Daylight,Straight,Veh'S Opposite Approach: Thru-Right,Opposing vehicles turning,0,1,0,0,1,2,0,0,0,0,0,0
282420,Medical treatment,2015,16,Rear-end,Multi-Vehicle,153.0289068,-27.51822746,Villa St,,Annerley,Yeerongpilly,No Roadway Feature,No traffic control,0 - 50 km/h,Sealed - Dry,Daylight,Straight,Veh'S Same Direction: Left Rear,Rear-end,0,0,2,0,2,3,0,0,0,0,0,0
282421,Hospitalisation,2015,7,Hit pedestrian,Hit pedestrian,153.075785,-27.500234,Boundary Rd,Samuel St,Camp Hill,Greenslopes,Intersection - Cross,Operating traffic lights,60 km/h,Sealed - Dry,Daylight,Curved - view open,Ped'N: Near Side Vehicle Hit From Right,Pedestrian,0,1,0,0,1,1,0,0,0,0,1,0
282423,Hospitalisation,2015,17,Angle,Multi-Vehicle,153.056275,-27.515263,Birdwood Rd,Logan Rd,Holland Park West,Greenslopes,Intersection - T-Junction,Operating traffic lights,60 km/h,Sealed - Dry,Darkness - Lighted,Straight,Veh'S Opposite Approach: Thru-Right,Opposing vehicles turning,0,2,0,0,2,2,0,0,0,0,0,0
282424,Medical treatment,2015,10,Angle,Multi-Vehicle,153.060396,-27.462019,Hawthorne Rd,Lindsay St,Hawthorne,Bulimba,Intersection - T-Junction,No traffic control,60 km/h,Sealed - Dry,Daylight,Straight,Veh'S Adjacent Approach: Thru-Right,Intersection from adjacent approaches,0,0,1,0,1,2,0,0,0,0,0,0
282425,Medical treatment,2015,0,Hit parked vehicle,Single Vehicle,153.01961,-27.47574,Grey St,Russell St,South Brisbane,South Brisbane,No Roadway Feature,Operating traffic lights,0 - 50 km/h,Sealed - Dry,Darkness - Lighted,Straight,Veh'S On Path: Parked,Hit parked vehicle,0,0,1,1,2,3,0,0,0,0,0,0
282426,Hospitalisation,2015,22,Hit object,Single Vehicle,153.171553,-27.455303,Preston Rd,,Manly West,Lytton,No Roadway Feature,No traffic control,60 km/h,Sealed - Dry,Darkness - Lighted,Straight,Off Path-Straight: Left Off Cway Hit Obj,Off carriageway on straight hit object,0,1,0,0,1,1,0,0,0,0,0,0
282456,Medical treatment,2015,6,Angle,Multi-Vehicle,153.105379,-27.584315,South East Arterial Rd,,Rochedale,Mansfield,No Roadway Feature,No traffic control,100 - 110 km/h,Sealed - Wet,Daylight,Straight,Off Path-Straight: Left Off Cway Hit Obj,Off carriageway on straight hit object,0,0,1,0,1,1,0,0,0,0,0,0
282457,Medical treatment,2015,1,Hit parked vehicle,Single Vehicle,153.0421795,-27.4798351,Manilla St,,East Brisbane,South Brisbane,No Roadway Feature,No traffic control,0 - 50 km/h,Sealed - Wet,Darkness - Lighted,Straight,Veh'S On Path: Parked,Hit parked vehicle,0,0,1,0,1,4,0,0,0,0,0,0
282458,Medical treatment,2015,6,Fall from vehicle,Single Vehicle,153.036032,-27.486271,Main St,Stanley St,Woolloongabba,South Brisbane,Intersection - Cross,Operating traffic lights,60 km/h,Sealed - Wet,Dawn/Dusk,Straight,Veh'S Same Direction: Rear End,Rear-end,0,0,1,0,1,1,1,0,0,0,0,0
282486,Medical treatment,2015,5,Hit object,Single Vehicle,152.940367,-27.556483,Centenary Hwy,Western Arterial Rd,Sinnamon Park,Mount Ommaney,Intersection - Interchange,No traffic control,100 - 110 km/h,Sealed - Wet,Darkness - Lighted,Straight,Off Path-Straight: Left Off Cway Hit Obj,Off carriageway on straight hit object,0,0,2,0,2,1,0,0,0,0,0,0
282489,Hospitalisation,2015,5,Sideswipe,Multi-Vehicle,152.941391,-27.623158,Western Arterial Rd,,Forest Lake,Inala,No Roadway Feature,No traffic control,60 km/h,Sealed - Wet,Dawn/Dusk,Straight,Veh'S Same Direction: Lane Change Left,Lane changes,0,1,0,0,1,1,0,1,0,0,0,0