Crash_Ref_Number,Severity,Year,Hour,Crash_Nature,Crash_Type,Longitude,Latitude,Street,Street_Intersecting,Suburb,Loc_State_Electorate,Crash_Roadway_Feature,Crash_Traffic_Control,Crash_Speed_Limit,Crash_Road_Surface_Condition,Crash_Lighting_Condition,Crash_Road_Horiz_Align,Crash_DCA_Description,Crash_DCA_Group_Description,Count_Casualty_Fatality,Count_Casualty_Hospitalised,Count_Casualty_MedicallyTreated,Count_Casualty_MinorInjury,Count_Casualty_Total,Count_Unit_Car,Count_Unit_Motorcycle_Moped,Count_Unit_Truck,Count_Unit_Bus,Count_Unit_Bicycle,Count_Unit_Pedestrian,Count_Unit_Other
282490,Hospitalisation,2015,18,Hit parked vehicle,Single Vehicle,152.969473,-27.634458,Logan Mwy,,Forest Lake,Algester,No Roadway Feature,No traffic control,100 - 110 km/h,Sealed - Dry,Darkness - Lighted,Straight,Veh'S On Path: Accident Or Broken Down,Hit parked vehicle,0,1,1,0,2,0,0,2,0,0,0,0
282491,Medical treatment,2015,6,Rear-end,Multi-Vehicle,152.980809,-27.566055,Cunningham Arterial Rd,,Oxley,Mount Ommaney,No Roadway Feature,No traffic control,100 - 110 km/h,Sealed - Wet,Daylight,Straight,Veh'S Same Direction: Rear End,Rear-end,0,0,1,0,1,2,0,0,0,0,0,0
282492,Medical treatment,2015,16,Rear-end,Multi-Vehicle,153.086762,-27.563638,Logan Sub-Arterial Rd,,Upper Mount Gravatt,Mansfield,No Roadway Feature,No traffic control,60 km/h,Sealed - Dry,Daylight,Curved - view open,Veh'S Same Direction: Rear End,Rear-end,0,0,2,0,2,2,0,0,0,0,0,0
282493,Medical treatment,2015,6,Rear-end,Multi-Vehicle,153.104566,-27.5828303,South East Art Rd Ramp Xt,,Rochedale,Mansfield,Intersection - Interchange,No traffic control,100 - 110 km/h,Sealed - Dry,Daylight,Curved - view open,Veh'S Same Direction: Rear End,Rear-end,0,0,2,0,2,4,0,0,0,0,0,0
282494,Medical treatment,2015,8,Rear-end,Multi-Vehicle,153.071691,-27.555762,South East Busway,,Upper Mount Gravatt,Mansfield,No Roadway Feature,No traffic control,100 - 110 km/h,Sealed - Wet,Daylight,Straight,Veh'S Same Direction: Rear End,Rear-end,0,0,2,0,2,5,0,0,0,0,0,0
282495,Medical treatment,2015,12,Rear-end,Multi-Vehicle,153.0418028,-27.4979589,Junction St,O'Keefe St,Woolloongabba,South Brisbane,Intersection - T-Junction,Stop sign,60 km/h,Sealed - Dry,Daylight,Straight,Veh'S Adjacant Approach: Thru-Left,Intersection from adjacent approaches,0,0,1,0,1,2,0,0,0,0,0,0
282522,Medical treatment,2015,5,Rear-end,Multi-Vehicle,153.0415315,-27.64707707,Mt Lindesay Art. Rd,,Parkinson,Algester,No Roadway Feature,No traffic control,60 km/h,Sealed - Wet,Dawn/Dusk,Straight,Veh'S Same Direction: Rear End,Rear-end,0,0,1,0,1,2,0,0,0,0,0,0
282525,Minor injury,2015,8,Hit object,Single Vehicle,152.983743,-27.566004,Factory Rd,,Oxley,Inala,No Roadway Feature,No traffic control,60 km/h,Sealed - Wet,Daylight,Curved - view open,Off Path-Curve: Off Cway Lt Bend Hit Obj,Off carriageway on curve hit object,0,0,0,1,1,1,0,0,0,0,0,0
282552,Hospitalisation,2015,6,Sideswipe,Multi-Vehicle,152.922987,-27.594247,Cunningham Arterial Rd,,Wacol,Inala,No Roadway Feature,No traffic control,100 - 110 km/h,Sealed - Dry,Darkness - Not lighted,Straight,Veh'S Same Direction: Lane Change Left,Lane changes,0,1,1,0,2,1,0,1,0,0,0,0
282554,Medical treatment,2015,18,Hit pedestrian,Hit pedestrian,153.063475,-27.451159,Lytton Rd,Nuttall St,Bulimba,Bulimba,Intersection - T-Junction,No traffic control,60 km/h,Sealed - Dry,Darkness - Lighted,Straight,Ped'N: Far Side Vehicle Hit From Left,Pedestrian,0,0,1,0,1,1,0,0,0,0,1,0
282555,Hospitalisation,2015,16,Hit pedestrian,Hit pedestrian,153.109255,-27.546096,Broadwater Rd,Sandringham St,Mansfield,Mansfield,Intersection - T-Junction,No traffic control,60 km/h,Sealed - Dry,Daylight,Straight,Ped'N: Hit While Boarding/Alighting,Pedestrian,0,1,0,0,1,1,0,0,0,0,1,0
282556,Hospitalisation,2015,18,Angle,Multi-Vehicle,153.080161,-27.556364,Logan Rd,Norton St,Upper Mount Gravatt,Mansfield,Intersection - Cross,Operating traffic lights,60 km/h,Sealed - Dry,Darkness - Lighted,Straight,Veh'S Adjacent Approach: Thru-Right,Intersection from adjacent approaches,0,1,0,0,1,2,0,0,0,0,0,0
282585,Hospitalisation,2015,7,Hit pedestrian,Hit pedestrian,153.051585,-27.49217,Castlemaine St,Morley St,Coorparoo,South Brisbane,No Roadway Feature,No traffic control,60 km/h,Sealed - Dry,Daylight,Straight,Ped'N: Far Side Vehicle Hit From Left,Pedestrian,0,1,0,0,1,1,0,0,0,0,1,0
282587,Medical treatment,2015,16,Rear-end,Multi-Vehicle,153.0236846,-27.56586111,Mt Lindesay Art. Rd,,Coopers Plains,Sunnybank,No Roadway Feature,No traffic control,60 km/h,Sealed - Dry,Daylight,Straight,Veh'S Same Direction: Rear End,Rear-end,0,0,1,0,1,2,0,0,0,0,0,0
282588,Medical treatment,2015,22,Angle,Multi-Vehicle,153.087936,-27.603041,Beenleigh Rd,Winifred St,Kuraby,Stretton,Intersection - T-Junction,No traffic control,0 - 50 km/h,Sealed - Wet,Darkness - Not lighted,Straight,Veh'S Opposite Approach: Thru-Right,Opposing vehicles turning,0,0,2,0,2,2,0,0,0,0,0,0
282589,Minor injury,2015,10,Angle,Multi-Vehicle,153.013938,-27.487381,Colton St,Dornoch Tce,Highgate Hill,South Brisbane,Intersection - T-Junction,Give way sign,60 km/h,Sealed - Dry,Daylight,Curved - view obscured,Veh'S Adjacent Approach: Thru-Right,Intersection from adjacent approaches,0,0,0,1,1,1,0,0,0,1,0,0
282590,Hospitalisation,2015,1,Hit object,Single Vehicle,153.165386,-27.4829386,Greencamp Rd,,Wakerley,Chatsworth,No Roadway Feature,No traffic control,60 km/h,Sealed - Dry,Darkness - Lighted,Straight,Off Path-Straight: Left Off Cway Hit Obj,Off carriageway on straight hit object,0,1,0,0,1,1,0,0,0,0,0,0
282618,Medical treatment,2015,13,Rear-end,Multi-Vehicle,153.012585,-27.557344,Balham Rd,Griffith Arterial Rd,Archerfield,Sunnybank,Intersection - Cross,Operating traffic lights,60 km/h,Sealed - Dry,Daylight,Straight,Veh'S Same Direction: Rear End,Rear-end,0,0,1,0,1,1,0,1,0,0,0,0
282619,Minor injury,2015,8,Rear-end,Multi-Vehicle,153.064992,-27.590247,Beenleigh Rd,Gowan Rd,Sunnybank Hills,Stretton,No Roadway Feature,No traffic control,60 km/h,Sealed - Dry,Daylight,Straight,Veh'S Same Direction: Left Rear,Rear-end,0,0,0,1,1,2,0,0,0,0,0,0
282622,Medical treatment,2015,5,Rear-end,Multi-Vehicle,153.058755,-27.537695,South East Arterial Rd,,Holland Park West,Yeerongpilly,No Roadway Feature,No traffic control,100 - 110 km/h,Sealed - Dry,Dawn/Dusk,Straight,Veh'S Same Direction: Rear End,Rear-end,0,0,2,0,2,2,0,0,0,0,0,0
282623,Medical treatment,2015,5,Sideswipe,Multi-Vehicle,153.008554,-27.596205,Learoyd Rd,,Willawong,Sunnybank,No Roadway Feature,No traffic control,70 km/h,Sealed - Wet,Darkness - Not lighted,Straight,Off Path-Straight: Left Off Cway Hit Obj,Off carriageway on straight hit object,0,0,1,0,1,0,0,1,0,1,0,0
282624,Hospitalisation,2015,19,Angle,Multi-Vehicle,153.107122,-27.455453,Gateway Arterial Rd,Port Of Brisbane Rd,Murarrie,Bulimba,Intersection - Interchange,Operating traffic lights,60 km/h,Sealed - Dry,Darkness - Lighted,Straight,Veh'S Adjacent Approach: Thru-Right,Intersection from adjacent approaches,0,1,0,0,1,1,0,1,0,0,0,0
282625,Medical treatment,2015,12,Rear-end,Multi-Vehicle,153.092016,-27.575529,Logan Sub-Arterial Rd,,Eight Mile Plains,Sunnybank,No Roadway Feature,No traffic control,70 km/h,Sealed - Dry,Daylight,Curved - view open,Veh'S Same Direction: Lane Change Right,Lane changes,0,0,2,0,2,2,0,0,0,0,0,0
282626,Medical treatment,2015,13,Hit object,Single Vehicle,153.102349,-27.582407,Gateway Art Rd Off Ramp,Gateway Arterial Rd,Eight Mile Plains,Stretton,Intersection - Interchange,No traffic control,100 - 110 km/h,Sealed - Dry,Daylight,Straight,Veh'S On Path: Temporary Object On C'Way,Other,0,0,1,0,1,1,0,0,0,0,0,0
282627,Hospitalisation,2015,16,Rear-end,Multi-Vehicle,153.038608,-27.496603,South East Arterial Rd,,Woolloongabba,South Brisbane,No Roadway Feature,No traffic control,100 - 110 km/h,Sealed - Dry,Daylight,Straight,Veh'S Same Direction: Rear End,Rear-end,0,1,0,0,1,3,0,0,0,0,0,0
282635,Medical treatment,2015,15,Rear-end,Multi-Vehicle,153.1694104,-27.52646003,Mt Gravatt - Capalaba Rd,,Chandler,Chatsworth,No Roadway Feature,No traffic control,60 km/h,Sealed - Dry,Dawn/Dusk,Straight,Veh'S Same Direction: Rear End,Rear-end,0,0,1,0,1,2,0,0,0,0,0,0
282636,Medical treatment,2015,16,Angle,Multi-Vehicle,153.158675,-27.52621,Mt Gravatt - Capalaba Rd,Tilley Rd,Burbank,Mansfield,Intersection - Roundabout,Give way sign,60 km/h,Sealed - Dry,Daylight,Curved - view open,Veh'S Same Direction: Lane Side Swipe,Lane changes,0,0,1,0,1,2,0,0,0,0,0,0
282670,Medical treatment,2015,15,Angle,Multi-Vehicle,152.945828,-27.534053,Seventeen Mile Rocks Rd,Western Arterial Rd,Jindalee,Mount Ommaney,Intersection - Interchange,Give way sign,0 - 50 km/h,Sealed - Dry,Daylight,Straight,Veh'S Adjacent Approach: Thru-Right,Intersection from adjacent approaches,0,0,2,0,2,1,0,0,1,0,0,0
282673,Hospitalisation,2015,14,Hit object,Single Vehicle,152.943093,-27.623723,Logan Mwy,,Forest Lake,Inala,Intersection - Interchange,No traffic control,100 - 110 km/h,Sealed - Dry,Daylight,Straight,Veh'S Same Direction: Other,Other,0,1,1,0,2,2,0,0,0,0,0,0
282674,Hospitalisation,2015,18,Sideswipe,Multi-Vehicle,153.035887,-27.484564,Main St,,Woolloongabba,South Brisbane,Intersection - Cross,Operating traffic lights,60 km/h,Sealed - Dry,Darkness - Lighted,Straight,Veh'S Same Direction: Other,Other,0,1,0,1,2,1,1,0,0,0,1,0
282675,Minor injury,2015,10,Rear-end,Multi-Vehicle,153.129279,-27.475572,Belmont Rd,,Tingalpa,Chatsworth,No Roadway Feature,No traffic control,60 km/h,Sealed - Dry,Daylight,Straight,Veh'S Same Direction: Rear End,Rear-end,0,0,0,1,1,2,0,0,0,0,0,0
282708,Medical treatment,2015,5,Angle,Multi-Vehicle,153.032412,-27.485999,Leopard St,South East Arterial Rd,Woolloongabba,South Brisbane,Intersection - Interchange,Operating traffic lights,60 km/h,Sealed - Dry,Darkness - Lighted,Straight,Veh'S Adjacent Approach: Thru-Thru,Intersection from adjacent approaches,0,0,3,0,3,2,0,0,0,0,0,0
282744,Hospitalisation,2015,7,Rear-end,Multi-Vehicle,153.041099,-27.513242,South East Arterial Rd,,Greenslopes,Yeerongpilly,No Roadway Feature,No traffic control,100 - 110 km/h,Sealed - Dry,Daylight,Curved - view open,Veh'S Same Direction: Rear End,Rear-end,0,1,0,0,1,1,1,0,0,0,0,0
282746,Medical treatment,2015,8,Rear-end,Multi-Vehicle,153.058239,-27.5362518,South East Arterial Rd,,Holland Park West,Yeerongpilly,Intersection - Interchange,No traffic control,60 km/h,Sealed - Dry,Daylight,Curved - view open,Veh'S Same Direction: Rear End,Rear-end,0,0,1,0,1,2,0,0,0,0,0,0
282747,Hospitalisation,2015,11,Overturned,Single Vehicle,153.0242935,-27.61255725,Paradise Rd,,Pallara,Algester,No Roadway Feature,No traffic control,70 km/h,Sealed - Dry,Daylight,Straight,Off Path-Curve: Out Of Control On Cway,Out of control on curve,0,1,0,0,1,1,0,0,0,0,0,0
282752,Minor injury,2015,8,Angle,Multi-Vehicle,153.07893,-27.610889,Gateway Arterial Rd,Persse Rd,Runcorn,Stretton,Intersection - Interchange,Give way sign,60 km/h,Sealed - Dry,Daylight,Straight,Veh'S Opposite Approach: Thru-Right,Opposing vehicles turning,0,0,0,1,1,1,0,1,0,0,0,0
282753,Hospitalisation,2015,16,Angle,Multi-Vehicle,153.022918,-27.498077,T J Doyle Memorial Park Dr,,Dutton Park,South Brisbane,No Roadway Feature,No traffic control,0 - 50 km/h,Sealed - Dry,Daylight,Curved - view open,Veh'S Manoeuvring: Leaving Parking,Vehicle leaving driveway,0,1,0,0,1,1,0,0,0,1,0,0
282782,Medical treatment,2015,9,Sideswipe,Multi-Vehicle,153.028504,-27.488123,Annerley Rd,,Woolloongabba,South Brisbane,No Roadway Feature,No traffic control,60 km/h,Sealed - Dry,Daylight,Straight,Veh'S On Path: Car Door,Hit parked vehicle,0,0,1,0,1,1,0,0,0,1,0,0
282812,Hospitalisation,2015,18,Hit pedestrian,Hit pedestrian,153.038374,-27.5166,Ekibin Rd E,,Tarragindi,Yeerongpilly,No Roadway Feature,No traffic control,60 km/h,Sealed - Dry,Darkness - Lighted,Straight,Ped'N: Far Side Vehicle Hit From Left,Pedestrian,0,2,0,0,2,0,1,0,0,0,1,0
282814,Medical treatment,2015,14,Hit object,Single Vehicle,153.101276,-27.495775,Creek Rd,,Carindale,Chatsworth,No Roadway Feature,No traffic control,0 - 50 km/h,Sealed - Dry,Daylight,Straight,Veh'S Same Direction: Rear End,Rear-end,0,0,2,0,2,2,0,0,0,0,0,0
282815,Medical treatment,2015,8,Angle,Multi-Vehicle,153.083414,-27.493136,Burn St,Old Cleveland Rd,Camp Hill,Greenslopes,Intersection - Cross,No traffic control,60 km/h,Sealed - Dry,Daylight,Curved - view open,Veh'S Same Direction: Left Turn S/Swipe,Parallel lanes turning,0,0,1,0,1,1,1,0,0,1,0,0
282818,Hospitalisation,2015,7,Angle,Multi-Vehicle,153.096437,-27.517625,Pine Mountain Rd,,Mount Gravatt East,Mansfield,No Roadway Feature,No traffic control,60 km/h,Sealed - Dry,Daylight,Curved - view open,Veh'S Manoeuvring: Leaving Driveway,Vehicle leaving driveway,0,2,0,0,2,2,0,0,0,0,0,0
282819,Medical treatment,2015,14,Angle,Multi-Vehicle,153.020679,-27.553092,Beaudesert Rd,Lillian Ave,Rocklea,Yeerongpilly,Intersection - T-Junction,Give way sign,70 km/h,Sealed - Dry,Daylight,Straight,Veh'S Adjacant Approach: Thru-Left,Intersection from adjacent approaches,0,0,1,1,2,1,0,1,0,0,0,0
282820,Hospitalisation,2015,9,Rear-end,Multi-Vehicle,153.01678,-27.47559,Merivale St,,South Brisbane,South Brisbane,No Roadway Feature,No traffic control,60 km/h,Sealed - Dry,Daylight,Straight,Veh'S Same Direction: Rear End,Rear-end,0,1,0,1,2,1,0,0,0,0,0,1
282821,Medical treatment,2015,13,Rear-end,Multi-Vehicle,153.143843,-27.442237,Lindum Rd,North Rd,Wynnum West,Lytton,Intersection - T-Junction,Stop sign,0 - 50 km/h,Sealed - Dry,Daylight,Curved - view open,Veh'S Same Direction: Right Rear,Rear-end,0,0,1,0,1,2,0,0,0,0,0,0
282844,Hospitalisation,2015,17,Angle,Multi-Vehicle,153.035866,-27.483682,Linton St,Main St,Kangaroo Point,South Brisbane,Intersection - T-Junction,No traffic control,60 km/h,Sealed - Dry,Dawn/Dusk,Straight,Veh'S Opposite Approach: Thru-Right,Opposing vehicles turning,0,1,0,0,1,1,1,0,0,0,0,0
282845,Hospitalisation,2015,13,Angle,Multi-Vehicle,153.141543,-27.485793,New Cleveland Rd,Stanbrough Rd,Wakerley,Chatsworth,Intersection - Cross,Give way sign,70 km/h,Sealed - Dry,Daylight,Straight,Veh'S Adjacent Approach: Thru-Thru,Intersection from adjacent approaches,0,1,0,1,2,3,0,0,0,0,0,0
282871,Hospitalisation,2015,19,Hit pedestrian,Hit pedestrian,152.912033,-27.562137,Kalbarri St,,Riverhills,Mount Ommaney,No Roadway Feature,No traffic control,0 - 50 km/h,Unsealed - Dry,Darkness - Not lighted,Straight,Pass & Misc: Parked Car Ran Away,Other,0,1,0,0,1,1,0,0,0,0,1,0
282873,Medical treatment,2015,8,Sideswipe,Multi-Vehicle,153.022412,-27.493799,Gladstone Rd,Wahcumba St,Dutton Park,South Brisbane,Intersection - T-Junction,No traffic control,0 - 50 km/h,Sealed - Dry,Daylight,Straight,Veh'S Same Direction: Lane Change Left,Lane changes,0,0,1,0,1,1,0,1,0,0,0,0
282874,Medical treatment,2015,13,Overturned,Single Vehicle,153.163923,-27.390575,Bulk Terminals Dr,Port Dr,Port Of Brisbane,Lytton,Intersection - Roundabout,Give way sign,60 km/h,Sealed - Dry,Daylight,Curved - view open,Off Path-Straight:Out Of Control On Cway,Out of control on straight,0,0,1,0,1,0,0,1,0,0,0,0
282904,Medical treatment,2015,8,Rear-end,Multi-Vehicle,152.9409787,-27.54780966,Dandenong Rd,Western Arterial Rd,Mount Ommaney,Mount Ommaney,Intersection - Interchange,Give way sign,60 km/h,Sealed - Dry,Daylight,Curved - view obscured,Veh'S Same Direction: Left Rear,Rear-end,0,0,1,0,1,2,0,0,0,0,0,0
282906,Hospitalisation,2015,17,Rear-end,Multi-Vehicle,153.115249,-27.502119,Old Cleveland Rd,,Carindale,Chatsworth,No Roadway Feature,No traffic control,70 km/h,Sealed - Dry,Dawn/Dusk,Straight,Veh'S Same Direction: Rear End,Rear-end,0,2,1,0,3,3,0,0,0,0,0,0
282908,Hospitalisation,2015,9,Rear-end,Multi-Vehicle,153.0637427,-27.46989669,Wynnum Rd,,Morningside,Bulimba,No Roadway Feature,No traffic control,60 km/h,Sealed - Dry,Daylight,Curved - view open,Veh'S Same Direction: Rear End,Rear-end,0,1,0,0,1,1,1,0,0,0,0,0
282910,Hospitalisation,2015,16,Hit object,Single Vehicle,153.069401,-27.565869,Fleetwood St,,Macgregor,Sunnybank,No Roadway Feature,No traffic control,0 - 50 km/h,Sealed - Dry,Daylight,Straight,Off Path-Straight:Right Off Cway Hit Obj,Off carriageway on straight hit object,0,1,0,0,1,1,0,0,0,0,0,0
282911,Hospitalisation,2015,15,Hit pedestrian,Hit pedestrian,153.0808473,-27.55912856,Logan Rd,,Upper Mount Gravatt,Mansfield,No Roadway Feature,No traffic control,60 km/h,Sealed - Dry,Daylight,Straight,Ped'N: Near Side Vehicle Hit From Right,Pedestrian,0,1,0,0,1,1,0,0,0,0,1,0
282912,Medical treatment,2015,8,Angle,Multi-Vehicle,153.1682,-27.454681,Preston Rd,,Manly West,Lytton,No Roadway Feature,No traffic control,60 km/h,Sealed - Dry,Daylight,Straight,Veh'S Manoeuvring: Entering From Footway,Vehicle leaving driveway,0,0,1,0,1,2,0,0,0,0,0,0
282929,Minor injury,2015,13,Angle,Multi-Vehicle,152.9819557,-27.56851681,Factory Rd,,Oxley,Inala,Median Opening,No traffic control,60 km/h,Sealed - Dry,Daylight,Straight,Veh'S Same Direction: Right Turn S/Swipe,Parallel lanes turning,0,0,0,1,1,2,0,0,0,0,0,0
282930,Medical treatment,2015,17,Angle,Multi-Vehicle,153.0274138,-27.51345525,Venner Rd,,Annerley,Yeerongpilly,No Roadway Feature,No traffic control,0 - 50 km/h,Sealed - Dry,Darkness - Lighted,Straight,Veh'S Manoeuvring: Leaving Parking,Vehicle leaving driveway,0,0,1,0,1,1,0,0,0,1,0,0
282933,Medical treatment,2015,16,Rear-end,Multi-Vehicle,153.118778,-27.538326,Gateway Arterial Rd,,Mackenzie,Mansfield,No Roadway Feature,No traffic control,100 - 110 km/h,Sealed - Dry,Daylight,Curved - view open,Veh'S Same Direction: Rear End,Rear-end,0,0,1,0,1,2,0,0,0,0,0,0
282934,Medical treatment,2015,12,Angle,Multi-Vehicle,153.05,-27.48783,Caswell St,Stanley St East,East Brisbane,South Brisbane,Intersection - Cross,Give way sign,60 km/h,Sealed - Dry,Daylight,Straight,Veh'S Adjacent Approach: Thru-Thru,Intersection from adjacent approaches,0,0,1,0,1,2,0,0,0,0,0,0
282935,Minor injury,2015,10,Rear-end,Multi-Vehicle,153.035845,-27.482847,Main St,Princess St,Kangaroo Point,South Brisbane,Intersection - Cross,Operating traffic lights,60 km/h,Sealed - Dry,Daylight,Straight,Veh'S Same Direction: Right Rear,Rear-end,0,0,0,1,1,2,0,0,0,0,0,0
282958,Medical treatment,2015,15,Angle,Multi-Vehicle,153.0430073,-27.59786471,Hellawell Rd,,Sunnybank Hills,Sunnybank,Intersection - T-Junction,No traffic control,60 km/h,Sealed - Dry,Daylight,Straight,Veh'S Adjacent Approach: Thru-Right,Intersection from adjacent approaches,0,0,1,0,1,3,0,0,0,0,0,0
282959,Medical treatment,2015,11,Hit parked vehicle,Single Vehicle,153.088021,-27.495668,Old Cleveland Rd,,Carina,Chatsworth,No Roadway Feature,No traffic control,60 km/h,Sealed - Dry,Daylight,Straight,Off Path-Straight: Left Off Cway Hit Obj,Off carriageway on straight hit object,0,0,1,0,1,1,0,0,1,0,0,0
282960,Hospitalisation,2015,13,Angle,Multi-Vehicle,153.081141,-27.519065,Cavendish Rd,Wyncroft St,Holland Park,Greenslopes,Intersection - T-Junction,Operating traffic lights,60 km/h,Sealed - Dry,Daylight,Curved - view obscured,Veh'S Adjacant Approach: Thru-Left,Intersection from adjacent approaches,0,1,0,0,1,2,0,0,0,0,0,0
282961,Medical treatment,2015,13,Rear-end,Multi-Vehicle,153.009422,-27.586153,Bowhill Rd,,Willawong,Sunnybank,No Roadway Feature,No traffic control,70 km/h,Sealed - Dry,Dawn/Dusk,Curved - view open,Veh'S Same Direction: Rear End,Rear-end,0,0,2,0,2,3,0,0,0,0,0,0
282963,Medical treatment,2015,15,Hit pedestrian,Hit pedestrian,153.080469,-27.558282,Logan Rd,,Upper Mount Gravatt,Mansfield,No Roadway Feature,No traffic control,60 km/h,Sealed - Dry,Dawn/Dusk,Straight,Ped'N: Far Side Vehicle Hit From Left,Pedestrian,0,0,1,0,1,1,0,0,0,0,1,0
282964,Medical treatment,2015,8,Sideswipe,Multi-Vehicle,153.035797,-27.4655673,Bradfield Hwy,,Kangaroo Point,South Brisbane,Bridge/Causeway,No traffic control,60 km/h,Sealed - Dry,Darkness - Lighted,Straight,Veh'S Same Direction: Lane Change Left,Lane changes,0,0,1,0,1,1,0,1,0,0,0,0
282991,Hospitalisation,2015,17,Rear-end,Multi-Vehicle,153.049445,-27.647714,Logan Mwy,,Drewvale,Stretton,No Roadway Feature,No traffic control,100 - 110 km/h,Sealed - Dry,Dawn/Dusk,Straight,Veh'S Same Direction: Rear End,Rear-end,0,1,0,0,1,1,1,0,0,0,0,0
282993,Hospitalisation,2015,14,Angle,Multi-Vehicle,153.0391735,-27.5017039,Cornwall St,Duke St,Annerley,South Brisbane,Intersection - Cross,Operating traffic lights,60 km/h,Sealed - Dry,Daylight,Straight,Veh'S Adjacent Approach: Thru-Thru,Intersection from adjacent approaches,0,2,0,0,2,2,0,0,0,0,0,0
282994,Hospitalisation,2015,5,Angle,Multi-Vehicle,153.030855,-27.513882,Ipswich Rd,Venner Rd,Annerley,Yeerongpilly,Intersection - Cross,Operating traffic lights,60 km/h,Sealed - Dry,Dawn/Dusk,Straight,Veh'S Opposite Approach: Thru-Right,Opposing vehicles turning,0,1,0,0,1,1,1,0,0,0,0,0
282996,Hospitalisation,2015,5,Hit object,Single Vehicle,152.957381,-27.628128,Centennial Wy,,Forest Lake,Algester,No Roadway Feature,No traffic control,60 km/h,Sealed - Dry,Darkness - Lighted,Straight,Off Path-Straight: Left Off Cway Hit Obj,Off carriageway on straight hit object,0,1,0,0,1,0,1,0,0,0,0,0
282998,Medical treatment,2015,8,Rear-end,Multi-Vehicle,153.090404,-27.554345,Newnham Rd,,Upper Mount Gravatt,Mansfield,No Roadway Feature,No traffic control,60 km/h,Sealed - Dry,Daylight,Straight,Veh'S Same Direction: Rear End,Rear-end,0,0,1,0,1,2,0,0,0,0,0,0
282999,Hospitalisation,2015,15,Hit parked vehicle,Single Vehicle,153.020853,-27.492484,Gladstone Rd,,Highgate Hill,South Brisbane,No Roadway Feature,No traffic control,0 - 50 km/h,Sealed - Dry,Daylight,Straight,Off Path-Straight: Left Off Cway Hit Obj,Off carriageway on straight hit object,0,1,0,0,1,2,0,0,0,0,0,0
283000,Medical treatment,2015,15,Rear-end,Multi-Vehicle,153.035888,-27.482616,Main St,,Kangaroo Point,South Brisbane,No Roadway Feature,No traffic control,60 km/h,Sealed - Dry,Daylight,Straight,Veh'S Same Direction: Rear End,Rear-end,0,0,1,0,1,2,0,0,0,0,0,0
283001,Medical treatment,2015,15,Angle,Multi-Vehicle,153.113583,-27.472857,Murarrie Rd,Wynnum Rd,Tingalpa,Chatsworth,Intersection - T-Junction,No traffic control,60 km/h,Sealed - Dry,Daylight,Straight,Veh'S Manoeuvring: Entering From Footway,Vehicle leaving driveway,0,0,1,0,1,1,0,0,0,1,0,0
283036,Medical treatment,2015,15,Rear-end,Multi-Vehicle,153.061595,-27.585369,Corishun St,Mains Rd,Sunnybank,Sunnybank,Intersection - T-Junction,No traffic control,60 km/h,Sealed - Dry,Daylight,Straight,Veh'S Same Direction: Rear End,Rear-end,0,0,1,0,1,2,0,0,0,0,0,0
283037,Hospitalisation,2015,7,Rear-end,Multi-Vehicle,153.0195134,-27.54893144,Beaudesert Rd,,Rocklea,Yeerongpilly,Bridge/Causeway,No traffic control,70 km/h,Sealed - Dry,Daylight,Straight,Veh'S Same Direction: Rear End,Rear-end,0,2,0,0,2,3,0,0,0,0,0,0
283038,Hospitalisation,2015,17,Rear-end,Multi-Vehicle,152.978882,-27.554608,Gladstone St,Oxley Rd,Oxley,Mount Ommaney,Intersection - T-Junction,No traffic control,60 km/h,Sealed - Dry,Dawn/Dusk,Straight,Veh'S Same Direction: Right Rear,Rear-end,0,1,0,0,1,2,0,0,0,0,0,0
283040,Hospitalisation,2015,15,Angle,Multi-Vehicle,153.072555,-27.56178,Griffith Arterial Rd,Grout St,Macgregor,Yeerongpilly,Intersection - T-Junction,Operating traffic lights,60 km/h,Sealed - Dry,Daylight,Straight,Veh'S Opposite Approach: Thru-Right,Opposing vehicles turning,0,1,0,1,2,2,0,0,0,0,0,0
283041,Hospitalisation,2015,17,Angle,Multi-Vehicle,153.129247,-27.475797,Belmont Rd,Palgrave St,Tingalpa,Chatsworth,Intersection - T-Junction,No traffic control,60 km/h,Sealed - Dry,Darkness - Lighted,Straight,Veh'S Opposite Approach: Thru-Right,Opposing vehicles turning,0,1,0,0,1,2,0,0,0,0,0,0
283069,Hospitalisation,2015,17,Angle,Multi-Vehicle,153.033911,-27.508111,Ipswich Rd,Junction Tce,Annerley,South Brisbane,Intersection - Cross,No traffic control,60 km/h,Sealed - Dry,Dawn/Dusk,Straight,Veh'S Opposite Approach: Right-Left,Opposing vehicles turning,0,1,1,0,2,2,0,0,0,0,0,0
283072,Medical treatment,2015,8,Hit object,Single Vehicle,152.9621358,-27.59780144,Poinsettia St,,Inala,Inala,No Roadway Feature,No traffic control,60 km/h,Sealed - Dry,Daylight,Straight,Veh'S Manoeuvring: Rev Into Fixed Object,Other,0,0,1,0,1,1,0,0,0,0,0,0
283073,Medical treatment,2015,14,Rear-end,Multi-Vehicle,153.01267,-27.641838,Logan Mwy,,Larapinta,Algester,No Roadway Feature,No traffic control,100 - 110 km/h,Sealed - Dry,Daylight,Straight,Veh'S Same Direction: Rear End,Rear-end,0,0,2,1,3,5,0,2,0,0,0,0