Crash_Ref_Number,Severity,Year,Hour,Crash_Nature,Crash_Type,Longitude,Latitude,Street,Street_Intersecting,Suburb,Loc_State_Electorate,Crash_Roadway_Feature,Crash_Traffic_Control,Crash_Speed_Limit,Crash_Road_Surface_Condition,Crash_Lighting_Condition,Crash_Road_Horiz_Align,Crash_DCA_Description,Crash_DCA_Group_Description,Count_Casualty_Fatality,Count_Casualty_Hospitalised,Count_Casualty_MedicallyTreated,Count_Casualty_MinorInjury,Count_Casualty_Total,Count_Unit_Car,Count_Unit_Motorcycle_Moped,Count_Unit_Truck,Count_Unit_Bus,Count_Unit_Bicycle,Count_Unit_Pedestrian,Count_Unit_Other
283077,Medical treatment,2015,19,Rear-end,Multi-Vehicle,153.050298,-27.558759,Griffith Arterial Rd,Troughton Rd,Coopers Plains,Sunnybank,Intersection - T-Junction,Give way sign,60 km/h,Sealed - Dry,Darkness - Lighted,Straight,Veh'S Same Direction: Left Rear,Rear-end,0,0,1,0,1,2,0,0,0,0,0,0
283078,Medical treatment,2015,14,Rear-end,Multi-Vehicle,153.040895,-27.492015,Logan Rd,,Woolloongabba,South Brisbane,No Roadway Feature,No traffic control,60 km/h,Sealed - Dry,Daylight,Curved - view open,Veh'S Same Direction: Rear End,Rear-end,0,0,1,0,1,2,0,0,0,0,0,0
283088,Hospitalisation,2015,21,Hit object,Single Vehicle,153.169195,-27.526476,Geldart Rd,Mt Gravatt - Capalaba Rd,Chandler,Chatsworth,No Roadway Feature,No traffic control,80 - 90 km/h,Sealed - Dry,Darkness - Lighted,Curved - view open,Off Path-Curve: Off Cway Lt Bend Hit Obj,Off carriageway on curve hit object,0,1,0,0,1,1,0,0,0,0,0,0
283111,Hospitalisation,2015,5,Rear-end,Multi-Vehicle,153.041457,-27.64729,Logan Mwy Ramp Dd,Mt Lindesay Art. Rd,Parkinson,Algester,Bridge/Causeway,No traffic control,80 - 90 km/h,Sealed - Dry,Daylight,Straight,Veh'S Same Direction: Rear End,Rear-end,0,1,0,0,1,2,0,0,0,0,0,0
283112,Medical treatment,2015,8,Angle,Multi-Vehicle,152.958877,-27.569372,Harcourt Rd,Winslow St,Darra,Mount Ommaney,Intersection - T-Junction,Stop sign,60 km/h,Sealed - Dry,Daylight,Straight,Veh'S Adjacent Approach: Thru-Right,Intersection from adjacent approaches,0,0,2,0,2,2,0,0,0,0,0,0
283113,Hospitalisation,2015,17,Rear-end,Multi-Vehicle,152.964523,-27.570278,Cunningham Arterial Rd,,Darra,Mount Ommaney,No Roadway Feature,No traffic control,80 - 90 km/h,Sealed - Dry,Darkness - Lighted,Straight,Veh'S Same Direction: Rear End,Rear-end,0,1,0,0,1,3,0,0,0,0,0,0
283114,Hospitalisation,2015,15,Angle,Multi-Vehicle,153.099286,-27.486803,Creek Rd,Mee St,Carina,Chatsworth,Intersection - T-Junction,Stop sign,60 km/h,Sealed - Dry,Daylight,Straight,Veh'S Adjacant Approach: Thru-Left,Intersection from adjacent approaches,0,1,0,0,1,1,1,0,0,0,0,0
283118,Medical treatment,2015,17,Rear-end,Multi-Vehicle,153.035319,-27.493473,South East Arterial Rd,,Woolloongabba,South Brisbane,No Roadway Feature,No traffic control,80 - 90 km/h,Sealed - Dry,Darkness - Lighted,Curved - view open,Veh'S Same Direction: Rear End,Rear-end,0,0,3,1,4,3,0,0,0,0,0,0
283119,Medical treatment,2015,15,Rear-end,Multi-Vehicle,153.128521,-27.494643,Belmont Rd,Grassdale Rd,Belmont,Chatsworth,Intersection - Roundabout,Give way sign,60 km/h,Sealed - Dry,Daylight,Curved - view open,Veh'S Same Direction: Rear End,Rear-end,0,0,1,0,1,2,0,0,0,0,0,0
283120,Medical treatment,2015,11,Angle,Multi-Vehicle,153.133826,-27.465813,Hemmant Tingalpa Rd,,Tingalpa,Chatsworth,No Roadway Feature,No traffic control,60 km/h,Sealed - Dry,Daylight,Straight,Veh'S Opposite Approach: Thru-Right,Opposing vehicles turning,0,0,2,0,2,2,1,0,0,0,0,0
283154,Medical treatment,2015,9,Angle,Multi-Vehicle,153.0592981,-27.49457702,Cavendish Rd,Old Cleveland Rd,Coorparoo,Greenslopes,Intersection - Cross,Operating traffic lights,60 km/h,Sealed - Dry,Daylight,Straight,Veh'S Opposite Approach: Thru-Right,Opposing vehicles turning,0,0,1,0,1,2,0,0,0,0,0,0
283155,Medical treatment,2015,15,Angle,Multi-Vehicle,152.975658,-27.597743,Corsair Ave,Inala Ave,Inala,Inala,Intersection - T-Junction,Operating traffic lights,60 km/h,Sealed - Dry,Daylight,Straight,Veh'S Opposite Approach: Thru-Right,Opposing vehicles turning,0,0,1,0,1,2,0,0,0,0,0,0
283157,Hospitalisation,2015,12,Hit object,Single Vehicle,153.0831188,-27.56564226,South East Busway,,Macgregor,Mansfield,No Roadway Feature,No traffic control,100 - 110 km/h,Sealed - Dry,Daylight,Straight,Off Path-Straight: Left Off Cway Hit Obj,Off carriageway on straight hit object,0,1,0,0,1,1,0,0,0,0,0,0
283178,Hospitalisation,2015,8,Hit object,Single Vehicle,153.0520409,-27.61111029,Compton Rd,,Sunnybank Hills,Stretton,No Roadway Feature,No traffic control,60 km/h,Sealed - Dry,Daylight,Curved - view open,Off Path-Curve: Off Cway Rt Bend Hit Obj,Off carriageway on curve hit object,0,1,0,0,1,1,0,0,0,0,0,0
283198,Hospitalisation,2015,1,Hit object,Single Vehicle,152.925742,-27.545011,Drysdale St,Westlake Dr,Mount Ommaney,Mount Ommaney,Intersection - T-Junction,No traffic control,60 km/h,Sealed - Dry,Darkness - Lighted,Curved - view open,Off Path-Curve: Off Cway Rt Bend Hit Obj,Off carriageway on curve hit object,0,1,0,0,1,1,0,0,0,0,0,0
283199,Hospitalisation,2015,20,Hit object,Single Vehicle,152.9399459,-27.55899945,Western Arterial Rd,,Jamboree Heights,Mount Ommaney,No Roadway Feature,No traffic control,100 - 110 km/h,Sealed - Dry,Darkness - Lighted,Straight,Off Path-Straight:Out Of Control On Cway,Out of control on straight,0,1,0,0,1,1,0,0,0,0,0,0
283200,Hospitalisation,2015,20,Sideswipe,Multi-Vehicle,153.082288,-27.487339,Stanley Rd,,Camp Hill,Chatsworth,No Roadway Feature,No traffic control,60 km/h,Sealed - Dry,Darkness - Lighted,Straight,Veh'S Opposite Approach: Head On,Head-on,0,1,0,0,1,2,0,0,0,0,0,0
283203,Medical treatment,2015,11,Angle,Multi-Vehicle,152.98979,-27.630655,Wadeville St,,Pallara,Algester,No Roadway Feature,No traffic control,70 km/h,Unsealed - Dry,Daylight,Straight,Veh'S Opposite Approach: U-Turn,U-turn,0,0,1,0,1,2,0,0,0,0,0,0
283205,Medical treatment,2015,14,Angle,Multi-Vehicle,153.07044,-27.572805,Comley St,Granadilla St,Macgregor,Sunnybank,Intersection - Cross,Operating traffic lights,60 km/h,Sealed - Dry,Daylight,Straight,Veh'S Adjacent Approach: Thru-Right,Intersection from adjacent approaches,0,0,1,0,1,1,1,0,0,0,0,0
283206,Hospitalisation,2015,22,Hit pedestrian,Hit pedestrian,153.066166,-27.572183,Sunny Park Shopping Centre Accs,,Sunnybank,Sunnybank,Median Opening,Operating traffic lights,60 km/h,Sealed - Dry,Darkness - Lighted,Straight,Ped'N: Far Side Vehicle Hit From Left,Pedestrian,0,1,0,0,1,1,0,0,0,0,1,0
283207,Medical treatment,2015,5,Rear-end,Multi-Vehicle,153.144916,-27.425377,Lytton Rd,Port Of Brisbane Rd,Lytton,Lytton,Intersection - Cross,Operating traffic lights,60 km/h,Sealed - Dry,Dawn/Dusk,Curved - view open,Veh'S Same Direction: Left Rear,Rear-end,0,0,1,0,1,2,0,0,0,0,0,0
283227,Medical treatment,2015,17,Sideswipe,Multi-Vehicle,153.098176,-27.512453,Creek Rd,Gallipoli Rd,Carina Heights,Chatsworth,Intersection - Cross,Operating traffic lights,60 km/h,Sealed - Dry,Darkness - Lighted,Straight,Veh'S Opposite Approach: Thru-Right,Opposing vehicles turning,0,0,1,0,1,2,0,0,0,0,0,0
283229,Medical treatment,2015,18,Angle,Multi-Vehicle,152.959858,-27.599116,Archerfield Rd,Government Rd,Inala,Inala,Intersection - T-Junction,No traffic control,60 km/h,Sealed - Dry,Darkness - Not lighted,Straight,Veh'S Opposite Approach: Thru-Right,Opposing vehicles turning,0,0,1,0,1,2,0,0,0,0,0,0
283230,Hospitalisation,2015,15,Hit object,Single Vehicle,153.063375,-27.575689,Mains Rd,Turton St,Sunnybank,Sunnybank,Intersection - T-Junction,Operating traffic lights,0 - 50 km/h,Sealed - Dry,Daylight,Straight,Off Path-Straight: Left Off Cway Hit Obj,Off carriageway on straight hit object,0,1,0,0,1,1,0,0,0,0,0,0
283231,Medical treatment,2015,8,Angle,Multi-Vehicle,153.02917,-27.485604,Annerley Rd,Stanley St,Woolloongabba,South Brisbane,Intersection - T-Junction,Operating traffic lights,60 km/h,Sealed - Dry,Daylight,Straight,Veh'S Manoeuvring: Entering From Footway,Vehicle leaving driveway,0,0,1,0,1,1,0,0,0,1,0,0
283232,Hospitalisation,2015,18,Angle,Multi-Vehicle,153.158732,-27.436667,Selina St,,Wynnum,Lytton,No Roadway Feature,No traffic control,60 km/h,Sealed - Dry,Darkness - Lighted,Straight,Veh'S Opposite Approach: Thru-Right,Opposing vehicles turning,0,1,0,0,1,1,1,0,0,0,0,0
283268,Medical treatment,2015,17,Rear-end,Multi-Vehicle,153.026429,-27.597247,Learoyd Rd,,Acacia Ridge,Sunnybank,No Roadway Feature,No traffic control,60 km/h,Sealed - Dry,Darkness - Lighted,Straight,Veh'S Same Direction: Rear End,Rear-end,0,0,1,0,1,2,0,0,0,0,0,0
283269,Medical treatment,2015,13,Angle,Multi-Vehicle,153.069715,-27.476707,Agnew St,Walker Ave,Seven Hills,Bulimba,Intersection - Cross,Give way sign,60 km/h,Sealed - Dry,Daylight,Straight,Veh'S Adjacent Approach: Thru-Thru,Intersection from adjacent approaches,0,0,1,0,1,2,0,0,0,0,0,0
283270,Hospitalisation,2015,10,Rear-end,Multi-Vehicle,153.10091,-27.445407,Gateway Arterial Rd,,Murarrie,Bulimba,Bridge/Causeway,No traffic control,80 - 90 km/h,Sealed - Dry,Daylight,Straight,Veh'S Same Direction: Rear End,Rear-end,0,1,0,0,1,1,0,0,0,0,0,1
283290,Medical treatment,2015,10,Angle,Multi-Vehicle,152.934755,-27.558848,Dandenong Rd,Pennant St,Jamboree Heights,Mount Ommaney,Intersection - T-Junction,No traffic control,60 km/h,Sealed - Dry,Daylight,Straight,Veh'S Opposite Approach: Thru-Right,Opposing vehicles turning,0,0,1,0,1,2,0,0,0,0,0,0
283291,Medical treatment,2015,6,Rear-end,Multi-Vehicle,152.946821,-27.528522,Western Arterial Rd,,Jindalee,Mount Ommaney,Bridge/Causeway,No traffic control,60 km/h,Sealed - Dry,Dawn/Dusk,Straight,Veh'S Same Direction: Rear End,Rear-end,0,0,1,0,1,3,0,0,0,0,0,0
283292,Hospitalisation,2015,17,Angle,Multi-Vehicle,153.033785,-27.508074,Ipswich Rd,Junction Tce,Annerley,South Brisbane,Intersection - Cross,No traffic control,60 km/h,Sealed - Wet,Darkness - Lighted,Straight,Veh'S Opposite Approach: Thru-Right,Opposing vehicles turning,0,1,0,0,1,1,1,0,0,0,0,0
283296,Hospitalisation,2015,6,Rear-end,Multi-Vehicle,153.048354,-27.517097,South East Arterial Rd,,Greenslopes,Yeerongpilly,No Roadway Feature,No traffic control,100 - 110 km/h,Sealed - Dry,Daylight,Curved - view open,Veh'S Same Direction: Rear End,Rear-end,0,1,0,0,1,3,1,0,0,0,0,0
283298,Medical treatment,2015,22,Rear-end,Multi-Vehicle,152.996098,-27.561024,Cunningham Arterial Rd,,Rocklea,Yeerongpilly,No Roadway Feature,No traffic control,80 - 90 km/h,Sealed - Dry,Darkness - Lighted,Straight,Veh'S Same Direction: Rear End,Rear-end,0,0,2,0,2,2,0,0,0,0,0,0
283300,Medical treatment,2015,8,Rear-end,Multi-Vehicle,153.079155,-27.560474,Griffith Arterial Rd,Macgregor St,Upper Mount Gravatt,Mansfield,Intersection - T-Junction,Operating traffic lights,60 km/h,Sealed - Dry,Daylight,Straight,Veh'S Adjacent Approach: Right-Thru,Intersection from adjacent approaches,0,0,1,0,1,2,0,0,0,0,0,0
283301,Medical treatment,2015,13,Hit object,Single Vehicle,153.025937,-27.496393,Denbigh St,Gladstone Rd,Dutton Park,South Brisbane,Intersection - T-Junction,No traffic control,60 km/h,Sealed - Wet,Daylight,Curved - view open,Off Path-Curve: Off Cway Rt Bend Hit Obj,Off carriageway on curve hit object,0,0,1,1,2,1,0,0,0,0,0,0
283302,Medical treatment,2015,7,Angle,Multi-Vehicle,153.035989,-27.470843,Darragh St,Deakin St,Kangaroo Point,South Brisbane,Intersection - T-Junction,Give way sign,0 - 50 km/h,Sealed - Dry,Daylight,Curved - view open,Veh'S Adjacant Approach: Thru-Left,Intersection from adjacent approaches,0,0,1,0,1,1,0,0,0,1,0,0
283303,Hospitalisation,2015,9,Hit parked vehicle,Single Vehicle,153.0232596,-27.48096073,Grey St,,South Brisbane,South Brisbane,No Roadway Feature,No traffic control,60 km/h,Sealed - Dry,Daylight,Straight,Veh'S Manoeuvring: Other,Other,0,1,0,0,1,1,0,0,0,1,0,0
283340,Medical treatment,2015,16,Rear-end,Multi-Vehicle,153.116155,-27.467068,Gateway Arterial Rd,,Tingalpa,Chatsworth,No Roadway Feature,No traffic control,100 - 110 km/h,Sealed - Dry,Daylight,Straight,Veh'S Same Direction: Rear End,Rear-end,0,0,1,0,1,2,0,0,0,0,0,0
283346,Medical treatment,2015,6,Rear-end,Multi-Vehicle,153.172817,-27.558916,Marawah St,Redland Sub-Arterial Rd,Burbank,Mansfield,Intersection - T-Junction,No traffic control,80 - 90 km/h,Sealed - Wet,Daylight,Straight,Veh'S Same Direction: Right Rear,Rear-end,0,0,1,0,1,2,0,0,0,0,0,0
283363,Hospitalisation,2015,17,Sideswipe,Multi-Vehicle,152.93757,-27.566512,Neon St,Spine St,Sumner,Mount Ommaney,Intersection - T-Junction,No traffic control,60 km/h,Sealed - Dry,Daylight,Straight,Veh'S Same Direction: Right Turn S/Swipe,Parallel lanes turning,0,1,0,0,1,2,0,0,0,0,0,0
283365,Medical treatment,2015,11,Sideswipe,Multi-Vehicle,153.015535,-27.557649,Griffith Arterial Rd,,Rocklea,Yeerongpilly,No Roadway Feature,No traffic control,60 km/h,Sealed - Dry,Daylight,Straight,Veh'S Manoeuvring: Other,Other,0,0,1,0,1,0,1,0,0,0,0,1
283366,Minor injury,2015,16,Rear-end,Multi-Vehicle,153.010744,-27.544081,Ipswich Rd,,Rocklea,Yeerongpilly,Intersection - Interchange,No traffic control,60 km/h,Sealed - Wet,Daylight,Straight,Veh'S Same Direction: Rear End,Rear-end,0,0,0,1,1,3,0,0,0,0,0,0
283367,Medical treatment,2015,17,Rear-end,Multi-Vehicle,153.075173,-27.561812,Griffith Arterial Rd,,Macgregor,Sunnybank,No Roadway Feature,No traffic control,60 km/h,Sealed - Wet,Daylight,Curved - view open,Veh'S Same Direction: Rear End,Rear-end,0,0,1,0,1,3,0,0,0,0,0,0
283368,Minor injury,2015,23,Rear-end,Multi-Vehicle,153.021939,-27.479154,Ernest St,Grey St,South Brisbane,South Brisbane,Intersection - Roundabout,Give way sign,0 - 50 km/h,Sealed - Dry,Darkness - Lighted,Straight,Veh'S Same Direction: Rear End,Rear-end,0,0,0,2,2,2,0,0,0,0,0,0
283369,Medical treatment,2015,13,Angle,Multi-Vehicle,153.182212,-27.449349,Gordon Pde,Stratton Tce,Manly,Lytton,Intersection - Cross,Stop sign,0 - 50 km/h,Sealed - Dry,Daylight,Straight,Veh'S Adjacent Approach: Thru-Thru,Intersection from adjacent approaches,0,0,2,0,2,2,0,0,0,0,0,0
283378,Medical treatment,2015,13,Angle,Multi-Vehicle,153.167177,-27.509262,Brisbane - Redland Rd,,Chandler,Chatsworth,No Roadway Feature,No traffic control,70 km/h,Sealed - Wet,Daylight,Curved - view open,Veh'S Manoeuvring: Entering From Footway,Vehicle leaving driveway,0,0,1,0,1,2,0,0,0,0,0,0
283379,Medical treatment,2015,14,Sideswipe,Multi-Vehicle,153.169583,-27.509701,Cleveland Sub-Arterial Rd,,Chandler,Chatsworth,No Roadway Feature,No traffic control,80 - 90 km/h,Sealed - Dry,Daylight,Straight,Veh'S Same Direction: Lane Change Right,Lane changes,0,0,1,0,1,2,0,0,0,0,0,0
283403,Medical treatment,2015,13,Angle,Multi-Vehicle,153.041324,-27.647621,Logan Mwy Ramp Dd,Mt Lindesay Art. Rd,Parkinson,Algester,Intersection - Interchange,No traffic control,60 km/h,Sealed - Wet,Daylight,Curved - view obscured,Veh'S Same Direction: Other,Other,0,0,1,0,1,2,0,0,0,0,0,0
283405,Medical treatment,2015,9,Fall from vehicle,Single Vehicle,153.065611,-27.519542,Cavillon St,Holland Rd,Holland Park,Greenslopes,Intersection - Cross,No traffic control,60 km/h,Sealed - Dry,Daylight,Straight,Off Path-Straight:Out Of Control On Cway,Out of control on straight,0,0,1,0,1,1,0,0,0,1,0,0
283406,Medical treatment,2015,10,Rear-end,Multi-Vehicle,153.088242,-27.468223,Wynnum Rd,,Cannon Hill,Bulimba,No Roadway Feature,No traffic control,0 - 50 km/h,Sealed - Wet,Daylight,Straight,Veh'S Same Direction: Rear End,Rear-end,0,0,1,0,1,2,0,0,0,0,0,0
283417,Medical treatment,2015,10,Rear-end,Multi-Vehicle,152.926511,-27.589575,Cunningham Arterial Rd,Ipswich Mwy,Wacol,Inala,Intersection - Interchange,Give way sign,60 km/h,Sealed - Dry,Daylight,Curved - view open,Veh'S Same Direction: Left Rear,Rear-end,0,0,1,0,1,2,0,0,0,0,0,0
283418,Medical treatment,2015,16,Rear-end,Multi-Vehicle,153.058441,-27.5351833,South East Arterial Rd,,Holland Park West,Greenslopes,No Roadway Feature,No traffic control,100 - 110 km/h,Sealed - Dry,Daylight,Straight,Veh'S Same Direction: Rear End,Rear-end,0,0,1,0,1,2,0,0,0,0,0,0
283420,Hospitalisation,2015,15,Rear-end,Multi-Vehicle,153.016219,-27.532867,Baldock St,Ipswich Rd,Moorooka,Yeerongpilly,Intersection - T-Junction,Stop sign,60 km/h,Sealed - Dry,Daylight,Straight,Veh'S Adjacant Approach: Thru-Left,Intersection from adjacent approaches,0,1,0,0,1,1,1,0,0,0,0,0
283422,Medical treatment,2015,15,Rear-end,Multi-Vehicle,153.105138,-27.584037,South East Art Rd Ramp Xt,,Rochedale,Mansfield,Intersection - Interchange,No traffic control,100 - 110 km/h,Sealed - Dry,Daylight,Curved - view open,Veh'S Same Direction: Rear End,Rear-end,0,0,1,0,1,0,0,2,0,0,0,0
283423,Medical treatment,2015,10,Angle,Multi-Vehicle,153.028975,-27.486682,Annerley Rd,,Woolloongabba,South Brisbane,No Roadway Feature,No traffic control,60 km/h,Sealed - Dry,Daylight,Straight,Veh'S Manoeuvring: Leaving Driveway,Vehicle leaving driveway,0,0,1,0,1,2,0,0,0,0,0,0
283424,Medical treatment,2015,16,Rear-end,Multi-Vehicle,153.0382274,-27.49613019,South East Arterial Rd,,Woolloongabba,South Brisbane,No Roadway Feature,No traffic control,100 - 110 km/h,Sealed - Dry,Daylight,Straight,Veh'S Same Direction: Rear End,Rear-end,0,0,1,0,1,2,0,0,0,0,0,0
283425,Hospitalisation,2015,7,Angle,Multi-Vehicle,153.166697,-27.435586,Selina St,Tingal Rd,Wynnum,Lytton,No Roadway Feature,No traffic control,60 km/h,Sealed - Wet,Daylight,Straight,Pass & Misc: Other,Other,0,1,0,0,1,2,0,0,0,0,0,0
283451,Medical treatment,2015,4,Angle,Multi-Vehicle,152.932228,-27.604085,Boundary Rd,Formation St,Wacol,Inala,Intersection - Roundabout,Give way sign,60 km/h,Sealed - Dry,Dawn/Dusk,Straight,Veh'S Adjacent Approach: Thru-Right,Intersection from adjacent approaches,0,0,1,0,1,2,0,0,0,0,0,0
283452,Medical treatment,2015,20,Rear-end,Multi-Vehicle,153.058499,-27.598882,Pinelands Rd,,Sunnybank Hills,Sunnybank,No Roadway Feature,No traffic control,70 km/h,Sealed - Wet,Darkness - Lighted,Straight,Veh'S Same Direction: Rear End,Rear-end,0,0,2,0,2,4,0,0,0,0,0,0
283453,Medical treatment,2015,14,Rear-end,Multi-Vehicle,153.099883,-27.4982519,Old Cleveland Rd,,Carina,Chatsworth,No Roadway Feature,No traffic control,70 km/h,Sealed - Dry,Dawn/Dusk,Straight,Veh'S Same Direction: Rear End,Rear-end,0,0,2,0,2,2,0,0,0,0,0,0
283457,Hospitalisation,2015,9,Angle,Multi-Vehicle,153.04004,-27.5082276,Earl St,,Greenslopes,South Brisbane,No Roadway Feature,No traffic control,60 km/h,Sealed - Wet,Daylight,Straight,Veh'S Same Direction: Right Turn S/Swipe,Parallel lanes turning,0,1,0,0,1,2,0,0,0,0,0,0
283460,Medical treatment,2015,7,Hit object,Single Vehicle,153.072358,-27.564765,Granadilla St,Parkway St,Macgregor,Sunnybank,Intersection - T-Junction,No traffic control,0 - 50 km/h,Sealed - Wet,Daylight,Straight,Veh'S Adjacent Approach: Other,Intersection from adjacent approaches,0,0,1,0,1,2,0,0,0,0,0,0
283461,Medical treatment,2015,8,Rear-end,Multi-Vehicle,153.123165,-27.445162,Port Of Brisbane Rd,Violet St,Hemmant,Lytton,Intersection - T-Junction,No traffic control,60 km/h,Sealed - Wet,Daylight,Straight,Veh'S Same Direction: Right Rear,Rear-end,0,0,1,0,1,2,0,0,0,0,0,0
283488,Hospitalisation,2015,5,Hit pedestrian,Hit pedestrian,153.0394919,-27.57783372,Bradman St,Peterkin St,Sunnybank Hills,Sunnybank,Intersection - T-Junction,No traffic control,70 km/h,Sealed - Wet,Darkness - Lighted,Straight,Ped'N: Far Side Vehicle Hit From Left,Pedestrian,0,1,0,0,1,1,0,0,0,0,1,0
283489,Medical treatment,2015,14,Rear-end,Multi-Vehicle,153.027857,-27.589569,Elizabeth St,Mt Lindesay Art. Rd,Acacia Ridge,Sunnybank,Intersection - T-Junction,Operating traffic lights,70 km/h,Sealed - Wet,Daylight,Straight,Veh'S Same Direction: Rear End,Rear-end,0,0,1,0,1,2,0,0,0,0,0,0
283490,Hospitalisation,2015,15,Rear-end,Multi-Vehicle,152.955136,-27.624541,Woogaroo St,,Ellen Grove,Algester,No Roadway Feature,No traffic control,0 - 50 km/h,Sealed - Wet,Daylight,Straight,Veh'S Same Direction: Rear End,Rear-end,0,1,0,0,1,4,0,0,0,0,0,0
283491,Medical treatment,2015,17,Rear-end,Multi-Vehicle,153.021208,-27.596676,Learoyd Rd,,Willawong,Algester,No Roadway Feature,No traffic control,70 km/h,Sealed - Wet,Darkness - Lighted,Straight,Veh'S Same Direction: Rear End,Rear-end,0,0,1,0,1,4,0,0,0,0,0,0
283493,Hospitalisation,2015,19,Angle,Multi-Vehicle,153.064369,-27.483193,Bennetts Rd,Crown St,Norman Park,Greenslopes,Intersection - Cross,Operating traffic lights,60 km/h,Sealed - Wet,Darkness - Lighted,Straight,Veh'S Opposite Approach: Thru-Right,Opposing vehicles turning,0,1,0,0,1,2,0,0,0,0,0,0
283496,Medical treatment,2015,11,Sideswipe,Multi-Vehicle,153.06348,-27.575047,Mains Rd,Valhalla St,Sunnybank,Sunnybank,No Roadway Feature,No traffic control,60 km/h,Sealed - Dry,Daylight,Straight,Veh'S Same Direction: Left Turn S/Swipe,Parallel lanes turning,0,0,1,0,1,1,1,0,0,0,0,0
283497,Medical treatment,2015,22,Hit object,Single Vehicle,153.063212,-27.575667,Mains Rd,Turton St,Sunnybank,Sunnybank,No Roadway Feature,No traffic control,60 km/h,Sealed - Wet,Darkness - Lighted,Straight,Off Path-Straight: Left Off Cway Hit Obj,Off carriageway on straight hit object,0,0,1,0,1,1,0,0,0,0,0,0
283498,Medical treatment,2015,22,Hit object,Single Vehicle,153.0780975,-27.57193484,Turnmill St,,Macgregor,Sunnybank,No Roadway Feature,No traffic control,60 km/h,Sealed - Dry,Darkness - Lighted,Curved - view obscured,Off Path-Curve: Off Cway Rt Bend Hit Obj,Off carriageway on curve hit object,0,0,1,0,1,1,0,0,0,0,0,0
283499,Hospitalisation,2015,23,Angle,Multi-Vehicle,153.084454,-27.5926864,Warrigal Rd,,Runcorn,Stretton,No Roadway Feature,No traffic control,60 km/h,Sealed - Dry,Darkness - Lighted,Straight,Veh'S Manoeuvring: Entering From Footway,Vehicle leaving driveway,0,1,0,0,1,2,0,0,0,0,0,0
283500,Fatal,2015,20,Hit object,Single Vehicle,153.18353,-27.47313,Arakurta St,Whites Rd,Lota,Lytton,Intersection - T-Junction,No traffic control,60 km/h,Sealed - Wet,Darkness - Lighted,Curved - view open,Off Path-Curve: Off Cway Lt Bend Hit Obj,Off carriageway on curve hit object,1,0,0,0,1,1,0,0,0,0,0,0
283527,Medical treatment,2015,7,Rear-end,Multi-Vehicle,153.047178,-27.625312,Beaudesert Rd,,Calamvale,Stretton,No Roadway Feature,No traffic control,80 - 90 km/h,Sealed - Dry,Dawn/Dusk,Straight,Veh'S Same Direction: Rear End,Rear-end,0,0,1,0,1,2,0,0,0,0,0,0
283528,Hospitalisation,2015,21,Hit object,Single Vehicle,152.93208,-27.545076,Arrabri Ave,,Mount Ommaney,Mount Ommaney,No Roadway Feature,No traffic control,60 km/h,Sealed - Wet,Darkness - Lighted,Straight,Off Path-Straight:Out Of Control On Cway,Out of control on straight,0,1,0,0,1,1,0,0,0,0,0,0
283529,Medical treatment,2015,11,Angle,Multi-Vehicle,153.053897,-27.587121,Christopher St,Pattie St,Sunnybank Hills,Sunnybank,Intersection - T-Junction,No traffic control,0 - 50 km/h,Sealed - Dry,Daylight,Straight,Veh'S Opposite Approach: U-Turn,U-turn,0,0,1,0,1,3,0,0,0,0,0,0
283531,Hospitalisation,2015,8,Angle,Multi-Vehicle,153.057701,-27.495388,Harries Rd,Old Cleveland Rd,Coorparoo,Greenslopes,Intersection - T-Junction,Operating traffic lights,60 km/h,Sealed - Dry,Daylight,Curved - view open,Veh'S Adjacent Approach: Thru-Right,Intersection from adjacent approaches,0,2,0,0,2,2,0,0,0,0,0,0
283533,Hospitalisation,2015,8,Rear-end,Multi-Vehicle,153.100821,-27.584747,Gateway Arterial Rd,Logan Sub-Arterial Rd,Eight Mile Plains,Stretton,Intersection - T-Junction,Operating traffic lights,70 km/h,Sealed - Dry,Daylight,Straight,Veh'S Same Direction: Rear End,Rear-end,0,1,0,0,1,3,0,0,0,0,0,0
283553,Medical treatment,2015,17,Rear-end,Multi-Vehicle,153.04651,-27.630372,Mt Lindesay Art. Rd,Nottingham Rd,Calamvale,Stretton,Intersection - Cross,Operating traffic lights,60 km/h,Sealed - Dry,Dawn/Dusk,Straight,Veh'S Same Direction: Rear End,Rear-end,0,0,1,0,1,1,0,1,0,0,0,0
283555,Medical treatment,2015,6,Sideswipe,Multi-Vehicle,153.03428,-27.504587,Ipswich Rd,Torrens St,Annerley,South Brisbane,Intersection - T-Junction,Give way sign,60 km/h,Sealed - Dry,Daylight,Straight,Veh'S Adjacent Approach: Thru-Right,Intersection from adjacent approaches,0,0,1,0,1,2,0,0,0,0,0,0
283556,Medical treatment,2015,8,Rear-end,Multi-Vehicle,153.0344035,-27.50674276,Ipswich Rd,,Annerley,South Brisbane,No Roadway Feature,No traffic control,60 km/h,Sealed - Dry,Daylight,Straight,Veh'S Same Direction: Rear End,Rear-end,0,0,1,0,1,2,0,0,0,0,0,0