Crash_Ref_Number,Severity,Year,Hour,Crash_Nature,Crash_Type,Longitude,Latitude,Street,Street_Intersecting,Suburb,Loc_State_Electorate,Crash_Roadway_Feature,Crash_Traffic_Control,Crash_Speed_Limit,Crash_Road_Surface_Condition,Crash_Lighting_Condition,Crash_Road_Horiz_Align,Crash_DCA_Description,Crash_DCA_Group_Description,Count_Casualty_Fatality,Count_Casualty_Hospitalised,Count_Casualty_MedicallyTreated,Count_Casualty_MinorInjury,Count_Casualty_Total,Count_Unit_Car,Count_Unit_Motorcycle_Moped,Count_Unit_Truck,Count_Unit_Bus,Count_Unit_Bicycle,Count_Unit_Pedestrian,Count_Unit_Other
283560,Minor injury,2015,7,Rear-end,Multi-Vehicle,152.98715,-27.596444,Blunder Rd,Inala Ave,Durack,Sunnybank,Intersection - Cross,Operating traffic lights,60 km/h,Sealed - Dry,Daylight,Straight,Veh'S Same Direction: Rear End,Rear-end,0,0,0,1,1,2,0,0,0,0,0,0
283561,Medical treatment,2015,3,Angle,Multi-Vehicle,153.02101,-27.558634,Griffith Arterial Rd,Mt Lindesay Art. Rd,Coopers Plains,Sunnybank,Intersection - Cross,Operating traffic lights,60 km/h,Sealed - Dry,Darkness - Lighted,Straight,Veh'S Opposite Approach: Thru-Right,Opposing vehicles turning,0,0,1,0,1,1,0,1,0,0,0,0
283562,Minor injury,2015,9,Rear-end,Multi-Vehicle,153.1010528,-27.44473169,Gateway Arterial Rd,,Murarrie,Clayfield,Bridge/Causeway,No traffic control,60 km/h,Sealed - Dry,Daylight,Straight,Veh'S Same Direction: Rear End,Rear-end,0,0,0,1,1,2,0,0,0,0,0,0
283563,Medical treatment,2015,6,Sideswipe,Multi-Vehicle,153.0797922,-27.46692869,Wynnum Rd,,Morningside,Bulimba,No Roadway Feature,No traffic control,70 km/h,Sealed - Dry,Daylight,Straight,Veh'S Same Direction: Left Turn S/Swipe,Parallel lanes turning,0,0,1,0,1,1,1,0,0,0,0,0
283564,Medical treatment,2015,9,Rear-end,Multi-Vehicle,153.027366,-27.497481,Annerley Rd,Gladstone Rd,Dutton Park,South Brisbane,Intersection - T-Junction,Operating traffic lights,60 km/h,Sealed - Dry,Daylight,Curved - view open,Veh'S Same Direction: Rear End,Rear-end,0,0,1,0,1,2,0,0,0,0,0,0
283590,Minor injury,2015,6,Angle,Multi-Vehicle,153.023669,-27.530634,Beaudesert Rd,Durack St,Moorooka,Yeerongpilly,Intersection - Cross,Operating traffic lights,60 km/h,Sealed - Dry,Dawn/Dusk,Straight,Veh'S Adjacent Approach: Thru-Right,Intersection from adjacent approaches,0,0,0,1,1,2,0,0,0,0,0,0
283612,Medical treatment,2015,9,Rear-end,Multi-Vehicle,153.035153,-27.501048,Cornwall St,Ipswich Rd,Annerley,South Brisbane,Intersection - Cross,Operating traffic lights,60 km/h,Sealed - Dry,Daylight,Straight,Veh'S Same Direction: Rear End,Rear-end,0,0,1,0,1,1,0,0,0,0,0,1
283614,Medical treatment,2015,9,Angle,Multi-Vehicle,153.090252,-27.57143,Logan Sub-Arterial Rd,South East Arterial Rd,Eight Mile Plains,Sunnybank,Intersection - Interchange,Operating traffic lights,60 km/h,Sealed - Dry,Daylight,Straight,Veh'S Adjacent Approach: Right-Thru,Intersection from adjacent approaches,0,0,1,0,1,2,0,0,0,0,0,0
283615,Medical treatment,2015,6,Angle,Multi-Vehicle,153.032429,-27.485972,Leopard St,South East Arterial Rd,Woolloongabba,South Brisbane,Intersection - Interchange,Operating traffic lights,60 km/h,Sealed - Dry,Daylight,Straight,Veh'S Adjacent Approach: Thru-Thru,Intersection from adjacent approaches,0,0,3,0,3,2,0,0,0,0,0,0
283616,Hospitalisation,2015,10,Hit object,Single Vehicle,153.140576,-27.47596,Manly Rd,New Cleveland Rd,Tingalpa,Chatsworth,Intersection - T-Junction,Operating traffic lights,70 km/h,Sealed - Dry,Daylight,Straight,Pass & Misc: Other,Other,0,1,0,0,1,1,0,0,0,1,0,0
283630,Medical treatment,2015,11,Angle,Multi-Vehicle,153.028926,-27.627639,Algester Rd,Nottingham Rd,Parkinson,Stretton,Intersection - Roundabout,Give way sign,60 km/h,Sealed - Dry,Daylight,Straight,Veh'S Adjacent Approach: Thru-Thru,Intersection from adjacent approaches,0,0,1,0,1,2,0,0,0,0,0,0
283631,Hospitalisation,2015,21,Rear-end,Multi-Vehicle,153.051324,-27.508164,Chatsworth Rd,Logan Rd,Greenslopes,South Brisbane,Intersection - T-Junction,Operating traffic lights,60 km/h,Sealed - Dry,Darkness - Lighted,Straight,Veh'S Same Direction: Right Rear,Rear-end,0,1,0,0,1,1,1,0,0,0,0,0
283632,Hospitalisation,2015,13,Rear-end,Multi-Vehicle,153.059242,-27.534489,Gaza Rd,Messines Ridge Rd,Holland Park West,Greenslopes,Intersection - Interchange,Operating traffic lights,60 km/h,Sealed - Dry,Daylight,Straight,Veh'S Same Direction: Rear End,Rear-end,0,1,0,0,1,2,0,0,0,0,0,0
283633,Hospitalisation,2015,14,Hit object,Single Vehicle,153.011455,-27.535866,Fairfield Rd,,Yeerongpilly,Yeerongpilly,No Roadway Feature,No traffic control,70 km/h,Sealed - Dry,Daylight,Curved - view open,Off Path-Curve: Off Cway Lt Bend Hit Obj,Off carriageway on curve hit object,0,1,0,0,1,1,0,0,0,0,0,0
283634,Medical treatment,2015,8,Rear-end,Multi-Vehicle,153.04089,-27.555909,Lillian Ave,Orange Grove Rd,Salisbury,Yeerongpilly,Intersection - T-Junction,Pedestrian crossing sign,60 km/h,Sealed - Dry,Daylight,Straight,Veh'S Same Direction: Rear End,Rear-end,0,0,1,0,1,2,0,0,0,0,0,0
283660,Medical treatment,2015,9,Rear-end,Multi-Vehicle,153.092437,-27.543569,Broadwater Rd,Newnham Rd,Mount Gravatt East,Mansfield,Intersection - Cross,Operating traffic lights,60 km/h,Sealed - Dry,Daylight,Straight,Veh'S Same Direction: Rear End,Rear-end,0,0,1,0,1,2,0,0,0,0,0,0
283676,Medical treatment,2015,8,Head-on,Multi-Vehicle,153.049673,-27.626245,Fig Tree St,Golden Ave,Calamvale,Stretton,Intersection - T-Junction,No traffic control,0 - 50 km/h,Sealed - Dry,Daylight,Curved - view obscured,Veh'S Opposite Approach: Head On,Head-on,0,0,1,0,1,2,0,0,0,0,0,0
283677,Medical treatment,2015,11,Rear-end,Multi-Vehicle,153.081526,-27.542723,Logan Rd,,Mount Gravatt,Mansfield,No Roadway Feature,No traffic control,60 km/h,Sealed - Dry,Daylight,Straight,Veh'S Same Direction: Rear End,Rear-end,0,0,1,0,1,3,0,0,0,0,0,0
283678,Medical treatment,2015,5,Rear-end,Multi-Vehicle,153.037553,-27.495205,South East Arterial Rd,,Woolloongabba,South Brisbane,No Roadway Feature,No traffic control,60 km/h,Sealed - Dry,Dawn/Dusk,Straight,Veh'S Same Direction: Rear End,Rear-end,0,0,1,1,2,3,0,0,0,0,0,0
283679,Medical treatment,2015,8,Rear-end,Multi-Vehicle,153.125195,-27.474537,Tenbar St,Wynnum Rd,Tingalpa,Chatsworth,Intersection - T-Junction,Operating traffic lights,60 km/h,Sealed - Dry,Daylight,Straight,Veh'S Same Direction: Rear End,Rear-end,0,0,1,0,1,2,0,0,0,0,0,0
283707,Medical treatment,2015,11,Angle,Multi-Vehicle,153.015946,-27.5672443,Boundary Rd,,Archerfield,Sunnybank,No Roadway Feature,No traffic control,60 km/h,Sealed - Dry,Daylight,Straight,Veh'S Opposite Approach: Thru-Right,Opposing vehicles turning,0,0,2,0,2,2,0,0,0,0,0,0
283709,Minor injury,2015,18,Rear-end,Multi-Vehicle,152.979614,-27.565048,Oxley Rd,,Oxley,Mount Ommaney,No Roadway Feature,No traffic control,60 km/h,Sealed - Dry,Darkness - Lighted,Straight,Veh'S Same Direction: Rear End,Rear-end,0,0,0,1,1,3,0,0,0,0,0,0
283710,Hospitalisation,2015,16,Sideswipe,Multi-Vehicle,153.113451,-27.545936,Redland Sub-Arterial Rd,,Mansfield,Mansfield,Bridge/Causeway,No traffic control,60 km/h,Sealed - Dry,Daylight,Straight,Veh'S Same Direction: Lane Change Right,Lane changes,0,1,0,0,1,1,0,1,0,0,0,0
283711,Hospitalisation,2015,15,Head-on,Multi-Vehicle,153.024448,-27.494934,Gladstone Rd,,Dutton Park,South Brisbane,No Roadway Feature,No traffic control,0 - 50 km/h,Sealed - Dry,Daylight,Curved - view open,Veh'S Opposite Approach: Head On,Head-on,0,2,0,0,2,2,0,0,0,0,0,0
283734,Hospitalisation,2015,19,Hit animal,Other,152.941805,-27.546215,Western Arterial Rd,,Mount Ommaney,Mount Ommaney,No Roadway Feature,No traffic control,80 - 90 km/h,Sealed - Dry,Darkness - Lighted,Straight,Pass & Misc: Hit Animal,Hit animal,0,1,0,0,1,0,1,0,0,0,0,0
283735,Hospitalisation,2015,23,Hit object,Single Vehicle,153.0971161,-27.51216155,Gallipoli Rd,,Carina Heights,Chatsworth,No Roadway Feature,No traffic control,0 - 50 km/h,Sealed - Dry,Darkness - Lighted,Straight,Off Path-Straight: Left Off Cway Hit Obj,Off carriageway on straight hit object,0,1,0,0,1,1,0,0,0,0,0,0
283738,Medical treatment,2015,17,Angle,Multi-Vehicle,153.078151,-27.536701,Logan Rd,Shire Rd,Mount Gravatt,Greenslopes,Intersection - T-Junction,Operating traffic lights,60 km/h,Sealed - Dry,Dawn/Dusk,Straight,Veh'S Opposite Approach: Thru-Right,Opposing vehicles turning,0,0,1,0,1,2,0,0,0,0,0,0
283740,Hospitalisation,2015,21,Angle,Multi-Vehicle,153.0654293,-27.54802954,South East Arterial Rd,,Upper Mount Gravatt,Mansfield,No Roadway Feature,No traffic control,100 - 110 km/h,Sealed - Dry,Dawn/Dusk,Straight,Veh'S Same Direction: Lane Change Left,Lane changes,0,1,0,0,1,1,1,0,0,0,0,0
283741,Hospitalisation,2015,7,Angle,Multi-Vehicle,153.044782,-27.485869,Longlands St,Vulture St East,East Brisbane,South Brisbane,Intersection - Cross,No traffic control,60 km/h,Sealed - Wet,Daylight,Straight,Veh'S Same Direction: Right Turn S/Swipe,Parallel lanes turning,0,1,0,0,1,2,0,0,0,0,0,0
283742,Medical treatment,2015,14,Angle,Multi-Vehicle,153.141539,-27.46591,Wynnum Rd,,Tingalpa,Lytton,No Roadway Feature,No traffic control,80 - 90 km/h,Sealed - Dry,Daylight,Straight,Veh'S Manoeuvring: Leaving Driveway,Vehicle leaving driveway,0,0,1,0,1,2,0,0,0,0,0,0
283772,Hospitalisation,2015,5,Angle,Multi-Vehicle,152.939352,-27.546614,Dandenong Rd,Endeavour St,Mount Ommaney,Mount Ommaney,Intersection - T-Junction,Operating traffic lights,60 km/h,Sealed - Dry,Darkness - Lighted,Straight,Veh'S Opposite Approach: Thru-Right,Opposing vehicles turning,0,1,0,0,1,2,0,0,0,0,0,0
283773,Medical treatment,2015,8,Hit parked vehicle,Single Vehicle,153.02447,-27.569622,Mt Lindesay Art. Rd,,Coopers Plains,Sunnybank,No Roadway Feature,No traffic control,60 km/h,Sealed - Dry,Daylight,Straight,Veh'S Manoeuvring: Other,Other,0,0,1,0,1,1,0,0,0,1,0,0
283775,Medical treatment,2015,12,Angle,Multi-Vehicle,152.945549,-27.597718,Progress Rd,Western Arterial Rd,Richlands,Inala,Intersection - T-Junction,Operating traffic lights,60 km/h,Sealed - Dry,Daylight,Straight,Veh'S Adjacent Approach: Right-Thru,Intersection from adjacent approaches,0,0,1,0,1,2,0,0,0,0,0,0
283776,Hospitalisation,2015,20,Hit object,Single Vehicle,152.94545,-27.599421,Western Arterial Rd,,Richlands,Inala,No Roadway Feature,No traffic control,100 - 110 km/h,Sealed - Dry,Darkness - Lighted,Curved - view open,Off Path-Curve: Off Cway Lt Bend Hit Obj,Off carriageway on curve hit object,0,2,0,0,2,1,0,0,0,0,0,0
283778,Hospitalisation,2015,15,Hit object,Single Vehicle,153.067678,-27.577209,Kardinia St,,Sunnybank,Sunnybank,No Roadway Feature,No traffic control,0 - 50 km/h,Sealed - Dry,Daylight,Straight,Off Path-Straight: Left Off Cway Hit Obj,Off carriageway on straight hit object,0,2,0,0,2,1,0,0,0,0,0,0
283779,Medical treatment,2015,11,Hit object,Single Vehicle,153.117284,-27.54371,Gateway Arterial Rd,,Mackenzie,Mansfield,No Roadway Feature,No traffic control,100 - 110 km/h,Sealed - Dry,Daylight,Straight,Off Path-Straight: Left Off Cway Hit Obj,Off carriageway on straight hit object,0,0,1,0,1,1,0,0,0,0,0,0
283801,Medical treatment,2015,12,Hit object,Single Vehicle,153.0925187,-27.55487828,Redland Sub-Arterial Rd,,Wishart,Mansfield,No Roadway Feature,No traffic control,60 km/h,Sealed - Wet,Daylight,Curved - view open,Off Path-Curve: Off Cway Rt Bend Hit Obj,Off carriageway on curve hit object,0,0,1,0,1,1,0,0,0,0,0,0
283802,Medical treatment,2015,2,Angle,Multi-Vehicle,153.044419,-27.487865,Longlands St,Stanley St East,East Brisbane,South Brisbane,Intersection - Cross,Stop sign,60 km/h,Sealed - Dry,Darkness - Lighted,Straight,Veh'S Adjacent Approach: Thru-Thru,Intersection from adjacent approaches,0,0,1,0,1,2,0,0,0,0,0,0
283803,Minor injury,2015,15,Rear-end,Multi-Vehicle,153.03882,-27.49693249,South East Arterial Rd,,Woolloongabba,South Brisbane,No Roadway Feature,No traffic control,80 - 90 km/h,Sealed - Dry,Daylight,Straight,Veh'S Same Direction: Rear End,Rear-end,0,0,0,1,1,1,0,0,1,0,0,0
283828,Medical treatment,2015,19,Hit object,Single Vehicle,153.039891,-27.508764,Lewisham St,Ridge St,Greenslopes,South Brisbane,Intersection - T-Junction,Give way sign,0 - 50 km/h,Sealed - Wet,Darkness - Lighted,Straight,Veh'S Adjacent Approach: Left-Left,Intersection from adjacent approaches,0,0,1,0,1,2,0,0,0,0,0,0
283829,Hospitalisation,2015,12,Angle,Multi-Vehicle,153.0619839,-27.5010947,Cavendish Rd,,Coorparoo,Greenslopes,No Roadway Feature,No traffic control,60 km/h,Sealed - Wet,Daylight,Straight,Veh'S Same Direction: Right Turn S/Swipe,Parallel lanes turning,0,1,0,0,1,1,0,1,0,0,0,0
283831,Hospitalisation,2015,15,Angle,Multi-Vehicle,153.072761,-27.515036,Cavendish Rd,Holland Rd,Holland Park,Greenslopes,Intersection - Cross,Operating traffic lights,60 km/h,Sealed - Dry,Daylight,Straight,Veh'S Opposite Approach: Thru-Right,Opposing vehicles turning,0,2,0,0,2,2,0,0,0,0,0,0
283834,Medical treatment,2015,17,Rear-end,Multi-Vehicle,153.158675,-27.52621,Mt Gravatt - Capalaba Rd,Tilley Rd,Burbank,Mansfield,Intersection - Roundabout,Give way sign,60 km/h,Sealed - Dry,Daylight,Curved - view open,Veh'S Same Direction: Rear End,Rear-end,0,0,1,0,1,2,0,0,0,0,0,0
283835,Minor injury,2015,6,Rear-end,Multi-Vehicle,153.179692,-27.513917,Cleveland Sub-Arterial Rd,,Chandler,Chatsworth,No Roadway Feature,No traffic control,60 km/h,Sealed - Wet,Daylight,Straight,Veh'S Same Direction: Right Rear,Rear-end,0,0,0,1,1,3,0,0,0,0,0,0
283839,Medical treatment,2015,5,Hit object,Single Vehicle,152.923451,-27.607323,Logan Mwy,,Ellen Grove,Inala,No Roadway Feature,No traffic control,100 - 110 km/h,Sealed - Wet,Dawn/Dusk,Curved - view open,Off Path-Curve: Off Cway Rt Bend Hit Obj,Off carriageway on curve hit object,0,0,1,0,1,1,0,0,0,0,0,0
283861,Medical treatment,2015,6,Angle,Multi-Vehicle,153.048476,-27.623416,Mt Lindesay Art. Rd,Muirhead St,Calamvale,Stretton,Intersection - T-Junction,No traffic control,70 km/h,Sealed - Wet,Dawn/Dusk,Straight,Veh'S Adjacant Approach: Thru-Left,Intersection from adjacent approaches,0,0,1,0,1,2,0,0,0,0,0,0
283863,Hospitalisation,2015,14,Angle,Multi-Vehicle,152.972751,-27.572626,Boundary Rd,Rudd St,Oxley,Inala,Intersection - Roundabout,Give way sign,60 km/h,Sealed - Dry,Daylight,Straight,Veh'S Adjacent Approach: Thru-Thru,Intersection from adjacent approaches,0,1,0,0,1,2,0,0,0,0,0,0
283864,Medical treatment,2015,17,Angle,Multi-Vehicle,152.932788,-27.556377,Dandenong Rd,Horizon Dr,Jamboree Heights,Mount Ommaney,No Roadway Feature,No traffic control,60 km/h,Sealed - Wet,Dawn/Dusk,Straight,Veh'S Opposite Approach: Thru-Right,Opposing vehicles turning,0,0,1,0,1,2,0,0,0,0,0,0
283865,Medical treatment,2015,6,Rear-end,Multi-Vehicle,153.051249,-27.519435,South East Arterial Rd,,Greenslopes,Yeerongpilly,No Roadway Feature,No traffic control,100 - 110 km/h,Sealed - Wet,Dawn/Dusk,Straight,Veh'S Same Direction: Rear End,Rear-end,0,0,1,0,1,2,0,0,0,0,0,0
283866,Medical treatment,2015,9,Angle,Multi-Vehicle,153.016825,-27.557891,Beatty Rd,Griffith Arterial Rd,Rocklea,Yeerongpilly,Intersection - Cross,Operating traffic lights,60 km/h,Sealed - Dry,Daylight,Straight,Veh'S Opposite Approach: Right-Right,Opposing vehicles turning,0,0,1,1,2,2,0,0,0,0,0,0
283867,Medical treatment,2015,7,Angle,Multi-Vehicle,153.0835793,-27.45685605,Lytton Rd,,Morningside,Bulimba,No Roadway Feature,No traffic control,60 km/h,Sealed - Dry,Daylight,Straight,Veh'S Manoeuvring: Other,Other,0,0,1,0,1,1,0,0,0,1,0,0
283870,Hospitalisation,2015,10,Hit object,Single Vehicle,153.0805271,-27.56720871,Craigview St,,Macgregor,Sunnybank,No Roadway Feature,No traffic control,0 - 50 km/h,Sealed - Dry,Daylight,Straight,Off Path-Straight: Left Off Cway Hit Obj,Off carriageway on straight hit object,0,1,1,0,2,1,0,0,0,0,0,0
283871,Hospitalisation,2015,17,Sideswipe,Multi-Vehicle,153.01695,-27.473828,Hope St,,South Brisbane,South Brisbane,No Roadway Feature,No traffic control,0 - 50 km/h,Sealed - Dry,Dawn/Dusk,Straight,Veh'S Same Direction: Right Turn S/Swipe,Parallel lanes turning,0,1,0,0,1,1,1,0,0,0,0,0
283872,Medical treatment,2015,8,Angle,Multi-Vehicle,153.040646,-27.488372,Hampton St,Overend St,East Brisbane,South Brisbane,Intersection - Cross,Give way sign,0 - 50 km/h,Sealed - Dry,Daylight,Straight,Veh'S Adjacent Approach: Right-Thru,Intersection from adjacent approaches,0,0,1,0,1,2,0,0,0,0,0,0
283873,Minor injury,2015,16,Rear-end,Multi-Vehicle,153.1167757,-27.47380475,Wynnum Rd,,Tingalpa,Chatsworth,No Roadway Feature,No traffic control,60 km/h,Sealed - Dry,Daylight,Straight,Veh'S Same Direction: Right Rear,Rear-end,0,0,0,1,1,3,0,0,0,0,0,0
283895,Medical treatment,2015,10,Angle,Multi-Vehicle,153.0324458,-27.50434644,Torrens St,,Annerley,South Brisbane,No Roadway Feature,No traffic control,0 - 50 km/h,Sealed - Dry,Daylight,Straight,Veh'S Same Direction: Right Turn S/Swipe,Parallel lanes turning,0,0,1,0,1,2,0,0,0,0,0,0
283896,Medical treatment,2015,6,Rear-end,Multi-Vehicle,153.034266,-27.503136,Ipswich Rd,Young St,Annerley,South Brisbane,Intersection - Cross,No traffic control,60 km/h,Sealed - Dry,Daylight,Curved - view open,Veh'S Same Direction: Rear End,Rear-end,0,0,1,0,1,3,0,0,0,0,0,0
283898,Hospitalisation,2015,7,Angle,Multi-Vehicle,153.0043,-27.481661,Beesley St,Montague Rd,West End,South Brisbane,Intersection - Cross,No traffic control,60 km/h,Sealed - Dry,Daylight,Straight,Veh'S Adjacant Approach: Thru-Left,Intersection from adjacent approaches,0,1,0,0,1,1,1,0,0,0,0,0
283918,Hospitalisation,2015,22,Hit object,Single Vehicle,153.088727,-27.515968,Pine Mountain Rd,,Carina Heights,Chatsworth,No Roadway Feature,No traffic control,60 km/h,Sealed - Dry,Darkness - Not lighted,Curved - view open,Off Path-Curve: Off Cway Rt Bend Hit Obj,Off carriageway on curve hit object,0,1,0,0,1,1,0,0,0,0,0,0
283919,Hospitalisation,2015,17,Angle,Multi-Vehicle,153.066105,-27.511691,Cavendish Rd,,Coorparoo,Greenslopes,No Roadway Feature,No traffic control,60 km/h,Sealed - Dry,Dawn/Dusk,Straight,Veh'S Manoeuvring: Entering From Footway,Vehicle leaving driveway,0,1,0,0,1,1,1,0,0,0,0,0
283921,Medical treatment,2015,13,Angle,Multi-Vehicle,153.035824,-27.481905,Bromley St,Main St,Kangaroo Point,South Brisbane,Intersection - T-Junction,Give way sign,60 km/h,Sealed - Dry,Daylight,Straight,Veh'S Adjacent Approach: Thru-Right,Intersection from adjacent approaches,0,0,1,0,1,1,1,0,0,0,0,0
283943,Hospitalisation,2015,8,Fall from vehicle,Single Vehicle,152.946805,-27.536733,Western Arterial Rd,,Jindalee,Mount Ommaney,No Roadway Feature,No traffic control,100 - 110 km/h,Sealed - Dry,Daylight,Curved - view open,Off Path-Curve: Out Of Control On Cway,Out of control on curve,0,1,0,0,1,0,1,0,0,0,0,0
283944,Hospitalisation,2015,0,Hit object,Single Vehicle,153.011166,-27.585736,Beatty Rd,,Acacia Ridge,Sunnybank,Bridge/Causeway,No traffic control,70 km/h,Sealed - Dry,Darkness - Lighted,Curved - view open,Off Path-Curve: Off Cway Rt Bend Hit Obj,Off carriageway on curve hit object,0,1,0,0,1,1,0,0,0,0,0,0
283945,Hospitalisation,2015,9,Angle,Multi-Vehicle,153.124011,-27.503881,Cleveland Sub-Arterial Rd,Gateway Art Rd Ramp Va,Belmont,Chatsworth,Intersection - Cross,Operating traffic lights,60 km/h,Sealed - Dry,Daylight,Curved - view open,Veh'S Adjacent Approach: Thru-Thru,Intersection from adjacent approaches,0,3,0,0,3,2,0,0,0,0,0,0
283948,Medical treatment,2015,5,Hit object,Single Vehicle,152.967759,-27.596877,Poinsettia St,,Inala,Inala,No Roadway Feature,No traffic control,60 km/h,Sealed - Dry,Daylight,Straight,Off Path-Straight:Right Off Cway Hit Obj,Off carriageway on straight hit object,0,0,1,0,1,1,0,0,0,0,0,0
283949,Medical treatment,2015,15,Rear-end,Multi-Vehicle,153.011552,-27.641717,Logan Mwy,,Larapinta,Algester,No Roadway Feature,No traffic control,100 - 110 km/h,Sealed - Dry,Daylight,Straight,Veh'S Same Direction: Rear End,Rear-end,0,0,1,0,1,2,0,0,0,0,0,0
283950,Medical treatment,2015,8,Angle,Multi-Vehicle,153.164702,-27.436215,Mcfadden St,Selina St,Wynnum,Lytton,Intersection - Cross,Give way sign,0 - 50 km/h,Sealed - Dry,Daylight,Straight,Veh'S Adjacent Approach: Thru-Thru,Intersection from adjacent approaches,0,0,1,0,1,2,0,0,0,0,0,0
283951,Hospitalisation,2015,10,Hit object,Single Vehicle,153.1265839,-27.44148134,Aquarium Ave,Gosport St,Hemmant,Lytton,Intersection - T-Junction,No traffic control,60 km/h,Sealed - Dry,Daylight,Straight,Off Path-Straight: Left Off Cway Hit Obj,Off carriageway on straight hit object,0,1,0,0,1,1,0,0,0,0,0,0
283981,Medical treatment,2015,9,Rear-end,Multi-Vehicle,153.020278,-27.558582,Griffith Arterial Rd,Mt Lindesay Art. Rd,Archerfield,Sunnybank,Intersection - T-Junction,Give way sign,60 km/h,Sealed - Dry,Daylight,Curved - view open,Veh'S Same Direction: Left Rear,Rear-end,0,0,1,0,1,2,0,0,0,0,0,0
283982,Minor injury,2015,9,Hit object,Single Vehicle,153.12014,-27.474426,Boundary St,Wynnum Rd,Tingalpa,Chatsworth,Intersection - T-Junction,Operating traffic lights,60 km/h,Sealed - Dry,Daylight,Straight,Veh'S Same Direction: Rear End,Rear-end,0,0,0,1,1,1,0,1,0,0,0,0
283983,Hospitalisation,2015,0,Hit object,Single Vehicle,153.115739,-27.466582,Gateway Arterial Rd,,Tingalpa,Chatsworth,No Roadway Feature,No traffic control,100 - 110 km/h,Sealed - Dry,Darkness - Lighted,Curved - view open,Off Path-Curve: Off Cway Rt Bend Hit Obj,Off carriageway on curve hit object,0,1,0,0,1,1,0,0,0,0,0,0
284015,Hospitalisation,2015,18,Head-on,Multi-Vehicle,152.986214,-27.522694,Graceville Ave,,Graceville,Indooroopilly,No Roadway Feature,No traffic control,60 km/h,Sealed - Dry,Darkness - Lighted,Straight,Veh'S Opposite Approach: Head On,Head-on,0,1,1,0,2,2,0,0,0,0,0,0
284038,Medical treatment,2015,10,Rear-end,Multi-Vehicle,153.03619,-27.595851,Bradman St,Mt Lindesay Art. Rd,Acacia Ridge,Sunnybank,Intersection - Cross,Operating traffic lights,70 km/h,Sealed - Dry,Daylight,Straight,Veh'S Same Direction: Rear End,Rear-end,0,0,1,0,1,2,0,0,0,0,0,0
284039,Medical treatment,2015,7,Angle,Multi-Vehicle,152.959725,-27.595418,Archerfield Rd,Old Progress Rd,Inala,Inala,Intersection - Roundabout,Give way sign,60 km/h,Sealed - Dry,Daylight,Straight,Veh'S Adjacent Approach: Thru-Thru,Intersection from adjacent approaches,0,0,1,0,1,1,1,0,0,0,0,0
284040,Medical treatment,2015,14,Rear-end,Multi-Vehicle,153.080243,-27.560146,Griffith Arterial Rd,,Upper Mount Gravatt,Mansfield,No Roadway Feature,No traffic control,60 km/h,Sealed - Dry,Daylight,Straight,Veh'S Same Direction: Rear End,Rear-end,0,0,1,0,1,3,0,0,0,0,0,0
284041,Medical treatment,2015,15,Angle,Multi-Vehicle,153.174392,-27.443068,Akonna St,Florence St,Wynnum,Lytton,Intersection - Cross,Give way sign,0 - 50 km/h,Sealed - Dry,Daylight,Straight,Veh'S Adjacent Approach: Thru-Thru,Intersection from adjacent approaches,0,0,1,0,1,2,0,0,0,0,0,0
284063,Medical treatment,2015,17,Angle,Multi-Vehicle,153.064369,-27.483193,Bennetts Rd,Crown St,Norman Park,Greenslopes,Intersection - Cross,Operating traffic lights,60 km/h,Sealed - Wet,Dawn/Dusk,Straight,Veh'S Opposite Approach: Thru-Right,Opposing vehicles turning,0,0,1,0,1,2,0,0,0,0,0,0
284065,Medical treatment,2015,16,Sideswipe,Multi-Vehicle,153.081133,-27.559647,Logan Rd,,Upper Mount Gravatt,Mansfield,No Roadway Feature,No traffic control,60 km/h,Sealed - Dry,Daylight,Straight,Veh'S Same Direction: Lane Side Swipe,Lane changes,0,0,1,0,1,1,1,0,0,0,0,0
284066,Medical treatment,2015,8,Rear-end,Multi-Vehicle,153.0315,-27.492351,Fleurs St,Park Rd,Woolloongabba,South Brisbane,Intersection - T-Junction,No traffic control,60 km/h,Sealed - Dry,Daylight,Straight,Veh'S Same Direction: Right Rear,Rear-end,0,0,3,0,3,2,0,0,0,0,0,0
284103,Minor injury,2015,12,Angle,Multi-Vehicle,153.0466924,-27.58401872,Jackson Rd,Lang St,Sunnybank Hills,Sunnybank,Intersection - T-Junction,No traffic control,60 km/h,Sealed - Dry,Daylight,Straight,Veh'S Adjacent Approach: Other,Intersection from adjacent approaches,0,0,0,1,1,2,0,0,0,0,0,0
284104,Medical treatment,2015,14,Fall from vehicle,Single Vehicle,153.111162,-27.495799,Cadogan St,Whitecastle St,Carindale,Chatsworth,Intersection - T-Junction,No traffic control,0 - 50 km/h,Sealed - Dry,Daylight,Curved - view obscured,Veh'S Opposite Approach: Thru-Right,Opposing vehicles turning,0,0,1,0,1,1,1,0,0,0,0,0
284108,Medical treatment,2015,14,Hit pedestrian,Hit pedestrian,153.080306,-27.548592,Logan Rd,,Upper Mount Gravatt,Mansfield,No Roadway Feature,No traffic control,60 km/h,Sealed - Dry,Daylight,Straight,Ped'N: Far Side Vehicle Hit From Left,Pedestrian,0,0,1,0,1,0,0,0,1,0,1,0