Crash_Ref_Number,Severity,Year,Hour,Crash_Nature,Crash_Type,Longitude,Latitude,Street,Street_Intersecting,Suburb,Loc_State_Electorate,Crash_Roadway_Feature,Crash_Traffic_Control,Crash_Speed_Limit,Crash_Road_Surface_Condition,Crash_Lighting_Condition,Crash_Road_Horiz_Align,Crash_DCA_Description,Crash_DCA_Group_Description,Count_Casualty_Fatality,Count_Casualty_Hospitalised,Count_Casualty_MedicallyTreated,Count_Casualty_MinorInjury,Count_Casualty_Total,Count_Unit_Car,Count_Unit_Motorcycle_Moped,Count_Unit_Truck,Count_Unit_Bus,Count_Unit_Bicycle,Count_Unit_Pedestrian,Count_Unit_Other
284109,Hospitalisation,2015,0,Angle,Multi-Vehicle,153.036084,-27.469226,Deakin St,Rotherham St,Kangaroo Point,South Brisbane,Intersection - Cross,No traffic control,0 - 50 km/h,Sealed - Dry,Darkness - Lighted,Straight,Veh'S Manoeuvring: Leaving Driveway,Vehicle leaving driveway,0,1,0,0,1,0,0,0,1,1,0,0
284110,Hospitalisation,2015,6,Hit object,Single Vehicle,153.036113,-27.471548,Deakin St,Ferry St,Kangaroo Point,South Brisbane,Intersection - T-Junction,Give way sign,60 km/h,Sealed - Dry,Daylight,Curved - view open,Off Path-Curve: Mounts Traffic Island,Off carriageway on curve hit object,0,1,0,0,1,1,0,0,0,0,0,0
284135,Minor injury,2015,16,Rear-end,Multi-Vehicle,153.044885,-27.638136,Mt Lindesay Art. Rd,,Calamvale,Stretton,No Roadway Feature,No traffic control,80 - 90 km/h,Sealed - Dry,Dawn/Dusk,Curved - view open,Veh'S Same Direction: Rear End,Rear-end,0,0,0,1,1,2,0,1,0,0,0,0
284136,Hospitalisation,2015,5,Angle,Multi-Vehicle,153.029395,-27.518288,Cracknell Rd,Ipswich Rd,Annerley,Yeerongpilly,Intersection - Cross,Operating traffic lights,60 km/h,Sealed - Dry,Darkness - Lighted,Straight,Veh'S Opposite Approach: Head On,Head-on,0,1,0,0,1,2,0,0,0,0,0,0
284160,Medical treatment,2015,8,Rear-end,Multi-Vehicle,153.062789,-27.521363,Marshall Rd,,Holland Park West,Greenslopes,No Roadway Feature,No traffic control,60 km/h,Sealed - Dry,Daylight,Straight,Veh'S Same Direction: Rear End,Rear-end,0,0,1,0,1,1,1,0,0,0,0,0
284162,Medical treatment,2015,15,Rear-end,Multi-Vehicle,153.02101,-27.558634,Griffith Arterial Rd,Mt Lindesay Art. Rd,Coopers Plains,Sunnybank,Intersection - Cross,Operating traffic lights,60 km/h,Sealed - Dry,Daylight,Curved - view open,Veh'S Same Direction: Rear End,Rear-end,0,0,1,0,1,2,0,0,0,0,0,0
284163,Medical treatment,2015,7,Angle,Multi-Vehicle,152.993079,-27.560011,Collinsvale St,Donaldson Rd,Rocklea,Yeerongpilly,Intersection - T-Junction,Give way sign,60 km/h,Sealed - Dry,Daylight,Straight,Veh'S Adjacent Approach: Thru-Right,Intersection from adjacent approaches,0,0,1,0,1,2,0,0,0,0,0,0
284164,Medical treatment,2015,8,Rear-end,Multi-Vehicle,153.0789084,-27.56316598,South East Arterial Rd,,Macgregor,Sunnybank,No Roadway Feature,No traffic control,100 - 110 km/h,Sealed - Dry,Daylight,Straight,Veh'S Same Direction: Rear End,Rear-end,0,0,3,0,3,3,0,0,0,0,0,0
284165,Hospitalisation,2015,17,Angle,Multi-Vehicle,153.035802,-27.481252,Baines St,Main St,Kangaroo Point,South Brisbane,Intersection - T-Junction,Operating traffic lights,60 km/h,Sealed - Dry,Dawn/Dusk,Straight,Veh'S Opposite Approach: Thru-Right,Opposing vehicles turning,0,1,0,0,1,2,0,0,0,0,0,0
284205,Hospitalisation,2015,16,Hit object,Single Vehicle,153.035153,-27.501048,Cornwall St,Ipswich Rd,Annerley,South Brisbane,Intersection - Cross,Operating traffic lights,60 km/h,Sealed - Dry,Daylight,Straight,Ped'N: Hit Other,Other,0,1,0,0,1,1,0,0,0,0,1,0
284208,Medical treatment,2015,2,Hit object,Single Vehicle,153.060874,-27.471698,Balmoral St,Coventry St,Hawthorne,Bulimba,Intersection - T-Junction,No traffic control,60 km/h,Sealed - Dry,Darkness - Lighted,Curved - view open,Off Path-Curve: Off Cway Rt Bend Hit Obj,Off carriageway on curve hit object,0,0,1,0,1,2,0,0,0,0,0,0
284209,Medical treatment,2015,19,Rear-end,Multi-Vehicle,153.035367,-27.484441,Vulture St,,Kangaroo Point,South Brisbane,No Roadway Feature,No traffic control,60 km/h,Sealed - Dry,Dawn/Dusk,Straight,Veh'S Same Direction: Rear End,Rear-end,0,0,2,0,2,2,0,0,0,0,0,0
284236,Hospitalisation,2015,10,Angle,Multi-Vehicle,153.095418,-27.555252,Auckland St,Redland Sub-Arterial Rd,Wishart,Mansfield,Intersection - T-Junction,No traffic control,60 km/h,Sealed - Dry,Daylight,Curved - view open,Veh'S Opposite Approach: Thru-Right,Opposing vehicles turning,0,1,0,0,1,1,1,0,0,0,0,0
284237,Medical treatment,2015,16,Rear-end,Multi-Vehicle,153.035845,-27.482847,Main St,Princess St,Kangaroo Point,South Brisbane,Intersection - T-Junction,Operating traffic lights,60 km/h,Sealed - Dry,Daylight,Straight,Veh'S Same Direction: Right Rear,Rear-end,0,0,2,0,2,2,0,0,0,0,0,0
284260,Medical treatment,2015,15,Rear-end,Multi-Vehicle,153.04116,-27.649044,Beaudesert Rd,Mt Lindesay Art. Rd,Drewvale,Stretton,Intersection - Interchange,No traffic control,80 - 90 km/h,Sealed - Dry,Daylight,Straight,Veh'S Same Direction: Left Rear,Rear-end,0,0,1,0,1,3,0,0,0,0,0,0
284261,Medical treatment,2015,14,Hit object,Single Vehicle,152.94003,-27.558451,Western Arterial Rd,,Jamboree Heights,Mount Ommaney,Intersection - Interchange,No traffic control,0 - 50 km/h,Sealed - Dry,Daylight,Curved - view obscured,Off Path-Curve: Out Of Control On Cway,Out of control on curve,0,0,1,0,1,1,0,0,0,0,0,0
284262,Medical treatment,2015,10,Sideswipe,Multi-Vehicle,153.124323,-27.492311,Gateway Arterial Rd,,Belmont,Chatsworth,No Roadway Feature,No traffic control,100 - 110 km/h,Sealed - Dry,Daylight,Curved - view open,Veh'S Manoeuvring: Entering From Footway,Vehicle leaving driveway,0,0,1,0,1,1,0,1,0,0,0,0
284263,Hospitalisation,2015,12,Rear-end,Multi-Vehicle,153.03876,-27.507248,Pacific Hwy,South East Arterial Rd,Greenslopes,South Brisbane,Intersection - Interchange,No traffic control,100 - 110 km/h,Sealed - Dry,Daylight,Straight,Veh'S Same Direction: Rear End,Rear-end,0,1,0,1,2,2,0,0,0,0,0,0
284266,Medical treatment,2015,15,Hit pedestrian,Hit pedestrian,152.981606,-27.539819,Nelson St,Oxley Rd,Corinda,Mount Ommaney,Intersection - Cross,Operating traffic lights,60 km/h,Sealed - Dry,Daylight,Straight,Ped'N: Far Side Vehicle Hit From Left,Pedestrian,0,0,1,0,1,1,0,0,0,0,1,0
284267,Medical treatment,2015,20,Angle,Multi-Vehicle,153.098301,-27.583289,Gaskell St,Logan Sub-Arterial Rd,Eight Mile Plains,Stretton,Intersection - T-Junction,Operating traffic lights,60 km/h,Sealed - Dry,Darkness - Lighted,Straight,Veh'S Adjacent Approach: Thru-Right,Intersection from adjacent approaches,0,0,1,0,1,2,0,0,0,0,0,0
284268,Medical treatment,2015,13,Rear-end,Multi-Vehicle,153.003623,-27.482666,Montague Rd,Victoria St,West End,South Brisbane,Intersection - Cross,No traffic control,60 km/h,Sealed - Dry,Daylight,Straight,Veh'S Same Direction: Right Rear,Rear-end,0,0,1,0,1,2,0,0,0,0,0,0
284269,Minor injury,2015,21,Angle,Multi-Vehicle,153.0149941,-27.4766927,Manning St,,South Brisbane,South Brisbane,No Roadway Feature,No traffic control,0 - 50 km/h,Sealed - Dry,Darkness - Lighted,Straight,Veh'S Manoeuvring: Leaving Driveway,Vehicle leaving driveway,0,0,0,3,3,2,0,0,0,0,0,0
284270,Medical treatment,2015,5,Angle,Multi-Vehicle,153.040433,-27.490961,Logan Rd,,Woolloongabba,South Brisbane,No Roadway Feature,No traffic control,60 km/h,Sealed - Dry,Dawn/Dusk,Straight,Veh'S Manoeuvring: Other,Other,0,0,1,0,1,1,0,0,0,1,0,0
284275,Hospitalisation,2015,17,Angle,Multi-Vehicle,153.125136,-27.50409,Cleveland Sub-Arterial Rd,Old Cleveland Rd,Belmont,Chatsworth,Intersection - Interchange,Operating traffic lights,60 km/h,Sealed - Dry,Darkness - Lighted,Straight,Veh'S Adjacent Approach: Thru-Thru,Intersection from adjacent approaches,0,2,0,0,2,2,0,0,0,0,0,0
284297,Hospitalisation,2015,16,Hit parked vehicle,Single Vehicle,153.103854,-27.464649,Railway Tce,Tamba St,Murarrie,Bulimba,Intersection - T-Junction,No traffic control,0 - 50 km/h,Sealed - Dry,Daylight,Straight,Veh'S Adjacent Approach: Other,Intersection from adjacent approaches,0,1,0,0,1,1,1,0,0,0,0,0
284298,Medical treatment,2015,20,Fall from vehicle,Single Vehicle,153.036666,-27.497125,O'Keefe St,,Woolloongabba,South Brisbane,Intersection - T-Junction,Operating traffic lights,0 - 50 km/h,Sealed - Dry,Daylight,Straight,Pass & Misc: Fell In/From Vehicle,Other,0,0,0,0,0,0,0,0,1,0,0,0
284326,Medical treatment,2015,11,Rear-end,Multi-Vehicle,152.931653,-27.59148029,Progress Rd,,Wacol,Inala,No Roadway Feature,No traffic control,70 km/h,Sealed - Dry,Daylight,Straight,Veh'S Same Direction: Rear End,Rear-end,0,0,2,0,2,3,0,0,0,0,0,0
284327,Medical treatment,2015,19,Rear-end,Multi-Vehicle,153.058568,-27.599343,Hellawell Rd,Pinelands Rd,Sunnybank Hills,Stretton,Intersection - Cross,Operating traffic lights,60 km/h,Sealed - Dry,Darkness - Lighted,Straight,Veh'S Same Direction: Right Rear,Rear-end,0,0,1,0,1,2,0,0,0,0,0,0
284328,Hospitalisation,2015,4,Angle,Multi-Vehicle,153.050681,-27.497338,Main Ave,Sixth Ave,Greenslopes,South Brisbane,Intersection - T-Junction,No traffic control,0 - 50 km/h,Sealed - Dry,Darkness - Lighted,Straight,Veh'S Adjacent Approach: Left-Right,Intersection from adjacent approaches,0,1,0,0,1,1,0,0,0,1,0,0
284330,Hospitalisation,2015,20,Hit object,Single Vehicle,153.0757659,-27.53846566,Mt Gravatt Outlook Dr,Shire Rd,Mount Gravatt,Mansfield,No Roadway Feature,No traffic control,0 - 50 km/h,Sealed - Dry,Darkness - Lighted,Curved - view open,Off Path-Curve: Off Cway Rt Bend Hit Obj,Off carriageway on curve hit object,0,2,0,0,2,1,0,0,0,0,0,0
284332,Fatal,2015,18,Angle,Multi-Vehicle,153.092684,-27.474557,Dorothea St,Richmond Rd,Cannon Hill,Bulimba,Intersection - T-Junction,No traffic control,60 km/h,Sealed - Dry,Darkness - Lighted,Straight,Veh'S Opposite Approach: Thru-Right,Opposing vehicles turning,1,0,0,1,2,1,1,0,0,0,0,0
284333,Hospitalisation,2015,7,Angle,Multi-Vehicle,153.076084,-27.467057,Moore St,Wynnum Rd,Morningside,Bulimba,Intersection - T-Junction,Give way sign,60 km/h,Sealed - Dry,Daylight,Straight,Veh'S Manoeuvring: Entering From Footway,Vehicle leaving driveway,0,1,0,0,1,1,0,0,0,1,0,0
284334,Medical treatment,2015,19,Angle,Multi-Vehicle,153.014556,-27.476057,Manning St,Melbourne St,South Brisbane,South Brisbane,Intersection - Cross,Stop sign,0 - 50 km/h,Sealed - Dry,Darkness - Lighted,Straight,Veh'S Manoeuvring: Entering From Footway,Vehicle leaving driveway,0,0,1,0,1,1,0,0,0,1,0,0
284335,Medical treatment,2015,9,Angle,Multi-Vehicle,153.0462055,-27.49256375,Deshon St,,Woolloongabba,South Brisbane,No Roadway Feature,No traffic control,60 km/h,Sealed - Dry,Daylight,Curved - view open,Veh'S Manoeuvring: Entering From Footway,Vehicle leaving driveway,0,0,1,0,1,2,0,0,0,0,0,0
284359,Hospitalisation,2015,15,Angle,Multi-Vehicle,153.027203,-27.62392,Ackama St,Ridgewood Rd,Algester,Algester,Intersection - T-Junction,No traffic control,60 km/h,Sealed - Dry,Daylight,Straight,Veh'S Opposite Approach: Thru-Right,Opposing vehicles turning,0,1,2,0,3,2,0,0,0,0,0,0
284360,Hospitalisation,2015,17,Sideswipe,Multi-Vehicle,153.0502499,-27.64778067,Logan Mwy,,Drewvale,Stretton,No Roadway Feature,No traffic control,80 - 90 km/h,Sealed - Dry,Darkness - Lighted,Straight,Veh'S Same Direction: Lane Change Right,Lane changes,0,1,0,0,1,1,1,0,0,0,0,0
284361,Medical treatment,2015,4,Sideswipe,Multi-Vehicle,153.050308,-27.610176,Mt Lindesay Art. Rd,,Calamvale,Stretton,No Roadway Feature,No traffic control,80 - 90 km/h,Sealed - Dry,Darkness - Lighted,Curved - view open,Veh'S Same Direction: Lane Change Left,Lane changes,0,0,1,0,1,1,0,1,0,0,0,0
284363,Hospitalisation,2015,15,Rear-end,Multi-Vehicle,152.9422998,-27.56002553,Sumners Rd,,Darra,Mount Ommaney,No Roadway Feature,No traffic control,60 km/h,Sealed - Dry,Daylight,Straight,Veh'S Same Direction: Rear End,Rear-end,0,1,0,0,1,2,0,0,0,0,0,0
284365,Hospitalisation,2015,17,Hit pedestrian,Hit pedestrian,153.084293,-27.558611,Redland Sub-Arterial Rd,,Upper Mount Gravatt,Mansfield,No Roadway Feature,No traffic control,60 km/h,Sealed - Dry,Darkness - Lighted,Straight,Ped'N: Near Side Vehicle Hit From Right,Pedestrian,0,1,0,0,1,1,0,0,0,0,1,0
284366,Medical treatment,2015,21,Rear-end,Multi-Vehicle,153.090604,-27.572152,Logan Sub-Arterial Rd,,Eight Mile Plains,Sunnybank,No Roadway Feature,No traffic control,70 km/h,Sealed - Dry,Darkness - Lighted,Straight,Veh'S Same Direction: Rear End,Rear-end,0,0,1,0,1,4,0,0,0,0,0,0
284367,Medical treatment,2015,6,Rear-end,Multi-Vehicle,153.141543,-27.485793,New Cleveland Rd,Stanbrough Rd,Wakerley,Chatsworth,Intersection - Cross,Give way sign,0 - 50 km/h,Sealed - Dry,Dawn/Dusk,Straight,Veh'S Same Direction: Left Rear,Rear-end,0,0,1,0,1,2,0,0,0,0,0,0
284388,Minor injury,2015,9,Struck by external load,Other,153.0672303,-27.62360691,Gateway Arterial Rd,,Stretton,Stretton,No Roadway Feature,No traffic control,100 - 110 km/h,Sealed - Dry,Daylight,Curved - view open,Pass & Misc: Load Hit Vehicle,Other,0,0,0,2,2,2,0,0,0,0,0,0
284389,Medical treatment,2015,12,Rear-end,Multi-Vehicle,152.980519,-27.569078,Blunder Rd,,Oxley,Inala,No Roadway Feature,No traffic control,60 km/h,Sealed - Dry,Daylight,Straight,Veh'S Same Direction: Rear End,Rear-end,0,0,1,0,1,1,0,1,0,0,0,0
284390,Minor injury,2015,17,Rear-end,Multi-Vehicle,152.986448,-27.565043,Cunningham Arterial Rd,,Oxley,Inala,No Roadway Feature,No traffic control,80 - 90 km/h,Sealed - Dry,Darkness - Lighted,Straight,Veh'S Same Direction: Rear End,Rear-end,0,0,0,1,1,3,0,0,0,0,0,0
284391,Medical treatment,2015,16,Rear-end,Multi-Vehicle,153.07876,-27.500682,Gotha St,Samuel St,Camp Hill,Greenslopes,Intersection - Cross,No traffic control,60 km/h,Sealed - Dry,Daylight,Straight,Veh'S Same Direction: Right Rear,Rear-end,0,0,1,0,1,2,0,0,0,0,0,0
284395,Medical treatment,2015,19,Hit parked vehicle,Single Vehicle,152.972547,-27.5126925,Honour Ave,,Chelmer,Indooroopilly,No Roadway Feature,No traffic control,0 - 50 km/h,Sealed - Dry,Darkness - Lighted,Straight,Veh'S On Path: Parked,Hit parked vehicle,0,0,1,0,1,4,0,0,0,0,0,0
284396,Medical treatment,2015,1,Rear-end,Multi-Vehicle,153.106095,-27.576682,Gateway Arterial Rd,South East Art Rd Ramp Xs,Rochedale,Mansfield,Intersection - Interchange,No traffic control,0 - 50 km/h,Sealed - Dry,Darkness - Lighted,Straight,Veh'S Same Direction: Rear End,Rear-end,0,0,1,0,1,1,0,0,1,0,0,0
284397,Medical treatment,2015,15,Rear-end,Multi-Vehicle,153.034334,-27.492793,South East Arterial Rd,,Woolloongabba,South Brisbane,No Roadway Feature,No traffic control,80 - 90 km/h,Sealed - Dry,Daylight,Straight,Veh'S Same Direction: Rear End,Rear-end,0,0,1,0,1,5,0,0,0,0,0,0
284432,Hospitalisation,2015,7,Hit parked vehicle,Single Vehicle,152.9686222,-27.60543675,Andromeda St,,Inala,Inala,No Roadway Feature,No traffic control,0 - 50 km/h,Sealed - Dry,Daylight,Straight,Veh'S On Path: Parked,Hit parked vehicle,0,1,1,0,2,2,0,0,0,0,0,1
284433,Hospitalisation,2015,3,Hit object,Single Vehicle,153.0263187,-27.60596373,Paradise Rd,,Willawong,Algester,Bridge/Causeway,No traffic control,70 km/h,Sealed - Dry,Darkness - Not lighted,Straight,Off Path-Straight: Left Off Cway Hit Obj,Off carriageway on straight hit object,0,1,0,0,1,1,0,0,0,0,0,0
284435,Medical treatment,2015,0,Overturned,Single Vehicle,153.043216,-27.536476,Toohey Rd,,Salisbury,Yeerongpilly,No Roadway Feature,No traffic control,60 km/h,Sealed - Dry,Darkness - Lighted,Curved - view open,Off Path-Curve: Off Cway Lt Bend Hit Obj,Off carriageway on curve hit object,0,0,1,0,1,1,0,0,0,0,0,0
284436,Hospitalisation,2015,9,Angle,Multi-Vehicle,153.1864,-27.451891,Esplanade,,Manly,Lytton,No Roadway Feature,Pedestrian crossing sign,0 - 50 km/h,Sealed - Dry,Daylight,Straight,Veh'S Manoeuvring: Entering From Footway,Vehicle leaving driveway,0,1,0,0,1,1,0,0,0,1,0,0
284467,Medical treatment,2015,15,Rear-end,Multi-Vehicle,153.05122,-27.611338,Compton Rd,Mt Lindesay Art. Rd,Calamvale,Stretton,Intersection - T-Junction,Operating traffic lights,80 - 90 km/h,Sealed - Dry,Daylight,Straight,Veh'S Same Direction: Right Rear,Rear-end,0,0,1,0,1,2,0,0,0,0,0,0
284490,Hospitalisation,2015,19,Angle,Multi-Vehicle,153.094399,-27.532618,Newnham Rd,Wecker Rd,Mount Gravatt East,Mansfield,Intersection - T-Junction,Operating traffic lights,60 km/h,Sealed - Dry,Darkness - Lighted,Straight,Veh'S Opposite Approach: Thru-Right,Opposing vehicles turning,0,1,0,0,1,2,0,0,0,0,0,0
284491,Medical treatment,2015,11,Hit parked vehicle,Single Vehicle,153.013679,-27.487363,Dornoch Tce,,Highgate Hill,South Brisbane,No Roadway Feature,No traffic control,0 - 50 km/h,Sealed - Dry,Daylight,Straight,Off Path-Straight:Out Of Control On Cway,Out of control on straight,0,0,1,0,1,2,0,0,0,0,0,0
284492,Hospitalisation,2015,14,Rear-end,Multi-Vehicle,153.040923,-27.492079,Logan Rd,,Woolloongabba,South Brisbane,No Roadway Feature,No traffic control,60 km/h,Sealed - Dry,Daylight,Curved - view open,Veh'S Same Direction: Rear End,Rear-end,0,1,0,0,1,2,0,1,0,0,0,0
284510,Minor injury,2015,20,Rear-end,Multi-Vehicle,153.0208069,-27.55847997,Griffith Arterial Rd,Mt Lindesay Art. Rd,Rocklea,Yeerongpilly,Intersection - Cross,Operating traffic lights,60 km/h,Sealed - Dry,Darkness - Lighted,Straight,Veh'S Same Direction: Right Rear,Rear-end,0,0,0,1,1,1,1,0,0,0,0,0
284511,Minor injury,2015,17,Angle,Multi-Vehicle,153.089127,-27.561038,Delavan St,Newnham Rd,Upper Mount Gravatt,Mansfield,Intersection - T-Junction,Operating traffic lights,60 km/h,Sealed - Dry,Daylight,Straight,Veh'S Opposite Approach: Thru-Right,Opposing vehicles turning,0,0,0,1,1,2,0,0,0,0,0,0
284512,Medical treatment,2015,8,Rear-end,Multi-Vehicle,153.178927,-27.456757,Gordon Pde,Peranga St,Manly,Lytton,Intersection - T-Junction,No traffic control,60 km/h,Sealed - Dry,Daylight,Straight,Veh'S Same Direction: Rear End,Rear-end,0,0,1,0,1,2,0,0,0,0,0,0
284513,Medical treatment,2015,13,Fall from vehicle,Single Vehicle,153.114273,-27.468736,Murarrie Rd,,Tingalpa,Chatsworth,No Roadway Feature,No traffic control,60 km/h,Sealed - Dry,Daylight,Curved - view obscured,Veh'S Opposite Approach: Head On,Head-on,0,0,2,0,2,1,1,0,0,0,0,0
284539,Medical treatment,2015,13,Hit object,Single Vehicle,153.040736,-27.651319,Mt Lindesay Art. Rd,,Drewvale,Stretton,No Roadway Feature,No traffic control,80 - 90 km/h,Sealed - Wet,Daylight,Straight,Off Path-Straight:Right Off Cway Hit Obj,Off carriageway on straight hit object,0,0,1,0,1,1,0,0,0,0,0,0
284541,Hospitalisation,2015,10,Rear-end,Multi-Vehicle,153.044927,-27.532495,Marshall Rd,Monash Rd,Tarragindi,Yeerongpilly,Intersection - Cross,Operating traffic lights,60 km/h,Sealed - Wet,Daylight,Straight,Veh'S Same Direction: Left Rear,Rear-end,0,1,0,0,1,1,0,0,1,0,0,0
284552,Medical treatment,2015,5,Rear-end,Multi-Vehicle,153.009994,-27.656795,Johnson Rd,,Larapinta,Algester,No Roadway Feature,No traffic control,70 km/h,Sealed - Dry,Darkness - Not lighted,Straight,Veh'S Same Direction: Rear End,Rear-end,0,0,1,0,1,2,0,0,0,0,0,0
284590,Hospitalisation,2015,14,Rear-end,Multi-Vehicle,153.044708,-27.639101,Mt Lindesay Art. Rd,,Parkinson,Algester,No Roadway Feature,No traffic control,80 - 90 km/h,Sealed - Wet,Daylight,Straight,Veh'S Same Direction: Rear End,Rear-end,0,1,0,0,1,4,0,0,0,0,0,0
284591,Medical treatment,2015,14,Rear-end,Multi-Vehicle,153.120816,-27.502567,Cleveland Sub-Arterial Rd,Old Cleveland Rd,Carindale,Chatsworth,Merge Lane,No traffic control,70 km/h,Sealed - Dry,Daylight,Straight,Veh'S Same Direction: Rear End,Rear-end,0,0,1,0,1,2,0,0,0,0,0,0
284596,Hospitalisation,2015,17,Rear-end,Multi-Vehicle,152.973153,-27.61138,Joseph Banks Ave,,Forest Lake,Algester,No Roadway Feature,No traffic control,0 - 50 km/h,Sealed - Dry,Darkness - Lighted,Straight,Veh'S Same Direction: Rear End,Rear-end,0,1,1,0,2,3,0,0,0,0,0,0
284597,Medical treatment,2015,16,Rear-end,Multi-Vehicle,152.977095,-27.598056,Inala Ave,,Inala,Inala,No Roadway Feature,No traffic control,60 km/h,Sealed - Wet,Dawn/Dusk,Straight,Veh'S Same Direction: Rear End,Rear-end,0,0,1,0,1,3,0,0,0,0,0,0
284599,Minor injury,2015,18,Rear-end,Multi-Vehicle,153.091543,-27.554936,Dawson Rd,Redland Sub-Arterial Rd,Wishart,Mansfield,Intersection - T-Junction,Give way sign,60 km/h,Sealed - Dry,Darkness - Lighted,Curved - view open,Veh'S Same Direction: Left Rear,Rear-end,0,0,0,1,1,2,0,0,0,0,0,0
284600,Minor injury,2015,4,Hit object,Single Vehicle,153.1647405,-27.47565355,Manly Rd,,Manly West,Lytton,No Roadway Feature,No traffic control,60 km/h,Sealed - Dry,Darkness - Lighted,Curved - view open,Off Path-Curve: Off Cway Rt Bend Hit Obj,Off carriageway on curve hit object,0,0,0,1,1,1,0,0,0,0,0,0
284632,Medical treatment,2015,3,Hit object,Single Vehicle,153.061992,-27.611872,Compton Rd,,Stretton,Stretton,No Roadway Feature,No traffic control,60 km/h,Sealed - Wet,Darkness - Lighted,Straight,Off Path-Straight: Left Off Cway Hit Obj,Off carriageway on straight hit object,0,0,1,0,1,1,0,0,0,0,0,0
284633,Medical treatment,2015,15,Hit object,Single Vehicle,153.035453,-27.627047,Menser St,,Calamvale,Stretton,No Roadway Feature,No traffic control,60 km/h,Sealed - Wet,Daylight,Straight,Off Path-Straight:Out Of Control On Cway,Out of control on straight,0,0,1,0,1,1,0,0,0,0,0,0
284635,Medical treatment,2015,6,Rear-end,Multi-Vehicle,152.950578,-27.574985,Cunningham Arterial Rd,Ipswich Mwy,Darra,Inala,Intersection - Interchange,No traffic control,80 - 90 km/h,Sealed - Dry,Daylight,Straight,Veh'S Same Direction: Rear End,Rear-end,0,0,1,0,1,2,0,0,0,0,0,0
284636,Minor injury,2015,18,Rear-end,Multi-Vehicle,153.0809746,-27.59942637,Persse Rd,,Runcorn,Stretton,No Roadway Feature,No traffic control,60 km/h,Sealed - Dry,Dawn/Dusk,Straight,Veh'S Same Direction: Right Rear,Rear-end,0,0,0,1,1,3,0,0,0,0,0,0
284637,Medical treatment,2015,8,Sideswipe,Multi-Vehicle,153.123204,-27.490592,Gateway Arterial Rd,,Belmont,Chatsworth,No Roadway Feature,No traffic control,100 - 110 km/h,Sealed - Dry,Daylight,Straight,Veh'S Same Direction: Lane Change Left,Lane changes,0,0,1,0,1,1,0,1,0,0,0,0
284638,Hospitalisation,2015,9,Angle,Multi-Vehicle,153.057115,-27.494518,Harries Rd,Holdsworth St,Coorparoo,Greenslopes,Intersection - Cross,Give way sign,0 - 50 km/h,Sealed - Dry,Daylight,Straight,Veh'S Adjacent Approach: Thru-Thru,Intersection from adjacent approaches,0,1,1,0,2,2,0,0,0,0,0,0
284641,Medical treatment,2015,11,Sideswipe,Multi-Vehicle,153.03126,-27.569394,Annie St,Boundary Rd,Coopers Plains,Sunnybank,Intersection - T-Junction,Operating traffic lights,60 km/h,Sealed - Dry,Daylight,Straight,Veh'S Same Direction: Lane Side Swipe,Lane changes,0,0,1,0,1,2,0,0,0,0,0,0
284642,Hospitalisation,2015,17,Angle,Multi-Vehicle,152.979967,-27.522319,Evadne St,Oxley Rd,Graceville,Indooroopilly,No Roadway Feature,No traffic control,60 km/h,Sealed - Dry,Darkness - Lighted,Straight,Veh'S Manoeuvring: Leaving Driveway,Vehicle leaving driveway,0,3,1,0,4,2,0,0,0,0,0,0
284673,Fatal,2015,3,Hit object,Single Vehicle,153.034221,-27.5705484,Halt St,,Coopers Plains,Sunnybank,No Roadway Feature,No traffic control,60 km/h,Sealed - Wet,Darkness - Lighted,Curved - view open,Off Path-Curve: Off Cway Rt Bend Hit Obj,Off carriageway on curve hit object,1,1,0,0,2,1,0,0,0,0,0,0
284675,Hospitalisation,2015,18,Hit pedestrian,Hit pedestrian,153.0800195,-27.5633953,Macgregor St,,Macgregor,Mansfield,No Roadway Feature,No traffic control,60 km/h,Sealed - Dry,Darkness - Lighted,Straight,Ped'N: Hit While Boarding/Alighting,Pedestrian,0,1,0,0,1,1,0,0,0,0,1,0
284679,Medical treatment,2015,13,Rear-end,Multi-Vehicle,153.125495,-27.502954,Cleveland Sub-Arterial Rd,Gateway Art Rd Ramp Vf,Belmont,Chatsworth,Intersection - T-Junction,Give way sign,0 - 50 km/h,Sealed - Dry,Daylight,Straight,Veh'S Same Direction: Left Rear,Rear-end,0,0,1,0,1,2,0,0,0,0,0,0
284681,Medical treatment,2015,21,Sideswipe,Multi-Vehicle,152.925531,-27.608957,Logan Mwy,,Ellen Grove,Inala,No Roadway Feature,No traffic control,100 - 110 km/h,Sealed - Dry,Darkness - Lighted,Straight,Veh'S Same Direction: Lane Change Left,Lane changes,0,0,1,0,1,1,0,1,0,0,0,0
284697,Medical treatment,2015,13,Rear-end,Multi-Vehicle,153.0461394,-27.63442972,Mt Lindesay Art. Rd,,Calamvale,Stretton,No Roadway Feature,No traffic control,80 - 90 km/h,Sealed - Dry,Daylight,Straight,Veh'S Same Direction: Rear End,Rear-end,0,0,2,3,5,3,0,0,0,0,0,0