Crash_Ref_Number,Severity,Year,Hour,Crash_Nature,Crash_Type,Longitude,Latitude,Street,Street_Intersecting,Suburb,Loc_State_Electorate,Crash_Roadway_Feature,Crash_Traffic_Control,Crash_Speed_Limit,Crash_Road_Surface_Condition,Crash_Lighting_Condition,Crash_Road_Horiz_Align,Crash_DCA_Description,Crash_DCA_Group_Description,Count_Casualty_Fatality,Count_Casualty_Hospitalised,Count_Casualty_MedicallyTreated,Count_Casualty_MinorInjury,Count_Casualty_Total,Count_Unit_Car,Count_Unit_Motorcycle_Moped,Count_Unit_Truck,Count_Unit_Bus,Count_Unit_Bicycle,Count_Unit_Pedestrian,Count_Unit_Other
284698,Hospitalisation,2015,5,Hit parked vehicle,Single Vehicle,153.0662138,-27.53278916,Nursery Rd,,Holland Park West,Greenslopes,No Roadway Feature,No traffic control,60 km/h,Sealed - Dry,Darkness - Lighted,Straight,Veh'S On Path: Parked,Hit parked vehicle,0,1,0,0,1,2,0,0,0,0,0,0
284733,Medical treatment,2015,18,Rear-end,Multi-Vehicle,153.004886,-27.594318,King Ave,Sherbrooke Rd,Willawong,Sunnybank,Intersection - Cross,Operating traffic lights,60 km/h,Sealed - Dry,Darkness - Lighted,Straight,Veh'S Same Direction: Right Rear,Rear-end,0,0,2,0,2,2,0,0,0,0,0,0
284734,Hospitalisation,2015,7,Hit object,Single Vehicle,152.981067,-27.530925,Skew St,,Sherwood,Indooroopilly,No Roadway Feature,No traffic control,0 - 50 km/h,Sealed - Dry,Daylight,Straight,Pass & Misc: Other,Other,0,1,0,0,1,1,0,0,0,0,0,0
284735,Medical treatment,2015,9,Rear-end,Multi-Vehicle,153.165355,-27.481888,Greencamp Rd,Tilley Rd,Wakerley,Chatsworth,Intersection - T-Junction,Stop sign,60 km/h,Sealed - Dry,Daylight,Straight,Veh'S Same Direction: Left Rear,Rear-end,0,0,1,0,1,2,0,0,0,0,0,0
284768,Minor injury,2015,23,Angle,Multi-Vehicle,153.016825,-27.557891,Beatty Rd,Griffith Arterial Rd,Rocklea,Yeerongpilly,Intersection - Cross,Operating traffic lights,60 km/h,Sealed - Dry,Darkness - Lighted,Straight,Veh'S Adjacent Approach: Thru-Thru,Intersection from adjacent approaches,0,0,0,1,1,2,0,0,0,0,0,0
284769,Medical treatment,2015,16,Angle,Multi-Vehicle,153.069062,-27.589722,Dew St,Nathan Rd,Runcorn,Sunnybank,Intersection - T-Junction,Give way sign,0 - 50 km/h,Sealed - Dry,Daylight,Straight,Veh'S Adjacent Approach: Right-Thru,Intersection from adjacent approaches,0,0,1,0,1,2,0,0,0,0,0,0
284770,Medical treatment,2015,8,Fall from vehicle,Single Vehicle,153.035398,-27.468594,Baildon St,Main St,Kangaroo Point,South Brisbane,Intersection - T-Junction,Give way sign,60 km/h,Sealed - Dry,Daylight,Straight,Off Path-Straight: Left Turn,Off carriageway on straight,0,0,1,0,1,0,1,0,0,0,0,0
284798,Medical treatment,2015,17,Rear-end,Multi-Vehicle,153.056927,-27.495929,Old Cleveland Rd,,Coorparoo,South Brisbane,No Roadway Feature,No traffic control,60 km/h,Sealed - Dry,Daylight,Straight,Veh'S Same Direction: Rear End,Rear-end,0,0,1,0,1,3,0,0,0,0,0,0
284800,Medical treatment,2015,13,Angle,Multi-Vehicle,153.055374,-27.525843,Bapaume Rd,Marshall Rd,Tarragindi,Yeerongpilly,Intersection - 5+ way,Operating traffic lights,60 km/h,Sealed - Dry,Daylight,Curved - view open,Veh'S Adjacent Approach: Thru-Thru,Intersection from adjacent approaches,0,0,3,0,3,2,0,0,0,0,0,0
284802,Medical treatment,2015,8,Rear-end,Multi-Vehicle,153.0591663,-27.4830217,Canara St,,Norman Park,Bulimba,No Roadway Feature,No traffic control,60 km/h,Sealed - Dry,Daylight,Straight,Veh'S Same Direction: Rear End,Rear-end,0,0,1,0,1,2,0,0,0,0,0,0
284804,Medical treatment,2015,7,Rear-end,Multi-Vehicle,153.080152,-27.609771,Gateway Arterial Rd,,Kuraby,Stretton,Intersection - Interchange,No traffic control,100 - 110 km/h,Sealed - Dry,Daylight,Straight,Veh'S Same Direction: Left Rear,Rear-end,0,0,1,0,1,1,0,1,0,0,0,0
284805,Medical treatment,2015,16,Hit pedestrian,Hit pedestrian,153.014405,-27.473983,Cordelia St,Peel St,South Brisbane,South Brisbane,Intersection - Cross,Operating traffic lights,60 km/h,Sealed - Dry,Daylight,Straight,Ped'N: Hit Other,Other,0,0,1,0,1,1,0,0,0,0,1,0
284806,Medical treatment,2015,8,Angle,Multi-Vehicle,153.144074,-27.441922,North Rd,,Wynnum West,Lytton,No Roadway Feature,No traffic control,60 km/h,Sealed - Dry,Daylight,Straight,Veh'S Opposite Approach: Thru-Right,Opposing vehicles turning,0,0,2,0,2,2,0,0,0,0,0,0
284840,Hospitalisation,2015,11,Angle,Multi-Vehicle,153.071594,-27.491756,Ernest St,Old Cleveland Rd,Camp Hill,Greenslopes,Intersection - T-Junction,No traffic control,60 km/h,Sealed - Dry,Daylight,Straight,Veh'S Same Direction: Other,Other,0,1,1,0,2,1,1,0,0,0,0,0
284844,Medical treatment,2015,17,Rear-end,Multi-Vehicle,153.08327,-27.598935,Holmewood St,Warrigal Rd,Runcorn,Stretton,Intersection - T-Junction,No traffic control,60 km/h,Sealed - Dry,Darkness - Lighted,Straight,Veh'S Same Direction: Right Rear,Rear-end,0,0,1,0,1,2,0,0,0,0,0,0
284845,Hospitalisation,2015,19,Fall from vehicle,Single Vehicle,153.064316,-27.570156,Mains Rd,,Sunnybank,Sunnybank,No Roadway Feature,No traffic control,60 km/h,Sealed - Dry,Darkness - Lighted,Straight,Off Path-Straight:Out Of Control On Cway,Out of control on straight,0,1,0,0,1,0,1,0,0,0,0,0
284846,Medical treatment,2015,17,Rear-end,Multi-Vehicle,153.0390733,-27.49733792,South East Arterial Rd,,Woolloongabba,South Brisbane,No Roadway Feature,No traffic control,80 - 90 km/h,Sealed - Dry,Dawn/Dusk,Straight,Veh'S Same Direction: Rear End,Rear-end,0,0,1,0,1,2,0,0,0,0,0,0
284847,Medical treatment,2015,15,Angle,Multi-Vehicle,153.12862,-27.479102,Annette St,Belmont Rd,Tingalpa,Chatsworth,Intersection - T-Junction,Give way sign,60 km/h,Sealed - Dry,Daylight,Straight,Veh'S Adjacent Approach: Thru-Right,Intersection from adjacent approaches,0,0,2,0,2,2,0,0,0,0,0,0
284848,Medical treatment,2015,15,Rear-end,Multi-Vehicle,153.117335,-27.473951,Gateway Art Rd Ramp U,Wynnum Rd,Tingalpa,Chatsworth,Intersection - Interchange,Operating traffic lights,60 km/h,Sealed - Dry,Daylight,Straight,Veh'S Same Direction: Rear End,Rear-end,0,0,2,0,2,2,0,0,0,0,0,0
284872,Medical treatment,2015,17,Rear-end,Multi-Vehicle,153.058444,-27.599461,Hellawell Rd,Pinelands Rd,Sunnybank Hills,Sunnybank,Intersection - Cross,Operating traffic lights,60 km/h,Sealed - Dry,Dawn/Dusk,Straight,Veh'S Same Direction: Rear End,Rear-end,0,0,1,1,2,2,0,0,0,0,0,0
284874,Hospitalisation,2015,14,Angle,Multi-Vehicle,153.054479,-27.524971,Birdwood Rd,Weller Rd,Tarragindi,Yeerongpilly,Intersection - T-Junction,Operating traffic lights,60 km/h,Sealed - Dry,Daylight,Curved - view open,Veh'S Opposite Approach: Thru-Right,Opposing vehicles turning,0,1,0,0,1,1,1,0,0,0,0,0
284875,Hospitalisation,2015,20,Hit object,Single Vehicle,153.073992,-27.527847,Nursery Rd,View St,Holland Park,Greenslopes,No Roadway Feature,No traffic control,60 km/h,Sealed - Dry,Darkness - Lighted,Straight,Off Path-Straight: Left Off Cway Hit Obj,Off carriageway on straight hit object,0,1,0,0,1,2,0,0,0,0,0,0
284876,Hospitalisation,2015,14,Hit pedestrian,Hit pedestrian,153.078948,-27.453185,Riverside Pl,Steel Pl,Morningside,Bulimba,No Roadway Feature,No traffic control,0 - 50 km/h,Sealed - Dry,Daylight,Curved - view obscured,Ped'N: Hit Emerging Behind Vehicle,Pedestrian,0,2,0,0,2,0,1,0,0,0,1,0
284877,Hospitalisation,2015,22,Fall from vehicle,Single Vehicle,153.080728,-27.570551,Freesia St,Swanfield St,Macgregor,Sunnybank,Intersection - T-Junction,No traffic control,0 - 50 km/h,Sealed - Dry,Darkness - Lighted,Curved - view open,Vehicle Left-Turning At I/S (Or Driveway,Out of control on curve,0,1,0,0,1,0,1,0,0,0,0,0
284878,Medical treatment,2015,2,Hit parked vehicle,Single Vehicle,153.107668,-27.565395,Gateway Arterial Rd,,Rochedale,Mansfield,No Roadway Feature,No traffic control,60 km/h,Sealed - Dry,Darkness - Lighted,Straight,Off Path-Straight: Other,Other,0,0,1,0,1,1,0,1,0,0,0,0
284898,Hospitalisation,2015,8,Rear-end,Multi-Vehicle,153.02938,-27.658917,Johnson Rd,,Parkinson,Algester,No Roadway Feature,No traffic control,60 km/h,Sealed - Dry,Daylight,Straight,Veh'S Same Direction: Right Rear,Rear-end,0,1,1,0,2,2,0,0,0,0,0,0
284899,Hospitalisation,2015,11,Rear-end,Multi-Vehicle,153.061329,-27.642229,Gateway Arterial Rd,,Drewvale,Stretton,No Roadway Feature,No traffic control,100 - 110 km/h,Sealed - Dry,Daylight,Straight,Veh'S Manoeuvring: Entering From Footway,Vehicle leaving driveway,0,2,0,1,3,1,0,1,0,0,0,0
284900,Hospitalisation,2015,12,Angle,Multi-Vehicle,153.036069,-27.645483,Logan Mwy,Logan Mwy Ramp Da,Parkinson,Algester,Intersection - Interchange,No traffic control,100 - 110 km/h,Sealed - Dry,Daylight,Straight,Veh'S Same Direction: Other,Other,0,1,0,0,1,1,0,1,0,0,0,0
284902,Medical treatment,2015,16,Angle,Multi-Vehicle,152.924276,-27.588205,Wacol Station Rd,Wilruna St,Wacol,Inala,Intersection - T-Junction,Give way sign,60 km/h,Sealed - Dry,Daylight,Straight,Veh'S Adjacent Approach: Thru-Right,Intersection from adjacent approaches,0,0,1,0,1,2,0,0,0,0,0,0
284909,Medical treatment,2015,6,Angle,Multi-Vehicle,153.105836,-27.593184,Millers Rd,Underwood Rd,Eight Mile Plains,Stretton,Intersection - Cross,Operating traffic lights,60 km/h,Sealed - Dry,Daylight,Straight,Veh'S Adjacent Approach: Thru-Thru,Intersection from adjacent approaches,0,0,2,0,2,2,0,0,0,0,0,0
284910,Medical treatment,2015,10,Rear-end,Multi-Vehicle,153.130316,-27.47519,Manly Rd,,Tingalpa,Chatsworth,No Roadway Feature,No traffic control,70 km/h,Sealed - Dry,Daylight,Straight,Veh'S Same Direction: Rear End,Rear-end,0,0,1,0,1,2,0,0,0,0,0,0
284916,Medical treatment,2015,8,Rear-end,Multi-Vehicle,153.179378,-27.512612,New Cleveland Rd,,Chandler,Chatsworth,No Roadway Feature,No traffic control,60 km/h,Sealed - Dry,Daylight,Straight,Veh'S Same Direction: Rear End,Rear-end,0,0,1,0,1,3,0,0,0,0,0,0
284940,Medical treatment,2015,17,Hit pedestrian,Hit pedestrian,153.019494,-27.514075,Fairfield Rd,Hyde Rd,Yeronga,Yeerongpilly,Intersection - T-Junction,Operating traffic lights,60 km/h,Sealed - Dry,Darkness - Lighted,Curved - view open,Ped'N: Near Side Vehicle Hit From Right,Pedestrian,0,0,1,0,1,1,0,0,0,0,1,0
284941,Hospitalisation,2015,21,Hit object,Single Vehicle,153.036711,-27.514687,Gustavson St,Waterton St,Annerley,Yeerongpilly,Intersection - T-Junction,No traffic control,60 km/h,Sealed - Dry,Darkness - Lighted,Straight,Off Path-Straight: Left Off Cway Hit Obj,Off carriageway on straight hit object,0,1,0,0,1,1,0,0,0,0,0,0
284967,Medical treatment,2015,16,Rear-end,Multi-Vehicle,153.051489,-27.610925,Compton Rd,,Sunnybank Hills,Stretton,Intersection - T-Junction,Give way sign,60 km/h,Sealed - Dry,Daylight,Straight,Veh'S Same Direction: Left Rear,Rear-end,0,0,1,0,1,1,0,1,0,0,0,0
284968,Medical treatment,2015,14,Hit pedestrian,Hit pedestrian,153.020248,-27.584608,Watson Rd,,Acacia Ridge,Sunnybank,No Roadway Feature,No traffic control,60 km/h,Sealed - Dry,Daylight,Straight,Ped'N: Near Side Vehicle Hit From Right,Pedestrian,0,0,1,0,1,1,0,0,0,0,1,0
284969,Hospitalisation,2015,13,Rear-end,Multi-Vehicle,153.031223,-27.513323,Ipswich Rd,,Annerley,Yeerongpilly,No Roadway Feature,No traffic control,60 km/h,Sealed - Dry,Daylight,Straight,Veh'S Same Direction: Left Rear,Rear-end,0,1,0,0,1,2,0,0,0,0,0,0
284973,Minor injury,2015,8,Rear-end,Multi-Vehicle,153.04477,-27.532814,Toohey Rd,,Tarragindi,Yeerongpilly,No Roadway Feature,No traffic control,60 km/h,Sealed - Dry,Daylight,Straight,Veh'S Same Direction: Rear End,Rear-end,0,0,0,1,1,3,0,0,0,0,0,0
284974,Hospitalisation,2015,7,Angle,Multi-Vehicle,153.02427,-27.56838899,Boundary Rd,Mt Lindesay Art. Rd,Coopers Plains,Sunnybank,Intersection - Cross,Operating traffic lights,70 km/h,Sealed - Dry,Daylight,Straight,Veh'S Opposite Approach: Thru-Right,Opposing vehicles turning,0,1,0,0,1,2,0,0,0,0,0,0
284975,Fatal,2015,16,Angle,Multi-Vehicle,153.016834,-27.532091,Forest St,Ipswich Rd,Moorooka,Yeerongpilly,Intersection - Cross,No traffic control,,Sealed - Dry,Daylight,Straight,Veh'S Opposite Approach: U-Turn,U-turn,1,0,0,0,1,1,1,0,0,0,0,0
284976,Medical treatment,2015,7,Rear-end,Multi-Vehicle,153.082577,-27.473032,Richmond Rd,,Morningside,Bulimba,No Roadway Feature,No traffic control,60 km/h,Sealed - Dry,Daylight,Straight,Veh'S Same Direction: Rear End,Rear-end,0,0,3,0,3,3,0,0,0,0,0,0
284979,Hospitalisation,2015,6,Hit object,Single Vehicle,153.050693,-27.558757,Griffith Arterial Rd,Troughton Rd,Coopers Plains,Sunnybank,Intersection - Cross,Operating traffic lights,60 km/h,Sealed - Dry,Daylight,Straight,Veh'S Opposite Approach: Head On,Head-on,0,1,1,0,2,2,0,1,0,0,0,0
284980,Medical treatment,2015,16,Rear-end,Multi-Vehicle,153.127488,-27.4746329,Wynnum Rd,,Tingalpa,Chatsworth,No Roadway Feature,No traffic control,60 km/h,Sealed - Dry,Dawn/Dusk,Straight,Veh'S Same Direction: Rear End,Rear-end,0,0,1,0,1,2,0,0,0,0,0,0
285018,Hospitalisation,2015,13,Sideswipe,Multi-Vehicle,152.936283,-27.563646,Bronze St,Spine St,Sumner,Mount Ommaney,Intersection - T-Junction,No traffic control,60 km/h,Sealed - Dry,Daylight,Straight,Veh'S Same Direction: Left Turn S/Swipe,Parallel lanes turning,0,1,0,0,1,1,0,0,0,1,0,0
285022,Medical treatment,2015,15,Hit pedestrian,Hit pedestrian,153.024077,-27.523811,Ipswich Rd,Longueval St,Moorooka,Yeerongpilly,Intersection - Cross,Operating traffic lights,60 km/h,Sealed - Dry,Daylight,Straight,Ped'N: Far Side Vehicle Hit From Left,Pedestrian,0,0,1,0,1,1,0,0,0,0,2,0
285023,Hospitalisation,2015,11,Angle,Multi-Vehicle,153.100907,-27.599383,Grandview St,Stiller Dr,Kuraby,Stretton,Intersection - T-Junction,Stop sign,0 - 50 km/h,Sealed - Dry,Daylight,Straight,Veh'S Adjacent Approach: Left-Right,Intersection from adjacent approaches,0,1,0,0,1,1,1,0,0,0,0,0
285027,Medical treatment,2015,18,Hit object,Single Vehicle,153.172089,-27.497205,New Cleveland Rd,,Gumdale,Chatsworth,No Roadway Feature,No traffic control,60 km/h,Sealed - Dry,Darkness - Not lighted,Straight,Off Path-Straight: Left Off Cway Hit Obj,Off carriageway on straight hit object,0,0,1,0,1,1,0,0,0,0,0,0
285051,Medical treatment,2015,9,Angle,Multi-Vehicle,153.040956,-27.649076,Logan Mwy,Mt Lindesay Art. Rd,Parkinson,Algester,Intersection - Interchange,No traffic control,80 - 90 km/h,Sealed - Dry,Daylight,Straight,Veh'S Same Direction: Other,Other,0,0,2,0,2,2,0,0,0,0,0,0
285052,Medical treatment,2015,15,Rear-end,Multi-Vehicle,153.047578,-27.647461,Logan Mwy,,Drewvale,Stretton,Intersection - Interchange,No traffic control,80 - 90 km/h,Sealed - Dry,Daylight,Curved - view open,Veh'S Same Direction: Left Rear,Rear-end,0,0,2,0,2,2,0,0,0,0,0,0
285053,Fatal,2015,11,Head-on,Multi-Vehicle,153.012529,-27.580743,Beatty Rd,,Acacia Ridge,Sunnybank,No Roadway Feature,No traffic control,60 km/h,Sealed - Dry,Daylight,Straight,Veh'S Opposite Approach: Head On,Head-on,1,1,0,0,2,2,0,0,0,0,0,0
285054,Medical treatment,2015,10,Angle,Multi-Vehicle,153.032721,-27.510041,Annerley Rd,Ipswich Rd,Annerley,Yeerongpilly,Intersection - T-Junction,Operating traffic lights,60 km/h,Sealed - Dry,Daylight,Straight,Veh'S Adjacent Approach: Right-Thru,Intersection from adjacent approaches,0,0,1,0,1,2,0,0,0,0,0,0
285055,Medical treatment,2015,7,Angle,Multi-Vehicle,153.080756,-27.487126,Stanley Rd,Tranters Ave,Camp Hill,Chatsworth,Intersection - T-Junction,No traffic control,60 km/h,Sealed - Dry,Daylight,Straight,Veh'S Manoeuvring: Entering From Footway,Vehicle leaving driveway,0,0,1,0,1,1,0,0,0,1,0,0
285058,Medical treatment,2015,16,Angle,Multi-Vehicle,153.02427,-27.568389,Boundary Rd,Mt Lindesay Art. Rd,Coopers Plains,Sunnybank,Intersection - Cross,Operating traffic lights,70 km/h,Sealed - Dry,Daylight,Straight,Veh'S Opposite Approach: Thru-Right,Opposing vehicles turning,0,0,2,1,3,2,0,0,0,0,0,0
285059,Medical treatment,2015,8,Hit pedestrian,Hit pedestrian,153.032451,-27.48615,Stanley St,,Woolloongabba,South Brisbane,Intersection - T-Junction,Give way sign,60 km/h,Sealed - Dry,Daylight,Curved - view open,Ped'N: Far Side Vehicle Hit From Left,Pedestrian,0,0,1,0,1,1,0,0,0,0,1,0
285060,Hospitalisation,2015,8,Hit pedestrian,Hit pedestrian,153.037263,-27.490171,Balaclava St,,Woolloongabba,South Brisbane,No Roadway Feature,No traffic control,60 km/h,Sealed - Dry,Daylight,Straight,Ped'N: Far Side Vehicle Hit From Left,Pedestrian,0,1,0,0,1,1,0,0,0,0,1,0
285093,Medical treatment,2015,11,Angle,Multi-Vehicle,153.047293,-27.61954865,Ormskirk St,Perkins St,Calamvale,Stretton,Intersection - T-Junction,Give way sign,60 km/h,Sealed - Dry,Daylight,Straight,Veh'S Adjacent Approach: Thru-Right,Intersection from adjacent approaches,0,0,1,0,1,2,0,0,0,0,0,0
285094,Medical treatment,2015,14,Rear-end,Multi-Vehicle,153.024887,-27.508059,Brougham St,Fairfield Rd,Fairfield,Yeerongpilly,Intersection - Cross,Operating traffic lights,60 km/h,Sealed - Dry,Daylight,Straight,Veh'S Same Direction: Rear End,Rear-end,0,0,1,0,1,1,0,1,0,0,0,0
285095,Medical treatment,2015,12,Angle,Multi-Vehicle,153.10202,-27.491424,Creek Rd,Meadowlands Rd,Carina,Bulimba,Intersection - T-Junction,Operating traffic lights,60 km/h,Sealed - Dry,Daylight,Straight,Veh'S Opposite Approach: Thru-Right,Opposing vehicles turning,0,0,1,0,1,2,0,0,0,0,0,0
285097,Medical treatment,2015,20,Angle,Multi-Vehicle,153.059061,-27.534495,Gaza Rd,Messines Ridge Rd,Holland Park West,Greenslopes,Intersection - Interchange,Operating traffic lights,60 km/h,Sealed - Dry,Darkness - Lighted,Straight,Veh'S Opposite Approach: Thru-Right,Opposing vehicles turning,0,0,1,0,1,2,0,0,0,0,0,0
285098,Medical treatment,2015,5,Angle,Multi-Vehicle,152.979746,-27.566127,Blunder Rd,Ipswich Mwy,Oxley,Mount Ommaney,Intersection - Roundabout,Give way sign,60 km/h,Sealed - Dry,Darkness - Not lighted,Straight,Veh'S Adjacent Approach: Thru-Right,Intersection from adjacent approaches,0,0,1,0,1,1,0,0,0,1,0,0
285099,Hospitalisation,2015,18,Hit pedestrian,Hit pedestrian,152.979364,-27.520825,Oxley Rd,Verney Rd E,Graceville,Indooroopilly,Intersection - Cross,No traffic control,60 km/h,Sealed - Dry,Darkness - Lighted,Straight,Ped'N: Near Side Vehicle Hit From Right,Pedestrian,0,1,0,0,1,1,0,0,0,0,1,0
285100,Medical treatment,2015,20,Hit pedestrian,Hit pedestrian,153.04967,-27.564726,Musgrave Rd,Troughton Rd,Coopers Plains,Sunnybank,Intersection - T-Junction,Pedestrian operated lights,60 km/h,Sealed - Dry,Darkness - Lighted,Straight,Ped'N: Far Side Vehicle Hit From Left,Pedestrian,0,0,1,0,1,1,0,0,0,0,1,0
285101,Minor injury,2015,12,Rear-end,Multi-Vehicle,153.0195642,-27.49118855,Gladstone Rd,,Highgate Hill,South Brisbane,No Roadway Feature,No traffic control,60 km/h,Sealed - Dry,Daylight,Straight,Veh'S Same Direction: Rear End,Rear-end,0,0,0,1,1,3,0,0,0,0,0,0
285102,Medical treatment,2015,5,Sideswipe,Multi-Vehicle,153.119011,-27.482223,Gateway Arterial Rd,,Tingalpa,Chatsworth,No Roadway Feature,No traffic control,100 - 110 km/h,Sealed - Dry,Dawn/Dusk,Straight,Veh'S Same Direction: Lane Change Left,Lane changes,0,0,1,0,1,1,0,1,0,0,0,0
285135,Hospitalisation,2015,13,Angle,Multi-Vehicle,152.93484,-27.559232,Brownie St,Dandenong Rd,Jamboree Heights,Mount Ommaney,Intersection - T-Junction,Give way sign,60 km/h,Sealed - Dry,Daylight,Straight,Veh'S Adjacent Approach: Right-Thru,Intersection from adjacent approaches,0,1,0,0,1,1,1,0,0,0,0,0
285136,Medical treatment,2015,7,Rear-end,Multi-Vehicle,152.938967,-27.546873,Dandenong Rd,,Mount Ommaney,Mount Ommaney,No Roadway Feature,No traffic control,60 km/h,Sealed - Dry,Daylight,Straight,Veh'S Same Direction: Right Rear,Rear-end,0,0,2,0,2,2,0,0,0,0,0,0
285137,Medical treatment,2015,17,Angle,Multi-Vehicle,153.020782,-27.51356,Arras St,Fairfield Rd,Yeronga,Yeerongpilly,Intersection - T-Junction,No traffic control,0 - 50 km/h,Sealed - Dry,Daylight,Straight,Veh'S Adjacent Approach: Thru-Right,Intersection from adjacent approaches,0,0,1,0,1,2,0,0,0,0,0,0
285139,Medical treatment,2015,11,Rear-end,Multi-Vehicle,153.02101,-27.558634,Griffith Arterial Rd,Mt Lindesay Art. Rd,Coopers Plains,Sunnybank,Intersection - Cross,Operating traffic lights,70 km/h,Sealed - Dry,Daylight,Straight,Veh'S Same Direction: Right Rear,Rear-end,0,0,1,0,1,1,0,1,0,0,0,0
285140,Minor injury,2015,20,Angle,Multi-Vehicle,153.068705,-27.470627,Jack Flynn Memorial Dr,Wynnum Rd,Morningside,Bulimba,Intersection - T-Junction,Operating traffic lights,60 km/h,Sealed - Dry,Darkness - Lighted,Curved - view open,Veh'S Opposite Approach: Thru-Right,Opposing vehicles turning,0,0,0,4,4,2,0,0,0,0,0,0
285141,Hospitalisation,2015,18,Hit pedestrian,Hit pedestrian,153.052322,-27.570247,Mccullough St,Romulus St,Sunnybank,Sunnybank,Intersection - T-Junction,No traffic control,60 km/h,Sealed - Dry,Darkness - Lighted,Straight,Ped'N: Far Side Vehicle Hit From Left,Pedestrian,0,1,0,0,1,1,0,0,0,0,1,0
285142,Hospitalisation,2015,8,Hit object,Single Vehicle,153.127997,-27.565477,Rochedale Rd,,Rochedale,Mansfield,No Roadway Feature,No traffic control,70 km/h,Sealed - Dry,Daylight,Straight,Off Path-Straight:Right Off Cway Hit Obj,Off carriageway on straight hit object,0,1,0,0,1,1,0,0,0,0,0,0
285143,Minor injury,2015,15,Rear-end,Multi-Vehicle,153.10653,-27.586698,South East Arterial Rd,,Eight Mile Plains,Stretton,No Roadway Feature,No traffic control,100 - 110 km/h,Sealed - Dry,Daylight,Straight,Veh'S Same Direction: Rear End,Rear-end,0,0,0,1,1,3,0,0,0,0,0,0
285144,Hospitalisation,2015,17,Hit pedestrian,Hit pedestrian,153.178214,-27.457624,Ernest St,Manly Rd,Manly,Lytton,Intersection - Roundabout,Give way sign,60 km/h,Sealed - Dry,Dawn/Dusk,Straight,Ped'N: Near Side Vehicle Hit From Right,Pedestrian,0,1,0,0,1,1,0,0,0,0,1,0
285145,Medical treatment,2015,21,Hit object,Single Vehicle,153.1540464,-27.43652688,Sandy Camp Rd,,Wynnum,Lytton,No Roadway Feature,No traffic control,60 km/h,Sealed - Dry,Darkness - Lighted,Curved - view open,Off Path-Curve: Off Cway Rt Bend Hit Obj,Off carriageway on curve hit object,0,0,1,0,1,1,0,0,0,0,0,0
285183,Hospitalisation,2015,12,Angle,Multi-Vehicle,153.059286,-27.494574,Cavendish Rd,Old Cleveland Rd,Coorparoo,Greenslopes,Intersection - Cross,Operating traffic lights,60 km/h,Sealed - Dry,Daylight,Straight,Veh'S Manoeuvring: Entering From Footway,Vehicle leaving driveway,0,1,0,0,1,1,0,0,0,1,0,0
285186,Hospitalisation,2015,21,Sideswipe,Multi-Vehicle,153.037224,-27.475255,O'Connell St,Shafston Ave,Kangaroo Point,South Brisbane,Intersection - T-Junction,Operating traffic lights,60 km/h,Sealed - Dry,Darkness - Lighted,Straight,Veh'S Same Direction: Lane Change Left,Lane changes,0,1,0,0,1,1,1,0,0,0,0,0
285212,Hospitalisation,2015,20,Hit pedestrian,Hit pedestrian,152.944141,-27.572254,Cunningham Arterial Rd,,Darra,Inala,Intersection - Interchange,No traffic control,100 - 110 km/h,Sealed - Dry,Darkness - Lighted,Curved - view open,Ped'N: Near Side Vehicle Hit From Right,Pedestrian,0,1,0,0,1,1,0,0,0,0,1,0
285214,Hospitalisation,2015,19,Angle,Multi-Vehicle,152.958179,-27.585118,Archerfield Rd,Brentford Rd,Richlands,Inala,Intersection - T-Junction,No traffic control,0 - 50 km/h,Sealed - Dry,Darkness - Lighted,Straight,Veh'S Opposite Approach: Thru-Right,Opposing vehicles turning,0,1,0,0,1,1,1,0,0,0,0,0
285216,Hospitalisation,2015,7,Hit parked vehicle,Single Vehicle,152.978216,-27.563198,Price St,,Oxley,Mount Ommaney,No Roadway Feature,No traffic control,0 - 50 km/h,Sealed - Dry,Daylight,Straight,Veh'S On Path: Parked,Hit parked vehicle,0,1,0,0,1,2,0,0,0,0,0,0
285242,Medical treatment,2015,14,Rear-end,Multi-Vehicle,153.047643,-27.647459,Logan Mwy,,Drewvale,Stretton,No Roadway Feature,No traffic control,100 - 110 km/h,Sealed - Dry,Daylight,Straight,Veh'S Same Direction: Rear End,Rear-end,0,0,1,0,1,3,0,0,0,0,0,0
285244,Hospitalisation,2015,11,Rear-end,Multi-Vehicle,153.030855,-27.513882,Ipswich Rd,Venner Rd,Annerley,Yeerongpilly,Intersection - Cross,Operating traffic lights,60 km/h,Sealed - Dry,Daylight,Straight,Veh'S Same Direction: Rear End,Rear-end,0,1,0,0,1,1,1,0,0,0,0,0
285247,Medical treatment,2015,15,Rear-end,Multi-Vehicle,153.072781,-27.515343,Cavendish Rd,,Holland Park,Greenslopes,No Roadway Feature,No traffic control,60 km/h,Sealed - Dry,Daylight,Straight,Veh'S Same Direction: Rear End,Rear-end,0,0,1,0,1,2,0,0,0,0,0,0
285248,Medical treatment,2015,14,Hit object,Single Vehicle,152.945591,-27.628861,Logan Mwy,,Forest Lake,Inala,No Roadway Feature,No traffic control,100 - 110 km/h,Sealed - Dry,Daylight,Curved - view open,Off Path-Curve: Off Cway Lt Bend Hit Obj,Off carriageway on curve hit object,0,0,1,0,1,1,0,0,0,0,0,0