Crash_Ref_Number,Severity,Year,Hour,Crash_Nature,Crash_Type,Longitude,Latitude,Street,Street_Intersecting,Suburb,Loc_State_Electorate,Crash_Roadway_Feature,Crash_Traffic_Control,Crash_Speed_Limit,Crash_Road_Surface_Condition,Crash_Lighting_Condition,Crash_Road_Horiz_Align,Crash_DCA_Description,Crash_DCA_Group_Description,Count_Casualty_Fatality,Count_Casualty_Hospitalised,Count_Casualty_MedicallyTreated,Count_Casualty_MinorInjury,Count_Casualty_Total,Count_Unit_Car,Count_Unit_Motorcycle_Moped,Count_Unit_Truck,Count_Unit_Bus,Count_Unit_Bicycle,Count_Unit_Pedestrian,Count_Unit_Other
285250,Hospitalisation,2015,15,Angle,Multi-Vehicle,153.059585,-27.482582,Canara St,Hope St,Norman Park,Bulimba,Intersection - T-Junction,No traffic control,60 km/h,Sealed - Dry,Daylight,Straight,Veh'S Same Direction: Left Turn S/Swipe,Parallel lanes turning,0,1,0,0,1,1,1,0,0,0,0,0
285273,Minor injury,2015,8,Angle,Multi-Vehicle,153.057717,-27.528622,Bapaume Rd,Sterculia Ave,Holland Park West,Greenslopes,Intersection - Cross,Operating traffic lights,60 km/h,Sealed - Dry,Daylight,Curved - view open,Veh'S Adjacent Approach: Thru-Thru,Intersection from adjacent approaches,0,0,0,2,2,2,0,0,0,0,0,0
285274,Minor injury,2015,9,Angle,Multi-Vehicle,153.086515,-27.458097,Junction Rd,,Cannon Hill,Bulimba,No Roadway Feature,No traffic control,60 km/h,Sealed - Dry,Daylight,Straight,Veh'S Same Direction: Left Rear,Rear-end,0,0,0,1,1,1,0,1,0,0,0,0
285275,Medical treatment,2015,13,Angle,Multi-Vehicle,153.090732,-27.468763,Keats St,Wynnum Rd,Cannon Hill,Bulimba,Intersection - T-Junction,No traffic control,60 km/h,Sealed - Dry,Daylight,Straight,Veh'S Manoeuvring: Entering From Footway,Vehicle leaving driveway,0,0,1,0,1,1,1,0,0,0,0,0
285278,Medical treatment,2015,8,Rear-end,Multi-Vehicle,153.117688,-27.545447,Gateway Art Rd Ramp Xi,,Rochedale,Mansfield,Intersection - Interchange,Give way sign,80 - 90 km/h,Sealed - Dry,Daylight,Straight,Veh'S Same Direction: Left Rear,Rear-end,0,0,1,0,1,2,0,0,0,0,0,0
285279,Medical treatment,2015,8,Rear-end,Multi-Vehicle,153.040101,-27.485053,Vulture St,Wellington Rd,East Brisbane,South Brisbane,Intersection - T-Junction,Give way sign,60 km/h,Sealed - Dry,Daylight,Straight,Veh'S Same Direction: Left Rear,Rear-end,0,0,1,0,1,1,0,1,0,0,0,0
285280,Hospitalisation,2015,17,Hit object,Single Vehicle,153.127736,-27.455627,Flinders Wy,Oberon Esp,Hemmant,Lytton,Intersection - Roundabout,Give way sign,0 - 50 km/h,Sealed - Dry,Daylight,Straight,Off Path-Straight: Left Off Cway Hit Obj,Off carriageway on straight hit object,0,1,0,0,1,3,0,0,0,0,0,0
285281,Hospitalisation,2015,16,Rear-end,Multi-Vehicle,153.166081,-27.433635,Tingal Rd,,Wynnum,Lytton,No Roadway Feature,Operating traffic lights,60 km/h,Sealed - Dry,Daylight,Straight,Veh'S Same Direction: Rear End,Rear-end,0,1,0,0,1,1,1,0,0,0,0,0
285322,Minor injury,2015,12,Angle,Multi-Vehicle,152.9799458,-27.56660565,Blunder Rd,Oxley Rd,Oxley,Inala,Intersection - Interchange,Give way sign,0 - 50 km/h,Sealed - Dry,Daylight,Straight,Veh'S Opposite Approach: Thru-Right,Opposing vehicles turning,0,0,0,1,1,2,0,0,0,0,0,0
285323,Medical treatment,2015,20,Fall from vehicle,Single Vehicle,153.038819,-27.581168,Bradman St,Goman St,Acacia Ridge,Sunnybank,Intersection - T-Junction,Give way sign,0 - 50 km/h,Sealed - Dry,Darkness - Lighted,Straight,Pass & Misc: Fell In/From Vehicle,Other,0,0,1,0,1,0,1,0,0,0,0,0
285324,Medical treatment,2015,23,Hit object,Single Vehicle,153.065813,-27.562827,Mains Rd,,Macgregor,Sunnybank,No Roadway Feature,No traffic control,60 km/h,Sealed - Dry,Darkness - Lighted,Straight,Off Path-Straight: Left Off Cway Hit Obj,Off carriageway on straight hit object,0,0,1,0,1,1,0,0,0,0,0,0
285325,Medical treatment,2015,5,Angle,Multi-Vehicle,153.040204,-27.48520914,Vulture St,Wellington Rd,East Brisbane,South Brisbane,Intersection - Cross,Operating traffic lights,60 km/h,Sealed - Dry,Darkness - Lighted,Straight,Veh'S Adjacent Approach: Thru-Thru,Intersection from adjacent approaches,0,0,1,0,1,3,0,0,0,0,0,0
285326,Minor injury,2015,16,Angle,Multi-Vehicle,153.037131,-27.486707,Jurgens St,Stanley St,Woolloongabba,South Brisbane,Intersection - T-Junction,Operating traffic lights,60 km/h,Sealed - Dry,Daylight,Straight,Veh'S Opposite Approach: Thru-Right,Opposing vehicles turning,0,0,0,1,1,1,0,0,1,0,0,0
285331,Minor injury,2015,15,Rear-end,Multi-Vehicle,153.181477,-27.51546,Cleveland Sub-Arterial Rd,,Chandler,Chatsworth,No Roadway Feature,No traffic control,70 km/h,Sealed - Wet,Daylight,Straight,Veh'S Same Direction: Right Rear,Rear-end,0,0,0,2,2,5,0,0,0,0,0,0
285351,Medical treatment,2015,20,Rear-end,Multi-Vehicle,152.934609,-27.558852,Dandenong Rd,Pennant St,Jamboree Heights,Mount Ommaney,Intersection - T-Junction,No traffic control,60 km/h,Sealed - Dry,Darkness - Lighted,Straight,Veh'S Same Direction: Rear End,Rear-end,0,0,1,0,1,2,0,0,0,0,0,0
285352,Hospitalisation,2015,8,Rear-end,Multi-Vehicle,153.01915,-27.567613,Boniface St,Boundary Rd,Archerfield,Sunnybank,Intersection - Cross,Operating traffic lights,60 km/h,Sealed - Dry,Daylight,Straight,Veh'S Same Direction: Rear End,Rear-end,0,1,0,0,1,1,0,1,0,0,0,0
285353,Hospitalisation,2015,17,Rear-end,Multi-Vehicle,153.1131306,-27.50183967,Old Cleveland Rd,,Carindale,Chatsworth,No Roadway Feature,No traffic control,70 km/h,Sealed - Dry,Darkness - Lighted,Straight,Veh'S Same Direction: Rear End,Rear-end,0,1,1,0,2,4,0,0,0,0,0,0
285357,Medical treatment,2015,15,Rear-end,Multi-Vehicle,153.093075,-27.539795,Fairland St,Newnham Rd,Mount Gravatt East,Mansfield,Intersection - T-Junction,No traffic control,60 km/h,Sealed - Dry,Daylight,Straight,Veh'S Same Direction: Right Rear,Rear-end,0,0,1,0,1,2,0,0,0,0,0,0
285358,Hospitalisation,2015,7,Angle,Multi-Vehicle,152.966136,-27.589284,Buddleia St,Eugenia St,Inala,Inala,Intersection - Cross,Give way sign,0 - 50 km/h,Sealed - Dry,Daylight,Straight,Veh'S Adjacent Approach: Thru-Thru,Intersection from adjacent approaches,0,1,0,0,1,1,0,1,0,0,0,0
285359,Hospitalisation,2015,21,Hit object,Single Vehicle,153.0002514,-27.58567876,Bowhill Rd,,Willawong,Sunnybank,No Roadway Feature,No traffic control,60 km/h,Sealed - Dry,Darkness - Not lighted,Curved - view open,Off Path-Curve: Off Cway Lt Bend Hit Obj,Off carriageway on curve hit object,0,1,0,0,1,1,0,0,0,0,0,0
285361,Medical treatment,2015,14,Rear-end,Multi-Vehicle,153.0303298,-27.4837212,Vulture St,,South Brisbane,South Brisbane,No Roadway Feature,No traffic control,60 km/h,Sealed - Dry,Daylight,Straight,Veh'S Same Direction: Rear End,Rear-end,0,0,2,0,2,2,0,0,0,0,0,0
285385,Hospitalisation,2015,22,Angle,Multi-Vehicle,153.050109,-27.619909,Mt Lindesay Art. Rd,Ormskirk St,Calamvale,Stretton,Intersection - T-Junction,Operating traffic lights,80 - 90 km/h,Sealed - Dry,Darkness - Lighted,Straight,Veh'S Opposite Approach: Thru-Right,Opposing vehicles turning,0,2,0,0,2,2,0,0,0,0,0,0
285391,Medical treatment,2015,8,Rear-end,Multi-Vehicle,153.063013,-27.534807,Nursery Rd,,Holland Park West,Greenslopes,No Roadway Feature,No traffic control,60 km/h,Sealed - Dry,Daylight,Curved - view open,Veh'S Same Direction: Rear End,Rear-end,0,0,1,0,1,2,0,0,0,0,0,0
285392,Medical treatment,2015,8,Hit object,Single Vehicle,152.969797,-27.579134,Freeman Rd,,Inala,Inala,No Roadway Feature,No traffic control,60 km/h,Sealed - Dry,Daylight,Straight,Off Path-Straight: Left Off Cway Hit Obj,Off carriageway on straight hit object,0,0,1,0,1,1,0,0,0,0,0,0
285393,Medical treatment,2015,22,Angle,Multi-Vehicle,153.011611,-27.541427,Fairfield Rd,Sherwood Rd,Rocklea,Yeerongpilly,Intersection - Cross,Operating traffic lights,60 km/h,Sealed - Dry,Darkness - Lighted,Straight,Veh'S Adjacent Approach: Thru-Thru,Intersection from adjacent approaches,0,0,2,0,2,2,0,0,0,0,0,0
285394,Hospitalisation,2015,8,Hit pedestrian,Hit pedestrian,153.017835,-27.558044,Griffith Arterial Rd,Short St,Rocklea,Yeerongpilly,Intersection - T-Junction,No traffic control,60 km/h,Sealed - Dry,Daylight,Straight,Ped'N: Hit Other,Other,0,1,0,0,1,1,0,0,0,0,1,0
285395,Hospitalisation,2015,16,Angle,Multi-Vehicle,153.065889,-27.477843,Bennetts Rd,,Norman Park,Bulimba,Intersection - T-Junction,Stop sign,60 km/h,Sealed - Dry,Daylight,Curved - view obscured,Veh'S Manoeuvring: Entering From Footway,Vehicle leaving driveway,0,1,0,0,1,1,0,0,0,1,0,0
285397,Hospitalisation,2015,10,Angle,Multi-Vehicle,152.981606,-27.539819,Nelson St,Oxley Rd,Corinda,Mount Ommaney,Intersection - Cross,Operating traffic lights,60 km/h,Sealed - Dry,Daylight,Straight,Veh'S Opposite Approach: Thru-Right,Opposing vehicles turning,0,1,0,0,1,1,1,0,0,0,0,0
285425,Medical treatment,2015,18,Angle,Multi-Vehicle,153.072761,-27.515036,Boundary Rd,Cavendish Rd,Holland Park,Greenslopes,Intersection - Cross,Operating traffic lights,60 km/h,Sealed - Dry,Darkness - Lighted,Straight,Veh'S Adjacent Approach: Thru-Thru,Intersection from adjacent approaches,0,0,1,0,1,2,0,0,0,0,0,0
285426,Minor injury,2015,9,Angle,Multi-Vehicle,152.973134,-27.596816,Inala Ave,Kittyhawk Ave,Inala,Inala,Intersection - T-Junction,Give way sign,60 km/h,Sealed - Dry,Daylight,Straight,Veh'S Adjacent Approach: Thru-Right,Intersection from adjacent approaches,0,0,0,1,1,2,0,0,0,0,0,0
285456,Hospitalisation,2015,10,Angle,Multi-Vehicle,153.021001,-27.558606,Beaudesert Rd,Mt Lindesay Art. Rd,Coopers Plains,Sunnybank,Intersection - Cross,Operating traffic lights,60 km/h,Sealed - Dry,Daylight,Straight,Veh'S Opposite Approach: Thru-Right,Opposing vehicles turning,0,5,0,0,5,2,0,0,0,0,0,0
285457,Hospitalisation,2015,23,Hit parked vehicle,Single Vehicle,153.178138,-27.450367,Carlton Tce,,Wynnum,Lytton,No Roadway Feature,No traffic control,0 - 50 km/h,Sealed - Dry,Darkness - Lighted,Straight,Veh'S Opposite Approach: Other,Other,0,1,0,0,1,2,0,0,0,0,0,0
285521,Medical treatment,2015,7,Rear-end,Multi-Vehicle,152.93652,-27.54831,Arrabri Ave,Dandenong Rd,Mount Ommaney,Mount Ommaney,Intersection - T-Junction,Give way sign,60 km/h,Sealed - Dry,Daylight,Curved - view open,Veh'S Same Direction: Left Rear,Rear-end,0,0,1,0,1,2,0,0,0,0,0,0
285522,Medical treatment,2015,17,Rear-end,Multi-Vehicle,152.940783,-27.547242,Western Arterial Rd,,Mount Ommaney,Mount Ommaney,No Roadway Feature,No traffic control,60 km/h,Sealed - Dry,Daylight,Curved - view open,Veh'S Same Direction: Rear End,Rear-end,0,0,1,0,1,2,0,0,0,0,0,0
285523,Minor injury,2015,9,Rear-end,Multi-Vehicle,153.039965,-27.599032,Hellawell Rd,Mt Lindesay Art. Rd,Sunnybank Hills,Sunnybank,Intersection - T-Junction,No traffic control,60 km/h,Sealed - Dry,Daylight,Straight,Veh'S Same Direction: Left Rear,Rear-end,0,0,0,2,2,2,0,0,0,0,0,0
285524,Medical treatment,2015,14,Rear-end,Multi-Vehicle,153.024856,-27.572415,Mt Lindesay Art. Rd,,Acacia Ridge,Sunnybank,No Roadway Feature,No traffic control,70 km/h,Sealed - Dry,Daylight,Straight,Veh'S Same Direction: Rear End,Rear-end,0,0,4,1,5,5,0,1,0,0,0,0
285525,Hospitalisation,2015,12,Rear-end,Multi-Vehicle,153.034367,-27.507088,Ipswich Rd,,Annerley,South Brisbane,No Roadway Feature,No traffic control,0 - 50 km/h,Sealed - Dry,Daylight,Straight,Veh'S Same Direction: Rear End,Rear-end,0,1,2,0,3,3,0,1,0,0,0,0
285526,Medical treatment,2015,10,Angle,Multi-Vehicle,153.03428,-27.504587,Ipswich Rd,Torrens St,Annerley,South Brisbane,Intersection - T-Junction,Operating traffic lights,60 km/h,Sealed - Dry,Daylight,Straight,Veh'S Opposite Approach: Thru-Right,Opposing vehicles turning,0,0,3,0,3,2,0,0,0,0,0,0
285528,Medical treatment,2015,15,Rear-end,Multi-Vehicle,153.06138,-27.522187,Marshall Rd,,Holland Park West,Greenslopes,No Roadway Feature,No traffic control,60 km/h,Sealed - Dry,Daylight,Straight,Veh'S Same Direction: Rear End,Rear-end,0,0,1,0,1,4,0,0,0,0,0,0
285529,Medical treatment,2015,11,Rear-end,Multi-Vehicle,153.076109,-27.466962,Moore St,Wynnum Rd,Morningside,Bulimba,Intersection - T-Junction,No traffic control,60 km/h,Sealed - Dry,Daylight,Curved - view open,Veh'S Same Direction: Right Rear,Rear-end,0,0,1,0,1,2,0,0,0,0,0,0
285531,Hospitalisation,2015,18,Hit pedestrian,Hit pedestrian,153.056816,-27.55313355,Ring Rd,,Nathan,Yeerongpilly,No Roadway Feature,Pedestrian crossing sign,0 - 50 km/h,Sealed - Dry,Darkness - Lighted,Curved - view open,Ped'N: Far Side Vehicle Hit From Left,Pedestrian,0,1,0,0,1,1,0,0,0,0,1,0
285532,Medical treatment,2015,8,Rear-end,Multi-Vehicle,153.0395783,-27.50141492,South East Arterial Rd,,Woolloongabba,South Brisbane,No Roadway Feature,No traffic control,80 - 90 km/h,Sealed - Dry,Daylight,Straight,Veh'S Same Direction: Rear End,Rear-end,0,0,1,0,1,3,0,0,0,0,0,0
285533,Hospitalisation,2015,15,Angle,Multi-Vehicle,153.157342,-27.44739,Alex St,Wynnum Rd,Wynnum West,Lytton,Intersection - T-Junction,Give way sign,60 km/h,Sealed - Dry,Daylight,Curved - view obscured,Veh'S Adjacent Approach: Thru-Right,Intersection from adjacent approaches,0,1,0,0,1,2,0,0,0,0,0,0
285534,Hospitalisation,2015,21,Angle,Multi-Vehicle,153.158682,-27.441106,Sibley Rd,Wynnum Rd,Wynnum,Lytton,Intersection - Cross,Give way sign,60 km/h,Sealed - Dry,Darkness - Lighted,Curved - view open,Veh'S Adjacent Approach: Thru-Thru,Intersection from adjacent approaches,0,1,0,1,2,1,1,0,0,0,0,0
285559,Hospitalisation,2015,6,Angle,Multi-Vehicle,153.0413027,-27.64828732,Mt Lindesay Art. Rd,,Drewvale,Stretton,Intersection - Interchange,Stop sign,80 - 90 km/h,Sealed - Dry,Daylight,Straight,Veh'S Opposite Approach: Thru-Right,Opposing vehicles turning,0,1,1,0,2,2,0,0,0,0,0,0
285591,Hospitalisation,2015,4,Angle,Multi-Vehicle,152.998766,-27.564619,Randolph St,,Rocklea,Sunnybank,No Roadway Feature,No traffic control,60 km/h,Sealed - Dry,Darkness - Lighted,Straight,Veh'S Same Direction: Right Turn S/Swipe,Parallel lanes turning,0,1,0,0,1,2,1,0,0,0,0,0
285593,Medical treatment,2015,21,Rear-end,Multi-Vehicle,153.01735,-27.472564,Grey St,,South Brisbane,South Brisbane,No Roadway Feature,No traffic control,60 km/h,Sealed - Dry,Darkness - Lighted,Straight,Veh'S Same Direction: Rear End,Rear-end,0,0,1,0,1,2,0,0,0,0,0,0
285622,Minor injury,2015,22,Rear-end,Multi-Vehicle,153.036928,-27.645718,Logan Mwy,,Parkinson,Algester,No Roadway Feature,No traffic control,100 - 110 km/h,Sealed - Wet,Darkness - Lighted,Straight,Veh'S Same Direction: Rear End,Rear-end,0,0,0,1,1,1,0,1,0,0,0,0
285629,Hospitalisation,2015,15,Angle,Multi-Vehicle,153.040348,-27.558825,Griffith Arterial Rd,Orange Grove Rd,Salisbury,Yeerongpilly,Intersection - Cross,Operating traffic lights,60 km/h,Sealed - Wet,Daylight,Straight,Veh'S Opposite Approach: Thru-Right,Opposing vehicles turning,0,1,0,1,2,2,0,0,0,0,0,0
285630,Medical treatment,2015,17,Rear-end,Multi-Vehicle,153.1517612,-27.43623455,Sandy Camp Rd,,Lytton,Lytton,No Roadway Feature,No traffic control,60 km/h,Sealed - Wet,Darkness - Lighted,Straight,Veh'S Same Direction: Rear End,Rear-end,0,0,1,0,1,3,0,0,0,0,0,0
285644,Hospitalisation,2015,7,Angle,Multi-Vehicle,153.180864,-27.486604,Chelsea Rd,Rickertt Rd,Ransome,Chatsworth,Intersection - Cross,Stop sign,80 - 90 km/h,Sealed - Wet,Daylight,Straight,Veh'S Adjacent Approach: Thru-Right,Intersection from adjacent approaches,0,1,0,0,1,1,1,0,0,0,0,0
285674,Hospitalisation,2015,18,Angle,Multi-Vehicle,152.926012,-27.562342,Brumby Crct,Sumners Rd,Sumner,Mount Ommaney,Intersection - T-Junction,Stop sign,60 km/h,Sealed - Wet,Darkness - Lighted,Straight,Veh'S Adjacant Approach: Thru-Left,Intersection from adjacent approaches,0,1,1,0,2,2,0,0,0,0,0,0
285678,Medical treatment,2015,15,Angle,Multi-Vehicle,152.974867,-27.582381,Japonica St,Rosemary St,Inala,Inala,Intersection - T-Junction,No traffic control,60 km/h,Sealed - Dry,Daylight,Straight,Veh'S Opposite Approach: U-Turn,U-turn,0,0,1,0,1,2,0,0,0,0,0,0
285680,Hospitalisation,2015,12,Rear-end,Multi-Vehicle,153.085827,-27.467871,Wynnum Rd,,Cannon Hill,Bulimba,No Roadway Feature,No traffic control,60 km/h,Unsealed - Dry,Daylight,Straight,Veh'S Same Direction: Rear End,Rear-end,0,2,0,0,2,3,0,0,0,0,0,0
285681,Hospitalisation,2015,22,Sideswipe,Multi-Vehicle,153.041366,-27.478932,Lytton Rd,Wellington Rd,East Brisbane,South Brisbane,Intersection - Cross,Operating traffic lights,60 km/h,Sealed - Dry,Darkness - Lighted,Curved - view open,Veh'S Same Direction: Right Turn S/Swipe,Parallel lanes turning,0,1,0,0,1,1,1,0,0,0,0,0
285684,Hospitalisation,2015,14,Angle,Multi-Vehicle,153.138728,-27.500139,London Rd,Stanbrough Rd,Belmont,Chatsworth,Intersection - Cross,Stop sign,60 km/h,Sealed - Dry,Daylight,Straight,Veh'S Adjacent Approach: Thru-Thru,Intersection from adjacent approaches,0,7,0,1,8,3,0,0,0,0,0,0
285700,Hospitalisation,2015,14,Rear-end,Multi-Vehicle,152.945735,-27.534163,Seventeen Mile Rocks Rd,Western Arterial Rd,Jindalee,Mount Ommaney,Intersection - Interchange,Give way sign,60 km/h,Sealed - Dry,Daylight,Curved - view open,Veh'S Same Direction: Left Rear,Rear-end,0,1,0,0,1,2,0,0,0,0,0,0
285701,Hospitalisation,2015,18,Angle,Multi-Vehicle,153.016151,-27.584508,Gregory St,,Acacia Ridge,Sunnybank,No Roadway Feature,No traffic control,60 km/h,Sealed - Dry,Darkness - Lighted,Straight,Veh'S Manoeuvring: Entering From Footway,Vehicle leaving driveway,0,1,0,0,1,1,0,0,0,1,0,0
285702,Hospitalisation,2015,22,Hit object,Single Vehicle,153.075705,-27.538429,Mt Gravatt Outlook Dr,Shire Rd,Mount Gravatt,Mansfield,No Roadway Feature,No traffic control,0 - 50 km/h,Sealed - Dry,Darkness - Not lighted,Curved - view open,Off Path-Curve: Off Cway Rt Bend Hit Obj,Off carriageway on curve hit object,0,1,0,0,1,1,0,0,0,0,0,0
285704,Medical treatment,2015,11,Rear-end,Multi-Vehicle,153.090529,-27.553584,Arila St,Newnham Rd,Upper Mount Gravatt,Mansfield,Intersection - T-Junction,Give way sign,0 - 50 km/h,Sealed - Dry,Daylight,Straight,Veh'S Same Direction: Rear End,Rear-end,0,0,1,0,1,2,0,0,0,0,0,0
285730,Medical treatment,2015,9,Angle,Multi-Vehicle,153.062002,-27.588524,Beenleigh Rd,Farne St,Sunnybank,Stretton,Intersection - T-Junction,Stop sign,60 km/h,Sealed - Dry,Daylight,Straight,Veh'S Adjacent Approach: Thru-Right,Intersection from adjacent approaches,0,0,1,0,1,1,1,0,0,0,0,0
285731,Hospitalisation,2015,8,Rear-end,Multi-Vehicle,153.101213,-27.490227,Creek Rd,,Carina,Chatsworth,No Roadway Feature,No traffic control,60 km/h,Sealed - Dry,Daylight,Straight,Veh'S Same Direction: Rear End,Rear-end,0,1,0,0,1,2,0,1,0,0,0,0
285735,Hospitalisation,2015,7,Overturned,Single Vehicle,152.995857,-27.560876,Collinsvale St,Cunningham Arterial Rd,Rocklea,Yeerongpilly,Intersection - T-Junction,Give way sign,0 - 50 km/h,Sealed - Dry,Daylight,Straight,Veh'S Adjacent Approach: Left-Thru,Intersection from adjacent approaches,0,1,0,0,1,0,0,2,0,0,0,0
285736,Minor injury,2015,8,Rear-end,Multi-Vehicle,153.028598,-27.499936,Annerley Rd,,Dutton Park,South Brisbane,No Roadway Feature,Operating traffic lights,60 km/h,Sealed - Dry,Daylight,Straight,Veh'S Same Direction: Rear End,Rear-end,0,0,0,1,1,2,0,0,0,0,0,0
285737,Medical treatment,2015,17,Angle,Multi-Vehicle,153.035538,-27.473167,Main St,,Kangaroo Point,South Brisbane,No Roadway Feature,No traffic control,60 km/h,Sealed - Dry,Dawn/Dusk,Straight,Veh'S Manoeuvring: Other,Other,0,0,1,0,1,1,0,0,0,1,0,0
285765,Minor injury,2015,12,Rear-end,Multi-Vehicle,153.059406,-27.625051,Gowan Rd,Kameruka St,Calamvale,Stretton,Intersection - T-Junction,Give way sign,0 - 50 km/h,Sealed - Dry,Daylight,Straight,Veh'S Same Direction: Left Rear,Rear-end,0,0,0,1,1,2,0,0,0,0,0,0
285768,Medical treatment,2015,17,Rear-end,Multi-Vehicle,152.976313,-27.58769,Rosemary St,,Inala,Inala,No Roadway Feature,No traffic control,60 km/h,Sealed - Dry,Daylight,Straight,Veh'S Same Direction: Rear End,Rear-end,0,0,1,0,1,2,0,0,0,0,0,0
285769,Hospitalisation,2015,16,Hit pedestrian,Hit pedestrian,153.06543,-27.463877,Pashen St,,Morningside,Bulimba,No Roadway Feature,No traffic control,60 km/h,Sealed - Dry,Daylight,Straight,Ped'N: Play; Work; Stand; Lie On C'Way,Pedestrian,0,1,0,0,1,1,0,0,0,0,1,0
285770,Medical treatment,2015,10,Angle,Multi-Vehicle,152.9829865,-27.53245736,Oxley Rd,Sherwood Rd,Sherwood,Indooroopilly,Intersection - Cross,Operating traffic lights,60 km/h,Sealed - Dry,Daylight,Straight,Veh'S Adjacent Approach: Thru-Thru,Intersection from adjacent approaches,0,0,1,0,1,2,0,0,0,0,0,0
285771,Minor injury,2015,6,Rear-end,Multi-Vehicle,153.117335,-27.473951,Gateway Art Rd Ramp U,Wynnum Rd,Tingalpa,Chatsworth,Intersection - Interchange,Operating traffic lights,60 km/h,Sealed - Dry,Daylight,Straight,Veh'S Same Direction: Right Rear,Rear-end,0,0,0,1,1,2,0,0,0,0,0,0
285796,Medical treatment,2015,20,Rear-end,Multi-Vehicle,152.94664,-27.535462,Western Arterial Rd,,Jindalee,Mount Ommaney,No Roadway Feature,No traffic control,60 km/h,Sealed - Dry,Daylight,Straight,Veh'S Same Direction: Rear End,Rear-end,0,0,1,0,1,2,0,0,0,0,0,0
285799,Medical treatment,2015,8,Rear-end,Multi-Vehicle,153.065067,-27.492098,Harwill St,Old Cleveland Rd,Coorparoo,Greenslopes,Intersection - T-Junction,No traffic control,60 km/h,Sealed - Dry,Daylight,Straight,Veh'S Same Direction: Rear End,Rear-end,0,0,2,0,2,2,0,0,0,0,0,0
285801,Medical treatment,2015,21,Angle,Multi-Vehicle,153.055374,-27.525843,Bapaume Rd,Marshall Rd,Tarragindi,Yeerongpilly,Intersection - Cross,Operating traffic lights,60 km/h,Sealed - Dry,Darkness - Lighted,Straight,Veh'S Opposite Approach: Thru-Right,Opposing vehicles turning,0,0,2,0,2,2,0,0,0,0,0,0
285802,Hospitalisation,2015,14,Hit object,Single Vehicle,153.024471,-27.612079,Paradise Rd,,Pallara,Algester,No Roadway Feature,No traffic control,70 km/h,Sealed - Dry,Daylight,Straight,Veh'S Opposite Approach: Head On,Head-on,0,1,0,0,1,0,0,2,0,1,0,0
285803,Hospitalisation,2015,12,Rear-end,Multi-Vehicle,153.033453,-27.545384,Evans Rd,Mccarthy Rd,Salisbury,Yeerongpilly,Intersection - T-Junction,Operating traffic lights,60 km/h,Unsealed - Dry,Daylight,Straight,Veh'S Same Direction: Rear End,Rear-end,0,1,1,0,2,3,0,0,0,0,0,0
285804,Hospitalisation,2015,8,Rear-end,Multi-Vehicle,153.050411,-27.558818,Griffith Arterial Rd,Troughton Rd,Coopers Plains,Sunnybank,Intersection - T-Junction,Give way sign,0 - 50 km/h,Sealed - Dry,Daylight,Curved - view open,Veh'S Same Direction: Left Rear,Rear-end,0,1,0,0,1,2,0,0,0,0,0,0
285805,Minor injury,2015,8,Rear-end,Multi-Vehicle,153.050333,-27.558782,Griffith Arterial Rd,Troughton Rd,Coopers Plains,Sunnybank,Intersection - T-Junction,No traffic control,60 km/h,Sealed - Dry,Daylight,Straight,Veh'S Same Direction: Left Rear,Rear-end,0,0,0,1,1,2,0,0,0,0,0,0
285806,Hospitalisation,2015,6,Hit object,Single Vehicle,153.041327,-27.496159,Logan Rd,,Woolloongabba,South Brisbane,No Roadway Feature,No traffic control,60 km/h,Sealed - Dry,Dawn/Dusk,Curved - view open,Veh'S On Path: Permanent Obstruction,Hit permanent obstruction on carriageway,0,1,0,0,1,0,0,1,0,0,0,0
285832,Hospitalisation,2015,16,Rear-end,Multi-Vehicle,153.032356,-27.597956,Learoyd Rd,,Algester,Algester,No Roadway Feature,No traffic control,70 km/h,Sealed - Dry,Daylight,Straight,Veh'S Same Direction: Rear End,Rear-end,0,1,0,0,1,3,0,0,0,0,0,0
285833,Medical treatment,2015,8,Angle,Multi-Vehicle,153.043233,-27.602651,Jackson Rd,,Sunnybank Hills,Stretton,No Roadway Feature,No traffic control,0 - 50 km/h,Sealed - Dry,Daylight,Straight,Veh'S Manoeuvring: Leaving Driveway,Vehicle leaving driveway,0,0,1,0,1,2,0,0,0,0,0,0
285834,Hospitalisation,2015,17,Fall from vehicle,Single Vehicle,153.034669,-27.506362,Ipswich Rd,Victoria Tce,Annerley,South Brisbane,Intersection - T-Junction,Operating traffic lights,60 km/h,Sealed - Wet,Dawn/Dusk,Curved - view open,Off Path-Curve: Out Of Control On Cway,Out of control on curve,0,1,0,0,1,0,1,0,0,0,0,0
285836,Hospitalisation,2015,18,Rear-end,Multi-Vehicle,153.013972,-27.537605,Ipswich Rd,,Moorooka,Yeerongpilly,No Roadway Feature,No traffic control,60 km/h,Sealed - Wet,Darkness - Lighted,Straight,Veh'S Same Direction: Rear End,Rear-end,0,1,3,0,4,3,0,0,0,0,0,0
285838,Medical treatment,2015,16,Rear-end,Multi-Vehicle,153.06572,-27.560747,Griffith Arterial Rd,,Nathan,Yeerongpilly,No Roadway Feature,No traffic control,60 km/h,Sealed - Wet,Daylight,Straight,Veh'S Same Direction: Rear End,Rear-end,0,0,2,0,2,2,0,0,0,0,0,0
285839,Medical treatment,2015,8,Angle,Multi-Vehicle,153.028731,-27.487761,Annerley Rd,Clarence St,Woolloongabba,South Brisbane,Intersection - Cross,No traffic control,60 km/h,Sealed - Dry,Daylight,Straight,Veh'S Manoeuvring: Entering From Footway,Vehicle leaving driveway,0,0,1,0,1,1,0,0,0,1,0,0