Crash_Ref_Number,Severity,Year,Hour,Crash_Nature,Crash_Type,Longitude,Latitude,Street,Street_Intersecting,Suburb,Loc_State_Electorate,Crash_Roadway_Feature,Crash_Traffic_Control,Crash_Speed_Limit,Crash_Road_Surface_Condition,Crash_Lighting_Condition,Crash_Road_Horiz_Align,Crash_DCA_Description,Crash_DCA_Group_Description,Count_Casualty_Fatality,Count_Casualty_Hospitalised,Count_Casualty_MedicallyTreated,Count_Casualty_MinorInjury,Count_Casualty_Total,Count_Unit_Car,Count_Unit_Motorcycle_Moped,Count_Unit_Truck,Count_Unit_Bus,Count_Unit_Bicycle,Count_Unit_Pedestrian,Count_Unit_Other
285840,Hospitalisation,2015,7,Rear-end,Multi-Vehicle,153.038175,-27.496577,South East Arterial Rd,,Woolloongabba,South Brisbane,No Roadway Feature,No traffic control,80 - 90 km/h,Sealed - Dry,Daylight,Straight,Veh'S Same Direction: Rear End,Rear-end,0,1,0,0,1,2,0,0,0,0,0,0
285841,Medical treatment,2015,15,Angle,Multi-Vehicle,153.177213,-27.459997,Raeburn St,Whites Rd,Manly West,Lytton,Intersection - Cross,Give way sign,60 km/h,Sealed - Wet,Daylight,Straight,Veh'S Adjacent Approach: Thru-Thru,Intersection from adjacent approaches,0,0,1,0,1,2,0,0,0,0,0,0
285848,Medical treatment,2015,5,Hit pedestrian,Hit pedestrian,153.169195,-27.526476,Geldart Rd,Mt Gravatt - Capalaba Rd,Chandler,Chatsworth,No Roadway Feature,No traffic control,80 - 90 km/h,Sealed - Dry,Darkness - Not lighted,Curved - view open,Ped'N: Play; Work; Stand; Lie On C'Way,Pedestrian,0,0,1,0,1,1,0,0,0,0,1,0
285867,Medical treatment,2015,18,Rear-end,Multi-Vehicle,153.048292,-27.623945,Mt Lindesay Art. Rd,,Calamvale,Stretton,No Roadway Feature,No traffic control,60 km/h,Sealed - Wet,Daylight,Straight,Veh'S Same Direction: Rear End,Rear-end,0,0,1,0,1,2,0,0,0,0,0,0
285868,Medical treatment,2015,14,Sideswipe,Multi-Vehicle,153.04142,-27.647993,Mt Lindesay Art. Rd,,Drewvale,Stretton,No Roadway Feature,No traffic control,80 - 90 km/h,Sealed - Wet,Daylight,Straight,Veh'S Same Direction: Lane Change Left,Lane changes,0,0,1,0,1,2,0,0,0,0,0,0
285873,Medical treatment,2015,9,Rear-end,Multi-Vehicle,153.088781,-27.468309,Muir St,Wynnum Rd,Cannon Hill,Bulimba,Intersection - Cross,Operating traffic lights,70 km/h,Sealed - Wet,Daylight,Straight,Veh'S Same Direction: Rear End,Rear-end,0,0,1,0,1,1,0,1,0,0,0,0
285876,Medical treatment,2015,15,Angle,Multi-Vehicle,153.171152,-27.450302,Henry St,Pine St,Wynnum,Lytton,Intersection - Cross,Give way sign,0 - 50 km/h,Sealed - Dry,Daylight,Straight,Veh'S Adjacent Approach: Thru-Thru,Intersection from adjacent approaches,0,0,4,0,4,2,0,0,0,0,0,0
285919,Medical treatment,2015,16,Hit object,Single Vehicle,153.119601,-27.493974,Meadowlands Rd,,Carina,Bulimba,Bridge/Causeway,No traffic control,60 km/h,Sealed - Wet,Daylight,Curved - view open,Off Path-Curve: Off Cway Lt Bend Hit Obj,Off carriageway on curve hit object,0,0,2,0,2,1,0,0,0,0,0,0
285920,Minor injury,2015,13,Rear-end,Multi-Vehicle,153.05414,-27.497192,Old Cleveland Rd,,Coorparoo,South Brisbane,No Roadway Feature,No traffic control,60 km/h,Sealed - Dry,Daylight,Straight,Veh'S Same Direction: Rear End,Rear-end,0,0,0,1,1,1,0,0,0,1,0,0
285921,Hospitalisation,2015,17,Hit object,Single Vehicle,153.054768,-27.5233702,South East Arterial Rd,,Holland Park West,Greenslopes,Merge Lane,No traffic control,100 - 110 km/h,Sealed - Wet,Darkness - Lighted,Straight,Veh'S Same Direction: Other,Other,0,1,0,0,1,3,0,0,0,0,0,0
285922,Medical treatment,2015,8,Sideswipe,Multi-Vehicle,153.088358,-27.468352,Wynnum Rd,,Cannon Hill,Bulimba,No Roadway Feature,No traffic control,60 km/h,Sealed - Dry,Daylight,Straight,Veh'S Same Direction: Lane Change Left,Lane changes,0,0,1,0,1,1,1,0,0,0,0,0
285923,Medical treatment,2015,17,Angle,Multi-Vehicle,153.04674,-27.563373,Mandarin St,Nyleta St,Coopers Plains,Sunnybank,Intersection - Cross,Give way sign,0 - 50 km/h,Sealed - Wet,Dawn/Dusk,Straight,Veh'S Adjacent Approach: Thru-Thru,Intersection from adjacent approaches,0,0,1,0,1,1,0,0,1,0,0,0
285924,Medical treatment,2015,22,Rear-end,Multi-Vehicle,153.091848,-27.546134,Newnham Rd,,Upper Mount Gravatt,Mansfield,No Roadway Feature,No traffic control,60 km/h,Sealed - Wet,Darkness - Lighted,Straight,Veh'S Same Direction: Left Rear,Rear-end,0,0,1,0,1,2,0,0,0,0,0,0
285925,Medical treatment,2015,19,Rear-end,Multi-Vehicle,153.037373,-27.494972,South East Arterial Rd,,Woolloongabba,South Brisbane,No Roadway Feature,No traffic control,100 - 110 km/h,Sealed - Wet,Darkness - Lighted,Straight,Veh'S Same Direction: Rear End,Rear-end,0,0,1,0,1,3,0,0,0,0,0,0
285950,Medical treatment,2015,22,Hit pedestrian,Hit pedestrian,153.074146,-27.470208,Ayr St,Fraser St,Morningside,Bulimba,No Roadway Feature,No traffic control,0 - 50 km/h,Sealed - Dry,Darkness - Lighted,Straight,Ped'N: Play; Work; Stand; Lie On C'Way,Pedestrian,0,0,1,0,1,1,0,0,0,0,1,0
285979,Hospitalisation,2015,19,Fall from vehicle,Single Vehicle,153.014383,-27.5975917,Learoyd Rd,,Willawong,Sunnybank,No Roadway Feature,No traffic control,0 - 50 km/h,Sealed - Dry,Darkness - Not lighted,Curved - view obscured,Off Path-Curve: Off Cway Left Bend,Off carriageway on curve,0,1,0,0,1,0,1,0,0,0,0,0
285980,Minor injury,2015,10,Angle,Multi-Vehicle,152.971169,-27.588325,Balsa St,Buddleia St,Inala,Inala,Intersection - Cross,Stop sign,0 - 50 km/h,Sealed - Dry,Daylight,Straight,Veh'S Adjacant Approach: Thru-Left,Intersection from adjacent approaches,0,0,0,2,2,2,0,0,0,0,0,0
285982,Hospitalisation,2015,18,Angle,Multi-Vehicle,153.013479,-27.487335,Dornoch Tce,Sankey St,Highgate Hill,South Brisbane,Intersection - T-Junction,Give way sign,0 - 50 km/h,Sealed - Dry,Darkness - Lighted,Straight,Veh'S Adjacent Approach: Thru-Right,Intersection from adjacent approaches,0,1,0,0,1,1,0,0,0,1,0,0
285983,Medical treatment,2015,15,Rear-end,Multi-Vehicle,153.02631,-27.48309,Graham St,Stanley St,South Brisbane,South Brisbane,Intersection - 5+ way,Operating traffic lights,60 km/h,Sealed - Dry,Daylight,Straight,Veh'S Same Direction: Rear End,Rear-end,0,0,2,0,2,2,0,0,0,0,0,0
285998,Hospitalisation,2015,9,Head-on,Multi-Vehicle,152.962353,-27.560172,Ashridge Rd,,Darra,Mount Ommaney,No Roadway Feature,No traffic control,60 km/h,Sealed - Dry,Daylight,Curved - view obscured,Veh'S Opposite Approach: Head On,Head-on,0,1,0,0,1,2,0,0,0,0,0,0
285999,Medical treatment,2015,13,Angle,Multi-Vehicle,152.980254,-27.568069,Blunder Rd,,Oxley,Inala,No Roadway Feature,Give way sign,60 km/h,Sealed - Dry,Daylight,Curved - view open,Veh'S Manoeuvring: Leaving Driveway,Vehicle leaving driveway,0,0,1,0,1,2,0,0,0,0,0,0
286000,Medical treatment,2015,9,Fall from vehicle,Single Vehicle,153.038899,-27.515081,Ekibin Rd E,Waterton St,Tarragindi,Yeerongpilly,Intersection - Cross,Give way sign,60 km/h,Sealed - Dry,Daylight,Curved - view open,Off Path-Curve: Out Of Control On Cway,Out of control on curve,0,0,1,0,1,1,1,0,0,0,0,0
286001,Medical treatment,2015,13,Angle,Multi-Vehicle,153.014221,-27.52371899,Fairfield Rd,King Arthur Tce,Yeerongpilly,Yeerongpilly,Intersection - T-Junction,Operating traffic lights,70 km/h,Sealed - Dry,Daylight,Straight,Veh'S Same Direction: Lane Change Left,Lane changes,0,0,2,0,2,1,0,0,1,0,0,0
286002,Minor injury,2015,16,Sideswipe,Multi-Vehicle,153.115907,-27.502218,Old Cleveland Rd,Scrub Rd,Carindale,Chatsworth,Intersection - Cross,Operating traffic lights,70 km/h,Sealed - Dry,Daylight,Straight,Veh'S Same Direction: Lane Change Left,Lane changes,0,0,0,1,1,1,1,0,0,0,0,0
286004,Medical treatment,2015,11,Hit object,Single Vehicle,152.959725,-27.595418,Archerfield Rd,Old Progress Rd,Inala,Inala,Intersection - Roundabout,Give way sign,60 km/h,Sealed - Dry,Daylight,Curved - view obscured,Off Path-Curve: Mounts Traffic Island,Off carriageway on curve hit object,0,0,1,0,1,1,0,0,0,0,0,0
286005,Hospitalisation,2015,14,Angle,Multi-Vehicle,153.078589,-27.552776,Klumpp Rd,,Upper Mount Gravatt,Mansfield,No Roadway Feature,Operating traffic lights,60 km/h,Sealed - Dry,Daylight,Straight,Veh'S Opposite Approach: Thru-Right,Opposing vehicles turning,0,2,0,0,2,2,0,0,0,0,0,0
286006,Medical treatment,2015,16,Rear-end,Multi-Vehicle,153.084616,-27.562347,Logan Sub-Arterial Rd,,Upper Mount Gravatt,Mansfield,Intersection - T-Junction,No traffic control,60 km/h,Sealed - Dry,Daylight,Straight,Veh'S Same Direction: Left Rear,Rear-end,0,0,1,0,1,2,0,0,0,0,0,0
286011,Medical treatment,2015,17,Sideswipe,Multi-Vehicle,153.161222,-27.508711,Cleveland Sub-Arterial Rd,,Chandler,Chatsworth,No Roadway Feature,No traffic control,80 - 90 km/h,Sealed - Dry,Darkness - Lighted,Straight,Veh'S Same Direction: Lane Side Swipe,Lane changes,0,0,1,0,1,2,0,0,0,0,0,0
286032,Medical treatment,2015,7,Rear-end,Multi-Vehicle,153.023027,-27.657962,Johnson Rd,,Parkinson,Algester,No Roadway Feature,No traffic control,60 km/h,Sealed - Dry,Daylight,Straight,Veh'S Same Direction: Rear End,Rear-end,0,0,1,0,1,3,0,0,0,0,0,0
286033,Hospitalisation,2015,6,Hit object,Single Vehicle,153.066074,-27.625375,Gateway Arterial Rd,,Stretton,Stretton,No Roadway Feature,No traffic control,100 - 110 km/h,Sealed - Dry,Daylight,Curved - view open,Off Path-Curve: Off Cway Lt Bend Hit Obj,Off carriageway on curve hit object,0,1,0,0,1,1,0,0,0,0,0,0
286034,Medical treatment,2015,12,Rear-end,Multi-Vehicle,153.055,-27.525636,Birdwood Rd,Marshall Rd,Tarragindi,Yeerongpilly,Intersection - T-Junction,No traffic control,60 km/h,Sealed - Dry,Daylight,Straight,Veh'S Same Direction: Left Rear,Rear-end,0,0,1,0,1,2,0,0,0,0,0,0
286036,Hospitalisation,2015,8,Hit pedestrian,Hit pedestrian,153.072679,-27.467864,Wynnum Rd,,Morningside,Bulimba,No Roadway Feature,No traffic control,60 km/h,Sealed - Dry,Daylight,Curved - view open,Ped'N: Hit Other,Other,0,1,0,0,1,1,0,0,0,0,1,0
286037,Hospitalisation,2015,18,Head-on,Multi-Vehicle,153.100506,-27.5767,Miles Platting Rd,,Eight Mile Plains,Mansfield,Bridge/Causeway,No traffic control,60 km/h,Sealed - Dry,Darkness - Lighted,Curved - view open,Veh'S Opposite Approach: Head On,Head-on,0,1,0,1,2,2,0,0,0,0,0,0
286038,Medical treatment,2015,19,Hit parked vehicle,Single Vehicle,153.046951,-27.479274,Lytton Rd,,East Brisbane,South Brisbane,No Roadway Feature,No traffic control,60 km/h,Sealed - Dry,Darkness - Lighted,Straight,Ped'N: Hit Other,Other,0,0,1,0,1,2,0,0,0,0,1,0
286066,Hospitalisation,2015,16,Fall from vehicle,Single Vehicle,153.056838,-27.617107,Chateau St,Palatine St,Calamvale,Stretton,Intersection - T-Junction,No traffic control,0 - 50 km/h,Sealed - Dry,Daylight,Straight,Off Path-Straight: Right Turn,Off carriageway on straight,0,1,0,0,1,0,1,0,0,0,0,0
286067,Medical treatment,2015,17,Angle,Multi-Vehicle,152.9348723,-27.559232,Brownie St,Dandenong Rd,Jamboree Heights,Mount Ommaney,Intersection - T-Junction,Give way sign,60 km/h,Sealed - Dry,Dawn/Dusk,Straight,Veh'S Adjacent Approach: Thru-Right,Intersection from adjacent approaches,0,0,1,0,1,2,0,0,0,0,0,0
286070,Hospitalisation,2015,17,Angle,Multi-Vehicle,153.019249,-27.473574,Melbourne St,Stanley St,South Brisbane,South Brisbane,Intersection - T-Junction,No traffic control,0 - 50 km/h,Sealed - Dry,Dawn/Dusk,Straight,Veh'S Manoeuvring: Entering From Footway,Vehicle leaving driveway,0,1,0,0,1,1,0,0,0,1,0,0
286085,Medical treatment,2015,6,Rear-end,Multi-Vehicle,153.041918,-27.645735,Mt Lindesay Art. Rd,,Parkinson,Algester,No Roadway Feature,No traffic control,80 - 90 km/h,Sealed - Wet,Daylight,Straight,Veh'S Same Direction: Rear End,Rear-end,0,0,1,0,1,4,0,0,0,0,0,0
286086,Hospitalisation,2015,10,Rear-end,Multi-Vehicle,153.048166,-27.608666,Highlands Dr,Mt Lindesay Art. Rd,Sunnybank Hills,Stretton,Intersection - T-Junction,Operating traffic lights,80 - 90 km/h,Sealed - Dry,Daylight,Straight,Veh'S Same Direction: Rear End,Rear-end,0,1,0,0,1,0,0,2,0,0,0,0
286088,Medical treatment,2015,12,Head-on,Multi-Vehicle,153.024169,-27.568304,Boundary Rd,Mt Lindesay Art. Rd,Coopers Plains,Sunnybank,Intersection - Cross,Operating traffic lights,70 km/h,Sealed - Dry,Daylight,Straight,Veh'S Opposite Approach: Thru-Right,Opposing vehicles turning,0,0,1,0,1,1,0,1,0,0,0,0
286089,Medical treatment,2015,20,Angle,Multi-Vehicle,153.0758366,-27.50030495,Boundary Rd,Samuel St,Camp Hill,Greenslopes,Intersection - Cross,Operating traffic lights,60 km/h,Sealed - Dry,Darkness - Lighted,Curved - view open,Veh'S Opposite Approach: Thru-Right,Opposing vehicles turning,0,0,3,0,3,2,0,0,0,0,0,0
286091,Medical treatment,2015,15,Rear-end,Multi-Vehicle,153.058558,-27.494837,Old Cleveland Rd,,Coorparoo,Greenslopes,No Roadway Feature,No traffic control,60 km/h,Sealed - Dry,Daylight,Straight,Veh'S Same Direction: Rear End,Rear-end,0,0,1,0,1,3,0,0,0,0,0,0
286094,Hospitalisation,2015,15,Angle,Multi-Vehicle,153.078942,-27.466266,Junction Rd,Kates St,Morningside,Bulimba,Intersection - T-Junction,Give way sign,60 km/h,Sealed - Dry,Daylight,Straight,Veh'S Adjacent Approach: Thru-Right,Intersection from adjacent approaches,0,1,0,0,1,1,1,0,0,0,0,0
286101,Medical treatment,2015,15,Rear-end,Multi-Vehicle,153.177451,-27.506209,London Rd,New Cleveland Rd,Chandler,Chatsworth,Intersection - T-Junction,No traffic control,70 km/h,Sealed - Dry,Daylight,Straight,Veh'S Same Direction: Rear End,Rear-end,0,0,1,1,2,3,0,0,0,0,0,0
286131,Medical treatment,2015,12,Angle,Multi-Vehicle,153.060461,-27.46167,Hawthorne Rd,Orchard St,Hawthorne,Bulimba,Intersection - T-Junction,Give way sign,60 km/h,Sealed - Dry,Daylight,Straight,Veh'S Adjacent Approach: Right-Thru,Intersection from adjacent approaches,0,0,2,0,2,2,0,0,0,0,0,0
286133,Hospitalisation,2015,18,Angle,Multi-Vehicle,153.063565,-27.57377,Elva St,Mains Rd,Sunnybank,Sunnybank,Intersection - T-Junction,No traffic control,60 km/h,Sealed - Dry,Dawn/Dusk,Straight,Veh'S Opposite Approach: Thru-Right,Opposing vehicles turning,0,1,0,0,1,1,1,0,0,0,0,0
286134,Hospitalisation,2015,16,Hit pedestrian,Hit pedestrian,153.081038,-27.5599,Griffith Arterial Rd,Logan Rd,Upper Mount Gravatt,Mansfield,Intersection - Cross,Operating traffic lights,60 km/h,Sealed - Dry,Daylight,Straight,Ped'N: Far Side Vehicle Hit From Left,Pedestrian,0,1,0,0,1,1,0,0,0,0,1,0
286135,Medical treatment,2015,9,Hit pedestrian,Hit pedestrian,153.0424926,-27.48748268,Stanley St East,,East Brisbane,South Brisbane,No Roadway Feature,No traffic control,60 km/h,Sealed - Dry,Daylight,Straight,Ped'N: Far Side Vehicle Hit From Left,Pedestrian,0,0,1,0,1,1,0,0,0,0,1,0
286139,Hospitalisation,2015,19,Hit parked vehicle,Single Vehicle,153.1760995,-27.55849518,Redland Sub-Arterial Rd,,Burbank,Mansfield,No Roadway Feature,No traffic control,80 - 90 km/h,Sealed - Dry,Darkness - Not lighted,Curved - view obscured,Off Path-Curve: Off Cway Lt Bend Hit Obj,Off carriageway on curve hit object,0,1,0,1,2,2,0,0,0,0,0,0
286159,Hospitalisation,2015,13,Sideswipe,Multi-Vehicle,153.0943744,-27.5328143,Newnham Rd,,Mount Gravatt East,Mansfield,No Roadway Feature,No traffic control,60 km/h,Sealed - Dry,Daylight,Straight,Veh'S Same Direction: Lane Change Left,Lane changes,0,1,0,0,1,1,1,0,0,0,0,0
286162,Hospitalisation,2015,18,Sideswipe,Multi-Vehicle,153.1074986,-27.56445718,Gateway Arterial Rd,,Rochedale,Mansfield,No Roadway Feature,No traffic control,100 - 110 km/h,Sealed - Dry,Darkness - Lighted,Straight,Veh'S Same Direction: Lane Change Left,Lane changes,0,1,0,0,1,1,0,1,0,0,0,0
286180,Medical treatment,2015,18,Rear-end,Multi-Vehicle,153.054782,-27.6096,Calam Rd,,Sunnybank Hills,Stretton,No Roadway Feature,No traffic control,60 km/h,Sealed - Dry,Darkness - Lighted,Straight,Veh'S Same Direction: Lane Change Left,Lane changes,0,0,1,0,1,2,0,0,0,0,0,0
286181,Medical treatment,2015,9,Sideswipe,Multi-Vehicle,153.024,-27.5684,Boundary Rd,Mt Lindesay Art. Rd,Archerfield,Sunnybank,Intersection - Cross,Operating traffic lights,80 - 90 km/h,Sealed - Dry,Daylight,Straight,Veh'S Same Direction: Left Turn S/Swipe,Parallel lanes turning,0,0,1,0,1,1,0,1,0,0,0,0
286183,Medical treatment,2015,14,Rear-end,Multi-Vehicle,153.004886,-27.594318,King Ave,Sherbrooke Rd,Willawong,Sunnybank,Intersection - Cross,Operating traffic lights,80 - 90 km/h,Sealed - Dry,Daylight,Straight,Veh'S Same Direction: Rear End,Rear-end,0,0,1,0,1,2,0,0,0,0,0,0
286184,Hospitalisation,2015,8,Hit object,Single Vehicle,152.952112,-27.631845,Logan Mwy,,Forest Lake,Inala,No Roadway Feature,No traffic control,100 - 110 km/h,Sealed - Dry,Daylight,Straight,Off Path-Straight:Right Off Cway Hit Obj,Off carriageway on straight hit object,0,1,0,0,1,1,0,0,0,0,0,0
286186,Medical treatment,2015,13,Angle,Multi-Vehicle,153.035745,-27.479336,Bell St,Main St,Kangaroo Point,South Brisbane,Intersection - Cross,Operating traffic lights,60 km/h,Sealed - Dry,Daylight,Straight,Veh'S Adjacent Approach: Thru-Thru,Intersection from adjacent approaches,0,0,1,0,1,1,0,1,0,0,0,0
286187,Medical treatment,2015,10,Rear-end,Multi-Vehicle,153.035053,-27.501022,Cornwall St,Ipswich Rd,Woolloongabba,South Brisbane,Intersection - Cross,Operating traffic lights,60 km/h,Sealed - Dry,Daylight,Straight,Veh'S Same Direction: Rear End,Rear-end,0,0,1,0,1,1,0,1,0,0,0,0
286212,Medical treatment,2015,16,Rear-end,Multi-Vehicle,153.068711,-27.525973,Logan Rd,,Holland Park West,Greenslopes,No Roadway Feature,No traffic control,60 km/h,Sealed - Dry,Daylight,Straight,Veh'S Same Direction: Rear End,Rear-end,0,0,1,0,1,2,0,0,0,0,0,0
286213,Hospitalisation,2015,7,Rear-end,Multi-Vehicle,153.051806,-27.520099,South East Arterial Rd,,Holland Park West,Yeerongpilly,No Roadway Feature,No traffic control,100 - 110 km/h,Sealed - Dry,Daylight,Straight,Veh'S Same Direction: Rear End,Rear-end,0,1,0,0,1,5,0,0,0,0,0,0
286215,Medical treatment,2015,15,Rear-end,Multi-Vehicle,153.0213783,-27.54232881,Beaudesert Rd,,Moorooka,Yeerongpilly,No Roadway Feature,No traffic control,60 km/h,Sealed - Dry,Daylight,Straight,Veh'S Same Direction: Rear End,Rear-end,0,0,1,0,1,2,0,0,0,0,0,0
286216,Minor injury,2015,7,Hit parked vehicle,Single Vehicle,153.068333,-27.473894,Grenville St,,Morningside,Bulimba,No Roadway Feature,No traffic control,0 - 50 km/h,Sealed - Dry,Daylight,Straight,Veh'S On Path: Car Door,Hit parked vehicle,0,0,0,1,1,2,0,0,0,0,0,0
286217,Medical treatment,2015,15,Rear-end,Multi-Vehicle,152.9906289,-27.53354088,Sherwood Rd,,Sherwood,Indooroopilly,No Roadway Feature,No traffic control,60 km/h,Sealed - Dry,Daylight,Straight,Veh'S Same Direction: Rear End,Rear-end,0,0,1,1,2,2,0,1,0,0,0,0
286218,Medical treatment,2015,20,Rear-end,Multi-Vehicle,153.100994,-27.584438,Gateway Art Rd Off Ramp,,Eight Mile Plains,Stretton,Intersection - Interchange,No traffic control,60 km/h,Sealed - Dry,Darkness - Lighted,Straight,Veh'S Same Direction: Rear End,Rear-end,0,0,1,0,1,2,0,0,0,0,0,0
286240,Hospitalisation,2015,17,Angle,Multi-Vehicle,153.033785,-27.508074,Junction Tce,Ponsonby St,Annerley,South Brisbane,No Roadway Feature,No traffic control,60 km/h,Sealed - Dry,Darkness - Lighted,Straight,Veh'S Opposite Approach: Thru-Right,Opposing vehicles turning,0,1,0,0,1,1,1,0,0,0,0,0
286243,Hospitalisation,2015,15,Angle,Multi-Vehicle,152.959463,-27.591924,Archerfield Rd,Azalea St,Inala,Inala,Intersection - Cross,Stop sign,60 km/h,Sealed - Dry,Daylight,Straight,Veh'S Adjacent Approach: Thru-Thru,Intersection from adjacent approaches,0,1,0,0,1,1,0,0,1,0,0,0
286245,Hospitalisation,2015,11,Hit parked vehicle,Single Vehicle,152.983003,-27.531906,Oxley Rd,,Sherwood,Indooroopilly,No Roadway Feature,No traffic control,60 km/h,Sealed - Dry,Daylight,Straight,Veh'S On Path: Car Door,Hit parked vehicle,0,1,0,0,1,1,0,0,0,1,0,0
286246,Hospitalisation,2015,21,Angle,Multi-Vehicle,153.116739,-27.545187,Gateway Art Rd Ramp Xk,Redland Sub-Arterial Rd,Mackenzie,Mansfield,Intersection - Cross,Operating traffic lights,60 km/h,Sealed - Dry,Darkness - Lighted,Straight,Veh'S Opposite Approach: Thru-Right,Opposing vehicles turning,0,1,0,0,1,2,0,0,0,0,0,0
286247,Medical treatment,2015,21,Sideswipe,Multi-Vehicle,153.0427748,-27.47917411,Lytton Rd,,East Brisbane,South Brisbane,No Roadway Feature,No traffic control,60 km/h,Sealed - Dry,Darkness - Lighted,Straight,Veh'S Same Direction: Left Turn S/Swipe,Parallel lanes turning,0,0,1,0,1,1,1,0,0,0,0,0
286248,Medical treatment,2015,16,Rear-end,Multi-Vehicle,153.030734,-27.485763,Merton Rd,Stanley St,Woolloongabba,South Brisbane,Intersection - T-Junction,No traffic control,60 km/h,Sealed - Dry,Daylight,Straight,Veh'S Same Direction: Right Rear,Rear-end,0,0,1,0,1,2,0,0,0,0,0,0
286290,Medical treatment,2015,13,Angle,Multi-Vehicle,153.003139,-27.558504,Grindle Rd,Ipswich Rd,Rocklea,Yeerongpilly,Intersection - T-Junction,No traffic control,60 km/h,Sealed - Dry,Daylight,Straight,Veh'S Opposite Approach: Thru-Right,Opposing vehicles turning,0,0,1,0,1,2,0,0,0,0,0,0
286309,Medical treatment,2015,15,Rear-end,Multi-Vehicle,153.0253608,-27.57638236,Mt Lindesay Art. Rd,,Acacia Ridge,Sunnybank,No Roadway Feature,No traffic control,60 km/h,Sealed - Dry,Daylight,Straight,Veh'S Same Direction: Rear End,Rear-end,0,0,1,0,1,0,1,0,0,0,0,1
286313,Medical treatment,2015,15,Hit pedestrian,Hit pedestrian,153.179897,-27.45789,Ernest St,,Manly,Lytton,No Roadway Feature,No traffic control,60 km/h,Sealed - Dry,Daylight,Straight,Ped'N: Near Side Vehicle Hit From Right,Pedestrian,0,0,1,0,1,1,0,0,0,0,1,0
286325,Minor injury,2015,8,Angle,Multi-Vehicle,153.17722,-27.505224,Chelsea Rd,New Cleveland Rd,Gumdale,Chatsworth,Intersection - T-Junction,Give way sign,60 km/h,Sealed - Wet,Daylight,Straight,Veh'S Adjacent Approach: Other,Intersection from adjacent approaches,0,0,0,1,1,2,0,0,0,0,0,0
286349,Hospitalisation,2015,5,Hit object,Single Vehicle,153.101,-27.489896,Creek Rd,Stanley Rd,Carina,Chatsworth,Intersection - T-Junction,No traffic control,60 km/h,Sealed - Wet,Dawn/Dusk,Straight,Off Path-Straight: Left Turn,Off carriageway on straight,0,1,0,0,1,1,0,0,0,0,0,0
286351,Medical treatment,2015,16,Angle,Multi-Vehicle,153.092437,-27.543569,Broadwater Rd,Newnham Rd,Mount Gravatt East,Mansfield,Intersection - Cross,Operating traffic lights,60 km/h,Sealed - Dry,Daylight,Straight,Veh'S Opposite Approach: Thru-Right,Opposing vehicles turning,0,0,1,0,1,2,0,0,0,0,0,0
286352,Hospitalisation,2015,23,Angle,Multi-Vehicle,153.018832,-27.481992,Gladstone Rd,Vulture St,South Brisbane,South Brisbane,Intersection - Cross,Operating traffic lights,0 - 50 km/h,Sealed - Dry,Darkness - Lighted,Straight,Veh'S Opposite Approach: Thru-Right,Opposing vehicles turning,0,1,0,0,1,1,1,0,0,0,0,0
286359,Medical treatment,2015,11,Rear-end,Multi-Vehicle,153.170392,-27.494743,New Cleveland Rd,,Gumdale,Chatsworth,No Roadway Feature,No traffic control,70 km/h,Sealed - Dry,Daylight,Curved - view open,Veh'S Same Direction: Right Rear,Rear-end,0,0,1,0,1,2,0,0,0,0,0,0
286381,Minor injury,2015,6,Angle,Multi-Vehicle,153.069627,-27.652755,Wembley Rd,,Drewvale,Stretton,Intersection - Interchange,Operating traffic lights,60 km/h,Sealed - Dry,Daylight,Straight,Veh'S Opposite Approach: Thru-Right,Opposing vehicles turning,0,0,0,1,1,2,0,0,0,0,0,0
286382,Medical treatment,2015,8,Rear-end,Multi-Vehicle,153.02014,-27.55855,Griffith Arterial Rd,Mt Lindesay Art. Rd,Archerfield,Sunnybank,Intersection - T-Junction,Give way sign,60 km/h,Sealed - Dry,Daylight,Curved - view open,Veh'S Same Direction: Left Rear,Rear-end,0,0,1,0,1,1,0,1,0,0,0,0
286384,Medical treatment,2015,22,Head-on,Multi-Vehicle,153.073984,-27.54432,Mt Gravatt Outlook Dr,,Mount Gravatt,Mansfield,No Roadway Feature,No traffic control,0 - 50 km/h,Sealed - Dry,Darkness - Not lighted,Curved - view open,Veh'S Opposite Approach: Head On,Head-on,0,0,1,1,2,2,0,0,0,0,0,0
286385,Hospitalisation,2015,19,Head-on,Multi-Vehicle,153.013503,-27.598099,Learoyd Rd,,Willawong,Algester,No Roadway Feature,No traffic control,0 - 50 km/h,Sealed - Dry,Darkness - Not lighted,Curved - view open,Veh'S Opposite Approach: Head On,Head-on,0,1,0,0,1,2,0,0,0,0,0,0
286386,Hospitalisation,2015,16,Hit pedestrian,Hit pedestrian,153.02123,-27.526787,Colebrook Ave,Gow St,Moorooka,Yeerongpilly,Intersection - Cross,Operating traffic lights,60 km/h,Sealed - Dry,Daylight,Straight,Ped'N: Near Side Vehicle Hit From Right,Pedestrian,0,1,0,0,1,1,0,0,0,0,1,0
286387,Medical treatment,2015,10,Angle,Multi-Vehicle,153.060461,-27.46167,Hawthorne Rd,Orchard St,Hawthorne,Bulimba,Intersection - T-Junction,No traffic control,0 - 50 km/h,Sealed - Dry,Daylight,Straight,Veh'S Manoeuvring: Entering From Footway,Vehicle leaving driveway,0,0,1,0,1,2,0,0,0,0,0,0