Crash_Ref_Number,Severity,Year,Hour,Crash_Nature,Crash_Type,Longitude,Latitude,Street,Street_Intersecting,Suburb,Loc_State_Electorate,Crash_Roadway_Feature,Crash_Traffic_Control,Crash_Speed_Limit,Crash_Road_Surface_Condition,Crash_Lighting_Condition,Crash_Road_Horiz_Align,Crash_DCA_Description,Crash_DCA_Group_Description,Count_Casualty_Fatality,Count_Casualty_Hospitalised,Count_Casualty_MedicallyTreated,Count_Casualty_MinorInjury,Count_Casualty_Total,Count_Unit_Car,Count_Unit_Motorcycle_Moped,Count_Unit_Truck,Count_Unit_Bus,Count_Unit_Bicycle,Count_Unit_Pedestrian,Count_Unit_Other
286388,Medical treatment,2015,13,Head-on,Multi-Vehicle,153.150514,-27.452168,Evelyn Rd,School Rd,Wynnum West,Lytton,Intersection - T-Junction,No traffic control,0 - 50 km/h,Sealed - Dry,Daylight,Straight,Veh'S Opposite Approach: Thru-Right,Opposing vehicles turning,0,0,2,0,2,2,0,0,0,0,0,0
286408,Medical treatment,2015,0,Angle,Multi-Vehicle,153.087607,-27.57521,Padstow Rd,Warrigal Rd,Eight Mile Plains,Sunnybank,Intersection - Cross,Operating traffic lights,60 km/h,Sealed - Dry,Darkness - Lighted,Straight,Veh'S Adjacent Approach: Thru-Thru,Intersection from adjacent approaches,0,0,1,0,1,2,0,0,0,0,0,0
286429,Medical treatment,2015,7,Hit object,Single Vehicle,152.9185112,-27.6038452,Cunningham Hwy,,Wacol,Inala,No Roadway Feature,No traffic control,100 - 110 km/h,Sealed - Dry,Darkness - Lighted,Straight,Veh'S Same Direction: Lane Side Swipe,Lane changes,0,0,1,0,1,2,0,0,0,0,0,0
286430,Medical treatment,2015,8,Rear-end,Multi-Vehicle,153.0120552,-27.58306152,Beatty Rd,,Acacia Ridge,Sunnybank,No Roadway Feature,No traffic control,0 - 50 km/h,Sealed - Dry,Daylight,Straight,Veh'S Same Direction: Rear End,Rear-end,0,0,1,0,1,3,0,0,0,0,0,0
286432,Medical treatment,2015,16,Angle,Multi-Vehicle,152.97254,-27.602059,Parakeet St,Partridge St,Inala,Inala,Intersection - Cross,Give way sign,60 km/h,Sealed - Dry,Daylight,Straight,Veh'S Adjacent Approach: Thru-Thru,Intersection from adjacent approaches,0,0,1,0,1,2,0,0,0,0,0,0
286433,Hospitalisation,2015,23,Angle,Multi-Vehicle,153.066143,-27.560936,Griffith Arterial Rd,Mains Rd,Macgregor,Yeerongpilly,Intersection - Cross,Operating traffic lights,60 km/h,Sealed - Dry,Darkness - Lighted,Straight,Veh'S Opposite Approach: Thru-Right,Opposing vehicles turning,0,1,1,1,3,2,0,0,0,0,0,0
286434,Hospitalisation,2015,7,Rear-end,Multi-Vehicle,153.019979,-27.491531,Gladstone Rd,Park Rd W,Highgate Hill,South Brisbane,No Roadway Feature,Pedestrian crossing sign,60 km/h,Sealed - Dry,Daylight,Straight,Veh'S Same Direction: Rear End,Rear-end,0,1,2,0,3,2,0,0,0,0,1,0
286435,Minor injury,2015,8,Rear-end,Multi-Vehicle,153.165312,-27.437827,Glenora St,Mcfadden St,Wynnum,Lytton,Intersection - T-Junction,No traffic control,0 - 50 km/h,Sealed - Dry,Daylight,Straight,Veh'S Same Direction: Rear End,Rear-end,0,0,0,2,2,3,0,0,0,0,0,0
286462,Medical treatment,2015,20,Angle,Multi-Vehicle,153.0241814,-27.56839436,Boundary Rd,Mt Lindesay Art. Rd,Coopers Plains,Sunnybank,Intersection - Cross,Operating traffic lights,70 km/h,Sealed - Wet,Darkness - Lighted,Straight,Veh'S Same Direction: Lane Change Left,Lane changes,0,0,2,0,2,2,0,0,0,0,0,0
286463,Hospitalisation,2015,18,Rear-end,Multi-Vehicle,153.023558,-27.565285,Mt Lindesay Art. Rd,,Coopers Plains,Sunnybank,No Roadway Feature,No traffic control,70 km/h,Sealed - Wet,Darkness - Lighted,Straight,Veh'S Same Direction: Rear End,Rear-end,0,1,0,0,1,2,0,0,0,0,0,0
286496,Hospitalisation,2015,15,Sideswipe,Multi-Vehicle,152.9444494,-27.54163275,Western Arterial Rd,,Sinnamon Park,Mount Ommaney,No Roadway Feature,No traffic control,100 - 110 km/h,Sealed - Wet,Daylight,Straight,Veh'S Same Direction: Lane Change Left,Lane changes,0,1,1,0,2,1,0,1,0,0,0,0
286498,Medical treatment,2015,9,Rear-end,Multi-Vehicle,153.047061,-27.516485,South East Arterial Rd,,Greenslopes,Yeerongpilly,No Roadway Feature,No traffic control,100 - 110 km/h,Sealed - Wet,Daylight,Straight,Veh'S Same Direction: Rear End,Rear-end,0,0,1,0,1,2,0,0,0,0,0,0
286500,Medical treatment,2015,8,Sideswipe,Multi-Vehicle,153.108685,-27.458747,Gateway Arterial Rd,,Murarrie,Bulimba,Bridge/Causeway,No traffic control,80 - 90 km/h,Sealed - Wet,Daylight,Straight,Veh'S Same Direction: Lane Change Left,Lane changes,0,0,1,0,1,1,0,1,0,0,0,0
286502,Medical treatment,2015,12,Rear-end,Multi-Vehicle,153.041822,-27.478968,Lytton Rd,,East Brisbane,South Brisbane,No Roadway Feature,No traffic control,60 km/h,Sealed - Wet,Daylight,Straight,Veh'S Same Direction: Rear End,Rear-end,0,0,2,0,2,3,0,0,0,0,0,0
286533,Medical treatment,2015,9,Rear-end,Multi-Vehicle,153.046431,-27.632902,Mt Lindesay Art. Rd,,Parkinson,Algester,No Roadway Feature,No traffic control,80 - 90 km/h,Sealed - Wet,Daylight,Straight,Veh'S Same Direction: Rear End,Rear-end,0,0,1,0,1,2,0,0,0,0,0,0
286537,Hospitalisation,2015,20,Angle,Multi-Vehicle,152.978563,-27.641147,Stradbroke St,,Heathwood,Algester,No Roadway Feature,No traffic control,0 - 50 km/h,Sealed - Dry,Darkness - Lighted,Straight,Veh'S Manoeuvring: Leaving Driveway,Vehicle leaving driveway,0,1,0,0,1,1,0,0,0,0,0,1
286539,Medical treatment,2015,16,Rear-end,Multi-Vehicle,153.04139,-27.494636,Logan Rd,Taylor St,Woolloongabba,South Brisbane,Intersection - T-Junction,No traffic control,60 km/h,Sealed - Dry,Daylight,Straight,Veh'S Same Direction: Rear End,Rear-end,0,0,1,0,1,2,0,0,0,0,0,0
286568,Medical treatment,2015,15,Hit parked vehicle,Single Vehicle,153.063139,-27.4599,Barton Rd,Riding Rd,Balmoral,Bulimba,Intersection - Cross,No traffic control,60 km/h,Sealed - Dry,Daylight,Straight,Veh'S On Path: Car Door,Hit parked vehicle,0,0,1,0,1,1,0,0,0,1,0,0
286569,Minor injury,2015,10,Rear-end,Multi-Vehicle,153.063982,-27.464057,Riding Rd,,Hawthorne,Bulimba,No Roadway Feature,No traffic control,60 km/h,Sealed - Dry,Daylight,Straight,Veh'S Same Direction: Rear End,Rear-end,0,0,0,2,2,3,0,0,0,0,0,0
286572,Hospitalisation,2015,17,Hit object,Single Vehicle,153.160615,-27.525037,Mt Gravatt - Capalaba Rd,,Burbank,Chatsworth,No Roadway Feature,No traffic control,70 km/h,Sealed - Dry,Darkness - Not lighted,Curved - view open,Off Path-Curve: Off Cway Lt Bend Hit Obj,Off carriageway on curve hit object,0,3,0,0,3,1,0,0,0,0,0,0
286597,Medical treatment,2015,18,Hit parked vehicle,Single Vehicle,152.916524,-27.544555,Westlake Dr,,Westlake,Mount Ommaney,No Roadway Feature,No traffic control,0 - 50 km/h,Sealed - Dry,Daylight,Straight,Off Path-Straight: Left Off Cway Hit Obj,Off carriageway on straight hit object,0,0,1,0,1,3,0,0,0,0,0,0
286598,Hospitalisation,2015,1,Hit object,Single Vehicle,153.038526,-27.508733,South East Arterial Rd,,Greenslopes,South Brisbane,No Roadway Feature,No traffic control,100 - 110 km/h,Sealed - Dry,Darkness - Lighted,Curved - view open,Off Path-Curve: Off Cway Rt Bend Hit Obj,Off carriageway on curve hit object,0,1,0,0,1,1,0,0,0,0,0,0
286600,Medical treatment,2015,18,Angle,Multi-Vehicle,152.970403,-27.624946,Forest Lake Blvd,High St,Forest Lake,Algester,Intersection - Cross,Operating traffic lights,60 km/h,Sealed - Dry,Dawn/Dusk,Straight,Veh'S Opposite Approach: Thru-Right,Opposing vehicles turning,0,0,2,1,3,2,0,0,0,0,0,0
286603,Hospitalisation,2015,6,Sideswipe,Multi-Vehicle,153.181418,-27.558607,Redland Sub-Arterial Rd,,Burbank,Mansfield,No Roadway Feature,No traffic control,80 - 90 km/h,Sealed - Dry,Daylight,Straight,Veh'S Same Direction: Lane Side Swipe,Lane changes,0,1,0,0,1,0,0,0,0,1,0,1
286626,Medical treatment,2015,10,Rear-end,Multi-Vehicle,153.097048,-27.504813,Winstanley St,,Carina Heights,Chatsworth,No Roadway Feature,No traffic control,60 km/h,Sealed - Dry,Daylight,Straight,Veh'S Same Direction: Rear End,Rear-end,0,0,1,0,1,2,0,0,1,0,0,0
286629,Medical treatment,2015,17,Rear-end,Multi-Vehicle,153.09701,-27.469671,Wynnum Rd,,Cannon Hill,Bulimba,No Roadway Feature,No traffic control,60 km/h,Sealed - Dry,Dawn/Dusk,Straight,Veh'S Same Direction: Rear End,Rear-end,0,0,1,0,1,3,0,0,0,0,0,0
286630,Hospitalisation,2015,5,Angle,Multi-Vehicle,153.140508,-27.466616,Wynnum Rd,,Tingalpa,Lytton,Intersection - T-Junction,No traffic control,80 - 90 km/h,Sealed - Dry,Daylight,Straight,Veh'S Manoeuvring: Entering From Footway,Vehicle leaving driveway,0,1,0,0,1,1,0,0,0,1,0,0
286638,Medical treatment,2015,4,Rear-end,Multi-Vehicle,152.984478,-27.648913,Johnson Rd,,Heathwood,Algester,No Roadway Feature,No traffic control,80 - 90 km/h,Sealed - Dry,Darkness - Lighted,Straight,Veh'S Same Direction: Rear End,Rear-end,0,0,1,0,1,2,0,0,0,0,0,0
286639,Hospitalisation,2015,21,Angle,Multi-Vehicle,153.125136,-27.50409,Cleveland Sub-Arterial Rd,Old Cleveland Rd,Belmont,Chatsworth,Intersection - Interchange,Operating traffic lights,60 km/h,Sealed - Dry,Darkness - Lighted,Straight,Veh'S Adjacent Approach: Thru-Thru,Intersection from adjacent approaches,0,1,0,0,1,2,0,0,0,0,0,0
286657,Minor injury,2015,8,Angle,Multi-Vehicle,153.016805,-27.557991,Beatty Rd,Griffith Arterial Rd,Archerfield,Sunnybank,Intersection - Cross,Operating traffic lights,60 km/h,Sealed - Dry,Daylight,Straight,Veh'S Adjacent Approach: Thru-Thru,Intersection from adjacent approaches,0,0,0,1,1,1,0,1,0,0,0,0
286658,Hospitalisation,2015,18,Angle,Multi-Vehicle,153.006144,-27.510695,Orcades Rd,Orlando Rd,Yeronga,Yeerongpilly,Intersection - T-Junction,No traffic control,0 - 50 km/h,Sealed - Dry,Dawn/Dusk,Curved - view open,Veh'S Opposite Approach: Thru-Right,Opposing vehicles turning,0,1,0,0,1,1,0,0,0,1,0,0
286660,Medical treatment,2015,11,Angle,Multi-Vehicle,153.060684,-27.518624,Burlington St,Logan Rd,Holland Park West,Greenslopes,Intersection - Cross,Stop sign,60 km/h,Sealed - Dry,Daylight,Straight,Veh'S Opposite Approach: Right-Right,Opposing vehicles turning,0,0,1,0,1,2,0,0,0,0,0,0
286661,Medical treatment,2015,16,Rear-end,Multi-Vehicle,153.069039,-27.589992,Nathan Rd,,Runcorn,Sunnybank,No Roadway Feature,No traffic control,60 km/h,Sealed - Dry,Daylight,Straight,Veh'S Same Direction: Rear End,Rear-end,0,0,1,0,1,3,0,0,0,0,0,0
286662,Medical treatment,2015,16,Sideswipe,Multi-Vehicle,153.03398,-27.486274,Stanley St,,Woolloongabba,South Brisbane,Intersection - T-Junction,Stop sign,60 km/h,Sealed - Dry,Daylight,Straight,Veh'S Same Direction: Left Turn S/Swipe,Parallel lanes turning,0,0,1,0,1,1,0,0,0,1,0,0
286663,Hospitalisation,2015,21,Rear-end,Multi-Vehicle,153.140088,-27.466747,Wynnum Rd,,Tingalpa,Chatsworth,No Roadway Feature,No traffic control,80 - 90 km/h,Sealed - Dry,Darkness - Lighted,Straight,Veh'S Same Direction: Rear End,Rear-end,0,1,0,0,1,2,0,0,0,0,0,0
286667,Hospitalisation,2015,15,Hit object,Single Vehicle,153.1640134,-27.52492672,Mt Gravatt - Capalaba Rd,,Burbank,Mansfield,No Roadway Feature,No traffic control,70 km/h,Sealed - Dry,Daylight,Curved - view open,Off Path-Curve: Off Cway Lt Bend Hit Obj,Off carriageway on curve hit object,0,1,0,0,1,1,0,0,0,0,0,0
286692,Medical treatment,2015,13,Rear-end,Multi-Vehicle,153.055825,-27.526292,Bapaume Rd,Kuring-Gai Ave,Tarragindi,Yeerongpilly,Intersection - T-Junction,No traffic control,60 km/h,Sealed - Dry,Daylight,Straight,Veh'S Same Direction: Rear End,Rear-end,0,0,1,0,1,2,0,0,0,0,0,0
286693,Hospitalisation,2015,5,Angle,Multi-Vehicle,152.98715,-27.596444,Blunder Rd,Inala Ave,Durack,Sunnybank,Intersection - Cross,Operating traffic lights,60 km/h,Sealed - Dry,Dawn/Dusk,Straight,Veh'S Adjacent Approach: Thru-Thru,Intersection from adjacent approaches,0,1,0,0,1,1,0,0,1,0,0,0
286694,Medical treatment,2015,11,Rear-end,Multi-Vehicle,152.987554,-27.596498,Blunder Rd,Inala Ave,Durack,Sunnybank,Intersection - Cross,Operating traffic lights,60 km/h,Sealed - Dry,Daylight,Straight,Veh'S Same Direction: Rear End,Rear-end,0,0,1,0,1,1,0,0,1,0,0,0
286695,Medical treatment,2015,0,Angle,Multi-Vehicle,153.049573,-27.564772,Musgrave Rd,Troughton Rd,Coopers Plains,Sunnybank,Intersection - Cross,Operating traffic lights,0 - 50 km/h,Sealed - Dry,Darkness - Lighted,Straight,Veh'S Opposite Approach: Thru-Right,Opposing vehicles turning,0,0,1,1,2,2,0,0,0,0,0,0
286696,Medical treatment,2015,18,Hit pedestrian,Hit pedestrian,153.087733,-27.542866,Hillgrove St,Spence St,Mount Gravatt East,Mansfield,Intersection - Cross,Operating traffic lights,60 km/h,Sealed - Dry,Darkness - Lighted,Straight,Ped'N: Far Side Vehicle Hit From Left,Pedestrian,0,0,1,0,1,1,0,0,0,0,1,0
286730,Medical treatment,2015,8,Hit pedestrian,Hit pedestrian,153.0430919,-27.48887275,Fisher St,,East Brisbane,South Brisbane,No Roadway Feature,No traffic control,0 - 50 km/h,Sealed - Dry,Daylight,Straight,Ped'N: Hit By Vehicle Enter/Leave D'Way,Pedestrian,0,0,1,0,1,1,0,0,0,0,1,0
286753,Hospitalisation,2015,15,Hit pedestrian,Hit pedestrian,152.9804344,-27.62232447,Carolina Pde,,Forest Lake,Algester,No Roadway Feature,No traffic control,0 - 50 km/h,Sealed - Dry,Daylight,Curved - view open,Ped'N: Play; Work; Stand; Lie On C'Way,Pedestrian,0,1,0,0,1,1,0,0,0,0,1,0
286754,Medical treatment,2015,11,Angle,Multi-Vehicle,152.948583,-27.594073,Garden Rd,Pine Rd,Richlands,Inala,Intersection - Interchange,Operating traffic lights,60 km/h,Sealed - Dry,Daylight,Curved - view open,Veh'S Adjacent Approach: Thru-Right,Intersection from adjacent approaches,0,0,2,0,2,2,0,0,0,0,0,0
286756,Medical treatment,2015,15,Rear-end,Multi-Vehicle,153.11039,-27.5923306,South East Arterial Rd,,Rochedale,Mansfield,No Roadway Feature,No traffic control,100 - 110 km/h,Sealed - Dry,Daylight,Straight,Veh'S Same Direction: Rear End,Rear-end,0,0,1,0,1,1,1,0,0,0,0,0
286780,Hospitalisation,2015,7,Angle,Multi-Vehicle,152.946996,-27.56241,Perivale St,Sudbury St,Darra,Mount Ommaney,Intersection - T-Junction,Give way sign,0 - 50 km/h,Sealed - Dry,Daylight,Straight,Veh'S Adjacent Approach: Thru-Right,Intersection from adjacent approaches,0,1,0,0,1,2,0,0,0,0,0,0
286781,Hospitalisation,2015,16,Rear-end,Multi-Vehicle,153.115819,-27.502672,Scrub Rd,,Carindale,Chatsworth,No Roadway Feature,No traffic control,60 km/h,Sealed - Dry,Daylight,Straight,Veh'S Same Direction: Right Rear,Rear-end,0,2,0,1,3,3,0,0,0,0,0,0
286783,Hospitalisation,2015,19,Hit object,Single Vehicle,153.152626,-27.459873,Plaza St,,Wynnum West,Lytton,No Roadway Feature,No traffic control,0 - 50 km/h,Sealed - Dry,Darkness - Lighted,Curved - view open,Off Path-Straight: Left Off Cway Hit Obj,Off carriageway on straight hit object,0,1,1,0,2,1,0,0,0,0,0,0
286805,Hospitalisation,2015,15,Angle,Multi-Vehicle,152.932228,-27.604085,Boundary Rd,Formation St,Wacol,Inala,Intersection - Roundabout,Give way sign,60 km/h,Sealed - Wet,Daylight,Straight,Veh'S Adjacent Approach: Thru-Thru,Intersection from adjacent approaches,0,1,0,0,1,2,0,0,0,0,0,0
286806,Hospitalisation,2015,16,Hit object,Single Vehicle,153.075131,-27.512747,Boundary Rd,,Coorparoo,Greenslopes,No Roadway Feature,No traffic control,70 km/h,Sealed - Wet,Daylight,Curved - view open,Off Path-Curve: Off Cway Lt Bend Hit Obj,Off carriageway on curve hit object,0,1,0,0,1,1,0,0,0,0,0,0
286808,Medical treatment,2015,13,Angle,Multi-Vehicle,153.097143,-27.464276,Creek Rd,Edge St,Murarrie,Bulimba,Intersection - Cross,Operating traffic lights,60 km/h,Sealed - Dry,Daylight,Straight,Veh'S Adjacent Approach: Thru-Thru,Intersection from adjacent approaches,0,0,1,0,1,2,0,0,0,0,0,0
286811,Medical treatment,2015,23,Angle,Multi-Vehicle,153.035887,-27.484564,Main St,,Woolloongabba,South Brisbane,Intersection - Cross,Operating traffic lights,60 km/h,Sealed - Dry,Darkness - Lighted,Straight,Veh'S Adjacent Approach: Thru-Thru,Intersection from adjacent approaches,0,0,2,0,2,2,0,0,0,0,0,0
286844,Medical treatment,2015,17,Rear-end,Multi-Vehicle,153.030618,-27.51501,Ipswich Rd,,Annerley,Yeerongpilly,No Roadway Feature,No traffic control,60 km/h,Sealed - Dry,Daylight,Straight,Veh'S Same Direction: Rear End,Rear-end,0,0,1,0,1,2,0,0,0,0,0,1
286845,Medical treatment,2015,8,Sideswipe,Multi-Vehicle,153.0914764,-27.51699834,Pine Mountain Rd,,Mount Gravatt East,Mansfield,No Roadway Feature,No traffic control,60 km/h,Sealed - Dry,Daylight,Straight,Veh'S Same Direction: Right Turn S/Swipe,Parallel lanes turning,0,0,1,1,2,2,0,0,0,0,0,0
286846,Hospitalisation,2015,7,Angle,Multi-Vehicle,153.161442,-27.431574,Wassell St,Wynnum North Rd,Wynnum,Lytton,Intersection - T-Junction,No traffic control,60 km/h,Sealed - Dry,Daylight,Straight,Veh'S Adjacent Approach: Right-Thru,Intersection from adjacent approaches,0,1,0,0,1,1,1,0,0,0,0,0
286875,Medical treatment,2015,12,Rear-end,Multi-Vehicle,153.062505,-27.611438,Compton Rd,,Stretton,Stretton,No Roadway Feature,No traffic control,60 km/h,Sealed - Dry,Daylight,Straight,Veh'S Same Direction: Rear End,Rear-end,0,0,1,0,1,2,0,0,0,0,0,0
286877,Medical treatment,2015,18,Rear-end,Multi-Vehicle,152.991008,-27.594081,Inala Ave,,Durack,Sunnybank,No Roadway Feature,No traffic control,80 - 90 km/h,Sealed - Wet,Darkness - Lighted,Straight,Veh'S Same Direction: Rear End,Rear-end,0,0,1,0,1,2,0,0,0,0,0,0
286880,Medical treatment,2015,13,Angle,Multi-Vehicle,152.981606,-27.539819,Nelson St,Oxley Rd,Corinda,Mount Ommaney,Intersection - Cross,Operating traffic lights,60 km/h,Sealed - Wet,Daylight,Straight,Veh'S Opposite Approach: Thru-Right,Opposing vehicles turning,0,0,1,0,1,2,0,0,0,0,0,0
286881,Medical treatment,2015,13,Angle,Multi-Vehicle,153.089109,-27.60374,Beenleigh Rd,Donegal St,Kuraby,Stretton,Intersection - T-Junction,Stop sign,60 km/h,Sealed - Wet,Daylight,Straight,Veh'S Adjacent Approach: Thru-Right,Intersection from adjacent approaches,0,0,1,0,1,2,0,0,0,0,0,0
286882,Medical treatment,2015,17,Hit pedestrian,Hit pedestrian,153.092339,-27.591269,Gaskell St,Underwood Rd,Eight Mile Plains,Stretton,Intersection - T-Junction,Stop sign,60 km/h,Sealed - Dry,Dawn/Dusk,Straight,Ped'N: Near Side Vehicle Hit From Right,Pedestrian,0,0,1,0,1,1,0,0,0,0,1,0
286883,Medical treatment,2015,14,Rear-end,Multi-Vehicle,153.07888,-27.560561,Griffith Arterial Rd,,Upper Mount Gravatt,Mansfield,Intersection - Cross,Operating traffic lights,60 km/h,Sealed - Dry,Daylight,Straight,Veh'S Same Direction: Rear End,Rear-end,0,0,1,0,1,2,0,0,0,0,0,0
286884,Medical treatment,2015,21,Rear-end,Multi-Vehicle,153.030881,-27.483799,Allen St,Vulture St,Woolloongabba,South Brisbane,Intersection - T-Junction,Operating traffic lights,60 km/h,Sealed - Dry,Darkness - Lighted,Curved - view open,Veh'S Same Direction: Rear End,Rear-end,0,0,1,0,1,2,0,0,0,0,0,0
286904,Medical treatment,2015,12,Sideswipe,Multi-Vehicle,152.9319849,-27.60543082,Boundary Rd,,Wacol,Inala,No Roadway Feature,No traffic control,60 km/h,Sealed - Dry,Daylight,Straight,Veh'S Same Direction: Right Turn S/Swipe,Parallel lanes turning,0,0,2,0,2,2,0,0,0,0,0,0
286905,Hospitalisation,2015,18,Hit pedestrian,Hit pedestrian,153.032668,-27.508712,Annerley Rd,Cronin St,Annerley,South Brisbane,Intersection - T-Junction,No traffic control,60 km/h,Sealed - Dry,Darkness - Lighted,Curved - view open,Ped'N: Far Side Vehicle Hit From Left,Pedestrian,0,1,0,0,1,1,0,0,0,0,1,0
286908,Medical treatment,2015,7,Rear-end,Multi-Vehicle,152.9903413,-27.64155253,Logan Mwy,,Heathwood,Algester,No Roadway Feature,No traffic control,100 - 110 km/h,Sealed - Dry,Daylight,Curved - view open,Veh'S Same Direction: Rear End,Rear-end,0,0,2,0,2,2,0,0,0,0,0,0
286909,Hospitalisation,2015,7,Sideswipe,Multi-Vehicle,153.018897,-27.482276,Gladstone Rd,,Highgate Hill,South Brisbane,No Roadway Feature,No traffic control,60 km/h,Sealed - Dry,Daylight,Straight,Veh'S Same Direction: Left Turn S/Swipe,Parallel lanes turning,0,1,0,0,1,0,0,1,0,1,0,0
286910,Medical treatment,2015,18,Rear-end,Multi-Vehicle,153.0333824,-27.48070249,Llewellyn St,River Tce,Kangaroo Point,South Brisbane,Intersection - T-Junction,Give way sign,60 km/h,Sealed - Dry,Darkness - Lighted,Straight,Veh'S Same Direction: Right Rear,Rear-end,0,0,1,0,1,2,0,0,0,0,0,0
286941,Medical treatment,2015,5,Rear-end,Multi-Vehicle,153.0622287,-27.56029049,Griffith Arterial Rd,,Nathan,Yeerongpilly,Intersection - Interchange,No traffic control,60 km/h,Sealed - Dry,Dawn/Dusk,Straight,Veh'S Same Direction: Rear End,Rear-end,0,0,1,0,1,4,0,0,0,0,0,0
286949,Hospitalisation,2015,8,Angle,Multi-Vehicle,153.164154,-27.500204,Archer St,Grassdale Rd,Gumdale,Chatsworth,Intersection - Cross,Stop sign,60 km/h,Sealed - Dry,Daylight,Straight,Veh'S Adjacent Approach: Thru-Thru,Intersection from adjacent approaches,0,1,0,0,1,2,0,0,0,0,0,0
286973,Hospitalisation,2015,0,Rear-end,Multi-Vehicle,153.0647566,-27.59676284,Gowan Rd,,Sunnybank Hills,Stretton,No Roadway Feature,No traffic control,60 km/h,Sealed - Wet,Darkness - Lighted,Straight,Veh'S Same Direction: Rear End,Rear-end,0,3,0,0,3,2,0,0,0,0,0,0
286974,Medical treatment,2015,14,Angle,Multi-Vehicle,153.059061,-27.534495,Gaza Rd,Messines Ridge Rd,Holland Park West,Greenslopes,Intersection - Cross,Operating traffic lights,60 km/h,Sealed - Dry,Daylight,Straight,Veh'S Opposite Approach: Thru-Right,Opposing vehicles turning,0,0,1,0,1,2,0,0,0,0,0,0
286976,Medical treatment,2015,7,Rear-end,Multi-Vehicle,153.037197,-27.475495,O'Connell St,Shafston Ave,Kangaroo Point,South Brisbane,Intersection - T-Junction,Operating traffic lights,60 km/h,Sealed - Dry,Daylight,Straight,Veh'S Same Direction: Rear End,Rear-end,0,0,1,0,1,2,0,0,0,0,0,0
286977,Fatal,2015,18,Hit pedestrian,Hit pedestrian,153.039598,-27.497642,O'Keefe St,,Woolloongabba,South Brisbane,No Roadway Feature,No traffic control,60 km/h,Sealed - Dry,Darkness - Lighted,Straight,Ped'N: Far Side Vehicle Hit From Left,Pedestrian,1,0,0,0,1,1,0,0,0,0,1,0
287007,Minor injury,2015,17,Angle,Multi-Vehicle,153.054378,-27.611371,Calam Rd,Compton Rd,Sunnybank Hills,Stretton,Intersection - T-Junction,Operating traffic lights,60 km/h,Sealed - Dry,Darkness - Lighted,Straight,Veh'S Opposite Approach: Thru-Right,Opposing vehicles turning,0,0,0,1,1,3,0,0,0,0,0,0
287008,Medical treatment,2015,12,Rear-end,Multi-Vehicle,153.0360618,-27.57281294,Lensworth St,,Coopers Plains,Sunnybank,No Roadway Feature,No traffic control,60 km/h,Sealed - Dry,Daylight,Straight,Veh'S Same Direction: Rear End,Rear-end,0,0,1,0,1,2,0,0,0,0,0,0
287009,Medical treatment,2015,8,Angle,Multi-Vehicle,153.061397,-27.505386,Cavendish Rd,Chatsworth Rd,Coorparoo,Greenslopes,Intersection - Cross,Operating traffic lights,60 km/h,Sealed - Dry,Daylight,Curved - view open,Veh'S Opposite Approach: Thru-Right,Opposing vehicles turning,0,0,1,0,1,2,0,0,0,0,0,0
287012,Minor injury,2015,16,Sideswipe,Multi-Vehicle,152.974678,-27.509721,Bridge St,Wharf St,Chelmer,Indooroopilly,Intersection - T-Junction,Operating traffic lights,60 km/h,Sealed - Dry,Daylight,Straight,Veh'S Same Direction: Right Turn S/Swipe,Parallel lanes turning,0,0,0,1,1,1,0,0,0,0,0,1
287013,Medical treatment,2015,15,Rear-end,Multi-Vehicle,153.0356327,-27.4636726,Story Bridge,,Kangaroo Point,South Brisbane,No Roadway Feature,No traffic control,60 km/h,Sealed - Dry,Daylight,Straight,Veh'S Same Direction: Rear End,Rear-end,0,0,1,0,1,2,0,0,0,0,0,0
287038,Medical treatment,2015,11,Angle,Multi-Vehicle,152.945161,-27.597549,Progress Rd,Western Arterial Rd,Richlands,Inala,Intersection - Interchange,Operating traffic lights,0 - 50 km/h,Sealed - Dry,Daylight,Straight,Veh'S Adjacent Approach: Thru-Right,Intersection from adjacent approaches,0,0,1,5,6,2,0,0,0,0,0,0
287039,Hospitalisation,2015,23,Hit object,Single Vehicle,152.996759,-27.593283,King Ave,,Durack,Sunnybank,Bridge/Causeway,No traffic control,80 - 90 km/h,Sealed - Dry,Darkness - Not lighted,Straight,Off Path-Straight:Right Off Cway Hit Obj,Off carriageway on straight hit object,0,2,1,0,3,1,0,0,0,0,0,0
287040,Medical treatment,2015,21,Hit object,Single Vehicle,153.14669,-27.470187,Cassim Wy,Crusoe Pl,Tingalpa,Lytton,Intersection - Roundabout,No traffic control,0 - 50 km/h,Sealed - Dry,Darkness - Lighted,Straight,Off Path-Straight: Left Off Cway Hit Obj,Off carriageway on straight hit object,0,0,1,0,1,1,0,0,0,0,0,0
287072,Minor injury,2015,11,Angle,Multi-Vehicle,153.107109,-27.455354,Gateway Arterial Rd,Port Of Brisbane Rd,Murarrie,Bulimba,Intersection - Interchange,Operating traffic lights,60 km/h,Sealed - Dry,Daylight,Straight,Veh'S Adjacent Approach: Thru-Right,Intersection from adjacent approaches,0,0,0,1,1,2,0,0,0,0,0,0