Crash_Ref_Number,Severity,Year,Hour,Crash_Nature,Crash_Type,Longitude,Latitude,Street,Street_Intersecting,Suburb,Loc_State_Electorate,Crash_Roadway_Feature,Crash_Traffic_Control,Crash_Speed_Limit,Crash_Road_Surface_Condition,Crash_Lighting_Condition,Crash_Road_Horiz_Align,Crash_DCA_Description,Crash_DCA_Group_Description,Count_Casualty_Fatality,Count_Casualty_Hospitalised,Count_Casualty_MedicallyTreated,Count_Casualty_MinorInjury,Count_Casualty_Total,Count_Unit_Car,Count_Unit_Motorcycle_Moped,Count_Unit_Truck,Count_Unit_Bus,Count_Unit_Bicycle,Count_Unit_Pedestrian,Count_Unit_Other
287105,Hospitalisation,2015,20,Angle,Multi-Vehicle,153.05433,-27.611654,Calam Rd,,Calamvale,Stretton,Intersection - T-Junction,Operating traffic lights,60 km/h,Sealed - Dry,Darkness - Lighted,Straight,Veh'S Opposite Approach: Thru-Right,Opposing vehicles turning,0,2,0,0,2,3,0,0,0,0,0,0
287106,Medical treatment,2015,13,Angle,Multi-Vehicle,153.0385581,-27.50405288,Duke St,Juliette St,Annerley,South Brisbane,Intersection - Cross,Operating traffic lights,60 km/h,Sealed - Dry,Daylight,Straight,Veh'S Same Direction: Left Turn S/Swipe,Parallel lanes turning,0,0,1,0,1,1,0,1,0,0,0,0
287109,Hospitalisation,2015,20,Angle,Multi-Vehicle,153.046338,-27.506683,Bunya St,Dunellan St,Greenslopes,South Brisbane,Intersection - Cross,Stop sign,0 - 50 km/h,Sealed - Dry,Darkness - Lighted,Straight,Veh'S Adjacent Approach: Thru-Thru,Intersection from adjacent approaches,0,1,0,0,1,2,0,0,0,0,0,0
287110,Medical treatment,2015,8,Rear-end,Multi-Vehicle,153.075731,-27.500071,Boundary Rd,Chatsworth Rd,Camp Hill,Greenslopes,Intersection - T-Junction,Give way sign,60 km/h,Sealed - Dry,Daylight,Straight,Veh'S Same Direction: Left Rear,Rear-end,0,0,2,0,2,2,0,0,0,0,0,0
287111,Medical treatment,2015,15,Angle,Multi-Vehicle,153.059061,-27.534495,Gaza Rd,Messines Ridge Rd,Holland Park West,Greenslopes,Intersection - T-Junction,Operating traffic lights,60 km/h,Sealed - Dry,Daylight,Straight,Veh'S Opposite Approach: Thru-Right,Opposing vehicles turning,0,0,1,1,2,2,0,0,0,0,0,0
287112,Medical treatment,2015,9,Rear-end,Multi-Vehicle,152.976006,-27.587089,Glenala Rd,Rosemary St,Inala,Inala,Intersection - T-Junction,Operating traffic lights,60 km/h,Sealed - Dry,Daylight,Straight,Veh'S Same Direction: Rear End,Rear-end,0,0,1,0,1,2,0,0,0,0,0,0
287113,Medical treatment,2015,15,Angle,Multi-Vehicle,152.971818,-27.600475,Kittyhawk Ave,Wirraway Pde,Inala,Inala,Intersection - T-Junction,No traffic control,60 km/h,Sealed - Dry,Daylight,Straight,Veh'S Opposite Approach: Thru-Right,Opposing vehicles turning,0,0,1,0,1,2,0,0,0,0,0,0
287114,Medical treatment,2015,16,Rear-end,Multi-Vehicle,153.011811,-27.542754,Ipswich Mwy,,Rocklea,Yeerongpilly,Intersection - T-Junction,No traffic control,0 - 50 km/h,Sealed - Dry,Dawn/Dusk,Straight,Veh'S Same Direction: Right Rear,Rear-end,0,0,1,0,1,2,0,0,0,0,0,0
287115,Medical treatment,2015,13,Rear-end,Multi-Vehicle,152.9867028,-27.53299158,Sherwood Rd,,Sherwood,Indooroopilly,No Roadway Feature,No traffic control,60 km/h,Sealed - Dry,Daylight,Straight,Veh'S Same Direction: Rear End,Rear-end,0,0,1,0,1,1,0,1,0,0,0,0
287117,Medical treatment,2015,13,Rear-end,Multi-Vehicle,153.085305,-27.587935,Warrigal Rd,,Runcorn,Sunnybank,No Roadway Feature,No traffic control,0 - 50 km/h,Sealed - Dry,Daylight,Straight,Veh'S Same Direction: Rear End,Rear-end,0,0,1,0,1,3,0,0,0,0,0,0
287144,Hospitalisation,2015,15,Rear-end,Multi-Vehicle,153.0361056,-27.65996553,Johnson Rd,,Parkinson,Algester,No Roadway Feature,No traffic control,60 km/h,Sealed - Dry,Daylight,Straight,Veh'S Same Direction: Rear End,Rear-end,0,1,0,0,1,2,0,1,0,0,0,0
287145,Hospitalisation,2015,18,Head-on,Multi-Vehicle,153.075785,-27.500234,Boundary Rd,Samuel St,Camp Hill,Greenslopes,Intersection - Cross,Operating traffic lights,60 km/h,Sealed - Dry,Dawn/Dusk,Straight,Veh'S Opposite Approach: Thru-Right,Opposing vehicles turning,0,2,0,0,2,2,0,0,0,0,0,0
287146,Hospitalisation,2015,15,Rear-end,Multi-Vehicle,153.042733,-27.49813,Logan Rd,,Greenslopes,South Brisbane,No Roadway Feature,No traffic control,60 km/h,Sealed - Dry,Daylight,Straight,Veh'S Same Direction: Rear End,Rear-end,0,1,1,0,2,3,0,0,0,0,0,0
287147,Medical treatment,2015,15,Rear-end,Multi-Vehicle,153.042776,-27.498175,Logan Rd,,Greenslopes,South Brisbane,Bridge/Causeway,No traffic control,60 km/h,Sealed - Dry,Daylight,Straight,Veh'S Same Direction: Rear End,Rear-end,0,0,1,0,1,2,0,0,1,0,0,0
287149,Medical treatment,2015,8,Rear-end,Multi-Vehicle,153.055382,-27.559426,Griffith Arterial Rd,,Robertson,Sunnybank,No Roadway Feature,No traffic control,70 km/h,Sealed - Dry,Daylight,Straight,Veh'S Same Direction: Rear End,Rear-end,0,0,2,0,2,3,0,0,0,0,0,0
287150,Medical treatment,2015,13,Hit parked vehicle,Single Vehicle,153.027706,-27.485179,Raymond Tce,,South Brisbane,South Brisbane,No Roadway Feature,No traffic control,0 - 50 km/h,Sealed - Dry,Daylight,Curved - view open,Veh'S Manoeuvring: Other,Other,0,0,1,0,1,2,0,0,0,0,0,0
287155,Medical treatment,2015,14,Rear-end,Multi-Vehicle,153.005478,-27.656077,Johnson Rd,,Larapinta,Algester,No Roadway Feature,No traffic control,60 km/h,Sealed - Dry,Daylight,Straight,Veh'S Same Direction: Rear End,Rear-end,0,0,1,0,1,2,0,0,0,0,0,0
287175,Hospitalisation,2015,13,Angle,Multi-Vehicle,152.918708,-27.604524,Logan Mwy,Viking Dr,Wacol,Inala,Intersection - T-Junction,Give way sign,60 km/h,Sealed - Dry,Daylight,Straight,Veh'S Opposite Approach: Thru-Right,Opposing vehicles turning,0,1,0,0,1,1,0,0,0,0,0,1
287176,Hospitalisation,2015,23,Hit object,Single Vehicle,153.076708,-27.535083,Logan Rd,,Mount Gravatt,Greenslopes,No Roadway Feature,No traffic control,60 km/h,Sealed - Wet,Darkness - Lighted,Straight,Off Path-Straight: Left Off Cway Hit Obj,Off carriageway on straight hit object,0,1,0,0,1,1,0,0,0,0,0,0
287179,Medical treatment,2015,13,Angle,Multi-Vehicle,153.106223,-27.577735,Gateway Art Rd Ramp Ma,Miles Platting Rd,Rochedale,Mansfield,Intersection - Interchange,Operating traffic lights,60 km/h,Sealed - Dry,Daylight,Straight,Veh'S Opposite Approach: Thru-Right,Opposing vehicles turning,0,0,1,0,1,2,0,0,0,0,0,0
287214,Medical treatment,2015,6,Angle,Multi-Vehicle,153.0573099,-27.58589682,Beenleigh Rd,Woff St,Sunnybank,Sunnybank,Intersection - Cross,Operating traffic lights,60 km/h,Sealed - Dry,Daylight,Straight,Veh'S Adjacent Approach: Thru-Thru,Intersection from adjacent approaches,0,0,3,0,3,2,0,0,0,0,0,0
287215,Medical treatment,2015,10,Angle,Multi-Vehicle,153.034853,-27.520023,Cracknell Rd,Ekibin Rd E,Tarragindi,Yeerongpilly,Intersection - Roundabout,Give way sign,0 - 50 km/h,Sealed - Dry,Daylight,Straight,Veh'S Adjacent Approach: Thru-Thru,Intersection from adjacent approaches,0,0,1,0,1,2,0,0,0,0,0,0
287219,Medical treatment,2015,23,Hit object,Single Vehicle,153.090831,-27.551288,Zetland St,,Upper Mount Gravatt,Mansfield,No Roadway Feature,No traffic control,0 - 50 km/h,Sealed - Dry,Darkness - Lighted,Straight,Off Path-Straight:Right Off Cway Hit Obj,Off carriageway on straight hit object,0,0,1,0,1,1,0,0,0,0,0,0
287220,Medical treatment,2015,18,Hit pedestrian,Hit pedestrian,153.063455,-27.575324,Mains Rd,,Sunnybank,Sunnybank,No Roadway Feature,No traffic control,70 km/h,Sealed - Dry,Darkness - Lighted,Straight,Ped'N: Far Side Vehicle Hit From Left,Pedestrian,0,0,1,0,1,1,0,0,0,0,1,0
287221,Hospitalisation,2015,8,Fall from vehicle,Single Vehicle,153.130368,-27.473436,Wynnum Rd,,Tingalpa,Chatsworth,No Roadway Feature,No traffic control,60 km/h,Sealed - Wet,Daylight,Straight,Off Path-Straight:Out Of Control On Cway,Out of control on straight,0,1,0,0,1,0,1,0,0,0,0,0
287222,Medical treatment,2015,9,Rear-end,Multi-Vehicle,153.118099,-27.474335,Wynnum Rd,,Tingalpa,Chatsworth,No Roadway Feature,No traffic control,60 km/h,Sealed - Dry,Daylight,Straight,Veh'S Same Direction: Rear End,Rear-end,0,0,1,0,1,2,0,0,0,0,0,0
287249,Medical treatment,2015,9,Angle,Multi-Vehicle,153.071832,-27.515604,Holland Rd,Newbolt St,Holland Park,Greenslopes,Intersection - T-Junction,No traffic control,60 km/h,Sealed - Dry,Daylight,Straight,Veh'S Opposite Approach: Thru-Right,Opposing vehicles turning,0,0,1,0,1,2,0,0,0,0,0,0
287250,Hospitalisation,2015,7,Angle,Multi-Vehicle,153.004808,-27.476945,Jane St,Riverside Dr,West End,South Brisbane,Intersection - T-Junction,No traffic control,0 - 50 km/h,Sealed - Dry,Daylight,Straight,Veh'S Same Direction: Right Turn S/Swipe,Parallel lanes turning,0,1,0,0,1,1,0,0,0,1,0,0
287251,Medical treatment,2015,11,Angle,Multi-Vehicle,153.168976,-27.453133,Thomas St,Worthing St,Wynnum,Lytton,Intersection - T-Junction,Give way sign,60 km/h,Sealed - Dry,Daylight,Straight,Veh'S Adjacent Approach: Thru-Right,Intersection from adjacent approaches,0,0,1,0,1,2,0,0,0,0,0,0
287269,Hospitalisation,2015,22,Hit object,Single Vehicle,153.035322,-27.616533,Algester Rd,,Calamvale,Stretton,No Roadway Feature,No traffic control,60 km/h,Sealed - Dry,Darkness - Lighted,Curved - view open,Off Path-Curve: Mounts Traffic Island,Off carriageway on curve hit object,0,1,0,0,1,1,0,0,0,0,0,0
287272,Medical treatment,2015,17,Angle,Multi-Vehicle,153.072761,-27.515036,Boundary Rd,Cavendish Rd,Holland Park,Greenslopes,Intersection - Cross,Operating traffic lights,60 km/h,Sealed - Dry,Daylight,Straight,Veh'S Opposite Approach: Thru-Right,Opposing vehicles turning,0,0,1,0,1,2,0,0,0,0,0,0
287273,Medical treatment,2015,12,Angle,Multi-Vehicle,152.973034,-27.600729,Partridge St,Wirraway Pde,Inala,Inala,Intersection - T-Junction,No traffic control,60 km/h,Sealed - Dry,Daylight,Straight,Veh'S Adjacant Approach: Thru-Left,Intersection from adjacent approaches,0,0,1,0,1,2,0,0,0,0,0,0
287297,Medical treatment,2015,15,Hit pedestrian,Hit pedestrian,153.063157,-27.459803,Barton Rd,Riding Rd,Balmoral,Bulimba,Intersection - Cross,No traffic control,60 km/h,Sealed - Wet,Daylight,Straight,Ped'N: Far Side Vehicle Hit From Left,Pedestrian,0,0,1,0,1,1,0,0,0,0,1,0
287298,Hospitalisation,2015,7,Angle,Multi-Vehicle,153.05951,-27.466787,Billington St,Hawthorne Rd,Hawthorne,Bulimba,Intersection - T-Junction,Give way sign,60 km/h,Sealed - Dry,Daylight,Straight,Veh'S Adjacent Approach: Left-Right,Intersection from adjacent approaches,0,1,0,0,1,1,0,0,0,0,0,1
287299,Medical treatment,2015,21,Angle,Multi-Vehicle,153.011629,-27.483195,Boundary St,Brighton Rd,West End,South Brisbane,Intersection - T-Junction,Give way sign,0 - 50 km/h,Sealed - Dry,Darkness - Lighted,Straight,Veh'S Adjacent Approach: Thru-Right,Intersection from adjacent approaches,0,0,1,1,2,2,0,0,0,0,0,0
287300,Medical treatment,2015,17,Rear-end,Multi-Vehicle,153.129798,-27.47508,Manly Rd,,Tingalpa,Chatsworth,No Roadway Feature,No traffic control,60 km/h,Sealed - Dry,Daylight,Straight,Veh'S Same Direction: Rear End,Rear-end,0,0,1,0,1,2,0,0,0,0,0,0
287333,Medical treatment,2015,19,Rear-end,Multi-Vehicle,153.056684,-27.473675,Wynnum Rd,,Norman Park,Bulimba,No Roadway Feature,No traffic control,60 km/h,Sealed - Dry,Darkness - Lighted,Straight,Veh'S Same Direction: Rear End,Rear-end,0,0,1,0,1,2,0,0,0,0,0,0
287334,Medical treatment,2015,8,Rear-end,Multi-Vehicle,153.071007,-27.568692,Carnaby St,Granadilla St,Macgregor,Sunnybank,Intersection - T-Junction,No traffic control,0 - 50 km/h,Sealed - Dry,Daylight,Straight,Veh'S Same Direction: Right Rear,Rear-end,0,0,2,2,4,2,0,0,0,0,0,0
287335,Medical treatment,2015,5,Rear-end,Multi-Vehicle,153.106051,-27.577637,Gateway Art Rd Ramp Ma,Miles Platting Rd,Rochedale,Mansfield,Intersection - Interchange,Operating traffic lights,60 km/h,Sealed - Dry,Daylight,Straight,Veh'S Same Direction: Right Rear,Rear-end,0,0,2,0,2,2,0,0,0,0,0,0
287361,Hospitalisation,2015,7,Rear-end,Multi-Vehicle,152.936615,-27.548448,Arrabri Ave,Dandenong Rd,Mount Ommaney,Mount Ommaney,Intersection - T-Junction,Operating traffic lights,60 km/h,Sealed - Dry,Daylight,Curved - view open,Veh'S Same Direction: Rear End,Rear-end,0,1,0,0,1,2,0,0,0,0,0,0
287362,Hospitalisation,2015,12,Rear-end,Multi-Vehicle,152.947153,-27.561306,Perivale St,Westcombe St,Darra,Mount Ommaney,Intersection - T-Junction,No traffic control,60 km/h,Sealed - Dry,Daylight,Straight,Veh'S Same Direction: Right Rear,Rear-end,0,1,1,0,2,1,0,1,0,0,0,0
287363,Hospitalisation,2015,15,Angle,Multi-Vehicle,153.057264,-27.585963,Beenleigh Rd,Wynne St,Sunnybank,Sunnybank,Intersection - Cross,Operating traffic lights,60 km/h,Sealed - Wet,Daylight,Straight,Veh'S Opposite Approach: Thru-Right,Opposing vehicles turning,0,1,1,0,2,4,0,0,0,0,1,0
287364,Medical treatment,2015,12,Rear-end,Multi-Vehicle,153.024169,-27.568304,Boundary Rd,Mt Lindesay Art. Rd,Coopers Plains,Sunnybank,Intersection - Cross,Operating traffic lights,60 km/h,Sealed - Dry,Daylight,Straight,Veh'S Same Direction: Rear End,Rear-end,0,0,1,0,1,2,0,0,0,0,0,0
287367,Medical treatment,2015,11,Rear-end,Multi-Vehicle,153.074483,-27.532764,Gordon Pde,Logan Rd,Mount Gravatt,Greenslopes,Intersection - Cross,Operating traffic lights,60 km/h,Sealed - Dry,Daylight,Straight,Veh'S Same Direction: Rear End,Rear-end,0,0,1,0,1,2,0,0,0,0,0,0
287368,Medical treatment,2015,8,Hit object,Single Vehicle,153.056976,-27.528026,South East Arterial Rd,,Holland Park West,Greenslopes,No Roadway Feature,No traffic control,100 - 110 km/h,Sealed - Wet,Daylight,Straight,Veh'S Same Direction: Other,Other,0,0,2,0,2,5,0,0,0,0,0,0
287388,Hospitalisation,2015,7,Angle,Multi-Vehicle,153.026178,-27.584096,Mt Lindesay Art. Rd,Sussex Rd,Acacia Ridge,Sunnybank,Intersection - T-Junction,No traffic control,70 km/h,Sealed - Dry,Daylight,Straight,Veh'S Manoeuvring: Entering From Footway,Vehicle leaving driveway,0,1,0,0,1,1,1,0,0,0,0,0
287389,Medical treatment,2015,15,Rear-end,Multi-Vehicle,153.066103,-27.572151,Mccullough St,,Sunnybank,Sunnybank,No Roadway Feature,Operating traffic lights,0 - 50 km/h,Sealed - Dry,Daylight,Straight,Veh'S Same Direction: Rear End,Rear-end,0,0,2,0,2,2,0,0,0,0,0,0
287390,Hospitalisation,2015,9,Fall from vehicle,Single Vehicle,153.041692,-27.487401,Stanley St East,,East Brisbane,South Brisbane,No Roadway Feature,No traffic control,60 km/h,Sealed - Dry,Daylight,Straight,Veh'S Same Direction: Rear End,Rear-end,0,1,0,0,1,1,1,0,0,0,0,0
287391,Hospitalisation,2015,8,Rear-end,Multi-Vehicle,153.152239,-27.468154,Wondall Rd,,Tingalpa,Lytton,No Roadway Feature,No traffic control,60 km/h,Sealed - Dry,Daylight,Straight,Veh'S Same Direction: Rear End,Rear-end,0,1,0,0,1,3,0,0,0,0,0,0
287420,Medical treatment,2015,9,Angle,Multi-Vehicle,153.03156,-27.513952,Waterton St,,Annerley,Yeerongpilly,No Roadway Feature,No traffic control,0 - 50 km/h,Sealed - Dry,Daylight,Straight,Veh'S Manoeuvring: Leaving Driveway,Vehicle leaving driveway,0,0,1,0,1,1,1,0,0,0,0,0
287424,Medical treatment,2015,7,Angle,Multi-Vehicle,153.016868,-27.532,Forest St,Ipswich Rd,Moorooka,Yeerongpilly,Intersection - Cross,Give way sign,60 km/h,Sealed - Dry,Daylight,Straight,Veh'S Adjacent Approach: Right-Thru,Intersection from adjacent approaches,0,0,1,0,1,2,0,0,0,0,0,0
287425,Hospitalisation,2015,15,Hit pedestrian,Hit pedestrian,153.072476,-27.456823,Thynne Rd,,Balmoral,Bulimba,No Roadway Feature,Operating traffic lights,0 - 50 km/h,Sealed - Dry,Daylight,Straight,Ped'N: Near Side Vehicle Hit From Right,Pedestrian,0,1,0,0,1,1,0,0,0,0,1,0
287426,Medical treatment,2015,5,Rear-end,Multi-Vehicle,153.064096,-27.483782,Bennetts Rd,,Norman Park,Bulimba,No Roadway Feature,No traffic control,60 km/h,Sealed - Dry,Daylight,Straight,Veh'S Same Direction: Rear End,Rear-end,0,0,1,0,1,2,0,0,0,0,0,0
287427,Hospitalisation,2015,7,Sideswipe,Multi-Vehicle,153.109776,-27.4605984,Gateway Art Rd Off Ramp,,Murarrie,Bulimba,No Roadway Feature,No traffic control,100 - 110 km/h,Sealed - Dry,Daylight,Straight,Veh'S Same Direction: Lane Change Right,Lane changes,0,1,0,0,1,1,0,1,0,0,0,0
287428,Medical treatment,2015,15,Angle,Multi-Vehicle,153.0323,-27.48599,Leopard St,Stanley St,Woolloongabba,South Brisbane,Intersection - Cross,Operating traffic lights,60 km/h,Sealed - Dry,Daylight,Curved - view open,Veh'S Adjacent Approach: Thru-Thru,Intersection from adjacent approaches,0,0,1,0,1,2,0,0,0,0,0,0
287436,Hospitalisation,2015,16,Rear-end,Multi-Vehicle,153.182616,-27.516374,Cleveland Sub-Arterial Rd,,Chandler,Chatsworth,No Roadway Feature,No traffic control,70 km/h,Sealed - Dry,Daylight,Straight,Veh'S Same Direction: Right Rear,Rear-end,0,1,0,0,1,3,0,0,0,0,0,0
287437,Hospitalisation,2015,19,Angle,Multi-Vehicle,153.170728,-27.510158,Cleveland Sub-Arterial Rd,,Chandler,Chatsworth,No Roadway Feature,No traffic control,80 - 90 km/h,Sealed - Dry,Darkness - Lighted,Straight,Veh'S Same Direction: Left Turn S/Swipe,Parallel lanes turning,0,1,0,0,1,2,0,0,0,0,0,0
287462,Medical treatment,2015,8,Rear-end,Multi-Vehicle,153.036316,-27.596143,Bradman St,Mt Lindesay Art. Rd,Acacia Ridge,Sunnybank,Intersection - Cross,Flashing amber lights,80 - 90 km/h,Sealed - Dry,Daylight,Straight,Veh'S Same Direction: Rear End,Rear-end,0,0,1,0,1,2,0,0,0,0,0,0
287463,Medical treatment,2015,10,Angle,Multi-Vehicle,153.087983,-27.499583,Jones Rd,Napier St,Carina Heights,Chatsworth,Intersection - T-Junction,Stop sign,0 - 50 km/h,Sealed - Dry,Darkness - Lighted,Straight,Veh'S Adjacent Approach: Thru-Right,Intersection from adjacent approaches,0,0,1,0,1,2,0,0,0,0,0,0
287466,Hospitalisation,2015,20,Angle,Multi-Vehicle,152.982216,-27.576543,Blunder Rd,Freeman Rd,Durack,Inala,Intersection - Cross,Operating traffic lights,60 km/h,Sealed - Dry,Darkness - Lighted,Straight,Veh'S Opposite Approach: Thru-Right,Opposing vehicles turning,0,4,0,0,4,2,0,0,0,0,0,0
287467,Medical treatment,2015,9,Angle,Multi-Vehicle,152.975656,-27.597693,Corsair Ave,Inala Ave,Inala,Inala,Intersection - T-Junction,Operating traffic lights,60 km/h,Sealed - Dry,Daylight,Straight,Veh'S Opposite Approach: Thru-Right,Opposing vehicles turning,0,0,2,0,2,2,0,0,0,0,0,0
287469,Minor injury,2015,5,Hit parked vehicle,Single Vehicle,153.0908913,-27.54706054,Wishart Rd,,Upper Mount Gravatt,Mansfield,No Roadway Feature,No traffic control,0 - 50 km/h,Sealed - Dry,Daylight,Straight,Veh'S On Path: Parked,Hit parked vehicle,0,0,0,1,1,2,0,0,0,0,0,0
287470,Hospitalisation,2015,17,Angle,Multi-Vehicle,153.1550464,-27.55745384,Redland Sub-Arterial Rd,,Burbank,Mansfield,No Roadway Feature,No traffic control,80 - 90 km/h,Sealed - Dry,Dawn/Dusk,Curved - view open,Veh'S Adjacent Approach: Other,Intersection from adjacent approaches,0,1,2,0,3,1,0,1,0,0,0,0
287500,Hospitalisation,2015,21,Hit parked vehicle,Single Vehicle,152.9280214,-27.60005583,Industrial Ave,,Wacol,Inala,No Roadway Feature,No traffic control,60 km/h,Sealed - Dry,Darkness - Lighted,Straight,Veh'S On Path: Parked,Hit parked vehicle,0,1,0,0,1,1,0,0,0,0,0,1
287504,Minor injury,2015,13,Rear-end,Multi-Vehicle,153.018625,-27.474517,Grey St,,South Brisbane,South Brisbane,No Roadway Feature,No traffic control,0 - 50 km/h,Sealed - Dry,Daylight,Straight,Veh'S Same Direction: Rear End,Rear-end,0,0,0,1,1,2,0,0,0,0,0,0
287505,Hospitalisation,2015,10,Hit pedestrian,Hit pedestrian,153.187698,-27.45909,Royal Esp,,Manly,Lytton,No Roadway Feature,No traffic control,0 - 50 km/h,Sealed - Dry,Daylight,Straight,Ped'N: Hit By Vehicle Enter/Leave D'Way,Pedestrian,0,1,0,0,1,1,0,0,0,0,1,0
287529,Medical treatment,2015,15,Sideswipe,Multi-Vehicle,153.012585,-27.557344,Balham Rd,Griffith Arterial Rd,Archerfield,Sunnybank,Intersection - Cross,Operating traffic lights,60 km/h,Sealed - Dry,Daylight,Straight,Veh'S Same Direction: Right Turn S/Swipe,Parallel lanes turning,0,0,1,1,2,2,0,0,0,0,0,0
287530,Minor injury,2015,11,Angle,Multi-Vehicle,153.054297,-27.61140919,Compton Rd,,Sunnybank Hills,Stretton,Intersection - Cross,Operating traffic lights,60 km/h,Sealed - Dry,Daylight,Straight,Veh'S Opposite Approach: Thru-Right,Opposing vehicles turning,0,0,0,2,2,2,0,0,0,0,0,0
287532,Hospitalisation,2015,6,Angle,Multi-Vehicle,153.057471,-27.491859,Birdwood St,Cavendish Rd,Coorparoo,Greenslopes,Intersection - T-Junction,Give way sign,60 km/h,Sealed - Dry,Daylight,Straight,Veh'S Adjacent Approach: Thru-Right,Intersection from adjacent approaches,0,1,0,0,1,1,0,0,0,1,0,0
287533,Medical treatment,2015,10,Angle,Multi-Vehicle,153.04673,-27.499239,Montague St,,Greenslopes,South Brisbane,No Roadway Feature,No traffic control,60 km/h,Sealed - Dry,Daylight,Straight,Veh'S Manoeuvring: Other,Other,0,0,1,0,1,1,0,0,0,1,0,0
287536,Medical treatment,2015,17,Rear-end,Multi-Vehicle,153.037899,-27.497442,O'Keefe St,,Woolloongabba,South Brisbane,No Roadway Feature,No traffic control,60 km/h,Sealed - Dry,Daylight,Straight,Veh'S Same Direction: Rear End,Rear-end,0,0,1,0,1,3,0,0,0,0,0,0
287550,Minor injury,2015,15,Rear-end,Multi-Vehicle,153.1249035,-27.4927873,Gateway Arterial Rd,,Belmont,Chatsworth,No Roadway Feature,No traffic control,100 - 110 km/h,Sealed - Dry,Daylight,Straight,Veh'S Same Direction: Rear End,Rear-end,0,0,0,2,2,3,0,0,0,0,0,0
287554,Medical treatment,2015,6,Sideswipe,Multi-Vehicle,153.059163,-27.472652,Agnew St,Wynnum Rd,Norman Park,Bulimba,Intersection - 5+ way,Operating traffic lights,60 km/h,Sealed - Dry,Daylight,Straight,Veh'S Same Direction: Lane Side Swipe,Lane changes,0,0,1,0,1,1,1,0,0,0,0,0
287555,Hospitalisation,2015,13,Hit object,Single Vehicle,153.074467,-27.573365,Mccullough St,,Macgregor,Sunnybank,No Roadway Feature,No traffic control,60 km/h,Sealed - Dry,Daylight,Straight,Off Path-Straight: Mounts Traffic Island,Off carriageway on straight hit object,0,1,0,0,1,1,0,0,0,0,0,0
287556,Medical treatment,2015,13,Sideswipe,Multi-Vehicle,153.012895,-27.47694,Boundary St,Melbourne St,South Brisbane,South Brisbane,Intersection - T-Junction,No traffic control,0 - 50 km/h,Sealed - Dry,Daylight,Curved - view obscured,Veh'S Manoeuvring: Entering From Footway,Vehicle leaving driveway,0,0,1,0,1,1,0,0,0,1,0,0
287557,Hospitalisation,2015,11,Hit pedestrian,Hit pedestrian,153.022763,-27.480282,Grey St,,South Brisbane,South Brisbane,No Roadway Feature,No traffic control,0 - 50 km/h,Sealed - Dry,Daylight,Straight,Ped'N: Near Side Vehicle Hit From Right,Pedestrian,0,1,0,0,1,1,0,0,0,0,1,0
287558,Medical treatment,2015,7,Angle,Multi-Vehicle,153.172585,-27.455269,Caldwell St,Preston Rd,Manly West,Lytton,Intersection - Cross,Give way sign,60 km/h,Sealed - Dry,Daylight,Curved - view obscured,Veh'S Adjacent Approach: Thru-Thru,Intersection from adjacent approaches,0,0,1,0,1,1,0,0,0,1,0,0
287563,Medical treatment,2015,0,Fall from vehicle,Single Vehicle,153.158148,-27.527349,Mt Gravatt - Capalaba Rd,,Chandler,Chatsworth,No Roadway Feature,No traffic control,80 - 90 km/h,Sealed - Dry,Daylight,Curved - view open,Off Path-Curve: Off Cway Right Bend,Off carriageway on curve,0,0,1,0,1,1,1,0,0,0,0,0
287588,Medical treatment,2015,17,Angle,Multi-Vehicle,153.061877,-27.501856,Cavendish Rd,Emlyn St,Coorparoo,Greenslopes,Intersection - T-Junction,Stop sign,60 km/h,Sealed - Dry,Dawn/Dusk,Straight,Veh'S Adjacent Approach: Thru-Right,Intersection from adjacent approaches,0,0,1,0,1,1,0,0,0,1,0,0
287590,Medical treatment,2015,19,Hit pedestrian,Hit pedestrian,153.089219,-27.535322,Creek Rd,,Mount Gravatt East,Greenslopes,No Roadway Feature,No traffic control,60 km/h,Sealed - Dry,Darkness - Lighted,Straight,Ped'N: Play; Work; Stand; Lie On C'Way,Pedestrian,0,0,1,0,1,1,0,0,0,0,1,0
287592,Medical treatment,2015,11,Rear-end,Multi-Vehicle,153.012609,-27.557248,Balham Rd,Griffith Arterial Rd,Rocklea,Yeerongpilly,Intersection - Cross,Operating traffic lights,60 km/h,Sealed - Dry,Daylight,Straight,Veh'S Same Direction: Right Rear,Rear-end,0,0,1,0,1,1,0,1,0,0,0,0
287593,Minor injury,2015,15,Rear-end,Multi-Vehicle,153.06549,-27.563811,Mains Rd,,Macgregor,Sunnybank,No Roadway Feature,No traffic control,60 km/h,Sealed - Dry,Daylight,Straight,Veh'S Same Direction: Rear End,Rear-end,0,0,0,2,2,2,0,0,0,0,0,0
287594,Minor injury,2015,14,Rear-end,Multi-Vehicle,153.081545,-27.559869,Redland Sub-Arterial Rd,,Upper Mount Gravatt,Mansfield,No Roadway Feature,No traffic control,60 km/h,Sealed - Dry,Daylight,Straight,Veh'S Same Direction: Left Rear,Rear-end,0,0,0,1,1,2,0,1,0,0,0,0
287595,Medical treatment,2015,7,Fall from vehicle,Single Vehicle,153.006494,-27.486885,Dornoch Tce,,West End,South Brisbane,No Roadway Feature,No traffic control,0 - 50 km/h,Sealed - Dry,Daylight,Curved - view open,Pass & Misc: Other,Other,0,0,1,0,1,0,0,1,0,2,0,0