Crash_Ref_Number,Severity,Year,Hour,Crash_Nature,Crash_Type,Longitude,Latitude,Street,Street_Intersecting,Suburb,Loc_State_Electorate,Crash_Roadway_Feature,Crash_Traffic_Control,Crash_Speed_Limit,Crash_Road_Surface_Condition,Crash_Lighting_Condition,Crash_Road_Horiz_Align,Crash_DCA_Description,Crash_DCA_Group_Description,Count_Casualty_Fatality,Count_Casualty_Hospitalised,Count_Casualty_MedicallyTreated,Count_Casualty_MinorInjury,Count_Casualty_Total,Count_Unit_Car,Count_Unit_Motorcycle_Moped,Count_Unit_Truck,Count_Unit_Bus,Count_Unit_Bicycle,Count_Unit_Pedestrian,Count_Unit_Other
287624,Minor injury,2015,16,Rear-end,Multi-Vehicle,153.09281,-27.504175,Gallipoli Rd,Winstanley St,Carina Heights,Chatsworth,Intersection - Roundabout,Give way sign,0 - 50 km/h,Sealed - Wet,Daylight,Straight,Veh'S Same Direction: Rear End,Rear-end,0,0,0,1,1,2,0,0,0,0,0,0
287626,Minor injury,2015,6,Angle,Multi-Vehicle,153.027907,-27.56621,Meadow Ave,Richland Ave,Coopers Plains,Sunnybank,Intersection - T-Junction,No traffic control,0 - 50 km/h,Sealed - Dry,Daylight,Straight,Veh'S Same Direction: Right Turn S/Swipe,Parallel lanes turning,0,0,0,1,1,2,0,1,0,0,0,0
287627,Minor injury,2015,13,Rear-end,Multi-Vehicle,153.069254,-27.450244,Lytton Rd,Taylor St,Bulimba,Bulimba,Intersection - T-Junction,Give way sign,0 - 50 km/h,Sealed - Dry,Daylight,Straight,Veh'S Same Direction: Left Rear,Rear-end,0,0,0,1,1,1,0,1,0,0,0,0
287628,Medical treatment,2015,14,Sideswipe,Multi-Vehicle,153.0059515,-27.55728875,Ipswich Rd,,Rocklea,Yeerongpilly,No Roadway Feature,No traffic control,60 km/h,Sealed - Dry,Daylight,Straight,Off Path-Straight: Left Off Cway Hit Obj,Off carriageway on straight hit object,0,0,1,0,1,2,0,0,0,0,0,0
287629,Medical treatment,2015,15,Head-on,Multi-Vehicle,153.07764,-27.5585,Nagle St,,Upper Mount Gravatt,Mansfield,No Roadway Feature,No traffic control,0 - 50 km/h,Sealed - Dry,Daylight,Curved - view obscured,Veh'S Opposite Approach: Head On,Head-on,0,0,1,0,1,2,0,0,0,0,0,0
287630,Medical treatment,2015,16,Rear-end,Multi-Vehicle,153.090924,-27.573138,Bleasby Rd,Logan Sub-Arterial Rd,Eight Mile Plains,Sunnybank,Intersection - T-Junction,No traffic control,60 km/h,Sealed - Wet,Dawn/Dusk,Straight,Veh'S Same Direction: Left Rear,Rear-end,0,0,1,0,1,2,0,0,0,0,0,0
287631,Medical treatment,2015,9,Angle,Multi-Vehicle,153.051216,-27.558917,Griffith Arterial Rd,Troughton Rd,Coopers Plains,Sunnybank,Intersection - Cross,Operating traffic lights,70 km/h,Sealed - Dry,Daylight,Straight,Veh'S Same Direction: Lane Change Left,Lane changes,0,0,1,0,1,1,0,1,0,0,0,0
287670,Hospitalisation,2015,15,Hit object,Single Vehicle,152.943158,-27.547779,Avondale Rd,Glen Ross Rd,Sinnamon Park,Mount Ommaney,Intersection - T-Junction,Give way sign,60 km/h,Sealed - Dry,Daylight,Curved - view open,Off Path-Curve: Off Cway Rt Bend Hit Obj,Off carriageway on curve hit object,0,1,0,0,1,1,0,1,0,0,0,0
287671,Medical treatment,2015,13,Rear-end,Multi-Vehicle,152.940989,-27.547822,Dandenong Rd,Western Arterial Rd,Mount Ommaney,Mount Ommaney,Intersection - Interchange,Give way sign,60 km/h,Sealed - Dry,Daylight,Straight,Veh'S Same Direction: Left Rear,Rear-end,0,0,2,0,2,2,0,0,0,0,0,0
287672,Hospitalisation,2015,10,Rear-end,Multi-Vehicle,153.059118,-27.494233,Cavendish Rd,,Coorparoo,Greenslopes,No Roadway Feature,No traffic control,60 km/h,Sealed - Dry,Daylight,Straight,Veh'S Same Direction: Rear End,Rear-end,0,1,0,0,1,3,0,0,0,0,0,0
287673,Hospitalisation,2015,15,Hit pedestrian,Hit pedestrian,153.07914,-27.538083,Logan Rd,,Mount Gravatt,Mansfield,No Roadway Feature,Pedestrian operated lights,60 km/h,Sealed - Dry,Daylight,Straight,Ped'N: Near Side Vehicle Hit From Right,Pedestrian,0,1,0,0,1,1,0,0,0,0,1,0
287676,Medical treatment,2015,8,Hit pedestrian,Hit pedestrian,153.056146,-27.455509,Shore Cres,,Bulimba,Bulimba,No Roadway Feature,No traffic control,0 - 50 km/h,Sealed - Dry,Daylight,Straight,Ped'N: Hit By Vehicle Enter/Leave D'Way,Pedestrian,0,0,1,0,1,1,0,0,0,0,1,0
287677,Minor injury,2015,9,Hit object,Single Vehicle,153.089577,-27.46435,Armstrong Rd,Barrack Rd,Cannon Hill,Bulimba,Intersection - T-Junction,Give way sign,60 km/h,Sealed - Dry,Daylight,Straight,Off Path-Straight: Mounts Traffic Island,Off carriageway on straight hit object,0,0,0,1,1,2,0,0,0,0,0,0
287678,Medical treatment,2015,16,Rear-end,Multi-Vehicle,153.050126,-27.487111,Caswell St,Vulture St East,East Brisbane,South Brisbane,Intersection - T-Junction,Give way sign,60 km/h,Sealed - Dry,Daylight,Straight,Veh'S Same Direction: Left Rear,Rear-end,0,0,1,0,1,2,0,0,0,0,0,0
287679,Hospitalisation,2015,19,Angle,Multi-Vehicle,153.018906,-27.487673,Dornoch Tce,Gladstone Rd,Highgate Hill,South Brisbane,Intersection - Cross,Operating traffic lights,60 km/h,Sealed - Dry,Darkness - Lighted,Straight,Veh'S Opposite Approach: Thru-Right,Opposing vehicles turning,0,1,0,0,1,2,0,0,0,0,0,0
287710,Hospitalisation,2015,15,Hit object,Single Vehicle,152.940186,-27.538837,Minyara St,Moolanda St,Jindalee,Mount Ommaney,Intersection - Roundabout,No traffic control,0 - 50 km/h,Sealed - Dry,Daylight,Straight,Off Path-Straight: Mounts Traffic Island,Off carriageway on straight hit object,0,4,0,0,4,1,0,0,0,0,0,0
287712,Hospitalisation,2015,3,Hit object,Single Vehicle,153.069871,-27.491158,Old Cleveland Rd,,Camp Hill,Bulimba,No Roadway Feature,No traffic control,60 km/h,Sealed - Wet,Dawn/Dusk,Curved - view open,Off Path-Curve: Off Cway Rt Bend Hit Obj,Off carriageway on curve hit object,0,1,0,0,1,1,0,0,0,0,0,0
287716,Medical treatment,2015,10,Rear-end,Multi-Vehicle,153.060202,-27.472139,Balmoral St,Philip St,Hawthorne,Bulimba,No Roadway Feature,No traffic control,60 km/h,Sealed - Dry,Daylight,Straight,Veh'S Same Direction: Right Rear,Rear-end,0,0,1,0,1,2,0,0,0,0,0,0
287717,Medical treatment,2015,15,Angle,Multi-Vehicle,153.092088,-27.607762,Allbutt St,Winifred St,Kuraby,Stretton,Intersection - T-Junction,Stop sign,0 - 50 km/h,Sealed - Dry,Daylight,Straight,Veh'S Adjacent Approach: Thru-Right,Intersection from adjacent approaches,0,0,1,0,1,2,0,0,0,0,0,0
287737,Medical treatment,2015,8,Angle,Multi-Vehicle,153.044406,-27.506358,Dunellan St,Pear St,Greenslopes,South Brisbane,Intersection - Cross,Stop sign,0 - 50 km/h,Sealed - Dry,Daylight,Straight,Veh'S Adjacent Approach: Thru-Thru,Intersection from adjacent approaches,0,0,1,0,1,1,0,0,0,1,0,0
287738,Hospitalisation,2015,10,Angle,Multi-Vehicle,153.094399,-27.532618,Newnham Rd,Wecker Rd,Mount Gravatt East,Mansfield,Intersection - T-Junction,Operating traffic lights,60 km/h,Sealed - Dry,Daylight,Straight,Veh'S Opposite Approach: Thru-Right,Opposing vehicles turning,0,2,0,0,2,2,0,0,0,0,0,0
287740,Medical treatment,2015,13,Angle,Multi-Vehicle,153.0181003,-27.4818748,Vulture St,,South Brisbane,South Brisbane,No Roadway Feature,No traffic control,60 km/h,Sealed - Dry,Daylight,Straight,Veh'S Manoeuvring: Leaving Driveway,Vehicle leaving driveway,0,0,1,0,1,2,0,0,0,0,0,0
287741,Fatal,2015,0,Overturned,Single Vehicle,153.137915,-27.46818,Wynnum Rd,,Tingalpa,Chatsworth,No Roadway Feature,No traffic control,80 - 90 km/h,Sealed - Dry,Darkness - Lighted,Straight,Off Path-Straight: Left Off Cway Hit Obj,Off carriageway on straight hit object,1,0,0,0,1,1,0,0,0,0,0,0
287760,Medical treatment,2015,17,Rear-end,Multi-Vehicle,153.05768,-27.534548,Bapaume Rd,Gaza Rd,Holland Park West,Yeerongpilly,Intersection - Interchange,Operating traffic lights,0 - 50 km/h,Sealed - Dry,Daylight,Straight,Veh'S Same Direction: Rear End,Rear-end,0,0,1,0,1,2,0,0,0,0,0,0
287761,Medical treatment,2015,10,Rear-end,Multi-Vehicle,153.059186,-27.535798,Messines Ridge Rd,South East Arterial Rd,Holland Park West,Greenslopes,Intersection - Interchange,Give way sign,60 km/h,Sealed - Dry,Daylight,Curved - view open,Veh'S Same Direction: Left Rear,Rear-end,0,0,1,0,1,2,0,0,0,0,0,0
287789,Medical treatment,2015,22,Sideswipe,Multi-Vehicle,153.060499,-27.588119,Pinelands Rd,,Sunnybank Hills,Sunnybank,No Roadway Feature,No traffic control,60 km/h,Sealed - Dry,Darkness - Lighted,Straight,Veh'S Same Direction: Lane Change Left,Lane changes,0,0,1,0,1,2,0,0,0,0,0,0
287792,Medical treatment,2015,18,Angle,Multi-Vehicle,153.105836,-27.593184,Millers Rd,Underwood Rd,Eight Mile Plains,Stretton,Intersection - Cross,Operating traffic lights,60 km/h,Sealed - Dry,Dawn/Dusk,Straight,Veh'S Adjacent Approach: Thru-Thru,Intersection from adjacent approaches,0,0,1,0,1,2,0,0,0,0,0,0
287793,Hospitalisation,2015,6,Hit parked vehicle,Single Vehicle,153.155585,-27.436452,Sandy Camp Rd,,Wynnum,Lytton,No Roadway Feature,No traffic control,60 km/h,Sealed - Dry,Daylight,Straight,Veh'S On Path: Parked,Hit parked vehicle,0,1,0,0,1,1,0,0,0,1,0,0
287804,Medical treatment,2015,6,Rear-end,Multi-Vehicle,153.12836,-27.504703,Cleveland Sub-Arterial Rd,Mt Petrie Rd,Belmont,Chatsworth,Intersection - T-Junction,No traffic control,60 km/h,Sealed - Wet,Daylight,Straight,Veh'S Same Direction: Left Rear,Rear-end,0,0,1,0,1,2,0,0,0,0,0,0
287823,Medical treatment,2015,12,Hit object,Single Vehicle,153.058985,-27.537006,South East Arterial Rd,,Holland Park West,Greenslopes,Intersection - Interchange,No traffic control,60 km/h,Sealed - Wet,Daylight,Curved - view open,Off Path-Curve: Off Cway Lt Bend Hit Obj,Off carriageway on curve hit object,0,0,1,0,1,1,0,0,0,0,0,0
287824,Minor injury,2015,16,Rear-end,Multi-Vehicle,153.097675,-27.533094,Secam St,Wecker Rd,Mansfield,Mansfield,Intersection - T-Junction,No traffic control,60 km/h,Sealed - Dry,Daylight,Straight,Veh'S Same Direction: Right Rear,Rear-end,0,0,0,1,1,2,0,0,0,0,0,0
287825,Medical treatment,2015,18,Rear-end,Multi-Vehicle,153.080022,-27.556371,Logan Rd,Norton St,Upper Mount Gravatt,Mansfield,Intersection - T-Junction,Operating traffic lights,60 km/h,Sealed - Dry,Dawn/Dusk,Straight,Veh'S Same Direction: Right Rear,Rear-end,0,0,1,0,1,1,0,0,0,0,0,1
287826,Hospitalisation,2015,8,Angle,Multi-Vehicle,153.01131,-27.480865,Thomas St,Vulture St,West End,South Brisbane,Intersection - Cross,Give way sign,0 - 50 km/h,Sealed - Wet,Daylight,Straight,Veh'S Manoeuvring: Entering From Footway,Vehicle leaving driveway,0,1,0,0,1,1,0,0,0,1,0,0
287827,Medical treatment,2015,14,Rear-end,Multi-Vehicle,153.04864,-27.477452,Lytton Rd,,East Brisbane,South Brisbane,No Roadway Feature,No traffic control,60 km/h,Sealed - Dry,Daylight,Straight,Veh'S Same Direction: Rear End,Rear-end,0,0,1,0,1,2,0,0,0,0,0,0
287828,Medical treatment,2015,5,Sideswipe,Multi-Vehicle,153.014606,-27.471343,Montague Rd,,South Brisbane,South Brisbane,No Roadway Feature,No traffic control,60 km/h,Sealed - Wet,Daylight,Straight,Veh'S Overtaking: Other,Other,0,0,2,0,2,2,0,0,0,0,0,0
287864,Hospitalisation,2015,6,Rear-end,Multi-Vehicle,153.042394,-27.603235,Mt Lindesay Art. Rd,,Algester,Algester,No Roadway Feature,No traffic control,80 - 90 km/h,Sealed - Wet,Daylight,Straight,Veh'S Same Direction: Rear End,Rear-end,0,1,0,1,2,2,0,0,0,0,0,0
287866,Medical treatment,2015,17,Rear-end,Multi-Vehicle,152.994522,-27.562044,Cunningham Arterial Rd,,Rocklea,Sunnybank,No Roadway Feature,No traffic control,80 - 90 km/h,Sealed - Dry,Dawn/Dusk,Straight,Veh'S Same Direction: Rear End,Rear-end,0,0,1,0,1,2,0,0,0,0,0,0
287897,Hospitalisation,2015,9,Head-on,Multi-Vehicle,153.0580474,-27.63284866,Gowan Rd,Honeysuckle Way,Calamvale,Stretton,Intersection - T-Junction,No traffic control,60 km/h,Sealed - Dry,Darkness - Lighted,Straight,Veh'S Opposite Approach: Thru-Right,Opposing vehicles turning,0,1,0,0,1,2,0,0,0,0,0,0
287898,Medical treatment,2015,13,Angle,Multi-Vehicle,152.982279,-27.57653,Blunder Rd,Freeman Rd,Durack,Inala,Intersection - Cross,Operating traffic lights,60 km/h,Sealed - Dry,Daylight,Straight,Veh'S Opposite Approach: Thru-Right,Opposing vehicles turning,0,0,2,0,2,2,0,0,0,0,0,0
287899,Medical treatment,2015,15,Rear-end,Multi-Vehicle,153.039156,-27.505652,South East Arterial Rd,,Greenslopes,South Brisbane,Intersection - Interchange,No traffic control,60 km/h,Sealed - Dry,Daylight,Straight,Veh'S Same Direction: Rear End,Rear-end,0,0,1,0,1,2,0,0,0,0,0,0
287900,Minor injury,2015,10,Fall from vehicle,Single Vehicle,153.067414,-27.52466,Boronia Ave,Logan Rd,Holland Park West,Greenslopes,Intersection - T-Junction,No traffic control,60 km/h,Sealed - Dry,Daylight,Straight,Pass & Misc: Fell In/From Vehicle,Other,0,0,0,1,1,0,0,0,1,0,0,1
287901,Medical treatment,2015,7,Rear-end,Multi-Vehicle,153.110941,-27.450569,Port Of Brisbane Mwy,Port Of Brisbane Rd,Murarrie,Bulimba,Intersection - Interchange,No traffic control,60 km/h,Sealed - Dry,Daylight,Curved - view open,Veh'S Same Direction: Left Rear,Rear-end,0,0,1,0,1,2,0,0,0,0,0,0
287902,Fatal,2015,1,Hit object,Single Vehicle,153.11187,-27.450277,Port Of Brisbane Mwy On Ramp,,Murarrie,Bulimba,Intersection - Interchange,No traffic control,60 km/h,Sealed - Dry,Darkness - Lighted,Straight,Pass & Misc: Other,Other,1,0,0,0,1,0,0,1,0,0,0,0
287904,Hospitalisation,2015,14,Rear-end,Multi-Vehicle,153.085194,-27.562678,Logan Sub-Arterial Rd,,Upper Mount Gravatt,Mansfield,No Roadway Feature,No traffic control,60 km/h,Sealed - Dry,Daylight,Straight,Veh'S Same Direction: Rear End,Rear-end,0,1,0,0,1,2,0,0,0,0,0,0
287912,Medical treatment,2015,18,Angle,Multi-Vehicle,153.16867,-27.493219,Greencamp Rd,New Cleveland Rd,Gumdale,Chatsworth,Intersection - T-Junction,Give way sign,70 km/h,Sealed - Dry,Darkness - Not lighted,Curved - view open,Veh'S Adjacent Approach: Thru-Right,Intersection from adjacent approaches,0,0,1,0,1,1,0,1,0,0,0,0
287931,Hospitalisation,2015,22,Head-on,Multi-Vehicle,153.0652713,-27.59350946,Gowan Rd,,Sunnybank Hills,Stretton,No Roadway Feature,No traffic control,60 km/h,Sealed - Dry,Darkness - Lighted,Curved - view open,Veh'S Opposite Approach: Head On,Head-on,0,2,0,0,2,2,0,0,0,0,0,0
287933,Medical treatment,2015,21,Angle,Multi-Vehicle,152.945373,-27.597608,Progress Rd,Western Arterial Rd,Richlands,Inala,Intersection - Interchange,Operating traffic lights,60 km/h,Sealed - Dry,Darkness - Lighted,Straight,Veh'S Adjacent Approach: Thru-Right,Intersection from adjacent approaches,0,0,1,0,1,2,0,0,0,0,0,0
287963,Minor injury,2015,22,Angle,Multi-Vehicle,153.067857,-27.59213,Beenleigh Rd,Penarth St,Runcorn,Sunnybank,Intersection - Cross,Operating traffic lights,60 km/h,Sealed - Dry,Darkness - Lighted,Straight,Veh'S Adjacent Approach: Thru-Right,Intersection from adjacent approaches,0,0,0,1,1,2,0,0,0,0,0,0
287964,Medical treatment,2015,15,Sideswipe,Multi-Vehicle,153.0724332,-27.4678599,Wynnum Rd,,Morningside,Bulimba,No Roadway Feature,No traffic control,60 km/h,Sealed - Dry,Daylight,Straight,Veh'S Same Direction: Lane Change Left,Lane changes,0,0,1,0,1,1,0,1,0,0,0,0
287989,Medical treatment,2015,21,Head-on,Multi-Vehicle,153.065055,-27.5953805,Gowan Rd,,Sunnybank Hills,Stretton,No Roadway Feature,No traffic control,60 km/h,Sealed - Dry,Darkness - Lighted,Straight,Veh'S Opposite Approach: Head On,Head-on,0,0,1,0,1,2,0,0,0,0,0,0
287990,Hospitalisation,2015,5,Angle,Multi-Vehicle,152.949227,-27.597408,Garden Rd,Progress Rd,Richlands,Inala,Intersection - Cross,Operating traffic lights,60 km/h,Sealed - Dry,Dawn/Dusk,Straight,Veh'S Opposite Approach: Thru-Right,Opposing vehicles turning,0,1,0,0,1,3,0,0,0,0,0,0
287991,Medical treatment,2015,21,Angle,Multi-Vehicle,153.072496,-27.561998,Griffith Arterial Rd,Grout St,Macgregor,Sunnybank,Intersection - Cross,Operating traffic lights,70 km/h,Sealed - Dry,Darkness - Lighted,Straight,Veh'S Opposite Approach: Thru-Right,Opposing vehicles turning,0,0,1,0,1,2,0,0,0,0,0,0
287992,Medical treatment,2015,22,Angle,Multi-Vehicle,153.019645,-27.484042,Brook St,Gladstone Rd,Highgate Hill,South Brisbane,Intersection - T-Junction,No traffic control,60 km/h,Sealed - Dry,Daylight,Straight,Veh'S Same Direction: Right Turn S/Swipe,Parallel lanes turning,0,0,1,0,1,2,0,0,0,0,0,0
287993,Medical treatment,2015,22,Rear-end,Multi-Vehicle,153.036532,-27.494437,South East Arterial Rd,,Woolloongabba,South Brisbane,No Roadway Feature,No traffic control,80 - 90 km/h,Sealed - Dry,Darkness - Lighted,Curved - view open,Veh'S On Path: Accident Or Broken Down,Hit parked vehicle,0,0,1,1,2,2,0,0,0,0,0,0
288002,Hospitalisation,2015,19,Angle,Multi-Vehicle,153.151887,-27.498314,Grassdale Rd,Tilley Rd,Gumdale,Chatsworth,Intersection - Cross,Stop sign,60 km/h,Sealed - Dry,Darkness - Lighted,Straight,Veh'S Adjacent Approach: Thru-Thru,Intersection from adjacent approaches,0,1,0,1,2,2,0,0,0,0,0,0
288022,Medical treatment,2015,14,Rear-end,Multi-Vehicle,153.033989,-27.645173,Logan Mwy,,Parkinson,Algester,No Roadway Feature,No traffic control,100 - 110 km/h,Sealed - Dry,Daylight,Straight,Veh'S Same Direction: Rear End,Rear-end,0,0,1,0,1,1,0,1,0,0,0,0
288023,Medical treatment,2015,16,Angle,Multi-Vehicle,153.0415387,-27.59843292,Acacia Pl,Hellawell Rd,Sunnybank Hills,Stretton,Intersection - T-Junction,No traffic control,60 km/h,Sealed - Dry,Daylight,Straight,Veh'S Adjacent Approach: Thru-Right,Intersection from adjacent approaches,0,0,1,0,1,2,0,0,0,0,0,0
288026,Medical treatment,2015,7,Sideswipe,Multi-Vehicle,153.06262,-27.521401,Curlewis St,Justin St,Holland Park West,Greenslopes,Intersection - Cross,No traffic control,60 km/h,Sealed - Dry,Daylight,Straight,Veh'S Opposite Approach: Head On,Head-on,0,0,2,0,2,2,0,0,0,0,0,0
288027,Medical treatment,2015,15,Rear-end,Multi-Vehicle,152.972871,-27.596754,Columbine St,Inala Ave,Inala,Inala,Intersection - T-Junction,No traffic control,60 km/h,Sealed - Dry,Daylight,Straight,Veh'S Same Direction: Rear End,Rear-end,0,0,1,0,1,2,0,0,0,0,0,0
288028,Medical treatment,2015,15,Fall from vehicle,Single Vehicle,152.974124,-27.628779,Forest Lake Blvd,,Forest Lake,Algester,No Roadway Feature,No traffic control,60 km/h,Sealed - Dry,Daylight,Curved - view open,Pass & Misc: Fell In/From Vehicle,Other,0,0,1,0,1,0,0,0,1,0,0,0
288057,Hospitalisation,2015,17,Angle,Multi-Vehicle,152.9288472,-27.59660149,Campbell Ave,Industrial Ave,Wacol,Inala,Intersection - Cross,Give way sign,60 km/h,Sealed - Dry,Daylight,Straight,Veh'S Adjacent Approach: Thru-Thru,Intersection from adjacent approaches,0,1,1,0,2,2,0,0,0,0,0,0
288058,Medical treatment,2015,16,Angle,Multi-Vehicle,153.016217,-27.561278,Beatty Rd,Brecknock St,Archerfield,Sunnybank,Intersection - T-Junction,No traffic control,60 km/h,Sealed - Dry,Daylight,Straight,Veh'S Adjacent Approach: Right-Thru,Intersection from adjacent approaches,0,0,1,0,1,2,0,0,0,0,0,0
288059,Medical treatment,2015,16,Rear-end,Multi-Vehicle,153.0446288,-27.6056773,Mt Lindesay Art. Rd,,Sunnybank Hills,Stretton,No Roadway Feature,No traffic control,70 km/h,Sealed - Dry,Daylight,Straight,Veh'S Same Direction: Rear End,Rear-end,0,0,2,0,2,3,0,0,0,0,0,0
288060,Medical treatment,2015,10,Sideswipe,Multi-Vehicle,153.124473,-27.506153,Gateway Arterial Rd,,Belmont,Chatsworth,No Roadway Feature,No traffic control,100 - 110 km/h,Sealed - Dry,Daylight,Curved - view open,Veh'S Same Direction: Lane Change Left,Lane changes,0,0,1,0,1,0,1,1,0,0,0,0
288063,Medical treatment,2015,16,Hit pedestrian,Hit pedestrian,153.042731,-27.47917716,Lytton Rd,,East Brisbane,South Brisbane,No Roadway Feature,No traffic control,60 km/h,Sealed - Dry,Daylight,Straight,Ped'N: Near Side Vehicle Hit From Right,Pedestrian,0,0,1,0,1,1,0,0,0,0,1,0
288064,Minor injury,2015,15,Angle,Multi-Vehicle,153.113583,-27.472857,Murarrie Rd,Wynnum Rd,Tingalpa,Chatsworth,Intersection - T-Junction,No traffic control,60 km/h,Sealed - Dry,Daylight,Straight,Veh'S Manoeuvring: Entering From Footway,Vehicle leaving driveway,0,0,0,1,1,1,0,0,0,1,0,0
288069,Hospitalisation,2015,7,Angle,Multi-Vehicle,153.180168,-27.486458,Rickertt Rd,,Ransome,Chatsworth,No Roadway Feature,No traffic control,80 - 90 km/h,Sealed - Dry,Daylight,Straight,Veh'S Overtaking: Other,Other,0,1,0,0,1,1,1,0,0,0,0,0
288092,Hospitalisation,2015,9,Rear-end,Multi-Vehicle,153.033415,-27.508928,Ipswich Rd,,Annerley,South Brisbane,Intersection - T-Junction,Operating traffic lights,60 km/h,Sealed - Dry,Daylight,Straight,Veh'S Same Direction: Rear End,Rear-end,0,1,0,1,2,2,0,0,0,0,0,0
288093,Hospitalisation,2015,21,Angle,Multi-Vehicle,153.098329,-27.512511,Creek Rd,Donnington St,Carindale,Chatsworth,Intersection - Cross,Operating traffic lights,60 km/h,Sealed - Wet,Darkness - Lighted,Straight,Veh'S Opposite Approach: Thru-Right,Opposing vehicles turning,0,1,0,0,1,2,0,0,0,0,0,0
288095,Medical treatment,2015,9,Rear-end,Multi-Vehicle,152.97614,-27.566971,Cunningham Arterial Rd,,Oxley,Mount Ommaney,No Roadway Feature,No traffic control,80 - 90 km/h,Sealed - Dry,Daylight,Straight,Veh'S Same Direction: Rear End,Rear-end,0,0,1,0,1,2,0,0,0,0,0,0
288096,Medical treatment,2015,16,Rear-end,Multi-Vehicle,153.0635169,-27.54612101,South East Arterial Rd,,Mount Gravatt,Mansfield,No Roadway Feature,No traffic control,100 - 110 km/h,Sealed - Dry,Daylight,Straight,Veh'S Same Direction: Rear End,Rear-end,0,0,1,1,2,3,0,0,0,0,0,0
288097,Minor injury,2015,12,Rear-end,Multi-Vehicle,153.170008,-27.444344,Tingal Rd,,Wynnum,Lytton,No Roadway Feature,No traffic control,60 km/h,Sealed - Dry,Daylight,Straight,Veh'S Same Direction: Rear End,Rear-end,0,0,0,1,1,2,0,1,0,0,0,0
288126,Medical treatment,2015,16,Fall from vehicle,Single Vehicle,152.933298,-27.592307,Progress Rd,,Wacol,Inala,No Roadway Feature,No traffic control,60 km/h,Sealed - Dry,Daylight,Straight,Pass & Misc: Other,Other,0,0,1,0,1,1,1,0,0,0,0,0
288127,Medical treatment,2015,7,Rear-end,Multi-Vehicle,153.022816,-27.482606,Vulture St,,South Brisbane,South Brisbane,No Roadway Feature,No traffic control,60 km/h,Sealed - Dry,Daylight,Straight,Veh'S Same Direction: Lane Change Right,Lane changes,0,0,1,0,1,1,1,0,0,0,0,0
288128,Minor injury,2015,16,Rear-end,Multi-Vehicle,153.1193233,-27.47453778,Wynnum Rd,,Tingalpa,Chatsworth,No Roadway Feature,No traffic control,60 km/h,Sealed - Dry,Daylight,Straight,Veh'S Same Direction: Rear End,Rear-end,0,0,0,1,1,1,0,0,1,0,0,0
288133,Medical treatment,2015,15,Rear-end,Multi-Vehicle,153.094621,-27.617262,Allingham St,Compton Rd,Kuraby,Stretton,Intersection - T-Junction,Give way sign,0 - 50 km/h,Sealed - Dry,Daylight,Straight,Veh'S Same Direction: Left Rear,Rear-end,0,0,1,0,1,2,0,0,0,0,0,0
288167,Medical treatment,2015,6,Rear-end,Multi-Vehicle,153.012865,-27.47746,Boundary St,Mollison St,West End,South Brisbane,Intersection - Cross,Operating traffic lights,0 - 50 km/h,Sealed - Dry,Daylight,Straight,Veh'S Same Direction: Rear End,Rear-end,0,0,1,0,1,1,0,0,1,0,0,0
288168,Hospitalisation,2015,22,Hit pedestrian,Hit pedestrian,153.018318,-27.474019,Grey St,Melbourne St,South Brisbane,South Brisbane,Intersection - Cross,Operating traffic lights,0 - 50 km/h,Sealed - Dry,Darkness - Lighted,Straight,Ped'N: Hit Other,Other,0,1,0,0,1,0,0,0,1,0,1,0
288169,Medical treatment,2015,7,Hit parked vehicle,Single Vehicle,153.01729,-27.471442,Stanley Pl,,South Brisbane,South Brisbane,No Roadway Feature,No traffic control,0 - 50 km/h,Sealed - Dry,Daylight,Straight,Veh'S Manoeuvring: Other,Other,0,0,1,0,1,1,0,0,0,1,0,0
288203,Medical treatment,2015,18,Angle,Multi-Vehicle,153.053517,-27.584474,Beenleigh Rd,Bendell St,Sunnybank,Sunnybank,Intersection - T-Junction,No traffic control,60 km/h,Sealed - Wet,Darkness - Lighted,Straight,Veh'S Adjacent Approach: Thru-Right,Intersection from adjacent approaches,0,0,1,0,1,2,0,0,0,0,0,0
288205,Medical treatment,2015,18,Angle,Multi-Vehicle,152.945373,-27.597608,Progress Rd,Western Arterial Rd,Richlands,Inala,Intersection - Interchange,Operating traffic lights,60 km/h,Sealed - Wet,Daylight,Straight,Veh'S Adjacent Approach: Thru-Right,Intersection from adjacent approaches,0,0,1,0,1,2,0,0,0,0,0,0
288227,Medical treatment,2015,20,Hit object,Single Vehicle,152.972751,-27.572626,Boundary Rd,Rudd St,Oxley,Inala,Intersection - Roundabout,No traffic control,60 km/h,Sealed - Wet,Darkness - Lighted,Curved - view open,Off Path-Straight: Left Off Cway Hit Obj,Off carriageway on straight hit object,0,0,1,0,1,1,0,0,0,0,0,0
288228,Medical treatment,2015,15,Rear-end,Multi-Vehicle,152.974626,-27.597323,Inala Ave,Serviceton Ave,Inala,Inala,Intersection - T-Junction,Operating traffic lights,0 - 50 km/h,Unsealed - Dry,Daylight,Straight,Veh'S Same Direction: Right Rear,Rear-end,0,0,1,0,1,2,0,0,0,0,0,0
288231,Hospitalisation,2015,5,Hit object,Single Vehicle,153.037689,-27.500333,Carl St,Tottenham St,Woolloongabba,South Brisbane,Intersection - T-Junction,Give way sign,60 km/h,Sealed - Wet,Daylight,Straight,Off Path-Straight: Left Off Cway Hit Obj,Off carriageway on straight hit object,0,1,0,0,1,1,0,0,0,0,0,0