Crash_Ref_Number,Severity,Year,Hour,Crash_Nature,Crash_Type,Longitude,Latitude,Street,Street_Intersecting,Suburb,Loc_State_Electorate,Crash_Roadway_Feature,Crash_Traffic_Control,Crash_Speed_Limit,Crash_Road_Surface_Condition,Crash_Lighting_Condition,Crash_Road_Horiz_Align,Crash_DCA_Description,Crash_DCA_Group_Description,Count_Casualty_Fatality,Count_Casualty_Hospitalised,Count_Casualty_MedicallyTreated,Count_Casualty_MinorInjury,Count_Casualty_Total,Count_Unit_Car,Count_Unit_Motorcycle_Moped,Count_Unit_Truck,Count_Unit_Bus,Count_Unit_Bicycle,Count_Unit_Pedestrian,Count_Unit_Other
288257,Minor injury,2015,7,Rear-end,Multi-Vehicle,153.047068,-27.580199,Beenleigh Rd,,Sunnybank,Sunnybank,No Roadway Feature,Pedestrian crossing sign,60 km/h,Sealed - Dry,Daylight,Curved - view open,Veh'S Same Direction: Rear End,Rear-end,0,0,0,1,1,2,0,0,0,0,0,0
288258,Hospitalisation,2015,17,Rear-end,Multi-Vehicle,153.103341,-27.500325,Carindale St,Old Cleveland Rd,Carindale,Chatsworth,Intersection - T-Junction,No traffic control,70 km/h,Sealed - Dry,Dawn/Dusk,Straight,Veh'S Same Direction: Rear End,Rear-end,0,1,0,0,1,2,0,0,0,0,0,0
288261,Hospitalisation,2015,16,Hit parked vehicle,Single Vehicle,153.062479,-27.472247,Wynnum Rd,,Norman Park,Bulimba,No Roadway Feature,No traffic control,60 km/h,Sealed - Dry,Daylight,Straight,Off Path-Straight:Out Of Control On Cway,Out of control on straight,0,1,0,0,1,2,0,0,0,0,0,0
288262,Hospitalisation,2015,7,Fall from vehicle,Single Vehicle,153.0489338,-27.47713901,Lytton Rd,,East Brisbane,South Brisbane,No Roadway Feature,No traffic control,60 km/h,Sealed - Dry,Daylight,Straight,Off Path-Straight:Out Of Control On Cway,Out of control on straight,0,1,0,0,1,0,1,0,0,0,0,0
288263,Minor injury,2015,21,Sideswipe,Multi-Vehicle,153.035603,-27.471054,Bradfield Hwy,Main St,Kangaroo Point,South Brisbane,Intersection - T-Junction,Give way sign,60 km/h,Sealed - Dry,Darkness - Lighted,Straight,Veh'S Adjacant Approach: Thru-Left,Intersection from adjacent approaches,0,0,0,1,1,2,0,0,0,0,0,0
288280,Hospitalisation,2015,8,Angle,Multi-Vehicle,153.056572,-27.528803,Bapaume Rd,Sterculia Ave,Tarragindi,Yeerongpilly,Intersection - T-Junction,Operating traffic lights,60 km/h,Sealed - Dry,Daylight,Straight,Veh'S Manoeuvring: Entering From Footway,Vehicle leaving driveway,0,1,0,0,1,1,0,0,0,1,0,0
288281,Minor injury,2015,11,Sideswipe,Multi-Vehicle,152.985467,-27.622937,Blunder Rd,,Pallara,Algester,No Roadway Feature,No traffic control,70 km/h,Sealed - Dry,Daylight,Curved - view open,Veh'S Same Direction: Lane Change Right,Lane changes,0,0,0,1,1,0,0,2,0,0,0,0
288282,Medical treatment,2015,6,Angle,Multi-Vehicle,153.080594,-27.464493,Baringa St,Junction Rd,Morningside,Bulimba,Intersection - Cross,No traffic control,60 km/h,Sealed - Dry,Daylight,Straight,Veh'S Opposite Approach: Thru-Right,Opposing vehicles turning,0,0,1,0,1,0,1,0,0,0,0,1
288284,Hospitalisation,2015,16,Rear-end,Multi-Vehicle,153.069028,-27.56149,Griffith Arterial Rd,,Macgregor,Sunnybank,No Roadway Feature,No traffic control,60 km/h,Sealed - Dry,Dawn/Dusk,Straight,Veh'S Same Direction: Rear End,Rear-end,0,1,1,0,2,2,1,0,0,0,0,0
288285,Hospitalisation,2015,15,Hit object,Single Vehicle,153.037588,-27.475617,Shafston Ave,,Kangaroo Point,South Brisbane,No Roadway Feature,No traffic control,60 km/h,Sealed - Dry,Daylight,Straight,Off Path-Straight:Right Off Cway Hit Obj,Off carriageway on straight hit object,0,1,0,0,1,1,0,0,0,0,0,0
288310,Hospitalisation,2015,7,Overturned,Single Vehicle,153.042706,-27.644478,Logan Mwy Ramp Dg,,Drewvale,Stretton,Intersection - Interchange,No traffic control,70 km/h,Sealed - Dry,Daylight,Curved - view open,Off Path-Curve: Out Of Control On Cway,Out of control on curve,0,1,0,0,1,1,0,0,0,0,0,0
288311,Medical treatment,2015,10,Rear-end,Multi-Vehicle,153.032165,-27.510721,Dudley St,Ipswich Rd,Annerley,Yeerongpilly,No Roadway Feature,No traffic control,60 km/h,Sealed - Dry,Daylight,Straight,Veh'S Same Direction: Rear End,Rear-end,0,0,1,0,1,1,0,1,0,0,0,0
288315,Minor injury,2015,23,Rear-end,Multi-Vehicle,153.0672655,-27.55415569,Nathan Connection Arterial Rd,,Nathan,Yeerongpilly,No Roadway Feature,No traffic control,60 km/h,Sealed - Dry,Darkness - Lighted,Straight,Veh'S Same Direction: Rear End,Rear-end,0,0,0,2,2,2,0,0,0,0,0,0
288316,Medical treatment,2015,14,Rear-end,Multi-Vehicle,153.040376,-27.484107,Cairns St,Wellington Rd,East Brisbane,South Brisbane,Intersection - T-Junction,No traffic control,60 km/h,Sealed - Wet,Daylight,Straight,Veh'S Same Direction: Rear End,Rear-end,0,0,1,0,1,1,1,0,0,0,0,1
288336,Medical treatment,2015,17,Fall from vehicle,Single Vehicle,153.032683,-27.509842,Annerley Rd,Ipswich Rd,Annerley,Yeerongpilly,Intersection - T-Junction,Operating traffic lights,60 km/h,Sealed - Dry,Daylight,Straight,Pass & Misc: Fell In/From Vehicle,Other,0,0,1,0,1,0,0,0,1,0,0,0
288339,Medical treatment,2015,15,Angle,Multi-Vehicle,153.100521,-27.489908,Stanley Rd,,Carina,Chatsworth,No Roadway Feature,No traffic control,60 km/h,Sealed - Dry,Daylight,Straight,Veh'S Opposite Approach: Thru-Right,Opposing vehicles turning,0,0,2,0,2,2,0,0,0,0,0,0
288340,Medical treatment,2015,7,Angle,Multi-Vehicle,153.059052,-27.5345,Gaza Rd,Messines Ridge Rd,Holland Park West,Greenslopes,Intersection - T-Junction,Operating traffic lights,60 km/h,Sealed - Dry,Daylight,Straight,Veh'S Opposite Approach: Thru-Right,Opposing vehicles turning,0,0,1,0,1,2,0,0,0,0,0,0
288341,Medical treatment,2015,15,Rear-end,Multi-Vehicle,153.0323,-27.48599,Leopard St,Stanley St,Woolloongabba,South Brisbane,Intersection - Interchange,Operating traffic lights,0 - 50 km/h,Sealed - Dry,Daylight,Straight,Veh'S Same Direction: Rear End,Rear-end,0,0,1,0,1,1,0,0,1,0,0,0
288342,Medical treatment,2015,14,Fall from vehicle,Single Vehicle,153.151769,-27.490566,New Cleveland Rd,,Gumdale,Chatsworth,No Roadway Feature,No traffic control,0 - 50 km/h,Sealed - Dry,Daylight,Straight,Off Path-Straight:Out Of Control On Cway,Out of control on straight,0,0,1,0,1,0,1,0,0,0,0,0
288373,Minor injury,2015,11,Rear-end,Multi-Vehicle,153.051297,-27.611188,Compton Rd,Mt Lindesay Art. Rd,Calamvale,Stretton,Intersection - T-Junction,Operating traffic lights,80 - 90 km/h,Sealed - Dry,Daylight,Curved - view open,Veh'S Same Direction: Rear End,Rear-end,0,0,0,1,1,1,0,1,0,0,0,0
288374,Minor injury,2015,9,Angle,Multi-Vehicle,153.019879,-27.517366,Park Rd,Villa St,Yeronga,Yeerongpilly,Intersection - Cross,Stop sign,0 - 50 km/h,Sealed - Wet,Daylight,Straight,Veh'S Adjacent Approach: Thru-Thru,Intersection from adjacent approaches,0,0,0,1,1,1,0,0,0,1,0,0
288376,Medical treatment,2015,15,Angle,Multi-Vehicle,153.049395,-27.505844,Dansie St,Logan Rd,Greenslopes,Greenslopes,Intersection - T-Junction,No traffic control,60 km/h,Sealed - Dry,Daylight,Curved - view obscured,Veh'S Adjacant Approach: Thru-Left,Intersection from adjacent approaches,0,0,1,0,1,2,0,0,0,0,0,0
288377,Hospitalisation,2015,8,Head-on,Multi-Vehicle,153.040348,-27.558825,Griffith Arterial Rd,Orange Grove Rd,Salisbury,Yeerongpilly,Intersection - Cross,Operating traffic lights,60 km/h,Sealed - Wet,Daylight,Straight,Veh'S Opposite Approach: Thru-Right,Opposing vehicles turning,0,1,2,0,3,2,0,0,0,0,0,0
288378,Medical treatment,2015,15,Hit parked vehicle,Single Vehicle,153.126186,-27.490829,Strahan St,Twynam St,Belmont,Chatsworth,Intersection - T-Junction,No traffic control,0 - 50 km/h,Sealed - Wet,Daylight,Straight,Veh'S Adjacent Approach: Other,Intersection from adjacent approaches,0,0,1,0,1,2,0,0,0,0,0,0
288379,Hospitalisation,2015,9,Angle,Multi-Vehicle,153.172923,-27.455464,Preston Rd,,Manly West,Lytton,No Roadway Feature,No traffic control,60 km/h,Sealed - Wet,Daylight,Curved - view obscured,Veh'S Opposite Approach: Head On,Head-on,0,1,0,0,1,2,0,0,0,0,0,0
288399,Hospitalisation,2015,19,Hit object,Single Vehicle,153.041942,-27.646289,Logan Mwy,Mt Lindesay Art. Rd,Drewvale,Stretton,Intersection - Interchange,No traffic control,80 - 90 km/h,Sealed - Wet,Darkness - Lighted,Curved - view open,Veh'S Same Direction: Other,Other,0,2,0,0,2,3,0,0,0,0,0,0
288400,Medical treatment,2015,13,Fall from vehicle,Single Vehicle,152.940709,-27.561471,Western Arterial Rd,,Darra,Mount Ommaney,No Roadway Feature,No traffic control,100 - 110 km/h,Sealed - Dry,Daylight,Straight,Pass & Misc: Fell In/From Vehicle,Other,0,0,1,0,1,2,0,0,0,0,0,0
288402,Medical treatment,2015,15,Hit parked vehicle,Single Vehicle,153.0469411,-27.52145602,Toohey Rd,,Tarragindi,Yeerongpilly,No Roadway Feature,No traffic control,60 km/h,Sealed - Dry,Daylight,Straight,Veh'S On Path: Parked,Hit parked vehicle,0,0,1,0,1,2,0,0,0,0,0,0
288404,Medical treatment,2015,16,Angle,Multi-Vehicle,153.022101,-27.551544,Fairlie Tce,Frewin St,Salisbury,Yeerongpilly,Intersection - T-Junction,Give way sign,60 km/h,Sealed - Dry,Daylight,Curved - view open,Veh'S Adjacent Approach: Right-Thru,Intersection from adjacent approaches,0,0,1,0,1,2,0,0,0,0,0,0
288407,Medical treatment,2015,8,Rear-end,Multi-Vehicle,153.0230769,-27.480901,Grey St,Tribune St,South Brisbane,South Brisbane,Intersection - Cross,Operating traffic lights,60 km/h,Sealed - Dry,Daylight,Straight,Veh'S Same Direction: Right Rear,Rear-end,0,0,1,0,1,2,0,0,0,0,0,0
288412,Minor injury,2015,21,Rear-end,Multi-Vehicle,152.9365608,-27.61670901,Logan Mwy,,Ellen Grove,Inala,No Roadway Feature,No traffic control,100 - 110 km/h,Sealed - Dry,Darkness - Lighted,Straight,Veh'S Same Direction: Rear End,Rear-end,0,0,0,1,1,1,0,0,0,0,0,1
288422,Minor injury,2015,14,Angle,Multi-Vehicle,153.123911,-27.493511,Meadowlands Rd,Wright St,Belmont,Chatsworth,Intersection - T-Junction,Operating traffic lights,60 km/h,Sealed - Dry,Daylight,Straight,Veh'S Opposite Approach: Thru-Right,Opposing vehicles turning,0,0,0,1,1,2,0,0,0,0,0,0
288426,Hospitalisation,2015,10,Angle,Multi-Vehicle,152.982284,-27.528009,Junction St,Oxley Rd,Sherwood,Indooroopilly,Intersection - T-Junction,No traffic control,60 km/h,Sealed - Dry,Daylight,Straight,Veh'S Opposite Approach: Thru-Right,Opposing vehicles turning,0,1,0,0,1,2,0,0,0,0,0,0
288427,Medical treatment,2015,17,Angle,Multi-Vehicle,153.006151,-27.486791,Dornoch Tce,Lower Hardgrave Rd,West End,South Brisbane,Intersection - T-Junction,Stop sign,60 km/h,Sealed - Dry,Daylight,Curved - view open,Veh'S Manoeuvring: Entering From Footway,Vehicle leaving driveway,0,0,1,0,1,1,0,0,0,1,0,0
288428,Medical treatment,2015,15,Angle,Multi-Vehicle,153.035824,-27.481905,Bromley St,Main St,Kangaroo Point,South Brisbane,Intersection - T-Junction,No traffic control,60 km/h,Sealed - Dry,Daylight,Straight,Veh'S Opposite Approach: Thru-Right,Opposing vehicles turning,0,0,1,1,2,2,0,0,0,0,0,0
288452,Medical treatment,2015,13,Rear-end,Multi-Vehicle,152.9471724,-27.56134605,Perivale St,Westcombe St,Darra,Mount Ommaney,Intersection - T-Junction,Give way sign,60 km/h,Sealed - Dry,Daylight,Straight,Veh'S Same Direction: Left Rear,Rear-end,0,0,1,0,1,2,0,0,0,0,0,0
288454,Medical treatment,2015,15,Hit parked vehicle,Single Vehicle,152.970767,-27.519553,Verney Rd W,,Graceville,Indooroopilly,No Roadway Feature,No traffic control,0 - 50 km/h,Sealed - Dry,Daylight,Straight,Veh'S On Path: Parked,Hit parked vehicle,0,0,5,0,5,2,0,0,0,0,0,0
288479,Medical treatment,2015,11,Angle,Multi-Vehicle,153.0645201,-27.49165386,Bennetts Rd,,Camp Hill,Bulimba,No Roadway Feature,No traffic control,60 km/h,Sealed - Dry,Daylight,Straight,Veh'S Opposite Approach: Thru-Right,Opposing vehicles turning,0,0,1,0,1,2,0,0,0,0,0,0
288485,Hospitalisation,2015,7,Angle,Multi-Vehicle,153.033915,-27.531435,La Monte St,Tarragindi Rd,Moorooka,Yeerongpilly,Intersection - T-Junction,No traffic control,0 - 50 km/h,Sealed - Dry,Daylight,Straight,Veh'S Adjacant Approach: Thru-Left,Intersection from adjacent approaches,0,1,0,0,1,1,0,0,0,1,0,0
288487,Hospitalisation,2015,6,Fall from vehicle,Single Vehicle,152.969919,-27.513795,Chelmer St W,Laurel Ave,Chelmer,Indooroopilly,Intersection - Cross,Stop sign,0 - 50 km/h,Sealed - Dry,Daylight,Straight,Off Path-Straight:Out Of Control On Cway,Out of control on straight,0,1,0,0,1,1,0,0,0,1,0,0
288489,Hospitalisation,2015,8,Sideswipe,Multi-Vehicle,153.028731,-27.487761,Annerley Rd,Clarence St,Woolloongabba,South Brisbane,Intersection - Cross,No traffic control,60 km/h,Sealed - Dry,Daylight,Straight,Veh'S Manoeuvring: Entering From Footway,Vehicle leaving driveway,0,1,0,0,1,1,0,0,0,1,0,0
288510,Hospitalisation,2015,16,Rear-end,Multi-Vehicle,153.054288,-27.61151,Calam Rd,Compton Rd,Calamvale,Stretton,Intersection - T-Junction,Operating traffic lights,60 km/h,Sealed - Dry,Daylight,Straight,Veh'S Same Direction: Rear End,Rear-end,0,1,0,0,1,1,0,0,0,0,0,1
288511,Minor injury,2015,15,Rear-end,Multi-Vehicle,153.0432285,-27.64266314,Mt Lindesay Art. Rd,,Drewvale,Stretton,No Roadway Feature,No traffic control,60 km/h,Sealed - Dry,Daylight,Straight,Veh'S Same Direction: Rear End,Rear-end,0,0,0,1,1,1,0,1,0,0,0,0
288512,Medical treatment,2015,8,Hit object,Single Vehicle,152.938704,-27.55672,Andaman St,,Jamboree Heights,Mount Ommaney,No Roadway Feature,No traffic control,0 - 50 km/h,Sealed - Dry,Daylight,Straight,Off Path-Straight: Left Off Cway Hit Obj,Off carriageway on straight hit object,0,0,1,0,1,1,0,0,0,0,0,0
288517,Medical treatment,2015,11,Fall from vehicle,Single Vehicle,152.9762357,-27.61148322,Joseph Banks Ave,,Forest Lake,Inala,No Roadway Feature,No traffic control,60 km/h,Sealed - Dry,Daylight,Straight,Pass & Misc: Fell In/From Vehicle,Other,0,0,1,0,1,0,0,0,1,0,0,0
288518,Medical treatment,2015,13,Hit pedestrian,Hit pedestrian,153.069686,-27.471413,Waminda St,,Morningside,Bulimba,No Roadway Feature,Pedestrian crossing sign,60 km/h,Sealed - Dry,Daylight,Straight,Ped'N: Near Side Vehicle Hit From Right,Pedestrian,0,0,1,0,1,1,0,0,0,0,1,0
288520,Hospitalisation,2015,20,Hit pedestrian,Hit pedestrian,153.06279,-27.579413,Mains Rd,,Sunnybank,Sunnybank,Intersection - T-Junction,No traffic control,60 km/h,Sealed - Dry,Darkness - Lighted,Straight,Ped'N: Near Side Vehicle Hit From Right,Pedestrian,0,1,0,0,1,1,0,0,0,0,1,0
288521,Medical treatment,2015,7,Rear-end,Multi-Vehicle,153.107577,-27.570913,Gateway Arterial Rd,,Rochedale,Mansfield,No Roadway Feature,No traffic control,80 - 90 km/h,Sealed - Dry,Daylight,Straight,Veh'S Same Direction: Rear End,Rear-end,0,0,2,0,2,3,0,0,0,0,0,0
288522,Medical treatment,2015,22,Angle,Multi-Vehicle,153.031377,-27.485886,South East Arterial Rd,Stanley St,Woolloongabba,South Brisbane,Intersection - Interchange,Operating traffic lights,0 - 50 km/h,Sealed - Dry,Darkness - Lighted,Straight,Veh'S Adjacant Approach: Thru-Left,Intersection from adjacent approaches,0,0,1,0,1,2,0,0,0,0,0,0
288523,Minor injury,2015,5,Hit parked vehicle,Single Vehicle,153.174803,-27.438474,Waterloo Esp,,Wynnum,Lytton,No Roadway Feature,No traffic control,0 - 50 km/h,Sealed - Dry,Daylight,Straight,Veh'S On Path: Car Door,Hit parked vehicle,0,0,0,1,1,1,0,0,0,1,0,0
288554,Medical treatment,2015,15,Sideswipe,Multi-Vehicle,153.042849,-27.603497,Jackson Rd,Mt Lindesay Art. Rd,Sunnybank Hills,Stretton,Intersection - T-Junction,Give way sign,60 km/h,Sealed - Dry,Daylight,Curved - view open,Veh'S Same Direction: Left Turn S/Swipe,Parallel lanes turning,0,0,1,0,1,2,0,0,0,0,0,0
288555,Medical treatment,2015,17,Angle,Multi-Vehicle,153.047398,-27.519044,Esher St,Toohey Rd,Tarragindi,Yeerongpilly,Intersection - T-Junction,Give way sign,60 km/h,Sealed - Dry,Daylight,Straight,Veh'S Adjacant Approach: Thru-Left,Intersection from adjacent approaches,0,0,1,0,1,1,0,0,0,1,0,0
288558,Medical treatment,2015,14,Rear-end,Multi-Vehicle,153.066177,-27.477208,Bennetts Rd,,Norman Park,Bulimba,No Roadway Feature,No traffic control,0 - 50 km/h,Sealed - Dry,Daylight,Straight,Veh'S Same Direction: Rear End,Rear-end,0,0,1,0,1,2,0,0,0,0,0,0
288559,Hospitalisation,2015,6,Rear-end,Multi-Vehicle,153.013479,-27.487335,Dornoch Tce,Sankey St,Highgate Hill,South Brisbane,Intersection - T-Junction,No traffic control,60 km/h,Sealed - Dry,Daylight,Straight,Veh'S Same Direction: Left Rear,Rear-end,0,1,0,0,1,1,0,0,0,1,0,0
288594,Minor injury,2015,11,Rear-end,Multi-Vehicle,153.054548,-27.611303,Calam Rd,Compton Rd,Sunnybank Hills,Stretton,Intersection - T-Junction,No traffic control,70 km/h,Sealed - Dry,Daylight,Straight,Veh'S Same Direction: Left Rear,Rear-end,0,0,0,1,1,2,0,0,0,0,0,0
288596,Medical treatment,2015,19,Rear-end,Multi-Vehicle,153.080066,-27.539101,Creek Rd,Logan Rd,Mount Gravatt,Mansfield,Intersection - T-Junction,No traffic control,0 - 50 km/h,Sealed - Dry,Darkness - Lighted,Straight,Veh'S Same Direction: Left Rear,Rear-end,0,0,1,0,1,2,0,0,0,0,0,0
288631,Hospitalisation,2015,1,Hit object,Single Vehicle,153.114045,-27.44455,Port Of Brisbane Rd,,Hemmant,Lytton,No Roadway Feature,No traffic control,60 km/h,Sealed - Dry,Darkness - Lighted,Curved - view open,Off Path-Curve: Mounts Traffic Island,Off carriageway on curve hit object,0,1,0,0,1,1,0,0,0,0,0,0
288658,Minor injury,2015,17,Angle,Multi-Vehicle,153.060276,-27.620775,Gowan Rd,,Calamvale,Stretton,No Roadway Feature,No traffic control,60 km/h,Sealed - Dry,Daylight,Straight,Veh'S Manoeuvring: Entering From Footway,Vehicle leaving driveway,0,0,0,2,2,2,0,0,0,0,0,0
288659,Hospitalisation,2015,12,Rear-end,Multi-Vehicle,153.025624,-27.579484,Mortimer Rd,Mt Lindesay Art. Rd,Acacia Ridge,Sunnybank,Intersection - T-Junction,No traffic control,70 km/h,Sealed - Dry,Daylight,Straight,Veh'S Same Direction: Left Rear,Rear-end,0,1,0,0,1,2,0,0,0,0,0,0
288660,Medical treatment,2015,14,Rear-end,Multi-Vehicle,153.076394,-27.500376,Samuel St,,Camp Hill,Greenslopes,No Roadway Feature,No traffic control,60 km/h,Sealed - Dry,Daylight,Straight,Veh'S Same Direction: Rear End,Rear-end,0,0,1,0,1,3,0,0,0,0,0,0
288664,Medical treatment,2015,12,Rear-end,Multi-Vehicle,152.987627,-27.53311,Jerrold St,Sherwood Rd,Sherwood,Indooroopilly,Intersection - T-Junction,No traffic control,60 km/h,Sealed - Dry,Daylight,Straight,Veh'S Same Direction: Right Rear,Rear-end,0,0,1,0,1,2,0,0,0,0,0,0
288665,Hospitalisation,2015,21,Fall from vehicle,Single Vehicle,152.998966,-27.559887,Cunningham Arterial Rd,,Rocklea,Yeerongpilly,No Roadway Feature,No traffic control,100 - 110 km/h,Sealed - Wet,Darkness - Lighted,Straight,Off Path-Straight:Out Of Control On Cway,Out of control on straight,0,1,0,0,1,0,1,0,0,0,0,0
288666,Minor injury,2015,10,Angle,Multi-Vehicle,153.080081,-27.549158,Logan Rd,Mt Gravatt Rd,Upper Mount Gravatt,Mansfield,Intersection - T-Junction,Give way sign,70 km/h,Sealed - Dry,Daylight,Straight,Veh'S Adjacent Approach: Right-Thru,Intersection from adjacent approaches,0,0,0,1,1,2,0,0,0,0,0,0
288667,Medical treatment,2015,10,Sideswipe,Multi-Vehicle,153.035783,-27.480588,Llewellyn St,Main St,Kangaroo Point,South Brisbane,Intersection - T-Junction,No traffic control,60 km/h,Sealed - Dry,Daylight,Straight,Veh'S Same Direction: Lane Change Left,Lane changes,0,0,1,0,1,2,0,0,0,0,0,0
288668,Medical treatment,2015,8,Angle,Multi-Vehicle,153.172947,-27.448939,Andrew St,Pine St,Wynnum,Lytton,Intersection - Cross,Pedestrian crossing sign,0 - 50 km/h,Sealed - Dry,Daylight,Straight,Veh'S Manoeuvring: Entering From Footway,Vehicle leaving driveway,0,0,1,0,1,1,0,0,0,1,0,0
288706,Medical treatment,2015,15,Hit parked vehicle,Single Vehicle,153.0644511,-27.49155856,Bennetts Rd,,Camp Hill,Greenslopes,No Roadway Feature,No traffic control,60 km/h,Sealed - Dry,Daylight,Straight,Off Path-Straight: Left Off Cway Hit Obj,Off carriageway on straight hit object,0,0,1,0,1,2,0,0,0,0,0,0
288707,Medical treatment,2015,19,Angle,Multi-Vehicle,153.092437,-27.543569,Broadwater Rd,Newnham Rd,Mount Gravatt East,Mansfield,Intersection - Cross,Operating traffic lights,60 km/h,Sealed - Dry,Darkness - Lighted,Straight,Veh'S Opposite Approach: Thru-Right,Opposing vehicles turning,0,0,1,0,1,2,0,0,0,0,0,0
288708,Minor injury,2015,8,Hit parked vehicle,Single Vehicle,153.062496,-27.520042,Logan Rd,,Holland Park West,Greenslopes,No Roadway Feature,No traffic control,60 km/h,Sealed - Dry,Daylight,Straight,Veh'S On Path: Car Door,Hit parked vehicle,0,0,0,1,1,1,0,0,0,1,0,0
288709,Hospitalisation,2015,16,Hit object,Single Vehicle,153.012344,-27.530123,Fairfield Rd,Palomar Rd,Yeerongpilly,Yeerongpilly,Intersection - Cross,Operating traffic lights,0 - 50 km/h,Sealed - Dry,Daylight,Straight,Ped'N: Hit Other,Other,0,1,0,0,1,1,0,0,0,0,1,0
288737,Medical treatment,2015,17,Sideswipe,Multi-Vehicle,153.057325,-27.601906,Pinelands Rd,,Sunnybank Hills,Stretton,No Roadway Feature,No traffic control,60 km/h,Sealed - Dry,Daylight,Straight,Veh'S Same Direction: Lane Change Left,Lane changes,0,0,1,0,1,2,0,0,0,0,0,0
288738,Minor injury,2015,9,Rear-end,Multi-Vehicle,152.9822199,-27.59748676,Inala Ave,,Inala,Inala,No Roadway Feature,No traffic control,60 km/h,Sealed - Dry,Daylight,Straight,Veh'S Same Direction: Rear End,Rear-end,0,0,0,1,1,4,0,0,0,0,0,0
288740,Medical treatment,2015,8,Rear-end,Multi-Vehicle,153.023924,-27.523775,Ipswich Rd,South St,Moorooka,Yeerongpilly,Intersection - Cross,Operating traffic lights,60 km/h,Sealed - Dry,Daylight,Straight,Veh'S Same Direction: Rear End,Rear-end,0,0,1,0,1,2,0,0,0,0,0,0
288741,Minor injury,2015,17,Fall from vehicle,Single Vehicle,153.058037,-27.451157,Oxford St,Princess St,Bulimba,Bulimba,Intersection - T-Junction,Pedestrian crossing sign,0 - 50 km/h,Sealed - Dry,Daylight,Straight,Pass & Misc: Fell In/From Vehicle,Other,0,0,0,1,1,1,0,0,0,0,0,0
288768,Medical treatment,2015,20,Rear-end,Multi-Vehicle,153.062004,-27.611313,Compton Rd,Gowan Rd,Sunnybank Hills,Stretton,Intersection - Cross,Operating traffic lights,60 km/h,Sealed - Dry,Darkness - Lighted,Straight,Veh'S Same Direction: Rear End,Rear-end,0,0,1,0,1,2,0,0,0,0,0,0
288770,Medical treatment,2015,15,Angle,Multi-Vehicle,153.061397,-27.505386,Cavendish Rd,Chatsworth Rd,Coorparoo,Greenslopes,Intersection - Cross,Operating traffic lights,60 km/h,Sealed - Dry,Daylight,Straight,Veh'S Adjacent Approach: Thru-Thru,Intersection from adjacent approaches,0,0,1,1,2,2,0,0,0,0,0,0
288773,Hospitalisation,2015,15,Angle,Multi-Vehicle,152.987394,-27.59639,Blunder Rd,Inala Ave,Durack,Sunnybank,Intersection - Cross,Operating traffic lights,70 km/h,Sealed - Dry,Daylight,Straight,Veh'S Opposite Approach: Thru-Right,Opposing vehicles turning,0,1,0,0,1,2,0,0,0,0,0,0
288782,Medical treatment,2015,12,Rear-end,Multi-Vehicle,153.167445,-27.484997,Rickertt Rd,,Ransome,Chatsworth,No Roadway Feature,No traffic control,60 km/h,Sealed - Dry,Daylight,Straight,Veh'S Same Direction: Right Rear,Rear-end,0,0,1,0,1,2,0,0,0,0,0,0
288808,Minor injury,2015,9,Sideswipe,Multi-Vehicle,152.991933,-27.564022,Boundary Rd,,Rocklea,Sunnybank,No Roadway Feature,No traffic control,60 km/h,Sealed - Dry,Daylight,Straight,Veh'S Same Direction: Left Turn S/Swipe,Parallel lanes turning,0,0,0,1,1,2,0,0,0,0,0,0
288811,Medical treatment,2015,8,Rear-end,Multi-Vehicle,153.0744454,-27.45541569,Lytton Rd,,Morningside,Bulimba,No Roadway Feature,No traffic control,60 km/h,Sealed - Dry,Daylight,Straight,Veh'S Same Direction: Right Rear,Rear-end,0,0,1,0,1,3,0,0,0,0,0,0
288812,Medical treatment,2015,18,Rear-end,Multi-Vehicle,153.074352,-27.482459,Nestor Lane,Oateson Skyline Dr,Seven Hills,Bulimba,Intersection - Cross,Give way sign,60 km/h,Sealed - Dry,Dawn/Dusk,Straight,Veh'S Same Direction: Rear End,Rear-end,0,0,1,0,1,2,0,0,0,0,0,0
288815,Medical treatment,2015,15,Angle,Multi-Vehicle,153.089691,-27.568822,Logan Sub-Arterial Rd,South East Arterial Rd,Eight Mile Plains,Mansfield,Intersection - Interchange,Operating traffic lights,70 km/h,Sealed - Dry,Daylight,Curved - view open,Veh'S Adjacent Approach: Thru-Right,Intersection from adjacent approaches,0,0,1,0,1,2,0,0,0,0,0,0
288816,Medical treatment,2015,9,Hit pedestrian,Hit pedestrian,153.0198629,-27.47793172,Glenelg St,,South Brisbane,South Brisbane,No Roadway Feature,No traffic control,60 km/h,Sealed - Dry,Daylight,Straight,Ped'N: Hit Other,Other,0,0,1,0,1,1,0,0,0,0,1,0
288855,Medical treatment,2015,21,Hit object,Single Vehicle,153.016661,-27.519735,Querrin St,,Yeronga,Yeerongpilly,No Roadway Feature,No traffic control,0 - 50 km/h,Sealed - Dry,Darkness - Lighted,Straight,Veh'S On Path: Temporary Object On C'Way,Other,0,0,1,0,1,1,0,0,0,0,0,0