Crash_Ref_Number,Severity,Year,Hour,Crash_Nature,Crash_Type,Longitude,Latitude,Street,Street_Intersecting,Suburb,Loc_State_Electorate,Crash_Roadway_Feature,Crash_Traffic_Control,Crash_Speed_Limit,Crash_Road_Surface_Condition,Crash_Lighting_Condition,Crash_Road_Horiz_Align,Crash_DCA_Description,Crash_DCA_Group_Description,Count_Casualty_Fatality,Count_Casualty_Hospitalised,Count_Casualty_MedicallyTreated,Count_Casualty_MinorInjury,Count_Casualty_Total,Count_Unit_Car,Count_Unit_Motorcycle_Moped,Count_Unit_Truck,Count_Unit_Bus,Count_Unit_Bicycle,Count_Unit_Pedestrian,Count_Unit_Other
288857,Medical treatment,2015,7,Rear-end,Multi-Vehicle,153.06468,-27.483254,Macrossan Ave,,Norman Park,Bulimba,No Roadway Feature,No traffic control,60 km/h,Sealed - Dry,Daylight,Straight,Veh'S Same Direction: Right Rear,Rear-end,0,0,1,0,1,2,0,0,0,0,0,0
288858,Medical treatment,2015,14,Rear-end,Multi-Vehicle,153.057163,-27.473414,Wynnum Rd,,Norman Park,Bulimba,No Roadway Feature,No traffic control,60 km/h,Sealed - Dry,Daylight,Straight,Veh'S Same Direction: Rear End,Rear-end,0,0,1,0,1,3,0,0,0,0,0,0
288859,Hospitalisation,2015,17,Hit parked vehicle,Single Vehicle,153.0356133,-27.47534101,Main St,,Kangaroo Point,South Brisbane,No Roadway Feature,No traffic control,60 km/h,Sealed - Dry,Daylight,Straight,Off Path-Straight: Left Off Cway Hit Obj,Off carriageway on straight hit object,0,1,0,0,1,1,0,0,0,0,0,1
288860,Medical treatment,2015,11,Rear-end,Multi-Vehicle,153.029399,-27.485623,Stanley St,,Woolloongabba,South Brisbane,No Roadway Feature,No traffic control,60 km/h,Sealed - Dry,Daylight,Straight,Veh'S Same Direction: Rear End,Rear-end,0,0,1,1,2,3,0,0,0,0,0,0
288861,Minor injury,2015,10,Rear-end,Multi-Vehicle,153.031138,-27.484887,South East Arterial Rd,,Woolloongabba,South Brisbane,Intersection - Interchange,No traffic control,60 km/h,Sealed - Dry,Daylight,Straight,Veh'S Same Direction: Rear End,Rear-end,0,0,0,5,5,2,0,0,0,0,0,0
288869,Medical treatment,2015,22,Rear-end,Multi-Vehicle,153.008405,-27.656578,Johnson Rd,,Larapinta,Algester,No Roadway Feature,No traffic control,70 km/h,Sealed - Dry,Darkness - Not lighted,Straight,Veh'S Same Direction: Rear End,Rear-end,0,0,4,0,4,3,0,0,0,0,0,0
288895,Hospitalisation,2015,22,Hit parked vehicle,Single Vehicle,152.9225886,-27.5545563,Horizon Dr,,Middle Park,Mount Ommaney,No Roadway Feature,No traffic control,60 km/h,Sealed - Wet,Darkness - Lighted,Curved - view open,Off Path-Curve: Off Cway Rt Bend Hit Obj,Off carriageway on curve hit object,0,1,0,0,1,1,0,1,0,0,0,0
288921,Hospitalisation,2015,9,Hit object,Single Vehicle,153.035951,-27.612283,Marara St,Quintinia St,Algester,Algester,Intersection - T-Junction,No traffic control,0 - 50 km/h,Sealed - Dry,Daylight,Straight,Off Path-Straight: Left Off Cway Hit Obj,Off carriageway on straight hit object,0,1,0,0,1,1,0,0,0,0,0,0
288923,Medical treatment,2015,17,Rear-end,Multi-Vehicle,152.939991,-27.559326,Western Arterial Rd,,Darra,Mount Ommaney,No Roadway Feature,No traffic control,60 km/h,Sealed - Wet,Daylight,Curved - view open,Veh'S Same Direction: Rear End,Rear-end,0,0,1,0,1,3,0,0,0,0,0,0
288924,Medical treatment,2015,7,Rear-end,Multi-Vehicle,153.015313,-27.566147,Beatty Rd,,Archerfield,Sunnybank,No Roadway Feature,No traffic control,60 km/h,Sealed - Dry,Daylight,Straight,Veh'S Same Direction: Lane Side Swipe,Lane changes,0,0,1,0,1,2,0,1,0,0,0,0
288926,Hospitalisation,2015,17,Angle,Multi-Vehicle,152.9553215,-27.60961037,Forest Lake Blvd,Rudyard St,Forest Lake,Inala,Intersection - T-Junction,Stop sign,60 km/h,Sealed - Dry,Daylight,Straight,Veh'S Adjacent Approach: Thru-Right,Intersection from adjacent approaches,0,2,0,0,2,2,0,0,0,0,0,0
288928,Minor injury,2015,16,Rear-end,Multi-Vehicle,153.021167,-27.559104,Mt Lindesay Art. Rd,,Coopers Plains,Sunnybank,No Roadway Feature,No traffic control,70 km/h,Sealed - Dry,Daylight,Straight,Veh'S Same Direction: Rear End,Rear-end,0,0,0,1,1,2,0,0,0,0,0,0
288930,Medical treatment,2015,8,Rear-end,Multi-Vehicle,153.092128,-27.575913,Logan Sub-Arterial Rd,Padstow Rd,Eight Mile Plains,Stretton,Intersection - Cross,Operating traffic lights,60 km/h,Sealed - Dry,Daylight,Straight,Veh'S Same Direction: Rear End,Rear-end,0,0,1,0,1,2,0,0,0,0,0,0
288931,Fatal,2015,10,Hit parked vehicle,Single Vehicle,153.094422,-27.5722,Pacific Hwy,,Eight Mile Plains,Mansfield,No Roadway Feature,No traffic control,100 - 110 km/h,Sealed - Dry,Daylight,Straight,Veh'S On Path: Accident Or Broken Down,Hit parked vehicle,2,1,0,1,4,1,0,1,0,0,0,0
288932,Medical treatment,2015,14,Rear-end,Multi-Vehicle,153.035719,-27.475384,Bradfield Hwy,,Kangaroo Point,South Brisbane,No Roadway Feature,No traffic control,60 km/h,Sealed - Dry,Daylight,Straight,Veh'S Same Direction: Rear End,Rear-end,0,0,2,0,2,3,0,0,0,0,0,0
288964,Minor injury,2015,16,Rear-end,Multi-Vehicle,153.02832,-27.597452,Learoyd Rd,,Acacia Ridge,Algester,Intersection - T-Junction,Operating traffic lights,60 km/h,Sealed - Dry,Daylight,Straight,Veh'S Same Direction: Rear End,Rear-end,0,0,0,1,1,2,0,0,0,0,0,0
288965,Medical treatment,2015,8,Rear-end,Multi-Vehicle,153.080295,-27.60313,Persse Rd,Victor St,Runcorn,Stretton,Intersection - T-Junction,No traffic control,60 km/h,Sealed - Dry,Daylight,Straight,Veh'S Same Direction: Right Rear,Rear-end,0,0,2,0,2,2,0,0,0,0,0,0
288966,Hospitalisation,2015,19,Rear-end,Multi-Vehicle,153.032704,-27.509848,Annerley Rd,Ipswich Rd,Annerley,Yeerongpilly,Intersection - T-Junction,Operating traffic lights,60 km/h,Sealed - Dry,Darkness - Lighted,Straight,Veh'S Same Direction: Rear End,Rear-end,0,1,0,0,1,2,0,0,0,0,0,0
288968,Hospitalisation,2015,6,Angle,Multi-Vehicle,153.0476984,-27.50977935,Henry St,Ridge St,Greenslopes,South Brisbane,Intersection - Cross,No traffic control,0 - 50 km/h,Sealed - Dry,Daylight,Straight,Veh'S Manoeuvring: Entering From Footway,Vehicle leaving driveway,0,1,0,0,1,1,0,0,0,1,0,0
288969,Medical treatment,2015,9,Sideswipe,Multi-Vehicle,153.1195014,-27.53050275,Aspen St,,Carindale,Mansfield,No Roadway Feature,No traffic control,0 - 50 km/h,Sealed - Dry,Daylight,Straight,Veh'S Same Direction: Lane Side Swipe,Lane changes,0,0,1,0,1,1,0,0,0,1,0,0
288970,Medical treatment,2015,7,Head-on,Multi-Vehicle,153.004632,-27.65399,Paradise Rd,,Larapinta,Algester,No Roadway Feature,No traffic control,60 km/h,Sealed - Dry,Daylight,Straight,Veh'S Opposite Approach: Head On,Head-on,0,0,1,0,1,2,0,0,0,0,0,0
288971,Medical treatment,2015,8,Sideswipe,Multi-Vehicle,153.104337,-27.579654,Gateway Arterial Rd,,Rochedale,Mansfield,No Roadway Feature,No traffic control,100 - 110 km/h,Sealed - Dry,Daylight,Straight,Veh'S Same Direction: Lane Change Left,Lane changes,0,0,1,0,1,1,0,1,0,0,0,0
288976,Medical treatment,2015,17,Rear-end,Multi-Vehicle,153.180884,-27.514988,Cleveland Sub-Arterial Rd,,Chandler,Chatsworth,No Roadway Feature,No traffic control,70 km/h,Sealed - Dry,Daylight,Straight,Veh'S Same Direction: Lane Change Right,Lane changes,0,0,1,0,1,3,0,0,0,0,0,0
288997,Hospitalisation,2015,9,Hit parked vehicle,Single Vehicle,152.975954,-27.593135,Serviceton Ave,,Inala,Inala,No Roadway Feature,No traffic control,60 km/h,Sealed - Dry,Daylight,Straight,Off Path-Straight: Left Off Cway Hit Obj,Off carriageway on straight hit object,0,2,0,0,2,2,0,0,0,0,0,0
289000,Medical treatment,2015,17,Angle,Multi-Vehicle,153.08684,-27.564052,Garden City Shopping Centre Rd,Logan Sub-Arterial Rd,Upper Mount Gravatt,Mansfield,Intersection - Cross,Operating traffic lights,0 - 50 km/h,Sealed - Dry,Daylight,Curved - view open,Veh'S Adjacent Approach: Thru-Right,Intersection from adjacent approaches,0,0,2,0,2,2,0,0,0,0,0,0
289001,Hospitalisation,2015,17,Rear-end,Multi-Vehicle,153.1730602,-27.46737521,Manly Rd,,Manly West,Lytton,No Roadway Feature,No traffic control,60 km/h,Sealed - Dry,Daylight,Straight,Veh'S Same Direction: Rear End,Rear-end,0,1,0,0,1,2,0,0,0,0,0,0
289027,Minor injury,2015,14,Hit parked vehicle,Single Vehicle,152.957088,-27.541012,Counihan Rd,,Seventeen Mile Rocks,Mount Ommaney,No Roadway Feature,No traffic control,0 - 50 km/h,Sealed - Wet,Daylight,Straight,Veh'S Opposite Approach: Other,Other,0,0,0,1,1,2,0,0,0,0,0,0
289028,Medical treatment,2015,17,Hit parked vehicle,Single Vehicle,153.063048,-27.606055,Gowan Rd,,Sunnybank Hills,Stretton,No Roadway Feature,No traffic control,60 km/h,Sealed - Dry,Daylight,Straight,Off Path-Straight: Left Off Cway Hit Obj,Off carriageway on straight hit object,0,0,1,0,1,2,0,0,0,0,0,0
289032,Medical treatment,2015,20,Angle,Multi-Vehicle,153.061397,-27.505386,Cavendish Rd,Chatsworth Rd,Coorparoo,Greenslopes,Intersection - Cross,Operating traffic lights,60 km/h,Sealed - Dry,Darkness - Lighted,Straight,Veh'S Opposite Approach: Thru-Right,Opposing vehicles turning,0,0,1,0,1,2,0,0,0,0,0,0
289034,Medical treatment,2015,22,Rear-end,Multi-Vehicle,152.974988,-27.510146,Wharf St,,Chelmer,Indooroopilly,No Roadway Feature,No traffic control,60 km/h,Sealed - Dry,Daylight,Straight,Veh'S Same Direction: Rear End,Rear-end,0,0,1,0,1,2,0,0,0,0,0,0
289035,Minor injury,2015,6,Angle,Multi-Vehicle,153.036112,-27.497139,O'Keefe St,,Woolloongabba,South Brisbane,No Roadway Feature,No traffic control,60 km/h,Sealed - Dry,Daylight,Straight,Veh'S Same Direction: Right Turn S/Swipe,Parallel lanes turning,0,0,0,1,1,1,1,0,0,0,0,0
289064,Hospitalisation,2015,12,Hit parked vehicle,Single Vehicle,152.9469286,-27.56300587,Perivale St,,Darra,Mount Ommaney,No Roadway Feature,No traffic control,0 - 50 km/h,Sealed - Dry,Daylight,Straight,Veh'S On Path: Parked,Hit parked vehicle,0,1,0,0,1,4,0,1,0,0,0,0
289069,Hospitalisation,2015,19,Hit parked vehicle,Single Vehicle,153.039853,-27.561848,Orange Grove Rd,,Coopers Plains,Sunnybank,No Roadway Feature,No traffic control,60 km/h,Sealed - Dry,Dawn/Dusk,Straight,Veh'S On Path: Parked,Hit parked vehicle,0,1,0,0,1,2,0,0,0,0,0,0
289070,Hospitalisation,2015,12,Fall from vehicle,Single Vehicle,153.040625,-27.491628,Deshon St,Logan Rd,Woolloongabba,South Brisbane,Intersection - T-Junction,Operating traffic lights,60 km/h,Sealed - Dry,Daylight,Curved - view open,Pass & Misc: Fell In/From Vehicle,Other,0,1,0,0,1,0,0,0,1,0,0,0
289099,Medical treatment,2015,1,Rear-end,Multi-Vehicle,152.944765,-27.576704,Cunningham Arterial Rd,,Darra,Inala,No Roadway Feature,No traffic control,80 - 90 km/h,Unsealed - Dry,Darkness - Lighted,Straight,Veh'S Same Direction: Rear End,Rear-end,0,0,1,0,1,2,0,0,0,0,0,0
289100,Hospitalisation,2015,17,Fall from vehicle,Single Vehicle,153.0335868,-27.51427761,Waterton St,,Annerley,Yeerongpilly,Intersection - Cross,Give way sign,60 km/h,Sealed - Dry,Daylight,Straight,Veh'S Adjacent Approach: Thru-Right,Intersection from adjacent approaches,0,1,0,0,1,1,1,0,0,0,0,0
289101,Medical treatment,2015,11,Rear-end,Multi-Vehicle,153.053368,-27.497895,Old Cleveland Rd,,Coorparoo,South Brisbane,No Roadway Feature,No traffic control,60 km/h,Sealed - Dry,Daylight,Straight,Veh'S Same Direction: Rear End,Rear-end,0,0,1,0,1,2,0,0,0,0,0,0
289104,Hospitalisation,2015,19,Angle,Multi-Vehicle,153.04674,-27.563373,Mandarin St,Nyleta St,Coopers Plains,Sunnybank,Intersection - Cross,Give way sign,0 - 50 km/h,Sealed - Dry,Darkness - Lighted,Straight,Veh'S Adjacent Approach: Thru-Thru,Intersection from adjacent approaches,0,1,0,0,1,2,0,0,0,0,0,0
289129,Minor injury,2015,11,Angle,Multi-Vehicle,153.107122,-27.455453,Gateway Arterial Rd,Port Of Brisbane Rd,Murarrie,Bulimba,Intersection - Interchange,Operating traffic lights,60 km/h,Sealed - Dry,Daylight,Straight,Veh'S Opposite Approach: Thru-Right,Opposing vehicles turning,0,0,0,2,2,2,0,0,0,0,0,0
289152,Medical treatment,2015,16,Rear-end,Multi-Vehicle,153.064208,-27.599435,Cheryl St,Gowan Rd,Sunnybank Hills,Stretton,Intersection - T-Junction,No traffic control,60 km/h,Sealed - Dry,Daylight,Straight,Veh'S Same Direction: Rear End,Rear-end,0,0,1,0,1,2,0,0,0,0,0,0
289153,Medical treatment,2015,11,Hit object,Single Vehicle,153.062273,-27.499478,Cavendish Rd,,Coorparoo,Greenslopes,No Roadway Feature,No traffic control,60 km/h,Sealed - Dry,Daylight,Curved - view open,Off Path-Curve: Off Cway Rt Bend Hit Obj,Off carriageway on curve hit object,0,0,1,0,1,1,0,0,0,0,0,0
289154,Medical treatment,2015,15,Rear-end,Multi-Vehicle,153.062494,-27.534864,Bapaume Rd,Gaza Rd,Holland Park West,Greenslopes,Intersection - Roundabout,Give way sign,60 km/h,Sealed - Dry,Daylight,Straight,Veh'S Same Direction: Rear End,Rear-end,0,0,1,0,1,2,0,0,0,0,0,0
289155,Hospitalisation,2015,10,Hit object,Single Vehicle,153.088074,-27.53607,Tarrant St,,Mount Gravatt East,Greenslopes,No Roadway Feature,No traffic control,60 km/h,Sealed - Dry,Daylight,Straight,Veh'S Manoeuvring: Other,Other,0,1,0,0,1,1,0,0,0,0,0,0
289157,Hospitalisation,2015,6,Angle,Multi-Vehicle,153.100726,-27.592444,Levington Rd,Underwood Rd,Eight Mile Plains,Stretton,Intersection - T-Junction,Stop sign,60 km/h,Sealed - Dry,Daylight,Straight,Veh'S Adjacent Approach: Thru-Thru,Intersection from adjacent approaches,0,1,0,0,1,1,1,0,0,0,0,0
289158,Medical treatment,2015,6,Rear-end,Multi-Vehicle,153.168552,-27.440814,Tingal Rd,,Wynnum,Lytton,No Roadway Feature,Pedestrian crossing sign,60 km/h,Sealed - Dry,Daylight,Straight,Veh'S Same Direction: Rear End,Rear-end,0,0,1,0,1,2,0,0,0,0,0,0
289189,Hospitalisation,2015,5,Rear-end,Multi-Vehicle,153.03652,-27.660051,Central Ct,Johnson Rd,Parkinson,Algester,Intersection - Interchange,Operating traffic lights,60 km/h,Sealed - Dry,Daylight,Straight,Veh'S Same Direction: Rear End,Rear-end,0,1,0,1,2,2,0,0,0,0,0,0
289190,Medical treatment,2015,8,Rear-end,Multi-Vehicle,153.041548,-27.647476,Mt Lindesay Art. Rd,,Drewvale,Stretton,No Roadway Feature,No traffic control,80 - 90 km/h,Sealed - Dry,Daylight,Straight,Veh'S Same Direction: Rear End,Rear-end,0,0,1,0,1,3,0,0,0,0,0,0
289191,Medical treatment,2015,15,Rear-end,Multi-Vehicle,153.081037,-27.59908,Beenleigh Rd,Persse Rd,Runcorn,Stretton,Intersection - T-Junction,Operating traffic lights,70 km/h,Sealed - Dry,Daylight,Straight,Veh'S Same Direction: Rear End,Rear-end,0,0,1,0,1,3,0,0,0,0,0,0
289195,Hospitalisation,2015,8,Hit parked vehicle,Single Vehicle,153.011434,-27.484204,Boundary St,Spring St,West End,South Brisbane,Intersection - T-Junction,No traffic control,0 - 50 km/h,Sealed - Dry,Daylight,Straight,Off Path-Straight: Left Off Cway Hit Obj,Off carriageway on straight hit object,0,1,0,0,1,2,0,0,0,0,0,0
289196,Medical treatment,2015,15,Rear-end,Multi-Vehicle,153.034855,-27.49578,Harrogate St,Ipswich Rd,Woolloongabba,South Brisbane,Intersection - T-Junction,Stop sign,60 km/h,Sealed - Dry,Daylight,Straight,Veh'S Same Direction: Left Rear,Rear-end,0,0,1,0,1,1,1,0,0,0,0,0
289226,Medical treatment,2015,15,Angle,Multi-Vehicle,153.045444,-27.502653,Beatrice St,Cornwall St,Greenslopes,South Brisbane,No Roadway Feature,No traffic control,60 km/h,Sealed - Dry,Daylight,Straight,Veh'S Same Direction: Right Turn S/Swipe,Parallel lanes turning,0,0,1,0,1,2,0,0,0,0,0,0
289229,Minor injury,2015,8,Rear-end,Multi-Vehicle,153.011217,-27.542783,Fairfield Rd,Medway St,Rocklea,Yeerongpilly,Intersection - Cross,Operating traffic lights,60 km/h,Sealed - Dry,Daylight,Straight,Veh'S Same Direction: Rear End,Rear-end,0,0,0,3,3,2,0,0,0,0,0,0
289230,Medical treatment,2015,11,Rear-end,Multi-Vehicle,153.081135,-27.559992,Griffith Arterial Rd,Logan Rd,Upper Mount Gravatt,Mansfield,Intersection - Cross,Operating traffic lights,60 km/h,Sealed - Dry,Daylight,Straight,Veh'S Same Direction: Rear End,Rear-end,0,0,1,1,2,2,0,0,0,0,0,0
289231,Fatal,2015,9,Hit pedestrian,Hit pedestrian,153.063359,-27.575769,Mains Rd,Turton St,Sunnybank,Sunnybank,Intersection - T-Junction,Operating traffic lights,60 km/h,Sealed - Dry,Daylight,Straight,Ped'N: Far Side Vehicle Hit From Left,Pedestrian,1,0,0,0,1,1,0,0,0,0,1,0
289232,Hospitalisation,2015,10,Hit object,Single Vehicle,153.144784,-27.427072,Port Of Brisbane Rd,,Lytton,Lytton,Intersection - Interchange,No traffic control,60 km/h,Sealed - Dry,Darkness - Lighted,Straight,Off Path-Straight: Left Off Cway Hit Obj,Off carriageway on straight hit object,0,1,0,0,1,1,0,0,0,0,0,0
289257,Hospitalisation,2015,17,Hit object,Single Vehicle,153.059516,-27.50543,Chatsworth Rd,Smeaton St,Coorparoo,Greenslopes,No Roadway Feature,No traffic control,60 km/h,Sealed - Dry,Daylight,Straight,Off Path-Straight: Left Off Cway Hit Obj,Off carriageway on straight hit object,0,1,0,0,1,1,0,0,0,0,0,0
289264,Medical treatment,2015,14,Angle,Multi-Vehicle,153.094122,-27.606315,Beenleigh Rd,Besline St,Kuraby,Stretton,Intersection - T-Junction,No traffic control,0 - 50 km/h,Sealed - Dry,Daylight,Straight,Veh'S Manoeuvring: Entering From Footway,Vehicle leaving driveway,0,0,1,0,1,1,0,0,0,1,0,0
289265,Medical treatment,2015,13,Angle,Multi-Vehicle,153.173934,-27.443454,Florence St,,Wynnum,Lytton,No Roadway Feature,No traffic control,0 - 50 km/h,Sealed - Dry,Daylight,Straight,Veh'S Manoeuvring: Leaving Driveway,Vehicle leaving driveway,0,0,1,0,1,2,0,0,0,0,0,0
289266,Medical treatment,2015,15,Angle,Multi-Vehicle,153.17376,-27.448284,Pine St,Tingal Rd,Wynnum,Lytton,Intersection - Cross,Operating traffic lights,60 km/h,Sealed - Dry,Daylight,Straight,Veh'S Opposite Approach: Thru-Right,Opposing vehicles turning,0,0,1,1,2,2,0,0,0,0,0,0
289267,Hospitalisation,2015,18,Angle,Multi-Vehicle,153.156714,-27.44091,Sibley Rd,Wynnum North Rd,Wynnum West,Lytton,Intersection - Cross,Give way sign,60 km/h,Sealed - Dry,Dawn/Dusk,Straight,Veh'S Adjacent Approach: Thru-Thru,Intersection from adjacent approaches,0,2,0,0,2,2,0,0,0,0,0,0
289299,Medical treatment,2015,11,Angle,Multi-Vehicle,152.980289,-27.568796,Blunder Rd,Factory Rd,Oxley,Inala,Intersection - Cross,No traffic control,60 km/h,Sealed - Dry,Daylight,Straight,Veh'S Opposite Approach: Thru-Right,Opposing vehicles turning,0,0,1,1,2,3,0,1,0,0,0,0
289300,Medical treatment,2015,5,Sideswipe,Multi-Vehicle,152.939397,-27.559146,Sumners Rd,,Jamboree Heights,Mount Ommaney,No Roadway Feature,No traffic control,60 km/h,Sealed - Dry,Daylight,Straight,Veh'S Same Direction: Lane Side Swipe,Lane changes,0,0,1,0,1,1,0,0,0,1,0,0
289302,Hospitalisation,2015,5,Hit object,Single Vehicle,152.994989,-27.592871,King Ave,,Durack,Sunnybank,No Roadway Feature,No traffic control,60 km/h,Sealed - Dry,Daylight,Curved - view open,Off Path-Curve: Off Cway Rt Bend Hit Obj,Off carriageway on curve hit object,0,1,0,0,1,1,0,0,0,0,0,0
289303,Hospitalisation,2015,8,Rear-end,Multi-Vehicle,152.985586,-27.623106,Blunder Rd,,Pallara,Algester,Intersection - T-Junction,Operating traffic lights,70 km/h,Sealed - Dry,Daylight,Curved - view open,Veh'S Same Direction: Rear End,Rear-end,0,1,1,0,2,2,0,0,0,0,0,0
289304,Medical treatment,2015,19,Sideswipe,Multi-Vehicle,152.983488,-27.640694,Logan Mwy,,Heathwood,Algester,No Roadway Feature,No traffic control,100 - 110 km/h,Sealed - Dry,Darkness - Lighted,Curved - view open,Veh'S Same Direction: Lane Change Left,Lane changes,0,0,2,0,2,1,0,1,0,0,0,0
289306,Medical treatment,2015,9,Angle,Multi-Vehicle,153.0032193,-27.48330707,Montague Rd,,West End,South Brisbane,No Roadway Feature,No traffic control,60 km/h,Sealed - Dry,Daylight,Straight,Veh'S Manoeuvring: Other,Other,0,0,1,0,1,1,0,0,0,1,0,0
289310,Hospitalisation,2015,21,Head-on,Multi-Vehicle,152.94849,-27.632469,Johnson Rd,,Forest Lake,Inala,No Roadway Feature,No traffic control,80 - 90 km/h,Sealed - Dry,Darkness - Not lighted,Curved - view open,Veh'S Opposite Approach: Head On,Head-on,0,5,0,0,5,2,0,0,0,0,0,0
289311,Hospitalisation,2015,6,Hit object,Single Vehicle,153.1284038,-27.5041656,Cleveland Sub-Arterial Rd,,Belmont,Chatsworth,Merge Lane,No traffic control,60 km/h,Sealed - Dry,Daylight,Straight,Off Path-Straight: Mounts Traffic Island,Off carriageway on straight hit object,0,1,0,0,1,0,1,0,0,0,0,0
289337,Hospitalisation,2015,3,Hit object,Single Vehicle,153.063605,-27.647974,Logan Mwy,,Drewvale,Stretton,No Roadway Feature,No traffic control,100 - 110 km/h,Sealed - Dry,Darkness - Lighted,Curved - view open,Off Path-Curve: Out Of Control On Cway,Out of control on curve,0,1,0,0,1,1,0,0,0,0,0,0
289338,Minor injury,2015,16,Rear-end,Multi-Vehicle,152.96526,-27.574451,Boundary Rd,Fienta Pl,Darra,Inala,Intersection - T-Junction,No traffic control,60 km/h,Sealed - Dry,Daylight,Straight,Veh'S Same Direction: Right Rear,Rear-end,0,0,0,1,1,2,0,0,0,0,0,0
289339,Medical treatment,2015,10,Rear-end,Multi-Vehicle,153.0757217,-27.50054808,Boundary Rd,,Coorparoo,Greenslopes,No Roadway Feature,No traffic control,60 km/h,Sealed - Wet,Daylight,Straight,Veh'S Same Direction: Rear End,Rear-end,0,0,1,1,2,4,0,0,0,0,0,0
289340,Medical treatment,2015,20,Angle,Multi-Vehicle,152.969661,-27.60524,Andromeda St,Octans St,Inala,Inala,Intersection - T-Junction,Give way sign,0 - 50 km/h,Sealed - Dry,Darkness - Lighted,Straight,Veh'S Adjacent Approach: Thru-Thru,Intersection from adjacent approaches,0,0,1,0,1,2,0,0,0,0,0,0
289342,Hospitalisation,2015,23,Angle,Multi-Vehicle,153.104665,-27.545437,Broadwater Rd,Ham Rd,Mansfield,Mansfield,Intersection - Cross,Operating traffic lights,60 km/h,Sealed - Dry,Darkness - Lighted,Straight,Veh'S Adjacent Approach: Thru-Thru,Intersection from adjacent approaches,0,1,0,1,2,2,0,0,0,0,0,0
289381,Medical treatment,2015,11,Rear-end,Multi-Vehicle,152.933064,-27.556661,Dandenong Rd,,Jamboree Heights,Mount Ommaney,No Roadway Feature,No traffic control,60 km/h,Sealed - Wet,Daylight,Curved - view open,Veh'S Same Direction: Rear End,Rear-end,0,0,2,0,2,4,0,0,0,0,0,0
289383,Medical treatment,2015,15,Rear-end,Multi-Vehicle,153.084626,-27.562363,Logan Sub-Arterial Rd,,Upper Mount Gravatt,Mansfield,No Roadway Feature,No traffic control,60 km/h,Sealed - Dry,Daylight,Straight,Veh'S Manoeuvring: Other,Other,0,0,1,0,1,2,0,0,0,0,0,0
289384,Medical treatment,2015,23,Hit object,Single Vehicle,153.063757,-27.546413,Klumpp Rd,South East Arterial Rd,Mount Gravatt,Mansfield,Intersection - Interchange,No traffic control,100 - 110 km/h,Sealed - Dry,Darkness - Lighted,Straight,Off Path-Straight:Right Off Cway Hit Obj,Off carriageway on straight hit object,0,0,1,0,1,1,0,0,0,0,0,0
289409,Hospitalisation,2015,12,Hit pedestrian,Hit pedestrian,153.054726,-27.609878,Calam Rd,,Sunnybank Hills,Stretton,No Roadway Feature,Pedestrian crossing sign,70 km/h,Sealed - Wet,Daylight,Straight,Ped'N: Hit By Vehicle Enter/Leave D'Way,Pedestrian,0,1,0,0,1,1,0,0,0,0,1,0
289410,Hospitalisation,2015,17,Hit pedestrian,Hit pedestrian,153.07044,-27.572805,Comley St,Granadilla St,Macgregor,Sunnybank,Intersection - Cross,Operating traffic lights,60 km/h,Sealed - Dry,Daylight,Straight,Ped'N: Near Side Vehicle Hit From Right,Pedestrian,0,1,0,0,1,1,0,0,0,0,1,0
289411,Hospitalisation,2015,17,Fall from vehicle,Single Vehicle,153.082323,-27.553331,Dawson Rd,Wheeler St,Upper Mount Gravatt,Mansfield,Intersection - Cross,Stop sign,60 km/h,Sealed - Dry,Daylight,Straight,Off Path-Straight:Out Of Control On Cway,Out of control on straight,0,1,0,0,1,0,1,0,0,0,0,1
289412,Medical treatment,2015,18,Angle,Multi-Vehicle,153.0359487,-27.48654045,Ipswich Rd,Stanley St,Woolloongabba,South Brisbane,Intersection - Cross,Operating traffic lights,60 km/h,Sealed - Dry,Darkness - Lighted,Straight,Veh'S Adjacent Approach: Thru-Thru,Intersection from adjacent approaches,0,0,1,0,1,2,0,0,0,0,0,0
289413,Minor injury,2015,8,Rear-end,Multi-Vehicle,153.140508,-27.466616,Wynnum Rd,,Tingalpa,Lytton,Intersection - T-Junction,No traffic control,0 - 50 km/h,Sealed - Dry,Daylight,Straight,Veh'S Same Direction: Left Rear,Rear-end,0,0,0,1,1,2,0,0,0,0,0,0
289419,Hospitalisation,2015,7,Rear-end,Multi-Vehicle,153.007335,-27.65641,Forestdale Dr,Johnson Rd,Larapinta,Algester,Intersection - T-Junction,Operating traffic lights,70 km/h,Sealed - Dry,Daylight,Straight,Veh'S Same Direction: Rear End,Rear-end,0,1,0,0,1,3,0,1,0,0,0,0
289446,Hospitalisation,2015,12,Rear-end,Multi-Vehicle,152.930315,-27.590989,Progress Rd,,Wacol,Inala,No Roadway Feature,No traffic control,60 km/h,Sealed - Dry,Daylight,Straight,Veh'S Same Direction: Rear End,Rear-end,0,1,1,0,2,0,0,3,0,0,0,0
289447,Hospitalisation,2015,17,Angle,Multi-Vehicle,153.064428,-27.589673,Agnes St,Beenleigh Rd,Sunnybank,Sunnybank,Intersection - T-Junction,Give way sign,60 km/h,Sealed - Dry,Daylight,Straight,Veh'S Adjacent Approach: Right-Right,Intersection from adjacent approaches,0,1,0,0,1,2,0,0,0,0,0,0