Crash_Ref_Number,Severity,Year,Hour,Crash_Nature,Crash_Type,Longitude,Latitude,Street,Street_Intersecting,Suburb,Loc_State_Electorate,Crash_Roadway_Feature,Crash_Traffic_Control,Crash_Speed_Limit,Crash_Road_Surface_Condition,Crash_Lighting_Condition,Crash_Road_Horiz_Align,Crash_DCA_Description,Crash_DCA_Group_Description,Count_Casualty_Fatality,Count_Casualty_Hospitalised,Count_Casualty_MedicallyTreated,Count_Casualty_MinorInjury,Count_Casualty_Total,Count_Unit_Car,Count_Unit_Motorcycle_Moped,Count_Unit_Truck,Count_Unit_Bus,Count_Unit_Bicycle,Count_Unit_Pedestrian,Count_Unit_Other
289450,Medical treatment,2015,9,Angle,Multi-Vehicle,152.9847355,-27.53844972,Clara St,Clewley St,Corinda,Mount Ommaney,Intersection - Cross,Give way sign,0 - 50 km/h,Sealed - Dry,Daylight,Straight,Veh'S Adjacent Approach: Thru-Thru,Intersection from adjacent approaches,0,0,1,0,1,2,0,0,0,0,0,0
289451,Medical treatment,2015,8,Angle,Multi-Vehicle,153.0376801,-27.49737839,O'Keefe St,,Woolloongabba,South Brisbane,No Roadway Feature,Pedestrian operated lights,60 km/h,Sealed - Dry,Daylight,Straight,Veh'S Manoeuvring: Entering From Footway,Vehicle leaving driveway,0,0,1,0,1,1,0,0,0,1,0,0
289475,Hospitalisation,2015,3,Hit object,Single Vehicle,153.043646,-27.604918,Mt Lindesay Art. Rd,,Calamvale,Stretton,No Roadway Feature,No traffic control,80 - 90 km/h,Sealed - Dry,Darkness - Lighted,Straight,Off Path-Straight: Mounts Traffic Island,Off carriageway on straight hit object,0,1,0,0,1,1,0,0,0,0,0,0
289476,Hospitalisation,2015,21,Head-on,Multi-Vehicle,153.075627,-27.544588,Mt Gravatt Outlook Dr,,Mount Gravatt,Mansfield,No Roadway Feature,No traffic control,0 - 50 km/h,Sealed - Dry,Darkness - Not lighted,Curved - view obscured,Veh'S Opposite Approach: Head On,Head-on,0,1,0,0,1,2,0,0,0,0,0,0
289477,Minor injury,2015,16,Rear-end,Multi-Vehicle,153.105117,-27.452004,Gateway Arterial Rd,,Murarrie,Bulimba,No Roadway Feature,No traffic control,100 - 110 km/h,Sealed - Dry,Daylight,Straight,Veh'S Same Direction: Rear End,Rear-end,0,0,0,2,2,2,0,0,0,0,0,0
289478,Medical treatment,2015,17,Rear-end,Multi-Vehicle,153.143843,-27.442237,Lindum Rd,North Rd,Wynnum West,Lytton,Intersection - T-Junction,Stop sign,0 - 50 km/h,Sealed - Dry,Daylight,Straight,Veh'S Same Direction: Left Rear,Rear-end,0,0,1,0,1,2,0,0,0,0,0,0
289495,Hospitalisation,2015,16,Hit object,Single Vehicle,153.071692,-27.486716,Joseph St,Judge St,Camp Hill,Bulimba,Intersection - T-Junction,No traffic control,0 - 50 km/h,Sealed - Dry,Daylight,Straight,Off Path-Straight: Left Off Cway Hit Obj,Off carriageway on straight hit object,0,1,0,0,1,1,0,0,0,0,0,0
289497,Medical treatment,2015,12,Rear-end,Multi-Vehicle,153.09424,-27.531874,Creek Rd,Newnham Rd,Mount Gravatt East,Mansfield,Intersection - T-Junction,Give way sign,60 km/h,Sealed - Dry,Daylight,Curved - view open,Veh'S Same Direction: Left Rear,Rear-end,0,0,1,0,1,2,0,0,0,0,0,0
289498,Hospitalisation,2015,15,Hit pedestrian,Hit pedestrian,153.065866,-27.519416,Holland Rd,,Holland Park,Greenslopes,No Roadway Feature,No traffic control,60 km/h,Sealed - Dry,Daylight,Straight,Ped'N: Play; Work; Stand; Lie On C'Way,Pedestrian,0,1,0,0,1,1,0,0,0,0,1,0
289507,Medical treatment,2015,14,Hit object,Single Vehicle,153.169554,-27.559306,Redland Sub-Arterial Rd,,Burbank,Mansfield,No Roadway Feature,No traffic control,80 - 90 km/h,Sealed - Dry,Daylight,Straight,Off Path-Straight:Out Of Control On Cway,Out of control on straight,0,0,1,0,1,1,0,0,0,0,0,0
289529,Medical treatment,2015,18,Rear-end,Multi-Vehicle,152.918514,-27.549201,Horizon Dr,Maribor St,Westlake,Mount Ommaney,Intersection - T-Junction,No traffic control,60 km/h,Sealed - Dry,Dawn/Dusk,Straight,Veh'S Same Direction: Right Rear,Rear-end,0,0,1,0,1,2,0,0,0,0,0,0
289530,Hospitalisation,2015,13,Hit pedestrian,Hit pedestrian,153.035018,-27.506284,Victoria Tce,,Annerley,South Brisbane,No Roadway Feature,No traffic control,0 - 50 km/h,Sealed - Dry,Daylight,Straight,Ped'N: Hit Other,Other,0,1,0,0,1,1,0,0,0,0,1,0
289531,Hospitalisation,2015,18,Hit parked vehicle,Single Vehicle,153.0338355,-27.51972159,Cracknell Rd,,Annerley,Yeerongpilly,No Roadway Feature,No traffic control,60 km/h,Sealed - Dry,Dawn/Dusk,Straight,Off Path-Straight: Left Off Cway Hit Obj,Off carriageway on straight hit object,0,1,0,0,1,2,0,0,0,0,0,0
289536,Hospitalisation,2015,9,Hit object,Single Vehicle,152.951526,-27.593436,Pine Rd,,Richlands,Inala,No Roadway Feature,No traffic control,60 km/h,Sealed - Dry,Daylight,Straight,Off Path-Straight: Left Off Cway Hit Obj,Off carriageway on straight hit object,0,1,0,0,1,1,0,0,0,0,0,0
289537,Minor injury,2015,16,Head-on,Multi-Vehicle,153.054757,-27.47478,Norman Ave,Wynnum Rd,Norman Park,Bulimba,Intersection - T-Junction,Operating traffic lights,60 km/h,Sealed - Dry,Daylight,Curved - view open,Veh'S Adjacent Approach: Thru-Right,Intersection from adjacent approaches,0,0,0,1,1,1,1,0,0,0,0,0
289539,Medical treatment,2015,16,Rear-end,Multi-Vehicle,153.075214,-27.561839,Griffith Arterial Rd,,Macgregor,Sunnybank,No Roadway Feature,No traffic control,60 km/h,Sealed - Dry,Daylight,Straight,Veh'S Same Direction: Rear End,Rear-end,0,0,1,0,1,3,0,0,0,0,0,0
289540,Medical treatment,2015,6,Angle,Multi-Vehicle,153.020012,-27.480195,Ernest St,Merivale St,South Brisbane,South Brisbane,Intersection - Cross,Operating traffic lights,0 - 50 km/h,Sealed - Dry,Daylight,Straight,Veh'S Adjacent Approach: Right-Thru,Intersection from adjacent approaches,0,0,1,0,1,1,1,0,0,0,0,0
289541,Medical treatment,2015,23,Sideswipe,Multi-Vehicle,153.040376,-27.484107,Cairns St,Wellington Rd,East Brisbane,South Brisbane,Intersection - T-Junction,No traffic control,60 km/h,Sealed - Dry,Darkness - Lighted,Straight,Veh'S Same Direction: Lane Change Right,Lane changes,0,0,1,0,1,1,1,0,0,0,0,0
289572,Hospitalisation,2015,8,Angle,Multi-Vehicle,153.041107,-27.648371,Logan Mwy,Mt Lindesay Art. Rd,Parkinson,Algester,Intersection - Interchange,Stop sign,80 - 90 km/h,Sealed - Dry,Daylight,Straight,Veh'S Opposite Approach: Thru-Right,Opposing vehicles turning,0,2,0,0,2,2,0,0,0,0,0,0
289574,Hospitalisation,2015,15,Fall from vehicle,Single Vehicle,153.0564865,-27.47753763,Norman Ave,,Norman Park,Bulimba,No Roadway Feature,No traffic control,60 km/h,Sealed - Dry,Daylight,Curved - view open,Veh'S Same Direction: Right Turn S/Swipe,Parallel lanes turning,0,1,0,0,1,1,1,0,0,0,0,0
289601,Medical treatment,2015,10,Rear-end,Multi-Vehicle,153.058307,-27.599372,Hellawell Rd,Pinelands Rd,Sunnybank Hills,Sunnybank,Intersection - T-Junction,No traffic control,60 km/h,Sealed - Dry,Daylight,Straight,Veh'S Same Direction: Left Rear,Rear-end,0,0,1,0,1,2,0,0,0,0,0,0
289606,Medical treatment,2015,17,Angle,Multi-Vehicle,153.0124687,-27.4810304,Vulture St,,West End,South Brisbane,No Roadway Feature,No traffic control,60 km/h,Sealed - Dry,Daylight,Straight,Veh'S Manoeuvring: Leaving Parking,Vehicle leaving driveway,0,0,2,0,2,2,0,0,0,0,0,0
289627,Hospitalisation,2015,8,Hit object,Single Vehicle,153.058873,-27.598234,Pinelands Rd,,Sunnybank Hills,Stretton,No Roadway Feature,No traffic control,70 km/h,Sealed - Dry,Daylight,Straight,Off Path-Straight:Out Of Control On Cway,Out of control on straight,0,2,0,0,2,1,0,0,0,0,0,0
289628,Hospitalisation,2015,23,Hit object,Single Vehicle,153.106722,-27.534438,Ham Rd,Wecker Rd,Mansfield,Mansfield,Intersection - T-Junction,Operating traffic lights,60 km/h,Sealed - Dry,Darkness - Lighted,Straight,Off Path-Straight: Left Off Cway Hit Obj,Off carriageway on straight hit object,0,1,0,0,1,1,0,0,0,0,0,0
289629,Medical treatment,2015,8,Rear-end,Multi-Vehicle,153.098324,-27.457035,Creek Rd,Lytton Rd,Murarrie,Bulimba,Intersection - T-Junction,No traffic control,60 km/h,Sealed - Dry,Daylight,Straight,Veh'S Same Direction: Left Rear,Rear-end,0,0,1,0,1,1,0,1,0,0,0,0
289630,Hospitalisation,2015,23,Fall from vehicle,Single Vehicle,153.007149,-27.563735,Ashover Rd,,Rocklea,Sunnybank,No Roadway Feature,No traffic control,60 km/h,Sealed - Dry,Darkness - Not lighted,Curved - view open,Off Path-Curve: Out Of Control On Cway,Out of control on curve,0,1,0,0,1,0,1,0,0,0,0,0
289632,Medical treatment,2015,15,Rear-end,Multi-Vehicle,153.07656,-27.561386,Griffith Arterial Rd,,Macgregor,Sunnybank,No Roadway Feature,No traffic control,60 km/h,Sealed - Dry,Daylight,Straight,Veh'S Same Direction: Rear End,Rear-end,0,0,1,0,1,3,0,0,0,0,0,0
289633,Medical treatment,2015,21,Angle,Multi-Vehicle,153.103439,-27.57734,Miles Platting Rd,,Eight Mile Plains,Mansfield,Intersection - Cross,Operating traffic lights,60 km/h,Sealed - Dry,Darkness - Lighted,Straight,Veh'S Opposite Approach: Thru-Right,Opposing vehicles turning,0,0,1,0,1,2,0,0,0,0,0,0
289638,Hospitalisation,2015,5,Hit object,Single Vehicle,153.185594,-27.519096,Cleveland Sub-Arterial Rd,,Chandler,Chatsworth,No Roadway Feature,Operating traffic lights,60 km/h,Sealed - Wet,Dawn/Dusk,Curved - view open,Veh'S On Path: Temporary Object On C'Way,Other,0,1,0,0,1,1,0,0,0,0,0,0
289656,Hospitalisation,2015,7,Hit object,Single Vehicle,153.044186,-27.641216,Mt Lindesay Art. Rd,,Drewvale,Stretton,No Roadway Feature,No traffic control,80 - 90 km/h,Sealed - Dry,Daylight,Curved - view open,Off Path-Curve: Off Cway Rt Bend Hit Obj,Off carriageway on curve hit object,0,1,0,0,1,1,0,0,0,0,0,0
289657,Hospitalisation,2015,10,Hit pedestrian,Hit pedestrian,153.054737,-27.60773499,Calam Rd,Orsino St,Sunnybank Hills,Stretton,Intersection - T-Junction,Give way sign,60 km/h,Sealed - Dry,Daylight,Straight,Ped'N: Near Side Vehicle Hit From Right,Pedestrian,0,1,0,0,1,1,0,0,0,0,1,0
289658,Hospitalisation,2015,16,Hit pedestrian,Hit pedestrian,153.044295,-27.498582,Logan Rd,,Greenslopes,South Brisbane,No Roadway Feature,No traffic control,60 km/h,Sealed - Dry,Daylight,Curved - view open,Ped'N: Hit Emerging Behind Vehicle,Pedestrian,0,1,0,0,1,1,0,0,0,0,1,0
289659,Medical treatment,2015,10,Angle,Multi-Vehicle,152.975879,-27.586609,Biota St,Rosemary St,Inala,Inala,Intersection - Cross,Operating traffic lights,60 km/h,Sealed - Dry,Daylight,Straight,Veh'S Opposite Approach: Thru-Right,Opposing vehicles turning,0,0,1,0,1,2,0,0,0,0,0,0
289660,Medical treatment,2015,15,Hit object,Single Vehicle,153.051541,-27.475992,Wynnum Rd,,Norman Park,Bulimba,No Roadway Feature,No traffic control,60 km/h,Sealed - Dry,Daylight,Straight,Off Path-Straight:Right Off Cway Hit Obj,Off carriageway on straight hit object,0,0,1,0,1,1,0,0,0,0,0,0
289662,Minor injury,2015,16,Rear-end,Multi-Vehicle,152.974953,-27.510223,Wharf St,,Chelmer,Indooroopilly,No Roadway Feature,No traffic control,60 km/h,Sealed - Dry,Daylight,Straight,Veh'S Same Direction: Rear End,Rear-end,0,0,0,1,1,3,0,0,0,0,0,0
289684,Medical treatment,2015,6,Rear-end,Multi-Vehicle,153.0142,-27.535918,Ipswich Rd,Keats St,Moorooka,Yeerongpilly,No Roadway Feature,No traffic control,60 km/h,Sealed - Dry,Daylight,Straight,Veh'S Same Direction: Rear End,Rear-end,0,0,1,0,1,2,0,0,0,0,0,0
289685,Hospitalisation,2015,7,Rear-end,Multi-Vehicle,153.1006484,-27.44519838,Gateway Arterial Rd,,Murarrie,Bulimba,Bridge/Causeway,No traffic control,80 - 90 km/h,Sealed - Dry,Daylight,Straight,Veh'S Same Direction: Rear End,Rear-end,0,2,0,0,2,2,0,1,0,0,0,0
289686,Hospitalisation,2015,10,Hit parked vehicle,Single Vehicle,153.101661,-27.553423,Redland Sub-Arterial Rd,,Wishart,Mansfield,No Roadway Feature,No traffic control,60 km/h,Sealed - Dry,Daylight,Straight,Off Path-Straight: Left Off Cway Hit Obj,Off carriageway on straight hit object,0,1,0,0,1,1,1,0,0,0,0,0
289710,Hospitalisation,2015,17,Hit object,Single Vehicle,152.962915,-27.591323,Azalea St,,Inala,Inala,No Roadway Feature,No traffic control,60 km/h,Sealed - Wet,Daylight,Curved - view open,Veh'S On Path: Temporary Object On C'Way,Other,0,1,0,0,1,1,0,0,0,0,0,0
289712,Minor injury,2015,21,Angle,Multi-Vehicle,153.093201,-27.469119,Cannondale St,Wynnum Rd,Cannon Hill,Bulimba,Intersection - Cross,Operating traffic lights,60 km/h,Sealed - Wet,Darkness - Lighted,Straight,Veh'S Adjacent Approach: Thru-Thru,Intersection from adjacent approaches,0,0,0,2,2,2,0,0,0,0,0,0
289714,Minor injury,2015,22,Hit object,Single Vehicle,153.016116,-27.485394,Baynes St,Chermside St,Highgate Hill,South Brisbane,No Roadway Feature,No traffic control,0 - 50 km/h,Sealed - Wet,Darkness - Lighted,Curved - view open,Off Path-Curve: Off Cway Rt Bend Hit Obj,Off carriageway on curve hit object,0,0,0,1,1,1,0,0,0,0,0,0
289739,Minor injury,2015,2,Hit object,Single Vehicle,153.073489,-27.621256,Gateway Arterial Rd,,Stretton,Stretton,No Roadway Feature,No traffic control,100 - 110 km/h,Sealed - Wet,Darkness - Lighted,Curved - view open,Off Path-Curve: Off Cway Rt Bend Hit Obj,Off carriageway on curve hit object,0,0,0,1,1,0,0,1,0,0,0,0
289742,Hospitalisation,2015,19,Hit object,Single Vehicle,153.1581327,-27.52248443,Tilley Rd,,Chandler,Chatsworth,No Roadway Feature,No traffic control,70 km/h,Sealed - Wet,Darkness - Not lighted,Curved - view open,Off Path-Curve: Off Cway Rt Bend Hit Obj,Off carriageway on curve hit object,0,1,0,0,1,1,0,0,0,0,0,0
289756,Medical treatment,2015,12,Rear-end,Multi-Vehicle,153.088674,-27.567386,Logan Sub-Arterial Rd,,Upper Mount Gravatt,Mansfield,No Roadway Feature,No traffic control,70 km/h,Sealed - Dry,Daylight,Curved - view open,Veh'S Same Direction: Rear End,Rear-end,0,0,1,0,1,2,0,0,0,0,0,0
289778,Fatal,2015,1,Hit object,Single Vehicle,153.06716,-27.650901,Macquarie Way,,Drewvale,Stretton,No Roadway Feature,No traffic control,60 km/h,Sealed - Dry,Darkness - Lighted,Curved - view open,Off Path-Curve: Off Cway Rt Bend Hit Obj,Off carriageway on curve hit object,1,0,0,0,1,1,0,0,0,0,0,0
289781,Medical treatment,2015,17,Rear-end,Multi-Vehicle,152.976502,-27.592206,Serviceton Ave,Sycamore St,Inala,Inala,Intersection - Cross,No traffic control,60 km/h,Sealed - Dry,Daylight,Straight,Veh'S Same Direction: Rear End,Rear-end,0,0,1,0,1,2,0,0,0,0,0,0
289782,Medical treatment,2015,10,Rear-end,Multi-Vehicle,153.078742,-27.560602,Griffith Arterial Rd,,Upper Mount Gravatt,Mansfield,No Roadway Feature,No traffic control,60 km/h,Sealed - Dry,Daylight,Straight,Veh'S Same Direction: Rear End,Rear-end,0,0,1,0,1,2,0,0,0,0,0,0
289783,Medical treatment,2015,3,Rear-end,Multi-Vehicle,153.0338658,-27.49143921,South East Arterial Rd,,Woolloongabba,South Brisbane,No Roadway Feature,No traffic control,80 - 90 km/h,Sealed - Wet,Darkness - Lighted,Curved - view open,Veh'S Same Direction: Rear End,Rear-end,0,0,1,0,1,2,0,0,0,0,0,0
289805,Medical treatment,2015,10,Angle,Multi-Vehicle,153.165562,-27.476439,Greencamp Rd,,Wakerley,Chatsworth,Intersection - T-Junction,No traffic control,60 km/h,Sealed - Dry,Daylight,Curved - view open,Veh'S Adjacant Approach: Thru-Left,Intersection from adjacent approaches,0,0,2,0,2,2,0,0,0,0,0,0
289816,Minor injury,2015,11,Hit parked vehicle,Single Vehicle,153.027223,-27.489732,Annerley Rd,,Woolloongabba,South Brisbane,No Roadway Feature,No traffic control,60 km/h,Sealed - Dry,Daylight,Curved - view open,Veh'S Manoeuvring: Other,Other,0,0,0,1,1,1,0,0,0,1,0,0
289835,Hospitalisation,2015,11,Angle,Multi-Vehicle,152.980406,-27.568772,Blunder Rd,Factory Rd,Oxley,Inala,Intersection - Cross,No traffic control,70 km/h,Sealed - Dry,Daylight,Straight,Veh'S Opposite Approach: Thru-Right,Opposing vehicles turning,0,1,0,0,1,2,0,0,0,0,0,0
289838,Hospitalisation,2015,5,Head-on,Multi-Vehicle,152.989801,-27.651577,Johnson Rd,,Heathwood,Algester,No Roadway Feature,No traffic control,80 - 90 km/h,Sealed - Dry,Dawn/Dusk,Straight,Veh'S Opposite Approach: Head On,Head-on,0,2,0,0,2,2,0,0,0,0,0,0
289886,Hospitalisation,2016,6,Angle,Multi-Vehicle,153.040332,-27.558939,Griffith Arterial Rd,Orange Grove Rd,Salisbury,Sunnybank,Intersection - Cross,Operating traffic lights,60 km/h,Sealed - Dry,Daylight,Straight,Veh'S Adjacent Approach: Thru-Thru,Intersection from adjacent approaches,0,1,1,0,2,2,0,0,0,0,0,0
289887,Hospitalisation,2016,4,Hit object,Single Vehicle,153.0634373,-27.54600412,South East Arterial Rd,,Mount Gravatt,Mansfield,No Roadway Feature,No traffic control,100 - 110 km/h,Sealed - Dry,Daylight,Straight,Off Path-Straight: Left Off Cway Hit Obj,Off carriageway on straight hit object,0,2,0,0,2,1,0,0,0,0,0,0
289904,Hospitalisation,2016,1,Hit object,Single Vehicle,152.9232431,-27.59383251,Cunningham Arterial Rd,,Wacol,Inala,No Roadway Feature,No traffic control,100 - 110 km/h,Sealed - Dry,Darkness - Lighted,Straight,Off Path-Straight:Right Off Cway Hit Obj,Off carriageway on straight hit object,0,1,0,0,1,1,0,0,0,0,0,0
289907,Medical treatment,2016,11,Angle,Multi-Vehicle,153.144938,-27.463408,Kianawah Rd,Wynnum Rd,Wynnum West,Lytton,Intersection - T-Junction,Operating traffic lights,80 - 90 km/h,Sealed - Dry,Daylight,Straight,Veh'S Opposite Approach: Thru-Right,Opposing vehicles turning,0,0,1,0,1,3,0,0,0,0,0,0
289923,Medical treatment,2016,17,Rear-end,Multi-Vehicle,153.062047,-27.582182,Mains Rd,Shearwin St,Sunnybank,Sunnybank,Intersection - T-Junction,Operating traffic lights,60 km/h,Sealed - Dry,Daylight,Straight,Veh'S Same Direction: Rear End,Rear-end,0,0,2,0,2,2,0,0,0,0,0,0
289924,Fatal,2016,14,Hit pedestrian,Hit pedestrian,153.032791,-27.509926,Annerley Rd,Ipswich Rd,Annerley,Yeerongpilly,Intersection - T-Junction,Operating traffic lights,60 km/h,Sealed - Dry,Daylight,Straight,Ped'N: Far Side Vehicle Hit From Left,Pedestrian,1,0,0,0,1,1,0,0,0,0,1,0
289927,Medical treatment,2016,11,Sideswipe,Multi-Vehicle,153.032431,-27.485941,Leopard St,South East Arterial Rd,Woolloongabba,South Brisbane,Intersection - Cross,Operating traffic lights,60 km/h,Sealed - Dry,Daylight,Straight,Veh'S Same Direction: Right Turn S/Swipe,Parallel lanes turning,0,0,1,0,1,2,0,0,0,0,0,0
289957,Medical treatment,2016,16,Rear-end,Multi-Vehicle,153.179671,-27.513965,Cleveland Sub-Arterial Rd,,Chandler,Chatsworth,No Roadway Feature,No traffic control,60 km/h,Sealed - Wet,Daylight,Straight,Veh'S Same Direction: Rear End,Rear-end,0,0,1,0,1,3,0,0,0,0,0,0
289976,Hospitalisation,2016,10,Fall from vehicle,Single Vehicle,152.943383,-27.578303,Cunningham Arterial Rd,,Darra,Inala,Intersection - Interchange,No traffic control,60 km/h,Sealed - Dry,Daylight,Curved - view open,Off Path-Curve: Out Of Control On Cway,Out of control on curve,0,1,0,0,1,0,1,0,0,0,0,0
289981,Hospitalisation,2016,18,Sideswipe,Multi-Vehicle,153.01632,-27.483728,Brighton Rd,Hampstead Rd,Highgate Hill,South Brisbane,Intersection - T-Junction,No traffic control,60 km/h,Sealed - Wet,Dawn/Dusk,Straight,Veh'S Same Direction: Lane Side Swipe,Lane changes,0,1,0,0,1,1,0,0,0,1,0,0
290003,Medical treatment,2016,15,Rear-end,Multi-Vehicle,153.026913,-27.544331,Evans Rd,,Salisbury,Yeerongpilly,No Roadway Feature,No traffic control,60 km/h,Sealed - Dry,Daylight,Straight,Veh'S Same Direction: Rear End,Rear-end,0,0,1,0,1,3,0,0,0,0,0,0
290004,Hospitalisation,2016,12,Rear-end,Multi-Vehicle,152.969379,-27.568852,Cunningham Arterial Rd,,Oxley,Mount Ommaney,No Roadway Feature,No traffic control,80 - 90 km/h,Sealed - Dry,Daylight,Straight,Veh'S Same Direction: Rear End,Rear-end,0,1,0,0,1,3,0,0,0,0,0,0
290006,Minor injury,2016,19,Rear-end,Multi-Vehicle,153.030624,-27.484034,Allen St,,Woolloongabba,South Brisbane,No Roadway Feature,No traffic control,60 km/h,Sealed - Dry,Darkness - Lighted,Curved - view open,Veh'S Same Direction: Rear End,Rear-end,0,0,0,1,1,2,0,0,0,0,0,0
290029,Medical treatment,2016,5,Hit parked vehicle,Single Vehicle,153.0293778,-27.50022319,Cornwall St,,Annerley,South Brisbane,No Roadway Feature,No traffic control,0 - 50 km/h,Sealed - Dry,Dawn/Dusk,Curved - view open,Veh'S On Path: Car Door,Hit parked vehicle,0,0,1,0,1,1,0,0,0,1,0,0
290031,Hospitalisation,2016,15,Angle,Multi-Vehicle,153.050212,-27.503443,Cornwall St,Rialto St,Greenslopes,South Brisbane,Intersection - Cross,Stop sign,60 km/h,Sealed - Dry,Darkness - Lighted,Straight,Veh'S Adjacent Approach: Thru-Right,Intersection from adjacent approaches,0,1,2,0,3,2,0,0,0,0,0,0
290032,Hospitalisation,2016,1,Hit object,Single Vehicle,152.9934856,-27.58479028,Bowhill Rd,,Willawong,Sunnybank,No Roadway Feature,No traffic control,70 km/h,Sealed - Dry,Darkness - Not lighted,Straight,Off Path-Straight: Left Off Cway Hit Obj,Off carriageway on straight hit object,0,1,1,0,2,1,0,0,0,0,0,0
290036,Medical treatment,2016,6,Rear-end,Multi-Vehicle,153.099959,-27.584476,Gateway Arterial Rd,Logan Sub-Arterial Rd,Eight Mile Plains,Stretton,Intersection - Interchange,Give way sign,60 km/h,Sealed - Dry,Daylight,Straight,Veh'S Same Direction: Left Rear,Rear-end,0,0,1,0,1,2,0,0,0,0,0,0
290037,Medical treatment,2016,12,Rear-end,Multi-Vehicle,153.045464,-27.479537,Lytton Rd,,East Brisbane,South Brisbane,No Roadway Feature,No traffic control,60 km/h,Sealed - Dry,Daylight,Straight,Veh'S Same Direction: Rear End,Rear-end,0,0,1,0,1,3,0,0,0,0,0,0
290054,Medical treatment,2016,14,Angle,Multi-Vehicle,153.056794,-27.640152,Gowan Rd,Illaweena St,Stretton,Stretton,Intersection - T-Junction,Operating traffic lights,60 km/h,Sealed - Dry,Daylight,Straight,Veh'S Opposite Approach: Thru-Right,Opposing vehicles turning,0,0,1,1,2,2,0,0,0,0,0,0
290055,Medical treatment,2016,21,Hit parked vehicle,Single Vehicle,153.060375,-27.620457,Gowan Rd,,Stretton,Stretton,No Roadway Feature,No traffic control,60 km/h,Sealed - Dry,Darkness - Lighted,Straight,Veh'S On Path: Parked,Hit parked vehicle,0,0,1,0,1,2,0,0,0,0,0,0
290058,Medical treatment,2016,11,Rear-end,Multi-Vehicle,152.946947,-27.5278405,Western Arterial Rd,,Jindalee,Mount Ommaney,Bridge/Causeway,No traffic control,80 - 90 km/h,Sealed - Dry,Daylight,Straight,Veh'S Same Direction: Rear End,Rear-end,0,0,1,0,1,3,0,0,0,0,0,0
290061,Medical treatment,2016,11,Angle,Multi-Vehicle,153.080001,-27.560242,Cremin St,Griffith Arterial Rd,Upper Mount Gravatt,Mansfield,Intersection - T-Junction,Operating traffic lights,60 km/h,Sealed - Dry,Daylight,Straight,Veh'S Adjacent Approach: Thru-Right,Intersection from adjacent approaches,0,0,2,0,2,3,0,0,0,0,0,0
290062,Medical treatment,2016,5,Sideswipe,Multi-Vehicle,153.039655,-27.48785,Trafalgar St,Wellington Rd,East Brisbane,South Brisbane,Intersection - T-Junction,No traffic control,60 km/h,Sealed - Dry,Dawn/Dusk,Straight,Veh'S Same Direction: Left Turn S/Swipe,Parallel lanes turning,0,0,1,0,1,1,1,0,0,0,0,0
290063,Hospitalisation,2016,16,Angle,Multi-Vehicle,153.170383,-27.446128,Andrew St,Ronald St,Wynnum,Lytton,Intersection - Cross,Give way sign,0 - 50 km/h,Sealed - Dry,Daylight,Straight,Veh'S Adjacent Approach: Thru-Thru,Intersection from adjacent approaches,0,1,1,0,2,2,0,0,0,0,0,0
290064,Hospitalisation,2016,8,Hit parked vehicle,Single Vehicle,153.13652,-27.434331,Luke St,,Lytton,Lytton,No Roadway Feature,No traffic control,60 km/h,Sealed - Dry,Daylight,Straight,Veh'S Opposite Approach: Other,Other,0,1,0,0,1,0,0,0,0,1,0,1
290084,Medical treatment,2016,18,Angle,Multi-Vehicle,153.064878,-27.590091,Beenleigh Rd,Gowan Rd,Sunnybank Hills,Stretton,Intersection - T-Junction,Operating traffic lights,70 km/h,Sealed - Dry,Daylight,Straight,Veh'S Opposite Approach: Thru-Right,Opposing vehicles turning,0,0,1,0,1,2,0,0,0,0,0,0
290112,Medical treatment,2016,13,Angle,Multi-Vehicle,153.054757,-27.47478,Norman Ave,Wynnum Rd,Norman Park,Bulimba,Intersection - T-Junction,Operating traffic lights,60 km/h,Sealed - Dry,Daylight,Straight,Veh'S Manoeuvring: Entering From Footway,Vehicle leaving driveway,0,0,1,0,1,1,0,0,0,1,0,0
290113,Hospitalisation,2016,16,Angle,Multi-Vehicle,153.16761,-27.484915,Rickertt Rd,,Ransome,Chatsworth,No Roadway Feature,No traffic control,60 km/h,Sealed - Dry,Daylight,Straight,Veh'S Same Direction: Rear End,Rear-end,0,1,0,0,1,1,1,0,0,0,0,0
290136,Hospitalisation,2016,22,Hit object,Single Vehicle,152.9196936,-27.59992012,Wilruna St,,Wacol,Inala,No Roadway Feature,No traffic control,60 km/h,Sealed - Dry,Darkness - Not lighted,Straight,Off Path-Straight: Left Off Cway Hit Obj,Off carriageway on straight hit object,0,1,0,0,1,1,0,0,0,0,0,0
290137,Medical treatment,2016,8,Rear-end,Multi-Vehicle,153.092602,-27.495425,Old Cleveland Rd,,Carina,Chatsworth,No Roadway Feature,No traffic control,60 km/h,Sealed - Dry,Daylight,Straight,Veh'S Same Direction: Rear End,Rear-end,0,0,1,0,1,2,0,0,0,0,0,0