Crash_Ref_Number,Severity,Year,Hour,Crash_Nature,Crash_Type,Longitude,Latitude,Street,Street_Intersecting,Suburb,Loc_State_Electorate,Crash_Roadway_Feature,Crash_Traffic_Control,Crash_Speed_Limit,Crash_Road_Surface_Condition,Crash_Lighting_Condition,Crash_Road_Horiz_Align,Crash_DCA_Description,Crash_DCA_Group_Description,Count_Casualty_Fatality,Count_Casualty_Hospitalised,Count_Casualty_MedicallyTreated,Count_Casualty_MinorInjury,Count_Casualty_Total,Count_Unit_Car,Count_Unit_Motorcycle_Moped,Count_Unit_Truck,Count_Unit_Bus,Count_Unit_Bicycle,Count_Unit_Pedestrian,Count_Unit_Other
290138,Hospitalisation,2016,21,Hit object,Single Vehicle,153.007759,-27.53996,Sherwood Rd,,Rocklea,Yeerongpilly,No Roadway Feature,No traffic control,60 km/h,Sealed - Dry,Darkness - Lighted,Straight,Off Path-Straight: Left Off Cway Hit Obj,Off carriageway on straight hit object,0,1,0,0,1,1,0,0,0,0,0,0
290158,Hospitalisation,2016,6,Hit pedestrian,Hit pedestrian,153.074547,-27.492664,Old Cleveland Rd,Tarana St,Camp Hill,Greenslopes,Intersection - T-Junction,Pedestrian operated lights,60 km/h,Sealed - Dry,Daylight,Straight,Ped'N: Far Side Vehicle Hit From Left,Pedestrian,0,1,0,0,1,0,1,0,0,0,1,0
290160,Hospitalisation,2016,11,Angle,Multi-Vehicle,153.054457,-27.487269,Cavendish Rd,Stanley St East,Coorparoo,Greenslopes,Intersection - Cross,Operating traffic lights,60 km/h,Sealed - Dry,Daylight,Straight,Veh'S Opposite Approach: Thru-Right,Opposing vehicles turning,0,1,0,0,1,2,0,0,0,0,0,0
290163,Minor injury,2016,7,Angle,Multi-Vehicle,153.025477,-27.495829,Gladstone Rd,T J Doyle Memorial Park Dr,Dutton Park,South Brisbane,Intersection - T-Junction,No traffic control,60 km/h,Sealed - Dry,Dawn/Dusk,Curved - view open,Veh'S Manoeuvring: Entering From Footway,Vehicle leaving driveway,0,0,0,1,1,1,0,0,0,1,0,0
290164,Medical treatment,2016,14,Hit object,Single Vehicle,153.167836,-27.474482,Manly Rd,Oasis Cl,Manly West,Lytton,Intersection - T-Junction,No traffic control,60 km/h,Sealed - Dry,Daylight,Straight,Veh'S On Path: Other,Other,0,0,1,0,1,2,0,0,0,0,0,0
290165,Minor injury,2016,15,Rear-end,Multi-Vehicle,153.113583,-27.472857,Murarrie Rd,Wynnum Rd,Tingalpa,Chatsworth,Intersection - T-Junction,Operating traffic lights,70 km/h,Sealed - Dry,Daylight,Straight,Veh'S Same Direction: Rear End,Rear-end,0,0,0,1,1,2,0,0,0,0,0,0
290190,Medical treatment,2016,15,Angle,Multi-Vehicle,153.071621,-27.529466,Logan Rd,Nursery Rd,Mount Gravatt,Greenslopes,Intersection - Cross,Operating traffic lights,60 km/h,Sealed - Dry,Daylight,Straight,Veh'S Adjacent Approach: Thru-Thru,Intersection from adjacent approaches,0,0,1,0,1,2,0,0,0,0,0,0
290193,Minor injury,2016,17,Rear-end,Multi-Vehicle,153.066398,-27.55906464,Nathan Connection Arterial Rd,,Nathan,Yeerongpilly,No Roadway Feature,No traffic control,60 km/h,Sealed - Dry,Daylight,Straight,Veh'S Same Direction: Rear End,Rear-end,0,0,0,1,1,3,0,0,0,0,0,0
290194,Medical treatment,2016,22,Rear-end,Multi-Vehicle,153.0378202,-27.49558079,South East Arterial Rd,,Woolloongabba,South Brisbane,No Roadway Feature,No traffic control,60 km/h,Sealed - Dry,Darkness - Lighted,Straight,Veh'S Same Direction: Rear End,Rear-end,0,0,1,0,1,2,0,0,0,0,0,0
290219,Hospitalisation,2016,14,Angle,Multi-Vehicle,152.932882,-27.60071764,Boundary Rd,,Wacol,Inala,No Roadway Feature,No traffic control,60 km/h,Sealed - Dry,Daylight,Straight,Veh'S Manoeuvring: Entering From Footway,Vehicle leaving driveway,0,1,1,0,2,2,0,0,0,0,0,0
290220,Medical treatment,2016,10,Hit object,Single Vehicle,152.96317,-27.580645,Freeman Rd,,Richlands,Inala,No Roadway Feature,No traffic control,70 km/h,Sealed - Dry,Darkness - Lighted,Straight,Off Path-Straight: Left Off Cway Hit Obj,Off carriageway on straight hit object,0,0,2,0,2,1,0,0,0,0,0,1
290261,Minor injury,2016,4,Angle,Multi-Vehicle,152.9323377,-27.60425889,Boundary Rd,Tile St,Wacol,Inala,Intersection - Roundabout,Give way sign,60 km/h,Sealed - Dry,Dawn/Dusk,Straight,Veh'S Adjacent Approach: Thru-Thru,Intersection from adjacent approaches,0,0,0,1,1,2,0,0,0,0,0,0
290262,Medical treatment,2016,11,Hit object,Single Vehicle,153.079241,-27.608632,Persse Rd,Sue Ct,Runcorn,Stretton,Intersection - T-Junction,No traffic control,70 km/h,Sealed - Dry,Daylight,Straight,Off Path-Straight: Left Off Cway Hit Obj,Off carriageway on straight hit object,0,0,1,0,1,1,0,0,0,0,0,0
290263,Medical treatment,2016,13,Rear-end,Multi-Vehicle,153.032962,-27.509707,Ipswich Rd,Waldheim St,Annerley,Yeerongpilly,Intersection - T-Junction,No traffic control,60 km/h,Sealed - Dry,Daylight,Straight,Veh'S Same Direction: Rear End,Rear-end,0,0,1,0,1,3,0,0,0,0,0,0
290264,Medical treatment,2016,10,Rear-end,Multi-Vehicle,153.077168,-27.49353514,Boundary Rd,,Camp Hill,Greenslopes,No Roadway Feature,No traffic control,60 km/h,Sealed - Dry,Daylight,Straight,Veh'S Same Direction: Rear End,Rear-end,0,0,1,0,1,2,0,0,0,0,0,0
290268,Medical treatment,2016,8,Angle,Multi-Vehicle,153.0511773,-27.47597556,Wynnum Rd,,Norman Park,Bulimba,No Roadway Feature,No traffic control,60 km/h,Sealed - Dry,Daylight,Curved - view obscured,Veh'S Manoeuvring: Other,Other,0,0,1,0,1,1,0,0,0,1,0,0
290269,Medical treatment,2016,16,Rear-end,Multi-Vehicle,153.119833,-27.537078,Gateway Arterial Rd,,Mackenzie,Mansfield,No Roadway Feature,No traffic control,100 - 110 km/h,Sealed - Dry,Daylight,Straight,Veh'S Same Direction: Rear End,Rear-end,0,0,1,0,1,3,0,0,0,0,0,0
290270,Medical treatment,2016,15,Fall from vehicle,Single Vehicle,153.02939,-27.480805,South East Arterial Rd,,Kangaroo Point,South Brisbane,Bridge/Causeway,No traffic control,70 km/h,Sealed - Dry,Daylight,Straight,Off Path-Straight:Out Of Control On Cway,Out of control on straight,0,0,1,0,1,0,1,1,0,0,0,0
290304,Medical treatment,2016,3,Hit pedestrian,Hit pedestrian,153.019052,-27.578975,Oxley St,,Acacia Ridge,Sunnybank,No Roadway Feature,No traffic control,0 - 50 km/h,Sealed - Dry,Darkness - Not lighted,Straight,Ped'N: Play; Work; Stand; Lie On C'Way,Pedestrian,0,0,1,0,1,1,0,0,0,0,1,0
290305,Medical treatment,2016,9,Hit object,Single Vehicle,153.034528,-27.506767,Ipswich Rd,,Annerley,South Brisbane,No Roadway Feature,No traffic control,60 km/h,Sealed - Wet,Daylight,Curved - view obscured,Off Path-Curve: Off Cway Rt Bend Hit Obj,Off carriageway on curve hit object,0,0,1,0,1,1,0,0,0,0,0,0
290307,Medical treatment,2016,7,Angle,Multi-Vehicle,153.0398713,-27.49264257,Lewis St,,Woolloongabba,South Brisbane,No Roadway Feature,No traffic control,60 km/h,Sealed - Wet,Daylight,Straight,Veh'S Same Direction: Right Turn S/Swipe,Parallel lanes turning,0,0,1,0,1,2,0,0,0,0,0,0
290335,Medical treatment,2016,11,Angle,Multi-Vehicle,152.980256,-27.568655,Blunder Rd,Reedy Rd,Oxley,Inala,Intersection - Cross,Operating traffic lights,70 km/h,Sealed - Dry,Daylight,Straight,Veh'S Opposite Approach: U-Turn,U-turn,0,0,2,0,2,2,0,0,0,0,0,0
290355,Medical treatment,2016,13,Angle,Multi-Vehicle,153.01915,-27.567613,Boniface St,Boundary Rd,Archerfield,Sunnybank,Intersection - Cross,Operating traffic lights,60 km/h,Sealed - Dry,Daylight,Straight,Veh'S Opposite Approach: Thru-Right,Opposing vehicles turning,0,0,2,0,2,1,0,1,0,0,0,0
290356,Medical treatment,2016,17,Angle,Multi-Vehicle,153.014001,-27.515434,Kadumba St,Kingsley Pde,Yeronga,Yeerongpilly,Intersection - Cross,Stop sign,60 km/h,Sealed - Dry,Dawn/Dusk,Curved - view open,Veh'S Adjacent Approach: Thru-Thru,Intersection from adjacent approaches,0,0,1,0,1,2,0,0,0,0,0,0
290360,Medical treatment,2016,11,Angle,Multi-Vehicle,153.074548,-27.561967,Griffith Arterial Rd,Springfield St,Macgregor,Sunnybank,Intersection - T-Junction,Operating traffic lights,60 km/h,Sealed - Dry,Daylight,Curved - view open,Veh'S Adjacent Approach: Thru-Right,Intersection from adjacent approaches,0,0,5,0,5,2,0,0,0,0,0,0
290377,Hospitalisation,2016,18,Rear-end,Multi-Vehicle,153.043191,-27.604425,Algester Rd,Mt Lindesay Art. Rd,Calamvale,Stretton,Intersection - T-Junction,Operating traffic lights,80 - 90 km/h,Sealed - Dry,Daylight,Curved - view open,Veh'S Same Direction: Rear End,Rear-end,0,1,0,0,1,1,0,0,1,0,0,0
290385,Medical treatment,2016,15,Rear-end,Multi-Vehicle,153.078805,-27.518952,Beddoes St,Cavendish Rd,Holland Park,Greenslopes,Intersection - Cross,No traffic control,60 km/h,Sealed - Dry,Daylight,Straight,Veh'S Same Direction: Right Rear,Rear-end,0,0,1,1,2,2,0,0,0,0,0,0
290386,Medical treatment,2016,15,Angle,Multi-Vehicle,153.095984,-27.471173,Creek Rd,Pickwick St,Cannon Hill,Bulimba,Intersection - Cross,Operating traffic lights,60 km/h,Sealed - Dry,Daylight,Straight,Veh'S Opposite Approach: Thru-Right,Opposing vehicles turning,0,0,1,0,1,2,0,0,0,0,0,0
290391,Medical treatment,2016,7,Rear-end,Multi-Vehicle,153.130539,-27.504874,Cleveland Sub-Arterial Rd,Old Cleveland Rd,Belmont,Chatsworth,Merge Lane,No traffic control,80 - 90 km/h,Sealed - Dry,Daylight,Straight,Veh'S Same Direction: Rear End,Rear-end,0,0,2,0,2,4,0,0,0,0,0,0
290415,Medical treatment,2016,9,Head-on,Multi-Vehicle,152.964598,-27.5746716,Boundary Rd,,Darra,Inala,No Roadway Feature,No traffic control,60 km/h,Sealed - Dry,Daylight,Straight,Veh'S Opposite Approach: Head On,Head-on,0,0,1,0,1,2,0,0,0,0,0,0
290416,Hospitalisation,2016,17,Hit pedestrian,Hit pedestrian,153.055115,-27.606172,Calam Rd,Lynelle St,Sunnybank Hills,Stretton,Intersection - T-Junction,No traffic control,0 - 50 km/h,Sealed - Dry,Daylight,Straight,Ped'N: Near Side Vehicle Hit From Right,Pedestrian,0,1,0,0,1,1,0,0,0,0,1,0
290417,Hospitalisation,2016,6,Rear-end,Multi-Vehicle,153.091935,-27.4955529,Old Cleveland Rd,,Carina,Chatsworth,No Roadway Feature,No traffic control,60 km/h,Sealed - Dry,Daylight,Straight,Veh'S Same Direction: Lane Side Swipe,Lane changes,0,1,0,0,1,3,1,0,0,0,0,0
290422,Minor injury,2016,6,Angle,Multi-Vehicle,153.167287,-27.437285,Glenora St,Tingal Rd,Wynnum,Lytton,Intersection - Roundabout,No traffic control,60 km/h,Sealed - Dry,Daylight,Straight,Veh'S Opposite Approach: Thru-Right,Opposing vehicles turning,0,0,0,1,1,1,0,0,0,1,0,0
290423,Medical treatment,2016,19,Sideswipe,Multi-Vehicle,153.119084,-27.482317,Gateway Arterial Rd,,Tingalpa,Chatsworth,No Roadway Feature,No traffic control,100 - 110 km/h,Sealed - Dry,Darkness - Lighted,Straight,Veh'S Same Direction: Lane Change Right,Lane changes,0,0,1,0,1,1,0,1,0,0,0,0
290445,Medical treatment,2016,17,Rear-end,Multi-Vehicle,153.040868,-27.650738,Mt Lindesay Art. Rd,,Drewvale,Stretton,No Roadway Feature,No traffic control,80 - 90 km/h,Sealed - Dry,Daylight,Straight,Veh'S Same Direction: Rear End,Rear-end,0,0,1,0,1,2,0,0,0,0,0,0
290448,Medical treatment,2016,14,Head-on,Multi-Vehicle,153.0196382,-27.5883664,Elizabeth St,Watson Rd,Acacia Ridge,Sunnybank,Intersection - T-Junction,Stop sign,60 km/h,Sealed - Dry,Daylight,Straight,Veh'S Opposite Approach: Right-Right,Opposing vehicles turning,0,0,1,0,1,2,0,0,0,0,0,0
290451,Medical treatment,2016,10,Angle,Multi-Vehicle,153.040202,-27.507073,Earl St,Victoria Tce,Greenslopes,South Brisbane,Intersection - Cross,Give way sign,60 km/h,Sealed - Dry,Daylight,Straight,Veh'S Adjacent Approach: Thru-Thru,Intersection from adjacent approaches,0,0,1,0,1,1,0,1,1,0,0,0
290453,Medical treatment,2016,18,Angle,Multi-Vehicle,152.982284,-27.52802835,Junction St,Oxley Rd,Sherwood,Indooroopilly,Intersection - T-Junction,Stop sign,60 km/h,Sealed - Dry,Dawn/Dusk,Straight,Veh'S Adjacent Approach: Thru-Right,Intersection from adjacent approaches,0,0,1,0,1,2,0,0,0,0,0,0
290490,Hospitalisation,2016,7,Angle,Multi-Vehicle,152.957897,-27.565243,Harcourt Rd,Railway Pde,Darra,Mount Ommaney,Intersection - T-Junction,Stop sign,60 km/h,Sealed - Dry,Daylight,Straight,Veh'S Adjacent Approach: Thru-Right,Intersection from adjacent approaches,0,1,1,0,2,1,0,1,0,0,0,0
290492,Medical treatment,2016,21,Hit pedestrian,Hit pedestrian,152.968655,-27.633567,Mt Albert La,,Forest Lake,Algester,No Roadway Feature,No traffic control,60 km/h,Sealed - Dry,Darkness - Lighted,Straight,Ped'N: Hit By Vehicle Enter/Leave D'Way,Pedestrian,0,0,1,0,1,1,0,0,0,0,1,0
290494,Hospitalisation,2016,11,Hit object,Single Vehicle,153.0818437,-27.55972134,Redland Sub-Arterial Rd,,Upper Mount Gravatt,Mansfield,No Roadway Feature,No traffic control,60 km/h,Sealed - Dry,Daylight,Straight,Veh'S Opposite Approach: Head On,Head-on,0,2,0,0,2,2,0,3,0,0,0,0
290495,Hospitalisation,2016,6,Rear-end,Multi-Vehicle,153.032412,-27.485999,Leopard St,Stanley St,Woolloongabba,South Brisbane,Intersection - Cross,Operating traffic lights,60 km/h,Sealed - Dry,Daylight,Straight,Veh'S Same Direction: Rear End,Rear-end,0,1,0,0,1,2,0,0,0,0,0,0
290496,Fatal,2016,22,Hit object,Single Vehicle,153.039504,-27.49783,South East Arterial Rd,,Woolloongabba,South Brisbane,No Roadway Feature,No traffic control,100 - 110 km/h,Sealed - Dry,Darkness - Lighted,Curved - view open,Off Path-Curve: Mounts Traffic Island,Off carriageway on curve hit object,1,0,0,0,1,1,0,0,0,0,0,0
290530,Medical treatment,2016,16,Rear-end,Multi-Vehicle,153.027252,-27.6440291,Logan Mwy,,Parkinson,Algester,No Roadway Feature,No traffic control,100 - 110 km/h,Sealed - Dry,Daylight,Straight,Veh'S Same Direction: Rear End,Rear-end,0,0,3,0,3,4,0,0,0,0,0,0
290532,Hospitalisation,2016,10,Angle,Multi-Vehicle,152.975152,-27.510491,Wharf St,,Chelmer,Indooroopilly,No Roadway Feature,No traffic control,60 km/h,Sealed - Wet,Daylight,Straight,Veh'S Manoeuvring: Entering From Footway,Vehicle leaving driveway,0,1,0,0,1,1,1,0,0,0,0,0
290556,Minor injury,2016,14,Angle,Multi-Vehicle,153.0302321,-27.50038095,Cornwall St,,Annerley,South Brisbane,No Roadway Feature,No traffic control,0 - 50 km/h,Sealed - Dry,Daylight,Straight,Veh'S Manoeuvring: Entering From Footway,Vehicle leaving driveway,0,0,0,1,1,2,0,0,0,0,0,0
290557,Medical treatment,2016,18,Hit object,Single Vehicle,153.058593,-27.448153,Brisbane St,Princess St,Bulimba,Bulimba,Intersection - Cross,No traffic control,0 - 50 km/h,Sealed - Dry,Dawn/Dusk,Straight,Off Path-Straight:Right Off Cway Hit Obj,Off carriageway on straight hit object,0,0,1,0,1,1,0,0,0,0,0,0
290558,Medical treatment,2016,23,Hit object,Single Vehicle,153.036081,-27.488567,Hawthorne St,Ipswich Rd,Woolloongabba,South Brisbane,Intersection - T-Junction,Operating traffic lights,60 km/h,Sealed - Dry,Darkness - Lighted,Straight,Off Path-Straight: Left Off Cway Hit Obj,Off carriageway on straight hit object,0,0,1,0,1,1,0,0,0,0,0,0
290559,Medical treatment,2016,9,Angle,Multi-Vehicle,153.040481,-27.483565,Princess St,Wellington Rd,East Brisbane,South Brisbane,Intersection - T-Junction,No traffic control,60 km/h,Sealed - Dry,Daylight,Straight,Veh'S Adjacant Approach: Thru-Left,Intersection from adjacent approaches,0,0,1,0,1,1,0,0,0,1,0,0
290587,Medical treatment,2016,9,Angle,Multi-Vehicle,153.020598,-27.556549,Beaudesert Rd,Marshall Rd,Rocklea,Yeerongpilly,Intersection - T-Junction,Give way sign,70 km/h,Sealed - Dry,Daylight,Straight,Veh'S Adjacent Approach: Thru-Right,Intersection from adjacent approaches,0,0,2,0,2,2,0,0,0,0,0,0
290588,Medical treatment,2016,12,Hit pedestrian,Hit pedestrian,153.035541,-27.499528,Ipswich Rd,,Woolloongabba,South Brisbane,No Roadway Feature,Operating traffic lights,60 km/h,Sealed - Dry,Daylight,Straight,Ped'N: Near Side Vehicle Hit From Right,Pedestrian,0,0,1,0,1,1,0,0,0,0,1,0
290589,Hospitalisation,2016,17,Angle,Multi-Vehicle,153.17376,-27.448284,Pine St,Tingal Rd,Wynnum,Lytton,Intersection - Cross,Operating traffic lights,0 - 50 km/h,Sealed - Dry,Daylight,Straight,Veh'S Opposite Approach: Thru-Right,Opposing vehicles turning,0,3,0,0,3,2,0,0,0,0,0,0
290615,Medical treatment,2016,17,Rear-end,Multi-Vehicle,153.061038,-27.616683,Gowan Rd,Monsour St,Calamvale,Stretton,Intersection - T-Junction,No traffic control,60 km/h,Sealed - Dry,Daylight,Straight,Veh'S Same Direction: Rear End,Rear-end,0,0,1,0,1,2,0,0,0,0,0,0
290642,Minor injury,2016,11,Rear-end,Multi-Vehicle,153.058646,-27.599159,Pinelands Rd,,Sunnybank Hills,Stretton,No Roadway Feature,No traffic control,60 km/h,Sealed - Dry,Daylight,Straight,Veh'S Same Direction: Rear End,Rear-end,0,0,0,1,1,2,0,0,0,0,0,0
290646,Medical treatment,2016,16,Angle,Multi-Vehicle,153.099681,-27.579705,Brandl St,,Eight Mile Plains,Stretton,No Roadway Feature,No traffic control,0 - 50 km/h,Sealed - Dry,Daylight,Straight,Veh'S Manoeuvring: Leaving Driveway,Vehicle leaving driveway,0,0,1,0,1,3,0,0,0,0,0,0
290674,Medical treatment,2016,6,Rear-end,Multi-Vehicle,152.927206,-27.588961,Cunningham Arterial Rd,Progress Rd,Wacol,Inala,Intersection - Interchange,Give way sign,60 km/h,Sealed - Dry,Daylight,Straight,Veh'S Same Direction: Left Rear,Rear-end,0,0,2,0,2,2,0,0,0,0,0,0
290675,Minor injury,2016,8,Angle,Multi-Vehicle,153.027298,-27.588501,Chardean St,Mt Lindesay Art. Rd,Acacia Ridge,Sunnybank,Intersection - Cross,No traffic control,70 km/h,Sealed - Dry,Daylight,Curved - view obscured,Veh'S Opposite Approach: Thru-Right,Opposing vehicles turning,0,0,0,3,3,2,0,0,0,0,0,0
290677,Medical treatment,2016,20,Head-on,Multi-Vehicle,152.9929533,-27.59586001,Messara Crct,,Durack,Sunnybank,No Roadway Feature,No traffic control,0 - 50 km/h,Sealed - Dry,Darkness - Lighted,Curved - view obscured,Veh'S Opposite Approach: Head On,Head-on,0,0,1,0,1,2,0,0,0,0,0,0
290679,Hospitalisation,2016,15,Hit pedestrian,Hit pedestrian,153.02387,-27.553346,Lillian Ave,,Salisbury,Yeerongpilly,No Roadway Feature,No traffic control,0 - 50 km/h,Sealed - Dry,Daylight,Straight,Ped'N: Hit While Boarding/Alighting,Pedestrian,0,1,0,0,1,1,0,0,0,0,1,0
290680,Hospitalisation,2016,6,Hit parked vehicle,Single Vehicle,153.080723,-27.456418,Lytton Rd,,Morningside,Bulimba,No Roadway Feature,No traffic control,60 km/h,Sealed - Wet,Daylight,Straight,Off Path-Straight: Left Off Cway Hit Obj,Off carriageway on straight hit object,0,1,0,0,1,1,0,0,0,1,0,0
290682,Medical treatment,2016,9,Angle,Multi-Vehicle,153.026472,-27.496751,Gladstone Rd,,Dutton Park,South Brisbane,No Roadway Feature,No traffic control,60 km/h,Sealed - Wet,Daylight,Straight,Veh'S Same Direction: Lane Change Left,Lane changes,0,0,1,0,1,2,0,0,0,0,0,0
290683,Medical treatment,2016,8,Sideswipe,Multi-Vehicle,153.026769,-27.483536,Stanley St,,South Brisbane,South Brisbane,No Roadway Feature,No traffic control,60 km/h,Sealed - Dry,Daylight,Curved - view open,Veh'S Manoeuvring: Other,Other,0,0,1,0,1,1,0,0,0,1,0,0
290684,Hospitalisation,2016,9,Hit object,Single Vehicle,153.178842,-27.368117,Bishop Dr,,Port Of Brisbane,Lytton,No Roadway Feature,No traffic control,0 - 50 km/h,Sealed - Wet,Daylight,Curved - view open,Veh'S On Path: Temporary Object On C'Way,Other,0,1,0,0,1,0,0,1,0,0,0,0
290707,Minor injury,2016,16,Rear-end,Multi-Vehicle,153.0630938,-27.58898137,Beenleigh Rd,,Sunnybank,Sunnybank,No Roadway Feature,No traffic control,60 km/h,Sealed - Dry,Daylight,Straight,Veh'S Same Direction: Rear End,Rear-end,0,0,0,1,1,2,0,0,0,0,0,0
290708,Medical treatment,2016,10,Angle,Multi-Vehicle,153.032595,-27.514128,Lambton St,Waterton St,Annerley,Yeerongpilly,Intersection - T-Junction,No traffic control,60 km/h,Sealed - Dry,Daylight,Straight,Veh'S Manoeuvring: Leaving Parking,Vehicle leaving driveway,0,0,1,0,1,2,0,0,0,0,0,0
290710,Medical treatment,2016,15,Rear-end,Multi-Vehicle,153.068605,-27.472951,Jack Flynn Memorial Dr,Waminda St,Morningside,Bulimba,Intersection - T-Junction,Give way sign,0 - 50 km/h,Sealed - Dry,Daylight,Curved - view open,Veh'S Same Direction: Left Rear,Rear-end,0,0,1,0,1,2,0,0,0,0,0,0
290711,Medical treatment,2016,11,Hit pedestrian,Hit pedestrian,153.012385,-27.479221,Boundary St,Jane St,West End,South Brisbane,Intersection - T-Junction,Stop sign,0 - 50 km/h,Sealed - Dry,Daylight,Straight,Ped'N: Near Side Vehicle Hit From Right,Pedestrian,0,0,1,0,1,1,0,0,0,0,1,0
290712,Medical treatment,2016,22,Angle,Multi-Vehicle,153.016049,-27.48616,Hampstead Rd,Jones St,Highgate Hill,South Brisbane,Intersection - T-Junction,Give way sign,0 - 50 km/h,Sealed - Dry,Darkness - Lighted,Straight,Veh'S Manoeuvring: Entering From Footway,Vehicle leaving driveway,0,0,1,0,1,1,0,0,0,1,0,0
290739,Hospitalisation,2016,16,Rear-end,Multi-Vehicle,153.068465,-27.611465,Compton Rd,,Stretton,Stretton,No Roadway Feature,No traffic control,70 km/h,Sealed - Dry,Daylight,Straight,Veh'S Same Direction: Rear End,Rear-end,0,1,0,0,1,2,0,0,0,0,0,0
290740,Minor injury,2016,16,Rear-end,Multi-Vehicle,153.062539,-27.611419,Compton Rd,,Stretton,Stretton,No Roadway Feature,No traffic control,70 km/h,Sealed - Wet,Daylight,Straight,Veh'S Same Direction: Rear End,Rear-end,0,0,0,1,1,3,0,0,0,0,0,0
290741,Hospitalisation,2016,7,Angle,Multi-Vehicle,153.0269884,-27.5149637,Frederick St,,Annerley,Yeerongpilly,No Roadway Feature,No traffic control,0 - 50 km/h,Sealed - Wet,Daylight,Straight,Veh'S Opposite Approach: Head On,Head-on,0,1,0,0,1,1,0,0,0,1,0,0
290773,Hospitalisation,2016,22,Hit object,Single Vehicle,153.0667196,-27.62423377,Gateway Arterial Rd,,Stretton,Stretton,No Roadway Feature,No traffic control,100 - 110 km/h,Sealed - Wet,Darkness - Not lighted,Curved - view open,Off Path-Curve: Off Cway Lt Bend Hit Obj,Off carriageway on curve hit object,0,1,0,0,1,1,0,0,0,0,0,0
290778,Medical treatment,2016,8,Angle,Multi-Vehicle,153.063508,-27.471872,Bennetts Rd,Wynnum Rd,Norman Park,Bulimba,Intersection - T-Junction,Operating traffic lights,60 km/h,Sealed - Dry,Daylight,Curved - view open,Veh'S Adjacent Approach: Thru-Right,Intersection from adjacent approaches,0,0,2,0,2,2,0,0,0,0,0,0
290779,Medical treatment,2016,10,Sideswipe,Multi-Vehicle,153.08118,-27.559854,Logan Rd,Redland Sub-Arterial Rd,Upper Mount Gravatt,Mansfield,Intersection - Cross,Operating traffic lights,60 km/h,Sealed - Dry,Daylight,Straight,Veh'S Adjacent Approach: Thru-Thru,Intersection from adjacent approaches,0,0,1,0,1,2,0,0,0,0,0,0
290800,Medical treatment,2016,16,Rear-end,Multi-Vehicle,153.01423,-27.5719094,Beatty Rd,,Archerfield,Sunnybank,No Roadway Feature,No traffic control,60 km/h,Sealed - Dry,Daylight,Straight,Veh'S Same Direction: Rear End,Rear-end,0,0,1,0,1,2,0,0,0,0,0,0
290801,Medical treatment,2016,9,Angle,Multi-Vehicle,153.040705,-27.504346,Earl St,Juliette St,Greenslopes,South Brisbane,Intersection - Cross,Flashing amber lights,60 km/h,Sealed - Dry,Daylight,Straight,Veh'S Adjacent Approach: Thru-Thru,Intersection from adjacent approaches,0,0,1,0,1,2,0,0,0,0,0,0
290802,Fatal,2016,15,Hit pedestrian,Hit pedestrian,153.057701,-27.495388,Harries Rd,Old Cleveland Rd,Coorparoo,Greenslopes,Intersection - T-Junction,No traffic control,60 km/h,Sealed - Dry,Daylight,Straight,Ped'N: Near Side Vehicle Hit From Right,Pedestrian,1,0,0,0,1,1,0,0,0,0,1,0
290805,Medical treatment,2016,16,Angle,Multi-Vehicle,153.035083,-27.569942,Boundary Rd,Rosedale St,Coopers Plains,Sunnybank,Intersection - T-Junction,No traffic control,60 km/h,Sealed - Dry,Daylight,Straight,Veh'S Opposite Approach: Thru-Right,Opposing vehicles turning,0,0,1,0,1,1,1,0,0,0,0,0
290806,Medical treatment,2016,6,Fall from vehicle,Single Vehicle,153.059596,-27.472411,Balmoral St,,Hawthorne,Bulimba,No Roadway Feature,No traffic control,0 - 50 km/h,Sealed - Dry,Dawn/Dusk,Straight,Veh'S Manoeuvring: Other,Other,0,0,1,0,1,1,0,0,0,1,0,0
290807,Medical treatment,2016,15,Rear-end,Multi-Vehicle,153.0917353,-27.46876712,Wynnum Rd,,Cannon Hill,Bulimba,No Roadway Feature,No traffic control,70 km/h,Sealed - Dry,Daylight,Straight,Veh'S Same Direction: Rear End,Rear-end,0,0,1,0,1,2,0,0,0,0,0,0
290809,Hospitalisation,2016,9,Rear-end,Multi-Vehicle,152.995143,-27.561752,Cunningham Arterial Rd,,Rocklea,Sunnybank,No Roadway Feature,No traffic control,80 - 90 km/h,Sealed - Dry,Daylight,Straight,Veh'S Same Direction: Rear End,Rear-end,0,1,1,0,2,1,0,2,0,0,0,0
290811,Medical treatment,2016,16,Angle,Multi-Vehicle,153.066128,-27.561076,Griffith Arterial Rd,Mains Rd,Macgregor,Sunnybank,Intersection - Cross,Operating traffic lights,60 km/h,Sealed - Dry,Daylight,Straight,Veh'S Opposite Approach: Thru-Right,Opposing vehicles turning,0,0,1,0,1,2,0,0,0,0,0,0
290835,Medical treatment,2016,7,Rear-end,Multi-Vehicle,153.0419,-27.645783,Mt Lindesay Art. Rd,,Parkinson,Algester,No Roadway Feature,No traffic control,80 - 90 km/h,Sealed - Dry,Daylight,Straight,Veh'S Same Direction: Rear End,Rear-end,0,0,1,0,1,1,0,1,0,0,0,0