Crash_Ref_Number,Severity,Year,Hour,Crash_Nature,Crash_Type,Longitude,Latitude,Street,Street_Intersecting,Suburb,Loc_State_Electorate,Crash_Roadway_Feature,Crash_Traffic_Control,Crash_Speed_Limit,Crash_Road_Surface_Condition,Crash_Lighting_Condition,Crash_Road_Horiz_Align,Crash_DCA_Description,Crash_DCA_Group_Description,Count_Casualty_Fatality,Count_Casualty_Hospitalised,Count_Casualty_MedicallyTreated,Count_Casualty_MinorInjury,Count_Casualty_Total,Count_Unit_Car,Count_Unit_Motorcycle_Moped,Count_Unit_Truck,Count_Unit_Bus,Count_Unit_Bicycle,Count_Unit_Pedestrian,Count_Unit_Other
290838,Minor injury,2016,16,Rear-end,Multi-Vehicle,152.975986,-27.597783,Inala Ave,,Inala,Inala,No Roadway Feature,No traffic control,60 km/h,Sealed - Dry,Daylight,Straight,Veh'S Same Direction: Rear End,Rear-end,0,0,0,1,1,3,0,0,0,0,0,0
290863,Medical treatment,2016,15,Sideswipe,Multi-Vehicle,153.041457,-27.64729,Logan Mwy Ramp Dd,Mt Lindesay Art. Rd,Parkinson,Algester,Intersection - Interchange,No traffic control,80 - 90 km/h,Sealed - Dry,Daylight,Straight,Veh'S Same Direction: Other,Other,0,0,1,0,1,2,0,0,0,0,0,0
290864,Minor injury,2016,4,Hit pedestrian,Hit pedestrian,153.064911,-27.589983,Beenleigh Rd,Gowan Rd,Sunnybank,Sunnybank,Intersection - T-Junction,Operating traffic lights,60 km/h,Sealed - Dry,Darkness - Lighted,Straight,Ped'N: Hit Walking With Traffic,Pedestrian,0,0,0,1,1,0,0,0,0,0,1,1
290865,Medical treatment,2016,17,Sideswipe,Multi-Vehicle,153.054703,-27.609758,Calam Rd,,Sunnybank Hills,Stretton,No Roadway Feature,No traffic control,60 km/h,Sealed - Dry,Daylight,Straight,Veh'S Same Direction: Lane Change Left,Lane changes,0,0,1,0,1,2,0,0,0,0,0,0
290866,Hospitalisation,2016,6,Angle,Multi-Vehicle,153.0441904,-27.59743291,Hellawell Rd,Jackson Rd,Sunnybank Hills,Sunnybank,Intersection - Roundabout,Give way sign,60 km/h,Sealed - Dry,Daylight,Straight,Veh'S Opposite Approach: Thru-Right,Opposing vehicles turning,0,1,0,0,1,1,1,0,0,0,0,0
290867,Hospitalisation,2016,13,Rear-end,Multi-Vehicle,153.039887,-27.598781,Hellawell Rd,Mt Lindesay Art. Rd,Acacia Ridge,Sunnybank,Intersection - Cross,Operating traffic lights,80 - 90 km/h,Sealed - Dry,Daylight,Straight,Veh'S Same Direction: Rear End,Rear-end,0,2,0,0,2,2,0,0,0,0,0,0
290871,Minor injury,2016,5,Rear-end,Multi-Vehicle,153.0428984,-27.47919283,Lytton Rd,,East Brisbane,South Brisbane,No Roadway Feature,No traffic control,60 km/h,Sealed - Dry,Daylight,Straight,Veh'S Same Direction: Rear End,Rear-end,0,0,0,1,1,2,0,0,0,0,0,0
290878,Minor injury,2016,16,Rear-end,Multi-Vehicle,153.124687,-27.502819,Gateway Arterial Rd,,Belmont,Chatsworth,No Roadway Feature,No traffic control,100 - 110 km/h,Sealed - Dry,Daylight,Curved - view open,Veh'S Same Direction: Rear End,Rear-end,0,0,0,1,1,2,0,0,0,0,0,0
290900,Hospitalisation,2016,13,Hit pedestrian,Hit pedestrian,153.041309,-27.611382,Algester Rd,,Algester,Algester,No Roadway Feature,No traffic control,60 km/h,Sealed - Dry,Daylight,Straight,Ped'N: Far Side Vehicle Hit From Left,Pedestrian,0,1,0,0,1,1,0,0,0,0,1,0
290901,Minor injury,2016,17,Hit object,Single Vehicle,153.0499534,-27.64777515,Logan Mwy,,Drewvale,Stretton,No Roadway Feature,No traffic control,80 - 90 km/h,Sealed - Dry,Dawn/Dusk,Straight,Veh'S Same Direction: Lane Side Swipe,Lane changes,0,0,0,1,1,2,0,0,0,0,0,0
290902,Medical treatment,2016,18,Angle,Multi-Vehicle,153.021624,-27.512496,Fairfield Rd,Venner Rd,Fairfield,Yeerongpilly,Intersection - Roundabout,Give way sign,60 km/h,Sealed - Dry,Darkness - Lighted,Curved - view open,Veh'S Same Direction: Right Turn S/Swipe,Parallel lanes turning,0,0,1,0,1,2,0,0,0,0,0,0
290905,Medical treatment,2016,9,Angle,Multi-Vehicle,153.056572,-27.528803,Bapaume Rd,Sterculia Ave,Tarragindi,Yeerongpilly,Intersection - T-Junction,Operating traffic lights,60 km/h,Sealed - Dry,Daylight,Straight,Veh'S Adjacent Approach: Right-Thru,Intersection from adjacent approaches,0,0,1,0,1,2,0,0,0,0,0,0
290906,Hospitalisation,2016,7,Sideswipe,Multi-Vehicle,153.055,-27.51425,Logan Rd,,Holland Park West,Greenslopes,No Roadway Feature,No traffic control,60 km/h,Sealed - Dry,Daylight,Straight,Veh'S Same Direction: Left Turn S/Swipe,Parallel lanes turning,0,1,0,0,1,1,0,0,0,1,0,0
290907,Medical treatment,2016,20,Hit object,Single Vehicle,152.9538097,-27.61318873,Waterford Rd,,Ellen Grove,Inala,No Roadway Feature,No traffic control,60 km/h,Sealed - Wet,Darkness - Not lighted,Straight,Off Path-Straight: Left Off Cway Hit Obj,Off carriageway on straight hit object,0,0,1,0,1,1,0,0,0,0,0,0
290908,Medical treatment,2016,9,Rear-end,Multi-Vehicle,153.020949,-27.558482,Griffith Arterial Rd,Mt Lindesay Art. Rd,Rocklea,Yeerongpilly,Intersection - T-Junction,No traffic control,60 km/h,Sealed - Dry,Daylight,Straight,Veh'S Same Direction: Left Rear,Rear-end,0,0,1,0,1,1,0,1,0,0,0,0
290909,Hospitalisation,2016,12,Angle,Multi-Vehicle,153.087802,-27.554186,Cale St,Dawson Rd,Upper Mount Gravatt,Mansfield,Intersection - T-Junction,No traffic control,60 km/h,Sealed - Dry,Daylight,Straight,Veh'S Adjacent Approach: Thru-Right,Intersection from adjacent approaches,0,1,0,0,1,1,1,0,0,0,0,0
290910,Medical treatment,2016,8,Angle,Multi-Vehicle,153.005245,-27.480185,Montague Rd,Vulture St,West End,South Brisbane,Intersection - T-Junction,Give way sign,60 km/h,Sealed - Dry,Daylight,Straight,Veh'S Adjacent Approach: Thru-Right,Intersection from adjacent approaches,0,0,1,0,1,2,0,0,0,0,0,0
290930,Medical treatment,2016,9,Rear-end,Multi-Vehicle,153.0442405,-27.59736268,Hellawell Rd,Jackson Rd,Sunnybank Hills,Sunnybank,Intersection - Roundabout,Give way sign,60 km/h,Sealed - Dry,Daylight,Straight,Veh'S Same Direction: Left Rear,Rear-end,0,0,1,0,1,2,0,0,0,0,0,0
290933,Medical treatment,2016,5,Rear-end,Multi-Vehicle,153.058182,-27.534971,South East Arterial Rd,,Holland Park West,Yeerongpilly,No Roadway Feature,No traffic control,100 - 110 km/h,Sealed - Dry,Daylight,Straight,Veh'S Same Direction: Rear End,Rear-end,0,0,1,0,1,2,0,0,0,0,0,0
290934,Hospitalisation,2016,10,Hit pedestrian,Hit pedestrian,152.955671,-27.595444,Orchard Rd,,Richlands,Inala,No Roadway Feature,No traffic control,0 - 50 km/h,Sealed - Wet,Daylight,Straight,Ped'N: Play; Work; Stand; Lie On C'Way,Pedestrian,0,1,0,0,1,1,0,0,0,0,1,0
290935,Hospitalisation,2016,12,Hit parked vehicle,Single Vehicle,152.987334,-27.631072,Stapylton Rd,,Heathwood,Algester,No Roadway Feature,No traffic control,70 km/h,Sealed - Wet,Daylight,Straight,Off Path-Straight: Left Off Cway Hit Obj,Off carriageway on straight hit object,0,1,0,0,1,3,0,0,0,0,0,0
290936,Hospitalisation,2016,5,Rear-end,Multi-Vehicle,153.0589283,-27.53837476,South East Arterial Rd,,Mount Gravatt,Yeerongpilly,No Roadway Feature,No traffic control,100 - 110 km/h,Sealed - Dry,Dawn/Dusk,Straight,Veh'S Same Direction: Rear End,Rear-end,0,1,1,1,3,3,1,0,0,0,0,0
290960,Hospitalisation,2016,7,Hit pedestrian,Hit pedestrian,153.060855,-27.617678,Gowan Rd,Palatine St,Calamvale,Stretton,Intersection - T-Junction,Operating traffic lights,60 km/h,Sealed - Dry,Daylight,Straight,Ped'N: Near Side Vehicle Hit From Right,Pedestrian,0,1,0,0,1,1,0,0,0,0,1,0
290961,Hospitalisation,2016,13,Rear-end,Multi-Vehicle,153.044747,-27.638692,Mt Lindesay Art. Rd,,Parkinson,Algester,No Roadway Feature,No traffic control,80 - 90 km/h,Sealed - Wet,Daylight,Straight,Veh'S Same Direction: Rear End,Rear-end,0,1,1,0,2,3,0,0,0,0,0,0
290962,Medical treatment,2016,9,Rear-end,Multi-Vehicle,152.987443,-27.596704,Blunder Rd,,Durack,Sunnybank,Intersection - T-Junction,No traffic control,60 km/h,Sealed - Dry,Daylight,Straight,Veh'S Same Direction: Left Rear,Rear-end,0,0,1,0,1,2,0,0,0,0,0,0
290964,Medical treatment,2016,11,Rear-end,Multi-Vehicle,153.1076749,-27.56452222,Gateway Arterial Rd,,Rochedale,Mansfield,No Roadway Feature,No traffic control,80 - 90 km/h,Sealed - Wet,Daylight,Curved - view open,Veh'S Same Direction: Rear End,Rear-end,0,0,1,0,1,2,0,0,0,0,0,0
290965,Minor injury,2016,10,Fall from vehicle,Single Vehicle,153.010767,-27.474526,Montague Rd,,South Brisbane,South Brisbane,No Roadway Feature,No traffic control,0 - 50 km/h,Sealed - Dry,Daylight,Straight,Off Path-Straight:Out Of Control On Cway,Out of control on straight,0,0,0,1,1,1,1,0,0,0,0,0
290966,Medical treatment,2016,21,Angle,Multi-Vehicle,153.035657,-27.476423,Main St,River Tce,Kangaroo Point,South Brisbane,Intersection - T-Junction,Operating traffic lights,60 km/h,Sealed - Wet,Darkness - Lighted,Straight,Veh'S Opposite Approach: Thru-Right,Opposing vehicles turning,0,0,1,0,1,2,0,0,0,0,0,0
290967,Medical treatment,2016,9,Hit object,Single Vehicle,153.030794,-27.482698,South East Arterial Rd,,Kangaroo Point,South Brisbane,No Roadway Feature,No traffic control,80 - 90 km/h,Sealed - Wet,Daylight,Curved - view open,Veh'S Same Direction: Lane Side Swipe,Lane changes,0,0,2,0,2,2,0,0,0,0,0,0
290988,Medical treatment,2016,14,Rear-end,Multi-Vehicle,153.0497831,-27.62073538,Mt Lindesay Art. Rd,,Calamvale,Stretton,No Roadway Feature,No traffic control,80 - 90 km/h,Sealed - Dry,Daylight,Straight,Veh'S Same Direction: Rear End,Rear-end,0,0,1,0,1,2,0,0,0,0,0,0
290989,Medical treatment,2016,14,Rear-end,Multi-Vehicle,153.0500389,-27.62039659,Mt Lindesay Art. Rd,,Calamvale,Stretton,No Roadway Feature,No traffic control,80 - 90 km/h,Sealed - Dry,Daylight,Straight,Veh'S Same Direction: Rear End,Rear-end,0,0,1,0,1,3,0,1,0,0,0,0
290990,Hospitalisation,2016,9,Overturned,Single Vehicle,153.0575056,-27.64900227,Gateway Arterial Rd,,Drewvale,Stretton,Intersection - Interchange,No traffic control,100 - 110 km/h,Sealed - Wet,Darkness - Lighted,Curved - view open,Off Path-Curve: Off Cway Left Bend,Off carriageway on curve,0,4,0,0,4,1,0,0,0,0,0,0
290992,Medical treatment,2016,14,Sideswipe,Multi-Vehicle,152.9212191,-27.59851549,Cunningham Arterial Rd,,Wacol,Inala,No Roadway Feature,No traffic control,60 km/h,Sealed - Wet,Daylight,Straight,Veh'S Same Direction: Lane Change Left,Lane changes,0,0,1,0,1,1,0,1,0,0,0,0
290996,Medical treatment,2016,18,Hit parked vehicle,Single Vehicle,153.182524,-27.456441,Carlton Tce,,Manly,Lytton,No Roadway Feature,No traffic control,0 - 50 km/h,Sealed - Dry,Daylight,Curved - view open,Off Path-Curve: Off Cway Lt Bend Hit Obj,Off carriageway on curve hit object,0,0,1,0,1,1,1,0,0,0,0,0
290997,Medical treatment,2016,23,Rear-end,Multi-Vehicle,153.145175,-27.46336,Kianawah Rd,Wynnum Rd,Wynnum West,Lytton,Intersection - T-Junction,Operating traffic lights,80 - 90 km/h,Sealed - Dry,Darkness - Lighted,Straight,Veh'S Same Direction: Rear End,Rear-end,0,0,1,0,1,2,0,0,0,0,0,0
290998,Hospitalisation,2016,14,Rear-end,Multi-Vehicle,153.161851,-27.57113,Alperton Rd,,Burbank,Mansfield,No Roadway Feature,No traffic control,60 km/h,Sealed - Dry,Daylight,Straight,Veh'S Same Direction: Right Rear,Rear-end,0,1,0,0,1,1,1,0,0,0,0,0
291013,Medical treatment,2016,13,Rear-end,Multi-Vehicle,153.058402,-27.599312,Hellawell Rd,Pinelands Rd,Sunnybank Hills,Sunnybank,Intersection - Cross,Give way sign,60 km/h,Sealed - Dry,Daylight,Straight,Veh'S Same Direction: Left Rear,Rear-end,0,0,1,0,1,2,0,0,0,0,0,0
291015,Medical treatment,2016,14,Rear-end,Multi-Vehicle,153.05306,-27.51081,Donaldson St,Logan Rd,Greenslopes,Greenslopes,Intersection - T-Junction,No traffic control,60 km/h,Sealed - Dry,Daylight,Straight,Veh'S Same Direction: Rear End,Rear-end,0,0,1,0,1,2,0,0,0,0,0,0
291018,Medical treatment,2016,15,Angle,Multi-Vehicle,153.08482,-27.588215,Daw Rd,,Runcorn,Sunnybank,No Roadway Feature,No traffic control,0 - 50 km/h,Sealed - Dry,Daylight,Straight,Veh'S Manoeuvring: Entering From Footway,Vehicle leaving driveway,0,0,1,0,1,2,0,0,0,0,0,0
291026,Medical treatment,2016,8,Rear-end,Multi-Vehicle,153.126349,-27.498233,Gateway Art Rd Ramp Vf,London Rd,Belmont,Chatsworth,Intersection - T-Junction,No traffic control,60 km/h,Sealed - Dry,Daylight,Straight,Veh'S Same Direction: Rear End,Rear-end,0,0,1,0,1,2,0,0,0,0,0,0
291051,Medical treatment,2016,16,Rear-end,Multi-Vehicle,153.051215,-27.611034,Compton Rd,Mt Lindesay Art. Rd,Calamvale,Stretton,Intersection - T-Junction,Operating traffic lights,80 - 90 km/h,Sealed - Dry,Daylight,Straight,Veh'S Same Direction: Rear End,Rear-end,0,0,1,0,1,2,0,0,0,0,0,0
291052,Medical treatment,2016,15,Fall from vehicle,Single Vehicle,153.100719,-27.49988886,Creek Rd,,Carindale,Chatsworth,No Roadway Feature,No traffic control,60 km/h,Sealed - Dry,Daylight,Straight,Off Path-Straight:Out Of Control On Cway,Out of control on straight,0,0,1,0,1,1,1,0,0,0,0,0
291055,Medical treatment,2016,15,Angle,Multi-Vehicle,153.062744,-27.516169,Arabilia St,Harold St,Holland Park,Greenslopes,Intersection - Cross,Stop sign,0 - 50 km/h,Sealed - Dry,Daylight,Straight,Veh'S Adjacent Approach: Thru-Thru,Intersection from adjacent approaches,0,0,1,0,1,2,0,0,0,0,0,0
291056,Medical treatment,2016,7,Head-on,Multi-Vehicle,152.976502,-27.592206,Serviceton Ave,Sycamore St,Inala,Inala,Intersection - Cross,No traffic control,60 km/h,Sealed - Dry,Daylight,Straight,Veh'S Opposite Approach: U-Turn,U-turn,0,0,1,0,1,2,0,0,0,0,0,0
291059,Hospitalisation,2016,11,Hit object,Single Vehicle,153.106413,-27.586482,South East Arterial Rd,,Eight Mile Plains,Stretton,No Roadway Feature,No traffic control,100 - 110 km/h,Sealed - Dry,Daylight,Straight,Off Path-Straight:Out Of Control On Cway,Out of control on straight,0,2,0,0,2,1,0,0,0,0,0,0
291089,Medical treatment,2016,15,Rear-end,Multi-Vehicle,152.9876513,-27.5984055,Blunder Rd,,Durack,Sunnybank,No Roadway Feature,No traffic control,60 km/h,Sealed - Dry,Daylight,Straight,Veh'S Same Direction: Rear End,Rear-end,0,0,1,0,1,3,0,0,0,0,0,0
291092,Minor injury,2016,11,Angle,Multi-Vehicle,153.099738,-27.554591,Greenwood St,Redland Sub-Arterial Rd,Wishart,Mansfield,Intersection - T-Junction,Give way sign,60 km/h,Sealed - Dry,Daylight,Curved - view open,Veh'S Adjacent Approach: Thru-Right,Intersection from adjacent approaches,0,0,0,1,1,1,0,1,0,0,0,0
291093,Hospitalisation,2016,6,Sideswipe,Multi-Vehicle,153.014036,-27.487402,Dornoch Tce,St James St,Highgate Hill,South Brisbane,Intersection - T-Junction,No traffic control,60 km/h,Sealed - Dry,Daylight,Curved - view open,Veh'S Manoeuvring: Entering From Footway,Vehicle leaving driveway,0,1,0,0,1,1,0,0,0,1,0,0
291094,Medical treatment,2016,20,Angle,Multi-Vehicle,153.018832,-27.481992,Gladstone Rd,Vulture St,South Brisbane,South Brisbane,Intersection - Cross,Operating traffic lights,60 km/h,Sealed - Dry,Darkness - Lighted,Curved - view open,Veh'S Opposite Approach: Thru-Right,Opposing vehicles turning,0,0,1,0,1,1,1,0,0,0,0,0
291110,Medical treatment,2016,3,Angle,Multi-Vehicle,153.040558,-27.520082,Cracknell Rd,Laura St,Tarragindi,Yeerongpilly,Intersection - Cross,Give way sign,60 km/h,Sealed - Dry,Daylight,Straight,Veh'S Adjacent Approach: Thru-Thru,Intersection from adjacent approaches,0,0,1,0,1,2,0,0,0,0,0,0
291112,Medical treatment,2016,14,Rear-end,Multi-Vehicle,153.07043,-27.527888,Logan Rd,Pickthorne St,Holland Park West,Greenslopes,Intersection - T-Junction,No traffic control,60 km/h,Sealed - Dry,Daylight,Straight,Veh'S Same Direction: Right Rear,Rear-end,0,0,2,0,2,2,0,0,0,0,0,0
291114,Hospitalisation,2016,15,Rear-end,Multi-Vehicle,153.0630282,-27.45386683,Riding Rd,,Balmoral,Bulimba,No Roadway Feature,No traffic control,0 - 50 km/h,Sealed - Dry,Daylight,Straight,Veh'S Same Direction: Rear End,Rear-end,0,1,0,0,1,2,0,0,0,0,0,0
291115,Hospitalisation,2016,7,Sideswipe,Multi-Vehicle,153.059961,-27.464368,Hawthorne Rd,Uhlmann St,Hawthorne,Bulimba,Intersection - T-Junction,No traffic control,60 km/h,Sealed - Dry,Daylight,Straight,Veh'S Manoeuvring: Entering From Footway,Vehicle leaving driveway,0,1,0,0,1,1,0,0,0,1,0,0
291117,Medical treatment,2016,8,Sideswipe,Multi-Vehicle,153.1419,-27.4842,Ingleston Rd,,Wakerley,Chatsworth,No Roadway Feature,No traffic control,0 - 50 km/h,Sealed - Dry,Daylight,Straight,Veh'S Manoeuvring: Entering From Footway,Vehicle leaving driveway,0,0,2,0,2,2,0,0,0,0,0,0
291118,Medical treatment,2016,16,Rear-end,Multi-Vehicle,153.1516525,-27.45878908,Wynnum Rd,,Wynnum West,Lytton,No Roadway Feature,No traffic control,60 km/h,Sealed - Dry,Daylight,Straight,Veh'S Same Direction: Rear End,Rear-end,0,0,1,0,1,3,0,0,0,0,0,0
291119,Medical treatment,2016,19,Overturned,Single Vehicle,153.171962,-27.377815,Port Dr,,Port Of Brisbane,Lytton,Intersection - Roundabout,Give way sign,60 km/h,Sealed - Dry,Darkness - Lighted,Straight,Veh'S Manoeuvring: Other,Other,0,0,1,0,1,0,0,1,0,0,0,0
291147,Hospitalisation,2016,23,Hit object,Single Vehicle,153.075895,-27.544392,Mt Gravatt Outlook Dr,,Mount Gravatt,Mansfield,No Roadway Feature,No traffic control,0 - 50 km/h,Sealed - Dry,Darkness - Lighted,Curved - view obscured,Off Path-Curve: Out Of Control On Cway,Out of control on curve,0,1,0,0,1,1,0,0,0,0,0,0
291149,Hospitalisation,2016,15,Angle,Multi-Vehicle,153.0171,-27.543462,John Bright St,Muriel Ave,Moorooka,Yeerongpilly,Intersection - T-Junction,No traffic control,0 - 50 km/h,Sealed - Dry,Daylight,Straight,Veh'S Adjacent Approach: Right-Thru,Intersection from adjacent approaches,0,1,0,0,1,2,0,0,0,0,0,0
291152,Medical treatment,2016,11,Hit pedestrian,Hit pedestrian,153.1736077,-27.44486121,Edith St,,Wynnum,Lytton,No Roadway Feature,Pedestrian crossing sign,0 - 50 km/h,Sealed - Dry,Daylight,Straight,Ped'N: Near Side Vehicle Hit From Right,Pedestrian,0,0,1,0,1,1,0,0,0,0,1,0
291210,Medical treatment,2016,12,Rear-end,Multi-Vehicle,153.0410341,-27.48730787,Stanley St East,,East Brisbane,South Brisbane,No Roadway Feature,No traffic control,60 km/h,Sealed - Dry,Daylight,Straight,Veh'S Same Direction: Rear End,Rear-end,0,0,1,0,1,2,0,0,0,0,0,0
291214,Minor injury,2016,16,Rear-end,Multi-Vehicle,153.0038799,-27.65585693,Johnson Rd,,Larapinta,Algester,No Roadway Feature,No traffic control,70 km/h,Sealed - Dry,Daylight,Straight,Veh'S Same Direction: Rear End,Rear-end,0,0,0,3,3,2,0,0,0,0,0,0
291237,Hospitalisation,2016,17,Hit parked vehicle,Single Vehicle,153.0530854,-27.62442962,Kameruka St,,Calamvale,Stretton,No Roadway Feature,No traffic control,60 km/h,Sealed - Dry,Daylight,Straight,Off Path-Straight:Right Off Cway Hit Obj,Off carriageway on straight hit object,0,1,0,0,1,4,0,0,0,0,0,0
291238,Medical treatment,2016,12,Rear-end,Multi-Vehicle,153.0123905,-27.58130403,Beatty Rd,,Acacia Ridge,Sunnybank,No Roadway Feature,No traffic control,60 km/h,Sealed - Dry,Daylight,Straight,Veh'S Same Direction: Right Rear,Rear-end,0,0,1,0,1,2,0,0,0,0,0,0
291240,Minor injury,2016,12,Sideswipe,Multi-Vehicle,153.046648,-27.505352,Bunya St,Juliette St,Greenslopes,South Brisbane,Intersection - T-Junction,No traffic control,60 km/h,Sealed - Dry,Daylight,Straight,Veh'S Same Direction: Left Turn S/Swipe,Parallel lanes turning,0,0,0,1,1,2,0,0,0,0,0,0
291241,Hospitalisation,2016,5,Hit object,Single Vehicle,153.0357198,-27.57002368,Boundary Rd,,Coopers Plains,Sunnybank,No Roadway Feature,No traffic control,60 km/h,Sealed - Dry,Daylight,Straight,Off Path-Straight:Out Of Control On Cway,Out of control on straight,0,1,0,0,1,1,0,0,0,0,0,0
291242,Medical treatment,2016,14,Rear-end,Multi-Vehicle,153.031631,-27.569418,Boundary Rd,,Coopers Plains,Sunnybank,No Roadway Feature,No traffic control,60 km/h,Sealed - Dry,Daylight,Straight,Veh'S Same Direction: Rear End,Rear-end,0,0,1,0,1,4,0,0,0,0,0,0
291243,Hospitalisation,2016,15,Rear-end,Multi-Vehicle,153.077937,-27.560819,Griffith Arterial Rd,,Upper Mount Gravatt,Mansfield,No Roadway Feature,No traffic control,60 km/h,Sealed - Dry,Daylight,Straight,Veh'S Same Direction: Rear End,Rear-end,0,1,0,0,1,2,1,0,0,0,0,0
291244,Medical treatment,2016,15,Rear-end,Multi-Vehicle,153.08553,-27.574998,Padstow Rd,,Eight Mile Plains,Sunnybank,No Roadway Feature,No traffic control,60 km/h,Sealed - Dry,Daylight,Straight,Veh'S Same Direction: Rear End,Rear-end,0,0,1,0,1,2,0,0,0,0,0,0
291267,Medical treatment,2016,16,Rear-end,Multi-Vehicle,153.124009,-27.503874,Cleveland Sub-Arterial Rd,Gateway Arterial Rd,Belmont,Chatsworth,Intersection - Interchange,Operating traffic lights,60 km/h,Sealed - Dry,Daylight,Straight,Veh'S Same Direction: Rear End,Rear-end,0,0,1,1,2,2,0,0,0,0,0,0
291270,Medical treatment,2016,7,Rear-end,Multi-Vehicle,153.038858,-27.506763,South East Arterial Rd,,Greenslopes,South Brisbane,No Roadway Feature,No traffic control,100 - 110 km/h,Sealed - Dry,Daylight,Straight,Veh'S Same Direction: Rear End,Rear-end,0,0,1,0,1,2,0,0,0,0,0,0
291272,Medical treatment,2016,17,Angle,Multi-Vehicle,152.945428,-27.597469,Progress Rd,Western Arterial Rd,Richlands,Inala,Intersection - Interchange,Operating traffic lights,60 km/h,Sealed - Dry,Daylight,Straight,Veh'S Adjacent Approach: Right-Thru,Intersection from adjacent approaches,0,0,1,1,2,2,0,0,0,0,0,0
291273,Medical treatment,2016,1,Hit parked vehicle,Single Vehicle,152.956501,-27.625027,Grand Ave,,Forest Lake,Algester,No Roadway Feature,No traffic control,60 km/h,Sealed - Dry,Darkness - Lighted,Straight,Off Path-Straight: Left Off Cway Hit Obj,Off carriageway on straight hit object,0,0,1,0,1,2,0,0,0,0,0,0
291274,Minor injury,2016,13,Angle,Multi-Vehicle,152.948985,-27.623852,Jubilee Ave,Roxwell St,Ellen Grove,Inala,No Roadway Feature,Give way sign,60 km/h,Sealed - Dry,Daylight,Straight,Veh'S Adjacent Approach: Right-Right,Intersection from adjacent approaches,0,0,0,1,1,2,0,0,0,0,0,0
291275,Medical treatment,2016,14,Hit parked vehicle,Single Vehicle,153.093363,-27.543763,Broadwater Rd,,Mansfield,Mansfield,No Roadway Feature,No traffic control,60 km/h,Sealed - Dry,Daylight,Straight,Veh'S On Path: Parked,Hit parked vehicle,0,0,1,0,1,2,0,0,0,0,0,0
291276,Hospitalisation,2016,4,Rear-end,Multi-Vehicle,153.090103,-27.570073,South East Arterial Rd,,Eight Mile Plains,Mansfield,No Roadway Feature,No traffic control,100 - 110 km/h,Sealed - Dry,Daylight,Straight,Veh'S Same Direction: Rear End,Rear-end,0,1,0,0,1,1,0,1,0,0,0,0
291277,Medical treatment,2016,7,Angle,Multi-Vehicle,153.04364,-27.485701,Fisher St,Vulture St East,East Brisbane,South Brisbane,Intersection - Cross,Give way sign,60 km/h,Sealed - Dry,Darkness - Lighted,Straight,Veh'S Adjacent Approach: Thru-Thru,Intersection from adjacent approaches,0,0,1,0,1,2,0,0,0,0,0,0
291278,Medical treatment,2016,9,Hit pedestrian,Hit pedestrian,153.037131,-27.486707,Jurgens St,Stanley St,Woolloongabba,South Brisbane,Intersection - T-Junction,Pedestrian operated lights,60 km/h,Sealed - Dry,Daylight,Straight,Ped'N: Far Side Vehicle Hit From Left,Pedestrian,0,0,1,0,1,1,0,0,0,0,1,0
291279,Medical treatment,2016,18,Angle,Multi-Vehicle,153.165403,-27.476277,Greencamp Rd,Manly Rd,Wakerley,Chatsworth,Intersection - T-Junction,Operating traffic lights,60 km/h,Sealed - Dry,Dawn/Dusk,Curved - view open,Veh'S Same Direction: Right Turn S/Swipe,Parallel lanes turning,0,0,1,0,1,2,0,0,0,0,0,0
291282,Hospitalisation,2016,15,Rear-end,Multi-Vehicle,153.172148,-27.497389,New Cleveland Rd,,Gumdale,Chatsworth,No Roadway Feature,No traffic control,80 - 90 km/h,Sealed - Dry,Daylight,Straight,Veh'S Same Direction: Rear End,Rear-end,0,2,0,0,2,4,0,0,0,0,0,0
291301,Hospitalisation,2016,20,Angle,Multi-Vehicle,153.041241,-27.648983,Logan Mwy Ramp De,,Drewvale,Stretton,Intersection - Interchange,No traffic control,0 - 50 km/h,Sealed - Wet,Darkness - Lighted,Curved - view open,Off Path-Curve: Off Cway Lt Bend Hit Obj,Off carriageway on curve hit object,0,1,0,0,1,1,0,0,0,0,0,0
291304,Hospitalisation,2016,17,Angle,Multi-Vehicle,153.114675,-27.508773,Scrub Rd,Winstanley St,Carindale,Chatsworth,Intersection - T-Junction,Operating traffic lights,60 km/h,Sealed - Dry,Daylight,Straight,Veh'S Opposite Approach: Thru-Right,Opposing vehicles turning,0,1,0,0,1,2,0,0,0,0,0,0
291306,Medical treatment,2016,8,Rear-end,Multi-Vehicle,152.9757508,-27.56706795,Cunningham Arterial Rd,,Oxley,Mount Ommaney,No Roadway Feature,No traffic control,80 - 90 km/h,Sealed - Dry,Daylight,Straight,Veh'S Same Direction: Rear End,Rear-end,0,0,1,0,1,1,0,0,0,0,0,1
291307,Medical treatment,2016,8,Rear-end,Multi-Vehicle,153.0357905,-27.49716349,O'Keefe St,,Woolloongabba,South Brisbane,No Roadway Feature,No traffic control,60 km/h,Sealed - Dry,Daylight,Straight,Veh'S Same Direction: Rear End,Rear-end,0,0,1,0,1,3,0,0,0,0,0,0
291308,Medical treatment,2016,18,Rear-end,Multi-Vehicle,153.0387202,-27.49680378,South East Arterial Rd,,Woolloongabba,South Brisbane,No Roadway Feature,No traffic control,100 - 110 km/h,Sealed - Dry,Darkness - Lighted,Straight,Veh'S Same Direction: Rear End,Rear-end,0,0,1,0,1,3,0,0,0,0,0,0