Crash_Ref_Number,Severity,Year,Hour,Crash_Nature,Crash_Type,Longitude,Latitude,Street,Street_Intersecting,Suburb,Loc_State_Electorate,Crash_Roadway_Feature,Crash_Traffic_Control,Crash_Speed_Limit,Crash_Road_Surface_Condition,Crash_Lighting_Condition,Crash_Road_Horiz_Align,Crash_DCA_Description,Crash_DCA_Group_Description,Count_Casualty_Fatality,Count_Casualty_Hospitalised,Count_Casualty_MedicallyTreated,Count_Casualty_MinorInjury,Count_Casualty_Total,Count_Unit_Car,Count_Unit_Motorcycle_Moped,Count_Unit_Truck,Count_Unit_Bus,Count_Unit_Bicycle,Count_Unit_Pedestrian,Count_Unit_Other
291309,Medical treatment,2016,17,Angle,Multi-Vehicle,153.117599,-27.47993096,Gateway Arterial Rd,,Tingalpa,Chatsworth,No Roadway Feature,No traffic control,100 - 110 km/h,Sealed - Dry,Daylight,Straight,Veh'S Same Direction: Lane Change Right,Lane changes,0,0,1,0,1,2,0,1,0,0,0,0
291332,Medical treatment,2016,6,Head-on,Multi-Vehicle,153.03214,-27.60859,Dalmeny St,,Algester,Algester,No Roadway Feature,No traffic control,0 - 50 km/h,Sealed - Dry,Dawn/Dusk,Straight,Veh'S Opposite Approach: Head On,Head-on,0,0,1,0,1,1,0,0,0,0,0,1
291333,Hospitalisation,2016,15,Hit pedestrian,Hit pedestrian,153.045146,-27.637081,Mt Lindesay Art. Rd,,Calamvale,Algester,No Roadway Feature,No traffic control,80 - 90 km/h,Sealed - Dry,Daylight,Straight,Ped'N: Far Side Vehicle Hit From Left,Pedestrian,0,1,1,0,2,0,1,0,0,0,1,0
291335,Hospitalisation,2016,8,Rear-end,Multi-Vehicle,153.069047,-27.47254,Waminda St,,Morningside,Bulimba,No Roadway Feature,No traffic control,0 - 50 km/h,Sealed - Dry,Daylight,Straight,Veh'S Same Direction: Rear End,Rear-end,0,2,0,0,2,3,0,0,0,0,0,0
291337,Medical treatment,2016,13,Sideswipe,Multi-Vehicle,153.061323,-27.571581,Mccullough St,,Sunnybank,Sunnybank,No Roadway Feature,No traffic control,60 km/h,Sealed - Dry,Daylight,Straight,Veh'S Same Direction: Lane Change Left,Lane changes,0,0,1,0,1,2,0,0,0,0,0,0
291338,Medical treatment,2016,7,Rear-end,Multi-Vehicle,153.105076,-27.578624,Gateway Arterial Rd,,Rochedale,Mansfield,No Roadway Feature,No traffic control,100 - 110 km/h,Sealed - Dry,Daylight,Curved - view open,Veh'S Same Direction: Lane Change Right,Lane changes,0,0,1,0,1,3,0,1,0,0,0,0
291339,Hospitalisation,2016,17,Rear-end,Multi-Vehicle,153.128377,-27.480405,Belmont Rd,Isobel St,Tingalpa,Chatsworth,No Roadway Feature,No traffic control,60 km/h,Sealed - Dry,Dawn/Dusk,Curved - view open,Veh'S Same Direction: Right Rear,Rear-end,0,1,0,0,1,2,0,0,0,0,0,0
291355,Medical treatment,2016,12,Rear-end,Multi-Vehicle,153.0449772,-27.49869209,Old Cleveland Rd,,Greenslopes,South Brisbane,No Roadway Feature,No traffic control,60 km/h,Sealed - Dry,Daylight,Straight,Veh'S Same Direction: Rear End,Rear-end,0,0,1,0,1,2,0,0,0,0,0,0
291359,Hospitalisation,2016,22,Fall from vehicle,Single Vehicle,153.019206,-27.544419,Gladstone St,,Moorooka,Yeerongpilly,No Roadway Feature,No traffic control,0 - 50 km/h,Sealed - Wet,Darkness - Not lighted,Curved - view open,Veh'S Opposite Approach: Head On,Head-on,0,1,0,0,1,2,1,0,0,0,0,0
291360,Medical treatment,2016,12,Rear-end,Multi-Vehicle,153.026542,-27.483336,Stanley St,,South Brisbane,South Brisbane,No Roadway Feature,No traffic control,60 km/h,Sealed - Dry,Daylight,Curved - view open,Veh'S Same Direction: Rear End,Rear-end,0,0,1,0,1,2,0,0,0,0,0,0
291361,Medical treatment,2016,15,Angle,Multi-Vehicle,153.170383,-27.446128,Andrew St,Ronald St,Wynnum,Lytton,Intersection - Cross,Give way sign,0 - 50 km/h,Sealed - Dry,Daylight,Straight,Veh'S Adjacent Approach: Thru-Thru,Intersection from adjacent approaches,0,0,2,0,2,2,0,0,0,0,0,0
291382,Hospitalisation,2016,2,Hit object,Single Vehicle,153.075356,-27.605274,Nemies Rd,,Runcorn,Stretton,No Roadway Feature,No traffic control,60 km/h,Sealed - Wet,Darkness - Lighted,Straight,Off Path-Straight: Left Off Cway Hit Obj,Off carriageway on straight hit object,0,1,0,0,1,1,0,0,0,0,0,0
291383,Hospitalisation,2016,20,Hit object,Single Vehicle,153.007059,-27.599356,Gooderham Rd,,Willawong,Algester,No Roadway Feature,No traffic control,80 - 90 km/h,Sealed - Dry,Darkness - Not lighted,Curved - view open,Off Path-Curve: Off Cway Rt Bend Hit Obj,Off carriageway on curve hit object,0,1,0,0,1,1,0,0,0,0,0,0
291384,Medical treatment,2016,16,Rear-end,Multi-Vehicle,153.064428,-27.467227,Forbes St,Riding Rd,Hawthorne,Bulimba,Intersection - T-Junction,No traffic control,60 km/h,Sealed - Dry,Daylight,Straight,Veh'S Same Direction: Right Rear,Rear-end,0,0,1,0,1,1,1,0,0,0,0,0
291386,Hospitalisation,2016,4,Hit object,Single Vehicle,153.035863,-27.476296,Clem 7,,Kangaroo Point,South Brisbane,Intersection - Interchange,No traffic control,60 km/h,Sealed - Dry,Darkness - Lighted,Curved - view obscured,Off Path-Curve: Other,Other,0,1,0,0,1,1,0,0,0,0,0,0
291411,Hospitalisation,2016,12,Hit object,Single Vehicle,153.040271,-27.648121,Logan Mwy Ramp Da,,Parkinson,Algester,Intersection - Interchange,No traffic control,60 km/h,Sealed - Dry,Daylight,Curved - view open,Off Path-Curve: Off Cway Rt Bend Hit Obj,Off carriageway on curve hit object,0,1,0,0,1,1,0,0,0,0,0,0
291412,Medical treatment,2016,18,Angle,Multi-Vehicle,153.0387,-27.504069,Duke St,Juliette St,Annerley,South Brisbane,Intersection - Cross,Operating traffic lights,60 km/h,Sealed - Dry,Dawn/Dusk,Straight,Veh'S Adjacent Approach: Thru-Thru,Intersection from adjacent approaches,0,0,1,0,1,2,0,0,0,0,0,0
291415,Minor injury,2016,13,Rear-end,Multi-Vehicle,153.067414,-27.52466,Boronia Ave,Logan Rd,Holland Park West,Greenslopes,Intersection - T-Junction,No traffic control,60 km/h,Sealed - Dry,Daylight,Straight,Veh'S Same Direction: Right Rear,Rear-end,0,0,0,1,1,2,0,0,0,0,0,0
291416,Medical treatment,2016,17,Rear-end,Multi-Vehicle,153.181584,-27.457958,Ernest St,Mountjoy Tce,Manly,Lytton,Intersection - T-Junction,Operating traffic lights,0 - 50 km/h,Sealed - Dry,Dawn/Dusk,Straight,Veh'S Same Direction: Rear End,Rear-end,0,0,1,0,1,2,0,0,0,0,0,0
291423,Minor injury,2016,17,Angle,Multi-Vehicle,153.125391,-27.503008,Cleveland Sub-Arterial Rd,Gateway Art Rd Ramp Vf,Belmont,Chatsworth,Intersection - Cross,Operating traffic lights,60 km/h,Sealed - Dry,Daylight,Straight,Veh'S Adjacent Approach: Thru-Thru,Intersection from adjacent approaches,0,0,0,3,3,2,0,0,0,0,0,0
291446,Medical treatment,2016,16,Rear-end,Multi-Vehicle,153.063478,-27.5892,Beenleigh Rd,,Sunnybank,Sunnybank,No Roadway Feature,No traffic control,60 km/h,Sealed - Dry,Daylight,Straight,Veh'S Same Direction: Rear End,Rear-end,0,0,2,0,2,4,0,0,0,0,0,0
291448,Hospitalisation,2016,7,Angle,Multi-Vehicle,152.9820997,-27.53735355,Martindale St,Oxley Rd,Corinda,Indooroopilly,Intersection - T-Junction,No traffic control,60 km/h,Sealed - Dry,Daylight,Straight,Veh'S Adjacent Approach: Thru-Right,Intersection from adjacent approaches,0,1,0,0,1,1,1,0,0,0,0,0
291449,Medical treatment,2016,15,Angle,Multi-Vehicle,153.063697,-27.573795,Elva St,Mains Rd,Sunnybank,Sunnybank,Intersection - T-Junction,No traffic control,60 km/h,Sealed - Dry,Daylight,Straight,Veh'S Opposite Approach: Thru-Right,Opposing vehicles turning,0,0,1,0,1,2,0,0,0,0,0,0
291450,Hospitalisation,2016,15,Head-on,Multi-Vehicle,153.039587,-27.498231,South East Arterial Rd,,Woolloongabba,South Brisbane,No Roadway Feature,No traffic control,100 - 110 km/h,Sealed - Dry,Daylight,Curved - view open,Veh'S Same Direction: Rear End,Rear-end,0,1,1,0,2,3,0,0,0,0,0,0
291474,Medical treatment,2016,9,Angle,Multi-Vehicle,153.057555,-27.616186,Chateau St,Monsour St,Calamvale,Stretton,Intersection - T-Junction,Give way sign,0 - 50 km/h,Sealed - Dry,Daylight,Curved - view open,Veh'S Adjacent Approach: Right-Thru,Intersection from adjacent approaches,0,0,1,1,2,2,0,0,0,0,0,0
291476,Medical treatment,2016,12,Rear-end,Multi-Vehicle,153.041713,-27.598349,Grant Dr,Hellawell Rd,Sunnybank Hills,Sunnybank,No Roadway Feature,No traffic control,60 km/h,Sealed - Dry,Daylight,Straight,Veh'S Same Direction: Right Rear,Rear-end,0,0,1,0,1,2,0,0,0,0,0,0
291477,Hospitalisation,2016,13,Angle,Multi-Vehicle,153.071123,-27.494202,Albert St,Ernest St,Camp Hill,Greenslopes,Intersection - T-Junction,No traffic control,60 km/h,Sealed - Dry,Daylight,Curved - view open,Veh'S Opposite Approach: Thru-Right,Opposing vehicles turning,0,1,0,1,2,2,0,0,0,0,0,0
291481,Medical treatment,2016,8,Rear-end,Multi-Vehicle,153.0979146,-27.46029701,Creek Rd,,Murarrie,Bulimba,No Roadway Feature,No traffic control,60 km/h,Sealed - Dry,Daylight,Straight,Veh'S Same Direction: Rear End,Rear-end,0,0,1,0,1,4,0,0,0,0,0,0
291482,Medical treatment,2016,13,Angle,Multi-Vehicle,153.040332,-27.558939,Griffith Arterial Rd,Orange Grove Rd,Salisbury,Sunnybank,Intersection - Cross,Operating traffic lights,60 km/h,Sealed - Dry,Daylight,Straight,Veh'S Opposite Approach: Thru-Right,Opposing vehicles turning,0,0,1,0,1,0,0,1,1,0,0,0
291509,Medical treatment,2016,5,Overturned,Single Vehicle,153.043128,-27.604384,Algester Rd,Mt Lindesay Art. Rd,Calamvale,Stretton,Intersection - T-Junction,Operating traffic lights,80 - 90 km/h,Sealed - Wet,Dawn/Dusk,Straight,Veh'S Same Direction: Rear End,Rear-end,0,0,1,1,2,1,1,0,0,0,0,0
291511,Medical treatment,2016,17,Rear-end,Multi-Vehicle,153.038816,-27.507019,Pacific Hwy,South East Arterial Rd,Greenslopes,South Brisbane,Intersection - Interchange,No traffic control,100 - 110 km/h,Sealed - Dry,Daylight,Straight,Veh'S Same Direction: Rear End,Rear-end,0,0,1,0,1,2,0,0,0,0,0,0
291513,Medical treatment,2016,16,Fall from vehicle,Single Vehicle,153.004107,-27.598532,Camden Rd,Sherbrooke Rd,Willawong,Algester,Intersection - T-Junction,Give way sign,60 km/h,Sealed - Dry,Daylight,Curved - view open,Off Path-Curve: Out Of Control On Cway,Out of control on curve,0,0,1,0,1,1,1,0,0,0,0,0
291514,Medical treatment,2016,6,Rear-end,Multi-Vehicle,153.0130655,-27.64206199,Logan Mwy,,Larapinta,Algester,No Roadway Feature,No traffic control,100 - 110 km/h,Sealed - Dry,Daylight,Straight,Veh'S Same Direction: Lane Change Right,Lane changes,0,0,3,0,3,3,0,3,0,0,0,0
291516,Hospitalisation,2016,17,Rear-end,Multi-Vehicle,152.979082,-27.553529,Cook St,Oxley Rd,Oxley,Mount Ommaney,Intersection - T-Junction,No traffic control,60 km/h,Sealed - Dry,Dawn/Dusk,Straight,Veh'S Same Direction: Rear End,Rear-end,0,1,0,0,1,4,0,0,0,0,0,0
291517,Medical treatment,2016,7,Rear-end,Multi-Vehicle,153.131701,-27.547122,Redland Sub-Arterial Rd,,Mackenzie,Mansfield,No Roadway Feature,No traffic control,60 km/h,Sealed - Dry,Daylight,Straight,Veh'S Same Direction: Rear End,Rear-end,0,0,1,0,1,4,0,0,0,0,0,0
291521,Minor injury,2016,8,Rear-end,Multi-Vehicle,153.164186,-27.559153,Redland Sub-Arterial Rd,,Burbank,Mansfield,No Roadway Feature,No traffic control,70 km/h,Sealed - Dry,Daylight,Straight,Veh'S Same Direction: Rear End,Rear-end,0,0,0,1,1,3,0,0,0,0,0,0
291545,Medical treatment,2016,16,Rear-end,Multi-Vehicle,153.047521,-27.64745,Logan Mwy,,Drewvale,Stretton,Intersection - Interchange,No traffic control,80 - 90 km/h,Sealed - Dry,Daylight,Straight,Veh'S Same Direction: Rear End,Rear-end,0,0,2,1,3,2,0,0,0,0,0,0
291547,Medical treatment,2016,9,Hit pedestrian,Hit pedestrian,152.952943,-27.570464,Winslow St,,Darra,Inala,No Roadway Feature,No traffic control,0 - 50 km/h,Sealed - Dry,Daylight,Straight,Ped'N: Play; Work; Stand; Lie On C'Way,Pedestrian,0,0,1,0,1,0,0,1,0,0,1,0
291548,Minor injury,2016,5,Hit object,Single Vehicle,152.956315,-27.5492299,Flindersia Cres,,Seventeen Mile Rocks,Mount Ommaney,No Roadway Feature,No traffic control,0 - 50 km/h,Sealed - Dry,Dawn/Dusk,Straight,Off Path-Straight:Right Off Cway Hit Obj,Off carriageway on straight hit object,0,0,0,1,1,1,0,0,0,0,0,0
291549,Medical treatment,2016,14,Angle,Multi-Vehicle,152.980289,-27.568796,Blunder Rd,Factory Rd,Oxley,Inala,Intersection - Cross,No traffic control,60 km/h,Sealed - Dry,Daylight,Straight,Veh'S Opposite Approach: Thru-Right,Opposing vehicles turning,0,0,1,0,1,2,0,0,0,0,0,0
291550,Medical treatment,2016,23,Angle,Multi-Vehicle,152.932228,-27.604085,Boundary Rd,Formation St,Wacol,Inala,Intersection - Roundabout,Give way sign,60 km/h,Sealed - Dry,Darkness - Lighted,Straight,Veh'S Adjacent Approach: Thru-Thru,Intersection from adjacent approaches,0,0,1,0,1,2,0,0,0,0,0,0
291551,Medical treatment,2016,14,Angle,Multi-Vehicle,153.014052,-27.523707,Fairfield Rd,King Arthur Tce,Yeerongpilly,Yeerongpilly,Intersection - T-Junction,Operating traffic lights,60 km/h,Sealed - Dry,Daylight,Straight,Veh'S Opposite Approach: Thru-Right,Opposing vehicles turning,0,0,2,0,2,2,0,0,0,0,0,0
291552,Hospitalisation,2016,8,Hit pedestrian,Hit pedestrian,153.07299,-27.51639,Cavendish Rd,,Holland Park,Greenslopes,No Roadway Feature,No traffic control,0 - 50 km/h,Sealed - Dry,Daylight,Straight,Ped'N: Hit Other,Other,0,1,0,0,1,1,0,0,0,0,1,0
291554,Hospitalisation,2016,7,Angle,Multi-Vehicle,153.063499,-27.486713,Bennetts Rd,Temple St,Camp Hill,Greenslopes,Intersection - Cross,No traffic control,60 km/h,Sealed - Dry,Daylight,Straight,Veh'S Opposite Approach: Thru-Right,Opposing vehicles turning,0,1,0,0,1,1,0,0,0,1,0,0
291555,Hospitalisation,2016,6,Head-on,Multi-Vehicle,153.0591286,-27.4689134,Hawthorne Rd,,Hawthorne,Bulimba,No Roadway Feature,Police,60 km/h,Sealed - Dry,Daylight,Straight,Veh'S Opposite Approach: Head On,Head-on,0,1,0,0,1,3,0,0,0,0,0,0
291581,Medical treatment,2016,8,Angle,Multi-Vehicle,153.014412,-27.517984,Avoca St,,Yeronga,Yeerongpilly,No Roadway Feature,No traffic control,0 - 50 km/h,Sealed - Dry,Daylight,Straight,Veh'S Manoeuvring: Leaving Driveway,Vehicle leaving driveway,0,0,1,0,1,2,0,0,0,0,0,0
291611,Minor injury,2016,20,Angle,Multi-Vehicle,152.971442,-27.610124,Brooklands Crct,Laricina Crct,Forest Lake,Inala,Intersection - Roundabout,Give way sign,60 km/h,Sealed - Dry,Darkness - Lighted,Straight,Veh'S Adjacant Approach: Thru-Left,Intersection from adjacent approaches,0,0,0,2,2,2,0,0,0,0,0,0
291612,Hospitalisation,2016,15,Angle,Multi-Vehicle,153.0692562,-27.56153685,Griffith Arterial Rd,,Macgregor,Sunnybank,No Roadway Feature,No traffic control,60 km/h,Sealed - Dry,Daylight,Straight,Veh'S Manoeuvring: Leaving Driveway,Vehicle leaving driveway,0,1,0,0,1,1,1,0,0,0,0,0
291613,Medical treatment,2016,8,Sideswipe,Multi-Vehicle,153.0410716,-27.48051654,Wellington Rd,,East Brisbane,South Brisbane,No Roadway Feature,No traffic control,60 km/h,Sealed - Dry,Daylight,Straight,Veh'S Same Direction: Lane Change Right,Lane changes,0,0,1,0,1,2,0,0,0,0,0,0
291646,Hospitalisation,2016,14,Angle,Multi-Vehicle,153.043303,-27.604311,Algester Rd,Mt Lindesay Art. Rd,Sunnybank Hills,Stretton,Intersection - T-Junction,Operating traffic lights,80 - 90 km/h,Sealed - Dry,Daylight,Straight,Veh'S Adjacent Approach: Thru-Right,Intersection from adjacent approaches,0,1,2,0,3,3,0,0,0,0,0,0
291647,Medical treatment,2016,11,Angle,Multi-Vehicle,153.101492,-27.495018,Creek Rd,Cuthred St,Carindale,Chatsworth,Intersection - Cross,Stop sign,60 km/h,Sealed - Dry,Daylight,Straight,Veh'S Adjacent Approach: Thru-Right,Intersection from adjacent approaches,0,0,1,0,1,2,0,0,0,0,0,0
291649,Medical treatment,2016,6,Angle,Multi-Vehicle,152.987394,-27.59639,Blunder Rd,Inala Ave,Durack,Sunnybank,Intersection - Cross,Operating traffic lights,60 km/h,Sealed - Dry,Daylight,Straight,Veh'S Adjacent Approach: Thru-Thru,Intersection from adjacent approaches,0,0,1,0,1,2,0,0,0,0,0,0
291651,Hospitalisation,2016,22,Angle,Multi-Vehicle,153.07044,-27.572805,Comley St,Granadilla St,Macgregor,Sunnybank,Intersection - Cross,No traffic control,60 km/h,Sealed - Dry,Darkness - Lighted,Straight,Veh'S Opposite Approach: Thru-Right,Opposing vehicles turning,0,1,0,0,1,2,0,0,0,0,0,0
291675,Medical treatment,2016,8,Rear-end,Multi-Vehicle,153.064878,-27.590091,Beenleigh Rd,Gowan Rd,Sunnybank Hills,Stretton,Intersection - T-Junction,No traffic control,60 km/h,Sealed - Dry,Daylight,Straight,Veh'S Same Direction: Left Rear,Rear-end,0,0,1,0,1,2,0,0,0,0,0,0
291676,Hospitalisation,2016,11,Rear-end,Multi-Vehicle,153.026824,-27.586002,Mt Lindesay Art. Rd,,Acacia Ridge,Sunnybank,No Roadway Feature,No traffic control,70 km/h,Sealed - Dry,Daylight,Straight,Veh'S Same Direction: Left Rear,Rear-end,0,3,0,0,3,1,0,0,0,0,0,1
291677,Medical treatment,2016,22,Angle,Multi-Vehicle,153.092437,-27.543569,Broadwater Rd,Newnham Rd,Mount Gravatt East,Mansfield,Intersection - Cross,Operating traffic lights,60 km/h,Sealed - Dry,Darkness - Lighted,Straight,Veh'S Opposite Approach: Thru-Right,Opposing vehicles turning,0,0,2,0,2,2,0,0,0,0,0,0
291678,Medical treatment,2016,1,Hit object,Single Vehicle,152.974049,-27.5830076,Cypress St,,Inala,Inala,No Roadway Feature,No traffic control,0 - 50 km/h,Sealed - Dry,Darkness - Lighted,Straight,Off Path-Straight: Left Off Cway Hit Obj,Off carriageway on straight hit object,0,0,1,0,1,1,0,0,0,0,0,0
291679,Hospitalisation,2016,21,Hit object,Single Vehicle,153.020376,-27.550671,Beaudesert Rd,,Rocklea,Yeerongpilly,Bridge/Causeway,No traffic control,60 km/h,Sealed - Dry,Darkness - Lighted,Curved - view open,Off Path-Curve: Mounts Traffic Island,Off carriageway on curve hit object,0,1,0,0,1,0,1,0,0,0,0,0
291680,Medical treatment,2016,9,Angle,Multi-Vehicle,153.04668,-27.576069,Breton St,Everest St,Sunnybank,Sunnybank,Intersection - T-Junction,No traffic control,60 km/h,Sealed - Dry,Daylight,Curved - view open,Veh'S Adjacent Approach: Thru-Right,Intersection from adjacent approaches,0,0,1,0,1,2,0,0,0,0,0,0
291681,Medical treatment,2016,17,Angle,Multi-Vehicle,153.092339,-27.591269,Gaskell St,Underwood Rd,Eight Mile Plains,Stretton,Intersection - T-Junction,Stop sign,60 km/h,Sealed - Dry,Dawn/Dusk,Straight,Veh'S Adjacent Approach: Right-Thru,Intersection from adjacent approaches,0,0,1,0,1,3,0,0,0,0,0,0
291682,Medical treatment,2016,10,Hit pedestrian,Hit pedestrian,153.063818,-27.571635,Mains Rd,,Sunnybank,Sunnybank,No Roadway Feature,No traffic control,60 km/h,Sealed - Dry,Daylight,Straight,Ped'N: Near Side Vehicle Hit From Right,Pedestrian,0,0,1,0,1,1,0,0,0,0,1,0
291683,Hospitalisation,2016,7,Rear-end,Multi-Vehicle,153.073207,-27.573151,Mccullough St,,Macgregor,Sunnybank,No Roadway Feature,No traffic control,60 km/h,Sealed - Dry,Daylight,Straight,Veh'S Same Direction: Rear End,Rear-end,0,2,0,0,2,2,0,0,0,0,0,0
291684,Hospitalisation,2016,22,Hit animal,Other,153.095485,-27.591757,Underwood Rd,,Eight Mile Plains,Stretton,No Roadway Feature,No traffic control,60 km/h,Sealed - Dry,Darkness - Not lighted,Straight,Pass & Misc: Hit Animal,Hit animal,0,1,0,0,1,1,0,0,0,0,0,0
291685,Medical treatment,2016,17,Rear-end,Multi-Vehicle,153.106345,-27.577085,Gateway Art Rd Ramp Ma,,Rochedale,Mansfield,Intersection - Interchange,No traffic control,60 km/h,Sealed - Dry,Dawn/Dusk,Straight,Veh'S Same Direction: Rear End,Rear-end,0,0,2,1,3,2,0,0,0,0,0,0
291692,Medical treatment,2016,14,Rear-end,Multi-Vehicle,153.180016,-27.514252,Cleveland Sub-Arterial Rd,Tollett St,Chandler,Chatsworth,Intersection - T-Junction,No traffic control,70 km/h,Sealed - Dry,Daylight,Straight,Veh'S Same Direction: Right Rear,Rear-end,0,0,1,1,2,3,0,0,0,0,0,0
291723,Medical treatment,2016,18,Rear-end,Multi-Vehicle,153.0465591,-27.63071615,Mt Lindesay Art. Rd,,Calamvale,Stretton,No Roadway Feature,No traffic control,80 - 90 km/h,Sealed - Dry,Daylight,Straight,Veh'S Same Direction: Rear End,Rear-end,0,0,1,0,1,2,0,0,0,0,0,0
291725,Minor injury,2016,8,Angle,Multi-Vehicle,153.024403,-27.57962,Foote St,Mortimer Rd,Acacia Ridge,Sunnybank,Intersection - T-Junction,Give way sign,60 km/h,Sealed - Dry,Daylight,Straight,Veh'S Adjacent Approach: Right-Thru,Intersection from adjacent approaches,0,0,0,1,1,2,0,0,0,0,0,0
291726,Medical treatment,2016,16,Rear-end,Multi-Vehicle,153.060293,-27.589077,Lumphanan St,Pinelands Rd,Sunnybank Hills,Sunnybank,Intersection - T-Junction,Operating traffic lights,60 km/h,Sealed - Wet,Daylight,Straight,Veh'S Same Direction: Rear End,Rear-end,0,0,1,0,1,2,0,0,0,0,0,0
291728,Hospitalisation,2016,11,Angle,Multi-Vehicle,153.080001,-27.560242,Cremin St,Griffith Arterial Rd,Upper Mount Gravatt,Mansfield,Intersection - Cross,Operating traffic lights,60 km/h,Sealed - Wet,Daylight,Straight,Veh'S Opposite Approach: Thru-Right,Opposing vehicles turning,0,1,0,0,1,2,0,0,0,0,0,0
291729,Medical treatment,2016,17,Head-on,Multi-Vehicle,153.0255613,-27.49826367,Invalid Street From Police,,Dutton Park,South Brisbane,Bikeway,No traffic control,0 - 50 km/h,Sealed - Wet,Darkness - Lighted,Curved - view open,Veh'S Manoeuvring: Other,Other,0,0,2,0,2,0,0,0,0,2,0,0
291730,Hospitalisation,2016,12,Fall from vehicle,Single Vehicle,153.01922,-27.490913,Ampthill St,Gladstone Rd,Highgate Hill,South Brisbane,Intersection - T-Junction,No traffic control,60 km/h,Sealed - Wet,Daylight,Curved - view obscured,Pass & Misc: Fell In/From Vehicle,Other,0,1,0,0,1,0,1,0,0,1,0,0
291773,Medical treatment,2016,15,Rear-end,Multi-Vehicle,153.048214,-27.623767,Mt Lindesay Art. Rd,,Calamvale,Stretton,No Roadway Feature,No traffic control,60 km/h,Sealed - Wet,Daylight,Straight,Veh'S Same Direction: Rear End,Rear-end,0,0,1,0,1,2,0,0,0,0,0,0
291775,Medical treatment,2016,14,Rear-end,Multi-Vehicle,152.96133,-27.575994,Acanthus St,Boundary Rd,Darra,Inala,Intersection - T-Junction,Give way sign,60 km/h,Sealed - Dry,Daylight,Straight,Veh'S Same Direction: Left Rear,Rear-end,0,0,1,0,1,2,0,0,0,0,0,0
291776,Hospitalisation,2016,9,Rear-end,Multi-Vehicle,152.955822,-27.541527,Seventeen Mile Rocks Rd,,Seventeen Mile Rocks,Mount Ommaney,No Roadway Feature,No traffic control,60 km/h,Sealed - Dry,Daylight,Straight,Veh'S Same Direction: Right Rear,Rear-end,0,1,1,0,2,0,0,2,0,0,0,0
291779,Medical treatment,2016,11,Rear-end,Multi-Vehicle,153.063375,-27.575689,Mains Rd,Turton St,Sunnybank,Sunnybank,Intersection - T-Junction,Operating traffic lights,60 km/h,Sealed - Dry,Daylight,Straight,Veh'S Same Direction: Right Rear,Rear-end,0,0,4,0,4,3,0,0,0,0,0,0
291780,Medical treatment,2016,7,Rear-end,Multi-Vehicle,153.05,-27.48783,Caswell St,Stanley St East,East Brisbane,South Brisbane,No Roadway Feature,No traffic control,60 km/h,Sealed - Dry,Daylight,Straight,Veh'S Same Direction: Rear End,Rear-end,0,0,1,0,1,1,1,0,0,0,0,0
291785,Hospitalisation,2016,8,Rear-end,Multi-Vehicle,153.1595777,-27.5087328,Cleveland Sub-Arterial Rd,,Chandler,Chatsworth,No Roadway Feature,No traffic control,80 - 90 km/h,Sealed - Dry,Daylight,Straight,Veh'S Same Direction: Rear End,Rear-end,0,1,0,1,2,3,0,0,0,0,0,0
291815,Hospitalisation,2016,12,Angle,Multi-Vehicle,153.078325,-27.456037,Lytton Rd,Riverside Pl,Morningside,Bulimba,Intersection - T-Junction,Give way sign,60 km/h,Sealed - Dry,Daylight,Straight,Veh'S Manoeuvring: Entering From Footway,Vehicle leaving driveway,0,1,0,0,1,1,1,0,0,0,0,0
291816,Medical treatment,2016,15,Angle,Multi-Vehicle,153.085561,-27.562758,Logan Sub-Arterial Rd,Marada St,Upper Mount Gravatt,Mansfield,Intersection - T-Junction,No traffic control,60 km/h,Sealed - Dry,Daylight,Straight,Veh'S Opposite Approach: Thru-Right,Opposing vehicles turning,0,0,2,0,2,2,0,0,0,0,0,0
291817,Medical treatment,2016,15,Rear-end,Multi-Vehicle,153.040739,-27.485232,Vulture St East,,East Brisbane,South Brisbane,No Roadway Feature,No traffic control,60 km/h,Sealed - Dry,Daylight,Straight,Veh'S Same Direction: Rear End,Rear-end,0,0,1,0,1,2,0,0,0,0,0,0
291818,Medical treatment,2016,10,Hit object,Single Vehicle,153.121996,-27.487868,Gateway Arterial Rd,,Belmont,Chatsworth,No Roadway Feature,No traffic control,100 - 110 km/h,Sealed - Dry,Daylight,Straight,Off Path-Straight:Right Off Cway Hit Obj,Off carriageway on straight hit object,0,0,1,0,1,1,0,0,0,0,0,0
291837,Medical treatment,2016,19,Angle,Multi-Vehicle,152.9226758,-27.55649544,Eumong St,Riverhills Rd,Middle Park,Mount Ommaney,No Roadway Feature,No traffic control,60 km/h,Sealed - Dry,Darkness - Lighted,Curved - view open,Veh'S Manoeuvring: Leaving Driveway,Vehicle leaving driveway,0,0,1,1,2,2,0,0,0,0,0,0
291838,Hospitalisation,2016,14,Rear-end,Multi-Vehicle,152.976006,-27.587089,Glenala Rd,Rosemary St,Inala,Inala,Intersection - T-Junction,Operating traffic lights,0 - 50 km/h,Sealed - Dry,Daylight,Straight,Veh'S Same Direction: Rear End,Rear-end,0,1,0,0,1,1,1,0,0,0,0,0