Crash_Ref_Number,Severity,Year,Hour,Crash_Nature,Crash_Type,Longitude,Latitude,Street,Street_Intersecting,Suburb,Loc_State_Electorate,Crash_Roadway_Feature,Crash_Traffic_Control,Crash_Speed_Limit,Crash_Road_Surface_Condition,Crash_Lighting_Condition,Crash_Road_Horiz_Align,Crash_DCA_Description,Crash_DCA_Group_Description,Count_Casualty_Fatality,Count_Casualty_Hospitalised,Count_Casualty_MedicallyTreated,Count_Casualty_MinorInjury,Count_Casualty_Total,Count_Unit_Car,Count_Unit_Motorcycle_Moped,Count_Unit_Truck,Count_Unit_Bus,Count_Unit_Bicycle,Count_Unit_Pedestrian,Count_Unit_Other
293240,Medical treatment,2016,9,Rear-end,Multi-Vehicle,153.05889,-27.61162,Compton Rd,,Sunnybank Hills,Stretton,No Roadway Feature,No traffic control,60 km/h,Sealed - Dry,Daylight,Straight,Veh'S Same Direction: Right Rear,Rear-end,0,0,1,0,1,4,0,0,0,0,0,0
293241,Medical treatment,2016,18,Rear-end,Multi-Vehicle,153.028311,-27.513502,Somervell Rd,Venner Rd,Annerley,Yeerongpilly,Intersection - T-Junction,No traffic control,0 - 50 km/h,Sealed - Dry,Dawn/Dusk,Straight,Veh'S Same Direction: Rear End,Rear-end,0,0,1,0,1,2,0,0,0,0,0,0
293242,Medical treatment,2016,9,Rear-end,Multi-Vehicle,153.1326541,-27.47586859,Manly Rd,,Tingalpa,Chatsworth,No Roadway Feature,No traffic control,70 km/h,Sealed - Dry,Daylight,Straight,Veh'S Same Direction: Rear End,Rear-end,0,0,2,0,2,4,0,0,0,0,0,0
293247,Medical treatment,2016,16,Rear-end,Multi-Vehicle,153.029662,-27.658997,Johnson Rd,,Parkinson,Algester,No Roadway Feature,No traffic control,60 km/h,Sealed - Dry,Daylight,Straight,Veh'S Same Direction: Rear End,Rear-end,0,0,1,0,1,4,0,0,0,0,0,0
293272,Medical treatment,2016,8,Angle,Multi-Vehicle,153.036158,-27.596008,Bradman St,Mt Lindesay Art. Rd,Acacia Ridge,Sunnybank,Intersection - Cross,Operating traffic lights,80 - 90 km/h,Sealed - Dry,Daylight,Straight,Veh'S Opposite Approach: Thru-Right,Opposing vehicles turning,0,0,2,0,2,2,0,0,0,0,0,0
293273,Minor injury,2016,6,Rear-end,Multi-Vehicle,153.0994656,-27.50561644,Creek Rd,,Carina Heights,Chatsworth,No Roadway Feature,No traffic control,70 km/h,Sealed - Dry,Daylight,Straight,Veh'S Same Direction: Rear End,Rear-end,0,0,0,1,1,2,0,0,0,0,0,0
293276,Hospitalisation,2016,7,Angle,Multi-Vehicle,153.065889,-27.477843,Bennetts Rd,,Norman Park,Bulimba,Intersection - T-Junction,Give way sign,0 - 50 km/h,Sealed - Dry,Daylight,Curved - view open,Veh'S Opposite Approach: Thru-Right,Opposing vehicles turning,0,1,0,0,1,1,0,0,0,1,0,0
293293,Hospitalisation,2016,1,Head-on,Multi-Vehicle,152.980608,-27.566222,Cunningham Arterial Rd,,Oxley,Inala,No Roadway Feature,No traffic control,80 - 90 km/h,Sealed - Dry,Darkness - Lighted,Straight,Veh'S Opposite Approach: Head On,Head-on,0,3,0,0,3,2,0,0,0,0,0,0
293294,Medical treatment,2016,7,Rear-end,Multi-Vehicle,153.063695,-27.573314,Mains Rd,,Sunnybank,Sunnybank,No Roadway Feature,No traffic control,60 km/h,Sealed - Dry,Darkness - Lighted,Straight,Veh'S Same Direction: Rear End,Rear-end,0,0,1,0,1,2,0,0,0,0,0,0
293312,Minor injury,2016,17,Angle,Multi-Vehicle,153.047468,-27.580602,Beenleigh Rd,Jackson Rd,Sunnybank,Sunnybank,Intersection - Roundabout,Give way sign,60 km/h,Sealed - Dry,Dawn/Dusk,Straight,Veh'S Adjacent Approach: Thru-Right,Intersection from adjacent approaches,0,0,0,1,1,2,0,0,0,0,0,0
293317,Medical treatment,2016,3,Angle,Multi-Vehicle,153.028152,-27.561547,Musgrave Rd,Sway St,Coopers Plains,Sunnybank,Intersection - T-Junction,No traffic control,60 km/h,Sealed - Dry,Darkness - Not lighted,Straight,Veh'S Opposite Approach: Thru-Right,Opposing vehicles turning,0,0,1,0,1,2,0,0,0,0,0,0
293319,Hospitalisation,2016,9,Angle,Multi-Vehicle,153.087802,-27.554186,Cale St,Dawson Rd,Upper Mount Gravatt,Mansfield,Intersection - Cross,No traffic control,60 km/h,Sealed - Dry,Daylight,Straight,Veh'S Same Direction: Right Turn S/Swipe,Parallel lanes turning,0,1,0,0,1,1,1,0,0,0,0,0
293320,Medical treatment,2016,17,Rear-end,Multi-Vehicle,153.0379618,-27.49612628,South East Arterial Rd,,Woolloongabba,South Brisbane,No Roadway Feature,No traffic control,80 - 90 km/h,Sealed - Dry,Darkness - Lighted,Straight,Veh'S Same Direction: Rear End,Rear-end,0,0,3,0,3,2,0,0,0,0,0,0
293349,Hospitalisation,2016,10,Rear-end,Multi-Vehicle,153.012372,-27.557355,Balham Rd,,Archerfield,Sunnybank,Intersection - Cross,No traffic control,60 km/h,Sealed - Dry,Daylight,Straight,Veh'S Same Direction: Left Rear,Rear-end,0,1,0,0,1,2,0,0,0,0,0,0
293351,Medical treatment,2016,15,Rear-end,Multi-Vehicle,153.058925,-27.537553,South East Arterial Rd,,Holland Park West,Greenslopes,No Roadway Feature,No traffic control,80 - 90 km/h,Sealed - Dry,Daylight,Straight,Veh'S Same Direction: Rear End,Rear-end,0,0,1,0,1,3,0,0,0,0,0,0
293352,Hospitalisation,2016,16,Hit pedestrian,Hit pedestrian,153.0857419,-27.47027161,Stanton St,,Cannon Hill,Bulimba,No Roadway Feature,No traffic control,0 - 50 km/h,Sealed - Dry,Daylight,Straight,Ped'N: Far Side Vehicle Hit From Left,Pedestrian,0,1,0,0,1,1,0,0,0,0,1,0
293353,Minor injury,2016,10,Hit parked vehicle,Single Vehicle,153.070915,-27.465084,Thynne Rd,,Morningside,Bulimba,No Roadway Feature,No traffic control,60 km/h,Sealed - Dry,Daylight,Straight,Off Path-Straight: Left Off Cway Hit Obj,Off carriageway on straight hit object,0,0,0,1,1,2,0,0,0,0,0,0
293354,Hospitalisation,2016,6,Fall from vehicle,Single Vehicle,152.976008,-27.520337,Appel St,Verney Rd W,Graceville,Indooroopilly,Intersection - T-Junction,No traffic control,0 - 50 km/h,Sealed - Dry,Daylight,Straight,Off Path-Straight:Out Of Control On Cway,Out of control on straight,0,1,0,0,1,1,0,0,0,1,0,0
293355,Medical treatment,2016,18,Angle,Multi-Vehicle,152.979784,-27.566068,Ipswich Mwy,Oxley Rd,Oxley,Mount Ommaney,Intersection - Roundabout,Give way sign,60 km/h,Sealed - Dry,Darkness - Lighted,Straight,Veh'S Adjacent Approach: Thru-Thru,Intersection from adjacent approaches,0,0,1,0,1,1,0,0,0,1,0,0
293356,Medical treatment,2016,8,Angle,Multi-Vehicle,153.063565,-27.57377,Elva St,Mains Rd,Sunnybank,Sunnybank,Intersection - T-Junction,No traffic control,60 km/h,Sealed - Dry,Daylight,Straight,Veh'S Opposite Approach: Thru-Right,Opposing vehicles turning,0,0,1,0,1,2,0,0,0,0,0,0
293357,Medical treatment,2016,16,Angle,Multi-Vehicle,153.0195764,-27.48579445,Audenshaw St,Gladstone Rd,Highgate Hill,South Brisbane,Intersection - T-Junction,No traffic control,60 km/h,Sealed - Dry,Daylight,Straight,Veh'S Opposite Approach: Thru-Right,Opposing vehicles turning,0,0,1,0,1,2,0,0,0,0,0,0
293388,Hospitalisation,2016,21,Angle,Multi-Vehicle,153.068206,-27.53152,Fielding St,Nursery Rd,Holland Park West,Greenslopes,Intersection - Cross,Give way sign,60 km/h,Sealed - Dry,Darkness - Lighted,Straight,Veh'S Adjacent Approach: Thru-Thru,Intersection from adjacent approaches,0,3,1,0,4,2,0,0,0,0,0,0
293389,Medical treatment,2016,20,Angle,Multi-Vehicle,153.077755,-27.536273,Logan Rd,Springwood St,Mount Gravatt,Greenslopes,Intersection - Cross,Give way sign,60 km/h,Sealed - Dry,Darkness - Lighted,Straight,Veh'S Adjacent Approach: Thru-Right,Intersection from adjacent approaches,0,0,1,0,1,2,0,0,0,0,0,0
293391,Medical treatment,2016,19,Rear-end,Multi-Vehicle,153.066642,-27.558158,Nathan Connection Arterial Rd,,Macgregor,Yeerongpilly,No Roadway Feature,No traffic control,60 km/h,Sealed - Dry,Darkness - Lighted,Straight,Veh'S Same Direction: Right Rear,Rear-end,0,0,2,0,2,4,0,0,0,0,0,0
293392,Hospitalisation,2016,11,Rear-end,Multi-Vehicle,153.019611,-27.491149,Gladstone Rd,,Highgate Hill,South Brisbane,No Roadway Feature,No traffic control,60 km/h,Sealed - Dry,Daylight,Straight,Veh'S Same Direction: Rear End,Rear-end,0,3,0,1,4,3,0,1,0,0,0,0
293393,Hospitalisation,2016,8,Angle,Multi-Vehicle,153.174963,-27.45680773,Strawberry Rd,,Manly West,Lytton,Intersection - Cross,Give way sign,0 - 50 km/h,Sealed - Dry,Daylight,Straight,Veh'S Adjacent Approach: Thru-Thru,Intersection from adjacent approaches,0,1,0,0,1,1,1,0,0,0,0,0
293418,Medical treatment,2016,7,Rear-end,Multi-Vehicle,153.0623942,-27.61143714,Compton Rd,,Stretton,Stretton,No Roadway Feature,No traffic control,70 km/h,Sealed - Dry,Daylight,Straight,Veh'S Same Direction: Rear End,Rear-end,0,0,1,1,2,3,0,0,0,0,0,0
293419,Hospitalisation,2016,13,Hit object,Single Vehicle,153.0205614,-27.58310036,Watson Rd,,Acacia Ridge,Sunnybank,No Roadway Feature,No traffic control,60 km/h,Sealed - Wet,Daylight,Straight,Off Path-Straight: Left Off Cway Hit Obj,Off carriageway on straight hit object,0,2,0,0,2,1,0,0,0,0,0,0
293420,Hospitalisation,2016,21,Angle,Multi-Vehicle,153.078805,-27.518952,Beddoes St,Cavendish Rd,Holland Park,Greenslopes,Intersection - T-Junction,Give way sign,60 km/h,Sealed - Dry,Darkness - Lighted,Straight,Veh'S Adjacant Approach: Thru-Left,Intersection from adjacent approaches,0,1,0,0,1,2,0,0,0,0,0,0
293421,Medical treatment,2016,8,Rear-end,Multi-Vehicle,153.053886,-27.519992,Birdwood Rd,Esher St,Holland Park West,Greenslopes,Intersection - T-Junction,No traffic control,60 km/h,Sealed - Dry,Daylight,Curved - view open,Veh'S Same Direction: Left Rear,Rear-end,0,0,1,0,1,2,0,0,0,0,0,0
293423,Medical treatment,2016,7,Angle,Multi-Vehicle,153.027025,-27.531316,Koala Rd,Weir St,Moorooka,Yeerongpilly,Intersection - Roundabout,Give way sign,0 - 50 km/h,Sealed - Dry,Daylight,Straight,Veh'S Adjacent Approach: Thru-Thru,Intersection from adjacent approaches,0,0,1,0,1,1,0,0,0,1,0,0
293424,Medical treatment,2016,10,Angle,Multi-Vehicle,153.039025,-27.54585,Toohey Rd,,Salisbury,Yeerongpilly,No Roadway Feature,No traffic control,60 km/h,Sealed - Dry,Daylight,Straight,Veh'S Same Direction: Lane Side Swipe,Lane changes,0,0,1,0,1,2,0,0,0,0,0,0
293427,Medical treatment,2016,9,Rear-end,Multi-Vehicle,153.040841,-27.491945,Logan Rd,,Woolloongabba,South Brisbane,No Roadway Feature,No traffic control,60 km/h,Sealed - Dry,Daylight,Straight,Veh'S Same Direction: Rear End,Rear-end,0,0,1,0,1,3,0,0,0,0,0,0
293460,Minor injury,2016,8,Rear-end,Multi-Vehicle,153.020862,-27.657586,Johnson Rd,,Parkinson,Algester,No Roadway Feature,No traffic control,70 km/h,Sealed - Dry,Daylight,Straight,Veh'S Same Direction: Rear End,Rear-end,0,0,0,1,1,2,0,0,0,0,0,0
293461,Medical treatment,2016,7,Angle,Multi-Vehicle,152.933076,-27.5290782,Mt Ommaney Dr,,Jindalee,Mount Ommaney,No Roadway Feature,No traffic control,60 km/h,Sealed - Dry,Daylight,Straight,Veh'S Opposite Approach: U-Turn,U-turn,0,0,1,0,1,1,0,0,0,1,0,0
293466,Hospitalisation,2016,6,Hit parked vehicle,Single Vehicle,153.099629,-27.54465,Broadwater Rd,,Mansfield,Mansfield,No Roadway Feature,No traffic control,60 km/h,Sealed - Dry,Daylight,Straight,Veh'S Opposite Approach: Other,Other,0,1,0,0,1,2,0,0,0,0,0,0
293467,Minor injury,2016,21,Rear-end,Multi-Vehicle,153.063866,-27.484152,Bennetts Rd,Milsom St,Norman Park,Greenslopes,Intersection - Roundabout,Give way sign,60 km/h,Sealed - Dry,Darkness - Lighted,Straight,Veh'S Same Direction: Rear End,Rear-end,0,0,0,1,1,2,0,0,0,0,0,0
293469,Medical treatment,2016,17,Rear-end,Multi-Vehicle,153.066088,-27.561365,Mains Rd,,Macgregor,Sunnybank,No Roadway Feature,No traffic control,60 km/h,Sealed - Dry,Daylight,Straight,Veh'S Same Direction: Rear End,Rear-end,0,0,1,0,1,3,0,0,0,0,0,0
293470,Hospitalisation,2016,16,Fall from vehicle,Single Vehicle,153.173022,-27.467656,Manly Rd,,Manly West,Lytton,No Roadway Feature,Operating traffic lights,60 km/h,Sealed - Wet,Daylight,Straight,Off Path-Straight:Out Of Control On Cway,Out of control on straight,0,1,0,0,1,0,1,0,0,0,0,0
293504,Medical treatment,2016,8,Angle,Multi-Vehicle,152.934471,-27.552983,Dandenong Rd,Loffs Rd,Mount Ommaney,Mount Ommaney,Intersection - T-Junction,Stop sign,60 km/h,Sealed - Dry,Daylight,Straight,Veh'S Adjacant Approach: Thru-Left,Intersection from adjacent approaches,0,0,1,0,1,2,0,0,0,0,0,0
293507,Minor injury,2016,9,Angle,Multi-Vehicle,153.179813,-27.486436,Rickertt Rd,,Ransome,Chatsworth,No Roadway Feature,No traffic control,80 - 90 km/h,Sealed - Dry,Daylight,Straight,Veh'S Manoeuvring: Entering From Footway,Vehicle leaving driveway,0,0,0,1,1,2,0,0,0,0,0,0
293530,Minor injury,2016,6,Hit parked vehicle,Single Vehicle,152.959221,-27.599188,Government Rd,,Richlands,Inala,No Roadway Feature,No traffic control,60 km/h,Sealed - Dry,Dawn/Dusk,Straight,Veh'S On Path: Parked,Hit parked vehicle,0,0,0,1,1,1,0,1,0,0,0,0
293531,Hospitalisation,2016,15,Angle,Multi-Vehicle,152.97254,-27.602059,Parakeet St,Partridge St,Inala,Inala,Intersection - Cross,Give way sign,60 km/h,Sealed - Dry,Daylight,Straight,Veh'S Adjacent Approach: Thru-Thru,Intersection from adjacent approaches,0,1,0,0,1,2,0,0,0,0,0,0
293532,Hospitalisation,2016,7,Hit pedestrian,Hit pedestrian,153.003829,-27.478195,Invalid Street From Police,,West End,South Brisbane,Bikeway,No traffic control,0 - 50 km/h,Sealed - Dry,Daylight,Straight,Ped'N: Near Side Vehicle Hit From Right,Pedestrian,0,1,1,0,2,0,0,0,0,1,1,0
293533,Hospitalisation,2016,0,Angle,Multi-Vehicle,153.032874,-27.484097,Leopard St,,Kangaroo Point,South Brisbane,Intersection - Cross,Operating traffic lights,60 km/h,Sealed - Dry,Darkness - Lighted,Straight,Veh'S Adjacent Approach: Thru-Thru,Intersection from adjacent approaches,0,1,1,3,5,2,0,0,0,0,0,0
293534,Medical treatment,2016,20,Angle,Multi-Vehicle,153.032874,-27.484097,Leopard St,Vulture St,Kangaroo Point,South Brisbane,Intersection - Cross,Operating traffic lights,60 km/h,Sealed - Dry,Darkness - Lighted,Straight,Veh'S Adjacent Approach: Thru-Thru,Intersection from adjacent approaches,0,0,1,0,1,3,0,0,0,0,0,0
293561,Medical treatment,2016,11,Angle,Multi-Vehicle,152.970982,-27.627229,Forest Lake Blvd,Grand Ave,Forest Lake,Algester,Intersection - Cross,Operating traffic lights,60 km/h,Sealed - Dry,Daylight,Curved - view open,Veh'S Opposite Approach: Thru-Right,Opposing vehicles turning,0,0,3,0,3,2,0,0,0,0,0,0
293562,Hospitalisation,2016,14,Angle,Multi-Vehicle,153.176919,-27.447112,Bay Tce,Cedar St,Wynnum,Lytton,Intersection - Cross,Give way sign,0 - 50 km/h,Sealed - Dry,Daylight,Straight,Veh'S Adjacent Approach: Thru-Thru,Intersection from adjacent approaches,0,1,0,0,1,2,0,0,0,0,0,0
293569,Medical treatment,2016,22,Hit object,Single Vehicle,153.185652,-27.518927,Cleveland Sub-Arterial Rd,Mt Gravatt - Capalaba Rd,Chandler,Chatsworth,Intersection - T-Junction,No traffic control,60 km/h,Sealed - Wet,Darkness - Lighted,Curved - view open,Off Path-Curve: Off Cway Lt Bend Hit Obj,Off carriageway on curve hit object,0,0,1,0,1,1,0,0,0,0,0,0
293591,Medical treatment,2016,20,Angle,Multi-Vehicle,153.0573164,-27.58587746,Beenleigh Rd,Woff St,Sunnybank,Sunnybank,Intersection - Cross,Operating traffic lights,60 km/h,Sealed - Dry,Darkness - Lighted,Straight,Veh'S Opposite Approach: Thru-Right,Opposing vehicles turning,0,0,1,1,2,2,0,0,0,0,0,0
293592,Minor injury,2016,17,Rear-end,Multi-Vehicle,153.082982,-27.600164,Beenleigh Rd,Warrigal Rd,Runcorn,Stretton,Intersection - T-Junction,Operating traffic lights,70 km/h,Sealed - Dry,Dawn/Dusk,Straight,Veh'S Same Direction: Rear End,Rear-end,0,0,0,1,1,2,0,0,0,0,0,0
293595,Medical treatment,2016,4,Hit object,Single Vehicle,153.0661431,-27.52338893,Logan Rd,,Holland Park West,Greenslopes,No Roadway Feature,No traffic control,70 km/h,Sealed - Dry,Darkness - Lighted,Straight,Off Path-Straight: Left Off Cway Hit Obj,Off carriageway on straight hit object,0,0,2,0,2,1,0,0,0,0,0,0
293597,Medical treatment,2016,21,Rear-end,Multi-Vehicle,153.090177,-27.571143,Logan Sub-Arterial Rd,,Eight Mile Plains,Sunnybank,No Roadway Feature,No traffic control,70 km/h,Sealed - Dry,Darkness - Lighted,Straight,Veh'S Same Direction: Rear End,Rear-end,0,0,1,0,1,3,0,0,0,0,0,0
293622,Medical treatment,2016,17,Rear-end,Multi-Vehicle,153.042721,-27.603415,Jackson Rd,Mt Lindesay Art. Rd,Sunnybank Hills,Stretton,Intersection - T-Junction,No traffic control,80 - 90 km/h,Sealed - Wet,Dawn/Dusk,Straight,Veh'S Same Direction: Rear End,Rear-end,0,0,1,0,1,3,0,0,0,0,0,0
293625,Medical treatment,2016,7,Hit pedestrian,Hit pedestrian,153.048112,-27.505551,Juliette St,,Greenslopes,South Brisbane,No Roadway Feature,No traffic control,60 km/h,Sealed - Dry,Daylight,Straight,Ped'N: Near Side Vehicle Hit From Right,Pedestrian,0,0,1,0,1,1,0,0,0,0,1,0
293626,Medical treatment,2016,16,Angle,Multi-Vehicle,153.063912,-27.517678,Arabilia St,Arnold St,Holland Park,Greenslopes,Intersection - Cross,Stop sign,60 km/h,Sealed - Wet,Dawn/Dusk,Straight,Veh'S Adjacent Approach: Thru-Thru,Intersection from adjacent approaches,0,0,1,0,1,2,0,0,0,0,0,0
293627,Medical treatment,2016,21,Angle,Multi-Vehicle,152.9595017,-27.59194982,Archerfield Rd,Azalea St,Inala,Inala,Intersection - Cross,Stop sign,60 km/h,Sealed - Dry,Darkness - Lighted,Straight,Veh'S Adjacent Approach: Thru-Right,Intersection from adjacent approaches,0,0,2,0,2,2,0,0,0,0,0,0
293628,Medical treatment,2016,17,Rear-end,Multi-Vehicle,153.044629,-27.533447,Toohey Rd,,Tarragindi,Yeerongpilly,No Roadway Feature,No traffic control,60 km/h,Sealed - Dry,Daylight,Straight,Veh'S Same Direction: Rear End,Rear-end,0,0,1,0,1,3,0,0,0,0,0,0
293629,Hospitalisation,2016,16,Overturned,Single Vehicle,153.10724,-27.457012,Port Of Brisbane Mwy,,Murarrie,Bulimba,Merge Lane,No traffic control,60 km/h,Sealed - Wet,Dawn/Dusk,Curved - view open,Off Path-Curve: Out Of Control On Cway,Out of control on curve,0,1,0,0,1,0,0,1,0,0,0,0
293630,Medical treatment,2016,16,Rear-end,Multi-Vehicle,153.098604,-27.583553,Logan Sub-Arterial Rd,,Eight Mile Plains,Stretton,No Roadway Feature,No traffic control,60 km/h,Sealed - Dry,Daylight,Straight,Veh'S Same Direction: Left Rear,Rear-end,0,0,1,0,1,2,0,0,0,0,0,0
293631,Minor injury,2016,14,Sideswipe,Multi-Vehicle,153.012055,-27.480976,Boundary St,Vulture St,West End,South Brisbane,Intersection - Cross,Operating traffic lights,0 - 50 km/h,Sealed - Dry,Daylight,Straight,Veh'S Manoeuvring: Leaving Parking,Vehicle leaving driveway,0,0,0,1,1,0,1,1,0,0,0,0
293661,Medical treatment,2016,23,Angle,Multi-Vehicle,153.060891,-27.587802,Beenleigh Rd,Mains Rd,Sunnybank,Sunnybank,Intersection - Cross,Operating traffic lights,60 km/h,Sealed - Dry,Darkness - Lighted,Straight,Veh'S Adjacent Approach: Thru-Thru,Intersection from adjacent approaches,0,0,1,0,1,2,0,0,0,0,0,0
293662,Hospitalisation,2016,19,Rear-end,Multi-Vehicle,153.0985188,-27.51169392,Creek Rd,,Carindale,Chatsworth,No Roadway Feature,No traffic control,70 km/h,Sealed - Dry,Darkness - Lighted,Straight,Veh'S Same Direction: Rear End,Rear-end,0,2,0,0,2,2,0,0,0,0,0,0
293666,Minor injury,2016,20,Sideswipe,Multi-Vehicle,153.059991,-27.495731,Cavendish Rd,,Coorparoo,Greenslopes,No Roadway Feature,No traffic control,60 km/h,Sealed - Dry,Daylight,Straight,Veh'S Same Direction: Lane Change Left,Lane changes,0,0,0,1,1,1,0,0,0,1,0,0
293668,Medical treatment,2016,5,Angle,Multi-Vehicle,153.023064,-27.480901,Grey St,Tribune St,South Brisbane,South Brisbane,Intersection - Cross,Operating traffic lights,0 - 50 km/h,Sealed - Wet,Dawn/Dusk,Straight,Veh'S Opposite Approach: Thru-Right,Opposing vehicles turning,0,0,1,0,1,1,1,0,0,0,0,0
293678,Medical treatment,2016,15,Rear-end,Multi-Vehicle,153.1255006,-27.50292415,Cleveland Sub-Arterial Rd,Gateway Art Rd Ramp Vf,Belmont,Chatsworth,Intersection - T-Junction,Give way sign,60 km/h,Sealed - Dry,Daylight,Straight,Veh'S Same Direction: Left Rear,Rear-end,0,0,1,0,1,2,0,0,0,0,0,0
293707,Medical treatment,2016,7,Rear-end,Multi-Vehicle,153.046419,-27.630165,Mt Lindesay Art. Rd,Nottingham Rd,Calamvale,Stretton,Intersection - T-Junction,No traffic control,60 km/h,Sealed - Dry,Daylight,Straight,Veh'S Same Direction: Left Rear,Rear-end,0,0,1,0,1,2,0,0,0,0,0,0
293708,Medical treatment,2016,8,Rear-end,Multi-Vehicle,153.075898,-27.49997,Boundary Rd,,Camp Hill,Greenslopes,No Roadway Feature,No traffic control,60 km/h,Sealed - Wet,Daylight,Straight,Veh'S Same Direction: Rear End,Rear-end,0,0,1,0,1,2,0,0,0,0,0,0
293710,Hospitalisation,2016,15,Hit pedestrian,Hit pedestrian,153.105395,-27.541506,Ham Rd,,Mansfield,Mansfield,No Roadway Feature,No traffic control,0 - 50 km/h,Sealed - Dry,Daylight,Straight,Ped'N: Far Side Vehicle Hit From Left,Pedestrian,0,1,0,0,1,1,0,0,0,0,1,0
293711,Medical treatment,2016,22,Angle,Multi-Vehicle,152.987232,-27.596559,Blunder Rd,Inala Ave,Durack,Sunnybank,Intersection - Cross,Operating traffic lights,60 km/h,Sealed - Dry,Darkness - Lighted,Straight,Veh'S Opposite Approach: Thru-Right,Opposing vehicles turning,0,0,1,0,1,2,0,0,0,0,0,0
293713,Hospitalisation,2016,16,Sideswipe,Multi-Vehicle,153.1093081,-27.45979491,Gateway Arterial Rd,,Murarrie,Bulimba,No Roadway Feature,No traffic control,100 - 110 km/h,Sealed - Dry,Daylight,Straight,Veh'S Same Direction: Lane Side Swipe,Lane changes,0,1,0,0,1,1,0,1,0,0,0,0
293714,Medical treatment,2016,15,Angle,Multi-Vehicle,153.026005,-27.496371,Denbigh St,Gladstone Rd,Dutton Park,South Brisbane,Intersection - T-Junction,No traffic control,60 km/h,Sealed - Wet,Dawn/Dusk,Curved - view open,Veh'S Opposite Approach: Head On,Head-on,0,0,1,0,1,2,0,0,0,0,0,0
293715,Medical treatment,2016,7,Angle,Multi-Vehicle,153.027842,-27.496137,Annerley Rd,,Dutton Park,South Brisbane,Intersection - T-Junction,No traffic control,60 km/h,Sealed - Wet,Daylight,Curved - view open,Veh'S Manoeuvring: Entering From Footway,Vehicle leaving driveway,0,0,1,0,1,1,0,0,0,1,0,0
293716,Medical treatment,2016,16,Rear-end,Multi-Vehicle,153.044045,-27.479304,Latrobe St,Lytton Rd,East Brisbane,South Brisbane,Intersection - T-Junction,Operating traffic lights,60 km/h,Sealed - Wet,Daylight,Straight,Veh'S Same Direction: Right Rear,Rear-end,0,0,1,0,1,2,0,0,0,0,0,0
293717,Hospitalisation,2016,9,Angle,Multi-Vehicle,153.035845,-27.482847,Main St,Princess St,Kangaroo Point,South Brisbane,Intersection - Cross,Operating traffic lights,60 km/h,Sealed - Wet,Daylight,Straight,Veh'S Opposite Approach: Thru-Right,Opposing vehicles turning,0,1,0,0,1,1,1,0,0,0,0,0
293718,Hospitalisation,2016,22,Angle,Multi-Vehicle,153.156503,-27.451706,New Lindum Rd,Wynnum Rd,Wynnum West,Lytton,Intersection - T-Junction,Operating traffic lights,60 km/h,Sealed - Wet,Darkness - Lighted,Straight,Veh'S Opposite Approach: Thru-Right,Opposing vehicles turning,0,1,0,0,1,3,0,0,0,0,0,0
293745,Medical treatment,2016,18,Rear-end,Multi-Vehicle,153.04146,-27.647776,Logan Mwy Ramp Dd,Mt Lindesay Art. Rd,Drewvale,Stretton,No Roadway Feature,No traffic control,100 - 110 km/h,Sealed - Wet,Dawn/Dusk,Straight,Veh'S Same Direction: Rear End,Rear-end,0,0,1,1,2,2,0,0,0,0,0,0
293746,Hospitalisation,2016,17,Angle,Multi-Vehicle,152.940088,-27.55983,Centenary Hwy,Western Arterial Rd,Darra,Mount Ommaney,Intersection - Interchange,No traffic control,60 km/h,Sealed - Wet,Dawn/Dusk,Curved - view open,Veh'S Same Direction: Other,Other,0,1,0,0,1,1,0,1,0,0,0,0
293774,Medical treatment,2016,15,Rear-end,Multi-Vehicle,153.070625,-27.5285574,Logan Rd,,Holland Park West,Greenslopes,Intersection - T-Junction,No traffic control,60 km/h,Sealed - Dry,Daylight,Straight,Veh'S Same Direction: Right Rear,Rear-end,0,0,1,0,1,2,0,0,0,0,0,0
293775,Hospitalisation,2016,0,Hit object,Single Vehicle,153.1172725,-27.54381237,Gateway Arterial Rd,,Mackenzie,Mansfield,No Roadway Feature,No traffic control,100 - 110 km/h,Sealed - Dry,Darkness - Lighted,Curved - view open,Off Path-Curve: Off Cway Lt Bend Hit Obj,Off carriageway on curve hit object,0,1,0,0,1,1,0,0,0,0,0,0
293776,Medical treatment,2016,15,Rear-end,Multi-Vehicle,153.032847,-27.482422,Leopard St,,Kangaroo Point,South Brisbane,No Roadway Feature,No traffic control,60 km/h,Sealed - Wet,Daylight,Straight,Veh'S Same Direction: Rear End,Rear-end,0,0,1,0,1,3,0,0,0,0,0,0
293777,Medical treatment,2016,7,Hit parked vehicle,Single Vehicle,153.125951,-27.489592,Twynam St,,Belmont,Chatsworth,No Roadway Feature,No traffic control,0 - 50 km/h,Sealed - Wet,Daylight,Straight,Veh'S On Path: Parked,Hit parked vehicle,0,0,1,0,1,3,0,0,0,0,0,0
293821,Medical treatment,2016,1,Hit object,Single Vehicle,152.988686,-27.626003,Blunder Rd,,Heathwood,Algester,No Roadway Feature,No traffic control,70 km/h,Sealed - Wet,Darkness - Lighted,Curved - view open,Off Path-Straight: Mounts Traffic Island,Off carriageway on straight hit object,0,0,1,0,1,1,0,0,0,0,0,0