Crash_Ref_Number,Severity,Year,Hour,Crash_Nature,Crash_Type,Longitude,Latitude,Street,Street_Intersecting,Suburb,Loc_State_Electorate,Crash_Roadway_Feature,Crash_Traffic_Control,Crash_Speed_Limit,Crash_Road_Surface_Condition,Crash_Lighting_Condition,Crash_Road_Horiz_Align,Crash_DCA_Description,Crash_DCA_Group_Description,Count_Casualty_Fatality,Count_Casualty_Hospitalised,Count_Casualty_MedicallyTreated,Count_Casualty_MinorInjury,Count_Casualty_Total,Count_Unit_Car,Count_Unit_Motorcycle_Moped,Count_Unit_Truck,Count_Unit_Bus,Count_Unit_Bicycle,Count_Unit_Pedestrian,Count_Unit_Other
293823,Medical treatment,2016,18,Angle,Multi-Vehicle,153.016825,-27.557891,Beatty Rd,Griffith Arterial Rd,Rocklea,Yeerongpilly,Intersection - Cross,Operating traffic lights,60 km/h,Sealed - Dry,Darkness - Lighted,Straight,Veh'S Opposite Approach: Thru-Right,Opposing vehicles turning,0,0,1,1,2,2,0,0,0,0,0,0
293824,Medical treatment,2016,13,Rear-end,Multi-Vehicle,153.06363,-27.571979,Mccullough St,,Sunnybank,Sunnybank,Intersection - Interchange,No traffic control,60 km/h,Sealed - Dry,Daylight,Straight,Veh'S Same Direction: Left Turn S/Swipe,Parallel lanes turning,0,0,1,0,1,1,1,0,0,0,0,0
293825,Medical treatment,2016,15,Hit object,Single Vehicle,153.134668,-27.48231,Abbeyfeale St,,Tingalpa,Chatsworth,No Roadway Feature,No traffic control,0 - 50 km/h,Sealed - Dry,Daylight,Straight,Veh'S Manoeuvring: Rev Into Fixed Object,Other,0,0,1,0,1,1,0,0,0,0,0,0
293826,Medical treatment,2016,15,Hit pedestrian,Hit pedestrian,153.171607,-27.446067,Tingal Rd,,Wynnum,Lytton,No Roadway Feature,No traffic control,60 km/h,Sealed - Dry,Daylight,Straight,Ped'N: Near Side Vehicle Hit From Right,Pedestrian,0,0,1,0,1,1,0,0,0,0,1,0
293827,Hospitalisation,2016,17,Sideswipe,Multi-Vehicle,153.166767,-27.454963,Wondall Rd,,Wynnum West,Lytton,No Roadway Feature,No traffic control,60 km/h,Sealed - Dry,Dawn/Dusk,Straight,Veh'S Same Direction: Right Turn S/Swipe,Parallel lanes turning,0,1,0,0,1,1,1,0,0,0,0,0
293858,Hospitalisation,2016,20,Angle,Multi-Vehicle,153.107109,-27.455354,Gateway Arterial Rd,Port Of Brisbane Rd,Murarrie,Bulimba,Intersection - Interchange,Operating traffic lights,80 - 90 km/h,Sealed - Dry,Darkness - Lighted,Straight,Veh'S Adjacant Approach: Thru-Left,Intersection from adjacent approaches,0,1,0,0,1,1,1,0,0,0,0,0
293859,Medical treatment,2016,15,Rear-end,Multi-Vehicle,153.165333,-27.476256,Greencamp Rd,Manly Rd,Wakerley,Chatsworth,Intersection - T-Junction,Operating traffic lights,60 km/h,Sealed - Dry,Daylight,Straight,Veh'S Same Direction: Right Rear,Rear-end,0,0,1,0,1,3,0,0,0,0,0,0
293860,Medical treatment,2016,16,Rear-end,Multi-Vehicle,153.162008,-27.460807,Wondall Rd,,Manly West,Lytton,No Roadway Feature,No traffic control,60 km/h,Sealed - Dry,Darkness - Lighted,Straight,Veh'S Same Direction: Right Rear,Rear-end,0,0,1,0,1,3,0,0,0,0,0,0
293866,Medical treatment,2016,8,Sideswipe,Multi-Vehicle,152.923671,-27.607405,Logan Mwy,,Ellen Grove,Inala,No Roadway Feature,No traffic control,80 - 90 km/h,Sealed - Dry,Daylight,Straight,Veh'S Same Direction: Lane Change Left,Lane changes,0,0,1,0,1,1,0,1,0,0,0,0
293891,Hospitalisation,2016,21,Fall from vehicle,Single Vehicle,153.0976776,-27.60033044,Besline St,,Kuraby,Stretton,No Roadway Feature,No traffic control,0 - 50 km/h,Sealed - Dry,Darkness - Lighted,Straight,Pass & Misc: Fell In/From Vehicle,Other,0,1,0,0,1,0,1,0,0,0,0,0
293892,Medical treatment,2016,16,Rear-end,Multi-Vehicle,153.09014,-27.571032,Logan Sub-Arterial Rd,,Eight Mile Plains,Sunnybank,No Roadway Feature,No traffic control,70 km/h,Sealed - Dry,Daylight,Curved - view open,Veh'S Same Direction: Rear End,Rear-end,0,0,1,0,1,3,0,0,0,0,0,0
293893,Medical treatment,2016,17,Angle,Multi-Vehicle,153.167052,-27.475158,Manly Rd,Whites Rd,Manly West,Lytton,Intersection - T-Junction,No traffic control,60 km/h,Sealed - Dry,Dawn/Dusk,Straight,Veh'S Adjacant Approach: Thru-Left,Intersection from adjacent approaches,0,0,1,0,1,2,0,0,0,0,0,0
293926,Medical treatment,2016,18,Rear-end,Multi-Vehicle,152.9423207,-27.54727021,Dandenong Rd,Western Arterial Rd,Sinnamon Park,Mount Ommaney,Intersection - Roundabout,Give way sign,60 km/h,Sealed - Dry,Darkness - Lighted,Straight,Veh'S Same Direction: Right Rear,Rear-end,0,0,1,0,1,2,0,0,0,0,0,0
293927,Medical treatment,2016,17,Rear-end,Multi-Vehicle,152.9461531,-27.5791761,Cunningham Arterial Rd,,Darra,Inala,Intersection - Interchange,No traffic control,100 - 110 km/h,Sealed - Dry,Darkness - Lighted,Straight,Veh'S Same Direction: Rear End,Rear-end,0,0,1,1,2,2,0,0,0,0,0,0
293933,Minor injury,2016,16,Rear-end,Multi-Vehicle,153.1276953,-27.49288202,Meadowlands Rd,,Belmont,Chatsworth,No Roadway Feature,No traffic control,60 km/h,Sealed - Dry,Daylight,Straight,Veh'S Same Direction: Right Rear,Rear-end,0,0,0,4,4,2,0,0,0,0,0,0
293934,Medical treatment,2016,14,Rear-end,Multi-Vehicle,153.140377,-27.475873,Manly Rd,,Tingalpa,Lytton,No Roadway Feature,No traffic control,70 km/h,Sealed - Dry,Daylight,Straight,Veh'S Same Direction: Rear End,Rear-end,0,0,1,0,1,2,0,0,0,0,0,0
293970,Hospitalisation,2016,16,Rear-end,Multi-Vehicle,153.017498,-27.558087,Griffith Arterial Rd,,Archerfield,Sunnybank,No Roadway Feature,No traffic control,60 km/h,Sealed - Dry,Daylight,Straight,Veh'S Same Direction: Rear End,Rear-end,0,2,0,0,2,3,0,0,0,0,0,0
294000,Medical treatment,2016,5,Hit parked vehicle,Single Vehicle,153.0354732,-27.51955244,Ekibin Rd E,,Tarragindi,Yeerongpilly,No Roadway Feature,No traffic control,60 km/h,Sealed - Dry,Dawn/Dusk,Straight,Off Path-Straight:Right Off Cway Hit Obj,Off carriageway on straight hit object,0,0,2,0,2,2,0,0,0,0,0,0
294002,Medical treatment,2016,8,Hit pedestrian,Hit pedestrian,153.05755,-27.495511,Mansfield St,Old Cleveland Rd,Coorparoo,South Brisbane,Intersection - T-Junction,Give way sign,0 - 50 km/h,Sealed - Dry,Daylight,Straight,Ped'N: Near Side Vehicle Hit From Right,Pedestrian,0,0,1,0,1,1,0,0,0,0,1,0
294003,Medical treatment,2016,12,Angle,Multi-Vehicle,152.985918,-27.598504,Rosella St,Wedgetail St,Inala,Inala,Intersection - T-Junction,Give way sign,0 - 50 km/h,Sealed - Dry,Daylight,Straight,Veh'S Adjacent Approach: Right-Right,Intersection from adjacent approaches,0,0,1,0,1,2,0,0,0,0,0,0
294027,Medical treatment,2016,8,Rear-end,Multi-Vehicle,153.039013,-27.504852,South East Arterial Rd,,Greenslopes,South Brisbane,No Roadway Feature,No traffic control,80 - 90 km/h,Sealed - Dry,Daylight,Straight,Veh'S Same Direction: Rear End,Rear-end,0,0,2,0,2,2,0,0,0,0,0,0
294029,Hospitalisation,2016,10,Angle,Multi-Vehicle,153.039686,-27.542628,Flanders St,Toohey Rd,Salisbury,Yeerongpilly,Intersection - T-Junction,No traffic control,60 km/h,Sealed - Dry,Daylight,Straight,Veh'S Adjacent Approach: Thru-Right,Intersection from adjacent approaches,0,1,0,0,1,2,0,0,0,0,0,0
294031,Hospitalisation,2016,13,Hit pedestrian,Hit pedestrian,153.063102,-27.577445,Mains Rd,Pristina St,Sunnybank,Sunnybank,Intersection - T-Junction,No traffic control,60 km/h,Sealed - Dry,Daylight,Straight,Ped'N: Near Side Vehicle Hit From Right,Pedestrian,0,1,0,0,1,1,0,0,0,0,1,0
294032,Medical treatment,2016,14,Rear-end,Multi-Vehicle,153.105216,-27.584456,South East Arterial Rd,,Rochedale,Mansfield,No Roadway Feature,No traffic control,100 - 110 km/h,Sealed - Dry,Daylight,Straight,Veh'S Same Direction: Rear End,Rear-end,0,0,1,0,1,5,0,0,0,0,0,0
294055,Hospitalisation,2016,1,Angle,Multi-Vehicle,152.974004,-27.578222,Freeman Rd,Rudd St,Inala,Inala,Intersection - Roundabout,Give way sign,60 km/h,Sealed - Dry,Darkness - Lighted,Straight,Veh'S Adjacent Approach: Thru-Thru,Intersection from adjacent approaches,0,1,0,0,1,2,0,0,0,0,0,0
294056,Medical treatment,2016,12,Rear-end,Multi-Vehicle,153.0170968,-27.55803611,Griffith Arterial Rd,,Archerfield,Sunnybank,No Roadway Feature,No traffic control,60 km/h,Sealed - Dry,Daylight,Straight,Veh'S Same Direction: Rear End,Rear-end,0,0,1,1,2,1,0,1,0,0,0,0
294060,Minor injury,2016,17,Angle,Multi-Vehicle,153.062163,-27.512834,Abbotsleigh St,Percival Tce,Holland Park,Greenslopes,Intersection - Cross,Stop sign,0 - 50 km/h,Sealed - Dry,Darkness - Lighted,Curved - view obscured,Veh'S Adjacent Approach: Thru-Thru,Intersection from adjacent approaches,0,0,0,1,1,2,0,0,0,0,0,0
294061,Hospitalisation,2016,15,Hit pedestrian,Hit pedestrian,152.963195,-27.5980147,Mira St,,Inala,Inala,No Roadway Feature,No traffic control,0 - 50 km/h,Sealed - Dry,Daylight,Straight,Ped'N: Far Side Vehicle Hit From Left,Pedestrian,0,1,0,0,1,1,0,0,0,0,1,0
294062,Medical treatment,2016,14,Rear-end,Multi-Vehicle,153.01494,-27.534688,Ipswich Rd,Unwin St,Moorooka,Yeerongpilly,Intersection - T-Junction,No traffic control,80 - 90 km/h,Sealed - Dry,Daylight,Straight,Veh'S Same Direction: Rear End,Rear-end,0,0,1,0,1,2,0,0,0,0,0,0
294064,Medical treatment,2016,17,Rear-end,Multi-Vehicle,153.091494,-27.548369,Newnham Rd,,Upper Mount Gravatt,Mansfield,No Roadway Feature,No traffic control,60 km/h,Sealed - Dry,Daylight,Straight,Veh'S Same Direction: Rear End,Rear-end,0,0,1,0,1,2,0,0,0,0,0,0
294083,Hospitalisation,2016,11,Hit pedestrian,Hit pedestrian,152.946617,-27.551663,Mcpherson Rd,,Sinnamon Park,Mount Ommaney,No Roadway Feature,No traffic control,0 - 50 km/h,Sealed - Dry,Daylight,Curved - view obscured,Pass & Misc: Parked Car Ran Away,Other,0,1,0,0,1,1,0,0,0,0,1,0
294084,Hospitalisation,2016,6,Angle,Multi-Vehicle,152.980231,-27.566506,Blunder Rd,Ipswich Rd,Oxley,Inala,Intersection - Roundabout,Give way sign,60 km/h,Sealed - Dry,Daylight,Curved - view open,Veh'S Adjacent Approach: Right-Thru,Intersection from adjacent approaches,0,1,0,0,1,1,1,0,0,0,0,0
294085,Medical treatment,2016,13,Rear-end,Multi-Vehicle,153.071869,-27.529232,Logan Rd,Nursery Rd,Holland Park West,Greenslopes,Intersection - Cross,Operating traffic lights,0 - 50 km/h,Sealed - Dry,Daylight,Straight,Veh'S Same Direction: Rear End,Rear-end,0,0,1,0,1,2,0,0,0,0,0,0
294086,Hospitalisation,2016,22,Hit parked vehicle,Single Vehicle,152.946563,-27.597708,Progress Rd,,Richlands,Inala,No Roadway Feature,No traffic control,60 km/h,Sealed - Dry,Darkness - Lighted,Straight,Veh'S Same Direction: Other,Other,0,1,0,0,1,2,0,0,0,0,0,0
294095,Hospitalisation,2016,10,Angle,Multi-Vehicle,153.180864,-27.486604,Chelsea Rd,Rickertt Rd,Ransome,Chatsworth,Intersection - Cross,Stop sign,80 - 90 km/h,Sealed - Dry,Daylight,Straight,Veh'S Adjacent Approach: Thru-Thru,Intersection from adjacent approaches,0,2,0,0,2,2,0,0,0,0,0,0
294118,Hospitalisation,2016,8,Angle,Multi-Vehicle,152.959434,-27.570923,Harcourt Rd,,Darra,Inala,Intersection - T-Junction,Give way sign,60 km/h,Sealed - Dry,Daylight,Straight,Veh'S Adjacent Approach: Thru-Right,Intersection from adjacent approaches,0,1,0,1,2,2,0,0,0,0,0,0
294119,Hospitalisation,2016,15,Sideswipe,Multi-Vehicle,152.917014,-27.548975,Horizon Dr,,Westlake,Mount Ommaney,No Roadway Feature,No traffic control,60 km/h,Sealed - Dry,Daylight,Straight,Veh'S Opposite Approach: Head On,Head-on,0,1,1,0,2,2,0,0,0,0,0,0
294121,Hospitalisation,2016,12,Angle,Multi-Vehicle,153.106292,-27.577651,Gateway Art Rd Ramp Ma,Miles Platting Rd,Rochedale,Mansfield,Intersection - Interchange,Operating traffic lights,60 km/h,Sealed - Dry,Daylight,Straight,Veh'S Opposite Approach: Thru-Right,Opposing vehicles turning,0,1,1,1,3,2,0,0,0,0,0,0
294152,Medical treatment,2016,12,Hit object,Single Vehicle,152.9823735,-27.57627793,Blunder Rd,,Oxley,Inala,No Roadway Feature,No traffic control,60 km/h,Sealed - Dry,Daylight,Straight,Veh'S Opposite Approach: Head On,Head-on,0,0,1,1,2,2,0,0,0,0,0,0
294153,Medical treatment,2016,8,Angle,Multi-Vehicle,152.958877,-27.569372,Harcourt Rd,Winslow St,Darra,Mount Ommaney,Intersection - T-Junction,Stop sign,60 km/h,Sealed - Dry,Daylight,Straight,Veh'S Adjacant Approach: Thru-Left,Intersection from adjacent approaches,0,0,3,0,3,2,0,0,0,0,0,0
294155,Medical treatment,2016,9,Rear-end,Multi-Vehicle,153.090222,-27.503778,Winstanley St,,Carina Heights,Chatsworth,No Roadway Feature,Road/Rail worker,0 - 50 km/h,Sealed - Dry,Daylight,Straight,Veh'S Same Direction: Rear End,Rear-end,0,0,2,0,2,2,0,0,0,0,0,0
294158,Medical treatment,2016,21,Rear-end,Multi-Vehicle,153.047882,-27.516537,South East Arterial Rd,,Greenslopes,Greenslopes,No Roadway Feature,No traffic control,100 - 110 km/h,Sealed - Dry,Darkness - Lighted,Straight,Veh'S Same Direction: Rear End,Rear-end,0,0,1,0,1,2,0,0,0,0,0,0
294159,Medical treatment,2016,15,Rear-end,Multi-Vehicle,153.02361,-27.5656,Meadow Ave,Mt Lindesay Art. Rd,Coopers Plains,Sunnybank,Intersection - T-Junction,No traffic control,60 km/h,Sealed - Dry,Daylight,Straight,Veh'S Same Direction: Rear End,Rear-end,0,0,1,0,1,2,0,0,0,0,0,0
294162,Medical treatment,2016,9,Rear-end,Multi-Vehicle,153.01108,-27.543177,Fairfield Rd,,Rocklea,Yeerongpilly,No Roadway Feature,No traffic control,60 km/h,Sealed - Dry,Daylight,Straight,Veh'S Same Direction: Rear End,Rear-end,0,0,1,0,1,2,0,1,0,0,0,0
294163,Medical treatment,2016,11,Rear-end,Multi-Vehicle,153.0914083,-27.54892005,Newnham Rd,,Upper Mount Gravatt,Mansfield,No Roadway Feature,No traffic control,60 km/h,Sealed - Dry,Daylight,Straight,Veh'S Same Direction: Rear End,Rear-end,0,0,1,0,1,4,0,0,0,0,0,0
294164,Hospitalisation,2016,15,Rear-end,Multi-Vehicle,153.108187,-27.567786,Gateway Arterial Rd,,Rochedale,Mansfield,No Roadway Feature,No traffic control,100 - 110 km/h,Sealed - Dry,Daylight,Straight,Veh'S Same Direction: Rear End,Rear-end,0,1,0,0,1,1,0,1,0,0,0,0
294165,Medical treatment,2016,20,Angle,Multi-Vehicle,153.039698,-27.487634,Wellington Rd,,East Brisbane,South Brisbane,No Roadway Feature,No traffic control,60 km/h,Sealed - Dry,Darkness - Lighted,Straight,Veh'S Same Direction: Right Turn S/Swipe,Parallel lanes turning,0,0,1,0,1,1,0,0,0,0,0,1
294200,Medical treatment,2016,14,Sideswipe,Multi-Vehicle,152.935142,-27.581533,Cunningham Arterial Rd,,Wacol,Inala,No Roadway Feature,No traffic control,100 - 110 km/h,Sealed - Dry,Daylight,Straight,Veh'S Same Direction: Lane Side Swipe,Lane changes,0,0,1,0,1,3,0,0,0,0,0,0
294201,Hospitalisation,2016,8,Angle,Multi-Vehicle,153.016805,-27.557991,Beatty Rd,Griffith Arterial Rd,Archerfield,Sunnybank,Intersection - Cross,Operating traffic lights,60 km/h,Sealed - Dry,Daylight,Straight,Veh'S Opposite Approach: Thru-Right,Opposing vehicles turning,0,1,0,0,1,3,0,0,0,0,0,0
294202,Hospitalisation,2016,8,Fall from vehicle,Single Vehicle,153.060123,-27.518171,Logan Rd,,Holland Park West,Greenslopes,No Roadway Feature,No traffic control,60 km/h,Sealed - Dry,Daylight,Straight,Pass & Misc: Fell In/From Vehicle,Other,0,1,0,0,1,0,0,0,1,0,0,0
294203,Hospitalisation,2016,9,Angle,Multi-Vehicle,153.095693,-27.52663,Creek Rd,,Mansfield,Mansfield,Intersection - Cross,Stop sign,70 km/h,Sealed - Dry,Daylight,Straight,Veh'S Adjacent Approach: Thru-Right,Intersection from adjacent approaches,0,1,1,0,2,1,1,0,0,0,0,0
294205,Medical treatment,2016,22,Sideswipe,Multi-Vehicle,153.0429373,-27.47925673,Lytton Rd,,East Brisbane,South Brisbane,No Roadway Feature,No traffic control,60 km/h,Sealed - Dry,Darkness - Lighted,Straight,Veh'S Same Direction: Lane Change Left,Lane changes,0,0,1,0,1,2,0,0,0,0,0,0
294206,Hospitalisation,2016,10,Sideswipe,Multi-Vehicle,153.030598,-27.485737,Stanley St,,Woolloongabba,South Brisbane,No Roadway Feature,No traffic control,60 km/h,Sealed - Dry,Daylight,Straight,Veh'S Same Direction: Lane Change Right,Lane changes,0,1,1,0,2,2,0,0,0,0,0,0
294207,Medical treatment,2016,19,Rear-end,Multi-Vehicle,153.031502,-27.486037,South East Arterial Rd,Stanley St,Woolloongabba,South Brisbane,Intersection - Interchange,Operating traffic lights,60 km/h,Sealed - Dry,Darkness - Lighted,Curved - view open,Veh'S Same Direction: Left Rear,Rear-end,0,0,1,0,1,2,0,0,0,0,0,0
294208,Medical treatment,2016,13,Rear-end,Multi-Vehicle,153.185358,-27.454255,Cambridge Pde,Stratton Tce,Manly,Lytton,Intersection - Cross,Pedestrian crossing sign,0 - 50 km/h,Sealed - Dry,Daylight,Straight,Veh'S Same Direction: Rear End,Rear-end,0,0,1,0,1,2,0,0,0,0,0,0
294234,Medical treatment,2016,14,Rear-end,Multi-Vehicle,153.100637,-27.499348,Creek Rd,,Carindale,Chatsworth,No Roadway Feature,No traffic control,60 km/h,Sealed - Dry,Daylight,Straight,Veh'S Same Direction: Rear End,Rear-end,0,0,1,0,1,3,0,0,0,0,0,0
294238,Hospitalisation,2016,7,Overturned,Single Vehicle,153.011611,-27.541427,Fairfield Rd,Sherwood Rd,Rocklea,Yeerongpilly,Intersection - Cross,Operating traffic lights,60 km/h,Sealed - Dry,Daylight,Straight,Off Path-Straight: Right Turn,Off carriageway on straight,0,1,0,0,1,0,0,1,0,0,0,0
294239,Medical treatment,2016,16,Angle,Multi-Vehicle,153.058283,-27.459876,Barton St,Elliott St,Hawthorne,Bulimba,Intersection - Cross,Stop sign,0 - 50 km/h,Sealed - Dry,Daylight,Straight,Veh'S Adjacent Approach: Thru-Thru,Intersection from adjacent approaches,0,0,1,0,1,2,0,0,0,0,0,0
294240,Medical treatment,2016,15,Head-on,Multi-Vehicle,153.057291,-27.473317,Wendell St,Wynnum Rd,Norman Park,Bulimba,Intersection - T-Junction,No traffic control,60 km/h,Sealed - Dry,Daylight,Curved - view open,Veh'S Opposite Approach: U-Turn,U-turn,0,0,1,0,1,2,0,0,0,0,0,0
294241,Medical treatment,2016,12,Overturned,Single Vehicle,153.1035981,-27.58187455,South East Arterial Rd,,Rochedale,Mansfield,No Roadway Feature,No traffic control,100 - 110 km/h,Sealed - Dry,Daylight,Straight,Off Path-Straight: Left Off Cway,Off carriageway on straight,0,0,1,4,5,1,0,0,0,0,0,0
294268,Medical treatment,2016,11,Hit object,Single Vehicle,152.980485,-27.511828,Queenscroft St,,Chelmer,Indooroopilly,No Roadway Feature,No traffic control,0 - 50 km/h,Sealed - Dry,Daylight,Curved - view obscured,Off Path-Curve: Off Cway Rt Bend Hit Obj,Off carriageway on curve hit object,0,0,1,0,1,1,0,0,0,0,0,0
294269,Minor injury,2016,17,Rear-end,Multi-Vehicle,153.117853,-27.544871,Gateway Art Rd Ramp Xh,Redland Sub-Arterial Rd,Mackenzie,Mansfield,Intersection - Interchange,Give way sign,70 km/h,Sealed - Dry,Dawn/Dusk,Straight,Veh'S Same Direction: Left Rear,Rear-end,0,0,0,1,1,2,0,0,0,0,0,0
294270,Hospitalisation,2016,11,Overturned,Single Vehicle,153.165369,-27.405108,Kite St,Port Of Brisbane Rd,Port Of Brisbane,Lytton,Intersection - Roundabout,Give way sign,60 km/h,Sealed - Dry,Daylight,Curved - view obscured,Vehicle Right-Turning At I/S (Or Drivewa,Out of control on curve,0,1,0,0,1,0,0,1,0,0,0,0
294274,Fatal,2016,15,Angle,Multi-Vehicle,152.994331,-27.653069,Johnson Rd,,Heathwood,Algester,No Roadway Feature,No traffic control,80 - 90 km/h,Sealed - Dry,Daylight,Curved - view obscured,Veh'S Opposite Approach: Thru-Right,Opposing vehicles turning,1,1,0,1,3,1,1,0,0,0,0,0
294299,Medical treatment,2016,14,Angle,Multi-Vehicle,153.034902,-27.617722,Algester Rd,Endiandra St,Calamvale,Stretton,Intersection - T-Junction,No traffic control,60 km/h,Sealed - Dry,Daylight,Straight,Veh'S Opposite Approach: U-Turn,U-turn,0,0,1,0,1,2,0,0,0,0,0,0
294300,Medical treatment,2016,16,Hit pedestrian,Hit pedestrian,153.063672,-27.597588,Beldale St,Dapper St,Sunnybank Hills,Stretton,Intersection - T-Junction,No traffic control,0 - 50 km/h,Sealed - Dry,Daylight,Curved - view open,Ped'N: Hit Other,Other,0,0,1,0,1,1,0,0,0,0,1,0
294301,Medical treatment,2016,18,Rear-end,Multi-Vehicle,153.082594,-27.59974,Beenleigh Rd,,Runcorn,Sunnybank,No Roadway Feature,No traffic control,60 km/h,Sealed - Dry,Darkness - Lighted,Straight,Veh'S Same Direction: Left Rear,Rear-end,0,0,3,0,3,2,0,0,0,0,0,0
294304,Medical treatment,2016,6,Angle,Multi-Vehicle,153.065611,-27.519542,Cavillon St,Holland Rd,Holland Park,Greenslopes,Intersection - Cross,No traffic control,0 - 50 km/h,Sealed - Dry,Daylight,Straight,Veh'S Opposite Approach: Thru-Right,Opposing vehicles turning,0,0,1,0,1,3,0,0,0,0,0,0
294305,Minor injury,2016,10,Hit object,Single Vehicle,153.0790216,-27.53955508,Tenby St,,Mount Gravatt,Mansfield,No Roadway Feature,No traffic control,0 - 50 km/h,Sealed - Dry,Daylight,Straight,Veh'S On Path: Parked,Hit parked vehicle,0,0,0,1,1,2,0,0,0,0,0,0
294306,Hospitalisation,2016,12,Hit parked vehicle,Single Vehicle,152.959829,-27.627606,Chiswick Pl,Regents Crct,Forest Lake,Algester,No Roadway Feature,No traffic control,0 - 50 km/h,Sealed - Dry,Daylight,Curved - view open,Pass & Misc: Parked Car Ran Away,Other,0,1,0,0,1,2,0,0,0,0,1,0
294307,Hospitalisation,2016,7,Sideswipe,Multi-Vehicle,153.042559,-27.5296567,Windmill St,,Tarragindi,Yeerongpilly,No Roadway Feature,No traffic control,0 - 50 km/h,Sealed - Dry,Daylight,Straight,Veh'S Same Direction: Right Turn S/Swipe,Parallel lanes turning,0,1,0,0,1,1,0,0,0,1,0,0
294308,Hospitalisation,2016,8,Angle,Multi-Vehicle,153.0289392,-27.4873646,Annerley Rd,,Woolloongabba,South Brisbane,No Roadway Feature,No traffic control,60 km/h,Sealed - Dry,Daylight,Curved - view open,Off Path-Curve: Other,Other,0,1,0,0,1,1,0,0,0,1,0,0
294309,Medical treatment,2016,16,Rear-end,Multi-Vehicle,153.115728,-27.473459,Wynnum Rd,,Tingalpa,Chatsworth,No Roadway Feature,No traffic control,60 km/h,Sealed - Dry,Daylight,Straight,Veh'S Same Direction: Rear End,Rear-end,0,0,1,0,1,3,0,0,0,0,0,0
294334,Medical treatment,2016,17,Rear-end,Multi-Vehicle,153.116214,-27.502381,Old Cleveland Rd,,Carindale,Chatsworth,No Roadway Feature,No traffic control,60 km/h,Sealed - Dry,Dawn/Dusk,Straight,Veh'S Same Direction: Rear End,Rear-end,0,0,1,0,1,2,0,0,0,0,0,0
294336,Hospitalisation,2016,18,Angle,Multi-Vehicle,152.959463,-27.591924,Archerfield Rd,Azalea St,Inala,Inala,Intersection - Cross,Stop sign,60 km/h,Sealed - Dry,Darkness - Lighted,Straight,Veh'S Adjacent Approach: Thru-Thru,Intersection from adjacent approaches,0,3,0,2,5,2,0,0,0,0,0,0
294337,Fatal,2016,15,Fall from vehicle,Single Vehicle,153.076935,-27.467109,Gary St,Wynnum Rd,Morningside,Bulimba,Intersection - T-Junction,No traffic control,60 km/h,Sealed - Dry,Daylight,Curved - view open,Pass & Misc: Other,Other,1,0,0,0,1,1,1,0,0,0,0,0
294338,Hospitalisation,2016,6,Hit object,Single Vehicle,153.123956,-27.527203,Gateway Arterial Rd,,Belmont,Chatsworth,No Roadway Feature,No traffic control,100 - 110 km/h,Sealed - Dry,Dawn/Dusk,Straight,Off Path-Straight: Left Off Cway Hit Obj,Off carriageway on straight hit object,0,1,0,0,1,1,0,0,0,0,0,0
294372,Medical treatment,2016,14,Hit pedestrian,Hit pedestrian,153.029395,-27.518288,Cracknell Rd,Ipswich Rd,Annerley,Yeerongpilly,Intersection - Cross,Operating traffic lights,60 km/h,Sealed - Dry,Daylight,Straight,Ped'N: Far Side Vehicle Hit From Left,Pedestrian,0,0,1,0,1,1,0,0,0,0,1,0
294374,Minor injury,2016,18,Rear-end,Multi-Vehicle,153.062931,-27.520434,Logan Rd,,Holland Park West,Greenslopes,No Roadway Feature,No traffic control,60 km/h,Sealed - Dry,Daylight,Straight,Veh'S Same Direction: Rear End,Rear-end,0,0,0,3,3,3,0,0,0,0,0,0
294376,Medical treatment,2016,17,Angle,Multi-Vehicle,153.090335,-27.554545,Dawson Rd,Newnham Rd,Upper Mount Gravatt,Mansfield,Intersection - Cross,Operating traffic lights,60 km/h,Sealed - Dry,Dawn/Dusk,Straight,Veh'S Adjacent Approach: Thru-Thru,Intersection from adjacent approaches,0,0,1,0,1,2,0,0,0,0,0,0
294377,Medical treatment,2016,9,Rear-end,Multi-Vehicle,153.052725,-27.580534,Dixon St,Stones Rd,Sunnybank,Sunnybank,Intersection - T-Junction,Stop sign,60 km/h,Sealed - Dry,Daylight,Straight,Veh'S Same Direction: Right Rear,Rear-end,0,0,1,0,1,2,0,0,0,0,0,0
294378,Hospitalisation,2016,5,Hit pedestrian,Hit pedestrian,153.128103,-27.49281,Belmont Rd,Meadowlands Rd,Belmont,Chatsworth,Intersection - T-Junction,Operating traffic lights,60 km/h,Sealed - Wet,Dawn/Dusk,Straight,Ped'N: Far Side Vehicle Hit From Left,Pedestrian,0,1,0,0,1,1,0,0,0,0,1,0
294407,Medical treatment,2016,14,Rear-end,Multi-Vehicle,153.048432,-27.623682,Kameruka St,Mt Lindesay Art. Rd,Calamvale,Stretton,Intersection - Cross,Operating traffic lights,80 - 90 km/h,Sealed - Dry,Daylight,Curved - view open,Veh'S Same Direction: Rear End,Rear-end,0,0,1,0,1,2,0,0,0,0,0,0
294413,Medical treatment,2016,9,Angle,Multi-Vehicle,153.061373,-27.519254,Logan Rd,Yuletide St,Holland Park West,Greenslopes,Intersection - Cross,Operating traffic lights,60 km/h,Sealed - Dry,Daylight,Straight,Veh'S Opposite Approach: Thru-Right,Opposing vehicles turning,0,0,1,0,1,2,0,0,0,0,0,0
294414,Medical treatment,2016,13,Angle,Multi-Vehicle,153.055818,-27.525491,Marshall Rd,,Holland Park West,Yeerongpilly,No Roadway Feature,No traffic control,60 km/h,Sealed - Dry,Daylight,Straight,Veh'S Same Direction: Lane Change Right,Lane changes,0,0,1,2,3,2,0,0,0,0,0,0