Crash_Ref_Number,Severity,Year,Hour,Crash_Nature,Crash_Type,Longitude,Latitude,Street,Street_Intersecting,Suburb,Loc_State_Electorate,Crash_Roadway_Feature,Crash_Traffic_Control,Crash_Speed_Limit,Crash_Road_Surface_Condition,Crash_Lighting_Condition,Crash_Road_Horiz_Align,Crash_DCA_Description,Crash_DCA_Group_Description,Count_Casualty_Fatality,Count_Casualty_Hospitalised,Count_Casualty_MedicallyTreated,Count_Casualty_MinorInjury,Count_Casualty_Total,Count_Unit_Car,Count_Unit_Motorcycle_Moped,Count_Unit_Truck,Count_Unit_Bus,Count_Unit_Bicycle,Count_Unit_Pedestrian,Count_Unit_Other
294416,Minor injury,2016,14,Angle,Multi-Vehicle,153.021796,-27.560704,Mt Lindesay Art. Rd,Musgrave Rd,Coopers Plains,Sunnybank,Intersection - T-Junction,Give way sign,60 km/h,Sealed - Dry,Daylight,Straight,Veh'S Adjacent Approach: Right-Thru,Intersection from adjacent approaches,0,0,0,1,1,2,0,0,0,0,0,0
294417,Medical treatment,2016,15,Rear-end,Multi-Vehicle,153.112262,-27.463147,Gateway Arterial Rd,,Murarrie,Bulimba,No Roadway Feature,No traffic control,100 - 110 km/h,Sealed - Dry,Daylight,Straight,Veh'S Same Direction: Rear End,Rear-end,0,0,2,0,2,8,0,0,0,0,0,0
294418,Medical treatment,2016,17,Sideswipe,Multi-Vehicle,153.033821,-27.500769,Cornwall St,,Woolloongabba,South Brisbane,No Roadway Feature,No traffic control,60 km/h,Sealed - Dry,Darkness - Lighted,Straight,Veh'S Same Direction: Lane Change Left,Lane changes,0,0,1,0,1,1,0,0,0,1,0,0
294449,Hospitalisation,2016,16,Rear-end,Multi-Vehicle,153.049569,-27.647724,Logan Mwy,,Drewvale,Stretton,No Roadway Feature,No traffic control,80 - 90 km/h,Sealed - Dry,Daylight,Straight,Veh'S Same Direction: Rear End,Rear-end,0,3,0,0,3,4,0,2,0,0,0,0
294450,Medical treatment,2016,6,Rear-end,Multi-Vehicle,152.927685,-27.589263,Cunningham Arterial Rd,Progress Rd,Wacol,Inala,Intersection - T-Junction,Give way sign,60 km/h,Sealed - Dry,Daylight,Curved - view open,Veh'S Same Direction: Left Rear,Rear-end,0,0,1,0,1,2,0,0,0,0,0,0
294451,Hospitalisation,2016,18,Rear-end,Multi-Vehicle,153.025487,-27.576736,Mt Lindesay Art. Rd,,Acacia Ridge,Sunnybank,No Roadway Feature,No traffic control,70 km/h,Sealed - Dry,Darkness - Lighted,Straight,Veh'S Same Direction: Rear End,Rear-end,0,1,0,0,1,2,0,0,0,0,0,0
294452,Hospitalisation,2016,14,Hit object,Single Vehicle,153.004137,-27.654686,Paradise Rd,,Larapinta,Algester,No Roadway Feature,No traffic control,70 km/h,Sealed - Dry,Daylight,Straight,Off Path-Straight: Left Off Cway Hit Obj,Off carriageway on straight hit object,0,1,0,0,1,1,0,0,0,0,0,0
294453,Medical treatment,2016,16,Hit pedestrian,Hit pedestrian,153.04089,-27.555909,Lillian Ave,Orange Grove Rd,Salisbury,Yeerongpilly,Intersection - T-Junction,Pedestrian crossing sign,60 km/h,Sealed - Dry,Daylight,Straight,Ped'N: Near Side Vehicle Hit From Right,Pedestrian,0,0,1,0,1,1,0,0,0,0,1,0
294454,Fatal,2016,20,Head-on,Multi-Vehicle,153.146985,-27.5555555,Redland Sub-Arterial Rd,,Burbank,Mansfield,No Roadway Feature,No traffic control,80 - 90 km/h,Sealed - Dry,Darkness - Not lighted,Straight,Veh'S Opposite Approach: Head On,Head-on,1,0,0,0,1,1,0,1,0,0,0,0
294455,Hospitalisation,2016,0,Hit object,Single Vehicle,153.0941766,-27.57226567,South East Arterial Rd,,Eight Mile Plains,Mansfield,No Roadway Feature,No traffic control,100 - 110 km/h,Sealed - Dry,Darkness - Lighted,Straight,Off Path-Straight:Out Of Control On Cway,Out of control on straight,0,2,0,0,2,1,0,0,0,0,0,0
294456,Medical treatment,2016,17,Angle,Multi-Vehicle,153.037646,-27.497275,O'Keefe St,,Woolloongabba,South Brisbane,No Roadway Feature,Operating traffic lights,60 km/h,Sealed - Dry,Darkness - Lighted,Straight,Veh'S Manoeuvring: Entering From Footway,Vehicle leaving driveway,0,0,1,0,1,1,0,0,0,1,0,0
294457,Medical treatment,2016,11,Rear-end,Multi-Vehicle,153.030404,-27.482319,South East Arterial Rd,,Kangaroo Point,South Brisbane,Bridge/Causeway,No traffic control,60 km/h,Sealed - Dry,Daylight,Straight,Veh'S Same Direction: Rear End,Rear-end,0,0,1,0,1,2,0,0,0,0,0,0
294515,Medical treatment,2016,7,Rear-end,Multi-Vehicle,153.096604,-27.469447,Wynnum Rd,,Murarrie,Bulimba,Intersection - T-Junction,No traffic control,60 km/h,Sealed - Dry,Dawn/Dusk,Straight,Veh'S Same Direction: Left Rear,Rear-end,0,0,1,0,1,2,0,0,0,0,0,0
294516,Medical treatment,2016,13,Head-on,Multi-Vehicle,152.9965151,-27.52457442,King Arthur Tce,,Tennyson,Indooroopilly,No Roadway Feature,No traffic control,60 km/h,Sealed - Dry,Daylight,Curved - view open,Veh'S Opposite Approach: Head On,Head-on,0,0,2,0,2,2,0,0,0,0,0,0
294517,Hospitalisation,2016,7,Angle,Multi-Vehicle,153.04153,-27.483172,Manilla St,Mowbray Tce,East Brisbane,South Brisbane,Intersection - Cross,Give way sign,60 km/h,Sealed - Dry,Daylight,Straight,Veh'S Adjacent Approach: Thru-Thru,Intersection from adjacent approaches,0,1,0,0,1,1,1,0,0,0,0,0
294548,Hospitalisation,2016,23,Hit object,Single Vehicle,153.124392,-27.506107,Gateway Arterial Rd,,Belmont,Chatsworth,No Roadway Feature,No traffic control,100 - 110 km/h,Sealed - Dry,Darkness - Lighted,Curved - view open,Off Path-Curve: Off Cway Rt Bend Hit Obj,Off carriageway on curve hit object,0,1,0,0,1,1,0,0,0,0,0,0
294550,Medical treatment,2016,11,Hit object,Single Vehicle,152.968331,-27.599728,Columba St,,Inala,Inala,No Roadway Feature,No traffic control,0 - 50 km/h,Sealed - Dry,Daylight,Curved - view open,Off Path-Curve: Off Cway Rt Bend Hit Obj,Off carriageway on curve hit object,0,0,1,0,1,1,0,0,0,0,0,0
294551,Hospitalisation,2016,20,Hit pedestrian,Hit pedestrian,152.958579,-27.58659,Archerfield Rd,,Richlands,Inala,No Roadway Feature,No traffic control,60 km/h,Sealed - Dry,Darkness - Lighted,Straight,Ped'N: Hit Walking With Traffic,Pedestrian,0,1,0,0,1,1,0,0,0,0,1,0
294552,Medical treatment,2016,12,Angle,Multi-Vehicle,152.979154,-27.59792,Inala Ave,Swallow St,Inala,Inala,Intersection - T-Junction,No traffic control,60 km/h,Sealed - Dry,Daylight,Straight,Veh'S Adjacant Approach: Thru-Left,Intersection from adjacent approaches,0,0,1,1,2,2,0,0,0,0,0,0
294553,Fatal,2016,20,Hit pedestrian,Hit pedestrian,152.972901,-27.605175,Shelduck St,,Inala,Inala,No Roadway Feature,No traffic control,60 km/h,Sealed - Dry,Darkness - Lighted,Straight,Ped'N: Hit Walking With Traffic,Pedestrian,1,0,0,0,1,0,0,0,0,0,1,1
294554,Medical treatment,2016,20,Rear-end,Multi-Vehicle,153.063888,-27.484105,Bennetts Rd,Mcilwraith Ave,Norman Park,Greenslopes,Intersection - Roundabout,Give way sign,60 km/h,Sealed - Dry,Darkness - Lighted,Straight,Veh'S Same Direction: Rear End,Rear-end,0,0,1,0,1,2,0,0,0,0,0,0
294555,Medical treatment,2016,8,Sideswipe,Multi-Vehicle,153.101944,-27.4471436,Gateway Arterial Rd,,Murarrie,Bulimba,Bridge/Causeway,No traffic control,80 - 90 km/h,Sealed - Dry,Daylight,Straight,Veh'S Same Direction: Lane Change Left,Lane changes,0,0,1,0,1,1,0,1,0,0,0,0
294556,Hospitalisation,2016,5,Hit object,Single Vehicle,153.150178,-27.449684,Balnave St,Marty St,Wynnum West,Lytton,Intersection - T-Junction,No traffic control,0 - 50 km/h,Sealed - Dry,Dawn/Dusk,Straight,Veh'S Opposite Approach: Other,Other,0,1,0,0,1,3,0,0,0,0,0,0
294587,Medical treatment,2016,9,Angle,Multi-Vehicle,153.01384,-27.478837,Browning St,Russell St,South Brisbane,South Brisbane,Intersection - Cross,Operating traffic lights,0 - 50 km/h,Sealed - Dry,Daylight,Straight,Veh'S Manoeuvring: Entering From Footway,Vehicle leaving driveway,0,0,1,0,1,1,0,0,0,1,0,0
294624,Hospitalisation,2016,7,Angle,Multi-Vehicle,153.039874,-27.599081,Learoyd Rd,Mt Lindesay Art. Rd,Algester,Algester,Intersection - Cross,Operating traffic lights,80 - 90 km/h,Sealed - Dry,Daylight,Straight,Veh'S Adjacent Approach: Thru-Thru,Intersection from adjacent approaches,0,1,0,0,1,1,0,0,0,0,0,1
294625,Fatal,2016,5,Hit pedestrian,Hit pedestrian,152.966542,-27.573838,Boundary Rd,Kimberley St,Darra,Inala,Intersection - Cross,Give way sign,60 km/h,Sealed - Dry,Darkness - Lighted,Straight,Ped'N: Hit Other,Other,1,0,0,0,1,1,0,0,0,0,1,0
294626,Medical treatment,2016,5,Hit parked vehicle,Single Vehicle,152.957582,-27.56385079,Cardiff Rd,,Darra,Mount Ommaney,No Roadway Feature,No traffic control,60 km/h,Sealed - Dry,Dawn/Dusk,Straight,Veh'S On Path: Parked,Hit parked vehicle,0,0,1,0,1,2,0,0,0,0,0,0
294631,Hospitalisation,2016,6,Angle,Multi-Vehicle,153.0415093,-27.49974687,Junction St,,Woolloongabba,South Brisbane,No Roadway Feature,No traffic control,0 - 50 km/h,Sealed - Dry,Daylight,Straight,Veh'S Manoeuvring: Entering From Footway,Vehicle leaving driveway,0,1,0,0,1,1,1,0,0,0,0,0
294632,Medical treatment,2016,13,Angle,Multi-Vehicle,153.052833,-27.509608,Curd St,Logan Rd,Greenslopes,Greenslopes,Intersection - Cross,Operating traffic lights,60 km/h,Sealed - Dry,Daylight,Straight,Veh'S Adjacent Approach: Thru-Thru,Intersection from adjacent approaches,0,0,2,0,2,2,0,0,0,0,0,0
294634,Hospitalisation,2016,15,Angle,Multi-Vehicle,153.05662,-27.525983,Cannes St,,Holland Park West,Greenslopes,Intersection - T-Junction,Give way sign,60 km/h,Sealed - Dry,Daylight,Curved - view open,Veh'S Adjacent Approach: Left-Thru,Intersection from adjacent approaches,0,1,0,0,1,1,0,0,0,1,0,0
294635,Hospitalisation,2016,9,Hit object,Single Vehicle,153.038231,-27.559319,Griffith Arterial Rd,,Salisbury,Yeerongpilly,No Roadway Feature,No traffic control,70 km/h,Sealed - Dry,Daylight,Curved - view open,Veh'S Opposite Approach: Head On,Head-on,0,3,1,0,4,3,0,0,0,0,0,0
294637,Medical treatment,2016,14,Rear-end,Multi-Vehicle,153.074548,-27.561967,Griffith Arterial Rd,Springfield St,Macgregor,Sunnybank,Intersection - T-Junction,Operating traffic lights,60 km/h,Sealed - Dry,Daylight,Straight,Veh'S Same Direction: Right Rear,Rear-end,0,0,1,0,1,2,0,0,0,0,0,0
294673,Hospitalisation,2016,12,Angle,Multi-Vehicle,152.948491,-27.555619,Bluestone Crct,,Seventeen Mile Rocks,Mount Ommaney,No Roadway Feature,No traffic control,0 - 50 km/h,Sealed - Dry,Daylight,Straight,Veh'S Same Direction: Right Turn S/Swipe,Parallel lanes turning,0,1,0,0,1,1,1,0,0,0,0,0
294675,Hospitalisation,2016,15,Hit pedestrian,Hit pedestrian,153.101708,-27.493571,Creek Rd,,Carindale,Chatsworth,No Roadway Feature,No traffic control,0 - 50 km/h,Sealed - Dry,Daylight,Straight,Ped'N: Hit Other,Other,0,1,0,0,1,1,0,0,0,0,1,0
294677,Hospitalisation,2016,18,Angle,Multi-Vehicle,153.070096,-27.469578,Invalid Street From Police,,Morningside,Bulimba,Intersection - T-Junction,Give way sign,60 km/h,Sealed - Dry,Darkness - Lighted,Straight,Veh'S Opposite Approach: Thru-Right,Opposing vehicles turning,0,1,0,0,1,1,1,0,0,0,0,0
294679,Medical treatment,2016,8,Angle,Multi-Vehicle,152.9810225,-27.5249538,Long St E,Oxley Rd,Graceville,Indooroopilly,Intersection - Cross,Operating traffic lights,60 km/h,Sealed - Dry,Daylight,Straight,Veh'S Adjacent Approach: Thru-Right,Intersection from adjacent approaches,0,0,1,0,1,2,0,0,0,0,0,0
294680,Medical treatment,2016,10,Hit pedestrian,Hit pedestrian,153.0801388,-27.55752748,Logan Rd,,Upper Mount Gravatt,Mansfield,No Roadway Feature,No traffic control,0 - 50 km/h,Sealed - Dry,Daylight,Curved - view open,Ped'N: Far Side Vehicle Hit From Left,Pedestrian,0,0,1,0,1,0,0,0,1,0,1,0
294681,Hospitalisation,2016,17,Angle,Multi-Vehicle,153.045476,-27.571477,Beechcroft St,Boundary Rd,Coopers Plains,Sunnybank,Intersection - Cross,No traffic control,60 km/h,Sealed - Dry,Dawn/Dusk,Straight,Veh'S Opposite Approach: Thru-Right,Opposing vehicles turning,0,1,1,0,2,2,0,0,0,0,0,0
294682,Medical treatment,2016,15,Rear-end,Multi-Vehicle,153.103439,-27.57734,Miles Platting Rd,,Eight Mile Plains,Mansfield,Intersection - Cross,Operating traffic lights,60 km/h,Sealed - Dry,Daylight,Straight,Veh'S Same Direction: Rear End,Rear-end,0,0,1,0,1,2,0,0,0,0,0,0
294721,Minor injury,2016,12,Angle,Multi-Vehicle,153.129247,-27.475797,Belmont Rd,Palgrave St,Tingalpa,Chatsworth,Intersection - T-Junction,No traffic control,60 km/h,Sealed - Dry,Daylight,Straight,Veh'S Opposite Approach: Thru-Right,Opposing vehicles turning,0,0,0,1,1,1,1,0,0,0,0,0
294753,Medical treatment,2016,5,Hit pedestrian,Hit pedestrian,153.046312,-27.501194,Logan Rd,Montague St,Greenslopes,South Brisbane,Intersection - T-Junction,Operating traffic lights,60 km/h,Sealed - Dry,Dawn/Dusk,Straight,Ped'N: Play; Work; Stand; Lie On C'Way,Pedestrian,0,0,1,0,1,1,0,0,0,0,1,0
294754,Medical treatment,2016,19,Angle,Multi-Vehicle,153.012303,-27.479673,Boundary St,Russell St,West End,South Brisbane,Intersection - T-Junction,No traffic control,0 - 50 km/h,Sealed - Dry,Darkness - Lighted,Straight,Veh'S Opposite Approach: Thru-Right,Opposing vehicles turning,0,0,1,0,1,1,1,0,0,0,0,0
294755,Hospitalisation,2016,13,Angle,Multi-Vehicle,153.043215,-27.48343,Elfin St,Mowbray Tce,East Brisbane,South Brisbane,Intersection - Cross,Operating traffic lights,60 km/h,Sealed - Dry,Daylight,Straight,Veh'S Adjacent Approach: Thru-Thru,Intersection from adjacent approaches,0,1,0,0,1,1,0,0,1,0,0,0
294781,Medical treatment,2016,17,Angle,Multi-Vehicle,152.93484,-27.559232,Brownie St,Dandenong Rd,Jamboree Heights,Mount Ommaney,Intersection - T-Junction,Give way sign,60 km/h,Sealed - Dry,Dawn/Dusk,Straight,Veh'S Adjacent Approach: Right-Thru,Intersection from adjacent approaches,0,0,1,0,1,2,0,0,0,0,0,0
294782,Hospitalisation,2016,8,Rear-end,Multi-Vehicle,153.062002,-27.588524,Beenleigh Rd,Farne St,Sunnybank,Stretton,Intersection - T-Junction,No traffic control,60 km/h,Sealed - Dry,Daylight,Straight,Veh'S Same Direction: Rear End,Rear-end,0,1,0,0,1,5,0,0,0,0,0,0
294786,Hospitalisation,2016,17,Hit pedestrian,Hit pedestrian,153.052861,-27.58045,Dixon St,,Sunnybank,Sunnybank,Intersection - T-Junction,No traffic control,0 - 50 km/h,Sealed - Dry,Dawn/Dusk,Curved - view obscured,Ped'N: Far Side Vehicle Hit From Left,Pedestrian,0,1,0,0,1,1,0,0,0,0,1,0
294787,Hospitalisation,2016,8,Angle,Multi-Vehicle,153.042262,-27.497945,Logan Rd,O'Keefe St,Woolloongabba,South Brisbane,Intersection - Roundabout,Give way sign,60 km/h,Sealed - Dry,Daylight,Straight,Veh'S Opposite Approach: Right-Left,Opposing vehicles turning,0,1,0,0,1,1,0,0,0,1,0,0
294788,Medical treatment,2016,23,Hit parked vehicle,Single Vehicle,153.16417,-27.451152,Foch St,,Wynnum West,Lytton,No Roadway Feature,No traffic control,0 - 50 km/h,Sealed - Dry,Darkness - Lighted,Straight,Veh'S Opposite Approach: Other,Other,0,0,2,0,2,3,0,0,0,0,0,0
294815,Medical treatment,2016,21,Hit object,Single Vehicle,153.095868,-27.626127,Acacia Rd,,Karawatha,Stretton,No Roadway Feature,No traffic control,70 km/h,Sealed - Dry,Darkness - Not lighted,Straight,Off Path-Straight: Left Off Cway Hit Obj,Off carriageway on straight hit object,0,0,1,0,1,1,0,0,0,0,0,0
294816,Medical treatment,2016,7,Rear-end,Multi-Vehicle,153.053858,-27.487502,Stanley St East,,Coorparoo,Greenslopes,No Roadway Feature,No traffic control,60 km/h,Sealed - Dry,Daylight,Straight,Veh'S Same Direction: Rear End,Rear-end,0,0,1,0,1,3,0,0,0,0,0,0
294848,Medical treatment,2016,5,Rear-end,Multi-Vehicle,153.012822,-27.641086,Logan Mwy,Paradise Rd,Larapinta,Algester,Intersection - T-Junction,Operating traffic lights,60 km/h,Sealed - Dry,Darkness - Lighted,Curved - view open,Veh'S Same Direction: Right Rear,Rear-end,0,0,1,0,1,2,0,0,0,0,0,0
294854,Minor injury,2016,7,Rear-end,Multi-Vehicle,153.090868,-27.573013,Bleasby Rd,Logan Sub-Arterial Rd,Eight Mile Plains,Sunnybank,Intersection - T-Junction,No traffic control,0 - 50 km/h,Sealed - Dry,Daylight,Straight,Veh'S Same Direction: Rear End,Rear-end,0,0,0,1,1,3,0,0,0,0,0,0
294855,Medical treatment,2016,17,Rear-end,Multi-Vehicle,153.0859914,-27.5674638,South East Arterial Rd,,Macgregor,Mansfield,No Roadway Feature,No traffic control,100 - 110 km/h,Sealed - Dry,Dawn/Dusk,Straight,Veh'S Same Direction: Rear End,Rear-end,0,0,2,0,2,2,0,0,0,0,0,0
294862,Medical treatment,2016,16,Angle,Multi-Vehicle,153.125391,-27.503008,Cleveland Sub-Arterial Rd,Gateway Art Rd Ramp Vf,Belmont,Chatsworth,Intersection - Interchange,Operating traffic lights,60 km/h,Sealed - Dry,Daylight,Straight,Veh'S Adjacent Approach: Thru-Thru,Intersection from adjacent approaches,0,0,1,1,2,2,0,0,0,0,0,0
294863,Minor injury,2016,18,Angle,Multi-Vehicle,153.125391,-27.503008,Cleveland Sub-Arterial Rd,Gateway Art Rd Ramp Vf,Belmont,Chatsworth,Intersection - Cross,Operating traffic lights,70 km/h,Sealed - Dry,Darkness - Lighted,Straight,Veh'S Adjacent Approach: Thru-Thru,Intersection from adjacent approaches,0,0,0,1,1,1,0,0,0,0,0,1
294886,Hospitalisation,2016,22,Hit object,Single Vehicle,153.014632,-27.522243,Fairfield Rd,,Yeronga,Yeerongpilly,No Roadway Feature,No traffic control,60 km/h,Sealed - Dry,Darkness - Lighted,Straight,Veh'S Opposite Approach: Head On,Head-on,0,2,0,0,2,4,0,0,0,0,0,0
294887,Hospitalisation,2016,7,Angle,Multi-Vehicle,153.124011,-27.503881,Cleveland Sub-Arterial Rd,Old Cleveland Rd,Belmont,Chatsworth,Intersection - Interchange,Operating traffic lights,60 km/h,Sealed - Wet,Daylight,Straight,Veh'S Adjacent Approach: Thru-Thru,Intersection from adjacent approaches,0,1,0,0,1,2,0,0,0,0,0,0
294889,Minor injury,2016,10,Fall from vehicle,Single Vehicle,153.107347,-27.456288,Gateway Arterial Rd,,Murarrie,Bulimba,No Roadway Feature,No traffic control,60 km/h,Sealed - Dry,Daylight,Straight,Off Path-Straight:Out Of Control On Cway,Out of control on straight,0,0,0,1,1,0,1,0,0,0,0,0
294892,Medical treatment,2016,20,Rear-end,Multi-Vehicle,153.08463,-27.59184,Warrigal Rd,,Runcorn,Stretton,No Roadway Feature,No traffic control,60 km/h,Sealed - Dry,Darkness - Not lighted,Straight,Veh'S Same Direction: Rear End,Rear-end,0,0,1,0,1,2,0,0,0,0,0,0
294893,Medical treatment,2016,11,Hit object,Single Vehicle,153.096882,-27.581824,Brandl St,Logan Sub-Arterial Rd,Eight Mile Plains,Stretton,Intersection - T-Junction,No traffic control,80 - 90 km/h,Sealed - Wet,Daylight,Straight,Off Path-Straight:Right Off Cway Hit Obj,Off carriageway on straight hit object,0,0,1,0,1,1,0,0,0,0,0,0
294894,Hospitalisation,2016,19,Hit pedestrian,Hit pedestrian,153.021798,-27.478072,Little Stanley St,,South Brisbane,South Brisbane,No Roadway Feature,No traffic control,0 - 50 km/h,Sealed - Wet,Darkness - Lighted,Straight,Ped'N: Near Side Vehicle Hit From Right,Pedestrian,0,1,0,0,1,1,0,0,0,0,1,0
294936,Medical treatment,2016,7,Rear-end,Multi-Vehicle,153.094891,-27.624067,Acacia Rd,,Karawatha,Stretton,No Roadway Feature,No traffic control,60 km/h,Sealed - Dry,Daylight,Straight,Veh'S Same Direction: Rear End,Rear-end,0,0,1,4,5,2,0,0,0,0,0,0
294937,Hospitalisation,2016,6,Hit pedestrian,Hit pedestrian,153.031277,-27.513072,Ipswich Rd,,Annerley,Yeerongpilly,No Roadway Feature,No traffic control,60 km/h,Sealed - Dry,Daylight,Straight,Ped'N: Near Side Vehicle Hit From Right,Pedestrian,0,1,0,0,1,1,0,0,0,0,1,0
294938,Minor injury,2016,9,Rear-end,Multi-Vehicle,153.1023054,-27.50100448,Bedivere St,Millenium Blvd,Carindale,Chatsworth,Intersection - Roundabout,Give way sign,0 - 50 km/h,Sealed - Wet,Daylight,Straight,Veh'S Same Direction: Left Rear,Rear-end,0,0,0,1,1,2,0,0,0,0,0,0
294939,Hospitalisation,2016,20,Angle,Multi-Vehicle,153.087723,-27.500986,Jones Rd,,Carina Heights,Chatsworth,No Roadway Feature,No traffic control,60 km/h,Sealed - Wet,Darkness - Lighted,Straight,Veh'S Same Direction: U-Turn,U-turn,0,1,0,0,1,3,0,0,0,0,0,0
294940,Medical treatment,2016,17,Rear-end,Multi-Vehicle,153.039017,-27.509092,South East Arterial Rd,,Greenslopes,South Brisbane,No Roadway Feature,No traffic control,100 - 110 km/h,Sealed - Dry,Dawn/Dusk,Curved - view open,Veh'S Same Direction: Rear End,Rear-end,0,0,1,0,1,2,0,0,0,0,0,0
294944,Medical treatment,2016,18,Rear-end,Multi-Vehicle,153.052623,-27.475471,Wynnum Rd,,Norman Park,Bulimba,No Roadway Feature,No traffic control,60 km/h,Sealed - Dry,Daylight,Straight,Veh'S Same Direction: Rear End,Rear-end,0,0,1,0,1,2,0,0,0,0,0,0
294945,Medical treatment,2016,9,Angle,Multi-Vehicle,153.082169,-27.554182,Lindwall St,Wheeler St,Upper Mount Gravatt,Mansfield,Intersection - Cross,Stop sign,60 km/h,Sealed - Dry,Daylight,Straight,Veh'S Adjacent Approach: Thru-Thru,Intersection from adjacent approaches,0,0,1,0,1,2,0,0,0,0,0,0
294946,Hospitalisation,2016,7,Rear-end,Multi-Vehicle,153.165018,-27.430649,Tingal Rd,Wassell St,Wynnum,Lytton,Intersection - Cross,No traffic control,60 km/h,Sealed - Dry,Daylight,Straight,Veh'S Same Direction: Rear End,Rear-end,0,1,0,0,1,2,0,0,0,0,0,0
294947,Minor injury,2016,6,Rear-end,Multi-Vehicle,153.11764,-27.474191,Wynnum Rd,,Tingalpa,Chatsworth,No Roadway Feature,No traffic control,60 km/h,Sealed - Dry,Daylight,Straight,Veh'S Same Direction: Rear End,Rear-end,0,0,0,2,2,2,0,0,0,0,0,0
294954,Medical treatment,2016,20,Rear-end,Multi-Vehicle,153.179472,-27.513626,Cleveland Sub-Arterial Rd,New Cleveland Rd,Chandler,Chatsworth,Intersection - T-Junction,Operating traffic lights,60 km/h,Sealed - Wet,Darkness - Lighted,Straight,Veh'S Same Direction: Right Rear,Rear-end,0,0,2,0,2,2,0,0,0,0,0,0
294957,Medical treatment,2016,18,Hit pedestrian,Hit pedestrian,152.932164,-27.611168,Michael St,,Ellen Grove,Inala,No Roadway Feature,No traffic control,0 - 50 km/h,Sealed - Wet,Darkness - Lighted,Straight,Ped'N: Far Side Vehicle Hit From Left,Pedestrian,0,0,1,0,1,1,0,0,0,0,1,0
294980,Medical treatment,2016,19,Hit pedestrian,Hit pedestrian,153.087968,-27.591285,Springsure St,Woorabinda St,Runcorn,Stretton,Intersection - Cross,No traffic control,0 - 50 km/h,Sealed - Wet,Darkness - Not lighted,Straight,Ped'N: Far Side Vehicle Hit From Left,Pedestrian,0,0,1,0,1,1,0,0,0,0,1,0
294986,Hospitalisation,2016,4,Hit object,Single Vehicle,153.027203,-27.658611,Johnson Rd,,Parkinson,Algester,No Roadway Feature,No traffic control,60 km/h,Sealed - Dry,Darkness - Lighted,Straight,Off Path-Straight: Left Off Cway Hit Obj,Off carriageway on straight hit object,0,1,0,0,1,1,0,0,0,0,0,0
294987,Medical treatment,2016,7,Angle,Multi-Vehicle,153.125136,-27.50409,Cleveland Sub-Arterial Rd,Old Cleveland Rd,Belmont,Chatsworth,Intersection - Interchange,Operating traffic lights,60 km/h,Sealed - Dry,Daylight,Straight,Veh'S Adjacent Approach: Thru-Thru,Intersection from adjacent approaches,0,0,2,0,2,2,0,0,0,0,0,0
295018,Hospitalisation,2016,19,Angle,Multi-Vehicle,153.062039,-27.571649,Canna St,Mccullough St,Sunnybank,Sunnybank,Intersection - T-Junction,Operating traffic lights,60 km/h,Sealed - Dry,Darkness - Lighted,Straight,Veh'S Opposite Approach: Thru-Right,Opposing vehicles turning,0,1,1,0,2,2,0,0,0,0,0,0
295038,Medical treatment,2016,18,Angle,Multi-Vehicle,153.030855,-27.513882,Ipswich Rd,Venner Rd,Annerley,Yeerongpilly,Intersection - Cross,Operating traffic lights,60 km/h,Sealed - Dry,Darkness - Lighted,Straight,Veh'S Opposite Approach: Thru-Right,Opposing vehicles turning,0,0,1,0,1,2,0,0,0,0,0,0
295040,Medical treatment,2016,18,Rear-end,Multi-Vehicle,153.056572,-27.528803,Bapaume Rd,Sterculia Ave,Tarragindi,Yeerongpilly,Intersection - T-Junction,Operating traffic lights,60 km/h,Sealed - Dry,Darkness - Lighted,Straight,Veh'S Same Direction: Right Rear,Rear-end,0,0,2,0,2,2,0,0,0,0,0,0
295041,Medical treatment,2016,9,Angle,Multi-Vehicle,152.947004,-27.597604,Progress Rd,Western Arterial Rd,Richlands,Inala,Intersection - Cross,Operating traffic lights,60 km/h,Sealed - Dry,Daylight,Straight,Veh'S Adjacent Approach: Right-Thru,Intersection from adjacent approaches,0,0,1,0,1,2,0,0,0,0,0,0
295043,Medical treatment,2016,9,Angle,Multi-Vehicle,153.035824,-27.482157,Lockerbie St,Main St,Kangaroo Point,South Brisbane,Intersection - T-Junction,No traffic control,60 km/h,Sealed - Dry,Daylight,Straight,Veh'S Opposite Approach: Thru-Right,Opposing vehicles turning,0,0,1,0,1,2,0,0,0,0,0,0
295070,Medical treatment,2016,14,Angle,Multi-Vehicle,153.054008,-27.52016,Birdwood Rd,Esher St,Holland Park West,Greenslopes,Intersection - T-Junction,Stop sign,60 km/h,Sealed - Dry,Daylight,Straight,Veh'S Adjacent Approach: Right-Thru,Intersection from adjacent approaches,0,0,2,0,2,2,0,0,0,0,0,0
295071,Minor injury,2016,15,Rear-end,Multi-Vehicle,153.056902,-27.528933,South East Arterial Rd,,Holland Park West,Yeerongpilly,No Roadway Feature,No traffic control,100 - 110 km/h,Sealed - Dry,Daylight,Straight,Veh'S Same Direction: Rear End,Rear-end,0,0,0,1,1,2,0,0,0,0,0,0