Crash_Ref_Number,Severity,Year,Hour,Crash_Nature,Crash_Type,Longitude,Latitude,Street,Street_Intersecting,Suburb,Loc_State_Electorate,Crash_Roadway_Feature,Crash_Traffic_Control,Crash_Speed_Limit,Crash_Road_Surface_Condition,Crash_Lighting_Condition,Crash_Road_Horiz_Align,Crash_DCA_Description,Crash_DCA_Group_Description,Count_Casualty_Fatality,Count_Casualty_Hospitalised,Count_Casualty_MedicallyTreated,Count_Casualty_MinorInjury,Count_Casualty_Total,Count_Unit_Car,Count_Unit_Motorcycle_Moped,Count_Unit_Truck,Count_Unit_Bus,Count_Unit_Bicycle,Count_Unit_Pedestrian,Count_Unit_Other
295072,Hospitalisation,2016,8,Angle,Multi-Vehicle,152.976502,-27.592206,Serviceton Ave,Sycamore St,Inala,Inala,Intersection - Cross,No traffic control,60 km/h,Sealed - Dry,Daylight,Straight,Veh'S Adjacent Approach: Right-Thru,Intersection from adjacent approaches,0,3,0,0,3,3,0,0,0,0,0,0
295074,Medical treatment,2016,0,Rear-end,Multi-Vehicle,153.1027806,-27.58185371,Gateway Arterial Rd,,Eight Mile Plains,Stretton,No Roadway Feature,No traffic control,0 - 50 km/h,Sealed - Dry,Darkness - Lighted,Straight,Veh'S Same Direction: Rear End,Rear-end,0,0,1,0,1,2,0,0,0,0,0,0
295075,Medical treatment,2016,23,Angle,Multi-Vehicle,153.065956,-27.561044,Griffith Arterial Rd,Mains Rd,Macgregor,Sunnybank,Intersection - Cross,Operating traffic lights,60 km/h,Sealed - Dry,Darkness - Lighted,Straight,Veh'S Opposite Approach: Thru-Right,Opposing vehicles turning,0,0,1,0,1,2,0,0,0,0,0,0
295076,Medical treatment,2016,8,Hit object,Single Vehicle,153.148614,-27.471215,Wondall Rd,,Manly West,Lytton,No Roadway Feature,No traffic control,60 km/h,Sealed - Dry,Daylight,Straight,Off Path-Straight: Left Off Cway Hit Obj,Off carriageway on straight hit object,0,0,1,0,1,1,0,0,0,0,0,0
295082,Medical treatment,2016,15,Hit object,Single Vehicle,153.176547,-27.503961,New Cleveland Rd,,Gumdale,Chatsworth,Bridge/Causeway,No traffic control,80 - 90 km/h,Sealed - Wet,Daylight,Straight,Off Path-Straight: Left Off Cway Hit Obj,Off carriageway on straight hit object,0,0,1,0,1,1,0,0,0,0,0,0
295106,Medical treatment,2016,9,Angle,Multi-Vehicle,153.077193,-27.597399,Beenleigh Rd,Nursery Ave,Runcorn,Sunnybank,Intersection - T-Junction,Give way sign,70 km/h,Sealed - Dry,Daylight,Straight,Veh'S Adjacent Approach: Thru-Right,Intersection from adjacent approaches,0,0,2,0,2,2,0,0,0,0,0,0
295107,Medical treatment,2016,15,Sideswipe,Multi-Vehicle,153.0544881,-27.61101963,Calam Rd,,Sunnybank Hills,Stretton,No Roadway Feature,No traffic control,70 km/h,Sealed - Dry,Daylight,Straight,Veh'S Same Direction: Lane Change Left,Lane changes,0,0,1,0,1,2,0,0,0,0,0,0
295110,Medical treatment,2016,5,Rear-end,Multi-Vehicle,152.966303,-27.597037,Laburnum St,Poinsettia St,Inala,Inala,Intersection - T-Junction,No traffic control,60 km/h,Sealed - Dry,Daylight,Straight,Veh'S Opposite Approach: U-Turn,U-turn,0,0,1,0,1,2,0,0,0,0,0,0
295114,Medical treatment,2016,6,Hit pedestrian,Hit pedestrian,153.0522947,-27.44732476,Brisbane St,Quay St,Bulimba,Bulimba,Intersection - Cross,Road/Rail worker,0 - 50 km/h,Sealed - Dry,Daylight,Straight,Ped'N: Play; Work; Stand; Lie On C'Way,Pedestrian,0,0,1,0,1,1,0,0,0,0,1,0
295115,Hospitalisation,2016,7,Fall from vehicle,Single Vehicle,153.06369,-27.451993,Oxford St,,Bulimba,Bulimba,No Roadway Feature,No traffic control,0 - 50 km/h,Sealed - Dry,Daylight,Straight,Veh'S Manoeuvring: Leaving Parking,Vehicle leaving driveway,0,1,0,0,1,1,1,0,0,0,0,0
295117,Hospitalisation,2016,15,Hit pedestrian,Hit pedestrian,152.979651,-27.540483,Watt St,,Corinda,Mount Ommaney,No Roadway Feature,No traffic control,0 - 50 km/h,Sealed - Dry,Daylight,Straight,Ped'N: Play; Work; Stand; Lie On C'Way,Pedestrian,0,1,0,0,1,2,0,0,0,0,1,0
295118,Medical treatment,2016,8,Rear-end,Multi-Vehicle,153.114113,-27.578979,Miles Platting Rd,,Rochedale,Mansfield,No Roadway Feature,No traffic control,60 km/h,Sealed - Wet,Daylight,Straight,Veh'S Same Direction: Rear End,Rear-end,0,0,1,0,1,3,0,0,0,0,0,0
295119,Medical treatment,2016,8,Angle,Multi-Vehicle,153.022937,-27.483526,Dorchester St,Stephens Rd,South Brisbane,South Brisbane,Intersection - T-Junction,Give way sign,0 - 50 km/h,Sealed - Dry,Daylight,Straight,Veh'S Adjacent Approach: Right-Thru,Intersection from adjacent approaches,0,0,1,0,1,2,0,0,0,0,0,0
295142,Hospitalisation,2016,20,Head-on,Multi-Vehicle,153.093449,-27.621231,Acacia Rd,,Karawatha,Stretton,No Roadway Feature,No traffic control,60 km/h,Sealed - Dry,Darkness - Not lighted,Straight,Veh'S Opposite Approach: Head On,Head-on,0,2,0,0,2,2,0,0,0,0,0,0
295147,Medical treatment,2016,15,Rear-end,Multi-Vehicle,153.117244,-27.543008,Gateway Arterial Rd,,Mackenzie,Mansfield,No Roadway Feature,No traffic control,100 - 110 km/h,Sealed - Dry,Darkness - Lighted,Straight,Veh'S Same Direction: Rear End,Rear-end,0,0,1,0,1,2,0,0,0,0,0,0
295183,Medical treatment,2016,10,Head-on,Multi-Vehicle,152.983458,-27.629758,Kent St,Wadeville St,Heathwood,Algester,Intersection - T-Junction,No traffic control,0 - 50 km/h,Sealed - Dry,Daylight,Straight,Veh'S Opposite Approach: U-Turn,U-turn,0,0,1,0,1,1,0,1,0,0,0,0
295184,Hospitalisation,2016,16,Sideswipe,Multi-Vehicle,153.0216577,-27.56036338,Mt Lindesay Art. Rd,,Coopers Plains,Sunnybank,No Roadway Feature,No traffic control,60 km/h,Sealed - Dry,Daylight,Straight,Veh'S Same Direction: Lane Side Swipe,Lane changes,0,1,0,1,2,1,2,0,0,0,0,0
295185,Hospitalisation,2016,12,Angle,Multi-Vehicle,153.0232443,-27.56467331,Mt Lindesay Art. Rd,,Archerfield,Sunnybank,No Roadway Feature,No traffic control,70 km/h,Sealed - Dry,Daylight,Straight,Veh'S Manoeuvring: Leaving Driveway,Vehicle leaving driveway,0,1,0,0,1,2,0,0,0,0,0,0
295186,Hospitalisation,2016,12,Hit parked vehicle,Single Vehicle,153.0909579,-27.46879745,Wynnum Rd,,Cannon Hill,Bulimba,No Roadway Feature,Road/Rail worker,70 km/h,Sealed - Dry,Daylight,Straight,Off Path-Straight: Left Off Cway Hit Obj,Off carriageway on straight hit object,0,1,0,0,1,1,0,0,0,0,0,1
295188,Medical treatment,2016,16,Rear-end,Multi-Vehicle,153.063508,-27.574814,Mains Rd,,Sunnybank,Sunnybank,No Roadway Feature,No traffic control,70 km/h,Sealed - Dry,Daylight,Straight,Veh'S Same Direction: Rear End,Rear-end,0,0,2,0,2,4,0,0,0,0,0,0
295232,Hospitalisation,2016,19,Angle,Multi-Vehicle,153.078182,-27.613113,Compton Rd,Persse Rd,Runcorn,Stretton,Intersection - T-Junction,Operating traffic lights,70 km/h,Sealed - Dry,Darkness - Lighted,Straight,Veh'S Opposite Approach: Thru-Right,Opposing vehicles turning,0,1,0,0,1,2,0,0,0,0,0,0
295233,Hospitalisation,2016,1,Hit object,Single Vehicle,152.968392,-27.588023,Biota St,,Inala,Inala,No Roadway Feature,No traffic control,0 - 50 km/h,Sealed - Dry,Darkness - Lighted,Straight,Off Path-Straight: Other,Other,0,1,0,0,1,1,0,0,0,0,0,0
295234,Medical treatment,2016,18,Rear-end,Multi-Vehicle,153.0663682,-27.47672468,Bennetts Rd,,Norman Park,Bulimba,No Roadway Feature,No traffic control,60 km/h,Sealed - Dry,Darkness - Lighted,Curved - view open,Veh'S Same Direction: Rear End,Rear-end,0,0,2,1,3,3,0,0,0,0,0,0
295255,Hospitalisation,2016,22,Hit object,Single Vehicle,152.962985,-27.605495,Corvus St,Libra St,Inala,Inala,No Roadway Feature,No traffic control,0 - 50 km/h,Sealed - Dry,Darkness - Lighted,Straight,Off Path-Straight: Left Off Cway Hit Obj,Off carriageway on straight hit object,0,1,0,0,1,0,1,0,0,0,0,0
295256,Fatal,2016,3,Hit pedestrian,Hit pedestrian,153.093011,-27.591378,Underwood Rd,,Eight Mile Plains,Stretton,No Roadway Feature,No traffic control,70 km/h,Sealed - Dry,Darkness - Lighted,Straight,Ped'N: Play; Work; Stand; Lie On C'Way,Pedestrian,1,0,0,0,1,1,0,0,0,0,1,0
295286,Hospitalisation,2016,15,Angle,Multi-Vehicle,153.01673,-27.558534,Beatty Rd,Gladstone St,Archerfield,Sunnybank,No Roadway Feature,No traffic control,60 km/h,Sealed - Dry,Daylight,Straight,Veh'S Manoeuvring: Leaving Driveway,Vehicle leaving driveway,0,1,0,0,1,1,1,0,0,0,0,0
295287,Medical treatment,2016,8,Rear-end,Multi-Vehicle,153.064911,-27.589983,Beenleigh Rd,Gowan Rd,Sunnybank,Sunnybank,Intersection - T-Junction,Operating traffic lights,60 km/h,Sealed - Wet,Daylight,Straight,Veh'S Same Direction: Right Rear,Rear-end,0,0,1,0,1,2,0,0,0,0,0,0
295291,Minor injury,2016,6,Rear-end,Multi-Vehicle,152.979476,-27.612025,Crossacres St,Joseph Banks Ave,Doolandella,Inala,Intersection - Roundabout,Give way sign,0 - 50 km/h,Sealed - Wet,Dawn/Dusk,Straight,Veh'S Same Direction: Rear End,Rear-end,0,0,0,1,1,2,0,0,0,0,0,0
295292,Hospitalisation,2016,8,Rear-end,Multi-Vehicle,152.953475,-27.633815,Johnson Rd,,Forest Lake,Algester,No Roadway Feature,No traffic control,80 - 90 km/h,Sealed - Wet,Daylight,Straight,Veh'S Same Direction: Rear End,Rear-end,0,1,0,1,2,3,0,0,0,0,0,0
295293,Minor injury,2016,9,Rear-end,Multi-Vehicle,153.034572,-27.569798,Boundary Rd,Halt St,Coopers Plains,Sunnybank,Intersection - T-Junction,Operating traffic lights,60 km/h,Sealed - Wet,Daylight,Straight,Veh'S Same Direction: Right Rear,Rear-end,0,0,0,1,1,2,0,0,0,0,0,0
295294,Medical treatment,2016,8,Angle,Multi-Vehicle,152.983243,-27.531007,Hall St,Oxley Rd,Sherwood,Indooroopilly,Intersection - T-Junction,No traffic control,0 - 50 km/h,Sealed - Wet,Daylight,Straight,Veh'S Opposite Approach: Thru-Right,Opposing vehicles turning,0,0,1,0,1,4,0,0,0,0,0,0
295295,Medical treatment,2016,1,Hit object,Single Vehicle,153.066818,-27.560989,Griffith Arterial Rd,,Macgregor,Yeerongpilly,No Roadway Feature,No traffic control,60 km/h,Sealed - Wet,Darkness - Lighted,Straight,Off Path-Straight: Left Off Cway Hit Obj,Off carriageway on straight hit object,0,0,1,0,1,1,0,0,0,0,0,0
295324,Medical treatment,2016,8,Rear-end,Multi-Vehicle,152.980988,-27.57124,Blunder Rd,,Oxley,Inala,No Roadway Feature,No traffic control,60 km/h,Sealed - Wet,Daylight,Straight,Veh'S Same Direction: Rear End,Rear-end,0,0,1,0,1,3,0,0,0,0,0,0
295325,Medical treatment,2016,9,Overturned,Single Vehicle,152.940407,-27.557478,Western Arterial Rd,,Sinnamon Park,Mount Ommaney,Intersection - Interchange,No traffic control,60 km/h,Sealed - Wet,Daylight,Curved - view obscured,Off Path-Curve: Out Of Control On Cway,Out of control on curve,0,0,1,0,1,1,0,0,0,0,0,0
295328,Medical treatment,2016,9,Rear-end,Multi-Vehicle,152.9484424,-27.594473,Garden Rd,,Richlands,Inala,No Roadway Feature,No traffic control,60 km/h,Sealed - Dry,Daylight,Straight,Veh'S Same Direction: Rear End,Rear-end,0,0,1,0,1,2,0,0,0,0,0,0
295362,Minor injury,2016,6,Rear-end,Multi-Vehicle,153.0446867,-27.63922922,Mt Lindesay Art. Rd,,Parkinson,Algester,No Roadway Feature,No traffic control,80 - 90 km/h,Sealed - Wet,Dawn/Dusk,Straight,Veh'S Same Direction: Rear End,Rear-end,0,0,0,2,2,4,0,0,0,0,0,0
295363,Medical treatment,2016,18,Rear-end,Multi-Vehicle,153.101106,-27.489989,Creek Rd,Stanley Rd,Carina,Chatsworth,Intersection - T-Junction,Operating traffic lights,60 km/h,Sealed - Dry,Darkness - Lighted,Straight,Veh'S Same Direction: Rear End,Rear-end,0,0,1,0,1,2,0,0,0,0,0,0
295365,Medical treatment,2016,16,Angle,Multi-Vehicle,153.054008,-27.52016,Birdwood Rd,Esher St,Holland Park West,Greenslopes,Intersection - T-Junction,No traffic control,0 - 50 km/h,Sealed - Dry,Daylight,Straight,Veh'S Adjacant Approach: Thru-Left,Intersection from adjacent approaches,0,0,1,0,1,1,0,0,0,1,0,0
295366,Hospitalisation,2016,4,Fall from vehicle,Single Vehicle,153.056449,-27.525283,Marshall Rd,,Holland Park West,Greenslopes,Intersection - Interchange,Operating traffic lights,60 km/h,Unsealed - Wet,Darkness - Lighted,Straight,Off Path-Straight: Left Turn,Off carriageway on straight,0,1,0,0,1,0,1,0,0,0,0,0
295367,Medical treatment,2016,8,Rear-end,Multi-Vehicle,153.0588375,-27.53800439,South East Arterial Rd,,Holland Park West,Yeerongpilly,No Roadway Feature,No traffic control,100 - 110 km/h,Sealed - Dry,Daylight,Straight,Veh'S Same Direction: Rear End,Rear-end,0,0,1,0,1,3,0,0,0,0,0,0
295369,Medical treatment,2016,7,Angle,Multi-Vehicle,153.071263,-27.463077,Baringa St,Thynne Rd,Morningside,Bulimba,Intersection - T-Junction,No traffic control,60 km/h,Sealed - Wet,Daylight,Straight,Veh'S Manoeuvring: Entering From Footway,Vehicle leaving driveway,0,0,1,0,1,1,0,0,0,1,0,0
295371,Medical treatment,2016,17,Rear-end,Multi-Vehicle,153.0659584,-27.56033192,Nathan Connection Arterial Rd,,Nathan,Yeerongpilly,No Roadway Feature,No traffic control,60 km/h,Sealed - Dry,Dawn/Dusk,Straight,Veh'S Same Direction: Rear End,Rear-end,0,0,1,0,1,2,0,0,0,0,0,0
295398,Medical treatment,2016,8,Angle,Multi-Vehicle,152.959463,-27.591924,Archerfield Rd,Azalea St,Inala,Inala,Intersection - Cross,No traffic control,60 km/h,Sealed - Dry,Daylight,Straight,Veh'S Opposite Approach: Thru-Right,Opposing vehicles turning,0,0,1,1,2,2,0,0,0,0,0,0
295399,Medical treatment,2016,16,Rear-end,Multi-Vehicle,153.02305,-27.52475,Ipswich Rd,,Moorooka,Yeerongpilly,No Roadway Feature,No traffic control,60 km/h,Sealed - Dry,Daylight,Straight,Veh'S Same Direction: Rear End,Rear-end,0,0,1,0,1,2,0,0,0,0,0,0
295400,Medical treatment,2016,15,Rear-end,Multi-Vehicle,153.090837,-27.571218,South East Arterial Rd,,Eight Mile Plains,Sunnybank,Intersection - Interchange,No traffic control,60 km/h,Sealed - Dry,Daylight,Straight,Veh'S Same Direction: Rear End,Rear-end,0,0,1,0,1,2,0,0,0,0,0,0
295401,Medical treatment,2016,8,Rear-end,Multi-Vehicle,153.032917,-27.489412,South East Arterial Rd,,Woolloongabba,South Brisbane,No Roadway Feature,No traffic control,100 - 110 km/h,Sealed - Dry,Daylight,Curved - view open,Veh'S Same Direction: Rear End,Rear-end,0,0,1,0,1,2,0,0,0,0,0,0
295406,Hospitalisation,2016,23,Angle,Multi-Vehicle,153.125853,-27.503165,Cleveland Sub-Arterial Rd,Gateway Art Rd Ramp Vf,Belmont,Chatsworth,Intersection - Interchange,Give way sign,60 km/h,Sealed - Dry,Darkness - Lighted,Straight,Veh'S Adjacant Approach: Thru-Left,Intersection from adjacent approaches,0,1,0,0,1,2,0,0,0,0,0,0
295424,Hospitalisation,2016,9,Hit object,Single Vehicle,153.0405901,-27.64705846,Logan Mwy Ramp Dd,,Parkinson,Algester,Intersection - Interchange,No traffic control,60 km/h,Sealed - Dry,Darkness - Lighted,Curved - view open,Veh'S On Path: Temporary Object On C'Way,Other,0,1,0,0,1,0,1,0,0,0,0,0
295425,Medical treatment,2016,13,Fall from vehicle,Single Vehicle,153.0157357,-27.56386851,Beatty Rd,,Archerfield,Sunnybank,No Roadway Feature,No traffic control,60 km/h,Sealed - Dry,Daylight,Straight,Off Path-Straight:Out Of Control On Cway,Out of control on straight,0,0,1,0,1,0,1,0,0,0,0,0
295426,Hospitalisation,2016,16,Angle,Multi-Vehicle,153.093192,-27.495513,Dickenson St,Old Cleveland Rd,Carina,Chatsworth,Intersection - Cross,No traffic control,60 km/h,Sealed - Dry,Daylight,Straight,Veh'S Manoeuvring: Entering From Footway,Vehicle leaving driveway,0,1,0,0,1,1,0,0,0,1,0,0
295430,Minor injury,2016,9,Hit pedestrian,Hit pedestrian,153.002576,-27.52709,Goodwin St,Lofter St,Tennyson,Indooroopilly,No Roadway Feature,No traffic control,0 - 50 km/h,Sealed - Dry,Daylight,Straight,Ped'N: Play; Work; Stand; Lie On C'Way,Pedestrian,0,0,0,1,1,1,0,0,0,0,1,0
295431,Medical treatment,2016,14,Angle,Multi-Vehicle,153.180557,-27.449539,Kingsley Tce,Picton Pde,Wynnum,Lytton,Intersection - Cross,Stop sign,0 - 50 km/h,Sealed - Dry,Daylight,Straight,Veh'S Adjacent Approach: Thru-Thru,Intersection from adjacent approaches,0,0,1,1,2,2,0,0,0,0,0,0
295464,Hospitalisation,2016,1,Hit parked vehicle,Single Vehicle,153.063607,-27.494239,Halstead St,,Coorparoo,Greenslopes,No Roadway Feature,No traffic control,60 km/h,Sealed - Dry,Darkness - Lighted,Straight,Off Path-Straight: Left Off Cway Hit Obj,Off carriageway on straight hit object,0,1,0,0,1,2,0,0,0,0,0,0
295467,Hospitalisation,2016,10,Hit object,Single Vehicle,153.072728,-27.465332,Kates St,,Morningside,Bulimba,No Roadway Feature,No traffic control,0 - 50 km/h,Sealed - Dry,Daylight,Straight,Off Path-Straight:Right Off Cway Hit Obj,Off carriageway on straight hit object,0,1,0,0,1,1,0,0,0,0,0,0
295468,Medical treatment,2016,7,Angle,Multi-Vehicle,153.059212,-27.472545,Hawthorne Rd,Wynnum Rd,Norman Park,Bulimba,Intersection - T-Junction,Operating traffic lights,60 km/h,Sealed - Dry,Daylight,Straight,Veh'S Manoeuvring: Entering From Footway,Vehicle leaving driveway,0,0,1,0,1,1,0,0,0,1,0,0
295469,Medical treatment,2016,8,Hit object,Single Vehicle,153.088688,-27.563379,Link St,Newnham Rd,Upper Mount Gravatt,Mansfield,Intersection - T-Junction,Operating traffic lights,0 - 50 km/h,Sealed - Dry,Daylight,Straight,Veh'S Adjacant Approach: Thru-Left,Intersection from adjacent approaches,0,0,1,0,1,3,0,0,0,0,0,0
295470,Hospitalisation,2016,3,Hit object,Single Vehicle,153.09709,-27.588478,Gateway Arterial Rd,,Eight Mile Plains,Stretton,No Roadway Feature,No traffic control,100 - 110 km/h,Sealed - Dry,Darkness - Not lighted,Curved - view open,Off Path-Curve: Off Cway Rt Bend Hit Obj,Off carriageway on curve hit object,0,1,0,0,1,1,0,0,0,0,0,0
295471,Medical treatment,2016,16,Angle,Multi-Vehicle,153.033434,-27.480638,Llewellyn St,River Tce,Kangaroo Point,South Brisbane,Intersection - T-Junction,No traffic control,60 km/h,Sealed - Dry,Dawn/Dusk,Straight,Veh'S Adjacent Approach: Thru-Right,Intersection from adjacent approaches,0,0,1,0,1,1,1,0,0,0,0,0
295472,Hospitalisation,2016,13,Angle,Multi-Vehicle,153.175597,-27.44573,Bay Tce,Chestnut St,Wynnum,Lytton,Intersection - Cross,Give way sign,0 - 50 km/h,Sealed - Dry,Daylight,Straight,Veh'S Adjacent Approach: Thru-Thru,Intersection from adjacent approaches,0,1,0,0,1,2,0,0,0,0,0,0
295473,Medical treatment,2016,0,Hit pedestrian,Hit pedestrian,153.181705,-27.45013,Gordon Pde,Kingsley Tce,Manly,Lytton,Intersection - Roundabout,Give way sign,0 - 50 km/h,Sealed - Dry,Darkness - Lighted,Straight,Ped'N: Near Side Vehicle Hit From Right,Pedestrian,0,0,1,0,1,0,0,0,0,0,1,1
295491,Medical treatment,2016,18,Rear-end,Multi-Vehicle,153.0560018,-27.49634074,Old Cleveland Rd,,Coorparoo,South Brisbane,No Roadway Feature,No traffic control,60 km/h,Sealed - Wet,Darkness - Lighted,Straight,Veh'S Same Direction: Rear End,Rear-end,0,0,1,0,1,2,0,0,0,0,0,0
295492,Medical treatment,2016,14,Hit object,Single Vehicle,153.012783,-27.541493,Ipswich Rd On Ramp,Sherwood Rd,Moorooka,Yeerongpilly,Intersection - Interchange,No traffic control,60 km/h,Sealed - Wet,Daylight,Straight,Off Path-Straight: Left Off Cway Hit Obj,Off carriageway on straight hit object,0,0,1,0,1,1,0,0,0,0,0,0
295493,Hospitalisation,2016,8,Fall from vehicle,Single Vehicle,153.04064,-27.557257,Kessels Rd,Orange Grove Rd,Salisbury,Yeerongpilly,Intersection - T-Junction,Operating traffic lights,60 km/h,Sealed - Wet,Daylight,Straight,Off Path-Straight:Out Of Control On Cway,Out of control on straight,0,1,0,0,1,0,1,0,0,0,0,0
295494,Medical treatment,2016,7,Hit object,Single Vehicle,153.070515,-27.469138,Thynne Rd,Wynnum Rd,Morningside,Bulimba,Intersection - Cross,Operating traffic lights,60 km/h,Sealed - Wet,Daylight,Straight,Off Path-Straight: Left Off Cway Hit Obj,Off carriageway on straight hit object,0,0,1,0,1,1,0,0,0,0,0,0
295495,Hospitalisation,2016,23,Rear-end,Multi-Vehicle,153.038229,-27.570392,Boundary Rd,Breton St,Coopers Plains,Sunnybank,Intersection - Cross,Operating traffic lights,60 km/h,Sealed - Wet,Darkness - Lighted,Straight,Veh'S Same Direction: Rear End,Rear-end,0,3,0,0,3,2,0,0,0,0,0,0
295496,Medical treatment,2016,16,Angle,Multi-Vehicle,153.12395,-27.546608,Grieve Rd,Redland Sub-Arterial Rd,Mackenzie,Mansfield,Intersection - T-Junction,Operating traffic lights,70 km/h,Sealed - Wet,Darkness - Lighted,Straight,Veh'S Opposite Approach: Thru-Right,Opposing vehicles turning,0,0,1,0,1,2,0,0,0,0,0,0
295510,Minor injury,2016,7,Rear-end,Multi-Vehicle,153.048138,-27.608701,Highlands Dr,Mt Lindesay Art. Rd,Calamvale,Stretton,Intersection - T-Junction,Operating traffic lights,80 - 90 km/h,Sealed - Wet,Daylight,Straight,Veh'S Same Direction: Rear End,Rear-end,0,0,0,2,2,2,0,0,0,0,0,0
295511,Medical treatment,2016,8,Rear-end,Multi-Vehicle,153.046693,-27.502852,Cornwall St,,Greenslopes,South Brisbane,No Roadway Feature,No traffic control,60 km/h,Sealed - Dry,Daylight,Straight,Veh'S Same Direction: Rear End,Rear-end,0,0,1,1,2,1,0,0,1,0,0,0
295513,Hospitalisation,2016,11,Rear-end,Multi-Vehicle,153.024768,-27.532875,Beaudesert Rd,Mayfield Rd,Moorooka,Yeerongpilly,Intersection - T-Junction,Operating traffic lights,60 km/h,Sealed - Dry,Daylight,Curved - view open,Veh'S Same Direction: Rear End,Rear-end,0,2,0,0,2,2,0,0,0,0,0,0
295514,Medical treatment,2016,14,Rear-end,Multi-Vehicle,153.1007185,-27.44505138,Gateway Arterial Rd,,Murarrie,Bulimba,Bridge/Causeway,No traffic control,80 - 90 km/h,Sealed - Dry,Daylight,Straight,Veh'S On Path: Accident Or Broken Down,Hit parked vehicle,0,0,1,0,1,2,0,0,0,0,0,0
295515,Medical treatment,2016,18,Hit pedestrian,Hit pedestrian,153.018318,-27.474019,Grey St,Melbourne St,South Brisbane,South Brisbane,Intersection - Cross,Operating traffic lights,0 - 50 km/h,Sealed - Dry,Darkness - Lighted,Straight,Ped'N: Near Side Vehicle Hit From Right,Pedestrian,0,0,1,0,1,0,0,0,1,0,1,0
295549,Minor injury,2016,17,Angle,Multi-Vehicle,153.0249561,-27.57971125,Mortimer Rd,,Acacia Ridge,Sunnybank,No Roadway Feature,No traffic control,60 km/h,Sealed - Dry,Dawn/Dusk,Straight,Veh'S Manoeuvring: Leaving Driveway,Vehicle leaving driveway,0,0,0,2,2,2,0,0,0,0,0,0
295553,Hospitalisation,2016,14,Angle,Multi-Vehicle,153.0561214,-27.525484,Marshall Rd,South East Arterial Rd,Holland Park West,Greenslopes,Intersection - Interchange,Operating traffic lights,60 km/h,Sealed - Dry,Daylight,Straight,Veh'S Adjacent Approach: Thru-Thru,Intersection from adjacent approaches,0,1,1,0,2,2,0,0,0,0,0,0
295554,Medical treatment,2016,6,Rear-end,Multi-Vehicle,153.052469,-27.520999,South East Arterial Rd,,Holland Park West,Yeerongpilly,Intersection - Interchange,No traffic control,100 - 110 km/h,Sealed - Dry,Darkness - Lighted,Straight,Veh'S Same Direction: Rear End,Rear-end,0,0,1,0,1,3,0,0,0,0,0,0
295555,Hospitalisation,2016,6,Angle,Multi-Vehicle,153.071993,-27.470576,Bundara St,Richmond Rd,Morningside,Bulimba,Intersection - T-Junction,Stop sign,60 km/h,Sealed - Dry,Dawn/Dusk,Straight,Veh'S Adjacent Approach: Thru-Right,Intersection from adjacent approaches,0,1,0,0,1,1,0,0,0,1,0,0
295556,Medical treatment,2016,8,Sideswipe,Multi-Vehicle,153.1107093,-27.46165515,Gateway Arterial Rd,,Murarrie,Bulimba,No Roadway Feature,No traffic control,100 - 110 km/h,Sealed - Dry,Daylight,Straight,Veh'S Same Direction: Lane Change Left,Lane changes,0,0,1,0,1,2,0,1,0,0,0,0
295557,Hospitalisation,2016,8,Hit object,Single Vehicle,153.15965,-27.475031,Manly Rd,,Wakerley,Chatsworth,No Roadway Feature,No traffic control,60 km/h,Sealed - Dry,Daylight,Straight,Off Path-Straight: Left Off Cway Hit Obj,Off carriageway on straight hit object,0,1,0,0,1,1,0,0,0,0,0,0
295558,Medical treatment,2016,16,Hit pedestrian,Hit pedestrian,153.1553568,-27.45389598,Wynnum Rd,,Wynnum West,Lytton,No Roadway Feature,No traffic control,60 km/h,Sealed - Dry,Dawn/Dusk,Straight,Ped'N: Play; Work; Stand; Lie On C'Way,Pedestrian,0,0,1,1,2,1,0,0,0,0,1,0
295578,Medical treatment,2016,16,Rear-end,Multi-Vehicle,153.100882,-27.49898,Creek Rd,Old Cleveland Rd,Carindale,Chatsworth,Intersection - Cross,Operating traffic lights,60 km/h,Sealed - Dry,Daylight,Straight,Veh'S Same Direction: Right Rear,Rear-end,0,0,1,0,1,2,0,0,0,0,0,0
295583,Medical treatment,2016,15,Hit object,Single Vehicle,153.054757,-27.47478,Norman Ave,Wynnum Rd,Norman Park,Bulimba,Intersection - T-Junction,Operating traffic lights,60 km/h,Sealed - Wet,Daylight,Straight,Off Path-Straight: Left Off Cway Hit Obj,Off carriageway on straight hit object,0,0,1,0,1,1,0,0,0,0,0,0
295610,Medical treatment,2016,17,Rear-end,Multi-Vehicle,152.980604,-27.566239,Cunningham Arterial Rd,,Oxley,Inala,No Roadway Feature,No traffic control,80 - 90 km/h,Sealed - Dry,Darkness - Lighted,Straight,Veh'S Same Direction: Rear End,Rear-end,0,0,1,0,1,4,0,0,0,0,0,0
295612,Medical treatment,2016,14,Rear-end,Multi-Vehicle,153.043219,-27.49828,Cleveland St,Logan Rd,Greenslopes,South Brisbane,Intersection - T-Junction,Stop sign,0 - 50 km/h,Sealed - Dry,Daylight,Curved - view open,Veh'S Same Direction: Left Rear,Rear-end,0,0,1,0,1,2,0,0,0,0,0,0
295617,Medical treatment,2016,7,Rear-end,Multi-Vehicle,153.1090338,-27.5608602,Gateway Arterial Rd,,Rochedale,Mansfield,No Roadway Feature,No traffic control,100 - 110 km/h,Sealed - Dry,Daylight,Straight,Veh'S Same Direction: Rear End,Rear-end,0,0,2,0,2,2,0,0,0,0,0,0