Crash_Ref_Number,Severity,Year,Hour,Crash_Nature,Crash_Type,Longitude,Latitude,Street,Street_Intersecting,Suburb,Loc_State_Electorate,Crash_Roadway_Feature,Crash_Traffic_Control,Crash_Speed_Limit,Crash_Road_Surface_Condition,Crash_Lighting_Condition,Crash_Road_Horiz_Align,Crash_DCA_Description,Crash_DCA_Group_Description,Count_Casualty_Fatality,Count_Casualty_Hospitalised,Count_Casualty_MedicallyTreated,Count_Casualty_MinorInjury,Count_Casualty_Total,Count_Unit_Car,Count_Unit_Motorcycle_Moped,Count_Unit_Truck,Count_Unit_Bus,Count_Unit_Bicycle,Count_Unit_Pedestrian,Count_Unit_Other
295624,Medical treatment,2016,9,Rear-end,Multi-Vehicle,153.1797871,-27.51406098,Cleveland Sub-Arterial Rd,,Chandler,Chatsworth,No Roadway Feature,No traffic control,70 km/h,Sealed - Wet,Daylight,Straight,Veh'S Same Direction: Right Rear,Rear-end,0,0,1,0,1,2,0,0,0,0,0,0
295626,Hospitalisation,2016,17,Angle,Multi-Vehicle,152.930719,-27.611974,Boundary Rd,Logan Mwy,Ellen Grove,Inala,Intersection - T-Junction,No traffic control,60 km/h,Sealed - Dry,Daylight,Straight,Veh'S Opposite Approach: Thru-Right,Opposing vehicles turning,0,1,0,0,1,2,0,0,0,0,0,0
295641,Medical treatment,2016,7,Rear-end,Multi-Vehicle,152.941009,-27.547842,Dandenong Rd,Western Arterial Rd,Mount Ommaney,Mount Ommaney,Intersection - Interchange,Give way sign,60 km/h,Sealed - Wet,Daylight,Straight,Veh'S Same Direction: Left Rear,Rear-end,0,0,2,0,2,2,0,0,0,0,0,0
295642,Medical treatment,2016,9,Angle,Multi-Vehicle,152.9556956,-27.54140296,Seventeen Mile Rocks Rd,,Seventeen Mile Rocks,Mount Ommaney,No Roadway Feature,No traffic control,60 km/h,Sealed - Wet,Daylight,Straight,Veh'S Manoeuvring: Leaving Driveway,Vehicle leaving driveway,0,0,1,0,1,2,0,0,0,0,0,0
295643,Medical treatment,2016,19,Rear-end,Multi-Vehicle,153.035632,-27.598298,Bradman St,Learoyd Rd,Acacia Ridge,Sunnybank,Intersection - Roundabout,Give way sign,60 km/h,Sealed - Dry,Darkness - Lighted,Straight,Veh'S Same Direction: Rear End,Rear-end,0,0,1,0,1,2,0,0,0,0,0,0
295644,Hospitalisation,2016,18,Fall from vehicle,Single Vehicle,153.0549113,-27.60783828,Calam Rd,Orsino St,Sunnybank Hills,Stretton,Intersection - T-Junction,Give way sign,70 km/h,Sealed - Dry,Darkness - Lighted,Straight,Off Path-Straight:Out Of Control On Cway,Out of control on straight,0,1,0,0,1,1,1,0,0,0,0,0
295646,Hospitalisation,2016,9,Rear-end,Multi-Vehicle,153.050895,-27.476146,Gillan St,Wynnum Rd,Norman Park,Bulimba,Intersection - T-Junction,No traffic control,60 km/h,Sealed - Dry,Daylight,Straight,Veh'S Same Direction: Rear End,Rear-end,0,1,0,1,2,3,0,0,0,0,0,0
295647,Medical treatment,2016,18,Angle,Multi-Vehicle,153.079767,-27.45626,Lytton Rd,,Morningside,Bulimba,No Roadway Feature,No traffic control,60 km/h,Sealed - Dry,Darkness - Lighted,Straight,Veh'S Manoeuvring: Entering From Footway,Vehicle leaving driveway,0,0,2,0,2,2,0,0,0,0,0,0
295649,Hospitalisation,2016,21,Hit object,Single Vehicle,153.000414,-27.553489,Dunn Rd,Grindle Rd,Rocklea,Yeerongpilly,Intersection - T-Junction,No traffic control,60 km/h,Sealed - Dry,Darkness - Lighted,Straight,Off Path-Straight: Left Off Cway Hit Obj,Off carriageway on straight hit object,0,1,0,0,1,1,0,0,0,0,0,0
295650,Medical treatment,2016,16,Rear-end,Multi-Vehicle,153.048675,-27.577269,Breton St,,Sunnybank,Sunnybank,No Roadway Feature,No traffic control,0 - 50 km/h,Sealed - Dry,Daylight,Straight,Veh'S Same Direction: Rear End,Rear-end,0,0,1,0,1,3,0,0,0,0,0,0
295651,Medical treatment,2016,15,Rear-end,Multi-Vehicle,153.121924,-27.54024,Mt Petrie Rd,,Mackenzie,Mansfield,No Roadway Feature,No traffic control,60 km/h,Sealed - Dry,Daylight,Straight,Veh'S Same Direction: Rear End,Rear-end,0,0,1,0,1,2,0,0,0,0,0,0
295652,Hospitalisation,2016,1,Hit object,Single Vehicle,153.083772,-27.596472,Warrigal Rd,,Runcorn,Stretton,No Roadway Feature,No traffic control,60 km/h,Sealed - Wet,Darkness - Lighted,Straight,Off Path-Straight: Mounts Traffic Island,Off carriageway on straight hit object,0,1,0,0,1,2,0,0,0,0,0,0
295653,Medical treatment,2016,13,Angle,Multi-Vehicle,153.113583,-27.472857,Murarrie Rd,Wynnum Rd,Tingalpa,Chatsworth,Intersection - T-Junction,No traffic control,70 km/h,Sealed - Dry,Daylight,Straight,Veh'S Manoeuvring: Entering From Footway,Vehicle leaving driveway,0,0,1,0,1,1,0,0,0,1,0,0
295674,Minor injury,2016,7,Angle,Multi-Vehicle,152.96133,-27.575994,Acanthus St,Boundary Rd,Darra,Inala,Intersection - T-Junction,No traffic control,60 km/h,Sealed - Dry,Daylight,Straight,Veh'S Opposite Approach: Thru-Right,Opposing vehicles turning,0,0,0,2,2,0,0,2,0,0,0,0
295675,Medical treatment,2016,8,Rear-end,Multi-Vehicle,152.940995,-27.547824,Dandenong Rd,Western Arterial Rd,Mount Ommaney,Mount Ommaney,Intersection - Roundabout,Give way sign,60 km/h,Sealed - Dry,Daylight,Straight,Veh'S Same Direction: Right Rear,Rear-end,0,0,1,0,1,2,0,0,0,0,0,0
295676,Medical treatment,2016,8,Rear-end,Multi-Vehicle,153.060834,-27.588088,Beenleigh Rd,Mains Rd,Sunnybank,Stretton,Intersection - T-Junction,Operating traffic lights,60 km/h,Sealed - Dry,Daylight,Straight,Veh'S Same Direction: Left Rear,Rear-end,0,0,1,0,1,2,0,0,0,0,0,0
295677,Medical treatment,2016,21,Rear-end,Multi-Vehicle,153.040796,-27.504027,Earl St,,Greenslopes,South Brisbane,No Roadway Feature,No traffic control,60 km/h,Sealed - Dry,Darkness - Lighted,Straight,Veh'S Same Direction: Rear End,Rear-end,0,0,2,0,2,2,0,0,0,0,0,0
295678,Medical treatment,2016,11,Head-on,Multi-Vehicle,153.000256,-27.593753,King Ave,,Willawong,Algester,No Roadway Feature,No traffic control,80 - 90 km/h,Sealed - Dry,Daylight,Straight,Veh'S Opposite Approach: Head On,Head-on,0,0,1,0,1,3,0,0,0,0,0,0
295679,Medical treatment,2016,13,Angle,Multi-Vehicle,153.092352,-27.543608,Broadwater Rd,Newnham Rd,Mount Gravatt East,Mansfield,Intersection - Cross,Operating traffic lights,60 km/h,Sealed - Dry,Daylight,Straight,Veh'S Opposite Approach: U-Turn,U-turn,0,0,1,0,1,2,0,0,0,0,0,0
295710,Medical treatment,2016,8,Hit object,Single Vehicle,153.039698,-27.626921,Benhiam St,,Calamvale,Stretton,No Roadway Feature,No traffic control,0 - 50 km/h,Sealed - Dry,Daylight,Straight,Off Path-Straight: Left Off Cway Hit Obj,Off carriageway on straight hit object,0,0,1,0,1,1,0,0,0,0,0,0
295719,Hospitalisation,2016,14,Angle,Multi-Vehicle,153.151887,-27.498314,Grassdale Rd,Tilley Rd,Gumdale,Chatsworth,Intersection - Cross,Stop sign,70 km/h,Sealed - Dry,Daylight,Straight,Veh'S Adjacent Approach: Thru-Thru,Intersection from adjacent approaches,0,1,2,0,3,2,0,0,0,0,0,0
295737,Minor injury,2016,10,Angle,Multi-Vehicle,153.058713,-27.59793,Noelana St,Pinelands Rd,Sunnybank Hills,Sunnybank,Intersection - T-Junction,No traffic control,70 km/h,Sealed - Wet,Daylight,Straight,Veh'S Adjacent Approach: Thru-Right,Intersection from adjacent approaches,0,0,0,1,1,2,0,0,0,0,0,0
295740,Medical treatment,2016,15,Sideswipe,Multi-Vehicle,153.127474,-27.568518,Rochedale Rd,,Rochedale,Mansfield,No Roadway Feature,No traffic control,70 km/h,Sealed - Dry,Daylight,Straight,Veh'S Same Direction: Left Turn S/Swipe,Parallel lanes turning,0,0,1,0,1,1,0,1,0,0,0,0
295741,Hospitalisation,2016,9,Head-on,Multi-Vehicle,153.184358,-27.472092,Whites Rd,,Lota,Lytton,No Roadway Feature,No traffic control,60 km/h,Sealed - Wet,Daylight,Curved - view open,Veh'S Opposite Approach: Head On,Head-on,0,1,0,0,1,2,0,0,0,0,0,0
295759,Medical treatment,2016,7,Rear-end,Multi-Vehicle,153.04704,-27.502903,Cornwall St,Logan Rd,Greenslopes,South Brisbane,Intersection - Cross,Operating traffic lights,60 km/h,Sealed - Dry,Daylight,Straight,Veh'S Same Direction: Rear End,Rear-end,0,0,2,0,2,2,0,0,0,0,0,0
295763,Hospitalisation,2016,14,Angle,Multi-Vehicle,152.978984,-27.598097,Inala Ave,Swallow St,Inala,Inala,Intersection - T-Junction,No traffic control,60 km/h,Sealed - Dry,Daylight,Straight,Veh'S Manoeuvring: Entering From Footway,Vehicle leaving driveway,0,1,0,0,1,1,0,0,0,0,0,1
295765,Medical treatment,2016,16,Rear-end,Multi-Vehicle,153.077273,-27.552563,Klumpp Rd,,Upper Mount Gravatt,Mansfield,No Roadway Feature,No traffic control,60 km/h,Sealed - Dry,Daylight,Straight,Veh'S Same Direction: Rear End,Rear-end,0,0,1,0,1,1,0,1,0,0,0,0
295766,Medical treatment,2016,15,Hit pedestrian,Hit pedestrian,153.019649,-27.480384,Ernest St,,South Brisbane,South Brisbane,No Roadway Feature,Road/Rail worker,0 - 50 km/h,Sealed - Dry,Daylight,Straight,Ped'N: Play; Work; Stand; Lie On C'Way,Pedestrian,0,0,1,0,1,1,0,0,0,0,1,0
295767,Hospitalisation,2016,11,Rear-end,Multi-Vehicle,153.039321,-27.497554,O'Keefe St,,Woolloongabba,South Brisbane,No Roadway Feature,No traffic control,60 km/h,Sealed - Dry,Daylight,Straight,Veh'S Same Direction: Rear End,Rear-end,0,1,0,0,1,1,1,0,0,0,0,0
295795,Medical treatment,2016,13,Angle,Multi-Vehicle,153.098176,-27.512453,Creek Rd,Gallipoli Rd,Carina Heights,Chatsworth,Intersection - Cross,Operating traffic lights,60 km/h,Sealed - Dry,Daylight,Straight,Veh'S Opposite Approach: Thru-Right,Opposing vehicles turning,0,0,1,0,1,2,0,0,0,0,0,0
295798,Medical treatment,2016,12,Angle,Multi-Vehicle,153.050681,-27.497338,Main Ave,Sixth Ave,Greenslopes,South Brisbane,Intersection - T-Junction,Give way sign,60 km/h,Sealed - Dry,Darkness - Lighted,Straight,Veh'S Adjacent Approach: Thru-Right,Intersection from adjacent approaches,0,0,1,0,1,2,0,0,0,0,0,0
295800,Medical treatment,2016,18,Angle,Multi-Vehicle,152.969721,-27.63666,Johnson Rd,,Forest Lake,Algester,No Roadway Feature,No traffic control,80 - 90 km/h,Sealed - Dry,Darkness - Lighted,Curved - view open,Veh'S Manoeuvring: Entering From Footway,Vehicle leaving driveway,0,0,1,0,1,1,1,0,0,0,0,0
295802,Hospitalisation,2016,17,Sideswipe,Multi-Vehicle,153.095432,-27.4741791,Creek Rd,,Cannon Hill,Bulimba,No Roadway Feature,No traffic control,60 km/h,Sealed - Dry,Daylight,Straight,Veh'S Same Direction: Lane Change Left,Lane changes,0,1,0,0,1,0,1,0,0,0,0,1
295803,Medical treatment,2016,19,Angle,Multi-Vehicle,153.079117,-27.587385,Daw Rd,Hill Rd,Runcorn,Sunnybank,Intersection - Roundabout,Give way sign,0 - 50 km/h,Sealed - Dry,Darkness - Lighted,Straight,Veh'S Adjacent Approach: Right-Thru,Intersection from adjacent approaches,0,0,1,0,1,2,0,0,0,0,0,0
295804,Hospitalisation,2016,6,Angle,Multi-Vehicle,153.009419,-27.475695,Mollison St,Montague Rd,South Brisbane,South Brisbane,Intersection - Cross,Operating traffic lights,60 km/h,Sealed - Dry,Dawn/Dusk,Straight,Veh'S Opposite Approach: Thru-Right,Opposing vehicles turning,0,1,1,0,2,1,2,0,0,0,0,0
295834,Medical treatment,2016,9,Sideswipe,Multi-Vehicle,153.062118,-27.58845099,Ardargie St,Beenleigh Rd,Sunnybank,Sunnybank,Intersection - T-Junction,No traffic control,60 km/h,Sealed - Dry,Daylight,Straight,Veh'S Same Direction: Lane Change Left,Lane changes,0,0,1,0,1,1,0,1,0,0,0,0
295841,Minor injury,2016,10,Hit object,Single Vehicle,152.973901,-27.553239,Cook St,Oxley Station Rd,Oxley,Mount Ommaney,No Roadway Feature,No traffic control,0 - 50 km/h,Sealed - Dry,Daylight,Straight,Veh'S Manoeuvring: Other,Other,0,0,0,1,1,1,0,0,0,0,0,0
295842,Medical treatment,2016,9,Rear-end,Multi-Vehicle,152.987627,-27.53311,Jerrold St,Sherwood Rd,Sherwood,Indooroopilly,Intersection - T-Junction,Stop sign,0 - 50 km/h,Sealed - Dry,Daylight,Straight,Veh'S Same Direction: Right Rear,Rear-end,0,0,1,0,1,2,0,0,0,0,0,0
295843,Hospitalisation,2016,8,Hit object,Single Vehicle,152.982107,-27.536919,Oxley Rd,,Corinda,Indooroopilly,No Roadway Feature,No traffic control,60 km/h,Sealed - Dry,Daylight,Straight,Veh'S On Path: Permanent Obstruction,Hit permanent obstruction on carriageway,0,1,0,0,1,0,0,1,0,0,0,0
295869,Hospitalisation,2016,10,Hit object,Single Vehicle,153.026662,-27.631274,Glenfield St,,Parkinson,Algester,No Roadway Feature,No traffic control,0 - 50 km/h,Sealed - Dry,Daylight,Curved - view open,Off Path-Curve: Off Cway Rt Bend Hit Obj,Off carriageway on curve hit object,0,1,0,0,1,1,0,0,0,0,0,0
295870,Medical treatment,2016,16,Rear-end,Multi-Vehicle,153.051696,-27.612535,Mt Lindesay Art. Rd,,Calamvale,Stretton,Merge Lane,No traffic control,70 km/h,Sealed - Dry,Dawn/Dusk,Curved - view obscured,Veh'S Same Direction: Lane Change Right,Lane changes,0,0,1,0,1,2,0,0,0,0,0,0
295873,Medical treatment,2016,0,Hit object,Single Vehicle,153.031574,-27.554818,Bidder St,,Salisbury,Yeerongpilly,No Roadway Feature,No traffic control,0 - 50 km/h,Sealed - Dry,Darkness - Lighted,Straight,Off Path-Straight:Right Off Cway Hit Obj,Off carriageway on straight hit object,0,0,1,0,1,1,0,0,0,0,0,0
295874,Hospitalisation,2016,14,Angle,Multi-Vehicle,153.054757,-27.47478,Norman Ave,Wynnum Rd,Norman Park,Bulimba,Intersection - Cross,Operating traffic lights,60 km/h,Sealed - Dry,Daylight,Straight,Veh'S Opposite Approach: Thru-Right,Opposing vehicles turning,0,1,0,0,1,3,0,0,0,0,0,0
295875,Minor injury,2016,8,Sideswipe,Multi-Vehicle,153.000476,-27.559609,Cunningham Arterial Rd,,Rocklea,Sunnybank,Intersection - Interchange,No traffic control,80 - 90 km/h,Sealed - Dry,Daylight,Straight,Veh'S Same Direction: Lane Change Left,Lane changes,0,0,0,2,2,1,0,1,0,0,0,0
295876,Medical treatment,2016,14,Rear-end,Multi-Vehicle,153.066209,-27.561181,Griffith Arterial Rd,Mains Rd,Macgregor,Sunnybank,Intersection - T-Junction,No traffic control,60 km/h,Sealed - Dry,Daylight,Straight,Veh'S Same Direction: Left Rear,Rear-end,0,0,1,0,1,2,0,0,0,0,0,0
295877,Hospitalisation,2016,10,Angle,Multi-Vehicle,153.009314,-27.486966,Dornoch Tce,Katrine St,West End,South Brisbane,Intersection - T-Junction,No traffic control,0 - 50 km/h,Sealed - Dry,Daylight,Straight,Veh'S Manoeuvring: Entering From Footway,Vehicle leaving driveway,0,1,0,0,1,1,0,0,0,1,0,0
295878,Hospitalisation,2016,11,Hit parked vehicle,Single Vehicle,153.032939,-27.488761,South East Arterial Rd,,Woolloongabba,South Brisbane,No Roadway Feature,No traffic control,80 - 90 km/h,Sealed - Dry,Daylight,Curved - view open,Veh'S Same Direction: Lane Side Swipe,Lane changes,0,3,0,0,3,3,0,0,0,0,1,0
295908,Medical treatment,2016,12,Rear-end,Multi-Vehicle,153.0580756,-27.53339435,South East Arterial Rd,,Holland Park West,Greenslopes,No Roadway Feature,No traffic control,100 - 110 km/h,Sealed - Dry,Daylight,Straight,Veh'S Same Direction: Rear End,Rear-end,0,0,1,0,1,2,1,0,0,0,0,0
295916,Hospitalisation,2016,14,Hit object,Single Vehicle,153.1409603,-27.54494842,Mt Gravatt - Capalaba Rd,,Burbank,Mansfield,No Roadway Feature,No traffic control,80 - 90 km/h,Sealed - Dry,Daylight,Curved - view open,Off Path-Curve: Other,Other,0,1,0,0,1,1,0,0,0,0,0,0
295944,Hospitalisation,2016,15,Head-on,Multi-Vehicle,153.064455,-27.466089,Riding Rd,,Hawthorne,Bulimba,No Roadway Feature,No traffic control,60 km/h,Sealed - Dry,Darkness - Lighted,Curved - view open,Veh'S Opposite Approach: Head On,Head-on,0,1,0,0,1,2,0,0,0,0,0,0
295945,Medical treatment,2016,17,Angle,Multi-Vehicle,153.088059,-27.572745,Bleasby Rd,Warrigal Rd,Eight Mile Plains,Sunnybank,Intersection - Cross,Stop sign,0 - 50 km/h,Sealed - Dry,Darkness - Lighted,Straight,Veh'S Adjacent Approach: Thru-Thru,Intersection from adjacent approaches,0,0,1,0,1,2,0,0,0,0,0,0
295946,Hospitalisation,2016,16,Angle,Multi-Vehicle,153.176077,-27.442286,Wynnum Esp,,Wynnum,Lytton,No Roadway Feature,Pedestrian crossing sign,0 - 50 km/h,Sealed - Dry,Daylight,Curved - view open,Veh'S Manoeuvring: Entering From Footway,Vehicle leaving driveway,0,1,0,0,1,1,0,0,0,1,0,0
295965,Minor injury,2016,14,Hit pedestrian,Hit pedestrian,153.054378,-27.611371,Calam Rd,Compton Rd,Sunnybank Hills,Stretton,Intersection - T-Junction,No traffic control,60 km/h,Sealed - Dry,Daylight,Straight,Ped'N: Near Side Vehicle Hit From Right,Pedestrian,0,0,0,1,1,1,0,0,0,0,1,0
295966,Hospitalisation,2016,15,Rear-end,Multi-Vehicle,153.0477936,-27.60834497,Mt Lindesay Art. Rd,,Sunnybank Hills,Stretton,No Roadway Feature,No traffic control,80 - 90 km/h,Sealed - Dry,Daylight,Straight,Veh'S Same Direction: Rear End,Rear-end,0,2,1,0,3,3,0,0,0,0,0,0
295967,Hospitalisation,2016,7,Angle,Multi-Vehicle,153.015966,-27.518771,Fairfield Rd,Yeronga St,Yeronga,Yeerongpilly,Intersection - T-Junction,Operating traffic lights,60 km/h,Sealed - Dry,Daylight,Straight,Veh'S Adjacent Approach: Thru-Right,Intersection from adjacent approaches,0,2,0,0,2,2,0,0,0,0,0,0
295969,Medical treatment,2016,12,Hit object,Single Vehicle,153.011822,-27.540314,Fairfield Rd,,Yeerongpilly,Yeerongpilly,No Roadway Feature,No traffic control,70 km/h,Sealed - Dry,Daylight,Curved - view open,Off Path-Curve: Off Cway Rt Bend Hit Obj,Off carriageway on curve hit object,0,0,2,0,2,1,0,0,0,0,0,0
295970,Medical treatment,2016,16,Fall from vehicle,Single Vehicle,153.0879586,-27.56847736,South East Arterial Rd,,Eight Mile Plains,Mansfield,Intersection - Interchange,No traffic control,60 km/h,Sealed - Dry,Daylight,Straight,Off Path-Straight:Out Of Control On Cway,Out of control on straight,0,0,1,0,1,0,1,0,0,0,0,0
295997,Medical treatment,2016,16,Angle,Multi-Vehicle,153.039982,-27.638831,Algester Rd,Lake Eyre Cres,Parkinson,Algester,Intersection - T-Junction,No traffic control,60 km/h,Sealed - Dry,Daylight,Curved - view open,Veh'S Opposite Approach: Thru-Right,Opposing vehicles turning,0,0,2,0,2,2,0,0,0,0,0,0
295998,Hospitalisation,2016,17,Angle,Multi-Vehicle,153.061719,-27.612935,Gowan Rd,Malmsey St,Calamvale,Stretton,Intersection - T-Junction,No traffic control,60 km/h,Sealed - Dry,Dawn/Dusk,Straight,Veh'S Manoeuvring: Entering From Footway,Vehicle leaving driveway,0,1,0,0,1,1,1,0,0,0,0,0
296003,Minor injury,2016,12,Rear-end,Multi-Vehicle,153.0732775,-27.53131563,Logan Rd,,Mount Gravatt,Greenslopes,No Roadway Feature,No traffic control,60 km/h,Sealed - Wet,Daylight,Straight,Veh'S Same Direction: Rear End,Rear-end,0,0,0,1,1,2,0,0,0,0,0,0
296004,Medical treatment,2016,16,Hit object,Single Vehicle,152.9919,-27.630995,Wadeville St,,Pallara,Algester,No Roadway Feature,No traffic control,60 km/h,Sealed - Dry,Daylight,Straight,Off Path-Straight: Left Off Cway Hit Obj,Off carriageway on straight hit object,0,0,1,0,1,1,0,0,0,0,0,0
296006,Medical treatment,2016,6,Angle,Multi-Vehicle,153.066084,-27.572256,Mccullough St,,Sunnybank,Sunnybank,No Roadway Feature,Operating traffic lights,60 km/h,Sealed - Wet,Darkness - Lighted,Straight,Veh'S Opposite Approach: Thru-Right,Opposing vehicles turning,0,0,1,0,1,2,0,0,0,0,0,0
296007,Hospitalisation,2016,14,Fall from vehicle,Single Vehicle,153.035657,-27.476423,Main St,River Tce,Kangaroo Point,South Brisbane,Intersection - Cross,Operating traffic lights,0 - 50 km/h,Sealed - Wet,Daylight,Straight,Off Path-Straight: Right Turn,Off carriageway on straight,0,1,0,0,1,0,1,0,0,0,0,0
296008,Hospitalisation,2016,12,Angle,Multi-Vehicle,153.156978,-27.440295,Wynnum North Rd,,Wynnum,Lytton,No Roadway Feature,No traffic control,60 km/h,Sealed - Wet,Daylight,Straight,Veh'S Opposite Approach: Head On,Head-on,0,2,0,0,2,2,0,0,0,0,0,0
296030,Medical treatment,2016,10,Hit parked vehicle,Single Vehicle,153.053349,-27.619134,Parklands St,,Calamvale,Stretton,No Roadway Feature,No traffic control,0 - 50 km/h,Sealed - Wet,Daylight,Straight,Veh'S On Path: Parked,Hit parked vehicle,0,0,1,0,1,2,0,0,0,0,0,0
296031,Hospitalisation,2016,17,Hit object,Single Vehicle,153.021624,-27.512496,Fairfield Rd,Venner Rd,Fairfield,Yeerongpilly,Intersection - Roundabout,Give way sign,60 km/h,Sealed - Dry,Darkness - Lighted,Curved - view open,Off Path-Curve: Out Of Control On Cway,Out of control on curve,0,1,0,0,1,0,1,0,0,0,0,0
296032,Medical treatment,2016,18,Hit object,Single Vehicle,153.074823,-27.492634,Bruce St,Old Cleveland Rd,Camp Hill,Bulimba,Intersection - T-Junction,Operating traffic lights,60 km/h,Sealed - Dry,Darkness - Lighted,Straight,Off Path-Straight: Left Off Cway Hit Obj,Off carriageway on straight hit object,0,0,1,0,1,1,0,0,0,0,0,0
296033,Hospitalisation,2016,8,Angle,Multi-Vehicle,152.983458,-27.629758,Kent St,Wadeville St,Heathwood,Algester,Intersection - T-Junction,No traffic control,70 km/h,Sealed - Dry,Daylight,Straight,Veh'S Same Direction: Right Turn S/Swipe,Parallel lanes turning,0,2,0,0,2,2,0,0,0,0,0,0
296034,Hospitalisation,2016,14,Rear-end,Multi-Vehicle,153.009942,-27.5475512,Ipswich Mwy,,Rocklea,Yeerongpilly,No Roadway Feature,No traffic control,80 - 90 km/h,Sealed - Dry,Daylight,Straight,Veh'S Same Direction: Rear End,Rear-end,0,1,0,0,1,8,0,0,0,0,0,0
296035,Medical treatment,2016,16,Rear-end,Multi-Vehicle,153.1017153,-27.44592426,Gateway Arterial Rd,,Murarrie,Bulimba,Bridge/Causeway,No traffic control,80 - 90 km/h,Sealed - Dry,Daylight,Straight,Veh'S Same Direction: Rear End,Rear-end,0,0,1,0,1,3,0,0,0,0,0,0
296064,Medical treatment,2016,16,Rear-end,Multi-Vehicle,152.9536101,-27.57424066,Cunningham Arterial Rd,,Darra,Inala,No Roadway Feature,No traffic control,80 - 90 km/h,Sealed - Dry,Dawn/Dusk,Straight,Veh'S Same Direction: Rear End,Rear-end,0,0,1,1,2,2,0,0,0,0,0,0
296066,Hospitalisation,2016,13,Angle,Multi-Vehicle,152.976495,-27.591835,Serviceton Ave,,Inala,Inala,No Roadway Feature,Pedestrian crossing sign,60 km/h,Sealed - Dry,Daylight,Straight,Veh'S Manoeuvring: Entering From Footway,Vehicle leaving driveway,0,1,0,0,1,1,0,0,0,1,0,0
296067,Hospitalisation,2016,16,Rear-end,Multi-Vehicle,153.022955,-27.563636,Boyland Ave,Mt Lindesay Art. Rd,Coopers Plains,Sunnybank,Intersection - T-Junction,Give way sign,70 km/h,Sealed - Dry,Daylight,Straight,Veh'S Same Direction: Right Rear,Rear-end,0,2,0,1,3,1,1,0,0,0,0,0
296068,Medical treatment,2016,18,Rear-end,Multi-Vehicle,153.1046195,-27.58301422,Invalid Street From Police,,Rochedale,Mansfield,Intersection - Interchange,No traffic control,100 - 110 km/h,Sealed - Dry,Daylight,Curved - view open,Veh'S Same Direction: Rear End,Rear-end,0,0,1,0,1,2,0,0,0,0,0,0
296069,Hospitalisation,2016,12,Angle,Multi-Vehicle,153.041986,-27.487466,Lisburn St,Stanley St East,East Brisbane,South Brisbane,Intersection - Cross,Operating traffic lights,60 km/h,Sealed - Dry,Daylight,Straight,Veh'S Adjacent Approach: Thru-Thru,Intersection from adjacent approaches,0,1,0,0,1,2,0,1,0,0,0,0
296095,Hospitalisation,2016,11,Angle,Multi-Vehicle,153.070906,-27.6118,Compton Rd,Roosevelt Dr,Stretton,Stretton,Intersection - T-Junction,Operating traffic lights,70 km/h,Sealed - Dry,Daylight,Straight,Veh'S Adjacent Approach: Thru-Right,Intersection from adjacent approaches,0,1,0,0,1,2,0,0,0,0,0,0
296096,Medical treatment,2016,15,Rear-end,Multi-Vehicle,153.048144,-27.647541,Logan Mwy,,Drewvale,Stretton,No Roadway Feature,No traffic control,80 - 90 km/h,Sealed - Dry,Daylight,Straight,Veh'S Same Direction: Rear End,Rear-end,0,0,1,0,1,2,0,0,0,0,0,0
296098,Medical treatment,2016,10,Head-on,Multi-Vehicle,153.01092,-27.603956,Gooderham Rd,,Willawong,Algester,No Roadway Feature,No traffic control,60 km/h,Sealed - Dry,Daylight,Curved - view open,Veh'S Opposite Approach: Head On,Head-on,0,0,1,0,1,2,0,0,0,0,0,0
296100,Hospitalisation,2016,15,Angle,Multi-Vehicle,153.085281,-27.588276,Daw Rd,Warrigal Rd,Eight Mile Plains,Stretton,Intersection - T-Junction,Operating traffic lights,60 km/h,Sealed - Dry,Daylight,Straight,Veh'S Opposite Approach: Thru-Right,Opposing vehicles turning,0,2,2,1,5,2,0,0,0,0,0,0
296101,Hospitalisation,2016,16,Angle,Multi-Vehicle,153.108491,-27.57815,Miles Platting Rd,School Rd,Rochedale,Mansfield,Intersection - T-Junction,No traffic control,60 km/h,Sealed - Dry,Daylight,Straight,Veh'S Opposite Approach: Thru-Right,Opposing vehicles turning,0,1,0,0,1,2,0,0,0,0,0,0
296102,Medical treatment,2016,16,Angle,Multi-Vehicle,153.151392,-27.4906,Dianthus St,New Cleveland Rd,Gumdale,Chatsworth,Intersection - T-Junction,Operating traffic lights,60 km/h,Sealed - Dry,Daylight,Straight,Veh'S Adjacent Approach: Right-Thru,Intersection from adjacent approaches,0,0,2,1,3,2,0,0,0,0,0,0
296103,Medical treatment,2016,16,Rear-end,Multi-Vehicle,153.162858,-27.475355,Manly Rd,,Manly West,Lytton,No Roadway Feature,No traffic control,60 km/h,Sealed - Dry,Daylight,Straight,Veh'S Same Direction: Rear End,Rear-end,0,0,1,0,1,2,0,0,0,0,0,0
296135,Hospitalisation,2016,10,Angle,Multi-Vehicle,152.96204,-27.555289,Pannard St,Seventeen Mile Rocks Rd,Oxley,Mount Ommaney,Intersection - Roundabout,Give way sign,60 km/h,Sealed - Dry,Daylight,Curved - view open,Veh'S Adjacent Approach: Other,Intersection from adjacent approaches,0,1,0,0,1,1,0,0,0,1,0,0