Crash_Ref_Number,Severity,Year,Hour,Crash_Nature,Crash_Type,Longitude,Latitude,Street,Street_Intersecting,Suburb,Loc_State_Electorate,Crash_Roadway_Feature,Crash_Traffic_Control,Crash_Speed_Limit,Crash_Road_Surface_Condition,Crash_Lighting_Condition,Crash_Road_Horiz_Align,Crash_DCA_Description,Crash_DCA_Group_Description,Count_Casualty_Fatality,Count_Casualty_Hospitalised,Count_Casualty_MedicallyTreated,Count_Casualty_MinorInjury,Count_Casualty_Total,Count_Unit_Car,Count_Unit_Motorcycle_Moped,Count_Unit_Truck,Count_Unit_Bus,Count_Unit_Bicycle,Count_Unit_Pedestrian,Count_Unit_Other
296136,Hospitalisation,2016,9,Hit object,Single Vehicle,153.039965,-27.599032,Hellawell Rd,Mt Lindesay Art. Rd,Sunnybank Hills,Sunnybank,Intersection - Cross,Operating traffic lights,80 - 90 km/h,Sealed - Dry,Daylight,Straight,Off Path-Straight: Mounts Traffic Island,Off carriageway on straight hit object,0,1,1,0,2,1,0,0,0,0,0,0
296143,Medical treatment,2016,10,Sideswipe,Multi-Vehicle,153.0549456,-27.52597519,Marshall Rd,,Tarragindi,Yeerongpilly,No Roadway Feature,No traffic control,60 km/h,Sealed - Dry,Darkness - Lighted,Curved - view open,Veh'S Same Direction: Lane Change Right,Lane changes,0,0,1,0,1,2,0,0,0,0,0,0
296144,Hospitalisation,2016,13,Hit pedestrian,Hit pedestrian,153.062158,-27.4669132,Forbes St,,Hawthorne,Bulimba,No Roadway Feature,No traffic control,0 - 50 km/h,Sealed - Dry,Daylight,Straight,Pass & Misc: Parked Car Ran Away,Other,0,1,0,0,1,2,0,0,0,0,1,0
296145,Medical treatment,2016,7,Rear-end,Multi-Vehicle,153.058996,-27.538761,South East Arterial Rd,,Mount Gravatt,Yeerongpilly,No Roadway Feature,No traffic control,100 - 110 km/h,Sealed - Dry,Daylight,Curved - view open,Veh'S Same Direction: Rear End,Rear-end,0,0,1,0,1,1,1,0,0,0,0,0
296175,Minor injury,2016,17,Rear-end,Multi-Vehicle,153.09411,-27.495636,Old Cleveland Rd,Orana St,Carina,Chatsworth,Intersection - T-Junction,Operating traffic lights,60 km/h,Sealed - Dry,Daylight,Straight,Veh'S Same Direction: Rear End,Rear-end,0,0,0,1,1,2,0,0,0,0,0,0
296199,Medical treatment,2016,8,Rear-end,Multi-Vehicle,153.0631775,-27.47199884,Wynnum Rd,,Norman Park,Bulimba,No Roadway Feature,No traffic control,60 km/h,Sealed - Dry,Daylight,Straight,Veh'S Same Direction: Rear End,Rear-end,0,0,1,0,1,1,0,0,0,0,0,1
296200,Medical treatment,2016,11,Angle,Multi-Vehicle,153.134347,-27.547293,Mt Gravatt - Capalaba Rd,Redland Sub-Arterial Rd,Burbank,Mansfield,Intersection - T-Junction,Operating traffic lights,60 km/h,Sealed - Dry,Daylight,Straight,Veh'S Adjacent Approach: Thru-Right,Intersection from adjacent approaches,0,0,1,0,1,2,0,0,0,0,0,0
296230,Minor injury,2016,17,Rear-end,Multi-Vehicle,152.981339,-27.566098,Cunningham Arterial Rd,,Oxley,Inala,No Roadway Feature,No traffic control,80 - 90 km/h,Sealed - Dry,Daylight,Straight,Veh'S Same Direction: Rear End,Rear-end,0,0,0,1,1,2,0,0,0,0,0,0
296232,Hospitalisation,2016,7,Head-on,Multi-Vehicle,153.108424,-27.519067,Linwood St,Pine Mountain Rd,Carindale,Chatsworth,Intersection - T-Junction,No traffic control,60 km/h,Sealed - Dry,Daylight,Straight,Veh'S Opposite Approach: Head On,Head-on,0,1,1,0,2,3,0,0,0,0,0,0
296235,Medical treatment,2016,16,Rear-end,Multi-Vehicle,153.021271,-27.558442,Beaudesert Rd,Griffith Arterial Rd,Rocklea,Yeerongpilly,Intersection - T-Junction,No traffic control,70 km/h,Sealed - Dry,Daylight,Straight,Veh'S Same Direction: Left Rear,Rear-end,0,0,1,0,1,1,0,1,0,0,0,0
296237,Medical treatment,2016,7,Rear-end,Multi-Vehicle,152.9812786,-27.56596567,Cunningham Arterial Rd,,Oxley,Mount Ommaney,No Roadway Feature,No traffic control,80 - 90 km/h,Sealed - Dry,Daylight,Straight,Veh'S Same Direction: Rear End,Rear-end,0,0,2,0,2,2,0,0,0,0,0,0
296238,Minor injury,2016,18,Rear-end,Multi-Vehicle,153.030994,-27.48299847,South East Arterial Rd,,Kangaroo Point,South Brisbane,No Roadway Feature,No traffic control,100 - 110 km/h,Sealed - Dry,Daylight,Straight,Veh'S Same Direction: Rear End,Rear-end,0,0,0,1,1,2,0,0,0,0,0,0
296239,Hospitalisation,2016,16,Fall from vehicle,Single Vehicle,153.1174034,-27.47347129,Gateway Art Rd Ramp S,,Tingalpa,Chatsworth,Intersection - Interchange,No traffic control,60 km/h,Sealed - Dry,Daylight,Straight,Pass & Misc: Fell In/From Vehicle,Other,0,1,0,0,1,0,1,0,0,0,0,0
296269,Minor injury,2016,0,Rear-end,Multi-Vehicle,153.051297,-27.611188,Compton Rd,Mt Lindesay Art. Rd,Calamvale,Stretton,Intersection - T-Junction,Operating traffic lights,60 km/h,Sealed - Dry,Darkness - Lighted,Straight,Veh'S Same Direction: Rear End,Rear-end,0,0,0,1,1,2,0,0,0,0,0,0
296270,Hospitalisation,2016,8,Head-on,Multi-Vehicle,152.948747,-27.572811,Jervis St,Strathnaver St,Darra,Inala,Intersection - T-Junction,No traffic control,0 - 50 km/h,Sealed - Dry,Darkness - Lighted,Curved - view open,Veh'S Opposite Approach: Head On,Head-on,0,1,0,0,1,0,0,0,0,1,0,1
296271,Hospitalisation,2016,17,Angle,Multi-Vehicle,153.033785,-27.508074,Ipswich Rd,Junction Tce,Annerley,South Brisbane,Intersection - Cross,No traffic control,0 - 50 km/h,Sealed - Dry,Dawn/Dusk,Straight,Veh'S Opposite Approach: Thru-Right,Opposing vehicles turning,0,1,0,0,1,1,1,0,0,0,0,0
296276,Medical treatment,2016,16,Rear-end,Multi-Vehicle,153.064497,-27.533877,Nursery Rd,,Holland Park West,Greenslopes,No Roadway Feature,No traffic control,60 km/h,Sealed - Dry,Daylight,Straight,Veh'S Same Direction: Rear End,Rear-end,0,0,2,0,2,2,0,0,0,0,0,0
296277,Medical treatment,2016,7,Head-on,Multi-Vehicle,152.970299,-27.601368,Brolga St,Parakeet St,Inala,Inala,Intersection - T-Junction,No traffic control,60 km/h,Sealed - Dry,Daylight,Straight,Veh'S Opposite Approach: Thru-Right,Opposing vehicles turning,0,0,1,1,2,2,0,0,0,0,0,0
296278,Medical treatment,2016,15,Rear-end,Multi-Vehicle,153.016321,-27.557835,Griffith Arterial Rd,,Rocklea,Yeerongpilly,No Roadway Feature,No traffic control,60 km/h,Sealed - Dry,Daylight,Straight,Veh'S Same Direction: Right Rear,Rear-end,0,0,1,0,1,1,0,1,0,0,0,0
296286,Medical treatment,2016,19,Angle,Multi-Vehicle,152.930655,-27.611647,Boundary Rd,Logan Mwy,Ellen Grove,Inala,Intersection - T-Junction,Give way sign,60 km/h,Sealed - Dry,Darkness - Lighted,Straight,Veh'S Opposite Approach: Thru-Right,Opposing vehicles turning,0,0,1,4,5,2,0,0,0,0,0,0
296304,Medical treatment,2016,0,Rear-end,Multi-Vehicle,153.056441,-27.611639,Compton Rd,,Calamvale,Stretton,No Roadway Feature,No traffic control,60 km/h,Sealed - Dry,Daylight,Straight,Veh'S Same Direction: Rear End,Rear-end,0,0,1,0,1,2,0,0,0,0,0,0
296305,Medical treatment,2016,8,Angle,Multi-Vehicle,153.03468,-27.618512,Ormskirk St,,Calamvale,Stretton,Intersection - T-Junction,Give way sign,60 km/h,Sealed - Dry,Daylight,Straight,Veh'S Adjacent Approach: Thru-Right,Intersection from adjacent approaches,0,0,1,0,1,2,0,0,0,0,0,0
296309,Hospitalisation,2016,7,Fall from vehicle,Single Vehicle,152.957587,-27.582259,Archerfield Rd,Freeman Rd,Richlands,Inala,Intersection - Roundabout,Give way sign,60 km/h,Sealed - Dry,Daylight,Curved - view open,Off Path-Straight:Out Of Control On Cway,Out of control on straight,0,1,0,0,1,1,1,0,0,0,0,0
296310,Hospitalisation,2016,7,Hit object,Single Vehicle,152.976079,-27.629203,Woollahra Pl,,Forest Lake,Algester,Intersection - T-Junction,No traffic control,60 km/h,Sealed - Dry,Daylight,Straight,Veh'S Manoeuvring: Other,Other,0,1,0,0,1,1,0,0,0,0,0,0
296340,Hospitalisation,2016,16,Rear-end,Multi-Vehicle,153.0493315,-27.64769075,Logan Mwy,,Drewvale,Stretton,Merge Lane,No traffic control,100 - 110 km/h,Sealed - Dry,Darkness - Lighted,Straight,Veh'S Same Direction: Rear End,Rear-end,0,1,0,1,2,2,0,1,0,0,0,0
296341,Medical treatment,2016,17,Fall from vehicle,Single Vehicle,153.02978,-27.518344,Cracknell Rd,,Annerley,Yeerongpilly,No Roadway Feature,No traffic control,60 km/h,Sealed - Dry,Daylight,Straight,Pass & Misc: Fell In/From Vehicle,Other,0,0,1,0,1,1,0,0,0,0,0,0
296342,Hospitalisation,2016,14,Hit object,Single Vehicle,153.025646,-27.504202,Fairfield Rd,,Fairfield,Yeerongpilly,No Roadway Feature,No traffic control,60 km/h,Sealed - Dry,Daylight,Curved - view open,Off Path-Curve: Off Cway Lt Bend Hit Obj,Off carriageway on curve hit object,0,1,0,0,1,0,1,0,0,0,0,0
296344,Medical treatment,2016,16,Rear-end,Multi-Vehicle,153.089693,-27.495463,Old Cleveland Rd,,Carina,Chatsworth,No Roadway Feature,No traffic control,0 - 50 km/h,Sealed - Dry,Daylight,Straight,Veh'S Same Direction: Rear End,Rear-end,0,0,1,0,1,3,0,0,0,0,0,0
296346,Medical treatment,2016,7,Rear-end,Multi-Vehicle,152.9787939,-27.56234743,Oxley Rd,,Oxley,Mount Ommaney,No Roadway Feature,No traffic control,0 - 50 km/h,Sealed - Dry,Daylight,Straight,Veh'S Same Direction: Rear End,Rear-end,0,0,1,1,2,1,0,1,0,0,0,0
296347,Medical treatment,2016,12,Rear-end,Multi-Vehicle,153.078838,-27.560572,Griffith Arterial Rd,,Upper Mount Gravatt,Mansfield,No Roadway Feature,No traffic control,60 km/h,Sealed - Dry,Daylight,Straight,Veh'S Same Direction: Rear End,Rear-end,0,0,1,0,1,2,0,0,0,0,0,0
296380,Hospitalisation,2016,6,Rear-end,Multi-Vehicle,153.079311,-27.613875,Compton Rd,,Stretton,Stretton,Intersection - Interchange,Operating traffic lights,70 km/h,Sealed - Dry,Dawn/Dusk,Straight,Veh'S Same Direction: Rear End,Rear-end,0,1,0,0,1,2,0,0,0,0,0,0
296381,Medical treatment,2016,11,Rear-end,Multi-Vehicle,153.0514407,-27.61163344,Mt Lindesay Art. Rd,,Calamvale,Stretton,Merge Lane,No traffic control,80 - 90 km/h,Sealed - Dry,Daylight,Curved - view open,Veh'S Same Direction: Rear End,Rear-end,0,0,1,0,1,2,0,0,0,0,0,0
296384,Hospitalisation,2016,17,Hit pedestrian,Hit pedestrian,153.051777,-27.507752,Chatsworth Rd,,Greenslopes,Greenslopes,No Roadway Feature,Operating traffic lights,60 km/h,Sealed - Wet,Darkness - Lighted,Straight,Ped'N: Far Side Vehicle Hit From Left,Pedestrian,0,1,0,0,1,1,0,0,0,0,1,0
296386,Medical treatment,2016,14,Angle,Multi-Vehicle,153.103439,-27.57734,Gateway Art Rd Ramp Md,Miles Platting Rd,Eight Mile Plains,Mansfield,Intersection - Interchange,Operating traffic lights,60 km/h,Sealed - Dry,Daylight,Straight,Veh'S Opposite Approach: Thru-Right,Opposing vehicles turning,0,0,1,0,1,2,0,0,0,0,0,0
296418,Medical treatment,2016,13,Rear-end,Multi-Vehicle,152.993608,-27.592967,Inala Ave,King Ave,Durack,Sunnybank,Intersection - T-Junction,Give way sign,60 km/h,Sealed - Dry,Daylight,Straight,Veh'S Same Direction: Left Rear,Rear-end,0,0,1,0,1,2,0,0,0,0,0,0
296419,Minor injury,2016,10,Hit object,Single Vehicle,152.944993,-27.62322,Roxwell St,,Ellen Grove,Inala,No Roadway Feature,No traffic control,60 km/h,Sealed - Wet,Daylight,Straight,Off Path-Straight: Left Off Cway Hit Obj,Off carriageway on straight hit object,0,0,0,1,1,1,0,0,0,0,0,0
296421,Minor injury,2016,15,Angle,Multi-Vehicle,153.045476,-27.571477,Beechcroft St,Boundary Rd,Coopers Plains,Sunnybank,Intersection - Cross,Give way sign,60 km/h,Sealed - Dry,Daylight,Straight,Veh'S Adjacent Approach: Thru-Thru,Intersection from adjacent approaches,0,0,0,1,1,2,0,0,0,0,0,0
296440,Medical treatment,2016,18,Hit object,Single Vehicle,152.9276713,-27.58705123,Cunningham Arterial Rd,,Wacol,Inala,No Roadway Feature,No traffic control,60 km/h,Sealed - Dry,Darkness - Lighted,Straight,Off Path-Straight:Right Off Cway Hit Obj,Off carriageway on straight hit object,0,0,1,0,1,1,0,0,0,0,0,0
296441,Medical treatment,2016,7,Struck by external load,Other,153.03619,-27.595851,Bradman St,Mt Lindesay Art. Rd,Acacia Ridge,Sunnybank,No Roadway Feature,No traffic control,60 km/h,Sealed - Dry,Daylight,Straight,Pass & Misc: Load Hit Vehicle,Other,0,0,1,0,1,1,0,1,0,0,0,0
296442,Medical treatment,2016,17,Angle,Multi-Vehicle,153.056141,-27.526876,Bapaume Rd,,Tarragindi,Yeerongpilly,No Roadway Feature,No traffic control,60 km/h,Sealed - Dry,Darkness - Lighted,Straight,Off Path-Straight: Other,Other,0,0,1,0,1,1,0,0,0,1,0,0
296443,Hospitalisation,2016,6,Angle,Multi-Vehicle,152.948985,-27.623852,Jubilee Ave,Roxwell St,Ellen Grove,Inala,Intersection - T-Junction,No traffic control,60 km/h,Sealed - Wet,Daylight,Straight,Veh'S Adjacent Approach: Thru-Right,Intersection from adjacent approaches,0,1,1,1,3,3,0,0,0,0,0,0
296444,Hospitalisation,2016,8,Angle,Multi-Vehicle,153.042669,-27.528601,Windmill St,,Tarragindi,Yeerongpilly,Intersection - Cross,Stop sign,0 - 50 km/h,Sealed - Wet,Daylight,Straight,Veh'S Adjacent Approach: Thru-Thru,Intersection from adjacent approaches,0,1,0,0,1,1,0,0,0,1,0,0
296445,Medical treatment,2016,12,Hit object,Single Vehicle,153.090757,-27.58965,Oakleaf St,,Eight Mile Plains,Stretton,No Roadway Feature,No traffic control,0 - 50 km/h,Sealed - Dry,Daylight,Straight,Off Path-Straight:Right Off Cway Hit Obj,Off carriageway on straight hit object,0,0,1,0,1,1,0,0,0,0,0,0
296446,Medical treatment,2016,18,Rear-end,Multi-Vehicle,153.0664199,-27.55894232,Nathan Connection Arterial Rd,,Nathan,Yeerongpilly,No Roadway Feature,No traffic control,60 km/h,Sealed - Dry,Darkness - Lighted,Straight,Veh'S Same Direction: Rear End,Rear-end,0,0,2,0,2,3,0,0,0,0,0,0
296447,Hospitalisation,2016,9,Hit object,Single Vehicle,153.1727934,-27.45540607,Preston Rd,,Manly West,Lytton,No Roadway Feature,No traffic control,60 km/h,Sealed - Wet,Daylight,Curved - view open,Off Path-Curve: Off Cway Lt Bend Hit Obj,Off carriageway on curve hit object,0,1,0,0,1,1,0,0,0,0,0,0
296475,Minor injury,2016,16,Rear-end,Multi-Vehicle,153.045599,-27.635787,Mt Lindesay Art. Rd,,Calamvale,Algester,No Roadway Feature,No traffic control,60 km/h,Sealed - Dry,Daylight,Straight,Veh'S Same Direction: Rear End,Rear-end,0,0,0,2,2,3,0,0,0,0,0,0
296477,Medical treatment,2016,16,Rear-end,Multi-Vehicle,153.083383,-27.565932,South East Arterial Rd,,Macgregor,Mansfield,No Roadway Feature,No traffic control,100 - 110 km/h,Sealed - Dry,Daylight,Straight,Veh'S Same Direction: Rear End,Rear-end,0,0,1,0,1,3,0,0,0,0,0,0
296478,Medical treatment,2016,9,Rear-end,Multi-Vehicle,153.106147,-27.586083,South East Art Rd Ramp Xt,South East Arterial Rd,Eight Mile Plains,Stretton,Intersection - Interchange,No traffic control,100 - 110 km/h,Sealed - Dry,Daylight,Straight,Veh'S Same Direction: Rear End,Rear-end,0,0,2,0,2,2,0,0,0,0,0,0
296518,Medical treatment,2016,10,Sideswipe,Multi-Vehicle,153.078698,-27.493014,Old Cleveland Rd,,Camp Hill,Chatsworth,No Roadway Feature,No traffic control,60 km/h,Sealed - Dry,Daylight,Straight,Veh'S Same Direction: Lane Side Swipe,Lane changes,0,0,1,0,1,0,0,1,0,1,0,0
296519,Hospitalisation,2016,7,Angle,Multi-Vehicle,153.098373,-27.485252,Creek Rd,Fursden Rd,Carina,Chatsworth,Intersection - T-Junction,Give way sign,70 km/h,Sealed - Dry,Daylight,Straight,Veh'S Adjacent Approach: Thru-Right,Intersection from adjacent approaches,0,1,0,1,2,2,0,0,0,0,0,0
296521,Medical treatment,2016,17,Hit pedestrian,Hit pedestrian,153.051108,-27.499,Old Cleveland Rd,Rialto St,Coorparoo,South Brisbane,Intersection - T-Junction,Stop sign,0 - 50 km/h,Sealed - Dry,Darkness - Lighted,Straight,Ped'N: Near Side Vehicle Hit From Right,Pedestrian,0,0,1,0,1,1,0,0,0,0,1,0
296523,Hospitalisation,2016,8,Hit parked vehicle,Single Vehicle,153.0652478,-27.52239148,Logan Rd,,Holland Park West,Greenslopes,No Roadway Feature,No traffic control,60 km/h,Sealed - Dry,Daylight,Straight,Veh'S On Path: Parked,Hit parked vehicle,0,1,0,0,1,2,0,0,0,0,0,0
296525,Hospitalisation,2016,14,Hit parked vehicle,Single Vehicle,153.063385,-27.461165,Riding Rd,,Balmoral,Bulimba,No Roadway Feature,No traffic control,0 - 50 km/h,Sealed - Dry,Daylight,Straight,Off Path-Straight: Left Off Cway Hit Obj,Off carriageway on straight hit object,0,1,0,0,1,4,0,0,1,0,0,0
296526,Medical treatment,2016,17,Rear-end,Multi-Vehicle,153.095992,-27.469592,Creek Rd,Wynnum Rd,Cannon Hill,Bulimba,Intersection - T-Junction,No traffic control,60 km/h,Sealed - Dry,Dawn/Dusk,Straight,Veh'S Same Direction: Left Rear,Rear-end,0,0,1,0,1,2,0,0,0,0,0,0
296527,Minor injury,2016,10,Angle,Multi-Vehicle,153.096411,-27.469602,Creek Rd,Wynnum Rd,Cannon Hill,Bulimba,Intersection - T-Junction,Operating traffic lights,60 km/h,Sealed - Dry,Daylight,Straight,Veh'S Opposite Approach: Thru-Right,Opposing vehicles turning,0,0,0,1,1,2,0,0,0,0,0,0
296528,Medical treatment,2016,14,Rear-end,Multi-Vehicle,153.079292,-27.560898,Macgregor St,,Upper Mount Gravatt,Mansfield,No Roadway Feature,No traffic control,0 - 50 km/h,Sealed - Dry,Daylight,Curved - view open,Veh'S Same Direction: Rear End,Rear-end,0,0,1,0,1,1,0,0,0,0,0,1
296529,Medical treatment,2016,14,Rear-end,Multi-Vehicle,153.100875,-27.584852,Gateway Arterial Rd,Logan Sub-Arterial Rd,Eight Mile Plains,Stretton,Intersection - Interchange,No traffic control,60 km/h,Sealed - Dry,Daylight,Straight,Veh'S Same Direction: Left Rear,Rear-end,0,0,1,0,1,2,0,0,0,0,0,0
296530,Medical treatment,2016,9,Rear-end,Multi-Vehicle,153.110743,-27.557766,Gateway Arterial Rd,,Rochedale,Mansfield,No Roadway Feature,No traffic control,100 - 110 km/h,Sealed - Dry,Daylight,Straight,Veh'S Same Direction: Rear End,Rear-end,0,0,1,0,1,1,0,1,0,0,0,0
296531,Medical treatment,2016,16,Hit parked vehicle,Single Vehicle,152.999938,-27.489606,Orleigh St,,West End,South Brisbane,No Roadway Feature,No traffic control,0 - 50 km/h,Sealed - Dry,Daylight,Straight,Veh'S On Path: Car Door,Hit parked vehicle,0,0,1,0,1,1,0,0,0,1,0,0
296532,Minor injury,2016,12,Rear-end,Multi-Vehicle,153.140308,-27.478435,Ingleston Rd,New Cleveland Rd,Tingalpa,Chatsworth,Intersection - T-Junction,No traffic control,60 km/h,Sealed - Dry,Daylight,Straight,Veh'S Same Direction: Right Rear,Rear-end,0,0,0,1,1,2,0,0,0,0,0,0
296556,Hospitalisation,2016,7,Rear-end,Multi-Vehicle,152.958319,-27.57234368,Cunningham Arterial Rd,,Darra,Inala,No Roadway Feature,No traffic control,80 - 90 km/h,Sealed - Dry,Daylight,Straight,Veh'S Same Direction: Rear End,Rear-end,0,1,1,0,2,2,0,0,0,0,0,0
296557,Hospitalisation,2016,10,Hit object,Single Vehicle,153.108966,-27.501415,Bridgnorth St,Old Cleveland Rd,Carindale,Chatsworth,Intersection - T-Junction,No traffic control,70 km/h,Sealed - Dry,Daylight,Straight,Off Path-Straight: Mounts Traffic Island,Off carriageway on straight hit object,0,1,0,0,1,1,0,0,0,0,0,0
296563,Medical treatment,2016,15,Rear-end,Multi-Vehicle,153.040172,-27.560111,Orange Grove Rd,,Coopers Plains,Sunnybank,No Roadway Feature,No traffic control,60 km/h,Sealed - Dry,Daylight,Straight,Veh'S Same Direction: Rear End,Rear-end,0,0,1,0,1,2,0,0,0,0,0,0
296564,Hospitalisation,2016,21,Angle,Multi-Vehicle,153.100766,-27.584831,Gateway Art Rd On Ramp,Logan Sub-Arterial Rd,Eight Mile Plains,Stretton,Intersection - T-Junction,Operating traffic lights,60 km/h,Sealed - Dry,Darkness - Lighted,Straight,Veh'S Opposite Approach: Thru-Right,Opposing vehicles turning,0,1,0,0,1,2,0,0,0,0,0,0
296565,Medical treatment,2016,7,Fall from vehicle,Single Vehicle,153.172976,-27.467737,Manly Rd,,Manly West,Lytton,No Roadway Feature,No traffic control,60 km/h,Sealed - Dry,Daylight,Straight,Pass & Misc: Fell In/From Vehicle,Other,0,0,1,0,1,1,0,0,0,0,0,0
296571,Hospitalisation,2016,16,Rear-end,Multi-Vehicle,153.1812275,-27.51526718,Cleveland Sub-Arterial Rd,,Chandler,Chatsworth,No Roadway Feature,No traffic control,70 km/h,Sealed - Dry,Daylight,Straight,Veh'S Same Direction: Right Rear,Rear-end,0,1,0,0,1,4,0,0,0,0,0,0
296572,Hospitalisation,2016,16,Rear-end,Multi-Vehicle,153.131479,-27.504899,Barbecue St,Cleveland Sub-Arterial Rd,Belmont,Chatsworth,Intersection - T-Junction,No traffic control,80 - 90 km/h,Sealed - Dry,Daylight,Straight,Veh'S Same Direction: Rear End,Rear-end,0,1,0,0,1,2,0,0,0,0,0,0
296574,Hospitalisation,2016,8,Sideswipe,Multi-Vehicle,153.125399,-27.508599,Gateway Arterial Rd,,Belmont,Chatsworth,Merge Lane,No traffic control,100 - 110 km/h,Sealed - Dry,Daylight,Straight,Veh'S Same Direction: Lane Change Left,Lane changes,0,1,0,0,1,1,0,1,0,0,0,0
296594,Medical treatment,2016,14,Rear-end,Multi-Vehicle,153.0203431,-27.5586228,Mt Lindesay Art. Rd,,Archerfield,Sunnybank,No Roadway Feature,No traffic control,60 km/h,Sealed - Dry,Daylight,Straight,Veh'S Same Direction: Left Rear,Rear-end,0,0,1,0,1,2,0,1,0,0,0,0
296597,Medical treatment,2016,7,Hit pedestrian,Hit pedestrian,153.023729,-27.482691,Vulture St,,South Brisbane,South Brisbane,No Roadway Feature,No traffic control,60 km/h,Sealed - Dry,Daylight,Straight,Ped'N: Hit By Vehicle Enter/Leave D'Way,Pedestrian,0,0,1,0,1,0,0,1,0,0,1,0
296628,Medical treatment,2016,11,Rear-end,Multi-Vehicle,153.0434247,-27.60468027,Mt Lindesay Art. Rd,,Calamvale,Stretton,No Roadway Feature,No traffic control,80 - 90 km/h,Sealed - Dry,Daylight,Straight,Veh'S Same Direction: Rear End,Rear-end,0,0,2,1,3,2,0,1,0,0,0,0
296631,Hospitalisation,2016,12,Angle,Multi-Vehicle,153.098089,-27.544432,Broadwater Rd,Cresthaven Dr,Mansfield,Mansfield,Intersection - T-Junction,Operating traffic lights,60 km/h,Sealed - Dry,Daylight,Straight,Veh'S Adjacent Approach: Thru-Right,Intersection from adjacent approaches,0,2,0,0,2,2,0,0,0,0,0,0
296632,Hospitalisation,2016,11,Hit object,Single Vehicle,153.106722,-27.534438,Ham Rd,Wecker Rd,Mansfield,Mansfield,Intersection - T-Junction,Operating traffic lights,60 km/h,Sealed - Dry,Daylight,Straight,Veh'S Adjacent Approach: Left-Thru,Intersection from adjacent approaches,0,1,0,0,1,1,1,0,0,0,0,0
296653,Medical treatment,2016,15,Rear-end,Multi-Vehicle,153.061941,-27.582732,Mains Rd,,Sunnybank,Sunnybank,No Roadway Feature,No traffic control,60 km/h,Sealed - Dry,Daylight,Straight,Veh'S Same Direction: Rear End,Rear-end,0,0,2,0,2,3,0,0,0,0,0,0
296655,Minor injury,2016,11,Angle,Multi-Vehicle,152.97571,-27.597609,Corsair Ave,Inala Ave,Inala,Inala,Intersection - T-Junction,Operating traffic lights,60 km/h,Sealed - Dry,Daylight,Straight,Veh'S Opposite Approach: Thru-Right,Opposing vehicles turning,0,0,0,1,1,2,0,0,0,0,0,0
296656,Hospitalisation,2016,8,Angle,Multi-Vehicle,153.078942,-27.466266,Junction Rd,Kates St,Morningside,Bulimba,Intersection - T-Junction,No traffic control,60 km/h,Sealed - Dry,Daylight,Straight,Veh'S Opposite Approach: Thru-Right,Opposing vehicles turning,0,1,0,0,1,1,1,0,0,0,0,0
296681,Medical treatment,2016,13,Angle,Multi-Vehicle,152.948147,-27.558127,Bellwood St,Monier Rd,Darra,Mount Ommaney,Intersection - Cross,Stop sign,60 km/h,Sealed - Dry,Daylight,Straight,Veh'S Adjacent Approach: Thru-Thru,Intersection from adjacent approaches,0,0,1,0,1,2,0,0,0,0,0,0
296682,Hospitalisation,2016,16,Hit object,Single Vehicle,152.949134,-27.575419,Cunningham Arterial Rd,,Darra,Inala,No Roadway Feature,No traffic control,80 - 90 km/h,Sealed - Dry,Daylight,Straight,Veh'S Same Direction: Rear End,Rear-end,0,1,0,0,1,1,1,0,0,0,0,0
296684,Minor injury,2016,6,Hit pedestrian,Hit pedestrian,153.055045,-27.488184,Cambridge St,Cavendish Rd,Coorparoo,South Brisbane,Intersection - Cross,Stop sign,0 - 50 km/h,Sealed - Dry,Daylight,Straight,Ped'N: Near Side Vehicle Hit From Right,Pedestrian,0,0,0,1,1,1,0,0,0,0,1,0
296686,Medical treatment,2016,18,Fall from vehicle,Single Vehicle,153.076501,-27.467035,Wynnum Rd,,Morningside,Bulimba,No Roadway Feature,No traffic control,60 km/h,Unsealed - Dry,Darkness - Lighted,Curved - view open,Off Path-Curve: Out Of Control On Cway,Out of control on curve,0,0,1,0,1,0,1,0,0,0,0,0
296688,Hospitalisation,2016,8,Rear-end,Multi-Vehicle,153.0617481,-27.54424766,South East Arterial Rd,,Mount Gravatt,Mansfield,No Roadway Feature,No traffic control,100 - 110 km/h,Sealed - Dry,Daylight,Straight,Veh'S Same Direction: Rear End,Rear-end,0,1,0,0,1,3,0,0,0,0,0,0
296689,Medical treatment,2016,12,Sideswipe,Multi-Vehicle,153.11664,-27.468509,Gateway Arterial Rd,,Tingalpa,Chatsworth,No Roadway Feature,No traffic control,100 - 110 km/h,Sealed - Dry,Daylight,Curved - view open,Veh'S Same Direction: Lane Change Left,Lane changes,0,0,1,0,1,1,0,1,0,0,0,0
296709,Medical treatment,2016,1,Hit object,Single Vehicle,153.0309099,-27.62232336,Ackama St,,Algester,Algester,No Roadway Feature,No traffic control,0 - 50 km/h,Sealed - Dry,Darkness - Not lighted,Curved - view obscured,Off Path-Curve: Off Cway Rt Bend Hit Obj,Off carriageway on curve hit object,0,0,1,0,1,1,0,0,0,0,0,0
296711,Medical treatment,2016,15,Sideswipe,Multi-Vehicle,153.054378,-27.6109707,Calam Rd,,Sunnybank Hills,Stretton,No Roadway Feature,No traffic control,60 km/h,Sealed - Dry,Daylight,Straight,Veh'S Same Direction: Lane Change Right,Lane changes,0,0,1,0,1,2,0,0,0,0,0,0