Crash_Ref_Number,Severity,Year,Hour,Crash_Nature,Crash_Type,Longitude,Latitude,Street,Street_Intersecting,Suburb,Loc_State_Electorate,Crash_Roadway_Feature,Crash_Traffic_Control,Crash_Speed_Limit,Crash_Road_Surface_Condition,Crash_Lighting_Condition,Crash_Road_Horiz_Align,Crash_DCA_Description,Crash_DCA_Group_Description,Count_Casualty_Fatality,Count_Casualty_Hospitalised,Count_Casualty_MedicallyTreated,Count_Casualty_MinorInjury,Count_Casualty_Total,Count_Unit_Car,Count_Unit_Motorcycle_Moped,Count_Unit_Truck,Count_Unit_Bus,Count_Unit_Bicycle,Count_Unit_Pedestrian,Count_Unit_Other
296713,Medical treatment,2016,20,Angle,Multi-Vehicle,153.028069,-27.55038,Douglas Rd,Myra Rd,Salisbury,Yeerongpilly,Intersection - Cross,Give way sign,0 - 50 km/h,Sealed - Dry,Darkness - Lighted,Straight,Veh'S Adjacent Approach: Thru-Thru,Intersection from adjacent approaches,0,0,2,0,2,2,0,0,0,0,0,0
296740,Hospitalisation,2016,17,Angle,Multi-Vehicle,153.064925,-27.48139,Bennetts Rd,Myall St,Norman Park,Bulimba,Intersection - Cross,Give way sign,60 km/h,Sealed - Dry,Darkness - Lighted,Curved - view open,Veh'S Opposite Approach: Thru-Right,Opposing vehicles turning,0,1,0,0,1,1,1,0,0,0,0,0
296741,Hospitalisation,2016,7,Angle,Multi-Vehicle,153.106292,-27.577651,Gateway Art Rd Ramp Ma,Miles Platting Rd,Rochedale,Mansfield,Intersection - Interchange,Operating traffic lights,60 km/h,Sealed - Dry,Daylight,Straight,Veh'S On Path: Car Door,Hit parked vehicle,0,1,0,0,1,2,1,0,0,0,0,0
296742,Medical treatment,2016,18,Angle,Multi-Vehicle,153.016247,-27.472763,Hope St,Peel St,South Brisbane,South Brisbane,Intersection - Cross,Stop sign,60 km/h,Sealed - Dry,Darkness - Lighted,Straight,Veh'S Adjacant Approach: Thru-Left,Intersection from adjacent approaches,0,0,3,0,3,2,0,0,0,0,0,0
296776,Medical treatment,2016,9,Rear-end,Multi-Vehicle,153.013045,-27.577916,Beatty Rd,Mortimer Rd,Acacia Ridge,Sunnybank,Intersection - Cross,Operating traffic lights,60 km/h,Sealed - Dry,Daylight,Straight,Veh'S Same Direction: Rear End,Rear-end,0,0,1,0,1,1,0,0,1,0,0,0
296777,Hospitalisation,2016,18,Hit object,Single Vehicle,153.014349,-27.535961,Ipswich Rd,Keats St,Moorooka,Yeerongpilly,Intersection - T-Junction,No traffic control,60 km/h,Sealed - Dry,Dawn/Dusk,Curved - view obscured,Veh'S Same Direction: Rear End,Rear-end,0,1,0,0,1,2,1,0,0,0,0,0
296778,Medical treatment,2016,19,Angle,Multi-Vehicle,153.054537,-27.578134,Lister St,Station Rd,Sunnybank,Sunnybank,Intersection - Roundabout,Give way sign,0 - 50 km/h,Sealed - Dry,Darkness - Lighted,Straight,Veh'S Adjacent Approach: Thru-Thru,Intersection from adjacent approaches,0,0,1,0,1,1,1,0,0,0,0,0
296779,Hospitalisation,2016,22,Angle,Multi-Vehicle,153.088016,-27.590631,Springsure St,Underwood Rd,Eight Mile Plains,Stretton,Intersection - T-Junction,Give way sign,60 km/h,Sealed - Dry,Darkness - Lighted,Straight,Veh'S Opposite Approach: Thru-Right,Opposing vehicles turning,0,1,0,0,1,2,0,0,0,0,0,0
296780,Medical treatment,2016,19,Rear-end,Multi-Vehicle,153.050126,-27.487111,Caswell St,Vulture St East,East Brisbane,South Brisbane,Intersection - T-Junction,Give way sign,0 - 50 km/h,Sealed - Dry,Darkness - Lighted,Straight,Veh'S Same Direction: Left Rear,Rear-end,0,0,1,0,1,1,0,0,0,1,0,0
296781,Minor injury,2016,9,Angle,Multi-Vehicle,153.0288913,-27.48743188,Annerley Rd,,South Brisbane,South Brisbane,No Roadway Feature,No traffic control,60 km/h,Sealed - Dry,Daylight,Curved - view open,Off Path-Curve: Other,Other,0,0,0,1,1,1,0,0,0,1,0,0
296782,Medical treatment,2016,9,Rear-end,Multi-Vehicle,153.033473,-27.492024,South East Arterial Rd,,Woolloongabba,South Brisbane,No Roadway Feature,No traffic control,60 km/h,Sealed - Dry,Daylight,Curved - view open,Veh'S Same Direction: Rear End,Rear-end,0,0,1,0,1,2,0,0,0,0,0,0
296820,Medical treatment,2016,18,Rear-end,Multi-Vehicle,153.048702,-27.623294,Mt Lindesay Art. Rd,,Calamvale,Stretton,No Roadway Feature,No traffic control,80 - 90 km/h,Sealed - Dry,Darkness - Lighted,Straight,Veh'S Same Direction: Rear End,Rear-end,0,0,1,0,1,2,0,0,0,0,0,0
296822,Medical treatment,2016,15,Rear-end,Multi-Vehicle,153.081577,-27.538589,Creek Rd,,Mount Gravatt East,Mansfield,No Roadway Feature,Give way sign,0 - 50 km/h,Sealed - Dry,Daylight,Straight,Veh'S Manoeuvring: Other,Other,0,0,1,0,1,2,0,0,0,0,0,0
296823,Minor injury,2016,8,Angle,Multi-Vehicle,153.045827,-27.531977,Hexham St,Marshall Rd,Tarragindi,Yeerongpilly,Intersection - T-Junction,Give way sign,60 km/h,Sealed - Dry,Daylight,Straight,Veh'S Opposite Approach: Thru-Right,Opposing vehicles turning,0,0,0,1,1,3,0,0,0,0,0,0
296824,Minor injury,2016,23,Hit object,Single Vehicle,153.047003,-27.516517,South East Arterial Rd,,Greenslopes,Yeerongpilly,No Roadway Feature,No traffic control,100 - 110 km/h,Sealed - Dry,Darkness - Lighted,Straight,Veh'S On Path: Temporary Object On C'Way,Other,0,0,0,1,1,1,0,0,0,0,0,0
296826,Medical treatment,2016,18,Rear-end,Multi-Vehicle,153.06351,-27.5461,South East Arterial Rd,,Mount Gravatt,Mansfield,No Roadway Feature,No traffic control,100 - 110 km/h,Sealed - Dry,Dawn/Dusk,Straight,Veh'S Same Direction: Rear End,Rear-end,0,0,1,0,1,3,0,0,0,0,0,0
296855,Hospitalisation,2016,16,Rear-end,Multi-Vehicle,153.047819,-27.647488,Logan Mwy,,Drewvale,Stretton,No Roadway Feature,No traffic control,80 - 90 km/h,Sealed - Dry,Daylight,Straight,Veh'S Same Direction: Rear End,Rear-end,0,1,0,0,1,3,0,1,0,0,0,0
296856,Minor injury,2016,6,Rear-end,Multi-Vehicle,153.0488059,-27.62330333,Mt Lindesay Art. Rd,,Calamvale,Stretton,No Roadway Feature,No traffic control,80 - 90 km/h,Sealed - Dry,Dawn/Dusk,Straight,Veh'S Same Direction: Rear End,Rear-end,0,0,0,1,1,2,0,0,0,0,0,0
296859,Medical treatment,2016,14,Sideswipe,Multi-Vehicle,152.975124,-27.628841,Forest Lake Blvd,Kensington Ave,Forest Lake,Algester,Intersection - Roundabout,Give way sign,60 km/h,Sealed - Dry,Daylight,Straight,Veh'S Same Direction: Lane Side Swipe,Lane changes,0,0,1,0,1,1,1,0,0,0,0,0
296860,Medical treatment,2016,11,Angle,Multi-Vehicle,153.073329,-27.454861,Lytton Rd,Thynne Rd,Morningside,Bulimba,Intersection - T-Junction,Give way sign,60 km/h,Sealed - Dry,Daylight,Straight,Veh'S Adjacent Approach: Thru-Right,Intersection from adjacent approaches,0,0,2,0,2,2,0,0,0,0,0,0
296861,Minor injury,2016,15,Rear-end,Multi-Vehicle,153.090183,-27.571131,Logan Sub-Arterial Rd,,Eight Mile Plains,Sunnybank,No Roadway Feature,No traffic control,60 km/h,Sealed - Dry,Daylight,Curved - view obscured,Veh'S Same Direction: Rear End,Rear-end,0,0,0,2,2,2,0,0,0,0,0,0
296862,Minor injury,2016,16,Angle,Multi-Vehicle,153.151935,-27.475908,Arenga St,Manly Rd,Wakerley,Chatsworth,Intersection - Cross,Operating traffic lights,60 km/h,Sealed - Dry,Daylight,Straight,Veh'S Adjacent Approach: Thru-Right,Intersection from adjacent approaches,0,0,0,1,1,2,0,0,0,0,0,0
296896,Hospitalisation,2016,12,Angle,Multi-Vehicle,152.9550338,-27.624834,Grand Ave,Woogaroo St,Ellen Grove,Algester,Intersection - Roundabout,Give way sign,60 km/h,Sealed - Dry,Daylight,Straight,Veh'S Adjacent Approach: Thru-Thru,Intersection from adjacent approaches,0,1,0,0,1,2,0,0,0,0,0,0
296897,Medical treatment,2016,12,Rear-end,Multi-Vehicle,153.1654029,-27.48221727,Greencamp Rd,,Wakerley,Chatsworth,No Roadway Feature,No traffic control,60 km/h,Sealed - Dry,Daylight,Straight,Veh'S Same Direction: Rear End,Rear-end,0,0,1,0,1,3,0,0,0,0,0,0
296930,Minor injury,2016,8,Sideswipe,Multi-Vehicle,153.0621363,-27.58177114,Mains Rd,,Sunnybank,Sunnybank,No Roadway Feature,No traffic control,60 km/h,Sealed - Dry,Daylight,Straight,Veh'S Same Direction: Lane Change Right,Lane changes,0,0,0,1,1,1,0,0,1,0,0,0
296931,Medical treatment,2016,14,Rear-end,Multi-Vehicle,153.0365,-27.596172,Mt Lindesay Art. Rd,,Acacia Ridge,Sunnybank,No Roadway Feature,No traffic control,70 km/h,Sealed - Dry,Daylight,Straight,Veh'S Same Direction: Rear End,Rear-end,0,0,1,0,1,2,0,1,0,0,0,0
296933,Medical treatment,2016,13,Sideswipe,Multi-Vehicle,152.945164,-27.628101,Logan Mwy,,Forest Lake,Inala,No Roadway Feature,No traffic control,100 - 110 km/h,Sealed - Dry,Daylight,Straight,Veh'S Same Direction: Lane Change Left,Lane changes,0,0,1,0,1,1,0,1,0,0,0,0
296935,Minor injury,2016,8,Angle,Multi-Vehicle,153.109255,-27.546096,Broadwater Rd,Sandringham St,Mansfield,Mansfield,Intersection - T-Junction,No traffic control,0 - 50 km/h,Sealed - Dry,Daylight,Straight,Veh'S Manoeuvring: Entering From Footway,Vehicle leaving driveway,0,0,0,1,1,1,0,0,0,1,0,0
296936,Medical treatment,2016,5,Rear-end,Multi-Vehicle,153.0987076,-27.58635044,Gateway Arterial Rd,,Eight Mile Plains,Stretton,No Roadway Feature,No traffic control,100 - 110 km/h,Sealed - Wet,Darkness - Lighted,Straight,Veh'S Same Direction: Rear End,Rear-end,0,0,1,1,2,4,0,0,0,0,0,0
296937,Medical treatment,2016,13,Hit pedestrian,Hit pedestrian,153.013527,-27.476622,Edmondstone St,Melbourne St,South Brisbane,South Brisbane,Intersection - Cross,Operating traffic lights,0 - 50 km/h,Sealed - Dry,Daylight,Straight,Ped'N: Near Side Vehicle Hit From Right,Pedestrian,0,0,1,0,1,1,0,0,0,0,1,0
296938,Hospitalisation,2016,17,Rear-end,Multi-Vehicle,153.044034,-27.479361,Latrobe St,Lytton Rd,East Brisbane,South Brisbane,Intersection - T-Junction,Operating traffic lights,60 km/h,Sealed - Dry,Darkness - Lighted,Straight,Veh'S Same Direction: Rear End,Rear-end,0,1,0,0,1,2,0,0,0,0,0,0
296964,Hospitalisation,2016,9,Angle,Multi-Vehicle,152.96133,-27.575994,Acanthus St,Boundary Rd,Darra,Inala,Intersection - T-Junction,No traffic control,60 km/h,Sealed - Dry,Daylight,Straight,Veh'S Opposite Approach: Thru-Right,Opposing vehicles turning,0,1,0,0,1,2,0,0,0,0,0,0
296965,Minor injury,2016,7,Rear-end,Multi-Vehicle,152.960046,-27.572104,Ipswich Mwy,,Darra,Inala,No Roadway Feature,No traffic control,60 km/h,Sealed - Dry,Daylight,Straight,Veh'S Same Direction: Right Rear,Rear-end,0,0,0,2,2,2,0,0,0,0,0,0
296966,Medical treatment,2016,17,Angle,Multi-Vehicle,153.057264,-27.585963,Beenleigh Rd,Wynne St,Sunnybank,Sunnybank,Intersection - Cross,Operating traffic lights,60 km/h,Sealed - Dry,Darkness - Lighted,Straight,Veh'S Opposite Approach: Thru-Right,Opposing vehicles turning,0,0,2,0,2,2,0,0,0,0,0,0
296967,Minor injury,2016,8,Rear-end,Multi-Vehicle,153.062002,-27.582333,Mains Rd,,Sunnybank,Sunnybank,No Roadway Feature,No traffic control,60 km/h,Sealed - Dry,Daylight,Straight,Veh'S Same Direction: Rear End,Rear-end,0,0,0,1,1,3,0,0,0,0,0,0
296968,Minor injury,2016,17,Angle,Multi-Vehicle,153.033513,-27.514269,Lothian St,Waterton St,Annerley,Yeerongpilly,Intersection - Cross,Give way sign,60 km/h,Sealed - Dry,Daylight,Straight,Veh'S Adjacent Approach: Thru-Thru,Intersection from adjacent approaches,0,0,0,1,1,2,0,0,0,0,0,0
296973,Medical treatment,2016,12,Angle,Multi-Vehicle,152.972592,-27.553379,Ardoyne Rd,Seventeen Mile Rocks Rd,Oxley,Mount Ommaney,Intersection - T-Junction,Stop sign,60 km/h,Sealed - Wet,Daylight,Straight,Veh'S Adjacent Approach: Thru-Right,Intersection from adjacent approaches,0,0,1,0,1,1,0,0,0,1,0,0
296974,Medical treatment,2016,15,Rear-end,Multi-Vehicle,153.081624,-27.564631,South East Arterial Rd,,Macgregor,Mansfield,No Roadway Feature,No traffic control,100 - 110 km/h,Sealed - Dry,Daylight,Straight,Veh'S Same Direction: Rear End,Rear-end,0,0,2,0,2,5,0,0,0,0,0,0
296975,Medical treatment,2016,6,Sideswipe,Multi-Vehicle,153.114705,-27.551241,Gateway Arterial Rd,,Rochedale,Mansfield,No Roadway Feature,No traffic control,100 - 110 km/h,Sealed - Dry,Daylight,Straight,Veh'S Same Direction: Lane Change Left,Lane changes,0,0,1,0,1,1,0,1,0,0,0,0
296976,Minor injury,2016,15,Angle,Multi-Vehicle,153.03693,-27.497821,Wolseley St,,Woolloongabba,South Brisbane,No Roadway Feature,No traffic control,0 - 50 km/h,Sealed - Dry,Dawn/Dusk,Straight,Veh'S Opposite Approach: U-Turn,U-turn,0,0,0,1,1,2,0,0,0,0,0,0
296977,Medical treatment,2016,17,Rear-end,Multi-Vehicle,153.029278,-27.483532,Vulture St,,South Brisbane,South Brisbane,No Roadway Feature,No traffic control,60 km/h,Sealed - Wet,Daylight,Straight,Veh'S Same Direction: Rear End,Rear-end,0,0,1,0,1,2,0,0,0,0,0,0
296982,Hospitalisation,2016,13,Hit object,Single Vehicle,153.138338,-27.573937,Ford Rd,,Burbank,Mansfield,No Roadway Feature,No traffic control,60 km/h,Sealed - Dry,Daylight,Straight,Off Path-Straight: Other,Other,0,1,0,0,1,1,0,0,0,0,0,0
297009,Hospitalisation,2016,6,Angle,Multi-Vehicle,153.059961,-27.464368,Hawthorne Rd,Uhlmann St,Hawthorne,Bulimba,Intersection - T-Junction,Give way sign,60 km/h,Sealed - Wet,Dawn/Dusk,Straight,Veh'S Adjacent Approach: Thru-Right,Intersection from adjacent approaches,0,1,0,0,1,1,1,0,0,0,0,0
297010,Hospitalisation,2016,8,Angle,Multi-Vehicle,153.060966,-27.472656,Hipwood St,Wynnum Rd,Norman Park,Bulimba,Intersection - T-Junction,No traffic control,60 km/h,Sealed - Dry,Daylight,Straight,Veh'S Manoeuvring: Leaving Driveway,Vehicle leaving driveway,0,1,0,0,1,1,1,0,0,0,0,0
297012,Hospitalisation,2016,18,Hit pedestrian,Hit pedestrian,153.0875953,-27.57572324,Warrigal Rd,,Eight Mile Plains,Stretton,No Roadway Feature,No traffic control,0 - 50 km/h,Sealed - Dry,Darkness - Lighted,Straight,Ped'N: Hit By Vehicle Enter/Leave D'Way,Pedestrian,0,1,0,0,1,1,0,0,0,0,1,0
297013,Hospitalisation,2016,17,Hit pedestrian,Hit pedestrian,153.055092,-27.574512,Station Rd,Turton St,Sunnybank,Sunnybank,Intersection - Cross,No traffic control,0 - 50 km/h,Sealed - Dry,Dawn/Dusk,Straight,Ped'N: Far Side Vehicle Hit From Left,Pedestrian,0,1,0,0,1,1,0,0,0,0,1,0
297014,Medical treatment,2016,18,Rear-end,Multi-Vehicle,153.092128,-27.575913,Logan Sub-Arterial Rd,Padstow Rd,Eight Mile Plains,Stretton,Intersection - Cross,Operating traffic lights,60 km/h,Sealed - Dry,Darkness - Lighted,Straight,Veh'S Same Direction: Rear End,Rear-end,0,0,1,0,1,2,0,0,0,0,0,0
297015,Hospitalisation,2016,16,Hit pedestrian,Hit pedestrian,153.028035,-27.488848,Annerley Rd,,Woolloongabba,South Brisbane,No Roadway Feature,No traffic control,60 km/h,Sealed - Dry,Daylight,Curved - view open,Ped'N: Near Side Vehicle Hit From Right,Pedestrian,0,1,0,0,1,1,0,0,0,0,1,0
297016,Medical treatment,2016,13,Rear-end,Multi-Vehicle,153.165355,-27.481888,Greencamp Rd,Tilley Rd,Wakerley,Chatsworth,Intersection - T-Junction,Stop sign,70 km/h,Sealed - Dry,Daylight,Straight,Veh'S Same Direction: Left Rear,Rear-end,0,0,1,0,1,2,0,0,0,0,0,0
297020,Hospitalisation,2016,5,Hit object,Single Vehicle,153.178949,-27.513373,Cleveland Sub-Arterial Rd,,Chandler,Chatsworth,No Roadway Feature,No traffic control,80 - 90 km/h,Sealed - Wet,Darkness - Lighted,Curved - view open,Veh'S Opposite Approach: Head On,Head-on,0,2,0,0,2,2,0,0,0,0,0,0
297041,Hospitalisation,2016,1,Hit object,Single Vehicle,153.0686,-27.59879,Brandon Rd,,Runcorn,Stretton,No Roadway Feature,No traffic control,60 km/h,Sealed - Wet,Darkness - Lighted,Curved - view open,Off Path-Curve: Off Cway Lt Bend Hit Obj,Off carriageway on curve hit object,0,1,0,0,1,1,0,0,0,0,0,0
297042,Medical treatment,2016,9,Angle,Multi-Vehicle,153.09281,-27.504175,Gallipoli Rd,Winstanley St,Carina Heights,Chatsworth,Intersection - Roundabout,Give way sign,0 - 50 km/h,Sealed - Dry,Daylight,Straight,Veh'S Adjacent Approach: Thru-Thru,Intersection from adjacent approaches,0,0,1,0,1,2,0,0,0,0,0,0
297043,Hospitalisation,2016,17,Angle,Multi-Vehicle,153.061142,-27.497554,Cavendish Rd,Woodhill Ave,Coorparoo,Greenslopes,Intersection - T-Junction,Give way sign,60 km/h,Sealed - Dry,Dawn/Dusk,Straight,Veh'S Adjacent Approach: Right-Thru,Intersection from adjacent approaches,0,1,0,0,1,1,1,0,0,0,0,0
297044,Hospitalisation,2016,15,Angle,Multi-Vehicle,152.956089,-27.619695,Lochwood Ave,Woogaroo St,Forest Lake,Inala,Intersection - T-Junction,Give way sign,60 km/h,Sealed - Dry,Daylight,Straight,Veh'S Adjacent Approach: Thru-Right,Intersection from adjacent approaches,0,1,0,0,1,2,0,0,0,0,0,0
297045,Medical treatment,2016,18,Rear-end,Multi-Vehicle,153.080952,-27.560094,Griffith Arterial Rd,Logan Rd,Upper Mount Gravatt,Mansfield,Intersection - T-Junction,No traffic control,60 km/h,Sealed - Dry,Darkness - Lighted,Straight,Veh'S Same Direction: Left Rear,Rear-end,0,0,1,0,1,2,0,0,0,0,0,0
297046,Medical treatment,2016,8,Rear-end,Multi-Vehicle,153.1102405,-27.55869126,Gateway Arterial Rd,,Rochedale,Mansfield,No Roadway Feature,No traffic control,100 - 110 km/h,Sealed - Dry,Daylight,Straight,Veh'S Same Direction: Rear End,Rear-end,0,0,1,0,1,2,0,0,0,0,0,0
297067,Medical treatment,2016,17,Rear-end,Multi-Vehicle,153.0392919,-27.50429955,South East Arterial Rd,,Greenslopes,South Brisbane,No Roadway Feature,No traffic control,100 - 110 km/h,Sealed - Dry,Daylight,Straight,Veh'S Same Direction: Rear End,Rear-end,0,0,1,0,1,2,0,0,0,0,0,0
297068,Medical treatment,2016,9,Sideswipe,Multi-Vehicle,153.002657,-27.558839,Cunningham Arterial Rd,Ipswich Mwy,Rocklea,Yeerongpilly,Intersection - Interchange,No traffic control,70 km/h,Sealed - Dry,Daylight,Straight,Veh'S Same Direction: Other,Other,0,0,1,0,1,2,0,0,0,0,0,0
297069,Hospitalisation,2016,18,Hit object,Single Vehicle,153.10004,-27.57582,South East Busway,,Eight Mile Plains,Mansfield,No Roadway Feature,No traffic control,60 km/h,Sealed - Dry,Darkness - Lighted,Curved - view open,Off Path-Curve: Off Cway Rt Bend Hit Obj,Off carriageway on curve hit object,0,1,0,0,1,0,1,0,0,0,0,0
297070,Medical treatment,2016,16,Rear-end,Multi-Vehicle,153.034638,-27.494586,Ipswich Rd,Reis St,Woolloongabba,South Brisbane,Intersection - T-Junction,Stop sign,60 km/h,Sealed - Dry,Daylight,Straight,Veh'S Same Direction: Left Rear,Rear-end,0,0,1,0,1,2,0,0,0,0,0,0
297071,Medical treatment,2016,11,Hit object,Single Vehicle,153.147324,-27.45485,Carabbean Cl,Pinewood St,Wynnum West,Lytton,Intersection - T-Junction,No traffic control,0 - 50 km/h,Sealed - Dry,Daylight,Straight,Veh'S Manoeuvring: Other,Other,0,0,1,0,1,1,0,0,0,0,0,0
297096,Medical treatment,2016,11,Rear-end,Multi-Vehicle,152.9408871,-27.54753341,Dandenong Rd,Western Arterial Rd,Mount Ommaney,Mount Ommaney,Intersection - Roundabout,Give way sign,60 km/h,Sealed - Dry,Daylight,Straight,Veh'S Same Direction: Left Rear,Rear-end,0,0,2,0,2,2,0,0,0,0,0,0
297097,Medical treatment,2016,2,Hit object,Single Vehicle,153.097887,-27.484192,Creek Rd,Gray St,Carina,Bulimba,Intersection - T-Junction,No traffic control,60 km/h,Sealed - Dry,Darkness - Lighted,Curved - view open,Off Path-Curve: Mounts Traffic Island,Off carriageway on curve hit object,0,0,1,0,1,1,0,0,0,0,0,0
297098,Minor injury,2016,15,Rear-end,Multi-Vehicle,153.078557,-27.486872,Ferguson Rd,Stanley Rd,Camp Hill,Chatsworth,Intersection - Roundabout,Give way sign,60 km/h,Sealed - Dry,Daylight,Curved - view open,Veh'S Same Direction: Left Rear,Rear-end,0,0,0,1,1,2,0,0,0,0,0,0
297102,Hospitalisation,2016,7,Angle,Multi-Vehicle,153.02277,-27.484426,Brook St,Stephens Rd,South Brisbane,South Brisbane,Intersection - T-Junction,Give way sign,60 km/h,Sealed - Dry,Daylight,Curved - view open,Veh'S Manoeuvring: Entering From Footway,Vehicle leaving driveway,0,1,0,0,1,1,0,0,0,1,0,0
297135,Hospitalisation,2016,0,Hit object,Single Vehicle,153.0797009,-27.5214715,Oates Ave,,Holland Park,Greenslopes,No Roadway Feature,No traffic control,0 - 50 km/h,Sealed - Dry,Darkness - Lighted,Straight,Off Path-Straight:Right Off Cway Hit Obj,Off carriageway on straight hit object,0,1,0,0,1,3,0,0,0,0,0,0
297136,Medical treatment,2016,17,Angle,Multi-Vehicle,153.013786,-27.537885,Hamilton Rd,Ipswich Rd,Moorooka,Yeerongpilly,Intersection - T-Junction,Operating traffic lights,60 km/h,Sealed - Dry,Daylight,Straight,Veh'S Opposite Approach: Thru-Right,Opposing vehicles turning,0,0,1,0,1,2,0,0,0,0,0,0
297138,Medical treatment,2016,17,Rear-end,Multi-Vehicle,153.1293253,-27.47514822,Belmont Rd,,Tingalpa,Chatsworth,No Roadway Feature,No traffic control,60 km/h,Sealed - Dry,Daylight,Straight,Veh'S Same Direction: Rear End,Rear-end,0,0,1,0,1,2,0,0,0,0,0,0
297159,Hospitalisation,2016,15,Hit pedestrian,Hit pedestrian,153.068153,-27.570816,Chadford St,Epsom St,Macgregor,Sunnybank,Intersection - Roundabout,No traffic control,0 - 50 km/h,Sealed - Dry,Daylight,Straight,Ped'N: Far Side Vehicle Hit From Left,Pedestrian,0,1,0,0,1,1,0,0,0,0,1,0
297160,Hospitalisation,2016,10,Hit object,Single Vehicle,153.0434179,-27.48568829,Vulture St East,,East Brisbane,South Brisbane,No Roadway Feature,No traffic control,60 km/h,Sealed - Dry,Daylight,Straight,Off Path-Straight:Right Off Cway Hit Obj,Off carriageway on straight hit object,0,1,0,0,1,1,0,0,0,0,0,0
297178,Hospitalisation,2016,5,Hit pedestrian,Hit pedestrian,153.029395,-27.518288,Cracknell Rd,Ipswich Rd,Annerley,Yeerongpilly,Intersection - Cross,Operating traffic lights,60 km/h,Sealed - Dry,Dawn/Dusk,Straight,Ped'N: Far Side Vehicle Hit From Left,Pedestrian,0,1,0,0,1,1,0,0,0,0,1,0
297179,Medical treatment,2016,7,Rear-end,Multi-Vehicle,152.995709,-27.593051,King Ave,,Durack,Sunnybank,No Roadway Feature,No traffic control,80 - 90 km/h,Sealed - Dry,Daylight,Straight,Veh'S Same Direction: Rear End,Rear-end,0,0,1,0,1,4,0,0,0,0,0,0
297180,Medical treatment,2016,11,Head-on,Multi-Vehicle,152.996598,-27.593203,King Ave,,Durack,Sunnybank,No Roadway Feature,No traffic control,80 - 90 km/h,Sealed - Dry,Daylight,Straight,Veh'S Opposite Approach: Head On,Head-on,0,0,1,2,3,2,0,0,0,0,0,0
297181,Medical treatment,2016,14,Angle,Multi-Vehicle,153.055324,-27.474436,Norman Cres,Wynnum Rd,Norman Park,Bulimba,Intersection - T-Junction,No traffic control,0 - 50 km/h,Unsealed - Dry,Daylight,Straight,Veh'S Opposite Approach: Thru-Right,Opposing vehicles turning,0,0,1,0,1,1,0,1,0,0,0,0
297183,Medical treatment,2016,15,Angle,Multi-Vehicle,153.0627931,-27.5789925,Mains Rd,,Sunnybank,Sunnybank,No Roadway Feature,No traffic control,60 km/h,Sealed - Dry,Darkness - Lighted,Straight,Veh'S Same Direction: Lane Change Left,Lane changes,0,0,1,0,1,2,0,0,0,0,0,0
297184,Medical treatment,2016,15,Rear-end,Multi-Vehicle,153.106681,-27.574583,Gateway Art Rd Ramp Ma,Gateway Arterial Rd,Rochedale,Mansfield,Intersection - Interchange,No traffic control,100 - 110 km/h,Sealed - Dry,Daylight,Straight,Veh'S Same Direction: Rear End,Rear-end,0,0,1,0,1,2,0,1,0,0,0,0
297185,Hospitalisation,2016,17,Angle,Multi-Vehicle,153.035745,-27.479267,Bell St,Main St,Kangaroo Point,South Brisbane,Intersection - Cross,Operating traffic lights,60 km/h,Sealed - Dry,Daylight,Straight,Veh'S Opposite Approach: Thru-Right,Opposing vehicles turning,0,1,0,0,1,1,0,0,0,1,0,0
297210,Medical treatment,2016,17,Rear-end,Multi-Vehicle,153.095956,-27.482197,Creek Rd,,Carina,Bulimba,Intersection - T-Junction,No traffic control,70 km/h,Sealed - Dry,Daylight,Straight,Veh'S Adjacant Approach: Thru-Left,Intersection from adjacent approaches,0,0,2,0,2,2,0,0,0,0,0,0
297221,Medical treatment,2016,15,Rear-end,Multi-Vehicle,153.179822,-27.514084,Cleveland Sub-Arterial Rd,,Chandler,Chatsworth,No Roadway Feature,No traffic control,70 km/h,Sealed - Dry,Daylight,Straight,Veh'S Same Direction: Rear End,Rear-end,0,0,2,0,2,4,0,0,0,0,0,0
297273,Medical treatment,2016,17,Rear-end,Multi-Vehicle,152.946453,-27.5327923,Western Arterial Rd,,Jindalee,Mount Ommaney,No Roadway Feature,No traffic control,100 - 110 km/h,Sealed - Dry,Dawn/Dusk,Straight,Veh'S Same Direction: Rear End,Rear-end,0,0,1,0,1,2,0,0,0,0,0,0
297274,Medical treatment,2016,14,Angle,Multi-Vehicle,153.026398,-27.521261,Aubigny St,Ipswich Rd,Annerley,Yeerongpilly,Intersection - T-Junction,No traffic control,60 km/h,Sealed - Dry,Daylight,Straight,Veh'S Manoeuvring: Reversing,Hit parked vehicle,0,0,1,0,1,2,0,0,0,0,0,0
297275,Medical treatment,2016,8,Rear-end,Multi-Vehicle,153.029491,-27.518148,Ipswich Rd,,Annerley,Yeerongpilly,No Roadway Feature,No traffic control,60 km/h,Sealed - Dry,Daylight,Straight,Veh'S Same Direction: Rear End,Rear-end,0,0,1,0,1,2,0,0,0,0,0,0
297279,Hospitalisation,2016,19,Rear-end,Multi-Vehicle,153.039081,-27.505562,South East Arterial Rd,,Greenslopes,South Brisbane,No Roadway Feature,No traffic control,100 - 110 km/h,Sealed - Dry,Darkness - Lighted,Straight,Veh'S Same Direction: Rear End,Rear-end,0,1,0,0,1,2,0,0,0,0,0,0