Crash_Ref_Number,Severity,Year,Hour,Crash_Nature,Crash_Type,Longitude,Latitude,Street,Street_Intersecting,Suburb,Loc_State_Electorate,Crash_Roadway_Feature,Crash_Traffic_Control,Crash_Speed_Limit,Crash_Road_Surface_Condition,Crash_Lighting_Condition,Crash_Road_Horiz_Align,Crash_DCA_Description,Crash_DCA_Group_Description,Count_Casualty_Fatality,Count_Casualty_Hospitalised,Count_Casualty_MedicallyTreated,Count_Casualty_MinorInjury,Count_Casualty_Total,Count_Unit_Car,Count_Unit_Motorcycle_Moped,Count_Unit_Truck,Count_Unit_Bus,Count_Unit_Bicycle,Count_Unit_Pedestrian,Count_Unit_Other
297280,Minor injury,2016,7,Hit object,Single Vehicle,153.060605,-27.482188,Corrie St,,Norman Park,Bulimba,Intersection - T-Junction,Operating traffic lights,60 km/h,Sealed - Wet,Daylight,Curved - view open,Off Path-Curve: Off Cway Rt Bend Hit Obj,Off carriageway on curve hit object,0,0,0,1,1,1,0,0,0,0,0,0
297281,Minor injury,2016,14,Rear-end,Multi-Vehicle,153.061548,-27.480834,Corrie St,Norman Ave,Norman Park,Bulimba,Intersection - T-Junction,Give way sign,60 km/h,Sealed - Dry,Daylight,Straight,Veh'S Same Direction: Left Rear,Rear-end,0,0,0,1,1,2,0,0,0,0,0,0
297282,Medical treatment,2016,16,Rear-end,Multi-Vehicle,153.0719498,-27.55606393,South East Busway,,Upper Mount Gravatt,Mansfield,No Roadway Feature,No traffic control,100 - 110 km/h,Sealed - Dry,Daylight,Straight,Veh'S Same Direction: Rear End,Rear-end,0,0,2,1,3,3,0,0,0,0,0,0
297283,Hospitalisation,2016,6,Rear-end,Multi-Vehicle,153.041866,-27.479008,Lytton Rd,,East Brisbane,South Brisbane,No Roadway Feature,No traffic control,60 km/h,Sealed - Dry,Daylight,Straight,Veh'S Same Direction: Rear End,Rear-end,0,1,0,0,1,1,1,0,0,0,0,0
297284,Hospitalisation,2016,15,Hit pedestrian,Hit pedestrian,153.110037,-27.472013,Container St,Wynnum Rd,Tingalpa,Chatsworth,Intersection - Cross,Operating traffic lights,0 - 50 km/h,Sealed - Dry,Daylight,Straight,Ped'N: Near Side Vehicle Hit From Right,Pedestrian,0,1,0,0,1,1,0,0,0,0,1,0
297285,Medical treatment,2016,16,Angle,Multi-Vehicle,153.171152,-27.450302,Henry St,Pine St,Wynnum,Lytton,Intersection - Cross,Give way sign,60 km/h,Sealed - Dry,Daylight,Straight,Veh'S Adjacent Approach: Thru-Thru,Intersection from adjacent approaches,0,0,1,0,1,2,0,0,0,0,0,0
297307,Hospitalisation,2016,16,Head-on,Multi-Vehicle,153.0757365,-27.54458424,Mt Gravatt Outlook Dr,,Mount Gravatt,Mansfield,No Roadway Feature,No traffic control,0 - 50 km/h,Sealed - Dry,Daylight,Curved - view obscured,Veh'S Opposite Approach: Head On,Head-on,0,1,0,0,1,1,0,0,0,1,0,0
297310,Hospitalisation,2016,17,Angle,Multi-Vehicle,153.015555,-27.481487,Browning St,Vulture St,South Brisbane,South Brisbane,Intersection - Cross,No traffic control,0 - 50 km/h,Sealed - Dry,Dawn/Dusk,Straight,Veh'S Opposite Approach: Thru-Right,Opposing vehicles turning,0,1,0,0,1,1,0,0,0,1,0,0
297311,Medical treatment,2016,20,Head-on,Multi-Vehicle,153.035101,-27.48061305,Llewellyn St,,Kangaroo Point,South Brisbane,No Roadway Feature,No traffic control,0 - 50 km/h,Sealed - Dry,Darkness - Lighted,Straight,Veh'S Manoeuvring: Entering From Footway,Vehicle leaving driveway,0,0,3,0,3,2,0,0,0,0,0,0
297312,Hospitalisation,2016,0,Hit object,Single Vehicle,153.01906,-27.487669,Gladstone Rd,Gloucester St,Highgate Hill,South Brisbane,Intersection - Cross,Operating traffic lights,60 km/h,Sealed - Dry,Darkness - Lighted,Straight,Off Path-Straight: Mounts Traffic Island,Off carriageway on straight hit object,0,2,0,0,2,1,0,0,0,0,0,0
297313,Medical treatment,2016,14,Sideswipe,Multi-Vehicle,153.116101,-27.473562,Wynnum Rd,,Tingalpa,Chatsworth,No Roadway Feature,No traffic control,60 km/h,Sealed - Dry,Daylight,Straight,Veh'S Same Direction: Lane Side Swipe,Lane changes,0,0,1,0,1,1,1,0,0,0,0,0
297322,Hospitalisation,2016,6,Hit object,Single Vehicle,153.185345,-27.519113,Cleveland Sub-Arterial Rd,Mt Gravatt - Capalaba Rd,Chandler,Chatsworth,Intersection - T-Junction,No traffic control,60 km/h,Sealed - Dry,Daylight,Curved - view open,Off Path-Curve: Off Cway Lt Bend Hit Obj,Off carriageway on curve hit object,0,1,0,0,1,1,0,0,0,0,0,0
297345,Medical treatment,2016,19,Angle,Multi-Vehicle,153.03652,-27.660051,Johnson Rd,Mt Lindesay Hwy,Parkinson,Algester,Intersection - Interchange,No traffic control,60 km/h,Sealed - Dry,Darkness - Lighted,Straight,Veh'S Adjacant Approach: Thru-Left,Intersection from adjacent approaches,0,0,1,0,1,2,0,0,0,0,0,0
297347,Minor injury,2016,11,Angle,Multi-Vehicle,153.047966,-27.573498,Troughton Rd,Turton St,Sunnybank,Sunnybank,Intersection - Cross,Operating traffic lights,60 km/h,Sealed - Dry,Daylight,Straight,Veh'S Manoeuvring: Parking,Hit parked vehicle,0,0,0,1,1,2,0,0,0,0,0,0
297348,Medical treatment,2016,6,Angle,Multi-Vehicle,153.035968,-27.486534,Ipswich Rd,Stanley St,Woolloongabba,South Brisbane,Intersection - Cross,Operating traffic lights,60 km/h,Sealed - Dry,Daylight,Straight,Veh'S Adjacent Approach: Thru-Thru,Intersection from adjacent approaches,0,0,1,0,1,2,0,0,0,0,0,0
297370,Hospitalisation,2016,6,Fall from vehicle,Single Vehicle,153.09128,-27.48861,Sage St,Stanley Rd,Carina,Chatsworth,Intersection - T-Junction,No traffic control,60 km/h,Sealed - Dry,Daylight,Straight,Off Path-Straight:Out Of Control On Cway,Out of control on straight,0,1,0,0,1,0,1,0,0,0,0,0
297372,Medical treatment,2016,17,Angle,Multi-Vehicle,153.056275,-27.515263,Birdwood Rd,Logan Rd,Holland Park West,Greenslopes,Intersection - T-Junction,Operating traffic lights,60 km/h,Sealed - Dry,Daylight,Straight,Veh'S Opposite Approach: Thru-Right,Opposing vehicles turning,0,0,1,0,1,2,0,0,0,0,0,0
297373,Medical treatment,2016,15,Hit parked vehicle,Single Vehicle,153.1109,-27.452191,Port Of Brisbane Rd,,Murarrie,Bulimba,No Roadway Feature,No traffic control,60 km/h,Sealed - Dry,Daylight,Curved - view open,Off Path-Curve: Off Cway Rt Bend Hit Obj,Off carriageway on curve hit object,0,0,1,0,1,2,0,0,0,0,0,0
297375,Medical treatment,2016,23,Angle,Multi-Vehicle,153.089109,-27.60374,Beenleigh Rd,Donegal St,Kuraby,Stretton,Intersection - T-Junction,No traffic control,60 km/h,Sealed - Dry,Darkness - Lighted,Straight,Veh'S Opposite Approach: Thru-Right,Opposing vehicles turning,0,0,1,0,1,2,0,0,0,0,0,0
297376,Medical treatment,2016,8,Rear-end,Multi-Vehicle,153.049032,-27.558535,Griffith Arterial Rd,,Coopers Plains,Sunnybank,No Roadway Feature,No traffic control,70 km/h,Sealed - Wet,Daylight,Straight,Veh'S Same Direction: Rear End,Rear-end,0,0,1,0,1,3,0,0,0,0,0,0
297406,Hospitalisation,2016,15,Rear-end,Multi-Vehicle,152.959706,-27.57223,Acanthus St,Ipswich Mwy,Darra,Inala,Intersection - Cross,Give way sign,60 km/h,Sealed - Dry,Daylight,Straight,Veh'S Same Direction: Left Rear,Rear-end,0,1,0,0,1,2,0,0,0,0,0,0
297407,Medical treatment,2016,9,Angle,Multi-Vehicle,152.959706,-27.57223,Acanthus St,Ipswich Mwy,Darra,Inala,Intersection - Cross,Operating traffic lights,60 km/h,Sealed - Dry,Daylight,Curved - view open,Veh'S Opposite Approach: Thru-Right,Opposing vehicles turning,0,0,2,0,2,3,0,0,0,0,0,0
297408,Medical treatment,2016,10,Angle,Multi-Vehicle,153.024818,-27.572937,Kerry Rd,Mt Lindesay Art. Rd,Acacia Ridge,Sunnybank,Intersection - T-Junction,Give way sign,70 km/h,Sealed - Dry,Daylight,Straight,Veh'S Adjacant Approach: Thru-Left,Intersection from adjacent approaches,0,0,1,0,1,0,0,1,0,0,0,1
297409,Hospitalisation,2016,9,Hit object,Single Vehicle,152.959718,-27.599147,Archerfield Rd,Government Rd,Inala,Inala,Intersection - T-Junction,No traffic control,60 km/h,Sealed - Dry,Daylight,Straight,Off Path-Straight: Left Off Cway Hit Obj,Off carriageway on straight hit object,0,1,0,0,1,1,0,0,0,0,0,0
297410,Medical treatment,2016,8,Hit object,Single Vehicle,152.9946016,-27.62182456,Ritchie Rd,,Pallara,Algester,No Roadway Feature,No traffic control,70 km/h,Sealed - Dry,Daylight,Curved - view open,Off Path-Curve: Off Cway Lt Bend Hit Obj,Off carriageway on curve hit object,0,0,1,0,1,1,0,0,0,0,0,0
297411,Hospitalisation,2016,8,Rear-end,Multi-Vehicle,152.979758,-27.549956,Oxley Rd,Sheffield St,Oxley,Mount Ommaney,Intersection - T-Junction,No traffic control,60 km/h,Sealed - Dry,Daylight,Straight,Veh'S Same Direction: Rear End,Rear-end,0,1,0,0,1,2,0,0,0,0,0,0
297412,Medical treatment,2016,20,Angle,Multi-Vehicle,152.979784,-27.566068,Ipswich Mwy,Oxley Rd,Oxley,Mount Ommaney,Intersection - Roundabout,Give way sign,70 km/h,Sealed - Dry,Darkness - Lighted,Straight,Veh'S Adjacent Approach: Thru-Thru,Intersection from adjacent approaches,0,0,1,0,1,2,0,0,0,0,0,0
297413,Hospitalisation,2016,22,Hit parked vehicle,Single Vehicle,153.050088,-27.56203,Highgate St,Troughton Rd,Coopers Plains,Sunnybank,Intersection - T-Junction,No traffic control,60 km/h,Sealed - Dry,Darkness - Lighted,Straight,Off Path-Straight:Out Of Control On Cway,Out of control on straight,0,1,0,0,1,2,0,0,0,0,0,0
297414,Hospitalisation,2016,16,Hit pedestrian,Hit pedestrian,153.087607,-27.57521,Padstow Rd,Warrigal Rd,Eight Mile Plains,Sunnybank,Intersection - Cross,Operating traffic lights,60 km/h,Sealed - Dry,Daylight,Straight,Ped'N: Far Side Vehicle Hit From Left,Pedestrian,0,1,0,0,1,1,0,0,0,0,1,0
297442,Medical treatment,2016,17,Rear-end,Multi-Vehicle,153.103077,-27.504286,Carindale St,,Carindale,Chatsworth,No Roadway Feature,Stop sign,0 - 50 km/h,Sealed - Dry,Dawn/Dusk,Straight,Veh'S Manoeuvring: Leaving Driveway,Vehicle leaving driveway,0,0,2,0,2,2,0,0,0,0,0,0
297447,Medical treatment,2016,7,Rear-end,Multi-Vehicle,153.054457,-27.487269,Cavendish Rd,Stanley St East,Coorparoo,Greenslopes,Intersection - Cross,Operating traffic lights,60 km/h,Sealed - Dry,Daylight,Straight,Veh'S Same Direction: Rear End,Rear-end,0,0,1,0,1,2,0,0,0,0,0,0
297448,Hospitalisation,2016,16,Hit pedestrian,Hit pedestrian,153.097126,-27.518348,Creek Rd,,Mount Gravatt East,Mansfield,No Roadway Feature,No traffic control,60 km/h,Sealed - Dry,Daylight,Straight,Ped'N: Hit While Boarding/Alighting,Pedestrian,0,1,0,0,1,1,0,0,0,0,1,0
297451,Hospitalisation,2016,6,Head-on,Multi-Vehicle,153.0643839,-27.46591394,Riding Rd,,Hawthorne,Bulimba,No Roadway Feature,No traffic control,60 km/h,Sealed - Dry,Daylight,Straight,Veh'S Opposite Approach: U-Turn,U-turn,0,1,0,0,1,1,1,0,0,0,0,0
297453,Medical treatment,2016,14,Overturned,Single Vehicle,153.104404,-27.583181,South East Arterial Rd,,Rochedale,Mansfield,Merge Lane,No traffic control,100 - 110 km/h,Sealed - Dry,Daylight,Straight,Veh'S Same Direction: Other,Other,0,0,1,0,1,1,0,1,0,0,0,0
297454,Minor injury,2016,18,Rear-end,Multi-Vehicle,153.126453,-27.497573,Belmont Rd,Gateway Art Rd Ramp Vf,Belmont,Chatsworth,Merge Lane,Give way sign,60 km/h,Sealed - Dry,Darkness - Lighted,Curved - view open,Veh'S Same Direction: Rear End,Rear-end,0,0,0,1,1,2,0,0,0,0,0,0
297480,Hospitalisation,2016,5,Rear-end,Multi-Vehicle,153.079311,-27.613875,Compton Rd,,Stretton,Stretton,Intersection - Interchange,Operating traffic lights,70 km/h,Sealed - Dry,Dawn/Dusk,Straight,Veh'S Same Direction: Rear End,Rear-end,0,1,0,0,1,1,1,0,0,0,0,0
297481,Medical treatment,2016,15,Rear-end,Multi-Vehicle,152.945866,-27.534105,Seventeen Mile Rocks Rd,Western Arterial Rd,Jindalee,Mount Ommaney,Intersection - Interchange,Give way sign,60 km/h,Sealed - Dry,Daylight,Curved - view open,Veh'S Same Direction: Right Rear,Rear-end,0,0,1,0,1,2,0,0,0,0,0,0
297482,Hospitalisation,2016,10,Hit parked vehicle,Single Vehicle,153.067007,-27.597582,Brandon Rd,,Runcorn,Stretton,No Roadway Feature,No traffic control,0 - 50 km/h,Sealed - Dry,Daylight,Straight,Veh'S On Path: Parked,Hit parked vehicle,0,1,0,0,1,2,0,0,0,0,0,0
297483,Medical treatment,2016,19,Angle,Multi-Vehicle,153.025714,-27.579826,Mortimer Rd,Mt Lindesay Art. Rd,Acacia Ridge,Sunnybank,Intersection - Cross,Operating traffic lights,70 km/h,Sealed - Dry,Darkness - Lighted,Straight,Veh'S Opposite Approach: Thru-Right,Opposing vehicles turning,0,0,1,0,1,2,0,0,0,0,0,0
297486,Medical treatment,2016,7,Rear-end,Multi-Vehicle,153.049903,-27.495644,Eighth Ave,Main Ave,Greenslopes,South Brisbane,Intersection - T-Junction,Operating traffic lights,60 km/h,Sealed - Dry,Daylight,Straight,Veh'S Same Direction: Rear End,Rear-end,0,0,1,0,1,2,0,0,0,0,0,0
297487,Hospitalisation,2016,13,Rear-end,Multi-Vehicle,153.040156,-27.501828,Marquis St,South East Busway,Greenslopes,South Brisbane,Intersection - Interchange,Operating traffic lights,60 km/h,Sealed - Wet,Daylight,Straight,Veh'S Same Direction: Right Rear,Rear-end,0,2,0,2,4,2,0,0,0,0,0,0
297488,Medical treatment,2016,16,Angle,Multi-Vehicle,153.011353,-27.642933,Logan Mwy,Paradise Rd,Larapinta,Algester,Intersection - Interchange,Operating traffic lights,60 km/h,Sealed - Dry,Daylight,Curved - view open,Veh'S Opposite Approach: Thru-Right,Opposing vehicles turning,0,0,1,0,1,2,0,0,0,0,0,0
297489,Medical treatment,2016,5,Rear-end,Multi-Vehicle,153.040348,-27.558825,Griffith Arterial Rd,Orange Grove Rd,Salisbury,Yeerongpilly,Intersection - T-Junction,No traffic control,60 km/h,Sealed - Dry,Dawn/Dusk,Straight,Veh'S Same Direction: Left Rear,Rear-end,0,0,1,0,1,2,0,0,0,0,0,0
297490,Medical treatment,2016,7,Angle,Multi-Vehicle,153.098582,-27.457256,Creek Rd,,Murarrie,Bulimba,Intersection - T-Junction,Operating traffic lights,60 km/h,Sealed - Wet,Daylight,Straight,Veh'S Adjacant Approach: Thru-Left,Intersection from adjacent approaches,0,0,1,0,1,1,0,0,1,0,0,0
297491,Minor injury,2016,14,Rear-end,Multi-Vehicle,153.109707,-27.457452,Port Of Brisbane Mwy,,Murarrie,Bulimba,Merge Lane,No traffic control,60 km/h,Sealed - Dry,Daylight,Curved - view open,Veh'S Same Direction: Rear End,Rear-end,0,0,0,1,1,3,0,0,0,0,0,0
297493,Medical treatment,2016,10,Rear-end,Multi-Vehicle,153.069956,-27.572712,Mccullough St,,Macgregor,Sunnybank,No Roadway Feature,No traffic control,60 km/h,Sealed - Dry,Daylight,Straight,Veh'S Same Direction: Rear End,Rear-end,0,0,1,0,1,1,0,1,0,0,0,0
297494,Medical treatment,2016,17,Hit object,Single Vehicle,153.0274074,-27.49237301,Annerley Rd,,Dutton Park,South Brisbane,No Roadway Feature,No traffic control,60 km/h,Sealed - Dry,Darkness - Lighted,Straight,Veh'S On Path: Permanent Obstruction,Hit permanent obstruction on carriageway,0,0,1,1,2,0,0,0,1,0,0,0
297528,Medical treatment,2016,17,Rear-end,Multi-Vehicle,153.043631,-27.64189045,Mt Lindesay Art. Rd,,Parkinson,Algester,No Roadway Feature,No traffic control,80 - 90 km/h,Sealed - Wet,Dawn/Dusk,Straight,Veh'S Same Direction: Rear End,Rear-end,0,0,2,0,2,3,0,0,0,0,0,0
297529,Minor injury,2016,5,Angle,Multi-Vehicle,152.959081,-27.570001,Harcourt Rd,,Darra,Mount Ommaney,No Roadway Feature,No traffic control,60 km/h,Sealed - Dry,Dawn/Dusk,Curved - view open,Veh'S Manoeuvring: Entering From Footway,Vehicle leaving driveway,0,0,0,1,1,1,0,0,0,1,0,0
297530,Medical treatment,2016,15,Rear-end,Multi-Vehicle,153.113872,-27.493145,Meadowlands Rd,,Carina,Bulimba,No Roadway Feature,No traffic control,60 km/h,Sealed - Dry,Daylight,Straight,Veh'S Same Direction: Rear End,Rear-end,0,0,1,0,1,3,0,0,0,0,0,0
297534,Medical treatment,2016,22,Sideswipe,Multi-Vehicle,153.065918,-27.55027,Mains Rd,South East Arterial Rd,Upper Mount Gravatt,Yeerongpilly,Intersection - Interchange,No traffic control,60 km/h,Sealed - Dry,Darkness - Lighted,Straight,Veh'S Same Direction: Right Turn S/Swipe,Parallel lanes turning,0,0,1,0,1,1,1,0,0,0,0,0
297535,Hospitalisation,2016,14,Rear-end,Multi-Vehicle,153.0480592,-27.47807793,Lytton Rd,,East Brisbane,South Brisbane,No Roadway Feature,No traffic control,60 km/h,Sealed - Dry,Daylight,Straight,Veh'S Same Direction: Rear End,Rear-end,0,1,0,1,2,3,0,0,0,0,0,0
297571,Minor injury,2016,19,Rear-end,Multi-Vehicle,153.040889,-27.650358,Mt Lindesay Art. Rd,,Drewvale,Stretton,No Roadway Feature,No traffic control,80 - 90 km/h,Sealed - Dry,Dawn/Dusk,Straight,Veh'S Same Direction: Rear End,Rear-end,0,0,0,1,1,1,1,0,0,0,0,0
297578,Hospitalisation,2016,13,Fall from vehicle,Single Vehicle,153.100242,-27.538751,Balamara St,Olivella St,Mansfield,Mansfield,Intersection - T-Junction,Stop sign,0 - 50 km/h,Sealed - Dry,Daylight,Straight,Off Path-Straight:Out Of Control On Cway,Out of control on straight,0,1,0,0,1,0,1,0,0,0,0,0
297579,Hospitalisation,2016,4,Rear-end,Multi-Vehicle,153.056079,-27.525689,South East Arterial Rd,,Holland Park West,Greenslopes,Bridge/Causeway,No traffic control,100 - 110 km/h,Sealed - Dry,Darkness - Lighted,Curved - view obscured,Veh'S Same Direction: Rear End,Rear-end,0,1,0,0,1,2,0,0,0,0,0,0
297617,Medical treatment,2016,6,Rear-end,Multi-Vehicle,153.023139,-27.563995,Mt Lindesay Art. Rd,,Coopers Plains,Sunnybank,No Roadway Feature,No traffic control,70 km/h,Sealed - Dry,Daylight,Straight,Veh'S Same Direction: Rear End,Rear-end,0,0,1,0,1,2,0,0,0,0,0,0
297618,Hospitalisation,2016,11,Angle,Multi-Vehicle,152.980114,-27.522667,Oxley Rd,Strong Ave,Graceville,Indooroopilly,Intersection - T-Junction,No traffic control,60 km/h,Sealed - Dry,Daylight,Straight,Veh'S Adjacent Approach: Thru-Right,Intersection from adjacent approaches,0,1,0,0,1,1,1,0,0,0,0,0
297647,Minor injury,2016,8,Rear-end,Multi-Vehicle,153.1094813,-27.5013895,Old Cleveland Rd,,Carindale,Chatsworth,No Roadway Feature,No traffic control,70 km/h,Sealed - Dry,Daylight,Straight,Veh'S Same Direction: Rear End,Rear-end,0,0,0,2,2,3,0,0,0,0,0,0
297648,Hospitalisation,2016,18,Angle,Multi-Vehicle,153.07075,-27.529925,Miriam St,Nursery Rd,Holland Park West,Greenslopes,Intersection - T-Junction,No traffic control,60 km/h,Sealed - Dry,Dawn/Dusk,Straight,Veh'S Adjacent Approach: Thru-Right,Intersection from adjacent approaches,0,1,0,0,1,1,0,0,0,1,0,0
297649,Medical treatment,2016,23,Hit parked vehicle,Single Vehicle,153.097298,-27.570767,Holmead Rd,,Eight Mile Plains,Mansfield,No Roadway Feature,No traffic control,0 - 50 km/h,Sealed - Dry,Darkness - Lighted,Straight,Off Path-Straight: Left Off Cway Hit Obj,Off carriageway on straight hit object,0,0,2,0,2,2,0,0,0,0,0,0
297650,Minor injury,2016,9,Rear-end,Multi-Vehicle,153.035536,-27.484458,Vulture St,,Kangaroo Point,South Brisbane,No Roadway Feature,No traffic control,60 km/h,Sealed - Dry,Daylight,Straight,Veh'S Same Direction: Rear End,Rear-end,0,0,0,1,1,3,0,0,0,0,0,0
297651,Medical treatment,2016,8,Angle,Multi-Vehicle,153.154052,-27.455732,Wynnum Rd,,Wynnum West,Lytton,No Roadway Feature,No traffic control,0 - 50 km/h,Sealed - Dry,Daylight,Straight,Veh'S Manoeuvring: Other,Other,0,0,1,0,1,1,0,0,0,1,0,0
297652,Medical treatment,2016,18,Hit object,Single Vehicle,153.117311,-27.444075,Port Of Brisbane Rd,,Hemmant,Lytton,No Roadway Feature,No traffic control,60 km/h,Sealed - Dry,Darkness - Lighted,Straight,Off Path-Straight:Right Off Cway Hit Obj,Off carriageway on straight hit object,0,0,1,0,1,1,0,0,0,0,0,0
297653,Hospitalisation,2016,7,Rear-end,Multi-Vehicle,153.16096,-27.475132,Manly Rd,,Manly West,Lytton,No Roadway Feature,Operating traffic lights,70 km/h,Sealed - Dry,Daylight,Straight,Veh'S Same Direction: Rear End,Rear-end,0,1,1,0,2,3,0,0,0,0,0,0
297677,Minor injury,2016,9,Rear-end,Multi-Vehicle,153.1159038,-27.50211068,Old Cleveland Rd,Scrub Rd,Carindale,Chatsworth,Intersection - Cross,Operating traffic lights,70 km/h,Sealed - Dry,Daylight,Straight,Veh'S Same Direction: Rear End,Rear-end,0,0,0,1,1,0,0,0,0,1,0,1
297679,Medical treatment,2016,7,Sideswipe,Multi-Vehicle,153.110621,-27.461596,Gateway Arterial Rd,,Murarrie,Bulimba,No Roadway Feature,No traffic control,100 - 110 km/h,Sealed - Dry,Daylight,Straight,Veh'S Same Direction: Lane Change Left,Lane changes,0,0,1,0,1,1,0,1,0,0,0,0
297682,Medical treatment,2016,10,Rear-end,Multi-Vehicle,153.080234,-27.553034,Dawson Rd,,Upper Mount Gravatt,Mansfield,No Roadway Feature,No traffic control,60 km/h,Sealed - Dry,Daylight,Straight,Veh'S Same Direction: Rear End,Rear-end,0,0,1,0,1,3,0,0,0,0,0,0
297683,Medical treatment,2016,5,Rear-end,Multi-Vehicle,153.031098,-27.485217,South East Art Rd Ramp Q,South East Arterial Rd,Woolloongabba,South Brisbane,Intersection - Interchange,No traffic control,60 km/h,Sealed - Dry,Dawn/Dusk,Straight,Veh'S Same Direction: Left Rear,Rear-end,0,0,1,0,1,2,0,0,0,0,0,0
297708,Medical treatment,2016,8,Rear-end,Multi-Vehicle,153.039782,-27.612815,Algester Rd,,Calamvale,Algester,No Roadway Feature,No traffic control,0 - 50 km/h,Sealed - Dry,Daylight,Straight,Veh'S Same Direction: Right Rear,Rear-end,0,0,1,0,1,1,0,0,1,0,0,0
297711,Medical treatment,2016,14,Angle,Multi-Vehicle,153.040641,-27.504737,Earl St,,Greenslopes,South Brisbane,No Roadway Feature,No traffic control,60 km/h,Sealed - Dry,Daylight,Straight,Veh'S Manoeuvring: Leaving Driveway,Vehicle leaving driveway,0,0,1,0,1,1,1,0,0,0,0,0
297712,Medical treatment,2016,6,Hit pedestrian,Hit pedestrian,153.049616,-27.521532,Cracknell Rd,Weal Ave,Tarragindi,Yeerongpilly,Intersection - Cross,Stop sign,60 km/h,Sealed - Wet,Daylight,Straight,Ped'N: Far Side Vehicle Hit From Left,Pedestrian,0,0,1,0,1,1,0,0,0,0,1,0
297713,Hospitalisation,2016,13,Hit object,Single Vehicle,153.072933,-27.530882,Logan Rd,,Mount Gravatt,Greenslopes,No Roadway Feature,No traffic control,60 km/h,Sealed - Wet,Daylight,Straight,Off Path-Straight: Left Off Cway Hit Obj,Off carriageway on straight hit object,0,1,0,0,1,1,0,0,0,0,0,0
297714,Hospitalisation,2016,16,Sideswipe,Multi-Vehicle,153.046529,-27.518225,Lutzow St,Sexton St,Tarragindi,Yeerongpilly,Intersection - T-Junction,No traffic control,60 km/h,Sealed - Wet,Daylight,Curved - view obscured,Veh'S Opposite Approach: Head On,Head-on,0,1,0,0,1,2,0,0,0,0,0,0
297715,Medical treatment,2016,14,Hit object,Single Vehicle,153.094344,-27.59156,Underwood Rd,,Eight Mile Plains,Stretton,No Roadway Feature,No traffic control,60 km/h,Sealed - Wet,Daylight,Straight,Veh'S On Path: Temporary Object On C'Way,Other,0,0,1,0,1,2,0,0,0,0,0,0
297716,Medical treatment,2016,17,Rear-end,Multi-Vehicle,153.027407,-27.484271,Stanley St,,South Brisbane,South Brisbane,No Roadway Feature,No traffic control,60 km/h,Sealed - Wet,Dawn/Dusk,Curved - view open,Veh'S Same Direction: Rear End,Rear-end,0,0,1,0,1,2,0,0,0,0,0,0
297722,Hospitalisation,2016,6,Hit object,Single Vehicle,153.185105,-27.51909,Cleveland Sub-Arterial Rd,Mt Gravatt - Capalaba Rd,Chandler,Chatsworth,Intersection - T-Junction,No traffic control,60 km/h,Sealed - Wet,Daylight,Straight,Off Path-Straight:Right Off Cway Hit Obj,Off carriageway on straight hit object,0,1,0,0,1,1,0,0,0,0,0,0
297743,Medical treatment,2016,6,Rear-end,Multi-Vehicle,153.04175,-27.646963,Mt Lindesay Art. Rd,,Drewvale,Stretton,Bridge/Causeway,No traffic control,70 km/h,Sealed - Dry,Daylight,Straight,Veh'S Same Direction: Rear End,Rear-end,0,0,1,0,1,2,0,0,0,0,0,0
297745,Minor injury,2016,18,Angle,Multi-Vehicle,153.07075,-27.529925,Miriam St,Nursery Rd,Holland Park West,Greenslopes,Intersection - T-Junction,No traffic control,60 km/h,Sealed - Dry,Darkness - Lighted,Straight,Veh'S Opposite Approach: Thru-Right,Opposing vehicles turning,0,0,0,2,2,3,0,0,0,0,0,0
297746,Medical treatment,2016,18,Rear-end,Multi-Vehicle,153.029953,-27.5583,Griffith Arterial Rd,,Salisbury,Sunnybank,No Roadway Feature,No traffic control,70 km/h,Sealed - Dry,Darkness - Lighted,Straight,Veh'S Same Direction: Rear End,Rear-end,0,0,1,0,1,2,0,1,0,0,0,0
297747,Hospitalisation,2016,9,Hit object,Single Vehicle,153.059162,-27.482827,Canara St,,Norman Park,Bulimba,No Roadway Feature,No traffic control,60 km/h,Sealed - Dry,Daylight,Curved - view open,Off Path-Curve: Off Cway Rt Bend Hit Obj,Off carriageway on curve hit object,0,1,0,0,1,1,0,0,0,0,0,0
297748,Minor injury,2016,9,Hit object,Single Vehicle,153.104584,-27.451775,Gateway Arterial Rd,,Murarrie,Bulimba,No Roadway Feature,No traffic control,80 - 90 km/h,Sealed - Dry,Daylight,Straight,Veh'S Same Direction: Lane Side Swipe,Lane changes,0,0,0,1,1,2,0,0,0,0,0,0
297750,Hospitalisation,2016,7,Rear-end,Multi-Vehicle,153.111423,-27.546573,Redland Sub-Arterial Rd,,Wishart,Mansfield,No Roadway Feature,No traffic control,0 - 50 km/h,Sealed - Dry,Daylight,Curved - view obscured,Veh'S Same Direction: Rear End,Rear-end,0,1,0,0,1,3,0,0,0,0,0,0
297773,Hospitalisation,2016,22,Sideswipe,Multi-Vehicle,153.060137,-27.590876,Pinelands Rd,,Sunnybank Hills,Stretton,No Roadway Feature,No traffic control,70 km/h,Sealed - Dry,Darkness - Lighted,Straight,Veh'S Same Direction: Left Turn S/Swipe,Parallel lanes turning,0,1,0,0,1,1,1,0,0,0,0,0