Crash_Ref_Number,Severity,Year,Hour,Crash_Nature,Crash_Type,Longitude,Latitude,Street,Street_Intersecting,Suburb,Loc_State_Electorate,Crash_Roadway_Feature,Crash_Traffic_Control,Crash_Speed_Limit,Crash_Road_Surface_Condition,Crash_Lighting_Condition,Crash_Road_Horiz_Align,Crash_DCA_Description,Crash_DCA_Group_Description,Count_Casualty_Fatality,Count_Casualty_Hospitalised,Count_Casualty_MedicallyTreated,Count_Casualty_MinorInjury,Count_Casualty_Total,Count_Unit_Car,Count_Unit_Motorcycle_Moped,Count_Unit_Truck,Count_Unit_Bus,Count_Unit_Bicycle,Count_Unit_Pedestrian,Count_Unit_Other
297774,Minor injury,2016,11,Angle,Multi-Vehicle,153.065967,-27.523094,Logan Rd,Sterculia Ave,Holland Park West,Greenslopes,Intersection - T-Junction,Stop sign,60 km/h,Sealed - Dry,Daylight,Straight,Veh'S Adjacent Approach: Thru-Right,Intersection from adjacent approaches,0,0,0,1,1,2,0,0,0,0,0,0
297775,Medical treatment,2016,7,Rear-end,Multi-Vehicle,153.055758,-27.5256207,South East Arterial Rd,,Holland Park West,Yeerongpilly,No Roadway Feature,No traffic control,100 - 110 km/h,Sealed - Dry,Daylight,Curved - view open,Veh'S Same Direction: Rear End,Rear-end,0,0,1,0,1,1,1,0,0,0,0,0
297776,Medical treatment,2016,8,Hit parked vehicle,Single Vehicle,152.979771,-27.530856,Hedges St,Skew St,Sherwood,Indooroopilly,Intersection - T-Junction,No traffic control,0 - 50 km/h,Sealed - Dry,Daylight,Curved - view obscured,Veh'S On Path: Parked,Hit parked vehicle,0,0,1,0,1,1,0,0,0,1,0,0
297777,Minor injury,2016,15,Rear-end,Multi-Vehicle,152.979082,-27.553529,Cook St,Oxley Rd,Oxley,Mount Ommaney,Intersection - T-Junction,Give way sign,60 km/h,Sealed - Dry,Daylight,Straight,Veh'S Same Direction: Left Rear,Rear-end,0,0,0,1,1,2,0,0,0,0,0,0
297778,Medical treatment,2016,0,Sideswipe,Multi-Vehicle,153.0112134,-27.53682019,Fairfield Rd,,Yeerongpilly,Yeerongpilly,No Roadway Feature,No traffic control,60 km/h,Sealed - Dry,Daylight,Straight,Veh'S Same Direction: Left Turn S/Swipe,Parallel lanes turning,0,0,1,0,1,1,0,1,0,0,0,0
297809,Minor injury,2016,13,Rear-end,Multi-Vehicle,153.048138,-27.608701,Highlands Dr,Mt Lindesay Art. Rd,Calamvale,Stretton,Intersection - T-Junction,Operating traffic lights,80 - 90 km/h,Sealed - Dry,Darkness - Lighted,Straight,Veh'S Same Direction: Rear End,Rear-end,0,0,0,2,2,2,0,0,0,0,0,0
297810,Minor injury,2016,18,Rear-end,Multi-Vehicle,153.0539352,-27.61133245,Compton Rd,,Sunnybank Hills,Stretton,No Roadway Feature,No traffic control,60 km/h,Sealed - Dry,Darkness - Lighted,Straight,Veh'S Same Direction: Rear End,Rear-end,0,0,0,3,3,2,0,0,0,0,0,0
297811,Medical treatment,2016,18,Hit pedestrian,Hit pedestrian,153.0465685,-27.48037367,Heidelberg St,,East Brisbane,South Brisbane,No Roadway Feature,No traffic control,0 - 50 km/h,Sealed - Dry,Darkness - Lighted,Straight,Ped'N: Hit Emerging Behind Vehicle,Pedestrian,0,0,1,0,1,1,0,0,0,0,1,0
297822,Medical treatment,2016,21,Sideswipe,Multi-Vehicle,152.928965,-27.611389,Logan Mwy,,Ellen Grove,Inala,No Roadway Feature,No traffic control,100 - 110 km/h,Sealed - Dry,Darkness - Lighted,Straight,Veh'S Same Direction: Lane Change Left,Lane changes,0,0,2,0,2,1,0,1,0,0,0,0
297838,Hospitalisation,2016,12,Angle,Multi-Vehicle,153.078182,-27.613113,Compton Rd,Persse Rd,Runcorn,Stretton,Intersection - T-Junction,Operating traffic lights,70 km/h,Sealed - Dry,Daylight,Straight,Veh'S Opposite Approach: Thru-Right,Opposing vehicles turning,0,1,2,0,3,2,0,0,0,0,0,0
297840,Hospitalisation,2016,0,Angle,Multi-Vehicle,153.039711,-27.504215,Juliette St,,Greenslopes,South Brisbane,Intersection - Interchange,Operating traffic lights,60 km/h,Sealed - Dry,Darkness - Lighted,Straight,Veh'S Adjacent Approach: Thru-Thru,Intersection from adjacent approaches,0,1,0,0,1,2,0,0,0,0,0,0
297869,Hospitalisation,2016,8,Angle,Multi-Vehicle,152.983126,-27.567967,Factory Rd,,Oxley,Inala,Intersection - T-Junction,Give way sign,60 km/h,Sealed - Dry,Daylight,Curved - view open,Veh'S Opposite Approach: Thru-Right,Opposing vehicles turning,0,3,0,0,3,3,0,0,0,0,0,0
297870,Medical treatment,2016,8,Hit parked vehicle,Single Vehicle,153.06354,-27.587741,Maud St,,Sunnybank,Sunnybank,No Roadway Feature,No traffic control,0 - 50 km/h,Sealed - Dry,Daylight,Straight,Veh'S Manoeuvring: Leaving Driveway,Vehicle leaving driveway,0,0,1,0,1,2,0,0,0,0,1,0
297871,Hospitalisation,2016,14,Angle,Multi-Vehicle,153.035915,-27.507536,Avondale Ave,King St,Annerley,South Brisbane,Intersection - Cross,Give way sign,0 - 50 km/h,Sealed - Dry,Daylight,Straight,Veh'S Adjacent Approach: Thru-Thru,Intersection from adjacent approaches,0,1,0,0,1,1,1,0,0,0,0,0
297873,Minor injury,2016,8,Angle,Multi-Vehicle,152.971901,-27.591415,Balsa St,Lavender St,Inala,Inala,Intersection - T-Junction,No traffic control,0 - 50 km/h,Sealed - Wet,Daylight,Straight,Veh'S Adjacent Approach: Right-Thru,Intersection from adjacent approaches,0,0,0,1,1,2,0,0,0,0,0,0
297874,Hospitalisation,2016,1,Angle,Multi-Vehicle,152.968916,-27.596544,Hydrangea St,Poinsettia St,Inala,Inala,Intersection - T-Junction,No traffic control,60 km/h,Sealed - Dry,Daylight,Straight,Veh'S Opposite Approach: Thru-Right,Opposing vehicles turning,0,1,0,0,1,1,0,0,0,1,0,0
297876,Medical treatment,2016,13,Rear-end,Multi-Vehicle,153.0209323,-27.55812445,Beaudesert Rd,,Rocklea,Yeerongpilly,No Roadway Feature,No traffic control,70 km/h,Sealed - Dry,Daylight,Straight,Veh'S Same Direction: Left Rear,Rear-end,0,0,1,0,1,2,0,0,0,0,0,0
297877,Medical treatment,2016,15,Rear-end,Multi-Vehicle,153.099699,-27.469955,Wynnum Rd,,Murarrie,Bulimba,No Roadway Feature,No traffic control,0 - 50 km/h,Sealed - Dry,Daylight,Straight,Veh'S Same Direction: Rear End,Rear-end,0,0,1,0,1,2,0,0,0,0,0,0
297913,Minor injury,2016,10,Angle,Multi-Vehicle,152.940912,-27.542418,Capitol Dr,Trevi St,Mount Ommaney,Mount Ommaney,Intersection - T-Junction,No traffic control,0 - 50 km/h,Sealed - Dry,Daylight,Straight,Veh'S Same Direction: Left Turn S/Swipe,Parallel lanes turning,0,0,0,1,1,1,0,0,0,1,0,0
297914,Hospitalisation,2016,8,Hit pedestrian,Hit pedestrian,153.035748,-27.481068,Main St,,Kangaroo Point,South Brisbane,No Roadway Feature,No traffic control,60 km/h,Sealed - Dry,Daylight,Straight,Ped'N: Hit Emerging Behind Vehicle,Pedestrian,0,1,0,0,1,1,0,0,0,0,1,0
297934,Minor injury,2016,15,Rear-end,Multi-Vehicle,152.925141,-27.588615,Wacol Station Rd,,Wacol,Inala,Railway Crossing,Railway - lights and boom gate,60 km/h,Sealed - Dry,Daylight,Straight,Veh'S Same Direction: Rear End,Rear-end,0,0,0,1,1,2,0,0,0,0,0,0
297936,Medical treatment,2016,10,Rear-end,Multi-Vehicle,153.053941,-27.519904,Birdwood Rd,Esher St,Holland Park West,Greenslopes,Intersection - T-Junction,No traffic control,60 km/h,Sealed - Dry,Daylight,Straight,Veh'S Same Direction: Left Rear,Rear-end,0,0,2,0,2,2,0,0,0,0,0,0
297941,Hospitalisation,2016,14,Sideswipe,Multi-Vehicle,153.1808522,-27.52466765,Brisbane - Redland Rd,,Chandler,Chatsworth,No Roadway Feature,No traffic control,70 km/h,Sealed - Dry,Daylight,Curved - view open,Veh'S Same Direction: Lane Side Swipe,Lane changes,0,1,0,0,1,1,0,1,0,0,0,0
297954,Hospitalisation,2016,12,Hit object,Single Vehicle,153.036167,-27.622629,Formby St,Menser St,Calamvale,Stretton,Intersection - T-Junction,No traffic control,60 km/h,Sealed - Dry,Daylight,Straight,Off Path-Straight:Right Off Cway Hit Obj,Off carriageway on straight hit object,0,1,0,0,1,1,0,0,0,0,0,0
297955,Hospitalisation,2016,5,Angle,Multi-Vehicle,152.954737,-27.5658,Gordon Ave,Railway Pde,Darra,Inala,Intersection - T-Junction,No traffic control,60 km/h,Sealed - Dry,Dawn/Dusk,Straight,Veh'S Overtaking: Overtake-Right Turn,Overtaking same direction,0,2,0,0,2,2,0,0,0,0,0,0
297962,Medical treatment,2016,14,Rear-end,Multi-Vehicle,153.064597,-27.572087,Mccullough St,,Sunnybank,Sunnybank,No Roadway Feature,No traffic control,60 km/h,Sealed - Dry,Daylight,Straight,Veh'S Same Direction: Rear End,Rear-end,0,0,1,0,1,4,0,0,0,0,0,0
297997,Medical treatment,2016,14,Rear-end,Multi-Vehicle,153.066724,-27.572229,Mccullough St,,Macgregor,Sunnybank,No Roadway Feature,No traffic control,60 km/h,Sealed - Dry,Daylight,Straight,Veh'S Same Direction: Rear End,Rear-end,0,0,1,0,1,2,0,1,0,0,0,0
297998,Medical treatment,2016,12,Angle,Multi-Vehicle,153.060678,-27.56012,Griffith Arterial Rd,,Nathan,Yeerongpilly,No Roadway Feature,No traffic control,70 km/h,Sealed - Dry,Daylight,Straight,Pass & Misc: Other,Other,0,0,1,0,1,2,0,0,0,0,0,0
298004,Medical treatment,2016,14,Rear-end,Multi-Vehicle,153.163937,-27.5088395,Cleveland Sub-Arterial Rd,,Chandler,Chatsworth,No Roadway Feature,No traffic control,70 km/h,Sealed - Dry,Daylight,Straight,Veh'S Same Direction: Rear End,Rear-end,0,0,1,1,2,2,0,0,0,0,0,0
298037,Minor injury,2016,13,Rear-end,Multi-Vehicle,153.0618225,-27.58421983,Mains Rd,,Sunnybank,Sunnybank,No Roadway Feature,No traffic control,60 km/h,Sealed - Dry,Daylight,Straight,Veh'S Same Direction: Rear End,Rear-end,0,0,0,3,3,2,0,0,0,0,0,0
298038,Hospitalisation,2016,9,Hit pedestrian,Hit pedestrian,153.020181,-27.506643,Newcastle St,,Fairfield,Yeerongpilly,No Roadway Feature,No traffic control,0 - 50 km/h,Sealed - Dry,Daylight,Straight,Ped'N: Hit Emerging Behind Vehicle,Pedestrian,0,1,0,0,1,0,0,0,0,1,0,1
298039,Hospitalisation,2016,19,Angle,Multi-Vehicle,153.029395,-27.518288,Cracknell Rd,Ipswich Rd,Annerley,Yeerongpilly,Intersection - Cross,Operating traffic lights,60 km/h,Sealed - Dry,Darkness - Lighted,Curved - view open,Veh'S Opposite Approach: Thru-Right,Opposing vehicles turning,0,1,0,0,1,2,0,0,0,0,0,0
298040,Hospitalisation,2016,11,Angle,Multi-Vehicle,153.021624,-27.512496,Fairfield Rd,Venner Rd,Fairfield,Yeerongpilly,Intersection - Roundabout,Give way sign,60 km/h,Sealed - Dry,Daylight,Curved - view open,Veh'S Adjacent Approach: Thru-Thru,Intersection from adjacent approaches,0,1,0,0,1,2,0,0,0,0,0,0
298043,Hospitalisation,2016,14,Hit object,Single Vehicle,153.114229,-27.552174,Gateway Arterial Rd,,Rochedale,Mansfield,No Roadway Feature,No traffic control,100 - 110 km/h,Sealed - Dry,Daylight,Curved - view open,Off Path-Curve: Off Cway Lt Bend Hit Obj,Off carriageway on curve hit object,0,1,0,0,1,1,0,0,0,0,0,0
298076,Medical treatment,2016,18,Rear-end,Multi-Vehicle,153.051215,-27.611034,Compton Rd,Mt Lindesay Art. Rd,Calamvale,Stretton,Intersection - T-Junction,Operating traffic lights,80 - 90 km/h,Sealed - Dry,Darkness - Lighted,Curved - view open,Veh'S Same Direction: Right Rear,Rear-end,0,0,2,0,2,2,0,0,0,0,0,0
298077,Medical treatment,2016,14,Rear-end,Multi-Vehicle,153.049892,-27.620465,Mt Lindesay Art. Rd,,Calamvale,Stretton,No Roadway Feature,No traffic control,80 - 90 km/h,Sealed - Dry,Daylight,Straight,Veh'S Same Direction: Rear End,Rear-end,0,0,1,2,3,2,0,0,1,0,0,0
298081,Hospitalisation,2016,21,Hit parked vehicle,Single Vehicle,153.144508,-27.44097233,North Rd,,Wynnum West,Lytton,No Roadway Feature,No traffic control,60 km/h,Sealed - Dry,Darkness - Lighted,Straight,Veh'S On Path: Parked,Hit parked vehicle,0,1,0,0,1,4,0,0,0,0,0,0
298098,Medical treatment,2016,17,Rear-end,Multi-Vehicle,153.098343,-27.489585,Mayrene St,Stanley Rd,Carina,Chatsworth,Intersection - T-Junction,Pedestrian crossing sign,60 km/h,Sealed - Dry,Daylight,Straight,Veh'S Same Direction: Rear End,Rear-end,0,0,1,1,2,2,0,0,0,0,0,0
298119,Hospitalisation,2016,15,Rear-end,Multi-Vehicle,153.058813,-27.648972,Gateway Arterial Rd,,Drewvale,Stretton,Intersection - Interchange,No traffic control,80 - 90 km/h,Sealed - Dry,Daylight,Straight,Veh'S Same Direction: Rear End,Rear-end,0,1,0,0,1,1,1,0,0,0,0,0
298120,Medical treatment,2016,16,Rear-end,Multi-Vehicle,153.0118949,-27.56146304,Balham Rd,Barton St,Archerfield,Sunnybank,Intersection - T-Junction,Give way sign,60 km/h,Sealed - Dry,Daylight,Straight,Veh'S Same Direction: Left Rear,Rear-end,0,0,1,0,1,2,0,0,0,0,0,0
298121,Medical treatment,2016,14,Rear-end,Multi-Vehicle,153.07515,-27.518076,Cavendish Rd,Elgar St,Holland Park,Greenslopes,Intersection - T-Junction,No traffic control,0 - 50 km/h,Sealed - Dry,Daylight,Straight,Veh'S Same Direction: Right Rear,Rear-end,0,0,1,0,1,3,0,0,0,0,0,0
298122,Medical treatment,2016,19,Rear-end,Multi-Vehicle,153.056996,-27.529437,South East Arterial Rd,,Holland Park West,Yeerongpilly,No Roadway Feature,No traffic control,100 - 110 km/h,Sealed - Dry,Daylight,Straight,Veh'S Same Direction: Rear End,Rear-end,0,0,1,0,1,1,0,1,0,0,0,0
298146,Minor injury,2016,7,Rear-end,Multi-Vehicle,153.024231,-27.523647,Ipswich Rd,,Moorooka,Yeerongpilly,No Roadway Feature,No traffic control,60 km/h,Sealed - Dry,Daylight,Straight,Veh'S Same Direction: Rear End,Rear-end,0,0,0,2,2,3,0,0,0,0,0,0
298147,Medical treatment,2016,18,Fall from vehicle,Single Vehicle,153.0656216,-27.54977887,South East Arterial Rd,,Upper Mount Gravatt,Yeerongpilly,Intersection - Interchange,No traffic control,70 km/h,Sealed - Dry,Darkness - Lighted,Straight,Veh'S Same Direction: Lane Side Swipe,Lane changes,0,0,1,1,2,0,2,0,0,0,0,0
298148,Medical treatment,2016,20,Sideswipe,Multi-Vehicle,153.041305,-27.479475,Wellington Rd,,East Brisbane,South Brisbane,No Roadway Feature,No traffic control,60 km/h,Sealed - Dry,Darkness - Lighted,Straight,Veh'S Same Direction: Lane Change Right,Lane changes,0,0,1,0,1,1,1,0,0,0,0,0
298156,Fatal,2016,16,Rear-end,Multi-Vehicle,153.178852,-27.510889,New Cleveland Rd,,Chandler,Chatsworth,No Roadway Feature,No traffic control,70 km/h,Sealed - Dry,Daylight,Straight,Veh'S Same Direction: Rear End,Rear-end,1,0,0,1,2,3,0,0,0,0,0,0
298172,Minor injury,2016,16,Rear-end,Multi-Vehicle,153.060935,-27.617366,Gowan Rd,,Stretton,Stretton,No Roadway Feature,No traffic control,60 km/h,Sealed - Dry,Dawn/Dusk,Straight,Veh'S Same Direction: Rear End,Rear-end,0,0,0,1,1,2,0,0,0,0,0,0
298174,Hospitalisation,2016,15,Rear-end,Multi-Vehicle,152.9440081,-27.56963688,Western Arterial Rd,,Darra,Mount Ommaney,No Roadway Feature,No traffic control,100 - 110 km/h,Sealed - Dry,Daylight,Straight,Veh'S Same Direction: Rear End,Rear-end,0,2,0,1,3,2,0,0,0,0,0,0
298175,Medical treatment,2016,6,Angle,Multi-Vehicle,153.033865,-27.512846,Ekibin Rd,Lothian St,Annerley,Yeerongpilly,Intersection - Cross,Stop sign,60 km/h,Sealed - Dry,Daylight,Straight,Veh'S Adjacent Approach: Thru-Thru,Intersection from adjacent approaches,0,0,2,0,2,3,0,0,0,0,0,0
298183,Medical treatment,2016,14,Hit pedestrian,Hit pedestrian,153.094991,-27.552855,Malmrose St,,Wishart,Mansfield,No Roadway Feature,No traffic control,0 - 50 km/h,Sealed - Dry,Daylight,Straight,Ped'N: Hit By Vehicle Enter/Leave D'Way,Pedestrian,0,0,1,0,1,1,0,0,0,0,1,0
298184,Hospitalisation,2016,18,Hit pedestrian,Hit pedestrian,153.047966,-27.573498,Troughton Rd,Turton St,Sunnybank,Sunnybank,Intersection - Cross,Operating traffic lights,60 km/h,Sealed - Dry,Darkness - Lighted,Straight,Ped'N: Near Side Vehicle Hit From Right,Pedestrian,0,1,0,0,1,1,0,0,0,0,1,0
298211,Medical treatment,2016,11,Rear-end,Multi-Vehicle,153.051215,-27.611034,Compton Rd,Mt Lindesay Art. Rd,Calamvale,Stretton,Intersection - T-Junction,Operating traffic lights,80 - 90 km/h,Sealed - Dry,Daylight,Straight,Veh'S Same Direction: Right Rear,Rear-end,0,0,1,0,1,2,0,0,0,0,0,0
298212,Hospitalisation,2016,17,Angle,Multi-Vehicle,153.014734,-27.521744,Cardross St,Fairfield Rd,Yeronga,Yeerongpilly,Intersection - T-Junction,Operating traffic lights,60 km/h,Sealed - Dry,Dawn/Dusk,Straight,Veh'S Opposite Approach: Thru-Right,Opposing vehicles turning,0,1,0,0,1,2,0,0,0,0,0,0
298213,Medical treatment,2016,18,Angle,Multi-Vehicle,153.056768,-27.496033,Macaulay St,Old Cleveland Rd,Coorparoo,South Brisbane,Intersection - T-Junction,No traffic control,60 km/h,Sealed - Wet,Darkness - Lighted,Straight,Veh'S Opposite Approach: Thru-Right,Opposing vehicles turning,0,0,1,0,1,2,0,0,0,0,0,0
298214,Hospitalisation,2016,7,Sideswipe,Multi-Vehicle,153.050001,-27.536313,Isabella St,Monash Rd,Tarragindi,Yeerongpilly,Intersection - T-Junction,No traffic control,0 - 50 km/h,Sealed - Dry,Daylight,Straight,Veh'S Manoeuvring: Entering From Footway,Vehicle leaving driveway,0,1,0,0,1,0,0,0,1,1,0,0
298216,Hospitalisation,2016,20,Hit object,Single Vehicle,153.059353,-27.472566,Hawthorne Rd,Wynnum Rd,Norman Park,Bulimba,Intersection - Cross,Operating traffic lights,60 km/h,Sealed - Wet,Darkness - Lighted,Straight,Off Path-Straight: Left Off Cway Hit Obj,Off carriageway on straight hit object,0,1,0,0,1,1,0,0,0,0,0,0
298217,Minor injury,2016,9,Rear-end,Multi-Vehicle,153.060346,-27.46236,Hawthorne Rd,,Hawthorne,Bulimba,No Roadway Feature,Pedestrian crossing sign,60 km/h,Sealed - Dry,Daylight,Straight,Veh'S Same Direction: Rear End,Rear-end,0,0,0,1,1,2,0,0,0,0,0,0
298218,Medical treatment,2016,7,Rear-end,Multi-Vehicle,153.058929,-27.47282643,Wynnum Rd,,Norman Park,Bulimba,No Roadway Feature,No traffic control,60 km/h,Sealed - Dry,Daylight,Straight,Veh'S Same Direction: Rear End,Rear-end,0,0,1,0,1,2,0,0,0,0,0,0
298219,Medical treatment,2016,1,Angle,Multi-Vehicle,153.068698,-27.472976,Jack Flynn Memorial Dr,Waminda St,Morningside,Bulimba,Intersection - T-Junction,Give way sign,60 km/h,Sealed - Dry,Daylight,Straight,Veh'S Adjacent Approach: Thru-Right,Intersection from adjacent approaches,0,0,1,0,1,2,0,0,0,0,0,0
298249,Medical treatment,2016,13,Angle,Multi-Vehicle,153.063474,-27.603497,Gowan Rd,Nemies Rd,Sunnybank Hills,Stretton,Intersection - T-Junction,Operating traffic lights,60 km/h,Sealed - Wet,Daylight,Straight,Veh'S Opposite Approach: Thru-Right,Opposing vehicles turning,0,0,1,0,1,2,0,0,0,0,0,0
298253,Medical treatment,2016,17,Angle,Multi-Vehicle,152.98218,-27.527731,Oxley Rd,Plumer St,Sherwood,Indooroopilly,Intersection - T-Junction,Stop sign,60 km/h,Sealed - Wet,Dawn/Dusk,Straight,Veh'S Adjacent Approach: Thru-Right,Intersection from adjacent approaches,0,0,1,0,1,2,0,0,0,0,0,0
298254,Hospitalisation,2016,18,Hit object,Single Vehicle,153.028598,-27.499936,Annerley Rd,,Dutton Park,South Brisbane,Intersection - Cross,Operating traffic lights,60 km/h,Sealed - Wet,Darkness - Lighted,Straight,Veh'S Opposite Approach: Thru-Right,Opposing vehicles turning,0,1,1,0,2,2,0,0,0,0,0,0
298255,Medical treatment,2016,5,Angle,Multi-Vehicle,153.035657,-27.476423,Main St,River Tce,Kangaroo Point,South Brisbane,Intersection - Cross,Operating traffic lights,60 km/h,Sealed - Wet,Dawn/Dusk,Straight,Veh'S Opposite Approach: Thru-Right,Opposing vehicles turning,0,0,1,0,1,2,0,0,0,0,0,0
298256,Hospitalisation,2016,12,Hit object,Single Vehicle,153.1564081,-27.46214929,Randall Rd,,Wynnum West,Lytton,No Roadway Feature,No traffic control,60 km/h,Sealed - Wet,Daylight,Curved - view open,Off Path-Curve: Off Cway Lt Bend Hit Obj,Off carriageway on curve hit object,0,1,0,0,1,1,0,0,0,0,0,0
298257,Medical treatment,2016,15,Angle,Multi-Vehicle,153.140512,-27.477324,New Cleveland Rd,,Tingalpa,Chatsworth,No Roadway Feature,Operating traffic lights,70 km/h,Sealed - Wet,Daylight,Straight,Veh'S Opposite Approach: Thru-Right,Opposing vehicles turning,0,0,2,0,2,2,0,0,0,0,0,0
298279,Hospitalisation,2016,6,Angle,Multi-Vehicle,153.028325,-27.488407,Annerley Rd,Crown St,Woolloongabba,South Brisbane,Intersection - T-Junction,No traffic control,60 km/h,Sealed - Dry,Daylight,Straight,Veh'S Manoeuvring: Entering From Footway,Vehicle leaving driveway,0,1,0,0,1,1,0,0,0,1,0,0
298280,Hospitalisation,2016,18,Overturned,Single Vehicle,153.173212,-27.475798,Whites Rd,,Wakerley,Chatsworth,No Roadway Feature,No traffic control,60 km/h,Sealed - Dry,Dawn/Dusk,Straight,Off Path-Straight:Out Of Control On Cway,Out of control on straight,0,1,0,0,1,1,0,0,0,0,0,0
298294,Hospitalisation,2016,19,Fall from vehicle,Single Vehicle,153.044911,-27.59315,Jackson Rd,,Sunnybank Hills,Sunnybank,No Roadway Feature,No traffic control,60 km/h,Sealed - Dry,Darkness - Lighted,Straight,Pass & Misc: Fell In/From Vehicle,Other,0,1,0,0,1,0,1,0,0,0,0,0
298295,Medical treatment,2016,8,Rear-end,Multi-Vehicle,153.095919,-27.469527,Wynnum Rd,,Cannon Hill,Bulimba,Intersection - T-Junction,Give way sign,60 km/h,Sealed - Dry,Daylight,Straight,Veh'S Same Direction: Left Rear,Rear-end,0,0,1,0,1,2,0,0,0,0,0,0
298300,Hospitalisation,2016,15,Angle,Multi-Vehicle,153.151887,-27.498314,Grassdale Rd,Tilley Rd,Gumdale,Chatsworth,Intersection - Cross,Give way sign,70 km/h,Sealed - Dry,Daylight,Straight,Veh'S Opposite Approach: Thru-Right,Opposing vehicles turning,0,2,0,1,3,2,0,0,0,0,0,0
298328,Medical treatment,2016,9,Angle,Multi-Vehicle,152.928802,-27.59655,Campbell Ave,Industrial Ave,Wacol,Inala,Intersection - Cross,Give way sign,60 km/h,Sealed - Dry,Daylight,Straight,Veh'S Adjacent Approach: Thru-Thru,Intersection from adjacent approaches,0,0,3,0,3,0,0,2,0,0,0,0
298329,Medical treatment,2016,17,Sideswipe,Multi-Vehicle,153.078827,-27.610888,Gateway Arterial Rd,Persse Rd,Runcorn,Stretton,Intersection - Interchange,No traffic control,60 km/h,Sealed - Dry,Darkness - Lighted,Straight,Veh'S Same Direction: Lane Change Left,Lane changes,0,0,1,0,1,3,0,0,0,0,0,0
298330,Hospitalisation,2016,17,Angle,Multi-Vehicle,153.035405,-27.49949,Ipswich Rd,,Woolloongabba,South Brisbane,No Roadway Feature,Operating traffic lights,60 km/h,Sealed - Dry,Dawn/Dusk,Straight,Veh'S Opposite Approach: Thru-Right,Opposing vehicles turning,0,1,0,0,1,1,1,0,0,0,0,0
298354,Hospitalisation,2016,6,Angle,Multi-Vehicle,153.058713,-27.59793,Noelana St,Pinelands Rd,Sunnybank Hills,Sunnybank,Intersection - T-Junction,No traffic control,60 km/h,Sealed - Dry,Daylight,Straight,Veh'S Opposite Approach: U-Turn,U-turn,0,1,1,0,2,1,1,0,0,0,0,0
298356,Hospitalisation,2016,16,Hit pedestrian,Hit pedestrian,153.04308,-27.498165,Gladys St,Logan Rd,Greenslopes,South Brisbane,Intersection - T-Junction,No traffic control,0 - 50 km/h,Sealed - Dry,Daylight,Straight,Ped'N: Far Side Vehicle Hit From Left,Pedestrian,0,1,0,0,1,0,0,0,0,1,1,0
298357,Hospitalisation,2016,20,Hit object,Single Vehicle,153.09449,-27.531656,Creek Rd,,Mount Gravatt East,Mansfield,No Roadway Feature,No traffic control,80 - 90 km/h,Sealed - Dry,Darkness - Not lighted,Curved - view open,Off Path-Curve: Off Cway Rt Bend Hit Obj,Off carriageway on curve hit object,0,1,0,0,1,0,1,0,0,0,0,0
298387,Medical treatment,2016,9,Angle,Multi-Vehicle,153.018312,-27.58463,Carowell St,Eade St,Acacia Ridge,Sunnybank,Intersection - T-Junction,Stop sign,0 - 50 km/h,Sealed - Dry,Daylight,Straight,Veh'S Adjacent Approach: Thru-Right,Intersection from adjacent approaches,0,0,1,0,1,2,0,0,0,0,0,0
298393,Hospitalisation,2016,16,Angle,Multi-Vehicle,153.039526,-27.563231,Musgrave Rd,Orange Grove Rd,Coopers Plains,Sunnybank,Intersection - Cross,Operating traffic lights,60 km/h,Sealed - Wet,Daylight,Straight,Veh'S Opposite Approach: Thru-Right,Opposing vehicles turning,0,1,0,0,1,1,1,0,0,0,0,0
298394,Medical treatment,2016,13,Sideswipe,Multi-Vehicle,153.070043,-27.4749,Foxton St,Walker Ave,Morningside,Bulimba,Intersection - T-Junction,No traffic control,0 - 50 km/h,Sealed - Dry,Daylight,Straight,Veh'S Overtaking: Overtake-Right Turn,Overtaking same direction,0,0,1,0,1,1,0,0,0,1,0,0
298395,Hospitalisation,2016,9,Angle,Multi-Vehicle,153.064837,-27.454478,Ryan Ave,,Balmoral,Bulimba,No Roadway Feature,No traffic control,0 - 50 km/h,Sealed - Dry,Daylight,Straight,Veh'S Manoeuvring: Leaving Driveway,Vehicle leaving driveway,0,1,0,0,1,1,1,0,0,0,0,0
298396,Hospitalisation,2016,17,Angle,Multi-Vehicle,152.980114,-27.522667,Oxley Rd,Strong Ave,Graceville,Indooroopilly,Intersection - T-Junction,No traffic control,60 km/h,Sealed - Wet,Darkness - Lighted,Straight,Veh'S Opposite Approach: Thru-Right,Opposing vehicles turning,0,1,0,1,2,1,1,0,0,0,0,0
298398,Hospitalisation,2016,15,Angle,Multi-Vehicle,153.035824,-27.482157,Lockerbie St,Main St,Kangaroo Point,South Brisbane,Intersection - T-Junction,No traffic control,60 km/h,Sealed - Wet,Daylight,Straight,Veh'S Opposite Approach: Thru-Right,Opposing vehicles turning,0,1,0,0,1,1,1,0,0,0,0,0
298406,Medical treatment,2016,14,Rear-end,Multi-Vehicle,153.145704,-27.508829,Cleveland Sub-Arterial Rd,Old Cleveland Rd,Chandler,Chatsworth,Intersection - T-Junction,No traffic control,80 - 90 km/h,Sealed - Dry,Daylight,Straight,Veh'S Same Direction: Rear End,Rear-end,0,0,1,0,1,2,0,0,0,0,0,0
298433,Minor injury,2016,8,Rear-end,Multi-Vehicle,153.0858713,-27.45722787,Lytton Rd,,Morningside,Bulimba,No Roadway Feature,No traffic control,60 km/h,Sealed - Dry,Daylight,Straight,Veh'S Same Direction: Rear End,Rear-end,0,0,0,1,1,2,0,0,0,0,0,0