Crash_Ref_Number,Severity,Year,Hour,Crash_Nature,Crash_Type,Longitude,Latitude,Street,Street_Intersecting,Suburb,Loc_State_Electorate,Crash_Roadway_Feature,Crash_Traffic_Control,Crash_Speed_Limit,Crash_Road_Surface_Condition,Crash_Lighting_Condition,Crash_Road_Horiz_Align,Crash_DCA_Description,Crash_DCA_Group_Description,Count_Casualty_Fatality,Count_Casualty_Hospitalised,Count_Casualty_MedicallyTreated,Count_Casualty_MinorInjury,Count_Casualty_Total,Count_Unit_Car,Count_Unit_Motorcycle_Moped,Count_Unit_Truck,Count_Unit_Bus,Count_Unit_Bicycle,Count_Unit_Pedestrian,Count_Unit_Other
298434,Medical treatment,2016,15,Angle,Multi-Vehicle,153.035299,-27.498276,Ipswich Rd,,Woolloongabba,South Brisbane,No Roadway Feature,Operating traffic lights,60 km/h,Sealed - Dry,Daylight,Straight,Veh'S Manoeuvring: Leaving Driveway,Vehicle leaving driveway,0,0,1,0,1,2,0,0,0,0,0,0
298435,Medical treatment,2016,7,Rear-end,Multi-Vehicle,153.165355,-27.481888,Greencamp Rd,Tilley Rd,Wakerley,Chatsworth,Intersection - T-Junction,No traffic control,60 km/h,Sealed - Dry,Daylight,Straight,Veh'S Same Direction: Rear End,Rear-end,0,0,1,0,1,2,0,0,0,0,0,0
298464,Minor injury,2016,9,Rear-end,Multi-Vehicle,153.058101,-27.632569,Gowan Rd,,Calamvale,Stretton,Intersection - T-Junction,Give way sign,60 km/h,Sealed - Dry,Daylight,Straight,Veh'S Same Direction: Left Rear,Rear-end,0,0,0,1,1,2,0,0,0,0,0,0
298465,Fatal,2016,19,Hit object,Single Vehicle,153.041936,-27.629731,Nottingham Rd,,Calamvale,Stretton,No Roadway Feature,No traffic control,60 km/h,Sealed - Dry,Darkness - Lighted,Straight,Off Path-Straight: Mounts Traffic Island,Off carriageway on straight hit object,1,0,0,0,1,0,1,0,0,0,0,0
298466,Medical treatment,2016,12,Rear-end,Multi-Vehicle,153.054558,-27.609528,Calam Rd,,Sunnybank Hills,Stretton,No Roadway Feature,No traffic control,60 km/h,Sealed - Dry,Daylight,Straight,Veh'S Same Direction: Rear End,Rear-end,0,0,3,0,3,2,0,0,0,0,0,0
298467,Hospitalisation,2016,15,Angle,Multi-Vehicle,153.024939,-27.572946,Beaudesert Rd,Mt Lindesay Art. Rd,Acacia Ridge,Sunnybank,Intersection - Cross,Operating traffic lights,70 km/h,Sealed - Dry,Daylight,Straight,Veh'S Opposite Approach: Thru-Right,Opposing vehicles turning,0,2,0,0,2,2,0,0,0,0,0,0
298468,Medical treatment,2016,15,Rear-end,Multi-Vehicle,153.013489,-27.539334,Ipswich Mwy,Ipswich Rd,Moorooka,Yeerongpilly,Intersection - Interchange,No traffic control,60 km/h,Sealed - Dry,Daylight,Straight,Veh'S Same Direction: Rear End,Rear-end,0,0,1,0,1,2,0,0,0,0,0,0
298469,Medical treatment,2016,9,Angle,Multi-Vehicle,152.979886,-27.549203,Cliveden Ave,Oxley Rd,Corinda,Mount Ommaney,Intersection - Cross,Operating traffic lights,60 km/h,Sealed - Dry,Daylight,Straight,Veh'S Opposite Approach: Thru-Right,Opposing vehicles turning,0,0,1,0,1,1,0,0,0,1,0,0
298470,Medical treatment,2016,16,Rear-end,Multi-Vehicle,153.141072,-27.475794,Manly Rd,,Tingalpa,Chatsworth,No Roadway Feature,No traffic control,70 km/h,Sealed - Dry,Daylight,Straight,Veh'S Same Direction: Rear End,Rear-end,0,0,1,1,2,3,0,0,0,0,0,0
298495,Hospitalisation,2016,4,Hit parked vehicle,Single Vehicle,152.901905,-27.562395,Bensley Pl,Sumners Rd,Riverhills,Mount Ommaney,Intersection - T-Junction,No traffic control,0 - 50 km/h,Sealed - Dry,Darkness - Lighted,Straight,Veh'S Opposite Approach: Other,Other,0,1,0,0,1,2,0,0,0,0,0,0
298497,Hospitalisation,2016,10,Sideswipe,Multi-Vehicle,152.985736,-27.639921,Logan Mwy,,Heathwood,Algester,Intersection - Roundabout,No traffic control,60 km/h,Sealed - Wet,Daylight,Curved - view open,Veh'S Same Direction: Lane Side Swipe,Lane changes,0,1,0,0,1,2,0,0,0,0,0,0
298499,Minor injury,2016,14,Hit object,Single Vehicle,153.0736809,-27.4668529,Burrai St,Wynnum Rd,Morningside,Bulimba,Intersection - T-Junction,Operating traffic lights,60 km/h,Sealed - Wet,Daylight,Curved - view open,Off Path-Curve: Mounts Traffic Island,Off carriageway on curve hit object,0,0,0,1,1,1,0,0,0,0,0,1
298500,Medical treatment,2016,16,Rear-end,Multi-Vehicle,153.028458,-27.499765,Annerley Rd,,Dutton Park,South Brisbane,Intersection - Cross,Operating traffic lights,60 km/h,Sealed - Dry,Daylight,Straight,Veh'S Same Direction: Rear End,Rear-end,0,0,1,0,1,2,0,0,0,0,0,0
298524,Medical treatment,2016,11,Rear-end,Multi-Vehicle,153.03619,-27.595851,Bradman St,Mt Lindesay Art. Rd,Acacia Ridge,Sunnybank,Intersection - Cross,Operating traffic lights,70 km/h,Sealed - Dry,Daylight,Straight,Veh'S Same Direction: Rear End,Rear-end,0,0,1,0,1,1,0,1,0,0,0,0
298525,Medical treatment,2016,8,Rear-end,Multi-Vehicle,153.041134,-27.554385,Orange Grove Rd,,Salisbury,Yeerongpilly,No Roadway Feature,No traffic control,60 km/h,Sealed - Dry,Daylight,Straight,Veh'S Same Direction: Rear End,Rear-end,0,0,1,0,1,2,0,0,0,0,0,0
298527,Hospitalisation,2016,23,Head-on,Multi-Vehicle,153.068243,-27.553895,Laver St,,Macgregor,Yeerongpilly,No Roadway Feature,No traffic control,0 - 50 km/h,Sealed - Dry,Darkness - Lighted,Straight,Veh'S Opposite Approach: Other,Other,0,1,0,0,1,2,0,0,0,0,0,0
298528,Minor injury,2016,8,Rear-end,Multi-Vehicle,153.015555,-27.481487,Appel St,Vulture St,South Brisbane,South Brisbane,Intersection - Cross,No traffic control,60 km/h,Sealed - Dry,Daylight,Straight,Veh'S Same Direction: Rear End,Rear-end,0,0,0,1,1,2,0,0,0,0,0,0
298529,Hospitalisation,2016,12,Angle,Multi-Vehicle,153.044947,-27.479473,Lytton Rd,Stafford St,East Brisbane,South Brisbane,Intersection - T-Junction,Give way sign,60 km/h,Sealed - Dry,Daylight,Straight,Veh'S Adjacent Approach: Thru-Right,Intersection from adjacent approaches,0,1,0,0,1,2,0,0,0,0,0,0
298555,Minor injury,2016,19,Sideswipe,Multi-Vehicle,153.1278111,-27.4913681,Belmont Rd,,Belmont,Chatsworth,No Roadway Feature,No traffic control,60 km/h,Sealed - Dry,Darkness - Lighted,Straight,Veh'S Manoeuvring: Entering From Footway,Vehicle leaving driveway,0,0,0,2,2,2,0,0,0,0,0,0
298578,Hospitalisation,2016,5,Angle,Multi-Vehicle,153.074877,-27.651438,Forest Wy,Springwood Connection Rd,Karawatha,Stretton,Intersection - T-Junction,Operating traffic lights,60 km/h,Sealed - Dry,Dawn/Dusk,Straight,Veh'S Opposite Approach: Thru-Right,Opposing vehicles turning,0,1,1,0,2,2,0,0,0,0,0,0
298579,Medical treatment,2016,18,Rear-end,Multi-Vehicle,153.06324,-27.604788,Gowan Rd,,Sunnybank Hills,Stretton,No Roadway Feature,No traffic control,60 km/h,Sealed - Dry,Dawn/Dusk,Straight,Veh'S Same Direction: Rear End,Rear-end,0,0,1,0,1,4,0,0,0,0,0,0
298580,Medical treatment,2016,12,Rear-end,Multi-Vehicle,153.024939,-27.572946,Beaudesert Rd,Mt Lindesay Art. Rd,Acacia Ridge,Sunnybank,Intersection - Cross,Operating traffic lights,70 km/h,Sealed - Wet,Daylight,Straight,Veh'S Same Direction: Rear End,Rear-end,0,0,3,0,3,2,0,0,0,0,0,0
298582,Medical treatment,2016,8,Sideswipe,Multi-Vehicle,153.074819,-27.533359,Logan Rd,,Mount Gravatt,Greenslopes,No Roadway Feature,No traffic control,60 km/h,Sealed - Dry,Daylight,Straight,Veh'S Same Direction: Lane Side Swipe,Lane changes,0,0,1,0,1,2,0,0,0,0,0,0
298583,Medical treatment,2016,12,Angle,Multi-Vehicle,153.094399,-27.532618,Newnham Rd,Wecker Rd,Mount Gravatt East,Mansfield,Intersection - T-Junction,Operating traffic lights,60 km/h,Sealed - Dry,Daylight,Straight,Veh'S Opposite Approach: Thru-Right,Opposing vehicles turning,0,0,3,0,3,2,0,0,0,0,0,0
298584,Hospitalisation,2016,16,Hit pedestrian,Hit pedestrian,153.088709,-27.468437,Muir St,Wynnum Rd,Cannon Hill,Bulimba,Intersection - Cross,Operating traffic lights,60 km/h,Sealed - Wet,Dawn/Dusk,Straight,Ped'N: Far Side Vehicle Hit From Left,Pedestrian,0,1,0,0,1,1,0,0,0,0,1,0
298586,Medical treatment,2016,16,Rear-end,Multi-Vehicle,153.007231,-27.557276,Ipswich Rd,,Rocklea,Sunnybank,No Roadway Feature,No traffic control,60 km/h,Sealed - Dry,Daylight,Straight,Veh'S Same Direction: Rear End,Rear-end,0,0,1,0,1,1,0,1,1,0,0,0
298587,Medical treatment,2016,17,Rear-end,Multi-Vehicle,153.0026268,-27.5590612,Cunningham Arterial Rd,,Rocklea,Sunnybank,No Roadway Feature,No traffic control,80 - 90 km/h,Sealed - Wet,Daylight,Straight,Veh'S Same Direction: Rear End,Rear-end,0,0,2,0,2,2,0,0,0,0,0,0
298605,Hospitalisation,2016,17,Hit object,Single Vehicle,152.9581021,-27.56193759,Southern Cross Ave,,Darra,Mount Ommaney,No Roadway Feature,No traffic control,0 - 50 km/h,Sealed - Wet,Dawn/Dusk,Straight,Off Path-Straight: Other,Other,0,1,0,1,2,1,0,0,0,0,0,0
298610,Medical treatment,2016,15,Rear-end,Multi-Vehicle,153.030091,-27.544764,Evans Rd,,Salisbury,Yeerongpilly,No Roadway Feature,No traffic control,60 km/h,Sealed - Dry,Daylight,Straight,Veh'S Same Direction: Rear End,Rear-end,0,0,1,0,1,3,0,0,0,0,0,0
298611,Medical treatment,2016,9,Rear-end,Multi-Vehicle,153.095984,-27.471173,Creek Rd,Pickwick St,Cannon Hill,Bulimba,Intersection - T-Junction,Operating traffic lights,60 km/h,Sealed - Dry,Daylight,Straight,Veh'S Same Direction: Right Rear,Rear-end,0,0,1,0,1,2,0,0,0,0,0,0
298613,Medical treatment,2016,8,Angle,Multi-Vehicle,153.063107,-27.576239,Mains Rd,,Sunnybank,Sunnybank,No Roadway Feature,No traffic control,60 km/h,Sealed - Dry,Daylight,Straight,Veh'S Same Direction: Left Turn S/Swipe,Parallel lanes turning,0,0,1,0,1,0,1,0,1,0,0,0
298614,Medical treatment,2016,6,Angle,Multi-Vehicle,153.0480519,-27.57348591,Troughton Rd,Turton St,Sunnybank,Sunnybank,Intersection - Cross,Operating traffic lights,60 km/h,Sealed - Dry,Daylight,Straight,Veh'S Opposite Approach: Thru-Right,Opposing vehicles turning,0,0,2,0,2,2,0,0,0,0,0,0
298615,Medical treatment,2016,21,Rear-end,Multi-Vehicle,153.025985,-27.482905,Stanley St,Vulture St,South Brisbane,South Brisbane,Intersection - 5+ way,Operating traffic lights,60 km/h,Sealed - Wet,Darkness - Lighted,Straight,Veh'S Same Direction: Rear End,Rear-end,0,0,3,0,3,2,0,0,0,0,0,0
298616,Hospitalisation,2016,16,Angle,Multi-Vehicle,153.165355,-27.481888,Greencamp Rd,Tilley Rd,Wakerley,Chatsworth,Intersection - T-Junction,Stop sign,60 km/h,Sealed - Dry,Daylight,Straight,Veh'S Adjacent Approach: Thru-Right,Intersection from adjacent approaches,0,1,0,0,1,2,0,0,0,0,0,0
298644,Medical treatment,2016,18,Angle,Multi-Vehicle,153.060184,-27.590835,Pinelands Rd,,Sunnybank Hills,Stretton,No Roadway Feature,No traffic control,60 km/h,Sealed - Dry,Dawn/Dusk,Straight,Veh'S Manoeuvring: Leaving Driveway,Vehicle leaving driveway,0,0,1,0,1,2,0,0,0,0,0,0
298645,Medical treatment,2016,9,Rear-end,Multi-Vehicle,153.093782,-27.488961,Chater St,Stanley Rd,Carina,Chatsworth,Intersection - T-Junction,No traffic control,60 km/h,Sealed - Dry,Daylight,Straight,Veh'S Same Direction: Right Rear,Rear-end,0,0,3,0,3,2,0,0,0,0,0,0
298676,Medical treatment,2016,10,Fall from vehicle,Single Vehicle,152.984257,-27.570741,Factory Rd,,Oxley,Inala,No Roadway Feature,No traffic control,0 - 50 km/h,Sealed - Dry,Daylight,Straight,Off Path-Straight:Out Of Control On Cway,Out of control on straight,0,0,1,0,1,0,0,0,0,1,0,1
298677,Medical treatment,2016,8,Hit object,Single Vehicle,153.02253,-27.536493,Beaudesert Rd,Chaucer St,Moorooka,Yeerongpilly,Intersection - T-Junction,No traffic control,60 km/h,Sealed - Dry,Daylight,Straight,Veh'S Opposite Approach: Head On,Head-on,0,0,1,0,1,2,0,0,0,0,0,0
298678,Minor injury,2016,18,Rear-end,Multi-Vehicle,153.078652,-27.562888,South East Arterial Rd,,Macgregor,Mansfield,No Roadway Feature,No traffic control,100 - 110 km/h,Sealed - Dry,Darkness - Lighted,Straight,Veh'S Same Direction: Rear End,Rear-end,0,0,0,2,2,2,0,0,0,0,0,0
298679,Minor injury,2016,8,Angle,Multi-Vehicle,153.016247,-27.472763,Hope St,Peel St,South Brisbane,South Brisbane,Intersection - T-Junction,Stop sign,60 km/h,Sealed - Dry,Daylight,Straight,Veh'S Manoeuvring: Entering From Footway,Vehicle leaving driveway,0,0,0,1,1,1,0,0,0,1,0,0
298703,Medical treatment,2016,18,Rear-end,Multi-Vehicle,153.051434,-27.611291,Compton Rd,Mt Lindesay Art. Rd,Calamvale,Stretton,Intersection - T-Junction,Give way sign,60 km/h,Sealed - Dry,Darkness - Lighted,Straight,Veh'S Same Direction: Left Rear,Rear-end,0,0,1,1,2,2,0,0,0,0,0,0
298705,Medical treatment,2016,20,Hit pedestrian,Hit pedestrian,153.046789,-27.594147,Floribunda St,,Sunnybank Hills,Sunnybank,No Roadway Feature,No traffic control,0 - 50 km/h,Sealed - Dry,Darkness - Not lighted,Straight,Ped'N: Play; Work; Stand; Lie On C'Way,Pedestrian,0,0,1,0,1,1,0,0,0,0,1,0
298706,Fatal,2016,11,Angle,Multi-Vehicle,153.024169,-27.568304,Boundary Rd,Mt Lindesay Art. Rd,Coopers Plains,Sunnybank,Intersection - Cross,Operating traffic lights,70 km/h,Sealed - Dry,Daylight,Straight,Veh'S Opposite Approach: Thru-Right,Opposing vehicles turning,1,0,0,0,1,1,1,0,0,0,0,0
298731,Hospitalisation,2016,19,Hit object,Single Vehicle,153.057264,-27.585963,Beenleigh Rd,Wynne St,Sunnybank,Sunnybank,Intersection - Cross,Operating traffic lights,60 km/h,Sealed - Dry,Darkness - Lighted,Straight,Off Path-Straight: Mounts Traffic Island,Off carriageway on straight hit object,0,1,0,0,1,1,0,0,0,0,0,0
298732,Minor injury,2016,11,Angle,Multi-Vehicle,153.043992,-27.520614,Cracknell Rd,Effingham St,Tarragindi,Yeerongpilly,Intersection - Cross,Stop sign,60 km/h,Sealed - Dry,Daylight,Straight,Veh'S Adjacent Approach: Thru-Thru,Intersection from adjacent approaches,0,0,0,2,2,2,0,0,0,0,0,0
298733,Hospitalisation,2016,19,Head-on,Multi-Vehicle,153.101129,-27.490049,Creek Rd,Stanley Rd,Carina,Chatsworth,Intersection - T-Junction,Operating traffic lights,60 km/h,Sealed - Dry,Daylight,Straight,Veh'S Opposite Approach: Thru-Right,Opposing vehicles turning,0,1,1,0,2,2,0,0,0,0,0,0
298735,Hospitalisation,2016,10,Angle,Multi-Vehicle,153.055294,-27.525777,Birdwood Rd,Marshall Rd,Tarragindi,Yeerongpilly,Intersection - Cross,Operating traffic lights,60 km/h,Sealed - Dry,Daylight,Straight,Veh'S Adjacent Approach: Right-Thru,Intersection from adjacent approaches,0,1,0,0,1,2,0,0,0,0,0,0
298736,Medical treatment,2016,10,Hit object,Single Vehicle,153.046482,-27.51621,South East Arterial Rd,,Greenslopes,Yeerongpilly,No Roadway Feature,No traffic control,100 - 110 km/h,Sealed - Dry,Daylight,Straight,Off Path-Straight: Left Off Cway Hit Obj,Off carriageway on straight hit object,0,0,1,0,1,0,0,1,0,0,0,0
298738,Hospitalisation,2016,10,Hit pedestrian,Hit pedestrian,153.012438,-27.481038,Vulture St,,West End,South Brisbane,No Roadway Feature,No traffic control,0 - 50 km/h,Sealed - Dry,Daylight,Straight,Ped'N: Near Side Vehicle Hit From Right,Pedestrian,0,1,0,0,1,0,0,1,0,0,1,0
298767,Hospitalisation,2016,19,Hit pedestrian,Hit pedestrian,153.049836,-27.60127,The Avenue,,Sunnybank Hills,Stretton,No Roadway Feature,No traffic control,0 - 50 km/h,Sealed - Dry,Darkness - Not lighted,Curved - view open,Ped'N: Play; Work; Stand; Lie On C'Way,Pedestrian,0,1,0,0,1,1,0,0,0,0,1,0
298768,Hospitalisation,2016,9,Angle,Multi-Vehicle,153.057628,-27.47317,Waldo St,Wynnum Rd,Norman Park,Bulimba,Intersection - T-Junction,Give way sign,60 km/h,Sealed - Dry,Daylight,Straight,Veh'S Manoeuvring: Entering From Footway,Vehicle leaving driveway,0,1,0,0,1,1,0,0,0,1,0,0
298770,Minor injury,2016,18,Sideswipe,Multi-Vehicle,153.0436399,-27.53633876,Toohey Rd,,Salisbury,Yeerongpilly,Merge Lane,No traffic control,60 km/h,Sealed - Dry,Dawn/Dusk,Curved - view open,Veh'S Same Direction: Lane Change Right,Lane changes,0,0,0,1,1,1,0,0,0,0,0,1
298771,Hospitalisation,2016,6,Fall from vehicle,Single Vehicle,153.0353425,-27.49060815,Ipswich Rd,,Woolloongabba,South Brisbane,No Roadway Feature,No traffic control,70 km/h,Sealed - Dry,Daylight,Straight,Off Path-Straight:Out Of Control On Cway,Out of control on straight,0,1,0,0,1,0,1,0,0,0,0,0
298792,Medical treatment,2016,12,Angle,Multi-Vehicle,153.01673,-27.558534,Beatty Rd,Gladstone St,Archerfield,Sunnybank,No Roadway Feature,No traffic control,60 km/h,Sealed - Dry,Daylight,Straight,Veh'S Manoeuvring: Leaving Driveway,Vehicle leaving driveway,0,0,1,0,1,3,0,0,0,0,0,0
298794,Medical treatment,2016,17,Fall from vehicle,Single Vehicle,153.058994,-27.523679,Joachim St,Marshall Rd,Holland Park West,Greenslopes,Intersection - T-Junction,No traffic control,60 km/h,Sealed - Dry,Daylight,Straight,Pass & Misc: Fell In/From Vehicle,Other,0,0,1,0,1,0,0,0,1,0,0,0
298796,Medical treatment,2016,17,Angle,Multi-Vehicle,153.065503,-27.568899,Carnaby St,Leadenhall St,Macgregor,Sunnybank,Intersection - T-Junction,No traffic control,0 - 50 km/h,Sealed - Dry,Dawn/Dusk,Curved - view open,Veh'S Opposite Approach: Thru-Right,Opposing vehicles turning,0,0,1,0,1,2,0,0,0,0,0,0
298797,Hospitalisation,2016,15,Angle,Multi-Vehicle,153.035989,-27.470843,Darragh St,Deakin St,Kangaroo Point,South Brisbane,Intersection - T-Junction,Give way sign,60 km/h,Sealed - Dry,Daylight,Straight,Veh'S Adjacent Approach: Thru-Right,Intersection from adjacent approaches,0,1,0,0,1,1,0,0,0,1,0,0
298798,Medical treatment,2016,10,Rear-end,Multi-Vehicle,153.039978,-27.490669,Logan Rd,,Woolloongabba,South Brisbane,No Roadway Feature,No traffic control,60 km/h,Sealed - Dry,Daylight,Curved - view open,Veh'S Same Direction: Rear End,Rear-end,0,0,1,0,1,3,0,0,0,0,0,0
298822,Medical treatment,2016,15,Rear-end,Multi-Vehicle,152.98715,-27.596444,Blunder Rd,Inala Ave,Durack,Sunnybank,Intersection - Cross,Operating traffic lights,60 km/h,Sealed - Dry,Daylight,Straight,Veh'S Same Direction: Right Rear,Rear-end,0,0,1,0,1,2,0,0,0,0,0,0
298823,Hospitalisation,2016,10,Hit object,Single Vehicle,153.013635,-27.539245,Ipswich Mwy,Ipswich Rd,Moorooka,Yeerongpilly,Intersection - T-Junction,No traffic control,60 km/h,Sealed - Wet,Daylight,Straight,Off Path-Straight:Out Of Control On Cway,Out of control on straight,0,1,0,0,1,1,0,0,0,0,0,0
298824,Hospitalisation,2016,11,Sideswipe,Multi-Vehicle,153.0905834,-27.60057116,Gateway Arterial Rd,,Runcorn,Stretton,No Roadway Feature,No traffic control,100 - 110 km/h,Sealed - Wet,Daylight,Straight,Veh'S Same Direction: Lane Change Left,Lane changes,0,1,0,0,1,1,0,1,0,0,0,0
298825,Medical treatment,2016,12,Sideswipe,Multi-Vehicle,153.035883,-27.482826,Main St,Princess St,Kangaroo Point,South Brisbane,Intersection - Cross,Operating traffic lights,60 km/h,Sealed - Dry,Daylight,Straight,Veh'S Same Direction: Left Turn S/Swipe,Parallel lanes turning,0,0,1,0,1,1,1,0,0,0,0,0
298845,Hospitalisation,2016,10,Hit object,Single Vehicle,152.926117,-27.589352,Cunningham Arterial Rd,,Wacol,Inala,No Roadway Feature,No traffic control,60 km/h,Sealed - Dry,Daylight,Straight,Off Path-Straight: Mounts Traffic Island,Off carriageway on straight hit object,0,1,0,0,1,3,0,0,0,0,0,0
298847,Medical treatment,2016,7,Head-on,Multi-Vehicle,153.119752,-27.49403,Meadowlands Rd,,Carina,Bulimba,Bridge/Causeway,No traffic control,60 km/h,Sealed - Dry,Daylight,Straight,Veh'S Opposite Approach: Head On,Head-on,0,0,2,0,2,2,0,0,0,0,0,0
298848,Medical treatment,2016,20,Rear-end,Multi-Vehicle,153.077625,-27.491666,Wiles St,,Camp Hill,Chatsworth,No Roadway Feature,No traffic control,60 km/h,Sealed - Dry,Darkness - Not lighted,Straight,Veh'S Same Direction: Rear End,Rear-end,0,0,1,0,1,2,0,0,0,0,0,0
298849,Medical treatment,2016,8,Angle,Multi-Vehicle,153.061397,-27.505386,Cavendish Rd,Chatsworth Rd,Coorparoo,Greenslopes,Intersection - Cross,Operating traffic lights,60 km/h,Sealed - Dry,Daylight,Curved - view open,Veh'S Opposite Approach: Thru-Right,Opposing vehicles turning,0,0,1,0,1,1,0,1,0,0,0,0
298852,Medical treatment,2016,17,Angle,Multi-Vehicle,153.098482,-27.470001,Wynnum Rd,,Cannon Hill,Bulimba,Median Opening,No traffic control,60 km/h,Sealed - Dry,Daylight,Straight,Veh'S Opposite Approach: Thru-Right,Opposing vehicles turning,0,0,1,0,1,2,0,0,0,0,0,0
298853,Minor injury,2016,20,Hit pedestrian,Hit pedestrian,153.1591473,-27.47519869,Moss Rd,,Wakerley,Chatsworth,No Roadway Feature,No traffic control,0 - 50 km/h,Sealed - Dry,Darkness - Lighted,Straight,Ped'N: Far Side Vehicle Hit From Left,Pedestrian,0,0,0,1,1,1,0,0,0,0,1,0
298854,Medical treatment,2016,13,Rear-end,Multi-Vehicle,153.178807,-27.444003,Wynnum Esp,,Wynnum,Lytton,No Roadway Feature,No traffic control,0 - 50 km/h,Sealed - Dry,Daylight,Straight,Veh'S Same Direction: Rear End,Rear-end,0,0,1,0,1,3,0,0,0,0,0,0
298881,Hospitalisation,2016,17,Angle,Multi-Vehicle,153.096272,-27.469435,Creek Rd,Wynnum Rd,Cannon Hill,Bulimba,Intersection - Cross,Operating traffic lights,60 km/h,Sealed - Dry,Dawn/Dusk,Straight,Veh'S Adjacent Approach: Thru-Thru,Intersection from adjacent approaches,0,1,0,0,1,2,0,0,0,0,0,0
298882,Hospitalisation,2016,13,Rear-end,Multi-Vehicle,153.111246,-27.462337,Gateway Arterial Rd,,Murarrie,Bulimba,No Roadway Feature,No traffic control,100 - 110 km/h,Sealed - Dry,Daylight,Straight,Veh'S Same Direction: Rear End,Rear-end,0,2,0,0,2,2,0,0,0,0,0,0
298883,Medical treatment,2016,16,Hit pedestrian,Hit pedestrian,152.981016,-27.524928,Long St E,Oxley Rd,Graceville,Indooroopilly,Intersection - Cross,Operating traffic lights,60 km/h,Sealed - Dry,Daylight,Straight,Ped'N: Near Side Vehicle Hit From Right,Pedestrian,0,0,1,0,1,1,0,0,0,0,1,0
298884,Medical treatment,2016,16,Angle,Multi-Vehicle,153.034818,-27.488427,Gibbon St,Hawthorne St,Woolloongabba,South Brisbane,Intersection - T-Junction,No traffic control,0 - 50 km/h,Sealed - Dry,Daylight,Straight,Veh'S Same Direction: Left Turn S/Swipe,Parallel lanes turning,0,0,1,0,1,2,0,0,0,0,0,0
298913,Minor injury,2016,17,Hit object,Single Vehicle,153.076919,-27.560042,Bolger St,,Upper Mount Gravatt,Mansfield,No Roadway Feature,No traffic control,0 - 50 km/h,Sealed - Dry,Darkness - Lighted,Straight,Veh'S Manoeuvring: Other,Other,0,0,0,1,1,1,0,0,0,0,0,0
298914,Medical treatment,2016,16,Sideswipe,Multi-Vehicle,153.048867,-27.477172,Lytton Rd,,East Brisbane,South Brisbane,No Roadway Feature,No traffic control,60 km/h,Sealed - Dry,Daylight,Straight,Veh'S Same Direction: Lane Change Right,Lane changes,0,0,1,0,1,1,1,0,0,0,0,0
298915,Medical treatment,2016,11,Angle,Multi-Vehicle,153.034542,-27.478412,Paton St,River Tce,Kangaroo Point,South Brisbane,Intersection - T-Junction,No traffic control,60 km/h,Sealed - Dry,Daylight,Straight,Veh'S Same Direction: Right Turn S/Swipe,Parallel lanes turning,0,0,1,0,1,2,0,0,0,0,0,0
298916,Hospitalisation,2016,1,Hit pedestrian,Hit pedestrian,153.149991,-27.487348,Isaacs Wy,,Wakerley,Chatsworth,No Roadway Feature,No traffic control,0 - 50 km/h,Sealed - Dry,Daylight,Curved - view open,Pass & Misc: Parked Car Ran Away,Other,0,1,0,0,1,2,0,0,0,0,1,0
298940,Minor injury,2016,17,Angle,Multi-Vehicle,152.964977,-27.614673,Forest Lake Blvd,Joseph Banks Ave,Forest Lake,Inala,Intersection - T-Junction,Give way sign,60 km/h,Sealed - Wet,Dawn/Dusk,Straight,Veh'S Adjacant Approach: Thru-Left,Intersection from adjacent approaches,0,0,0,1,1,2,0,0,0,0,0,0
298970,Hospitalisation,2016,19,Rear-end,Multi-Vehicle,153.029767,-27.59183528,Fox Rd,Mt Lindesay Art. Rd,Acacia Ridge,Sunnybank,Intersection - Cross,Operating traffic lights,80 - 90 km/h,Sealed - Dry,Darkness - Lighted,Straight,Veh'S Same Direction: Rear End,Rear-end,0,2,0,0,2,2,0,0,0,0,0,0
298973,Medical treatment,2016,20,Rear-end,Multi-Vehicle,152.959747,-27.633192,Logan Mwy,,Forest Lake,Algester,No Roadway Feature,No traffic control,0 - 50 km/h,Sealed - Dry,Darkness - Lighted,Straight,Veh'S Same Direction: Rear End,Rear-end,0,0,2,1,3,3,0,0,0,0,0,0
298974,Hospitalisation,2016,16,Hit pedestrian,Hit pedestrian,152.960464,-27.59416,Frangipani St,Magnolia St,Inala,Inala,Intersection - Cross,No traffic control,0 - 50 km/h,Sealed - Dry,Dawn/Dusk,Straight,Ped'N: Far Side Vehicle Hit From Left,Pedestrian,0,1,0,0,1,1,0,0,0,1,0,0
299018,Hospitalisation,2016,7,Sideswipe,Multi-Vehicle,153.03891,-27.51413,Ekibin Rd,Willis St,Tarragindi,Yeerongpilly,Intersection - T-Junction,No traffic control,60 km/h,Sealed - Dry,Daylight,Straight,Veh'S Overtaking: Overtake-Right Turn,Overtaking same direction,0,1,0,0,1,1,0,0,0,1,0,0
299021,Medical treatment,2016,8,Angle,Multi-Vehicle,153.056554,-27.49350281,Harries Rd,,Coorparoo,Greenslopes,No Roadway Feature,No traffic control,60 km/h,Sealed - Dry,Daylight,Straight,Veh'S Manoeuvring: Leaving Driveway,Vehicle leaving driveway,0,0,1,1,2,2,0,0,0,0,0,0
299024,Medical treatment,2016,7,Rear-end,Multi-Vehicle,153.03077,-27.558455,Griffith Arterial Rd,,Salisbury,Sunnybank,No Roadway Feature,No traffic control,60 km/h,Sealed - Dry,Daylight,Straight,Veh'S Same Direction: Rear End,Rear-end,0,0,1,0,1,2,0,0,0,0,0,0