Crash_Ref_Number,Severity,Year,Hour,Crash_Nature,Crash_Type,Longitude,Latitude,Street,Street_Intersecting,Suburb,Loc_State_Electorate,Crash_Roadway_Feature,Crash_Traffic_Control,Crash_Speed_Limit,Crash_Road_Surface_Condition,Crash_Lighting_Condition,Crash_Road_Horiz_Align,Crash_DCA_Description,Crash_DCA_Group_Description,Count_Casualty_Fatality,Count_Casualty_Hospitalised,Count_Casualty_MedicallyTreated,Count_Casualty_MinorInjury,Count_Casualty_Total,Count_Unit_Car,Count_Unit_Motorcycle_Moped,Count_Unit_Truck,Count_Unit_Bus,Count_Unit_Bicycle,Count_Unit_Pedestrian,Count_Unit_Other
299025,Hospitalisation,2016,20,Hit object,Single Vehicle,153.073702,-27.466791,Burrai St,Wynnum Rd,Morningside,Bulimba,Intersection - T-Junction,Operating traffic lights,60 km/h,Sealed - Dry,Darkness - Lighted,Curved - view open,Off Path-Curve: Mounts Traffic Island,Off carriageway on curve hit object,0,2,0,0,2,1,0,0,0,0,0,0
299026,Hospitalisation,2016,0,Overturned,Single Vehicle,153.008018,-27.555809,Cunningham Arterial Rd,,Rocklea,Yeerongpilly,Intersection - Interchange,No traffic control,60 km/h,Sealed - Dry,Darkness - Lighted,Curved - view obscured,Off Path-Curve: Out Of Control On Cway,Out of control on curve,0,1,0,0,1,0,0,1,0,0,0,0
299027,Medical treatment,2016,15,Sideswipe,Multi-Vehicle,153.077658,-27.561061,Griffith Arterial Rd,,Upper Mount Gravatt,Mansfield,No Roadway Feature,No traffic control,60 km/h,Sealed - Dry,Daylight,Straight,Veh'S Same Direction: Lane Change Right,Lane changes,0,0,1,2,3,1,0,0,0,0,0,1
299028,Minor injury,2016,19,Rear-end,Multi-Vehicle,153.092055,-27.575544,Logan Sub-Arterial Rd,,Eight Mile Plains,Sunnybank,No Roadway Feature,No traffic control,60 km/h,Sealed - Dry,Daylight,Straight,Veh'S Same Direction: Rear End,Rear-end,0,0,0,3,3,3,0,0,0,0,0,0
299060,Medical treatment,2016,8,Angle,Multi-Vehicle,153.034556,-27.618484,Algester Rd,Ormskirk St,Algester,Algester,Intersection - T-Junction,Give way sign,60 km/h,Sealed - Dry,Daylight,Straight,Veh'S Adjacent Approach: Right-Thru,Intersection from adjacent approaches,0,0,1,0,1,2,0,0,0,0,0,0
299061,Hospitalisation,2016,6,Overturned,Single Vehicle,153.041102,-27.646475,Logan Mwy,,Parkinson,Algester,Intersection - Interchange,No traffic control,60 km/h,Sealed - Dry,Daylight,Curved - view open,Off Path-Curve: Out Of Control On Cway,Out of control on curve,0,1,0,0,1,0,0,1,0,0,0,0
299062,Hospitalisation,2016,13,Hit object,Single Vehicle,152.935339,-27.551587,Dandenong Rd,,Mount Ommaney,Mount Ommaney,No Roadway Feature,No traffic control,60 km/h,Sealed - Dry,Daylight,Straight,Veh'S Manoeuvring: Other,Other,0,2,0,0,2,2,0,0,0,0,0,0
299063,Medical treatment,2016,17,Rear-end,Multi-Vehicle,153.101106,-27.489989,Creek Rd,Stanley Rd,Carina,Chatsworth,Intersection - T-Junction,Operating traffic lights,60 km/h,Sealed - Dry,Daylight,Straight,Veh'S Same Direction: Rear End,Rear-end,0,0,1,0,1,2,0,0,0,0,0,0
299064,Minor injury,2016,11,Rear-end,Multi-Vehicle,153.099686,-27.505196,Creek Rd,Winstanley St,Carindale,Chatsworth,Intersection - T-Junction,Give way sign,60 km/h,Sealed - Dry,Daylight,Straight,Veh'S Same Direction: Left Rear,Rear-end,0,0,0,1,1,2,0,0,0,0,0,0
299066,Medical treatment,2016,13,Sideswipe,Multi-Vehicle,152.950845,-27.593652,Pine Rd,,Richlands,Inala,No Roadway Feature,No traffic control,60 km/h,Sealed - Dry,Daylight,Straight,Veh'S Manoeuvring: Other,Other,0,0,1,0,1,1,0,1,0,0,0,0
299068,Medical treatment,2016,19,Angle,Multi-Vehicle,153.063565,-27.57377,Elva St,Mains Rd,Sunnybank,Sunnybank,Intersection - T-Junction,No traffic control,60 km/h,Sealed - Dry,Darkness - Lighted,Straight,Veh'S Opposite Approach: Thru-Right,Opposing vehicles turning,0,0,1,0,1,0,1,0,0,0,0,1
299069,Minor injury,2016,16,Rear-end,Multi-Vehicle,153.1058681,-27.58539855,South East Arterial Rd,,Rochedale,Mansfield,No Roadway Feature,No traffic control,100 - 110 km/h,Sealed - Dry,Daylight,Straight,Veh'S Same Direction: Rear End,Rear-end,0,0,0,1,1,2,0,0,0,0,0,0
299070,Minor injury,2016,14,Sideswipe,Multi-Vehicle,153.040625,-27.491628,Deshon St,Logan Rd,Woolloongabba,South Brisbane,Intersection - T-Junction,Operating traffic lights,60 km/h,Sealed - Dry,Daylight,Straight,Veh'S Same Direction: Lane Side Swipe,Lane changes,0,0,0,1,1,1,0,0,0,1,0,0
299103,Medical treatment,2016,16,Rear-end,Multi-Vehicle,153.041803,-27.646793,Logan Mwy,,Drewvale,Stretton,Bridge/Causeway,No traffic control,70 km/h,Sealed - Dry,Daylight,Straight,Veh'S Same Direction: Rear End,Rear-end,0,0,1,0,1,2,0,0,0,0,0,0
299104,Minor injury,2016,11,Rear-end,Multi-Vehicle,152.952143,-27.574724,Cunningham Arterial Rd,,Darra,Inala,No Roadway Feature,No traffic control,80 - 90 km/h,Sealed - Dry,Daylight,Straight,Veh'S Same Direction: Rear End,Rear-end,0,0,0,1,1,2,0,0,0,0,0,0
299105,Medical treatment,2016,7,Rear-end,Multi-Vehicle,152.942883,-27.566759,Western Arterial Rd,,Sumner,Mount Ommaney,Merge Lane,No traffic control,80 - 90 km/h,Sealed - Dry,Daylight,Curved - view open,Veh'S Same Direction: Rear End,Rear-end,0,0,1,0,1,2,0,0,0,0,0,0
299106,Minor injury,2016,7,Rear-end,Multi-Vehicle,153.016805,-27.557991,Beatty Rd,Griffith Arterial Rd,Archerfield,Sunnybank,Intersection - Cross,Operating traffic lights,60 km/h,Sealed - Dry,Daylight,Straight,Veh'S Same Direction: Right Rear,Rear-end,0,0,0,1,1,2,0,0,0,0,0,0
299110,Hospitalisation,2016,15,Fall from vehicle,Single Vehicle,153.126989,-27.448549,Doughboy Pde,Hemmant Tingalpa Rd,Hemmant,Lytton,No Roadway Feature,No traffic control,60 km/h,Sealed - Dry,Daylight,Curved - view obscured,Off Path-Curve: Out Of Control On Cway,Out of control on curve,0,1,0,0,1,0,1,0,0,0,0,0
299144,Hospitalisation,2016,6,Angle,Multi-Vehicle,153.1170834,-27.50233251,Old Cleveland Rd,,Carindale,Chatsworth,No Roadway Feature,No traffic control,70 km/h,Sealed - Dry,Daylight,Curved - view open,Veh'S Same Direction: Left Turn S/Swipe,Parallel lanes turning,0,1,0,0,1,0,1,1,0,0,0,0
299148,Medical treatment,2016,12,Sideswipe,Multi-Vehicle,153.015879,-27.476036,Cordelia St,,South Brisbane,South Brisbane,No Roadway Feature,No traffic control,0 - 50 km/h,Sealed - Dry,Daylight,Straight,Veh'S Same Direction: Lane Change Right,Lane changes,0,0,1,0,1,2,0,0,0,0,0,0
299149,Hospitalisation,2016,12,Fall from vehicle,Single Vehicle,153.14067,-27.475798,Manly Rd,New Cleveland Rd,Tingalpa,Lytton,Intersection - T-Junction,Operating traffic lights,60 km/h,Sealed - Dry,Daylight,Straight,Off Path-Straight:Out Of Control On Cway,Out of control on straight,0,1,0,0,1,0,1,0,0,0,0,0
299172,Medical treatment,2016,1,Angle,Multi-Vehicle,153.072761,-27.515036,Cavendish Rd,Holland Rd,Holland Park,Greenslopes,Intersection - Cross,Operating traffic lights,0 - 50 km/h,Sealed - Dry,Darkness - Lighted,Straight,Veh'S Opposite Approach: Thru-Right,Opposing vehicles turning,0,0,1,1,2,2,0,0,0,0,0,0
299174,Medical treatment,2016,2,Hit object,Single Vehicle,153.011669,-27.534461,Fairfield Rd,,Yeerongpilly,Yeerongpilly,No Roadway Feature,No traffic control,70 km/h,Sealed - Dry,Darkness - Lighted,Straight,Off Path-Straight: Left Off Cway Hit Obj,Off carriageway on straight hit object,0,0,1,0,1,1,0,0,0,0,0,0
299213,Medical treatment,2016,8,Rear-end,Multi-Vehicle,153.052311,-27.475635,Wynnum Rd,,Norman Park,Bulimba,No Roadway Feature,No traffic control,60 km/h,Sealed - Dry,Daylight,Straight,Off Path-Straight:Out Of Control On Cway,Out of control on straight,0,0,1,0,1,0,1,0,0,0,0,0
299215,Medical treatment,2016,15,Rear-end,Multi-Vehicle,153.064536,-27.571903,Mccullough St,,Sunnybank,Sunnybank,Intersection - T-Junction,No traffic control,60 km/h,Sealed - Dry,Daylight,Straight,Veh'S Same Direction: Left Rear,Rear-end,0,0,1,0,1,2,0,0,0,0,0,0
299216,Medical treatment,2016,18,Angle,Multi-Vehicle,153.019979,-27.491531,Gladstone Rd,Park Rd W,Highgate Hill,South Brisbane,Intersection - T-Junction,No traffic control,60 km/h,Sealed - Dry,Dawn/Dusk,Straight,Veh'S Manoeuvring: Entering From Footway,Vehicle leaving driveway,0,0,1,0,1,1,0,0,0,1,0,0
299245,Hospitalisation,2016,22,Hit object,Single Vehicle,153.035214,-27.616729,Algester Rd,,Calamvale,Stretton,No Roadway Feature,No traffic control,60 km/h,Sealed - Dry,Darkness - Lighted,Curved - view open,Off Path-Curve: Mounts Traffic Island,Off carriageway on curve hit object,0,1,0,0,1,1,0,0,0,0,0,0
299246,Hospitalisation,2016,17,Angle,Multi-Vehicle,153.058391,-27.631021,Gowan Rd,The Parkway,Calamvale,Stretton,Intersection - T-Junction,No traffic control,60 km/h,Sealed - Dry,Daylight,Straight,Veh'S Opposite Approach: Thru-Right,Opposing vehicles turning,0,1,0,0,1,2,0,0,0,0,0,0
299247,Hospitalisation,2016,15,Rear-end,Multi-Vehicle,153.04473,-27.638464,Algester Rd,Mt Lindesay Art. Rd,Parkinson,Algester,Intersection - Cross,Operating traffic lights,80 - 90 km/h,Sealed - Dry,Daylight,Straight,Veh'S Same Direction: Rear End,Rear-end,0,1,2,0,3,2,0,1,0,0,0,0
299248,Hospitalisation,2016,11,Hit object,Single Vehicle,153.042586,-27.643635,Mt Lindesay Art. Rd,,Parkinson,Algester,No Roadway Feature,No traffic control,80 - 90 km/h,Sealed - Dry,Daylight,Straight,Off Path-Straight: Left Off Cway Hit Obj,Off carriageway on straight hit object,0,1,0,0,1,1,0,0,0,0,0,0
299249,Medical treatment,2016,19,Rear-end,Multi-Vehicle,152.958277,-27.572535,Cunningham Arterial Rd,,Darra,Inala,No Roadway Feature,No traffic control,80 - 90 km/h,Sealed - Dry,Darkness - Lighted,Straight,Veh'S Same Direction: Rear End,Rear-end,0,0,1,0,1,2,0,0,0,0,0,0
299250,Medical treatment,2016,6,Angle,Multi-Vehicle,153.060699,-27.587857,Beenleigh Rd,Mains Rd,Sunnybank,Sunnybank,Intersection - Cross,Operating traffic lights,60 km/h,Sealed - Dry,Daylight,Straight,Veh'S Opposite Approach: Thru-Right,Opposing vehicles turning,0,0,1,0,1,1,1,0,0,0,0,0
299251,Medical treatment,2016,13,Angle,Multi-Vehicle,153.044597,-27.595069,Holden Dr,Jackson Rd,Sunnybank Hills,Sunnybank,Intersection - T-Junction,Give way sign,60 km/h,Sealed - Dry,Darkness - Lighted,Straight,Veh'S Adjacent Approach: Thru-Right,Intersection from adjacent approaches,0,0,2,0,2,2,0,0,0,0,0,0
299255,Minor injury,2016,15,Rear-end,Multi-Vehicle,153.0626233,-27.53486354,Bapaume Rd,Gaza Rd,Holland Park West,Greenslopes,Intersection - Roundabout,Give way sign,60 km/h,Sealed - Dry,Daylight,Straight,Veh'S Same Direction: Rear End,Rear-end,0,0,0,1,1,2,0,0,0,0,0,0
299256,Medical treatment,2016,7,Angle,Multi-Vehicle,152.981439,-27.540718,Hassall St,Oxley Rd,Corinda,Mount Ommaney,Intersection - Cross,Give way sign,60 km/h,Sealed - Dry,Daylight,Straight,Veh'S Adjacent Approach: Thru-Right,Intersection from adjacent approaches,0,0,1,1,2,2,0,0,0,0,0,0
299257,Medical treatment,2016,21,Rear-end,Multi-Vehicle,153.035192,-27.500941,Cornwall St,Ipswich Rd,Woolloongabba,South Brisbane,Intersection - Cross,Operating traffic lights,60 km/h,Sealed - Dry,Darkness - Lighted,Straight,Veh'S Same Direction: Rear End,Rear-end,0,0,1,0,1,2,0,0,0,0,0,0
299258,Medical treatment,2016,8,Rear-end,Multi-Vehicle,153.026404,-27.483024,Stanley St,Vulture St,South Brisbane,South Brisbane,Intersection - 5+ way,Operating traffic lights,60 km/h,Sealed - Dry,Daylight,Straight,Veh'S Same Direction: Rear End,Rear-end,0,0,1,0,1,1,1,0,0,0,0,0
299283,Hospitalisation,2016,17,Angle,Multi-Vehicle,152.922706,-27.556553,Eumong St,Riverhills Rd,Middle Park,Mount Ommaney,Intersection - T-Junction,Stop sign,0 - 50 km/h,Sealed - Dry,Daylight,Curved - view open,Veh'S Manoeuvring: Other,Other,0,1,0,0,1,1,0,0,0,1,0,0
299287,Medical treatment,2016,15,Angle,Multi-Vehicle,153.090272,-27.527201,Camlet St,Cavendish Rd,Mount Gravatt East,Mansfield,Intersection - T-Junction,Operating traffic lights,0 - 50 km/h,Sealed - Dry,Daylight,Straight,Veh'S Adjacent Approach: Thru-Right,Intersection from adjacent approaches,0,0,1,0,1,2,0,0,0,0,0,0
299288,Hospitalisation,2016,5,Head-on,Multi-Vehicle,152.966045,-27.633024,Liberty St,,Forest Lake,Algester,Intersection - T-Junction,No traffic control,0 - 50 km/h,Sealed - Dry,Dawn/Dusk,Curved - view obscured,Veh'S Opposite Approach: Head On,Head-on,0,1,0,0,1,1,0,0,0,1,0,0
299289,Medical treatment,2016,13,Rear-end,Multi-Vehicle,153.00439,-27.594366,King Ave,,Willawong,Algester,No Roadway Feature,No traffic control,70 km/h,Sealed - Dry,Daylight,Straight,Veh'S Same Direction: Rear End,Rear-end,0,0,1,0,1,2,0,0,0,0,0,0
299290,Medical treatment,2016,21,Head-on,Multi-Vehicle,153.0089768,-27.59643758,Learoyd Rd,,Willawong,Sunnybank,No Roadway Feature,No traffic control,80 - 90 km/h,Sealed - Dry,Darkness - Lighted,Straight,Veh'S Opposite Approach: Head On,Head-on,0,0,1,1,2,3,0,0,0,0,0,0
299291,Hospitalisation,2016,10,Hit parked vehicle,Single Vehicle,153.0114818,-27.54368491,Ipswich Rd,,Rocklea,Yeerongpilly,Intersection - Cross,No traffic control,80 - 90 km/h,Sealed - Dry,Daylight,Curved - view open,Veh'S On Path: Accident Or Broken Down,Hit parked vehicle,0,1,0,0,1,2,0,0,0,0,0,0
299292,Medical treatment,2016,20,Hit pedestrian,Hit pedestrian,153.0638834,-27.57252973,Mains Rd,,Sunnybank,Sunnybank,No Roadway Feature,No traffic control,60 km/h,Sealed - Dry,Darkness - Lighted,Straight,Ped'N: Far Side Vehicle Hit From Left,Pedestrian,0,0,1,0,1,1,0,0,0,0,1,0
299317,Hospitalisation,2016,7,Rear-end,Multi-Vehicle,153.067192,-27.650498,Logan Mwy,,Drewvale,Stretton,Merge Lane,No traffic control,100 - 110 km/h,Sealed - Dry,Daylight,Straight,Veh'S Same Direction: Lane Change Right,Lane changes,0,1,1,1,3,2,0,1,0,0,0,0
299320,Medical treatment,2016,11,Hit pedestrian,Hit pedestrian,153.081891,-27.558027,Sanders St,,Upper Mount Gravatt,Mansfield,No Roadway Feature,No traffic control,60 km/h,Sealed - Dry,Daylight,Straight,Ped'N: Hit Other,Other,0,0,1,0,1,1,0,0,0,0,1,0
299321,Hospitalisation,2016,16,Angle,Multi-Vehicle,153.0199885,-27.49152469,Gladstone Rd,Park Rd W,Highgate Hill,South Brisbane,Intersection - T-Junction,No traffic control,60 km/h,Sealed - Dry,Daylight,Straight,Veh'S Manoeuvring: Entering From Footway,Vehicle leaving driveway,0,1,0,0,1,1,0,0,0,1,0,0
299322,Hospitalisation,2016,20,Hit pedestrian,Hit pedestrian,153.182059,-27.459095,Barrinia St,,Manly,Lytton,No Roadway Feature,No traffic control,0 - 50 km/h,Sealed - Dry,Darkness - Lighted,Straight,Pass & Misc: Parked Car Ran Away,Other,0,1,0,0,1,1,0,0,0,0,1,0
299355,Medical treatment,2016,15,Rear-end,Multi-Vehicle,153.081528,-27.541953,Broadwater Rd,Logan Rd,Mount Gravatt,Mansfield,Intersection - T-Junction,Operating traffic lights,60 km/h,Sealed - Dry,Daylight,Straight,Veh'S Same Direction: Right Rear,Rear-end,0,0,1,0,1,2,0,0,0,0,0,0
299356,Minor injury,2016,8,Sideswipe,Multi-Vehicle,152.9836327,-27.53254202,Sherwood Rd,,Sherwood,Indooroopilly,No Roadway Feature,No traffic control,0 - 50 km/h,Sealed - Dry,Daylight,Straight,Veh'S Same Direction: Lane Side Swipe,Lane changes,0,0,0,1,1,1,1,0,0,0,0,0
299358,Medical treatment,2016,16,Rear-end,Multi-Vehicle,153.120661,-27.535912,Invalid Street From Police,,Mackenzie,Mansfield,No Roadway Feature,No traffic control,100 - 110 km/h,Sealed - Dry,Daylight,Straight,Veh'S Same Direction: Rear End,Rear-end,0,0,1,0,1,2,0,0,0,0,0,0
299359,Medical treatment,2016,16,Angle,Multi-Vehicle,153.0374967,-27.49719833,O'Keefe St,,Woolloongabba,South Brisbane,No Roadway Feature,No traffic control,0 - 50 km/h,Sealed - Dry,Daylight,Straight,Veh'S Manoeuvring: Other,Other,0,0,1,0,1,1,0,0,0,1,0,0
299360,Hospitalisation,2016,17,Hit parked vehicle,Single Vehicle,153.117676,-27.4443974,Port Of Brisbane Rd,,Hemmant,Lytton,No Roadway Feature,No traffic control,60 km/h,Sealed - Dry,Daylight,Straight,Veh'S On Path: Parked,Hit parked vehicle,0,1,0,0,1,2,0,0,0,0,0,0
299384,Medical treatment,2016,7,Rear-end,Multi-Vehicle,152.9494195,-27.57534233,Cunningham Arterial Rd,,Darra,Inala,No Roadway Feature,No traffic control,80 - 90 km/h,Sealed - Dry,Daylight,Straight,Veh'S Same Direction: Rear End,Rear-end,0,0,1,0,1,0,0,2,0,0,0,0
299385,Medical treatment,2016,15,Angle,Multi-Vehicle,153.0215876,-27.5124949,Fairfield Rd,Venner Rd,Fairfield,Yeerongpilly,Intersection - Roundabout,Give way sign,60 km/h,Sealed - Dry,Daylight,Straight,Veh'S Adjacent Approach: Thru-Thru,Intersection from adjacent approaches,0,0,1,0,1,2,0,0,0,0,0,0
299409,Hospitalisation,2016,1,Hit object,Single Vehicle,152.9344605,-27.60443219,Tile St,,Wacol,Inala,No Roadway Feature,No traffic control,60 km/h,Sealed - Dry,Darkness - Lighted,Straight,Off Path-Straight:Out Of Control On Cway,Out of control on straight,0,1,0,0,1,1,0,0,0,0,0,0
299410,Hospitalisation,2016,20,Hit object,Single Vehicle,153.0462717,-27.58609744,Jackson Rd,,Sunnybank Hills,Sunnybank,No Roadway Feature,No traffic control,60 km/h,Sealed - Dry,Darkness - Lighted,Straight,Off Path-Straight:Right Off Cway Hit Obj,Off carriageway on straight hit object,0,1,0,0,1,1,0,0,0,0,0,0
299413,Minor injury,2016,16,Sideswipe,Multi-Vehicle,153.049166,-27.558416,Griffith Arterial Rd,,Nathan,Yeerongpilly,No Roadway Feature,No traffic control,70 km/h,Sealed - Dry,Daylight,Straight,Veh'S Same Direction: Lane Side Swipe,Lane changes,0,0,0,1,1,1,1,0,0,0,0,0
299414,Medical treatment,2016,11,Rear-end,Multi-Vehicle,153.035429,-27.499985,Ipswich Rd,Tottenham St,Woolloongabba,South Brisbane,Intersection - T-Junction,No traffic control,60 km/h,Sealed - Dry,Daylight,Straight,Veh'S Same Direction: Left Rear,Rear-end,0,0,1,1,2,2,0,0,0,0,0,0
299421,Hospitalisation,2016,11,Angle,Multi-Vehicle,153.124789,-27.525224,Invalid Street From Police,,Belmont,Chatsworth,No Roadway Feature,No traffic control,80 - 90 km/h,Sealed - Dry,Daylight,Straight,Veh'S Opposite Approach: Thru-Right,Opposing vehicles turning,0,1,0,1,2,2,0,0,0,0,0,0
299449,Medical treatment,2016,6,Sideswipe,Multi-Vehicle,152.982699,-27.62967,Wadeville St,,Heathwood,Algester,No Roadway Feature,No traffic control,60 km/h,Sealed - Dry,Daylight,Straight,Veh'S Same Direction: Lane Side Swipe,Lane changes,0,0,1,0,1,1,0,0,0,1,0,0
299473,Minor injury,2016,18,Angle,Multi-Vehicle,153.064044,-27.60029,Gowan Rd,Hellawell Rd,Sunnybank Hills,Stretton,Intersection - T-Junction,Operating traffic lights,60 km/h,Sealed - Dry,Darkness - Lighted,Straight,Veh'S Adjacent Approach: Thru-Right,Intersection from adjacent approaches,0,0,0,1,1,1,1,0,0,0,0,0
299474,Minor injury,2016,8,Angle,Multi-Vehicle,153.019608,-27.558428,Griffith Arterial Rd,,Archerfield,Sunnybank,No Roadway Feature,No traffic control,60 km/h,Sealed - Dry,Daylight,Straight,Off Path-Straight: Other,Other,0,0,0,1,1,1,0,0,0,1,0,0
299475,Hospitalisation,2016,9,Fall from vehicle,Single Vehicle,153.0313595,-27.5139646,Waterton St,,Annerley,Yeerongpilly,No Roadway Feature,No traffic control,60 km/h,Sealed - Dry,Daylight,Straight,Off Path-Straight:Out Of Control On Cway,Out of control on straight,0,1,0,0,1,1,1,0,0,0,0,0
299486,Hospitalisation,2016,0,Hit object,Single Vehicle,153.0278665,-27.54453836,Evans Rd,,Salisbury,Yeerongpilly,No Roadway Feature,No traffic control,60 km/h,Sealed - Dry,Darkness - Lighted,Straight,Off Path-Straight: Left Off Cway Hit Obj,Off carriageway on straight hit object,0,1,0,0,1,1,0,0,0,0,0,0
299487,Medical treatment,2016,10,Rear-end,Multi-Vehicle,153.02097,-27.558464,Griffith Arterial Rd,Mt Lindesay Art. Rd,Rocklea,Yeerongpilly,Intersection - Cross,Operating traffic lights,70 km/h,Sealed - Dry,Daylight,Straight,Veh'S Same Direction: Rear End,Rear-end,0,0,1,0,1,2,0,0,0,0,0,0
299489,Medical treatment,2016,14,Fall from vehicle,Single Vehicle,153.037021,-27.497288,O'Keefe St,Wolseley St,Woolloongabba,South Brisbane,Intersection - T-Junction,No traffic control,60 km/h,Sealed - Dry,Daylight,Straight,Off Path-Straight:Out Of Control On Cway,Out of control on straight,0,0,1,0,1,0,1,0,0,0,0,0
299511,Medical treatment,2016,12,Rear-end,Multi-Vehicle,153.051297,-27.611188,Compton Rd,Mt Lindesay Art. Rd,Calamvale,Stretton,Intersection - T-Junction,No traffic control,60 km/h,Sealed - Dry,Daylight,Curved - view open,Veh'S Same Direction: Left Rear,Rear-end,0,0,2,0,2,2,0,0,0,0,0,0
299512,Hospitalisation,2016,16,Hit pedestrian,Hit pedestrian,153.05001,-27.62401,Golden Ave,Kameruka St,Calamvale,Stretton,Intersection - T-Junction,No traffic control,60 km/h,Sealed - Dry,Daylight,Curved - view obscured,Ped'N: On Ftway Hit By Vehicle On Ftway,Pedestrian,0,1,0,0,1,0,0,0,0,1,1,0
299513,Medical treatment,2016,13,Hit object,Single Vehicle,153.014744,-27.5220132,Fairfield Rd,,Yeronga,Yeerongpilly,No Roadway Feature,No traffic control,60 km/h,Sealed - Dry,Daylight,Straight,Off Path-Straight:Right Off Cway Hit Obj,Off carriageway on straight hit object,0,0,1,0,1,1,0,0,0,0,0,0
299516,Medical treatment,2016,9,Angle,Multi-Vehicle,153.063627,-27.46997,Riding Rd,Wynnum Rd,Hawthorne,Bulimba,Intersection - Cross,Operating traffic lights,60 km/h,Sealed - Dry,Daylight,Curved - view open,Veh'S Adjacent Approach: Thru-Thru,Intersection from adjacent approaches,0,0,3,0,3,3,0,0,0,0,0,0
299517,Medical treatment,2016,7,Rear-end,Multi-Vehicle,153.1280852,-27.47462502,Wynnum Rd,,Tingalpa,Chatsworth,No Roadway Feature,No traffic control,60 km/h,Sealed - Dry,Daylight,Straight,Veh'S Same Direction: Left Rear,Rear-end,0,0,1,0,1,1,1,0,0,0,0,0
299546,Hospitalisation,2016,13,Angle,Multi-Vehicle,153.056794,-27.640152,Gowan Rd,Illaweena St,Stretton,Stretton,Intersection - T-Junction,Operating traffic lights,60 km/h,Sealed - Dry,Daylight,Straight,Veh'S Opposite Approach: Thru-Right,Opposing vehicles turning,0,1,0,0,1,2,0,0,0,0,0,0
299550,Hospitalisation,2016,17,Hit object,Single Vehicle,153.0510935,-27.51932287,South East Arterial Rd,,Greenslopes,Yeerongpilly,No Roadway Feature,No traffic control,100 - 110 km/h,Sealed - Dry,Darkness - Not lighted,Straight,Off Path-Straight: Left Off Cway Hit Obj,Off carriageway on straight hit object,0,1,0,0,1,1,0,0,0,0,0,0
299551,Medical treatment,2016,11,Angle,Multi-Vehicle,152.961328,-27.594119,Magnolia St,Poinciana St,Inala,Inala,Intersection - Cross,Stop sign,0 - 50 km/h,Sealed - Dry,Daylight,Straight,Veh'S Adjacent Approach: Thru-Thru,Intersection from adjacent approaches,0,0,1,0,1,2,0,0,0,0,0,0
299553,Minor injury,2016,23,Angle,Multi-Vehicle,153.019091,-27.480745,Cordelia St,Ernest St,South Brisbane,South Brisbane,Intersection - Cross,Operating traffic lights,60 km/h,Sealed - Dry,Darkness - Lighted,Straight,Veh'S Adjacent Approach: Thru-Thru,Intersection from adjacent approaches,0,0,0,1,1,2,0,0,0,0,0,0
299554,Medical treatment,2016,6,Rear-end,Multi-Vehicle,153.036159,-27.494086,South East Arterial Rd,,Woolloongabba,South Brisbane,No Roadway Feature,No traffic control,80 - 90 km/h,Sealed - Dry,Daylight,Curved - view open,Veh'S Same Direction: Rear End,Rear-end,0,0,1,1,2,2,0,0,0,0,0,0
299589,Minor injury,2016,13,Hit parked vehicle,Single Vehicle,153.0653527,-27.51131117,Cavendish Rd,,Coorparoo,Greenslopes,No Roadway Feature,No traffic control,60 km/h,Sealed - Dry,Daylight,Straight,Off Path-Straight: Left Off Cway Hit Obj,Off carriageway on straight hit object,0,0,0,1,1,2,0,0,0,0,0,0
299591,Medical treatment,2016,6,Fall from vehicle,Single Vehicle,153.0548574,-27.52532842,Birdwood Rd,,Tarragindi,Yeerongpilly,No Roadway Feature,No traffic control,0 - 50 km/h,Sealed - Dry,Daylight,Straight,Off Path-Straight:Out Of Control On Cway,Out of control on straight,0,0,1,0,1,0,1,0,0,0,0,0
299592,Medical treatment,2016,20,Hit object,Single Vehicle,152.95397,-27.633968,Johnson Rd,,Forest Lake,Algester,No Roadway Feature,No traffic control,60 km/h,Sealed - Dry,Darkness - Lighted,Straight,Off Path-Straight: Left Off Cway Hit Obj,Off carriageway on straight hit object,0,0,1,0,1,1,0,0,0,0,0,0
299593,Medical treatment,2016,15,Rear-end,Multi-Vehicle,152.979158,-27.56629,Ipswich Mwy,,Oxley,Mount Ommaney,No Roadway Feature,No traffic control,60 km/h,Sealed - Dry,Daylight,Straight,Veh'S Same Direction: Rear End,Rear-end,0,0,1,1,2,2,0,1,0,0,0,0
299594,Hospitalisation,2016,16,Angle,Multi-Vehicle,153.013603,-27.47658,Edmondstone St,Melbourne St,South Brisbane,South Brisbane,Intersection - Cross,Operating traffic lights,0 - 50 km/h,Sealed - Dry,Daylight,Straight,Veh'S Manoeuvring: Entering From Footway,Vehicle leaving driveway,0,1,0,0,1,1,0,0,0,1,0,0
299595,Medical treatment,2016,7,Angle,Multi-Vehicle,153.116439,-27.473709,Gateway Art Rd Ramp R,Wynnum Rd,Tingalpa,Chatsworth,Intersection - Interchange,Operating traffic lights,60 km/h,Sealed - Dry,Daylight,Straight,Veh'S Opposite Approach: Thru-Right,Opposing vehicles turning,0,0,1,0,1,1,1,0,0,0,0,0