Crash_Ref_Number,Severity,Year,Hour,Crash_Nature,Crash_Type,Longitude,Latitude,Street,Street_Intersecting,Suburb,Loc_State_Electorate,Crash_Roadway_Feature,Crash_Traffic_Control,Crash_Speed_Limit,Crash_Road_Surface_Condition,Crash_Lighting_Condition,Crash_Road_Horiz_Align,Crash_DCA_Description,Crash_DCA_Group_Description,Count_Casualty_Fatality,Count_Casualty_Hospitalised,Count_Casualty_MedicallyTreated,Count_Casualty_MinorInjury,Count_Casualty_Total,Count_Unit_Car,Count_Unit_Motorcycle_Moped,Count_Unit_Truck,Count_Unit_Bus,Count_Unit_Bicycle,Count_Unit_Pedestrian,Count_Unit_Other
299618,Hospitalisation,2016,6,Hit object,Single Vehicle,153.0599674,-27.59300524,Grandchester St,,Sunnybank Hills,Stretton,No Roadway Feature,No traffic control,60 km/h,Sealed - Dry,Daylight,Curved - view open,Off Path-Curve: Off Cway Lt Bend Hit Obj,Off carriageway on curve hit object,0,2,0,0,2,1,0,0,0,0,0,0
299620,Medical treatment,2016,8,Rear-end,Multi-Vehicle,153.113432,-27.501959,Old Cleveland Rd,,Carindale,Chatsworth,No Roadway Feature,No traffic control,70 km/h,Sealed - Dry,Daylight,Straight,Veh'S Same Direction: Rear End,Rear-end,0,0,1,0,1,2,0,0,0,0,0,0
299622,Medical treatment,2016,22,Fall from vehicle,Single Vehicle,153.040705,-27.504346,Earl St,Juliette St,Greenslopes,South Brisbane,Intersection - Cross,Operating traffic lights,60 km/h,Sealed - Wet,Darkness - Lighted,Straight,Off Path-Straight:Out Of Control On Cway,Out of control on straight,0,0,1,0,1,1,1,0,0,0,0,0
299624,Hospitalisation,2016,14,Hit parked vehicle,Single Vehicle,153.101126,-27.445778,Gateway Arterial Rd,,Murarrie,Bulimba,Bridge/Causeway,No traffic control,80 - 90 km/h,Sealed - Dry,Daylight,Straight,Veh'S On Path: Accident Or Broken Down,Hit parked vehicle,0,1,0,0,1,1,1,0,0,0,0,0
299625,Medical treatment,2016,16,Rear-end,Multi-Vehicle,153.0031984,-27.4833391,Montague Rd,,West End,South Brisbane,No Roadway Feature,No traffic control,60 km/h,Sealed - Dry,Daylight,Straight,Veh'S Same Direction: Rear End,Rear-end,0,0,1,1,2,2,0,0,0,0,0,0
299626,Hospitalisation,2016,6,Angle,Multi-Vehicle,153.166443,-27.434965,Adam St,Tingal Rd,Wynnum,Lytton,Intersection - T-Junction,No traffic control,60 km/h,Sealed - Dry,Daylight,Straight,Veh'S Opposite Approach: Thru-Right,Opposing vehicles turning,0,4,0,0,4,2,0,0,0,0,0,0
299655,Medical treatment,2016,16,Rear-end,Multi-Vehicle,152.939794,-27.546895,Dandenong Rd,Endeavour St,Mount Ommaney,Mount Ommaney,Intersection - T-Junction,No traffic control,60 km/h,Sealed - Dry,Daylight,Curved - view open,Veh'S Same Direction: Left Rear,Rear-end,0,0,3,0,3,2,0,0,0,0,0,0
299656,Hospitalisation,2016,2,Hit parked vehicle,Single Vehicle,153.063494,-27.470583,Wynnum Rd,,Norman Park,Bulimba,No Roadway Feature,No traffic control,60 km/h,Sealed - Wet,Darkness - Lighted,Curved - view obscured,Off Path-Curve: Off Cway Lt Bend Hit Obj,Off carriageway on curve hit object,0,1,0,0,1,2,0,0,0,0,0,0
299678,Medical treatment,2016,19,Rear-end,Multi-Vehicle,153.07044,-27.572805,Granadilla St,Mccullough St,Macgregor,Sunnybank,Intersection - Cross,Operating traffic lights,0 - 50 km/h,Sealed - Dry,Darkness - Lighted,Straight,Veh'S Same Direction: Rear End,Rear-end,0,0,1,0,1,2,0,0,0,0,0,0
299679,Medical treatment,2016,9,Sideswipe,Multi-Vehicle,153.075714,-27.561511,Benaud St,Griffith Arterial Rd,Macgregor,Yeerongpilly,Intersection - T-Junction,No traffic control,60 km/h,Sealed - Dry,Daylight,Straight,Veh'S Same Direction: Lane Change Right,Lane changes,0,0,1,0,1,2,0,0,0,0,0,0
299680,Medical treatment,2016,9,Angle,Multi-Vehicle,153.041157,-27.4800608,Wellington Rd,,East Brisbane,South Brisbane,No Roadway Feature,No traffic control,60 km/h,Sealed - Dry,Daylight,Straight,Veh'S Same Direction: Lane Change Right,Lane changes,0,0,1,0,1,2,0,0,0,0,0,0
299685,Minor injury,2016,14,Hit object,Single Vehicle,153.0005022,-27.65516098,Johnson Rd,,Larapinta,Algester,No Roadway Feature,No traffic control,70 km/h,Sealed - Dry,Daylight,Straight,Veh'S Same Direction: Rear End,Rear-end,0,0,0,2,2,3,0,0,0,0,0,0
299709,Medical treatment,2016,8,Angle,Multi-Vehicle,153.077745,-27.500536,Samuel St,Thomas St,Camp Hill,Greenslopes,Intersection - Cross,No traffic control,0 - 50 km/h,Sealed - Dry,Daylight,Straight,Veh'S Same Direction: Left Turn S/Swipe,Parallel lanes turning,0,0,1,0,1,1,1,0,0,0,0,0
299713,Hospitalisation,2016,8,Rear-end,Multi-Vehicle,153.040042,-27.558853,Griffith Arterial Rd,,Salisbury,Yeerongpilly,No Roadway Feature,No traffic control,70 km/h,Sealed - Dry,Daylight,Straight,Veh'S Same Direction: Rear End,Rear-end,0,1,0,0,1,3,0,0,0,0,0,0
299748,Hospitalisation,2016,7,Angle,Multi-Vehicle,152.924586,-27.588351,Airy St,Wacol Station Rd,Wacol,Inala,Intersection - T-Junction,No traffic control,60 km/h,Sealed - Dry,Daylight,Straight,Veh'S Overtaking: Overtake-Right Turn,Overtaking same direction,0,1,0,0,1,1,1,0,0,0,0,0
299749,Hospitalisation,2016,8,Rear-end,Multi-Vehicle,152.940862,-27.547165,Centenary Hwy,Western Arterial Rd,Mount Ommaney,Mount Ommaney,Intersection - Roundabout,Give way sign,60 km/h,Sealed - Dry,Daylight,Curved - view open,Veh'S Same Direction: Left Rear,Rear-end,0,1,0,0,1,2,0,0,0,0,0,0
299750,Medical treatment,2016,7,Rear-end,Multi-Vehicle,152.959871,-27.571741,Cunningham Arterial Rd,,Darra,Mount Ommaney,No Roadway Feature,No traffic control,80 - 90 km/h,Sealed - Dry,Daylight,Straight,Veh'S Same Direction: Rear End,Rear-end,0,0,1,0,1,2,0,0,0,0,0,0
299752,Hospitalisation,2016,14,Hit pedestrian,Hit pedestrian,152.979299,-27.629288,Old Blunder Rd,Sanctuary Dr,Forest Lake,Algester,Intersection - Roundabout,No traffic control,0 - 50 km/h,Sealed - Dry,Daylight,Straight,Ped'N: Near Side Vehicle Hit From Right,Pedestrian,0,1,0,0,1,1,0,0,0,0,1,0
299753,Medical treatment,2016,16,Angle,Multi-Vehicle,152.959463,-27.591924,Archerfield Rd,Azalea St,Inala,Inala,Intersection - Cross,Stop sign,60 km/h,Unsealed - Dry,Daylight,Straight,Veh'S Adjacent Approach: Thru-Thru,Intersection from adjacent approaches,0,0,1,0,1,2,0,0,0,0,0,0
299755,Hospitalisation,2016,7,Rear-end,Multi-Vehicle,152.977912,-27.524467,Appel St,Kitchener St,Graceville,Indooroopilly,Intersection - Cross,No traffic control,60 km/h,Sealed - Dry,Daylight,Straight,Veh'S Same Direction: Rear End,Rear-end,0,1,0,0,1,0,1,0,1,0,0,0
299766,Medical treatment,2016,7,Rear-end,Multi-Vehicle,153.007028,-27.656349,Johnson Rd,,Larapinta,Algester,No Roadway Feature,No traffic control,70 km/h,Sealed - Dry,Daylight,Straight,Veh'S Same Direction: Rear End,Rear-end,0,0,1,0,1,4,0,0,0,0,0,0
299767,Minor injury,2016,13,Rear-end,Multi-Vehicle,153.140905,-27.488965,Ermelo Rd,Stanbrough Rd,Gumdale,Chatsworth,Intersection - Cross,Stop sign,60 km/h,Sealed - Dry,Daylight,Straight,Veh'S Same Direction: Left Rear,Rear-end,0,0,0,1,1,2,0,0,0,0,0,0
299796,Medical treatment,2016,9,Rear-end,Multi-Vehicle,152.941005,-27.547787,Dandenong Rd,Western Arterial Rd,Mount Ommaney,Mount Ommaney,Intersection - Interchange,Give way sign,60 km/h,Sealed - Dry,Daylight,Straight,Veh'S Same Direction: Left Rear,Rear-end,0,0,1,0,1,2,0,0,0,0,0,0
299797,Medical treatment,2016,12,Angle,Multi-Vehicle,153.008023,-27.581107,Success St,,Acacia Ridge,Sunnybank,No Roadway Feature,No traffic control,60 km/h,Sealed - Dry,Daylight,Straight,Veh'S Same Direction: Right Turn S/Swipe,Parallel lanes turning,0,0,1,0,1,1,0,1,0,0,0,0
299798,Minor injury,2016,15,Rear-end,Multi-Vehicle,153.107511,-27.545847,Broadwater Rd,,Mansfield,Mansfield,No Roadway Feature,No traffic control,0 - 50 km/h,Sealed - Dry,Daylight,Straight,Veh'S Same Direction: Rear End,Rear-end,0,0,0,1,1,2,0,0,0,0,0,0
299799,Hospitalisation,2016,9,Head-on,Multi-Vehicle,153.055102,-27.476886,Norman Ave,Pope St,Norman Park,Bulimba,Intersection - T-Junction,No traffic control,0 - 50 km/h,Sealed - Dry,Daylight,Curved - view obscured,Veh'S Opposite Approach: Head On,Head-on,0,1,0,0,1,2,0,0,0,0,0,0
299800,Medical treatment,2016,5,Sideswipe,Multi-Vehicle,153.091596,-27.574723,Logan Sub-Arterial Rd,,Eight Mile Plains,Sunnybank,No Roadway Feature,No traffic control,60 km/h,Sealed - Dry,Daylight,Straight,Veh'S Same Direction: Lane Side Swipe,Lane changes,0,0,1,0,1,3,0,0,0,0,0,0
299801,Hospitalisation,2016,10,Sideswipe,Multi-Vehicle,153.035867,-27.468773,Bradfield Hwy,,Kangaroo Point,South Brisbane,Bridge/Causeway,No traffic control,60 km/h,Sealed - Dry,Daylight,Straight,Veh'S Same Direction: Lane Change Left,Lane changes,0,1,0,0,1,1,1,0,0,0,0,0
299804,Medical treatment,2016,1,Hit object,Single Vehicle,153.151357,-27.55641,Redland Sub-Arterial Rd,,Burbank,Mansfield,No Roadway Feature,No traffic control,80 - 90 km/h,Sealed - Dry,Darkness - Not lighted,Curved - view open,Off Path-Curve: Off Cway Rt Bend Hit Obj,Off carriageway on curve hit object,0,0,1,0,1,1,0,0,0,0,0,0
299824,Hospitalisation,2016,6,Hit object,Single Vehicle,152.946797,-27.531376,Centenary Hwy,,Jindalee,Mount Ommaney,Intersection - Interchange,No traffic control,60 km/h,Sealed - Dry,Daylight,Curved - view obscured,Off Path-Curve: Off Cway Lt Bend Hit Obj,Off carriageway on curve hit object,0,1,0,0,1,0,1,0,0,0,0,0
299828,Medical treatment,2016,8,Rear-end,Multi-Vehicle,153.037197,-27.475495,O'Connell St,Shafston Ave,Kangaroo Point,South Brisbane,Intersection - T-Junction,Operating traffic lights,60 km/h,Sealed - Dry,Daylight,Straight,Veh'S Same Direction: Rear End,Rear-end,0,0,1,0,1,2,0,0,0,0,0,0
299862,Medical treatment,2016,15,Angle,Multi-Vehicle,153.022851,-27.563657,Boyland Ave,Mt Lindesay Art. Rd,Archerfield,Sunnybank,Intersection - T-Junction,Give way sign,70 km/h,Sealed - Dry,Daylight,Straight,Veh'S Adjacent Approach: Thru-Right,Intersection from adjacent approaches,0,0,1,0,1,2,0,0,0,0,0,0
299863,Hospitalisation,2016,0,Rear-end,Multi-Vehicle,153.0386307,-27.50893016,South East Arterial Rd,,Greenslopes,South Brisbane,No Roadway Feature,No traffic control,100 - 110 km/h,Sealed - Dry,Darkness - Lighted,Curved - view open,Veh'S Same Direction: Rear End,Rear-end,0,1,0,0,1,2,0,0,0,0,0,0
299866,Hospitalisation,2016,16,Rear-end,Multi-Vehicle,153.048313,-27.571592,Boundary Rd,Troughton Rd,Sunnybank,Sunnybank,Intersection - T-Junction,Operating traffic lights,60 km/h,Sealed - Dry,Daylight,Straight,Veh'S Same Direction: Rear End,Rear-end,0,1,0,0,1,2,0,0,0,0,0,0
299867,Hospitalisation,2016,16,Rear-end,Multi-Vehicle,153.035968,-27.486534,Ipswich Rd,Stanley St,Woolloongabba,South Brisbane,Intersection - Cross,Operating traffic lights,60 km/h,Sealed - Dry,Daylight,Straight,Veh'S Same Direction: Rear End,Rear-end,0,1,0,0,1,2,0,0,0,0,0,0
299868,Hospitalisation,2016,12,Rear-end,Multi-Vehicle,153.115019,-27.473259,Graystone St,Wynnum Rd,Tingalpa,Chatsworth,Intersection - T-Junction,No traffic control,60 km/h,Sealed - Dry,Daylight,Straight,Veh'S Same Direction: Rear End,Rear-end,0,1,0,0,1,3,0,0,0,0,0,0
299869,Medical treatment,2016,7,Hit object,Single Vehicle,153.149538,-27.475558,Manly Rd,,Wakerley,Chatsworth,No Roadway Feature,No traffic control,70 km/h,Sealed - Dry,Daylight,Straight,Off Path-Straight: Left Off Cway Hit Obj,Off carriageway on straight hit object,0,0,1,0,1,0,0,0,0,1,0,1
299879,Medical treatment,2016,13,Sideswipe,Multi-Vehicle,153.158831,-27.526292,Mt Gravatt - Capalaba Rd,Tilley Rd,Burbank,Mansfield,Intersection - Roundabout,Give way sign,60 km/h,Sealed - Dry,Daylight,Curved - view open,Veh'S Adjacent Approach: Other,Intersection from adjacent approaches,0,0,2,0,2,2,0,0,0,0,0,0
299908,Hospitalisation,2016,8,Angle,Multi-Vehicle,153.143063,-27.44799,Crawford Rd,Kianawah Rd,Wynnum West,Lytton,Intersection - T-Junction,Give way sign,60 km/h,Sealed - Dry,Daylight,Straight,Veh'S Adjacent Approach: Thru-Right,Intersection from adjacent approaches,0,1,0,0,1,0,0,1,0,1,0,0
299936,Medical treatment,2016,0,Head-on,Multi-Vehicle,153.021624,-27.512496,Fairfield Rd,Venner Rd,Fairfield,Yeerongpilly,Intersection - Roundabout,No traffic control,60 km/h,Sealed - Dry,Darkness - Lighted,Straight,Veh'S Adjacent Approach: Thru-Right,Intersection from adjacent approaches,0,0,2,0,2,2,0,0,0,0,0,0
299939,Medical treatment,2016,22,Hit object,Single Vehicle,153.002862,-27.640566,Logan Mwy,,Larapinta,Algester,No Roadway Feature,No traffic control,100 - 110 km/h,Sealed - Dry,Darkness - Not lighted,Straight,Off Path-Straight:Out Of Control On Cway,Out of control on straight,0,0,1,0,1,1,0,0,0,0,0,0
299941,Hospitalisation,2016,0,Hit object,Single Vehicle,153.011889,-27.5442006,De Hayr St,,Rocklea,Yeerongpilly,No Roadway Feature,No traffic control,0 - 50 km/h,Sealed - Dry,Darkness - Lighted,Curved - view open,Off Path-Curve: Off Cway Rt Bend Hit Obj,Off carriageway on curve hit object,0,1,0,0,1,0,1,0,0,0,0,0
299942,Medical treatment,2016,15,Rear-end,Multi-Vehicle,153.165355,-27.481888,Greencamp Rd,Tilley Rd,Wakerley,Chatsworth,Intersection - T-Junction,Stop sign,60 km/h,Sealed - Dry,Daylight,Straight,Veh'S Same Direction: Left Rear,Rear-end,0,0,1,0,1,1,0,0,1,0,0,0
300011,Hospitalisation,2016,9,Rear-end,Multi-Vehicle,152.940178,-27.558292,Western Arterial Rd,,Sinnamon Park,Mount Ommaney,Intersection - Interchange,No traffic control,100 - 110 km/h,Sealed - Dry,Daylight,Curved - view open,Veh'S Same Direction: Rear End,Rear-end,0,1,1,0,2,2,0,0,0,0,0,1
300012,Medical treatment,2016,8,Angle,Multi-Vehicle,153.033513,-27.514269,Lothian St,Waterton St,Annerley,Yeerongpilly,Intersection - Cross,Give way sign,60 km/h,Sealed - Dry,Daylight,Straight,Veh'S Adjacent Approach: Thru-Right,Intersection from adjacent approaches,0,0,2,0,2,2,0,0,0,0,0,0
300014,Minor injury,2016,16,Angle,Multi-Vehicle,153.053952,-27.497398,Fifth Ave,Old Cleveland Rd,Coorparoo,South Brisbane,Intersection - Cross,Operating traffic lights,60 km/h,Sealed - Dry,Daylight,Straight,Veh'S Adjacent Approach: Thru-Thru,Intersection from adjacent approaches,0,0,0,1,1,2,0,0,0,0,0,0
300017,Hospitalisation,2016,19,Rear-end,Multi-Vehicle,153.118363,-27.54506164,Redland Sub-Arterial Rd,,Mackenzie,Mansfield,No Roadway Feature,No traffic control,60 km/h,Sealed - Dry,Darkness - Lighted,Straight,Veh'S Same Direction: Lane Change Right,Lane changes,0,1,0,0,1,1,1,0,0,0,0,0
300039,Hospitalisation,2016,12,Hit object,Single Vehicle,153.0181949,-27.59544568,Watson Rd,,Acacia Ridge,Sunnybank,No Roadway Feature,No traffic control,60 km/h,Sealed - Dry,Daylight,Straight,Off Path-Straight: Mounts Traffic Island,Off carriageway on straight hit object,0,1,0,0,1,1,0,0,0,0,0,0
300044,Hospitalisation,2016,11,Hit pedestrian,Hit pedestrian,153.0179034,-27.53072891,Ipswich Rd,,Moorooka,Yeerongpilly,No Roadway Feature,No traffic control,60 km/h,Sealed - Dry,Daylight,Straight,Ped'N: Hit Other,Other,0,1,0,0,1,0,0,1,0,0,1,0
300045,Medical treatment,2016,7,Hit parked vehicle,Single Vehicle,153.0198225,-27.48462787,Gladstone Rd,,Highgate Hill,South Brisbane,No Roadway Feature,No traffic control,60 km/h,Sealed - Dry,Daylight,Straight,Veh'S Manoeuvring: Other,Other,0,0,1,0,1,1,0,0,0,1,0,0
300046,Hospitalisation,2016,15,Hit object,Single Vehicle,153.024604,-27.482609,Grey St,Vulture St,South Brisbane,South Brisbane,Intersection - T-Junction,Operating traffic lights,60 km/h,Sealed - Dry,Daylight,Curved - view open,Off Path-Curve: Off Cway Rt Bend Hit Obj,Off carriageway on curve hit object,0,1,0,0,1,1,0,0,0,0,0,0
300047,Medical treatment,2016,18,Angle,Multi-Vehicle,153.033699,-27.488263,Hawthorne St,,Woolloongabba,South Brisbane,No Roadway Feature,No traffic control,60 km/h,Sealed - Dry,Darkness - Lighted,Straight,Veh'S Overtaking: Overtake-Right Turn,Overtaking same direction,0,0,2,0,2,2,0,0,0,0,0,0
300076,Medical treatment,2016,15,Rear-end,Multi-Vehicle,153.0640637,-27.61130073,Compton Rd,,Stretton,Stretton,No Roadway Feature,No traffic control,60 km/h,Sealed - Dry,Daylight,Straight,Veh'S Same Direction: Rear End,Rear-end,0,0,1,0,1,2,0,0,0,0,0,0
300077,Medical treatment,2016,20,Rear-end,Multi-Vehicle,153.020481,-27.642989,Logan Mwy,,Parkinson,Algester,No Roadway Feature,No traffic control,60 km/h,Sealed - Dry,Darkness - Not lighted,Straight,Veh'S Same Direction: Rear End,Rear-end,0,0,1,0,1,1,0,1,0,0,0,0
300082,Medical treatment,2016,11,Rear-end,Multi-Vehicle,153.055241,-27.525961,Bapaume Rd,Marshall Rd,Tarragindi,Yeerongpilly,Intersection - T-Junction,No traffic control,60 km/h,Sealed - Dry,Daylight,Straight,Veh'S Same Direction: Left Rear,Rear-end,0,0,1,0,1,1,0,1,0,0,0,0
300083,Medical treatment,2016,15,Rear-end,Multi-Vehicle,153.110262,-27.592338,South East Arterial Rd,,Rochedale,Mansfield,No Roadway Feature,No traffic control,100 - 110 km/h,Sealed - Dry,Daylight,Straight,Veh'S Same Direction: Rear End,Rear-end,0,0,1,0,1,3,0,0,0,0,0,0
300084,Hospitalisation,2016,7,Hit parked vehicle,Single Vehicle,153.020649,-27.477382,Glenelg St,Grey St,South Brisbane,South Brisbane,Intersection - Cross,Operating traffic lights,0 - 50 km/h,Sealed - Dry,Daylight,Straight,Veh'S On Path: Car Door,Hit parked vehicle,0,1,0,0,1,0,0,1,0,1,0,0
300085,Hospitalisation,2016,4,Hit object,Single Vehicle,153.173401,-27.465096,Manly Rd,,Manly West,Lytton,No Roadway Feature,No traffic control,60 km/h,Sealed - Dry,Daylight,Straight,Off Path-Straight: Left Off Cway Hit Obj,Off carriageway on straight hit object,0,1,1,0,2,1,0,0,0,0,0,0
300092,Medical treatment,2016,12,Sideswipe,Multi-Vehicle,153.1257256,-27.51351462,Gateway Arterial Rd,,Belmont,Chatsworth,No Roadway Feature,No traffic control,100 - 110 km/h,Sealed - Dry,Daylight,Straight,Veh'S Same Direction: Lane Change Left,Lane changes,0,0,1,0,1,1,0,2,0,0,0,0
300119,Medical treatment,2016,17,Rear-end,Multi-Vehicle,153.0569445,-27.63952169,Gowan Rd,,Stretton,Stretton,No Roadway Feature,No traffic control,60 km/h,Sealed - Dry,Daylight,Straight,Veh'S Same Direction: Rear End,Rear-end,0,0,1,0,1,3,0,0,0,0,0,0
300120,Hospitalisation,2016,23,Angle,Multi-Vehicle,153.017791,-27.515936,Fairfield Rd,Kadumba St,Yeronga,Yeerongpilly,Intersection - T-Junction,Operating traffic lights,60 km/h,Sealed - Dry,Darkness - Lighted,Straight,Veh'S Opposite Approach: Thru-Right,Opposing vehicles turning,0,1,0,0,1,2,0,0,0,0,0,0
300123,Hospitalisation,2016,17,Angle,Multi-Vehicle,152.950601,-27.612642,Bagnall St,Waterford Rd,Ellen Grove,Inala,Intersection - T-Junction,No traffic control,60 km/h,Sealed - Dry,Daylight,Straight,Veh'S Adjacent Approach: Thru-Right,Intersection from adjacent approaches,0,1,0,0,1,1,0,0,0,1,0,0
300124,Medical treatment,2016,11,Rear-end,Multi-Vehicle,153.045812,-27.479557,Lytton Rd,Northcote St,East Brisbane,South Brisbane,Intersection - T-Junction,No traffic control,60 km/h,Sealed - Dry,Daylight,Straight,Veh'S Same Direction: Rear End,Rear-end,0,0,2,0,2,2,0,0,0,0,0,0
300127,Hospitalisation,2016,8,Angle,Multi-Vehicle,153.145917,-27.544152,Mt Gravatt - Capalaba Rd,,Burbank,Mansfield,No Roadway Feature,No traffic control,80 - 90 km/h,Sealed - Dry,Daylight,Curved - view open,Veh'S Manoeuvring: Entering From Footway,Vehicle leaving driveway,0,1,0,0,1,1,1,0,0,0,0,0
300153,Hospitalisation,2016,15,Rear-end,Multi-Vehicle,153.051458,-27.611272,Compton Rd,Mt Lindesay Art. Rd,Calamvale,Stretton,Intersection - T-Junction,Give way sign,60 km/h,Sealed - Dry,Daylight,Straight,Veh'S Same Direction: Left Rear,Rear-end,0,1,0,0,1,2,0,0,0,0,0,0
300156,Minor injury,2016,13,Rear-end,Multi-Vehicle,152.93537,-27.559898,Dandenong Rd,Sumners Rd,Jamboree Heights,Mount Ommaney,Intersection - T-Junction,Operating traffic lights,60 km/h,Sealed - Dry,Daylight,Straight,Veh'S Same Direction: Right Rear,Rear-end,0,0,0,2,2,2,0,0,0,0,0,0
300157,Hospitalisation,2016,14,Angle,Multi-Vehicle,152.943449,-27.54866,Glen Ross Rd,Wanata St,Sinnamon Park,Mount Ommaney,Intersection - T-Junction,No traffic control,60 km/h,Sealed - Dry,Daylight,Curved - view open,Veh'S Same Direction: Left Turn S/Swipe,Parallel lanes turning,0,1,0,0,1,1,1,0,0,0,0,0
300160,Hospitalisation,2016,6,Rear-end,Multi-Vehicle,153.116334,-27.545244,Mt Gravatt - Capalaba Rd,Redland Sub-Arterial Rd,Wishart,Mansfield,Intersection - Interchange,Give way sign,60 km/h,Sealed - Dry,Daylight,Straight,Veh'S Same Direction: Left Rear,Rear-end,0,1,0,0,1,2,1,0,0,0,0,0
300161,Hospitalisation,2016,0,Angle,Multi-Vehicle,153.04017,-27.485183,Vulture St,Wellington Rd,East Brisbane,South Brisbane,Intersection - Cross,Operating traffic lights,60 km/h,Sealed - Dry,Darkness - Lighted,Straight,Veh'S Adjacent Approach: Thru-Thru,Intersection from adjacent approaches,0,2,0,0,2,2,0,0,0,0,0,0
300162,Hospitalisation,2016,2,Hit object,Single Vehicle,153.129441,-27.47496,Belmont Rd,Manly Rd,Tingalpa,Chatsworth,Intersection - Cross,Operating traffic lights,60 km/h,Sealed - Dry,Darkness - Lighted,Curved - view open,Off Path-Curve: Off Cway Rt Bend Hit Obj,Off carriageway on curve hit object,0,1,0,0,1,1,0,0,0,0,0,0
300184,Hospitalisation,2016,17,Angle,Multi-Vehicle,153.053369,-27.59165,Cedrus St,Greenleaf St,Sunnybank Hills,Sunnybank,Intersection - T-Junction,No traffic control,60 km/h,Sealed - Dry,Daylight,Straight,Veh'S Opposite Approach: Thru-Right,Opposing vehicles turning,0,1,0,0,1,1,1,0,0,0,0,0
300185,Hospitalisation,2016,10,Hit pedestrian,Hit pedestrian,153.104891,-27.511583,Meadowbank St,Stanmere St,Carindale,Chatsworth,No Roadway Feature,No traffic control,60 km/h,Sealed - Dry,Daylight,Curved - view open,Veh'S Manoeuvring: Other,Other,0,1,0,0,1,2,0,0,0,0,1,0
300211,Medical treatment,2016,7,Angle,Multi-Vehicle,153.090019,-27.486806,Florence St,Hendren St,Carina,Chatsworth,Intersection - Cross,Give way sign,0 - 50 km/h,Sealed - Dry,Daylight,Straight,Veh'S Adjacent Approach: Thru-Thru,Intersection from adjacent approaches,0,0,2,0,2,2,0,0,0,0,0,0
300213,Minor injury,2016,10,Sideswipe,Multi-Vehicle,153.04662,-27.505341,Bunya St,Juliette St,Greenslopes,South Brisbane,Intersection - T-Junction,No traffic control,60 km/h,Sealed - Dry,Daylight,Straight,Veh'S Same Direction: Lane Change Left,Lane changes,0,0,0,1,1,2,0,0,0,0,0,0
300216,Medical treatment,2016,7,Rear-end,Multi-Vehicle,153.090814,-27.457976,Barrack Rd,Lytton Rd,Murarrie,Bulimba,Intersection - T-Junction,Give way sign,60 km/h,Sealed - Dry,Daylight,Curved - view open,Veh'S Same Direction: Left Rear,Rear-end,0,0,1,0,1,2,0,0,0,0,0,0
300217,Hospitalisation,2016,16,Hit parked vehicle,Single Vehicle,153.063538,-27.462118,Orchard St,Riding Rd,Balmoral,Bulimba,Intersection - T-Junction,No traffic control,60 km/h,Sealed - Wet,Daylight,Straight,Veh'S On Path: Car Door,Hit parked vehicle,0,1,0,0,1,1,0,0,0,1,0,0
300219,Medical treatment,2016,10,Sideswipe,Multi-Vehicle,153.09187,-27.599796,Gateway Arterial Rd,,Runcorn,Stretton,No Roadway Feature,No traffic control,100 - 110 km/h,Sealed - Dry,Daylight,Curved - view open,Veh'S Same Direction: Lane Side Swipe,Lane changes,0,0,1,0,1,2,0,0,0,0,0,0
300220,Minor injury,2016,6,Fall from vehicle,Single Vehicle,153.122077,-27.4746943,Wynnum Rd,,Tingalpa,Chatsworth,No Roadway Feature,No traffic control,60 km/h,Sealed - Dry,Daylight,Straight,Off Path-Straight:Out Of Control On Cway,Out of control on straight,0,0,0,1,1,1,1,0,0,0,0,0
300221,Medical treatment,2016,18,Rear-end,Multi-Vehicle,153.1576963,-27.44283311,Wynnum North Rd,,Wynnum West,Lytton,No Roadway Feature,No traffic control,60 km/h,Sealed - Wet,Dawn/Dusk,Straight,Veh'S Same Direction: Rear End,Rear-end,0,0,1,0,1,2,0,1,0,0,0,0
300255,Hospitalisation,2016,12,Angle,Multi-Vehicle,153.124246,-27.502704,Cleveland Sub-Arterial Rd,Gateway Art Rd Ramp Va,Belmont,Chatsworth,Intersection - Interchange,Operating traffic lights,60 km/h,Sealed - Dry,Daylight,Straight,Veh'S Adjacent Approach: Right-Thru,Intersection from adjacent approaches,0,1,0,0,1,1,0,1,0,0,0,0
300257,Minor injury,2016,18,Angle,Multi-Vehicle,153.039895,-27.501792,Marquis St,,Greenslopes,South Brisbane,Intersection - Interchange,Operating traffic lights,60 km/h,Sealed - Dry,Dawn/Dusk,Straight,Veh'S Adjacent Approach: Thru-Thru,Intersection from adjacent approaches,0,0,0,1,1,2,0,0,0,0,0,0
300258,Medical treatment,2016,15,Hit object,Single Vehicle,152.971719,-27.606772,Lorikeet St,Partridge St,Inala,Inala,Intersection - T-Junction,Give way sign,60 km/h,Sealed - Dry,Daylight,Straight,Off Path-Straight: Left Off Cway Hit Obj,Off carriageway on straight hit object,0,0,1,0,1,1,0,0,0,0,0,1
300260,Medical treatment,2016,15,Rear-end,Multi-Vehicle,153.11767,-27.544964,Gateway Art Rd Ramp Xh,Redland Sub-Arterial Rd,Mackenzie,Mansfield,Intersection - Cross,Operating traffic lights,60 km/h,Sealed - Dry,Daylight,Straight,Veh'S Same Direction: Rear End,Rear-end,0,0,1,0,1,2,0,0,0,0,0,0