Crash_Ref_Number,Severity,Year,Hour,Crash_Nature,Crash_Type,Longitude,Latitude,Street,Street_Intersecting,Suburb,Loc_State_Electorate,Crash_Roadway_Feature,Crash_Traffic_Control,Crash_Speed_Limit,Crash_Road_Surface_Condition,Crash_Lighting_Condition,Crash_Road_Horiz_Align,Crash_DCA_Description,Crash_DCA_Group_Description,Count_Casualty_Fatality,Count_Casualty_Hospitalised,Count_Casualty_MedicallyTreated,Count_Casualty_MinorInjury,Count_Casualty_Total,Count_Unit_Car,Count_Unit_Motorcycle_Moped,Count_Unit_Truck,Count_Unit_Bus,Count_Unit_Bicycle,Count_Unit_Pedestrian,Count_Unit_Other
300261,Medical treatment,2016,14,Rear-end,Multi-Vehicle,153.03323,-27.4810554,River Tce,,Kangaroo Point,South Brisbane,No Roadway Feature,No traffic control,0 - 50 km/h,Sealed - Dry,Daylight,Straight,Veh'S Same Direction: Rear End,Rear-end,0,0,2,0,2,1,0,0,0,0,0,1
300278,Medical treatment,2016,15,Hit pedestrian,Hit pedestrian,152.936574,-27.530032,Burrendah Rd,,Jindalee,Mount Ommaney,No Roadway Feature,No traffic control,0 - 50 km/h,Sealed - Dry,Daylight,Straight,Ped'N: Near Side Vehicle Hit From Right,Pedestrian,0,0,1,0,1,1,0,0,0,0,1,0
300280,Hospitalisation,2016,8,Angle,Multi-Vehicle,153.041125,-27.501964,Cornwall St,Earl St,Greenslopes,South Brisbane,Intersection - Cross,Operating traffic lights,60 km/h,Sealed - Wet,Daylight,Straight,Veh'S Opposite Approach: Thru-Right,Opposing vehicles turning,0,1,0,0,1,1,0,0,0,1,0,0
300282,Hospitalisation,2016,13,Head-on,Multi-Vehicle,152.996737,-27.59322,King Ave,,Durack,Sunnybank,No Roadway Feature,No traffic control,70 km/h,Sealed - Dry,Daylight,Straight,Veh'S Opposite Approach: Head On,Head-on,0,2,0,0,2,2,0,0,0,0,0,0
300284,Minor injury,2016,13,Hit parked vehicle,Single Vehicle,153.061134,-27.45646,Carr St,,Bulimba,Bulimba,No Roadway Feature,No traffic control,0 - 50 km/h,Sealed - Dry,Daylight,Straight,Veh'S On Path: Parked,Hit parked vehicle,0,0,0,1,1,2,0,0,0,0,0,0
300285,Hospitalisation,2016,7,Angle,Multi-Vehicle,153.104667,-27.465281,Murarrie Rd,Queensport Rd,Murarrie,Bulimba,Intersection - T-Junction,No traffic control,60 km/h,Sealed - Dry,Daylight,Curved - view open,Veh'S Same Direction: Lane Side Swipe,Lane changes,0,1,0,0,1,1,0,0,0,1,0,0
300286,Minor injury,2016,9,Angle,Multi-Vehicle,153.001839,-27.537226,Martin Taylor Dr,,Rocklea,Yeerongpilly,No Roadway Feature,No traffic control,0 - 50 km/h,Sealed - Dry,Daylight,Straight,Veh'S Manoeuvring: Other,Other,0,0,0,1,1,1,0,1,0,0,0,0
300287,Medical treatment,2016,13,Angle,Multi-Vehicle,152.997271,-27.535488,Sherwood Rd,,Rocklea,Yeerongpilly,No Roadway Feature,Operating traffic lights,60 km/h,Sealed - Dry,Daylight,Straight,Veh'S Opposite Approach: Thru-Right,Opposing vehicles turning,0,0,1,0,1,1,0,1,0,0,0,0
300288,Medical treatment,2016,13,Rear-end,Multi-Vehicle,153.065956,-27.561044,Griffith Arterial Rd,Mains Rd,Macgregor,Sunnybank,Intersection - Cross,Operating traffic lights,60 km/h,Sealed - Dry,Daylight,Curved - view open,Veh'S Same Direction: Right Rear,Rear-end,0,0,1,0,1,2,0,0,0,0,0,0
300289,Hospitalisation,2016,5,Hit parked vehicle,Single Vehicle,153.000598,-27.487535,Gray Rd,Montague Rd,West End,South Brisbane,No Roadway Feature,No traffic control,60 km/h,Sealed - Dry,Daylight,Straight,Veh'S Manoeuvring: Other,Other,0,2,0,0,2,1,0,0,0,2,0,0
300290,Hospitalisation,2016,2,Angle,Multi-Vehicle,153.140682,-27.466501,Bognor St,Wynnum Rd,Tingalpa,Lytton,Intersection - T-Junction,Operating traffic lights,60 km/h,Sealed - Dry,Daylight,Straight,Veh'S Adjacent Approach: Thru-Right,Intersection from adjacent approaches,0,2,1,0,3,3,0,0,0,0,0,0
300291,Medical treatment,2016,13,Hit object,Single Vehicle,153.141652,-27.475663,Manly Rd,,Wakerley,Chatsworth,No Roadway Feature,No traffic control,60 km/h,Sealed - Dry,Daylight,Straight,Off Path-Straight: Left Off Cway Hit Obj,Off carriageway on straight hit object,0,0,1,0,1,1,0,0,0,0,0,0
300292,Medical treatment,2016,15,Rear-end,Multi-Vehicle,153.1551,-27.469202,Kianawah Rd S,,Manly West,Lytton,No Roadway Feature,No traffic control,60 km/h,Sealed - Dry,Daylight,Curved - view open,Veh'S Same Direction: Rear End,Rear-end,0,0,1,1,2,2,0,0,0,0,0,0
300293,Medical treatment,2016,18,Sideswipe,Multi-Vehicle,153.134376,-27.470413,Hemmant Tingalpa Rd,Wynnum Rd,Tingalpa,Chatsworth,Intersection - T-Junction,No traffic control,80 - 90 km/h,Sealed - Dry,Dawn/Dusk,Straight,Veh'S Adjacant Approach: Thru-Left,Intersection from adjacent approaches,0,0,1,0,1,1,0,0,0,1,0,0
300328,Medical treatment,2016,10,Angle,Multi-Vehicle,153.03468,-27.618512,Ormskirk St,,Calamvale,Stretton,Intersection - T-Junction,Give way sign,60 km/h,Sealed - Dry,Daylight,Straight,Veh'S Adjacent Approach: Thru-Right,Intersection from adjacent approaches,0,0,1,0,1,2,0,0,0,0,0,0
300329,Medical treatment,2016,16,Rear-end,Multi-Vehicle,153.0203,-27.5586,Griffith Arterial Rd,Mt Lindesay Art. Rd,Archerfield,Sunnybank,Intersection - T-Junction,Give way sign,60 km/h,Sealed - Dry,Daylight,Straight,Veh'S Same Direction: Left Rear,Rear-end,0,0,1,0,1,2,0,0,0,0,0,0
300333,Medical treatment,2016,16,Rear-end,Multi-Vehicle,152.987874,-27.598919,Blunder Rd,,Durack,Sunnybank,No Roadway Feature,No traffic control,70 km/h,Sealed - Dry,Darkness - Lighted,Straight,Veh'S Same Direction: Rear End,Rear-end,0,0,3,0,3,3,0,0,0,0,0,0
300334,Medical treatment,2016,7,Sideswipe,Multi-Vehicle,153.063577,-27.470407,Wynnum Rd,,Norman Park,Bulimba,No Roadway Feature,No traffic control,60 km/h,Sealed - Dry,Daylight,Straight,Veh'S Same Direction: Lane Change Right,Lane changes,0,0,1,0,1,1,1,0,0,0,0,0
300335,Medical treatment,2016,9,Hit pedestrian,Hit pedestrian,152.975817,-27.52175,Bank Rd,,Graceville,Indooroopilly,No Roadway Feature,No traffic control,0 - 50 km/h,Sealed - Dry,Daylight,Straight,Ped'N: Hit Other,Other,0,0,1,0,1,1,0,0,0,0,1,0
300336,Medical treatment,2016,8,Rear-end,Multi-Vehicle,153.0917292,-27.57508913,Logan Sub-Arterial Rd,,Eight Mile Plains,Sunnybank,No Roadway Feature,No traffic control,60 km/h,Sealed - Dry,Daylight,Straight,Veh'S Same Direction: Rear End,Rear-end,0,0,1,0,1,2,0,0,0,0,0,0
300337,Medical treatment,2016,18,Angle,Multi-Vehicle,153.038387,-27.49699,South East Arterial Rd,,Woolloongabba,South Brisbane,No Roadway Feature,No traffic control,80 - 90 km/h,Sealed - Dry,Darkness - Lighted,Straight,Veh'S Same Direction: Lane Change Right,Lane changes,0,0,2,0,2,4,0,0,0,0,0,0
300366,Medical treatment,2016,15,Rear-end,Multi-Vehicle,153.051387,-27.612515,Mt Lindesay Art. Rd,,Calamvale,Stretton,No Roadway Feature,No traffic control,80 - 90 km/h,Sealed - Dry,Daylight,Curved - view open,Veh'S Same Direction: Rear End,Rear-end,0,0,1,0,1,3,0,0,0,0,0,0
300368,Hospitalisation,2016,22,Angle,Multi-Vehicle,153.031414,-27.512444,Ekibin Rd,Ipswich Rd,Annerley,Yeerongpilly,Intersection - T-Junction,Operating traffic lights,60 km/h,Sealed - Dry,Darkness - Lighted,Straight,Veh'S Same Direction: Right Turn S/Swipe,Parallel lanes turning,0,1,0,0,1,2,0,0,0,0,0,0
300369,Minor injury,2016,18,Rear-end,Multi-Vehicle,153.030855,-27.513882,Ipswich Rd,Venner Rd,Annerley,Yeerongpilly,Intersection - Cross,Operating traffic lights,60 km/h,Sealed - Dry,Dawn/Dusk,Straight,Veh'S Same Direction: Rear End,Rear-end,0,0,0,1,1,1,0,1,0,0,0,0
300375,Medical treatment,2016,17,Rear-end,Multi-Vehicle,153.063553,-27.471715,Bennetts Rd,Wynnum Rd,Norman Park,Bulimba,Intersection - T-Junction,No traffic control,60 km/h,Sealed - Dry,Daylight,Straight,Veh'S Same Direction: Rear End,Rear-end,0,0,1,0,1,2,0,0,0,0,0,0
300380,Hospitalisation,2016,15,Angle,Multi-Vehicle,153.18247,-27.516206,Cleveland Sub-Arterial Rd,Tinchborne St,Chandler,Chatsworth,Intersection - Cross,No traffic control,70 km/h,Sealed - Wet,Daylight,Straight,Veh'S Opposite Approach: Thru-Right,Opposing vehicles turning,0,1,0,0,1,1,1,0,0,0,0,0
300381,Medical treatment,2016,12,Rear-end,Multi-Vehicle,153.181322,-27.515321,Cleveland Sub-Arterial Rd,,Chandler,Chatsworth,No Roadway Feature,No traffic control,70 km/h,Sealed - Dry,Daylight,Straight,Veh'S Same Direction: Rear End,Rear-end,0,0,1,0,1,3,0,0,0,0,0,0
300399,Medical treatment,2016,10,Sideswipe,Multi-Vehicle,153.043975,-27.504891,Ernest St,Juliette St,Greenslopes,South Brisbane,Intersection - T-Junction,No traffic control,0 - 50 km/h,Sealed - Dry,Daylight,Straight,Veh'S Same Direction: Right Turn S/Swipe,Parallel lanes turning,0,0,1,0,1,2,0,0,0,0,0,0
300400,Medical treatment,2016,11,Rear-end,Multi-Vehicle,153.097186,-27.517896,Creek Rd,,Mount Gravatt East,Mansfield,No Roadway Feature,No traffic control,70 km/h,Sealed - Dry,Daylight,Straight,Veh'S Same Direction: Rear End,Rear-end,0,0,2,0,2,4,0,0,0,0,0,0
300401,Hospitalisation,2016,13,Sideswipe,Multi-Vehicle,153.034426,-27.494778,Ipswich Rd,,Woolloongabba,South Brisbane,No Roadway Feature,No traffic control,60 km/h,Sealed - Dry,Daylight,Straight,Veh'S Same Direction: Lane Change Left,Lane changes,0,1,0,0,1,1,1,0,0,0,0,0
300402,Medical treatment,2016,11,Rear-end,Multi-Vehicle,153.036055,-27.488156,Ipswich Rd,,Woolloongabba,South Brisbane,No Roadway Feature,No traffic control,60 km/h,Sealed - Dry,Daylight,Straight,Veh'S Same Direction: Rear End,Rear-end,0,0,1,0,1,3,0,0,0,0,0,0
300424,Minor injury,2016,15,Rear-end,Multi-Vehicle,153.099016,-27.507837,Buzacott St,Creek Rd,Carina Heights,Chatsworth,Intersection - T-Junction,No traffic control,70 km/h,Sealed - Dry,Daylight,Straight,Veh'S Same Direction: Rear End,Rear-end,0,0,0,1,1,2,0,0,0,0,0,0
300426,Medical treatment,2016,9,Rear-end,Multi-Vehicle,153.093945,-27.531787,Creek Rd,Newnham Rd,Mount Gravatt East,Greenslopes,Intersection - Cross,Operating traffic lights,60 km/h,Sealed - Dry,Daylight,Straight,Veh'S Same Direction: Right Rear,Rear-end,0,0,1,0,1,1,1,0,0,0,0,0
300427,Hospitalisation,2016,9,Rear-end,Multi-Vehicle,153.081544,-27.543355,Logan Rd,,Mount Gravatt,Mansfield,No Roadway Feature,No traffic control,60 km/h,Sealed - Dry,Daylight,Straight,Veh'S Same Direction: Rear End,Rear-end,0,1,0,0,1,2,0,1,0,0,0,0
300428,Medical treatment,2016,12,Angle,Multi-Vehicle,153.026076,-27.565922,Meadow Ave,,Coopers Plains,Sunnybank,No Roadway Feature,No traffic control,60 km/h,Sealed - Dry,Daylight,Straight,Veh'S Overtaking: Overtake-Right Turn,Overtaking same direction,0,0,1,0,1,2,0,0,0,0,0,0
300430,Medical treatment,2016,8,Rear-end,Multi-Vehicle,153.051088,-27.577606,Eddington St,Lister St,Sunnybank,Sunnybank,Intersection - T-Junction,No traffic control,60 km/h,Sealed - Dry,Daylight,Straight,Veh'S Same Direction: Right Rear,Rear-end,0,0,1,0,1,2,0,0,0,0,0,0
300431,Hospitalisation,2016,5,Sideswipe,Multi-Vehicle,153.107153,-27.572176,Gateway Arterial Rd,,Rochedale,Mansfield,No Roadway Feature,No traffic control,100 - 110 km/h,Sealed - Dry,Daylight,Straight,Veh'S Same Direction: Lane Change Right,Lane changes,0,1,0,0,1,2,0,0,0,0,0,0
300432,Hospitalisation,2016,15,Rear-end,Multi-Vehicle,153.0185,-27.474333,Grey St,,South Brisbane,South Brisbane,No Roadway Feature,No traffic control,0 - 50 km/h,Sealed - Dry,Daylight,Straight,Veh'S Same Direction: Rear End,Rear-end,0,1,1,0,2,2,0,0,0,0,0,0
300433,Medical treatment,2016,11,Angle,Multi-Vehicle,153.048887,-27.488133,Edgar St,Stanley St East,East Brisbane,South Brisbane,Intersection - Cross,Give way sign,60 km/h,Sealed - Dry,Daylight,Straight,Veh'S Adjacent Approach: Right-Thru,Intersection from adjacent approaches,0,0,1,0,1,1,1,0,0,0,0,0
300434,Medical treatment,2016,20,Rear-end,Multi-Vehicle,153.0294911,-27.48359807,Vulture St,,South Brisbane,South Brisbane,No Roadway Feature,No traffic control,60 km/h,Sealed - Dry,Darkness - Lighted,Straight,Veh'S Same Direction: Rear End,Rear-end,0,0,1,0,1,2,0,0,0,0,0,0
300465,Minor injury,2016,6,Rear-end,Multi-Vehicle,152.988152,-27.650807,Johnson Rd,,Heathwood,Algester,No Roadway Feature,No traffic control,80 - 90 km/h,Sealed - Dry,Daylight,Straight,Veh'S Same Direction: Right Rear,Rear-end,0,0,0,1,1,2,0,0,0,0,0,0
300466,Medical treatment,2016,9,Angle,Multi-Vehicle,153.019166,-27.538792,Hamilton Rd,Tonks St,Moorooka,Yeerongpilly,Intersection - Cross,Give way sign,0 - 50 km/h,Sealed - Dry,Daylight,Straight,Veh'S Adjacent Approach: Thru-Thru,Intersection from adjacent approaches,0,0,1,0,1,2,0,0,0,0,0,0
300469,Hospitalisation,2016,19,Angle,Multi-Vehicle,153.01033,-27.476552,Bank St,Mollison St,South Brisbane,South Brisbane,Intersection - T-Junction,No traffic control,0 - 50 km/h,Sealed - Dry,Darkness - Lighted,Straight,Veh'S Opposite Approach: Thru-Right,Opposing vehicles turning,0,1,0,0,1,1,1,0,0,0,0,0
300470,Medical treatment,2016,16,Rear-end,Multi-Vehicle,153.0400737,-27.47791848,Shafston Ave,,Kangaroo Point,South Brisbane,No Roadway Feature,No traffic control,60 km/h,Sealed - Dry,Daylight,Straight,Veh'S Same Direction: Rear End,Rear-end,0,0,1,0,1,2,0,0,0,0,0,0
300471,Hospitalisation,2016,8,Angle,Multi-Vehicle,153.168751,-27.446131,Colina St,West Ave,Wynnum,Lytton,Intersection - Cross,Give way sign,60 km/h,Sealed - Dry,Daylight,Straight,Veh'S Adjacent Approach: Thru-Thru,Intersection from adjacent approaches,0,1,0,0,1,3,0,0,0,0,0,0
300500,Minor injury,2016,12,Angle,Multi-Vehicle,153.035703,-27.598419,Learoyd Rd,Mccotter St,Algester,Sunnybank,Intersection - Roundabout,Give way sign,60 km/h,Sealed - Dry,Daylight,Straight,Veh'S Adjacent Approach: Right-Thru,Intersection from adjacent approaches,0,0,0,1,1,2,0,0,0,0,0,0
300501,Medical treatment,2016,16,Rear-end,Multi-Vehicle,153.0247959,-27.51294887,Venner Rd,,Annerley,Yeerongpilly,No Roadway Feature,No traffic control,60 km/h,Sealed - Dry,Daylight,Straight,Veh'S Same Direction: Rear End,Rear-end,0,0,3,0,3,5,0,0,0,0,0,0
300506,Minor injury,2016,8,Rear-end,Multi-Vehicle,153.0713095,-27.52906185,Logan Rd,,Holland Park West,Greenslopes,No Roadway Feature,No traffic control,60 km/h,Sealed - Dry,Daylight,Straight,Veh'S Same Direction: Rear End,Rear-end,0,0,0,1,1,2,0,0,0,0,0,0
300507,Hospitalisation,2016,19,Sideswipe,Multi-Vehicle,153.015283,-27.53441,Gainsborough St,Ipswich Rd,Moorooka,Yeerongpilly,Intersection - T-Junction,No traffic control,60 km/h,Sealed - Dry,Darkness - Lighted,Straight,Veh'S Same Direction: Right Turn S/Swipe,Parallel lanes turning,0,1,0,0,1,2,0,0,0,0,0,0
300508,Hospitalisation,2016,6,Angle,Multi-Vehicle,153.062195,-27.483091,Adina St,Crown St,Norman Park,Greenslopes,Intersection - Cross,No traffic control,60 km/h,Sealed - Dry,Daylight,Curved - view open,Veh'S Opposite Approach: Thru-Right,Opposing vehicles turning,0,1,0,0,1,1,0,0,0,1,0,0
300509,Medical treatment,2016,10,Angle,Multi-Vehicle,153.063508,-27.471872,Bennetts Rd,Wynnum Rd,Norman Park,Bulimba,Intersection - T-Junction,Operating traffic lights,60 km/h,Sealed - Dry,Daylight,Curved - view open,Veh'S Adjacant Approach: Thru-Left,Intersection from adjacent approaches,0,0,1,0,1,1,0,0,0,1,0,0
300510,Medical treatment,2016,16,Rear-end,Multi-Vehicle,153.119305,-27.482195,Gateway Arterial Rd,,Tingalpa,Chatsworth,No Roadway Feature,No traffic control,100 - 110 km/h,Sealed - Dry,Daylight,Straight,Veh'S Same Direction: Rear End,Rear-end,0,0,1,0,1,3,0,0,0,0,0,0
300547,Medical treatment,2016,10,Angle,Multi-Vehicle,153.058141,-27.505453,Chatsworth Rd,Lade St,Coorparoo,Greenslopes,Intersection - T-Junction,Give way sign,60 km/h,Sealed - Dry,Daylight,Straight,Veh'S Adjacent Approach: Thru-Right,Intersection from adjacent approaches,0,0,1,0,1,2,0,0,0,0,0,0
300550,Hospitalisation,2016,13,Fall from vehicle,Single Vehicle,153.05794,-27.532758,South East Arterial Rd,,Holland Park West,Greenslopes,No Roadway Feature,No traffic control,100 - 110 km/h,Sealed - Dry,Daylight,Straight,Off Path-Straight: Right Off Cway,Off carriageway on straight,0,1,0,0,1,0,1,0,0,0,0,0
300551,Minor injury,2016,17,Sideswipe,Multi-Vehicle,153.0115209,-27.54179934,Fairfield Rd,,Rocklea,Yeerongpilly,No Roadway Feature,No traffic control,60 km/h,Sealed - Dry,Daylight,Straight,Veh'S Same Direction: Lane Change Right,Lane changes,0,0,0,2,2,2,0,0,0,0,0,0
300552,Hospitalisation,2016,21,Head-on,Multi-Vehicle,153.109064,-27.463732,Goodman Pl,,Murarrie,Bulimba,No Roadway Feature,No traffic control,0 - 50 km/h,Sealed - Wet,Darkness - Not lighted,Curved - view obscured,Veh'S Opposite Approach: Head On,Head-on,0,2,0,0,2,1,0,1,0,0,0,0
300553,Hospitalisation,2016,20,Rear-end,Multi-Vehicle,153.118807,-27.538324,Gateway Arterial Rd,,Mackenzie,Mansfield,No Roadway Feature,No traffic control,100 - 110 km/h,Sealed - Dry,Darkness - Lighted,Straight,Veh'S Same Direction: Rear End,Rear-end,0,1,0,0,1,2,0,0,0,0,0,0
300554,Hospitalisation,2016,15,Angle,Multi-Vehicle,153.038251,-27.497364,Carl St,O'Keefe St,Woolloongabba,South Brisbane,Intersection - T-Junction,Stop sign,60 km/h,Sealed - Dry,Daylight,Straight,Veh'S Adjacent Approach: Thru-Thru,Intersection from adjacent approaches,0,1,0,0,1,2,0,0,0,0,0,0
300590,Medical treatment,2016,16,Rear-end,Multi-Vehicle,152.97925,-27.56655,Cunningham Arterial Rd,,Oxley,Inala,No Roadway Feature,No traffic control,80 - 90 km/h,Sealed - Dry,Daylight,Straight,Veh'S Same Direction: Rear End,Rear-end,0,0,3,0,3,3,0,0,0,0,0,0
300591,Medical treatment,2016,14,Angle,Multi-Vehicle,153.042757,-27.597981,Hellawell Rd,,Sunnybank Hills,Stretton,No Roadway Feature,No traffic control,60 km/h,Sealed - Dry,Daylight,Straight,Veh'S Overtaking: Overtake-Right Turn,Overtaking same direction,0,0,1,0,1,1,0,1,0,0,0,0
300593,Hospitalisation,2016,16,Angle,Multi-Vehicle,153.1028369,-27.49150103,Meadowlands Rd,,Carina,Bulimba,No Roadway Feature,No traffic control,60 km/h,Sealed - Dry,Daylight,Straight,Veh'S Opposite Approach: Thru-Right,Opposing vehicles turning,0,1,0,0,1,0,1,0,1,0,0,0
300595,Medical treatment,2016,17,Angle,Multi-Vehicle,153.0200353,-27.52838781,Ipswich Rd,,Moorooka,Yeerongpilly,No Roadway Feature,No traffic control,60 km/h,Sealed - Dry,Daylight,Straight,Veh'S Manoeuvring: Leaving Driveway,Vehicle leaving driveway,0,0,1,0,1,1,0,0,0,1,0,0
300596,Hospitalisation,2016,15,Hit object,Single Vehicle,153.096293,-27.478085,Creek Rd,,Cannon Hill,Bulimba,No Roadway Feature,No traffic control,60 km/h,Sealed - Dry,Daylight,Curved - view open,Off Path-Curve: Off Cway Rt Bend Hit Obj,Off carriageway on curve hit object,0,1,0,0,1,0,1,0,0,0,0,0
300597,Medical treatment,2016,6,Rear-end,Multi-Vehicle,153.062578,-27.452185,Riding Rd,,Balmoral,Bulimba,No Roadway Feature,No traffic control,60 km/h,Sealed - Dry,Daylight,Straight,Veh'S Same Direction: Rear End,Rear-end,0,0,1,0,1,2,0,0,0,0,0,0
300599,Hospitalisation,2016,9,Hit object,Single Vehicle,153.010875,-27.542711,Medway St,,Rocklea,Yeerongpilly,No Roadway Feature,No traffic control,0 - 50 km/h,Sealed - Dry,Daylight,Straight,Ped'N: Hit Other,Other,0,1,0,0,1,1,0,0,0,0,1,0
300600,Medical treatment,2016,19,Sideswipe,Multi-Vehicle,153.005711,-27.557659,Cunningham Arterial Rd,Ipswich Mwy,Rocklea,Sunnybank,Intersection - Interchange,No traffic control,80 - 90 km/h,Sealed - Dry,Darkness - Lighted,Straight,Veh'S Same Direction: Lane Change Left,Lane changes,0,0,1,0,1,1,0,1,0,0,0,0
300601,Hospitalisation,2016,17,Sideswipe,Multi-Vehicle,153.035659,-27.4755228,Main St,,Kangaroo Point,South Brisbane,No Roadway Feature,No traffic control,60 km/h,Sealed - Dry,Daylight,Straight,Veh'S Same Direction: Lane Change Right,Lane changes,0,1,0,0,1,1,1,0,0,0,0,0
300628,Minor injury,2016,19,Sideswipe,Multi-Vehicle,152.9076404,-27.558658,Juba St,,Riverhills,Mount Ommaney,No Roadway Feature,No traffic control,60 km/h,Sealed - Dry,Darkness - Lighted,Straight,Veh'S Opposite Approach: Other,Other,0,0,0,1,1,2,0,0,0,0,0,0
300629,Hospitalisation,2016,13,Sideswipe,Multi-Vehicle,152.933185,-27.582708,Cunningham Arterial Rd,,Wacol,Inala,No Roadway Feature,No traffic control,100 - 110 km/h,Sealed - Dry,Daylight,Straight,Veh'S Same Direction: Lane Change Right,Lane changes,0,3,0,0,3,3,0,0,0,0,0,0
300630,Medical treatment,2016,20,Hit pedestrian,Hit pedestrian,153.056275,-27.591413,Ravenala St,Wynne St,Sunnybank Hills,Sunnybank,Intersection - T-Junction,Give way sign,60 km/h,Sealed - Dry,Darkness - Lighted,Straight,Ped'N: Far Side Vehicle Hit From Left,Pedestrian,0,0,1,0,1,1,0,0,0,0,1,0
300631,Hospitalisation,2016,22,Hit object,Single Vehicle,152.964922,-27.595716,Poinciana St,,Inala,Inala,No Roadway Feature,No traffic control,0 - 50 km/h,Sealed - Wet,Darkness - Lighted,Straight,Off Path-Straight:Out Of Control On Cway,Out of control on straight,0,1,0,0,1,1,0,0,0,0,0,0
300633,Hospitalisation,2016,7,Hit object,Single Vehicle,153.07037,-27.56860479,Carnaby St,,Macgregor,Sunnybank,No Roadway Feature,No traffic control,0 - 50 km/h,Sealed - Dry,Daylight,Straight,Off Path-Straight:Right Off Cway Hit Obj,Off carriageway on straight hit object,0,1,0,0,1,1,0,0,0,0,0,0
300634,Medical treatment,2016,11,Angle,Multi-Vehicle,153.1679,-27.4546,Preston Rd,,Manly West,Lytton,No Roadway Feature,No traffic control,60 km/h,Sealed - Dry,Daylight,Straight,Veh'S Manoeuvring: Leaving Driveway,Vehicle leaving driveway,0,0,1,0,1,2,0,0,0,0,0,0
300658,Minor injury,2016,17,Angle,Multi-Vehicle,153.0762486,-27.53947297,Mt Gravatt Outlook Dr,,Mount Gravatt,Mansfield,No Roadway Feature,No traffic control,0 - 50 km/h,Sealed - Dry,Darkness - Not lighted,Curved - view obscured,Veh'S Manoeuvring: Leaving Driveway,Vehicle leaving driveway,0,0,0,1,1,1,1,0,0,0,0,0
300659,Medical treatment,2016,14,Angle,Multi-Vehicle,153.097293,-27.46425,Creek Rd,Edge St,Murarrie,Bulimba,Intersection - Cross,Operating traffic lights,60 km/h,Sealed - Dry,Daylight,Straight,Veh'S Opposite Approach: Thru-Right,Opposing vehicles turning,0,0,1,0,1,1,1,0,0,0,0,0
300660,Hospitalisation,2016,21,Hit object,Single Vehicle,153.0880893,-27.45758012,Colmslie Rd,Junction Rd,Murarrie,Bulimba,Intersection - Roundabout,Give way sign,70 km/h,Sealed - Dry,Darkness - Lighted,Straight,Off Path-Straight: Mounts Traffic Island,Off carriageway on straight hit object,0,1,0,0,1,0,1,0,0,0,0,0
300661,Hospitalisation,2016,7,Head-on,Multi-Vehicle,152.987939,-27.533175,Sherwood Rd,,Sherwood,Indooroopilly,No Roadway Feature,No traffic control,0 - 50 km/h,Sealed - Dry,Daylight,Straight,Veh'S Opposite Approach: Head On,Head-on,0,1,0,0,1,2,0,0,0,0,0,0
300662,Medical treatment,2016,10,Hit object,Single Vehicle,153.1688152,-27.44288613,Tingal Rd,,Wynnum,Lytton,No Roadway Feature,No traffic control,60 km/h,Sealed - Dry,Daylight,Curved - view open,Off Path-Curve: Off Cway Lt Bend Hit Obj,Off carriageway on curve hit object,0,0,1,0,1,1,0,0,0,0,0,0
300683,Medical treatment,2016,17,Angle,Multi-Vehicle,153.034365,-27.57119,Halt St,Lensworth St,Coopers Plains,Sunnybank,Intersection - Cross,Give way sign,60 km/h,Sealed - Dry,Dawn/Dusk,Curved - view obscured,Veh'S Adjacent Approach: Thru-Right,Intersection from adjacent approaches,0,0,1,0,1,0,0,1,0,1,0,0
300684,Hospitalisation,2016,17,Hit object,Single Vehicle,153.1254536,-27.51372453,Greendale Way,,Belmont,Chatsworth,No Roadway Feature,No traffic control,0 - 50 km/h,Sealed - Dry,Daylight,Curved - view open,Off Path-Curve: Off Cway Rt Bend Hit Obj,Off carriageway on curve hit object,0,1,0,0,1,1,0,0,0,0,0,0
300685,Hospitalisation,2016,15,Head-on,Multi-Vehicle,153.106459,-27.506001,Winstanley St,,Carindale,Chatsworth,No Roadway Feature,No traffic control,60 km/h,Sealed - Dry,Daylight,Curved - view open,Veh'S Opposite Approach: Head On,Head-on,0,2,1,0,3,2,0,0,0,0,0,0
300688,Medical treatment,2016,19,Sideswipe,Multi-Vehicle,152.975627,-27.597713,Corsair Ave,Inala Ave,Inala,Inala,Intersection - T-Junction,Operating traffic lights,60 km/h,Sealed - Dry,Darkness - Lighted,Straight,Veh'S Opposite Approach: Thru-Right,Opposing vehicles turning,0,0,1,0,1,2,0,0,0,0,0,0
300690,Medical treatment,2016,11,Rear-end,Multi-Vehicle,153.050435,-27.559667,Troughton Rd,,Coopers Plains,Sunnybank,No Roadway Feature,Give way sign,0 - 50 km/h,Sealed - Dry,Daylight,Straight,Veh'S Manoeuvring: Other,Other,0,0,1,0,1,1,1,0,0,0,0,0
300691,Minor injury,2016,6,Rear-end,Multi-Vehicle,153.03111,-27.485072,South East Art Rd Ramp Q,South East Arterial Rd,Woolloongabba,South Brisbane,Intersection - Interchange,No traffic control,60 km/h,Sealed - Dry,Daylight,Straight,Veh'S Same Direction: Rear End,Rear-end,0,0,0,1,1,2,0,0,0,0,0,0