Crash_Ref_Number,Severity,Year,Hour,Crash_Nature,Crash_Type,Longitude,Latitude,Street,Street_Intersecting,Suburb,Loc_State_Electorate,Crash_Roadway_Feature,Crash_Traffic_Control,Crash_Speed_Limit,Crash_Road_Surface_Condition,Crash_Lighting_Condition,Crash_Road_Horiz_Align,Crash_DCA_Description,Crash_DCA_Group_Description,Count_Casualty_Fatality,Count_Casualty_Hospitalised,Count_Casualty_MedicallyTreated,Count_Casualty_MinorInjury,Count_Casualty_Total,Count_Unit_Car,Count_Unit_Motorcycle_Moped,Count_Unit_Truck,Count_Unit_Bus,Count_Unit_Bicycle,Count_Unit_Pedestrian,Count_Unit_Other
300732,Hospitalisation,2016,8,Angle,Multi-Vehicle,152.948147,-27.558127,Bellwood St,Monier Rd,Darra,Mount Ommaney,Intersection - Cross,No traffic control,60 km/h,Sealed - Dry,Daylight,Straight,Veh'S Opposite Approach: Thru-Right,Opposing vehicles turning,0,1,0,1,2,2,0,0,0,0,0,0
300733,Medical treatment,2016,7,Rear-end,Multi-Vehicle,153.0219,-27.561287,Lilydale St,Mt Lindesay Art. Rd,Archerfield,Sunnybank,Intersection - T-Junction,No traffic control,70 km/h,Sealed - Dry,Daylight,Straight,Veh'S Same Direction: Rear End,Rear-end,0,0,1,0,1,2,0,0,0,0,0,0
300734,Hospitalisation,2016,11,Angle,Multi-Vehicle,153.061397,-27.505386,Cavendish Rd,Chatsworth Rd,Coorparoo,Greenslopes,Intersection - Cross,Operating traffic lights,60 km/h,Sealed - Dry,Daylight,Curved - view open,Veh'S Adjacent Approach: Thru-Thru,Intersection from adjacent approaches,0,1,0,1,2,2,0,0,0,0,0,0
300735,Medical treatment,2016,13,Rear-end,Multi-Vehicle,153.059259,-27.536003,Messines Ridge Rd,South East Arterial Rd,Holland Park West,Greenslopes,Intersection - T-Junction,Give way sign,0 - 50 km/h,Sealed - Dry,Daylight,Straight,Veh'S Same Direction: Left Rear,Rear-end,0,0,1,0,1,2,0,0,0,0,0,0
300736,Hospitalisation,2016,20,Head-on,Multi-Vehicle,153.087306,-27.537017,Creek Rd,Hawkwood St,Mount Gravatt East,Mansfield,No Roadway Feature,No traffic control,60 km/h,Sealed - Dry,Darkness - Lighted,Straight,Veh'S Opposite Approach: Head On,Head-on,0,1,0,0,1,2,0,0,0,0,0,0
300739,Medical treatment,2016,18,Angle,Multi-Vehicle,153.075011,-27.5648,Parkway St,Springfield St,Macgregor,Sunnybank,Intersection - T-Junction,Give way sign,0 - 50 km/h,Sealed - Dry,Darkness - Lighted,Straight,Veh'S Adjacent Approach: Thru-Right,Intersection from adjacent approaches,0,0,1,0,1,2,0,0,0,0,0,0
300740,Minor injury,2016,12,Angle,Multi-Vehicle,153.095944,-27.584564,Angel St,Gaskell St,Eight Mile Plains,Stretton,Intersection - T-Junction,Give way sign,60 km/h,Sealed - Dry,Daylight,Straight,Veh'S Adjacent Approach: Thru-Right,Intersection from adjacent approaches,0,0,0,1,1,2,0,0,0,0,0,0
300759,Minor injury,2016,6,Rear-end,Multi-Vehicle,153.101244,-27.5181652,Pine Mountain Rd,,Mansfield,Mansfield,No Roadway Feature,No traffic control,60 km/h,Sealed - Dry,Daylight,Straight,Veh'S Same Direction: Rear End,Rear-end,0,0,0,1,1,2,0,0,0,0,0,0
300761,Hospitalisation,2016,16,Rear-end,Multi-Vehicle,153.03969,-27.542439,Toohey Rd,,Salisbury,Yeerongpilly,No Roadway Feature,No traffic control,60 km/h,Sealed - Dry,Daylight,Straight,Veh'S Same Direction: Rear End,Rear-end,0,1,1,0,2,3,0,0,0,0,0,0
300763,Hospitalisation,2016,16,Angle,Multi-Vehicle,153.1865357,-27.45438889,Royal Esp,,Manly,Lytton,No Roadway Feature,No traffic control,0 - 50 km/h,Sealed - Dry,Daylight,Straight,Veh'S Manoeuvring: Entering From Footway,Vehicle leaving driveway,0,1,0,0,1,1,0,0,0,1,0,0
300764,Hospitalisation,2016,19,Hit object,Single Vehicle,153.1656333,-27.47759886,Greencamp Rd,,Wakerley,Chatsworth,Merge Lane,No traffic control,70 km/h,Sealed - Dry,Darkness - Lighted,Curved - view obscured,Off Path-Curve: Off Cway Rt Bend Hit Obj,Off carriageway on curve hit object,0,1,0,0,1,1,0,0,0,0,0,0
300791,Hospitalisation,2016,20,Hit pedestrian,Hit pedestrian,153.080082,-27.493019,Ferguson Rd,Old Cleveland Rd,Camp Hill,Chatsworth,Intersection - T-Junction,No traffic control,0 - 50 km/h,Sealed - Dry,Darkness - Not lighted,Straight,Ped'N: Far Side Vehicle Hit From Left,Pedestrian,0,1,0,0,1,1,0,0,0,0,1,0
300792,Medical treatment,2016,15,Rear-end,Multi-Vehicle,153.0965451,-27.48934552,Stanley Rd,,Carina,Chatsworth,No Roadway Feature,No traffic control,60 km/h,Sealed - Dry,Daylight,Straight,Veh'S Same Direction: Rear End,Rear-end,0,0,1,0,1,2,0,0,0,0,0,0
300793,Medical treatment,2016,14,Angle,Multi-Vehicle,153.039711,-27.504215,Juliette St,South East Busway,Greenslopes,South Brisbane,Intersection - Interchange,Operating traffic lights,60 km/h,Sealed - Dry,Daylight,Straight,Veh'S Adjacent Approach: Thru-Thru,Intersection from adjacent approaches,0,0,2,0,2,2,0,0,0,0,0,0
300794,Medical treatment,2016,7,Rear-end,Multi-Vehicle,153.106045,-27.457778,Alexandra Pl,Queensport Rd,Murarrie,Bulimba,Intersection - T-Junction,No traffic control,60 km/h,Sealed - Dry,Daylight,Straight,Veh'S Same Direction: Right Rear,Rear-end,0,0,1,1,2,2,0,0,0,0,0,0
300795,Hospitalisation,2016,18,Rear-end,Multi-Vehicle,152.983292,-27.530465,Bute St,Oxley Rd,Sherwood,Indooroopilly,Intersection - T-Junction,No traffic control,60 km/h,Sealed - Dry,Darkness - Lighted,Curved - view open,Veh'S Same Direction: Rear End,Rear-end,0,1,1,1,3,4,0,0,0,0,0,0
300796,Medical treatment,2016,21,Rear-end,Multi-Vehicle,153.100726,-27.592444,Levington Rd,Underwood Rd,Eight Mile Plains,Stretton,Intersection - T-Junction,Stop sign,0 - 50 km/h,Sealed - Dry,Darkness - Lighted,Straight,Veh'S Same Direction: Right Rear,Rear-end,0,0,1,0,1,2,0,0,0,0,0,0
300797,Medical treatment,2016,13,Sideswipe,Multi-Vehicle,153.036635,-27.489382,Jurgens St,Walker St,Woolloongabba,South Brisbane,Intersection - T-Junction,No traffic control,60 km/h,Sealed - Dry,Daylight,Straight,Veh'S Opposite Approach: U-Turn,U-turn,0,0,1,0,1,1,1,0,0,0,0,0
300828,Hospitalisation,2016,5,Hit object,Single Vehicle,153.108442,-27.458139,Gateway Art Rd Off Ramp,,Murarrie,Bulimba,Intersection - Interchange,No traffic control,80 - 90 km/h,Sealed - Dry,Daylight,Curved - view obscured,Off Path-Curve: Off Cway Rt Bend Hit Obj,Off carriageway on curve hit object,0,1,0,0,1,0,1,0,0,0,0,0
300831,Hospitalisation,2016,15,Angle,Multi-Vehicle,152.979978,-27.524761,Dan St,Long St E,Graceville,Indooroopilly,Intersection - T-Junction,No traffic control,60 km/h,Sealed - Dry,Daylight,Straight,Veh'S Opposite Approach: Thru-Right,Opposing vehicles turning,0,1,0,1,2,2,0,0,0,0,0,0
300832,Medical treatment,2016,7,Angle,Multi-Vehicle,153.030742,-27.485791,Merton Rd,Stanley St,Woolloongabba,South Brisbane,Intersection - T-Junction,No traffic control,60 km/h,Sealed - Dry,Daylight,Straight,Veh'S Manoeuvring: Entering From Footway,Vehicle leaving driveway,0,0,1,0,1,1,0,0,0,1,0,0
300842,Hospitalisation,2016,8,Overturned,Single Vehicle,153.1421767,-27.5448091,Mt Gravatt - Capalaba Rd,,Burbank,Mansfield,No Roadway Feature,No traffic control,80 - 90 km/h,Sealed - Dry,Daylight,Straight,Off Path-Straight: Other,Other,0,1,0,0,1,1,0,0,0,0,0,0
300866,Hospitalisation,2016,10,Angle,Multi-Vehicle,152.97571,-27.597609,Corsair Ave,Inala Ave,Inala,Inala,Intersection - T-Junction,Operating traffic lights,60 km/h,Sealed - Dry,Daylight,Straight,Veh'S Opposite Approach: Thru-Right,Opposing vehicles turning,0,1,0,0,1,2,0,0,0,0,0,0
300867,Medical treatment,2016,10,Angle,Multi-Vehicle,152.975124,-27.628841,Forest Lake Blvd,Kensington Ave,Forest Lake,Algester,Intersection - Roundabout,Give way sign,60 km/h,Sealed - Dry,Daylight,Curved - view open,Veh'S Same Direction: Right Turn S/Swipe,Parallel lanes turning,0,0,1,0,1,2,0,0,0,0,0,0
300869,Minor injury,2016,11,Rear-end,Multi-Vehicle,152.975522,-27.511284,Oxley Rd,,Chelmer,Indooroopilly,No Roadway Feature,No traffic control,60 km/h,Sealed - Dry,Daylight,Straight,Veh'S Manoeuvring: Entering From Footway,Vehicle leaving driveway,0,0,0,1,1,1,0,0,0,1,0,0
300875,Hospitalisation,2016,5,Hit object,Single Vehicle,153.185097,-27.518526,Cleveland Sub-Arterial Rd,,Chandler,Chatsworth,No Roadway Feature,No traffic control,60 km/h,Sealed - Wet,Dawn/Dusk,Straight,Off Path-Straight: Left Off Cway Hit Obj,Off carriageway on straight hit object,0,1,0,0,1,1,0,0,0,0,0,0
300902,Hospitalisation,2016,7,Angle,Multi-Vehicle,153.063369,-27.471901,Wynnum Rd,,Norman Park,Bulimba,Intersection - T-Junction,Give way sign,0 - 50 km/h,Sealed - Dry,Daylight,Curved - view open,Veh'S Adjacant Approach: Thru-Left,Intersection from adjacent approaches,0,1,0,0,1,1,0,0,0,1,0,0
300903,Hospitalisation,2016,10,Angle,Multi-Vehicle,153.032823,-27.482235,Leopard St,Lockerbie St,Kangaroo Point,South Brisbane,Intersection - T-Junction,No traffic control,60 km/h,Sealed - Dry,Daylight,Straight,Veh'S Adjacent Approach: Thru-Right,Intersection from adjacent approaches,0,2,0,0,2,2,0,0,0,0,0,0
300932,Hospitalisation,2016,15,Hit object,Single Vehicle,152.920287,-27.601217,Cunningham Arterial Rd,,Wacol,Inala,No Roadway Feature,No traffic control,100 - 110 km/h,Sealed - Dry,Daylight,Straight,Off Path-Straight:Right Off Cway Hit Obj,Off carriageway on straight hit object,0,1,1,0,2,1,0,0,0,0,0,0
300934,Hospitalisation,2016,7,Angle,Multi-Vehicle,153.039711,-27.504215,Juliette St,South East Busway,Greenslopes,South Brisbane,Intersection - Cross,Operating traffic lights,60 km/h,Sealed - Dry,Daylight,Straight,Veh'S Adjacent Approach: Thru-Thru,Intersection from adjacent approaches,0,2,0,0,2,3,0,0,0,0,0,0
300937,Medical treatment,2016,13,Rear-end,Multi-Vehicle,153.027861,-27.48906,Annerley Rd,Gloucester St,Woolloongabba,South Brisbane,Intersection - T-Junction,No traffic control,60 km/h,Sealed - Dry,Daylight,Curved - view open,Veh'S Same Direction: Right Rear,Rear-end,0,0,1,0,1,2,0,0,0,0,0,0
300938,Medical treatment,2016,15,Rear-end,Multi-Vehicle,153.173693,-27.463775,Delsia St,Manly Rd,Manly West,Lytton,Intersection - T-Junction,No traffic control,60 km/h,Sealed - Dry,Daylight,Straight,Veh'S Same Direction: Rear End,Rear-end,0,0,1,0,1,2,0,1,0,0,0,0
300939,Hospitalisation,2016,17,Fall from vehicle,Single Vehicle,153.113583,-27.472857,Murarrie Rd,Wynnum Rd,Tingalpa,Chatsworth,Intersection - T-Junction,No traffic control,70 km/h,Sealed - Dry,Daylight,Straight,Off Path-Straight:Out Of Control On Cway,Out of control on straight,0,1,0,0,1,1,1,0,0,0,0,0
300963,Hospitalisation,2016,7,Angle,Multi-Vehicle,152.959821,-27.598325,Archerfield Rd,Progress Rd,Inala,Inala,Intersection - Cross,Operating traffic lights,60 km/h,Sealed - Dry,Daylight,Straight,Veh'S Adjacent Approach: Thru-Thru,Intersection from adjacent approaches,0,1,0,0,1,2,0,1,0,0,0,0
300964,Hospitalisation,2016,17,Hit object,Single Vehicle,152.966655,-27.579808,Freeman Rd,,Inala,Inala,No Roadway Feature,No traffic control,60 km/h,Sealed - Dry,Daylight,Straight,Off Path-Straight: Left Off Cway Hit Obj,Off carriageway on straight hit object,0,1,0,0,1,1,0,0,0,0,0,0
300967,Medical treatment,2016,6,Rear-end,Multi-Vehicle,153.0205188,-27.54395847,Beaudesert Rd,,Salisbury,Yeerongpilly,No Roadway Feature,No traffic control,70 km/h,Sealed - Dry,Daylight,Straight,Veh'S Same Direction: Rear End,Rear-end,0,0,1,0,1,2,0,1,0,0,0,1
300988,Medical treatment,2016,17,Rear-end,Multi-Vehicle,153.048476,-27.647594,Logan Mwy,,Drewvale,Stretton,No Roadway Feature,No traffic control,80 - 90 km/h,Unsealed - Dry,Daylight,Straight,Veh'S Same Direction: Rear End,Rear-end,0,0,1,0,1,3,0,0,0,0,0,0
300989,Medical treatment,2016,12,Rear-end,Multi-Vehicle,153.081037,-27.59908,Beenleigh Rd,Persse Rd,Runcorn,Stretton,Intersection - T-Junction,Operating traffic lights,60 km/h,Sealed - Dry,Daylight,Straight,Veh'S Same Direction: Rear End,Rear-end,0,0,1,0,1,1,0,1,0,0,0,0
301024,Medical treatment,2016,15,Rear-end,Multi-Vehicle,153.0486234,-27.60894227,Mt Lindesay Art. Rd,,Calamvale,Stretton,No Roadway Feature,No traffic control,60 km/h,Sealed - Wet,Daylight,Straight,Veh'S Same Direction: Rear End,Rear-end,0,0,1,0,1,2,0,0,0,0,0,0
301025,Medical treatment,2016,15,Rear-end,Multi-Vehicle,153.061977,-27.61146,Compton Rd,Gowan Rd,Calamvale,Stretton,Intersection - Cross,Operating traffic lights,70 km/h,Sealed - Wet,Daylight,Straight,Veh'S Same Direction: Rear End,Rear-end,0,0,1,0,1,3,0,1,0,0,0,0
301026,Medical treatment,2016,16,Sideswipe,Multi-Vehicle,152.946812,-27.529105,Western Arterial Rd,,Jindalee,Mount Ommaney,No Roadway Feature,No traffic control,80 - 90 km/h,Sealed - Dry,Daylight,Straight,Veh'S Same Direction: Lane Side Swipe,Lane changes,0,0,1,0,1,3,0,0,0,0,0,1
301027,Hospitalisation,2016,9,Angle,Multi-Vehicle,153.054741,-27.496859,Old Cleveland Rd,Shakespeare St,Coorparoo,South Brisbane,Intersection - Cross,Give way sign,60 km/h,Sealed - Dry,Daylight,Straight,Veh'S Adjacent Approach: Thru-Thru,Intersection from adjacent approaches,0,2,0,0,2,2,0,0,0,0,0,0
301029,Medical treatment,2016,14,Angle,Multi-Vehicle,152.966136,-27.589284,Buddleia St,Eugenia St,Inala,Inala,Intersection - Cross,Give way sign,60 km/h,Sealed - Dry,Daylight,Straight,Veh'S Adjacent Approach: Thru-Thru,Intersection from adjacent approaches,0,0,1,0,1,2,0,0,0,0,0,0
301032,Medical treatment,2016,9,Rear-end,Multi-Vehicle,153.106562,-27.589282,Logan Sub-Arterial Rd,Millers Rd,Eight Mile Plains,Stretton,Intersection - T-Junction,No traffic control,60 km/h,Sealed - Dry,Daylight,Straight,Veh'S Same Direction: Right Rear,Rear-end,0,0,1,0,1,2,0,0,0,0,0,0
301033,Medical treatment,2016,16,Rear-end,Multi-Vehicle,153.10526,-27.579456,South East Art Rd Ramp Xt,,Rochedale,Mansfield,Intersection - Interchange,No traffic control,80 - 90 km/h,Sealed - Dry,Daylight,Straight,Veh'S Same Direction: Rear End,Rear-end,0,0,2,0,2,3,0,0,0,0,0,0
301034,Medical treatment,2016,13,Rear-end,Multi-Vehicle,153.105152,-27.578467,Gateway Arterial Rd,,Rochedale,Mansfield,No Roadway Feature,No traffic control,100 - 110 km/h,Sealed - Dry,Daylight,Straight,Veh'S Same Direction: Rear End,Rear-end,0,0,1,0,1,2,0,0,0,0,0,0
301066,Medical treatment,2016,16,Rear-end,Multi-Vehicle,153.044851,-27.639027,Mt Lindesay Art. Rd,,Parkinson,Stretton,No Roadway Feature,No traffic control,80 - 90 km/h,Sealed - Wet,Daylight,Straight,Veh'S Same Direction: Rear End,Rear-end,0,0,1,0,1,3,0,0,0,0,0,0
301067,Hospitalisation,2016,14,Angle,Multi-Vehicle,152.922396,-27.587299,Wacol Station Rd,,Wacol,Inala,No Roadway Feature,No traffic control,60 km/h,Sealed - Dry,Daylight,Straight,Veh'S Opposite Approach: Thru-Right,Opposing vehicles turning,0,1,0,0,1,2,0,0,0,0,0,0
301068,Medical treatment,2016,17,Angle,Multi-Vehicle,153.019879,-27.517366,Park Rd,Villa St,Yeronga,Yeerongpilly,Intersection - Cross,Stop sign,60 km/h,Sealed - Dry,Daylight,Straight,Veh'S Adjacant Approach: Thru-Left,Intersection from adjacent approaches,0,0,1,0,1,1,0,0,0,1,0,0
301072,Hospitalisation,2016,14,Hit object,Single Vehicle,153.065889,-27.477843,Bennetts Rd,,Norman Park,Bulimba,Intersection - T-Junction,No traffic control,60 km/h,Sealed - Dry,Daylight,Curved - view open,Off Path-Curve: Off Cway Rt Bend Hit Obj,Off carriageway on curve hit object,0,1,0,0,1,1,0,0,0,0,0,0
301073,Hospitalisation,2016,8,Angle,Multi-Vehicle,153.060738,-27.46021,Elliott St,Hawthorne Rd,Hawthorne,Bulimba,Intersection - Cross,No traffic control,60 km/h,Sealed - Dry,Daylight,Straight,Veh'S Manoeuvring: Entering From Footway,Vehicle leaving driveway,0,1,0,0,1,1,0,0,0,2,0,0
301074,Fatal,2016,6,Hit object,Single Vehicle,153.065703,-27.549982,South East Art Rd Ramp Xh,,Upper Mount Gravatt,Yeerongpilly,Intersection - Interchange,No traffic control,60 km/h,Sealed - Dry,Daylight,Straight,Off Path-Straight: Left Off Cway Hit Obj,Off carriageway on straight hit object,1,0,0,0,1,0,1,0,0,0,0,0
301075,Minor injury,2016,20,Angle,Multi-Vehicle,153.084967,-27.562474,Logan Sub-Arterial Rd,,Upper Mount Gravatt,Mansfield,No Roadway Feature,Operating traffic lights,60 km/h,Sealed - Dry,Darkness - Lighted,Straight,Veh'S Opposite Approach: Thru-Right,Opposing vehicles turning,0,0,0,1,1,2,0,0,0,0,0,0
301096,Hospitalisation,2016,20,Hit object,Single Vehicle,152.9433732,-27.57820761,Cunningham Arterial Rd,,Darra,Inala,Intersection - Interchange,No traffic control,60 km/h,Sealed - Dry,Darkness - Lighted,Curved - view obscured,Off Path-Curve: Off Cway Lt Bend Hit Obj,Off carriageway on curve hit object,0,1,0,0,1,1,0,0,0,0,0,0
301097,Medical treatment,2016,12,Rear-end,Multi-Vehicle,153.094212,-27.469224,Wynnum Rd,,Cannon Hill,Bulimba,No Roadway Feature,No traffic control,70 km/h,Sealed - Dry,Daylight,Straight,Veh'S Same Direction: Rear End,Rear-end,0,0,1,0,1,2,0,0,0,0,0,0
301098,Minor injury,2016,10,Rear-end,Multi-Vehicle,153.040177,-27.49095035,Logan Rd,,Woolloongabba,South Brisbane,No Roadway Feature,No traffic control,60 km/h,Sealed - Dry,Daylight,Curved - view open,Veh'S Same Direction: Rear End,Rear-end,0,0,0,1,1,3,0,0,0,0,0,0
301127,Minor injury,2016,23,Angle,Multi-Vehicle,153.069627,-27.652755,Wembley Rd,,Drewvale,Stretton,Intersection - Interchange,Operating traffic lights,60 km/h,Sealed - Wet,Darkness - Lighted,Straight,Veh'S Opposite Approach: Thru-Right,Opposing vehicles turning,0,0,0,2,2,2,0,0,0,0,0,0
301128,Medical treatment,2016,16,Sideswipe,Multi-Vehicle,153.040759,-27.598719,Hellawell Rd,,Sunnybank Hills,Sunnybank,No Roadway Feature,No traffic control,60 km/h,Sealed - Dry,Daylight,Straight,Veh'S Same Direction: Right Turn S/Swipe,Parallel lanes turning,0,0,1,0,1,1,1,0,0,0,0,0
301131,Hospitalisation,2016,6,Sideswipe,Multi-Vehicle,153.125354,-27.474527,Tenbar St,Wynnum Rd,Tingalpa,Chatsworth,Intersection - T-Junction,Operating traffic lights,60 km/h,Sealed - Dry,Daylight,Straight,Veh'S Same Direction: Left Turn S/Swipe,Parallel lanes turning,0,1,0,2,3,2,0,0,0,0,0,0
301132,Hospitalisation,2016,9,Angle,Multi-Vehicle,153.183289,-27.473475,Whites Rd,,Lota,Lytton,No Roadway Feature,No traffic control,60 km/h,Sealed - Dry,Daylight,Curved - view obscured,Veh'S Same Direction: Right Turn S/Swipe,Parallel lanes turning,0,1,0,0,1,1,1,0,0,0,0,0
301159,Medical treatment,2016,9,Angle,Multi-Vehicle,152.966203,-27.579842,Deodar St,Freeman Rd,Richlands,Inala,Intersection - T-Junction,No traffic control,0 - 50 km/h,Sealed - Dry,Daylight,Straight,Veh'S Same Direction: Right Turn S/Swipe,Parallel lanes turning,0,0,1,0,1,2,0,0,0,0,0,0
301161,Medical treatment,2016,15,Rear-end,Multi-Vehicle,152.9823,-27.536039,Oxley Rd,Quarry Rd,Sherwood,Indooroopilly,Intersection - T-Junction,No traffic control,60 km/h,Sealed - Dry,Daylight,Straight,Veh'S Same Direction: Rear End,Rear-end,0,0,1,0,1,5,0,0,0,0,0,0
301185,Medical treatment,2016,14,Rear-end,Multi-Vehicle,153.056681,-27.611651,Compton Rd,,Calamvale,Stretton,No Roadway Feature,No traffic control,60 km/h,Sealed - Dry,Daylight,Straight,Veh'S Same Direction: Rear End,Rear-end,0,0,1,0,1,2,0,0,0,0,0,0
301189,Medical treatment,2016,13,Rear-end,Multi-Vehicle,153.060994,-27.493471,French St,Old Cleveland Rd,Coorparoo,Greenslopes,Intersection - T-Junction,Operating traffic lights,60 km/h,Sealed - Dry,Daylight,Straight,Veh'S Same Direction: Left Rear,Rear-end,0,0,1,0,1,2,0,0,0,0,0,0
301195,Medical treatment,2016,8,Rear-end,Multi-Vehicle,153.048003,-27.478128,Lytton Rd,,East Brisbane,South Brisbane,No Roadway Feature,No traffic control,60 km/h,Sealed - Dry,Daylight,Straight,Veh'S Same Direction: Rear End,Rear-end,0,0,1,0,1,2,0,1,0,0,0,0
301220,Medical treatment,2016,17,Angle,Multi-Vehicle,153.064428,-27.589673,Agnes St,Beenleigh Rd,Sunnybank,Sunnybank,Intersection - T-Junction,Give way sign,60 km/h,Sealed - Wet,Dawn/Dusk,Straight,Veh'S Adjacant Approach: Thru-Left,Intersection from adjacent approaches,0,0,1,0,1,6,0,0,0,0,0,0
301225,Medical treatment,2016,22,Angle,Multi-Vehicle,153.018719,-27.529734,Durack St,Ipswich Rd,Moorooka,Yeerongpilly,Intersection - Cross,Operating traffic lights,0 - 50 km/h,Sealed - Dry,Darkness - Lighted,Straight,Veh'S Opposite Approach: Thru-Right,Opposing vehicles turning,0,0,2,0,2,2,0,0,0,0,0,0
301226,Medical treatment,2016,15,Angle,Multi-Vehicle,153.060644,-27.47746922,Thackeray St,,Norman Park,Bulimba,No Roadway Feature,No traffic control,0 - 50 km/h,Sealed - Dry,Daylight,Straight,Veh'S Same Direction: Right Turn S/Swipe,Parallel lanes turning,0,0,1,0,1,2,0,0,0,0,0,0
301227,Medical treatment,2016,9,Sideswipe,Multi-Vehicle,153.110153,-27.461014,Gateway Arterial Rd,,Murarrie,Bulimba,Intersection - Interchange,No traffic control,100 - 110 km/h,Sealed - Dry,Daylight,Straight,Veh'S Same Direction: Lane Change Left,Lane changes,0,0,1,0,1,1,0,1,0,0,0,0
301257,Medical treatment,2016,19,Rear-end,Multi-Vehicle,153.081782,-27.487266,Stanley Rd,The Promenade,Camp Hill,Chatsworth,Intersection - T-Junction,No traffic control,60 km/h,Sealed - Wet,Darkness - Lighted,Straight,Veh'S Same Direction: Right Rear,Rear-end,0,0,1,0,1,2,0,0,0,0,0,0
301260,Medical treatment,2016,14,Hit pedestrian,Hit pedestrian,152.958413,-27.625214,Grand Ave,,Forest Lake,Algester,No Roadway Feature,No traffic control,0 - 50 km/h,Sealed - Dry,Daylight,Straight,Ped'N: Far Side Vehicle Hit From Left,Pedestrian,0,0,1,0,1,1,0,0,0,0,1,0
301261,Medical treatment,2016,7,Angle,Multi-Vehicle,152.964478,-27.627702,Cascade Dr,Grand Ave,Forest Lake,Algester,Intersection - Roundabout,Give way sign,0 - 50 km/h,Sealed - Dry,Daylight,Curved - view obscured,Veh'S Same Direction: Lane Side Swipe,Lane changes,0,0,1,0,1,1,0,0,0,1,0,0
301262,Hospitalisation,2016,20,Hit pedestrian,Hit pedestrian,152.975401,-27.584619,Holly St,Rosemary St,Inala,Inala,Intersection - T-Junction,No traffic control,60 km/h,Sealed - Wet,Darkness - Lighted,Straight,Ped'N: Far Side Vehicle Hit From Left,Pedestrian,0,1,0,0,1,1,0,0,0,0,1,0
301263,Hospitalisation,2016,16,Rear-end,Multi-Vehicle,153.051459,-27.475964,Wynnum Rd,,Norman Park,Bulimba,No Roadway Feature,No traffic control,60 km/h,Sealed - Wet,Dawn/Dusk,Straight,Veh'S Same Direction: Rear End,Rear-end,0,1,0,0,1,2,0,0,0,0,0,0
301264,Hospitalisation,2016,23,Hit object,Single Vehicle,153.12924,-27.482882,Peachdale St,Thurston St,Tingalpa,Chatsworth,Intersection - T-Junction,No traffic control,60 km/h,Sealed - Dry,Darkness - Lighted,Straight,Veh'S Manoeuvring: Other,Other,0,1,0,0,1,1,0,0,0,0,0,0
301293,Minor injury,2016,8,Head-on,Multi-Vehicle,153.0387406,-27.50928624,South East Arterial Rd,,Greenslopes,South Brisbane,No Roadway Feature,No traffic control,60 km/h,Sealed - Dry,Daylight,Straight,Veh'S Same Direction: Rear End,Rear-end,0,0,0,1,1,2,0,0,0,0,0,0
301294,Medical treatment,2016,16,Rear-end,Multi-Vehicle,153.112275,-27.546165,Redland Sub-Arterial Rd,,Mansfield,Mansfield,No Roadway Feature,No traffic control,70 km/h,Sealed - Dry,Daylight,Straight,Veh'S Same Direction: Rear End,Rear-end,0,0,1,0,1,2,0,0,0,0,0,0
301295,Medical treatment,2016,7,Rear-end,Multi-Vehicle,153.02097,-27.558464,Griffith Arterial Rd,Mt Lindesay Art. Rd,Rocklea,Yeerongpilly,Intersection - Cross,Operating traffic lights,60 km/h,Sealed - Dry,Dawn/Dusk,Straight,Veh'S Same Direction: Right Rear,Rear-end,0,0,1,0,1,1,0,1,0,0,0,0
301296,Hospitalisation,2016,6,Sideswipe,Multi-Vehicle,153.03563,-27.464163,Story Bridge,,Kangaroo Point,South Brisbane,Bridge/Causeway,No traffic control,60 km/h,Sealed - Dry,Daylight,Straight,Veh'S Same Direction: Lane Change Left,Lane changes,0,1,0,0,1,1,1,0,0,0,0,0
301319,Minor injury,2016,15,Rear-end,Multi-Vehicle,153.024184,-27.568635,Mt Lindesay Art. Rd,,Archerfield,Sunnybank,No Roadway Feature,No traffic control,70 km/h,Sealed - Dry,Daylight,Straight,Veh'S Same Direction: Rear End,Rear-end,0,0,0,1,1,2,0,0,0,0,0,0
301320,Hospitalisation,2016,14,Rear-end,Multi-Vehicle,153.086695,-27.487956,Coke St,Kennington Rd,Camp Hill,Chatsworth,Intersection - Cross,No traffic control,60 km/h,Sealed - Dry,Daylight,Straight,Veh'S Same Direction: Right Rear,Rear-end,0,1,0,1,2,2,0,0,0,0,0,0
301327,Medical treatment,2016,16,Hit object,Single Vehicle,152.93987,-27.621171,Julie Rd,,Ellen Grove,Inala,No Roadway Feature,No traffic control,60 km/h,Sealed - Dry,Daylight,Curved - view open,Off Path-Curve: Off Cway Rt Bend Hit Obj,Off carriageway on curve hit object,0,0,1,0,1,1,0,0,0,0,0,0
301344,Medical treatment,2016,15,Hit parked vehicle,Single Vehicle,153.081918,-27.487288,Stanley Rd,,Camp Hill,Chatsworth,No Roadway Feature,No traffic control,60 km/h,Sealed - Dry,Daylight,Straight,Off Path-Straight: Left Off Cway Hit Obj,Off carriageway on straight hit object,0,0,1,0,1,1,1,0,0,0,0,0
301345,Fatal,2016,9,Hit pedestrian,Hit pedestrian,153.072146,-27.529867,Logan Rd,,Mount Gravatt,Greenslopes,No Roadway Feature,No traffic control,60 km/h,Sealed - Dry,Daylight,Straight,Ped'N: Hit While Boarding/Alighting,Pedestrian,1,0,0,0,1,1,0,0,0,0,1,0