Crash_Ref_Number,Severity,Year,Hour,Crash_Nature,Crash_Type,Longitude,Latitude,Street,Street_Intersecting,Suburb,Loc_State_Electorate,Crash_Roadway_Feature,Crash_Traffic_Control,Crash_Speed_Limit,Crash_Road_Surface_Condition,Crash_Lighting_Condition,Crash_Road_Horiz_Align,Crash_DCA_Description,Crash_DCA_Group_Description,Count_Casualty_Fatality,Count_Casualty_Hospitalised,Count_Casualty_MedicallyTreated,Count_Casualty_MinorInjury,Count_Casualty_Total,Count_Unit_Car,Count_Unit_Motorcycle_Moped,Count_Unit_Truck,Count_Unit_Bus,Count_Unit_Bicycle,Count_Unit_Pedestrian,Count_Unit_Other
301346,Hospitalisation,2016,12,Rear-end,Multi-Vehicle,153.081576,-27.543541,Logan Rd,,Mount Gravatt,Mansfield,No Roadway Feature,No traffic control,60 km/h,Sealed - Dry,Daylight,Straight,Veh'S Same Direction: Rear End,Rear-end,0,1,0,0,1,3,0,0,0,0,0,0
301347,Hospitalisation,2016,8,Angle,Multi-Vehicle,153.064369,-27.483193,Bennetts Rd,Crown St,Norman Park,Greenslopes,Intersection - Cross,Operating traffic lights,60 km/h,Sealed - Dry,Daylight,Straight,Veh'S Opposite Approach: Thru-Right,Opposing vehicles turning,0,1,1,0,2,2,0,0,0,0,0,0
301348,Hospitalisation,2016,8,Angle,Multi-Vehicle,153.186503,-27.453303,Cardigan Pde,Esplanade,Manly,Lytton,Intersection - T-Junction,No traffic control,0 - 50 km/h,Sealed - Dry,Daylight,Straight,Veh'S Opposite Approach: Thru-Right,Opposing vehicles turning,0,1,0,0,1,1,0,0,0,1,0,0
301349,Hospitalisation,2016,2,Fall from vehicle,Single Vehicle,153.184237,-27.472371,Whites Rd,Wilfred St,Lota,Lytton,Intersection - T-Junction,Stop sign,60 km/h,Sealed - Dry,Darkness - Not lighted,Straight,Off Path-Straight: Left Turn,Off carriageway on straight,0,1,0,0,1,0,1,0,0,0,0,0
301377,Minor injury,2016,8,Angle,Multi-Vehicle,153.060699,-27.587857,Beenleigh Rd,Mains Rd,Sunnybank,Sunnybank,Intersection - Cross,Operating traffic lights,60 km/h,Sealed - Dry,Daylight,Straight,Veh'S Adjacent Approach: Thru-Thru,Intersection from adjacent approaches,0,0,0,1,1,2,0,0,0,0,0,0
301383,Medical treatment,2016,7,Hit object,Single Vehicle,152.999381,-27.554021,Dunn Rd,,Rocklea,Yeerongpilly,No Roadway Feature,No traffic control,60 km/h,Sealed - Dry,Daylight,Curved - view open,Off Path-Curve: Off Cway Lt Bend Hit Obj,Off carriageway on curve hit object,0,0,1,0,1,0,0,1,0,0,0,0
301384,Medical treatment,2016,9,Rear-end,Multi-Vehicle,153.0635234,-27.57481807,Mains Rd,,Sunnybank,Sunnybank,No Roadway Feature,No traffic control,60 km/h,Sealed - Dry,Daylight,Straight,Veh'S Same Direction: Rear End,Rear-end,0,0,1,0,1,2,0,0,0,0,0,0
301409,Hospitalisation,2016,9,Hit pedestrian,Hit pedestrian,152.980261,-27.567982,Blunder Rd,,Oxley,Inala,Intersection - T-Junction,Give way sign,0 - 50 km/h,Sealed - Dry,Daylight,Straight,Ped'N: Hit By Vehicle Enter/Leave D'Way,Pedestrian,0,1,0,0,1,1,0,0,0,0,1,0
301410,Medical treatment,2016,20,Angle,Multi-Vehicle,153.029395,-27.518288,Cracknell Rd,Ipswich Rd,Annerley,Yeerongpilly,Intersection - Cross,Operating traffic lights,60 km/h,Sealed - Dry,Darkness - Lighted,Straight,Veh'S Opposite Approach: Thru-Right,Opposing vehicles turning,0,0,1,0,1,2,0,0,0,0,0,0
301411,Medical treatment,2016,8,Rear-end,Multi-Vehicle,153.0658853,-27.49198891,Old Cleveland Rd,,Camp Hill,Greenslopes,No Roadway Feature,No traffic control,60 km/h,Sealed - Dry,Daylight,Straight,Veh'S Same Direction: Rear End,Rear-end,0,0,1,0,1,2,0,0,0,0,0,0
301414,Medical treatment,2016,7,Rear-end,Multi-Vehicle,153.057127,-27.473523,Overend St,Wynnum Rd,Norman Park,Bulimba,Intersection - T-Junction,No traffic control,60 km/h,Sealed - Dry,Daylight,Straight,Veh'S Same Direction: Rear End,Rear-end,0,0,1,0,1,2,0,0,0,0,0,0
301416,Medical treatment,2016,7,Angle,Multi-Vehicle,153.062039,-27.571649,Canna St,Mccullough St,Sunnybank,Sunnybank,Intersection - T-Junction,Operating traffic lights,60 km/h,Sealed - Dry,Daylight,Straight,Veh'S Opposite Approach: Thru-Right,Opposing vehicles turning,0,0,1,0,1,2,0,0,0,0,0,0
301417,Medical treatment,2016,17,Rear-end,Multi-Vehicle,153.0152486,-27.47568473,Melbourne St,,South Brisbane,South Brisbane,No Roadway Feature,No traffic control,0 - 50 km/h,Sealed - Dry,Daylight,Straight,Veh'S Same Direction: Rear End,Rear-end,0,0,1,0,1,2,0,0,0,0,0,0
301418,Minor injury,2016,14,Rear-end,Multi-Vehicle,153.03111,-27.485072,South East Art Rd Ramp Q,South East Arterial Rd,Woolloongabba,South Brisbane,Intersection - Interchange,Give way sign,60 km/h,Sealed - Dry,Daylight,Straight,Veh'S Same Direction: Rear End,Rear-end,0,0,0,1,1,1,0,1,0,0,0,0
301428,Hospitalisation,2016,14,Rear-end,Multi-Vehicle,153.1793999,-27.51272992,New Cleveland Rd,,Chandler,Chatsworth,No Roadway Feature,No traffic control,60 km/h,Sealed - Dry,Daylight,Straight,Veh'S Same Direction: Right Rear,Rear-end,0,6,0,1,7,3,0,0,0,0,0,0
301449,Medical treatment,2016,16,Sideswipe,Multi-Vehicle,153.032426,-27.510298,Ipswich Rd,,Annerley,Yeerongpilly,No Roadway Feature,No traffic control,60 km/h,Sealed - Dry,Daylight,Straight,Veh'S Same Direction: Lane Change Left,Lane changes,0,0,1,0,1,1,1,0,0,0,0,0
301451,Hospitalisation,2016,8,Fall from vehicle,Single Vehicle,153.055283,-27.518225,Hamel Rd,Navy St,Holland Park West,Greenslopes,Intersection - T-Junction,No traffic control,0 - 50 km/h,Sealed - Dry,Daylight,Straight,Veh'S Adjacent Approach: Left-Left,Intersection from adjacent approaches,0,1,0,0,1,0,0,1,0,1,0,0
301455,Medical treatment,2016,14,Hit object,Single Vehicle,152.980923,-27.566022,Cunningham Arterial Rd,,Oxley,Mount Ommaney,No Roadway Feature,No traffic control,80 - 90 km/h,Sealed - Dry,Daylight,Straight,Pass & Misc: Load Hit Vehicle,Other,0,0,1,0,1,1,0,0,0,0,0,0
301456,Medical treatment,2016,22,Angle,Multi-Vehicle,153.027421,-27.497611,Annerley Rd,Gladstone Rd,Dutton Park,South Brisbane,Intersection - Cross,Operating traffic lights,60 km/h,Sealed - Dry,Darkness - Lighted,Curved - view open,Veh'S Opposite Approach: Thru-Right,Opposing vehicles turning,0,0,1,0,1,2,0,0,0,0,0,0
301457,Hospitalisation,2016,11,Rear-end,Multi-Vehicle,153.145128,-27.425348,Port Of Brisbane Rd,Pritchard St,Lytton,Lytton,Intersection - Cross,Operating traffic lights,60 km/h,Sealed - Dry,Daylight,Straight,Veh'S Same Direction: Right Rear,Rear-end,0,1,0,1,2,2,0,0,0,0,0,0
301466,Medical treatment,2016,12,Rear-end,Multi-Vehicle,153.180211,-27.514397,Cleveland Sub-Arterial Rd,,Chandler,Chatsworth,No Roadway Feature,No traffic control,70 km/h,Sealed - Dry,Daylight,Straight,Veh'S Same Direction: Rear End,Rear-end,0,0,1,0,1,2,0,0,0,0,0,0
301493,Hospitalisation,2016,15,Rear-end,Multi-Vehicle,153.05226,-27.611318,Compton Rd,,Calamvale,Stretton,No Roadway Feature,No traffic control,60 km/h,Sealed - Dry,Daylight,Straight,Veh'S Same Direction: Rear End,Rear-end,0,1,1,1,3,3,0,0,0,0,0,0
301495,Medical treatment,2016,17,Rear-end,Multi-Vehicle,153.061345,-27.493321,Old Cleveland Rd,,Coorparoo,Greenslopes,No Roadway Feature,No traffic control,60 km/h,Sealed - Dry,Daylight,Straight,Veh'S Same Direction: Rear End,Rear-end,0,0,1,0,1,4,0,0,0,0,0,0
301496,Hospitalisation,2016,19,Rear-end,Multi-Vehicle,152.97841,-27.598228,Inala Ave,Sycamore St,Inala,Inala,Intersection - T-Junction,No traffic control,0 - 50 km/h,Sealed - Dry,Dawn/Dusk,Straight,Veh'S Same Direction: Rear End,Rear-end,0,1,0,0,1,2,0,0,0,0,0,0
301497,Minor injury,2016,15,Angle,Multi-Vehicle,153.021334,-27.526829,Colebrook Ave,Ipswich Rd,Moorooka,Yeerongpilly,Intersection - Cross,Operating traffic lights,60 km/h,Sealed - Dry,Daylight,Straight,Veh'S Adjacent Approach: Thru-Right,Intersection from adjacent approaches,0,0,0,1,1,2,0,0,0,0,0,0
301498,Hospitalisation,2016,6,Angle,Multi-Vehicle,152.981417,-27.525888,Central Ave,Oxley Rd,Sherwood,Indooroopilly,No Roadway Feature,No traffic control,0 - 50 km/h,Sealed - Dry,Daylight,Straight,Veh'S Opposite Approach: Thru-Right,Opposing vehicles turning,0,1,0,0,1,2,0,0,0,0,0,0
301499,Medical treatment,2016,13,Head-on,Multi-Vehicle,153.046652,-27.479623,Heidelberg St,Lytton Rd,East Brisbane,South Brisbane,Intersection - T-Junction,Operating traffic lights,60 km/h,Sealed - Dry,Daylight,Curved - view open,Veh'S Opposite Approach: Head On,Head-on,0,0,2,0,2,2,0,0,0,0,0,0
301500,Hospitalisation,2016,21,Angle,Multi-Vehicle,153.156222,-27.453003,Preston Rd,Randall Rd,Wynnum West,Lytton,Intersection - Cross,Operating traffic lights,60 km/h,Sealed - Dry,Darkness - Lighted,Straight,Veh'S Manoeuvring: Entering From Footway,Vehicle leaving driveway,0,1,0,0,1,1,0,0,0,1,0,0
301525,Medical treatment,2016,14,Angle,Multi-Vehicle,153.043191,-27.604425,Algester Rd,Mt Lindesay Art. Rd,Calamvale,Stretton,Intersection - T-Junction,Operating traffic lights,60 km/h,Sealed - Dry,Daylight,Curved - view open,Veh'S Adjacent Approach: Thru-Right,Intersection from adjacent approaches,0,0,1,0,1,4,0,0,0,0,0,0
301527,Hospitalisation,2016,21,Angle,Multi-Vehicle,153.060699,-27.587857,Beenleigh Rd,Mains Rd,Sunnybank,Sunnybank,Intersection - Cross,Operating traffic lights,60 km/h,Sealed - Dry,Darkness - Lighted,Straight,Veh'S Opposite Approach: Thru-Right,Opposing vehicles turning,0,1,0,0,1,2,0,0,0,0,0,0
301528,Medical treatment,2016,20,Angle,Multi-Vehicle,153.078178,-27.613334,Compton Rd,Persse Rd,Runcorn,Stretton,Intersection - Cross,Operating traffic lights,70 km/h,Sealed - Dry,Darkness - Lighted,Straight,Veh'S Opposite Approach: Thru-Right,Opposing vehicles turning,0,0,4,0,4,2,0,0,0,0,0,0
301531,Medical treatment,2016,17,Angle,Multi-Vehicle,153.106292,-27.577651,Gateway Art Rd Ramp Ma,Miles Platting Rd,Rochedale,Mansfield,Intersection - Interchange,Operating traffic lights,60 km/h,Sealed - Dry,Daylight,Straight,Veh'S Opposite Approach: Thru-Right,Opposing vehicles turning,0,0,3,1,4,2,0,0,0,0,0,0
301535,Hospitalisation,2016,13,Angle,Multi-Vehicle,153.180864,-27.486604,Invalid Street From Police,,Ransome,Chatsworth,Intersection - Cross,Stop sign,80 - 90 km/h,Sealed - Dry,Daylight,Straight,Veh'S Adjacent Approach: Thru-Right,Intersection from adjacent approaches,0,1,1,0,2,2,0,0,0,0,0,0
301559,Medical treatment,2016,17,Angle,Multi-Vehicle,153.048138,-27.608701,Highlands Dr,Mt Lindesay Art. Rd,Calamvale,Stretton,Intersection - T-Junction,Operating traffic lights,70 km/h,Sealed - Dry,Dawn/Dusk,Straight,Veh'S Adjacent Approach: Thru-Right,Intersection from adjacent approaches,0,0,1,0,1,2,0,0,0,0,0,0
301560,Minor injury,2016,22,Hit pedestrian,Hit pedestrian,153.063087,-27.500283,Mclay St,,Coorparoo,Greenslopes,No Roadway Feature,No traffic control,0 - 50 km/h,Sealed - Dry,Darkness - Lighted,Straight,Ped'N: Hit Other,Other,0,0,0,1,1,1,0,0,0,0,1,0
301561,Medical treatment,2016,9,Rear-end,Multi-Vehicle,153.0577439,-27.53481577,South East Arterial Rd,,Holland Park West,Yeerongpilly,Intersection - Interchange,No traffic control,60 km/h,Sealed - Dry,Daylight,Straight,Veh'S Same Direction: Rear End,Rear-end,0,0,1,1,2,3,0,0,0,0,0,0
301562,Hospitalisation,2016,21,Angle,Multi-Vehicle,153.032296,-27.48806,Fleurs St,Hawthorne St,Woolloongabba,South Brisbane,Intersection - T-Junction,No traffic control,0 - 50 km/h,Sealed - Dry,Darkness - Lighted,Straight,Veh'S Opposite Approach: Thru-Right,Opposing vehicles turning,0,1,0,0,1,1,1,0,0,0,0,0
301563,Hospitalisation,2016,20,Fall from vehicle,Single Vehicle,153.144989,-27.439985,North Rd,,Wynnum West,Lytton,No Roadway Feature,No traffic control,60 km/h,Sealed - Dry,Darkness - Not lighted,Straight,Veh'S Opposite Approach: Other,Other,0,1,0,0,1,1,1,0,0,0,0,0
301569,Hospitalisation,2016,11,Angle,Multi-Vehicle,153.007434,-27.656415,Forestdale Dr,Johnson Rd,Larapinta,Algester,Intersection - T-Junction,Operating traffic lights,60 km/h,Sealed - Dry,Daylight,Straight,Veh'S Opposite Approach: Thru-Right,Opposing vehicles turning,0,1,0,1,2,2,0,0,0,0,0,0
301592,Hospitalisation,2016,18,Hit object,Single Vehicle,152.926992,-27.562431,Sumners Rd,,Sumner,Mount Ommaney,No Roadway Feature,No traffic control,60 km/h,Sealed - Dry,Daylight,Straight,Veh'S On Path: Parked,Hit parked vehicle,0,1,0,0,1,4,0,0,0,0,0,0
301593,Minor injury,2016,13,Angle,Multi-Vehicle,153.073053,-27.59671,Amaranthus St,Carica St,Runcorn,Stretton,Intersection - T-Junction,Stop sign,0 - 50 km/h,Sealed - Dry,Daylight,Straight,Veh'S Adjacent Approach: Thru-Right,Intersection from adjacent approaches,0,0,0,1,1,2,0,0,0,0,0,0
301595,Medical treatment,2016,14,Angle,Multi-Vehicle,153.09276,-27.530327,Cavendish Rd,Nightingale St,Mount Gravatt East,Mansfield,Intersection - T-Junction,Give way sign,0 - 50 km/h,Sealed - Dry,Daylight,Straight,Veh'S Adjacent Approach: Thru-Right,Intersection from adjacent approaches,0,0,1,0,1,2,0,0,0,0,0,0
301621,Hospitalisation,2016,12,Head-on,Multi-Vehicle,152.9946619,-27.59297252,King Ave,,Durack,Sunnybank,No Roadway Feature,No traffic control,60 km/h,Sealed - Dry,Daylight,Curved - view open,Veh'S Opposite Approach: Head On,Head-on,0,1,0,1,2,3,0,0,0,0,0,0
301652,Hospitalisation,2016,16,Rear-end,Multi-Vehicle,153.040642,-27.6529014,Mt Lindesay Art. Rd,,Drewvale,Stretton,No Roadway Feature,No traffic control,80 - 90 km/h,Sealed - Dry,Daylight,Straight,Veh'S Same Direction: Rear End,Rear-end,0,1,1,0,2,3,0,0,0,0,0,0
301654,Minor injury,2016,16,Angle,Multi-Vehicle,152.928802,-27.59655,Campbell Ave,Industrial Ave,Wacol,Inala,Intersection - Cross,Give way sign,60 km/h,Sealed - Dry,Daylight,Straight,Veh'S Adjacent Approach: Thru-Thru,Intersection from adjacent approaches,0,0,0,1,1,2,0,0,0,0,0,0
301655,Hospitalisation,2016,13,Hit object,Single Vehicle,152.92393,-27.592466,Cunningham Arterial Rd,,Wacol,Inala,No Roadway Feature,No traffic control,60 km/h,Sealed - Dry,Daylight,Straight,Off Path-Straight: Left Off Cway Hit Obj,Off carriageway on straight hit object,0,1,0,0,1,1,0,0,0,0,0,0
301656,Medical treatment,2016,22,Hit object,Single Vehicle,153.086253,-27.516274,Pine Mountain Rd,,Mount Gravatt East,Mansfield,No Roadway Feature,No traffic control,60 km/h,Sealed - Dry,Darkness - Lighted,Curved - view obscured,Off Path-Curve: Out Of Control On Cway,Out of control on curve,0,0,1,0,1,1,0,0,0,0,0,0
301657,Hospitalisation,2016,7,Angle,Multi-Vehicle,153.011353,-27.642933,Logan Mwy,Paradise Rd,Larapinta,Algester,Intersection - Interchange,Operating traffic lights,60 km/h,Sealed - Dry,Daylight,Curved - view open,Veh'S Opposite Approach: Thru-Right,Opposing vehicles turning,0,1,1,0,2,2,0,0,0,0,0,0
301658,Hospitalisation,2016,12,Angle,Multi-Vehicle,153.017161,-27.556048,Beatty Rd,Marshall Rd,Rocklea,Yeerongpilly,Intersection - T-Junction,Stop sign,0 - 50 km/h,Sealed - Dry,Daylight,Straight,Veh'S Adjacent Approach: Left-Thru,Intersection from adjacent approaches,0,1,0,0,1,2,0,0,0,0,0,0
301660,Medical treatment,2016,18,Rear-end,Multi-Vehicle,153.084146,-27.565299,Macgregor St,South East Busway,Upper Mount Gravatt,Mansfield,Intersection - Roundabout,Give way sign,60 km/h,Sealed - Dry,Daylight,Curved - view open,Veh'S Same Direction: Rear End,Rear-end,0,0,1,0,1,2,0,0,0,0,0,0
301686,Medical treatment,2016,5,Hit object,Single Vehicle,153.095032,-27.611741,Allingham St,,Kuraby,Stretton,No Roadway Feature,No traffic control,0 - 50 km/h,Sealed - Dry,Darkness - Lighted,Curved - view open,Off Path-Curve: Off Cway Lt Bend Hit Obj,Off carriageway on curve hit object,0,0,1,0,1,3,0,0,0,0,0,0
301687,Medical treatment,2016,6,Fall from vehicle,Single Vehicle,153.06446,-27.54657,South East Arterial Rd,,Mount Gravatt,Mansfield,No Roadway Feature,No traffic control,60 km/h,Sealed - Dry,Daylight,Straight,Pass & Misc: Fell In/From Vehicle,Other,0,0,1,0,1,0,0,0,1,0,0,0
301719,Hospitalisation,2016,18,Hit pedestrian,Hit pedestrian,152.96133,-27.575994,Acanthus St,Boundary Rd,Darra,Inala,Intersection - T-Junction,Give way sign,60 km/h,Sealed - Dry,Daylight,Straight,Ped'N: Hit Other,Other,0,1,0,0,1,0,0,1,0,0,1,0
301720,Medical treatment,2016,15,Hit object,Single Vehicle,153.082024,-27.519484,Cavendish Rd,,Holland Park,Greenslopes,No Roadway Feature,No traffic control,60 km/h,Sealed - Dry,Daylight,Curved - view open,Off Path-Curve: Off Cway Rt Bend Hit Obj,Off carriageway on curve hit object,0,0,1,0,1,1,0,0,0,0,0,0
301721,Hospitalisation,2016,15,Angle,Multi-Vehicle,153.106415,-27.464956,Murarrie Rd,,Murarrie,Bulimba,No Roadway Feature,No traffic control,0 - 50 km/h,Sealed - Dry,Daylight,Straight,Veh'S Manoeuvring: Leaving Driveway,Vehicle leaving driveway,0,1,0,0,1,2,1,0,0,0,0,0
301722,Hospitalisation,2016,23,Angle,Multi-Vehicle,153.066128,-27.561076,Griffith Arterial Rd,Mains Rd,Macgregor,Sunnybank,Intersection - Interchange,Operating traffic lights,60 km/h,Sealed - Dry,Darkness - Lighted,Straight,Veh'S Opposite Approach: Thru-Right,Opposing vehicles turning,0,1,0,0,1,2,0,0,0,0,0,0
301723,Hospitalisation,2016,11,Rear-end,Multi-Vehicle,153.0225841,-27.4799846,Grey St,,South Brisbane,South Brisbane,No Roadway Feature,No traffic control,0 - 50 km/h,Sealed - Dry,Daylight,Straight,Veh'S Same Direction: Rear End,Rear-end,0,1,0,0,1,1,0,0,1,0,0,0
301751,Medical treatment,2016,23,Angle,Multi-Vehicle,152.972751,-27.572626,Boundary Rd,Rudd St,Oxley,Inala,Intersection - Roundabout,Give way sign,60 km/h,Sealed - Dry,Darkness - Lighted,Straight,Veh'S Adjacent Approach: Thru-Thru,Intersection from adjacent approaches,0,0,2,1,3,2,0,0,0,0,0,0
301752,Hospitalisation,2016,18,Hit object,Single Vehicle,153.042655,-27.577904,Ditton Rd,,Sunnybank,Sunnybank,No Roadway Feature,No traffic control,70 km/h,Sealed - Dry,Dawn/Dusk,Straight,Off Path-Straight: Left Off Cway Hit Obj,Off carriageway on straight hit object,0,1,0,0,1,1,0,0,0,0,0,0
301753,Medical treatment,2016,12,Rear-end,Multi-Vehicle,153.029067,-27.557896,Griffith Arterial Rd,,Salisbury,Yeerongpilly,No Roadway Feature,No traffic control,60 km/h,Sealed - Dry,Daylight,Straight,Veh'S Same Direction: Rear End,Rear-end,0,0,1,0,1,2,0,0,0,0,0,0
301754,Hospitalisation,2016,14,Angle,Multi-Vehicle,153.005687,-27.557795,Cunningham Arterial Rd,,Rocklea,Sunnybank,No Roadway Feature,No traffic control,60 km/h,Sealed - Dry,Daylight,Straight,Veh'S Same Direction: Lane Change Right,Lane changes,0,1,0,0,1,2,0,0,0,0,0,0
301755,Hospitalisation,2016,9,Rear-end,Multi-Vehicle,153.093085,-27.577102,Logan Sub-Arterial Rd,,Eight Mile Plains,Stretton,No Roadway Feature,No traffic control,70 km/h,Sealed - Dry,Daylight,Straight,Veh'S Same Direction: Rear End,Rear-end,0,2,0,1,3,4,0,0,0,0,0,0
301759,Hospitalisation,2016,19,Rear-end,Multi-Vehicle,153.1533972,-27.50960398,Cleveland Sub-Arterial Rd,,Chandler,Chatsworth,No Roadway Feature,No traffic control,80 - 90 km/h,Sealed - Dry,Darkness - Lighted,Straight,Veh'S Same Direction: Rear End,Rear-end,0,1,0,0,1,4,0,0,0,0,0,0
301776,Medical treatment,2016,15,Rear-end,Multi-Vehicle,153.103546,-27.501827,Carindale St,Millenium Blvd,Carindale,Chatsworth,Intersection - Roundabout,Give way sign,0 - 50 km/h,Sealed - Dry,Daylight,Straight,Veh'S Same Direction: Left Rear,Rear-end,0,0,2,0,2,2,0,0,0,0,0,0
301779,Hospitalisation,2016,19,Hit parked vehicle,Single Vehicle,152.9818187,-27.53112255,Skew St,,Sherwood,Indooroopilly,No Roadway Feature,No traffic control,0 - 50 km/h,Sealed - Dry,Darkness - Lighted,Curved - view obscured,Veh'S On Path: Parked,Hit parked vehicle,0,5,0,0,5,2,0,0,0,0,0,0
301780,Minor injury,2016,15,Rear-end,Multi-Vehicle,153.086182,-27.583428,Bordeaux St,Warrigal Rd,Eight Mile Plains,Stretton,Intersection - T-Junction,Operating traffic lights,60 km/h,Sealed - Dry,Daylight,Straight,Veh'S Same Direction: Right Rear,Rear-end,0,0,0,1,1,2,0,0,0,0,0,0
301781,Medical treatment,2016,8,Angle,Multi-Vehicle,153.098301,-27.583289,Gaskell St,Logan Sub-Arterial Rd,Eight Mile Plains,Stretton,Intersection - T-Junction,Operating traffic lights,60 km/h,Sealed - Dry,Daylight,Straight,Veh'S Opposite Approach: Thru-Right,Opposing vehicles turning,0,0,1,0,1,2,0,0,0,0,0,0
301804,Medical treatment,2016,12,Angle,Multi-Vehicle,153.059353,-27.472566,Hawthorne Rd,Wynnum Rd,Norman Park,Bulimba,Intersection - Cross,Operating traffic lights,60 km/h,Sealed - Wet,Daylight,Straight,Veh'S Adjacent Approach: Thru-Right,Intersection from adjacent approaches,0,0,2,0,2,2,0,0,0,0,0,0
301805,Medical treatment,2016,13,Angle,Multi-Vehicle,153.090354,-27.554524,Dawson Rd,Newnham Rd,Upper Mount Gravatt,Mansfield,Intersection - Cross,Operating traffic lights,60 km/h,Sealed - Wet,Daylight,Straight,Veh'S Adjacent Approach: Thru-Thru,Intersection from adjacent approaches,0,0,1,0,1,2,0,0,0,0,0,0
301806,Medical treatment,2016,10,Angle,Multi-Vehicle,153.032896,-27.488655,Pacific Hwy,South East Arterial Rd,Woolloongabba,South Brisbane,Intersection - Interchange,No traffic control,80 - 90 km/h,Sealed - Wet,Daylight,Straight,Veh'S Same Direction: Other,Other,0,0,2,0,2,2,0,0,0,0,0,0
301839,Hospitalisation,2016,20,Angle,Multi-Vehicle,153.040348,-27.558825,Griffith Arterial Rd,Orange Grove Rd,Salisbury,Yeerongpilly,Intersection - Cross,Operating traffic lights,60 km/h,Sealed - Wet,Darkness - Lighted,Straight,Veh'S Manoeuvring: Entering From Footway,Vehicle leaving driveway,0,1,0,0,1,1,0,0,0,1,0,0
301857,Medical treatment,2016,11,Rear-end,Multi-Vehicle,153.046532,-27.630596,Honeysuckle Way,Mt Lindesay Art. Rd,Calamvale,Stretton,Intersection - Cross,Operating traffic lights,80 - 90 km/h,Sealed - Dry,Daylight,Straight,Veh'S Same Direction: Rear End,Rear-end,0,0,1,0,1,2,0,0,0,0,0,0
301858,Medical treatment,2016,15,Hit pedestrian,Hit pedestrian,153.027298,-27.588501,Chardean St,Mt Lindesay Art. Rd,Acacia Ridge,Sunnybank,Intersection - T-Junction,No traffic control,70 km/h,Sealed - Dry,Daylight,Straight,Ped'N: Play; Work; Stand; Lie On C'Way,Pedestrian,0,0,1,0,1,1,0,0,0,0,1,0
301862,Hospitalisation,2016,8,Angle,Multi-Vehicle,153.134202,-27.54724,Mt Gravatt - Capalaba Rd,Redland Sub-Arterial Rd,Burbank,Mansfield,Intersection - T-Junction,Operating traffic lights,80 - 90 km/h,Sealed - Dry,Daylight,Straight,Veh'S Opposite Approach: Thru-Right,Opposing vehicles turning,0,1,0,0,1,2,0,0,0,0,0,0
301876,Medical treatment,2016,15,Angle,Multi-Vehicle,153.076973,-27.535651,High St,Logan Rd,Mount Gravatt,Greenslopes,Intersection - T-Junction,Stop sign,60 km/h,Sealed - Dry,Daylight,Straight,Veh'S Adjacent Approach: Thru-Right,Intersection from adjacent approaches,0,0,3,0,3,2,0,0,0,0,0,0
301877,Hospitalisation,2016,16,Hit object,Single Vehicle,153.185466,-27.372108,Bishop Dr,Lucinda Dr,Port Of Brisbane,Lytton,Intersection - T-Junction,No traffic control,60 km/h,Sealed - Dry,Daylight,Curved - view open,Vehicle Left-Turning At I/S (Or Driveway,Out of control on curve,0,1,0,0,1,0,0,1,0,0,0,0
301901,Medical treatment,2016,7,Overturned,Single Vehicle,153.008108,-27.556039,Cunningham Arterial Rd,Ipswich Rd,Rocklea,Yeerongpilly,Intersection - T-Junction,Operating traffic lights,60 km/h,Sealed - Dry,Daylight,Curved - view open,Vehicle Right-Turning At I/S (Or Drivewa,Out of control on curve,0,0,1,0,1,0,0,1,0,0,0,0
301902,Hospitalisation,2016,0,Rear-end,Multi-Vehicle,153.021604,-27.482375,Merivale St,Vulture St,South Brisbane,South Brisbane,Intersection - Y-Junction,Operating traffic lights,60 km/h,Sealed - Dry,Darkness - Lighted,Straight,Veh'S Same Direction: Rear End,Rear-end,0,2,0,0,2,3,0,0,0,0,0,0
301922,Medical treatment,2016,20,Fall from vehicle,Single Vehicle,153.004886,-27.594318,King Ave,Sherbrooke Rd,Willawong,Sunnybank,Intersection - Cross,Operating traffic lights,80 - 90 km/h,Sealed - Dry,Darkness - Lighted,Straight,Pass & Misc: Fell In/From Vehicle,Other,0,0,1,0,1,0,0,0,1,0,0,0
301924,Hospitalisation,2016,15,Angle,Multi-Vehicle,153.035485,-27.473188,Main St,,Kangaroo Point,South Brisbane,No Roadway Feature,Stop sign,60 km/h,Sealed - Dry,Daylight,Straight,Veh'S Manoeuvring: Other,Other,0,1,0,0,1,1,0,0,0,1,0,0
301925,Hospitalisation,2016,23,Angle,Multi-Vehicle,153.165404,-27.476166,Greencamp Rd,Manly Rd,Wakerley,Chatsworth,Intersection - T-Junction,Operating traffic lights,60 km/h,Sealed - Dry,Darkness - Lighted,Straight,Veh'S Adjacent Approach: Right-Right,Intersection from adjacent approaches,0,1,0,0,1,2,0,0,0,0,0,0
301942,Medical treatment,2016,7,Angle,Multi-Vehicle,153.071649,-27.461069,Algoori St,Thynne Rd,Morningside,Bulimba,Intersection - Cross,Give way sign,0 - 50 km/h,Sealed - Dry,Daylight,Straight,Veh'S Manoeuvring: Entering From Footway,Vehicle leaving driveway,0,0,1,0,1,1,0,0,0,1,0,0